image_path,patient_id,split,class_folder,bscan_label,eye,ext,score
CNV/3/OD/000_CNV.jpg,CNV-003,val,CNV,cnv,OD,.jpg,0.0007836133008822799
CNV/3/OD/001_CNV.jpg,CNV-003,val,CNV,cnv,OD,.jpg,0.0010141729144379497
CNV/3/OD/002_CNV.jpg,CNV-003,val,CNV,cnv,OD,.jpg,0.0009203116642311215
CNV/3/OD/003_CNV.jpg,CNV-003,val,CNV,cnv,OD,.jpg,0.0009361781412735581
CNV/3/OD/004_CNV.jpg,CNV-003,val,CNV,cnv,OD,.jpg,0.0010731152724474669
CNV/3/OD/005_CNV.jpg,CNV-003,val,CNV,cnv,OD,.jpg,0.001099520013667643
CNV/3/OD/006_CNV.jpg,CNV-003,val,CNV,cnv,OD,.jpg,0.0011175454128533602
CNV/3/OD/007_CNV.jpg,CNV-003,val,CNV,cnv,OD,.jpg,0.0011963528813794255
CNV/3/OD/008_CNV.jpg,CNV-003,val,CNV,cnv,OD,.jpg,0.0013704379089176655
CNV/3/OD/009_CNV.jpg,CNV-003,val,CNV,cnv,OD,.jpg,0.0013743590097874403
CNV/3/OD/010_CNV.jpg,CNV-003,val,CNV,cnv,OD,.jpg,0.001225036452524364
CNV/3/OD/011_CNV.jpg,CNV-003,val,CNV,cnv,OD,.jpg,0.0013729619095101953
CNV/3/OD/012_CNV.jpg,CNV-003,val,CNV,cnv,OD,.jpg,0.0015633091097697616
CNV/3/OD/013_CNV.jpg,CNV-003,val,CNV,cnv,OD,.jpg,0.001774802920408547
CNV/3/OD/014_CNV.jpg,CNV-003,val,CNV,cnv,OD,.jpg,0.0013975227484479547
CNV/3/OD/015_CNV.jpg,CNV-003,val,CNV,cnv,OD,.jpg,0.0013179527595639229
CNV/3/OD/016_CNV.jpg,CNV-003,val,CNV,cnv,OD,.jpg,0.001247805543243885
CNV/3/OD/017_CNV.jpg,CNV-003,val,CNV,cnv,OD,.jpg,0.0012446324108168483
CNV/3/OD/018_CNV.jpg,CNV-003,val,CNV,cnv,OD,.jpg,0.000961636658757925
CNV/3/OD/019_CNV.jpg,CNV-003,val,CNV,cnv,OD,.jpg,0.000940453726798296
CNV/3/OD/020_CNV.jpg,CNV-003,val,CNV,cnv,OD,.jpg,0.0010199042735621333
CNV/3/OD/021_CNV.jpg,CNV-003,val,CNV,cnv,OD,.jpg,0.0008559354464523494
CNV/3/OD/022_CNV.jpg,CNV-003,val,CNV,cnv,OD,.jpg,0.0008699459140188992
CNV/3/OD/023_CNV.jpg,CNV-003,val,CNV,cnv,OD,.jpg,0.0008126761531457305
CNV/3/OD/024_CNV.jpg,CNV-003,val,CNV,cnv,OD,.jpg,0.0008995137177407742
CNV/3/OD/025_CNV.jpg,CNV-003,val,CNV,cnv,OD,.jpg,0.0007019859622232616
CNV/3/OD/026_CNV.jpg,CNV-003,val,CNV,cnv,OD,.jpg,0.0006841821013949811
CNV/3/OD/027_CNV.jpg,CNV-003,val,CNV,cnv,OD,.jpg,0.0007043264922685921
CNV/3/OD/028_CNV.jpg,CNV-003,val,CNV,cnv,OD,.jpg,0.0007301695877686143
CNV/3/OD/029_CNV.jpg,CNV-003,val,CNV,cnv,OD,.jpg,0.0006957201985642314
CNV/3/OD/030_CNV.jpg,CNV-003,val,CNV,cnv,OD,.jpg,0.0006506238132715225
CNV/3/OS/000_CNV.jpg,CNV-003,val,CNV,cnv,OS,.jpg,0.001284065772779286
CNV/3/OS/001_CNV.jpg,CNV-003,val,CNV,cnv,OS,.jpg,0.0011962075950577855
CNV/3/OS/002_CNV.jpg,CNV-003,val,CNV,cnv,OS,.jpg,0.0011259876191616058
CNV/3/OS/003_CNV.jpg,CNV-003,val,CNV,cnv,OS,.jpg,0.0011007179273292422
CNV/3/OS/004_CNV.jpg,CNV-003,val,CNV,cnv,OS,.jpg,0.0012469119392335415
CNV/3/OS/005_CNV.jpg,CNV-003,val,CNV,cnv,OS,.jpg,0.0011281829793006182
CNV/3/OS/006_CNV.jpg,CNV-003,val,CNV,cnv,OS,.jpg,0.0014626906486228108
CNV/3/OS/007_CNV.jpg,CNV-003,val,CNV,cnv,OS,.jpg,0.0015127561055123806
CNV/3/OS/008_CNV.jpg,CNV-003,val,CNV,cnv,OS,.jpg,0.0012586237862706184
CNV/3/OS/009_CNV.jpg,CNV-003,val,CNV,cnv,OS,.jpg,0.001133487792685628
CNV/3/OS/010_CNV.jpg,CNV-003,val,CNV,cnv,OS,.jpg,0.0011722929775714874
CNV/3/OS/011_CNV.jpg,CNV-003,val,CNV,cnv,OS,.jpg,0.0012953352415934205
CNV/3/OS/012_CNV.jpg,CNV-003,val,CNV,cnv,OS,.jpg,0.0014376508770510554
CNV/3/OS/013_CNV.jpg,CNV-003,val,CNV,cnv,OS,.jpg,0.0011651169043034315
CNV/3/OS/014_CNV.jpg,CNV-003,val,CNV,cnv,OS,.jpg,0.0011592296650633216
CNV/3/OS/015_CNV.jpg,CNV-003,val,CNV,cnv,OS,.jpg,0.0010672223288565874
CNV/3/OS/016_CNV.jpg,CNV-003,val,CNV,cnv,OS,.jpg,0.001016950118355453
CNV/3/OS/017_CNV.jpg,CNV-003,val,CNV,cnv,OS,.jpg,0.0011615932453423738
CNV/3/OS/018_CNV.jpg,CNV-003,val,CNV,cnv,OS,.jpg,0.0011500234249979258
CNV/3/OS/019_CNV.jpg,CNV-003,val,CNV,cnv,OS,.jpg,0.001300560194067657
CNV/3/OS/020_CNV.jpg,CNV-003,val,CNV,cnv,OS,.jpg,0.0011732062557712197
CNV/3/OS/021_CNV.jpg,CNV-003,val,CNV,cnv,OS,.jpg,0.0012122911866754293
CNV/3/OS/022_CNV.jpg,CNV-003,val,CNV,cnv,OS,.jpg,0.0012700539082288742
CNV/3/OS/023_CNV.jpg,CNV-003,val,CNV,cnv,OS,.jpg,0.001253332826308906
CNV/3/OS/024_CNV.jpg,CNV-003,val,CNV,cnv,OS,.jpg,0.001176277524791658
CNV/3/OS/025_CNV.jpg,CNV-003,val,CNV,cnv,OS,.jpg,0.0012042805319651961
CNV/3/OS/026_CNV.jpg,CNV-003,val,CNV,cnv,OS,.jpg,0.0009824350709095597
CNV/3/OS/027_CNV.jpg,CNV-003,val,CNV,cnv,OS,.jpg,0.0008681495673954487
CNV/3/OS/028_CNV.jpg,CNV-003,val,CNV,cnv,OS,.jpg,0.0008795536705292761
CNV/4/000_Drusen.jpg,CNV-004,val,CNV,drusen,OD,.jpg,0.0004757186397910118
CNV/4/001_Normal.jpg,CNV-004,val,CNV,normal,OD,.jpg,0.00048707585665397346
CNV/4/002_Normal.jpg,CNV-004,val,CNV,normal,OD,.jpg,0.0005421863170340657
CNV/4/003_Normal.jpg,CNV-004,val,CNV,normal,OD,.jpg,0.0005259431200101972
CNV/4/004_Normal.jpg,CNV-004,val,CNV,normal,OD,.jpg,0.0006172644789330661
CNV/4/005_Normal.jpg,CNV-004,val,CNV,normal,OD,.jpg,0.0007906247046776116
CNV/4/006_Normal.jpg,CNV-004,val,CNV,normal,OD,.jpg,0.000942931161262095
CNV/4/007_Normal.jpg,CNV-004,val,CNV,normal,OD,.jpg,0.000964978476986289
CNV/4/008_Normal.jpg,CNV-004,val,CNV,normal,OD,.jpg,0.0009973235428333282
CNV/4/009_Drusen.jpg,CNV-004,val,CNV,drusen,OD,.jpg,0.000995543785393238
CNV/4/010_CNV.jpg,CNV-004,val,CNV,cnv,OD,.jpg,0.0011571674840524793
CNV/4/011_CNV.jpg,CNV-004,val,CNV,cnv,OD,.jpg,0.0011554691009223461
CNV/4/012_CNV.jpg,CNV-004,val,CNV,cnv,OD,.jpg,0.0014988214243203402
CNV/4/013_CNV.jpg,CNV-004,val,CNV,cnv,OD,.jpg,0.0012799486285075545
CNV/4/014_CNV.jpg,CNV-004,val,CNV,cnv,OD,.jpg,0.0012756387004628778
CNV/4/015_Drusen.jpg,CNV-004,val,CNV,drusen,OD,.jpg,0.0013500198256224394
CNV/4/016_Drusen.jpg,CNV-004,val,CNV,drusen,OD,.jpg,0.0015088444342836738
CNV/4/017_Drusen.jpg,CNV-004,val,CNV,drusen,OD,.jpg,0.0015218781773000956
CNV/4/018_Drusen.jpg,CNV-004,val,CNV,drusen,OD,.jpg,0.0016993676545098424
CNV/4/019_Drusen.jpg,CNV-004,val,CNV,drusen,OD,.jpg,0.0014431220479309559
CNV/4/020_Drusen.jpg,CNV-004,val,CNV,drusen,OD,.jpg,0.0012126939836889505
CNV/4/021_Drusen.jpg,CNV-004,val,CNV,drusen,OD,.jpg,0.0013855196302756667
CNV/4/022_Drusen.jpg,CNV-004,val,CNV,drusen,OD,.jpg,0.0012728876899927855
CNV/4/023_Drusen.jpg,CNV-004,val,CNV,drusen,OD,.jpg,0.0013423030031844974
CNV/4/024_Normal.jpg,CNV-004,val,CNV,normal,OD,.jpg,0.0012097869766876101
CNV/4/025_Normal.jpg,CNV-004,val,CNV,normal,OD,.jpg,0.0011087388265877962
CNV/4/026_Drusen.jpg,CNV-004,val,CNV,drusen,OD,.jpg,0.001368094701319933
CNV/4/027_Drusen.jpg,CNV-004,val,CNV,drusen,OD,.jpg,0.0012356728548184037
CNV/4/028_Drusen.jpg,CNV-004,val,CNV,drusen,OD,.jpg,0.001108190743252635
CNV/4/029_Drusen.jpg,CNV-004,val,CNV,drusen,OD,.jpg,0.0009959118906408548
CNV/4/030_Normal.jpg,CNV-004,val,CNV,normal,OD,.jpg,0.0011047677835449576
CNV/5/000_Normal.tif,CNV-005,val,CNV,normal,OD,.tif,0.0005749003030359745
CNV/5/001_Normal.tif,CNV-005,val,CNV,normal,OD,.tif,0.0005571393994614482
CNV/5/002_Normal.tif,CNV-005,val,CNV,normal,OD,.tif,0.000762463198043406
CNV/5/003_Normal.tif,CNV-005,val,CNV,normal,OD,.tif,0.0006294964114204049
CNV/5/004_Normal.tif,CNV-005,val,CNV,normal,OD,.tif,0.0006425222381949425
CNV/5/005_Normal.tif,CNV-005,val,CNV,normal,OD,.tif,0.0005968061741441488
CNV/5/006_Drusen.tif,CNV-005,val,CNV,drusen,OD,.tif,0.0007234943914227188
CNV/5/007_Drusen.tif,CNV-005,val,CNV,drusen,OD,.tif,0.0006929499795660377
CNV/5/008_CNV.tif,CNV-005,val,CNV,cnv,OD,.tif,0.0008727717213332653
CNV/5/009_CNV.tif,CNV-005,val,CNV,cnv,OD,.tif,0.0009615762974135578
CNV/5/010_CNV.tif,CNV-005,val,CNV,cnv,OD,.tif,0.0006885798065923154
CNV/5/011_CNV.tif,CNV-005,val,CNV,cnv,OD,.tif,0.0008622928289696574
CNV/5/012_CNV.tif,CNV-005,val,CNV,cnv,OD,.tif,0.0008838343783281744
CNV/5/013_CNV.tif,CNV-005,val,CNV,cnv,OD,.tif,0.0006315577775239944
CNV/5/014_CNV.tif,CNV-005,val,CNV,cnv,OD,.tif,0.0007220433326438069
CNV/5/015_CNV.tif,CNV-005,val,CNV,cnv,OD,.tif,0.0006819175905548036
CNV/5/016_CNV.tif,CNV-005,val,CNV,cnv,OD,.tif,0.0008496962836943567
CNV/5/017_CNV.tif,CNV-005,val,CNV,cnv,OD,.tif,0.0009172409772872925
CNV/5/018_CNV.tif,CNV-005,val,CNV,cnv,OD,.tif,0.0005085787852294743
CNV/5/019_CNV.tif,CNV-005,val,CNV,cnv,OD,.tif,0.0005766647518612444
CNV/5/020_Drusen.tif,CNV-005,val,CNV,drusen,OD,.tif,0.0006529584061354399
CNV/5/021_Normal.tif,CNV-005,val,CNV,normal,OD,.tif,0.000554306898266077
CNV/5/022_Normal.tif,CNV-005,val,CNV,normal,OD,.tif,0.0006647155969403684
CNV/5/023_Normal.tif,CNV-005,val,CNV,normal,OD,.tif,0.0006979139870963991
CNV/5/024_Normal.tif,CNV-005,val,CNV,normal,OD,.tif,0.0004967018612660468
CNV/5/025_Normal.tif,CNV-005,val,CNV,normal,OD,.tif,0.0006279860972426832
CNV/5/026_Normal.tif,CNV-005,val,CNV,normal,OD,.tif,0.0004944971296936274
CNV/5/027_Normal.tif,CNV-005,val,CNV,normal,OD,.tif,0.0006296936189755797
CNV/5/028_Normal.tif,CNV-005,val,CNV,normal,OD,.tif,0.0006669378490187228
CNV/5/029_Normal.tif,CNV-005,val,CNV,normal,OD,.tif,0.0007020761840976775
CNV/5/030_Normal.tif,CNV-005,val,CNV,normal,OD,.tif,0.0005292986752465367
CNV/8/000_Drusen.tif,CNV-008,val,CNV,drusen,OS,.tif,0.0005365506513044238
CNV/8/001_Drusen.tif,CNV-008,val,CNV,drusen,OS,.tif,0.0005666983197443187
CNV/8/002_Normal.tif,CNV-008,val,CNV,normal,OS,.tif,0.001050445600412786
CNV/8/003_Normal.tif,CNV-008,val,CNV,normal,OS,.tif,0.0012645602691918612
CNV/8/004_Normal.tif,CNV-008,val,CNV,normal,OS,.tif,0.0009826248278841376
CNV/8/005_Normal.tif,CNV-008,val,CNV,normal,OS,.tif,0.0009996122680604458
CNV/8/006_Normal.tif,CNV-008,val,CNV,normal,OS,.tif,0.0010398151353001595
CNV/8/007_Drusen.tif,CNV-008,val,CNV,drusen,OS,.tif,0.001236739568412304
CNV/8/008_Drusen.tif,CNV-008,val,CNV,drusen,OS,.tif,0.001121926004998386
CNV/8/009_Drusen.tif,CNV-008,val,CNV,drusen,OS,.tif,0.0009233581949956715
CNV/8/010_Drusen.tif,CNV-008,val,CNV,drusen,OS,.tif,0.0009178549516946077
CNV/8/011_Drusen.tif,CNV-008,val,CNV,drusen,OS,.tif,0.0008869534358382225
CNV/8/012_Drusen.tif,CNV-008,val,CNV,drusen,OS,.tif,0.0008978351834230125
CNV/8/013_CNV.tif,CNV-008,val,CNV,cnv,OS,.tif,0.0011324859224259853
CNV/8/014_Drusen.tif,CNV-008,val,CNV,drusen,OS,.tif,0.0009170750854536891
CNV/8/015_Drusen.tif,CNV-008,val,CNV,drusen,OS,.tif,0.0012414002558216453
CNV/8/016_Drusen.tif,CNV-008,val,CNV,drusen,OS,.tif,0.001445979462005198
CNV/8/017_Drusen.tif,CNV-008,val,CNV,drusen,OS,.tif,0.0011751845013350248
CNV/8/018_Drusen.tif,CNV-008,val,CNV,drusen,OS,.tif,0.0008294211002066731
CNV/8/019_Drusen.tif,CNV-008,val,CNV,drusen,OS,.tif,0.0010151800233870745
CNV/8/020_Drusen.tif,CNV-008,val,CNV,drusen,OS,.tif,0.0011307987151667476
CNV/8/021_Drusen.tif,CNV-008,val,CNV,drusen,OS,.tif,0.0012153289280831814
CNV/8/022_CNV.tif,CNV-008,val,CNV,cnv,OS,.tif,0.0015030569629743695
CNV/8/023_CNV.tif,CNV-008,val,CNV,cnv,OS,.tif,0.001529654604382813
CNV/8/024_CNV.tif,CNV-008,val,CNV,cnv,OS,.tif,0.0011911392211914062
CNV/8/025_CNV.tif,CNV-008,val,CNV,cnv,OS,.tif,0.001335612963885069
CNV/8/026_CNV.tif,CNV-008,val,CNV,cnv,OS,.tif,0.0016336191911250353
CNV/8/027_CNV.tif,CNV-008,val,CNV,cnv,OS,.tif,0.0018659713678061962
CNV/8/028_CNV.tif,CNV-008,val,CNV,cnv,OS,.tif,0.001763307605870068
CNV/8/029_Drusen.tif,CNV-008,val,CNV,drusen,OS,.tif,0.0016064068768173456
CNV/8/030_Drusen.tif,CNV-008,val,CNV,drusen,OS,.tif,0.0013150653103366494
CNV/9/000_Drusen.tif,CNV-009,val,CNV,drusen,OS,.tif,0.0011971475323662162
CNV/9/001_Drusen.tif,CNV-009,val,CNV,drusen,OS,.tif,0.0010622305562719703
CNV/9/002_Drusen.tif,CNV-009,val,CNV,drusen,OS,.tif,0.0016489612171426415
CNV/9/003_Drusen.tif,CNV-009,val,CNV,drusen,OS,.tif,0.0013487203978002071
CNV/9/004_Drusen.tif,CNV-009,val,CNV,drusen,OS,.tif,0.0012234544847160578
CNV/9/005_Drusen.tif,CNV-009,val,CNV,drusen,OS,.tif,0.001735294354148209
CNV/9/006_CNV.tif,CNV-009,val,CNV,cnv,OS,.tif,0.0005538222030736506
CNV/9/007_CNV.tif,CNV-009,val,CNV,cnv,OS,.tif,0.0011960818665102124
CNV/9/008_CNV.tif,CNV-009,val,CNV,cnv,OS,.tif,0.001240566372871399
CNV/9/009_CNV.tif,CNV-009,val,CNV,cnv,OS,.tif,0.0009249749127775431
CNV/9/010_CNV.tif,CNV-009,val,CNV,cnv,OS,.tif,0.0007006866508163512
CNV/9/011_CNV.tif,CNV-009,val,CNV,cnv,OS,.tif,0.0007385621429421008
CNV/9/012_CNV.tif,CNV-009,val,CNV,cnv,OS,.tif,0.0009400189155712724
CNV/9/013_CNV.tif,CNV-009,val,CNV,cnv,OS,.tif,0.0008879113593138754
CNV/9/014_CNV.tif,CNV-009,val,CNV,cnv,OS,.tif,0.0008958894177339971
CNV/9/015_CNV.tif,CNV-009,val,CNV,cnv,OS,.tif,0.0010561845265328884
CNV/9/016_CNV.tif,CNV-009,val,CNV,cnv,OS,.tif,0.0009140870533883572
CNV/9/017_CNV.tif,CNV-009,val,CNV,cnv,OS,.tif,0.0008737476891838014
CNV/9/018_CNV.tif,CNV-009,val,CNV,cnv,OS,.tif,0.0008774048183113337
CNV/9/019_CNV.tif,CNV-009,val,CNV,cnv,OS,.tif,0.0008969013579189777
CNV/9/020_Drusen.tif,CNV-009,val,CNV,drusen,OS,.tif,0.000892668729647994
CNV/9/021_Drusen.tif,CNV-009,val,CNV,drusen,OS,.tif,0.0008378258207812905
CNV/9/022_Drusen.tif,CNV-009,val,CNV,drusen,OS,.tif,0.0008402941166423261
CNV/9/023_Drusen.tif,CNV-009,val,CNV,drusen,OS,.tif,0.0009832140058279037
CNV/9/024_Drusen.tif,CNV-009,val,CNV,drusen,OS,.tif,0.0009275065385736525
CNV/9/025_Drusen.tif,CNV-009,val,CNV,drusen,OS,.tif,0.0008176263072527945
CNV/9/026_Drusen.tif,CNV-009,val,CNV,drusen,OS,.tif,0.000716798473149538
CNV/9/027_Drusen.tif,CNV-009,val,CNV,drusen,OS,.tif,0.0010374136036261916
CNV/9/028_Drusen.tif,CNV-009,val,CNV,drusen,OS,.tif,0.000885925255715847
CNV/9/029_Drusen.tif,CNV-009,val,CNV,drusen,OS,.tif,0.0010124410036951303
CNV/9/030_Drusen.tif,CNV-009,val,CNV,drusen,OS,.tif,0.0012330886675044894
CNV/10/OD/000_Normal.tif,CNV-010,val,CNV,normal,OD,.tif,0.0006985995569266379
CNV/10/OD/001_Normal.tif,CNV-010,val,CNV,normal,OD,.tif,0.0005681233596988022
CNV/10/OD/002_Normal.tif,CNV-010,val,CNV,normal,OD,.tif,0.0005115148960612714
CNV/10/OD/003_Normal.tif,CNV-010,val,CNV,normal,OD,.tif,0.0005644186167046428
CNV/10/OD/004_Normal.tif,CNV-010,val,CNV,normal,OD,.tif,0.0005820855731144547
CNV/10/OD/005_Normal.tif,CNV-010,val,CNV,normal,OD,.tif,0.0005764466477558017
CNV/10/OD/006_Normal.tif,CNV-010,val,CNV,normal,OD,.tif,0.0005756025202572346
CNV/10/OD/007_Normal.tif,CNV-010,val,CNV,normal,OD,.tif,0.0004830068501178175
CNV/10/OD/008_Normal.tif,CNV-010,val,CNV,normal,OD,.tif,0.0006023448659107089
CNV/10/OD/009_Drusen.tif,CNV-010,val,CNV,drusen,OD,.tif,0.0006501826574094594
CNV/10/OD/010_Drusen.tif,CNV-010,val,CNV,drusen,OD,.tif,0.0007636385853402317
CNV/10/OD/011_Drusen.tif,CNV-010,val,CNV,drusen,OD,.tif,0.0007241827552206814
CNV/10/OD/012_Drusen.tif,CNV-010,val,CNV,drusen,OD,.tif,0.0006980791804380715
CNV/10/OD/013_Drusen.tif,CNV-010,val,CNV,drusen,OD,.tif,0.0006570078548975289
CNV/10/OD/014_Drusen.tif,CNV-010,val,CNV,drusen,OD,.tif,0.0006218603230081499
CNV/10/OD/015_Drusen.tif,CNV-010,val,CNV,drusen,OD,.tif,0.0008102042484097183
CNV/10/OD/016_Drusen.tif,CNV-010,val,CNV,drusen,OD,.tif,0.000984475016593933
CNV/10/OD/017_Drusen.tif,CNV-010,val,CNV,drusen,OD,.tif,0.0009173190919682384
CNV/10/OD/018_Drusen.tif,CNV-010,val,CNV,drusen,OD,.tif,0.000754124135710299
CNV/10/OD/019_Drusen.tif,CNV-010,val,CNV,drusen,OD,.tif,0.0008715207222849131
CNV/10/OD/020_CNV.tif,CNV-010,val,CNV,cnv,OD,.tif,0.0007123787072487175
CNV/10/OD/021_CNV.tif,CNV-010,val,CNV,cnv,OD,.tif,0.0008132808725349605
CNV/10/OD/022_CNV.tif,CNV-010,val,CNV,cnv,OD,.tif,0.000890548515599221
CNV/10/OD/023_CNV.tif,CNV-010,val,CNV,cnv,OD,.tif,0.0009268791181966662
CNV/10/OD/024_CNV.tif,CNV-010,val,CNV,cnv,OD,.tif,0.0008656978607177734
CNV/10/OD/025_CNV.tif,CNV-010,val,CNV,cnv,OD,.tif,0.0009479065774939954
CNV/10/OD/026_CNV.tif,CNV-010,val,CNV,cnv,OD,.tif,0.0008694641292095184
CNV/10/OD/027_CNV.tif,CNV-010,val,CNV,cnv,OD,.tif,0.0007356241694651544
CNV/10/OD/028_CNV.tif,CNV-010,val,CNV,cnv,OD,.tif,0.0009834374068304896
CNV/10/OD/029_Drusen.tif,CNV-010,val,CNV,drusen,OD,.tif,0.0006838632398284972
CNV/10/OD/030_Normal.tif,CNV-010,val,CNV,normal,OD,.tif,0.0006584982038475573
CNV/10/OS/000_Normal.tif,CNV-010,val,CNV,normal,OS,.tif,0.0006202362710610032
CNV/10/OS/001_Normal.tif,CNV-010,val,CNV,normal,OS,.tif,0.0006041974411346018
CNV/10/OS/002_Normal.tif,CNV-010,val,CNV,normal,OS,.tif,0.0004235793312545866
CNV/10/OS/003_Normal.tif,CNV-010,val,CNV,normal,OS,.tif,0.0006482842145487666
CNV/10/OS/004_Normal.tif,CNV-010,val,CNV,normal,OS,.tif,0.0006417552358470857
CNV/10/OS/005_Normal.tif,CNV-010,val,CNV,normal,OS,.tif,0.0006188030238263309
CNV/10/OS/006_Normal.tif,CNV-010,val,CNV,normal,OS,.tif,0.00046263018157333136
CNV/10/OS/007_Normal.tif,CNV-010,val,CNV,normal,OS,.tif,0.0005398352514021099
CNV/10/OS/008_Normal.tif,CNV-010,val,CNV,normal,OS,.tif,0.0007678440306335688
CNV/10/OS/009_CNV.tif,CNV-010,val,CNV,cnv,OS,.tif,0.0006274211336858571
CNV/10/OS/010_CNV.tif,CNV-010,val,CNV,cnv,OS,.tif,0.0005548004410229623
CNV/10/OS/011_CNV.tif,CNV-010,val,CNV,cnv,OS,.tif,0.000646303640678525
CNV/10/OS/012_CNV.tif,CNV-010,val,CNV,cnv,OS,.tif,0.000705201702658087
CNV/10/OS/013_CNV.tif,CNV-010,val,CNV,cnv,OS,.tif,0.0007754282560199499
CNV/10/OS/014_CNV.tif,CNV-010,val,CNV,cnv,OS,.tif,0.0008563573355786502
CNV/10/OS/015_CNV.tif,CNV-010,val,CNV,cnv,OS,.tif,0.000702760589774698
CNV/10/OS/016_CNV.tif,CNV-010,val,CNV,cnv,OS,.tif,0.0008040578104555607
CNV/10/OS/017_CNV.tif,CNV-010,val,CNV,cnv,OS,.tif,0.0008463803096674383
CNV/10/OS/018_CNV.tif,CNV-010,val,CNV,cnv,OS,.tif,0.000927661603782326
CNV/10/OS/019_CNV.tif,CNV-010,val,CNV,cnv,OS,.tif,0.0006450566579587758
CNV/10/OS/020_CNV.tif,CNV-010,val,CNV,cnv,OS,.tif,0.000847151386551559
CNV/10/OS/021_CNV.tif,CNV-010,val,CNV,cnv,OS,.tif,0.000914917909540236
CNV/10/OS/022_CNV.tif,CNV-010,val,CNV,cnv,OS,.tif,0.0008562844013795257
CNV/10/OS/023_Normal.tif,CNV-010,val,CNV,normal,OS,.tif,0.001000401796773076
CNV/10/OS/024_Normal.tif,CNV-010,val,CNV,normal,OS,.tif,0.0010095481993630528
CNV/10/OS/025_Normal.tif,CNV-010,val,CNV,normal,OS,.tif,0.001438864623196423
CNV/10/OS/026_Normal.tif,CNV-010,val,CNV,normal,OS,.tif,0.0006946662906557322
CNV/10/OS/027_Normal.tif,CNV-010,val,CNV,normal,OS,.tif,0.0007498039049096406
CNV/10/OS/028_Normal.tif,CNV-010,val,CNV,normal,OS,.tif,0.0011503453133627772
CNV/10/OS/029_Normal.tif,CNV-010,val,CNV,normal,OS,.tif,0.0014989706687629223
CNV/10/OS/030_Normal.tif,CNV-010,val,CNV,normal,OS,.tif,0.001792196067981422
CNV/21/000_CNV.tif,CNV-021,val,CNV,cnv,OD,.tif,0.0010266226017847657
CNV/21/001_CNV.tif,CNV-021,val,CNV,cnv,OD,.tif,0.0008955869707278907
CNV/21/002_CNV.tif,CNV-021,val,CNV,cnv,OD,.tif,0.0009589717374183238
CNV/21/003_CNV.tif,CNV-021,val,CNV,cnv,OD,.tif,0.000992335844784975
CNV/21/004_CNV.tif,CNV-021,val,CNV,cnv,OD,.tif,0.0008531456696800888
CNV/21/005_CNV.tif,CNV-021,val,CNV,cnv,OD,.tif,0.001003362238407135
CNV/21/006_CNV.tif,CNV-021,val,CNV,cnv,OD,.tif,0.0009083585464395583
CNV/21/007_CNV.tif,CNV-021,val,CNV,cnv,OD,.tif,0.0008984978776425123
CNV/21/008_CNV.tif,CNV-021,val,CNV,cnv,OD,.tif,0.0009780020918697119
CNV/21/009_CNV.tif,CNV-021,val,CNV,cnv,OD,.tif,0.0009834872325882316
CNV/21/010_CNV.tif,CNV-021,val,CNV,cnv,OD,.tif,0.000936769531108439
CNV/21/011_CNV.tif,CNV-021,val,CNV,cnv,OD,.tif,0.000805717776529491
CNV/21/012_CNV.tif,CNV-021,val,CNV,cnv,OD,.tif,0.00093456992181018
CNV/21/013_CNV.tif,CNV-021,val,CNV,cnv,OD,.tif,0.0008841221570037305
CNV/21/014_CNV.tif,CNV-021,val,CNV,cnv,OD,.tif,0.001006843289360404
CNV/21/015_CNV.tif,CNV-021,val,CNV,cnv,OD,.tif,0.000994396978057921
CNV/21/016_CNV.tif,CNV-021,val,CNV,cnv,OD,.tif,0.00099127774592489
CNV/21/017_CNV.tif,CNV-021,val,CNV,cnv,OD,.tif,0.000996822607703507
CNV/21/018_CNV.tif,CNV-021,val,CNV,cnv,OD,.tif,0.0010959896026179194
CNV/21/019_CNV.tif,CNV-021,val,CNV,cnv,OD,.tif,0.0011080976109951735
CNV/21/020_CNV.tif,CNV-021,val,CNV,cnv,OD,.tif,0.0010402757907286286
CNV/21/021_CNV.tif,CNV-021,val,CNV,cnv,OD,.tif,0.0006779570248909295
CNV/21/022_CNV.tif,CNV-021,val,CNV,cnv,OD,.tif,0.0010964274406433105
CNV/21/023_CNV.tif,CNV-021,val,CNV,cnv,OD,.tif,0.0009060894371941686
CNV/21/024_CNV.tif,CNV-021,val,CNV,cnv,OD,.tif,0.0009045318001881242
CNV/21/025_CNV.tif,CNV-021,val,CNV,cnv,OD,.tif,0.0009735762141644955
CNV/21/026_CNV.tif,CNV-021,val,CNV,cnv,OD,.tif,0.0006399320554919541
CNV/21/027_CNV.tif,CNV-021,val,CNV,cnv,OD,.tif,0.0005647076177410781
CNV/21/028_CNV.tif,CNV-021,val,CNV,cnv,OD,.tif,0.0005590317887254059
CNV/21/029_CNV.tif,CNV-021,val,CNV,cnv,OD,.tif,0.0005911248154006898
CNV/21/030_CNV.tif,CNV-021,val,CNV,cnv,OD,.tif,0.000679654476698488
CNV/25/000_Normal.tif,CNV-025,val,CNV,normal,OS,.tif,0.0008065247093327343
CNV/25/001_Normal.tif,CNV-025,val,CNV,normal,OS,.tif,0.0008509060135111213
CNV/25/002_Normal.tif,CNV-025,val,CNV,normal,OS,.tif,0.0008409917936660349
CNV/25/003_Normal.tif,CNV-025,val,CNV,normal,OS,.tif,0.0008099738624878228
CNV/25/004_Normal.tif,CNV-025,val,CNV,normal,OS,.tif,0.0008680640021339059
CNV/25/005_Normal.tif,CNV-025,val,CNV,normal,OS,.tif,0.000953424081671983
CNV/25/006_Normal.tif,CNV-025,val,CNV,normal,OS,.tif,0.0008251107065007091
CNV/25/007_Normal.tif,CNV-025,val,CNV,normal,OS,.tif,0.0007367653888650239
CNV/25/008_Normal.tif,CNV-025,val,CNV,normal,OS,.tif,0.0007341218879446387
CNV/25/009_Normal.tif,CNV-025,val,CNV,normal,OS,.tif,0.0007455144077539444
CNV/25/010_Normal.tif,CNV-025,val,CNV,normal,OS,.tif,0.0007769063813611865
CNV/25/011_Drusen.tif,CNV-025,val,CNV,drusen,OS,.tif,0.0006936016143299639
CNV/25/012_Drusen.tif,CNV-025,val,CNV,drusen,OS,.tif,0.000653427152428776
CNV/25/013_Drusen.tif,CNV-025,val,CNV,drusen,OS,.tif,0.0007107312558218837
CNV/25/014_Drusen.tif,CNV-025,val,CNV,drusen,OS,.tif,0.0007617737865075469
CNV/25/015_Drusen.tif,CNV-025,val,CNV,drusen,OS,.tif,0.000835323182400316
CNV/25/016_CNV.tif,CNV-025,val,CNV,cnv,OS,.tif,0.0007836620206944644
CNV/25/017_CNV.tif,CNV-025,val,CNV,cnv,OS,.tif,0.0007514025783166289
CNV/25/018_CNV.tif,CNV-025,val,CNV,cnv,OS,.tif,0.0008046147413551807
CNV/25/019_CNV.tif,CNV-025,val,CNV,cnv,OS,.tif,0.0007844928768463433
CNV/25/020_CNV.tif,CNV-025,val,CNV,cnv,OS,.tif,0.0007792793330736458
CNV/25/021_CNV.tif,CNV-025,val,CNV,cnv,OS,.tif,0.0006228881538845599
CNV/25/022_Drusen.tif,CNV-025,val,CNV,drusen,OS,.tif,0.0005778935737907887
CNV/25/023_Drusen.tif,CNV-025,val,CNV,drusen,OS,.tif,0.0005897959927096963
CNV/25/024_Normal.tif,CNV-025,val,CNV,normal,OS,.tif,0.0005678568850271404
CNV/25/025_Normal.tif,CNV-025,val,CNV,normal,OS,.tif,0.0005890351603738964
CNV/25/026_Normal.tif,CNV-025,val,CNV,normal,OS,.tif,0.0006934103439562023
CNV/25/027_Normal.tif,CNV-025,val,CNV,normal,OS,.tif,0.0007196824299171567
CNV/25/028_Normal.tif,CNV-025,val,CNV,normal,OS,.tif,0.0007069137063808739
CNV/25/029_Normal.tif,CNV-025,val,CNV,normal,OS,.tif,0.0007816387806087732
CNV/25/030_Normal.tif,CNV-025,val,CNV,normal,OS,.tif,0.0008246117504313588
CNV/26/000_Drusen.tif,CNV-026,val,CNV,drusen,OD,.tif,0.000793222978245467
CNV/26/001_Drusen.tif,CNV-026,val,CNV,drusen,OD,.tif,0.0006465218611992896
CNV/26/002_Drusen.tif,CNV-026,val,CNV,drusen,OD,.tif,0.0006440120632760227
CNV/26/003_Drusen.tif,CNV-026,val,CNV,drusen,OD,.tif,0.0007414859719574451
CNV/26/004_Drusen.tif,CNV-026,val,CNV,drusen,OD,.tif,0.0007204622961580753
CNV/26/005_Drusen.tif,CNV-026,val,CNV,drusen,OD,.tif,0.0006916928687132895
CNV/26/006_Drusen.tif,CNV-026,val,CNV,drusen,OD,.tif,0.000734885863494128
CNV/26/007_Drusen.tif,CNV-026,val,CNV,drusen,OD,.tif,0.0007458598120138049
CNV/26/008_Drusen.tif,CNV-026,val,CNV,drusen,OD,.tif,0.0006872804369777441
CNV/26/009_Drusen.tif,CNV-026,val,CNV,drusen,OD,.tif,0.0007938636699691415
CNV/26/010_Drusen.tif,CNV-026,val,CNV,drusen,OD,.tif,0.0007902332581579685
CNV/26/011_CNV.tif,CNV-026,val,CNV,cnv,OD,.tif,0.0008150214562192559
CNV/26/012_CNV.tif,CNV-026,val,CNV,cnv,OD,.tif,0.0007362499600276351
CNV/26/013_CNV.tif,CNV-026,val,CNV,cnv,OD,.tif,0.0008482696139253676
CNV/26/014_CNV.tif,CNV-026,val,CNV,cnv,OD,.tif,0.0008595149265602231
CNV/26/015_CNV.tif,CNV-026,val,CNV,cnv,OD,.tif,0.0008906691218726337
CNV/26/016_CNV.tif,CNV-026,val,CNV,cnv,OD,.tif,0.0008719025063328445
CNV/26/017_CNV.tif,CNV-026,val,CNV,cnv,OD,.tif,0.0008751286077313125
CNV/26/018_CNV.tif,CNV-026,val,CNV,cnv,OD,.tif,0.0008656407590024173
CNV/26/019_CNV.tif,CNV-026,val,CNV,cnv,OD,.tif,0.0008120580459944904
CNV/26/020_CNV.tif,CNV-026,val,CNV,cnv,OD,.tif,0.0008788600680418313
CNV/26/021_CNV.tif,CNV-026,val,CNV,cnv,OD,.tif,0.0009054606780409813
CNV/26/022_CNV.tif,CNV-026,val,CNV,cnv,OD,.tif,0.0008527048048563302
CNV/26/023_Drusen.tif,CNV-026,val,CNV,drusen,OD,.tif,0.0008239602902904153
CNV/26/024_Drusen.tif,CNV-026,val,CNV,drusen,OD,.tif,0.0008266600198112428
CNV/26/025_Drusen.tif,CNV-026,val,CNV,drusen,OD,.tif,0.000698922376614064
CNV/26/026_Drusen.tif,CNV-026,val,CNV,drusen,OD,.tif,0.0007537772180512547
CNV/26/027_Drusen.tif,CNV-026,val,CNV,drusen,OD,.tif,0.0007203907007351518
CNV/26/028_Drusen.tif,CNV-026,val,CNV,drusen,OD,.tif,0.0006928176153451204
CNV/26/029_Drusen.tif,CNV-026,val,CNV,drusen,OD,.tif,0.0006409275229088962
CNV/26/030_Drusen.tif,CNV-026,val,CNV,drusen,OD,.tif,0.0006648123962804675
CNV/34/000_Normal.tif,CNV-034,val,CNV,normal,OS,.tif,0.0006184999947436154
CNV/34/001_Normal.tif,CNV-034,val,CNV,normal,OS,.tif,0.0011543716536834836
CNV/34/002_Normal.tif,CNV-034,val,CNV,normal,OS,.tif,0.0010341521119698882
CNV/34/003_Normal.tif,CNV-034,val,CNV,normal,OS,.tif,0.0011844952823594213
CNV/34/004_Normal.tif,CNV-034,val,CNV,normal,OS,.tif,0.0011325227096676826
CNV/34/005_Normal.tif,CNV-034,val,CNV,normal,OS,.tif,0.0014364769449457526
CNV/34/006_Normal.tif,CNV-034,val,CNV,normal,OS,.tif,0.001327289268374443
CNV/34/007_Normal.tif,CNV-034,val,CNV,normal,OS,.tif,0.0012946162605658174
CNV/34/008_Normal.tif,CNV-034,val,CNV,normal,OS,.tif,0.0013734272215515375
CNV/34/009_Normal.tif,CNV-034,val,CNV,normal,OS,.tif,0.0013869971735402942
CNV/34/010_Drusen.tif,CNV-034,val,CNV,drusen,OS,.tif,0.0015928723150864244
CNV/34/011_Drusen.tif,CNV-034,val,CNV,drusen,OS,.tif,0.0016405852511525154
CNV/34/012_CNV.tif,CNV-034,val,CNV,cnv,OS,.tif,0.0013839509338140488
CNV/34/013_CNV.tif,CNV-034,val,CNV,cnv,OS,.tif,0.0014102174900472164
CNV/34/014_CNV.tif,CNV-034,val,CNV,cnv,OS,.tif,0.0013507128460332751
CNV/34/015_CNV.tif,CNV-034,val,CNV,cnv,OS,.tif,0.0012707588030025363
CNV/34/016_CNV.tif,CNV-034,val,CNV,cnv,OS,.tif,0.001181527622975409
CNV/34/017_CNV.tif,CNV-034,val,CNV,cnv,OS,.tif,0.0011548076290637255
CNV/34/018_CNV.tif,CNV-034,val,CNV,cnv,OS,.tif,0.0010365972993895411
CNV/34/019_CNV.tif,CNV-034,val,CNV,cnv,OS,.tif,0.0008960016421042383
CNV/34/020_Drusen.tif,CNV-034,val,CNV,drusen,OS,.tif,0.0007992488681338727
CNV/34/021_Drusen.tif,CNV-034,val,CNV,drusen,OS,.tif,0.0008443327969871461
CNV/34/022_Drusen.tif,CNV-034,val,CNV,drusen,OS,.tif,0.0008789689163677394
CNV/34/023_Drusen.tif,CNV-034,val,CNV,drusen,OS,.tif,0.0007369165541604161
CNV/34/024_Drusen.tif,CNV-034,val,CNV,drusen,OS,.tif,0.0007511625299230218
CNV/34/025_Drusen.tif,CNV-034,val,CNV,drusen,OS,.tif,0.0007845608633942902
CNV/34/026_Drusen.tif,CNV-034,val,CNV,drusen,OS,.tif,0.0007728880154900253
CNV/34/027_Normal.tif,CNV-034,val,CNV,normal,OS,.tif,0.0007966385455802083
CNV/34/028_Normal.tif,CNV-034,val,CNV,normal,OS,.tif,0.0008003757102414966
CNV/34/029_Normal.tif,CNV-034,val,CNV,normal,OS,.tif,0.000979892909526825
CNV/34/030_Normal.tif,CNV-034,val,CNV,normal,OS,.tif,0.001050925231538713
CNV/38/000_CNV.tif,CNV-038,val,CNV,cnv,OD,.tif,0.0011549927294254303
CNV/38/001_CNV.tif,CNV-038,val,CNV,cnv,OD,.tif,0.0012841909192502499
CNV/38/002_CNV.tif,CNV-038,val,CNV,cnv,OD,.tif,0.0012554043205454946
CNV/38/003_CNV.tif,CNV-038,val,CNV,cnv,OD,.tif,0.0012226486578583717
CNV/38/004_CNV.tif,CNV-038,val,CNV,cnv,OD,.tif,0.001544573693536222
CNV/38/005_CNV.tif,CNV-038,val,CNV,cnv,OD,.tif,0.0017212620005011559
CNV/38/006_CNV.tif,CNV-038,val,CNV,cnv,OD,.tif,0.0018699831562116742
CNV/38/007_CNV.tif,CNV-038,val,CNV,cnv,OD,.tif,0.0015101016033440828
CNV/38/008_CNV.tif,CNV-038,val,CNV,cnv,OD,.tif,0.0011354361195117235
CNV/38/009_CNV.tif,CNV-038,val,CNV,cnv,OD,.tif,0.000938070472329855
CNV/38/010_CNV.tif,CNV-038,val,CNV,cnv,OD,.tif,0.0009026394691318274
CNV/38/011_CNV.tif,CNV-038,val,CNV,cnv,OD,.tif,0.0008657634607516229
CNV/38/012_CNV.tif,CNV-038,val,CNV,cnv,OD,.tif,0.0012290506856516004
CNV/38/013_CNV.tif,CNV-038,val,CNV,cnv,OD,.tif,0.0011535331141203642
CNV/38/014_CNV.tif,CNV-038,val,CNV,cnv,OD,.tif,0.0015428430633619428
CNV/38/015_CNV.tif,CNV-038,val,CNV,cnv,OD,.tif,0.0017439223593100905
CNV/38/016_CNV.tif,CNV-038,val,CNV,cnv,OD,.tif,0.0018578312592580914
CNV/38/017_CNV.tif,CNV-038,val,CNV,cnv,OD,.tif,0.0014313732972368598
CNV/38/018_CNV.tif,CNV-038,val,CNV,cnv,OD,.tif,0.0018714448669925332
CNV/38/019_CNV.tif,CNV-038,val,CNV,cnv,OD,.tif,0.00238900282420218
CNV/38/020_CNV.tif,CNV-038,val,CNV,cnv,OD,.tif,0.0019281600834801793
CNV/38/021_CNV.tif,CNV-038,val,CNV,cnv,OD,.tif,0.0016750097274780273
CNV/38/022_CNV.tif,CNV-038,val,CNV,cnv,OD,.tif,0.0023797189351171255
CNV/38/023_CNV.tif,CNV-038,val,CNV,cnv,OD,.tif,0.0022318921983242035
CNV/38/024_Drusen.tif,CNV-038,val,CNV,drusen,OD,.tif,0.0020885139238089323
CNV/39/000_Normal.tif,CNV-039,val,CNV,normal,OD,.tif,0.0009248316055163741
CNV/39/001_Normal.tif,CNV-039,val,CNV,normal,OD,.tif,0.0009524491615593433
CNV/39/002_Normal.tif,CNV-039,val,CNV,normal,OD,.tif,0.0009139119065366685
CNV/39/003_Normal.tif,CNV-039,val,CNV,normal,OD,.tif,0.0006297517102211714
CNV/39/004_Normal.tif,CNV-039,val,CNV,normal,OD,.tif,0.0005569279892370105
CNV/39/005_Normal.tif,CNV-039,val,CNV,normal,OD,.tif,0.0005707236705347896
CNV/39/006_Normal.tif,CNV-039,val,CNV,normal,OD,.tif,0.0005569024942815304
CNV/39/007_Normal.tif,CNV-039,val,CNV,normal,OD,.tif,0.0005920258117839694
CNV/39/008_CNV.tif,CNV-039,val,CNV,cnv,OD,.tif,0.000595932942815125
CNV/39/009_CNV.tif,CNV-039,val,CNV,cnv,OD,.tif,0.0004549607983790338
CNV/39/010_CNV.tif,CNV-039,val,CNV,cnv,OD,.tif,0.000577885250095278
CNV/39/011_CNV.tif,CNV-039,val,CNV,cnv,OD,.tif,0.000680502038449049
CNV/39/012_CNV.tif,CNV-039,val,CNV,cnv,OD,.tif,0.0006047221249900758
CNV/39/013_CNV.tif,CNV-039,val,CNV,cnv,OD,.tif,0.0007108074496500194
CNV/39/014_CNV.tif,CNV-039,val,CNV,cnv,OD,.tif,0.0006742790574207902
CNV/39/015_CNV.tif,CNV-039,val,CNV,cnv,OD,.tif,0.0006944731576368213
CNV/39/016_CNV.tif,CNV-039,val,CNV,cnv,OD,.tif,0.0006726416759192944
CNV/39/017_CNV.tif,CNV-039,val,CNV,cnv,OD,.tif,0.0006358938990160823
CNV/39/018_CNV.tif,CNV-039,val,CNV,cnv,OD,.tif,0.0006278195069171488
CNV/39/019_CNV.tif,CNV-039,val,CNV,cnv,OD,.tif,0.0005206974456086755
CNV/39/020_CNV.tif,CNV-039,val,CNV,cnv,OD,.tif,0.0005547456676140428
CNV/39/021_Drusen.tif,CNV-039,val,CNV,drusen,OD,.tif,0.0006282279500737786
CNV/39/022_Drusen.tif,CNV-039,val,CNV,drusen,OD,.tif,0.0006067603826522827
CNV/39/023_Drusen.tif,CNV-039,val,CNV,drusen,OD,.tif,0.0005139696295373142
CNV/39/024_Normal.tif,CNV-039,val,CNV,normal,OD,.tif,0.0006085791392251849
CNV/39/025_Normal.tif,CNV-039,val,CNV,normal,OD,.tif,0.00065003358758986
CNV/39/026_Normal.tif,CNV-039,val,CNV,normal,OD,.tif,0.0006767155136913061
CNV/39/027_Normal.tif,CNV-039,val,CNV,normal,OD,.tif,0.0006127952947281301
CNV/39/028_Drusen.tif,CNV-039,val,CNV,drusen,OD,.tif,0.000708341714926064
CNV/39/029_Normal.tif,CNV-039,val,CNV,normal,OD,.tif,0.0006863869493827224
CNV/39/030_Normal.tif,CNV-039,val,CNV,normal,OD,.tif,0.0006262505776248872
CNV/47/000_Normal.tif,CNV-047,val,CNV,normal,OS,.tif,0.0013884464278817177
CNV/47/001_Normal.tif,CNV-047,val,CNV,normal,OS,.tif,0.0014224728802219033
CNV/47/002_Normal.tif,CNV-047,val,CNV,normal,OS,.tif,0.0012409441405907273
CNV/47/003_Normal.tif,CNV-047,val,CNV,normal,OS,.tif,0.0013074660673737526
CNV/47/004_Normal.tif,CNV-047,val,CNV,normal,OS,.tif,0.001212078146636486
CNV/47/005_Drusen.tif,CNV-047,val,CNV,drusen,OS,.tif,0.0013080325443297625
CNV/47/006_Drusen.tif,CNV-047,val,CNV,drusen,OS,.tif,0.001293388195335865
CNV/47/007_CNV.tif,CNV-047,val,CNV,cnv,OS,.tif,0.0013410664396360517
CNV/47/008_CNV.tif,CNV-047,val,CNV,cnv,OS,.tif,0.0014094795333221555
CNV/47/009_CNV.tif,CNV-047,val,CNV,cnv,OS,.tif,0.001317470334470272
CNV/47/010_CNV.tif,CNV-047,val,CNV,cnv,OS,.tif,0.0016499124467372894
CNV/47/011_CNV.tif,CNV-047,val,CNV,cnv,OS,.tif,0.0016436314908787608
CNV/47/012_CNV.tif,CNV-047,val,CNV,cnv,OS,.tif,0.0015716910129413009
CNV/47/013_CNV.tif,CNV-047,val,CNV,cnv,OS,.tif,0.001669665682129562
CNV/47/014_CNV.tif,CNV-047,val,CNV,cnv,OS,.tif,0.0016017626039683819
CNV/47/015_CNV.tif,CNV-047,val,CNV,cnv,OS,.tif,0.0013770184013992548
CNV/47/016_CNV.tif,CNV-047,val,CNV,cnv,OS,.tif,0.0013866223162040114
CNV/47/017_CNV.tif,CNV-047,val,CNV,cnv,OS,.tif,0.0013160782400518656
CNV/47/018_CNV.tif,CNV-047,val,CNV,cnv,OS,.tif,0.0013479278422892094
CNV/47/019_CNV.tif,CNV-047,val,CNV,cnv,OS,.tif,0.0013522845692932606
CNV/47/020_CNV.tif,CNV-047,val,CNV,cnv,OS,.tif,0.001273724832572043
CNV/47/021_CNV.tif,CNV-047,val,CNV,cnv,OS,.tif,0.0012761662947013974
CNV/47/022_CNV.tif,CNV-047,val,CNV,cnv,OS,.tif,0.0011853341711685061
CNV/47/023_CNV.tif,CNV-047,val,CNV,cnv,OS,.tif,0.0015715049812570214
CNV/47/024_Drusen.tif,CNV-047,val,CNV,drusen,OS,.tif,0.0011340101482346654
CNV/47/025_Normal.tif,CNV-047,val,CNV,normal,OS,.tif,0.0011447723954916
CNV/47/026_Normal.tif,CNV-047,val,CNV,normal,OS,.tif,0.000979746924713254
CNV/47/027_Normal.tif,CNV-047,val,CNV,normal,OS,.tif,0.0006999431643635035
CNV/47/028_Normal.tif,CNV-047,val,CNV,normal,OS,.tif,0.0007340355077758431
CNV/47/029_Normal.tif,CNV-047,val,CNV,normal,OS,.tif,0.0008240658207796514
CNV/47/030_Normal.tif,CNV-047,val,CNV,normal,OS,.tif,0.0006994298310019076
CNV/51/000_Drusen.tif,CNV-051,val,CNV,drusen,OD,.tif,0.0016225860454142094
CNV/51/001_Drusen.tif,CNV-051,val,CNV,drusen,OD,.tif,0.0016945910174399614
CNV/51/002_Drusen.tif,CNV-051,val,CNV,drusen,OD,.tif,0.0017916641663759947
CNV/51/003_Drusen.tif,CNV-051,val,CNV,drusen,OD,.tif,0.0012076572747901082
CNV/51/004_Drusen.tif,CNV-051,val,CNV,drusen,OD,.tif,0.0010939049534499645
CNV/51/005_Drusen.tif,CNV-051,val,CNV,drusen,OD,.tif,0.0007265445892699063
CNV/51/006_Drusen.tif,CNV-051,val,CNV,drusen,OD,.tif,0.0007659934344701469
CNV/51/007_Drusen.tif,CNV-051,val,CNV,drusen,OD,.tif,0.000764326483476907
CNV/51/008_CNV.tif,CNV-051,val,CNV,cnv,OD,.tif,0.000733555993065238
CNV/51/009_CNV.tif,CNV-051,val,CNV,cnv,OD,.tif,0.0007669185870327055
CNV/51/010_CNV.tif,CNV-051,val,CNV,cnv,OD,.tif,0.000792250270023942
CNV/51/011_CNV.tif,CNV-051,val,CNV,cnv,OD,.tif,0.0008049579919315875
CNV/51/012_CNV.tif,CNV-051,val,CNV,cnv,OD,.tif,0.0009408732294104993
CNV/51/013_CNV.tif,CNV-051,val,CNV,cnv,OD,.tif,0.0008432093309238553
CNV/51/014_CNV.tif,CNV-051,val,CNV,cnv,OD,.tif,0.0008974606753326952
CNV/51/015_CNV.tif,CNV-051,val,CNV,cnv,OD,.tif,0.0009839559206739068
CNV/51/016_CNV.tif,CNV-051,val,CNV,cnv,OD,.tif,0.0008370430441573262
CNV/51/017_CNV.tif,CNV-051,val,CNV,cnv,OD,.tif,0.0008223120239563286
CNV/51/018_CNV.tif,CNV-051,val,CNV,cnv,OD,.tif,0.0007474658195860684
CNV/51/019_CNV.tif,CNV-051,val,CNV,cnv,OD,.tif,0.0008303700597025454
CNV/51/020_CNV.tif,CNV-051,val,CNV,cnv,OD,.tif,0.0008351649739779532
CNV/51/021_CNV.tif,CNV-051,val,CNV,cnv,OD,.tif,0.0008020533132366836
CNV/51/022_CNV.tif,CNV-051,val,CNV,cnv,OD,.tif,0.0009427366894669831
CNV/51/023_CNV.tif,CNV-051,val,CNV,cnv,OD,.tif,0.0009329453459940851
CNV/51/024_CNV.tif,CNV-051,val,CNV,cnv,OD,.tif,0.0009343427955172956
CNV/51/025_CNV.tif,CNV-051,val,CNV,cnv,OD,.tif,0.0009925496997311711
CNV/51/026_CNV.tif,CNV-051,val,CNV,cnv,OD,.tif,0.0010395278222858906
CNV/51/027_CNV.tif,CNV-051,val,CNV,cnv,OD,.tif,0.0008760167402215302
CNV/51/028_CNV.tif,CNV-051,val,CNV,cnv,OD,.tif,0.0008750429842621088
CNV/51/029_Drusen.tif,CNV-051,val,CNV,drusen,OD,.tif,0.0008126416360028088
CNV/51/030_Drusen.tif,CNV-051,val,CNV,drusen,OD,.tif,0.0007983173709362745
CNV/53/OD/000_Normal.tif,CNV-053,val,CNV,normal,OD,.tif,0.0006800625124014914
CNV/53/OD/001_Drusen.tif,CNV-053,val,CNV,drusen,OD,.tif,0.0007105809636414051
CNV/53/OD/002_Drusen.tif,CNV-053,val,CNV,drusen,OD,.tif,0.0006747515290044248
CNV/53/OD/003_Drusen.tif,CNV-053,val,CNV,drusen,OD,.tif,0.0006412144866771996
CNV/53/OD/004_Drusen.tif,CNV-053,val,CNV,drusen,OD,.tif,0.0005996767431497574
CNV/53/OD/005_Drusen.tif,CNV-053,val,CNV,drusen,OD,.tif,0.0007292790105566382
CNV/53/OD/006_Drusen.tif,CNV-053,val,CNV,drusen,OD,.tif,0.0007486085523851216
CNV/53/OD/007_Drusen.tif,CNV-053,val,CNV,drusen,OD,.tif,0.0008508397149853408
CNV/53/OD/008_Drusen.tif,CNV-053,val,CNV,drusen,OD,.tif,0.0008024710114113986
CNV/53/OD/009_CNV.tif,CNV-053,val,CNV,cnv,OD,.tif,0.0009079727460630238
CNV/53/OD/010_CNV.tif,CNV-053,val,CNV,cnv,OD,.tif,0.0008979940321296453
CNV/53/OD/011_CNV.tif,CNV-053,val,CNV,cnv,OD,.tif,0.0009228921262547374
CNV/53/OD/012_CNV.tif,CNV-053,val,CNV,cnv,OD,.tif,0.0009468556381762028
CNV/53/OD/013_CNV.tif,CNV-053,val,CNV,cnv,OD,.tif,0.0008969844784587622
CNV/53/OD/014_CNV.tif,CNV-053,val,CNV,cnv,OD,.tif,0.0008557734545320272
CNV/53/OD/015_CNV.tif,CNV-053,val,CNV,cnv,OD,.tif,0.0007904949598014355
CNV/53/OD/016_CNV.tif,CNV-053,val,CNV,cnv,OD,.tif,0.0008630483062006533
CNV/53/OD/017_CNV.tif,CNV-053,val,CNV,cnv,OD,.tif,0.0007084925891831517
CNV/53/OD/018_Drusen.tif,CNV-053,val,CNV,drusen,OD,.tif,0.0007029995322227478
CNV/53/OD/019_Drusen.tif,CNV-053,val,CNV,drusen,OD,.tif,0.0007262834697030485
CNV/53/OD/020_Drusen.tif,CNV-053,val,CNV,drusen,OD,.tif,0.0005566945183090866
CNV/53/OD/021_Drusen.tif,CNV-053,val,CNV,drusen,OD,.tif,0.0006511450628750026
CNV/53/OD/022_Drusen.tif,CNV-053,val,CNV,drusen,OD,.tif,0.0005664159543812275
CNV/53/OD/023_Drusen.tif,CNV-053,val,CNV,drusen,OD,.tif,0.0005805842229165137
CNV/53/OD/024_Drusen.tif,CNV-053,val,CNV,drusen,OD,.tif,0.0005872342153452337
CNV/53/OD/025_Drusen.tif,CNV-053,val,CNV,drusen,OD,.tif,0.000589081144426018
CNV/53/OD/026_Drusen.tif,CNV-053,val,CNV,drusen,OD,.tif,0.0006666451226919889
CNV/53/OD/027_Drusen.tif,CNV-053,val,CNV,drusen,OD,.tif,0.0006907533388584852
CNV/53/OD/028_Drusen.tif,CNV-053,val,CNV,drusen,OD,.tif,0.0006853930535726249
CNV/53/OD/029_Normal.tif,CNV-053,val,CNV,normal,OD,.tif,0.0006096438737586141
CNV/53/OD/030_Normal.tif,CNV-053,val,CNV,normal,OD,.tif,0.0006847919430583715
CNV/53/OS/000_Normal.tif,CNV-053,val,CNV,normal,OS,.tif,0.0008588215569034219
CNV/53/OS/001_Normal.tif,CNV-053,val,CNV,normal,OS,.tif,0.0007301892037503421
CNV/53/OS/002_Drusen.tif,CNV-053,val,CNV,drusen,OS,.tif,0.0008272790000773966
CNV/53/OS/003_Drusen.tif,CNV-053,val,CNV,drusen,OS,.tif,0.0008089066250249743
CNV/53/OS/004_Drusen.tif,CNV-053,val,CNV,drusen,OS,.tif,0.0008309870609082282
CNV/53/OS/005_Drusen.tif,CNV-053,val,CNV,drusen,OS,.tif,0.0007289775530807674
CNV/53/OS/006_Drusen.tif,CNV-053,val,CNV,drusen,OS,.tif,0.0007509468705393374
CNV/53/OS/007_Drusen.tif,CNV-053,val,CNV,drusen,OS,.tif,0.0006725027924403548
CNV/53/OS/008_Drusen.tif,CNV-053,val,CNV,drusen,OS,.tif,0.0007764333277009428
CNV/53/OS/009_CNV.tif,CNV-053,val,CNV,cnv,OS,.tif,0.0008086637244559824
CNV/53/OS/010_CNV.tif,CNV-053,val,CNV,cnv,OS,.tif,0.0007657891837880015
CNV/53/OS/011_CNV.tif,CNV-053,val,CNV,cnv,OS,.tif,0.0009884923929348588
CNV/53/OS/012_CNV.tif,CNV-053,val,CNV,cnv,OS,.tif,0.0009987320518121123
CNV/53/OS/013_CNV.tif,CNV-053,val,CNV,cnv,OS,.tif,0.0008514492656104267
CNV/53/OS/014_CNV.tif,CNV-053,val,CNV,cnv,OS,.tif,0.0009359281393699348
CNV/53/OS/015_CNV.tif,CNV-053,val,CNV,cnv,OS,.tif,0.0010723188752308488
CNV/53/OS/016_CNV.tif,CNV-053,val,CNV,cnv,OS,.tif,0.0009462127927690744
CNV/53/OS/017_CNV.tif,CNV-053,val,CNV,cnv,OS,.tif,0.0011082501150667667
CNV/53/OS/018_CNV.tif,CNV-053,val,CNV,cnv,OS,.tif,0.0009237603517249227
CNV/53/OS/019_CNV.tif,CNV-053,val,CNV,cnv,OS,.tif,0.0007936964393593371
CNV/53/OS/020_Drusen.tif,CNV-053,val,CNV,drusen,OS,.tif,0.0009150838013738394
CNV/53/OS/021_Drusen.tif,CNV-053,val,CNV,drusen,OS,.tif,0.0009211341384798288
CNV/53/OS/022_Drusen.tif,CNV-053,val,CNV,drusen,OS,.tif,0.0007511424482800066
CNV/53/OS/023_Drusen.tif,CNV-053,val,CNV,drusen,OS,.tif,0.0007737703272141516
CNV/53/OS/024_Drusen.tif,CNV-053,val,CNV,drusen,OS,.tif,0.0006822772556915879
CNV/53/OS/025_Drusen.tif,CNV-053,val,CNV,drusen,OS,.tif,0.0005923172575421631
CNV/53/OS/026_Normal.tif,CNV-053,val,CNV,normal,OS,.tif,0.0007506144465878606
CNV/53/OS/027_Drusen.tif,CNV-053,val,CNV,drusen,OS,.tif,0.0008221067837439477
CNV/53/OS/028_Drusen.tif,CNV-053,val,CNV,drusen,OS,.tif,0.0007831637049093843
CNV/53/OS/029_Normal.tif,CNV-053,val,CNV,normal,OS,.tif,0.0008325212984345853
CNV/53/OS/030_Drusen.tif,CNV-053,val,CNV,drusen,OS,.tif,0.0008976295939646661
CNV/57/000_Drusen.tif,CNV-057,val,CNV,drusen,OD,.tif,0.0004143612168263644
CNV/57/001_Drusen.tif,CNV-057,val,CNV,drusen,OD,.tif,0.00043179732165299356
CNV/57/002_CNV.tif,CNV-057,val,CNV,cnv,OD,.tif,0.000461858871858567
CNV/57/003_CNV.tif,CNV-057,val,CNV,cnv,OD,.tif,0.0005276650772430003
CNV/57/004_CNV.tif,CNV-057,val,CNV,cnv,OD,.tif,0.0005512682255357504
CNV/57/005_CNV.tif,CNV-057,val,CNV,cnv,OD,.tif,0.0005594106623902917
CNV/57/006_CNV.tif,CNV-057,val,CNV,cnv,OD,.tif,0.0007127447170205414
CNV/57/007_CNV.tif,CNV-057,val,CNV,cnv,OD,.tif,0.0011017513461411
CNV/57/008_CNV.tif,CNV-057,val,CNV,cnv,OD,.tif,0.0010607615113258362
CNV/57/009_CNV.tif,CNV-057,val,CNV,cnv,OD,.tif,0.0007745572365820408
CNV/57/010_CNV.tif,CNV-057,val,CNV,cnv,OD,.tif,0.0013266938040032983
CNV/57/011_CNV.tif,CNV-057,val,CNV,cnv,OD,.tif,0.0013018161989748478
CNV/57/012_CNV.tif,CNV-057,val,CNV,cnv,OD,.tif,0.0012136886361986399
CNV/57/013_CNV.tif,CNV-057,val,CNV,cnv,OD,.tif,0.0008847582503221929
CNV/57/014_CNV.tif,CNV-057,val,CNV,cnv,OD,.tif,0.0010568861616775393
CNV/57/015_CNV.tif,CNV-057,val,CNV,cnv,OD,.tif,0.0008468402666039765
CNV/57/016_CNV.tif,CNV-057,val,CNV,cnv,OD,.tif,0.0009539470775052905
CNV/57/017_CNV.tif,CNV-057,val,CNV,cnv,OD,.tif,0.00097922224085778
CNV/57/018_CNV.tif,CNV-057,val,CNV,cnv,OD,.tif,0.0010202261619269848
CNV/57/019_CNV.tif,CNV-057,val,CNV,cnv,OD,.tif,0.0012987841619178653
CNV/57/020_CNV.tif,CNV-057,val,CNV,cnv,OD,.tif,0.001166753121651709
CNV/57/021_CNV.tif,CNV-057,val,CNV,cnv,OD,.tif,0.000907007372006774
CNV/57/022_CNV.tif,CNV-057,val,CNV,cnv,OD,.tif,0.0008567100157961249
CNV/57/023_CNV.tif,CNV-057,val,CNV,cnv,OD,.tif,0.0009707709541544318
CNV/57/024_CNV.tif,CNV-057,val,CNV,cnv,OD,.tif,0.0007349014049395919
CNV/57/025_CNV.tif,CNV-057,val,CNV,cnv,OD,.tif,0.0007033249130472541
CNV/57/026_CNV.tif,CNV-057,val,CNV,cnv,OD,.tif,0.0007614670903421938
CNV/57/027_CNV.tif,CNV-057,val,CNV,cnv,OD,.tif,0.0006246097036637366
CNV/57/028_Drusen.tif,CNV-057,val,CNV,drusen,OD,.tif,0.0005050845211371779
CNV/57/029_Drusen.tif,CNV-057,val,CNV,drusen,OD,.tif,0.0004954059259034693
CNV/57/030_Drusen.tif,CNV-057,val,CNV,drusen,OD,.tif,0.0004729998763650656
CNV/63/000_Normal.tif,CNV-063,val,CNV,normal,OS,.tif,0.0015047350898385048
CNV/63/001_Normal.tif,CNV-063,val,CNV,normal,OS,.tif,0.0011991893406957388
CNV/63/002_Normal.tif,CNV-063,val,CNV,normal,OS,.tif,0.0012744455598294735
CNV/63/003_Drusen.tif,CNV-063,val,CNV,drusen,OS,.tif,0.0013362960889935493
CNV/63/004_Drusen.tif,CNV-063,val,CNV,drusen,OS,.tif,0.001353627652861178
CNV/63/005_Drusen.tif,CNV-063,val,CNV,drusen,OS,.tif,0.0013134866021573544
CNV/63/006_Drusen.tif,CNV-063,val,CNV,drusen,OS,.tif,0.001663254457525909
CNV/63/007_Drusen.tif,CNV-063,val,CNV,drusen,OS,.tif,0.001288888044655323
CNV/63/008_Drusen.tif,CNV-063,val,CNV,drusen,OS,.tif,0.0014155064709484577
CNV/63/009_Drusen.tif,CNV-063,val,CNV,drusen,OS,.tif,0.0016591609455645084
CNV/63/010_Drusen.tif,CNV-063,val,CNV,drusen,OS,.tif,0.00282876705750823
CNV/63/011_Drusen.tif,CNV-063,val,CNV,drusen,OS,.tif,0.0024947181809693575
CNV/63/012_Drusen.tif,CNV-063,val,CNV,drusen,OS,.tif,0.002484405180439353
CNV/63/013_Drusen.tif,CNV-063,val,CNV,drusen,OS,.tif,0.0023101409897208214
CNV/63/014_CNV.tif,CNV-063,val,CNV,cnv,OS,.tif,0.001984699396416545
CNV/63/015_CNV.tif,CNV-063,val,CNV,cnv,OS,.tif,0.002317116130143404
CNV/63/016_CNV.tif,CNV-063,val,CNV,cnv,OS,.tif,0.0027799264062196016
CNV/63/017_CNV.tif,CNV-063,val,CNV,cnv,OS,.tif,0.002288981107994914
CNV/63/018_CNV.tif,CNV-063,val,CNV,cnv,OS,.tif,0.002482224954292178
CNV/63/019_CNV.tif,CNV-063,val,CNV,cnv,OS,.tif,0.002405929146334529
CNV/63/020_CNV.tif,CNV-063,val,CNV,cnv,OS,.tif,0.00227715284563601
CNV/63/021_CNV.tif,CNV-063,val,CNV,cnv,OS,.tif,0.0017452370375394821
CNV/63/022_CNV.tif,CNV-063,val,CNV,cnv,OS,.tif,0.0011362790828570724
CNV/63/023_CNV.tif,CNV-063,val,CNV,cnv,OS,.tif,0.0009008939377963543
CNV/63/024_CNV.tif,CNV-063,val,CNV,cnv,OS,.tif,0.0027951046358793974
CNV/63/025_CNV.tif,CNV-063,val,CNV,cnv,OS,.tif,0.0028176873456686735
CNV/63/026_Drusen.tif,CNV-063,val,CNV,drusen,OS,.tif,0.0029372067656368017
CNV/63/027_Drusen.tif,CNV-063,val,CNV,drusen,OS,.tif,0.002897201804444194
CNV/63/028_Drusen.tif,CNV-063,val,CNV,drusen,OS,.tif,0.002908853115513921
CNV/63/029_Drusen.tif,CNV-063,val,CNV,drusen,OS,.tif,0.0024306802079081535
CNV/63/030_Drusen.tif,CNV-063,val,CNV,drusen,OS,.tif,0.0023658417630940676
CNV/71/000_Normal.jpg,CNV-071,val,CNV,normal,OD,.jpg,0.00152557750698179
CNV/71/001_Normal.jpg,CNV-071,val,CNV,normal,OD,.jpg,0.0013645391445606947
CNV/71/002_Normal.jpg,CNV-071,val,CNV,normal,OD,.jpg,0.0011251198593527079
CNV/71/003_Drusen.jpg,CNV-071,val,CNV,drusen,OD,.jpg,0.0018955143168568611
CNV/71/004_Drusen.jpg,CNV-071,val,CNV,drusen,OD,.jpg,0.0021475055254995823
CNV/71/005_Drusen.jpg,CNV-071,val,CNV,drusen,OD,.jpg,0.0022623988334089518
CNV/71/006_Drusen.jpg,CNV-071,val,CNV,drusen,OD,.jpg,0.0014573183143511415
CNV/71/007_Drusen.jpg,CNV-071,val,CNV,drusen,OD,.jpg,0.001141514047048986
CNV/71/008_Drusen.jpg,CNV-071,val,CNV,drusen,OD,.jpg,0.0009653294109739363
CNV/71/009_Drusen.jpg,CNV-071,val,CNV,drusen,OD,.jpg,0.0008944089058786631
CNV/71/010_CNV.jpg,CNV-071,val,CNV,cnv,OD,.jpg,0.000912252115085721
CNV/71/011_CNV.jpg,CNV-071,val,CNV,cnv,OD,.jpg,0.000908610294573009
CNV/71/012_CNV.jpg,CNV-071,val,CNV,cnv,OD,.jpg,0.000790749560110271
CNV/71/013_CNV.jpg,CNV-071,val,CNV,cnv,OD,.jpg,0.000877130136359483
CNV/71/014_CNV.jpg,CNV-071,val,CNV,cnv,OD,.jpg,0.0010749836219474673
CNV/71/015_CNV.jpg,CNV-071,val,CNV,cnv,OD,.jpg,0.0009339789394289255
CNV/71/016_CNV.jpg,CNV-071,val,CNV,cnv,OD,.jpg,0.0008720485493540764
CNV/71/017_CNV.jpg,CNV-071,val,CNV,cnv,OD,.jpg,0.0008866334683261812
CNV/71/018_CNV.jpg,CNV-071,val,CNV,cnv,OD,.jpg,0.0010050650453194976
CNV/71/019_CNV.jpg,CNV-071,val,CNV,cnv,OD,.jpg,0.0007311104563996196
CNV/71/020_Normal.jpg,CNV-071,val,CNV,normal,OD,.jpg,0.0005374247557483613
CNV/71/021_Drusen.jpg,CNV-071,val,CNV,drusen,OD,.jpg,0.0006439141579903662
CNV/71/022_Drusen.jpg,CNV-071,val,CNV,drusen,OD,.jpg,0.0006232082960195839
CNV/71/023_Drusen.jpg,CNV-071,val,CNV,drusen,OD,.jpg,0.0005923952558077872
CNV/71/024_Drusen.jpg,CNV-071,val,CNV,drusen,OD,.jpg,0.0006191370775923133
CNV/71/025_Normal.jpg,CNV-071,val,CNV,normal,OD,.jpg,0.000717757735401392
CNV/71/026_Normal.jpg,CNV-071,val,CNV,normal,OD,.jpg,0.0006663762615062296
CNV/71/027_Normal.jpg,CNV-071,val,CNV,normal,OD,.jpg,0.0006919602164998651
CNV/71/028_Normal.jpg,CNV-071,val,CNV,normal,OD,.jpg,0.0008794977911747992
CNV/71/029_Drusen.jpg,CNV-071,val,CNV,drusen,OD,.jpg,0.0008746800594963133
CNV/71/030_Drusen.jpg,CNV-071,val,CNV,drusen,OD,.jpg,0.0009513384429737926
CNV/82/000_Normal.jpg,CNV-082,val,CNV,normal,OS,.jpg,0.0006857993430458009
CNV/82/001_Normal.jpg,CNV-082,val,CNV,normal,OS,.jpg,0.0009374067885801196
CNV/82/002_Normal.jpg,CNV-082,val,CNV,normal,OS,.jpg,0.0009527045767754316
CNV/82/003_Normal.jpg,CNV-082,val,CNV,normal,OS,.jpg,0.000897174293641001
CNV/82/004_CNV.jpg,CNV-082,val,CNV,cnv,OS,.jpg,0.0009852931834757328
CNV/82/005_CNV.jpg,CNV-082,val,CNV,cnv,OS,.jpg,0.000882680993527174
CNV/82/006_CNV.jpg,CNV-082,val,CNV,cnv,OS,.jpg,0.0008527370519004762
CNV/82/007_CNV.jpg,CNV-082,val,CNV,cnv,OS,.jpg,0.000704231730196625
CNV/82/008_CNV.jpg,CNV-082,val,CNV,cnv,OS,.jpg,0.0006887856288813055
CNV/82/009_CNV.jpg,CNV-082,val,CNV,cnv,OS,.jpg,0.0011097152018919587
CNV/82/010_CNV.jpg,CNV-082,val,CNV,cnv,OS,.jpg,0.0010634140344336629
CNV/82/011_CNV.jpg,CNV-082,val,CNV,cnv,OS,.jpg,0.0011280091712251306
CNV/82/012_CNV.jpg,CNV-082,val,CNV,cnv,OS,.jpg,0.0012258648639544845
CNV/82/013_CNV.jpg,CNV-082,val,CNV,cnv,OS,.jpg,0.00100984750315547
CNV/82/014_CNV.jpg,CNV-082,val,CNV,cnv,OS,.jpg,0.0011673677945509553
CNV/82/015_CNV.jpg,CNV-082,val,CNV,cnv,OS,.jpg,0.0015630455454811454
CNV/82/016_CNV.jpg,CNV-082,val,CNV,cnv,OS,.jpg,0.0012076061684638262
CNV/82/017_CNV.jpg,CNV-082,val,CNV,cnv,OS,.jpg,0.002051916206255555
CNV/82/018_CNV.jpg,CNV-082,val,CNV,cnv,OS,.jpg,0.0015527645591646433
CNV/82/019_CNV.jpg,CNV-082,val,CNV,cnv,OS,.jpg,0.0014629843644797802
CNV/82/020_CNV.jpg,CNV-082,val,CNV,cnv,OS,.jpg,0.0013585647102445364
CNV/82/021_CNV.jpg,CNV-082,val,CNV,cnv,OS,.jpg,0.0011713438434526324
CNV/82/022_CNV.jpg,CNV-082,val,CNV,cnv,OS,.jpg,0.0008516921079717577
CNV/82/023_CNV.jpg,CNV-082,val,CNV,cnv,OS,.jpg,0.0006629808340221643
CNV/82/024_CNV.jpg,CNV-082,val,CNV,cnv,OS,.jpg,0.0007662932621315122
CNV/82/025_CNV.jpg,CNV-082,val,CNV,cnv,OS,.jpg,0.00061377341626212
CNV/82/026_CNV.jpg,CNV-082,val,CNV,cnv,OS,.jpg,0.0007394880522042513
CNV/82/027_CNV.jpg,CNV-082,val,CNV,cnv,OS,.jpg,0.0008538974216207862
CNV/82/028_CNV.jpg,CNV-082,val,CNV,cnv,OS,.jpg,0.0005440961103886366
CNV/82/029_Drusen.jpg,CNV-082,val,CNV,drusen,OS,.jpg,0.0006652355659753084
CNV/82/030_Drusen.jpg,CNV-082,val,CNV,drusen,OS,.jpg,0.0005624010227620602
CNV/86/000_CNV.tif,CNV-086,val,CNV,cnv,OD,.tif,0.0010485759703442454
CNV/86/001_CNV.tif,CNV-086,val,CNV,cnv,OD,.tif,0.0010300196008756757
CNV/86/002_CNV.tif,CNV-086,val,CNV,cnv,OD,.tif,0.0010790025116875768
CNV/86/003_CNV.tif,CNV-086,val,CNV,cnv,OD,.tif,0.0010350202210247517
CNV/86/004_CNV.tif,CNV-086,val,CNV,cnv,OD,.tif,0.0009522483451291919
CNV/86/005_CNV.tif,CNV-086,val,CNV,cnv,OD,.tif,0.0010002830531448126
CNV/86/006_CNV.tif,CNV-086,val,CNV,cnv,OD,.tif,0.0008801833027973771
CNV/86/007_CNV.tif,CNV-086,val,CNV,cnv,OD,.tif,0.0008565775933675468
CNV/86/008_CNV.tif,CNV-086,val,CNV,cnv,OD,.tif,0.0011588301276788116
CNV/86/009_CNV.tif,CNV-086,val,CNV,cnv,OD,.tif,0.0014054832281544805
CNV/86/010_CNV.tif,CNV-086,val,CNV,cnv,OD,.tif,0.0014669912634417415
CNV/86/011_CNV.tif,CNV-086,val,CNV,cnv,OD,.tif,0.00147414265666157
CNV/86/012_CNV.tif,CNV-086,val,CNV,cnv,OD,.tif,0.0015877746045589447
CNV/86/013_CNV.tif,CNV-086,val,CNV,cnv,OD,.tif,0.001403310103341937
CNV/86/014_CNV.tif,CNV-086,val,CNV,cnv,OD,.tif,0.0014101600972935557
CNV/86/015_CNV.tif,CNV-086,val,CNV,cnv,OD,.tif,0.0012660525972023606
CNV/86/016_CNV.tif,CNV-086,val,CNV,cnv,OD,.tif,0.0014281761832535267
CNV/86/017_CNV.tif,CNV-086,val,CNV,cnv,OD,.tif,0.0012343552662059665
CNV/86/018_CNV.tif,CNV-086,val,CNV,cnv,OD,.tif,0.001275102375075221
CNV/86/019_CNV.tif,CNV-086,val,CNV,cnv,OD,.tif,0.001275937189348042
CNV/86/020_CNV.tif,CNV-086,val,CNV,cnv,OD,.tif,0.001251195091754198
CNV/86/021_CNV.tif,CNV-086,val,CNV,cnv,OD,.tif,0.001054806518368423
CNV/86/022_CNV.tif,CNV-086,val,CNV,cnv,OD,.tif,0.0020372518338263035
CNV/86/023_CNV.tif,CNV-086,val,CNV,cnv,OD,.tif,0.0009465198963880539
CNV/86/024_CNV.tif,CNV-086,val,CNV,cnv,OD,.tif,0.000942857179325074
CNV/86/025_CNV.tif,CNV-086,val,CNV,cnv,OD,.tif,0.0008636749116703868
CNV/86/026_CNV.tif,CNV-086,val,CNV,cnv,OD,.tif,0.0007297519478015602
CNV/86/027_Normal.tif,CNV-086,val,CNV,normal,OD,.tif,0.0007319526048377156
CNV/86/028_Normal.tif,CNV-086,val,CNV,normal,OD,.tif,0.0007018194301053882
CNV/86/029_Normal.tif,CNV-086,val,CNV,normal,OD,.tif,0.0007295191753655672
CNV/86/030_Normal.tif,CNV-086,val,CNV,normal,OD,.tif,0.00079721660586074
CNV/93/000_CNV.jpg,CNV-093,val,CNV,cnv,OS,.jpg,0.0007101426599547267
CNV/93/001_CNV.jpg,CNV-093,val,CNV,cnv,OS,.jpg,0.0005836625350639224
CNV/93/002_CNV.jpg,CNV-093,val,CNV,cnv,OS,.jpg,0.0007155280327424407
CNV/93/003_CNV.jpg,CNV-093,val,CNV,cnv,OS,.jpg,0.0010358392028138041
CNV/93/004_CNV.jpg,CNV-093,val,CNV,cnv,OS,.jpg,0.0010212273336946964
CNV/93/005_CNV.jpg,CNV-093,val,CNV,cnv,OS,.jpg,0.0011727185919880867
CNV/93/006_CNV.jpg,CNV-093,val,CNV,cnv,OS,.jpg,0.0010442107450217009
CNV/93/007_CNV.jpg,CNV-093,val,CNV,cnv,OS,.jpg,0.0012033438542857766
CNV/93/008_CNV.jpg,CNV-093,val,CNV,cnv,OS,.jpg,0.0012430795468389988
CNV/93/009_CNV.jpg,CNV-093,val,CNV,cnv,OS,.jpg,0.0012753700139001012
CNV/93/010_CNV.jpg,CNV-093,val,CNV,cnv,OS,.jpg,0.0013991182204335928
CNV/93/011_CNV.jpg,CNV-093,val,CNV,cnv,OS,.jpg,0.0010925892274826765
CNV/93/012_CNV.jpg,CNV-093,val,CNV,cnv,OS,.jpg,0.001044777687638998
CNV/93/013_CNV.jpg,CNV-093,val,CNV,cnv,OS,.jpg,0.001076743472367525
CNV/93/014_CNV.jpg,CNV-093,val,CNV,cnv,OS,.jpg,0.0009236745536327362
CNV/93/015_CNV.jpg,CNV-093,val,CNV,cnv,OS,.jpg,0.001069957623258233
CNV/93/016_CNV.jpg,CNV-093,val,CNV,cnv,OS,.jpg,0.00145001953933388
CNV/93/017_CNV.jpg,CNV-093,val,CNV,cnv,OS,.jpg,0.0008406562265008688
CNV/93/018_CNV.jpg,CNV-093,val,CNV,cnv,OS,.jpg,0.0009843767620623112
CNV/93/019_CNV.jpg,CNV-093,val,CNV,cnv,OS,.jpg,0.0010263981530442834
CNV/93/020_CNV.jpg,CNV-093,val,CNV,cnv,OS,.jpg,0.0012386082671582699
CNV/93/021_Normal.jpg,CNV-093,val,CNV,normal,OS,.jpg,0.001247728941962123
CNV/93/022_Normal.jpg,CNV-093,val,CNV,normal,OS,.jpg,0.001013861852698028
CNV/93/023_Normal.jpg,CNV-093,val,CNV,normal,OS,.jpg,0.0012885431060567498
CNV/93/024_Normal.jpg,CNV-093,val,CNV,normal,OS,.jpg,0.0011277113808318973
CNV/94/000_Normal.tif,CNV-094,val,CNV,normal,OD,.tif,0.0008026155992411077
CNV/94/001_Normal.tif,CNV-094,val,CNV,normal,OD,.tif,0.0008246782817877829
CNV/94/002_Normal.tif,CNV-094,val,CNV,normal,OD,.tif,0.0008318963809870183
CNV/94/003_Normal.tif,CNV-094,val,CNV,normal,OD,.tif,0.0006847034674137831
CNV/94/004_Normal.tif,CNV-094,val,CNV,normal,OD,.tif,0.0006875359686091542
CNV/94/005_Normal.tif,CNV-094,val,CNV,normal,OD,.tif,0.0006766916485503316
CNV/94/006_Normal.tif,CNV-094,val,CNV,normal,OD,.tif,0.0005624355981126428
CNV/94/007_Drusen.tif,CNV-094,val,CNV,drusen,OD,.tif,0.0007441096240654588
CNV/94/008_Drusen.tif,CNV-094,val,CNV,drusen,OD,.tif,0.0007878339383751154
CNV/94/009_Drusen.tif,CNV-094,val,CNV,drusen,OD,.tif,0.0007313776877708733
CNV/94/010_Drusen.tif,CNV-094,val,CNV,drusen,OD,.tif,0.0005926059675402939
CNV/94/011_Drusen.tif,CNV-094,val,CNV,drusen,OD,.tif,0.0008926444570533931
CNV/94/012_Drusen.tif,CNV-094,val,CNV,drusen,OD,.tif,0.0008321901550516486
CNV/94/013_Drusen.tif,CNV-094,val,CNV,drusen,OD,.tif,0.0008119685808196664
CNV/94/014_Drusen.tif,CNV-094,val,CNV,drusen,OD,.tif,0.0007488213595934212
CNV/94/015_CNV.tif,CNV-094,val,CNV,cnv,OD,.tif,0.0007496135658584535
CNV/94/016_CNV.tif,CNV-094,val,CNV,cnv,OD,.tif,0.0008118306868709624
CNV/94/017_Drusen.tif,CNV-094,val,CNV,drusen,OD,.tif,0.0009440226131118834
CNV/94/018_Drusen.tif,CNV-094,val,CNV,drusen,OD,.tif,0.0006909002549946308
CNV/94/019_Drusen.tif,CNV-094,val,CNV,drusen,OD,.tif,0.0006830901838839054
CNV/94/020_Drusen.tif,CNV-094,val,CNV,drusen,OD,.tif,0.0005622412427328527
CNV/94/021_Drusen.tif,CNV-094,val,CNV,drusen,OD,.tif,0.0006230443832464516
CNV/94/022_Drusen.tif,CNV-094,val,CNV,drusen,OD,.tif,0.0006112052360549569
CNV/94/023_Drusen.tif,CNV-094,val,CNV,drusen,OD,.tif,0.0006923588807694614
CNV/94/024_Drusen.tif,CNV-094,val,CNV,drusen,OD,.tif,0.00063211569795385
CNV/94/025_Drusen.tif,CNV-094,val,CNV,drusen,OD,.tif,0.0006395553355105221
CNV/94/026_Drusen.tif,CNV-094,val,CNV,drusen,OD,.tif,0.0006200866191647947
CNV/94/027_Drusen.tif,CNV-094,val,CNV,drusen,OD,.tif,0.0006390907219611108
CNV/94/028_Normal.tif,CNV-094,val,CNV,normal,OD,.tif,0.0006659999489784241
CNV/94/029_Normal.tif,CNV-094,val,CNV,normal,OD,.tif,0.0006179623305797577
CNV/94/030_Normal.tif,CNV-094,val,CNV,normal,OD,.tif,0.0004934445023536682
CNV/97/000_CNV.tif,CNV-097,val,CNV,cnv,OS,.tif,0.0012732369359582663
CNV/97/001_CNV.tif,CNV-097,val,CNV,cnv,OS,.tif,0.0010989881120622158
CNV/97/002_CNV.tif,CNV-097,val,CNV,cnv,OS,.tif,0.0011290007969364524
CNV/97/003_CNV.tif,CNV-097,val,CNV,cnv,OS,.tif,0.001442625536583364
CNV/97/004_CNV.tif,CNV-097,val,CNV,cnv,OS,.tif,0.0013099141651764512
CNV/97/005_CNV.tif,CNV-097,val,CNV,cnv,OS,.tif,0.0013421822804957628
CNV/97/006_CNV.tif,CNV-097,val,CNV,cnv,OS,.tif,0.0013106669066473842
CNV/97/007_CNV.tif,CNV-097,val,CNV,cnv,OS,.tif,0.0018518116557970643
CNV/97/008_CNV.tif,CNV-097,val,CNV,cnv,OS,.tif,0.001918329275213182
CNV/97/009_CNV.tif,CNV-097,val,CNV,cnv,OS,.tif,0.0018462918233126402
CNV/97/010_CNV.tif,CNV-097,val,CNV,cnv,OS,.tif,0.0016793225659057498
CNV/97/011_CNV.tif,CNV-097,val,CNV,cnv,OS,.tif,0.0016208747401833534
CNV/97/012_CNV.tif,CNV-097,val,CNV,cnv,OS,.tif,0.001307749655097723
CNV/97/013_CNV.tif,CNV-097,val,CNV,cnv,OS,.tif,0.000866974238306284
CNV/97/014_CNV.tif,CNV-097,val,CNV,cnv,OS,.tif,0.0009274751646444201
CNV/97/015_CNV.tif,CNV-097,val,CNV,cnv,OS,.tif,0.0011315435403957963
CNV/97/016_CNV.tif,CNV-097,val,CNV,cnv,OS,.tif,0.0011006640270352364
CNV/97/017_CNV.tif,CNV-097,val,CNV,cnv,OS,.tif,0.0020643570460379124
CNV/97/018_CNV.tif,CNV-097,val,CNV,cnv,OS,.tif,0.0018454509554430842
CNV/97/019_CNV.tif,CNV-097,val,CNV,cnv,OS,.tif,0.0017564301379024982
CNV/97/020_CNV.tif,CNV-097,val,CNV,cnv,OS,.tif,0.0019397345604375005
CNV/97/021_Drusen.tif,CNV-097,val,CNV,drusen,OS,.tif,0.0021491977386176586
CNV/97/022_Drusen.tif,CNV-097,val,CNV,drusen,OS,.tif,0.002381314290687442
CNV/97/023_Drusen.tif,CNV-097,val,CNV,drusen,OS,.tif,0.0019509196281433105
CNV/97/024_Drusen.tif,CNV-097,val,CNV,drusen,OS,.tif,0.002265989314764738
CNV/97/025_Drusen.tif,CNV-097,val,CNV,drusen,OS,.tif,0.0020789129193872213
CNV/97/026_Drusen.tif,CNV-097,val,CNV,drusen,OS,.tif,0.0020448353607207537
CNV/97/027_Normal.tif,CNV-097,val,CNV,normal,OS,.tif,0.0020633889362215996
CNV/97/028_Normal.tif,CNV-097,val,CNV,normal,OS,.tif,0.0024857833050191402
CNV/97/029_Normal.tif,CNV-097,val,CNV,normal,OS,.tif,0.0023485440760850906
CNV/97/030_Normal.tif,CNV-097,val,CNV,normal,OS,.tif,0.0018793399212881923
CNV/104/000_Normal.tif,CNV-104,val,CNV,normal,OD,.tif,0.0012116297148168087
CNV/104/001_Normal.tif,CNV-104,val,CNV,normal,OD,.tif,0.0011641414603218436
CNV/104/002_Normal.tif,CNV-104,val,CNV,normal,OD,.tif,0.0010112408781424165
CNV/104/003_Drusen.tif,CNV-104,val,CNV,drusen,OD,.tif,0.001069471938535571
CNV/104/004_Drusen.tif,CNV-104,val,CNV,drusen,OD,.tif,0.0012887974735349417
CNV/104/005_Drusen.tif,CNV-104,val,CNV,drusen,OD,.tif,0.001137788058258593
CNV/104/006_Drusen.tif,CNV-104,val,CNV,drusen,OD,.tif,0.0013048549881204963
CNV/104/007_Drusen.tif,CNV-104,val,CNV,drusen,OD,.tif,0.0013396043796092272
CNV/104/008_Drusen.tif,CNV-104,val,CNV,drusen,OD,.tif,0.0015178894391283393
CNV/104/009_Drusen.tif,CNV-104,val,CNV,drusen,OD,.tif,0.0017643253086134791
CNV/104/010_CNV.tif,CNV-104,val,CNV,cnv,OD,.tif,0.001793542644008994
CNV/104/011_CNV.tif,CNV-104,val,CNV,cnv,OD,.tif,0.0020624855533242226
CNV/104/012_CNV.tif,CNV-104,val,CNV,cnv,OD,.tif,0.0022592993918806314
CNV/104/013_CNV.tif,CNV-104,val,CNV,cnv,OD,.tif,0.002017560414969921
CNV/104/014_CNV.tif,CNV-104,val,CNV,cnv,OD,.tif,0.0020339975599199533
CNV/104/015_CNV.tif,CNV-104,val,CNV,cnv,OD,.tif,0.001689752098172903
CNV/104/016_CNV.tif,CNV-104,val,CNV,cnv,OD,.tif,0.0020851879380643368
CNV/104/017_CNV.tif,CNV-104,val,CNV,cnv,OD,.tif,0.00205879844725132
CNV/104/018_CNV.tif,CNV-104,val,CNV,cnv,OD,.tif,0.0010167600121349096
CNV/104/019_CNV.tif,CNV-104,val,CNV,cnv,OD,.tif,0.0012011216022074223
CNV/104/020_CNV.tif,CNV-104,val,CNV,cnv,OD,.tif,0.0009136473527178168
CNV/104/021_CNV.tif,CNV-104,val,CNV,cnv,OD,.tif,0.0012153000570833683
CNV/104/022_CNV.tif,CNV-104,val,CNV,cnv,OD,.tif,0.0012154397554695606
CNV/104/023_CNV.tif,CNV-104,val,CNV,cnv,OD,.tif,0.001055133412592113
CNV/104/024_CNV.tif,CNV-104,val,CNV,cnv,OD,.tif,0.0009302659309469163
CNV/104/025_CNV.tif,CNV-104,val,CNV,cnv,OD,.tif,0.0006875336403027177
CNV/104/026_CNV.tif,CNV-104,val,CNV,cnv,OD,.tif,0.0007875880692154169
CNV/104/027_Drusen.tif,CNV-104,val,CNV,drusen,OD,.tif,0.0006077595753595233
CNV/104/028_Drusen.tif,CNV-104,val,CNV,drusen,OD,.tif,0.0007822829065844417
CNV/104/029_Drusen.tif,CNV-104,val,CNV,drusen,OD,.tif,0.0006820258568041027
CNV/104/030_Drusen.tif,CNV-104,val,CNV,drusen,OD,.tif,0.0006163786165416241
CNV/105/000_CNV.tif,CNV-105,val,CNV,cnv,OD,.tif,0.0007141255773603916
CNV/105/001_CNV.tif,CNV-105,val,CNV,cnv,OD,.tif,0.0007008285028859973
CNV/105/002_CNV.tif,CNV-105,val,CNV,cnv,OD,.tif,0.0007833426352590322
CNV/105/003_CNV.tif,CNV-105,val,CNV,cnv,OD,.tif,0.0007622232660651207
CNV/105/004_CNV.tif,CNV-105,val,CNV,cnv,OD,.tif,0.0007465829839929938
CNV/105/005_CNV.tif,CNV-105,val,CNV,cnv,OD,.tif,0.0007965225377120078
CNV/105/006_CNV.tif,CNV-105,val,CNV,cnv,OD,.tif,0.0008374052704311907
CNV/105/007_CNV.tif,CNV-105,val,CNV,cnv,OD,.tif,0.0008590607321821153
CNV/105/008_CNV.tif,CNV-105,val,CNV,cnv,OD,.tif,0.000882617780007422
CNV/105/009_CNV.tif,CNV-105,val,CNV,cnv,OD,.tif,0.0010342977475374937
CNV/105/010_CNV.tif,CNV-105,val,CNV,cnv,OD,.tif,0.0011302841594442725
CNV/105/011_CNV.tif,CNV-105,val,CNV,cnv,OD,.tif,0.001057588611729443
CNV/105/012_CNV.tif,CNV-105,val,CNV,cnv,OD,.tif,0.0009085341007448733
CNV/105/013_CNV.tif,CNV-105,val,CNV,cnv,OD,.tif,0.0009014438837766647
CNV/105/014_CNV.tif,CNV-105,val,CNV,cnv,OD,.tif,0.0010753131937235594
CNV/105/015_CNV.tif,CNV-105,val,CNV,cnv,OD,.tif,0.0010261674178764224
CNV/105/016_CNV.tif,CNV-105,val,CNV,cnv,OD,.tif,0.0012179468758404255
CNV/105/017_CNV.tif,CNV-105,val,CNV,cnv,OD,.tif,0.0010101968655362725
CNV/105/018_CNV.tif,CNV-105,val,CNV,cnv,OD,.tif,0.0009757077204994857
CNV/105/019_CNV.tif,CNV-105,val,CNV,cnv,OD,.tif,0.000977869494818151
CNV/105/020_CNV.tif,CNV-105,val,CNV,cnv,OD,.tif,0.0010151214664801955
CNV/105/021_CNV.tif,CNV-105,val,CNV,cnv,OD,.tif,0.0009870855137705803
CNV/105/022_CNV.tif,CNV-105,val,CNV,cnv,OD,.tif,0.0009697251371107996
CNV/105/023_CNV.tif,CNV-105,val,CNV,cnv,OD,.tif,0.0007424859213642776
CNV/105/024_Normal.tif,CNV-105,val,CNV,normal,OD,.tif,0.0007269136840477586
CNV/105/025_Normal.tif,CNV-105,val,CNV,normal,OD,.tif,0.0006855914834886789
CNV/105/026_Normal.tif,CNV-105,val,CNV,normal,OD,.tif,0.0007134095067158341
CNV/105/027_Normal.tif,CNV-105,val,CNV,normal,OD,.tif,0.0006627029506489635
CNV/105/028_Normal.tif,CNV-105,val,CNV,normal,OD,.tif,0.0007559328223578632
CNV/105/029_Normal.tif,CNV-105,val,CNV,normal,OD,.tif,0.0007532571908086538
CNV/105/030_Normal.tif,CNV-105,val,CNV,normal,OD,.tif,0.0008019708329811692
CNV/112/000_CNV.tif,CNV-112,val,CNV,cnv,OD,.tif,0.0014537033857777715
CNV/112/001_CNV.tif,CNV-112,val,CNV,cnv,OD,.tif,0.0015022540464997292
CNV/112/002_CNV.tif,CNV-112,val,CNV,cnv,OD,.tif,0.0015586629742756486
CNV/112/003_CNV.tif,CNV-112,val,CNV,cnv,OD,.tif,0.0016745129832997918
CNV/112/004_CNV.tif,CNV-112,val,CNV,cnv,OD,.tif,0.0017124539008364081
CNV/112/005_CNV.tif,CNV-112,val,CNV,cnv,OD,.tif,0.0016306012403219938
CNV/112/006_CNV.tif,CNV-112,val,CNV,cnv,OD,.tif,0.0012914490653201938
CNV/112/007_CNV.tif,CNV-112,val,CNV,cnv,OD,.tif,0.0013687510509043932
CNV/112/008_CNV.tif,CNV-112,val,CNV,cnv,OD,.tif,0.0012784291757270694
CNV/112/009_CNV.tif,CNV-112,val,CNV,cnv,OD,.tif,0.0012506595812737942
CNV/112/010_CNV.tif,CNV-112,val,CNV,cnv,OD,.tif,0.0010233953362330794
CNV/112/011_CNV.tif,CNV-112,val,CNV,cnv,OD,.tif,0.0010400976752862334
CNV/112/012_CNV.tif,CNV-112,val,CNV,cnv,OD,.tif,0.0010204407153651118
CNV/112/013_CNV.tif,CNV-112,val,CNV,cnv,OD,.tif,0.0011541913263499737
CNV/112/014_CNV.tif,CNV-112,val,CNV,cnv,OD,.tif,0.0011178761487826705
CNV/112/015_CNV.tif,CNV-112,val,CNV,cnv,OD,.tif,0.0009375009685754776
CNV/112/016_CNV.tif,CNV-112,val,CNV,cnv,OD,.tif,0.0010229162871837616
CNV/112/017_CNV.tif,CNV-112,val,CNV,cnv,OD,.tif,0.0009760931134223938
CNV/112/018_CNV.tif,CNV-112,val,CNV,cnv,OD,.tif,0.0008951641502790153
CNV/112/019_CNV.tif,CNV-112,val,CNV,cnv,OD,.tif,0.0009289809968322515
CNV/112/020_CNV.tif,CNV-112,val,CNV,cnv,OD,.tif,0.000960062665399164
CNV/112/021_CNV.tif,CNV-112,val,CNV,cnv,OD,.tif,0.0006308756419457495
CNV/112/022_Drusen.tif,CNV-112,val,CNV,drusen,OD,.tif,0.000714652007445693
CNV/112/023_Drusen.tif,CNV-112,val,CNV,drusen,OD,.tif,0.0007550168666057289
CNV/112/024_Drusen.tif,CNV-112,val,CNV,drusen,OD,.tif,0.0007868571556173265
CNV/113/000_Drusen.tif,CNV-113,val,CNV,drusen,OS,.tif,0.0007476283353753388
CNV/113/001_Drusen.tif,CNV-113,val,CNV,drusen,OS,.tif,0.0006747872103005648
CNV/113/002_Drusen.tif,CNV-113,val,CNV,drusen,OS,.tif,0.000637337623629719
CNV/113/003_Drusen.tif,CNV-113,val,CNV,drusen,OS,.tif,0.000621400773525238
CNV/113/004_Drusen.tif,CNV-113,val,CNV,drusen,OS,.tif,0.0006731264875270426
CNV/113/005_Drusen.tif,CNV-113,val,CNV,drusen,OS,.tif,0.0006662075757049024
CNV/113/006_Drusen.tif,CNV-113,val,CNV,drusen,OS,.tif,0.0007422370254062116
CNV/113/007_Drusen.tif,CNV-113,val,CNV,drusen,OS,.tif,0.0008260308532044291
CNV/113/008_Drusen.tif,CNV-113,val,CNV,drusen,OS,.tif,0.0008606432820670307
CNV/113/009_Drusen.tif,CNV-113,val,CNV,drusen,OS,.tif,0.0009853187948465347
CNV/113/010_Drusen.tif,CNV-113,val,CNV,drusen,OS,.tif,0.0010713825467973948
CNV/113/011_Drusen.tif,CNV-113,val,CNV,drusen,OS,.tif,0.0010201525874435902
CNV/113/012_Drusen.tif,CNV-113,val,CNV,drusen,OS,.tif,0.0011420900700613856
CNV/113/013_CNV.tif,CNV-113,val,CNV,cnv,OS,.tif,0.0012028539786115289
CNV/113/014_CNV.tif,CNV-113,val,CNV,cnv,OS,.tif,0.001235178322531283
CNV/113/015_CNV.tif,CNV-113,val,CNV,cnv,OS,.tif,0.0013402027543634176
CNV/113/016_CNV.tif,CNV-113,val,CNV,cnv,OS,.tif,0.0014188803033903241
CNV/113/017_CNV.tif,CNV-113,val,CNV,cnv,OS,.tif,0.0012585780350491405
CNV/113/018_CNV.tif,CNV-113,val,CNV,cnv,OS,.tif,0.0012858567060902715
CNV/113/019_Drusen.tif,CNV-113,val,CNV,drusen,OS,.tif,0.0013204162241891026
CNV/113/020_Drusen.tif,CNV-113,val,CNV,drusen,OS,.tif,0.0014460341772064567
CNV/113/021_Drusen.tif,CNV-113,val,CNV,drusen,OS,.tif,0.0013306908076629043
CNV/113/022_Drusen.tif,CNV-113,val,CNV,drusen,OS,.tif,0.0011544045992195606
CNV/113/023_Drusen.tif,CNV-113,val,CNV,drusen,OS,.tif,0.00116506009362638
CNV/113/024_Drusen.tif,CNV-113,val,CNV,drusen,OS,.tif,0.001144256442785263
CNV/113/025_Drusen.tif,CNV-113,val,CNV,drusen,OS,.tif,0.0010951039148494601
CNV/113/026_Drusen.tif,CNV-113,val,CNV,drusen,OS,.tif,0.0010881266789510846
CNV/113/027_Drusen.tif,CNV-113,val,CNV,drusen,OS,.tif,0.0010631965706124902
CNV/113/028_Drusen.tif,CNV-113,val,CNV,drusen,OS,.tif,0.0009277605568058789
CNV/113/029_Drusen.tif,CNV-113,val,CNV,drusen,OS,.tif,0.0010170878376811743
CNV/113/030_Drusen.tif,CNV-113,val,CNV,drusen,OS,.tif,0.0010351197561249137
CNV/115/000_Normal.tif,CNV-115,val,CNV,normal,OD,.tif,0.0014107354218140244
CNV/115/001_Normal.tif,CNV-115,val,CNV,normal,OD,.tif,0.0013162088580429554
CNV/115/002_Normal.tif,CNV-115,val,CNV,normal,OD,.tif,0.001500987564213574
CNV/115/003_Normal.tif,CNV-115,val,CNV,normal,OD,.tif,0.0013685338199138641
CNV/115/004_Normal.tif,CNV-115,val,CNV,normal,OD,.tif,0.0013276325771585107
CNV/115/005_Normal.tif,CNV-115,val,CNV,normal,OD,.tif,0.0015396259259432554
CNV/115/006_Normal.tif,CNV-115,val,CNV,normal,OD,.tif,0.0014500018442049623
CNV/115/007_Normal.tif,CNV-115,val,CNV,normal,OD,.tif,0.0015353327617049217
CNV/115/008_Normal.tif,CNV-115,val,CNV,normal,OD,.tif,0.0016274754889309406
CNV/115/009_Normal.tif,CNV-115,val,CNV,normal,OD,.tif,0.001958821201696992
CNV/115/010_Normal.tif,CNV-115,val,CNV,normal,OD,.tif,0.0019298119004815817
CNV/115/011_Normal.tif,CNV-115,val,CNV,normal,OD,.tif,0.0019103270024061203
CNV/115/012_CNV.tif,CNV-115,val,CNV,cnv,OD,.tif,0.0019222167320549488
CNV/115/013_CNV.tif,CNV-115,val,CNV,cnv,OD,.tif,0.0022755544632673264
CNV/115/014_CNV.tif,CNV-115,val,CNV,cnv,OD,.tif,0.002863883273676038
CNV/115/015_CNV.tif,CNV-115,val,CNV,cnv,OD,.tif,0.002865611808374524
CNV/115/016_CNV.tif,CNV-115,val,CNV,cnv,OD,.tif,0.002858419669792056
CNV/115/017_CNV.tif,CNV-115,val,CNV,cnv,OD,.tif,0.0028206517454236746
CNV/115/018_CNV.tif,CNV-115,val,CNV,cnv,OD,.tif,0.0029842406511306763
CNV/115/019_CNV.tif,CNV-115,val,CNV,cnv,OD,.tif,0.0025416468270123005
CNV/115/020_Normal.tif,CNV-115,val,CNV,normal,OD,.tif,0.0021363398991525173
CNV/115/021_Normal.tif,CNV-115,val,CNV,normal,OD,.tif,0.002587825059890747
CNV/115/022_Normal.tif,CNV-115,val,CNV,normal,OD,.tif,0.0019446228398010135
CNV/115/023_Normal.tif,CNV-115,val,CNV,normal,OD,.tif,0.0024110530503094196
CNV/115/024_Normal.tif,CNV-115,val,CNV,normal,OD,.tif,0.002337248297408223
CNV/115/025_Normal.tif,CNV-115,val,CNV,normal,OD,.tif,0.002348479814827442
CNV/115/026_Normal.tif,CNV-115,val,CNV,normal,OD,.tif,0.0020284655038267374
CNV/115/027_Normal.tif,CNV-115,val,CNV,normal,OD,.tif,0.001843361184000969
CNV/115/028_Normal.tif,CNV-115,val,CNV,normal,OD,.tif,0.0018615624867379665
CNV/115/029_Drusen.tif,CNV-115,val,CNV,drusen,OD,.tif,0.001694963895715773
CNV/115/030_Normal.tif,CNV-115,val,CNV,normal,OD,.tif,0.001602949807420373
CNV/116/000_Drusen.tif,CNV-116,val,CNV,drusen,OD,.tif,0.0007376701687462628
CNV/116/001_Drusen.tif,CNV-116,val,CNV,drusen,OD,.tif,0.0008119415724650025
CNV/116/002_Drusen.tif,CNV-116,val,CNV,drusen,OD,.tif,0.0007374192937277257
CNV/116/003_Drusen.tif,CNV-116,val,CNV,drusen,OD,.tif,0.0008089520852081478
CNV/116/004_Drusen.tif,CNV-116,val,CNV,drusen,OD,.tif,0.0008717125165276229
CNV/116/005_CNV.tif,CNV-116,val,CNV,cnv,OD,.tif,0.0009563163039274514
CNV/116/006_CNV.tif,CNV-116,val,CNV,cnv,OD,.tif,0.0009439792484045029
CNV/116/007_CNV.tif,CNV-116,val,CNV,cnv,OD,.tif,0.0010345306945964694
CNV/116/008_CNV.tif,CNV-116,val,CNV,cnv,OD,.tif,0.001079425448551774
CNV/116/009_CNV.tif,CNV-116,val,CNV,cnv,OD,.tif,0.0009622417273931205
CNV/116/010_CNV.tif,CNV-116,val,CNV,cnv,OD,.tif,0.0011387377744540572
CNV/116/011_CNV.tif,CNV-116,val,CNV,cnv,OD,.tif,0.00116166437510401
CNV/116/012_CNV.tif,CNV-116,val,CNV,cnv,OD,.tif,0.001192826428450644
CNV/116/013_CNV.tif,CNV-116,val,CNV,cnv,OD,.tif,0.0012008092598989606
CNV/116/014_CNV.tif,CNV-116,val,CNV,cnv,OD,.tif,0.0010876398300752044
CNV/116/015_CNV.tif,CNV-116,val,CNV,cnv,OD,.tif,0.0011256092693656683
CNV/116/016_CNV.tif,CNV-116,val,CNV,cnv,OD,.tif,0.0010457594180479646
CNV/116/017_CNV.tif,CNV-116,val,CNV,cnv,OD,.tif,0.0011234413832426071
CNV/116/018_CNV.tif,CNV-116,val,CNV,cnv,OD,.tif,0.0009873273083940148
CNV/116/019_CNV.tif,CNV-116,val,CNV,cnv,OD,.tif,0.001003060839138925
CNV/116/020_CNV.tif,CNV-116,val,CNV,cnv,OD,.tif,0.0009509241790510714
CNV/116/021_CNV.tif,CNV-116,val,CNV,cnv,OD,.tif,0.0008441467070952058
CNV/116/022_CNV.tif,CNV-116,val,CNV,cnv,OD,.tif,0.0007584791746921837
CNV/116/023_CNV.tif,CNV-116,val,CNV,cnv,OD,.tif,0.0008706446969881654
CNV/116/024_Drusen.tif,CNV-116,val,CNV,drusen,OD,.tif,0.0008548207697458565
CNV/116/025_Drusen.tif,CNV-116,val,CNV,drusen,OD,.tif,0.0007538697100244462
CNV/116/026_Drusen.tif,CNV-116,val,CNV,drusen,OD,.tif,0.0008285341900773346
CNV/116/027_Drusen.tif,CNV-116,val,CNV,drusen,OD,.tif,0.000813119113445282
CNV/116/028_Drusen.tif,CNV-116,val,CNV,drusen,OD,.tif,0.0007978713838383555
CNV/116/029_Drusen.tif,CNV-116,val,CNV,drusen,OD,.tif,0.0006671382579952478
CNV/116/030_Drusen.tif,CNV-116,val,CNV,drusen,OD,.tif,0.0007539592334069312
CNV/120/000_CNV.tif,CNV-120,val,CNV,cnv,OS,.tif,0.0009668968850746751
CNV/120/001_CNV.tif,CNV-120,val,CNV,cnv,OS,.tif,0.0009620821801945567
CNV/120/002_CNV.tif,CNV-120,val,CNV,cnv,OS,.tif,0.0010093813762068748
CNV/120/003_CNV.tif,CNV-120,val,CNV,cnv,OS,.tif,0.0010701267747208476
CNV/120/004_CNV.tif,CNV-120,val,CNV,cnv,OS,.tif,0.0012705536792054772
CNV/120/005_CNV.tif,CNV-120,val,CNV,cnv,OS,.tif,0.0013652803609147668
CNV/120/006_CNV.tif,CNV-120,val,CNV,cnv,OS,.tif,0.0013456918532028794
CNV/120/007_CNV.tif,CNV-120,val,CNV,cnv,OS,.tif,0.0015184965450316668
CNV/120/008_CNV.tif,CNV-120,val,CNV,cnv,OS,.tif,0.0015271551674231887
CNV/120/009_CNV.tif,CNV-120,val,CNV,cnv,OS,.tif,0.0016671339981257915
CNV/120/010_CNV.tif,CNV-120,val,CNV,cnv,OS,.tif,0.0017074492061510682
CNV/120/011_CNV.tif,CNV-120,val,CNV,cnv,OS,.tif,0.001670556957833469
CNV/120/012_CNV.tif,CNV-120,val,CNV,cnv,OS,.tif,0.0016176695935428143
CNV/120/013_CNV.tif,CNV-120,val,CNV,cnv,OS,.tif,0.0015805037692189217
CNV/120/014_CNV.tif,CNV-120,val,CNV,cnv,OS,.tif,0.0015855011297389865
CNV/120/015_CNV.tif,CNV-120,val,CNV,cnv,OS,.tif,0.0014206200139597058
CNV/120/016_CNV.tif,CNV-120,val,CNV,cnv,OS,.tif,0.0013533106539398432
CNV/120/017_CNV.tif,CNV-120,val,CNV,cnv,OS,.tif,0.0013689742190763354
CNV/120/018_CNV.tif,CNV-120,val,CNV,cnv,OS,.tif,0.0013883138308301568
CNV/120/019_CNV.tif,CNV-120,val,CNV,cnv,OS,.tif,0.0013525927206501365
CNV/120/020_CNV.tif,CNV-120,val,CNV,cnv,OS,.tif,0.0013632599730044603
CNV/120/021_CNV.tif,CNV-120,val,CNV,cnv,OS,.tif,0.0013557982165366411
CNV/120/022_CNV.tif,CNV-120,val,CNV,cnv,OS,.tif,0.0013039123732596636
CNV/120/023_CNV.tif,CNV-120,val,CNV,cnv,OS,.tif,0.001288265106268227
CNV/120/024_CNV.tif,CNV-120,val,CNV,cnv,OS,.tif,0.0012206828687340021
CNV/122/000_NOrmal.tif,CNV-122,val,CNV,normal,OD,.tif,0.0007779755396768451
CNV/122/001_NOrmal.tif,CNV-122,val,CNV,normal,OD,.tif,0.0006780674448236823
CNV/122/002_NOrmal.tif,CNV-122,val,CNV,normal,OD,.tif,0.0007155185448937118
CNV/122/003_NOrmal.tif,CNV-122,val,CNV,normal,OD,.tif,0.0007943379459902644
CNV/122/004_NOrmal.tif,CNV-122,val,CNV,normal,OD,.tif,0.0005838344222865999
CNV/122/005_NOrmal.tif,CNV-122,val,CNV,normal,OD,.tif,0.0007077002082951367
CNV/122/006_NOrmal.tif,CNV-122,val,CNV,normal,OD,.tif,0.0007736514089629054
CNV/122/007_NOrmal.tif,CNV-122,val,CNV,normal,OD,.tif,0.0007118602516129613
CNV/122/008_NOrmal.tif,CNV-122,val,CNV,normal,OD,.tif,0.0006705547566525638
CNV/122/009_NOrmal.tif,CNV-122,val,CNV,normal,OD,.tif,0.0006778828683309257
CNV/122/010_NOrmal.tif,CNV-122,val,CNV,normal,OD,.tif,0.0006348441820591688
CNV/122/011_Drusen.tif,CNV-122,val,CNV,drusen,OD,.tif,0.0007063675438985229
CNV/122/012_CNV.tif,CNV-122,val,CNV,cnv,OD,.tif,0.0008571395301260054
CNV/122/013_CNV.tif,CNV-122,val,CNV,cnv,OD,.tif,0.0008680530008859932
CNV/122/014_CNV.tif,CNV-122,val,CNV,cnv,OD,.tif,0.0008584186434745789
CNV/122/015_CNV.tif,CNV-122,val,CNV,cnv,OD,.tif,0.000890944735147059
CNV/122/016_CNV.tif,CNV-122,val,CNV,cnv,OD,.tif,0.0006956909783184528
CNV/122/017_CNV.tif,CNV-122,val,CNV,cnv,OD,.tif,0.0005955250235274434
CNV/122/018_CNV.tif,CNV-122,val,CNV,cnv,OD,.tif,0.0004969274159520864
CNV/122/019_NOrmal.tif,CNV-122,val,CNV,normal,OD,.tif,0.0006426766631193459
CNV/122/020_NOrmal.tif,CNV-122,val,CNV,normal,OD,.tif,0.0006891661323606968
CNV/122/021_NOrmal.tif,CNV-122,val,CNV,normal,OD,.tif,0.0006753958878107369
CNV/122/022_NOrmal.tif,CNV-122,val,CNV,normal,OD,.tif,0.0005961675196886063
CNV/122/023_NOrmal.tif,CNV-122,val,CNV,normal,OD,.tif,0.0006480490555986762
CNV/122/024_NOrmal.tif,CNV-122,val,CNV,normal,OD,.tif,0.000794160645455122
CNV/122/025_NOrmal.tif,CNV-122,val,CNV,normal,OD,.tif,0.0008122987928800285
CNV/122/026_NOrmal.tif,CNV-122,val,CNV,normal,OD,.tif,0.0006661745137535036
CNV/122/027_NOrmal.tif,CNV-122,val,CNV,normal,OD,.tif,0.0011246410431340337
CNV/122/028_NOrmal.tif,CNV-122,val,CNV,normal,OD,.tif,0.0012952100951224566
CNV/122/029_NOrmal.tif,CNV-122,val,CNV,normal,OD,.tif,0.0011167272459715605
CNV/122/030_NOrmal.tif,CNV-122,val,CNV,normal,OD,.tif,0.0010655452497303486
CNV/127/000_CNV.tif,CNV-127,val,CNV,cnv,OD,.tif,0.0008450860623270273
CNV/127/001_CNV.tif,CNV-127,val,CNV,cnv,OD,.tif,0.0008853744948282838
CNV/127/002_CNV.tif,CNV-127,val,CNV,cnv,OD,.tif,0.0010383473709225655
CNV/127/003_CNV.tif,CNV-127,val,CNV,cnv,OD,.tif,0.0010751105146482587
CNV/127/004_CNV.tif,CNV-127,val,CNV,cnv,OD,.tif,0.0011003626277670264
CNV/127/005_CNV.tif,CNV-127,val,CNV,cnv,OD,.tif,0.0011098490795120597
CNV/127/006_CNV.tif,CNV-127,val,CNV,cnv,OD,.tif,0.0011064131977036595
CNV/127/007_CNV.tif,CNV-127,val,CNV,cnv,OD,.tif,0.0009797927923500538
CNV/127/008_CNV.tif,CNV-127,val,CNV,cnv,OD,.tif,0.0009660163195803761
CNV/127/009_CNV.tif,CNV-127,val,CNV,cnv,OD,.tif,0.0010811807587742805
CNV/127/010_CNV.tif,CNV-127,val,CNV,cnv,OD,.tif,0.0007695517269894481
CNV/127/011_CNV.tif,CNV-127,val,CNV,cnv,OD,.tif,0.0008009829325601459
CNV/127/012_CNV.tif,CNV-127,val,CNV,cnv,OD,.tif,0.0008707730448804796
CNV/127/013_CNV.tif,CNV-127,val,CNV,cnv,OD,.tif,0.0008234758861362934
CNV/127/014_CNV.tif,CNV-127,val,CNV,cnv,OD,.tif,0.0008341899956576526
CNV/127/015_CNV.tif,CNV-127,val,CNV,cnv,OD,.tif,0.0007956867339089513
CNV/127/016_CNV.tif,CNV-127,val,CNV,cnv,OD,.tif,0.0007879826589487493
CNV/127/017_CNV.tif,CNV-127,val,CNV,cnv,OD,.tif,0.0008387230336666107
CNV/127/018_CNV.tif,CNV-127,val,CNV,cnv,OD,.tif,0.0007366916397586465
CNV/127/019_CNV.tif,CNV-127,val,CNV,cnv,OD,.tif,0.0009694803156889975
CNV/127/020_CNV.tif,CNV-127,val,CNV,cnv,OD,.tif,0.0008176552946679294
CNV/127/021_CNV.tif,CNV-127,val,CNV,cnv,OD,.tif,0.0008823939715512097
CNV/127/022_CNV.tif,CNV-127,val,CNV,cnv,OD,.tif,0.0008680929895490408
CNV/127/023_CNV.tif,CNV-127,val,CNV,cnv,OD,.tif,0.0008747033425606787
CNV/127/024_CNV.tif,CNV-127,val,CNV,cnv,OD,.tif,0.0009084301418624818
CNV/127/025_CNV.tif,CNV-127,val,CNV,cnv,OD,.tif,0.0009872930822893977
CNV/127/026_CNV.tif,CNV-127,val,CNV,cnv,OD,.tif,0.001064406824298203
CNV/127/027_CNV.tif,CNV-127,val,CNV,cnv,OD,.tif,0.0010394005803391337
CNV/127/028_CNV.tif,CNV-127,val,CNV,cnv,OD,.tif,0.0010535039473325014
CNV/127/029_CNV.tif,CNV-127,val,CNV,cnv,OD,.tif,0.0011007125722244382
CNV/127/030_CNV.tif,CNV-127,val,CNV,cnv,OD,.tif,0.0010133039904758334
CNV/128/000_Normal.tif,CNV-128,val,CNV,normal,OS,.tif,0.0008008251315914094
CNV/128/001_Normal.tif,CNV-128,val,CNV,normal,OS,.tif,0.0007879806216806173
CNV/128/002_Normal.tif,CNV-128,val,CNV,normal,OS,.tif,0.0007978937355801463
CNV/128/003_Drusen.tif,CNV-128,val,CNV,drusen,OS,.tif,0.0007712720544077456
CNV/128/004_Drusen.tif,CNV-128,val,CNV,drusen,OS,.tif,0.0007364727789536119
CNV/128/005_Drusen.tif,CNV-128,val,CNV,drusen,OS,.tif,0.0008090990595519543
CNV/128/006_Drusen.tif,CNV-128,val,CNV,drusen,OS,.tif,0.0008586370968259871
CNV/128/007_Drusen.tif,CNV-128,val,CNV,drusen,OS,.tif,0.0009762918343767524
CNV/128/008_CNV.tif,CNV-128,val,CNV,cnv,OS,.tif,0.0010354961268603802
CNV/128/009_CNV.tif,CNV-128,val,CNV,cnv,OS,.tif,0.0009980343747884035
CNV/128/010_CNV.tif,CNV-128,val,CNV,cnv,OS,.tif,0.0009971059625968337
CNV/128/011_CNV.tif,CNV-128,val,CNV,cnv,OS,.tif,0.0010223379358649254
CNV/128/012_CNV.tif,CNV-128,val,CNV,cnv,OS,.tif,0.0011056448565796018
CNV/128/013_CNV.tif,CNV-128,val,CNV,cnv,OS,.tif,0.0012945429189130664
CNV/128/014_CNV.tif,CNV-128,val,CNV,cnv,OS,.tif,0.0012648107949644327
CNV/128/015_CNV.tif,CNV-128,val,CNV,cnv,OS,.tif,0.0014135291567072272
CNV/128/016_CNV.tif,CNV-128,val,CNV,cnv,OS,.tif,0.001501021790318191
CNV/128/017_CNV.tif,CNV-128,val,CNV,cnv,OS,.tif,0.0015002862783148885
CNV/128/018_CNV.tif,CNV-128,val,CNV,cnv,OS,.tif,0.0012438766425475478
CNV/128/019_CNV.tif,CNV-128,val,CNV,cnv,OS,.tif,0.0012868439080193639
CNV/128/020_CNV.tif,CNV-128,val,CNV,cnv,OS,.tif,0.0014403907116502523
CNV/128/021_CNV.tif,CNV-128,val,CNV,cnv,OS,.tif,0.001360288355499506
CNV/128/022_CNV.tif,CNV-128,val,CNV,cnv,OS,.tif,0.0012527968501672149
CNV/128/023_CNV.tif,CNV-128,val,CNV,cnv,OS,.tif,0.0011058691889047623
CNV/128/024_CNV.tif,CNV-128,val,CNV,cnv,OS,.tif,0.0011116518871858716
CNV/128/025_CNV.tif,CNV-128,val,CNV,cnv,OS,.tif,0.001063371542841196
CNV/128/026_CNV.tif,CNV-128,val,CNV,cnv,OS,.tif,0.000995081732980907
CNV/128/027_CNV.tif,CNV-128,val,CNV,cnv,OS,.tif,0.0008599772700108588
CNV/128/028_CNV.tif,CNV-128,val,CNV,cnv,OS,.tif,0.0008068747702054679
CNV/128/029_CNV.tif,CNV-128,val,CNV,cnv,OS,.tif,0.0007142254034988582
CNV/128/030_CNV.tif,CNV-128,val,CNV,cnv,OS,.tif,0.0007079527713358402
CNV/129/000_CNV.tif,CNV-129,val,CNV,cnv,OD,.tif,0.001264451420865953
CNV/129/001_CNV.tif,CNV-129,val,CNV,cnv,OD,.tif,0.000990457832813263
CNV/129/002_CNV.tif,CNV-129,val,CNV,cnv,OD,.tif,0.001139428815804422
CNV/129/003_CNV.tif,CNV-129,val,CNV,cnv,OD,.tif,0.0012123207561671734
CNV/129/004_CNV.tif,CNV-129,val,CNV,cnv,OD,.tif,0.0011242202017456293
CNV/129/005_CNV.tif,CNV-129,val,CNV,cnv,OD,.tif,0.0013042823411524296
CNV/129/006_CNV.tif,CNV-129,val,CNV,cnv,OD,.tif,0.001099125249311328
CNV/129/007_CNV.tif,CNV-129,val,CNV,cnv,OD,.tif,0.0010831680847331882
CNV/129/008_CNV.tif,CNV-129,val,CNV,cnv,OD,.tif,0.0008929288014769554
CNV/129/009_CNV.tif,CNV-129,val,CNV,cnv,OD,.tif,0.001178800594061613
CNV/129/010_CNV.tif,CNV-129,val,CNV,cnv,OD,.tif,0.0012077830033376813
CNV/129/011_CNV.tif,CNV-129,val,CNV,cnv,OD,.tif,0.0012733681360259652
CNV/129/012_CNV.tif,CNV-129,val,CNV,cnv,OD,.tif,0.0012396847596392035
CNV/129/013_CNV.tif,CNV-129,val,CNV,cnv,OD,.tif,0.0012874603271484375
CNV/129/014_CNV.tif,CNV-129,val,CNV,cnv,OD,.tif,0.001303673954680562
CNV/129/015_CNV.tif,CNV-129,val,CNV,cnv,OD,.tif,0.0016403422923758626
CNV/129/016_CNV.tif,CNV-129,val,CNV,cnv,OD,.tif,0.0019146011909469962
CNV/129/017_CNV.tif,CNV-129,val,CNV,cnv,OD,.tif,0.0017471566097810864
CNV/129/018_CNV.tif,CNV-129,val,CNV,cnv,OD,.tif,0.0018831533379852772
CNV/129/019_CNV.tif,CNV-129,val,CNV,cnv,OD,.tif,0.001852464396506548
CNV/129/020_CNV.tif,CNV-129,val,CNV,cnv,OD,.tif,0.0017592143267393112
CNV/129/021_CNV.tif,CNV-129,val,CNV,cnv,OD,.tif,0.001380998408421874
CNV/129/022_CNV.tif,CNV-129,val,CNV,cnv,OD,.tif,0.0013410038081929088
CNV/129/023_CNV.tif,CNV-129,val,CNV,cnv,OD,.tif,0.0014219124568626285
CNV/129/024_CNV.tif,CNV-129,val,CNV,cnv,OD,.tif,0.0014632459497079253
CNV/129/025_CNV.tif,CNV-129,val,CNV,cnv,OD,.tif,0.0013324791798368096
CNV/129/026_CNV.tif,CNV-129,val,CNV,cnv,OD,.tif,0.002240470377728343
CNV/129/027_CNV.tif,CNV-129,val,CNV,cnv,OD,.tif,0.0019097462063655257
CNV/129/028_CNV.tif,CNV-129,val,CNV,cnv,OD,.tif,0.0016566888662055135
CNV/129/029_CNV.tif,CNV-129,val,CNV,cnv,OD,.tif,0.0018254803726449609
CNV/129/030_CNV.tif,CNV-129,val,CNV,cnv,OD,.tif,0.001363521907478571
CNV/130/000_Drusen.tif,CNV-130,val,CNV,drusen,OS,.tif,0.0010371655225753784
CNV/130/001_Drusen.tif,CNV-130,val,CNV,drusen,OS,.tif,0.0012406260939314961
CNV/130/002_Drusen.tif,CNV-130,val,CNV,drusen,OS,.tif,0.0010712817311286926
CNV/130/003_CNV.tif,CNV-130,val,CNV,cnv,OS,.tif,0.0009597971802577376
CNV/130/004_CNV.tif,CNV-130,val,CNV,cnv,OS,.tif,0.0011494745267555118
CNV/130/005_CNV.tif,CNV-130,val,CNV,cnv,OS,.tif,0.0012981018517166376
CNV/130/006_CNV.tif,CNV-130,val,CNV,cnv,OS,.tif,0.001368476077914238
CNV/130/007_CNV.tif,CNV-130,val,CNV,cnv,OS,.tif,0.0016156698111444712
CNV/130/008_CNV.tif,CNV-130,val,CNV,cnv,OS,.tif,0.0013381160097196698
CNV/130/009_CNV.tif,CNV-130,val,CNV,cnv,OS,.tif,0.001325586112216115
CNV/130/010_CNV.tif,CNV-130,val,CNV,cnv,OS,.tif,0.0014086230657994747
CNV/130/011_CNV.tif,CNV-130,val,CNV,cnv,OS,.tif,0.0012838884722441435
CNV/130/012_CNV.tif,CNV-130,val,CNV,cnv,OS,.tif,0.0008438505465164781
CNV/130/013_CNV.tif,CNV-130,val,CNV,cnv,OS,.tif,0.0009237404447048903
CNV/130/014_CNV.tif,CNV-130,val,CNV,cnv,OS,.tif,0.0011012181639671326
CNV/130/015_CNV.tif,CNV-130,val,CNV,cnv,OS,.tif,0.0011520058615133166
CNV/130/016_CNV.tif,CNV-130,val,CNV,cnv,OS,.tif,0.001526871812529862
CNV/130/017_CNV.tif,CNV-130,val,CNV,cnv,OS,.tif,0.0015816327650099993
CNV/130/018_CNV.tif,CNV-130,val,CNV,cnv,OS,.tif,0.0019434638088569045
CNV/130/019_CNV.tif,CNV-130,val,CNV,cnv,OS,.tif,0.001658230321481824
CNV/130/020_CNV.tif,CNV-130,val,CNV,cnv,OS,.tif,0.0014649287331849337
CNV/130/021_CNV.tif,CNV-130,val,CNV,cnv,OS,.tif,0.0014245372731238604
CNV/130/022_CNV.tif,CNV-130,val,CNV,cnv,OS,.tif,0.00138649414293468
CNV/130/023_CNV.tif,CNV-130,val,CNV,cnv,OS,.tif,0.0013124154647812247
CNV/130/024_CNV.tif,CNV-130,val,CNV,cnv,OS,.tif,0.001313673215918243
CNV/130/025_CNV.tif,CNV-130,val,CNV,cnv,OS,.tif,0.00132113101426512
CNV/130/026_CNV.tif,CNV-130,val,CNV,cnv,OS,.tif,0.0013285701861605048
CNV/130/027_CNV.tif,CNV-130,val,CNV,cnv,OS,.tif,0.0011890009045600891
CNV/130/028_CNV.tif,CNV-130,val,CNV,cnv,OS,.tif,0.001084815477952361
CNV/130/029_CNV.tif,CNV-130,val,CNV,cnv,OS,.tif,0.0009846657048910856
CNV/131/000_CNV.tif,CNV-131,val,CNV,cnv,OS,.tif,0.0009408390615135431
CNV/131/001_CNV.tif,CNV-131,val,CNV,cnv,OS,.tif,0.0009412304498255253
CNV/131/002_CNV.tif,CNV-131,val,CNV,cnv,OS,.tif,0.0009608627296984196
CNV/131/003_CNV.tif,CNV-131,val,CNV,cnv,OS,.tif,0.0010099123464897275
CNV/131/004_CNV.tif,CNV-131,val,CNV,cnv,OS,.tif,0.0009556272416375577
CNV/131/005_CNV.tif,CNV-131,val,CNV,cnv,OS,.tif,0.0009707825956866145
CNV/131/006_CNV.tif,CNV-131,val,CNV,cnv,OS,.tif,0.0010189745808020234
CNV/131/007_CNV.tif,CNV-131,val,CNV,cnv,OS,.tif,0.0010431901318952441
CNV/131/008_CNV.tif,CNV-131,val,CNV,cnv,OS,.tif,0.0010034332517534494
CNV/131/009_CNV.tif,CNV-131,val,CNV,cnv,OS,.tif,0.0010574354091659188
CNV/131/010_CNV.tif,CNV-131,val,CNV,cnv,OS,.tif,0.0009231059229932725
CNV/131/011_CNV.tif,CNV-131,val,CNV,cnv,OS,.tif,0.0012110637035220861
CNV/131/012_CNV.tif,CNV-131,val,CNV,cnv,OS,.tif,0.001096502528525889
CNV/131/013_CNV.tif,CNV-131,val,CNV,cnv,OS,.tif,0.0010249814949929714
CNV/131/014_CNV.tif,CNV-131,val,CNV,cnv,OS,.tif,0.0010836353758350015
CNV/131/015_CNV.tif,CNV-131,val,CNV,cnv,OS,.tif,0.0012016213731840253
CNV/131/016_CNV.tif,CNV-131,val,CNV,cnv,OS,.tif,0.0012781303375959396
CNV/131/017_CNV.tif,CNV-131,val,CNV,cnv,OS,.tif,0.0011847020359709859
CNV/131/018_CNV.tif,CNV-131,val,CNV,cnv,OS,.tif,0.0011835022596642375
CNV/131/019_CNV.tif,CNV-131,val,CNV,cnv,OS,.tif,0.001306955935433507
CNV/131/020_CNV.tif,CNV-131,val,CNV,cnv,OS,.tif,0.0013883538777008653
CNV/131/021_CNV.tif,CNV-131,val,CNV,cnv,OS,.tif,0.0014699902385473251
CNV/131/022_CNV.tif,CNV-131,val,CNV,cnv,OS,.tif,0.001493543037213385
CNV/131/023_CNV.tif,CNV-131,val,CNV,cnv,OS,.tif,0.0012695924378931522
CNV/131/024_CNV.tif,CNV-131,val,CNV,cnv,OS,.tif,0.0012405453016981483
CNV/131/025_CNV.tif,CNV-131,val,CNV,cnv,OS,.tif,0.0011583330342546105
CNV/131/026_CNV.tif,CNV-131,val,CNV,cnv,OS,.tif,0.001130528748035431
CNV/131/027_CNV.tif,CNV-131,val,CNV,cnv,OS,.tif,0.0008713705465197563
CNV/131/028_CNV.tif,CNV-131,val,CNV,cnv,OS,.tif,0.0009312644833698869
CNV/131/029_CNV.tif,CNV-131,val,CNV,cnv,OS,.tif,0.0010128214489668608
CNV/131/030_CNV.tif,CNV-131,val,CNV,cnv,OS,.tif,0.0009733037441037595
CNV/150/000_Drusen.tif,CNV-150,val,CNV,drusen,OS,.tif,0.0013310781214386225
CNV/150/001_Drusen.tif,CNV-150,val,CNV,drusen,OS,.tif,0.00153365358710289
CNV/150/002_Drusen.tif,CNV-150,val,CNV,drusen,OS,.tif,0.0013881288468837738
CNV/150/003_Drusen.tif,CNV-150,val,CNV,drusen,OS,.tif,0.001451304997317493
CNV/150/004_Drusen.tif,CNV-150,val,CNV,drusen,OS,.tif,0.001168232411146164
CNV/150/005_Drusen.tif,CNV-150,val,CNV,drusen,OS,.tif,0.0011439676163718104
CNV/150/006_CNV.tif,CNV-150,val,CNV,cnv,OS,.tif,0.0011864155530929565
CNV/150/007_CNV.tif,CNV-150,val,CNV,cnv,OS,.tif,0.0011884738923981786
CNV/150/008_CNV.tif,CNV-150,val,CNV,cnv,OS,.tif,0.0011889790184795856
CNV/150/009_CNV.tif,CNV-150,val,CNV,cnv,OS,.tif,0.0015765264397487044
CNV/150/010_CNV.tif,CNV-150,val,CNV,cnv,OS,.tif,0.0016555156325921416
CNV/150/011_CNV.tif,CNV-150,val,CNV,cnv,OS,.tif,0.0016990911681205034
CNV/150/012_CNV.tif,CNV-150,val,CNV,cnv,OS,.tif,0.0013461566995829344
CNV/150/013_CNV.tif,CNV-150,val,CNV,cnv,OS,.tif,0.0013060292694717646
CNV/150/014_CNV.tif,CNV-150,val,CNV,cnv,OS,.tif,0.0012666542315855622
CNV/150/015_CNV.tif,CNV-150,val,CNV,cnv,OS,.tif,0.0011772796278819442
CNV/150/016_CNV.tif,CNV-150,val,CNV,cnv,OS,.tif,0.0012718546204268932
CNV/150/017_CNV.tif,CNV-150,val,CNV,cnv,OS,.tif,0.0013097507180646062
CNV/150/018_CNV.tif,CNV-150,val,CNV,cnv,OS,.tif,0.0019454186549410224
CNV/150/019_CNV.tif,CNV-150,val,CNV,cnv,OS,.tif,0.0012049829820170999
CNV/150/020_CNV.tif,CNV-150,val,CNV,cnv,OS,.tif,0.0011156549444422126
CNV/150/021_Drusen.tif,CNV-150,val,CNV,drusen,OS,.tif,0.0010382256004959345
CNV/150/022_Drusen.tif,CNV-150,val,CNV,drusen,OS,.tif,0.0010181856341660023
CNV/150/023_Drusen.tif,CNV-150,val,CNV,drusen,OS,.tif,0.000989627093076706
CNV/150/024_Drusen.tif,CNV-150,val,CNV,drusen,OS,.tif,0.0010466229869052768
CNV/150/025_Drusen.tif,CNV-150,val,CNV,drusen,OS,.tif,0.0009554016287438571
CNV/150/026_Drusen.tif,CNV-150,val,CNV,drusen,OS,.tif,0.000900809362065047
CNV/150/027_Drusen.tif,CNV-150,val,CNV,drusen,OS,.tif,0.0009451258229091763
CNV/150/028_Drusen.tif,CNV-150,val,CNV,drusen,OS,.tif,0.0009914623806253076
CNV/150/029_Drusen.tif,CNV-150,val,CNV,drusen,OS,.tif,0.0009904428152367473
CNV/150/030_Drusen.tif,CNV-150,val,CNV,drusen,OS,.tif,0.0008823596290312707
CNV/151/000_Drusen.tif,CNV-151,val,CNV,drusen,OD,.tif,0.0012350775068625808
CNV/151/001_Drusen.tif,CNV-151,val,CNV,drusen,OD,.tif,0.0013943965313956141
CNV/151/002_Drusen.tif,CNV-151,val,CNV,drusen,OD,.tif,0.0012275155168026686
CNV/151/003_Drusen.tif,CNV-151,val,CNV,drusen,OD,.tif,0.0011099755065515637
CNV/151/004_Drusen.tif,CNV-151,val,CNV,drusen,OD,.tif,0.000924870662856847
CNV/151/005_Normal.tif,CNV-151,val,CNV,normal,OD,.tif,0.0009347902960143983
CNV/151/006_Normal.tif,CNV-151,val,CNV,normal,OD,.tif,0.0010242908028885722
CNV/151/007_CNV.tif,CNV-151,val,CNV,cnv,OD,.tif,0.0009116638102568686
CNV/151/008_CNV.tif,CNV-151,val,CNV,cnv,OD,.tif,0.0012437900295481086
CNV/151/009_CNV.tif,CNV-151,val,CNV,cnv,OD,.tif,0.0010685533052310348
CNV/151/010_CNV.tif,CNV-151,val,CNV,cnv,OD,.tif,0.000750346458517015
CNV/151/011_CNV.tif,CNV-151,val,CNV,cnv,OD,.tif,0.0011231248499825597
CNV/151/012_CNV.tif,CNV-151,val,CNV,cnv,OD,.tif,0.0011971768690273166
CNV/151/013_CNV.tif,CNV-151,val,CNV,cnv,OD,.tif,0.0012918086722493172
CNV/151/014_CNV.tif,CNV-151,val,CNV,cnv,OD,.tif,0.0013420081231743097
CNV/151/015_CNV.tif,CNV-151,val,CNV,cnv,OD,.tif,0.0011911098845303059
CNV/151/016_CNV.tif,CNV-151,val,CNV,cnv,OD,.tif,0.0011445821728557348
CNV/151/017_CNV.tif,CNV-151,val,CNV,cnv,OD,.tif,0.0010347984498366714
CNV/151/018_CNV.tif,CNV-151,val,CNV,cnv,OD,.tif,0.001102242385968566
CNV/151/019_CNV.tif,CNV-151,val,CNV,cnv,OD,.tif,0.001141151413321495
CNV/151/020_CNV.tif,CNV-151,val,CNV,cnv,OD,.tif,0.0010868754470720887
CNV/151/021_CNV.tif,CNV-151,val,CNV,cnv,OD,.tif,0.0011576670221984386
CNV/151/022_CNV.tif,CNV-151,val,CNV,cnv,OD,.tif,0.0009127677185460925
CNV/151/023_CNV.tif,CNV-151,val,CNV,cnv,OD,.tif,0.0010719011770561337
CNV/151/024_CNV.tif,CNV-151,val,CNV,cnv,OD,.tif,0.0009700792725197971
CNV/151/025_CNV.tif,CNV-151,val,CNV,cnv,OD,.tif,0.0009814214427024126
CNV/151/026_CNV.tif,CNV-151,val,CNV,cnv,OD,.tif,0.0009353554341942072
CNV/151/027_Drusen.tif,CNV-151,val,CNV,drusen,OD,.tif,0.0009799908148124814
CNV/151/028_Drusen.tif,CNV-151,val,CNV,drusen,OD,.tif,0.0008989099296741188
CNV/151/029_Drusen.tif,CNV-151,val,CNV,drusen,OD,.tif,0.0009042318561114371
CNV/151/030_Drusen.tif,CNV-151,val,CNV,drusen,OD,.tif,0.001079540466889739
CNV/155/000_Normal.tif,CNV-155,val,CNV,normal,OD,.tif,0.0006012673256918788
CNV/155/001_Normal.tif,CNV-155,val,CNV,normal,OD,.tif,0.0005798152415081859
CNV/155/002_Normal.tif,CNV-155,val,CNV,normal,OD,.tif,0.00048772513400763273
CNV/155/003_Normal.tif,CNV-155,val,CNV,normal,OD,.tif,0.00045985361794009805
CNV/155/004_Normal.tif,CNV-155,val,CNV,normal,OD,.tif,0.0006607744726352394
CNV/155/005_Normal.tif,CNV-155,val,CNV,normal,OD,.tif,0.0006516994326375425
CNV/155/006_Normal.tif,CNV-155,val,CNV,normal,OD,.tif,0.0005419735098257661
CNV/155/007_Normal.tif,CNV-155,val,CNV,normal,OD,.tif,0.0005625559715554118
CNV/155/008_CNV.tif,CNV-155,val,CNV,cnv,OD,.tif,0.0005889073363505304
CNV/155/009_CNV.tif,CNV-155,val,CNV,cnv,OD,.tif,0.0005010030581615865
CNV/155/010_CNV.tif,CNV-155,val,CNV,cnv,OD,.tif,0.0005683377385139465
CNV/155/011_CNV.tif,CNV-155,val,CNV,cnv,OD,.tif,0.0006398645928129554
CNV/155/012_CNV.tif,CNV-155,val,CNV,cnv,OD,.tif,0.0005963817820884287
CNV/155/013_CNV.tif,CNV-155,val,CNV,cnv,OD,.tif,0.0005859785014763474
CNV/155/014_CNV.tif,CNV-155,val,CNV,cnv,OD,.tif,0.0006666996632702649
CNV/155/015_CNV.tif,CNV-155,val,CNV,cnv,OD,.tif,0.0006547109223902225
CNV/155/016_CNV.tif,CNV-155,val,CNV,cnv,OD,.tif,0.0005960931302979589
CNV/155/017_CNV.tif,CNV-155,val,CNV,cnv,OD,.tif,0.0006702547543682158
CNV/155/018_CNV.tif,CNV-155,val,CNV,cnv,OD,.tif,0.0006506751524284482
CNV/155/019_CNV.tif,CNV-155,val,CNV,cnv,OD,.tif,0.0005615805857814848
CNV/155/020_CNV.tif,CNV-155,val,CNV,cnv,OD,.tif,0.000755098822992295
CNV/155/021_CNV.tif,CNV-155,val,CNV,cnv,OD,.tif,0.0006760525866411626
CNV/155/022_Drusen.tif,CNV-155,val,CNV,drusen,OD,.tif,0.0006144448416307569
CNV/155/023_Drusen.tif,CNV-155,val,CNV,drusen,OD,.tif,0.0005697616725228727
CNV/155/024_Normal.tif,CNV-155,val,CNV,normal,OD,.tif,0.000400099263060838
CNV/155/025_Normal.tif,CNV-155,val,CNV,normal,OD,.tif,0.000767416029702872
CNV/155/026_Normal.tif,CNV-155,val,CNV,normal,OD,.tif,0.0008420581580139697
CNV/155/027_Normal.tif,CNV-155,val,CNV,normal,OD,.tif,0.0007190590840764344
CNV/155/028_Normal.tif,CNV-155,val,CNV,normal,OD,.tif,0.0008585338946431875
CNV/155/029_Normal.tif,CNV-155,val,CNV,normal,OD,.tif,0.0013930767308920622
CNV/155/030_Normal.tif,CNV-155,val,CNV,normal,OD,.tif,0.0011537970276549459
CNV/158/000_Normal.tif,CNV-158,val,CNV,normal,OS,.tif,0.0008412052993662655
CNV/158/001_Normal.tif,CNV-158,val,CNV,normal,OS,.tif,0.0007937643094919622
CNV/158/002_Normal.tif,CNV-158,val,CNV,normal,OS,.tif,0.0006465779733844101
CNV/158/003_Normal.tif,CNV-158,val,CNV,normal,OS,.tif,0.0006558080203831196
CNV/158/004_Drusen.tif,CNV-158,val,CNV,drusen,OS,.tif,0.0006650746800005436
CNV/158/005_Drusen.tif,CNV-158,val,CNV,drusen,OS,.tif,0.0006977575249038637
CNV/158/006_Drusen.tif,CNV-158,val,CNV,drusen,OS,.tif,0.0007174434722401202
CNV/158/007_Drusen.tif,CNV-158,val,CNV,drusen,OS,.tif,0.0007651431951671839
CNV/158/008_Drusen.tif,CNV-158,val,CNV,drusen,OS,.tif,0.0006873771781101823
CNV/158/009_Drusen.tif,CNV-158,val,CNV,drusen,OS,.tif,0.0007671652710996568
CNV/158/010_CNV.tif,CNV-158,val,CNV,cnv,OS,.tif,0.0009405770688317716
CNV/158/011_CNV.tif,CNV-158,val,CNV,cnv,OS,.tif,0.0008818611968308687
CNV/158/012_CNV.tif,CNV-158,val,CNV,cnv,OS,.tif,0.000853917736094445
CNV/158/013_CNV.tif,CNV-158,val,CNV,cnv,OS,.tif,0.0008227787911891937
CNV/158/014_CNV.tif,CNV-158,val,CNV,cnv,OS,.tif,0.0008115980890579522
CNV/158/015_CNV.tif,CNV-158,val,CNV,cnv,OS,.tif,0.0009246225818060338
CNV/158/016_CNV.tif,CNV-158,val,CNV,cnv,OS,.tif,0.0008438233053311706
CNV/158/017_CNV.tif,CNV-158,val,CNV,cnv,OS,.tif,0.0008304596412926912
CNV/158/018_CNV.tif,CNV-158,val,CNV,cnv,OS,.tif,0.0006929326336830854
CNV/158/019_Drusen.tif,CNV-158,val,CNV,drusen,OS,.tif,0.0006857646512798965
CNV/158/020_Drusen.tif,CNV-158,val,CNV,drusen,OS,.tif,0.0007519604987464845
CNV/158/021_Drusen.tif,CNV-158,val,CNV,drusen,OS,.tif,0.0005895216017961502
CNV/158/022_Drusen.tif,CNV-158,val,CNV,drusen,OS,.tif,0.0007026871899142861
CNV/158/023_Drusen.tif,CNV-158,val,CNV,drusen,OS,.tif,0.0007057642797008157
CNV/158/024_Drusen.tif,CNV-158,val,CNV,drusen,OS,.tif,0.0008525070734322071
CNV/158/025_Drusen.tif,CNV-158,val,CNV,drusen,OS,.tif,0.000799313944298774
CNV/158/026_Drusen.tif,CNV-158,val,CNV,drusen,OS,.tif,0.0008318370673805475
CNV/158/027_Drusen.tif,CNV-158,val,CNV,drusen,OS,.tif,0.0006759450188837945
CNV/158/028_Drusen.tif,CNV-158,val,CNV,drusen,OS,.tif,0.0005945248994976282
CNV/158/029_Drusen.tif,CNV-158,val,CNV,drusen,OS,.tif,0.0008030732278712094
CNV/158/030_Drusen.tif,CNV-158,val,CNV,drusen,OS,.tif,0.0005554498638957739
DRUSEN/3/000_Drusen.jpg,DRUSEN-003,val,DRUSEN,drusen,OD,.jpg,0.0006470085354521871
DRUSEN/3/001_Drusen.jpg,DRUSEN-003,val,DRUSEN,drusen,OD,.jpg,0.0007047373219393194
DRUSEN/3/002_Drusen.jpg,DRUSEN-003,val,DRUSEN,drusen,OD,.jpg,0.0007031644345261157
DRUSEN/3/003_Drusen.jpg,DRUSEN-003,val,DRUSEN,drusen,OD,.jpg,0.0006806640303693712
DRUSEN/3/004_Drusen.jpg,DRUSEN-003,val,DRUSEN,drusen,OD,.jpg,0.0008524169679731131
DRUSEN/3/005_Drusen.jpg,DRUSEN-003,val,DRUSEN,drusen,OD,.jpg,0.00096465356182307
DRUSEN/3/006_Drusen.jpg,DRUSEN-003,val,DRUSEN,drusen,OD,.jpg,0.0006543033523485065
DRUSEN/3/007_Drusen.jpg,DRUSEN-003,val,DRUSEN,drusen,OD,.jpg,0.0006978774908930063
DRUSEN/3/008_Drusen.jpg,DRUSEN-003,val,DRUSEN,drusen,OD,.jpg,0.0008215910056605935
DRUSEN/3/009_Drusen.jpg,DRUSEN-003,val,DRUSEN,drusen,OD,.jpg,0.0007731490186415613
DRUSEN/3/010_Drusen.jpg,DRUSEN-003,val,DRUSEN,drusen,OD,.jpg,0.0007787243230268359
DRUSEN/3/011_Drusen.jpg,DRUSEN-003,val,DRUSEN,drusen,OD,.jpg,0.0008116203243844211
DRUSEN/3/012_Drusen.jpg,DRUSEN-003,val,DRUSEN,drusen,OD,.jpg,0.0007579066441394389
DRUSEN/3/013_Drusen.jpg,DRUSEN-003,val,DRUSEN,drusen,OD,.jpg,0.0009367737220600247
DRUSEN/3/014_Drusen.jpg,DRUSEN-003,val,DRUSEN,drusen,OD,.jpg,0.0007333258399739861
DRUSEN/3/015_Drusen.jpg,DRUSEN-003,val,DRUSEN,drusen,OD,.jpg,0.0010504444362595677
DRUSEN/3/016_Drusen.jpg,DRUSEN-003,val,DRUSEN,drusen,OD,.jpg,0.000985985156148672
DRUSEN/3/017_Drusen.jpg,DRUSEN-003,val,DRUSEN,drusen,OD,.jpg,0.0008270328398793936
DRUSEN/3/018_Drusen.jpg,DRUSEN-003,val,DRUSEN,drusen,OD,.jpg,0.0008405601838603616
DRUSEN/3/019_Drusen.jpg,DRUSEN-003,val,DRUSEN,drusen,OD,.jpg,0.0008121164864860475
DRUSEN/3/020_Drusen.jpg,DRUSEN-003,val,DRUSEN,drusen,OD,.jpg,0.0008025376009754837
DRUSEN/3/021_Drusen.jpg,DRUSEN-003,val,DRUSEN,drusen,OD,.jpg,0.0009210828575305641
DRUSEN/3/022_Drusen.jpg,DRUSEN-003,val,DRUSEN,drusen,OD,.jpg,0.0008399406797252595
DRUSEN/3/023_Drusen.jpg,DRUSEN-003,val,DRUSEN,drusen,OD,.jpg,0.0008616550476290286
DRUSEN/3/024_Drusen.jpg,DRUSEN-003,val,DRUSEN,drusen,OD,.jpg,0.0008051135228015482
DRUSEN/3/025_Drusen.jpg,DRUSEN-003,val,DRUSEN,drusen,OD,.jpg,0.0007263293373398483
DRUSEN/3/026_Drusen.jpg,DRUSEN-003,val,DRUSEN,drusen,OD,.jpg,0.0007996651693247259
DRUSEN/3/027_Drusen.jpg,DRUSEN-003,val,DRUSEN,drusen,OD,.jpg,0.0008669201051816344
DRUSEN/3/028_Drusen.jpg,DRUSEN-003,val,DRUSEN,drusen,OD,.jpg,0.0009835801320150495
DRUSEN/3/029_Drusen.jpg,DRUSEN-003,val,DRUSEN,drusen,OD,.jpg,0.0009964816272258759
DRUSEN/3/030_Drusen.jpg,DRUSEN-003,val,DRUSEN,drusen,OD,.jpg,0.000986735220067203
DRUSEN/4/000_Normal.jpg,DRUSEN-004,val,DRUSEN,normal,OS,.jpg,0.0007649101316928864
DRUSEN/4/001_Normal.jpg,DRUSEN-004,val,DRUSEN,normal,OS,.jpg,0.0007532840827479959
DRUSEN/4/002_Normal.jpg,DRUSEN-004,val,DRUSEN,normal,OS,.jpg,0.0007786309579387307
DRUSEN/4/003_Normal.jpg,DRUSEN-004,val,DRUSEN,normal,OS,.jpg,0.0007880305638536811
DRUSEN/4/004_Normal.jpg,DRUSEN-004,val,DRUSEN,normal,OS,.jpg,0.000670324603561312
DRUSEN/4/005_Normal.jpg,DRUSEN-004,val,DRUSEN,normal,OS,.jpg,0.0006613776786252856
DRUSEN/4/006_Normal.jpg,DRUSEN-004,val,DRUSEN,normal,OS,.jpg,0.000624743930529803
DRUSEN/4/007_Normal.jpg,DRUSEN-004,val,DRUSEN,normal,OS,.jpg,0.0006121759070083499
DRUSEN/4/008_Normal.jpg,DRUSEN-004,val,DRUSEN,normal,OS,.jpg,0.0006106409127824008
DRUSEN/4/009_Normal.jpg,DRUSEN-004,val,DRUSEN,normal,OS,.jpg,0.0006144767976365983
DRUSEN/4/010_Normal.jpg,DRUSEN-004,val,DRUSEN,normal,OS,.jpg,0.0006104530184529722
DRUSEN/4/011_Drusen.jpg,DRUSEN-004,val,DRUSEN,drusen,OS,.jpg,0.0005426133284345269
DRUSEN/4/012_Normal.jpg,DRUSEN-004,val,DRUSEN,normal,OS,.jpg,0.0005315259331837296
DRUSEN/4/013_Normal.jpg,DRUSEN-004,val,DRUSEN,normal,OS,.jpg,0.0005579182179644704
DRUSEN/4/014_Normal.jpg,DRUSEN-004,val,DRUSEN,normal,OS,.jpg,0.000574121659155935
DRUSEN/4/015_Drusen.jpg,DRUSEN-004,val,DRUSEN,drusen,OS,.jpg,0.0005177762359380722
DRUSEN/4/016_Normal.jpg,DRUSEN-004,val,DRUSEN,normal,OS,.jpg,0.0005627054488286376
DRUSEN/4/017_Drusen.jpg,DRUSEN-004,val,DRUSEN,drusen,OS,.jpg,0.000641560647636652
DRUSEN/4/018_Normal.jpg,DRUSEN-004,val,DRUSEN,normal,OS,.jpg,0.0007524259272031486
DRUSEN/4/019_Normal.jpg,DRUSEN-004,val,DRUSEN,normal,OS,.jpg,0.0006034247344359756
DRUSEN/4/020_Normal.jpg,DRUSEN-004,val,DRUSEN,normal,OS,.jpg,0.0006493678083643317
DRUSEN/4/021_Normal.jpg,DRUSEN-004,val,DRUSEN,normal,OS,.jpg,0.00055038055870682
DRUSEN/4/022_Normal.jpg,DRUSEN-004,val,DRUSEN,normal,OS,.jpg,0.0005567026091739535
DRUSEN/4/023_Normal.jpg,DRUSEN-004,val,DRUSEN,normal,OS,.jpg,0.0006223224336281419
DRUSEN/4/024_Normal.jpg,DRUSEN-004,val,DRUSEN,normal,OS,.jpg,0.0006148535176180303
DRUSEN/4/025_Normal.jpg,DRUSEN-004,val,DRUSEN,normal,OS,.jpg,0.0005350480205379426
DRUSEN/4/026_Normal.jpg,DRUSEN-004,val,DRUSEN,normal,OS,.jpg,0.0006256726919673383
DRUSEN/4/027_Normal.jpg,DRUSEN-004,val,DRUSEN,normal,OS,.jpg,0.0005467776209115982
DRUSEN/4/028_Normal.jpg,DRUSEN-004,val,DRUSEN,normal,OS,.jpg,0.0005914553767070174
DRUSEN/4/029_Normal.jpg,DRUSEN-004,val,DRUSEN,normal,OS,.jpg,0.0005631778039969504
DRUSEN/4/030_Normal.jpg,DRUSEN-004,val,DRUSEN,normal,OS,.jpg,0.00047037022886797786
DRUSEN/5/OD/000_Normal.jpg,DRUSEN-005,val,DRUSEN,normal,OD,.jpg,0.0007892457069829106
DRUSEN/5/OD/001_Normal.jpg,DRUSEN-005,val,DRUSEN,normal,OD,.jpg,0.0007288143970072269
DRUSEN/5/OD/002_Normal.jpg,DRUSEN-005,val,DRUSEN,normal,OD,.jpg,0.0007381203467957675
DRUSEN/5/OD/003_Normal.jpg,DRUSEN-005,val,DRUSEN,normal,OD,.jpg,0.000746658188290894
DRUSEN/5/OD/004_Normal.jpg,DRUSEN-005,val,DRUSEN,normal,OD,.jpg,0.0006913953693583608
DRUSEN/5/OD/005_Normal.jpg,DRUSEN-005,val,DRUSEN,normal,OD,.jpg,0.0007637073867954314
DRUSEN/5/OD/006_Normal.jpg,DRUSEN-005,val,DRUSEN,normal,OD,.jpg,0.0007653234642930329
DRUSEN/5/OD/007_Drusen.jpg,DRUSEN-005,val,DRUSEN,drusen,OD,.jpg,0.0007036072784103453
DRUSEN/5/OD/008_Drusen.jpg,DRUSEN-005,val,DRUSEN,drusen,OD,.jpg,0.0007461101049557328
DRUSEN/5/OD/009_Drusen.jpg,DRUSEN-005,val,DRUSEN,drusen,OD,.jpg,0.0006992801791056991
DRUSEN/5/OD/010_Normal.jpg,DRUSEN-005,val,DRUSEN,normal,OD,.jpg,0.0008184220641851425
DRUSEN/5/OD/011_Drusen.jpg,DRUSEN-005,val,DRUSEN,drusen,OD,.jpg,0.0007900692871771753
DRUSEN/5/OD/012_Drusen.jpg,DRUSEN-005,val,DRUSEN,drusen,OD,.jpg,0.0008196752169169486
DRUSEN/5/OD/013_Drusen.jpg,DRUSEN-005,val,DRUSEN,drusen,OD,.jpg,0.0005830404115840793
DRUSEN/5/OD/014_Drusen.jpg,DRUSEN-005,val,DRUSEN,drusen,OD,.jpg,0.0007628982421010733
DRUSEN/5/OD/015_Drusen.jpg,DRUSEN-005,val,DRUSEN,drusen,OD,.jpg,0.0007180137909017503
DRUSEN/5/OD/016_Drusen.jpg,DRUSEN-005,val,DRUSEN,drusen,OD,.jpg,0.0006929463124834001
DRUSEN/5/OD/017_Drusen.jpg,DRUSEN-005,val,DRUSEN,drusen,OD,.jpg,0.000655726355034858
DRUSEN/5/OD/018_Drusen.jpg,DRUSEN-005,val,DRUSEN,drusen,OD,.jpg,0.0007011860143393278
DRUSEN/5/OD/019_Normal.jpg,DRUSEN-005,val,DRUSEN,normal,OD,.jpg,0.0006093532429076731
DRUSEN/5/OD/020_Normal.jpg,DRUSEN-005,val,DRUSEN,normal,OD,.jpg,0.0006736313225701451
DRUSEN/5/OD/021_Normal.jpg,DRUSEN-005,val,DRUSEN,normal,OD,.jpg,0.0006443351740017533
DRUSEN/5/OD/022_Normal.jpg,DRUSEN-005,val,DRUSEN,normal,OD,.jpg,0.0009689876460470259
DRUSEN/5/OD/023_Normal.jpg,DRUSEN-005,val,DRUSEN,normal,OD,.jpg,0.000702443765476346
DRUSEN/5/OD/024_Normal.jpg,DRUSEN-005,val,DRUSEN,normal,OD,.jpg,0.0007395138964056969
DRUSEN/5/OD/025_Normal.jpg,DRUSEN-005,val,DRUSEN,normal,OD,.jpg,0.000987940700724721
DRUSEN/5/OD/026_Normal.jpg,DRUSEN-005,val,DRUSEN,normal,OD,.jpg,0.0009114959393627942
DRUSEN/5/OD/027_Normal.jpg,DRUSEN-005,val,DRUSEN,normal,OD,.jpg,0.0009370625484734774
DRUSEN/5/OD/028_Normal.jpg,DRUSEN-005,val,DRUSEN,normal,OD,.jpg,0.0010581727838143706
DRUSEN/5/OD/029_Normal.jpg,DRUSEN-005,val,DRUSEN,normal,OD,.jpg,0.0009586633532308042
DRUSEN/5/OD/030_Normal.jpg,DRUSEN-005,val,DRUSEN,normal,OD,.jpg,0.0006820179405622184
DRUSEN/5/OS/000_Normal.jpg,DRUSEN-005,val,DRUSEN,normal,OS,.jpg,0.0006573608843609691
DRUSEN/5/OS/001_Normal.jpg,DRUSEN-005,val,DRUSEN,normal,OS,.jpg,0.0007131942547857761
DRUSEN/5/OS/002_Normal.jpg,DRUSEN-005,val,DRUSEN,normal,OS,.jpg,0.0006055500125512481
DRUSEN/5/OS/003_Normal.jpg,DRUSEN-005,val,DRUSEN,normal,OS,.jpg,0.000730124011170119
DRUSEN/5/OS/004_Drusen.jpg,DRUSEN-005,val,DRUSEN,drusen,OS,.jpg,0.0005639438750222325
DRUSEN/5/OS/005_Normal.jpg,DRUSEN-005,val,DRUSEN,normal,OS,.jpg,0.0008052811026573181
DRUSEN/5/OS/006_Normal.jpg,DRUSEN-005,val,DRUSEN,normal,OS,.jpg,0.0008562401053495705
DRUSEN/5/OS/007_Drusen.jpg,DRUSEN-005,val,DRUSEN,drusen,OS,.jpg,0.0007710854988545179
DRUSEN/5/OS/008_Drusen.jpg,DRUSEN-005,val,DRUSEN,drusen,OS,.jpg,0.0007522350642830133
DRUSEN/5/OS/009_Normal.jpg,DRUSEN-005,val,DRUSEN,normal,OS,.jpg,0.0007007460808381438
DRUSEN/5/OS/010_Drusen.jpg,DRUSEN-005,val,DRUSEN,drusen,OS,.jpg,0.0004800899769179523
DRUSEN/5/OS/011_Drusen.jpg,DRUSEN-005,val,DRUSEN,drusen,OS,.jpg,0.0006684957770630717
DRUSEN/5/OS/012_Drusen.jpg,DRUSEN-005,val,DRUSEN,drusen,OS,.jpg,0.0007376462453976274
DRUSEN/5/OS/013_Drusen.jpg,DRUSEN-005,val,DRUSEN,drusen,OS,.jpg,0.0006857251282781363
DRUSEN/5/OS/014_Drusen.jpg,DRUSEN-005,val,DRUSEN,drusen,OS,.jpg,0.0007749092765152454
DRUSEN/5/OS/015_Drusen.jpg,DRUSEN-005,val,DRUSEN,drusen,OS,.jpg,0.0007819255697540939
DRUSEN/5/OS/016_Drusen.jpg,DRUSEN-005,val,DRUSEN,drusen,OS,.jpg,0.0007503192755393684
DRUSEN/5/OS/017_Drusen.jpg,DRUSEN-005,val,DRUSEN,drusen,OS,.jpg,0.0008016524952836335
DRUSEN/5/OS/018_Drusen.jpg,DRUSEN-005,val,DRUSEN,drusen,OS,.jpg,0.0006457638810388744
DRUSEN/5/OS/019_Normal.jpg,DRUSEN-005,val,DRUSEN,normal,OS,.jpg,0.0006460807053372264
DRUSEN/5/OS/020_Normal.jpg,DRUSEN-005,val,DRUSEN,normal,OS,.jpg,0.0006932640681043267
DRUSEN/5/OS/021_Normal.jpg,DRUSEN-005,val,DRUSEN,normal,OS,.jpg,0.0007191402255557477
DRUSEN/5/OS/022_Normal.jpg,DRUSEN-005,val,DRUSEN,normal,OS,.jpg,0.0006914236000739038
DRUSEN/5/OS/023_Normal.jpg,DRUSEN-005,val,DRUSEN,normal,OS,.jpg,0.0007668562466278672
DRUSEN/5/OS/024_Normal.jpg,DRUSEN-005,val,DRUSEN,normal,OS,.jpg,0.0007198661915026605
DRUSEN/5/OS/025_Normal.jpg,DRUSEN-005,val,DRUSEN,normal,OS,.jpg,0.0007131443708203733
DRUSEN/5/OS/026_Normal.jpg,DRUSEN-005,val,DRUSEN,normal,OS,.jpg,0.000865917420014739
DRUSEN/5/OS/027_Normal.jpg,DRUSEN-005,val,DRUSEN,normal,OS,.jpg,0.0007618166855536401
DRUSEN/5/OS/028_Normal.jpg,DRUSEN-005,val,DRUSEN,normal,OS,.jpg,0.0007537725614383817
DRUSEN/5/OS/029_Normal.jpg,DRUSEN-005,val,DRUSEN,normal,OS,.jpg,0.000774914980866015
DRUSEN/5/OS/030_Normal.jpg,DRUSEN-005,val,DRUSEN,normal,OS,.jpg,0.000725357502233237
DRUSEN/8/000_normal.jpg,DRUSEN-008,val,DRUSEN,normal,OS,.jpg,0.000952582573518157
DRUSEN/8/001_Normal.jpg,DRUSEN-008,val,DRUSEN,normal,OS,.jpg,0.0009685294353403151
DRUSEN/8/002_normal.jpg,DRUSEN-008,val,DRUSEN,normal,OS,.jpg,0.001030358369462192
DRUSEN/8/003_normal.jpg,DRUSEN-008,val,DRUSEN,normal,OS,.jpg,0.0011977065587416291
DRUSEN/8/004_Normal.jpg,DRUSEN-008,val,DRUSEN,normal,OS,.jpg,0.0011608285130932927
DRUSEN/8/005_Normal.jpg,DRUSEN-008,val,DRUSEN,normal,OS,.jpg,0.0010468758409842849
DRUSEN/8/006_Normal.jpg,DRUSEN-008,val,DRUSEN,normal,OS,.jpg,0.0011257680598646402
DRUSEN/8/007_Normal.jpg,DRUSEN-008,val,DRUSEN,normal,OS,.jpg,0.0010692254872992635
DRUSEN/8/008_Normal.jpg,DRUSEN-008,val,DRUSEN,normal,OS,.jpg,0.0010707499459385872
DRUSEN/8/009_Normal.jpg,DRUSEN-008,val,DRUSEN,normal,OS,.jpg,0.001085907220840454
DRUSEN/8/010_Normal.jpg,DRUSEN-008,val,DRUSEN,normal,OS,.jpg,0.0010334999533370137
DRUSEN/8/011_Normal.jpg,DRUSEN-008,val,DRUSEN,normal,OS,.jpg,0.0010415362194180489
DRUSEN/8/012_Normal.jpg,DRUSEN-008,val,DRUSEN,normal,OS,.jpg,0.0010718490229919553
DRUSEN/8/013_Drusen.jpg,DRUSEN-008,val,DRUSEN,drusen,OS,.jpg,0.0012681203661486506
DRUSEN/8/014_Drusen.jpg,DRUSEN-008,val,DRUSEN,drusen,OS,.jpg,0.001233533606864512
DRUSEN/8/015_Drusen.jpg,DRUSEN-008,val,DRUSEN,drusen,OS,.jpg,0.0012524038320407271
DRUSEN/8/016_Drusen.jpg,DRUSEN-008,val,DRUSEN,drusen,OS,.jpg,0.001124118221923709
DRUSEN/8/017_Drusen.jpg,DRUSEN-008,val,DRUSEN,drusen,OS,.jpg,0.0011178350541740656
DRUSEN/8/018_Normal.jpg,DRUSEN-008,val,DRUSEN,normal,OS,.jpg,0.0012194933369755745
DRUSEN/8/019_Normal.jpg,DRUSEN-008,val,DRUSEN,normal,OS,.jpg,0.0013223965652287006
DRUSEN/8/020_Normal.jpg,DRUSEN-008,val,DRUSEN,normal,OS,.jpg,0.0013016755692660809
DRUSEN/8/021_Normal.jpg,DRUSEN-008,val,DRUSEN,normal,OS,.jpg,0.0013054092414677143
DRUSEN/8/022_Normal.jpg,DRUSEN-008,val,DRUSEN,normal,OS,.jpg,0.001157434773631394
DRUSEN/8/023_Normal.jpg,DRUSEN-008,val,DRUSEN,normal,OS,.jpg,0.0011099169496446848
DRUSEN/8/024_Normal.jpg,DRUSEN-008,val,DRUSEN,normal,OS,.jpg,0.0012828236212953925
DRUSEN/8/025_Normal.jpg,DRUSEN-008,val,DRUSEN,normal,OS,.jpg,0.0012314438354223967
DRUSEN/8/026_Normal.jpg,DRUSEN-008,val,DRUSEN,normal,OS,.jpg,0.0014174306998029351
DRUSEN/8/027_Normal.jpg,DRUSEN-008,val,DRUSEN,normal,OS,.jpg,0.0013439481845125556
DRUSEN/8/028_Normal.jpg,DRUSEN-008,val,DRUSEN,normal,OS,.jpg,0.001421475550159812
DRUSEN/8/029_Normal.jpg,DRUSEN-008,val,DRUSEN,normal,OS,.jpg,0.0013490528799593449
DRUSEN/8/030_Normal.jpg,DRUSEN-008,val,DRUSEN,normal,OS,.jpg,0.001447281683795154
DRUSEN/9/OD/000_Drusen.jpg,DRUSEN-009,val,DRUSEN,drusen,OD,.jpg,0.0007998693035915494
DRUSEN/9/OD/001_Drusen.jpg,DRUSEN-009,val,DRUSEN,drusen,OD,.jpg,0.0007398774032481015
DRUSEN/9/OD/002_Drusen.jpg,DRUSEN-009,val,DRUSEN,drusen,OD,.jpg,0.0007984474068507552
DRUSEN/9/OD/003_Drusen.jpg,DRUSEN-009,val,DRUSEN,drusen,OD,.jpg,0.0008133821538649499
DRUSEN/9/OD/004_Drusen.jpg,DRUSEN-009,val,DRUSEN,drusen,OD,.jpg,0.0006418281118385494
DRUSEN/9/OD/005_Drusen.jpg,DRUSEN-009,val,DRUSEN,drusen,OD,.jpg,0.0006673711468465626
DRUSEN/9/OD/006_Drusen.jpg,DRUSEN-009,val,DRUSEN,drusen,OD,.jpg,0.0006266305572353303
DRUSEN/9/OD/007_Drusen.jpg,DRUSEN-009,val,DRUSEN,drusen,OD,.jpg,0.0007321449811570346
DRUSEN/9/OD/008_Drusen.jpg,DRUSEN-009,val,DRUSEN,drusen,OD,.jpg,0.0007717712433077395
DRUSEN/9/OD/009_Drusen.jpg,DRUSEN-009,val,DRUSEN,drusen,OD,.jpg,0.0007790692034177482
DRUSEN/9/OD/010_Drusen.jpg,DRUSEN-009,val,DRUSEN,drusen,OD,.jpg,0.0007406086078844965
DRUSEN/9/OD/011_Drusen.jpg,DRUSEN-009,val,DRUSEN,drusen,OD,.jpg,0.0008414363255724311
DRUSEN/9/OD/012_Drusen.jpg,DRUSEN-009,val,DRUSEN,drusen,OD,.jpg,0.0007998552173376083
DRUSEN/9/OD/013_Drusen.jpg,DRUSEN-009,val,DRUSEN,drusen,OD,.jpg,0.000748543709050864
DRUSEN/9/OD/014_Drusen.jpg,DRUSEN-009,val,DRUSEN,drusen,OD,.jpg,0.0008005172130651772
DRUSEN/9/OD/015_Drusen.jpg,DRUSEN-009,val,DRUSEN,drusen,OD,.jpg,0.0007605525315739214
DRUSEN/9/OD/016_Drusen.jpg,DRUSEN-009,val,DRUSEN,drusen,OD,.jpg,0.0007853966089896858
DRUSEN/9/OD/017_Drusen.jpg,DRUSEN-009,val,DRUSEN,drusen,OD,.jpg,0.0006605891394428909
DRUSEN/9/OD/018_Drusen.jpg,DRUSEN-009,val,DRUSEN,drusen,OD,.jpg,0.000740183109883219
DRUSEN/9/OD/019_Drusen.jpg,DRUSEN-009,val,DRUSEN,drusen,OD,.jpg,0.0007625247817486525
DRUSEN/9/OD/020_Drusen.jpg,DRUSEN-009,val,DRUSEN,drusen,OD,.jpg,0.000761939212679863
DRUSEN/9/OD/021_Drusen.jpg,DRUSEN-009,val,DRUSEN,drusen,OD,.jpg,0.0006672907038591802
DRUSEN/9/OD/022_Drusen.jpg,DRUSEN-009,val,DRUSEN,drusen,OD,.jpg,0.0006735811475664377
DRUSEN/9/OD/023_Drusen.jpg,DRUSEN-009,val,DRUSEN,drusen,OD,.jpg,0.0007534988690167665
DRUSEN/9/OD/024_Drusen.jpg,DRUSEN-009,val,DRUSEN,drusen,OD,.jpg,0.0007668946054764092
DRUSEN/9/OD/025_Drusen.jpg,DRUSEN-009,val,DRUSEN,drusen,OD,.jpg,0.0008725824882276356
DRUSEN/9/OD/026_Drusen.jpg,DRUSEN-009,val,DRUSEN,drusen,OD,.jpg,0.0008129053167067468
DRUSEN/9/OD/027_Drusen.jpg,DRUSEN-009,val,DRUSEN,drusen,OD,.jpg,0.000731923442799598
DRUSEN/9/OD/028_Drusen.jpg,DRUSEN-009,val,DRUSEN,drusen,OD,.jpg,0.0006640380015596747
DRUSEN/9/OD/029_Drusen.jpg,DRUSEN-009,val,DRUSEN,drusen,OD,.jpg,0.0008852664032019675
DRUSEN/9/OD/030_Drusen.jpg,DRUSEN-009,val,DRUSEN,drusen,OD,.jpg,0.0009958148002624512
DRUSEN/9/OS/000_Drusen.jpg,DRUSEN-009,val,DRUSEN,drusen,OS,.jpg,0.0006175060989335179
DRUSEN/9/OS/001_Drusen.jpg,DRUSEN-009,val,DRUSEN,drusen,OS,.jpg,0.0005523327854461968
DRUSEN/9/OS/002_Drusen.jpg,DRUSEN-009,val,DRUSEN,drusen,OS,.jpg,0.0005957529647275805
DRUSEN/9/OS/003_Drusen.jpg,DRUSEN-009,val,DRUSEN,drusen,OS,.jpg,0.0008156956173479557
DRUSEN/9/OS/004_Normal.jpg,DRUSEN-009,val,DRUSEN,normal,OS,.jpg,0.0009476033155806363
DRUSEN/9/OS/005_Drusen.jpg,DRUSEN-009,val,DRUSEN,drusen,OS,.jpg,0.0007413363782688975
DRUSEN/9/OS/006_Drusen.jpg,DRUSEN-009,val,DRUSEN,drusen,OS,.jpg,0.0007971046143211424
DRUSEN/9/OS/007_Drusen.jpg,DRUSEN-009,val,DRUSEN,drusen,OS,.jpg,0.0007291224901564419
DRUSEN/9/OS/008_Drusen.jpg,DRUSEN-009,val,DRUSEN,drusen,OS,.jpg,0.0007465219823643565
DRUSEN/9/OS/009_Drusen.jpg,DRUSEN-009,val,DRUSEN,drusen,OS,.jpg,0.0007092513260431588
DRUSEN/9/OS/010_Drusen.jpg,DRUSEN-009,val,DRUSEN,drusen,OS,.jpg,0.0007000913610681891
DRUSEN/9/OS/011_Drusen.jpg,DRUSEN-009,val,DRUSEN,drusen,OS,.jpg,0.0007891276036389172
DRUSEN/9/OS/012_Drusen.jpg,DRUSEN-009,val,DRUSEN,drusen,OS,.jpg,0.0009746251162141562
DRUSEN/9/OS/013_Drusen.jpg,DRUSEN-009,val,DRUSEN,drusen,OS,.jpg,0.0010018988978117704
DRUSEN/9/OS/014_Drusen.jpg,DRUSEN-009,val,DRUSEN,drusen,OS,.jpg,0.0009845937602221966
DRUSEN/9/OS/015_Drusen.jpg,DRUSEN-009,val,DRUSEN,drusen,OS,.jpg,0.0010200906544923782
DRUSEN/9/OS/016_Drusen.jpg,DRUSEN-009,val,DRUSEN,drusen,OS,.jpg,0.0009730695746839046
DRUSEN/9/OS/017_Drusen.jpg,DRUSEN-009,val,DRUSEN,drusen,OS,.jpg,0.0008465828723274171
DRUSEN/9/OS/018_Drusen.jpg,DRUSEN-009,val,DRUSEN,drusen,OS,.jpg,0.0009320441167801619
DRUSEN/9/OS/019_Drusen.jpg,DRUSEN-009,val,DRUSEN,drusen,OS,.jpg,0.0009501462918706238
DRUSEN/9/OS/020_Drusen.jpg,DRUSEN-009,val,DRUSEN,drusen,OS,.jpg,0.0008537819376215339
DRUSEN/9/OS/021_Drusen.jpg,DRUSEN-009,val,DRUSEN,drusen,OS,.jpg,0.0008662671316415071
DRUSEN/9/OS/022_Drusen.jpg,DRUSEN-009,val,DRUSEN,drusen,OS,.jpg,0.0007602493278682232
DRUSEN/9/OS/023_Drusen.jpg,DRUSEN-009,val,DRUSEN,drusen,OS,.jpg,0.0008212127722799778
DRUSEN/9/OS/024_Drusen.jpg,DRUSEN-009,val,DRUSEN,drusen,OS,.jpg,0.000859762541949749
DRUSEN/9/OS/025_Drusen.jpg,DRUSEN-009,val,DRUSEN,drusen,OS,.jpg,0.0010203011333942413
DRUSEN/9/OS/026_Drusen.jpg,DRUSEN-009,val,DRUSEN,drusen,OS,.jpg,0.0009976582368835807
DRUSEN/9/OS/027_Drusen.jpg,DRUSEN-009,val,DRUSEN,drusen,OS,.jpg,0.0011339439079165459
DRUSEN/9/OS/028_Drusen.jpg,DRUSEN-009,val,DRUSEN,drusen,OS,.jpg,0.001166786765679717
DRUSEN/9/OS/029_Drusen.jpg,DRUSEN-009,val,DRUSEN,drusen,OS,.jpg,0.0010245779994875193
DRUSEN/9/OS/030_Drusen.jpg,DRUSEN-009,val,DRUSEN,drusen,OS,.jpg,0.0011194625403732061
DRUSEN/13/OD/000_Normal.jpg,DRUSEN-013,val,DRUSEN,normal,OD,.jpg,0.000962018733844161
DRUSEN/13/OD/001_Normal.jpg,DRUSEN-013,val,DRUSEN,normal,OD,.jpg,0.0009559385944157839
DRUSEN/13/OD/002_Normal.jpg,DRUSEN-013,val,DRUSEN,normal,OD,.jpg,0.0010773735120892525
DRUSEN/13/OD/003_Normal.jpg,DRUSEN-013,val,DRUSEN,normal,OD,.jpg,0.000990382512100041
DRUSEN/13/OD/004_Normal.jpg,DRUSEN-013,val,DRUSEN,normal,OD,.jpg,0.0010288000339642167
DRUSEN/13/OD/005_Normal.jpg,DRUSEN-013,val,DRUSEN,normal,OD,.jpg,0.0010180083336308599
DRUSEN/13/OD/006_Normal.jpg,DRUSEN-013,val,DRUSEN,normal,OD,.jpg,0.0010268277255818248
DRUSEN/13/OD/007_Normal.jpg,DRUSEN-013,val,DRUSEN,normal,OD,.jpg,0.0010958827333524823
DRUSEN/13/OD/008_Normal.jpg,DRUSEN-013,val,DRUSEN,normal,OD,.jpg,0.0010733403032645583
DRUSEN/13/OD/009_Normal.jpg,DRUSEN-013,val,DRUSEN,normal,OD,.jpg,0.0011858664220198989
DRUSEN/13/OD/010_Normal.jpg,DRUSEN-013,val,DRUSEN,normal,OD,.jpg,0.0013244817964732647
DRUSEN/13/OD/011_Normal.jpg,DRUSEN-013,val,DRUSEN,normal,OD,.jpg,0.0010725375032052398
DRUSEN/13/OD/012_Normal.jpg,DRUSEN-013,val,DRUSEN,normal,OD,.jpg,0.0009748134762048721
DRUSEN/13/OD/013_Drusen.jpg,DRUSEN-013,val,DRUSEN,drusen,OD,.jpg,0.0012000108836218715
DRUSEN/13/OD/014_Normal.jpg,DRUSEN-013,val,DRUSEN,normal,OD,.jpg,0.0010125772096216679
DRUSEN/13/OD/015_Normal.jpg,DRUSEN-013,val,DRUSEN,normal,OD,.jpg,0.0010863827774301171
DRUSEN/13/OD/016_Drusen.jpg,DRUSEN-013,val,DRUSEN,drusen,OD,.jpg,0.0011164675233885646
DRUSEN/13/OD/017_Drusen.jpg,DRUSEN-013,val,DRUSEN,drusen,OD,.jpg,0.0013154883636161685
DRUSEN/13/OD/018_Drusen.jpg,DRUSEN-013,val,DRUSEN,drusen,OD,.jpg,0.0012162349885329604
DRUSEN/13/OD/019_Drusen.jpg,DRUSEN-013,val,DRUSEN,drusen,OD,.jpg,0.0012419464765116572
DRUSEN/13/OD/020_Drusen.jpg,DRUSEN-013,val,DRUSEN,drusen,OD,.jpg,0.0011757207103073597
DRUSEN/13/OD/021_Drusen.jpg,DRUSEN-013,val,DRUSEN,drusen,OD,.jpg,0.001240651123225689
DRUSEN/13/OD/022_Drusen.jpg,DRUSEN-013,val,DRUSEN,drusen,OD,.jpg,0.001276745111681521
DRUSEN/13/OD/023_Drusen.jpg,DRUSEN-013,val,DRUSEN,drusen,OD,.jpg,0.0010907558025792241
DRUSEN/13/OD/024_Drusen.jpg,DRUSEN-013,val,DRUSEN,drusen,OD,.jpg,0.0011888161534443498
DRUSEN/13/OD/025_Normal.jpg,DRUSEN-013,val,DRUSEN,normal,OD,.jpg,0.00105506822001189
DRUSEN/13/OD/026_Normal.jpg,DRUSEN-013,val,DRUSEN,normal,OD,.jpg,0.001007376122288406
DRUSEN/13/OD/027_Normal.jpg,DRUSEN-013,val,DRUSEN,normal,OD,.jpg,0.0010022317292168736
DRUSEN/13/OD/028_Normal.jpg,DRUSEN-013,val,DRUSEN,normal,OD,.jpg,0.0009282278479076922
DRUSEN/13/OD/029_Normal.jpg,DRUSEN-013,val,DRUSEN,normal,OD,.jpg,0.0009495680569671094
DRUSEN/13/OD/030_Normal.jpg,DRUSEN-013,val,DRUSEN,normal,OD,.jpg,0.0010270786006003618
DRUSEN/13/OS/000_Normal.jpg,DRUSEN-013,val,DRUSEN,normal,OS,.jpg,0.0013635061914101243
DRUSEN/13/OS/001_Normal.jpg,DRUSEN-013,val,DRUSEN,normal,OS,.jpg,0.0011328335385769606
DRUSEN/13/OS/002_Normal.jpg,DRUSEN-013,val,DRUSEN,normal,OS,.jpg,0.0011824036482721567
DRUSEN/13/OS/003_Normal.jpg,DRUSEN-013,val,DRUSEN,normal,OS,.jpg,0.0010567522840574384
DRUSEN/13/OS/004_Normal.jpg,DRUSEN-013,val,DRUSEN,normal,OS,.jpg,0.0010754053946584463
DRUSEN/13/OS/005_Normal.jpg,DRUSEN-013,val,DRUSEN,normal,OS,.jpg,0.0010161205427721143
DRUSEN/13/OS/006_Normal.jpg,DRUSEN-013,val,DRUSEN,normal,OS,.jpg,0.0009643756202422082
DRUSEN/13/OS/007_Normal.jpg,DRUSEN-013,val,DRUSEN,normal,OS,.jpg,0.0010548580903559923
DRUSEN/13/OS/008_Normal.jpg,DRUSEN-013,val,DRUSEN,normal,OS,.jpg,0.0011286881053820252
DRUSEN/13/OS/009_Normal.jpg,DRUSEN-013,val,DRUSEN,normal,OS,.jpg,0.0012465332401916385
DRUSEN/13/OS/010_Drusen.jpg,DRUSEN-013,val,DRUSEN,drusen,OS,.jpg,0.001210248563438654
DRUSEN/13/OS/011_Drusen.jpg,DRUSEN-013,val,DRUSEN,drusen,OS,.jpg,0.000984532292932272
DRUSEN/13/OS/012_Drusen.jpg,DRUSEN-013,val,DRUSEN,drusen,OS,.jpg,0.0011774246813729405
DRUSEN/13/OS/013_Drusen.jpg,DRUSEN-013,val,DRUSEN,drusen,OS,.jpg,0.0009580665500834584
DRUSEN/13/OS/014_Drusen.jpg,DRUSEN-013,val,DRUSEN,drusen,OS,.jpg,0.001026561832986772
DRUSEN/13/OS/015_Drusen.jpg,DRUSEN-013,val,DRUSEN,drusen,OS,.jpg,0.0010659989202395082
DRUSEN/13/OS/016_Drusen.jpg,DRUSEN-013,val,DRUSEN,drusen,OS,.jpg,0.0011586983455345035
DRUSEN/13/OS/017_Drusen.jpg,DRUSEN-013,val,DRUSEN,drusen,OS,.jpg,0.0010660169646143913
DRUSEN/13/OS/018_Drusen.jpg,DRUSEN-013,val,DRUSEN,drusen,OS,.jpg,0.0012736089993268251
DRUSEN/13/OS/019_Drusen.jpg,DRUSEN-013,val,DRUSEN,drusen,OS,.jpg,0.0010888573015108705
DRUSEN/13/OS/020_Drusen.jpg,DRUSEN-013,val,DRUSEN,drusen,OS,.jpg,0.001274601323530078
DRUSEN/13/OS/021_Drusen.jpg,DRUSEN-013,val,DRUSEN,drusen,OS,.jpg,0.0012050473596900702
DRUSEN/13/OS/022_Drusen.jpg,DRUSEN-013,val,DRUSEN,drusen,OS,.jpg,0.0012698230566456914
DRUSEN/13/OS/023_Drusen.jpg,DRUSEN-013,val,DRUSEN,drusen,OS,.jpg,0.0013772583333775401
DRUSEN/13/OS/024_Drusen.jpg,DRUSEN-013,val,DRUSEN,drusen,OS,.jpg,0.001201384817250073
DRUSEN/13/OS/025_Normal.jpg,DRUSEN-013,val,DRUSEN,normal,OS,.jpg,0.0012016096152365208
DRUSEN/13/OS/026_Normal.jpg,DRUSEN-013,val,DRUSEN,normal,OS,.jpg,0.001254433998838067
DRUSEN/13/OS/027_Normal.jpg,DRUSEN-013,val,DRUSEN,normal,OS,.jpg,0.0011959803523495793
DRUSEN/13/OS/028_Normal.jpg,DRUSEN-013,val,DRUSEN,normal,OS,.jpg,0.001196297467686236
DRUSEN/13/OS/029_Normal.jpg,DRUSEN-013,val,DRUSEN,normal,OS,.jpg,0.0011165277101099491
DRUSEN/13/OS/030_Normal.jpg,DRUSEN-013,val,DRUSEN,normal,OS,.jpg,0.0012613864382728934
DRUSEN/21/000_Normal.tif,DRUSEN-021,val,DRUSEN,normal,OD,.tif,0.0007944884710013866
DRUSEN/21/001_Normal.tif,DRUSEN-021,val,DRUSEN,normal,OD,.tif,0.0007103743846528232
DRUSEN/21/002_Normal.tif,DRUSEN-021,val,DRUSEN,normal,OD,.tif,0.0007494226447306573
DRUSEN/21/003_Normal.tif,DRUSEN-021,val,DRUSEN,normal,OD,.tif,0.0006884981994517148
DRUSEN/21/004_Drusen.tif,DRUSEN-021,val,DRUSEN,drusen,OD,.tif,0.0007106903940439224
DRUSEN/21/005_Drusen.tif,DRUSEN-021,val,DRUSEN,drusen,OD,.tif,0.0008607138879597187
DRUSEN/21/006_Drusen.tif,DRUSEN-021,val,DRUSEN,drusen,OD,.tif,0.0008116220124065876
DRUSEN/21/007_Drusen.tif,DRUSEN-021,val,DRUSEN,drusen,OD,.tif,0.0008832962485030293
DRUSEN/21/008_Drusen.tif,DRUSEN-021,val,DRUSEN,drusen,OD,.tif,0.000914398638997227
DRUSEN/21/009_Drusen.tif,DRUSEN-021,val,DRUSEN,drusen,OD,.tif,0.0008609951473772526
DRUSEN/21/010_Drusen.tif,DRUSEN-021,val,DRUSEN,drusen,OD,.tif,0.00093790766550228
DRUSEN/21/011_Drusen.tif,DRUSEN-021,val,DRUSEN,drusen,OD,.tif,0.0009824644075706601
DRUSEN/21/012_Drusen.tif,DRUSEN-021,val,DRUSEN,drusen,OD,.tif,0.0008824584656395018
DRUSEN/21/013_Drusen.tif,DRUSEN-021,val,DRUSEN,drusen,OD,.tif,0.0009447833290323615
DRUSEN/21/014_Drusen.tif,DRUSEN-021,val,DRUSEN,drusen,OD,.tif,0.001053069718182087
DRUSEN/21/015_Normal.tif,DRUSEN-021,val,DRUSEN,normal,OD,.tif,0.0009392583160661161
DRUSEN/21/016_Normal.tif,DRUSEN-021,val,DRUSEN,normal,OD,.tif,0.0010216215159744024
DRUSEN/21/017_Drusen.tif,DRUSEN-021,val,DRUSEN,drusen,OD,.tif,0.001057319575920701
DRUSEN/21/018_Drusen.tif,DRUSEN-021,val,DRUSEN,drusen,OD,.tif,0.0011191685916855931
DRUSEN/21/019_Drusen.tif,DRUSEN-021,val,DRUSEN,drusen,OD,.tif,0.0011111185885965824
DRUSEN/21/020_Normal.tif,DRUSEN-021,val,DRUSEN,normal,OD,.tif,0.0010275343665853143
DRUSEN/21/021_Normal.tif,DRUSEN-021,val,DRUSEN,normal,OD,.tif,0.0010642886627465487
DRUSEN/21/022_Normal.tif,DRUSEN-021,val,DRUSEN,normal,OD,.tif,0.0010695509845390916
DRUSEN/21/023_Normal.tif,DRUSEN-021,val,DRUSEN,normal,OD,.tif,0.0009769599419087172
DRUSEN/21/024_Normal.tif,DRUSEN-021,val,DRUSEN,normal,OD,.tif,0.000950657413341105
DRUSEN/21/025_Normal.tif,DRUSEN-021,val,DRUSEN,normal,OD,.tif,0.0009091034298762679
DRUSEN/21/026_Normal.tif,DRUSEN-021,val,DRUSEN,normal,OD,.tif,0.0009803863940760493
DRUSEN/21/027_Normal.tif,DRUSEN-021,val,DRUSEN,normal,OD,.tif,0.0009277784847654402
DRUSEN/21/028_Normal.tif,DRUSEN-021,val,DRUSEN,normal,OD,.tif,0.0009887367486953735
DRUSEN/21/029_Normal.tif,DRUSEN-021,val,DRUSEN,normal,OD,.tif,0.0010543972020968795
DRUSEN/21/030_Normal.tif,DRUSEN-021,val,DRUSEN,normal,OD,.tif,0.0009950310923159122
DRUSEN/25/000_Normal.tif,DRUSEN-025,val,DRUSEN,normal,OS,.tif,0.0011904105776920915
DRUSEN/25/001_Normal.tif,DRUSEN-025,val,DRUSEN,normal,OS,.tif,0.0010570584563538432
DRUSEN/25/002_Normal.tif,DRUSEN-025,val,DRUSEN,normal,OS,.tif,0.0010365236084908247
DRUSEN/25/003_Normal.tif,DRUSEN-025,val,DRUSEN,normal,OS,.tif,0.0009168082033284009
DRUSEN/25/004_Normal.tif,DRUSEN-025,val,DRUSEN,normal,OS,.tif,0.0008024757262319326
DRUSEN/25/005_Drusen.tif,DRUSEN-025,val,DRUSEN,drusen,OS,.tif,0.0008264894713647664
DRUSEN/25/006_Normal.tif,DRUSEN-025,val,DRUSEN,normal,OS,.tif,0.0008015084313228726
DRUSEN/25/007_Normal.tif,DRUSEN-025,val,DRUSEN,normal,OS,.tif,0.0007637178059667349
DRUSEN/25/008_Normal.tif,DRUSEN-025,val,DRUSEN,normal,OS,.tif,0.0008222357137128711
DRUSEN/25/009_Normal.tif,DRUSEN-025,val,DRUSEN,normal,OS,.tif,0.0009264263790100813
DRUSEN/25/010_Normal.tif,DRUSEN-025,val,DRUSEN,normal,OS,.tif,0.0007905160309746861
DRUSEN/25/011_Normal.tif,DRUSEN-025,val,DRUSEN,normal,OS,.tif,0.0008003299590200186
DRUSEN/25/012_Normal.tif,DRUSEN-025,val,DRUSEN,normal,OS,.tif,0.0008353390730917454
DRUSEN/25/013_Normal.tif,DRUSEN-025,val,DRUSEN,normal,OS,.tif,0.0008422501268796623
DRUSEN/25/014_Normal.tif,DRUSEN-025,val,DRUSEN,normal,OS,.tif,0.0007336954586207867
DRUSEN/25/015_Drusen.tif,DRUSEN-025,val,DRUSEN,drusen,OS,.tif,0.0007829025271348655
DRUSEN/25/016_Normal.tif,DRUSEN-025,val,DRUSEN,normal,OS,.tif,0.0006788704195059836
DRUSEN/25/017_Normal.tif,DRUSEN-025,val,DRUSEN,normal,OS,.tif,0.0007088900310918689
DRUSEN/25/018_Normal.tif,DRUSEN-025,val,DRUSEN,normal,OS,.tif,0.0008470263564959168
DRUSEN/25/019_Normal.tif,DRUSEN-025,val,DRUSEN,normal,OS,.tif,0.0008942415006458759
DRUSEN/25/020_Drusen.tif,DRUSEN-025,val,DRUSEN,drusen,OS,.tif,0.0010197149822488427
DRUSEN/25/021_Drusen.tif,DRUSEN-025,val,DRUSEN,drusen,OS,.tif,0.000996165443211794
DRUSEN/25/022_Drusen.tif,DRUSEN-025,val,DRUSEN,drusen,OS,.tif,0.0008454641210846603
DRUSEN/25/023_Drusen.tif,DRUSEN-025,val,DRUSEN,drusen,OS,.tif,0.000988517887890339
DRUSEN/25/024_Drusen.tif,DRUSEN-025,val,DRUSEN,drusen,OS,.tif,0.000905077438801527
DRUSEN/25/025_Drusen.tif,DRUSEN-025,val,DRUSEN,drusen,OS,.tif,0.0009856900433078408
DRUSEN/25/026_Drusen.tif,DRUSEN-025,val,DRUSEN,drusen,OS,.tif,0.0009663942037150264
DRUSEN/25/027_Drusen.tif,DRUSEN-025,val,DRUSEN,drusen,OS,.tif,0.000972396635916084
DRUSEN/25/028_Drusen.tif,DRUSEN-025,val,DRUSEN,drusen,OS,.tif,0.0009384714066982269
DRUSEN/25/029_Drusen.tif,DRUSEN-025,val,DRUSEN,drusen,OS,.tif,0.0009628499392420053
DRUSEN/25/030_Drusen.tif,DRUSEN-025,val,DRUSEN,drusen,OS,.tif,0.0010032104328274727
DRUSEN/26/000_Drusen.tif,DRUSEN-026,val,DRUSEN,drusen,OS,.tif,0.0015593523858115077
DRUSEN/26/001_Drusen.tif,DRUSEN-026,val,DRUSEN,drusen,OS,.tif,0.0014882084215059876
DRUSEN/26/002_Drusen.tif,DRUSEN-026,val,DRUSEN,drusen,OS,.tif,0.0014389199204742908
DRUSEN/26/003_Drusen.tif,DRUSEN-026,val,DRUSEN,drusen,OS,.tif,0.0012809891486540437
DRUSEN/26/004_Drusen.tif,DRUSEN-026,val,DRUSEN,drusen,OS,.tif,0.0013769591460004449
DRUSEN/26/005_Drusen.tif,DRUSEN-026,val,DRUSEN,drusen,OS,.tif,0.00151143001858145
DRUSEN/26/006_Drusen.tif,DRUSEN-026,val,DRUSEN,drusen,OS,.tif,0.0016496953321620822
DRUSEN/26/007_Drusen.tif,DRUSEN-026,val,DRUSEN,drusen,OS,.tif,0.001963479910045862
DRUSEN/26/008_Drusen.tif,DRUSEN-026,val,DRUSEN,drusen,OS,.tif,0.0017076750518754125
DRUSEN/26/009_Drusen.tif,DRUSEN-026,val,DRUSEN,drusen,OS,.tif,0.002078722696751356
DRUSEN/26/010_Drusen.tif,DRUSEN-026,val,DRUSEN,drusen,OS,.tif,0.001592831569723785
DRUSEN/26/011_Drusen.tif,DRUSEN-026,val,DRUSEN,drusen,OS,.tif,0.0014630586374551058
DRUSEN/26/012_Drusen.tif,DRUSEN-026,val,DRUSEN,drusen,OS,.tif,0.0009120425675064325
DRUSEN/26/013_Drusen.tif,DRUSEN-026,val,DRUSEN,drusen,OS,.tif,0.0009943632176145911
DRUSEN/26/014_Drusen.tif,DRUSEN-026,val,DRUSEN,drusen,OS,.tif,0.0010699775302782655
DRUSEN/26/015_Drusen.tif,DRUSEN-026,val,DRUSEN,drusen,OS,.tif,0.0010833136038854718
DRUSEN/26/016_Drusen.tif,DRUSEN-026,val,DRUSEN,drusen,OS,.tif,0.0012169380206614733
DRUSEN/26/017_Drusen.tif,DRUSEN-026,val,DRUSEN,drusen,OS,.tif,0.0014440806116908789
DRUSEN/26/018_Drusen.tif,DRUSEN-026,val,DRUSEN,drusen,OS,.tif,0.0020205338951200247
DRUSEN/26/019_Drusen.tif,DRUSEN-026,val,DRUSEN,drusen,OS,.tif,0.0022869326639920473
DRUSEN/26/020_Drusen.tif,DRUSEN-026,val,DRUSEN,drusen,OS,.tif,0.0020182873122394085
DRUSEN/26/021_Drusen.tif,DRUSEN-026,val,DRUSEN,drusen,OS,.tif,0.0021467574406415224
DRUSEN/26/022_Drusen.tif,DRUSEN-026,val,DRUSEN,drusen,OS,.tif,0.0018747396534308791
DRUSEN/26/023_Drusen.tif,DRUSEN-026,val,DRUSEN,drusen,OS,.tif,0.0015644856030121446
DRUSEN/26/024_Drusen.tif,DRUSEN-026,val,DRUSEN,drusen,OS,.tif,0.0015143975615501404
DRUSEN/26/025_Drusen.tif,DRUSEN-026,val,DRUSEN,drusen,OS,.tif,0.001571198576129973
DRUSEN/26/026_Drusen.tif,DRUSEN-026,val,DRUSEN,drusen,OS,.tif,0.0014901809627190232
DRUSEN/26/027_Drusen.tif,DRUSEN-026,val,DRUSEN,drusen,OS,.tif,0.0014318006578832865
DRUSEN/26/028_Drusen.tif,DRUSEN-026,val,DRUSEN,drusen,OS,.tif,0.001262456877157092
DRUSEN/34/OD/000_Drusen.tif,DRUSEN-034,val,DRUSEN,drusen,OD,.tif,0.0007963765528984368
DRUSEN/34/OD/001_Drusen.tif,DRUSEN-034,val,DRUSEN,drusen,OD,.tif,0.0008150009671226144
DRUSEN/34/OD/002_Drusen.tif,DRUSEN-034,val,DRUSEN,drusen,OD,.tif,0.0007749682990834117
DRUSEN/34/OD/003_Normal.tif,DRUSEN-034,val,DRUSEN,normal,OD,.tif,0.0007018147152848542
DRUSEN/34/OD/004_Drusen.tif,DRUSEN-034,val,DRUSEN,drusen,OD,.tif,0.0007856237352825701
DRUSEN/34/OD/005_Normal.tif,DRUSEN-034,val,DRUSEN,normal,OD,.tif,0.0007457018364220858
DRUSEN/34/OD/006_Drusen.tif,DRUSEN-034,val,DRUSEN,drusen,OD,.tif,0.0006332762422971427
DRUSEN/34/OD/007_Drusen.tif,DRUSEN-034,val,DRUSEN,drusen,OD,.tif,0.0006678843055851758
DRUSEN/34/OD/008_Normal.tif,DRUSEN-034,val,DRUSEN,normal,OD,.tif,0.0006930400850251317
DRUSEN/34/OD/009_Drusen.tif,DRUSEN-034,val,DRUSEN,drusen,OD,.tif,0.0006439816206693649
DRUSEN/34/OD/010_Normal.tif,DRUSEN-034,val,DRUSEN,normal,OD,.tif,0.0007373546250164509
DRUSEN/34/OD/011_Normal.tif,DRUSEN-034,val,DRUSEN,normal,OD,.tif,0.000709839747287333
DRUSEN/34/OD/012_Drusen.tif,DRUSEN-034,val,DRUSEN,drusen,OD,.tif,0.0006752755143679678
DRUSEN/34/OD/013_Drusen.tif,DRUSEN-034,val,DRUSEN,drusen,OD,.tif,0.0007067214464768767
DRUSEN/34/OD/014_Drusen.tif,DRUSEN-034,val,DRUSEN,drusen,OD,.tif,0.0006681375089101493
DRUSEN/34/OD/015_Drusen.tif,DRUSEN-034,val,DRUSEN,drusen,OD,.tif,0.0007150849560275674
DRUSEN/34/OD/016_Drusen.tif,DRUSEN-034,val,DRUSEN,drusen,OD,.tif,0.0006617808830924332
DRUSEN/34/OD/017_Drusen.tif,DRUSEN-034,val,DRUSEN,drusen,OD,.tif,0.0007498121703974903
DRUSEN/34/OD/018_Drusen.tif,DRUSEN-034,val,DRUSEN,drusen,OD,.tif,0.0007275852258317173
DRUSEN/34/OD/019_Drusen.tif,DRUSEN-034,val,DRUSEN,drusen,OD,.tif,0.0006846249452792108
DRUSEN/34/OD/020_Drusen.tif,DRUSEN-034,val,DRUSEN,drusen,OD,.tif,0.0007563375984318554
DRUSEN/34/OD/021_Drusen.tif,DRUSEN-034,val,DRUSEN,drusen,OD,.tif,0.0007007219246588647
DRUSEN/34/OD/022_Drusen.tif,DRUSEN-034,val,DRUSEN,drusen,OD,.tif,0.0007443855283781886
DRUSEN/34/OD/023_Drusen.tif,DRUSEN-034,val,DRUSEN,drusen,OD,.tif,0.0007270521018654108
DRUSEN/34/OD/024_Normal.tif,DRUSEN-034,val,DRUSEN,normal,OD,.tif,0.0006460009608417749
DRUSEN/34/OD/025_Normal.tif,DRUSEN-034,val,DRUSEN,normal,OD,.tif,0.0007160709355957806
DRUSEN/34/OD/026_Normal.tif,DRUSEN-034,val,DRUSEN,normal,OD,.tif,0.0007655372028239071
DRUSEN/34/OD/027_Normal.tif,DRUSEN-034,val,DRUSEN,normal,OD,.tif,0.0007762974128127098
DRUSEN/34/OD/028_Normal.tif,DRUSEN-034,val,DRUSEN,normal,OD,.tif,0.0007958865026012063
DRUSEN/34/OD/029_Normal.tif,DRUSEN-034,val,DRUSEN,normal,OD,.tif,0.0009127803496085107
DRUSEN/34/OD/030_Drusen.tif,DRUSEN-034,val,DRUSEN,drusen,OD,.tif,0.00098639156203717
DRUSEN/34/OS/000_Drusen.tif,DRUSEN-034,val,DRUSEN,drusen,OS,.tif,0.00115856877528131
DRUSEN/34/OS/001_Drusen.tif,DRUSEN-034,val,DRUSEN,drusen,OS,.tif,0.0011813919991254807
DRUSEN/34/OS/002_Drusen.tif,DRUSEN-034,val,DRUSEN,drusen,OS,.tif,0.00098043296020478
DRUSEN/34/OS/003_Normal.tif,DRUSEN-034,val,DRUSEN,normal,OS,.tif,0.0010274028172716498
DRUSEN/34/OS/004_Drusen.tif,DRUSEN-034,val,DRUSEN,drusen,OS,.tif,0.0009916196577250957
DRUSEN/34/OS/005_Drusen.tif,DRUSEN-034,val,DRUSEN,drusen,OS,.tif,0.0009054624242708087
DRUSEN/34/OS/006_Drusen.tif,DRUSEN-034,val,DRUSEN,drusen,OS,.tif,0.0008789749117568135
DRUSEN/34/OS/007_Normal.tif,DRUSEN-034,val,DRUSEN,normal,OS,.tif,0.0009150250698439777
DRUSEN/34/OS/008_Drusen.tif,DRUSEN-034,val,DRUSEN,drusen,OS,.tif,0.0008687136578373611
DRUSEN/34/OS/009_Normal.tif,DRUSEN-034,val,DRUSEN,normal,OS,.tif,0.0008781789219938219
DRUSEN/34/OS/010_Normal.tif,DRUSEN-034,val,DRUSEN,normal,OS,.tif,0.0008416348719038069
DRUSEN/34/OS/011_Normal.tif,DRUSEN-034,val,DRUSEN,normal,OS,.tif,0.0008378393831662834
DRUSEN/34/OS/012_Normal.tif,DRUSEN-034,val,DRUSEN,normal,OS,.tif,0.0008799920324236155
DRUSEN/34/OS/013_Drusen.tif,DRUSEN-034,val,DRUSEN,drusen,OS,.tif,0.0008611871162429452
DRUSEN/34/OS/014_Drusen.tif,DRUSEN-034,val,DRUSEN,drusen,OS,.tif,0.000867993279825896
DRUSEN/34/OS/015_Drusen.tif,DRUSEN-034,val,DRUSEN,drusen,OS,.tif,0.000884322973433882
DRUSEN/34/OS/016_Drusen.tif,DRUSEN-034,val,DRUSEN,drusen,OS,.tif,0.0008789502317085862
DRUSEN/34/OS/017_Drusen.tif,DRUSEN-034,val,DRUSEN,drusen,OS,.tif,0.0008182665333151817
DRUSEN/34/OS/018_Drusen.tif,DRUSEN-034,val,DRUSEN,drusen,OS,.tif,0.0008767814142629504
DRUSEN/34/OS/019_Drusen.tif,DRUSEN-034,val,DRUSEN,drusen,OS,.tif,0.0009138627792708576
DRUSEN/34/OS/020_Drusen.tif,DRUSEN-034,val,DRUSEN,drusen,OS,.tif,0.0008242072071880102
DRUSEN/34/OS/021_Drusen.tif,DRUSEN-034,val,DRUSEN,drusen,OS,.tif,0.0008323038346134126
DRUSEN/34/OS/022_Drusen.tif,DRUSEN-034,val,DRUSEN,drusen,OS,.tif,0.0007875541923567653
DRUSEN/34/OS/023_Drusen.tif,DRUSEN-034,val,DRUSEN,drusen,OS,.tif,0.0007830493268556893
DRUSEN/34/OS/024_Drusen.tif,DRUSEN-034,val,DRUSEN,drusen,OS,.tif,0.0007879367331042886
DRUSEN/34/OS/025_Drusen.tif,DRUSEN-034,val,DRUSEN,drusen,OS,.tif,0.0008064403082244098
DRUSEN/34/OS/026_Drusen.tif,DRUSEN-034,val,DRUSEN,drusen,OS,.tif,0.0008321969653479755
DRUSEN/34/OS/027_Normal.tif,DRUSEN-034,val,DRUSEN,normal,OS,.tif,0.000843262008856982
DRUSEN/34/OS/028_Normal.tif,DRUSEN-034,val,DRUSEN,normal,OS,.tif,0.0008464868878945708
DRUSEN/34/OS/029_Normal.tif,DRUSEN-034,val,DRUSEN,normal,OS,.tif,0.0008064635912887752
DRUSEN/34/OS/030_Normal.tif,DRUSEN-034,val,DRUSEN,normal,OS,.tif,0.0010131674353033304
DRUSEN/38/OD/000_Normal.jpg,DRUSEN-038,val,DRUSEN,normal,OD,.jpg,0.0005631899111904204
DRUSEN/38/OD/001_Normal.jpg,DRUSEN-038,val,DRUSEN,normal,OD,.jpg,0.0004654770309571177
DRUSEN/38/OD/002_Normal.jpg,DRUSEN-038,val,DRUSEN,normal,OD,.jpg,0.0006269959849305451
DRUSEN/38/OD/003_Normal.jpg,DRUSEN-038,val,DRUSEN,normal,OD,.jpg,0.0005648288642987609
DRUSEN/38/OD/004_Normal.jpg,DRUSEN-038,val,DRUSEN,normal,OD,.jpg,0.0006657595513388515
DRUSEN/38/OD/005_Normal.jpg,DRUSEN-038,val,DRUSEN,normal,OD,.jpg,0.000614573247730732
DRUSEN/38/OD/006_Normal.jpg,DRUSEN-038,val,DRUSEN,normal,OD,.jpg,0.0006914285477250814
DRUSEN/38/OD/007_Normal.jpg,DRUSEN-038,val,DRUSEN,normal,OD,.jpg,0.0006544074276462197
DRUSEN/38/OD/008_Normal.jpg,DRUSEN-038,val,DRUSEN,normal,OD,.jpg,0.0007472058059647679
DRUSEN/38/OD/009_Drusen.jpg,DRUSEN-038,val,DRUSEN,drusen,OD,.jpg,0.0006877445266582072
DRUSEN/38/OD/010_Drusen.jpg,DRUSEN-038,val,DRUSEN,drusen,OD,.jpg,0.0006174236186780035
DRUSEN/38/OD/011_Drusen.jpg,DRUSEN-038,val,DRUSEN,drusen,OD,.jpg,0.0007709875935688615
DRUSEN/38/OD/012_Drusen.jpg,DRUSEN-038,val,DRUSEN,drusen,OD,.jpg,0.0006873104139231145
DRUSEN/38/OD/013_Drusen.jpg,DRUSEN-038,val,DRUSEN,drusen,OD,.jpg,0.0008146974723786116
DRUSEN/38/OD/014_Drusen.jpg,DRUSEN-038,val,DRUSEN,drusen,OD,.jpg,0.0007410000544041395
DRUSEN/38/OD/015_Drusen.jpg,DRUSEN-038,val,DRUSEN,drusen,OD,.jpg,0.0008097387617453933
DRUSEN/38/OD/016_Drusen.jpg,DRUSEN-038,val,DRUSEN,drusen,OD,.jpg,0.0007291354704648256
DRUSEN/38/OD/017_Drusen.jpg,DRUSEN-038,val,DRUSEN,drusen,OD,.jpg,0.0006431883084587753
DRUSEN/38/OD/018_Drusen.jpg,DRUSEN-038,val,DRUSEN,drusen,OD,.jpg,0.0007024197257123888
DRUSEN/38/OD/019_Drusen.jpg,DRUSEN-038,val,DRUSEN,drusen,OD,.jpg,0.0008101742714643478
DRUSEN/38/OD/020_Drusen.jpg,DRUSEN-038,val,DRUSEN,drusen,OD,.jpg,0.0007143416441977024
DRUSEN/38/OD/021_Normal.jpg,DRUSEN-038,val,DRUSEN,normal,OD,.jpg,0.0008371838484890759
DRUSEN/38/OD/022_Normal.jpg,DRUSEN-038,val,DRUSEN,normal,OD,.jpg,0.0008328669355250895
DRUSEN/38/OD/023_Normal.jpg,DRUSEN-038,val,DRUSEN,normal,OD,.jpg,0.0008061254629865289
DRUSEN/38/OD/024_Normal.jpg,DRUSEN-038,val,DRUSEN,normal,OD,.jpg,0.000648617569822818
DRUSEN/38/OD/025_Normal.jpg,DRUSEN-038,val,DRUSEN,normal,OD,.jpg,0.0007816182915121317
DRUSEN/38/OD/026_Normal.jpg,DRUSEN-038,val,DRUSEN,normal,OD,.jpg,0.0006700344965793192
DRUSEN/38/OD/027_Normal.jpg,DRUSEN-038,val,DRUSEN,normal,OD,.jpg,0.0005834614275954664
DRUSEN/38/OD/028_Normal.jpg,DRUSEN-038,val,DRUSEN,normal,OD,.jpg,0.0005891576292924583
DRUSEN/38/OD/029_Normal.jpg,DRUSEN-038,val,DRUSEN,normal,OD,.jpg,0.0006609314004890621
DRUSEN/38/OD/030_Normal.jpg,DRUSEN-038,val,DRUSEN,normal,OD,.jpg,0.0005475268699228764
DRUSEN/38/OS/000_Normal.jpg,DRUSEN-038,val,DRUSEN,normal,OS,.jpg,0.0007492671138606966
DRUSEN/38/OS/001_Normal.jpg,DRUSEN-038,val,DRUSEN,normal,OS,.jpg,0.0008152806549333036
DRUSEN/38/OS/002_Normal.jpg,DRUSEN-038,val,DRUSEN,normal,OS,.jpg,0.0008743226644583046
DRUSEN/38/OS/003_Normal.jpg,DRUSEN-038,val,DRUSEN,normal,OS,.jpg,0.0007951768930070102
DRUSEN/38/OS/004_Normal.jpg,DRUSEN-038,val,DRUSEN,normal,OS,.jpg,0.0008480084943585098
DRUSEN/38/OS/005_Normal.jpg,DRUSEN-038,val,DRUSEN,normal,OS,.jpg,0.0009324066922999918
DRUSEN/38/OS/006_Normal.jpg,DRUSEN-038,val,DRUSEN,normal,OS,.jpg,0.0009513202239759266
DRUSEN/38/OS/007_Normal.jpg,DRUSEN-038,val,DRUSEN,normal,OS,.jpg,0.000730641302652657
DRUSEN/38/OS/008_Normal.jpg,DRUSEN-038,val,DRUSEN,normal,OS,.jpg,0.0007759497966617346
DRUSEN/38/OS/009_Normal.jpg,DRUSEN-038,val,DRUSEN,normal,OS,.jpg,0.0009259542566724122
DRUSEN/38/OS/010_Normal.jpg,DRUSEN-038,val,DRUSEN,normal,OS,.jpg,0.0005991942016407847
DRUSEN/38/OS/011_Drusen.jpg,DRUSEN-038,val,DRUSEN,drusen,OS,.jpg,0.0009161842172034085
DRUSEN/38/OS/012_Drusen.jpg,DRUSEN-038,val,DRUSEN,drusen,OS,.jpg,0.0008268724195659161
DRUSEN/38/OS/013_Drusen.jpg,DRUSEN-038,val,DRUSEN,drusen,OS,.jpg,0.0006670575239695609
DRUSEN/38/OS/014_Drusen.jpg,DRUSEN-038,val,DRUSEN,drusen,OS,.jpg,0.0006538241868838668
DRUSEN/38/OS/015_Drusen.jpg,DRUSEN-038,val,DRUSEN,drusen,OS,.jpg,0.0006579520995728672
DRUSEN/38/OS/016_Drusen.jpg,DRUSEN-038,val,DRUSEN,drusen,OS,.jpg,0.0005758097395300865
DRUSEN/38/OS/017_Drusen.jpg,DRUSEN-038,val,DRUSEN,drusen,OS,.jpg,0.0005617861752398312
DRUSEN/38/OS/018_Drusen.jpg,DRUSEN-038,val,DRUSEN,drusen,OS,.jpg,0.000699066324159503
DRUSEN/38/OS/019_Drusen.jpg,DRUSEN-038,val,DRUSEN,drusen,OS,.jpg,0.0007850140100345016
DRUSEN/38/OS/020_Drusen.jpg,DRUSEN-038,val,DRUSEN,drusen,OS,.jpg,0.0006357748061418533
DRUSEN/38/OS/021_Normal.jpg,DRUSEN-038,val,DRUSEN,normal,OS,.jpg,0.0007742432062514126
DRUSEN/38/OS/022_Normal.jpg,DRUSEN-038,val,DRUSEN,normal,OS,.jpg,0.0007087393314577639
DRUSEN/38/OS/023_Normal.jpg,DRUSEN-038,val,DRUSEN,normal,OS,.jpg,0.0006945832283236086
DRUSEN/38/OS/024_Normal.jpg,DRUSEN-038,val,DRUSEN,normal,OS,.jpg,0.0006448858184739947
DRUSEN/38/OS/025_Normal.jpg,DRUSEN-038,val,DRUSEN,normal,OS,.jpg,0.0008365730755031109
DRUSEN/38/OS/026_Normal.jpg,DRUSEN-038,val,DRUSEN,normal,OS,.jpg,0.0009392735664732754
DRUSEN/38/OS/027_Normal.jpg,DRUSEN-038,val,DRUSEN,normal,OS,.jpg,0.0009537689620628953
DRUSEN/38/OS/028_Normal.jpg,DRUSEN-038,val,DRUSEN,normal,OS,.jpg,0.0008698925375938416
DRUSEN/38/OS/029_Normal.jpg,DRUSEN-038,val,DRUSEN,normal,OS,.jpg,0.0009180633933283389
DRUSEN/38/OS/030_Normal.jpg,DRUSEN-038,val,DRUSEN,normal,OS,.jpg,0.0008429252193309367
DRUSEN/39/000_Normal.jpg,DRUSEN-039,val,DRUSEN,normal,OS,.jpg,0.0006332898628897965
DRUSEN/39/001_Drusen.jpg,DRUSEN-039,val,DRUSEN,drusen,OS,.jpg,0.0006521599716506898
DRUSEN/39/002_Drusen.jpg,DRUSEN-039,val,DRUSEN,drusen,OS,.jpg,0.0006936832796782255
DRUSEN/39/003_Drusen.jpg,DRUSEN-039,val,DRUSEN,drusen,OS,.jpg,0.0007567139691673219
DRUSEN/39/004_Drusen.jpg,DRUSEN-039,val,DRUSEN,drusen,OS,.jpg,0.0007998005021363497
DRUSEN/39/005_Drusen.jpg,DRUSEN-039,val,DRUSEN,drusen,OS,.jpg,0.0007148333243094385
DRUSEN/39/006_Drusen.jpg,DRUSEN-039,val,DRUSEN,drusen,OS,.jpg,0.0007229205220937729
DRUSEN/39/007_Drusen.jpg,DRUSEN-039,val,DRUSEN,drusen,OS,.jpg,0.000761310278903693
DRUSEN/39/008_Drusen.jpg,DRUSEN-039,val,DRUSEN,drusen,OS,.jpg,0.0007498428458347917
DRUSEN/39/009_Drusen.jpg,DRUSEN-039,val,DRUSEN,drusen,OS,.jpg,0.0008190239313989878
DRUSEN/39/010_Drusen.jpg,DRUSEN-039,val,DRUSEN,drusen,OS,.jpg,0.0007793309632688761
DRUSEN/39/011_Drusen.jpg,DRUSEN-039,val,DRUSEN,drusen,OS,.jpg,0.000678910524584353
DRUSEN/39/012_Drusen.jpg,DRUSEN-039,val,DRUSEN,drusen,OS,.jpg,0.0006861087749712169
DRUSEN/39/013_Drusen.jpg,DRUSEN-039,val,DRUSEN,drusen,OS,.jpg,0.0006967285880818963
DRUSEN/39/014_Drusen.jpg,DRUSEN-039,val,DRUSEN,drusen,OS,.jpg,0.0007565155974589288
DRUSEN/39/015_Drusen.jpg,DRUSEN-039,val,DRUSEN,drusen,OS,.jpg,0.000827329873573035
DRUSEN/39/016_Drusen.jpg,DRUSEN-039,val,DRUSEN,drusen,OS,.jpg,0.0008630214142613113
DRUSEN/39/017_Drusen.jpg,DRUSEN-039,val,DRUSEN,drusen,OS,.jpg,0.0007653753273189068
DRUSEN/39/018_Drusen.jpg,DRUSEN-039,val,DRUSEN,drusen,OS,.jpg,0.000689267588313669
DRUSEN/39/019_Drusen.jpg,DRUSEN-039,val,DRUSEN,drusen,OS,.jpg,0.000785654759965837
DRUSEN/39/020_Drusen.jpg,DRUSEN-039,val,DRUSEN,drusen,OS,.jpg,0.0006926613277755678
DRUSEN/39/021_Drusen.jpg,DRUSEN-039,val,DRUSEN,drusen,OS,.jpg,0.0007501575746573508
DRUSEN/39/022_Drusen.jpg,DRUSEN-039,val,DRUSEN,drusen,OS,.jpg,0.0007513044984079897
DRUSEN/39/023_Drusen.jpg,DRUSEN-039,val,DRUSEN,drusen,OS,.jpg,0.0007825998472981155
DRUSEN/39/024_Drusen.jpg,DRUSEN-039,val,DRUSEN,drusen,OS,.jpg,0.0008359934436157346
DRUSEN/47/000_Normal.tif,DRUSEN-047,val,DRUSEN,normal,OS,.tif,0.0008936889353208244
DRUSEN/47/001_Normal.tif,DRUSEN-047,val,DRUSEN,normal,OS,.tif,0.0009682686068117619
DRUSEN/47/002_Normal.tif,DRUSEN-047,val,DRUSEN,normal,OS,.tif,0.0007701462600380182
DRUSEN/47/003_Normal.tif,DRUSEN-047,val,DRUSEN,normal,OS,.tif,0.0007196208462119102
DRUSEN/47/004_Normal.tif,DRUSEN-047,val,DRUSEN,normal,OS,.tif,0.0006315504433587193
DRUSEN/47/005_Normal.tif,DRUSEN-047,val,DRUSEN,normal,OS,.tif,0.0009224481764249504
DRUSEN/47/006_Normal.tif,DRUSEN-047,val,DRUSEN,normal,OS,.tif,0.0011084956349804997
DRUSEN/47/007_Normal.tif,DRUSEN-047,val,DRUSEN,normal,OS,.tif,0.0014075457584112883
DRUSEN/47/008_Normal.tif,DRUSEN-047,val,DRUSEN,normal,OS,.tif,0.001266761333681643
DRUSEN/47/009_Normal.tif,DRUSEN-047,val,DRUSEN,normal,OS,.tif,0.001323373056948185
DRUSEN/47/010_Normal.tif,DRUSEN-047,val,DRUSEN,normal,OS,.tif,0.0014501198893412948
DRUSEN/47/011_Normal.tif,DRUSEN-047,val,DRUSEN,normal,OS,.tif,0.0018253286834806204
DRUSEN/47/012_Normal.tif,DRUSEN-047,val,DRUSEN,normal,OS,.tif,0.001908460515551269
DRUSEN/47/013_Normal.tif,DRUSEN-047,val,DRUSEN,normal,OS,.tif,0.0016344435280188918
DRUSEN/47/014_Drusen.tif,DRUSEN-047,val,DRUSEN,drusen,OS,.tif,0.0023108243476599455
DRUSEN/47/015_Drusen.tif,DRUSEN-047,val,DRUSEN,drusen,OS,.tif,0.0016384490299969912
DRUSEN/47/016_Drusen.tif,DRUSEN-047,val,DRUSEN,drusen,OS,.tif,0.0010021275375038385
DRUSEN/47/017_Drusen.tif,DRUSEN-047,val,DRUSEN,drusen,OS,.tif,0.0011525668669492006
DRUSEN/47/018_Normal.tif,DRUSEN-047,val,DRUSEN,normal,OS,.tif,0.0008245099452324212
DRUSEN/47/019_Drusen.tif,DRUSEN-047,val,DRUSEN,drusen,OS,.tif,0.0012008603662252426
DRUSEN/47/020_Normal.tif,DRUSEN-047,val,DRUSEN,normal,OS,.tif,0.0011000200174748898
DRUSEN/47/021_Normal.tif,DRUSEN-047,val,DRUSEN,normal,OS,.tif,0.0012687505222856998
DRUSEN/47/022_Normal.tif,DRUSEN-047,val,DRUSEN,normal,OS,.tif,0.0011769244447350502
DRUSEN/47/023_Normal.tif,DRUSEN-047,val,DRUSEN,normal,OS,.tif,0.0010825213976204395
DRUSEN/47/024_Normal.tif,DRUSEN-047,val,DRUSEN,normal,OS,.tif,0.0009820042178034782
DRUSEN/47/025_Normal.tif,DRUSEN-047,val,DRUSEN,normal,OS,.tif,0.0011428047437220812
DRUSEN/47/026_Normal.tif,DRUSEN-047,val,DRUSEN,normal,OS,.tif,0.0010987864807248116
DRUSEN/47/027_Normal.tif,DRUSEN-047,val,DRUSEN,normal,OS,.tif,0.0012522278120741248
DRUSEN/47/028_Normal.tif,DRUSEN-047,val,DRUSEN,normal,OS,.tif,0.0012705510016530752
DRUSEN/47/029_Normal.tif,DRUSEN-047,val,DRUSEN,normal,OS,.tif,0.0013282998697832227
DRUSEN/47/030_Normal.tif,DRUSEN-047,val,DRUSEN,normal,OS,.tif,0.0014452444156631827
DRUSEN/51/000_Normal.tif,DRUSEN-051,val,DRUSEN,normal,OD,.tif,0.0005795201868750155
DRUSEN/51/001_Normal.tif,DRUSEN-051,val,DRUSEN,normal,OD,.tif,0.0005828295834362507
DRUSEN/51/002_Normal.tif,DRUSEN-051,val,DRUSEN,normal,OD,.tif,0.000656910240650177
DRUSEN/51/003_Drusen.tif,DRUSEN-051,val,DRUSEN,drusen,OD,.tif,0.000771260354667902
DRUSEN/51/004_Drusen.tif,DRUSEN-051,val,DRUSEN,drusen,OD,.tif,0.0019532148726284504
DRUSEN/51/005_Drusen.tif,DRUSEN-051,val,DRUSEN,drusen,OD,.tif,0.0017281692707911134
DRUSEN/51/006_Drusen.tif,DRUSEN-051,val,DRUSEN,drusen,OD,.tif,0.0013074117014184594
DRUSEN/51/007_Drusen.tif,DRUSEN-051,val,DRUSEN,drusen,OD,.tif,0.001203682622872293
DRUSEN/51/008_Drusen.tif,DRUSEN-051,val,DRUSEN,drusen,OD,.tif,0.000979442149400711
DRUSEN/51/009_Drusen.tif,DRUSEN-051,val,DRUSEN,drusen,OD,.tif,0.000843126093968749
DRUSEN/51/010_Drusen.tif,DRUSEN-051,val,DRUSEN,drusen,OD,.tif,0.0011132850777357817
DRUSEN/51/011_Drusen.tif,DRUSEN-051,val,DRUSEN,drusen,OD,.tif,0.0009306541178375483
DRUSEN/51/012_Drusen.tif,DRUSEN-051,val,DRUSEN,drusen,OD,.tif,0.0010331192752346396
DRUSEN/51/013_Drusen.tif,DRUSEN-051,val,DRUSEN,drusen,OD,.tif,0.0010070344433188438
DRUSEN/51/014_Drusen.tif,DRUSEN-051,val,DRUSEN,drusen,OD,.tif,0.0010900096967816353
DRUSEN/51/015_Drusen.tif,DRUSEN-051,val,DRUSEN,drusen,OD,.tif,0.0009406860335730016
DRUSEN/51/016_Drusen.tif,DRUSEN-051,val,DRUSEN,drusen,OD,.tif,0.0010669536422938108
DRUSEN/51/017_Drusen.tif,DRUSEN-051,val,DRUSEN,drusen,OD,.tif,0.0008388623828068376
DRUSEN/51/018_Drusen.tif,DRUSEN-051,val,DRUSEN,drusen,OD,.tif,0.0007738916319794953
DRUSEN/51/019_Drusen.tif,DRUSEN-051,val,DRUSEN,drusen,OD,.tif,0.0007453817524947226
DRUSEN/51/020_Drusen.tif,DRUSEN-051,val,DRUSEN,drusen,OD,.tif,0.0008462107507511973
DRUSEN/51/021_Drusen.tif,DRUSEN-051,val,DRUSEN,drusen,OD,.tif,0.000925040221773088
DRUSEN/51/022_Drusen.tif,DRUSEN-051,val,DRUSEN,drusen,OD,.tif,0.0008168258354999125
DRUSEN/51/023_Drusen.tif,DRUSEN-051,val,DRUSEN,drusen,OD,.tif,0.0009775514481589198
DRUSEN/51/024_Drusen.tif,DRUSEN-051,val,DRUSEN,drusen,OD,.tif,0.0007790047093294561
DRUSEN/51/025_Drusen.tif,DRUSEN-051,val,DRUSEN,drusen,OD,.tif,0.000792274484410882
DRUSEN/51/026_Drusen.tif,DRUSEN-051,val,DRUSEN,drusen,OD,.tif,0.0010014742147177458
DRUSEN/51/027_Drusen.tif,DRUSEN-051,val,DRUSEN,drusen,OD,.tif,0.0009518328588455915
DRUSEN/51/028_Drusen.tif,DRUSEN-051,val,DRUSEN,drusen,OD,.tif,0.0009294003248214722
DRUSEN/51/029_Drusen.tif,DRUSEN-051,val,DRUSEN,drusen,OD,.tif,0.0011473799822852015
DRUSEN/51/030_Drusen.tif,DRUSEN-051,val,DRUSEN,drusen,OD,.tif,0.0011289274552837014
DRUSEN/53/000_Drusen.tif,DRUSEN-053,val,DRUSEN,drusen,OS,.tif,0.0018925416516140103
DRUSEN/53/001_Normal.tif,DRUSEN-053,val,DRUSEN,normal,OS,.tif,0.0018536922289058566
DRUSEN/53/002_Normal.tif,DRUSEN-053,val,DRUSEN,normal,OS,.tif,0.0012280897935852408
DRUSEN/53/003_Normal.tif,DRUSEN-053,val,DRUSEN,normal,OS,.tif,0.0010682414285838604
DRUSEN/53/004_Normal.tif,DRUSEN-053,val,DRUSEN,normal,OS,.tif,0.0006136804586276412
DRUSEN/53/005_Normal.tif,DRUSEN-053,val,DRUSEN,normal,OS,.tif,0.0008620517910458148
DRUSEN/53/006_Normal.tif,DRUSEN-053,val,DRUSEN,normal,OS,.tif,0.001114658429287374
DRUSEN/53/007_Normal.tif,DRUSEN-053,val,DRUSEN,normal,OS,.tif,0.0013589253649115562
DRUSEN/53/008_Normal.tif,DRUSEN-053,val,DRUSEN,normal,OS,.tif,0.0013339394936338067
DRUSEN/53/009_Normal.tif,DRUSEN-053,val,DRUSEN,normal,OS,.tif,0.0010728335473686457
DRUSEN/53/010_Normal.tif,DRUSEN-053,val,DRUSEN,normal,OS,.tif,0.0009535421850159764
DRUSEN/53/011_Normal.tif,DRUSEN-053,val,DRUSEN,normal,OS,.tif,0.0010920785134658217
DRUSEN/53/012_Normal.tif,DRUSEN-053,val,DRUSEN,normal,OS,.tif,0.0010906311217695475
DRUSEN/53/013_Drusen.tif,DRUSEN-053,val,DRUSEN,drusen,OS,.tif,0.0014039190718904138
DRUSEN/53/014_Drusen.tif,DRUSEN-053,val,DRUSEN,drusen,OS,.tif,0.0008324203663505614
DRUSEN/53/015_Drusen.tif,DRUSEN-053,val,DRUSEN,drusen,OS,.tif,0.0005695119616575539
DRUSEN/53/016_Drusen.tif,DRUSEN-053,val,DRUSEN,drusen,OS,.tif,0.0005943448632024229
DRUSEN/53/017_Drusen.tif,DRUSEN-053,val,DRUSEN,drusen,OS,.tif,0.0008864104747772217
DRUSEN/53/018_Drusen.tif,DRUSEN-053,val,DRUSEN,drusen,OS,.tif,0.0010638502426445484
DRUSEN/53/019_Drusen.tif,DRUSEN-053,val,DRUSEN,drusen,OS,.tif,0.0006864662864245474
DRUSEN/53/020_Drusen.tif,DRUSEN-053,val,DRUSEN,drusen,OS,.tif,0.0013903479557484388
DRUSEN/53/021_Drusen.tif,DRUSEN-053,val,DRUSEN,drusen,OS,.tif,0.0017077430384233594
DRUSEN/53/022_Drusen.tif,DRUSEN-053,val,DRUSEN,drusen,OS,.tif,0.0014363016234710813
DRUSEN/53/023_Drusen.tif,DRUSEN-053,val,DRUSEN,drusen,OS,.tif,0.0009312382899224758
DRUSEN/53/024_Drusen.tif,DRUSEN-053,val,DRUSEN,drusen,OS,.tif,0.001116388593800366
DRUSEN/53/025_Drusen.tif,DRUSEN-053,val,DRUSEN,drusen,OS,.tif,0.0012356361839920282
DRUSEN/55/000_Normal.tif,DRUSEN-055,val,DRUSEN,normal,OD,.tif,0.0007073807064443827
DRUSEN/55/001_Normal.tif,DRUSEN-055,val,DRUSEN,normal,OD,.tif,0.0006432964000850916
DRUSEN/55/002_Normal.tif,DRUSEN-055,val,DRUSEN,normal,OD,.tif,0.0006284677074290812
DRUSEN/55/003_Normal.tif,DRUSEN-055,val,DRUSEN,normal,OD,.tif,0.0006345350411720574
DRUSEN/55/004_Normal.tif,DRUSEN-055,val,DRUSEN,normal,OD,.tif,0.0006048690411262214
DRUSEN/55/005_Normal.tif,DRUSEN-055,val,DRUSEN,normal,OD,.tif,0.0006339442916214466
DRUSEN/55/006_Normal.tif,DRUSEN-055,val,DRUSEN,normal,OD,.tif,0.000658813922200352
DRUSEN/55/007_Normal.tif,DRUSEN-055,val,DRUSEN,normal,OD,.tif,0.0006604092777706683
DRUSEN/55/008_Normal.tif,DRUSEN-055,val,DRUSEN,normal,OD,.tif,0.0006598755717277527
DRUSEN/55/009_Normal.tif,DRUSEN-055,val,DRUSEN,normal,OD,.tif,0.0006639256607741117
DRUSEN/55/010_Drusen.tif,DRUSEN-055,val,DRUSEN,drusen,OD,.tif,0.0006339848041534424
DRUSEN/55/011_Drusen.tif,DRUSEN-055,val,DRUSEN,drusen,OD,.tif,0.0005578215350396931
DRUSEN/55/012_Drusen.tif,DRUSEN-055,val,DRUSEN,drusen,OD,.tif,0.0006463301833719015
DRUSEN/55/013_Drusen.tif,DRUSEN-055,val,DRUSEN,drusen,OD,.tif,0.0006115178694017231
DRUSEN/55/014_Normal.tif,DRUSEN-055,val,DRUSEN,normal,OD,.tif,0.0006915893172845244
DRUSEN/55/015_Normal.tif,DRUSEN-055,val,DRUSEN,normal,OD,.tif,0.0006113409181125462
DRUSEN/55/016_Normal.tif,DRUSEN-055,val,DRUSEN,normal,OD,.tif,0.0007035842863842845
DRUSEN/55/017_Normal.tif,DRUSEN-055,val,DRUSEN,normal,OD,.tif,0.0006588352262042463
DRUSEN/55/018_Normal.tif,DRUSEN-055,val,DRUSEN,normal,OD,.tif,0.0006067479262128472
DRUSEN/55/019_Normal.tif,DRUSEN-055,val,DRUSEN,normal,OD,.tif,0.000617414538282901
DRUSEN/55/020_Normal.tif,DRUSEN-055,val,DRUSEN,normal,OD,.tif,0.0006638859631493688
DRUSEN/55/021_Normal.tif,DRUSEN-055,val,DRUSEN,normal,OD,.tif,0.0006155124283395708
DRUSEN/55/022_Normal.tif,DRUSEN-055,val,DRUSEN,normal,OD,.tif,0.0006294790655374527
DRUSEN/55/023_Normal.tif,DRUSEN-055,val,DRUSEN,normal,OD,.tif,0.0005330732674337924
DRUSEN/55/024_Normal.tif,DRUSEN-055,val,DRUSEN,normal,OD,.tif,0.0005971725331619382
DRUSEN/55/025_Normal.tif,DRUSEN-055,val,DRUSEN,normal,OD,.tif,0.0006500731687992811
DRUSEN/55/026_Normal.tif,DRUSEN-055,val,DRUSEN,normal,OD,.tif,0.0006849563214927912
DRUSEN/55/027_Normal.tif,DRUSEN-055,val,DRUSEN,normal,OD,.tif,0.000676317373290658
DRUSEN/55/028_Normal.tif,DRUSEN-055,val,DRUSEN,normal,OD,.tif,0.0006487102364189923
DRUSEN/55/029_Normal.tif,DRUSEN-055,val,DRUSEN,normal,OD,.tif,0.0006264019757509232
DRUSEN/55/030_Normal.tif,DRUSEN-055,val,DRUSEN,normal,OD,.tif,0.0006288421573117375
DRUSEN/57/000_Normal.tif,DRUSEN-057,val,DRUSEN,normal,OS,.tif,0.0006112936534918845
DRUSEN/57/001_Normal.tif,DRUSEN-057,val,DRUSEN,normal,OS,.tif,0.0006116806180216372
DRUSEN/57/002_Normal.tif,DRUSEN-057,val,DRUSEN,normal,OS,.tif,0.0004982523387297988
DRUSEN/57/003_Normal.tif,DRUSEN-057,val,DRUSEN,normal,OS,.tif,0.0006121898186393082
DRUSEN/57/004_Drusen.tif,DRUSEN-057,val,DRUSEN,drusen,OS,.tif,0.000687508552800864
DRUSEN/57/005_Normal.tif,DRUSEN-057,val,DRUSEN,normal,OS,.tif,0.0006993301794864237
DRUSEN/57/006_Normal.tif,DRUSEN-057,val,DRUSEN,normal,OS,.tif,0.000738972972612828
DRUSEN/57/007_Normal.tif,DRUSEN-057,val,DRUSEN,normal,OS,.tif,0.0007715074461884797
DRUSEN/57/008_Normal.tif,DRUSEN-057,val,DRUSEN,normal,OS,.tif,0.0009311417816206813
DRUSEN/57/009_Normal.tif,DRUSEN-057,val,DRUSEN,normal,OS,.tif,0.0009081433527171612
DRUSEN/57/010_Normal.tif,DRUSEN-057,val,DRUSEN,normal,OS,.tif,0.0009739096276462078
DRUSEN/57/011_Drusen.tif,DRUSEN-057,val,DRUSEN,drusen,OS,.tif,0.0009145998628810048
DRUSEN/57/012_Normal.tif,DRUSEN-057,val,DRUSEN,normal,OS,.tif,0.000832219491712749
DRUSEN/57/013_Drusen.tif,DRUSEN-057,val,DRUSEN,drusen,OS,.tif,0.0008718103053979576
DRUSEN/57/014_Drusen.tif,DRUSEN-057,val,DRUSEN,drusen,OS,.tif,0.0008301824564114213
DRUSEN/57/015_Drusen.tif,DRUSEN-057,val,DRUSEN,drusen,OS,.tif,0.0007881129859015346
DRUSEN/57/016_Drusen.tif,DRUSEN-057,val,DRUSEN,drusen,OS,.tif,0.0008126175380311906
DRUSEN/57/017_Drusen.tif,DRUSEN-057,val,DRUSEN,drusen,OS,.tif,0.0007509900024160743
DRUSEN/57/018_Drusen.tif,DRUSEN-057,val,DRUSEN,drusen,OS,.tif,0.0007891705026850104
DRUSEN/57/019_Drusen.tif,DRUSEN-057,val,DRUSEN,drusen,OS,.tif,0.0007954361499287188
DRUSEN/57/020_Drusen.tif,DRUSEN-057,val,DRUSEN,drusen,OS,.tif,0.0006895255064591765
DRUSEN/57/021_Normal.tif,DRUSEN-057,val,DRUSEN,normal,OS,.tif,0.0007789694936946034
DRUSEN/57/022_Normal.tif,DRUSEN-057,val,DRUSEN,normal,OS,.tif,0.0007114095496945083
DRUSEN/57/023_Normal.tif,DRUSEN-057,val,DRUSEN,normal,OS,.tif,0.0006444621831178665
DRUSEN/57/024_Normal.tif,DRUSEN-057,val,DRUSEN,normal,OS,.tif,0.0006839312263764441
DRUSEN/57/025_Normal.tif,DRUSEN-057,val,DRUSEN,normal,OS,.tif,0.0006639825878664851
DRUSEN/57/026_Normal.tif,DRUSEN-057,val,DRUSEN,normal,OS,.tif,0.0008178458083420992
DRUSEN/57/027_Normal.tif,DRUSEN-057,val,DRUSEN,normal,OS,.tif,0.0006018015556037426
DRUSEN/57/028_Normal.tif,DRUSEN-057,val,DRUSEN,normal,OS,.tif,0.0007373061962425709
DRUSEN/57/029_Normal.tif,DRUSEN-057,val,DRUSEN,normal,OS,.tif,0.0007287060143426061
DRUSEN/57/030_Normal.tif,DRUSEN-057,val,DRUSEN,normal,OS,.tif,0.0006918406579643488
DRUSEN/63/000_Normal.tif,DRUSEN-063,val,DRUSEN,normal,OD,.tif,0.0009314717026427388
DRUSEN/63/001_Normal.tif,DRUSEN-063,val,DRUSEN,normal,OD,.tif,0.0008305062656290829
DRUSEN/63/002_Normal.tif,DRUSEN-063,val,DRUSEN,normal,OD,.tif,0.0010967323323711753
DRUSEN/63/003_Normal.tif,DRUSEN-063,val,DRUSEN,normal,OD,.tif,0.0008328842814080417
DRUSEN/63/004_Drusen.tif,DRUSEN-063,val,DRUSEN,drusen,OD,.tif,0.0013607502914965153
DRUSEN/63/005_Drusen.tif,DRUSEN-063,val,DRUSEN,drusen,OD,.tif,0.0008783286320976913
DRUSEN/63/006_Drusen.tif,DRUSEN-063,val,DRUSEN,drusen,OD,.tif,0.0010184254497289658
DRUSEN/63/007_Drusen.tif,DRUSEN-063,val,DRUSEN,drusen,OD,.tif,0.0012507463106885552
DRUSEN/63/008_Drusen.tif,DRUSEN-063,val,DRUSEN,drusen,OD,.tif,0.0012687580892816186
DRUSEN/63/009_Drusen.tif,DRUSEN-063,val,DRUSEN,drusen,OD,.tif,0.0009463484166190028
DRUSEN/63/010_Drusen.tif,DRUSEN-063,val,DRUSEN,drusen,OD,.tif,0.0008798433118499815
DRUSEN/63/011_Drusen.tif,DRUSEN-063,val,DRUSEN,drusen,OD,.tif,0.0010950572323054075
DRUSEN/63/012_Drusen.tif,DRUSEN-063,val,DRUSEN,drusen,OD,.tif,0.0009358216193504632
DRUSEN/63/013_Drusen.tif,DRUSEN-063,val,DRUSEN,drusen,OD,.tif,0.0017064419807866216
DRUSEN/63/014_Drusen.tif,DRUSEN-063,val,DRUSEN,drusen,OD,.tif,0.0004013378347735852
DRUSEN/63/015_Drusen.tif,DRUSEN-063,val,DRUSEN,drusen,OD,.tif,0.001244636019691825
DRUSEN/63/016_Drusen.tif,DRUSEN-063,val,DRUSEN,drusen,OD,.tif,0.0004114152688998729
DRUSEN/63/017_Drusen.tif,DRUSEN-063,val,DRUSEN,drusen,OD,.tif,0.000593152770306915
DRUSEN/63/018_Drusen.tif,DRUSEN-063,val,DRUSEN,drusen,OD,.tif,0.0007575774798169732
DRUSEN/63/019_Drusen.tif,DRUSEN-063,val,DRUSEN,drusen,OD,.tif,0.0005570105859078467
DRUSEN/63/020_Drusen.tif,DRUSEN-063,val,DRUSEN,drusen,OD,.tif,0.0005176621489226818
DRUSEN/63/021_Drusen.tif,DRUSEN-063,val,DRUSEN,drusen,OD,.tif,0.0004853123100474477
DRUSEN/63/022_Drusen.tif,DRUSEN-063,val,DRUSEN,drusen,OD,.tif,0.0005327617400325835
DRUSEN/63/023_Drusen.tif,DRUSEN-063,val,DRUSEN,drusen,OD,.tif,0.0006281147361733019
DRUSEN/63/024_Drusen.tif,DRUSEN-063,val,DRUSEN,drusen,OD,.tif,0.0008474759524688125
DRUSEN/63/025_Drusen.tif,DRUSEN-063,val,DRUSEN,drusen,OD,.tif,0.0005587640916928649
DRUSEN/63/026_Drusen.tif,DRUSEN-063,val,DRUSEN,drusen,OD,.tif,0.0007985371048562229
DRUSEN/67/000_Drusen.tif,DRUSEN-067,val,DRUSEN,drusen,OD,.tif,0.0008505775476805866
DRUSEN/67/001_Drusen.tif,DRUSEN-067,val,DRUSEN,drusen,OD,.tif,0.000762554001994431
DRUSEN/67/002_Drusen.tif,DRUSEN-067,val,DRUSEN,drusen,OD,.tif,0.0007995335618034005
DRUSEN/67/003_Drusen.tif,DRUSEN-067,val,DRUSEN,drusen,OD,.tif,0.0008504463476128876
DRUSEN/67/004_Drusen.tif,DRUSEN-067,val,DRUSEN,drusen,OD,.tif,0.0008490615873597562
DRUSEN/67/005_Drusen.tif,DRUSEN-067,val,DRUSEN,drusen,OD,.tif,0.0009663475211709738
DRUSEN/67/006_Drusen.tif,DRUSEN-067,val,DRUSEN,drusen,OD,.tif,0.001486169290728867
DRUSEN/67/007_Drusen.tif,DRUSEN-067,val,DRUSEN,drusen,OD,.tif,0.002050056355074048
DRUSEN/67/008_Drusen.tif,DRUSEN-067,val,DRUSEN,drusen,OD,.tif,0.00202239491045475
DRUSEN/67/009_Drusen.tif,DRUSEN-067,val,DRUSEN,drusen,OD,.tif,0.001635819673538208
DRUSEN/67/010_Drusen.tif,DRUSEN-067,val,DRUSEN,drusen,OD,.tif,0.0008935278165154159
DRUSEN/67/011_Drusen.tif,DRUSEN-067,val,DRUSEN,drusen,OD,.tif,0.0009523292537778616
DRUSEN/67/012_Drusen.tif,DRUSEN-067,val,DRUSEN,drusen,OD,.tif,0.0009614625596441329
DRUSEN/67/013_Drusen.tif,DRUSEN-067,val,DRUSEN,drusen,OD,.tif,0.0009583173668943346
DRUSEN/67/014_Drusen.tif,DRUSEN-067,val,DRUSEN,drusen,OD,.tif,0.0009551682160235941
DRUSEN/67/015_Drusen.tif,DRUSEN-067,val,DRUSEN,drusen,OD,.tif,0.0009199496125802398
DRUSEN/67/016_Drusen.tif,DRUSEN-067,val,DRUSEN,drusen,OD,.tif,0.000919256592169404
DRUSEN/67/017_Drusen.tif,DRUSEN-067,val,DRUSEN,drusen,OD,.tif,0.0008903410052880645
DRUSEN/67/018_Drusen.tif,DRUSEN-067,val,DRUSEN,drusen,OD,.tif,0.0010092024458572268
DRUSEN/67/019_Drusen.tif,DRUSEN-067,val,DRUSEN,drusen,OD,.tif,0.000884532812051475
DRUSEN/67/020_Drusen.tif,DRUSEN-067,val,DRUSEN,drusen,OD,.tif,0.0010358684230595827
DRUSEN/67/021_Drusen.tif,DRUSEN-067,val,DRUSEN,drusen,OD,.tif,0.0009510416421107948
DRUSEN/67/022_Drusen.tif,DRUSEN-067,val,DRUSEN,drusen,OD,.tif,0.0008743902435526252
DRUSEN/67/023_Drusen.tif,DRUSEN-067,val,DRUSEN,drusen,OD,.tif,0.0009443984599784017
DRUSEN/67/024_Drusen.tif,DRUSEN-067,val,DRUSEN,drusen,OD,.tif,0.0008417254430241883
DRUSEN/67/025_Drusen.tif,DRUSEN-067,val,DRUSEN,drusen,OD,.tif,0.0007204753928817809
DRUSEN/67/026_Drusen.tif,DRUSEN-067,val,DRUSEN,drusen,OD,.tif,0.0006844813469797373
DRUSEN/67/027_Drusen.tif,DRUSEN-067,val,DRUSEN,drusen,OD,.tif,0.0007031895220279694
DRUSEN/67/028_Drusen.tif,DRUSEN-067,val,DRUSEN,drusen,OD,.tif,0.0008102518622763455
DRUSEN/67/029_Drusen.tif,DRUSEN-067,val,DRUSEN,drusen,OD,.tif,0.0006258110515773296
DRUSEN/67/030_Drusen.tif,DRUSEN-067,val,DRUSEN,drusen,OD,.tif,0.0007949284045025706
DRUSEN/69/000_Normal.tif,DRUSEN-069,val,DRUSEN,normal,OD,.tif,0.0006143079372122884
DRUSEN/69/001_Normal.tif,DRUSEN-069,val,DRUSEN,normal,OD,.tif,0.0007562812534160912
DRUSEN/69/002_Normal.tif,DRUSEN-069,val,DRUSEN,normal,OD,.tif,0.0008205027552321553
DRUSEN/69/003_Normal.tif,DRUSEN-069,val,DRUSEN,normal,OD,.tif,0.000910620263312012
DRUSEN/69/004_Normal.tif,DRUSEN-069,val,DRUSEN,normal,OD,.tif,0.00097824283875525
DRUSEN/69/005_Drusen.tif,DRUSEN-069,val,DRUSEN,drusen,OD,.tif,0.0009299718658439815
DRUSEN/69/006_Drusen.tif,DRUSEN-069,val,DRUSEN,drusen,OD,.tif,0.000896118232049048
DRUSEN/69/007_Drusen.tif,DRUSEN-069,val,DRUSEN,drusen,OD,.tif,0.0008865045965649188
DRUSEN/69/008_Drusen.tif,DRUSEN-069,val,DRUSEN,drusen,OD,.tif,0.0008032586192712188
DRUSEN/69/009_Drusen.tif,DRUSEN-069,val,DRUSEN,drusen,OD,.tif,0.0006616472965106368
DRUSEN/69/010_Drusen.tif,DRUSEN-069,val,DRUSEN,drusen,OD,.tif,0.0007524625398218632
DRUSEN/69/011_Drusen.tif,DRUSEN-069,val,DRUSEN,drusen,OD,.tif,0.0006357317906804383
DRUSEN/69/012_Drusen.tif,DRUSEN-069,val,DRUSEN,drusen,OD,.tif,0.0005924247670918703
DRUSEN/69/013_Drusen.tif,DRUSEN-069,val,DRUSEN,drusen,OD,.tif,0.0005553127266466618
DRUSEN/69/014_Drusen.tif,DRUSEN-069,val,DRUSEN,drusen,OD,.tif,0.000582018808927387
DRUSEN/69/015_Drusen.tif,DRUSEN-069,val,DRUSEN,drusen,OD,.tif,0.0006590349366888404
DRUSEN/69/016_Drusen.tif,DRUSEN-069,val,DRUSEN,drusen,OD,.tif,0.0006464856560342014
DRUSEN/69/017_Drusen.tif,DRUSEN-069,val,DRUSEN,drusen,OD,.tif,0.0005602784221991897
DRUSEN/69/018_Drusen.tif,DRUSEN-069,val,DRUSEN,drusen,OD,.tif,0.0006757445516996086
DRUSEN/69/019_Drusen.tif,DRUSEN-069,val,DRUSEN,drusen,OD,.tif,0.0006707546417601407
DRUSEN/69/020_Drusen.tif,DRUSEN-069,val,DRUSEN,drusen,OD,.tif,0.0005643506301566958
DRUSEN/69/021_Drusen.tif,DRUSEN-069,val,DRUSEN,drusen,OD,.tif,0.000624813255853951
DRUSEN/69/022_Drusen.tif,DRUSEN-069,val,DRUSEN,drusen,OD,.tif,0.0005567076150327921
DRUSEN/69/023_Drusen.tif,DRUSEN-069,val,DRUSEN,drusen,OD,.tif,0.0006471609231084585
DRUSEN/69/024_Drusen.tif,DRUSEN-069,val,DRUSEN,drusen,OD,.tif,0.0009453498641960323
DRUSEN/69/025_Drusen.tif,DRUSEN-069,val,DRUSEN,drusen,OD,.tif,0.0007770505617372692
DRUSEN/69/026_Drusen.tif,DRUSEN-069,val,DRUSEN,drusen,OD,.tif,0.0008252565748989582
DRUSEN/69/027_Drusen.tif,DRUSEN-069,val,DRUSEN,drusen,OD,.tif,0.0007782310713082552
DRUSEN/69/028_Drusen.tif,DRUSEN-069,val,DRUSEN,drusen,OD,.tif,0.00076803017873317
DRUSEN/69/029_Drusen.tif,DRUSEN-069,val,DRUSEN,drusen,OD,.tif,0.0008028949960134923
DRUSEN/69/030_Drusen.tif,DRUSEN-069,val,DRUSEN,drusen,OD,.tif,0.0005928868195042014
DRUSEN/82/OD/000_Normal.tif,DRUSEN-082,val,DRUSEN,normal,OD,.tif,0.0007010588888078928
DRUSEN/82/OD/001_Normal.tif,DRUSEN-082,val,DRUSEN,normal,OD,.tif,0.0007906551472842693
DRUSEN/82/OD/002_Normal.tif,DRUSEN-082,val,DRUSEN,normal,OD,.tif,0.0008032586192712188
DRUSEN/82/OD/003_Normal.tif,DRUSEN-082,val,DRUSEN,normal,OD,.tif,0.000833726255223155
DRUSEN/82/OD/004_Normal.tif,DRUSEN-082,val,DRUSEN,normal,OD,.tif,0.0008167402120307088
DRUSEN/82/OD/005_Normal.tif,DRUSEN-082,val,DRUSEN,normal,OD,.tif,0.0008806691039353609
DRUSEN/82/OD/006_Normal.tif,DRUSEN-082,val,DRUSEN,normal,OD,.tif,0.0009233354358002543
DRUSEN/82/OD/007_Normal.tif,DRUSEN-082,val,DRUSEN,normal,OD,.tif,0.0008890251046977937
DRUSEN/82/OD/008_Normal.tif,DRUSEN-082,val,DRUSEN,normal,OD,.tif,0.0009342683479189873
DRUSEN/82/OD/009_Normal.tif,DRUSEN-082,val,DRUSEN,normal,OD,.tif,0.0008983396692201495
DRUSEN/82/OD/010_Drusen.tif,DRUSEN-082,val,DRUSEN,drusen,OD,.tif,0.0008316601160913706
DRUSEN/82/OD/011_Drusen.tif,DRUSEN-082,val,DRUSEN,drusen,OD,.tif,0.0007943059899844229
DRUSEN/82/OD/012_Drusen.tif,DRUSEN-082,val,DRUSEN,drusen,OD,.tif,0.0007565111736766994
DRUSEN/82/OD/013_Drusen.tif,DRUSEN-082,val,DRUSEN,drusen,OD,.tif,0.0007907113758847117
DRUSEN/82/OD/014_Drusen.tif,DRUSEN-082,val,DRUSEN,drusen,OD,.tif,0.0008005850831978023
DRUSEN/82/OD/015_Drusen.tif,DRUSEN-082,val,DRUSEN,drusen,OD,.tif,0.0008129793568514287
DRUSEN/82/OD/016_Drusen.tif,DRUSEN-082,val,DRUSEN,drusen,OD,.tif,0.0007082538213580847
DRUSEN/82/OD/017_Drusen.tif,DRUSEN-082,val,DRUSEN,drusen,OD,.tif,0.0007432677666656673
DRUSEN/82/OD/018_Drusen.tif,DRUSEN-082,val,DRUSEN,drusen,OD,.tif,0.0006418945849873126
DRUSEN/82/OD/019_Drusen.tif,DRUSEN-082,val,DRUSEN,drusen,OD,.tif,0.0007086546393111348
DRUSEN/82/OD/020_Drusen.tif,DRUSEN-082,val,DRUSEN,drusen,OD,.tif,0.000705093378201127
DRUSEN/82/OD/021_Drusen.tif,DRUSEN-082,val,DRUSEN,drusen,OD,.tif,0.000664045219309628
DRUSEN/82/OD/022_Normal.tif,DRUSEN-082,val,DRUSEN,normal,OD,.tif,0.0007061531068757176
DRUSEN/82/OD/023_Normal.tif,DRUSEN-082,val,DRUSEN,normal,OD,.tif,0.0006213290034793317
DRUSEN/82/OD/024_Normal.tif,DRUSEN-082,val,DRUSEN,normal,OD,.tif,0.0006748004234395921
DRUSEN/82/OD/025_Normal.tif,DRUSEN-082,val,DRUSEN,normal,OD,.tif,0.0006182994693517685
DRUSEN/82/OD/026_Normal.tif,DRUSEN-082,val,DRUSEN,normal,OD,.tif,0.000597715494222939
DRUSEN/82/OD/027_Normal.tif,DRUSEN-082,val,DRUSEN,normal,OD,.tif,0.0005993923405185342
DRUSEN/82/OS/000_Normal.tif,DRUSEN-082,val,DRUSEN,normal,OS,.tif,0.000498630222864449
DRUSEN/82/OS/001_Normal.tif,DRUSEN-082,val,DRUSEN,normal,OS,.tif,0.0005196542479097843
DRUSEN/82/OS/002_Normal.tif,DRUSEN-082,val,DRUSEN,normal,OS,.tif,0.0004234617226757109
DRUSEN/82/OS/003_Normal.tif,DRUSEN-082,val,DRUSEN,normal,OS,.tif,0.0004866936069447547
DRUSEN/82/OS/004_Normal.tif,DRUSEN-082,val,DRUSEN,normal,OS,.tif,0.0005297058378346264
DRUSEN/82/OS/005_Normal.tif,DRUSEN-082,val,DRUSEN,normal,OS,.tif,0.0005194636178202927
DRUSEN/82/OS/006_Normal.tif,DRUSEN-082,val,DRUSEN,normal,OS,.tif,0.0006541063776239753
DRUSEN/82/OS/007_Normal.tif,DRUSEN-082,val,DRUSEN,normal,OS,.tif,0.00057789939455688
DRUSEN/82/OS/008_Normal.tif,DRUSEN-082,val,DRUSEN,normal,OS,.tif,0.0008119884296320379
DRUSEN/82/OS/009_Drusen.tif,DRUSEN-082,val,DRUSEN,drusen,OS,.tif,0.0006678341305814683
DRUSEN/82/OS/010_Normal.tif,DRUSEN-082,val,DRUSEN,normal,OS,.tif,0.0006850247737020254
DRUSEN/82/OS/011_Drusen.tif,DRUSEN-082,val,DRUSEN,drusen,OS,.tif,0.0007510451832786202
DRUSEN/82/OS/012_Drusen.tif,DRUSEN-082,val,DRUSEN,drusen,OS,.tif,0.0008428219007328153
DRUSEN/82/OS/013_Drusen.tif,DRUSEN-082,val,DRUSEN,drusen,OS,.tif,0.0006740135722793639
DRUSEN/82/OS/014_Drusen.tif,DRUSEN-082,val,DRUSEN,drusen,OS,.tif,0.0008545161690562963
DRUSEN/82/OS/015_Drusen.tif,DRUSEN-082,val,DRUSEN,drusen,OS,.tif,0.0008004738483577967
DRUSEN/82/OS/016_Drusen.tif,DRUSEN-082,val,DRUSEN,drusen,OS,.tif,0.0008553130319342017
DRUSEN/82/OS/017_Drusen.tif,DRUSEN-082,val,DRUSEN,drusen,OS,.tif,0.0008654071134515107
DRUSEN/82/OS/018_Drusen.tif,DRUSEN-082,val,DRUSEN,drusen,OS,.tif,0.000817819673102349
DRUSEN/82/OS/019_Drusen.tif,DRUSEN-082,val,DRUSEN,drusen,OS,.tif,0.0007962579256854951
DRUSEN/82/OS/020_Drusen.tif,DRUSEN-082,val,DRUSEN,drusen,OS,.tif,0.0007856735028326511
DRUSEN/82/OS/021_Normal.tif,DRUSEN-082,val,DRUSEN,normal,OS,.tif,0.0008140338468365371
DRUSEN/82/OS/022_Normal.tif,DRUSEN-082,val,DRUSEN,normal,OS,.tif,0.0007758476422168314
DRUSEN/82/OS/023_Drusen.tif,DRUSEN-082,val,DRUSEN,drusen,OS,.tif,0.0007977138157002628
DRUSEN/82/OS/024_Normal.tif,DRUSEN-082,val,DRUSEN,normal,OS,.tif,0.0007753490353934467
DRUSEN/82/OS/025_Normal.tif,DRUSEN-082,val,DRUSEN,normal,OS,.tif,0.0007872574497014284
DRUSEN/82/OS/026_Normal.tif,DRUSEN-082,val,DRUSEN,normal,OS,.tif,0.000711095635779202
DRUSEN/82/OS/027_Normal.tif,DRUSEN-082,val,DRUSEN,normal,OS,.tif,0.0007244969601742923
DRUSEN/82/OS/028_Normal.tif,DRUSEN-082,val,DRUSEN,normal,OS,.tif,0.000754615175537765
DRUSEN/82/OS/029_Normal.tif,DRUSEN-082,val,DRUSEN,normal,OS,.tif,0.0008059885585680604
DRUSEN/82/OS/030_Normal.tif,DRUSEN-082,val,DRUSEN,normal,OS,.tif,0.0005793545278720558
DRUSEN/89/000_Drusen.tif,DRUSEN-089,val,DRUSEN,drusen,OS,.tif,0.0005317479954101145
DRUSEN/89/001_Drusen.tif,DRUSEN-089,val,DRUSEN,drusen,OS,.tif,0.0005520444246940315
DRUSEN/89/002_Drusen.tif,DRUSEN-089,val,DRUSEN,drusen,OS,.tif,0.0005265219369903207
DRUSEN/89/003_Drusen.tif,DRUSEN-089,val,DRUSEN,drusen,OS,.tif,0.0005430046585388482
DRUSEN/89/004_Drusen.tif,DRUSEN-089,val,DRUSEN,drusen,OS,.tif,0.0005094173247925937
DRUSEN/89/005_Drusen.tif,DRUSEN-089,val,DRUSEN,drusen,OS,.tif,0.0005981975700706244
DRUSEN/89/006_Drusen.tif,DRUSEN-089,val,DRUSEN,drusen,OS,.tif,0.0005351260770112276
DRUSEN/89/007_Drusen.tif,DRUSEN-089,val,DRUSEN,drusen,OS,.tif,0.0005664940108545125
DRUSEN/89/008_Drusen.tif,DRUSEN-089,val,DRUSEN,drusen,OS,.tif,0.0005776221514679492
DRUSEN/89/009_Drusen.tif,DRUSEN-089,val,DRUSEN,drusen,OS,.tif,0.0006129481480456889
DRUSEN/89/010_Drusen.tif,DRUSEN-089,val,DRUSEN,drusen,OS,.tif,0.0005997162079438567
DRUSEN/89/011_Drusen.tif,DRUSEN-089,val,DRUSEN,drusen,OS,.tif,0.0006211205618456006
DRUSEN/89/012_Drusen.tif,DRUSEN-089,val,DRUSEN,drusen,OS,.tif,0.0005841705133207142
DRUSEN/89/013_Drusen.tif,DRUSEN-089,val,DRUSEN,drusen,OS,.tif,0.000611922878306359
DRUSEN/89/014_Drusen.tif,DRUSEN-089,val,DRUSEN,drusen,OS,.tif,0.0006941749015823007
DRUSEN/89/015_Drusen.tif,DRUSEN-089,val,DRUSEN,drusen,OS,.tif,0.0007643810240551829
DRUSEN/89/016_Drusen.tif,DRUSEN-089,val,DRUSEN,drusen,OS,.tif,0.0004738151910714805
DRUSEN/89/017_Drusen.tif,DRUSEN-089,val,DRUSEN,drusen,OS,.tif,0.00045753619633615017
DRUSEN/89/018_Drusen.tif,DRUSEN-089,val,DRUSEN,drusen,OS,.tif,0.0005497745587490499
DRUSEN/89/019_Drusen.tif,DRUSEN-089,val,DRUSEN,drusen,OS,.tif,0.00048665411304682493
DRUSEN/89/020_Drusen.tif,DRUSEN-089,val,DRUSEN,drusen,OS,.tif,0.000545246119145304
DRUSEN/89/021_Drusen.tif,DRUSEN-089,val,DRUSEN,drusen,OS,.tif,0.000523390481248498
DRUSEN/89/022_Drusen.tif,DRUSEN-089,val,DRUSEN,drusen,OS,.tif,0.0006029318901710212
DRUSEN/89/023_Drusen.tif,DRUSEN-089,val,DRUSEN,drusen,OS,.tif,0.000635752861853689
DRUSEN/89/024_Drusen.tif,DRUSEN-089,val,DRUSEN,drusen,OS,.tif,0.0006924502667970955
DRUSEN/89/025_Drusen.tif,DRUSEN-089,val,DRUSEN,drusen,OS,.tif,0.0006385284359566867
DRUSEN/89/026_Drusen.tif,DRUSEN-089,val,DRUSEN,drusen,OS,.tif,0.0005800165818072855
DRUSEN/89/027_Drusen.tif,DRUSEN-089,val,DRUSEN,drusen,OS,.tif,0.0005717852036468685
DRUSEN/89/028_Drusen.tif,DRUSEN-089,val,DRUSEN,drusen,OS,.tif,0.0005784715176559985
DRUSEN/89/029_Drusen.tif,DRUSEN-089,val,DRUSEN,drusen,OS,.tif,0.0006814261432737112
DRUSEN/89/030_Drusen.tif,DRUSEN-089,val,DRUSEN,drusen,OS,.tif,0.0005826904089190066
DRUSEN/91/000_Normal.tif,DRUSEN-091,val,DRUSEN,normal,OS,.tif,0.0008104135631583631
DRUSEN/91/001_Normal.tif,DRUSEN-091,val,DRUSEN,normal,OS,.tif,0.0007780770538374782
DRUSEN/91/002_Normal.tif,DRUSEN-091,val,DRUSEN,normal,OS,.tif,0.000698830233886838
DRUSEN/91/003_Normal.tif,DRUSEN-091,val,DRUSEN,normal,OS,.tif,0.0006241388618946075
DRUSEN/91/004_Normal.tif,DRUSEN-091,val,DRUSEN,normal,OS,.tif,0.0006665314431302249
DRUSEN/91/005_Normal.tif,DRUSEN-091,val,DRUSEN,normal,OS,.tif,0.0007730056531727314
DRUSEN/91/006_Normal.tif,DRUSEN-091,val,DRUSEN,normal,OS,.tif,0.0008749552071094513
DRUSEN/91/007_Drusen.tif,DRUSEN-091,val,DRUSEN,drusen,OS,.tif,0.0007627633749507368
DRUSEN/91/008_Drusen.tif,DRUSEN-091,val,DRUSEN,drusen,OS,.tif,0.0007210798212327063
DRUSEN/91/009_Drusen.tif,DRUSEN-091,val,DRUSEN,drusen,OS,.tif,0.000773679930716753
DRUSEN/91/010_Drusen.tif,DRUSEN-091,val,DRUSEN,drusen,OS,.tif,0.0006414589588530362
DRUSEN/91/011_Drusen.tif,DRUSEN-091,val,DRUSEN,drusen,OS,.tif,0.0007938137277960777
DRUSEN/91/012_Drusen.tif,DRUSEN-091,val,DRUSEN,drusen,OS,.tif,0.0007652712520211935
DRUSEN/91/013_Drusen.tif,DRUSEN-091,val,DRUSEN,drusen,OS,.tif,0.0007319508586078882
DRUSEN/91/014_Drusen.tif,DRUSEN-091,val,DRUSEN,drusen,OS,.tif,0.0008726391824893653
DRUSEN/91/015_Drusen.tif,DRUSEN-091,val,DRUSEN,drusen,OS,.tif,0.0008758734911680222
DRUSEN/91/016_Drusen.tif,DRUSEN-091,val,DRUSEN,drusen,OS,.tif,0.0009365973528474569
DRUSEN/91/017_Drusen.tif,DRUSEN-091,val,DRUSEN,drusen,OS,.tif,0.0008434981573373079
DRUSEN/91/018_Drusen.tif,DRUSEN-091,val,DRUSEN,drusen,OS,.tif,0.0007573642069473863
DRUSEN/91/019_Drusen.tif,DRUSEN-091,val,DRUSEN,drusen,OS,.tif,0.0007765581249259412
DRUSEN/91/020_Drusen.tif,DRUSEN-091,val,DRUSEN,drusen,OS,.tif,0.0007314248359762132
DRUSEN/91/021_Drusen.tif,DRUSEN-091,val,DRUSEN,drusen,OS,.tif,0.0006943486514501274
DRUSEN/91/022_Drusen.tif,DRUSEN-091,val,DRUSEN,drusen,OS,.tif,0.0005676712607964873
DRUSEN/91/023_Drusen.tif,DRUSEN-091,val,DRUSEN,drusen,OS,.tif,0.0005973340012133121
DRUSEN/91/024_Drusen.tif,DRUSEN-091,val,DRUSEN,drusen,OS,.tif,0.0012394596124067903
DRUSEN/91/025_Drusen.tif,DRUSEN-091,val,DRUSEN,drusen,OS,.tif,0.0014993351651355624
DRUSEN/91/026_Drusen.tif,DRUSEN-091,val,DRUSEN,drusen,OS,.tif,0.0009612843859940767
DRUSEN/91/027_Drusen.tif,DRUSEN-091,val,DRUSEN,drusen,OS,.tif,0.0009418760892003775
DRUSEN/91/028_Drusen.tif,DRUSEN-091,val,DRUSEN,drusen,OS,.tif,0.0007944776443764567
DRUSEN/91/029_Normal.tif,DRUSEN-091,val,DRUSEN,normal,OS,.tif,0.0008565684547647834
DRUSEN/91/030_Normal.tif,DRUSEN-091,val,DRUSEN,normal,OS,.tif,0.0007876203744672239
DRUSEN/94/000_Normal.tif,DRUSEN-094,val,DRUSEN,normal,OS,.tif,0.0006345995934680104
DRUSEN/94/001_Normal.tif,DRUSEN-094,val,DRUSEN,normal,OS,.tif,0.0009652833687141538
DRUSEN/94/002_Normal.tif,DRUSEN-094,val,DRUSEN,normal,OS,.tif,0.0008545846794731915
DRUSEN/94/003_Normal.tif,DRUSEN-094,val,DRUSEN,normal,OS,.tif,0.000884701672475785
DRUSEN/94/004_Normal.tif,DRUSEN-094,val,DRUSEN,normal,OS,.tif,0.0008350300486199558
DRUSEN/94/005_Drusen.tif,DRUSEN-094,val,DRUSEN,drusen,OS,.tif,0.0008349485578946769
DRUSEN/94/006_Normal.tif,DRUSEN-094,val,DRUSEN,normal,OS,.tif,0.0007382704061456025
DRUSEN/94/007_Drusen.tif,DRUSEN-094,val,DRUSEN,drusen,OS,.tif,0.0007351306267082691
DRUSEN/94/008_Drusen.tif,DRUSEN-094,val,DRUSEN,drusen,OS,.tif,0.0007979775546118617
DRUSEN/94/009_Drusen.tif,DRUSEN-094,val,DRUSEN,drusen,OS,.tif,0.0008775060996413231
DRUSEN/94/010_Drusen.tif,DRUSEN-094,val,DRUSEN,drusen,OS,.tif,0.0007229891489259899
DRUSEN/94/011_Drusen.tif,DRUSEN-094,val,DRUSEN,drusen,OS,.tif,0.000761764298658818
DRUSEN/94/012_Drusen.tif,DRUSEN-094,val,DRUSEN,drusen,OS,.tif,0.0007154893246479332
DRUSEN/94/013_Drusen.tif,DRUSEN-094,val,DRUSEN,drusen,OS,.tif,0.0008126850007101893
DRUSEN/94/014_Drusen.tif,DRUSEN-094,val,DRUSEN,drusen,OS,.tif,0.0008589260396547616
DRUSEN/94/015_Drusen.tif,DRUSEN-094,val,DRUSEN,drusen,OS,.tif,0.0007586186402477324
DRUSEN/94/016_Drusen.tif,DRUSEN-094,val,DRUSEN,drusen,OS,.tif,0.0006811721832491457
DRUSEN/94/017_Drusen.tif,DRUSEN-094,val,DRUSEN,drusen,OS,.tif,0.0006280291127040982
DRUSEN/94/018_Drusen.tif,DRUSEN-094,val,DRUSEN,drusen,OS,.tif,0.0006453519454225898
DRUSEN/94/019_Drusen.tif,DRUSEN-094,val,DRUSEN,drusen,OS,.tif,0.0008672163239680231
DRUSEN/94/020_Drusen.tif,DRUSEN-094,val,DRUSEN,drusen,OS,.tif,0.000793956802226603
DRUSEN/94/021_Drusen.tif,DRUSEN-094,val,DRUSEN,drusen,OS,.tif,0.0009056261624209583
DRUSEN/94/022_Drusen.tif,DRUSEN-094,val,DRUSEN,drusen,OS,.tif,0.0006070566014386714
DRUSEN/94/023_Drusen.tif,DRUSEN-094,val,DRUSEN,drusen,OS,.tif,0.0004948394489474595
DRUSEN/94/024_Drusen.tif,DRUSEN-094,val,DRUSEN,drusen,OS,.tif,0.000697373878210783
DRUSEN/94/025_Drusen.tif,DRUSEN-094,val,DRUSEN,drusen,OS,.tif,0.0006585181690752506
DRUSEN/94/026_Drusen.tif,DRUSEN-094,val,DRUSEN,drusen,OS,.tif,0.00096291140653193
DRUSEN/94/027_Drusen.tif,DRUSEN-094,val,DRUSEN,drusen,OS,.tif,0.0008961166604422033
DRUSEN/94/028_Drusen.tif,DRUSEN-094,val,DRUSEN,drusen,OS,.tif,0.0006844542804174125
DRUSEN/94/029_Normal.tif,DRUSEN-094,val,DRUSEN,normal,OS,.tif,0.000795033120084554
DRUSEN/94/030_Normal.tif,DRUSEN-094,val,DRUSEN,normal,OS,.tif,0.0012194328010082245
DRUSEN/97/000_Normal.tif,DRUSEN-097,val,DRUSEN,normal,OS,.tif,0.0031325642485171556
DRUSEN/97/001_Normal.tif,DRUSEN-097,val,DRUSEN,normal,OS,.tif,0.0019798220600932837
DRUSEN/97/002_Drusen.tif,DRUSEN-097,val,DRUSEN,drusen,OS,.tif,0.0015651544090360403
DRUSEN/97/003_Drusen.tif,DRUSEN-097,val,DRUSEN,drusen,OS,.tif,0.0013651713961735368
DRUSEN/97/004_Drusen.tif,DRUSEN-097,val,DRUSEN,drusen,OS,.tif,0.0010398305021226406
DRUSEN/97/005_Drusen.tif,DRUSEN-097,val,DRUSEN,drusen,OS,.tif,0.0009279463556595147
DRUSEN/97/006_Drusen.tif,DRUSEN-097,val,DRUSEN,drusen,OS,.tif,0.0007553801406174898
DRUSEN/97/007_Drusen.tif,DRUSEN-097,val,DRUSEN,drusen,OS,.tif,0.0006754447822459042
DRUSEN/97/008_Drusen.tif,DRUSEN-097,val,DRUSEN,drusen,OS,.tif,0.0006853478844277561
DRUSEN/97/009_Drusen.tif,DRUSEN-097,val,DRUSEN,drusen,OS,.tif,0.0006384769803844392
DRUSEN/97/010_Drusen.tif,DRUSEN-097,val,DRUSEN,drusen,OS,.tif,0.0005843235994689167
DRUSEN/97/011_Drusen.tif,DRUSEN-097,val,DRUSEN,drusen,OS,.tif,0.0005719366017729044
DRUSEN/97/012_Drusen.tif,DRUSEN-097,val,DRUSEN,drusen,OS,.tif,0.0005194436525925994
DRUSEN/97/013_Drusen.tif,DRUSEN-097,val,DRUSEN,drusen,OS,.tif,0.0006684407126158476
DRUSEN/97/014_Drusen.tif,DRUSEN-097,val,DRUSEN,drusen,OS,.tif,0.0007791432435624301
DRUSEN/97/015_Drusen.tif,DRUSEN-097,val,DRUSEN,drusen,OS,.tif,0.0007309055654332042
DRUSEN/97/016_Drusen.tif,DRUSEN-097,val,DRUSEN,drusen,OS,.tif,0.0006035185069777071
DRUSEN/97/017_Drusen.tif,DRUSEN-097,val,DRUSEN,drusen,OS,.tif,0.0006222999072633684
DRUSEN/97/018_Drusen.tif,DRUSEN-097,val,DRUSEN,drusen,OS,.tif,0.0005927192978560925
DRUSEN/97/019_Drusen.tif,DRUSEN-097,val,DRUSEN,drusen,OS,.tif,0.0005931804771535099
DRUSEN/97/020_Drusen.tif,DRUSEN-097,val,DRUSEN,drusen,OS,.tif,0.0008226139470934868
DRUSEN/97/021_Drusen.tif,DRUSEN-097,val,DRUSEN,drusen,OS,.tif,0.0006820835988037288
DRUSEN/97/022_Drusen.tif,DRUSEN-097,val,DRUSEN,drusen,OS,.tif,0.0005742654902860522
DRUSEN/97/023_Drusen.tif,DRUSEN-097,val,DRUSEN,drusen,OS,.tif,0.0006064533954486251
DRUSEN/97/024_Drusen.tif,DRUSEN-097,val,DRUSEN,drusen,OS,.tif,0.0006696483469568193
DRUSEN/97/025_Drusen.tif,DRUSEN-097,val,DRUSEN,drusen,OS,.tif,0.0006951374234631658
DRUSEN/97/026_Drusen.tif,DRUSEN-097,val,DRUSEN,drusen,OS,.tif,0.000618808320723474
DRUSEN/97/027_Drusen.tif,DRUSEN-097,val,DRUSEN,drusen,OS,.tif,0.0005466839065775275
DRUSEN/97/028_Drusen.tif,DRUSEN-097,val,DRUSEN,drusen,OS,.tif,0.0007540943333879113
DRUSEN/97/029_Drusen.tif,DRUSEN-097,val,DRUSEN,drusen,OS,.tif,0.0006949492380954325
DRUSEN/97/030_Drusen.tif,DRUSEN-097,val,DRUSEN,drusen,OS,.tif,0.0006096498109400272
DRUSEN/102/000_Normal.jpg,DRUSEN-102,val,DRUSEN,normal,OS,.jpg,0.0007086489349603653
DRUSEN/102/001_Normal.jpg,DRUSEN-102,val,DRUSEN,normal,OS,.jpg,0.0007910127751529217
DRUSEN/102/002_Normal.jpg,DRUSEN-102,val,DRUSEN,normal,OS,.jpg,0.0009133595158345997
DRUSEN/102/003_Normal.jpg,DRUSEN-102,val,DRUSEN,normal,OS,.jpg,0.0008773847366683185
DRUSEN/102/004_Normal.jpg,DRUSEN-102,val,DRUSEN,normal,OS,.jpg,0.0010375113924965262
DRUSEN/102/005_Normal.jpg,DRUSEN-102,val,DRUSEN,normal,OS,.jpg,0.0010261019924655557
DRUSEN/102/006_Normal.jpg,DRUSEN-102,val,DRUSEN,normal,OS,.jpg,0.0011407460551708937
DRUSEN/102/007_Normal.jpg,DRUSEN-102,val,DRUSEN,normal,OS,.jpg,0.0010695841629058123
DRUSEN/102/008_Drusen.jpg,DRUSEN-102,val,DRUSEN,drusen,OS,.jpg,0.0010470037814229727
DRUSEN/102/009_Drusen.jpg,DRUSEN-102,val,DRUSEN,drusen,OS,.jpg,0.0013549067080020905
DRUSEN/102/010_Normal.jpg,DRUSEN-102,val,DRUSEN,normal,OS,.jpg,0.0013716836692765355
DRUSEN/102/011_Drusen.jpg,DRUSEN-102,val,DRUSEN,drusen,OS,.jpg,0.0012968203518539667
DRUSEN/102/012_Drusen.jpg,DRUSEN-102,val,DRUSEN,drusen,OS,.jpg,0.0012327691074460745
DRUSEN/102/013_Drusen.jpg,DRUSEN-102,val,DRUSEN,drusen,OS,.jpg,0.0012779058888554573
DRUSEN/102/014_Drusen.jpg,DRUSEN-102,val,DRUSEN,drusen,OS,.jpg,0.001629371428862214
DRUSEN/102/015_Drusen.jpg,DRUSEN-102,val,DRUSEN,drusen,OS,.jpg,0.0011802177177742124
DRUSEN/102/016_Drusen.jpg,DRUSEN-102,val,DRUSEN,drusen,OS,.jpg,0.0008984851301647723
DRUSEN/102/017_Drusen.jpg,DRUSEN-102,val,DRUSEN,drusen,OS,.jpg,0.0011124026495963335
DRUSEN/102/018_Drusen.jpg,DRUSEN-102,val,DRUSEN,drusen,OS,.jpg,0.0009169181575998664
DRUSEN/102/019_Drusen.jpg,DRUSEN-102,val,DRUSEN,drusen,OS,.jpg,0.0010598913067951798
DRUSEN/102/020_Normal.jpg,DRUSEN-102,val,DRUSEN,normal,OS,.jpg,0.0009274730109609663
DRUSEN/102/021_Normal.jpg,DRUSEN-102,val,DRUSEN,normal,OS,.jpg,0.0010965147521346807
DRUSEN/102/022_Normal.jpg,DRUSEN-102,val,DRUSEN,normal,OS,.jpg,0.0009717294597066939
DRUSEN/102/023_Normal.jpg,DRUSEN-102,val,DRUSEN,normal,OS,.jpg,0.000984678859822452
DRUSEN/102/024_Normal.jpg,DRUSEN-102,val,DRUSEN,normal,OS,.jpg,0.0009984984062612057
DRUSEN/102/025_Normal.jpg,DRUSEN-102,val,DRUSEN,normal,OS,.jpg,0.0010257655521854758
DRUSEN/102/026_Normal.jpg,DRUSEN-102,val,DRUSEN,normal,OS,.jpg,0.0009008580236695707
DRUSEN/102/027_Normal.jpg,DRUSEN-102,val,DRUSEN,normal,OS,.jpg,0.000746401259675622
DRUSEN/102/028_Normal.jpg,DRUSEN-102,val,DRUSEN,normal,OS,.jpg,0.0008898549131117761
DRUSEN/102/029_Normal.jpg,DRUSEN-102,val,DRUSEN,normal,OS,.jpg,0.0010041146306321025
DRUSEN/102/030_Normal.jpg,DRUSEN-102,val,DRUSEN,normal,OS,.jpg,0.000962048361543566
DRUSEN/108/000_Normal.tif,DRUSEN-108,val,DRUSEN,normal,OD,.tif,0.0006199238123372197
DRUSEN/108/001_Normal.tif,DRUSEN-108,val,DRUSEN,normal,OD,.tif,0.0005936874658800662
DRUSEN/108/002_Normal.tif,DRUSEN-108,val,DRUSEN,normal,OD,.tif,0.000545163347851485
DRUSEN/108/003_Normal.tif,DRUSEN-108,val,DRUSEN,normal,OD,.tif,0.0006406315951608121
DRUSEN/108/004_Normal.tif,DRUSEN-108,val,DRUSEN,normal,OD,.tif,0.0007187650189734995
DRUSEN/108/005_Normal.tif,DRUSEN-108,val,DRUSEN,normal,OD,.tif,0.0006996226729825139
DRUSEN/108/006_Normal.tif,DRUSEN-108,val,DRUSEN,normal,OD,.tif,0.0006975780706852674
DRUSEN/108/007_Normal.tif,DRUSEN-108,val,DRUSEN,normal,OD,.tif,0.000753978849388659
DRUSEN/108/008_Drusen.tif,DRUSEN-108,val,DRUSEN,drusen,OD,.tif,0.0007557435310445726
DRUSEN/108/009_Normal.tif,DRUSEN-108,val,DRUSEN,normal,OD,.tif,0.0007448392570950091
DRUSEN/108/010_Drusen.tif,DRUSEN-108,val,DRUSEN,drusen,OD,.tif,0.0007694677333347499
DRUSEN/108/011_Drusen.tif,DRUSEN-108,val,DRUSEN,drusen,OD,.tif,0.0007662639254704118
DRUSEN/108/012_Drusen.tif,DRUSEN-108,val,DRUSEN,drusen,OD,.tif,0.0008191109518520534
DRUSEN/108/013_Drusen.tif,DRUSEN-108,val,DRUSEN,drusen,OD,.tif,0.0008120898273773491
DRUSEN/108/014_Normal.tif,DRUSEN-108,val,DRUSEN,normal,OD,.tif,0.0006198587361723185
DRUSEN/108/015_Drusen.tif,DRUSEN-108,val,DRUSEN,drusen,OD,.tif,0.0007107920828275383
DRUSEN/108/016_Drusen.tif,DRUSEN-108,val,DRUSEN,drusen,OD,.tif,0.0006718063959851861
DRUSEN/108/017_Drusen.tif,DRUSEN-108,val,DRUSEN,drusen,OD,.tif,0.0007966705597937107
DRUSEN/108/018_Drusen.tif,DRUSEN-108,val,DRUSEN,drusen,OD,.tif,0.0008146344334818423
DRUSEN/108/019_Drusen.tif,DRUSEN-108,val,DRUSEN,drusen,OD,.tif,0.0008432614267803729
DRUSEN/108/020_Drusen.tif,DRUSEN-108,val,DRUSEN,drusen,OD,.tif,0.0008009804878383875
DRUSEN/108/021_Drusen.tif,DRUSEN-108,val,DRUSEN,drusen,OD,.tif,0.0007189443567767739
DRUSEN/108/022_Drusen.tif,DRUSEN-108,val,DRUSEN,drusen,OD,.tif,0.0006650272407568991
DRUSEN/108/023_Drusen.tif,DRUSEN-108,val,DRUSEN,drusen,OD,.tif,0.0007183810230344534
DRUSEN/108/024_Normal.tif,DRUSEN-108,val,DRUSEN,normal,OD,.tif,0.0006938698352314532
DRUSEN/108/025_Normal.tif,DRUSEN-108,val,DRUSEN,normal,OD,.tif,0.0007210503681562841
DRUSEN/108/026_Normal.tif,DRUSEN-108,val,DRUSEN,normal,OD,.tif,0.0006924803019501269
DRUSEN/108/027_Normal.tif,DRUSEN-108,val,DRUSEN,normal,OD,.tif,0.0006712896865792572
DRUSEN/108/028_Normal.tif,DRUSEN-108,val,DRUSEN,normal,OD,.tif,0.0006234179600141943
DRUSEN/108/029_Drusen.tif,DRUSEN-108,val,DRUSEN,drusen,OD,.tif,0.0006981283077038825
DRUSEN/108/030_Drusen.tif,DRUSEN-108,val,DRUSEN,drusen,OD,.tif,0.0006960309692658484
DRUSEN/109/000_Drusen.jpg,DRUSEN-109,val,DRUSEN,drusen,OD,.jpg,0.0005774860037490726
DRUSEN/109/001_Drusen.jpg,DRUSEN-109,val,DRUSEN,drusen,OD,.jpg,0.0005795404431410134
DRUSEN/109/002_Drusen.jpg,DRUSEN-109,val,DRUSEN,drusen,OD,.jpg,0.0006148760439828038
DRUSEN/109/003_Drusen.jpg,DRUSEN-109,val,DRUSEN,drusen,OD,.jpg,0.0004910171846859157
DRUSEN/109/004_Drusen.jpg,DRUSEN-109,val,DRUSEN,drusen,OD,.jpg,0.0005663406918756664
DRUSEN/109/005_Drusen.jpg,DRUSEN-109,val,DRUSEN,drusen,OD,.jpg,0.000657279510051012
DRUSEN/109/006_Drusen.jpg,DRUSEN-109,val,DRUSEN,drusen,OD,.jpg,0.0005730409757234156
DRUSEN/109/007_Drusen.jpg,DRUSEN-109,val,DRUSEN,drusen,OD,.jpg,0.0005676893633790314
DRUSEN/109/008_Drusen.jpg,DRUSEN-109,val,DRUSEN,drusen,OD,.jpg,0.000597069738432765
DRUSEN/109/009_Drusen.jpg,DRUSEN-109,val,DRUSEN,drusen,OD,.jpg,0.0005321380449458957
DRUSEN/109/010_Drusen.jpg,DRUSEN-109,val,DRUSEN,drusen,OD,.jpg,0.0006891728844493628
DRUSEN/109/011_Drusen.jpg,DRUSEN-109,val,DRUSEN,drusen,OD,.jpg,0.0005487406742759049
DRUSEN/109/012_Drusen.jpg,DRUSEN-109,val,DRUSEN,drusen,OD,.jpg,0.0004869841504842043
DRUSEN/109/013_Drusen.jpg,DRUSEN-109,val,DRUSEN,drusen,OD,.jpg,0.0006579490727744997
DRUSEN/109/014_Drusen.jpg,DRUSEN-109,val,DRUSEN,drusen,OD,.jpg,0.0005745198577642441
DRUSEN/109/015_Drusen.jpg,DRUSEN-109,val,DRUSEN,drusen,OD,.jpg,0.000599414692260325
DRUSEN/109/016_Drusen.jpg,DRUSEN-109,val,DRUSEN,drusen,OD,.jpg,0.0006711803143844008
DRUSEN/109/017_Drusen.jpg,DRUSEN-109,val,DRUSEN,drusen,OD,.jpg,0.0005770217394456267
DRUSEN/109/018_Drusen.jpg,DRUSEN-109,val,DRUSEN,drusen,OD,.jpg,0.00073034199886024
DRUSEN/109/019_Drusen.jpg,DRUSEN-109,val,DRUSEN,drusen,OD,.jpg,0.000672147492878139
DRUSEN/109/020_Drusen.jpg,DRUSEN-109,val,DRUSEN,drusen,OD,.jpg,0.0007140085799619555
DRUSEN/109/021_Drusen.jpg,DRUSEN-109,val,DRUSEN,drusen,OD,.jpg,0.0007246385212056339
DRUSEN/109/022_Drusen.jpg,DRUSEN-109,val,DRUSEN,drusen,OD,.jpg,0.0005807482521049678
DRUSEN/109/023_Drusen.jpg,DRUSEN-109,val,DRUSEN,drusen,OD,.jpg,0.0005965369055047631
DRUSEN/109/024_Drusen.jpg,DRUSEN-109,val,DRUSEN,drusen,OD,.jpg,0.0006801600102335215
DRUSEN/109/025_Drusen.jpg,DRUSEN-109,val,DRUSEN,drusen,OD,.jpg,0.0006206565303727984
DRUSEN/109/026_Drusen.jpg,DRUSEN-109,val,DRUSEN,drusen,OD,.jpg,0.0005563567974604666
DRUSEN/109/027_Drusen.jpg,DRUSEN-109,val,DRUSEN,drusen,OD,.jpg,0.0005169921787455678
DRUSEN/109/028_Drusen.jpg,DRUSEN-109,val,DRUSEN,drusen,OD,.jpg,0.0005739385378547013
DRUSEN/109/029_Drusen.jpg,DRUSEN-109,val,DRUSEN,drusen,OD,.jpg,0.0006376720848493278
DRUSEN/109/030_Drusen.jpg,DRUSEN-109,val,DRUSEN,drusen,OD,.jpg,0.0005732649005949497
DRUSEN/112/000_Drusen.tif,DRUSEN-112,val,DRUSEN,drusen,OD,.tif,0.00053680210839957
DRUSEN/112/001_Normal.tif,DRUSEN-112,val,DRUSEN,normal,OD,.tif,0.0005943962605670094
DRUSEN/112/002_Normal.tif,DRUSEN-112,val,DRUSEN,normal,OD,.tif,0.0006234288448467851
DRUSEN/112/003_Normal.tif,DRUSEN-112,val,DRUSEN,normal,OD,.tif,0.000852673314511776
DRUSEN/112/004_Normal.tif,DRUSEN-112,val,DRUSEN,normal,OD,.tif,0.0007938629714772105
DRUSEN/112/005_Normal.tif,DRUSEN-112,val,DRUSEN,normal,OD,.tif,0.0007886078092269599
DRUSEN/112/006_Normal.tif,DRUSEN-112,val,DRUSEN,normal,OD,.tif,0.0010157048236578703
DRUSEN/112/007_Drusen.tif,DRUSEN-112,val,DRUSEN,drusen,OD,.tif,0.0010437465971335769
DRUSEN/112/008_Drusen.tif,DRUSEN-112,val,DRUSEN,drusen,OD,.tif,0.0014407520648092031
DRUSEN/112/009_Drusen.tif,DRUSEN-112,val,DRUSEN,drusen,OD,.tif,0.0014790352433919907
DRUSEN/112/010_Drusen.tif,DRUSEN-112,val,DRUSEN,drusen,OD,.tif,0.0013906937092542648
DRUSEN/112/011_Drusen.tif,DRUSEN-112,val,DRUSEN,drusen,OD,.tif,0.0013916738098487258
DRUSEN/112/012_Drusen.tif,DRUSEN-112,val,DRUSEN,drusen,OD,.tif,0.0014107987517490983
DRUSEN/112/013_Drusen.tif,DRUSEN-112,val,DRUSEN,drusen,OD,.tif,0.0015104443300515413
DRUSEN/112/014_Drusen.tif,DRUSEN-112,val,DRUSEN,drusen,OD,.tif,0.0011252100812271237
DRUSEN/112/015_Drusen.tif,DRUSEN-112,val,DRUSEN,drusen,OD,.tif,0.0010691559873521328
DRUSEN/112/016_Drusen.tif,DRUSEN-112,val,DRUSEN,drusen,OD,.tif,0.0011363917728886008
DRUSEN/112/017_Drusen.tif,DRUSEN-112,val,DRUSEN,drusen,OD,.tif,0.0007490006973966956
DRUSEN/112/018_Drusen.tif,DRUSEN-112,val,DRUSEN,drusen,OD,.tif,0.000840126711409539
DRUSEN/112/019_Drusen.tif,DRUSEN-112,val,DRUSEN,drusen,OD,.tif,0.0008473454508930445
DRUSEN/112/020_Drusen.tif,DRUSEN-112,val,DRUSEN,drusen,OD,.tif,0.0009435010724700987
DRUSEN/112/021_Drusen.tif,DRUSEN-112,val,DRUSEN,drusen,OD,.tif,0.0009341900586150587
DRUSEN/112/022_Drusen.tif,DRUSEN-112,val,DRUSEN,drusen,OD,.tif,0.0006313567282631993
DRUSEN/112/023_Drusen.tif,DRUSEN-112,val,DRUSEN,drusen,OD,.tif,0.0008868459262885153
DRUSEN/112/024_Normal.tif,DRUSEN-112,val,DRUSEN,normal,OD,.tif,0.0007793015684001148
DRUSEN/112/025_Normal.tif,DRUSEN-112,val,DRUSEN,normal,OD,.tif,0.0005145383183844388
DRUSEN/112/026_Normal.tif,DRUSEN-112,val,DRUSEN,normal,OD,.tif,0.0008239931194111705
DRUSEN/112/027_Normal.tif,DRUSEN-112,val,DRUSEN,normal,OD,.tif,0.0007351672975346446
DRUSEN/112/028_Drusen.tif,DRUSEN-112,val,DRUSEN,drusen,OD,.tif,0.0006765844882465899
DRUSEN/112/029_Normal.tif,DRUSEN-112,val,DRUSEN,normal,OD,.tif,0.0006681309314444661
DRUSEN/112/030_Normal.tif,DRUSEN-112,val,DRUSEN,normal,OD,.tif,0.0006717578507959843
DRUSEN/115/000_Drusen.tif,DRUSEN-115,val,DRUSEN,drusen,OD,.tif,0.0005021353135816753
DRUSEN/115/001_Normal.tif,DRUSEN-115,val,DRUSEN,normal,OD,.tif,0.0005452693440020084
DRUSEN/115/002_Normal.tif,DRUSEN-115,val,DRUSEN,normal,OD,.tif,0.0005714430008083582
DRUSEN/115/003_Normal.tif,DRUSEN-115,val,DRUSEN,normal,OD,.tif,0.0006340239779092371
DRUSEN/115/004_Normal.tif,DRUSEN-115,val,DRUSEN,normal,OD,.tif,0.0006831360515207052
DRUSEN/115/005_Normal.tif,DRUSEN-115,val,DRUSEN,normal,OD,.tif,0.0005030654720030725
DRUSEN/115/006_Normal.tif,DRUSEN-115,val,DRUSEN,normal,OD,.tif,0.0006000071880407631
DRUSEN/115/007_Normal.tif,DRUSEN-115,val,DRUSEN,normal,OD,.tif,0.0007751445518806577
DRUSEN/115/008_Normal.tif,DRUSEN-115,val,DRUSEN,normal,OD,.tif,0.0006218061898835003
DRUSEN/115/009_Normal.tif,DRUSEN-115,val,DRUSEN,normal,OD,.tif,0.0007974302861839533
DRUSEN/115/010_Normal.tif,DRUSEN-115,val,DRUSEN,normal,OD,.tif,0.0007795374840497971
DRUSEN/115/011_Normal.tif,DRUSEN-115,val,DRUSEN,normal,OD,.tif,0.0006271667662076652
DRUSEN/115/012_Drusen.tif,DRUSEN-115,val,DRUSEN,drusen,OD,.tif,0.0006983280181884766
DRUSEN/115/013_Drusen.tif,DRUSEN-115,val,DRUSEN,drusen,OD,.tif,0.0006132990238256752
DRUSEN/115/014_Drusen.tif,DRUSEN-115,val,DRUSEN,drusen,OD,.tif,0.0006441104342229664
DRUSEN/115/015_Drusen.tif,DRUSEN-115,val,DRUSEN,drusen,OD,.tif,0.0006778851384297013
DRUSEN/115/016_Drusen.tif,DRUSEN-115,val,DRUSEN,drusen,OD,.tif,0.0005608687060885131
DRUSEN/115/017_Drusen.tif,DRUSEN-115,val,DRUSEN,drusen,OD,.tif,0.0004213756474200636
DRUSEN/115/018_Drusen.tif,DRUSEN-115,val,DRUSEN,drusen,OD,.tif,0.0005014435155317187
DRUSEN/115/019_Normal.tif,DRUSEN-115,val,DRUSEN,normal,OD,.tif,0.0006041588494554162
DRUSEN/115/020_Normal.tif,DRUSEN-115,val,DRUSEN,normal,OD,.tif,0.0005956706590950489
DRUSEN/115/021_Normal.tif,DRUSEN-115,val,DRUSEN,normal,OD,.tif,0.000615410041064024
DRUSEN/115/022_Normal.tif,DRUSEN-115,val,DRUSEN,normal,OD,.tif,0.0005651194951497018
DRUSEN/115/023_Normal.tif,DRUSEN-115,val,DRUSEN,normal,OD,.tif,0.0004296368861105293
DRUSEN/115/024_Normal.tif,DRUSEN-115,val,DRUSEN,normal,OD,.tif,0.0004967944114468992
DRUSEN/115/025_Normal.tif,DRUSEN-115,val,DRUSEN,normal,OD,.tif,0.0005793942837044597
DRUSEN/115/026_Normal.tif,DRUSEN-115,val,DRUSEN,normal,OD,.tif,0.00062091916333884
DRUSEN/115/027_Normal.tif,DRUSEN-115,val,DRUSEN,normal,OD,.tif,0.0005394528852775693
DRUSEN/115/028_Normal.tif,DRUSEN-115,val,DRUSEN,normal,OD,.tif,0.0006036000559106469
DRUSEN/115/029_Normal.tif,DRUSEN-115,val,DRUSEN,normal,OD,.tif,0.0007147272117435932
DRUSEN/115/030_Normal.tif,DRUSEN-115,val,DRUSEN,normal,OD,.tif,0.0005284869112074375
DRUSEN/116/OD/000_Normal.tif,DRUSEN-116,val,DRUSEN,normal,OD,.tif,0.0008034975035116076
DRUSEN/116/OD/001_Normal.tif,DRUSEN-116,val,DRUSEN,normal,OD,.tif,0.0006641141953878105
DRUSEN/116/OD/002_Normal.tif,DRUSEN-116,val,DRUSEN,normal,OD,.tif,0.0007185633294284344
DRUSEN/116/OD/003_Normal.tif,DRUSEN-116,val,DRUSEN,normal,OD,.tif,0.0006794942892156541
DRUSEN/116/OD/004_Normal.tif,DRUSEN-116,val,DRUSEN,normal,OD,.tif,0.0008066341979429126
DRUSEN/116/OD/005_Normal.tif,DRUSEN-116,val,DRUSEN,normal,OD,.tif,0.0007076023030094802
DRUSEN/116/OD/006_Normal.tif,DRUSEN-116,val,DRUSEN,normal,OD,.tif,0.0007158342632465065
DRUSEN/116/OD/007_Normal.tif,DRUSEN-116,val,DRUSEN,normal,OD,.tif,0.0007663585711270571
DRUSEN/116/OD/008_Drusen.tif,DRUSEN-116,val,DRUSEN,drusen,OD,.tif,0.0007109264261089265
DRUSEN/116/OD/009_Drusen.tif,DRUSEN-116,val,DRUSEN,drusen,OD,.tif,0.0007340940064750612
DRUSEN/116/OD/010_Normal.tif,DRUSEN-116,val,DRUSEN,normal,OD,.tif,0.0007630227482877672
DRUSEN/116/OD/011_Normal.tif,DRUSEN-116,val,DRUSEN,normal,OD,.tif,0.0006711873575113714
DRUSEN/116/OD/012_Drusen.tif,DRUSEN-116,val,DRUSEN,drusen,OD,.tif,0.0007849169778637588
DRUSEN/116/OD/013_Drusen.tif,DRUSEN-116,val,DRUSEN,drusen,OD,.tif,0.0007095139008015394
DRUSEN/116/OD/014_Drusen.tif,DRUSEN-116,val,DRUSEN,drusen,OD,.tif,0.0008318519103340805
DRUSEN/116/OD/015_Drusen.tif,DRUSEN-116,val,DRUSEN,drusen,OD,.tif,0.00082879833644256
DRUSEN/116/OD/016_Drusen.tif,DRUSEN-116,val,DRUSEN,drusen,OD,.tif,0.0007515469915233552
DRUSEN/116/OD/017_Drusen.tif,DRUSEN-116,val,DRUSEN,drusen,OD,.tif,0.0007991549791768193
DRUSEN/116/OD/018_Drusen.tif,DRUSEN-116,val,DRUSEN,drusen,OD,.tif,0.0006565049989148974
DRUSEN/116/OD/019_Drusen.tif,DRUSEN-116,val,DRUSEN,drusen,OD,.tif,0.0007574996561743319
DRUSEN/116/OD/020_Drusen.tif,DRUSEN-116,val,DRUSEN,drusen,OD,.tif,0.0008200723095797002
DRUSEN/116/OD/021_Normal.tif,DRUSEN-116,val,DRUSEN,normal,OD,.tif,0.0006687457789666951
DRUSEN/116/OD/022_Normal.tif,DRUSEN-116,val,DRUSEN,normal,OD,.tif,0.0007338100112974644
DRUSEN/116/OD/023_Normal.tif,DRUSEN-116,val,DRUSEN,normal,OD,.tif,0.0008414193871431053
DRUSEN/116/OD/024_Normal.tif,DRUSEN-116,val,DRUSEN,normal,OD,.tif,0.0008575379615649581
DRUSEN/116/OD/025_Drusen.tif,DRUSEN-116,val,DRUSEN,drusen,OD,.tif,0.0007724715978838503
DRUSEN/116/OD/026_Normal.tif,DRUSEN-116,val,DRUSEN,normal,OD,.tif,0.0008099350961856544
DRUSEN/116/OD/027_Normal.tif,DRUSEN-116,val,DRUSEN,normal,OD,.tif,0.0007903543300926685
DRUSEN/116/OD/028_Normal.tif,DRUSEN-116,val,DRUSEN,normal,OD,.tif,0.000758742040488869
DRUSEN/116/OD/029_Normal.tif,DRUSEN-116,val,DRUSEN,normal,OD,.tif,0.0007836874574422836
DRUSEN/116/OD/030_Normal.tif,DRUSEN-116,val,DRUSEN,normal,OD,.tif,0.0007914818706922233
DRUSEN/116/OS/000_Normal.tif,DRUSEN-116,val,DRUSEN,normal,OS,.tif,0.0007869522669352591
DRUSEN/116/OS/001_Normal.tif,DRUSEN-116,val,DRUSEN,normal,OS,.tif,0.0006628578994423151
DRUSEN/116/OS/002_Normal.tif,DRUSEN-116,val,DRUSEN,normal,OS,.tif,0.0007021292694844306
DRUSEN/116/OS/003_Normal.tif,DRUSEN-116,val,DRUSEN,normal,OS,.tif,0.0007692552753724158
DRUSEN/116/OS/004_Normal.tif,DRUSEN-116,val,DRUSEN,normal,OS,.tif,0.0007428908138535917
DRUSEN/116/OS/005_Normal.tif,DRUSEN-116,val,DRUSEN,normal,OS,.tif,0.0006952864932827652
DRUSEN/116/OS/006_Normal.tif,DRUSEN-116,val,DRUSEN,normal,OS,.tif,0.0007807501242496073
DRUSEN/116/OS/007_Drusen.tif,DRUSEN-116,val,DRUSEN,drusen,OS,.tif,0.0006882102461531758
DRUSEN/116/OS/008_Normal.tif,DRUSEN-116,val,DRUSEN,normal,OS,.tif,0.0007511110161431134
DRUSEN/116/OS/009_Drusen.tif,DRUSEN-116,val,DRUSEN,drusen,OS,.tif,0.000730130122974515
DRUSEN/116/OS/010_Drusen.tif,DRUSEN-116,val,DRUSEN,drusen,OS,.tif,0.0007235202356241643
DRUSEN/116/OS/011_Normal.tif,DRUSEN-116,val,DRUSEN,normal,OS,.tif,0.0006797016831114888
DRUSEN/116/OS/012_Normal.tif,DRUSEN-116,val,DRUSEN,normal,OS,.tif,0.0005531085771508515
DRUSEN/116/OS/013_Normal.tif,DRUSEN-116,val,DRUSEN,normal,OS,.tif,0.0007549775182269514
DRUSEN/116/OS/014_Normal.tif,DRUSEN-116,val,DRUSEN,normal,OS,.tif,0.0007004207000136375
DRUSEN/116/OS/015_Drusen.tif,DRUSEN-116,val,DRUSEN,drusen,OS,.tif,0.0007088407874107361
DRUSEN/116/OS/016_Drusen.tif,DRUSEN-116,val,DRUSEN,drusen,OS,.tif,0.000707871513441205
DRUSEN/116/OS/017_Drusen.tif,DRUSEN-116,val,DRUSEN,drusen,OS,.tif,0.0007987451972439885
DRUSEN/116/OS/018_Drusen.tif,DRUSEN-116,val,DRUSEN,drusen,OS,.tif,0.0008493223576806486
DRUSEN/116/OS/019_Normal.tif,DRUSEN-116,val,DRUSEN,normal,OS,.tif,0.0008747113752178848
DRUSEN/116/OS/020_Normal.tif,DRUSEN-116,val,DRUSEN,normal,OS,.tif,0.0008268394158221781
DRUSEN/116/OS/021_Normal.tif,DRUSEN-116,val,DRUSEN,normal,OS,.tif,0.0008139258716255426
DRUSEN/116/OS/022_Normal.tif,DRUSEN-116,val,DRUSEN,normal,OS,.tif,0.0008284961222670972
DRUSEN/116/OS/023_Normal.tif,DRUSEN-116,val,DRUSEN,normal,OS,.tif,0.0008015750790946186
DRUSEN/116/OS/024_Normal.tif,DRUSEN-116,val,DRUSEN,normal,OS,.tif,0.0009266022243537009
DRUSEN/116/OS/025_Normal.tif,DRUSEN-116,val,DRUSEN,normal,OS,.tif,0.0008016930078156292
DRUSEN/116/OS/026_Normal.tif,DRUSEN-116,val,DRUSEN,normal,OS,.tif,0.0007611303008161485
DRUSEN/116/OS/027_Normal.tif,DRUSEN-116,val,DRUSEN,normal,OS,.tif,0.0008057922823354602
DRUSEN/116/OS/028_Normal.tif,DRUSEN-116,val,DRUSEN,normal,OS,.tif,0.0008450176101177931
DRUSEN/116/OS/029_Normal.tif,DRUSEN-116,val,DRUSEN,normal,OS,.tif,0.0008531180792488158
DRUSEN/116/OS/030_Normal.tif,DRUSEN-116,val,DRUSEN,normal,OS,.tif,0.0008514094515703619
DRUSEN/118/000_Normal.tif,DRUSEN-118,val,DRUSEN,normal,OD,.tif,0.0007080798386596143
DRUSEN/118/001_Normal.tif,DRUSEN-118,val,DRUSEN,normal,OD,.tif,0.0006856724503450096
DRUSEN/118/002_Normal.tif,DRUSEN-118,val,DRUSEN,normal,OD,.tif,0.0006730250897817314
DRUSEN/118/003_Normal.tif,DRUSEN-118,val,DRUSEN,normal,OD,.tif,0.0007491435972042382
DRUSEN/118/004_Normal.tif,DRUSEN-118,val,DRUSEN,normal,OD,.tif,0.0008065055590122938
DRUSEN/118/005_Normal.tif,DRUSEN-118,val,DRUSEN,normal,OD,.tif,0.0007296160329133272
DRUSEN/118/006_Normal.tif,DRUSEN-118,val,DRUSEN,normal,OD,.tif,0.0007557419594377279
DRUSEN/118/007_Normal.tif,DRUSEN-118,val,DRUSEN,normal,OD,.tif,0.0006064823246560991
DRUSEN/118/008_Normal.tif,DRUSEN-118,val,DRUSEN,normal,OD,.tif,0.0006846103933639824
DRUSEN/118/009_Normal.tif,DRUSEN-118,val,DRUSEN,normal,OD,.tif,0.0006448334315791726
DRUSEN/118/010_Normal.tif,DRUSEN-118,val,DRUSEN,normal,OD,.tif,0.0007132473983801901
DRUSEN/118/011_Normal.tif,DRUSEN-118,val,DRUSEN,normal,OD,.tif,0.0007250215858221054
DRUSEN/118/012_Normal.tif,DRUSEN-118,val,DRUSEN,normal,OD,.tif,0.0006093539413996041
DRUSEN/118/013_Normal.tif,DRUSEN-118,val,DRUSEN,normal,OD,.tif,0.0007052691071294248
DRUSEN/118/014_Drusen.tif,DRUSEN-118,val,DRUSEN,drusen,OD,.tif,0.0006423757295124233
DRUSEN/118/015_Drusen.tif,DRUSEN-118,val,DRUSEN,drusen,OD,.tif,0.0005771577125415206
DRUSEN/118/016_Drusen.tif,DRUSEN-118,val,DRUSEN,drusen,OD,.tif,0.0005433604237623513
DRUSEN/118/017_Drusen.tif,DRUSEN-118,val,DRUSEN,drusen,OD,.tif,0.0005189583171159029
DRUSEN/118/018_Drusen.tif,DRUSEN-118,val,DRUSEN,drusen,OD,.tif,0.0005159841966815293
DRUSEN/118/019_Drusen.tif,DRUSEN-118,val,DRUSEN,drusen,OD,.tif,0.0005941035342402756
DRUSEN/118/020_Normal.tif,DRUSEN-118,val,DRUSEN,normal,OD,.tif,0.0005678099114447832
DRUSEN/118/021_Normal.tif,DRUSEN-118,val,DRUSEN,normal,OD,.tif,0.0006090853712521493
DRUSEN/118/022_Normal.tif,DRUSEN-118,val,DRUSEN,normal,OD,.tif,0.0004919386119581759
DRUSEN/118/023_Normal.tif,DRUSEN-118,val,DRUSEN,normal,OD,.tif,0.0005354376626200974
DRUSEN/118/024_Normal.tif,DRUSEN-118,val,DRUSEN,normal,OD,.tif,0.0006395109812729061
DRUSEN/118/025_Normal.tif,DRUSEN-118,val,DRUSEN,normal,OD,.tif,0.0005364517564885318
DRUSEN/118/026_Normal.tif,DRUSEN-118,val,DRUSEN,normal,OD,.tif,0.0005867761792615056
DRUSEN/118/027_Normal.tif,DRUSEN-118,val,DRUSEN,normal,OD,.tif,0.0006048404611647129
DRUSEN/118/028_Normal.tif,DRUSEN-118,val,DRUSEN,normal,OD,.tif,0.0005964382435195148
DRUSEN/118/029_Normal.tif,DRUSEN-118,val,DRUSEN,normal,OD,.tif,0.000556387472897768
DRUSEN/118/030_Normal.tif,DRUSEN-118,val,DRUSEN,normal,OD,.tif,0.0005543472361750901
DRUSEN/123/OD/000_Drusen.tif,DRUSEN-123,val,DRUSEN,drusen,OD,.tif,0.0008311551064252853
DRUSEN/123/OD/001_Drusen.tif,DRUSEN-123,val,DRUSEN,drusen,OD,.tif,0.0007107503479346633
DRUSEN/123/OD/002_Drusen.tif,DRUSEN-123,val,DRUSEN,drusen,OD,.tif,0.0007654139189980924
DRUSEN/123/OD/003_Drusen.tif,DRUSEN-123,val,DRUSEN,drusen,OD,.tif,0.0007411761325784028
DRUSEN/123/OD/004_Drusen.tif,DRUSEN-123,val,DRUSEN,drusen,OD,.tif,0.0007605160353705287
DRUSEN/123/OD/005_Drusen.tif,DRUSEN-123,val,DRUSEN,drusen,OD,.tif,0.000734156696125865
DRUSEN/123/OD/006_Drusen.tif,DRUSEN-123,val,DRUSEN,drusen,OD,.tif,0.0009025331237353384
DRUSEN/123/OD/007_Drusen.tif,DRUSEN-123,val,DRUSEN,drusen,OD,.tif,0.0008439732482656837
DRUSEN/123/OD/008_Drusen.tif,DRUSEN-123,val,DRUSEN,drusen,OD,.tif,0.0008295657462440431
DRUSEN/123/OD/009_Drusen.tif,DRUSEN-123,val,DRUSEN,drusen,OD,.tif,0.0008201048476621509
DRUSEN/123/OD/010_Drusen.tif,DRUSEN-123,val,DRUSEN,drusen,OD,.tif,0.0008657014695927501
DRUSEN/123/OD/011_Drusen.tif,DRUSEN-123,val,DRUSEN,drusen,OD,.tif,0.000828146527055651
DRUSEN/123/OD/012_Drusen.tif,DRUSEN-123,val,DRUSEN,drusen,OD,.tif,0.0007708630291745067
DRUSEN/123/OD/013_Drusen.tif,DRUSEN-123,val,DRUSEN,drusen,OD,.tif,0.0008007265860214829
DRUSEN/123/OD/014_Drusen.tif,DRUSEN-123,val,DRUSEN,drusen,OD,.tif,0.000794311985373497
DRUSEN/123/OD/015_Drusen.tif,DRUSEN-123,val,DRUSEN,drusen,OD,.tif,0.0007978128851391375
DRUSEN/123/OD/016_Drusen.tif,DRUSEN-123,val,DRUSEN,drusen,OD,.tif,0.0006554313586093485
DRUSEN/123/OD/017_Drusen.tif,DRUSEN-123,val,DRUSEN,drusen,OD,.tif,0.0008187693892978132
DRUSEN/123/OD/018_Drusen.tif,DRUSEN-123,val,DRUSEN,drusen,OD,.tif,0.0008757899049669504
DRUSEN/123/OD/019_Drusen.tif,DRUSEN-123,val,DRUSEN,drusen,OD,.tif,0.0007467778632417321
DRUSEN/123/OD/020_Drusen.tif,DRUSEN-123,val,DRUSEN,drusen,OD,.tif,0.0007716603577136993
DRUSEN/123/OD/021_Drusen.tif,DRUSEN-123,val,DRUSEN,drusen,OD,.tif,0.0006922995671629906
DRUSEN/123/OD/022_Drusen.tif,DRUSEN-123,val,DRUSEN,drusen,OD,.tif,0.0007033536676317453
DRUSEN/123/OD/023_Drusen.tif,DRUSEN-123,val,DRUSEN,drusen,OD,.tif,0.0007159097003750503
DRUSEN/123/OD/024_Drusen.tif,DRUSEN-123,val,DRUSEN,drusen,OD,.tif,0.0007002247148193419
DRUSEN/123/OS/000_Drusen.tif,DRUSEN-123,val,DRUSEN,drusen,OS,.tif,0.0007394661079160869
DRUSEN/123/OS/001_Drusen.tif,DRUSEN-123,val,DRUSEN,drusen,OS,.tif,0.0007039156625978649
DRUSEN/123/OS/002_Drusen.tif,DRUSEN-123,val,DRUSEN,drusen,OS,.tif,0.0006272905156947672
DRUSEN/123/OS/003_Drusen.tif,DRUSEN-123,val,DRUSEN,drusen,OS,.tif,0.0007703972514718771
DRUSEN/123/OS/004_Drusen.tif,DRUSEN-123,val,DRUSEN,drusen,OS,.tif,0.0007039813790470362
DRUSEN/123/OS/005_Drusen.tif,DRUSEN-123,val,DRUSEN,drusen,OS,.tif,0.0008430164307355881
DRUSEN/123/OS/006_Drusen.tif,DRUSEN-123,val,DRUSEN,drusen,OS,.tif,0.0008836699416860938
DRUSEN/123/OS/007_Drusen.tif,DRUSEN-123,val,DRUSEN,drusen,OS,.tif,0.0008679994498379529
DRUSEN/123/OS/008_Drusen.tif,DRUSEN-123,val,DRUSEN,drusen,OS,.tif,0.0008091389900073409
DRUSEN/123/OS/009_Drusen.tif,DRUSEN-123,val,DRUSEN,drusen,OS,.tif,0.0007695716922171414
DRUSEN/123/OS/010_Drusen.tif,DRUSEN-123,val,DRUSEN,drusen,OS,.tif,0.0009471919620409608
DRUSEN/123/OS/011_Drusen.tif,DRUSEN-123,val,DRUSEN,drusen,OS,.tif,0.000841574976220727
DRUSEN/123/OS/012_Drusen.tif,DRUSEN-123,val,DRUSEN,drusen,OS,.tif,0.0007426783558912575
DRUSEN/123/OS/013_Drusen.tif,DRUSEN-123,val,DRUSEN,drusen,OS,.tif,0.0007888285326771438
DRUSEN/123/OS/014_Drusen.tif,DRUSEN-123,val,DRUSEN,drusen,OS,.tif,0.0006363698630593717
DRUSEN/123/OS/015_Drusen.tif,DRUSEN-123,val,DRUSEN,drusen,OS,.tif,0.0006735494243912399
DRUSEN/123/OS/016_Drusen.tif,DRUSEN-123,val,DRUSEN,drusen,OS,.tif,0.0007044658996164799
DRUSEN/123/OS/017_Drusen.tif,DRUSEN-123,val,DRUSEN,drusen,OS,.tif,0.0007575932540930808
DRUSEN/123/OS/018_Drusen.tif,DRUSEN-123,val,DRUSEN,drusen,OS,.tif,0.000726076599676162
DRUSEN/123/OS/019_Drusen.tif,DRUSEN-123,val,DRUSEN,drusen,OS,.tif,0.0007571372552774847
DRUSEN/123/OS/020_Drusen.tif,DRUSEN-123,val,DRUSEN,drusen,OS,.tif,0.0007986842538230121
DRUSEN/123/OS/021_Drusen.tif,DRUSEN-123,val,DRUSEN,drusen,OS,.tif,0.0007129980367608368
DRUSEN/123/OS/022_Drusen.tif,DRUSEN-123,val,DRUSEN,drusen,OS,.tif,0.0006433450034819543
DRUSEN/123/OS/023_Drusen.tif,DRUSEN-123,val,DRUSEN,drusen,OS,.tif,0.000765836623031646
DRUSEN/123/OS/024_Drusen.tif,DRUSEN-123,val,DRUSEN,drusen,OS,.tif,0.0007617198280058801
DRUSEN/123/OS/025_Drusen.tif,DRUSEN-123,val,DRUSEN,drusen,OS,.tif,0.0007396184955723584
DRUSEN/123/OS/026_Drusen.tif,DRUSEN-123,val,DRUSEN,drusen,OS,.tif,0.000754112028516829
DRUSEN/123/OS/027_Drusen.tif,DRUSEN-123,val,DRUSEN,drusen,OS,.tif,0.0007573912153020501
DRUSEN/123/OS/028_Drusen.tif,DRUSEN-123,val,DRUSEN,drusen,OS,.tif,0.0007594297640025616
DRUSEN/123/OS/029_Drusen.tif,DRUSEN-123,val,DRUSEN,drusen,OS,.tif,0.0008280501933768392
DRUSEN/123/OS/030_Drusen.tif,DRUSEN-123,val,DRUSEN,drusen,OS,.tif,0.0008010822348296642
DRUSEN/124/000_Normal.tif,DRUSEN-124,val,DRUSEN,normal,OD,.tif,0.0010097360936924815
DRUSEN/124/001_Drusen.tif,DRUSEN-124,val,DRUSEN,drusen,OD,.tif,0.000935406016651541
DRUSEN/124/002_Drusen.tif,DRUSEN-124,val,DRUSEN,drusen,OD,.tif,0.0008596088737249374
DRUSEN/124/003_Drusen.tif,DRUSEN-124,val,DRUSEN,drusen,OD,.tif,0.0010327993659302592
DRUSEN/124/004_Drusen.tif,DRUSEN-124,val,DRUSEN,drusen,OD,.tif,0.0010426304070279002
DRUSEN/124/005_Drusen.tif,DRUSEN-124,val,DRUSEN,drusen,OD,.tif,0.0010378665756434202
DRUSEN/124/006_Drusen.tif,DRUSEN-124,val,DRUSEN,drusen,OD,.tif,0.000970114313531667
DRUSEN/124/007_Drusen.tif,DRUSEN-124,val,DRUSEN,drusen,OD,.tif,0.0009564209613017738
DRUSEN/124/008_Drusen.tif,DRUSEN-124,val,DRUSEN,drusen,OD,.tif,0.001007536076940596
DRUSEN/124/009_Drusen.tif,DRUSEN-124,val,DRUSEN,drusen,OD,.tif,0.0010568357538431883
DRUSEN/124/010_Drusen.tif,DRUSEN-124,val,DRUSEN,drusen,OD,.tif,0.0010782935423776507
DRUSEN/124/011_Drusen.tif,DRUSEN-124,val,DRUSEN,drusen,OD,.tif,0.0009741225512698293
DRUSEN/124/012_Drusen.tif,DRUSEN-124,val,DRUSEN,drusen,OD,.tif,0.0010569598525762558
DRUSEN/124/013_Drusen.tif,DRUSEN-124,val,DRUSEN,drusen,OD,.tif,0.000997532973997295
DRUSEN/124/014_Drusen.tif,DRUSEN-124,val,DRUSEN,drusen,OD,.tif,0.0010139475343748927
DRUSEN/124/015_Drusen.tif,DRUSEN-124,val,DRUSEN,drusen,OD,.tif,0.0010445084189996123
DRUSEN/124/016_Drusen.tif,DRUSEN-124,val,DRUSEN,drusen,OD,.tif,0.001028332277201116
DRUSEN/124/017_Drusen.tif,DRUSEN-124,val,DRUSEN,drusen,OD,.tif,0.0009436758700758219
DRUSEN/124/018_Drusen.tif,DRUSEN-124,val,DRUSEN,drusen,OD,.tif,0.0012291701277717948
DRUSEN/124/019_Drusen.tif,DRUSEN-124,val,DRUSEN,drusen,OD,.tif,0.0009649950661696494
DRUSEN/124/020_Drusen.tif,DRUSEN-124,val,DRUSEN,drusen,OD,.tif,0.0011276754084974527
DRUSEN/124/021_Drusen.tif,DRUSEN-124,val,DRUSEN,drusen,OD,.tif,0.0011167136253789067
DRUSEN/124/022_Drusen.tif,DRUSEN-124,val,DRUSEN,drusen,OD,.tif,0.001037516864016652
DRUSEN/124/023_Drusen.tif,DRUSEN-124,val,DRUSEN,drusen,OD,.tif,0.0009710527956485748
DRUSEN/124/024_Drusen.tif,DRUSEN-124,val,DRUSEN,drusen,OD,.tif,0.001009030151180923
DRUSEN/124/025_Drusen.tif,DRUSEN-124,val,DRUSEN,drusen,OD,.tif,0.0009700061054900289
DRUSEN/124/026_Drusen.tif,DRUSEN-124,val,DRUSEN,drusen,OD,.tif,0.0012183994986116886
DRUSEN/124/027_Drusen.tif,DRUSEN-124,val,DRUSEN,drusen,OD,.tif,0.0011133287334814668
DRUSEN/124/028_Drusen.tif,DRUSEN-124,val,DRUSEN,drusen,OD,.tif,0.001002436620183289
DRUSEN/124/029_Normal.tif,DRUSEN-124,val,DRUSEN,normal,OD,.tif,0.0010292469523847103
DRUSEN/124/030_Drusen.tif,DRUSEN-124,val,DRUSEN,drusen,OD,.tif,0.000978647731244564
DRUSEN/125/000_Drusen.tif,DRUSEN-125,val,DRUSEN,drusen,OD,.tif,0.000651872658636421
DRUSEN/125/001_Drusen.tif,DRUSEN-125,val,DRUSEN,drusen,OD,.tif,0.0006137145101092756
DRUSEN/125/002_Drusen.tif,DRUSEN-125,val,DRUSEN,drusen,OD,.tif,0.0005990686477161944
DRUSEN/125/003_Drusen.tif,DRUSEN-125,val,DRUSEN,drusen,OD,.tif,0.0007314376416616142
DRUSEN/125/004_Drusen.tif,DRUSEN-125,val,DRUSEN,drusen,OD,.tif,0.0006492488319054246
DRUSEN/125/005_Drusen.tif,DRUSEN-125,val,DRUSEN,drusen,OD,.tif,0.0006803493015468121
DRUSEN/125/006_Drusen.tif,DRUSEN-125,val,DRUSEN,drusen,OD,.tif,0.0006819770787842572
DRUSEN/125/007_Drusen.tif,DRUSEN-125,val,DRUSEN,drusen,OD,.tif,0.0005245775682851672
DRUSEN/125/008_Drusen.tif,DRUSEN-125,val,DRUSEN,drusen,OD,.tif,0.0007070202264003456
DRUSEN/125/009_Drusen.tif,DRUSEN-125,val,DRUSEN,drusen,OD,.tif,0.0006280808593146503
DRUSEN/125/010_Drusen.tif,DRUSEN-125,val,DRUSEN,drusen,OD,.tif,0.0007309486391022801
DRUSEN/125/011_Drusen.tif,DRUSEN-125,val,DRUSEN,drusen,OD,.tif,0.0005489118047989905
DRUSEN/125/012_Drusen.tif,DRUSEN-125,val,DRUSEN,drusen,OD,.tif,0.0005405699484981596
DRUSEN/125/013_Drusen.tif,DRUSEN-125,val,DRUSEN,drusen,OD,.tif,0.0005817429046146572
DRUSEN/125/014_Drusen.tif,DRUSEN-125,val,DRUSEN,drusen,OD,.tif,0.0007685265154577792
DRUSEN/125/015_Drusen.tif,DRUSEN-125,val,DRUSEN,drusen,OD,.tif,0.0009552787523716688
DRUSEN/125/016_Drusen.tif,DRUSEN-125,val,DRUSEN,drusen,OD,.tif,0.0009109621169045568
DRUSEN/125/017_Drusen.tif,DRUSEN-125,val,DRUSEN,drusen,OD,.tif,0.0008237215806730092
DRUSEN/125/018_Drusen.tif,DRUSEN-125,val,DRUSEN,drusen,OD,.tif,0.000982834491878748
DRUSEN/125/019_Drusen.tif,DRUSEN-125,val,DRUSEN,drusen,OD,.tif,0.0007371710962615907
DRUSEN/125/020_Drusen.tif,DRUSEN-125,val,DRUSEN,drusen,OD,.tif,0.0006214838358573616
DRUSEN/125/021_Drusen.tif,DRUSEN-125,val,DRUSEN,drusen,OD,.tif,0.0008192897075787187
DRUSEN/125/022_Drusen.tif,DRUSEN-125,val,DRUSEN,drusen,OD,.tif,0.0007644956349395216
DRUSEN/125/023_Drusen.tif,DRUSEN-125,val,DRUSEN,drusen,OD,.tif,0.0006819897098466754
DRUSEN/125/024_Drusen.tif,DRUSEN-125,val,DRUSEN,drusen,OD,.tif,0.0006914486875757575
DRUSEN/125/025_Drusen.tif,DRUSEN-125,val,DRUSEN,drusen,OD,.tif,0.0008463168051093817
DRUSEN/125/026_Drusen.tif,DRUSEN-125,val,DRUSEN,drusen,OD,.tif,0.0007303983438760042
DRUSEN/125/027_Drusen.tif,DRUSEN-125,val,DRUSEN,drusen,OD,.tif,0.0007668331963941455
DRUSEN/125/028_Drusen.tif,DRUSEN-125,val,DRUSEN,drusen,OD,.tif,0.0007031649583950639
DRUSEN/125/029_Drusen.tif,DRUSEN-125,val,DRUSEN,drusen,OD,.tif,0.0009757378720678389
DRUSEN/125/030_Drusen.tif,DRUSEN-125,val,DRUSEN,drusen,OD,.tif,0.0009949536761268973
DRUSEN/135/000_Drusen.tif,DRUSEN-135,val,DRUSEN,drusen,OD,.tif,0.0010028732940554619
DRUSEN/135/001_Drusen.tif,DRUSEN-135,val,DRUSEN,drusen,OD,.tif,0.0007338525028899312
DRUSEN/135/002_Drusen.tif,DRUSEN-135,val,DRUSEN,drusen,OD,.tif,0.000831454643048346
DRUSEN/135/003_Drusen.tif,DRUSEN-135,val,DRUSEN,drusen,OD,.tif,0.0008261353941634297
DRUSEN/135/004_Drusen.tif,DRUSEN-135,val,DRUSEN,drusen,OD,.tif,0.0008043261477723718
DRUSEN/135/005_Drusen.tif,DRUSEN-135,val,DRUSEN,drusen,OD,.tif,0.0007985694683156908
DRUSEN/135/006_Drusen.tif,DRUSEN-135,val,DRUSEN,drusen,OD,.tif,0.0008298452012240887
DRUSEN/135/007_Drusen.tif,DRUSEN-135,val,DRUSEN,drusen,OD,.tif,0.0008171305526047945
DRUSEN/135/008_Drusen.tif,DRUSEN-135,val,DRUSEN,drusen,OD,.tif,0.0009158195462077856
DRUSEN/135/009_Drusen.tif,DRUSEN-135,val,DRUSEN,drusen,OD,.tif,0.0008223300683312118
DRUSEN/135/010_Drusen.tif,DRUSEN-135,val,DRUSEN,drusen,OD,.tif,0.0008457028889097273
DRUSEN/135/011_Drusen.tif,DRUSEN-135,val,DRUSEN,drusen,OD,.tif,0.0009211043361574411
DRUSEN/135/012_Drusen.tif,DRUSEN-135,val,DRUSEN,drusen,OD,.tif,0.0008032008772715926
DRUSEN/135/013_Drusen.tif,DRUSEN-135,val,DRUSEN,drusen,OD,.tif,0.0007281137513928115
DRUSEN/135/014_Drusen.tif,DRUSEN-135,val,DRUSEN,drusen,OD,.tif,0.0008273435523733497
DRUSEN/135/015_Drusen.tif,DRUSEN-135,val,DRUSEN,drusen,OD,.tif,0.0008270825492218137
DRUSEN/135/016_Drusen.tif,DRUSEN-135,val,DRUSEN,drusen,OD,.tif,0.0007377330330200493
DRUSEN/135/017_Drusen.tif,DRUSEN-135,val,DRUSEN,drusen,OD,.tif,0.0007155041093938053
DRUSEN/135/018_Drusen.tif,DRUSEN-135,val,DRUSEN,drusen,OD,.tif,0.0007007827516645193
DRUSEN/135/019_Drusen.tif,DRUSEN-135,val,DRUSEN,drusen,OD,.tif,0.0006406810134649277
DRUSEN/135/020_Drusen.tif,DRUSEN-135,val,DRUSEN,drusen,OD,.tif,0.0006720740348100662
DRUSEN/135/021_Drusen.tif,DRUSEN-135,val,DRUSEN,drusen,OD,.tif,0.000801344052888453
DRUSEN/135/022_Drusen.tif,DRUSEN-135,val,DRUSEN,drusen,OD,.tif,0.0007814402924850583
DRUSEN/135/023_Drusen.tif,DRUSEN-135,val,DRUSEN,drusen,OD,.tif,0.0007795048877596855
DRUSEN/135/024_Drusen.tif,DRUSEN-135,val,DRUSEN,drusen,OD,.tif,0.0007783108740113676
DRUSEN/135/025_Drusen.tif,DRUSEN-135,val,DRUSEN,drusen,OD,.tif,0.0008138379780575633
DRUSEN/135/026_Drusen.tif,DRUSEN-135,val,DRUSEN,drusen,OD,.tif,0.0007165904389694333
DRUSEN/135/027_Drusen.tif,DRUSEN-135,val,DRUSEN,drusen,OD,.tif,0.0007073451997712255
DRUSEN/135/028_Drusen.tif,DRUSEN-135,val,DRUSEN,drusen,OD,.tif,0.0007543482934124768
DRUSEN/135/029_Drusen.tif,DRUSEN-135,val,DRUSEN,drusen,OD,.tif,0.0007748398347757757
DRUSEN/135/030_Drusen.tif,DRUSEN-135,val,DRUSEN,drusen,OD,.tif,0.0007810515235178173
DRUSEN/148/000_Normal.tif,DRUSEN-148,val,DRUSEN,normal,OS,.tif,0.0007246674504131079
DRUSEN/148/001_Normal.tif,DRUSEN-148,val,DRUSEN,normal,OS,.tif,0.0008874409249983728
DRUSEN/148/002_Normal.tif,DRUSEN-148,val,DRUSEN,normal,OS,.tif,0.0008222369360737503
DRUSEN/148/003_Normal.tif,DRUSEN-148,val,DRUSEN,normal,OS,.tif,0.0008086255402304232
DRUSEN/148/004_Normal.tif,DRUSEN-148,val,DRUSEN,normal,OS,.tif,0.0008132322109304368
DRUSEN/148/005_Normal.tif,DRUSEN-148,val,DRUSEN,normal,OS,.tif,0.0008595926919952035
DRUSEN/148/006_Normal.tif,DRUSEN-148,val,DRUSEN,normal,OS,.tif,0.001012878492474556
DRUSEN/148/007_Drusen.tif,DRUSEN-148,val,DRUSEN,drusen,OS,.tif,0.0009832408977672458
DRUSEN/148/008_Drusen.tif,DRUSEN-148,val,DRUSEN,drusen,OS,.tif,0.000984071521088481
DRUSEN/148/009_Drusen.tif,DRUSEN-148,val,DRUSEN,drusen,OS,.tif,0.000969148997683078
DRUSEN/148/010_Drusen.tif,DRUSEN-148,val,DRUSEN,drusen,OS,.tif,0.0009938316652551293
DRUSEN/148/011_Drusen.tif,DRUSEN-148,val,DRUSEN,drusen,OS,.tif,0.0011544505832716823
DRUSEN/148/012_Drusen.tif,DRUSEN-148,val,DRUSEN,drusen,OS,.tif,0.0009851669892668724
DRUSEN/148/013_Drusen.tif,DRUSEN-148,val,DRUSEN,drusen,OS,.tif,0.0009067459614016116
DRUSEN/148/014_Drusen.tif,DRUSEN-148,val,DRUSEN,drusen,OS,.tif,0.0009764229180291295
DRUSEN/148/015_Drusen.tif,DRUSEN-148,val,DRUSEN,drusen,OS,.tif,0.0009624504600651562
DRUSEN/148/016_Drusen.tif,DRUSEN-148,val,DRUSEN,drusen,OS,.tif,0.000956708041485399
DRUSEN/148/017_Drusen.tif,DRUSEN-148,val,DRUSEN,drusen,OS,.tif,0.0010385889327153563
DRUSEN/148/018_Drusen.tif,DRUSEN-148,val,DRUSEN,drusen,OS,.tif,0.0010832081316038966
DRUSEN/148/019_Drusen.tif,DRUSEN-148,val,DRUSEN,drusen,OS,.tif,0.001079344772733748
DRUSEN/148/020_Drusen.tif,DRUSEN-148,val,DRUSEN,drusen,OS,.tif,0.0010143036488443613
DRUSEN/148/021_Drusen.tif,DRUSEN-148,val,DRUSEN,drusen,OS,.tif,0.0009981957264244556
DRUSEN/148/022_Drusen.tif,DRUSEN-148,val,DRUSEN,drusen,OS,.tif,0.0011988366022706032
DRUSEN/148/023_Normal.tif,DRUSEN-148,val,DRUSEN,normal,OS,.tif,0.0010958954226225615
DRUSEN/148/024_Normal.tif,DRUSEN-148,val,DRUSEN,normal,OS,.tif,0.001094511360861361
DRUSEN/148/025_Normal.tif,DRUSEN-148,val,DRUSEN,normal,OS,.tif,0.0011625101324170828
DRUSEN/148/026_Normal.tif,DRUSEN-148,val,DRUSEN,normal,OS,.tif,0.0011855743359774351
DRUSEN/148/027_Normal.tif,DRUSEN-148,val,DRUSEN,normal,OS,.tif,0.0012280693044885993
DRUSEN/148/028_Normal.tif,DRUSEN-148,val,DRUSEN,normal,OS,.tif,0.001234008464962244
DRUSEN/148/029_Normal.tif,DRUSEN-148,val,DRUSEN,normal,OS,.tif,0.001234612544067204
DRUSEN/148/030_Normal.tif,DRUSEN-148,val,DRUSEN,normal,OS,.tif,0.0012382686836645007
DRUSEN/149/OD/000_Normal.tif,DRUSEN-149,val,DRUSEN,normal,OD,.tif,0.0006142042111605406
DRUSEN/149/OD/001_Normal.tif,DRUSEN-149,val,DRUSEN,normal,OD,.tif,0.0005523626459762454
DRUSEN/149/OD/002_Drusen.tif,DRUSEN-149,val,DRUSEN,drusen,OD,.tif,0.0006373858777806163
DRUSEN/149/OD/003_Drusen.tif,DRUSEN-149,val,DRUSEN,drusen,OD,.tif,0.0005643085460178554
DRUSEN/149/OD/004_Drusen.tif,DRUSEN-149,val,DRUSEN,drusen,OD,.tif,0.0006513125845231116
DRUSEN/149/OD/005_Drusen.tif,DRUSEN-149,val,DRUSEN,drusen,OD,.tif,0.0006076444988138974
DRUSEN/149/OD/006_Drusen.tif,DRUSEN-149,val,DRUSEN,drusen,OD,.tif,0.0006454327376559377
DRUSEN/149/OD/007_Drusen.tif,DRUSEN-149,val,DRUSEN,drusen,OD,.tif,0.0006548950914293528
DRUSEN/149/OD/008_Drusen.tif,DRUSEN-149,val,DRUSEN,drusen,OD,.tif,0.000802687369287014
DRUSEN/149/OD/009_Drusen.tif,DRUSEN-149,val,DRUSEN,drusen,OD,.tif,0.001584295998327434
DRUSEN/149/OD/010_Drusen.tif,DRUSEN-149,val,DRUSEN,drusen,OD,.tif,0.0009724550764076412
DRUSEN/149/OD/011_Drusen.tif,DRUSEN-149,val,DRUSEN,drusen,OD,.tif,0.0010092152515426278
DRUSEN/149/OD/012_Drusen.tif,DRUSEN-149,val,DRUSEN,drusen,OD,.tif,0.0010877011809498072
DRUSEN/149/OD/013_Drusen.tif,DRUSEN-149,val,DRUSEN,drusen,OD,.tif,0.0009538852027617395
DRUSEN/149/OD/014_Drusen.tif,DRUSEN-149,val,DRUSEN,drusen,OD,.tif,0.0009352208580821753
DRUSEN/149/OD/015_Drusen.tif,DRUSEN-149,val,DRUSEN,drusen,OD,.tif,0.0010515499161556363
DRUSEN/149/OD/016_Drusen.tif,DRUSEN-149,val,DRUSEN,drusen,OD,.tif,0.0009990835096687078
DRUSEN/149/OD/017_Drusen.tif,DRUSEN-149,val,DRUSEN,drusen,OD,.tif,0.0009833932854235172
DRUSEN/149/OD/018_Drusen.tif,DRUSEN-149,val,DRUSEN,drusen,OD,.tif,0.0010112208547070622
DRUSEN/149/OD/019_Drusen.tif,DRUSEN-149,val,DRUSEN,drusen,OD,.tif,0.0009105787612497807
DRUSEN/149/OD/020_Drusen.tif,DRUSEN-149,val,DRUSEN,drusen,OD,.tif,0.0009623587829992175
DRUSEN/149/OD/021_Drusen.tif,DRUSEN-149,val,DRUSEN,drusen,OD,.tif,0.0009922996396198869
DRUSEN/149/OD/022_Drusen.tif,DRUSEN-149,val,DRUSEN,drusen,OD,.tif,0.000973357877228409
DRUSEN/149/OD/023_Drusen.tif,DRUSEN-149,val,DRUSEN,drusen,OD,.tif,0.0009672589949332178
DRUSEN/149/OD/024_Drusen.tif,DRUSEN-149,val,DRUSEN,drusen,OD,.tif,0.0008762717479839921
DRUSEN/149/OD/025_Drusen.tif,DRUSEN-149,val,DRUSEN,drusen,OD,.tif,0.00081751769175753
DRUSEN/149/OD/026_Drusen.tif,DRUSEN-149,val,DRUSEN,drusen,OD,.tif,0.0007172562764026225
DRUSEN/149/OD/027_Drusen.tif,DRUSEN-149,val,DRUSEN,drusen,OD,.tif,0.000741355586796999
DRUSEN/149/OD/028_Drusen.tif,DRUSEN-149,val,DRUSEN,drusen,OD,.tif,0.0007689622580073774
DRUSEN/149/OD/029_Drusen.tif,DRUSEN-149,val,DRUSEN,drusen,OD,.tif,0.0006334295030683279
DRUSEN/149/OD/030_Drusen.tif,DRUSEN-149,val,DRUSEN,drusen,OD,.tif,0.0005818704958073795
DRUSEN/149/OS/000_Normal.tif,DRUSEN-149,val,DRUSEN,normal,OS,.tif,0.0008068977040238678
DRUSEN/149/OS/001_Normal.tif,DRUSEN-149,val,DRUSEN,normal,OS,.tif,0.0008693841518834233
DRUSEN/149/OS/002_Normal.tif,DRUSEN-149,val,DRUSEN,normal,OS,.tif,0.0009369869949296117
DRUSEN/149/OS/003_Drusen.tif,DRUSEN-149,val,DRUSEN,drusen,OS,.tif,0.0008794859750196338
DRUSEN/149/OS/004_Drusen.tif,DRUSEN-149,val,DRUSEN,drusen,OS,.tif,0.000952547590713948
DRUSEN/149/OS/005_Drusen.tif,DRUSEN-149,val,DRUSEN,drusen,OS,.tif,0.000951693975366652
DRUSEN/149/OS/006_Drusen.tif,DRUSEN-149,val,DRUSEN,drusen,OS,.tif,0.000918136618565768
DRUSEN/149/OS/007_Drusen.tif,DRUSEN-149,val,DRUSEN,drusen,OS,.tif,0.0009824995649978518
DRUSEN/149/OS/008_Drusen.tif,DRUSEN-149,val,DRUSEN,drusen,OS,.tif,0.0011186008341610432
DRUSEN/149/OS/009_Drusen.tif,DRUSEN-149,val,DRUSEN,drusen,OS,.tif,0.0011547429021447897
DRUSEN/149/OS/010_Drusen.tif,DRUSEN-149,val,DRUSEN,drusen,OS,.tif,0.0010714587988331914
DRUSEN/149/OS/011_Drusen.tif,DRUSEN-149,val,DRUSEN,drusen,OS,.tif,0.000989521504379809
DRUSEN/149/OS/012_Drusen.tif,DRUSEN-149,val,DRUSEN,drusen,OS,.tif,0.0007493469747714698
DRUSEN/149/OS/013_Drusen.tif,DRUSEN-149,val,DRUSEN,drusen,OS,.tif,0.0008544822921976447
DRUSEN/149/OS/014_Drusen.tif,DRUSEN-149,val,DRUSEN,drusen,OS,.tif,0.001017267699353397
DRUSEN/149/OS/015_Drusen.tif,DRUSEN-149,val,DRUSEN,drusen,OS,.tif,0.0011007733410224319
DRUSEN/149/OS/016_Drusen.tif,DRUSEN-149,val,DRUSEN,drusen,OS,.tif,0.0007983612595126033
DRUSEN/149/OS/017_Drusen.tif,DRUSEN-149,val,DRUSEN,drusen,OS,.tif,0.0007188919116742909
DRUSEN/149/OS/018_Drusen.tif,DRUSEN-149,val,DRUSEN,drusen,OS,.tif,0.0006638378836214542
DRUSEN/149/OS/019_Drusen.tif,DRUSEN-149,val,DRUSEN,drusen,OS,.tif,0.0006330584292300045
DRUSEN/149/OS/020_Drusen.tif,DRUSEN-149,val,DRUSEN,drusen,OS,.tif,0.0006992090493440628
DRUSEN/149/OS/021_Drusen.tif,DRUSEN-149,val,DRUSEN,drusen,OS,.tif,0.0007264881278388202
DRUSEN/149/OS/022_Drusen.tif,DRUSEN-149,val,DRUSEN,drusen,OS,.tif,0.0006669096765108407
DRUSEN/149/OS/023_Drusen.tif,DRUSEN-149,val,DRUSEN,drusen,OS,.tif,0.0007753673125989735
DRUSEN/149/OS/024_Drusen.tif,DRUSEN-149,val,DRUSEN,drusen,OS,.tif,0.0008197429124265909
DRUSEN/149/OS/025_Drusen.tif,DRUSEN-149,val,DRUSEN,drusen,OS,.tif,0.0007862671045586467
DRUSEN/149/OS/026_Drusen.tif,DRUSEN-149,val,DRUSEN,drusen,OS,.tif,0.0007614006754010916
DRUSEN/149/OS/027_Drusen.tif,DRUSEN-149,val,DRUSEN,drusen,OS,.tif,0.0008394536562263966
DRUSEN/149/OS/028_Drusen.tif,DRUSEN-149,val,DRUSEN,drusen,OS,.tif,0.0009407925535924733
DRUSEN/149/OS/029_Drusen.tif,DRUSEN-149,val,DRUSEN,drusen,OS,.tif,0.0009923112811520696
DRUSEN/149/OS/030_Drusen.tif,DRUSEN-149,val,DRUSEN,drusen,OS,.tif,0.0010212750639766455
DRUSEN/151/OD/000_Drusen.tif,DRUSEN-151,val,DRUSEN,drusen,OD,.tif,0.0006955174612812698
DRUSEN/151/OD/001_Drusen.tif,DRUSEN-151,val,DRUSEN,drusen,OD,.tif,0.0006434811512008309
DRUSEN/151/OD/002_Drusen.tif,DRUSEN-151,val,DRUSEN,drusen,OD,.tif,0.0006992770940996706
DRUSEN/151/OD/003_Drusen.tif,DRUSEN-151,val,DRUSEN,drusen,OD,.tif,0.0007499597850255668
DRUSEN/151/OD/004_Normal.tif,DRUSEN-151,val,DRUSEN,normal,OD,.tif,0.0006530348327942193
DRUSEN/151/OD/005_Drusen.tif,DRUSEN-151,val,DRUSEN,drusen,OD,.tif,0.0007228394970297813
DRUSEN/151/OD/006_Drusen.tif,DRUSEN-151,val,DRUSEN,drusen,OD,.tif,0.0006437995471060276
DRUSEN/151/OD/007_Drusen.tif,DRUSEN-151,val,DRUSEN,drusen,OD,.tif,0.0007066426333039999
DRUSEN/151/OD/008_Drusen.tif,DRUSEN-151,val,DRUSEN,drusen,OD,.tif,0.0007856179145164788
DRUSEN/151/OD/009_Drusen.tif,DRUSEN-151,val,DRUSEN,drusen,OD,.tif,0.0008527172612957656
DRUSEN/151/OD/010_Drusen.tif,DRUSEN-151,val,DRUSEN,drusen,OD,.tif,0.0009686744306236506
DRUSEN/151/OD/011_Drusen.tif,DRUSEN-151,val,DRUSEN,drusen,OD,.tif,0.0010895783780142665
DRUSEN/151/OD/012_Drusen.tif,DRUSEN-151,val,DRUSEN,drusen,OD,.tif,0.0009407282923348248
DRUSEN/151/OD/013_Drusen.tif,DRUSEN-151,val,DRUSEN,drusen,OD,.tif,0.0010341763263568282
DRUSEN/151/OD/014_Drusen.tif,DRUSEN-151,val,DRUSEN,drusen,OD,.tif,0.0011415376793593168
DRUSEN/151/OD/015_Drusen.tif,DRUSEN-151,val,DRUSEN,drusen,OD,.tif,0.001409942633472383
DRUSEN/151/OD/016_Drusen.tif,DRUSEN-151,val,DRUSEN,drusen,OD,.tif,0.0011810846626758575
DRUSEN/151/OD/017_Drusen.tif,DRUSEN-151,val,DRUSEN,drusen,OD,.tif,0.0012257049093022943
DRUSEN/151/OD/018_Drusen.tif,DRUSEN-151,val,DRUSEN,drusen,OD,.tif,0.0010045431554317474
DRUSEN/151/OD/019_Drusen.tif,DRUSEN-151,val,DRUSEN,drusen,OD,.tif,0.0012218502815812826
DRUSEN/151/OD/020_Drusen.tif,DRUSEN-151,val,DRUSEN,drusen,OD,.tif,0.0010652641067281365
DRUSEN/151/OD/021_Drusen.tif,DRUSEN-151,val,DRUSEN,drusen,OD,.tif,0.001143804402090609
DRUSEN/151/OD/022_Drusen.tif,DRUSEN-151,val,DRUSEN,drusen,OD,.tif,0.0010927211260423064
DRUSEN/151/OD/023_Drusen.tif,DRUSEN-151,val,DRUSEN,drusen,OD,.tif,0.0010419321479275823
DRUSEN/151/OD/024_Drusen.tif,DRUSEN-151,val,DRUSEN,drusen,OD,.tif,0.0010631411569193006
DRUSEN/151/OD/025_Drusen.tif,DRUSEN-151,val,DRUSEN,drusen,OD,.tif,0.0010700677521526814
DRUSEN/151/OD/026_Drusen.tif,DRUSEN-151,val,DRUSEN,drusen,OD,.tif,0.0009496253915131092
DRUSEN/151/OD/027_Drusen.tif,DRUSEN-151,val,DRUSEN,drusen,OD,.tif,0.0010624061105772853
DRUSEN/151/OD/028_Drusen.tif,DRUSEN-151,val,DRUSEN,drusen,OD,.tif,0.0008065407164394855
DRUSEN/151/OD/029_Drusen.tif,DRUSEN-151,val,DRUSEN,drusen,OD,.tif,0.0008972641080617905
DRUSEN/151/OD/030_Drusen.tif,DRUSEN-151,val,DRUSEN,drusen,OD,.tif,0.0007185506983660161
DRUSEN/151/OS/000_Normal.tif,DRUSEN-151,val,DRUSEN,normal,OS,.tif,0.0008993491646833718
DRUSEN/151/OS/001_Normal.tif,DRUSEN-151,val,DRUSEN,normal,OS,.tif,0.001038852147758007
DRUSEN/151/OS/002_Normal.tif,DRUSEN-151,val,DRUSEN,normal,OS,.tif,0.001007300103083253
DRUSEN/151/OS/003_Drusen.tif,DRUSEN-151,val,DRUSEN,drusen,OS,.tif,0.000774514686781913
DRUSEN/151/OS/004_Drusen.tif,DRUSEN-151,val,DRUSEN,drusen,OS,.tif,0.000902120373211801
DRUSEN/151/OS/005_Drusen.tif,DRUSEN-151,val,DRUSEN,drusen,OS,.tif,0.0008859351510182023
DRUSEN/151/OS/006_Drusen.tif,DRUSEN-151,val,DRUSEN,drusen,OS,.tif,0.0007745352922938764
DRUSEN/151/OS/007_Drusen.tif,DRUSEN-151,val,DRUSEN,drusen,OS,.tif,0.0009302418329752982
DRUSEN/151/OS/008_Drusen.tif,DRUSEN-151,val,DRUSEN,drusen,OS,.tif,0.0008435107883997262
DRUSEN/151/OS/009_Drusen.tif,DRUSEN-151,val,DRUSEN,drusen,OS,.tif,0.0009203858789987862
DRUSEN/151/OS/010_Drusen.tif,DRUSEN-151,val,DRUSEN,drusen,OS,.tif,0.0010540341027081013
DRUSEN/151/OS/011_Drusen.tif,DRUSEN-151,val,DRUSEN,drusen,OS,.tif,0.0009552750852890313
DRUSEN/151/OS/012_Drusen.tif,DRUSEN-151,val,DRUSEN,drusen,OS,.tif,0.0010039835469797254
DRUSEN/151/OS/013_Drusen.tif,DRUSEN-151,val,DRUSEN,drusen,OS,.tif,0.0011462813708931208
DRUSEN/151/OS/014_Drusen.tif,DRUSEN-151,val,DRUSEN,drusen,OS,.tif,0.000945528969168663
DRUSEN/151/OS/015_Drusen.tif,DRUSEN-151,val,DRUSEN,drusen,OS,.tif,0.000944721105042845
DRUSEN/151/OS/016_Drusen.tif,DRUSEN-151,val,DRUSEN,drusen,OS,.tif,0.0009223768138326705
DRUSEN/151/OS/017_Drusen.tif,DRUSEN-151,val,DRUSEN,drusen,OS,.tif,0.0007996643544174731
DRUSEN/151/OS/018_Drusen.tif,DRUSEN-151,val,DRUSEN,drusen,OS,.tif,0.0008574699750170112
DRUSEN/151/OS/019_Drusen.tif,DRUSEN-151,val,DRUSEN,drusen,OS,.tif,0.0008588772034272552
DRUSEN/151/OS/020_Drusen.tif,DRUSEN-151,val,DRUSEN,drusen,OS,.tif,0.0008481286349706352
DRUSEN/151/OS/021_Drusen.tif,DRUSEN-151,val,DRUSEN,drusen,OS,.tif,0.0010742227314040065
DRUSEN/151/OS/022_Drusen.tif,DRUSEN-151,val,DRUSEN,drusen,OS,.tif,0.0009329983149655163
DRUSEN/151/OS/023_Drusen.tif,DRUSEN-151,val,DRUSEN,drusen,OS,.tif,0.0009056059061549604
DRUSEN/151/OS/024_Drusen.tif,DRUSEN-151,val,DRUSEN,drusen,OS,.tif,0.0009585242951288819
DRUSEN/151/OS/025_Drusen.tif,DRUSEN-151,val,DRUSEN,drusen,OS,.tif,0.0009460955625399947
DRUSEN/151/OS/026_Drusen.tif,DRUSEN-151,val,DRUSEN,drusen,OS,.tif,0.0009108127560466528
DRUSEN/151/OS/027_Drusen.tif,DRUSEN-151,val,DRUSEN,drusen,OS,.tif,0.0010207947343587875
DRUSEN/151/OS/028_Drusen.tif,DRUSEN-151,val,DRUSEN,drusen,OS,.tif,0.0009631102439016104
DRUSEN/151/OS/029_Drusen.tif,DRUSEN-151,val,DRUSEN,drusen,OS,.tif,0.0009988209931179881
DRUSEN/151/OS/030_Drusen.tif,DRUSEN-151,val,DRUSEN,drusen,OS,.tif,0.0010340050794184208
DRUSEN/153/OD/003_Normal.tif,DRUSEN-153,val,DRUSEN,normal,OD,.tif,0.0020492146722972393
DRUSEN/153/OD/004_Normal.tif,DRUSEN-153,val,DRUSEN,normal,OD,.tif,0.0010910541750490665
DRUSEN/153/OD/005_Normal.tif,DRUSEN-153,val,DRUSEN,normal,OD,.tif,0.0008459424134343863
DRUSEN/153/OD/006_Drusen.tif,DRUSEN-153,val,DRUSEN,drusen,OD,.tif,0.0012175287120044231
DRUSEN/153/OD/007_Drusen.tif,DRUSEN-153,val,DRUSEN,drusen,OD,.tif,0.0011728983372449875
DRUSEN/153/OD/008_Drusen.tif,DRUSEN-153,val,DRUSEN,drusen,OD,.tif,0.001207595458254218
DRUSEN/153/OD/009_Drusen.tif,DRUSEN-153,val,DRUSEN,drusen,OD,.tif,0.00115173717495054
DRUSEN/153/OD/010_Drusen.tif,DRUSEN-153,val,DRUSEN,drusen,OD,.tif,0.001197154400870204
DRUSEN/153/OD/011_Drusen.tif,DRUSEN-153,val,DRUSEN,drusen,OD,.tif,0.0011406074045225978
DRUSEN/153/OD/012_Drusen.tif,DRUSEN-153,val,DRUSEN,drusen,OD,.tif,0.0010976364137604833
DRUSEN/153/OD/013_Drusen.tif,DRUSEN-153,val,DRUSEN,drusen,OD,.tif,0.0013229907490313053
DRUSEN/153/OD/014_Drusen.tif,DRUSEN-153,val,DRUSEN,drusen,OD,.tif,0.0013442527269944549
DRUSEN/153/OD/015_Drusen.tif,DRUSEN-153,val,DRUSEN,drusen,OD,.tif,0.001384170027449727
DRUSEN/153/OD/016_Drusen.tif,DRUSEN-153,val,DRUSEN,drusen,OD,.tif,0.0011842945823445916
DRUSEN/153/OD/017_Drusen.tif,DRUSEN-153,val,DRUSEN,drusen,OD,.tif,0.0011448765872046351
DRUSEN/153/OD/018_Drusen.tif,DRUSEN-153,val,DRUSEN,drusen,OD,.tif,0.0014673511032015085
DRUSEN/153/OD/019_Drusen.tif,DRUSEN-153,val,DRUSEN,drusen,OD,.tif,0.0012941829627379775
DRUSEN/153/OD/020_Drusen.tif,DRUSEN-153,val,DRUSEN,drusen,OD,.tif,0.0012726838467642665
DRUSEN/153/OD/021_Drusen.tif,DRUSEN-153,val,DRUSEN,drusen,OD,.tif,0.0014002638636156917
DRUSEN/153/OD/022_Drusen.tif,DRUSEN-153,val,DRUSEN,drusen,OD,.tif,0.0016976427286863327
DRUSEN/153/OD/023_Normal.tif,DRUSEN-153,val,DRUSEN,normal,OD,.tif,0.0014614283572882414
DRUSEN/153/OD/024_Drusen.tif,DRUSEN-153,val,DRUSEN,drusen,OD,.tif,0.0017569402698427439
DRUSEN/153/OD/025_Normal.tif,DRUSEN-153,val,DRUSEN,normal,OD,.tif,0.001958312699571252
DRUSEN/153/OD/026_Normal.tif,DRUSEN-153,val,DRUSEN,normal,OD,.tif,0.0021645694505423307
DRUSEN/153/OD/027_Normal.tif,DRUSEN-153,val,DRUSEN,normal,OD,.tif,0.0021373399067670107
DRUSEN/153/OD/028_Normal.tif,DRUSEN-153,val,DRUSEN,normal,OD,.tif,0.002489349339157343
DRUSEN/153/OD/029_Normal.tif,DRUSEN-153,val,DRUSEN,normal,OD,.tif,0.0025211290922015905
DRUSEN/153/OD/030_Normal.tif,DRUSEN-153,val,DRUSEN,normal,OD,.tif,0.0026836777105927467
DRUSEN/153/OS/003_Drusen.tif,DRUSEN-153,val,DRUSEN,drusen,OS,.tif,0.0009644521051086485
DRUSEN/153/OS/004_Normal.tif,DRUSEN-153,val,DRUSEN,normal,OS,.tif,0.0009319445816799998
DRUSEN/153/OS/005_Normal.tif,DRUSEN-153,val,DRUSEN,normal,OS,.tif,0.000980864861048758
DRUSEN/153/OS/006_Drusen.tif,DRUSEN-153,val,DRUSEN,drusen,OS,.tif,0.0009939712472259998
DRUSEN/153/OS/007_Drusen.tif,DRUSEN-153,val,DRUSEN,drusen,OS,.tif,0.0011727339588105679
DRUSEN/153/OS/008_Drusen.tif,DRUSEN-153,val,DRUSEN,drusen,OS,.tif,0.001236833748407662
DRUSEN/153/OS/009_Drusen.tif,DRUSEN-153,val,DRUSEN,drusen,OS,.tif,0.0013209712924435735
DRUSEN/153/OS/010_Drusen.tif,DRUSEN-153,val,DRUSEN,drusen,OS,.tif,0.0013005934888496995
DRUSEN/153/OS/011_Drusen.tif,DRUSEN-153,val,DRUSEN,drusen,OS,.tif,0.0015818881802260876
DRUSEN/153/OS/012_Drusen.tif,DRUSEN-153,val,DRUSEN,drusen,OS,.tif,0.0015572605188935995
DRUSEN/153/OS/013_Drusen.tif,DRUSEN-153,val,DRUSEN,drusen,OS,.tif,0.001455583143979311
DRUSEN/153/OS/014_Drusen.tif,DRUSEN-153,val,DRUSEN,drusen,OS,.tif,0.0017416015034541488
DRUSEN/153/OS/015_Drusen.tif,DRUSEN-153,val,DRUSEN,drusen,OS,.tif,0.00164076779037714
DRUSEN/153/OS/016_Drusen.tif,DRUSEN-153,val,DRUSEN,drusen,OS,.tif,0.0020281581673771143
DRUSEN/153/OS/017_Drusen.tif,DRUSEN-153,val,DRUSEN,drusen,OS,.tif,0.0016436573350802064
DRUSEN/153/OS/018_Drusen.tif,DRUSEN-153,val,DRUSEN,drusen,OS,.tif,0.0023215818218886852
DRUSEN/153/OS/019_Drusen.tif,DRUSEN-153,val,DRUSEN,drusen,OS,.tif,0.0015750176971778274
DRUSEN/153/OS/020_Drusen.tif,DRUSEN-153,val,DRUSEN,drusen,OS,.tif,0.0015045349719002843
DRUSEN/153/OS/021_Drusen.tif,DRUSEN-153,val,DRUSEN,drusen,OS,.tif,0.0017575130332261324
DRUSEN/153/OS/022_Drusen.tif,DRUSEN-153,val,DRUSEN,drusen,OS,.tif,0.0016437217127531767
DRUSEN/153/OS/023_Drusen.tif,DRUSEN-153,val,DRUSEN,drusen,OS,.tif,0.0017696759896352887
DRUSEN/153/OS/024_Normal.tif,DRUSEN-153,val,DRUSEN,normal,OS,.tif,0.0019344385946169496
DRUSEN/153/OS/025_Normal.tif,DRUSEN-153,val,DRUSEN,normal,OS,.tif,0.002201565308496356
DRUSEN/153/OS/026_Drusen.tif,DRUSEN-153,val,DRUSEN,drusen,OS,.tif,0.002359396778047085
DRUSEN/153/OS/027_Drusen.tif,DRUSEN-153,val,DRUSEN,drusen,OS,.tif,0.0021074055694043636
DRUSEN/153/OS/028_Drusen.tif,DRUSEN-153,val,DRUSEN,drusen,OS,.tif,0.002789728343486786
DRUSEN/153/OS/029_Drusen.tif,DRUSEN-153,val,DRUSEN,drusen,OS,.tif,0.0036315813194960356
DRUSEN/153/OS/030_Drusen.tif,DRUSEN-153,val,DRUSEN,drusen,OS,.tif,0.003510487964376807
NORMAL/7/000_Normal.jpg,NORMAL-007,val,NORMAL,normal,OS,.jpg,0.0009980276226997375
NORMAL/7/001_Normal.jpg,NORMAL-007,val,NORMAL,normal,OS,.jpg,0.0008956239325925708
NORMAL/7/002_Normal.jpg,NORMAL-007,val,NORMAL,normal,OS,.jpg,0.000905968714505434
NORMAL/7/003_Normal.jpg,NORMAL-007,val,NORMAL,normal,OS,.jpg,0.0009503420442342758
NORMAL/7/004_Normal.jpg,NORMAL-007,val,NORMAL,normal,OS,.jpg,0.0008250129758380353
NORMAL/7/005_Normal.jpg,NORMAL-007,val,NORMAL,normal,OS,.jpg,0.000853781180921942
NORMAL/7/006_Normal.jpg,NORMAL-007,val,NORMAL,normal,OS,.jpg,0.0007131292950361967
NORMAL/7/007_Normal.jpg,NORMAL-007,val,NORMAL,normal,OS,.jpg,0.0008229204686358571
NORMAL/7/008_Normal.jpg,NORMAL-007,val,NORMAL,normal,OS,.jpg,0.0007587181753478944
NORMAL/7/009_Normal.jpg,NORMAL-007,val,NORMAL,normal,OS,.jpg,0.0007501147338189185
NORMAL/7/010_Normal.jpg,NORMAL-007,val,NORMAL,normal,OS,.jpg,0.0007081348448991776
NORMAL/7/011_Normal.jpg,NORMAL-007,val,NORMAL,normal,OS,.jpg,0.0007076491601765156
NORMAL/7/012_Normal.jpg,NORMAL-007,val,NORMAL,normal,OS,.jpg,0.0006386941531673074
NORMAL/7/013_Normal.jpg,NORMAL-007,val,NORMAL,normal,OS,.jpg,0.0006330027244985104
NORMAL/7/014_Normal.jpg,NORMAL-007,val,NORMAL,normal,OS,.jpg,0.0006859779823571444
NORMAL/7/015_Normal.jpg,NORMAL-007,val,NORMAL,normal,OS,.jpg,0.000695456110406667
NORMAL/7/016_Normal.jpg,NORMAL-007,val,NORMAL,normal,OS,.jpg,0.0008528714533895254
NORMAL/7/017_Normal.jpg,NORMAL-007,val,NORMAL,normal,OS,.jpg,0.0010485281236469746
NORMAL/7/018_Normal.jpg,NORMAL-007,val,NORMAL,normal,OS,.jpg,0.001071466482244432
NORMAL/7/019_Normal.jpg,NORMAL-007,val,NORMAL,normal,OS,.jpg,0.0010530740255489945
NORMAL/7/020_Normal.jpg,NORMAL-007,val,NORMAL,normal,OS,.jpg,0.0011618563439697027
NORMAL/7/021_Normal.jpg,NORMAL-007,val,NORMAL,normal,OS,.jpg,0.0009238066850230098
NORMAL/7/022_Normal.jpg,NORMAL-007,val,NORMAL,normal,OS,.jpg,0.0007520797080360353
NORMAL/7/023_Normal.jpg,NORMAL-007,val,NORMAL,normal,OS,.jpg,0.0009992904961109161
NORMAL/7/024_Normal.jpg,NORMAL-007,val,NORMAL,normal,OS,.jpg,0.0009187999530695379
NORMAL/7/025_Normal.jpg,NORMAL-007,val,NORMAL,normal,OS,.jpg,0.0009463087189942598
NORMAL/7/026_Normal.jpg,NORMAL-007,val,NORMAL,normal,OS,.jpg,0.0009979448514059186
NORMAL/7/027_Normal.jpg,NORMAL-007,val,NORMAL,normal,OS,.jpg,0.0011052635964006186
NORMAL/7/028_Normal.jpg,NORMAL-007,val,NORMAL,normal,OS,.jpg,0.0010304803727194667
NORMAL/7/029_Normal.jpg,NORMAL-007,val,NORMAL,normal,OS,.jpg,0.0011132739018648863
NORMAL/7/030_Normal.jpg,NORMAL-007,val,NORMAL,normal,OS,.jpg,0.0011528164613991976
NORMAL/12/OD/000_Normal.jpg,NORMAL-012,val,NORMAL,normal,OD,.jpg,0.0012740851379930973
NORMAL/12/OD/001_Normal.jpg,NORMAL-012,val,NORMAL,normal,OD,.jpg,0.0007496734033338726
NORMAL/12/OD/002_Normal.jpg,NORMAL-012,val,NORMAL,normal,OD,.jpg,0.0011115766828879714
NORMAL/12/OD/003_Normal.jpg,NORMAL-012,val,NORMAL,normal,OD,.jpg,0.0009385175071656704
NORMAL/12/OD/004_Normal.jpg,NORMAL-012,val,NORMAL,normal,OD,.jpg,0.0009475562255829573
NORMAL/12/OD/005_Normal.jpg,NORMAL-012,val,NORMAL,normal,OD,.jpg,0.0009669834398664534
NORMAL/12/OD/006_Normal.jpg,NORMAL-012,val,NORMAL,normal,OD,.jpg,0.0008721021586097777
NORMAL/12/OD/007_Normal.jpg,NORMAL-012,val,NORMAL,normal,OD,.jpg,0.000902915489859879
NORMAL/12/OD/008_Normal.jpg,NORMAL-012,val,NORMAL,normal,OD,.jpg,0.0009796615922823548
NORMAL/12/OD/009_Normal.jpg,NORMAL-012,val,NORMAL,normal,OD,.jpg,0.0008682138868607581
NORMAL/12/OD/010_Normal.jpg,NORMAL-012,val,NORMAL,normal,OD,.jpg,0.0009250984294340014
NORMAL/12/OD/011_Normal.jpg,NORMAL-012,val,NORMAL,normal,OD,.jpg,0.0010131768649443984
NORMAL/12/OD/012_Normal.jpg,NORMAL-012,val,NORMAL,normal,OD,.jpg,0.0009274040348827839
NORMAL/12/OD/013_Normal.jpg,NORMAL-012,val,NORMAL,normal,OD,.jpg,0.0009092030231840909
NORMAL/12/OD/014_Normal.jpg,NORMAL-012,val,NORMAL,normal,OD,.jpg,0.00094022904522717
NORMAL/12/OD/015_Normal.jpg,NORMAL-012,val,NORMAL,normal,OD,.jpg,0.0008984142332337797
NORMAL/12/OD/016_Normal.jpg,NORMAL-012,val,NORMAL,normal,OD,.jpg,0.0008201087475754321
NORMAL/12/OD/017_Normal.jpg,NORMAL-012,val,NORMAL,normal,OD,.jpg,0.0009212667937390506
NORMAL/12/OD/018_Normal.jpg,NORMAL-012,val,NORMAL,normal,OD,.jpg,0.0010650338372215629
NORMAL/12/OD/019_Normal.jpg,NORMAL-012,val,NORMAL,normal,OD,.jpg,0.0011347181862220168
NORMAL/12/OD/020_Normal.jpg,NORMAL-012,val,NORMAL,normal,OD,.jpg,0.0009213611483573914
NORMAL/12/OD/021_Normal.jpg,NORMAL-012,val,NORMAL,normal,OD,.jpg,0.0014865578850731254
NORMAL/12/OD/022_Normal.jpg,NORMAL-012,val,NORMAL,normal,OD,.jpg,0.001295007299631834
NORMAL/12/OD/023_Normal.jpg,NORMAL-012,val,NORMAL,normal,OD,.jpg,0.0012385961599647999
NORMAL/12/OD/024_Normal.jpg,NORMAL-012,val,NORMAL,normal,OD,.jpg,0.0013069406850263476
NORMAL/12/OD/025_Normal.jpg,NORMAL-012,val,NORMAL,normal,OD,.jpg,0.0012218424817547202
NORMAL/12/OD/026_Normal.jpg,NORMAL-012,val,NORMAL,normal,OD,.jpg,0.0009937939466908574
NORMAL/12/OD/027_Normal.jpg,NORMAL-012,val,NORMAL,normal,OD,.jpg,0.001409538323059678
NORMAL/12/OD/028_Normal.jpg,NORMAL-012,val,NORMAL,normal,OD,.jpg,0.0015429995255544782
NORMAL/12/OD/029_Normal.jpg,NORMAL-012,val,NORMAL,normal,OD,.jpg,0.0013149181613698602
NORMAL/12/OD/030_Normal.jpg,NORMAL-012,val,NORMAL,normal,OD,.jpg,0.0015294264303520322
NORMAL/12/OS/000_Normal.jpg,NORMAL-012,val,NORMAL,normal,OS,.jpg,0.0032014050520956516
NORMAL/12/OS/001_Normal.jpg,NORMAL-012,val,NORMAL,normal,OS,.jpg,0.0028460610192269087
NORMAL/12/OS/002_Normal.jpg,NORMAL-012,val,NORMAL,normal,OS,.jpg,0.0030750783625990152
NORMAL/12/OS/003_Normal.jpg,NORMAL-012,val,NORMAL,normal,OS,.jpg,0.0014001833042129874
NORMAL/12/OS/004_Normal.jpg,NORMAL-012,val,NORMAL,normal,OS,.jpg,0.001520676538348198
NORMAL/12/OS/005_Normal.jpg,NORMAL-012,val,NORMAL,normal,OS,.jpg,0.001551153720356524
NORMAL/12/OS/006_Normal.jpg,NORMAL-012,val,NORMAL,normal,OS,.jpg,0.0013094067107886076
NORMAL/12/OS/007_Normal.jpg,NORMAL-012,val,NORMAL,normal,OS,.jpg,0.0012759333476424217
NORMAL/12/OS/008_Normal.jpg,NORMAL-012,val,NORMAL,normal,OS,.jpg,0.0011501306435093284
NORMAL/12/OS/009_Normal.jpg,NORMAL-012,val,NORMAL,normal,OS,.jpg,0.0013626557774841785
NORMAL/12/OS/010_Normal.jpg,NORMAL-012,val,NORMAL,normal,OS,.jpg,0.0012890922371298075
NORMAL/12/OS/011_Normal.jpg,NORMAL-012,val,NORMAL,normal,OS,.jpg,0.0013494451995939016
NORMAL/12/OS/012_Normal.jpg,NORMAL-012,val,NORMAL,normal,OS,.jpg,0.0012440403224900365
NORMAL/12/OS/013_Normal.jpg,NORMAL-012,val,NORMAL,normal,OS,.jpg,0.0012254654429852962
NORMAL/12/OS/014_Normal.jpg,NORMAL-012,val,NORMAL,normal,OS,.jpg,0.0010520147625356913
NORMAL/12/OS/015_Normal.jpg,NORMAL-012,val,NORMAL,normal,OS,.jpg,0.0012425482273101807
NORMAL/12/OS/016_Normal.jpg,NORMAL-012,val,NORMAL,normal,OS,.jpg,0.0011270095128566027
NORMAL/12/OS/017_Normal.jpg,NORMAL-012,val,NORMAL,normal,OS,.jpg,0.0011772618163377047
NORMAL/12/OS/018_Normal.jpg,NORMAL-012,val,NORMAL,normal,OS,.jpg,0.0013734985841438174
NORMAL/12/OS/019_Normal.jpg,NORMAL-012,val,NORMAL,normal,OS,.jpg,0.0013327236520126462
NORMAL/12/OS/020_Normal.jpg,NORMAL-012,val,NORMAL,normal,OS,.jpg,0.001502273022197187
NORMAL/12/OS/021_Normal.jpg,NORMAL-012,val,NORMAL,normal,OS,.jpg,0.0017818795749917626
NORMAL/12/OS/022_Normal.jpg,NORMAL-012,val,NORMAL,normal,OS,.jpg,0.0007782622124068439
NORMAL/12/OS/023_Normal.jpg,NORMAL-012,val,NORMAL,normal,OS,.jpg,0.001609582337550819
NORMAL/12/OS/024_Normal.jpg,NORMAL-012,val,NORMAL,normal,OS,.jpg,0.0016480754129588604
NORMAL/12/OS/025_Normal.jpg,NORMAL-012,val,NORMAL,normal,OS,.jpg,0.0018127289367839694
NORMAL/12/OS/026_Normal.jpg,NORMAL-012,val,NORMAL,normal,OS,.jpg,0.0016609840095043182
NORMAL/12/OS/027_Normal.jpg,NORMAL-012,val,NORMAL,normal,OS,.jpg,0.0022453595884144306
NORMAL/12/OS/028_Normal.jpg,NORMAL-012,val,NORMAL,normal,OS,.jpg,0.0017108754254877567
NORMAL/12/OS/029_Normal.jpg,NORMAL-012,val,NORMAL,normal,OS,.jpg,0.0017869849689304829
NORMAL/12/OS/030_Normal.jpg,NORMAL-012,val,NORMAL,normal,OS,.jpg,0.0016682451823726296
NORMAL/17/OD/000_normal.jpg,NORMAL-017,val,NORMAL,normal,OD,.jpg,0.0005461916443891823
NORMAL/17/OD/001_normal.jpg,NORMAL-017,val,NORMAL,normal,OD,.jpg,0.0004740932199638337
NORMAL/17/OD/002_normal.jpg,NORMAL-017,val,NORMAL,normal,OD,.jpg,0.00048037065425887704
NORMAL/17/OD/003_normal.jpg,NORMAL-017,val,NORMAL,normal,OD,.jpg,0.0005038137314841151
NORMAL/17/OD/004_normal.jpg,NORMAL-017,val,NORMAL,normal,OD,.jpg,0.00047543432447128
NORMAL/17/OD/005_normal.jpg,NORMAL-017,val,NORMAL,normal,OD,.jpg,0.00047336897114291787
NORMAL/17/OD/006_normal.jpg,NORMAL-017,val,NORMAL,normal,OD,.jpg,0.0004597353981807828
NORMAL/17/OD/007_normal.jpg,NORMAL-017,val,NORMAL,normal,OD,.jpg,0.0004494540626183152
NORMAL/17/OD/008_normal.jpg,NORMAL-017,val,NORMAL,normal,OD,.jpg,0.00048047714517451823
NORMAL/17/OD/009_normal.jpg,NORMAL-017,val,NORMAL,normal,OD,.jpg,0.0005681306356564164
NORMAL/17/OD/010_normal.jpg,NORMAL-017,val,NORMAL,normal,OD,.jpg,0.000508215744048357
NORMAL/17/OD/011_normal.jpg,NORMAL-017,val,NORMAL,normal,OD,.jpg,0.0005436937790364027
NORMAL/17/OD/012_normal.jpg,NORMAL-017,val,NORMAL,normal,OD,.jpg,0.0005623402539640665
NORMAL/17/OD/013_normal.jpg,NORMAL-017,val,NORMAL,normal,OD,.jpg,0.00056484155356884
NORMAL/17/OD/014_normal.jpg,NORMAL-017,val,NORMAL,normal,OD,.jpg,0.0005606728955172002
NORMAL/17/OD/015_normal.jpg,NORMAL-017,val,NORMAL,normal,OD,.jpg,0.0005728084361180663
NORMAL/17/OD/016_normal.jpg,NORMAL-017,val,NORMAL,normal,OD,.jpg,0.0006753936759196222
NORMAL/17/OD/017_normal.jpg,NORMAL-017,val,NORMAL,normal,OD,.jpg,0.0005445423885248601
NORMAL/17/OD/018_normal.jpg,NORMAL-017,val,NORMAL,normal,OD,.jpg,0.0005911914631724358
NORMAL/17/OD/019_normal.jpg,NORMAL-017,val,NORMAL,normal,OD,.jpg,0.0005942405550740659
NORMAL/17/OD/020_normal.jpg,NORMAL-017,val,NORMAL,normal,OD,.jpg,0.0006311500328592956
NORMAL/17/OD/021_normal.jpg,NORMAL-017,val,NORMAL,normal,OD,.jpg,0.0006144809303805232
NORMAL/17/OD/022_normal.jpg,NORMAL-017,val,NORMAL,normal,OD,.jpg,0.0006630162242799997
NORMAL/17/OD/023_normal.jpg,NORMAL-017,val,NORMAL,normal,OD,.jpg,0.0006829203339293599
NORMAL/17/OD/024_normal.jpg,NORMAL-017,val,NORMAL,normal,OD,.jpg,0.0006070405943319201
NORMAL/17/OD/025_normal.jpg,NORMAL-017,val,NORMAL,normal,OD,.jpg,0.0007159049273468554
NORMAL/17/OD/026_normal.jpg,NORMAL-017,val,NORMAL,normal,OD,.jpg,0.0006842623697593808
NORMAL/17/OD/027_normal.jpg,NORMAL-017,val,NORMAL,normal,OD,.jpg,0.0007216639933176339
NORMAL/17/OD/028_normal.jpg,NORMAL-017,val,NORMAL,normal,OD,.jpg,0.000686022627633065
NORMAL/17/OD/029_normal.jpg,NORMAL-017,val,NORMAL,normal,OD,.jpg,0.000732891377992928
NORMAL/17/OD/030_normal.jpg,NORMAL-017,val,NORMAL,normal,OD,.jpg,0.0006910074152983725
NORMAL/17/OS/000_normal.jpg,NORMAL-017,val,NORMAL,normal,OS,.jpg,0.0009787571616470814
NORMAL/17/OS/001_normal.jpg,NORMAL-017,val,NORMAL,normal,OS,.jpg,0.0008417968638241291
NORMAL/17/OS/002_normal.jpg,NORMAL-017,val,NORMAL,normal,OS,.jpg,0.0007780338637530804
NORMAL/17/OS/003_normal.jpg,NORMAL-017,val,NORMAL,normal,OS,.jpg,0.0009113089181482792
NORMAL/17/OS/004_normal.jpg,NORMAL-017,val,NORMAL,normal,OS,.jpg,0.001096510561183095
NORMAL/17/OS/005_normal.jpg,NORMAL-017,val,NORMAL,normal,OS,.jpg,0.0012002643197774887
NORMAL/17/OS/006_normal.jpg,NORMAL-017,val,NORMAL,normal,OS,.jpg,0.0012947676004841924
NORMAL/17/OS/007_normal.jpg,NORMAL-017,val,NORMAL,normal,OS,.jpg,0.0013292586663737893
NORMAL/17/OS/008_normal.jpg,NORMAL-017,val,NORMAL,normal,OS,.jpg,0.0013472915161401033
NORMAL/17/OS/009_normal.jpg,NORMAL-017,val,NORMAL,normal,OS,.jpg,0.0013996283523738384
NORMAL/17/OS/010_normal.jpg,NORMAL-017,val,NORMAL,normal,OS,.jpg,0.0013009636895731091
NORMAL/17/OS/011_normal.jpg,NORMAL-017,val,NORMAL,normal,OS,.jpg,0.0012480018194764853
NORMAL/17/OS/012_normal.jpg,NORMAL-017,val,NORMAL,normal,OS,.jpg,0.0012390459887683392
NORMAL/17/OS/013_normal.jpg,NORMAL-017,val,NORMAL,normal,OS,.jpg,0.0012694549513980746
NORMAL/17/OS/014_normal.jpg,NORMAL-017,val,NORMAL,normal,OS,.jpg,0.0011018041986972094
NORMAL/17/OS/015_normal.jpg,NORMAL-017,val,NORMAL,normal,OS,.jpg,0.00104388571344316
NORMAL/17/OS/016_normal.jpg,NORMAL-017,val,NORMAL,normal,OS,.jpg,0.0011472210753709078
NORMAL/17/OS/017_normal.jpg,NORMAL-017,val,NORMAL,normal,OS,.jpg,0.001147572766058147
NORMAL/17/OS/018_normal.jpg,NORMAL-017,val,NORMAL,normal,OS,.jpg,0.001260001678019762
NORMAL/17/OS/019_normal.jpg,NORMAL-017,val,NORMAL,normal,OS,.jpg,0.0012196850730106235
NORMAL/17/OS/020_normal.jpg,NORMAL-017,val,NORMAL,normal,OS,.jpg,0.001320728799328208
NORMAL/17/OS/021_normal.jpg,NORMAL-017,val,NORMAL,normal,OS,.jpg,0.0013386266073212028
NORMAL/17/OS/022_normal.jpg,NORMAL-017,val,NORMAL,normal,OS,.jpg,0.0013585217529907823
NORMAL/17/OS/023_normal.jpg,NORMAL-017,val,NORMAL,normal,OS,.jpg,0.0012936965795233846
NORMAL/17/OS/024_normal.jpg,NORMAL-017,val,NORMAL,normal,OS,.jpg,0.0014219341101124883
NORMAL/17/OS/025_normal.jpg,NORMAL-017,val,NORMAL,normal,OS,.jpg,0.0013976256595924497
NORMAL/17/OS/026_normal.jpg,NORMAL-017,val,NORMAL,normal,OS,.jpg,0.0015188661636784673
NORMAL/17/OS/027_normal.jpg,NORMAL-017,val,NORMAL,normal,OS,.jpg,0.001294031273573637
NORMAL/17/OS/028_normal.jpg,NORMAL-017,val,NORMAL,normal,OS,.jpg,0.0011540376581251621
NORMAL/17/OS/029_normal.jpg,NORMAL-017,val,NORMAL,normal,OS,.jpg,0.0011371360160410404
NORMAL/17/OS/030_normal.jpg,NORMAL-017,val,NORMAL,normal,OS,.jpg,0.0010323405731469393
NORMAL/31/000_Normal.tif,NORMAL-031,val,NORMAL,normal,OD,.tif,0.0009260785882361233
NORMAL/31/001_Normal.tif,NORMAL-031,val,NORMAL,normal,OD,.tif,0.0007958894711919129
NORMAL/31/002_Normal.tif,NORMAL-031,val,NORMAL,normal,OD,.tif,0.0008890517055988312
NORMAL/31/003_Normal.tif,NORMAL-031,val,NORMAL,normal,OD,.tif,0.0008843678515404463
NORMAL/31/004_Normal.tif,NORMAL-031,val,NORMAL,normal,OD,.tif,0.0008913205238059163
NORMAL/31/005_Normal.tif,NORMAL-031,val,NORMAL,normal,OD,.tif,0.0009114798158407211
NORMAL/31/006_Normal.tif,NORMAL-031,val,NORMAL,normal,OD,.tif,0.0006758426316082478
NORMAL/31/007_Normal.tif,NORMAL-031,val,NORMAL,normal,OD,.tif,0.0007019423646852374
NORMAL/31/008_Normal.tif,NORMAL-031,val,NORMAL,normal,OD,.tif,0.0007591993780806661
NORMAL/31/009_Normal.tif,NORMAL-031,val,NORMAL,normal,OD,.tif,0.0007480191416107118
NORMAL/31/010_Normal.tif,NORMAL-031,val,NORMAL,normal,OD,.tif,0.0007637154194526374
NORMAL/31/011_Normal.tif,NORMAL-031,val,NORMAL,normal,OD,.tif,0.0007117895293049514
NORMAL/31/012_Normal.tif,NORMAL-031,val,NORMAL,normal,OD,.tif,0.0006487786304205656
NORMAL/31/013_Normal.tif,NORMAL-031,val,NORMAL,normal,OD,.tif,0.0006404876476153731
NORMAL/31/014_Normal.tif,NORMAL-031,val,NORMAL,normal,OD,.tif,0.000660237274132669
NORMAL/31/015_Normal.tif,NORMAL-031,val,NORMAL,normal,OD,.tif,0.0006537139415740967
NORMAL/31/016_Normal.tif,NORMAL-031,val,NORMAL,normal,OD,.tif,0.000678969023283571
NORMAL/31/017_Normal.tif,NORMAL-031,val,NORMAL,normal,OD,.tif,0.0005948495236225426
NORMAL/31/018_Normal.tif,NORMAL-031,val,NORMAL,normal,OD,.tif,0.0007277271361090243
NORMAL/31/019_Normal.tif,NORMAL-031,val,NORMAL,normal,OD,.tif,0.0007798527949489653
NORMAL/31/020_Normal.tif,NORMAL-031,val,NORMAL,normal,OD,.tif,0.0007170689641498029
NORMAL/31/021_Normal.tif,NORMAL-031,val,NORMAL,normal,OD,.tif,0.0007260256097652018
NORMAL/31/022_Normal.tif,NORMAL-031,val,NORMAL,normal,OD,.tif,0.0007701501017436385
NORMAL/31/023_Normal.tif,NORMAL-031,val,NORMAL,normal,OD,.tif,0.000644946820102632
NORMAL/31/024_Normal.tif,NORMAL-031,val,NORMAL,normal,OD,.tif,0.0006873695529066026
NORMAL/31/025_Normal.tif,NORMAL-031,val,NORMAL,normal,OD,.tif,0.0009180731140077114
NORMAL/31/026_Normal.tif,NORMAL-031,val,NORMAL,normal,OD,.tif,0.0007922127842903137
NORMAL/31/027_Normal.tif,NORMAL-031,val,NORMAL,normal,OD,.tif,0.0009570263209752738
NORMAL/31/028_Normal.tif,NORMAL-031,val,NORMAL,normal,OD,.tif,0.000971644651144743
NORMAL/31/029_Normal.tif,NORMAL-031,val,NORMAL,normal,OD,.tif,0.0008993347873911262
NORMAL/31/030_Normal.tif,NORMAL-031,val,NORMAL,normal,OD,.tif,0.0009436439722776413
NORMAL/32/OD/000_Normal.jpg,NORMAL-032,val,NORMAL,normal,OD,.jpg,0.0006401638966053724
NORMAL/32/OD/001_Normal.jpg,NORMAL-032,val,NORMAL,normal,OD,.jpg,0.0005832301685586572
NORMAL/32/OD/002_Normal.jpg,NORMAL-032,val,NORMAL,normal,OD,.jpg,0.0006151266279630363
NORMAL/32/OD/003_Normal.jpg,NORMAL-032,val,NORMAL,normal,OD,.jpg,0.00044490565778687596
NORMAL/32/OD/004_Normal.jpg,NORMAL-032,val,NORMAL,normal,OD,.jpg,0.0005494856159202754
NORMAL/32/OD/005_Normal.jpg,NORMAL-032,val,NORMAL,normal,OD,.jpg,0.0005972610088065267
NORMAL/32/OD/006_Normal.jpg,NORMAL-032,val,NORMAL,normal,OD,.jpg,0.0005256826989352703
NORMAL/32/OD/007_Normal.jpg,NORMAL-032,val,NORMAL,normal,OD,.jpg,0.0005607714992947876
NORMAL/32/OD/008_Normal.jpg,NORMAL-032,val,NORMAL,normal,OD,.jpg,0.0005008212756365538
NORMAL/32/OD/009_Normal.jpg,NORMAL-032,val,NORMAL,normal,OD,.jpg,0.0004749209911096841
NORMAL/32/OD/010_Normal.jpg,NORMAL-032,val,NORMAL,normal,OD,.jpg,0.0005925038130953908
NORMAL/32/OD/011_Normal.jpg,NORMAL-032,val,NORMAL,normal,OD,.jpg,0.0004955051117576659
NORMAL/32/OD/012_Normal.jpg,NORMAL-032,val,NORMAL,normal,OD,.jpg,0.0005555034731514752
NORMAL/32/OD/013_Normal.jpg,NORMAL-032,val,NORMAL,normal,OD,.jpg,0.00047884148079901934
NORMAL/32/OD/014_Normal.jpg,NORMAL-032,val,NORMAL,normal,OD,.jpg,0.00037443864857777953
NORMAL/32/OD/015_Normal.jpg,NORMAL-032,val,NORMAL,normal,OD,.jpg,0.0003938252048101276
NORMAL/32/OD/016_Normal.jpg,NORMAL-032,val,NORMAL,normal,OD,.jpg,0.0005170479416847229
NORMAL/32/OD/017_Normal.jpg,NORMAL-032,val,NORMAL,normal,OD,.jpg,0.0005761035718023777
NORMAL/32/OD/018_Normal.jpg,NORMAL-032,val,NORMAL,normal,OD,.jpg,0.0005362048395909369
NORMAL/32/OD/019_Normal.jpg,NORMAL-032,val,NORMAL,normal,OD,.jpg,0.0005401691305451095
NORMAL/32/OD/020_Normal.jpg,NORMAL-032,val,NORMAL,normal,OD,.jpg,0.0006036807899363339
NORMAL/32/OD/021_Normal.jpg,NORMAL-032,val,NORMAL,normal,OD,.jpg,0.0005779586499556899
NORMAL/32/OD/022_Normal.jpg,NORMAL-032,val,NORMAL,normal,OD,.jpg,0.0006093409028835595
NORMAL/32/OD/023_Normal.jpg,NORMAL-032,val,NORMAL,normal,OD,.jpg,0.0005280193290673196
NORMAL/32/OD/024_Normal.jpg,NORMAL-032,val,NORMAL,normal,OD,.jpg,0.0005953191430307925
NORMAL/32/OS/000_Normal.jpg,NORMAL-032,val,NORMAL,normal,OS,.jpg,0.000666941748932004
NORMAL/32/OS/001_Normal.jpg,NORMAL-032,val,NORMAL,normal,OS,.jpg,0.0005583059974014759
NORMAL/32/OS/002_Normal.jpg,NORMAL-032,val,NORMAL,normal,OS,.jpg,0.0006353956996463239
NORMAL/32/OS/003_Normal.jpg,NORMAL-032,val,NORMAL,normal,OS,.jpg,0.0006105658831074834
NORMAL/32/OS/004_Normal.jpg,NORMAL-032,val,NORMAL,normal,OS,.jpg,0.0006209476850926876
NORMAL/32/OS/005_Normal.jpg,NORMAL-032,val,NORMAL,normal,OS,.jpg,0.0005674243438988924
NORMAL/32/OS/006_Normal.jpg,NORMAL-032,val,NORMAL,normal,OS,.jpg,0.0005683079943992198
NORMAL/32/OS/007_Normal.jpg,NORMAL-032,val,NORMAL,normal,OS,.jpg,0.0006597700412385166
NORMAL/32/OS/008_Normal.jpg,NORMAL-032,val,NORMAL,normal,OS,.jpg,0.0006606437382288277
NORMAL/32/OS/009_Normal.jpg,NORMAL-032,val,NORMAL,normal,OS,.jpg,0.0005048663588240743
NORMAL/32/OS/010_Normal.jpg,NORMAL-032,val,NORMAL,normal,OS,.jpg,0.0005682213813997805
NORMAL/32/OS/011_Normal.jpg,NORMAL-032,val,NORMAL,normal,OS,.jpg,0.0005895094363950193
NORMAL/32/OS/012_Normal.jpg,NORMAL-032,val,NORMAL,normal,OS,.jpg,0.0006513732951134443
NORMAL/32/OS/013_Normal.jpg,NORMAL-032,val,NORMAL,normal,OS,.jpg,0.0006854211678728461
NORMAL/32/OS/014_Normal.jpg,NORMAL-032,val,NORMAL,normal,OS,.jpg,0.0006615954334847629
NORMAL/32/OS/015_Normal.jpg,NORMAL-032,val,NORMAL,normal,OS,.jpg,0.0007129861623980105
NORMAL/32/OS/016_Normal.jpg,NORMAL-032,val,NORMAL,normal,OS,.jpg,0.0006935584242455661
NORMAL/32/OS/017_Normal.jpg,NORMAL-032,val,NORMAL,normal,OS,.jpg,0.0006422768346965313
NORMAL/32/OS/018_Normal.jpg,NORMAL-032,val,NORMAL,normal,OS,.jpg,0.0007653252687305212
NORMAL/32/OS/019_Normal.jpg,NORMAL-032,val,NORMAL,normal,OS,.jpg,0.0008234248962253332
NORMAL/32/OS/020_Normal.jpg,NORMAL-032,val,NORMAL,normal,OS,.jpg,0.0007643667631782591
NORMAL/32/OS/021_Normal.jpg,NORMAL-032,val,NORMAL,normal,OS,.jpg,0.0007714692037552595
NORMAL/32/OS/022_Normal.jpg,NORMAL-032,val,NORMAL,normal,OS,.jpg,0.0006646827678196132
NORMAL/32/OS/023_Normal.jpg,NORMAL-032,val,NORMAL,normal,OS,.jpg,0.0007037599571049213
NORMAL/32/OS/024_Normal.jpg,NORMAL-032,val,NORMAL,normal,OS,.jpg,0.0006632599397562444
NORMAL/35/OD/000_Normal.jpg,NORMAL-035,val,NORMAL,normal,OD,.jpg,0.0010312593076378107
NORMAL/35/OD/001_Normal.jpg,NORMAL-035,val,NORMAL,normal,OD,.jpg,0.0008355912868864834
NORMAL/35/OD/002_Normal.jpg,NORMAL-035,val,NORMAL,normal,OD,.jpg,0.0007984883850440383
NORMAL/35/OD/003_Normal.jpg,NORMAL-035,val,NORMAL,normal,OD,.jpg,0.0007220765110105276
NORMAL/35/OD/004_Normal.jpg,NORMAL-035,val,NORMAL,normal,OD,.jpg,0.0007755041588097811
NORMAL/35/OD/005_Normal.jpg,NORMAL-035,val,NORMAL,normal,OD,.jpg,0.000596729398239404
NORMAL/35/OD/006_Normal.jpg,NORMAL-035,val,NORMAL,normal,OD,.jpg,0.0006142845959402621
NORMAL/35/OD/007_Normal.jpg,NORMAL-035,val,NORMAL,normal,OD,.jpg,0.0006394145311787724
NORMAL/35/OD/008_Normal.jpg,NORMAL-035,val,NORMAL,normal,OD,.jpg,0.0006221833173185587
NORMAL/35/OD/009_Normal.jpg,NORMAL-035,val,NORMAL,normal,OD,.jpg,0.0008055855869315565
NORMAL/35/OD/010_Normal.jpg,NORMAL-035,val,NORMAL,normal,OD,.jpg,0.0007017733878456056
NORMAL/35/OD/011_Normal.jpg,NORMAL-035,val,NORMAL,normal,OD,.jpg,0.0007610202301293612
NORMAL/35/OD/012_Normal.jpg,NORMAL-035,val,NORMAL,normal,OD,.jpg,0.000865133129991591
NORMAL/35/OD/013_Normal.jpg,NORMAL-035,val,NORMAL,normal,OD,.jpg,0.0008654622943140566
NORMAL/35/OD/014_Normal.jpg,NORMAL-035,val,NORMAL,normal,OD,.jpg,0.0009301807731389999
NORMAL/35/OD/015_Normal.jpg,NORMAL-035,val,NORMAL,normal,OD,.jpg,0.0008147016051225364
NORMAL/35/OD/016_Normal.jpg,NORMAL-035,val,NORMAL,normal,OD,.jpg,0.0009765523136593401
NORMAL/35/OD/017_Normal.jpg,NORMAL-035,val,NORMAL,normal,OD,.jpg,0.001123521476984024
NORMAL/35/OD/018_Normal.jpg,NORMAL-035,val,NORMAL,normal,OD,.jpg,0.0011326855747029185
NORMAL/35/OD/019_Normal.jpg,NORMAL-035,val,NORMAL,normal,OD,.jpg,0.0014794705202803016
NORMAL/35/OD/020_Normal.jpg,NORMAL-035,val,NORMAL,normal,OD,.jpg,0.0016229565953835845
NORMAL/35/OD/021_Normal.jpg,NORMAL-035,val,NORMAL,normal,OD,.jpg,0.0014953678473830223
NORMAL/35/OD/022_Normal.jpg,NORMAL-035,val,NORMAL,normal,OD,.jpg,0.0010985411936417222
NORMAL/35/OD/023_Normal.jpg,NORMAL-035,val,NORMAL,normal,OD,.jpg,0.001363303861580789
NORMAL/35/OD/024_Normal.jpg,NORMAL-035,val,NORMAL,normal,OD,.jpg,0.0017758371541276574
NORMAL/35/OD/025_Normal.jpg,NORMAL-035,val,NORMAL,normal,OD,.jpg,0.0016359409783035517
NORMAL/35/OD/026_Normal.jpg,NORMAL-035,val,NORMAL,normal,OD,.jpg,0.0020991466008126736
NORMAL/35/OD/027_Normal.jpg,NORMAL-035,val,NORMAL,normal,OD,.jpg,0.001428229152224958
NORMAL/35/OD/028_Normal.jpg,NORMAL-035,val,NORMAL,normal,OD,.jpg,0.0014266044599935412
NORMAL/35/OD/029_Normal.jpg,NORMAL-035,val,NORMAL,normal,OD,.jpg,0.0008156344993039966
NORMAL/35/OD/030_Normal.jpg,NORMAL-035,val,NORMAL,normal,OD,.jpg,0.0007737005362287164
NORMAL/35/OS/000_Normal.jpg,NORMAL-035,val,NORMAL,normal,OS,.jpg,0.0012416951358318329
NORMAL/35/OS/001_Normal.jpg,NORMAL-035,val,NORMAL,normal,OS,.jpg,0.0006784119177609682
NORMAL/35/OS/002_Normal.jpg,NORMAL-035,val,NORMAL,normal,OS,.jpg,0.0006210543215274811
NORMAL/35/OS/003_Normal.jpg,NORMAL-035,val,NORMAL,normal,OS,.jpg,0.0005183331668376923
NORMAL/35/OS/004_Normal.jpg,NORMAL-035,val,NORMAL,normal,OS,.jpg,0.00062519870698452
NORMAL/35/OS/005_Normal.jpg,NORMAL-035,val,NORMAL,normal,OS,.jpg,0.0006616627797484398
NORMAL/35/OS/006_Normal.jpg,NORMAL-035,val,NORMAL,normal,OS,.jpg,0.0010992109309881926
NORMAL/35/OS/007_Normal.jpg,NORMAL-035,val,NORMAL,normal,OS,.jpg,0.0009730679448693991
NORMAL/35/OS/008_Normal.jpg,NORMAL-035,val,NORMAL,normal,OS,.jpg,0.0007305736653506756
NORMAL/35/OS/009_Normal.jpg,NORMAL-035,val,NORMAL,normal,OS,.jpg,0.0010999829974025488
NORMAL/35/OS/010_Normal.jpg,NORMAL-035,val,NORMAL,normal,OS,.jpg,0.0010246837045997381
NORMAL/35/OS/011_Normal.jpg,NORMAL-035,val,NORMAL,normal,OS,.jpg,0.0009525615605525672
NORMAL/35/OS/012_Normal.jpg,NORMAL-035,val,NORMAL,normal,OS,.jpg,0.0006353062344714999
NORMAL/35/OS/013_Normal.jpg,NORMAL-035,val,NORMAL,normal,OS,.jpg,0.0006863485905341804
NORMAL/35/OS/014_Normal.jpg,NORMAL-035,val,NORMAL,normal,OS,.jpg,0.0007770859519951046
NORMAL/35/OS/015_Normal.jpg,NORMAL-035,val,NORMAL,normal,OS,.jpg,0.0007785828202031553
NORMAL/35/OS/016_Normal.jpg,NORMAL-035,val,NORMAL,normal,OS,.jpg,0.001051545375958085
NORMAL/35/OS/017_Normal.jpg,NORMAL-035,val,NORMAL,normal,OS,.jpg,0.0009022086742334068
NORMAL/35/OS/018_Normal.jpg,NORMAL-035,val,NORMAL,normal,OS,.jpg,0.0007695856620557606
NORMAL/35/OS/019_Normal.jpg,NORMAL-035,val,NORMAL,normal,OS,.jpg,0.0008656428544782102
NORMAL/35/OS/020_Normal.jpg,NORMAL-035,val,NORMAL,normal,OS,.jpg,0.0013851190451532602
NORMAL/35/OS/021_Normal.jpg,NORMAL-035,val,NORMAL,normal,OS,.jpg,0.0010592112084850669
NORMAL/35/OS/022_Normal.jpg,NORMAL-035,val,NORMAL,normal,OS,.jpg,0.0007167753647081554
NORMAL/35/OS/023_Normal.jpg,NORMAL-035,val,NORMAL,normal,OS,.jpg,0.0007403542986139655
NORMAL/35/OS/024_Normal.jpg,NORMAL-035,val,NORMAL,normal,OS,.jpg,0.000777686364017427
NORMAL/35/OS/025_Normal.jpg,NORMAL-035,val,NORMAL,normal,OS,.jpg,0.0008107969770208001
NORMAL/35/OS/026_Normal.jpg,NORMAL-035,val,NORMAL,normal,OS,.jpg,0.0017762138741090894
NORMAL/35/OS/027_Normal.jpg,NORMAL-035,val,NORMAL,normal,OS,.jpg,0.0029658121056854725
NORMAL/35/OS/028_Normal.jpg,NORMAL-035,val,NORMAL,normal,OS,.jpg,0.0018204656662419438
NORMAL/35/OS/029_Normal.jpg,NORMAL-035,val,NORMAL,normal,OS,.jpg,0.001211956376209855
NORMAL/35/OS/030_Normal.jpg,NORMAL-035,val,NORMAL,normal,OS,.jpg,0.0006011122604832053
NORMAL/45/000_Normal.tif,NORMAL-045,val,NORMAL,normal,OD,.tif,0.0005370678845793009
NORMAL/45/001_Normal.tif,NORMAL-045,val,NORMAL,normal,OD,.tif,0.00039399429806508124
NORMAL/45/002_Normal.tif,NORMAL-045,val,NORMAL,normal,OD,.tif,0.0004578804364427924
NORMAL/45/003_Normal.tif,NORMAL-045,val,NORMAL,normal,OD,.tif,0.00047751120291650295
NORMAL/45/004_Normal.tif,NORMAL-045,val,NORMAL,normal,OD,.tif,0.00044359485036693513
NORMAL/45/005_Normal.tif,NORMAL-045,val,NORMAL,normal,OD,.tif,0.0006126192747615278
NORMAL/45/006_Normal.tif,NORMAL-045,val,NORMAL,normal,OD,.tif,0.0008991292561404407
NORMAL/45/007_Normal.tif,NORMAL-045,val,NORMAL,normal,OD,.tif,0.0010273100342601538
NORMAL/45/008_Normal.tif,NORMAL-045,val,NORMAL,normal,OD,.tif,0.0009741768008098006
NORMAL/45/009_Normal.tif,NORMAL-045,val,NORMAL,normal,OD,.tif,0.0011046769795939326
NORMAL/45/010_Normal.tif,NORMAL-045,val,NORMAL,normal,OD,.tif,0.0013190368190407753
NORMAL/45/011_Normal.tif,NORMAL-045,val,NORMAL,normal,OD,.tif,0.001475940807722509
NORMAL/45/012_Normal.tif,NORMAL-045,val,NORMAL,normal,OD,.tif,0.0017094194190576673
NORMAL/45/013_Normal.tif,NORMAL-045,val,NORMAL,normal,OD,.tif,0.0005806745612062514
NORMAL/45/014_Normal.tif,NORMAL-045,val,NORMAL,normal,OD,.tif,0.0005180546431802213
NORMAL/45/015_Normal.tif,NORMAL-045,val,NORMAL,normal,OD,.tif,0.0005462199915200472
NORMAL/45/016_Normal.tif,NORMAL-045,val,NORMAL,normal,OD,.tif,0.0005631681415252388
NORMAL/45/017_Normal.tif,NORMAL-045,val,NORMAL,normal,OD,.tif,0.0005848867003805935
NORMAL/45/018_Normal.tif,NORMAL-045,val,NORMAL,normal,OD,.tif,0.000969255284871906
NORMAL/45/019_Normal.tif,NORMAL-045,val,NORMAL,normal,OD,.tif,0.0010193510679528117
NORMAL/45/020_Normal.tif,NORMAL-045,val,NORMAL,normal,OD,.tif,0.0012252246960997581
NORMAL/45/021_Normal.tif,NORMAL-045,val,NORMAL,normal,OD,.tif,0.0009233664604835212
NORMAL/45/022_Normal.tif,NORMAL-045,val,NORMAL,normal,OD,.tif,0.000599893624894321
NORMAL/45/023_Normal.tif,NORMAL-045,val,NORMAL,normal,OD,.tif,0.0004781345487572253
NORMAL/45/024_Normal.tif,NORMAL-045,val,NORMAL,normal,OD,.tif,0.0004804098280146718
NORMAL/45/025_Normal.tif,NORMAL-045,val,NORMAL,normal,OD,.tif,0.0004802933835890144
NORMAL/45/026_Normal.tif,NORMAL-045,val,NORMAL,normal,OD,.tif,0.0006783281569369137
NORMAL/45/027_Normal.tif,NORMAL-045,val,NORMAL,normal,OD,.tif,0.0008739245822653174
NORMAL/45/028_Normal.tif,NORMAL-045,val,NORMAL,normal,OD,.tif,0.000672081601805985
NORMAL/45/029_Normal.tif,NORMAL-045,val,NORMAL,normal,OD,.tif,0.0007202610140666366
NORMAL/45/030_Normal.tif,NORMAL-045,val,NORMAL,normal,OD,.tif,0.0006847951444797218
NORMAL/50/000_Normal.tif,NORMAL-050,val,NORMAL,normal,OD,.tif,0.00046929618110880256
NORMAL/50/001_Normal.tif,NORMAL-050,val,NORMAL,normal,OD,.tif,0.000482753588585183
NORMAL/50/002_Normal.tif,NORMAL-050,val,NORMAL,normal,OD,.tif,0.0004326303314883262
NORMAL/50/003_Normal.tif,NORMAL-050,val,NORMAL,normal,OD,.tif,0.000430171174230054
NORMAL/50/004_Normal.tif,NORMAL-050,val,NORMAL,normal,OD,.tif,0.0005221057799644768
NORMAL/50/005_Normal.tif,NORMAL-050,val,NORMAL,normal,OD,.tif,0.00040789582999423146
NORMAL/50/006_Normal.tif,NORMAL-050,val,NORMAL,normal,OD,.tif,0.0005224048509262502
NORMAL/50/007_Normal.tif,NORMAL-050,val,NORMAL,normal,OD,.tif,0.00046946541988290846
NORMAL/50/008_Normal.tif,NORMAL-050,val,NORMAL,normal,OD,.tif,0.0005435720668174326
NORMAL/50/009_Normal.tif,NORMAL-050,val,NORMAL,normal,OD,.tif,0.0005567374755628407
NORMAL/50/010_Normal.tif,NORMAL-050,val,NORMAL,normal,OD,.tif,0.0005339111667126417
NORMAL/50/011_Normal.tif,NORMAL-050,val,NORMAL,normal,OD,.tif,0.0004965011030435562
NORMAL/50/012_Normal.tif,NORMAL-050,val,NORMAL,normal,OD,.tif,0.0004347919311840087
NORMAL/50/013_Normal.tif,NORMAL-050,val,NORMAL,normal,OD,.tif,0.00045193135156296194
NORMAL/50/014_Normal.tif,NORMAL-050,val,NORMAL,normal,OD,.tif,0.0005358823109418154
NORMAL/50/015_Normal.tif,NORMAL-050,val,NORMAL,normal,OD,.tif,0.00046257811482064426
NORMAL/50/016_Normal.tif,NORMAL-050,val,NORMAL,normal,OD,.tif,0.0003962900664191693
NORMAL/50/017_Normal.tif,NORMAL-050,val,NORMAL,normal,OD,.tif,0.0005061689298599958
NORMAL/50/018_Normal.tif,NORMAL-050,val,NORMAL,normal,OD,.tif,0.0005016543436795473
NORMAL/50/019_Normal.tif,NORMAL-050,val,NORMAL,normal,OD,.tif,0.0004952400922775269
NORMAL/50/020_Normal.tif,NORMAL-050,val,NORMAL,normal,OD,.tif,0.0005160928703844547
NORMAL/50/021_Normal.tif,NORMAL-050,val,NORMAL,normal,OD,.tif,0.0004929648130200803
NORMAL/50/022_Normal.tif,NORMAL-050,val,NORMAL,normal,OD,.tif,0.00044485024409368634
NORMAL/50/023_Normal.tif,NORMAL-050,val,NORMAL,normal,OD,.tif,0.0005102871218696237
NORMAL/50/024_Normal.tif,NORMAL-050,val,NORMAL,normal,OD,.tif,0.00020176298858132213
NORMAL/50/025_Normal.tif,NORMAL-050,val,NORMAL,normal,OD,.tif,0.000537429004907608
NORMAL/50/026_Normal.tif,NORMAL-050,val,NORMAL,normal,OD,.tif,0.00048724666703492403
NORMAL/50/027_Normal.tif,NORMAL-050,val,NORMAL,normal,OD,.tif,0.0004254848463460803
NORMAL/50/028_Normal.tif,NORMAL-050,val,NORMAL,normal,OD,.tif,0.0004475712776184082
NORMAL/50/029_Normal.tif,NORMAL-050,val,NORMAL,normal,OD,.tif,0.0004494554304983467
NORMAL/50/030_Normal.tif,NORMAL-050,val,NORMAL,normal,OD,.tif,0.000451105268439278
NORMAL/55/000_Normal.tif,NORMAL-055,val,NORMAL,normal,OD,.tif,0.0006705903797410429
NORMAL/55/001_Normal.tif,NORMAL-055,val,NORMAL,normal,OD,.tif,0.0006010772776789963
NORMAL/55/002_Normal.tif,NORMAL-055,val,NORMAL,normal,OD,.tif,0.0006173939327709377
NORMAL/55/003_Normal.tif,NORMAL-055,val,NORMAL,normal,OD,.tif,0.0005817810306325555
NORMAL/55/004_Normal.tif,NORMAL-055,val,NORMAL,normal,OD,.tif,0.0006449153297580779
NORMAL/55/005_Normal.tif,NORMAL-055,val,NORMAL,normal,OD,.tif,0.0006569478427991271
NORMAL/55/006_Normal.tif,NORMAL-055,val,NORMAL,normal,OD,.tif,0.0005353195010684431
NORMAL/55/007_Normal.tif,NORMAL-055,val,NORMAL,normal,OD,.tif,0.0006986198131926358
NORMAL/55/008_Normal.tif,NORMAL-055,val,NORMAL,normal,OD,.tif,0.0005137363914400339
NORMAL/55/009_Normal.tif,NORMAL-055,val,NORMAL,normal,OD,.tif,0.0006225972902029753
NORMAL/55/010_Normal.tif,NORMAL-055,val,NORMAL,normal,OD,.tif,0.0006044221227057278
NORMAL/55/011_Normal.tif,NORMAL-055,val,NORMAL,normal,OD,.tif,0.0006039828876964748
NORMAL/55/012_Normal.tif,NORMAL-055,val,NORMAL,normal,OD,.tif,0.0006448317435570061
NORMAL/55/013_Normal.tif,NORMAL-055,val,NORMAL,normal,OD,.tif,0.0005573697853833437
NORMAL/55/014_Normal.tif,NORMAL-055,val,NORMAL,normal,OD,.tif,0.0006864523747935891
NORMAL/55/015_Normal.tif,NORMAL-055,val,NORMAL,normal,OD,.tif,0.0006864406750537455
NORMAL/55/016_Normal.tif,NORMAL-055,val,NORMAL,normal,OD,.tif,0.000649123452603817
NORMAL/55/017_Normal.tif,NORMAL-055,val,NORMAL,normal,OD,.tif,0.0006468732026405632
NORMAL/55/018_Normal.tif,NORMAL-055,val,NORMAL,normal,OD,.tif,0.0006329633179120719
NORMAL/55/019_Normal.tif,NORMAL-055,val,NORMAL,normal,OD,.tif,0.0006126202060841024
NORMAL/55/020_Normal.tif,NORMAL-055,val,NORMAL,normal,OD,.tif,0.0005129409255459905
NORMAL/55/021_Normal.tif,NORMAL-055,val,NORMAL,normal,OD,.tif,0.0005612088716588914
NORMAL/55/022_Normal.tif,NORMAL-055,val,NORMAL,normal,OD,.tif,0.000578747654799372
NORMAL/55/023_Normal.tif,NORMAL-055,val,NORMAL,normal,OD,.tif,0.0005704961367882788
NORMAL/55/024_Normal.tif,NORMAL-055,val,NORMAL,normal,OD,.tif,0.0005889730527997017
NORMAL/55/025_Normal.tif,NORMAL-055,val,NORMAL,normal,OD,.tif,0.00043187476694583893
NORMAL/55/026_Normal.tif,NORMAL-055,val,NORMAL,normal,OD,.tif,0.0006441843579523265
NORMAL/55/027_Normal.tif,NORMAL-055,val,NORMAL,normal,OD,.tif,0.0004699312266893685
NORMAL/55/028_Normal.tif,NORMAL-055,val,NORMAL,normal,OD,.tif,0.000497728877235204
NORMAL/55/029_Normal.tif,NORMAL-055,val,NORMAL,normal,OD,.tif,0.0005131752113811672
NORMAL/55/030_Normal.tif,NORMAL-055,val,NORMAL,normal,OD,.tif,0.0004072073788847774
NORMAL/59/000_Normal.tif,NORMAL-059,val,NORMAL,normal,OD,.tif,0.0009547462686896324
NORMAL/59/001_Normal.tif,NORMAL-059,val,NORMAL,normal,OD,.tif,0.0009396116365678608
NORMAL/59/002_Normal.tif,NORMAL-059,val,NORMAL,normal,OD,.tif,0.0009405974415130913
NORMAL/59/003_Normal.tif,NORMAL-059,val,NORMAL,normal,OD,.tif,0.000936368596740067
NORMAL/59/004_Normal.tif,NORMAL-059,val,NORMAL,normal,OD,.tif,0.0008913470664992929
NORMAL/59/005_Normal.tif,NORMAL-059,val,NORMAL,normal,OD,.tif,0.00077004951890558
NORMAL/59/006_Normal.tif,NORMAL-059,val,NORMAL,normal,OD,.tif,0.000677171687129885
NORMAL/59/007_Normal.tif,NORMAL-059,val,NORMAL,normal,OD,.tif,0.0006380470586009324
NORMAL/59/008_Normal.tif,NORMAL-059,val,NORMAL,normal,OD,.tif,0.0006488020299002528
NORMAL/59/009_Normal.tif,NORMAL-059,val,NORMAL,normal,OD,.tif,0.0006810961640439928
NORMAL/59/010_Normal.tif,NORMAL-059,val,NORMAL,normal,OD,.tif,0.0006439062999561429
NORMAL/59/011_Normal.tif,NORMAL-059,val,NORMAL,normal,OD,.tif,0.000661016849335283
NORMAL/59/012_Normal.tif,NORMAL-059,val,NORMAL,normal,OD,.tif,0.0006917527643963695
NORMAL/59/013_Normal.tif,NORMAL-059,val,NORMAL,normal,OD,.tif,0.0007065262761898339
NORMAL/59/014_Normal.tif,NORMAL-059,val,NORMAL,normal,OD,.tif,0.00063932198099792
NORMAL/59/015_Normal.tif,NORMAL-059,val,NORMAL,normal,OD,.tif,0.0005550982896238565
NORMAL/59/016_Normal.tif,NORMAL-059,val,NORMAL,normal,OD,.tif,0.0006726001738570631
NORMAL/59/017_Normal.tif,NORMAL-059,val,NORMAL,normal,OD,.tif,0.0006052774842828512
NORMAL/59/018_Normal.tif,NORMAL-059,val,NORMAL,normal,OD,.tif,0.0005949686164967716
NORMAL/59/019_Normal.tif,NORMAL-059,val,NORMAL,normal,OD,.tif,0.000524787581525743
NORMAL/59/020_Normal.tif,NORMAL-059,val,NORMAL,normal,OD,.tif,0.000630914990324527
NORMAL/59/021_Normal.tif,NORMAL-059,val,NORMAL,normal,OD,.tif,0.0006840967107564211
NORMAL/59/022_Normal.tif,NORMAL-059,val,NORMAL,normal,OD,.tif,0.0007103332318365574
NORMAL/59/023_Normal.tif,NORMAL-059,val,NORMAL,normal,OD,.tif,0.0007230024202726781
NORMAL/59/024_Normal.tif,NORMAL-059,val,NORMAL,normal,OD,.tif,0.0007170396274887025
NORMAL/59/025_Normal.tif,NORMAL-059,val,NORMAL,normal,OD,.tif,0.0006437178235501051
NORMAL/59/026_Normal.tif,NORMAL-059,val,NORMAL,normal,OD,.tif,0.0006330013857223094
NORMAL/59/027_Normal.tif,NORMAL-059,val,NORMAL,normal,OD,.tif,0.0005938109825365245
NORMAL/59/028_Normal.tif,NORMAL-059,val,NORMAL,normal,OD,.tif,0.0005610146909020841
NORMAL/59/029_Normal.tif,NORMAL-059,val,NORMAL,normal,OD,.tif,0.0005885231075808406
NORMAL/59/030_Normal.tif,NORMAL-059,val,NORMAL,normal,OD,.tif,0.0006083508487790823
NORMAL/63/000_Normal.tif,NORMAL-063,val,NORMAL,normal,OS,.tif,0.0011392799206078053
NORMAL/63/001_Normal.tif,NORMAL-063,val,NORMAL,normal,OS,.tif,0.001062185619957745
NORMAL/63/002_Normal.tif,NORMAL-063,val,NORMAL,normal,OS,.tif,0.0010220902040600777
NORMAL/63/003_Normal.tif,NORMAL-063,val,NORMAL,normal,OS,.tif,0.0009954209672287107
NORMAL/63/004_Normal.tif,NORMAL-063,val,NORMAL,normal,OS,.tif,0.0009242522064596415
NORMAL/63/005_Normal.tif,NORMAL-063,val,NORMAL,normal,OS,.tif,0.0009364160359837115
NORMAL/63/006_Normal.tif,NORMAL-063,val,NORMAL,normal,OS,.tif,0.0009605903178453445
NORMAL/63/007_Normal.tif,NORMAL-063,val,NORMAL,normal,OS,.tif,0.0009022323065437376
NORMAL/63/008_Normal.tif,NORMAL-063,val,NORMAL,normal,OS,.tif,0.000895043252967298
NORMAL/63/009_Normal.tif,NORMAL-063,val,NORMAL,normal,OS,.tif,0.0009323537233285606
NORMAL/63/010_Normal.tif,NORMAL-063,val,NORMAL,normal,OS,.tif,0.0009114734712056816
NORMAL/63/011_Normal.tif,NORMAL-063,val,NORMAL,normal,OS,.tif,0.000870849471539259
NORMAL/63/012_Normal.tif,NORMAL-063,val,NORMAL,normal,OS,.tif,0.0008701637852936983
NORMAL/63/013_Normal.tif,NORMAL-063,val,NORMAL,normal,OS,.tif,0.0008284522336907685
NORMAL/63/014_Normal.tif,NORMAL-063,val,NORMAL,normal,OS,.tif,0.0008208815124817193
NORMAL/63/015_Normal.tif,NORMAL-063,val,NORMAL,normal,OS,.tif,0.0008964102016761899
NORMAL/63/016_Normal.tif,NORMAL-063,val,NORMAL,normal,OS,.tif,0.0007744950708001852
NORMAL/63/017_Normal.tif,NORMAL-063,val,NORMAL,normal,OS,.tif,0.0009463452151976526
NORMAL/63/018_Normal.tif,NORMAL-063,val,NORMAL,normal,OS,.tif,0.0010508295381441712
NORMAL/63/019_Normal.tif,NORMAL-063,val,NORMAL,normal,OS,.tif,0.0010032588616013527
NORMAL/63/020_Normal.tif,NORMAL-063,val,NORMAL,normal,OS,.tif,0.0010342648020014167
NORMAL/63/021_Normal.tif,NORMAL-063,val,NORMAL,normal,OS,.tif,0.0009781800908967853
NORMAL/63/022_Normal.tif,NORMAL-063,val,NORMAL,normal,OS,.tif,0.0009615904418751597
NORMAL/63/023_Normal.tif,NORMAL-063,val,NORMAL,normal,OS,.tif,0.0009312391048297286
NORMAL/63/024_Normal.tif,NORMAL-063,val,NORMAL,normal,OS,.tif,0.0009305787971243262
NORMAL/63/025_Normal.tif,NORMAL-063,val,NORMAL,normal,OS,.tif,0.0009025244507938623
NORMAL/63/026_Normal.tif,NORMAL-063,val,NORMAL,normal,OS,.tif,0.0009973053820431232
NORMAL/63/027_Normal.tif,NORMAL-063,val,NORMAL,normal,OS,.tif,0.0009345276048406959
NORMAL/63/028_Normal.tif,NORMAL-063,val,NORMAL,normal,OS,.tif,0.0009523152257315814
NORMAL/63/029_Normal.tif,NORMAL-063,val,NORMAL,normal,OS,.tif,0.0009719561785459518
NORMAL/63/030_Normal.tif,NORMAL-063,val,NORMAL,normal,OS,.tif,0.000993583002127707
NORMAL/68/000_Normal.tif,NORMAL-068,val,NORMAL,normal,OD,.tif,0.001332326210103929
NORMAL/68/001_Normal.tif,NORMAL-068,val,NORMAL,normal,OD,.tif,0.0011209896765649319
NORMAL/68/002_Normal.tif,NORMAL-068,val,NORMAL,normal,OD,.tif,0.0011710128746926785
NORMAL/68/003_Normal.tif,NORMAL-068,val,NORMAL,normal,OD,.tif,0.0013815973652526736
NORMAL/68/004_Normal.tif,NORMAL-068,val,NORMAL,normal,OD,.tif,0.001218679128214717
NORMAL/68/005_Normal.tif,NORMAL-068,val,NORMAL,normal,OD,.tif,0.0013353716349229217
NORMAL/68/006_Normal.tif,NORMAL-068,val,NORMAL,normal,OD,.tif,0.0013413344277068973
NORMAL/68/007_Normal.tif,NORMAL-068,val,NORMAL,normal,OD,.tif,0.0014544831356033683
NORMAL/68/008_Normal.tif,NORMAL-068,val,NORMAL,normal,OD,.tif,0.0015155302826315165
NORMAL/68/009_Normal.tif,NORMAL-068,val,NORMAL,normal,OD,.tif,0.0014035414205864072
NORMAL/68/010_Normal.tif,NORMAL-068,val,NORMAL,normal,OD,.tif,0.0013673858484253287
NORMAL/68/011_Normal.tif,NORMAL-068,val,NORMAL,normal,OD,.tif,0.001357732224278152
NORMAL/68/012_Normal.tif,NORMAL-068,val,NORMAL,normal,OD,.tif,0.0014020835515111685
NORMAL/68/013_Normal.tif,NORMAL-068,val,NORMAL,normal,OD,.tif,0.0012719702208414674
NORMAL/68/014_Normal.tif,NORMAL-068,val,NORMAL,normal,OD,.tif,0.0012485961196944118
NORMAL/68/015_Normal.tif,NORMAL-068,val,NORMAL,normal,OD,.tif,0.0011687909718602896
NORMAL/68/016_Normal.tif,NORMAL-068,val,NORMAL,normal,OD,.tif,0.0010842777555808425
NORMAL/68/017_Normal.tif,NORMAL-068,val,NORMAL,normal,OD,.tif,0.0008936482481658459
NORMAL/68/018_Normal.tif,NORMAL-068,val,NORMAL,normal,OD,.tif,0.0010129169095307589
NORMAL/68/019_Normal.tif,NORMAL-068,val,NORMAL,normal,OD,.tif,0.0007760126027278602
NORMAL/68/020_Normal.tif,NORMAL-068,val,NORMAL,normal,OD,.tif,0.000766162178479135
NORMAL/68/021_Normal.tif,NORMAL-068,val,NORMAL,normal,OD,.tif,0.0008509574108757079
NORMAL/68/022_Normal.tif,NORMAL-068,val,NORMAL,normal,OD,.tif,0.0007288183551281691
NORMAL/68/023_Normal.tif,NORMAL-068,val,NORMAL,normal,OD,.tif,0.0007339218864217401
NORMAL/68/024_Normal.tif,NORMAL-068,val,NORMAL,normal,OD,.tif,0.0008484404534101486
NORMAL/68/025_Normal.tif,NORMAL-068,val,NORMAL,normal,OD,.tif,0.0006536964210681617
NORMAL/68/026_Normal.tif,NORMAL-068,val,NORMAL,normal,OD,.tif,0.0007520162616856396
NORMAL/68/027_Normal.tif,NORMAL-068,val,NORMAL,normal,OD,.tif,0.0006724077393300831
NORMAL/68/028_Normal.tif,NORMAL-068,val,NORMAL,normal,OD,.tif,0.0008580363937653601
NORMAL/68/029_Normal.tif,NORMAL-068,val,NORMAL,normal,OD,.tif,0.0009570812107995152
NORMAL/68/030_Normal.tif,NORMAL-068,val,NORMAL,normal,OD,.tif,0.0008653430850245059
NORMAL/75/OD/000_Normal.tif,NORMAL-075,val,NORMAL,normal,OD,.tif,0.0006834201049059629
NORMAL/75/OD/001_Normal.tif,NORMAL-075,val,NORMAL,normal,OD,.tif,0.0006224665557965636
NORMAL/75/OD/002_Normal.tif,NORMAL-075,val,NORMAL,normal,OD,.tif,0.0006417969707399607
NORMAL/75/OD/003_Normal.tif,NORMAL-075,val,NORMAL,normal,OD,.tif,0.0006918016006238759
NORMAL/75/OD/004_Normal.tif,NORMAL-075,val,NORMAL,normal,OD,.tif,0.0006748761516064405
NORMAL/75/OD/005_Normal.tif,NORMAL-075,val,NORMAL,normal,OD,.tif,0.0006865456234663725
NORMAL/75/OD/006_Normal.tif,NORMAL-075,val,NORMAL,normal,OD,.tif,0.0006747663719579577
NORMAL/75/OD/007_Normal.tif,NORMAL-075,val,NORMAL,normal,OD,.tif,0.0006916685379110277
NORMAL/75/OD/008_Normal.tif,NORMAL-075,val,NORMAL,normal,OD,.tif,0.0006814274820499122
NORMAL/75/OD/009_Normal.tif,NORMAL-075,val,NORMAL,normal,OD,.tif,0.0006790670449845493
NORMAL/75/OD/010_Normal.tif,NORMAL-075,val,NORMAL,normal,OD,.tif,0.0006455738912336528
NORMAL/75/OD/011_Normal.tif,NORMAL-075,val,NORMAL,normal,OD,.tif,0.0006521942559629679
NORMAL/75/OD/012_Normal.tif,NORMAL-075,val,NORMAL,normal,OD,.tif,0.0006388006149791181
NORMAL/75/OD/013_Normal.tif,NORMAL-075,val,NORMAL,normal,OD,.tif,0.0006460873992182314
NORMAL/75/OD/014_Normal.tif,NORMAL-075,val,NORMAL,normal,OD,.tif,0.0006761144613847136
NORMAL/75/OD/015_Normal.tif,NORMAL-075,val,NORMAL,normal,OD,.tif,0.000661214638967067
NORMAL/75/OD/016_Normal.tif,NORMAL-075,val,NORMAL,normal,OD,.tif,0.000645251537207514
NORMAL/75/OD/017_Normal.tif,NORMAL-075,val,NORMAL,normal,OD,.tif,0.0006440227152779698
NORMAL/75/OD/018_Normal.tif,NORMAL-075,val,NORMAL,normal,OD,.tif,0.0006475764675997198
NORMAL/75/OD/019_Normal.tif,NORMAL-075,val,NORMAL,normal,OD,.tif,0.0006157390307635069
NORMAL/75/OD/020_Normal.tif,NORMAL-075,val,NORMAL,normal,OD,.tif,0.0006025447510182858
NORMAL/75/OD/021_Normal.tif,NORMAL-075,val,NORMAL,normal,OD,.tif,0.000560092565137893
NORMAL/75/OD/022_Normal.tif,NORMAL-075,val,NORMAL,normal,OD,.tif,0.0005773331504315138
NORMAL/75/OD/023_Normal.tif,NORMAL-075,val,NORMAL,normal,OD,.tif,0.0005819166544824839
NORMAL/75/OD/024_Normal.tif,NORMAL-075,val,NORMAL,normal,OD,.tif,0.0006520756869576871
NORMAL/75/OD/025_Normal.tif,NORMAL-075,val,NORMAL,normal,OD,.tif,0.0006030487129464746
NORMAL/75/OD/026_Normal.tif,NORMAL-075,val,NORMAL,normal,OD,.tif,0.0006079488666728139
NORMAL/75/OD/027_Normal.tif,NORMAL-075,val,NORMAL,normal,OD,.tif,0.0007124192779883742
NORMAL/75/OD/028_Normal.tif,NORMAL-075,val,NORMAL,normal,OD,.tif,0.0006285070558078587
NORMAL/75/OD/029_Normal.tif,NORMAL-075,val,NORMAL,normal,OD,.tif,0.0006929532391950488
NORMAL/75/OD/030_Normal.tif,NORMAL-075,val,NORMAL,normal,OD,.tif,0.0007352521643042564
NORMAL/75/OS/000_Normal.tif,NORMAL-075,val,NORMAL,normal,OS,.tif,0.001551553257741034
NORMAL/75/OS/001_Normal.tif,NORMAL-075,val,NORMAL,normal,OS,.tif,0.0011566831963136792
NORMAL/75/OS/002_Normal.tif,NORMAL-075,val,NORMAL,normal,OS,.tif,0.0011096518719568849
NORMAL/75/OS/003_Normal.tif,NORMAL-075,val,NORMAL,normal,OS,.tif,0.001125682843849063
NORMAL/75/OS/004_Normal.tif,NORMAL-075,val,NORMAL,normal,OS,.tif,0.0009998007444664836
NORMAL/75/OS/005_Normal.tif,NORMAL-075,val,NORMAL,normal,OS,.tif,0.0009621644858270884
NORMAL/75/OS/006_Normal.tif,NORMAL-075,val,NORMAL,normal,OS,.tif,0.0009159187902696431
NORMAL/75/OS/007_Normal.tif,NORMAL-075,val,NORMAL,normal,OS,.tif,0.0008377213962376118
NORMAL/75/OS/008_Normal.tif,NORMAL-075,val,NORMAL,normal,OS,.tif,0.0007395640714094043
NORMAL/75/OS/009_Normal.tif,NORMAL-075,val,NORMAL,normal,OS,.tif,0.000628269393928349
NORMAL/75/OS/010_Normal.tif,NORMAL-075,val,NORMAL,normal,OS,.tif,0.0008077594102360308
NORMAL/75/OS/011_Normal.tif,NORMAL-075,val,NORMAL,normal,OS,.tif,0.0007652323693037033
NORMAL/75/OS/012_Normal.tif,NORMAL-075,val,NORMAL,normal,OS,.tif,0.0008184878970496356
NORMAL/75/OS/013_Normal.tif,NORMAL-075,val,NORMAL,normal,OS,.tif,0.0007648244500160217
NORMAL/75/OS/014_Normal.tif,NORMAL-075,val,NORMAL,normal,OS,.tif,0.0007532968884333968
NORMAL/75/OS/015_Normal.tif,NORMAL-075,val,NORMAL,normal,OS,.tif,0.0006991245318204165
NORMAL/75/OS/016_Normal.tif,NORMAL-075,val,NORMAL,normal,OS,.tif,0.0006997737218625844
NORMAL/75/OS/017_Normal.tif,NORMAL-075,val,NORMAL,normal,OS,.tif,0.000718990690074861
NORMAL/75/OS/018_Normal.tif,NORMAL-075,val,NORMAL,normal,OS,.tif,0.0006012303056195378
NORMAL/75/OS/019_Normal.tif,NORMAL-075,val,NORMAL,normal,OS,.tif,0.0006575476145371795
NORMAL/75/OS/020_Normal.tif,NORMAL-075,val,NORMAL,normal,OS,.tif,0.0007182341068983078
NORMAL/75/OS/021_Normal.tif,NORMAL-075,val,NORMAL,normal,OS,.tif,0.0007051441352814436
NORMAL/75/OS/022_Normal.tif,NORMAL-075,val,NORMAL,normal,OS,.tif,0.0007144387345761061
NORMAL/75/OS/023_Normal.tif,NORMAL-075,val,NORMAL,normal,OS,.tif,0.0006571196136064827
NORMAL/75/OS/024_Normal.tif,NORMAL-075,val,NORMAL,normal,OS,.tif,0.0007187636801972985
NORMAL/75/OS/025_Normal.tif,NORMAL-075,val,NORMAL,normal,OS,.tif,0.0007104963879100978
NORMAL/75/OS/026_Normal.tif,NORMAL-075,val,NORMAL,normal,OS,.tif,0.0006851768703199923
NORMAL/75/OS/027_Normal.tif,NORMAL-075,val,NORMAL,normal,OS,.tif,0.0006665729451924562
NORMAL/75/OS/028_Normal.tif,NORMAL-075,val,NORMAL,normal,OS,.tif,0.0007258258410729468
NORMAL/75/OS/029_Normal.tif,NORMAL-075,val,NORMAL,normal,OS,.tif,0.0008565885364077985
NORMAL/75/OS/030_Normal.tif,NORMAL-075,val,NORMAL,normal,OS,.tif,0.0009739581146277487
NORMAL/91/000_Normal.tif,NORMAL-091,val,NORMAL,normal,OS,.tif,0.001170825446024537
NORMAL/91/001_Normal.tif,NORMAL-091,val,NORMAL,normal,OS,.tif,0.0010344317415729165
NORMAL/91/002_Normal.tif,NORMAL-091,val,NORMAL,normal,OS,.tif,0.0010403121123090386
NORMAL/91/003_Normal.tif,NORMAL-091,val,NORMAL,normal,OS,.tif,0.0010963742388412356
NORMAL/91/004_Normal.tif,NORMAL-091,val,NORMAL,normal,OS,.tif,0.0010346036870032549
NORMAL/91/005_Normal.tif,NORMAL-091,val,NORMAL,normal,OS,.tif,0.0010045758681371808
NORMAL/91/006_Normal.tif,NORMAL-091,val,NORMAL,normal,OS,.tif,0.0008567500626668334
NORMAL/91/007_Normal.tif,NORMAL-091,val,NORMAL,normal,OS,.tif,0.0008693481213413179
NORMAL/91/008_Normal.tif,NORMAL-091,val,NORMAL,normal,OS,.tif,0.0009236391633749008
NORMAL/91/009_Normal.tif,NORMAL-091,val,NORMAL,normal,OS,.tif,0.0009493861580267549
NORMAL/91/010_Normal.tif,NORMAL-091,val,NORMAL,normal,OS,.tif,0.0009430024074390531
NORMAL/91/011_Normal.tif,NORMAL-091,val,NORMAL,normal,OS,.tif,0.0008687635418027639
NORMAL/91/012_Normal.tif,NORMAL-091,val,NORMAL,normal,OS,.tif,0.0008719291654415429
NORMAL/91/013_Normal.tif,NORMAL-091,val,NORMAL,normal,OS,.tif,0.0009031909867189825
NORMAL/91/014_Normal.tif,NORMAL-091,val,NORMAL,normal,OS,.tif,0.0009906189516186714
NORMAL/91/015_Normal.tif,NORMAL-091,val,NORMAL,normal,OS,.tif,0.0010062303626909852
NORMAL/91/016_Normal.tif,NORMAL-091,val,NORMAL,normal,OS,.tif,0.001018459559418261
NORMAL/91/017_Normal.tif,NORMAL-091,val,NORMAL,normal,OS,.tif,0.0010359749430790544
NORMAL/91/018_Normal.tif,NORMAL-091,val,NORMAL,normal,OS,.tif,0.0011541511630639434
NORMAL/91/019_Normal.tif,NORMAL-091,val,NORMAL,normal,OS,.tif,0.0012538294540718198
NORMAL/91/020_Normal.tif,NORMAL-091,val,NORMAL,normal,OS,.tif,0.0010011275298893452
NORMAL/91/021_Normal.tif,NORMAL-091,val,NORMAL,normal,OS,.tif,0.0011350209824740887
NORMAL/91/022_Normal.tif,NORMAL-091,val,NORMAL,normal,OS,.tif,0.0009307335130870342
NORMAL/91/023_Normal.tif,NORMAL-091,val,NORMAL,normal,OS,.tif,0.0010669543407857418
NORMAL/91/024_Normal.tif,NORMAL-091,val,NORMAL,normal,OS,.tif,0.0011475563514977694
NORMAL/101/OD/000_Normal.tif,NORMAL-101,val,NORMAL,normal,OD,.tif,0.0007957560592330992
NORMAL/101/OD/001_Normal.tif,NORMAL-101,val,NORMAL,normal,OD,.tif,0.0007246887544170022
NORMAL/101/OD/002_Normal.tif,NORMAL-101,val,NORMAL,normal,OD,.tif,0.000669886008836329
NORMAL/101/OD/003_Normal.tif,NORMAL-101,val,NORMAL,normal,OD,.tif,0.000683149672113359
NORMAL/101/OD/004_Normal.tif,NORMAL-101,val,NORMAL,normal,OD,.tif,0.0006794490036554635
NORMAL/101/OD/005_Normal.tif,NORMAL-101,val,NORMAL,normal,OD,.tif,0.0006496327696368098
NORMAL/101/OD/006_Normal.tif,NORMAL-101,val,NORMAL,normal,OD,.tif,0.0008202874450944364
NORMAL/101/OD/007_Normal.tif,NORMAL-101,val,NORMAL,normal,OD,.tif,0.0004933828604407609
NORMAL/101/OD/008_Normal.tif,NORMAL-101,val,NORMAL,normal,OD,.tif,0.00048084804438985884
NORMAL/101/OD/009_Normal.tif,NORMAL-101,val,NORMAL,normal,OD,.tif,0.0005144070601090789
NORMAL/101/OD/010_Normal.tif,NORMAL-101,val,NORMAL,normal,OD,.tif,0.0005919646355323493
NORMAL/101/OD/011_Normal.tif,NORMAL-101,val,NORMAL,normal,OD,.tif,0.0005343406810425222
NORMAL/101/OD/012_Normal.tif,NORMAL-101,val,NORMAL,normal,OD,.tif,0.0005264553474262357
NORMAL/101/OD/013_Normal.tif,NORMAL-101,val,NORMAL,normal,OD,.tif,0.0005838872166350484
NORMAL/101/OD/014_Normal.tif,NORMAL-101,val,NORMAL,normal,OD,.tif,0.0005758469342254102
NORMAL/101/OD/015_Normal.tif,NORMAL-101,val,NORMAL,normal,OD,.tif,0.0004839717876166105
NORMAL/101/OD/016_Normal.tif,NORMAL-101,val,NORMAL,normal,OD,.tif,0.0004619583487510681
NORMAL/101/OD/017_Normal.tif,NORMAL-101,val,NORMAL,normal,OD,.tif,0.0006048752111382782
NORMAL/101/OD/018_Normal.tif,NORMAL-101,val,NORMAL,normal,OD,.tif,0.00048107473412528634
NORMAL/101/OD/019_Normal.tif,NORMAL-101,val,NORMAL,normal,OD,.tif,0.00048363363021053374
NORMAL/101/OD/020_Normal.tif,NORMAL-101,val,NORMAL,normal,OD,.tif,0.0005768887349404395
NORMAL/101/OD/021_Normal.tif,NORMAL-101,val,NORMAL,normal,OD,.tif,0.0007025198428891599
NORMAL/101/OD/022_Normal.tif,NORMAL-101,val,NORMAL,normal,OD,.tif,0.0007225984008982778
NORMAL/101/OD/023_Normal.tif,NORMAL-101,val,NORMAL,normal,OD,.tif,0.0007398754241876304
NORMAL/101/OD/024_Normal.tif,NORMAL-101,val,NORMAL,normal,OD,.tif,0.0007191581535153091
NORMAL/101/OD/025_Normal.tif,NORMAL-101,val,NORMAL,normal,OD,.tif,0.0006547704106196761
NORMAL/101/OD/026_Normal.tif,NORMAL-101,val,NORMAL,normal,OD,.tif,0.0006695727934129536
NORMAL/101/OD/027_Normal.tif,NORMAL-101,val,NORMAL,normal,OD,.tif,0.0007152808248065412
NORMAL/101/OD/028_Normal.tif,NORMAL-101,val,NORMAL,normal,OD,.tif,0.0006010373472236097
NORMAL/101/OD/029_Normal.tif,NORMAL-101,val,NORMAL,normal,OD,.tif,0.0007206029840745032
NORMAL/101/OD/030_Normal.tif,NORMAL-101,val,NORMAL,normal,OD,.tif,0.0006891877856105566
NORMAL/101/OS/000_Normal.tif,NORMAL-101,val,NORMAL,normal,OS,.tif,0.0008462991681881249
NORMAL/101/OS/001_Normal.tif,NORMAL-101,val,NORMAL,normal,OS,.tif,0.0007270292262546718
NORMAL/101/OS/002_Normal.tif,NORMAL-101,val,NORMAL,normal,OS,.tif,0.0007117621717043221
NORMAL/101/OS/003_Normal.tif,NORMAL-101,val,NORMAL,normal,OS,.tif,0.0006589363911189139
NORMAL/101/OS/004_Normal.tif,NORMAL-101,val,NORMAL,normal,OS,.tif,0.0006622826331295073
NORMAL/101/OS/005_Normal.tif,NORMAL-101,val,NORMAL,normal,OS,.tif,0.0007105927215889096
NORMAL/101/OS/006_Normal.tif,NORMAL-101,val,NORMAL,normal,OS,.tif,0.0008279207977466285
NORMAL/101/OS/007_Normal.tif,NORMAL-101,val,NORMAL,normal,OS,.tif,0.0007644485449418426
NORMAL/101/OS/008_Normal.tif,NORMAL-101,val,NORMAL,normal,OS,.tif,0.0007502069347538054
NORMAL/101/OS/009_Normal.tif,NORMAL-101,val,NORMAL,normal,OS,.tif,0.0007735327817499638
NORMAL/101/OS/010_Normal.tif,NORMAL-101,val,NORMAL,normal,OS,.tif,0.0006332019111141562
NORMAL/101/OS/011_Normal.tif,NORMAL-101,val,NORMAL,normal,OS,.tif,0.0006136386073194444
NORMAL/101/OS/012_Normal.tif,NORMAL-101,val,NORMAL,normal,OS,.tif,0.0005723596550524235
NORMAL/101/OS/013_Normal.tif,NORMAL-101,val,NORMAL,normal,OS,.tif,0.0005810055881738663
NORMAL/101/OS/014_Normal.tif,NORMAL-101,val,NORMAL,normal,OS,.tif,0.0005244003841653466
NORMAL/101/OS/015_Normal.tif,NORMAL-101,val,NORMAL,normal,OS,.tif,0.0006053091492503881
NORMAL/101/OS/016_Normal.tif,NORMAL-101,val,NORMAL,normal,OS,.tif,0.0005037483642809093
NORMAL/101/OS/017_Normal.tif,NORMAL-101,val,NORMAL,normal,OS,.tif,0.0004883379442617297
NORMAL/101/OS/018_Normal.tif,NORMAL-101,val,NORMAL,normal,OS,.tif,0.0005445149727165699
NORMAL/101/OS/019_Normal.tif,NORMAL-101,val,NORMAL,normal,OS,.tif,0.0005275637959130108
NORMAL/101/OS/020_Normal.tif,NORMAL-101,val,NORMAL,normal,OS,.tif,0.0005685841315425932
NORMAL/101/OS/021_Normal.tif,NORMAL-101,val,NORMAL,normal,OS,.tif,0.0004440555057954043
NORMAL/101/OS/022_Normal.tif,NORMAL-101,val,NORMAL,normal,OS,.tif,0.0005025079008191824
NORMAL/101/OS/023_Normal.tif,NORMAL-101,val,NORMAL,normal,OS,.tif,0.0004941046354360878
NORMAL/101/OS/024_Normal.tif,NORMAL-101,val,NORMAL,normal,OS,.tif,0.00042698183096945286
NORMAL/101/OS/025_Normal.tif,NORMAL-101,val,NORMAL,normal,OS,.tif,0.00047931986046023667
NORMAL/101/OS/026_Normal.tif,NORMAL-101,val,NORMAL,normal,OS,.tif,0.0004532145394477993
NORMAL/101/OS/027_Normal.tif,NORMAL-101,val,NORMAL,normal,OS,.tif,0.00048606222844682634
NORMAL/101/OS/028_Normal.tif,NORMAL-101,val,NORMAL,normal,OS,.tif,0.00046544894576072693
NORMAL/101/OS/029_Normal.tif,NORMAL-101,val,NORMAL,normal,OS,.tif,0.0005979592679068446
NORMAL/101/OS/030_Normal.tif,NORMAL-101,val,NORMAL,normal,OS,.tif,0.0006085893255658448
NORMAL/107/OD/000_Normal.tif,NORMAL-107,val,NORMAL,normal,OD,.tif,0.0008064467110671103
NORMAL/107/OD/001_Normal.tif,NORMAL-107,val,NORMAL,normal,OD,.tif,0.0008995974785648286
NORMAL/107/OD/002_Normal.tif,NORMAL-107,val,NORMAL,normal,OD,.tif,0.0008672064868733287
NORMAL/107/OD/003_Normal.tif,NORMAL-107,val,NORMAL,normal,OD,.tif,0.0009504234767518938
NORMAL/107/OD/004_Normal.tif,NORMAL-107,val,NORMAL,normal,OD,.tif,0.0007754992111586034
NORMAL/107/OD/005_Normal.tif,NORMAL-107,val,NORMAL,normal,OD,.tif,0.0008286723168566823
NORMAL/107/OD/006_Normal.tif,NORMAL-107,val,NORMAL,normal,OD,.tif,0.0009518555016256869
NORMAL/107/OD/007_Normal.tif,NORMAL-107,val,NORMAL,normal,OD,.tif,0.0007882908685132861
NORMAL/107/OD/008_Normal.tif,NORMAL-107,val,NORMAL,normal,OD,.tif,0.0007847137749195099
NORMAL/107/OD/009_Normal.tif,NORMAL-107,val,NORMAL,normal,OD,.tif,0.000787285272963345
NORMAL/107/OD/010_Normal.tif,NORMAL-107,val,NORMAL,normal,OD,.tif,0.0007731909863650799
NORMAL/107/OD/011_Normal.tif,NORMAL-107,val,NORMAL,normal,OD,.tif,0.0008417810895480216
NORMAL/107/OD/012_Normal.tif,NORMAL-107,val,NORMAL,normal,OD,.tif,0.0007858604658395052
NORMAL/107/OD/013_Normal.tif,NORMAL-107,val,NORMAL,normal,OD,.tif,0.0006312171462923288
NORMAL/107/OD/014_Normal.tif,NORMAL-107,val,NORMAL,normal,OD,.tif,0.000711998320184648
NORMAL/107/OD/015_Normal.tif,NORMAL-107,val,NORMAL,normal,OD,.tif,0.0006693634786643088
NORMAL/107/OD/016_Normal.tif,NORMAL-107,val,NORMAL,normal,OD,.tif,0.0007316208211705089
NORMAL/107/OD/017_Normal.tif,NORMAL-107,val,NORMAL,normal,OD,.tif,0.0007081179064698517
NORMAL/107/OD/018_Normal.tif,NORMAL-107,val,NORMAL,normal,OD,.tif,0.0007593423360958695
NORMAL/107/OD/019_Normal.tif,NORMAL-107,val,NORMAL,normal,OD,.tif,0.0007132049649953842
NORMAL/107/OD/020_Normal.tif,NORMAL-107,val,NORMAL,normal,OD,.tif,0.0006914244149811566
NORMAL/107/OD/021_Normal.tif,NORMAL-107,val,NORMAL,normal,OD,.tif,0.0007018811884336174
NORMAL/107/OD/022_Normal.tif,NORMAL-107,val,NORMAL,normal,OD,.tif,0.0007445267983712256
NORMAL/107/OD/023_Normal.tif,NORMAL-107,val,NORMAL,normal,OD,.tif,0.0007306193001568317
NORMAL/107/OD/024_Normal.tif,NORMAL-107,val,NORMAL,normal,OD,.tif,0.000755939690861851
NORMAL/107/OD/025_Normal.tif,NORMAL-107,val,NORMAL,normal,OD,.tif,0.000677255040500313
NORMAL/107/OD/026_Normal.tif,NORMAL-107,val,NORMAL,normal,OD,.tif,0.0006928370567038655
NORMAL/107/OD/027_Normal.tif,NORMAL-107,val,NORMAL,normal,OD,.tif,0.000620936625637114
NORMAL/107/OD/028_Normal.tif,NORMAL-107,val,NORMAL,normal,OD,.tif,0.0005929482285864651
NORMAL/107/OD/029_Normal.tif,NORMAL-107,val,NORMAL,normal,OD,.tif,0.0006107072695158422
NORMAL/107/OD/030_Normal.tif,NORMAL-107,val,NORMAL,normal,OD,.tif,0.0006415874231606722
NORMAL/107/OS/000_Normal.tif,NORMAL-107,val,NORMAL,normal,OS,.tif,0.0006780982366763055
NORMAL/107/OS/001_Normal.tif,NORMAL-107,val,NORMAL,normal,OS,.tif,0.0007072355365380645
NORMAL/107/OS/002_Normal.tif,NORMAL-107,val,NORMAL,normal,OS,.tif,0.0006445795297622681
NORMAL/107/OS/003_Normal.tif,NORMAL-107,val,NORMAL,normal,OS,.tif,0.0006668172427453101
NORMAL/107/OS/004_Normal.tif,NORMAL-107,val,NORMAL,normal,OS,.tif,0.0006193523295223713
NORMAL/107/OS/005_Normal.tif,NORMAL-107,val,NORMAL,normal,OS,.tif,0.0006089700618758798
NORMAL/107/OS/006_Normal.tif,NORMAL-107,val,NORMAL,normal,OS,.tif,0.0005745012313127518
NORMAL/107/OS/007_Normal.tif,NORMAL-107,val,NORMAL,normal,OS,.tif,0.0006930467789061368
NORMAL/107/OS/008_Normal.tif,NORMAL-107,val,NORMAL,normal,OS,.tif,0.0007999418303370476
NORMAL/107/OS/009_Normal.tif,NORMAL-107,val,NORMAL,normal,OS,.tif,0.0007165620336309075
NORMAL/107/OS/010_Normal.tif,NORMAL-107,val,NORMAL,normal,OS,.tif,0.0006763957208022475
NORMAL/107/OS/011_Normal.tif,NORMAL-107,val,NORMAL,normal,OS,.tif,0.0005835812771692872
NORMAL/107/OS/012_Normal.tif,NORMAL-107,val,NORMAL,normal,OS,.tif,0.0006970460526645184
NORMAL/107/OS/013_Normal.tif,NORMAL-107,val,NORMAL,normal,OS,.tif,0.0006789729231968522
NORMAL/107/OS/014_Normal.tif,NORMAL-107,val,NORMAL,normal,OS,.tif,0.0006508368533104658
NORMAL/107/OS/015_Normal.tif,NORMAL-107,val,NORMAL,normal,OS,.tif,0.0007050403510220349
NORMAL/107/OS/016_Normal.tif,NORMAL-107,val,NORMAL,normal,OS,.tif,0.0006504372577182949
NORMAL/107/OS/017_Normal.tif,NORMAL-107,val,NORMAL,normal,OS,.tif,0.0007465506205335259
NORMAL/107/OS/018_Normal.tif,NORMAL-107,val,NORMAL,normal,OS,.tif,0.0007359602604992688
NORMAL/107/OS/019_Normal.tif,NORMAL-107,val,NORMAL,normal,OS,.tif,0.0006718392833136022
NORMAL/107/OS/020_Normal.tif,NORMAL-107,val,NORMAL,normal,OS,.tif,0.0008224838529713452
NORMAL/107/OS/021_Normal.tif,NORMAL-107,val,NORMAL,normal,OS,.tif,0.000799350964371115
NORMAL/107/OS/022_Normal.tif,NORMAL-107,val,NORMAL,normal,OS,.tif,0.0008198858704417944
NORMAL/107/OS/023_Normal.tif,NORMAL-107,val,NORMAL,normal,OS,.tif,0.0008081886335276067
NORMAL/107/OS/024_Normal.tif,NORMAL-107,val,NORMAL,normal,OS,.tif,0.0006734184571541846
NORMAL/107/OS/025_Normal.tif,NORMAL-107,val,NORMAL,normal,OS,.tif,0.0007069900166243315
NORMAL/107/OS/026_Normal.tif,NORMAL-107,val,NORMAL,normal,OS,.tif,0.0006163836224004626
NORMAL/107/OS/027_Normal.tif,NORMAL-107,val,NORMAL,normal,OS,.tif,0.0007038414478302002
NORMAL/107/OS/028_Normal.tif,NORMAL-107,val,NORMAL,normal,OS,.tif,0.0007330045336857438
NORMAL/107/OS/029_Normal.tif,NORMAL-107,val,NORMAL,normal,OS,.tif,0.0005978486151434481
NORMAL/107/OS/030_Normal.tif,NORMAL-107,val,NORMAL,normal,OS,.tif,0.0006038802093826234
NORMAL/109/OD/000_Normal.tif,NORMAL-109,val,NORMAL,normal,OD,.tif,0.0007220574771054089
NORMAL/109/OD/001_Normal.tif,NORMAL-109,val,NORMAL,normal,OD,.tif,0.0006441992591135204
NORMAL/109/OD/002_Normal.tif,NORMAL-109,val,NORMAL,normal,OD,.tif,0.0007620292599312961
NORMAL/109/OD/003_Normal.tif,NORMAL-109,val,NORMAL,normal,OD,.tif,0.0007470007985830307
NORMAL/109/OD/004_Normal.tif,NORMAL-109,val,NORMAL,normal,OD,.tif,0.000712632667273283
NORMAL/109/OD/005_Normal.tif,NORMAL-109,val,NORMAL,normal,OD,.tif,0.000725924561265856
NORMAL/109/OD/006_Normal.tif,NORMAL-109,val,NORMAL,normal,OD,.tif,0.000632988871075213
NORMAL/109/OD/007_Normal.tif,NORMAL-109,val,NORMAL,normal,OD,.tif,0.0006543495110236108
NORMAL/109/OD/008_Normal.tif,NORMAL-109,val,NORMAL,normal,OD,.tif,0.0007100954535417259
NORMAL/109/OD/009_Normal.tif,NORMAL-109,val,NORMAL,normal,OD,.tif,0.0005850267480127513
NORMAL/109/OD/010_Normal.tif,NORMAL-109,val,NORMAL,normal,OD,.tif,0.000664255116134882
NORMAL/109/OD/011_Normal.tif,NORMAL-109,val,NORMAL,normal,OD,.tif,0.0007373003172688186
NORMAL/109/OD/012_Normal.tif,NORMAL-109,val,NORMAL,normal,OD,.tif,0.0007247701869346201
NORMAL/109/OD/013_Normal.tif,NORMAL-109,val,NORMAL,normal,OD,.tif,0.0007097202469594777
NORMAL/109/OD/014_Normal.tif,NORMAL-109,val,NORMAL,normal,OD,.tif,0.0006828877958469093
NORMAL/109/OD/015_Normal.tif,NORMAL-109,val,NORMAL,normal,OD,.tif,0.0007265823660418391
NORMAL/109/OD/016_Normal.tif,NORMAL-109,val,NORMAL,normal,OD,.tif,0.0006348632741719484
NORMAL/109/OD/017_Normal.tif,NORMAL-109,val,NORMAL,normal,OD,.tif,0.0006370780756697059
NORMAL/109/OD/018_Normal.tif,NORMAL-109,val,NORMAL,normal,OD,.tif,0.0005291601992212236
NORMAL/109/OD/019_Normal.tif,NORMAL-109,val,NORMAL,normal,OD,.tif,0.0005921220290474594
NORMAL/109/OD/020_Normal.tif,NORMAL-109,val,NORMAL,normal,OD,.tif,0.0007423078641295433
NORMAL/109/OD/021_Normal.tif,NORMAL-109,val,NORMAL,normal,OD,.tif,0.0008184228208847344
NORMAL/109/OD/022_Normal.tif,NORMAL-109,val,NORMAL,normal,OD,.tif,0.0007970310398377478
NORMAL/109/OD/023_Normal.tif,NORMAL-109,val,NORMAL,normal,OD,.tif,0.0008831755258142948
NORMAL/109/OD/024_Normal.tif,NORMAL-109,val,NORMAL,normal,OD,.tif,0.000924531661439687
NORMAL/109/OD/025_Normal.tif,NORMAL-109,val,NORMAL,normal,OD,.tif,0.0009785062866285443
NORMAL/109/OD/026_Normal.tif,NORMAL-109,val,NORMAL,normal,OD,.tif,0.0009305239655077457
NORMAL/109/OD/027_Normal.tif,NORMAL-109,val,NORMAL,normal,OD,.tif,0.0009735764469951391
NORMAL/109/OD/028_Normal.tif,NORMAL-109,val,NORMAL,normal,OD,.tif,0.0009526178473606706
NORMAL/109/OD/029_Normal.tif,NORMAL-109,val,NORMAL,normal,OD,.tif,0.000918153440579772
NORMAL/109/OD/030_Normal.tif,NORMAL-109,val,NORMAL,normal,OD,.tif,0.0008612876990810037
NORMAL/109/OS/000_Normal.tif,NORMAL-109,val,NORMAL,normal,OS,.tif,0.0008857133216224611
NORMAL/109/OS/001_Normal.tif,NORMAL-109,val,NORMAL,normal,OS,.tif,0.0008460668614134192
NORMAL/109/OS/002_Normal.tif,NORMAL-109,val,NORMAL,normal,OS,.tif,0.0008484155405312777
NORMAL/109/OS/003_Normal.tif,NORMAL-109,val,NORMAL,normal,OS,.tif,0.0005195208941586316
NORMAL/109/OS/004_Normal.tif,NORMAL-109,val,NORMAL,normal,OS,.tif,0.0004735646361950785
NORMAL/109/OS/005_Normal.tif,NORMAL-109,val,NORMAL,normal,OS,.tif,0.0004984282422810793
NORMAL/109/OS/006_Normal.tif,NORMAL-109,val,NORMAL,normal,OS,.tif,0.0005394243635237217
NORMAL/109/OS/007_Normal.tif,NORMAL-109,val,NORMAL,normal,OS,.tif,0.0006847595795989037
NORMAL/109/OS/008_Normal.tif,NORMAL-109,val,NORMAL,normal,OS,.tif,0.0007249169866554439
NORMAL/109/OS/009_Normal.tif,NORMAL-109,val,NORMAL,normal,OS,.tif,0.0007527704583480954
NORMAL/109/OS/010_Normal.tif,NORMAL-109,val,NORMAL,normal,OS,.tif,0.0008038064697757363
NORMAL/109/OS/011_Normal.tif,NORMAL-109,val,NORMAL,normal,OS,.tif,0.0007678318652324378
NORMAL/109/OS/012_Normal.tif,NORMAL-109,val,NORMAL,normal,OS,.tif,0.0007184607093222439
NORMAL/109/OS/013_Normal.tif,NORMAL-109,val,NORMAL,normal,OS,.tif,0.0007030813721939921
NORMAL/109/OS/014_Normal.tif,NORMAL-109,val,NORMAL,normal,OS,.tif,0.000630268594250083
NORMAL/109/OS/015_Normal.tif,NORMAL-109,val,NORMAL,normal,OS,.tif,0.0006982869235798717
NORMAL/109/OS/016_Normal.tif,NORMAL-109,val,NORMAL,normal,OS,.tif,0.0008568944758735597
NORMAL/109/OS/017_Normal.tif,NORMAL-109,val,NORMAL,normal,OS,.tif,0.0008712111739441752
NORMAL/109/OS/018_Normal.tif,NORMAL-109,val,NORMAL,normal,OS,.tif,0.0007222074782475829
NORMAL/109/OS/019_Normal.tif,NORMAL-109,val,NORMAL,normal,OS,.tif,0.0008295850129798055
NORMAL/109/OS/020_Normal.tif,NORMAL-109,val,NORMAL,normal,OS,.tif,0.0007582955877296627
NORMAL/109/OS/021_Normal.tif,NORMAL-109,val,NORMAL,normal,OS,.tif,0.0007150163874030113
NORMAL/109/OS/022_Normal.tif,NORMAL-109,val,NORMAL,normal,OS,.tif,0.0007038319017738104
NORMAL/109/OS/023_Normal.tif,NORMAL-109,val,NORMAL,normal,OS,.tif,0.0007022740901447833
NORMAL/109/OS/024_Normal.tif,NORMAL-109,val,NORMAL,normal,OS,.tif,0.0007187648443505168
NORMAL/109/OS/025_Normal.tif,NORMAL-109,val,NORMAL,normal,OS,.tif,0.0007617713417857885
NORMAL/109/OS/026_Normal.tif,NORMAL-109,val,NORMAL,normal,OS,.tif,0.0008186895283870399
NORMAL/109/OS/027_Normal.tif,NORMAL-109,val,NORMAL,normal,OS,.tif,0.0008911016047932208
NORMAL/109/OS/028_Normal.tif,NORMAL-109,val,NORMAL,normal,OS,.tif,0.0009353200439363718
NORMAL/109/OS/029_Normal.tif,NORMAL-109,val,NORMAL,normal,OS,.tif,0.0009076487040147185
NORMAL/109/OS/030_Normal.tif,NORMAL-109,val,NORMAL,normal,OS,.tif,0.0008681585895828903
NORMAL/119/OD/000_Normal.tif,NORMAL-119,val,NORMAL,normal,OD,.tif,0.0008651479729451239
NORMAL/119/OD/001_Normal.tif,NORMAL-119,val,NORMAL,normal,OD,.tif,0.0007190602482296526
NORMAL/119/OD/002_Normal.tif,NORMAL-119,val,NORMAL,normal,OD,.tif,0.0006562605267390609
NORMAL/119/OD/003_Normal.tif,NORMAL-119,val,NORMAL,normal,OD,.tif,0.0008050572359934449
NORMAL/119/OD/004_Normal.tif,NORMAL-119,val,NORMAL,normal,OD,.tif,0.0008551504579372704
NORMAL/119/OD/005_Normal.tif,NORMAL-119,val,NORMAL,normal,OD,.tif,0.0008976217359304428
NORMAL/119/OD/006_Normal.tif,NORMAL-119,val,NORMAL,normal,OD,.tif,0.0009386289748363197
NORMAL/119/OD/007_Normal.tif,NORMAL-119,val,NORMAL,normal,OD,.tif,0.000991614069789648
NORMAL/119/OD/008_Normal.tif,NORMAL-119,val,NORMAL,normal,OD,.tif,0.0009584599756635725
NORMAL/119/OD/009_Normal.tif,NORMAL-119,val,NORMAL,normal,OD,.tif,0.001037181937135756
NORMAL/119/OD/010_Normal.tif,NORMAL-119,val,NORMAL,normal,OD,.tif,0.0010813794797286391
NORMAL/119/OD/011_Normal.tif,NORMAL-119,val,NORMAL,normal,OD,.tif,0.0010351984528824687
NORMAL/119/OD/012_Normal.tif,NORMAL-119,val,NORMAL,normal,OD,.tif,0.0010987872956320643
NORMAL/119/OD/013_Normal.tif,NORMAL-119,val,NORMAL,normal,OD,.tif,0.001021556556224823
NORMAL/119/OD/014_Normal.tif,NORMAL-119,val,NORMAL,normal,OD,.tif,0.0009966519428417087
NORMAL/119/OD/015_Normal.tif,NORMAL-119,val,NORMAL,normal,OD,.tif,0.0012610151898115873
NORMAL/119/OD/016_Normal.tif,NORMAL-119,val,NORMAL,normal,OD,.tif,0.0010972394375130534
NORMAL/119/OD/017_Normal.tif,NORMAL-119,val,NORMAL,normal,OD,.tif,0.0013386294012889266
NORMAL/119/OD/018_Normal.tif,NORMAL-119,val,NORMAL,normal,OD,.tif,0.0010983084794133902
NORMAL/119/OD/019_Normal.tif,NORMAL-119,val,NORMAL,normal,OD,.tif,0.001189237809740007
NORMAL/119/OD/020_Normal.tif,NORMAL-119,val,NORMAL,normal,OD,.tif,0.0010047012474387884
NORMAL/119/OD/021_Normal.tif,NORMAL-119,val,NORMAL,normal,OD,.tif,0.001023713732138276
NORMAL/119/OD/022_Normal.tif,NORMAL-119,val,NORMAL,normal,OD,.tif,0.00076979526784271
NORMAL/119/OD/023_Normal.tif,NORMAL-119,val,NORMAL,normal,OD,.tif,0.0012299328809604049
NORMAL/119/OD/024_Normal.tif,NORMAL-119,val,NORMAL,normal,OD,.tif,0.00092796963872388
NORMAL/119/OD/025_Normal.tif,NORMAL-119,val,NORMAL,normal,OD,.tif,0.0008492752676829696
NORMAL/119/OD/026_Normal.tif,NORMAL-119,val,NORMAL,normal,OD,.tif,0.0011362637160345912
NORMAL/119/OD/027_Normal.tif,NORMAL-119,val,NORMAL,normal,OD,.tif,0.0007522047962993383
NORMAL/119/OD/028_Normal.tif,NORMAL-119,val,NORMAL,normal,OD,.tif,0.0008020741515792906
NORMAL/119/OD/029_Normal.tif,NORMAL-119,val,NORMAL,normal,OD,.tif,0.0006526398356072605
NORMAL/119/OD/030_Normal.tif,NORMAL-119,val,NORMAL,normal,OD,.tif,0.0008513620123267174
NORMAL/119/OS/000_Normal.tif,NORMAL-119,val,NORMAL,normal,OS,.tif,0.0009943366749212146
NORMAL/119/OS/001_Normal.tif,NORMAL-119,val,NORMAL,normal,OS,.tif,0.0008836144115775824
NORMAL/119/OS/002_Normal.tif,NORMAL-119,val,NORMAL,normal,OS,.tif,0.0008330052369274199
NORMAL/119/OS/003_Normal.tif,NORMAL-119,val,NORMAL,normal,OS,.tif,0.0008852072060108185
NORMAL/119/OS/004_Normal.tif,NORMAL-119,val,NORMAL,normal,OS,.tif,0.0009576089796610177
NORMAL/119/OS/005_Normal.tif,NORMAL-119,val,NORMAL,normal,OS,.tif,0.0010410974500700831
NORMAL/119/OS/006_Normal.tif,NORMAL-119,val,NORMAL,normal,OS,.tif,0.001104196417145431
NORMAL/119/OS/007_Normal.tif,NORMAL-119,val,NORMAL,normal,OS,.tif,0.001091368030756712
NORMAL/119/OS/008_Normal.tif,NORMAL-119,val,NORMAL,normal,OS,.tif,0.0011805491521954536
NORMAL/119/OS/009_Normal.tif,NORMAL-119,val,NORMAL,normal,OS,.tif,0.001181210158392787
NORMAL/119/OS/010_Normal.tif,NORMAL-119,val,NORMAL,normal,OS,.tif,0.0011851675808429718
NORMAL/119/OS/011_Normal.tif,NORMAL-119,val,NORMAL,normal,OS,.tif,0.0007118301000446081
NORMAL/119/OS/012_Normal.tif,NORMAL-119,val,NORMAL,normal,OS,.tif,0.0006792565109208226
NORMAL/119/OS/013_Normal.tif,NORMAL-119,val,NORMAL,normal,OS,.tif,0.0008284990908578038
NORMAL/119/OS/014_Normal.tif,NORMAL-119,val,NORMAL,normal,OS,.tif,0.0007148231379687786
NORMAL/119/OS/015_Normal.tif,NORMAL-119,val,NORMAL,normal,OS,.tif,0.0009534063283354044
NORMAL/119/OS/016_Normal.tif,NORMAL-119,val,NORMAL,normal,OS,.tif,0.0007511366275139153
NORMAL/119/OS/017_Normal.tif,NORMAL-119,val,NORMAL,normal,OS,.tif,0.0009478791034780443
NORMAL/119/OS/018_Normal.tif,NORMAL-119,val,NORMAL,normal,OS,.tif,0.0009538092999719083
NORMAL/119/OS/019_Normal.tif,NORMAL-119,val,NORMAL,normal,OS,.tif,0.0009383236756548285
NORMAL/119/OS/020_Normal.tif,NORMAL-119,val,NORMAL,normal,OS,.tif,0.0008893896010704339
NORMAL/119/OS/021_Normal.tif,NORMAL-119,val,NORMAL,normal,OS,.tif,0.0009477605344727635
NORMAL/119/OS/022_Normal.tif,NORMAL-119,val,NORMAL,normal,OS,.tif,0.0009001739090308547
NORMAL/119/OS/023_Normal.tif,NORMAL-119,val,NORMAL,normal,OS,.tif,0.0007717296248301864
NORMAL/119/OS/024_Normal.tif,NORMAL-119,val,NORMAL,normal,OS,.tif,0.0008086100569926202
NORMAL/119/OS/025_Normal.tif,NORMAL-119,val,NORMAL,normal,OS,.tif,0.0007288312772288918
NORMAL/119/OS/026_Normal.tif,NORMAL-119,val,NORMAL,normal,OS,.tif,0.0010165924904868007
NORMAL/119/OS/027_Normal.tif,NORMAL-119,val,NORMAL,normal,OS,.tif,0.0008592086378484964
NORMAL/119/OS/028_Normal.tif,NORMAL-119,val,NORMAL,normal,OS,.tif,0.0009597985190339386
NORMAL/119/OS/029_Normal.tif,NORMAL-119,val,NORMAL,normal,OS,.tif,0.0009033501264639199
NORMAL/119/OS/030_Normal.tif,NORMAL-119,val,NORMAL,normal,OS,.tif,0.001075221342034638
CNV/1/000_Drusen.jpg,CNV-001,test,CNV,drusen,OS,.jpg,0.0006625387468375266
CNV/1/001_Drusen.jpg,CNV-001,test,CNV,drusen,OS,.jpg,0.000546110502909869
CNV/1/002_Drusen.jpg,CNV-001,test,CNV,drusen,OS,.jpg,0.001406362745910883
CNV/1/003_Normal.jpg,CNV-001,test,CNV,normal,OS,.jpg,0.0007771460223011672
CNV/1/004_Normal.jpg,CNV-001,test,CNV,normal,OS,.jpg,0.0014552177162840962
CNV/1/005_Drusen.jpg,CNV-001,test,CNV,drusen,OS,.jpg,0.0007709463825449347
CNV/1/006_Normal.jpg,CNV-001,test,CNV,normal,OS,.jpg,0.0007061660871841013
CNV/1/007_Normal.jpg,CNV-001,test,CNV,normal,OS,.jpg,0.0005347633268684149
CNV/1/008_Drusen.jpg,CNV-001,test,CNV,drusen,OS,.jpg,0.0008976959506981075
CNV/1/009_Drusen.jpg,CNV-001,test,CNV,drusen,OS,.jpg,0.0009378953836858273
CNV/1/010_Drusen.jpg,CNV-001,test,CNV,drusen,OS,.jpg,0.000960660632699728
CNV/1/011_CNV.jpg,CNV-001,test,CNV,cnv,OS,.jpg,0.0014202200109139085
CNV/1/012_CNV.jpg,CNV-001,test,CNV,cnv,OS,.jpg,0.0008346032118424773
CNV/1/013_CNV.jpg,CNV-001,test,CNV,cnv,OS,.jpg,0.0008874599006958306
CNV/1/014_CNV.jpg,CNV-001,test,CNV,cnv,OS,.jpg,0.0010361052118241787
CNV/1/015_CNV.jpg,CNV-001,test,CNV,cnv,OS,.jpg,0.0011451516766101122
CNV/1/016_CNV.jpg,CNV-001,test,CNV,cnv,OS,.jpg,0.0009839502163231373
CNV/1/017_CNV.jpg,CNV-001,test,CNV,cnv,OS,.jpg,0.0009040604345500469
CNV/1/018_CNV.jpg,CNV-001,test,CNV,cnv,OS,.jpg,0.0009455154649913311
CNV/1/019_CNV.jpg,CNV-001,test,CNV,cnv,OS,.jpg,0.0008548677433282137
CNV/1/020_CNV.jpg,CNV-001,test,CNV,cnv,OS,.jpg,0.0007666999008506536
CNV/1/021_Drusen.jpg,CNV-001,test,CNV,drusen,OS,.jpg,0.0007845042855478823
CNV/1/022_Drusen.jpg,CNV-001,test,CNV,drusen,OS,.jpg,0.0007391675026156008
CNV/1/023_Normal.jpg,CNV-001,test,CNV,normal,OS,.jpg,0.0006180189666338265
CNV/1/024_Normal.jpg,CNV-001,test,CNV,normal,OS,.jpg,0.0006783052813261747
CNV/1/025_Normal.jpg,CNV-001,test,CNV,normal,OS,.jpg,0.0005686862859874964
CNV/1/026_Normal.jpg,CNV-001,test,CNV,normal,OS,.jpg,0.0005450132885016501
CNV/1/027_Normal.jpg,CNV-001,test,CNV,normal,OS,.jpg,0.0004595261125359684
CNV/1/028_Normal.jpg,CNV-001,test,CNV,normal,OS,.jpg,0.0004552800382953137
CNV/1/029_Normal.jpg,CNV-001,test,CNV,normal,OS,.jpg,0.0005171834491193295
CNV/1/030_Normal.jpg,CNV-001,test,CNV,normal,OS,.jpg,0.0004989986191503704
CNV/2/000_Normal.jpg,CNV-002,test,CNV,normal,OD,.jpg,0.0005238052108325064
CNV/2/001_CNV.jpg,CNV-002,test,CNV,cnv,OD,.jpg,0.0005634214612655342
CNV/2/002_CNV.jpg,CNV-002,test,CNV,cnv,OD,.jpg,0.0005894293426536024
CNV/2/003_CNV.jpg,CNV-002,test,CNV,cnv,OD,.jpg,0.0006288429140113294
CNV/2/004_CNV.jpg,CNV-002,test,CNV,cnv,OD,.jpg,0.0005757977487519383
CNV/2/005_CNV.jpg,CNV-002,test,CNV,cnv,OD,.jpg,0.0006915785488672554
CNV/2/006_CNV.jpg,CNV-002,test,CNV,cnv,OD,.jpg,0.0008215838461183012
CNV/2/007_CNV.jpg,CNV-002,test,CNV,cnv,OD,.jpg,0.0007731221849098802
CNV/2/008_CNV.jpg,CNV-002,test,CNV,cnv,OD,.jpg,0.0009470019722357392
CNV/2/009_CNV.jpg,CNV-002,test,CNV,cnv,OD,.jpg,0.0009268850553780794
CNV/2/010_CNV.jpg,CNV-002,test,CNV,cnv,OD,.jpg,0.0007115993648767471
CNV/2/011_CNV.jpg,CNV-002,test,CNV,cnv,OD,.jpg,0.000865764042828232
CNV/2/012_CNV.jpg,CNV-002,test,CNV,cnv,OD,.jpg,0.0007951937732286751
CNV/2/013_CNV.jpg,CNV-002,test,CNV,cnv,OD,.jpg,0.0008099271799437702
CNV/2/014_CNV.jpg,CNV-002,test,CNV,cnv,OD,.jpg,0.0008482183911837637
CNV/2/015_CNV.jpg,CNV-002,test,CNV,cnv,OD,.jpg,0.0007314788526855409
CNV/2/016_CNV.jpg,CNV-002,test,CNV,cnv,OD,.jpg,0.0008203017059713602
CNV/2/017_CNV.jpg,CNV-002,test,CNV,cnv,OD,.jpg,0.0006342070992104709
CNV/2/018_CNV.jpg,CNV-002,test,CNV,cnv,OD,.jpg,0.0006158603355288506
CNV/2/019_Drusen.jpg,CNV-002,test,CNV,drusen,OD,.jpg,0.0006180313648656011
CNV/2/020_Drusen.jpg,CNV-002,test,CNV,drusen,OD,.jpg,0.0006470780353993177
CNV/2/021_Drusen.jpg,CNV-002,test,CNV,drusen,OD,.jpg,0.0005798111669719219
CNV/2/022_Normal.jpg,CNV-002,test,CNV,normal,OD,.jpg,0.0005681459442712367
CNV/2/023_Normal.jpg,CNV-002,test,CNV,normal,OD,.jpg,0.0006238730857148767
CNV/2/024_Normal.jpg,CNV-002,test,CNV,normal,OD,.jpg,0.0005886786966584623
CNV/6/000_Normal.jpg,CNV-006,test,CNV,normal,OS,.jpg,0.0009013823000714183
CNV/6/001_Normal.jpg,CNV-006,test,CNV,normal,OS,.jpg,0.0010764659382402897
CNV/6/002_Normal.jpg,CNV-006,test,CNV,normal,OS,.jpg,0.0008518388494849205
CNV/6/003_Normal.jpg,CNV-006,test,CNV,normal,OS,.jpg,0.0007943270611576736
CNV/6/004_Normal.jpg,CNV-006,test,CNV,normal,OS,.jpg,0.0008148745400831103
CNV/6/005_Normal.jpg,CNV-006,test,CNV,normal,OS,.jpg,0.0008423601393587887
CNV/6/006_Normal.jpg,CNV-006,test,CNV,normal,OS,.jpg,0.0008657214348204434
CNV/6/007_Normal.jpg,CNV-006,test,CNV,normal,OS,.jpg,0.0008056059596128762
CNV/6/008_Normal.jpg,CNV-006,test,CNV,normal,OS,.jpg,0.0007113727042451501
CNV/6/009_Drusen.jpg,CNV-006,test,CNV,drusen,OS,.jpg,0.0007252450450323522
CNV/6/010_CNV.jpg,CNV-006,test,CNV,cnv,OS,.jpg,0.0007322101737372577
CNV/6/011_CNV.jpg,CNV-006,test,CNV,cnv,OS,.jpg,0.0008009367156773806
CNV/6/012_CNV.jpg,CNV-006,test,CNV,cnv,OS,.jpg,0.0009220021893270314
CNV/6/013_CNV.jpg,CNV-006,test,CNV,cnv,OS,.jpg,0.0008087158203125
CNV/6/014_CNV.jpg,CNV-006,test,CNV,cnv,OS,.jpg,0.0009921388700604439
CNV/6/015_CNV.jpg,CNV-006,test,CNV,cnv,OS,.jpg,0.0013936660252511501
CNV/6/016_CNV.jpg,CNV-006,test,CNV,cnv,OS,.jpg,0.0011860005324706435
CNV/6/017_CNV.jpg,CNV-006,test,CNV,cnv,OS,.jpg,0.0010626353323459625
CNV/6/018_CNV.jpg,CNV-006,test,CNV,cnv,OS,.jpg,0.0010188155574724078
CNV/6/019_CNV.jpg,CNV-006,test,CNV,cnv,OS,.jpg,0.0009496369166299701
CNV/6/020_CNV.jpg,CNV-006,test,CNV,cnv,OS,.jpg,0.0005870466120541096
CNV/6/021_CNV.jpg,CNV-006,test,CNV,cnv,OS,.jpg,0.0007563087274320424
CNV/6/022_CNV.jpg,CNV-006,test,CNV,cnv,OS,.jpg,0.0006710023153573275
CNV/6/023_Normal.jpg,CNV-006,test,CNV,normal,OS,.jpg,0.0009926040656864643
CNV/6/024_Normal.jpg,CNV-006,test,CNV,normal,OS,.jpg,0.0009961158502846956
CNV/6/025_Normal.jpg,CNV-006,test,CNV,normal,OS,.jpg,0.0011605079052969813
CNV/6/026_Normal.jpg,CNV-006,test,CNV,normal,OS,.jpg,0.001105510862544179
CNV/6/027_Normal.jpg,CNV-006,test,CNV,normal,OS,.jpg,0.0010228451574221253
CNV/6/028_Normal.jpg,CNV-006,test,CNV,normal,OS,.jpg,0.0010626616422086954
CNV/6/029_Normal.jpg,CNV-006,test,CNV,normal,OS,.jpg,0.0009337602532468736
CNV/6/030_Normal.jpg,CNV-006,test,CNV,normal,OS,.jpg,0.0007772872922942042
CNV/11/000_Normal.tif,CNV-011,test,CNV,normal,OD,.tif,0.0007158825756050646
CNV/11/001_Normal.tif,CNV-011,test,CNV,normal,OD,.tif,0.0006593974540010095
CNV/11/002_Normal.tif,CNV-011,test,CNV,normal,OD,.tif,0.0005194095429033041
CNV/11/003_Normal.tif,CNV-011,test,CNV,normal,OD,.tif,0.00042305869283154607
CNV/11/004_Drusen.tif,CNV-011,test,CNV,drusen,OD,.tif,0.0006606081733480096
CNV/11/005_Drusen.tif,CNV-011,test,CNV,drusen,OD,.tif,0.0004710247740149498
CNV/11/006_Drusen.tif,CNV-011,test,CNV,drusen,OD,.tif,0.0004318881838116795
CNV/11/007_CNV.tif,CNV-011,test,CNV,cnv,OD,.tif,0.0007162371184676886
CNV/11/008_CNV.tif,CNV-011,test,CNV,cnv,OD,.tif,0.0005491017363965511
CNV/11/009_CNV.tif,CNV-011,test,CNV,cnv,OD,.tif,0.0007025678642094135
CNV/11/010_CNV.tif,CNV-011,test,CNV,cnv,OD,.tif,0.0008434877963736653
CNV/11/011_CNV.tif,CNV-011,test,CNV,cnv,OD,.tif,0.000863579276483506
CNV/11/012_CNV.tif,CNV-011,test,CNV,cnv,OD,.tif,0.0007952024461701512
CNV/11/013_CNV.tif,CNV-011,test,CNV,cnv,OD,.tif,0.000807503645773977
CNV/11/014_CNV.tif,CNV-011,test,CNV,cnv,OD,.tif,0.0009524683118797839
CNV/11/015_CNV.tif,CNV-011,test,CNV,cnv,OD,.tif,0.0008196073467843235
CNV/11/016_CNV.tif,CNV-011,test,CNV,cnv,OD,.tif,0.000751276093069464
CNV/11/017_CNV.tif,CNV-011,test,CNV,cnv,OD,.tif,0.0009350921027362347
CNV/11/018_CNV.tif,CNV-011,test,CNV,cnv,OD,.tif,0.0008059234824031591
CNV/11/019_CNV.tif,CNV-011,test,CNV,cnv,OD,.tif,0.0008778299670666456
CNV/11/020_CNV.tif,CNV-011,test,CNV,cnv,OD,.tif,0.0007779634324833751
CNV/11/021_CNV.tif,CNV-011,test,CNV,cnv,OD,.tif,0.0008742364589124918
CNV/11/022_CNV.tif,CNV-011,test,CNV,cnv,OD,.tif,0.000662700564134866
CNV/11/023_CNV.tif,CNV-011,test,CNV,cnv,OD,.tif,0.0007415037252940238
CNV/11/024_CNV.tif,CNV-011,test,CNV,cnv,OD,.tif,0.0006835923413746059
CNV/11/025_CNV.tif,CNV-011,test,CNV,cnv,OD,.tif,0.0006919658044353127
CNV/11/026_CNV.tif,CNV-011,test,CNV,cnv,OD,.tif,0.0006178265903145075
CNV/11/027_CNV.tif,CNV-011,test,CNV,cnv,OD,.tif,0.0007421151967719197
CNV/11/028_CNV.tif,CNV-011,test,CNV,cnv,OD,.tif,0.0006842961884103715
CNV/11/029_CNV.tif,CNV-011,test,CNV,cnv,OD,.tif,0.0005608109058812261
CNV/11/030_CNV.tif,CNV-011,test,CNV,cnv,OD,.tif,0.0006155880400910974
CNV/12/000_CNV.tif,CNV-012,test,CNV,cnv,OS,.tif,0.002404244150966406
CNV/12/001_CNV.tif,CNV-012,test,CNV,cnv,OS,.tif,0.0020716004073619843
CNV/12/002_CNV.tif,CNV-012,test,CNV,cnv,OS,.tif,0.002209780039265752
CNV/12/003_CNV.tif,CNV-012,test,CNV,cnv,OS,.tif,0.002009387593716383
CNV/12/004_CNV.tif,CNV-012,test,CNV,cnv,OS,.tif,0.001912916311994195
CNV/12/005_CNV.tif,CNV-012,test,CNV,cnv,OS,.tif,0.002010779455304146
CNV/12/006_CNV.tif,CNV-012,test,CNV,cnv,OS,.tif,0.0018622741336002946
CNV/12/007_CNV.tif,CNV-012,test,CNV,cnv,OS,.tif,0.0012307398719713092
CNV/12/008_CNV.tif,CNV-012,test,CNV,cnv,OS,.tif,0.000684776168782264
CNV/12/009_CNV.tif,CNV-012,test,CNV,cnv,OS,.tif,0.0010624033166095614
CNV/12/010_CNV.tif,CNV-012,test,CNV,cnv,OS,.tif,0.0010148705914616585
CNV/12/011_CNV.tif,CNV-012,test,CNV,cnv,OS,.tif,0.0009679670329205692
CNV/12/012_CNV.tif,CNV-012,test,CNV,cnv,OS,.tif,0.0010633161291480064
CNV/12/013_CNV.tif,CNV-012,test,CNV,cnv,OS,.tif,0.0008864939445629716
CNV/12/014_CNV.tif,CNV-012,test,CNV,cnv,OS,.tif,0.0007905632955953479
CNV/12/015_CNV.tif,CNV-012,test,CNV,cnv,OS,.tif,0.0009016372496262193
CNV/12/016_CNV.tif,CNV-012,test,CNV,cnv,OS,.tif,0.0009423518204130232
CNV/12/017_CNV.tif,CNV-012,test,CNV,cnv,OS,.tif,0.0009111878462135792
CNV/12/018_CNV.tif,CNV-012,test,CNV,cnv,OS,.tif,0.0008856605272740126
CNV/12/019_CNV.tif,CNV-012,test,CNV,cnv,OS,.tif,0.001410390599630773
CNV/12/020_CNV.tif,CNV-012,test,CNV,cnv,OS,.tif,0.0012892321683466434
CNV/12/021_CNV.tif,CNV-012,test,CNV,cnv,OS,.tif,0.001171695999801159
CNV/12/022_CNV.tif,CNV-012,test,CNV,cnv,OS,.tif,0.0012882838491350412
CNV/12/023_CNV.tif,CNV-012,test,CNV,cnv,OS,.tif,0.0013499408960342407
CNV/12/024_CNV.tif,CNV-012,test,CNV,cnv,OS,.tif,0.0012154073920100927
CNV/12/025_CNV.tif,CNV-012,test,CNV,cnv,OS,.tif,0.0012728016590699553
CNV/12/026_CNV.tif,CNV-012,test,CNV,cnv,OS,.tif,0.0011818396160379052
CNV/12/027_CNV.tif,CNV-012,test,CNV,cnv,OS,.tif,0.001314665307290852
CNV/12/028_Drusen.tif,CNV-012,test,CNV,drusen,OS,.tif,0.001225556363351643
CNV/12/029_Normal.tif,CNV-012,test,CNV,normal,OS,.tif,0.0010774558177217841
CNV/12/030_Normal.tif,CNV-012,test,CNV,normal,OS,.tif,0.0018190622795373201
CNV/13/000_Normal.tif,CNV-013,test,CNV,normal,OD,.tif,0.000971108500380069
CNV/13/001_Normal.tif,CNV-013,test,CNV,normal,OD,.tif,0.0007727218908257782
CNV/13/002_Normal.tif,CNV-013,test,CNV,normal,OD,.tif,0.0008277565939351916
CNV/13/003_Normal.tif,CNV-013,test,CNV,normal,OD,.tif,0.000518316519446671
CNV/13/004_Normal.tif,CNV-013,test,CNV,normal,OD,.tif,0.0009312782203778625
CNV/13/005_Normal.tif,CNV-013,test,CNV,normal,OD,.tif,0.0007767711649648845
CNV/13/006_Normal.tif,CNV-013,test,CNV,normal,OD,.tif,0.0007280075224116445
CNV/13/007_Normal.tif,CNV-013,test,CNV,normal,OD,.tif,0.0005949321202933788
CNV/13/008_Normal.tif,CNV-013,test,CNV,normal,OD,.tif,0.0006577256717719138
CNV/13/009_Normal.tif,CNV-013,test,CNV,normal,OD,.tif,0.0006679785437881947
CNV/13/010_Normal.tif,CNV-013,test,CNV,normal,OD,.tif,0.0006532004335895181
CNV/13/011_Normal.tif,CNV-013,test,CNV,normal,OD,.tif,0.0006920323939993978
CNV/13/012_Normal.tif,CNV-013,test,CNV,normal,OD,.tif,0.0007301726145669818
CNV/13/013_Normal.tif,CNV-013,test,CNV,normal,OD,.tif,0.0007787459180690348
CNV/13/014_Normal.tif,CNV-013,test,CNV,normal,OD,.tif,0.0008110489579848945
CNV/13/015_CNV.tif,CNV-013,test,CNV,cnv,OD,.tif,0.0006212544394657016
CNV/13/016_CNV.tif,CNV-013,test,CNV,cnv,OD,.tif,0.0007142374524846673
CNV/13/017_CNV.tif,CNV-013,test,CNV,cnv,OD,.tif,0.0006065838970243931
CNV/13/018_CNV.tif,CNV-013,test,CNV,cnv,OD,.tif,0.0008297068998217583
CNV/13/019_CNV.tif,CNV-013,test,CNV,cnv,OD,.tif,0.0007359102601185441
CNV/13/020_Normal.tif,CNV-013,test,CNV,normal,OD,.tif,0.0006425075698643923
CNV/13/021_Normal.tif,CNV-013,test,CNV,normal,OD,.tif,0.0008397244964726269
CNV/13/022_Normal.tif,CNV-013,test,CNV,normal,OD,.tif,0.0009498328436166048
CNV/13/023_Normal.tif,CNV-013,test,CNV,normal,OD,.tif,0.0008527737227268517
CNV/13/024_Normal.tif,CNV-013,test,CNV,normal,OD,.tif,0.0009282860555686057
CNV/13/025_Normal.tif,CNV-013,test,CNV,normal,OD,.tif,0.0010032252175733447
CNV/13/026_Normal.tif,CNV-013,test,CNV,normal,OD,.tif,0.0010109917493537068
CNV/13/027_Normal.tif,CNV-013,test,CNV,normal,OD,.tif,0.0006227863486856222
CNV/13/028_Normal.tif,CNV-013,test,CNV,normal,OD,.tif,0.0006039954605512321
CNV/13/029_Normal.tif,CNV-013,test,CNV,normal,OD,.tif,0.0008650062954984605
CNV/13/030_Normal.tif,CNV-013,test,CNV,normal,OD,.tif,0.0007487466791644692
CNV/14/000_CNV.tif,CNV-014,test,CNV,cnv,OS,.tif,0.000661199155729264
CNV/14/001_CNV.tif,CNV-014,test,CNV,cnv,OS,.tif,0.0007344164769165218
CNV/14/002_CNV.tif,CNV-014,test,CNV,cnv,OS,.tif,0.0006709437002427876
CNV/14/003_CNV.tif,CNV-014,test,CNV,cnv,OS,.tif,0.0007588964072056115
CNV/14/004_CNV.tif,CNV-014,test,CNV,cnv,OS,.tif,0.0007329470245167613
CNV/14/005_CNV.tif,CNV-014,test,CNV,cnv,OS,.tif,0.0007161265821196139
CNV/14/006_CNV.tif,CNV-014,test,CNV,cnv,OS,.tif,0.0007211483898572624
CNV/14/007_CNV.tif,CNV-014,test,CNV,cnv,OS,.tif,0.0008576618856750429
CNV/14/008_CNV.tif,CNV-014,test,CNV,cnv,OS,.tif,0.0008546511526219547
CNV/14/009_CNV.tif,CNV-014,test,CNV,cnv,OS,.tif,0.0007457666797563434
CNV/14/010_CNV.tif,CNV-014,test,CNV,cnv,OS,.tif,0.0008434196352027357
CNV/14/011_CNV.tif,CNV-014,test,CNV,cnv,OS,.tif,0.0009379332768730819
CNV/14/012_CNV.tif,CNV-014,test,CNV,cnv,OS,.tif,0.0009862174047157168
CNV/14/013_CNV.tif,CNV-014,test,CNV,cnv,OS,.tif,0.001050407881848514
CNV/14/014_CNV.tif,CNV-014,test,CNV,cnv,OS,.tif,0.0009697062778286636
CNV/14/015_CNV.tif,CNV-014,test,CNV,cnv,OS,.tif,0.0007863571518100798
CNV/14/016_CNV.tif,CNV-014,test,CNV,cnv,OS,.tif,0.0006051884847693145
CNV/14/017_CNV.tif,CNV-014,test,CNV,cnv,OS,.tif,0.0006535422871820629
CNV/14/018_CNV.tif,CNV-014,test,CNV,cnv,OS,.tif,0.0006566678639501333
CNV/14/019_CNV.tif,CNV-014,test,CNV,cnv,OS,.tif,0.0007070670835673809
CNV/14/020_CNV.tif,CNV-014,test,CNV,cnv,OS,.tif,0.0007140717934817076
CNV/14/021_CNV.tif,CNV-014,test,CNV,cnv,OS,.tif,0.0006150720873847604
CNV/14/022_CNV.tif,CNV-014,test,CNV,cnv,OS,.tif,0.0006109552341513336
CNV/14/023_Drusen.tif,CNV-014,test,CNV,drusen,OS,.tif,0.0005277052987366915
CNV/14/024_Normal.tif,CNV-014,test,CNV,normal,OS,.tif,0.0005530435009859502
CNV/14/025_Normal.tif,CNV-014,test,CNV,normal,OS,.tif,0.0004709716304205358
CNV/14/026_Normal.tif,CNV-014,test,CNV,normal,OS,.tif,0.0005023221019655466
CNV/14/027_Normal.tif,CNV-014,test,CNV,normal,OS,.tif,0.0004096865886822343
CNV/14/028_Normal.tif,CNV-014,test,CNV,normal,OS,.tif,0.0004842757189180702
CNV/14/029_Normal.tif,CNV-014,test,CNV,normal,OS,.tif,0.000597171310801059
CNV/14/030_Normal.tif,CNV-014,test,CNV,normal,OS,.tif,0.000534990627784282
CNV/18/OD/000_CNV.tif,CNV-018,test,CNV,cnv,OD,.tif,0.0007825738284736872
CNV/18/OD/001_CNV.tif,CNV-018,test,CNV,cnv,OD,.tif,0.0008666341891512275
CNV/18/OD/002_CNV.tif,CNV-018,test,CNV,cnv,OD,.tif,0.0010041077621281147
CNV/18/OD/003_CNV.tif,CNV-018,test,CNV,cnv,OD,.tif,0.0010649255709722638
CNV/18/OD/004_CNV.tif,CNV-018,test,CNV,cnv,OD,.tif,0.0010990467853844166
CNV/18/OD/005_CNV.tif,CNV-018,test,CNV,cnv,OD,.tif,0.0010995506308972836
CNV/18/OD/006_CNV.tif,CNV-018,test,CNV,cnv,OD,.tif,0.0010899178450927138
CNV/18/OD/007_CNV.tif,CNV-018,test,CNV,cnv,OD,.tif,0.0009858920238912106
CNV/18/OD/008_CNV.tif,CNV-018,test,CNV,cnv,OD,.tif,0.0009458630229346454
CNV/18/OD/009_CNV.tif,CNV-018,test,CNV,cnv,OD,.tif,0.0010819179005920887
CNV/18/OD/010_CNV.tif,CNV-018,test,CNV,cnv,OD,.tif,0.0007647829479537904
CNV/18/OD/011_CNV.tif,CNV-018,test,CNV,cnv,OD,.tif,0.0008034352213144302
CNV/18/OD/012_CNV.tif,CNV-018,test,CNV,cnv,OD,.tif,0.0008671542163938284
CNV/18/OD/013_CNV.tif,CNV-018,test,CNV,cnv,OD,.tif,0.0008384553366340697
CNV/18/OD/014_CNV.tif,CNV-018,test,CNV,cnv,OD,.tif,0.0008391456212848425
CNV/18/OD/015_CNV.tif,CNV-018,test,CNV,cnv,OD,.tif,0.0008395702461712062
CNV/18/OD/016_CNV.tif,CNV-018,test,CNV,cnv,OD,.tif,0.0008025079732760787
CNV/18/OD/017_CNV.tif,CNV-018,test,CNV,cnv,OD,.tif,0.0008459054515697062
CNV/18/OD/018_CNV.tif,CNV-018,test,CNV,cnv,OD,.tif,0.0007235172088257968
CNV/18/OD/019_CNV.tif,CNV-018,test,CNV,cnv,OD,.tif,0.0009436053805984557
CNV/18/OD/020_CNV.tif,CNV-018,test,CNV,cnv,OD,.tif,0.0007842158665880561
CNV/18/OD/021_CNV.tif,CNV-018,test,CNV,cnv,OD,.tif,0.0008664238848723471
CNV/18/OD/022_CNV.tif,CNV-018,test,CNV,cnv,OD,.tif,0.0008647988433949649
CNV/18/OD/023_CNV.tif,CNV-018,test,CNV,cnv,OD,.tif,0.0008310581324622035
CNV/18/OD/024_CNV.tif,CNV-018,test,CNV,cnv,OD,.tif,0.0008954587974585593
CNV/18/OD/025_CNV.tif,CNV-018,test,CNV,cnv,OD,.tif,0.0009681296651251614
CNV/18/OD/026_CNV.tif,CNV-018,test,CNV,cnv,OD,.tif,0.001021740841679275
CNV/18/OD/027_CNV.tif,CNV-018,test,CNV,cnv,OD,.tif,0.0010095032630488276
CNV/18/OD/028_CNV.tif,CNV-018,test,CNV,cnv,OD,.tif,0.0010039805201813579
CNV/18/OD/029_CNV.tif,CNV-018,test,CNV,cnv,OD,.tif,0.0011022175895050168
CNV/18/OD/030_CNV.tif,CNV-018,test,CNV,cnv,OD,.tif,0.0009843502193689346
CNV/18/OS/000_Drusen.tif,CNV-018,test,CNV,drusen,OS,.tif,0.0009520546882413328
CNV/18/OS/001_Drusen.tif,CNV-018,test,CNV,drusen,OS,.tif,0.0009676062036305666
CNV/18/OS/002_Drusen.tif,CNV-018,test,CNV,drusen,OS,.tif,0.0008421521633863449
CNV/18/OS/003_Drusen.tif,CNV-018,test,CNV,drusen,OS,.tif,0.0009006543550640345
CNV/18/OS/004_Drusen.tif,CNV-018,test,CNV,drusen,OS,.tif,0.0008368614944629371
CNV/18/OS/005_Drusen.tif,CNV-018,test,CNV,drusen,OS,.tif,0.0007450852426700294
CNV/18/OS/006_Drusen.tif,CNV-018,test,CNV,drusen,OS,.tif,0.0007719070417806506
CNV/18/OS/007_Drusen.tif,CNV-018,test,CNV,drusen,OS,.tif,0.0007268523331731558
CNV/18/OS/008_CNV.tif,CNV-018,test,CNV,cnv,OS,.tif,0.0008272472186945379
CNV/18/OS/009_CNV.tif,CNV-018,test,CNV,cnv,OS,.tif,0.0008399904472753406
CNV/18/OS/010_CNV.tif,CNV-018,test,CNV,cnv,OS,.tif,0.000784099567681551
CNV/18/OS/011_Drusen.tif,CNV-018,test,CNV,drusen,OS,.tif,0.0007760173175483942
CNV/18/OS/012_Drusen.tif,CNV-018,test,CNV,drusen,OS,.tif,0.0008268925594165921
CNV/18/OS/013_Drusen.tif,CNV-018,test,CNV,drusen,OS,.tif,0.0007409585523419082
CNV/18/OS/014_Drusen.tif,CNV-018,test,CNV,drusen,OS,.tif,0.0006721571553498507
CNV/18/OS/015_Drusen.tif,CNV-018,test,CNV,drusen,OS,.tif,0.0006941912579350173
CNV/18/OS/016_Drusen.tif,CNV-018,test,CNV,drusen,OS,.tif,0.0007327302009798586
CNV/18/OS/017_Drusen.tif,CNV-018,test,CNV,drusen,OS,.tif,0.0007544929394498467
CNV/18/OS/018_Drusen.tif,CNV-018,test,CNV,drusen,OS,.tif,0.0007538442732766271
CNV/18/OS/019_Drusen.tif,CNV-018,test,CNV,drusen,OS,.tif,0.0007736872648820281
CNV/18/OS/020_Drusen.tif,CNV-018,test,CNV,drusen,OS,.tif,0.0007357182330451906
CNV/18/OS/021_Drusen.tif,CNV-018,test,CNV,drusen,OS,.tif,0.0007695811218582094
CNV/18/OS/022_Drusen.tif,CNV-018,test,CNV,drusen,OS,.tif,0.0007230218034237623
CNV/18/OS/023_Drusen.tif,CNV-018,test,CNV,drusen,OS,.tif,0.0007495888858102262
CNV/18/OS/024_Drusen.tif,CNV-018,test,CNV,drusen,OS,.tif,0.0008160651195794344
CNV/18/OS/025_Drusen.tif,CNV-018,test,CNV,drusen,OS,.tif,0.0007873677532188594
CNV/18/OS/026_Drusen.tif,CNV-018,test,CNV,drusen,OS,.tif,0.0008537695975974202
CNV/18/OS/027_Drusen.tif,CNV-018,test,CNV,drusen,OS,.tif,0.0008698856690898538
CNV/18/OS/028_Drusen.tif,CNV-018,test,CNV,drusen,OS,.tif,0.0009034870308823884
CNV/18/OS/029_Drusen.tif,CNV-018,test,CNV,drusen,OS,.tif,0.0009261524537578225
CNV/18/OS/030_Drusen.tif,CNV-018,test,CNV,drusen,OS,.tif,0.0010630837641656399
CNV/19/000_CNV.jpg,CNV-019,test,CNV,cnv,OS,.jpg,0.0008081392152234912
CNV/19/001_CNV.jpg,CNV-019,test,CNV,cnv,OS,.jpg,0.0007609197054989636
CNV/19/002_CNV.jpg,CNV-019,test,CNV,cnv,OS,.jpg,0.000789289886597544
CNV/19/003_CNV.jpg,CNV-019,test,CNV,cnv,OS,.jpg,0.0007748298230580986
CNV/19/004_CNV.jpg,CNV-019,test,CNV,cnv,OS,.jpg,0.0009355914080515504
CNV/19/005_CNV.jpg,CNV-019,test,CNV,cnv,OS,.jpg,0.0006340184481814504
CNV/19/006_CNV.jpg,CNV-019,test,CNV,cnv,OS,.jpg,0.0008114993688650429
CNV/19/007_CNV.jpg,CNV-019,test,CNV,cnv,OS,.jpg,0.0006213496089912951
CNV/19/008_CNV.jpg,CNV-019,test,CNV,cnv,OS,.jpg,0.0008076946251094341
CNV/19/009_CNV.jpg,CNV-019,test,CNV,cnv,OS,.jpg,0.0005636298446916044
CNV/19/010_CNV.jpg,CNV-019,test,CNV,cnv,OS,.jpg,0.0008292728452943265
CNV/19/011_CNV.jpg,CNV-019,test,CNV,cnv,OS,.jpg,0.0004958342760801315
CNV/19/012_CNV.jpg,CNV-019,test,CNV,cnv,OS,.jpg,0.0006777633097954094
CNV/19/013_CNV.jpg,CNV-019,test,CNV,cnv,OS,.jpg,0.0010398785816505551
CNV/19/014_CNV.jpg,CNV-019,test,CNV,cnv,OS,.jpg,0.0008590584620833397
CNV/19/015_CNV.jpg,CNV-019,test,CNV,cnv,OS,.jpg,0.0011260876199230552
CNV/19/016_CNV.jpg,CNV-019,test,CNV,cnv,OS,.jpg,0.0008636705460958183
CNV/19/017_CNV.jpg,CNV-019,test,CNV,cnv,OS,.jpg,0.0009438492706976831
CNV/19/018_CNV.jpg,CNV-019,test,CNV,cnv,OS,.jpg,0.0006446861079894006
CNV/19/019_CNV.jpg,CNV-019,test,CNV,cnv,OS,.jpg,0.0005218042060732841
CNV/19/020_CNV.jpg,CNV-019,test,CNV,cnv,OS,.jpg,0.0005655318964272738
CNV/19/021_Normal.jpg,CNV-019,test,CNV,normal,OS,.jpg,0.0006326910806819797
CNV/19/022_Normal.jpg,CNV-019,test,CNV,normal,OS,.jpg,0.0009362049750052392
CNV/19/023_Normal.jpg,CNV-019,test,CNV,normal,OS,.jpg,0.0006774133071303368
CNV/19/024_Normal.jpg,CNV-019,test,CNV,normal,OS,.jpg,0.0008050186443142593
CNV/22/000_Normal.tif,CNV-022,test,CNV,normal,OS,.tif,0.0006143079372122884
CNV/22/001_Normal.tif,CNV-022,test,CNV,normal,OS,.tif,0.0007562812534160912
CNV/22/002_Normal.tif,CNV-022,test,CNV,normal,OS,.tif,0.0008205027552321553
CNV/22/003_Normal.tif,CNV-022,test,CNV,normal,OS,.tif,0.000910620263312012
CNV/22/004_Normal.tif,CNV-022,test,CNV,normal,OS,.tif,0.00097824283875525
CNV/22/005_Normal.tif,CNV-022,test,CNV,normal,OS,.tif,0.0009299718658439815
CNV/22/006_Normal.tif,CNV-022,test,CNV,normal,OS,.tif,0.000896118232049048
CNV/22/007_Normal.tif,CNV-022,test,CNV,normal,OS,.tif,0.0008865045965649188
CNV/22/008_CNV.tif,CNV-022,test,CNV,cnv,OS,.tif,0.0008032586192712188
CNV/22/009_CNV.tif,CNV-022,test,CNV,cnv,OS,.tif,0.0006616472965106368
CNV/22/010_CNV.tif,CNV-022,test,CNV,cnv,OS,.tif,0.0007524625398218632
CNV/22/011_CNV.tif,CNV-022,test,CNV,cnv,OS,.tif,0.0006357317906804383
CNV/22/012_CNV.tif,CNV-022,test,CNV,cnv,OS,.tif,0.0005924247670918703
CNV/22/013_CNV.tif,CNV-022,test,CNV,cnv,OS,.tif,0.0005553127266466618
CNV/22/014_CNV.tif,CNV-022,test,CNV,cnv,OS,.tif,0.000582018808927387
CNV/22/015_CNV.tif,CNV-022,test,CNV,cnv,OS,.tif,0.0006590349366888404
CNV/22/016_CNV.tif,CNV-022,test,CNV,cnv,OS,.tif,0.0006464856560342014
CNV/22/017_CNV.tif,CNV-022,test,CNV,cnv,OS,.tif,0.0005602784221991897
CNV/22/018_CNV.tif,CNV-022,test,CNV,cnv,OS,.tif,0.0006757445516996086
CNV/22/019_CNV.tif,CNV-022,test,CNV,cnv,OS,.tif,0.0006707546417601407
CNV/22/020_CNV.tif,CNV-022,test,CNV,cnv,OS,.tif,0.0005643506301566958
CNV/22/021_CNV.tif,CNV-022,test,CNV,cnv,OS,.tif,0.000624813255853951
CNV/22/022_CNV.tif,CNV-022,test,CNV,cnv,OS,.tif,0.0005567076150327921
CNV/22/023_CNV.tif,CNV-022,test,CNV,cnv,OS,.tif,0.0006471609231084585
CNV/22/024_CNV.tif,CNV-022,test,CNV,cnv,OS,.tif,0.0009453498641960323
CNV/22/025_CNV.tif,CNV-022,test,CNV,cnv,OS,.tif,0.0007770505617372692
CNV/22/026_CNV.tif,CNV-022,test,CNV,cnv,OS,.tif,0.0008252565748989582
CNV/22/027_Drusen.tif,CNV-022,test,CNV,drusen,OS,.tif,0.0007782310713082552
CNV/22/028_Drusen.tif,CNV-022,test,CNV,drusen,OS,.tif,0.00076803017873317
CNV/22/029_Drusen.tif,CNV-022,test,CNV,drusen,OS,.tif,0.0008028949960134923
CNV/22/030_Drusen.tif,CNV-022,test,CNV,drusen,OS,.tif,0.0005928868195042014
CNV/24/000_Normal.tif,CNV-024,test,CNV,normal,OS,.tif,0.0006542119081132114
CNV/24/001_Normal.tif,CNV-024,test,CNV,normal,OS,.tif,0.0005079814000055194
CNV/24/002_Normal.tif,CNV-024,test,CNV,normal,OS,.tif,0.0007094658794812858
CNV/24/003_Normal.tif,CNV-024,test,CNV,normal,OS,.tif,0.0006569361430592835
CNV/24/004_Normal.tif,CNV-024,test,CNV,normal,OS,.tif,0.0006777686649002135
CNV/24/005_Drusen.tif,CNV-024,test,CNV,drusen,OS,.tif,0.0006961484323255718
CNV/24/006_Drusen.tif,CNV-024,test,CNV,drusen,OS,.tif,0.0007098744390532374
CNV/24/007_Drusen.tif,CNV-024,test,CNV,drusen,OS,.tif,0.0007914774469099939
CNV/24/008_Drusen.tif,CNV-024,test,CNV,drusen,OS,.tif,0.0008403651299886405
CNV/24/009_Drusen.tif,CNV-024,test,CNV,drusen,OS,.tif,0.0007709529018029571
CNV/24/010_Drusen.tif,CNV-024,test,CNV,drusen,OS,.tif,0.0009159530745819211
CNV/24/011_Drusen.tif,CNV-024,test,CNV,drusen,OS,.tif,0.0008508895989507437
CNV/24/012_Drusen.tif,CNV-024,test,CNV,drusen,OS,.tif,0.000834051868878305
CNV/24/013_CNV.tif,CNV-024,test,CNV,cnv,OS,.tif,0.0008374368771910667
CNV/24/014_CNV.tif,CNV-024,test,CNV,cnv,OS,.tif,0.0011646414641290903
CNV/24/015_CNV.tif,CNV-024,test,CNV,cnv,OS,.tif,0.0008658220176585019
CNV/24/016_CNV.tif,CNV-024,test,CNV,cnv,OS,.tif,0.0009240904473699629
CNV/24/017_CNV.tif,CNV-024,test,CNV,cnv,OS,.tif,0.0011088992469012737
CNV/24/018_CNV.tif,CNV-024,test,CNV,cnv,OS,.tif,0.000952766218688339
CNV/24/019_Drusen.tif,CNV-024,test,CNV,drusen,OS,.tif,0.0010475259041413665
CNV/24/020_Drusen.tif,CNV-024,test,CNV,drusen,OS,.tif,0.001015148009173572
CNV/24/021_Drusen.tif,CNV-024,test,CNV,drusen,OS,.tif,0.0008860803791321814
CNV/24/022_Drusen.tif,CNV-024,test,CNV,drusen,OS,.tif,0.0009961891919374466
CNV/24/023_Drusen.tif,CNV-024,test,CNV,drusen,OS,.tif,0.000990138971246779
CNV/24/024_Drusen.tif,CNV-024,test,CNV,drusen,OS,.tif,0.0009250645525753498
CNV/24/025_Drusen.tif,CNV-024,test,CNV,drusen,OS,.tif,0.0009801497217267752
CNV/24/026_Drusen.tif,CNV-024,test,CNV,drusen,OS,.tif,0.0013665832811966538
CNV/24/027_Drusen.tif,CNV-024,test,CNV,drusen,OS,.tif,0.0011285727377980947
CNV/24/028_Drusen.tif,CNV-024,test,CNV,drusen,OS,.tif,0.001104826806113124
CNV/24/029_Drusen.tif,CNV-024,test,CNV,drusen,OS,.tif,0.0008937146048992872
CNV/24/030_Drusen.tif,CNV-024,test,CNV,drusen,OS,.tif,0.001036462839692831
CNV/27/000_Drusen.tif,CNV-027,test,CNV,drusen,OS,.tif,0.0010371378157287836
CNV/27/001_Drusen.tif,CNV-027,test,CNV,drusen,OS,.tif,0.0011489544995129108
CNV/27/002_Drusen.tif,CNV-027,test,CNV,drusen,OS,.tif,0.0005828351713716984
CNV/27/003_Drusen.tif,CNV-027,test,CNV,drusen,OS,.tif,0.0007200155523605645
CNV/27/004_Drusen.tif,CNV-027,test,CNV,drusen,OS,.tif,0.0008177340496331453
CNV/27/005_Drusen.tif,CNV-027,test,CNV,drusen,OS,.tif,0.0009803252760320902
CNV/27/006_Drusen.tif,CNV-027,test,CNV,drusen,OS,.tif,0.0009548459202051163
CNV/27/007_Drusen.tif,CNV-027,test,CNV,drusen,OS,.tif,0.0008552445797249675
CNV/27/008_Drusen.tif,CNV-027,test,CNV,drusen,OS,.tif,0.0013428041711449623
CNV/27/009_Drusen.tif,CNV-027,test,CNV,drusen,OS,.tif,0.001109113683924079
CNV/27/010_Drusen.tif,CNV-027,test,CNV,drusen,OS,.tif,0.0008575240499339998
CNV/27/011_Drusen.tif,CNV-027,test,CNV,drusen,OS,.tif,0.0010580777889117599
CNV/27/012_CNV.tif,CNV-027,test,CNV,cnv,OS,.tif,0.0010397706646472216
CNV/27/013_CNV.tif,CNV-027,test,CNV,cnv,OS,.tif,0.0011867814464494586
CNV/27/014_CNV.tif,CNV-027,test,CNV,cnv,OS,.tif,0.0010637601371854544
CNV/27/015_CNV.tif,CNV-027,test,CNV,cnv,OS,.tif,0.00113755336496979
CNV/27/016_CNV.tif,CNV-027,test,CNV,cnv,OS,.tif,0.0009779243264347315
CNV/27/017_CNV.tif,CNV-027,test,CNV,cnv,OS,.tif,0.0010525359539315104
CNV/27/018_CNV.tif,CNV-027,test,CNV,cnv,OS,.tif,0.001079367590136826
CNV/27/019_CNV.tif,CNV-027,test,CNV,cnv,OS,.tif,0.0010782078607007861
CNV/27/020_CNV.tif,CNV-027,test,CNV,cnv,OS,.tif,0.0010042483918368816
CNV/27/021_Drusen.tif,CNV-027,test,CNV,drusen,OS,.tif,0.001004328136332333
CNV/27/022_Drusen.tif,CNV-027,test,CNV,drusen,OS,.tif,0.0010976772755384445
CNV/27/023_Drusen.tif,CNV-027,test,CNV,drusen,OS,.tif,0.0010021562920883298
CNV/27/024_Drusen.tif,CNV-027,test,CNV,drusen,OS,.tif,0.0010619694367051125
CNV/27/025_Drusen.tif,CNV-027,test,CNV,drusen,OS,.tif,0.0010427093366160989
CNV/27/026_Drusen.tif,CNV-027,test,CNV,drusen,OS,.tif,0.000939318910241127
CNV/27/027_Drusen.tif,CNV-027,test,CNV,drusen,OS,.tif,0.0009960655588656664
CNV/27/028_Drusen.tif,CNV-027,test,CNV,drusen,OS,.tif,0.0009165203664451838
CNV/27/029_Drusen.tif,CNV-027,test,CNV,drusen,OS,.tif,0.0009219246567226946
CNV/27/030_Drusen.tif,CNV-027,test,CNV,drusen,OS,.tif,0.0008715168805792928
CNV/28/000_Normal.tif,CNV-028,test,CNV,normal,OS,.tif,0.0008941810228861868
CNV/28/001_Normal.tif,CNV-028,test,CNV,normal,OS,.tif,0.0009625557577237487
CNV/28/002_Normal.tif,CNV-028,test,CNV,normal,OS,.tif,0.0008981280843727291
CNV/28/003_CNV.tif,CNV-028,test,CNV,cnv,OS,.tif,0.0009948951192200184
CNV/28/004_CNV.tif,CNV-028,test,CNV,cnv,OS,.tif,0.001160390442237258
CNV/28/005_CNV.tif,CNV-028,test,CNV,cnv,OS,.tif,0.0010917653562501073
CNV/28/006_CNV.tif,CNV-028,test,CNV,cnv,OS,.tif,0.0009572465205565095
CNV/28/007_CNV.tif,CNV-028,test,CNV,cnv,OS,.tif,0.000980897806584835
CNV/28/008_CNV.tif,CNV-028,test,CNV,cnv,OS,.tif,0.0008916192455217242
CNV/28/009_CNV.tif,CNV-028,test,CNV,cnv,OS,.tif,0.0008428539731539786
CNV/28/010_CNV.tif,CNV-028,test,CNV,cnv,OS,.tif,0.000923503830563277
CNV/28/011_CNV.tif,CNV-028,test,CNV,cnv,OS,.tif,0.0009951615938916802
CNV/28/012_CNV.tif,CNV-028,test,CNV,cnv,OS,.tif,0.001038983347825706
CNV/28/013_CNV.tif,CNV-028,test,CNV,cnv,OS,.tif,0.0007857378222979605
CNV/28/014_CNV.tif,CNV-028,test,CNV,cnv,OS,.tif,0.0007329981308430433
CNV/28/015_CNV.tif,CNV-028,test,CNV,cnv,OS,.tif,0.0007570167654193938
CNV/28/016_CNV.tif,CNV-028,test,CNV,cnv,OS,.tif,0.0007758731953799725
CNV/28/017_CNV.tif,CNV-028,test,CNV,cnv,OS,.tif,0.0007830659160390496
CNV/28/018_Drusen.tif,CNV-028,test,CNV,drusen,OS,.tif,0.0007750701042823493
CNV/28/019_Drusen.tif,CNV-028,test,CNV,drusen,OS,.tif,0.0007790419622324407
CNV/28/020_Drusen.tif,CNV-028,test,CNV,drusen,OS,.tif,0.0008848312427289784
CNV/28/021_Drusen.tif,CNV-028,test,CNV,drusen,OS,.tif,0.000680047320201993
CNV/28/022_Drusen.tif,CNV-028,test,CNV,drusen,OS,.tif,0.0007507972186431289
CNV/28/023_Drusen.tif,CNV-028,test,CNV,drusen,OS,.tif,0.0010230150073766708
CNV/28/024_Drusen.tif,CNV-028,test,CNV,drusen,OS,.tif,0.0010968490969389677
CNV/28/025_Drusen.tif,CNV-028,test,CNV,drusen,OS,.tif,0.0008943384746089578
CNV/28/026_Drusen.tif,CNV-028,test,CNV,drusen,OS,.tif,0.0009535912540741265
CNV/28/027_Drusen.tif,CNV-028,test,CNV,drusen,OS,.tif,0.0009298657532781363
CNV/28/028_Drusen.tif,CNV-028,test,CNV,drusen,OS,.tif,0.0008328478434123099
CNV/28/029_Drusen.tif,CNV-028,test,CNV,drusen,OS,.tif,0.0006772811175324023
CNV/28/030_Normal.tif,CNV-028,test,CNV,normal,OS,.tif,0.0005650486564263701
CNV/29/000_Drusen.tif,CNV-029,test,CNV,drusen,OD,.tif,0.0008045817958191037
CNV/29/001_Drusen.tif,CNV-029,test,CNV,drusen,OD,.tif,0.0007634061621502042
CNV/29/002_Drusen.tif,CNV-029,test,CNV,drusen,OD,.tif,0.0007072938606142998
CNV/29/003_CNV.tif,CNV-029,test,CNV,cnv,OD,.tif,0.0008707426604814827
CNV/29/004_CNV.tif,CNV-029,test,CNV,cnv,OD,.tif,0.000948806235101074
CNV/29/005_CNV.tif,CNV-029,test,CNV,cnv,OD,.tif,0.0010133192408829927
CNV/29/006_CNV.tif,CNV-029,test,CNV,cnv,OD,.tif,0.0011482702102512121
CNV/29/007_CNV.tif,CNV-029,test,CNV,cnv,OD,.tif,0.0011807642877101898
CNV/29/008_CNV.tif,CNV-029,test,CNV,cnv,OD,.tif,0.001240477547980845
CNV/29/009_CNV.tif,CNV-029,test,CNV,cnv,OD,.tif,0.0012033084640279412
CNV/29/010_CNV.tif,CNV-029,test,CNV,cnv,OD,.tif,0.0012236866168677807
CNV/29/011_CNV.tif,CNV-029,test,CNV,cnv,OD,.tif,0.0011659390293061733
CNV/29/012_CNV.tif,CNV-029,test,CNV,cnv,OD,.tif,0.0011920155957341194
CNV/29/013_CNV.tif,CNV-029,test,CNV,cnv,OD,.tif,0.001066687167622149
CNV/29/014_CNV.tif,CNV-029,test,CNV,cnv,OD,.tif,0.0011348046828061342
CNV/29/015_CNV.tif,CNV-029,test,CNV,cnv,OD,.tif,0.0011501163244247437
CNV/29/016_CNV.tif,CNV-029,test,CNV,cnv,OD,.tif,0.0010809915838763118
CNV/29/017_CNV.tif,CNV-029,test,CNV,cnv,OD,.tif,0.001315670320764184
CNV/29/018_CNV.tif,CNV-029,test,CNV,cnv,OD,.tif,0.0012673623859882355
CNV/29/019_CNV.tif,CNV-029,test,CNV,cnv,OD,.tif,0.0012025890173390508
CNV/29/020_CNV.tif,CNV-029,test,CNV,cnv,OD,.tif,0.0011794460006058216
CNV/29/021_CNV.tif,CNV-029,test,CNV,cnv,OD,.tif,0.0010704181622713804
CNV/29/022_CNV.tif,CNV-029,test,CNV,cnv,OD,.tif,0.0009766166331246495
CNV/29/023_Drusen.tif,CNV-029,test,CNV,drusen,OD,.tif,0.0007862439379096031
CNV/29/024_Drusen.tif,CNV-029,test,CNV,drusen,OD,.tif,0.0007441177731379867
CNV/29/025_Drusen.tif,CNV-029,test,CNV,drusen,OD,.tif,0.000785386364441365
CNV/29/026_Drusen.tif,CNV-029,test,CNV,drusen,OD,.tif,0.0007711401558481157
CNV/29/027_Drusen.tif,CNV-029,test,CNV,drusen,OD,.tif,0.0007445698138326406
CNV/29/028_Drusen.tif,CNV-029,test,CNV,drusen,OD,.tif,0.000930067733861506
CNV/29/029_Drusen.tif,CNV-029,test,CNV,drusen,OD,.tif,0.0009941649623215199
CNV/29/030_Drusen.tif,CNV-029,test,CNV,drusen,OD,.tif,0.0011294565629214048
CNV/30/000_CNV.tif,CNV-030,test,CNV,cnv,OD,.tif,0.0008286880911327899
CNV/30/001_CNV.tif,CNV-030,test,CNV,cnv,OD,.tif,0.0009171802666969597
CNV/30/002_CNV.tif,CNV-030,test,CNV,cnv,OD,.tif,0.000918878591619432
CNV/30/003_CNV.tif,CNV-030,test,CNV,cnv,OD,.tif,0.0008237547008320689
CNV/30/004_CNV.tif,CNV-030,test,CNV,cnv,OD,.tif,0.0009642030927352607
CNV/30/005_CNV.tif,CNV-030,test,CNV,cnv,OD,.tif,0.0010878065368160605
CNV/30/006_CNV.tif,CNV-030,test,CNV,cnv,OD,.tif,0.0011143499286845326
CNV/30/007_CNV.tif,CNV-030,test,CNV,cnv,OD,.tif,0.0011541078565642238
CNV/30/008_CNV.tif,CNV-030,test,CNV,cnv,OD,.tif,0.0011801386717706919
CNV/30/009_CNV.tif,CNV-030,test,CNV,cnv,OD,.tif,0.0012008531484752893
CNV/30/010_CNV.tif,CNV-030,test,CNV,cnv,OD,.tif,0.0013077850453555584
CNV/30/011_CNV.tif,CNV-030,test,CNV,cnv,OD,.tif,0.0012284432305023074
CNV/30/012_CNV.tif,CNV-030,test,CNV,cnv,OD,.tif,0.0013046411331743002
CNV/30/013_CNV.tif,CNV-030,test,CNV,cnv,OD,.tif,0.0011659503215923905
CNV/30/014_CNV.tif,CNV-030,test,CNV,cnv,OD,.tif,0.0012856053654104471
CNV/30/015_CNV.tif,CNV-030,test,CNV,cnv,OD,.tif,0.0013846851652488112
CNV/30/016_CNV.tif,CNV-030,test,CNV,cnv,OD,.tif,0.0013571351300925016
CNV/30/017_CNV.tif,CNV-030,test,CNV,cnv,OD,.tif,0.0014000969240441918
CNV/30/018_CNV.tif,CNV-030,test,CNV,cnv,OD,.tif,0.001242830534465611
CNV/30/019_CNV.tif,CNV-030,test,CNV,cnv,OD,.tif,0.0014783396618440747
CNV/30/020_CNV.tif,CNV-030,test,CNV,cnv,OD,.tif,0.0015049708308652043
CNV/30/021_CNV.tif,CNV-030,test,CNV,cnv,OD,.tif,0.0015307095600292087
CNV/30/022_CNV.tif,CNV-030,test,CNV,cnv,OD,.tif,0.0013644895516335964
CNV/30/023_Drusen.tif,CNV-030,test,CNV,drusen,OD,.tif,0.001273907138966024
CNV/30/024_Drusen.tif,CNV-030,test,CNV,drusen,OD,.tif,0.0011564989108592272
CNV/30/025_Drusen.tif,CNV-030,test,CNV,drusen,OD,.tif,0.001157670165412128
CNV/30/026_Drusen.tif,CNV-030,test,CNV,drusen,OD,.tif,0.0011104638688266277
CNV/30/027_Drusen.tif,CNV-030,test,CNV,drusen,OD,.tif,0.001051252824254334
CNV/30/028_Drusen.tif,CNV-030,test,CNV,drusen,OD,.tif,0.001110707176849246
CNV/30/029_Drusen.tif,CNV-030,test,CNV,drusen,OD,.tif,0.0011512053897604346
CNV/30/030_Drusen.tif,CNV-030,test,CNV,drusen,OD,.tif,0.001085167401470244
CNV/33/000_Drusen.tif,CNV-033,test,CNV,drusen,OS,.tif,0.0008167510386556387
CNV/33/001_Drusen.tif,CNV-033,test,CNV,drusen,OS,.tif,0.000719032424967736
CNV/33/002_Drusen.tif,CNV-033,test,CNV,drusen,OS,.tif,0.0007411728147417307
CNV/33/003_Drusen.tif,CNV-033,test,CNV,drusen,OS,.tif,0.0007506957626901567
CNV/33/004_Drusen.tif,CNV-033,test,CNV,drusen,OS,.tif,0.0008559964480809867
CNV/33/005_Drusen.tif,CNV-033,test,CNV,drusen,OS,.tif,0.0008367045666091144
CNV/33/006_Drusen.tif,CNV-033,test,CNV,drusen,OS,.tif,0.0007938998169265687
CNV/33/007_Drusen.tif,CNV-033,test,CNV,drusen,OS,.tif,0.0008713131537660956
CNV/33/008_Drusen.tif,CNV-033,test,CNV,drusen,OS,.tif,0.0009105119970627129
CNV/33/009_CNV.tif,CNV-033,test,CNV,cnv,OS,.tif,0.0008400349761359394
CNV/33/010_CNV.tif,CNV-033,test,CNV,cnv,OS,.tif,0.0009564398205839097
CNV/33/011_CNV.tif,CNV-033,test,CNV,cnv,OS,.tif,0.0009812372736632824
CNV/33/012_CNV.tif,CNV-033,test,CNV,cnv,OS,.tif,0.0008765091770328581
CNV/33/013_CNV.tif,CNV-033,test,CNV,cnv,OS,.tif,0.0008718943572603166
CNV/33/014_CNV.tif,CNV-033,test,CNV,cnv,OS,.tif,0.001007491140626371
CNV/33/015_CNV.tif,CNV-033,test,CNV,cnv,OS,.tif,0.0009314508643001318
CNV/33/016_CNV.tif,CNV-033,test,CNV,cnv,OS,.tif,0.0008690290269441903
CNV/33/017_CNV.tif,CNV-033,test,CNV,cnv,OS,.tif,0.0008570284699089825
CNV/33/018_CNV.tif,CNV-033,test,CNV,cnv,OS,.tif,0.0007951248553581536
CNV/33/019_Drusen.tif,CNV-033,test,CNV,drusen,OS,.tif,0.0008027779986150563
CNV/33/020_Drusen.tif,CNV-033,test,CNV,drusen,OS,.tif,0.0008055093348957598
CNV/33/021_Drusen.tif,CNV-033,test,CNV,drusen,OS,.tif,0.0008014808408915997
CNV/33/022_Drusen.tif,CNV-033,test,CNV,drusen,OS,.tif,0.0006900686421431601
CNV/33/023_Drusen.tif,CNV-033,test,CNV,drusen,OS,.tif,0.0007739743450656533
CNV/33/024_Drusen.tif,CNV-033,test,CNV,drusen,OS,.tif,0.0007689121994189918
CNV/33/025_Drusen.tif,CNV-033,test,CNV,drusen,OS,.tif,0.0007319423020817339
CNV/33/026_Drusen.tif,CNV-033,test,CNV,drusen,OS,.tif,0.0006942167528904974
CNV/33/027_Drusen.tif,CNV-033,test,CNV,drusen,OS,.tif,0.0007064494420774281
CNV/33/028_Drusen.tif,CNV-033,test,CNV,drusen,OS,.tif,0.0007035776507109404
CNV/33/029_Drusen.tif,CNV-033,test,CNV,drusen,OS,.tif,0.000632300041615963
CNV/33/030_Drusen.tif,CNV-033,test,CNV,drusen,OS,.tif,0.0006727136787958443
CNV/40/000_Normal.tif,CNV-040,test,CNV,normal,OD,.tif,0.0007130204467102885
CNV/40/001_Normal.tif,CNV-040,test,CNV,normal,OD,.tif,0.0005759053165093064
CNV/40/002_Normal.tif,CNV-040,test,CNV,normal,OD,.tif,0.0004524987889453769
CNV/40/003_Drusen.tif,CNV-040,test,CNV,drusen,OD,.tif,0.0012842998839914799
CNV/40/004_Drusen.tif,CNV-040,test,CNV,drusen,OD,.tif,0.0007337110582739115
CNV/40/005_Drusen.tif,CNV-040,test,CNV,drusen,OD,.tif,0.0006337896920740604
CNV/40/006_Drusen.tif,CNV-040,test,CNV,drusen,OD,.tif,0.0007600521203130484
CNV/40/007_Drusen.tif,CNV-040,test,CNV,drusen,OD,.tif,0.000744386634323746
CNV/40/008_Drusen.tif,CNV-040,test,CNV,drusen,OD,.tif,0.0008047791779972613
CNV/40/009_Drusen.tif,CNV-040,test,CNV,drusen,OD,.tif,0.0008659148006699979
CNV/40/010_Drusen.tif,CNV-040,test,CNV,drusen,OD,.tif,0.000653094844892621
CNV/40/011_Drusen.tif,CNV-040,test,CNV,drusen,OD,.tif,0.0005005585262551904
CNV/40/012_Drusen.tif,CNV-040,test,CNV,drusen,OD,.tif,0.000647911278065294
CNV/40/013_CNV.tif,CNV-040,test,CNV,cnv,OD,.tif,0.0004959899815730751
CNV/40/014_CNV.tif,CNV-040,test,CNV,cnv,OD,.tif,0.0005407634889706969
CNV/40/015_CNV.tif,CNV-040,test,CNV,cnv,OD,.tif,0.0006320825777947903
CNV/40/016_CNV.tif,CNV-040,test,CNV,cnv,OD,.tif,0.0006606353563256562
CNV/40/017_CNV.tif,CNV-040,test,CNV,cnv,OD,.tif,0.0008080477127805352
CNV/40/018_CNV.tif,CNV-040,test,CNV,cnv,OD,.tif,0.0006928546936251223
CNV/40/019_Drusen.tif,CNV-040,test,CNV,drusen,OD,.tif,0.0007275186362676322
CNV/40/020_Drusen.tif,CNV-040,test,CNV,drusen,OD,.tif,0.0006753453053534031
CNV/40/021_Drusen.tif,CNV-040,test,CNV,drusen,OD,.tif,0.0006834278465248644
CNV/40/022_Drusen.tif,CNV-040,test,CNV,drusen,OD,.tif,0.0006427248008549213
CNV/40/023_Drusen.tif,CNV-040,test,CNV,drusen,OD,.tif,0.0007360297604463995
CNV/40/024_Drusen.tif,CNV-040,test,CNV,drusen,OD,.tif,0.0007335953996516764
CNV/40/025_Drusen.tif,CNV-040,test,CNV,drusen,OD,.tif,0.0005402590613812208
CNV/40/026_Drusen.tif,CNV-040,test,CNV,drusen,OD,.tif,0.0006347497110255063
CNV/40/027_Drusen.tif,CNV-040,test,CNV,drusen,OD,.tif,0.0005983712617307901
CNV/40/028_Drusen.tif,CNV-040,test,CNV,drusen,OD,.tif,0.0006317186634987593
CNV/40/029_Drusen.tif,CNV-040,test,CNV,drusen,OD,.tif,0.000661269121337682
CNV/40/030_Drusen.tif,CNV-040,test,CNV,drusen,OD,.tif,0.0007638665265403688
CNV/41/000_Drusen.tif,CNV-041,test,CNV,drusen,OS,.tif,0.0009708383004181087
CNV/41/001_Normal.tif,CNV-041,test,CNV,normal,OS,.tif,0.0010230090701952577
CNV/41/002_Drusen.tif,CNV-041,test,CNV,drusen,OS,.tif,0.0010397990699857473
CNV/41/003_Normal.tif,CNV-041,test,CNV,normal,OS,.tif,0.0011327752145007253
CNV/41/004_Drusen.tif,CNV-041,test,CNV,drusen,OS,.tif,0.0011387016857042909
CNV/41/005_Normal.tif,CNV-041,test,CNV,normal,OS,.tif,0.0011734423460438848
CNV/41/006_Drusen.tif,CNV-041,test,CNV,drusen,OS,.tif,0.0009495591511949897
CNV/41/007_Drusen.tif,CNV-041,test,CNV,drusen,OS,.tif,0.0009892653906717896
CNV/41/008_Drusen.tif,CNV-041,test,CNV,drusen,OS,.tif,0.0009728359873406589
CNV/41/009_CNV.tif,CNV-041,test,CNV,cnv,OS,.tif,0.001003761775791645
CNV/41/010_CNV.tif,CNV-041,test,CNV,cnv,OS,.tif,0.0009992079576477408
CNV/41/011_CNV.tif,CNV-041,test,CNV,cnv,OS,.tif,0.0010039976332336664
CNV/41/012_CNV.tif,CNV-041,test,CNV,cnv,OS,.tif,0.00099904031958431
CNV/41/013_CNV.tif,CNV-041,test,CNV,cnv,OS,.tif,0.001016503549180925
CNV/41/014_CNV.tif,CNV-041,test,CNV,cnv,OS,.tif,0.0010661912383511662
CNV/41/015_CNV.tif,CNV-041,test,CNV,cnv,OS,.tif,0.001137015176936984
CNV/41/016_CNV.tif,CNV-041,test,CNV,cnv,OS,.tif,0.0011631820816546679
CNV/41/017_CNV.tif,CNV-041,test,CNV,cnv,OS,.tif,0.0013575913617387414
CNV/41/018_CNV.tif,CNV-041,test,CNV,cnv,OS,.tif,0.0013838434824720025
CNV/41/019_CNV.tif,CNV-041,test,CNV,cnv,OS,.tif,0.0012813841458410025
CNV/41/020_CNV.tif,CNV-041,test,CNV,cnv,OS,.tif,0.0012120730243623257
CNV/41/021_CNV.tif,CNV-041,test,CNV,cnv,OS,.tif,0.0012348535237833858
CNV/41/022_CNV.tif,CNV-041,test,CNV,cnv,OS,.tif,0.001061428221873939
CNV/41/023_CNV.tif,CNV-041,test,CNV,cnv,OS,.tif,0.0011181969894096255
CNV/41/024_CNV.tif,CNV-041,test,CNV,cnv,OS,.tif,0.0008875253261066973
CNV/41/025_Drusen.tif,CNV-041,test,CNV,drusen,OS,.tif,0.0010299229761585593
CNV/41/026_Normal.tif,CNV-041,test,CNV,normal,OS,.tif,0.000971821544226259
CNV/41/027_Normal.tif,CNV-041,test,CNV,normal,OS,.tif,0.0010602856054902077
CNV/41/028_Normal.tif,CNV-041,test,CNV,normal,OS,.tif,0.0010077533079311252
CNV/41/029_Normal.tif,CNV-041,test,CNV,normal,OS,.tif,0.001044785720296204
CNV/41/030_Normal.tif,CNV-041,test,CNV,normal,OS,.tif,0.0010258723050355911
CNV/43/000_Normal.tif,CNV-043,test,CNV,normal,OS,.tif,0.0008061607368290424
CNV/43/001_Normal.tif,CNV-043,test,CNV,normal,OS,.tif,0.0007716676918789744
CNV/43/002_Normal.tif,CNV-043,test,CNV,normal,OS,.tif,0.0007021380006335676
CNV/43/003_Normal.tif,CNV-043,test,CNV,normal,OS,.tif,0.0008565920288674533
CNV/43/004_Normal.tif,CNV-043,test,CNV,normal,OS,.tif,0.0008154246606864035
CNV/43/005_CNV.tif,CNV-043,test,CNV,cnv,OS,.tif,0.000928931578528136
CNV/43/006_CNV.tif,CNV-043,test,CNV,cnv,OS,.tif,0.0008071346674114466
CNV/43/007_CNV.tif,CNV-043,test,CNV,cnv,OS,.tif,0.0009276047348976135
CNV/43/008_CNV.tif,CNV-043,test,CNV,cnv,OS,.tif,0.0009197035105898976
CNV/43/009_CNV.tif,CNV-043,test,CNV,cnv,OS,.tif,0.0008769418345764279
CNV/43/010_CNV.tif,CNV-043,test,CNV,cnv,OS,.tif,0.0009432059014216065
CNV/43/011_CNV.tif,CNV-043,test,CNV,cnv,OS,.tif,0.0010202766861766577
CNV/43/012_CNV.tif,CNV-043,test,CNV,cnv,OS,.tif,0.0009819442639127374
CNV/43/013_CNV.tif,CNV-043,test,CNV,cnv,OS,.tif,0.000918032368645072
CNV/43/014_CNV.tif,CNV-043,test,CNV,cnv,OS,.tif,0.0009206683607771993
CNV/43/015_CNV.tif,CNV-043,test,CNV,cnv,OS,.tif,0.0009711936581879854
CNV/43/016_CNV.tif,CNV-043,test,CNV,cnv,OS,.tif,0.0008071843185462058
CNV/43/017_CNV.tif,CNV-043,test,CNV,cnv,OS,.tif,0.0007918855408206582
CNV/43/018_CNV.tif,CNV-043,test,CNV,cnv,OS,.tif,0.0007758583524264395
CNV/43/019_Drusen.tif,CNV-043,test,CNV,drusen,OS,.tif,0.0007631870685145259
CNV/43/020_Drusen.tif,CNV-043,test,CNV,drusen,OS,.tif,0.0008133099763654172
CNV/43/021_Drusen.tif,CNV-043,test,CNV,drusen,OS,.tif,0.0008265526266768575
CNV/43/022_Drusen.tif,CNV-043,test,CNV,drusen,OS,.tif,0.0008003439288586378
CNV/43/023_Drusen.tif,CNV-043,test,CNV,drusen,OS,.tif,0.0008381794905290008
CNV/43/024_Normal.tif,CNV-043,test,CNV,normal,OS,.tif,0.0009034778922796249
CNV/44/000_NOrmal.tif,CNV-044,test,CNV,normal,OD,.tif,0.001757216639816761
CNV/44/001_Drusen.tif,CNV-044,test,CNV,drusen,OD,.tif,0.0017631963128224015
CNV/44/002_NOrmal.tif,CNV-044,test,CNV,normal,OD,.tif,0.00163315050303936
CNV/44/003_NOrmal.tif,CNV-044,test,CNV,normal,OD,.tif,0.0016801002202555537
CNV/44/004_Drusen.tif,CNV-044,test,CNV,drusen,OD,.tif,0.0017364522209390998
CNV/44/005_Drusen.tif,CNV-044,test,CNV,drusen,OD,.tif,0.001715330989100039
CNV/44/006_Drusen.tif,CNV-044,test,CNV,drusen,OD,.tif,0.0016920851776376367
CNV/44/007_NOrmal.tif,CNV-044,test,CNV,normal,OD,.tif,0.0017156359972432256
CNV/44/008_CNV.tif,CNV-044,test,CNV,cnv,OD,.tif,0.001794585376046598
CNV/44/009_CNV.tif,CNV-044,test,CNV,cnv,OD,.tif,0.001818399759940803
CNV/44/010_CNV.tif,CNV-044,test,CNV,cnv,OD,.tif,0.0019342040177434683
CNV/44/011_CNV.tif,CNV-044,test,CNV,cnv,OD,.tif,0.0020389684941619635
CNV/44/012_CNV.tif,CNV-044,test,CNV,cnv,OD,.tif,0.0018844190053641796
CNV/44/013_CNV.tif,CNV-044,test,CNV,cnv,OD,.tif,0.001973482081666589
CNV/44/014_CNV.tif,CNV-044,test,CNV,cnv,OD,.tif,0.0019434939604252577
CNV/44/015_CNV.tif,CNV-044,test,CNV,cnv,OD,.tif,0.001876669586636126
CNV/44/016_CNV.tif,CNV-044,test,CNV,cnv,OD,.tif,0.0019602009560912848
CNV/44/017_CNV.tif,CNV-044,test,CNV,cnv,OD,.tif,0.001776608289219439
CNV/44/018_CNV.tif,CNV-044,test,CNV,cnv,OD,.tif,0.0014546820893883705
CNV/44/019_CNV.tif,CNV-044,test,CNV,cnv,OD,.tif,0.0015977820148691535
CNV/44/020_NOrmal.tif,CNV-044,test,CNV,normal,OD,.tif,0.0016241715056821704
CNV/44/021_NOrmal.tif,CNV-044,test,CNV,normal,OD,.tif,0.0016656126827001572
CNV/44/022_NOrmal.tif,CNV-044,test,CNV,normal,OD,.tif,0.0015666619874536991
CNV/44/023_NOrmal.tif,CNV-044,test,CNV,normal,OD,.tif,0.0015733761247247458
CNV/44/024_NOrmal.tif,CNV-044,test,CNV,normal,OD,.tif,0.0015464199241250753
CNV/44/025_NOrmal.tif,CNV-044,test,CNV,normal,OD,.tif,0.0014798473566770554
CNV/44/026_NOrmal.tif,CNV-044,test,CNV,normal,OD,.tif,0.0015576621517539024
CNV/44/027_NOrmal.tif,CNV-044,test,CNV,normal,OD,.tif,0.001556434202939272
CNV/44/028_NOrmal.tif,CNV-044,test,CNV,normal,OD,.tif,0.0016798756550997496
CNV/44/029_NOrmal.tif,CNV-044,test,CNV,normal,OD,.tif,0.001601404044777155
CNV/44/030_NOrmal.tif,CNV-044,test,CNV,normal,OD,.tif,0.0016657138476148248
CNV/46/000_Drusen.tif,CNV-046,test,CNV,drusen,OS,.tif,0.000900732702575624
CNV/46/001_Normal.tif,CNV-046,test,CNV,normal,OS,.tif,0.0011788613628596067
CNV/46/002_Drusen.tif,CNV-046,test,CNV,drusen,OS,.tif,0.0009521612082608044
CNV/46/003_Drusen.tif,CNV-046,test,CNV,drusen,OS,.tif,0.0008922346751205623
CNV/46/004_Drusen.tif,CNV-046,test,CNV,drusen,OS,.tif,0.0009337557712569833
CNV/46/005_Drusen.tif,CNV-046,test,CNV,drusen,OS,.tif,0.00099761295132339
CNV/46/006_Normal.tif,CNV-046,test,CNV,normal,OS,.tif,0.0010253586806356907
CNV/46/007_Drusen.tif,CNV-046,test,CNV,drusen,OS,.tif,0.0011070307809859514
CNV/46/008_Drusen.tif,CNV-046,test,CNV,drusen,OS,.tif,0.0012119982857257128
CNV/46/009_Drusen.tif,CNV-046,test,CNV,drusen,OS,.tif,0.0010296544060111046
CNV/46/010_Drusen.tif,CNV-046,test,CNV,drusen,OS,.tif,0.0013072736328467727
CNV/46/011_Drusen.tif,CNV-046,test,CNV,drusen,OS,.tif,0.0013951020082458854
CNV/46/012_CNV.tif,CNV-046,test,CNV,cnv,OS,.tif,0.0014308658428490162
CNV/46/013_CNV.tif,CNV-046,test,CNV,cnv,OS,.tif,0.0007964397082105279
CNV/46/014_CNV.tif,CNV-046,test,CNV,cnv,OS,.tif,0.0007408848032355309
CNV/46/015_CNV.tif,CNV-046,test,CNV,cnv,OS,.tif,0.0008518146933056414
CNV/46/016_Normal.tif,CNV-046,test,CNV,normal,OS,.tif,0.001037341309711337
CNV/46/017_Normal.tif,CNV-046,test,CNV,normal,OS,.tif,0.0011205857153981924
CNV/46/018_Normal.tif,CNV-046,test,CNV,normal,OS,.tif,0.0021591465920209885
CNV/46/019_Normal.tif,CNV-046,test,CNV,normal,OS,.tif,0.0018593305721879005
CNV/46/020_Normal.tif,CNV-046,test,CNV,normal,OS,.tif,0.0008915996877476573
CNV/46/021_Normal.tif,CNV-046,test,CNV,normal,OS,.tif,0.0008821908268146217
CNV/46/022_Normal.tif,CNV-046,test,CNV,normal,OS,.tif,0.0008635320700705051
CNV/46/023_Normal.tif,CNV-046,test,CNV,normal,OS,.tif,0.0009300790843553841
CNV/46/024_Drusen.tif,CNV-046,test,CNV,drusen,OS,.tif,0.0008907468290999532
CNV/46/025_Normal.tif,CNV-046,test,CNV,normal,OS,.tif,0.0009517885628156364
CNV/46/026_Normal.tif,CNV-046,test,CNV,normal,OS,.tif,0.0009427955374121666
CNV/46/027_Normal.tif,CNV-046,test,CNV,normal,OS,.tif,0.0009462409070692956
CNV/46/028_Normal.tif,CNV-046,test,CNV,normal,OS,.tif,0.0009529496310278773
CNV/46/029_Normal.tif,CNV-046,test,CNV,normal,OS,.tif,0.0009417328401468694
CNV/46/030_Normal.tif,CNV-046,test,CNV,normal,OS,.tif,0.0009427187615074217
CNV/49/000_CNV.tif,CNV-049,test,CNV,cnv,OS,.tif,0.001205900451168418
CNV/49/001_CNV.tif,CNV-049,test,CNV,cnv,OS,.tif,0.0013724793680012226
CNV/49/002_CNV.tif,CNV-049,test,CNV,cnv,OS,.tif,0.0012686805566772819
CNV/49/003_CNV.tif,CNV-049,test,CNV,cnv,OS,.tif,0.0013329748762771487
CNV/49/004_CNV.tif,CNV-049,test,CNV,cnv,OS,.tif,0.0010247040772810578
CNV/49/005_CNV.tif,CNV-049,test,CNV,cnv,OS,.tif,0.0010647430317476392
CNV/49/006_CNV.tif,CNV-049,test,CNV,cnv,OS,.tif,0.0014525261940434575
CNV/49/007_CNV.tif,CNV-049,test,CNV,cnv,OS,.tif,0.0014543941942974925
CNV/49/008_CNV.tif,CNV-049,test,CNV,cnv,OS,.tif,0.0013980247313156724
CNV/49/009_CNV.tif,CNV-049,test,CNV,cnv,OS,.tif,0.0015332716284319758
CNV/49/010_CNV.tif,CNV-049,test,CNV,cnv,OS,.tif,0.0013296345714479685
CNV/49/011_CNV.tif,CNV-049,test,CNV,cnv,OS,.tif,0.0015021932777017355
CNV/49/012_CNV.tif,CNV-049,test,CNV,cnv,OS,.tif,0.001291870721615851
CNV/49/013_CNV.tif,CNV-049,test,CNV,cnv,OS,.tif,0.001175564480945468
CNV/49/014_CNV.tif,CNV-049,test,CNV,cnv,OS,.tif,0.0011597173288464546
CNV/49/015_CNV.tif,CNV-049,test,CNV,cnv,OS,.tif,0.0008882694528438151
CNV/49/016_CNV.tif,CNV-049,test,CNV,cnv,OS,.tif,0.0010753662791103125
CNV/49/017_CNV.tif,CNV-049,test,CNV,cnv,OS,.tif,0.0010459984187036753
CNV/49/018_CNV.tif,CNV-049,test,CNV,cnv,OS,.tif,0.0009689267026260495
CNV/49/019_CNV.tif,CNV-049,test,CNV,cnv,OS,.tif,0.001041178940795362
CNV/49/020_CNV.tif,CNV-049,test,CNV,cnv,OS,.tif,0.0008594444370828569
CNV/49/021_CNV.tif,CNV-049,test,CNV,cnv,OS,.tif,0.0009593312861397862
CNV/49/022_CNV.tif,CNV-049,test,CNV,cnv,OS,.tif,0.0008497248054482043
CNV/49/023_CNV.tif,CNV-049,test,CNV,cnv,OS,.tif,0.0008108217152766883
CNV/49/024_CNV.tif,CNV-049,test,CNV,cnv,OS,.tif,0.0009412788785994053
CNV/49/025_Drusen.tif,CNV-049,test,CNV,drusen,OS,.tif,0.000789135170634836
CNV/49/026_Drusen.tif,CNV-049,test,CNV,drusen,OS,.tif,0.0009308708249591291
CNV/49/027_Drusen.tif,CNV-049,test,CNV,drusen,OS,.tif,0.0009932343382388353
CNV/49/028_Drusen.tif,CNV-049,test,CNV,drusen,OS,.tif,0.000922998646274209
CNV/49/029_Drusen.tif,CNV-049,test,CNV,drusen,OS,.tif,0.0010843740310519934
CNV/49/030_Drusen.tif,CNV-049,test,CNV,drusen,OS,.tif,0.0009258852805942297
CNV/52/OD/000_Normal.tif,CNV-052,test,CNV,normal,OD,.tif,0.0020581288263201714
CNV/52/OD/001_Normal.tif,CNV-052,test,CNV,normal,OD,.tif,0.002208390738815069
CNV/52/OD/002_Normal.tif,CNV-052,test,CNV,normal,OD,.tif,0.001512044225819409
CNV/52/OD/003_Normal.tif,CNV-052,test,CNV,normal,OD,.tif,0.0011646882630884647
CNV/52/OD/004_Normal.tif,CNV-052,test,CNV,normal,OD,.tif,0.0010854974389076233
CNV/52/OD/005_Normal.tif,CNV-052,test,CNV,normal,OD,.tif,0.0008566250326111913
CNV/52/OD/006_Normal.tif,CNV-052,test,CNV,normal,OD,.tif,0.0008786696125753224
CNV/52/OD/007_Normal.tif,CNV-052,test,CNV,normal,OD,.tif,0.0008914027130231261
CNV/52/OD/008_Drusen.tif,CNV-052,test,CNV,drusen,OD,.tif,0.0009553366689942777
CNV/52/OD/009_Drusen.tif,CNV-052,test,CNV,drusen,OD,.tif,0.001024253317154944
CNV/52/OD/010_Drusen.tif,CNV-052,test,CNV,drusen,OD,.tif,0.0010666586458683014
CNV/52/OD/011_CNV.tif,CNV-052,test,CNV,cnv,OD,.tif,0.0010989359579980373
CNV/52/OD/012_CNV.tif,CNV-052,test,CNV,cnv,OD,.tif,0.0011714249849319458
CNV/52/OD/013_CNV.tif,CNV-052,test,CNV,cnv,OD,.tif,0.0012661577202379704
CNV/52/OD/014_CNV.tif,CNV-052,test,CNV,cnv,OD,.tif,0.001319844159297645
CNV/52/OD/015_CNV.tif,CNV-052,test,CNV,cnv,OD,.tif,0.0011267638765275478
CNV/52/OD/016_Drusen.tif,CNV-052,test,CNV,drusen,OD,.tif,0.0009389094775542617
CNV/52/OD/017_Drusen.tif,CNV-052,test,CNV,drusen,OD,.tif,0.0009233989403583109
CNV/52/OD/018_Drusen.tif,CNV-052,test,CNV,drusen,OD,.tif,0.00103840883821249
CNV/52/OD/019_Drusen.tif,CNV-052,test,CNV,drusen,OD,.tif,0.0009898418793454766
CNV/52/OD/020_Normal.tif,CNV-052,test,CNV,normal,OD,.tif,0.0009861018043011427
CNV/52/OD/021_Normal.tif,CNV-052,test,CNV,normal,OD,.tif,0.0008809035061858594
CNV/52/OD/022_Normal.tif,CNV-052,test,CNV,normal,OD,.tif,0.0008319030166603625
CNV/52/OD/023_Normal.tif,CNV-052,test,CNV,normal,OD,.tif,0.0008360589854419231
CNV/52/OD/024_Normal.tif,CNV-052,test,CNV,normal,OD,.tif,0.000865247449837625
CNV/52/OD/025_Normal.tif,CNV-052,test,CNV,normal,OD,.tif,0.0008679880411364138
CNV/52/OD/026_Normal.tif,CNV-052,test,CNV,normal,OD,.tif,0.0008008534787222743
CNV/52/OD/027_Normal.tif,CNV-052,test,CNV,normal,OD,.tif,0.0007781836320646107
CNV/52/OD/028_Normal.tif,CNV-052,test,CNV,normal,OD,.tif,0.0008376646437682211
CNV/52/OD/029_Normal.tif,CNV-052,test,CNV,normal,OD,.tif,0.0009780145483091474
CNV/52/OD/030_Normal.tif,CNV-052,test,CNV,normal,OD,.tif,0.0009556984296068549
CNV/52/OS/000_Normal.tif,CNV-052,test,CNV,normal,OS,.tif,0.0008869979646988213
CNV/52/OS/001_Normal.tif,CNV-052,test,CNV,normal,OS,.tif,0.0008640053565613925
CNV/52/OS/002_Normal.tif,CNV-052,test,CNV,normal,OS,.tif,0.0006579936016350985
CNV/52/OS/003_Normal.tif,CNV-052,test,CNV,normal,OS,.tif,0.0009727161377668381
CNV/52/OS/004_Normal.tif,CNV-052,test,CNV,normal,OS,.tif,0.0008178316638804972
CNV/52/OS/005_Normal.tif,CNV-052,test,CNV,normal,OS,.tif,0.0009069563238881528
CNV/52/OS/006_Drusen.tif,CNV-052,test,CNV,drusen,OS,.tif,0.00096876424504444
CNV/52/OS/007_CNV.tif,CNV-052,test,CNV,cnv,OS,.tif,0.0009439900750294328
CNV/52/OS/008_CNV.tif,CNV-052,test,CNV,cnv,OS,.tif,0.0009458475979045033
CNV/52/OS/009_CNV.tif,CNV-052,test,CNV,cnv,OS,.tif,0.0009789655450731516
CNV/52/OS/010_CNV.tif,CNV-052,test,CNV,cnv,OS,.tif,0.001048167236149311
CNV/52/OS/011_CNV.tif,CNV-052,test,CNV,cnv,OS,.tif,0.0009119508904404938
CNV/52/OS/012_CNV.tif,CNV-052,test,CNV,cnv,OS,.tif,0.0011518651153892279
CNV/52/OS/013_CNV.tif,CNV-052,test,CNV,cnv,OS,.tif,0.0011843576794490218
CNV/52/OS/014_CNV.tif,CNV-052,test,CNV,cnv,OS,.tif,0.0012240931391716003
CNV/52/OS/015_CNV.tif,CNV-052,test,CNV,cnv,OS,.tif,0.0011166621698066592
CNV/52/OS/016_CNV.tif,CNV-052,test,CNV,cnv,OS,.tif,0.0010703697334975004
CNV/52/OS/017_CNV.tif,CNV-052,test,CNV,cnv,OS,.tif,0.0010207792511209846
CNV/52/OS/018_CNV.tif,CNV-052,test,CNV,cnv,OS,.tif,0.0009352947818115354
CNV/52/OS/019_CNV.tif,CNV-052,test,CNV,cnv,OS,.tif,0.0008796397596597672
CNV/52/OS/020_Normal.tif,CNV-052,test,CNV,normal,OS,.tif,0.0008478515665046871
CNV/52/OS/021_Normal.tif,CNV-052,test,CNV,normal,OS,.tif,0.000859379128087312
CNV/52/OS/022_Normal.tif,CNV-052,test,CNV,normal,OS,.tif,0.0008209266816265881
CNV/52/OS/023_Normal.tif,CNV-052,test,CNV,normal,OS,.tif,0.0007590932655148208
CNV/52/OS/024_Normal.tif,CNV-052,test,CNV,normal,OS,.tif,0.0007772682583890855
CNV/52/OS/025_Normal.tif,CNV-052,test,CNV,normal,OS,.tif,0.0007404179195873439
CNV/52/OS/026_Normal.tif,CNV-052,test,CNV,normal,OS,.tif,0.0007973839528858662
CNV/52/OS/027_Normal.tif,CNV-052,test,CNV,normal,OS,.tif,0.0007250289199873805
CNV/52/OS/028_Normal.tif,CNV-052,test,CNV,normal,OS,.tif,0.0007004032377153635
CNV/52/OS/029_Normal.tif,CNV-052,test,CNV,normal,OS,.tif,0.0007333845132961869
CNV/52/OS/030_Normal.tif,CNV-052,test,CNV,normal,OS,.tif,0.0007958983769640326
CNV/54/OD/000_DRusen.tif,CNV-054,test,CNV,drusen,OD,.tif,0.0007709643105044961
CNV/54/OD/001_DRusen.tif,CNV-054,test,CNV,drusen,OD,.tif,0.0007094535394571722
CNV/54/OD/002_DRusen.tif,CNV-054,test,CNV,drusen,OD,.tif,0.0008212952525354922
CNV/54/OD/003_DRusen.tif,CNV-054,test,CNV,drusen,OD,.tif,0.0007105497061274946
CNV/54/OD/004_DRusen.tif,CNV-054,test,CNV,drusen,OD,.tif,0.0006430179346352816
CNV/54/OD/005_CNV.tif,CNV-054,test,CNV,cnv,OD,.tif,0.0008805185207165778
CNV/54/OD/006_CNV.tif,CNV-054,test,CNV,cnv,OD,.tif,0.0004380750469863415
CNV/54/OD/007_CNV.tif,CNV-054,test,CNV,cnv,OD,.tif,0.0008708472596481442
CNV/54/OD/008_CNV.tif,CNV-054,test,CNV,cnv,OD,.tif,0.0009603316430002451
CNV/54/OD/009_CNV.tif,CNV-054,test,CNV,cnv,OD,.tif,0.000713688088580966
CNV/54/OD/010_CNV.tif,CNV-054,test,CNV,cnv,OD,.tif,0.0010681889252737164
CNV/54/OD/011_CNV.tif,CNV-054,test,CNV,cnv,OD,.tif,0.0010532994056120515
CNV/54/OD/012_CNV.tif,CNV-054,test,CNV,cnv,OD,.tif,0.0010990537703037262
CNV/54/OD/013_CNV.tif,CNV-054,test,CNV,cnv,OD,.tif,0.0008586833719164133
CNV/54/OD/014_CNV.tif,CNV-054,test,CNV,cnv,OD,.tif,0.0007279131095856428
CNV/54/OD/015_CNV.tif,CNV-054,test,CNV,cnv,OD,.tif,0.000939779041800648
CNV/54/OD/016_CNV.tif,CNV-054,test,CNV,cnv,OD,.tif,0.0010223048739135265
CNV/54/OD/017_CNV.tif,CNV-054,test,CNV,cnv,OD,.tif,0.000950463698245585
CNV/54/OD/018_CNV.tif,CNV-054,test,CNV,cnv,OD,.tif,0.0009523953776806593
CNV/54/OD/019_CNV.tif,CNV-054,test,CNV,cnv,OD,.tif,0.0007241383427754045
CNV/54/OD/020_CNV.tif,CNV-054,test,CNV,cnv,OD,.tif,0.0008195043774321675
CNV/54/OD/021_CNV.tif,CNV-054,test,CNV,cnv,OD,.tif,0.0007944254321046174
CNV/54/OD/022_CNV.tif,CNV-054,test,CNV,cnv,OD,.tif,0.0005709492252208292
CNV/54/OD/023_CNV.tif,CNV-054,test,CNV,cnv,OD,.tif,0.0007246580789797008
CNV/54/OD/024_CNV.tif,CNV-054,test,CNV,cnv,OD,.tif,0.0008629735093563795
CNV/54/OS/000_CNV.tif,CNV-054,test,CNV,cnv,OS,.tif,0.0009531124378554523
CNV/54/OS/001_CNV.tif,CNV-054,test,CNV,cnv,OS,.tif,0.0012055044062435627
CNV/54/OS/002_CNV.tif,CNV-054,test,CNV,cnv,OS,.tif,0.001098591834306717
CNV/54/OS/003_CNV.tif,CNV-054,test,CNV,cnv,OS,.tif,0.001105613075196743
CNV/54/OS/004_CNV.tif,CNV-054,test,CNV,cnv,OS,.tif,0.0012953238328918815
CNV/54/OS/005_CNV.tif,CNV-054,test,CNV,cnv,OS,.tif,0.001249955384992063
CNV/54/OS/006_CNV.tif,CNV-054,test,CNV,cnv,OS,.tif,0.0012880518333986402
CNV/54/OS/007_CNV.tif,CNV-054,test,CNV,cnv,OS,.tif,0.001149152172729373
CNV/54/OS/008_CNV.tif,CNV-054,test,CNV,cnv,OS,.tif,0.0013982984237372875
CNV/54/OS/009_CNV.tif,CNV-054,test,CNV,cnv,OS,.tif,0.0014302876079455018
CNV/54/OS/010_CNV.tif,CNV-054,test,CNV,cnv,OS,.tif,0.0011502429842948914
CNV/54/OS/011_CNV.tif,CNV-054,test,CNV,cnv,OS,.tif,0.0015502708265557885
CNV/54/OS/012_CNV.tif,CNV-054,test,CNV,cnv,OS,.tif,0.0011266658548265696
CNV/54/OS/013_CNV.tif,CNV-054,test,CNV,cnv,OS,.tif,0.0015085662016645074
CNV/54/OS/014_CNV.tif,CNV-054,test,CNV,cnv,OS,.tif,0.001142020570114255
CNV/54/OS/015_CNV.tif,CNV-054,test,CNV,cnv,OS,.tif,0.0012300340458750725
CNV/54/OS/016_CNV.tif,CNV-054,test,CNV,cnv,OS,.tif,0.001226400607265532
CNV/54/OS/017_Drusen.tif,CNV-054,test,CNV,drusen,OS,.tif,0.0013862402411177754
CNV/54/OS/018_Drusen.tif,CNV-054,test,CNV,drusen,OS,.tif,0.0008486573933623731
CNV/54/OS/019_Drusen.tif,CNV-054,test,CNV,drusen,OS,.tif,0.0007181991823017597
CNV/54/OS/020_Drusen.tif,CNV-054,test,CNV,drusen,OS,.tif,0.0010654751677066088
CNV/54/OS/021_Drusen.tif,CNV-054,test,CNV,drusen,OS,.tif,0.0009726422722451389
CNV/54/OS/022_Drusen.tif,CNV-054,test,CNV,drusen,OS,.tif,0.0008583416929468513
CNV/54/OS/023_Drusen.tif,CNV-054,test,CNV,drusen,OS,.tif,0.0011083802673965693
CNV/54/OS/024_Drusen.tif,CNV-054,test,CNV,drusen,OS,.tif,0.0011946161976084113
CNV/55/000_CNV.tif,CNV-055,test,CNV,cnv,OD,.tif,0.0009302853140980005
CNV/55/001_CNV.tif,CNV-055,test,CNV,cnv,OD,.tif,0.0009223948582075536
CNV/55/002_CNV.tif,CNV-055,test,CNV,cnv,OD,.tif,0.0009476037230342627
CNV/55/003_CNV.tif,CNV-055,test,CNV,cnv,OD,.tif,0.0009303728584200144
CNV/55/004_CNV.tif,CNV-055,test,CNV,cnv,OD,.tif,0.0008909189491532743
CNV/55/005_CNV.tif,CNV-055,test,CNV,cnv,OD,.tif,0.0009881826117634773
CNV/55/006_CNV.tif,CNV-055,test,CNV,cnv,OD,.tif,0.0010266179451718926
CNV/55/007_CNV.tif,CNV-055,test,CNV,cnv,OD,.tif,0.0010067867115139961
CNV/55/008_CNV.tif,CNV-055,test,CNV,cnv,OD,.tif,0.0009546222863718867
CNV/55/009_CNV.tif,CNV-055,test,CNV,cnv,OD,.tif,0.0010385470231994987
CNV/55/010_CNV.tif,CNV-055,test,CNV,cnv,OD,.tif,0.0011112999636679888
CNV/55/011_CNV.tif,CNV-055,test,CNV,cnv,OD,.tif,0.0011535814264789224
CNV/55/012_CNV.tif,CNV-055,test,CNV,cnv,OD,.tif,0.0012064229231327772
CNV/55/013_CNV.tif,CNV-055,test,CNV,cnv,OD,.tif,0.0013092687586322427
CNV/55/014_CNV.tif,CNV-055,test,CNV,cnv,OD,.tif,0.0011443959083408117
CNV/55/015_CNV.tif,CNV-055,test,CNV,cnv,OD,.tif,0.0012038113782182336
CNV/55/016_CNV.tif,CNV-055,test,CNV,cnv,OD,.tif,0.0013446173397824168
CNV/55/017_CNV.tif,CNV-055,test,CNV,cnv,OD,.tif,0.0013036612654104829
CNV/55/018_CNV.tif,CNV-055,test,CNV,cnv,OD,.tif,0.0013226316077634692
CNV/55/019_CNV.tif,CNV-055,test,CNV,cnv,OD,.tif,0.001108413329347968
CNV/55/020_Drusen.tif,CNV-055,test,CNV,drusen,OD,.tif,0.0010352294193580747
CNV/55/021_NOrmal.tif,CNV-055,test,CNV,normal,OD,.tif,0.0010518694762140512
CNV/55/022_Drusen.tif,CNV-055,test,CNV,drusen,OD,.tif,0.0009087019716389477
CNV/55/023_Drusen.tif,CNV-055,test,CNV,drusen,OD,.tif,0.0009748258744366467
CNV/55/024_CNV.tif,CNV-055,test,CNV,cnv,OD,.tif,0.0009143718634732068
CNV/55/025_Drusen.tif,CNV-055,test,CNV,drusen,OD,.tif,0.0011069246102124453
CNV/55/026_Drusen.tif,CNV-055,test,CNV,drusen,OD,.tif,0.0011293294373899698
CNV/55/027_Drusen.tif,CNV-055,test,CNV,drusen,OD,.tif,0.0010733823291957378
CNV/55/028_Drusen.tif,CNV-055,test,CNV,drusen,OD,.tif,0.0011491483310237527
CNV/55/029_Drusen.tif,CNV-055,test,CNV,drusen,OD,.tif,0.0011265793582424521
CNV/55/030_CNV.tif,CNV-055,test,CNV,cnv,OD,.tif,0.0011285097571089864
CNV/56/000_Normal.tif,CNV-056,test,CNV,normal,OS,.tif,0.0009046631748788059
CNV/56/001_Normal.tif,CNV-056,test,CNV,normal,OS,.tif,0.0007702677394263446
CNV/56/002_Normal.tif,CNV-056,test,CNV,normal,OS,.tif,0.0009155682055279613
CNV/56/003_Normal.tif,CNV-056,test,CNV,normal,OS,.tif,0.0007970345905050635
CNV/56/004_Normal.tif,CNV-056,test,CNV,normal,OS,.tif,0.0007619708776473999
CNV/56/005_Normal.tif,CNV-056,test,CNV,normal,OS,.tif,0.0009426604956388474
CNV/56/006_Normal.tif,CNV-056,test,CNV,normal,OS,.tif,0.0009372594649903476
CNV/56/007_Drusen.tif,CNV-056,test,CNV,drusen,OS,.tif,0.0008387129055336118
CNV/56/008_Drusen.tif,CNV-056,test,CNV,drusen,OS,.tif,0.0008189596701413393
CNV/56/009_Drusen.tif,CNV-056,test,CNV,drusen,OS,.tif,0.0007739758002571762
CNV/56/010_Drusen.tif,CNV-056,test,CNV,drusen,OS,.tif,0.000774368760176003
CNV/56/011_Drusen.tif,CNV-056,test,CNV,drusen,OS,.tif,0.0007832290139049292
CNV/56/012_Drusen.tif,CNV-056,test,CNV,drusen,OS,.tif,0.000960642471909523
CNV/56/013_CNV.tif,CNV-056,test,CNV,cnv,OS,.tif,0.0009909870568662882
CNV/56/014_CNV.tif,CNV-056,test,CNV,cnv,OS,.tif,0.0008634039550088346
CNV/56/015_CNV.tif,CNV-056,test,CNV,cnv,OS,.tif,0.0006499796872958541
CNV/56/016_CNV.tif,CNV-056,test,CNV,cnv,OS,.tif,0.0007026935927569866
CNV/56/017_CNV.tif,CNV-056,test,CNV,cnv,OS,.tif,0.0007484079105779529
CNV/56/018_CNV.tif,CNV-056,test,CNV,cnv,OS,.tif,0.0008655634010210633
CNV/56/019_CNV.tif,CNV-056,test,CNV,cnv,OS,.tif,0.0007978990906849504
CNV/56/020_CNV.tif,CNV-056,test,CNV,cnv,OS,.tif,0.0008020344539545476
CNV/56/021_CNV.tif,CNV-056,test,CNV,cnv,OS,.tif,0.0007169664022512734
CNV/56/022_Drusen.tif,CNV-056,test,CNV,drusen,OS,.tif,0.0007820738828741014
CNV/56/023_Drusen.tif,CNV-056,test,CNV,drusen,OS,.tif,0.0007574303890578449
CNV/56/024_Drusen.tif,CNV-056,test,CNV,drusen,OS,.tif,0.0007329327636398375
CNV/56/025_Drusen.tif,CNV-056,test,CNV,drusen,OS,.tif,0.000768449914176017
CNV/56/026_Drusen.tif,CNV-056,test,CNV,drusen,OS,.tif,0.0008409219444729388
CNV/56/027_Drusen.tif,CNV-056,test,CNV,drusen,OS,.tif,0.0011953564826399088
CNV/56/028_Drusen.tif,CNV-056,test,CNV,drusen,OS,.tif,0.0011670403182506561
CNV/56/029_Drusen.tif,CNV-056,test,CNV,drusen,OS,.tif,0.0011881078826263547
CNV/56/030_Drusen.tif,CNV-056,test,CNV,drusen,OS,.tif,0.0012280954979360104
CNV/58/000_Normal.tif,CNV-058,test,CNV,normal,OS,.tif,0.0007458538166247308
CNV/58/001_Normal.tif,CNV-058,test,CNV,normal,OS,.tif,0.0007261005230247974
CNV/58/002_Normal.tif,CNV-058,test,CNV,normal,OS,.tif,0.0007140507805161178
CNV/58/003_Normal.tif,CNV-058,test,CNV,normal,OS,.tif,0.0006208887789398432
CNV/58/004_Normal.tif,CNV-058,test,CNV,normal,OS,.tif,0.0006471876986324787
CNV/58/005_Drusen.tif,CNV-058,test,CNV,drusen,OS,.tif,0.000687900057528168
CNV/58/006_Drusen.tif,CNV-058,test,CNV,drusen,OS,.tif,0.0009984140051528811
CNV/58/007_Drusen.tif,CNV-058,test,CNV,drusen,OS,.tif,0.0010082186199724674
CNV/58/008_CNV.tif,CNV-058,test,CNV,cnv,OS,.tif,0.0009000393911264837
CNV/58/008_Drusen.tif,CNV-058,test,CNV,drusen,OS,.tif,0.0010305952746421099
CNV/58/009_CNV.tif,CNV-058,test,CNV,cnv,OS,.tif,0.0010224481811746955
CNV/58/009_Normal.tif,CNV-058,test,CNV,normal,OS,.tif,0.0008957187528721988
CNV/58/010_CNV.tif,CNV-058,test,CNV,cnv,OS,.tif,0.0012991359690204263
CNV/58/010_Normal.tif,CNV-058,test,CNV,normal,OS,.tif,0.0009468129137530923
CNV/58/011_CNV.tif,CNV-058,test,CNV,cnv,OS,.tif,0.0013520261272788048
CNV/58/011_Drusen.tif,CNV-058,test,CNV,drusen,OS,.tif,0.0009686284465715289
CNV/58/012_CNV.tif,CNV-058,test,CNV,cnv,OS,.tif,0.001249402528628707
CNV/58/012_Drusen.tif,CNV-058,test,CNV,drusen,OS,.tif,0.0009986540535464883
CNV/58/013_CNV.tif,CNV-058,test,CNV,cnv,OS,.tif,0.0012724989792332053
CNV/58/013_Drusen.tif,CNV-058,test,CNV,drusen,OS,.tif,0.0010891255224123597
CNV/58/014_CNV.tif,CNV-058,test,CNV,cnv,OS,.tif,0.0012317773653194308
CNV/58/015_CNV.tif,CNV-058,test,CNV,cnv,OS,.tif,0.0012606754899024963
CNV/58/016_CNV.tif,CNV-058,test,CNV,cnv,OS,.tif,0.0011002004612237215
CNV/58/017_CNV.tif,CNV-058,test,CNV,cnv,OS,.tif,0.0012508532963693142
CNV/58/018_CNV.tif,CNV-058,test,CNV,cnv,OS,.tif,0.0011328578693792224
CNV/58/019_CNV.tif,CNV-058,test,CNV,cnv,OS,.tif,0.0010963629465550184
CNV/58/020_CNV.tif,CNV-058,test,CNV,cnv,OS,.tif,0.0011823367094621062
CNV/58/020_Drusen.tif,CNV-058,test,CNV,drusen,OS,.tif,0.0009983908385038376
CNV/58/021_Normal.tif,CNV-058,test,CNV,normal,OS,.tif,0.0012835435336455703
CNV/58/022_Normal.tif,CNV-058,test,CNV,normal,OS,.tif,0.001138749299570918
CNV/58/023_Normal.tif,CNV-058,test,CNV,normal,OS,.tif,0.001212611678056419
CNV/58/024_Normal.tif,CNV-058,test,CNV,normal,OS,.tif,0.0010497788898646832
CNV/58/025_Normal.tif,CNV-058,test,CNV,normal,OS,.tif,0.0011435048654675484
CNV/58/026_Normal.tif,CNV-058,test,CNV,normal,OS,.tif,0.0009408424375578761
CNV/58/027_Normal.tif,CNV-058,test,CNV,normal,OS,.tif,0.001001786906272173
CNV/58/028_Normal.tif,CNV-058,test,CNV,normal,OS,.tif,0.0010360709857195616
CNV/58/029_Normal.tif,CNV-058,test,CNV,normal,OS,.tif,0.0009381742565892637
CNV/58/030_Normal.tif,CNV-058,test,CNV,normal,OS,.tif,0.0008844955009408295
CNV/60/000_CNV.tif,CNV-060,test,CNV,cnv,OS,.tif,0.0012085725320503116
CNV/60/001_CNV.tif,CNV-060,test,CNV,cnv,OS,.tif,0.0010136316996067762
CNV/60/002_CNV.tif,CNV-060,test,CNV,cnv,OS,.tif,0.0009667272679507732
CNV/60/003_CNV.tif,CNV-060,test,CNV,cnv,OS,.tif,0.00118817703332752
CNV/60/004_CNV.tif,CNV-060,test,CNV,cnv,OS,.tif,0.0013039376353845
CNV/60/005_CNV.tif,CNV-060,test,CNV,cnv,OS,.tif,0.0015139910392463207
CNV/60/006_CNV.tif,CNV-060,test,CNV,cnv,OS,.tif,0.0015351076144725084
CNV/60/007_CNV.tif,CNV-060,test,CNV,cnv,OS,.tif,0.0012468334753066301
CNV/60/008_CNV.tif,CNV-060,test,CNV,cnv,OS,.tif,0.001256568357348442
CNV/60/009_CNV.tif,CNV-060,test,CNV,cnv,OS,.tif,0.0012249548453837633
CNV/60/010_CNV.tif,CNV-060,test,CNV,cnv,OS,.tif,0.0012734882766380906
CNV/60/011_CNV.tif,CNV-060,test,CNV,cnv,OS,.tif,0.0013108786661177874
CNV/60/012_CNV.tif,CNV-060,test,CNV,cnv,OS,.tif,0.002251413883641362
CNV/60/013_CNV.tif,CNV-060,test,CNV,cnv,OS,.tif,0.0018210645066574216
CNV/60/014_CNV.tif,CNV-060,test,CNV,cnv,OS,.tif,0.0015258229104802012
CNV/60/015_CNV.tif,CNV-060,test,CNV,cnv,OS,.tif,0.0014359200140461326
CNV/60/016_CNV.tif,CNV-060,test,CNV,cnv,OS,.tif,0.0016624676063656807
CNV/60/017_CNV.tif,CNV-060,test,CNV,cnv,OS,.tif,0.0014458606019616127
CNV/60/018_CNV.tif,CNV-060,test,CNV,cnv,OS,.tif,0.0013013368006795645
CNV/60/019_CNV.tif,CNV-060,test,CNV,cnv,OS,.tif,0.0014142016880214214
CNV/60/020_CNV.tif,CNV-060,test,CNV,cnv,OS,.tif,0.0014375406317412853
CNV/60/021_CNV.tif,CNV-060,test,CNV,cnv,OS,.tif,0.0013103049714118242
CNV/60/022_CNV.tif,CNV-060,test,CNV,cnv,OS,.tif,0.0013550258008763194
CNV/60/023_CNV.tif,CNV-060,test,CNV,cnv,OS,.tif,0.00134463410358876
CNV/60/024_CNV.tif,CNV-060,test,CNV,cnv,OS,.tif,0.001327067264355719
CNV/60/025_CNV.tif,CNV-060,test,CNV,cnv,OS,.tif,0.0012177943717688322
CNV/60/026_CNV.tif,CNV-060,test,CNV,cnv,OS,.tif,0.0013214159989729524
CNV/60/027_CNV.tif,CNV-060,test,CNV,cnv,OS,.tif,0.0011841191444545984
CNV/60/028_CNV.tif,CNV-060,test,CNV,cnv,OS,.tif,0.0010961191728711128
CNV/60/029_CNV.tif,CNV-060,test,CNV,cnv,OS,.tif,0.0010742914164438844
CNV/60/030_CNV.tif,CNV-060,test,CNV,cnv,OS,.tif,0.0008964139851741493
CNV/62/000_CNV.tif,CNV-062,test,CNV,cnv,OD,.tif,0.0024060802534222603
CNV/62/001_CNV.tif,CNV-062,test,CNV,cnv,OD,.tif,0.0020715773571282625
CNV/62/002_CNV.tif,CNV-062,test,CNV,cnv,OD,.tif,0.0017131856875494123
CNV/62/003_CNV.tif,CNV-062,test,CNV,cnv,OD,.tif,0.0009629458654671907
CNV/62/004_CNV.tif,CNV-062,test,CNV,cnv,OD,.tif,0.0018331027822569013
CNV/62/005_CNV.tif,CNV-062,test,CNV,cnv,OD,.tif,0.0017885854467749596
CNV/62/006_CNV.tif,CNV-062,test,CNV,cnv,OD,.tif,0.001271607936359942
CNV/62/007_CNV.tif,CNV-062,test,CNV,cnv,OD,.tif,0.0016490300185978413
CNV/62/008_CNV.tif,CNV-062,test,CNV,cnv,OD,.tif,0.0012778565287590027
CNV/62/009_CNV.tif,CNV-062,test,CNV,cnv,OD,.tif,0.0011004529660567641
CNV/62/010_CNV.tif,CNV-062,test,CNV,cnv,OD,.tif,0.0012245826655998826
CNV/62/011_CNV.tif,CNV-062,test,CNV,cnv,OD,.tif,0.0013649961911141872
CNV/62/012_CNV.tif,CNV-062,test,CNV,cnv,OD,.tif,0.0019787054043263197
CNV/62/013_CNV.tif,CNV-062,test,CNV,cnv,OD,.tif,0.0017162795411422849
CNV/62/014_CNV.tif,CNV-062,test,CNV,cnv,OD,.tif,0.0016607786528766155
CNV/62/015_CNV.tif,CNV-062,test,CNV,cnv,OD,.tif,0.0011291828704997897
CNV/62/016_CNV.tif,CNV-062,test,CNV,cnv,OD,.tif,0.0011370829306542873
CNV/62/017_CNV.tif,CNV-062,test,CNV,cnv,OD,.tif,0.0010945475660264492
CNV/62/018_CNV.tif,CNV-062,test,CNV,cnv,OD,.tif,0.0008018595981411636
CNV/62/019_CNV.tif,CNV-062,test,CNV,cnv,OD,.tif,0.0008950174669735134
CNV/62/020_CNV.tif,CNV-062,test,CNV,cnv,OD,.tif,0.0007942785741761327
CNV/62/021_CNV.tif,CNV-062,test,CNV,cnv,OD,.tif,0.0008555396343581378
CNV/62/022_CNV.tif,CNV-062,test,CNV,cnv,OD,.tif,0.0007241639541462064
CNV/62/023_CNV.tif,CNV-062,test,CNV,cnv,OD,.tif,0.0008542768773622811
CNV/62/024_CNV.tif,CNV-062,test,CNV,cnv,OD,.tif,0.0010271458886563778
CNV/62/025_CNV.tif,CNV-062,test,CNV,cnv,OD,.tif,0.0008358616032637656
CNV/62/026_CNV.tif,CNV-062,test,CNV,cnv,OD,.tif,0.000895676261279732
CNV/62/027_CNV.tif,CNV-062,test,CNV,cnv,OD,.tif,0.0008162318263202906
CNV/62/028_CNV.tif,CNV-062,test,CNV,cnv,OD,.tif,0.0009284208645112813
CNV/62/029_Drusen.tif,CNV-062,test,CNV,drusen,OD,.tif,0.0006197593756951392
CNV/62/030_Drusen.tif,CNV-062,test,CNV,drusen,OD,.tif,0.0007775638368912041
CNV/64/000_Drusen.tif,CNV-064,test,CNV,drusen,OS,.tif,0.000547705392818898
CNV/64/001_Drusen.tif,CNV-064,test,CNV,drusen,OS,.tif,0.0005161017761565745
CNV/64/002_Drusen.tif,CNV-064,test,CNV,drusen,OS,.tif,0.0006608003168366849
CNV/64/003_Drusen.tif,CNV-064,test,CNV,drusen,OS,.tif,0.0005728551186621189
CNV/64/004_CNV.tif,CNV-064,test,CNV,cnv,OS,.tif,0.0005674633430317044
CNV/64/005_CNV.tif,CNV-064,test,CNV,cnv,OS,.tif,0.0006146396044641733
CNV/64/006_CNV.tif,CNV-064,test,CNV,cnv,OS,.tif,0.0006575029110535979
CNV/64/007_CNV.tif,CNV-064,test,CNV,cnv,OS,.tif,0.0007659927941858768
CNV/64/008_CNV.tif,CNV-064,test,CNV,cnv,OS,.tif,0.0009138190071098506
CNV/64/009_CNV.tif,CNV-064,test,CNV,cnv,OS,.tif,0.0009443128947168589
CNV/64/010_CNV.tif,CNV-064,test,CNV,cnv,OS,.tif,0.001167414360679686
CNV/64/011_CNV.tif,CNV-064,test,CNV,cnv,OS,.tif,0.001090604462660849
CNV/64/012_CNV.tif,CNV-064,test,CNV,cnv,OS,.tif,0.0011399965733289719
CNV/64/013_CNV.tif,CNV-064,test,CNV,cnv,OS,.tif,0.0010666659800335765
CNV/64/014_CNV.tif,CNV-064,test,CNV,cnv,OS,.tif,0.0010664312867447734
CNV/64/015_CNV.tif,CNV-064,test,CNV,cnv,OS,.tif,0.0010744378669187427
CNV/64/016_CNV.tif,CNV-064,test,CNV,cnv,OS,.tif,0.0008458580123260617
CNV/64/017_CNV.tif,CNV-064,test,CNV,cnv,OS,.tif,0.0010145780397579074
CNV/64/018_CNV.tif,CNV-064,test,CNV,cnv,OS,.tif,0.0010419245809316635
CNV/64/019_CNV.tif,CNV-064,test,CNV,cnv,OS,.tif,0.000980546697974205
CNV/64/020_CNV.tif,CNV-064,test,CNV,cnv,OS,.tif,0.0008990484056994319
CNV/64/021_CNV.tif,CNV-064,test,CNV,cnv,OS,.tif,0.0010747320484369993
CNV/64/022_CNV.tif,CNV-064,test,CNV,cnv,OS,.tif,0.0008021583198569715
CNV/64/023_CNV.tif,CNV-064,test,CNV,cnv,OS,.tif,0.0009104790515266359
CNV/64/024_CNV.tif,CNV-064,test,CNV,cnv,OS,.tif,0.0009407940087839961
CNV/64/025_CNV.tif,CNV-064,test,CNV,cnv,OS,.tif,0.0007637456292286515
CNV/64/026_CNV.tif,CNV-064,test,CNV,cnv,OS,.tif,0.0010613378835842013
CNV/64/027_CNV.tif,CNV-064,test,CNV,cnv,OS,.tif,0.0005294981529004872
CNV/64/028_CNV.tif,CNV-064,test,CNV,cnv,OS,.tif,0.0007478999905288219
CNV/64/029_CNV.tif,CNV-064,test,CNV,cnv,OS,.tif,0.0006985614891164005
CNV/64/030_CNV.tif,CNV-064,test,CNV,cnv,OS,.tif,0.0008252355619333684
CNV/66/000_Drusen.tif,CNV-066,test,CNV,drusen,OD,.tif,0.0005337442853488028
CNV/66/001_Drusen.tif,CNV-066,test,CNV,drusen,OD,.tif,0.0004460811032913625
CNV/66/002_Drusen.tif,CNV-066,test,CNV,drusen,OD,.tif,0.0005289909313432872
CNV/66/003_Drusen.tif,CNV-066,test,CNV,drusen,OD,.tif,0.0005177477723918855
CNV/66/004_Drusen.tif,CNV-066,test,CNV,drusen,OD,.tif,0.0004546762793324888
CNV/66/005_Drusen.tif,CNV-066,test,CNV,drusen,OD,.tif,0.0007033333531580865
CNV/66/006_Drusen.tif,CNV-066,test,CNV,drusen,OD,.tif,0.0006431231740862131
CNV/66/007_CNV.tif,CNV-066,test,CNV,cnv,OD,.tif,0.0007815232966095209
CNV/66/008_CNV.tif,CNV-066,test,CNV,cnv,OD,.tif,0.0008025336428545415
CNV/66/009_CNV.tif,CNV-066,test,CNV,cnv,OD,.tif,0.0007432634592987597
CNV/66/010_CNV.tif,CNV-066,test,CNV,cnv,OD,.tif,0.0009147438104264438
CNV/66/011_CNV.tif,CNV-066,test,CNV,cnv,OD,.tif,0.0008699104655534029
CNV/66/012_CNV.tif,CNV-066,test,CNV,cnv,OD,.tif,0.0007533910102210939
CNV/66/013_CNV.tif,CNV-066,test,CNV,cnv,OD,.tif,0.000806581461802125
CNV/66/014_CNV.tif,CNV-066,test,CNV,cnv,OD,.tif,0.000905015564057976
CNV/66/015_CNV.tif,CNV-066,test,CNV,cnv,OD,.tif,0.000800355919636786
CNV/66/016_CNV.tif,CNV-066,test,CNV,cnv,OD,.tif,0.0008994971867650747
CNV/66/017_CNV.tif,CNV-066,test,CNV,cnv,OD,.tif,0.0008175675757229328
CNV/66/018_CNV.tif,CNV-066,test,CNV,cnv,OD,.tif,0.0007316517294384539
CNV/66/019_CNV.tif,CNV-066,test,CNV,cnv,OD,.tif,0.0009918533032760024
CNV/66/020_CNV.tif,CNV-066,test,CNV,cnv,OD,.tif,0.0008349140407517552
CNV/66/021_CNV.tif,CNV-066,test,CNV,cnv,OD,.tif,0.0008090385235846043
CNV/66/022_CNV.tif,CNV-066,test,CNV,cnv,OD,.tif,0.0008612048113718629
CNV/66/023_CNV.tif,CNV-066,test,CNV,cnv,OD,.tif,0.0006926407804712653
CNV/66/024_CNV.tif,CNV-066,test,CNV,cnv,OD,.tif,0.0006531810504384339
CNV/66/025_CNV.tif,CNV-066,test,CNV,cnv,OD,.tif,0.0007126873824745417
CNV/66/026_CNV.tif,CNV-066,test,CNV,cnv,OD,.tif,0.0007748932112008333
CNV/66/027_CNV.tif,CNV-066,test,CNV,cnv,OD,.tif,0.0007374152773991227
CNV/66/028_CNV.tif,CNV-066,test,CNV,cnv,OD,.tif,0.0007421330083161592
CNV/66/029_Drusen.tif,CNV-066,test,CNV,drusen,OD,.tif,0.0006679236539639533
CNV/66/030_Drusen.tif,CNV-066,test,CNV,drusen,OD,.tif,0.0006131601403467357
CNV/67/000_CNV.jpg,CNV-067,test,CNV,cnv,OD,.jpg,0.003161852015182376
CNV/67/001_CNV.jpg,CNV-067,test,CNV,cnv,OD,.jpg,0.001865507336333394
CNV/67/002_CNV.jpg,CNV-067,test,CNV,cnv,OD,.jpg,0.0015277740312740207
CNV/67/003_CNV.jpg,CNV-067,test,CNV,cnv,OD,.jpg,0.002576191443949938
CNV/67/004_CNV.jpg,CNV-067,test,CNV,cnv,OD,.jpg,0.0021139841992408037
CNV/67/005_CNV.jpg,CNV-067,test,CNV,cnv,OD,.jpg,0.0017901926767081022
CNV/67/006_CNV.jpg,CNV-067,test,CNV,cnv,OD,.jpg,0.0013675730442628264
CNV/67/007_CNV.jpg,CNV-067,test,CNV,cnv,OD,.jpg,0.0022612784523516893
CNV/67/008_CNV.jpg,CNV-067,test,CNV,cnv,OD,.jpg,0.0017572157084941864
CNV/67/009_CNV.jpg,CNV-067,test,CNV,cnv,OD,.jpg,0.0021245849784463644
CNV/67/010_CNV.jpg,CNV-067,test,CNV,cnv,OD,.jpg,0.002297439379617572
CNV/67/011_CNV.jpg,CNV-067,test,CNV,cnv,OD,.jpg,0.0020085442811250687
CNV/67/012_CNV.jpg,CNV-067,test,CNV,cnv,OD,.jpg,0.0014469962334260345
CNV/67/013_CNV.jpg,CNV-067,test,CNV,cnv,OD,.jpg,0.0016915566520765424
CNV/67/014_CNV.jpg,CNV-067,test,CNV,cnv,OD,.jpg,0.001448752940632403
CNV/67/015_CNV.jpg,CNV-067,test,CNV,cnv,OD,.jpg,0.0011204939801245928
CNV/67/016_CNV.jpg,CNV-067,test,CNV,cnv,OD,.jpg,0.001409580814652145
CNV/67/017_CNV.jpg,CNV-067,test,CNV,cnv,OD,.jpg,0.0009938980219885707
CNV/67/018_CNV.jpg,CNV-067,test,CNV,cnv,OD,.jpg,0.001264339778572321
CNV/67/019_CNV.jpg,CNV-067,test,CNV,cnv,OD,.jpg,0.0007998865330591798
CNV/67/020_CNV.jpg,CNV-067,test,CNV,cnv,OD,.jpg,0.0012747951550409198
CNV/67/021_CNV.jpg,CNV-067,test,CNV,cnv,OD,.jpg,0.002127605490386486
CNV/67/022_CNV.jpg,CNV-067,test,CNV,cnv,OD,.jpg,0.00188643008004874
CNV/67/023_CNV.jpg,CNV-067,test,CNV,cnv,OD,.jpg,0.0014123781584203243
CNV/67/024_CNV.jpg,CNV-067,test,CNV,cnv,OD,.jpg,0.0018550303066149354
CNV/67/025_Drusen.jpg,CNV-067,test,CNV,drusen,OD,.jpg,0.001673885970376432
CNV/67/026_Drusen.jpg,CNV-067,test,CNV,drusen,OD,.jpg,0.0021376125514507294
CNV/67/027_Drusen.jpg,CNV-067,test,CNV,drusen,OD,.jpg,0.0016859928146004677
CNV/67/028_Drusen.jpg,CNV-067,test,CNV,drusen,OD,.jpg,0.001982132438570261
CNV/67/029_Drusen.jpg,CNV-067,test,CNV,drusen,OD,.jpg,0.0020066676661372185
CNV/67/030_Drusen.jpg,CNV-067,test,CNV,drusen,OD,.jpg,0.0019283023430034518
CNV/68/OD/000_Drusen.tif,CNV-068,test,CNV,drusen,OD,.tif,0.0007622650591656566
CNV/68/OD/001_Drusen.tif,CNV-068,test,CNV,drusen,OD,.tif,0.0007466042879968882
CNV/68/OD/002_Drusen.tif,CNV-068,test,CNV,drusen,OD,.tif,0.000768315396271646
CNV/68/OD/003_CNV.tif,CNV-068,test,CNV,cnv,OD,.tif,0.0008020237437449396
CNV/68/OD/004_CNV.tif,CNV-068,test,CNV,cnv,OD,.tif,0.0008899972308427095
CNV/68/OD/005_CNV.tif,CNV-068,test,CNV,cnv,OD,.tif,0.0009107945952564478
CNV/68/OD/006_CNV.tif,CNV-068,test,CNV,cnv,OD,.tif,0.0009652562439441681
CNV/68/OD/007_CNV.tif,CNV-068,test,CNV,cnv,OD,.tif,0.0009353948407806456
CNV/68/OD/008_CNV.tif,CNV-068,test,CNV,cnv,OD,.tif,0.0009842334548011422
CNV/68/OD/009_CNV.tif,CNV-068,test,CNV,cnv,OD,.tif,0.0010980652878060937
CNV/68/OD/010_CNV.tif,CNV-068,test,CNV,cnv,OD,.tif,0.0009916455019265413
CNV/68/OD/011_CNV.tif,CNV-068,test,CNV,cnv,OD,.tif,0.001104063238017261
CNV/68/OD/012_CNV.tif,CNV-068,test,CNV,cnv,OD,.tif,0.001027457881718874
CNV/68/OD/013_CNV.tif,CNV-068,test,CNV,cnv,OD,.tif,0.0009220225620083511
CNV/68/OD/014_CNV.tif,CNV-068,test,CNV,cnv,OD,.tif,0.0009606824605725706
CNV/68/OD/015_CNV.tif,CNV-068,test,CNV,cnv,OD,.tif,0.0009756464860402048
CNV/68/OD/016_CNV.tif,CNV-068,test,CNV,cnv,OD,.tif,0.0007901413482613862
CNV/68/OD/017_CNV.tif,CNV-068,test,CNV,cnv,OD,.tif,0.0007974690524861217
CNV/68/OD/018_CNV.tif,CNV-068,test,CNV,cnv,OD,.tif,0.0008736357558518648
CNV/68/OD/019_CNV.tif,CNV-068,test,CNV,cnv,OD,.tif,0.0008227925864048302
CNV/68/OD/020_Drusen.tif,CNV-068,test,CNV,drusen,OD,.tif,0.000809543882496655
CNV/68/OD/021_Drusen.tif,CNV-068,test,CNV,drusen,OD,.tif,0.000805768882855773
CNV/68/OD/022_Drusen.tif,CNV-068,test,CNV,drusen,OD,.tif,0.000759358168579638
CNV/68/OD/023_Drusen.tif,CNV-068,test,CNV,drusen,OD,.tif,0.0007524366956204176
CNV/68/OD/024_Drusen.tif,CNV-068,test,CNV,drusen,OD,.tif,0.0006982935010455549
CNV/68/OD/025_Drusen.tif,CNV-068,test,CNV,drusen,OD,.tif,0.0007136667845770717
CNV/68/OD/026_Drusen.tif,CNV-068,test,CNV,drusen,OD,.tif,0.0007472920697182417
CNV/68/OD/027_Drusen.tif,CNV-068,test,CNV,drusen,OD,.tif,0.0007496585603803396
CNV/68/OD/028_Drusen.tif,CNV-068,test,CNV,drusen,OD,.tif,0.0007224258151836693
CNV/68/OD/029_Drusen.tif,CNV-068,test,CNV,drusen,OD,.tif,0.0007476625614799559
CNV/68/OD/030_Drusen.tif,CNV-068,test,CNV,drusen,OD,.tif,0.0008012385223992169
CNV/68/OS/000_Drusen.tif,CNV-068,test,CNV,drusen,OS,.tif,0.0008550441125407815
CNV/68/OS/001_Drusen.tif,CNV-068,test,CNV,drusen,OS,.tif,0.0008202655590139329
CNV/68/OS/002_Drusen.tif,CNV-068,test,CNV,drusen,OS,.tif,0.0008855627384036779
CNV/68/OS/003_Drusen.tif,CNV-068,test,CNV,drusen,OS,.tif,0.0008142248261719942
CNV/68/OS/004_Drusen.tif,CNV-068,test,CNV,drusen,OS,.tif,0.0007535863551311195
CNV/68/OS/005_Drusen.tif,CNV-068,test,CNV,drusen,OS,.tif,0.000934300129301846
CNV/68/OS/006_Normal.tif,CNV-068,test,CNV,normal,OS,.tif,0.0010070503922179341
CNV/68/OS/007_Normal.tif,CNV-068,test,CNV,normal,OS,.tif,0.0009755244245752692
CNV/68/OS/008_Normal.tif,CNV-068,test,CNV,normal,OS,.tif,0.0010509559651836753
CNV/68/OS/009_CNV.tif,CNV-068,test,CNV,cnv,OS,.tif,0.0011652559041976929
CNV/68/OS/010_CNV.tif,CNV-068,test,CNV,cnv,OS,.tif,0.0011744897346943617
CNV/68/OS/011_CNV.tif,CNV-068,test,CNV,cnv,OS,.tif,0.0011469265446066856
CNV/68/OS/012_CNV.tif,CNV-068,test,CNV,cnv,OS,.tif,0.0010873598512262106
CNV/68/OS/013_CNV.tif,CNV-068,test,CNV,cnv,OS,.tif,0.0011166995391249657
CNV/68/OS/014_CNV.tif,CNV-068,test,CNV,cnv,OS,.tif,0.0011517502134665847
CNV/68/OS/015_CNV.tif,CNV-068,test,CNV,cnv,OS,.tif,0.0011867918074131012
CNV/68/OS/016_CNV.tif,CNV-068,test,CNV,cnv,OS,.tif,0.001261932891793549
CNV/68/OS/017_CNV.tif,CNV-068,test,CNV,cnv,OS,.tif,0.0012134480057284236
CNV/68/OS/018_CNV.tif,CNV-068,test,CNV,cnv,OS,.tif,0.0013162067625671625
CNV/68/OS/019_CNV.tif,CNV-068,test,CNV,cnv,OS,.tif,0.001286488026380539
CNV/68/OS/020_CNV.tif,CNV-068,test,CNV,cnv,OS,.tif,0.0011339570628479123
CNV/68/OS/021_CNV.tif,CNV-068,test,CNV,cnv,OS,.tif,0.0013841770123690367
CNV/68/OS/022_CNV.tif,CNV-068,test,CNV,cnv,OS,.tif,0.0012678783386945724
CNV/68/OS/023_CNV.tif,CNV-068,test,CNV,cnv,OS,.tif,0.0011576118413358927
CNV/68/OS/024_CNV.tif,CNV-068,test,CNV,cnv,OS,.tif,0.0012798752868548036
CNV/68/OS/025_CNV.tif,CNV-068,test,CNV,cnv,OS,.tif,0.0012816678499802947
CNV/68/OS/026_CNV.tif,CNV-068,test,CNV,cnv,OS,.tif,0.001399204134941101
CNV/68/OS/027_CNV.tif,CNV-068,test,CNV,cnv,OS,.tif,0.0012578406604006886
CNV/68/OS/028_CNV.tif,CNV-068,test,CNV,cnv,OS,.tif,0.0010275758104398847
CNV/68/OS/029_CNV.tif,CNV-068,test,CNV,cnv,OS,.tif,0.0010501280194148421
CNV/68/OS/030_CNV.tif,CNV-068,test,CNV,cnv,OS,.tif,0.0009322521509602666
CNV/69/000_Drusen.tif,CNV-069,test,CNV,drusen,OS,.tif,0.000711454835254699
CNV/69/001_Drusen.tif,CNV-069,test,CNV,drusen,OS,.tif,0.0006480945157818496
CNV/69/002_Drusen.tif,CNV-069,test,CNV,drusen,OS,.tif,0.0006443813908845186
CNV/69/003_Drusen.tif,CNV-069,test,CNV,drusen,OS,.tif,0.0006229423452168703
CNV/69/004_Drusen.tif,CNV-069,test,CNV,drusen,OS,.tif,0.0007061953074298799
CNV/69/005_Drusen.tif,CNV-069,test,CNV,drusen,OS,.tif,0.0006458971765823662
CNV/69/006_Drusen.tif,CNV-069,test,CNV,drusen,OS,.tif,0.0007900876807980239
CNV/69/007_CNV.tif,CNV-069,test,CNV,cnv,OS,.tif,0.0008556827669963241
CNV/69/008_CNV.tif,CNV-069,test,CNV,cnv,OS,.tif,0.0009253013995476067
CNV/69/009_CNV.tif,CNV-069,test,CNV,cnv,OS,.tif,0.0009115378488786519
CNV/69/010_CNV.tif,CNV-069,test,CNV,cnv,OS,.tif,0.0010457613971084356
CNV/69/011_CNV.tif,CNV-069,test,CNV,cnv,OS,.tif,0.000921750848647207
CNV/69/012_CNV.tif,CNV-069,test,CNV,cnv,OS,.tif,0.0009763496345840394
CNV/69/013_CNV.tif,CNV-069,test,CNV,cnv,OS,.tif,0.0008798153139650822
CNV/69/014_CNV.tif,CNV-069,test,CNV,cnv,OS,.tif,0.0009873781818896532
CNV/69/015_CNV.tif,CNV-069,test,CNV,cnv,OS,.tif,0.0009943328332155943
CNV/69/016_CNV.tif,CNV-069,test,CNV,cnv,OS,.tif,0.0010436002630740404
CNV/69/017_CNV.tif,CNV-069,test,CNV,cnv,OS,.tif,0.0011053404305130243
CNV/69/018_CNV.tif,CNV-069,test,CNV,cnv,OS,.tif,0.001003508921712637
CNV/69/019_CNV.tif,CNV-069,test,CNV,cnv,OS,.tif,0.001058857305906713
CNV/69/020_CNV.tif,CNV-069,test,CNV,cnv,OS,.tif,0.0008175654802471399
CNV/69/021_CNV.tif,CNV-069,test,CNV,cnv,OS,.tif,0.0008411562885157764
CNV/69/022_CNV.tif,CNV-069,test,CNV,cnv,OS,.tif,0.0008050096803344786
CNV/69/023_CNV.tif,CNV-069,test,CNV,cnv,OS,.tif,0.0008684315835125744
CNV/69/024_Drusen.tif,CNV-069,test,CNV,drusen,OS,.tif,0.0008457397925667465
CNV/69/025_Drusen.tif,CNV-069,test,CNV,drusen,OS,.tif,0.000786297139711678
CNV/69/026_Drusen.tif,CNV-069,test,CNV,drusen,OS,.tif,0.0007645114092156291
CNV/69/027_Drusen.tif,CNV-069,test,CNV,drusen,OS,.tif,0.0008113102521747351
CNV/69/028_Drusen.tif,CNV-069,test,CNV,drusen,OS,.tif,0.0007844362407922745
CNV/69/029_Drusen.tif,CNV-069,test,CNV,drusen,OS,.tif,0.0007605213322676718
CNV/69/030_Drusen.tif,CNV-069,test,CNV,drusen,OS,.tif,0.0008205007179640234
CNV/70/000_Normal.tif,CNV-070,test,CNV,normal,OD,.tif,0.0007047418039292097
CNV/70/001_Normal.tif,CNV-070,test,CNV,normal,OD,.tif,0.0006171702989377081
CNV/70/002_Normal.tif,CNV-070,test,CNV,normal,OD,.tif,0.0007005101651884615
CNV/70/003_Normal.tif,CNV-070,test,CNV,normal,OD,.tif,0.0006537102744914591
CNV/70/004_Normal.tif,CNV-070,test,CNV,normal,OD,.tif,0.0006639630300924182
CNV/70/005_Normal.tif,CNV-070,test,CNV,normal,OD,.tif,0.0006193369044922292
CNV/70/006_Drusen.tif,CNV-070,test,CNV,drusen,OD,.tif,0.0007270599016919732
CNV/70/007_Drusen.tif,CNV-070,test,CNV,drusen,OD,.tif,0.0006822090363129973
CNV/70/008_Drusen.tif,CNV-070,test,CNV,drusen,OD,.tif,0.0007347578648477793
CNV/70/009_Drusen.tif,CNV-070,test,CNV,drusen,OD,.tif,0.0007247649482451379
CNV/70/010_CNV.tif,CNV-070,test,CNV,cnv,OD,.tif,0.0008700774051249027
CNV/70/011_CNV.tif,CNV-070,test,CNV,cnv,OD,.tif,0.0009189440170302987
CNV/70/012_CNV.tif,CNV-070,test,CNV,cnv,OD,.tif,0.0010056986939162016
CNV/70/013_CNV.tif,CNV-070,test,CNV,cnv,OD,.tif,0.0011633021058514714
CNV/70/014_CNV.tif,CNV-070,test,CNV,cnv,OD,.tif,0.0011356024770066142
CNV/70/015_CNV.tif,CNV-070,test,CNV,cnv,OD,.tif,0.001175797893665731
CNV/70/016_CNV.tif,CNV-070,test,CNV,cnv,OD,.tif,0.0013239675899967551
CNV/70/017_CNV.tif,CNV-070,test,CNV,cnv,OD,.tif,0.0012959310552105308
CNV/70/018_CNV.tif,CNV-070,test,CNV,cnv,OD,.tif,0.0012171283597126603
CNV/70/019_CNV.tif,CNV-070,test,CNV,cnv,OD,.tif,0.0009442282025702298
CNV/70/020_CNV.tif,CNV-070,test,CNV,cnv,OD,.tif,0.0008633806137368083
CNV/70/021_CNV.tif,CNV-070,test,CNV,cnv,OD,.tif,0.0008632105891592801
CNV/70/022_CNV.tif,CNV-070,test,CNV,cnv,OD,.tif,0.0007373708649538457
CNV/70/023_Drusen.tif,CNV-070,test,CNV,drusen,OD,.tif,0.0007078151684254408
CNV/70/024_Drusen.tif,CNV-070,test,CNV,drusen,OD,.tif,0.0006489180377684534
CNV/70/025_Drusen.tif,CNV-070,test,CNV,drusen,OD,.tif,0.0006440927973017097
CNV/70/026_Drusen.tif,CNV-070,test,CNV,drusen,OD,.tif,0.0006068208022043109
CNV/70/027_Drusen.tif,CNV-070,test,CNV,drusen,OD,.tif,0.0006225938559509814
CNV/70/028_Drusen.tif,CNV-070,test,CNV,drusen,OD,.tif,0.0006531556718982756
CNV/70/029_Drusen.tif,CNV-070,test,CNV,drusen,OD,.tif,0.0006009181379340589
CNV/70/030_Drusen.tif,CNV-070,test,CNV,drusen,OD,.tif,0.0006683266256004572
CNV/72/000_CNV.jpg,CNV-072,test,CNV,cnv,OS,.jpg,0.0013875131262466311
CNV/72/001_CNV.jpg,CNV-072,test,CNV,cnv,OS,.jpg,0.0012141609331592917
CNV/72/002_CNV.jpg,CNV-072,test,CNV,cnv,OS,.jpg,0.0012223232770338655
CNV/72/003_CNV.jpg,CNV-072,test,CNV,cnv,OS,.jpg,0.0013870879774913192
CNV/72/004_CNV.jpg,CNV-072,test,CNV,cnv,OS,.jpg,0.0012398598482832313
CNV/72/005_CNV.jpg,CNV-072,test,CNV,cnv,OS,.jpg,0.0013625301653519273
CNV/72/006_CNV.jpg,CNV-072,test,CNV,cnv,OS,.jpg,0.0012360602850094438
CNV/72/007_CNV.jpg,CNV-072,test,CNV,cnv,OS,.jpg,0.0011587582994252443
CNV/72/008_CNV.jpg,CNV-072,test,CNV,cnv,OS,.jpg,0.0012556326109915972
CNV/72/009_CNV.jpg,CNV-072,test,CNV,cnv,OS,.jpg,0.0012903234455734491
CNV/72/010_CNV.jpg,CNV-072,test,CNV,cnv,OS,.jpg,0.0012089124647900462
CNV/72/011_CNV.jpg,CNV-072,test,CNV,cnv,OS,.jpg,0.0015101870521903038
CNV/72/012_CNV.jpg,CNV-072,test,CNV,cnv,OS,.jpg,0.0013732891529798508
CNV/72/013_CNV.jpg,CNV-072,test,CNV,cnv,OS,.jpg,0.0014537012903019786
CNV/72/014_CNV.jpg,CNV-072,test,CNV,cnv,OS,.jpg,0.0015034364769235253
CNV/72/015_CNV.jpg,CNV-072,test,CNV,cnv,OS,.jpg,0.0015485236654058099
CNV/72/016_CNV.jpg,CNV-072,test,CNV,cnv,OS,.jpg,0.0013824946945533156
CNV/72/017_CNV.jpg,CNV-072,test,CNV,cnv,OS,.jpg,0.001607671962119639
CNV/72/018_CNV.jpg,CNV-072,test,CNV,cnv,OS,.jpg,0.001408117706887424
CNV/72/019_CNV.jpg,CNV-072,test,CNV,cnv,OS,.jpg,0.0012983925407752395
CNV/72/020_CNV.jpg,CNV-072,test,CNV,cnv,OS,.jpg,0.0011723267380148172
CNV/72/021_Drusen.jpg,CNV-072,test,CNV,drusen,OS,.jpg,0.001037366921082139
CNV/72/022_Drusen.jpg,CNV-072,test,CNV,drusen,OS,.jpg,0.0009694381151348352
CNV/72/023_Drusen.jpg,CNV-072,test,CNV,drusen,OS,.jpg,0.0008984490996226668
CNV/72/024_Drusen.jpg,CNV-072,test,CNV,drusen,OS,.jpg,0.0009555916767567396
CNV/72/025_Drusen.jpg,CNV-072,test,CNV,drusen,OS,.jpg,0.0010517343180254102
CNV/72/026_Drusen.jpg,CNV-072,test,CNV,drusen,OS,.jpg,0.0009920072043314576
CNV/72/027_Normal.jpg,CNV-072,test,CNV,normal,OS,.jpg,0.0009986403165385127
CNV/72/028_Normal.jpg,CNV-072,test,CNV,normal,OS,.jpg,0.0011988435871899128
CNV/72/029_Normal.jpg,CNV-072,test,CNV,normal,OS,.jpg,0.001054601394571364
CNV/72/030_Normal.jpg,CNV-072,test,CNV,normal,OS,.jpg,0.0010113342432305217
CNV/73/000_Normal.tif,CNV-073,test,CNV,normal,OD,.tif,0.0007261037826538086
CNV/73/001_Normal.tif,CNV-073,test,CNV,normal,OD,.tif,0.0006774698267690837
CNV/73/002_Normal.tif,CNV-073,test,CNV,normal,OD,.tif,0.000676716910675168
CNV/73/003_Normal.tif,CNV-073,test,CNV,normal,OD,.tif,0.0006419505807571113
CNV/73/004_Normal.tif,CNV-073,test,CNV,normal,OD,.tif,0.0006675127078779042
CNV/73/005_Normal.tif,CNV-073,test,CNV,normal,OD,.tif,0.0006994987488724291
CNV/73/006_Normal.tif,CNV-073,test,CNV,normal,OD,.tif,0.0006868760683573782
CNV/73/007_CNV.tif,CNV-073,test,CNV,cnv,OD,.tif,0.0006867357878945768
CNV/73/008_CNV.tif,CNV-073,test,CNV,cnv,OD,.tif,0.0007710342179052532
CNV/73/009_CNV.tif,CNV-073,test,CNV,cnv,OD,.tif,0.000821167544927448
CNV/73/010_CNV.tif,CNV-073,test,CNV,cnv,OD,.tif,0.0008529953774996102
CNV/73/011_CNV.tif,CNV-073,test,CNV,cnv,OD,.tif,0.0009071338572539389
CNV/73/012_CNV.tif,CNV-073,test,CNV,cnv,OD,.tif,0.0009267135174013674
CNV/73/013_CNV.tif,CNV-073,test,CNV,cnv,OD,.tif,0.00103411462623626
CNV/73/014_CNV.tif,CNV-073,test,CNV,cnv,OD,.tif,0.001010894775390625
CNV/73/015_CNV.tif,CNV-073,test,CNV,cnv,OD,.tif,0.0009729555458761752
CNV/73/016_CNV.tif,CNV-073,test,CNV,cnv,OD,.tif,0.0010123713873326778
CNV/73/017_CNV.tif,CNV-073,test,CNV,cnv,OD,.tif,0.0008905677241273224
CNV/73/018_CNV.tif,CNV-073,test,CNV,cnv,OD,.tif,0.0009837837424129248
CNV/73/019_CNV.tif,CNV-073,test,CNV,cnv,OD,.tif,0.0009920899756252766
CNV/73/020_CNV.tif,CNV-073,test,CNV,cnv,OD,.tif,0.0010168812004849315
CNV/73/021_CNV.tif,CNV-073,test,CNV,cnv,OD,.tif,0.0009830491617321968
CNV/73/022_CNV.tif,CNV-073,test,CNV,cnv,OD,.tif,0.0008267305674962699
CNV/73/023_CNV.tif,CNV-073,test,CNV,cnv,OD,.tif,0.0009569821995683014
CNV/73/024_CNV.tif,CNV-073,test,CNV,cnv,OD,.tif,0.0008217389695346355
CNV/73/025_Drusen.tif,CNV-073,test,CNV,drusen,OD,.tif,0.0008835994522087276
CNV/73/026_Drusen.tif,CNV-073,test,CNV,drusen,OD,.tif,0.0010556027991697192
CNV/73/027_Drusen.tif,CNV-073,test,CNV,drusen,OD,.tif,0.0011131339706480503
CNV/73/028_Drusen.tif,CNV-073,test,CNV,drusen,OD,.tif,0.001158456434495747
CNV/73/029_Drusen.tif,CNV-073,test,CNV,drusen,OD,.tif,0.0012516265269368887
CNV/73/030_Normal.tif,CNV-073,test,CNV,normal,OD,.tif,0.0012552457628771663
CNV/74/000_CNV.tif,CNV-074,test,CNV,cnv,OS,.tif,0.0014465894782915711
CNV/74/001_CNV.tif,CNV-074,test,CNV,cnv,OS,.tif,0.0013844495406374335
CNV/74/002_CNV.tif,CNV-074,test,CNV,cnv,OS,.tif,0.0013007237575948238
CNV/74/003_CNV.tif,CNV-074,test,CNV,cnv,OS,.tif,0.0014452205505222082
CNV/74/004_CNV.tif,CNV-074,test,CNV,cnv,OS,.tif,0.0015637747710570693
CNV/74/005_CNV.tif,CNV-074,test,CNV,cnv,OS,.tif,0.001941090915352106
CNV/74/006_CNV.tif,CNV-074,test,CNV,cnv,OS,.tif,0.0017865411937236786
CNV/74/007_CNV.tif,CNV-074,test,CNV,cnv,OS,.tif,0.0018399778055027127
CNV/74/008_CNV.tif,CNV-074,test,CNV,cnv,OS,.tif,0.0019754385575652122
CNV/74/009_CNV.tif,CNV-074,test,CNV,cnv,OS,.tif,0.0021858257241547108
CNV/74/010_CNV.tif,CNV-074,test,CNV,cnv,OS,.tif,0.002203885931521654
CNV/74/011_CNV.tif,CNV-074,test,CNV,cnv,OS,.tif,0.001958429114893079
CNV/74/012_CNV.tif,CNV-074,test,CNV,cnv,OS,.tif,0.0017810032004490495
CNV/74/013_CNV.tif,CNV-074,test,CNV,cnv,OS,.tif,0.001756673795171082
CNV/74/014_CNV.tif,CNV-074,test,CNV,cnv,OS,.tif,0.0014969197800382972
CNV/74/015_CNV.tif,CNV-074,test,CNV,cnv,OS,.tif,0.001494545373134315
CNV/74/016_CNV.tif,CNV-074,test,CNV,cnv,OS,.tif,0.0017989339539781213
CNV/74/017_CNV.tif,CNV-074,test,CNV,cnv,OS,.tif,0.0018064153846353292
CNV/74/018_CNV.tif,CNV-074,test,CNV,cnv,OS,.tif,0.0017292058328166604
CNV/74/019_CNV.tif,CNV-074,test,CNV,cnv,OS,.tif,0.0015397147508338094
CNV/74/020_CNV.tif,CNV-074,test,CNV,cnv,OS,.tif,0.0015253809979185462
CNV/74/021_CNV.tif,CNV-074,test,CNV,cnv,OS,.tif,0.0015059964498504996
CNV/74/022_CNV.tif,CNV-074,test,CNV,cnv,OS,.tif,0.0017327804816886783
CNV/74/023_CNV.tif,CNV-074,test,CNV,cnv,OS,.tif,0.0015228179981932044
CNV/74/024_CNV.tif,CNV-074,test,CNV,cnv,OS,.tif,0.0014739222824573517
CNV/74/025_CNV.tif,CNV-074,test,CNV,cnv,OS,.tif,0.0014429173897951841
CNV/74/026_CNV.tif,CNV-074,test,CNV,cnv,OS,.tif,0.001232731039635837
CNV/74/027_CNV.tif,CNV-074,test,CNV,cnv,OS,.tif,0.0010867095552384853
CNV/74/028_CNV.tif,CNV-074,test,CNV,cnv,OS,.tif,0.0010241258423775434
CNV/74/029_CNV.tif,CNV-074,test,CNV,cnv,OS,.tif,0.0008566835313104093
CNV/74/030_CNV.tif,CNV-074,test,CNV,cnv,OS,.tif,0.000985364313237369
CNV/75/000_Normal.tif,CNV-075,test,CNV,normal,OS,.tif,0.0006121955811977386
CNV/75/001_Normal.tif,CNV-075,test,CNV,normal,OS,.tif,0.0006383508443832397
CNV/75/002_Normal.tif,CNV-075,test,CNV,normal,OS,.tif,0.0009075281559489667
CNV/75/003_Normal.tif,CNV-075,test,CNV,normal,OS,.tif,0.0009213323355652392
CNV/75/004_Normal.tif,CNV-075,test,CNV,normal,OS,.tif,0.0009326903964392841
CNV/75/005_Normal.tif,CNV-075,test,CNV,normal,OS,.tif,0.0009730784804560244
CNV/75/006_Normal.tif,CNV-075,test,CNV,normal,OS,.tif,0.001016751630231738
CNV/75/007_Normal.tif,CNV-075,test,CNV,normal,OS,.tif,0.0010817147558555007
CNV/75/008_Normal.tif,CNV-075,test,CNV,normal,OS,.tif,0.000938613316975534
CNV/75/009_CNV.tif,CNV-075,test,CNV,cnv,OS,.tif,0.0010118834907189012
CNV/75/010_Drusen.tif,CNV-075,test,CNV,drusen,OS,.tif,0.0012177776079624891
CNV/75/011_CNV.tif,CNV-075,test,CNV,cnv,OS,.tif,0.0008254351560026407
CNV/75/012_CNV.tif,CNV-075,test,CNV,cnv,OS,.tif,0.0012278107460588217
CNV/75/013_CNV.tif,CNV-075,test,CNV,cnv,OS,.tif,0.0009572755079716444
CNV/75/014_CNV.tif,CNV-075,test,CNV,cnv,OS,.tif,0.0010385016212239861
CNV/75/015_CNV.tif,CNV-075,test,CNV,cnv,OS,.tif,0.000860891246702522
CNV/75/016_CNV.tif,CNV-075,test,CNV,cnv,OS,.tif,0.0009388593607582152
CNV/75/017_CNV.tif,CNV-075,test,CNV,cnv,OS,.tif,0.0007320343283936381
CNV/75/018_CNV.tif,CNV-075,test,CNV,cnv,OS,.tif,0.0007031372515484691
CNV/75/019_CNV.tif,CNV-075,test,CNV,cnv,OS,.tif,0.0007631409098394215
CNV/75/020_Normal.tif,CNV-075,test,CNV,normal,OS,.tif,0.0009018374257721007
CNV/75/021_Normal.tif,CNV-075,test,CNV,normal,OS,.tif,0.0010092481970787048
CNV/75/022_Normal.tif,CNV-075,test,CNV,normal,OS,.tif,0.0010488703846931458
CNV/75/023_Drusen.tif,CNV-075,test,CNV,drusen,OS,.tif,0.0009014277020469308
CNV/75/024_Drusen.tif,CNV-075,test,CNV,drusen,OS,.tif,0.0010965637629851699
CNV/75/025_Drusen.tif,CNV-075,test,CNV,drusen,OS,.tif,0.0009506494970992208
CNV/75/026_Normal.tif,CNV-075,test,CNV,normal,OS,.tif,0.0011165548348799348
CNV/75/027_Drusen.tif,CNV-075,test,CNV,drusen,OS,.tif,0.0008261767798103392
CNV/75/028_Drusen.tif,CNV-075,test,CNV,drusen,OS,.tif,0.000989012885838747
CNV/75/029_Normal.tif,CNV-075,test,CNV,normal,OS,.tif,0.0009108774247579277
CNV/75/030_Normal.tif,CNV-075,test,CNV,normal,OS,.tif,0.0009435597457922995
CNV/76/000_Normal.tif,CNV-076,test,CNV,normal,OS,.tif,0.000818030908703804
CNV/76/001_Normal.tif,CNV-076,test,CNV,normal,OS,.tif,0.000656451506074518
CNV/76/002_Normal.tif,CNV-076,test,CNV,normal,OS,.tif,0.0006359093822538853
CNV/76/003_Normal.tif,CNV-076,test,CNV,normal,OS,.tif,0.0007143286056816578
CNV/76/004_Normal.tif,CNV-076,test,CNV,normal,OS,.tif,0.0007173572666943073
CNV/76/005_Normal.tif,CNV-076,test,CNV,normal,OS,.tif,0.0007525059045292437
CNV/76/006_Normal.tif,CNV-076,test,CNV,normal,OS,.tif,0.0007088151760399342
CNV/76/007_CNV.tif,CNV-076,test,CNV,cnv,OS,.tif,0.0007650092011317611
CNV/76/008_CNV.tif,CNV-076,test,CNV,cnv,OS,.tif,0.0007208670722320676
CNV/76/009_CNV.tif,CNV-076,test,CNV,cnv,OS,.tif,0.0009224703535437584
CNV/76/010_CNV.tif,CNV-076,test,CNV,cnv,OS,.tif,0.0008592629455961287
CNV/76/011_CNV.tif,CNV-076,test,CNV,cnv,OS,.tif,0.0009063909528777003
CNV/76/012_CNV.tif,CNV-076,test,CNV,cnv,OS,.tif,0.000930025998968631
CNV/76/013_CNV.tif,CNV-076,test,CNV,cnv,OS,.tif,0.0008987440378405154
CNV/76/014_CNV.tif,CNV-076,test,CNV,cnv,OS,.tif,0.0008834959589876235
CNV/76/015_CNV.tif,CNV-076,test,CNV,cnv,OS,.tif,0.0008702065097168088
CNV/76/016_CNV.tif,CNV-076,test,CNV,cnv,OS,.tif,0.0008583117160014808
CNV/76/017_CNV.tif,CNV-076,test,CNV,cnv,OS,.tif,0.0007443127105943859
CNV/76/018_CNV.tif,CNV-076,test,CNV,cnv,OS,.tif,0.000638533616438508
CNV/76/019_CNV.tif,CNV-076,test,CNV,cnv,OS,.tif,0.0006611921708099544
CNV/76/020_Drusen.tif,CNV-076,test,CNV,drusen,OS,.tif,0.0006892658420838416
CNV/76/021_Drusen.tif,CNV-076,test,CNV,drusen,OS,.tif,0.0006669565918855369
CNV/76/022_Normal.tif,CNV-076,test,CNV,normal,OS,.tif,0.0006518597947433591
CNV/76/023_Normal.tif,CNV-076,test,CNV,normal,OS,.tif,0.0006061203312128782
CNV/76/024_Normal.tif,CNV-076,test,CNV,normal,OS,.tif,0.0006255367770791054
CNV/76/025_Normal.tif,CNV-076,test,CNV,normal,OS,.tif,0.0006237786146812141
CNV/76/026_Normal.tif,CNV-076,test,CNV,normal,OS,.tif,0.0005646300269290805
CNV/76/027_Normal.tif,CNV-076,test,CNV,normal,OS,.tif,0.0005674472777172923
CNV/76/028_Normal.tif,CNV-076,test,CNV,normal,OS,.tif,0.0005744078080169857
CNV/76/029_Normal.tif,CNV-076,test,CNV,normal,OS,.tif,0.0006401489954441786
CNV/76/030_Normal.tif,CNV-076,test,CNV,normal,OS,.tif,0.0006275793421082199
CNV/77/000_Normal.tif,CNV-077,test,CNV,normal,OD,.tif,0.0004643172142095864
CNV/77/001_Normal.tif,CNV-077,test,CNV,normal,OD,.tif,0.0005839234800077975
CNV/77/002_Normal.tif,CNV-077,test,CNV,normal,OD,.tif,0.0005683684139512479
CNV/77/003_Normal.tif,CNV-077,test,CNV,normal,OD,.tif,0.00045387589489109814
CNV/77/004_Drusen.tif,CNV-077,test,CNV,drusen,OD,.tif,0.0004819406021852046
CNV/77/005_Drusen.tif,CNV-077,test,CNV,drusen,OD,.tif,0.0004446616512723267
CNV/77/006_Drusen.tif,CNV-077,test,CNV,drusen,OD,.tif,0.0005171249504201114
CNV/77/007_Drusen.tif,CNV-077,test,CNV,drusen,OD,.tif,0.00039575682603754103
CNV/77/008_Drusen.tif,CNV-077,test,CNV,drusen,OD,.tif,0.000567526847589761
CNV/77/009_Drusen.tif,CNV-077,test,CNV,drusen,OD,.tif,0.000489447673317045
CNV/77/010_Drusen.tif,CNV-077,test,CNV,drusen,OD,.tif,0.0005384134710766375
CNV/77/011_CNV.tif,CNV-077,test,CNV,cnv,OD,.tif,0.0005412209429778159
CNV/77/012_CNV.tif,CNV-077,test,CNV,cnv,OD,.tif,0.0005855162744410336
CNV/77/013_CNV.tif,CNV-077,test,CNV,cnv,OD,.tif,0.0005511296330951154
CNV/77/014_CNV.tif,CNV-077,test,CNV,cnv,OD,.tif,0.0005738103063777089
CNV/77/015_CNV.tif,CNV-077,test,CNV,cnv,OD,.tif,0.00048250946565531194
CNV/77/016_CNV.tif,CNV-077,test,CNV,cnv,OD,.tif,0.0005502115236595273
CNV/77/017_CNV.tif,CNV-077,test,CNV,cnv,OD,.tif,0.0005158995045349002
CNV/77/018_CNV.tif,CNV-077,test,CNV,cnv,OD,.tif,0.0005043125129304826
CNV/77/019_Drusen.tif,CNV-077,test,CNV,drusen,OD,.tif,0.0004858230531681329
CNV/77/020_Drusen.tif,CNV-077,test,CNV,drusen,OD,.tif,0.0004503906238824129
CNV/77/021_Drusen.tif,CNV-077,test,CNV,drusen,OD,.tif,0.00040729864849708974
CNV/77/022_Drusen.tif,CNV-077,test,CNV,drusen,OD,.tif,0.0003885867481585592
CNV/77/023_Drusen.tif,CNV-077,test,CNV,drusen,OD,.tif,0.0004827250959351659
CNV/77/024_Drusen.tif,CNV-077,test,CNV,drusen,OD,.tif,0.00040777254616841674
CNV/77/025_Drusen.tif,CNV-077,test,CNV,drusen,OD,.tif,0.0005040282849222422
CNV/77/026_Drusen.tif,CNV-077,test,CNV,drusen,OD,.tif,0.0005950914928689599
CNV/77/027_Drusen.tif,CNV-077,test,CNV,drusen,OD,.tif,0.0005612506065517664
CNV/77/028_Drusen.tif,CNV-077,test,CNV,drusen,OD,.tif,0.0005455042701214552
CNV/77/029_Drusen.tif,CNV-077,test,CNV,drusen,OD,.tif,0.00054689752869308
CNV/77/030_Drusen.tif,CNV-077,test,CNV,drusen,OD,.tif,0.0006510677048936486
CNV/79/000_Normal.jpg,CNV-079,test,CNV,normal,OS,.jpg,0.0007981709786690772
CNV/79/001_Normal.jpg,CNV-079,test,CNV,normal,OS,.jpg,0.0008435327326878905
CNV/79/002_Normal.jpg,CNV-079,test,CNV,normal,OS,.jpg,0.0007658064132556319
CNV/79/003_Normal.jpg,CNV-079,test,CNV,normal,OS,.jpg,0.0007211896008811891
CNV/79/004_Normal.jpg,CNV-079,test,CNV,normal,OS,.jpg,0.0006632199510931969
CNV/79/005_Normal.jpg,CNV-079,test,CNV,normal,OS,.jpg,0.00045544124441221356
CNV/79/006_Drusen.jpg,CNV-079,test,CNV,drusen,OS,.jpg,0.0009932128014042974
CNV/79/007_Drusen.jpg,CNV-079,test,CNV,drusen,OS,.jpg,0.0008309280965477228
CNV/79/008_CNV.jpg,CNV-079,test,CNV,cnv,OS,.jpg,0.0012749728048220277
CNV/79/009_CNV.jpg,CNV-079,test,CNV,cnv,OS,.jpg,0.0014468567678704858
CNV/79/010_CNV.jpg,CNV-079,test,CNV,cnv,OS,.jpg,0.001444591791369021
CNV/79/011_CNV.jpg,CNV-079,test,CNV,cnv,OS,.jpg,0.0012484833132475615
CNV/79/012_CNV.jpg,CNV-079,test,CNV,cnv,OS,.jpg,0.0012410503113642335
CNV/79/013_CNV.jpg,CNV-079,test,CNV,cnv,OS,.jpg,0.001017100061289966
CNV/79/014_CNV.jpg,CNV-079,test,CNV,cnv,OS,.jpg,0.0011537909740582108
CNV/79/015_CNV.jpg,CNV-079,test,CNV,cnv,OS,.jpg,0.0011581580620259047
CNV/79/016_CNV.jpg,CNV-079,test,CNV,cnv,OS,.jpg,0.0010662992717698216
CNV/79/017_CNV.jpg,CNV-079,test,CNV,cnv,OS,.jpg,0.0008558559347875416
CNV/79/018_CNV.jpg,CNV-079,test,CNV,cnv,OS,.jpg,0.0009337401716038585
CNV/79/019_CNV.jpg,CNV-079,test,CNV,cnv,OS,.jpg,0.0008922357228584588
CNV/79/020_CNV.jpg,CNV-079,test,CNV,cnv,OS,.jpg,0.0008341200300492346
CNV/79/021_CNV.jpg,CNV-079,test,CNV,cnv,OS,.jpg,0.0008780815987847745
CNV/79/022_CNV.jpg,CNV-079,test,CNV,cnv,OS,.jpg,0.0008413678151555359
CNV/79/023_Drusen.jpg,CNV-079,test,CNV,drusen,OS,.jpg,0.0008690149988979101
CNV/79/024_Drusen.jpg,CNV-079,test,CNV,drusen,OS,.jpg,0.0007294918759725988
CNV/80/000_CNV.jpg,CNV-080,test,CNV,cnv,OS,.jpg,0.000965447979979217
CNV/80/001_CNV.jpg,CNV-080,test,CNV,cnv,OS,.jpg,0.0008399708312936127
CNV/80/002_CNV.jpg,CNV-080,test,CNV,cnv,OS,.jpg,0.0011172773083671927
CNV/80/003_CNV.jpg,CNV-080,test,CNV,cnv,OS,.jpg,0.000750943087041378
CNV/80/004_CNV.jpg,CNV-080,test,CNV,cnv,OS,.jpg,0.0014144738670438528
CNV/80/005_CNV.jpg,CNV-080,test,CNV,cnv,OS,.jpg,0.0012040447909384966
CNV/80/006_CNV.jpg,CNV-080,test,CNV,cnv,OS,.jpg,0.0009430262725800276
CNV/80/007_CNV.jpg,CNV-080,test,CNV,cnv,OS,.jpg,0.0011280213948339224
CNV/80/008_CNV.jpg,CNV-080,test,CNV,cnv,OS,.jpg,0.0014021274400874972
CNV/80/009_CNV.jpg,CNV-080,test,CNV,cnv,OS,.jpg,0.0015257627237588167
CNV/80/010_CNV.jpg,CNV-080,test,CNV,cnv,OS,.jpg,0.0012811683118343353
CNV/80/011_CNV.jpg,CNV-080,test,CNV,cnv,OS,.jpg,0.0013112337328493595
CNV/80/012_CNV.jpg,CNV-080,test,CNV,cnv,OS,.jpg,0.0011371126165613532
CNV/80/013_CNV.jpg,CNV-080,test,CNV,cnv,OS,.jpg,0.0012034217361360788
CNV/80/014_CNV.jpg,CNV-080,test,CNV,cnv,OS,.jpg,0.0013360128505155444
CNV/80/015_CNV.jpg,CNV-080,test,CNV,cnv,OS,.jpg,0.0016325580654665828
CNV/80/016_CNV.jpg,CNV-080,test,CNV,cnv,OS,.jpg,0.001560201751999557
CNV/80/017_CNV.jpg,CNV-080,test,CNV,cnv,OS,.jpg,0.0012444222811609507
CNV/80/018_CNV.jpg,CNV-080,test,CNV,cnv,OS,.jpg,0.0012485699262470007
CNV/80/019_CNV.jpg,CNV-080,test,CNV,cnv,OS,.jpg,0.001388691016472876
CNV/80/020_CNV.jpg,CNV-080,test,CNV,cnv,OS,.jpg,0.001327020931057632
CNV/80/021_CNV.jpg,CNV-080,test,CNV,cnv,OS,.jpg,0.001278144191019237
CNV/80/022_CNV.jpg,CNV-080,test,CNV,cnv,OS,.jpg,0.0013354974798858166
CNV/80/023_CNV.jpg,CNV-080,test,CNV,cnv,OS,.jpg,0.0014538080431520939
CNV/80/024_Drusen.jpg,CNV-080,test,CNV,drusen,OS,.jpg,0.0014977427199482918
CNV/80/025_Drusen.jpg,CNV-080,test,CNV,drusen,OS,.jpg,0.000981672783382237
CNV/80/026_Normal.jpg,CNV-080,test,CNV,normal,OS,.jpg,0.0010696685640141368
CNV/80/027_Normal.jpg,CNV-080,test,CNV,normal,OS,.jpg,0.0008436033967882395
CNV/80/028_Normal.jpg,CNV-080,test,CNV,normal,OS,.jpg,0.0008177475538104773
CNV/80/029_Normal.jpg,CNV-080,test,CNV,normal,OS,.jpg,0.0008787792176008224
CNV/80/030_Normal.jpg,CNV-080,test,CNV,normal,OS,.jpg,0.0008432627655565739
CNV/81/000_CNV.tif,CNV-081,test,CNV,cnv,OD,.tif,0.0010748517233878374
CNV/81/001_CNV.tif,CNV-081,test,CNV,cnv,OD,.tif,0.001014312612824142
CNV/81/002_CNV.tif,CNV-081,test,CNV,cnv,OD,.tif,0.0008589325589127839
CNV/81/003_CNV.tif,CNV-081,test,CNV,cnv,OD,.tif,0.0008489929605275393
CNV/81/004_CNV.tif,CNV-081,test,CNV,cnv,OD,.tif,0.0009808551985770464
CNV/81/005_CNV.tif,CNV-081,test,CNV,cnv,OD,.tif,0.0009195414604619145
CNV/81/006_CNV.tif,CNV-081,test,CNV,cnv,OD,.tif,0.0007811871473677456
CNV/81/007_CNV.tif,CNV-081,test,CNV,cnv,OD,.tif,0.0008699264144524932
CNV/81/008_CNV.tif,CNV-081,test,CNV,cnv,OD,.tif,0.0009952812688425183
CNV/81/009_CNV.tif,CNV-081,test,CNV,cnv,OD,.tif,0.001063029863871634
CNV/81/010_CNV.tif,CNV-081,test,CNV,cnv,OD,.tif,0.0009643304510973394
CNV/81/011_CNV.tif,CNV-081,test,CNV,cnv,OD,.tif,0.0010273174848407507
CNV/81/012_CNV.tif,CNV-081,test,CNV,cnv,OD,.tif,0.0014230709057301283
CNV/81/013_CNV.tif,CNV-081,test,CNV,cnv,OD,.tif,0.001202539075165987
CNV/81/014_CNV.tif,CNV-081,test,CNV,cnv,OD,.tif,0.0013487902469933033
CNV/81/015_CNV.tif,CNV-081,test,CNV,cnv,OD,.tif,0.0011440878733992577
CNV/81/016_CNV.tif,CNV-081,test,CNV,cnv,OD,.tif,0.001113877515308559
CNV/81/017_CNV.tif,CNV-081,test,CNV,cnv,OD,.tif,0.0016099633648991585
CNV/81/018_CNV.tif,CNV-081,test,CNV,cnv,OD,.tif,0.0014242550823837519
CNV/81/019_CNV.tif,CNV-081,test,CNV,cnv,OD,.tif,0.0013984576798975468
CNV/81/020_CNV.tif,CNV-081,test,CNV,cnv,OD,.tif,0.0015259087085723877
CNV/81/021_CNV.tif,CNV-081,test,CNV,cnv,OD,.tif,0.0014140772400423884
CNV/81/022_CNV.tif,CNV-081,test,CNV,cnv,OD,.tif,0.0015454599633812904
CNV/81/023_CNV.tif,CNV-081,test,CNV,cnv,OD,.tif,0.0011698444141075015
CNV/81/024_CNV.tif,CNV-081,test,CNV,cnv,OD,.tif,0.0009803860448300838
CNV/81/025_CNV.tif,CNV-081,test,CNV,cnv,OD,.tif,0.0008784941164776683
CNV/81/026_CNV.tif,CNV-081,test,CNV,cnv,OD,.tif,0.0006702393293380737
CNV/81/027_Normal.tif,CNV-081,test,CNV,normal,OD,.tif,0.0006581546040251851
CNV/81/028_Normal.tif,CNV-081,test,CNV,normal,OD,.tif,0.0005160298896953464
CNV/81/029_Normal.tif,CNV-081,test,CNV,normal,OD,.tif,0.0005408124416135252
CNV/81/030_Normal.tif,CNV-081,test,CNV,normal,OD,.tif,0.00047963883844204247
CNV/83/000_Normal.jpg,CNV-083,test,CNV,normal,OS,.jpg,0.0007798052974976599
CNV/83/001_Normal.jpg,CNV-083,test,CNV,normal,OS,.jpg,0.0008797275368124247
CNV/83/002_CNV.jpg,CNV-083,test,CNV,cnv,OS,.jpg,0.0009010485373437405
CNV/83/003_CNV.jpg,CNV-083,test,CNV,cnv,OS,.jpg,0.0010133347241207957
CNV/83/004_CNV.jpg,CNV-083,test,CNV,cnv,OS,.jpg,0.0011026838328689337
CNV/83/005_CNV.jpg,CNV-083,test,CNV,cnv,OS,.jpg,0.0010422058403491974
CNV/83/006_CNV.jpg,CNV-083,test,CNV,cnv,OS,.jpg,0.0012002777075394988
CNV/83/007_CNV.jpg,CNV-083,test,CNV,cnv,OS,.jpg,0.0010482228826731443
CNV/83/008_CNV.jpg,CNV-083,test,CNV,cnv,OS,.jpg,0.0011253046104684472
CNV/83/009_CNV.jpg,CNV-083,test,CNV,cnv,OS,.jpg,0.0010885267984122038
CNV/83/010_CNV.jpg,CNV-083,test,CNV,cnv,OS,.jpg,0.000888994662091136
CNV/83/011_CNV.jpg,CNV-083,test,CNV,cnv,OS,.jpg,0.0010353234829381108
CNV/83/012_CNV.jpg,CNV-083,test,CNV,cnv,OS,.jpg,0.001128445495851338
CNV/83/013_CNV.jpg,CNV-083,test,CNV,cnv,OS,.jpg,0.001182531239464879
CNV/83/014_CNV.jpg,CNV-083,test,CNV,cnv,OS,.jpg,0.0012453923700377345
CNV/83/015_CNV.jpg,CNV-083,test,CNV,cnv,OS,.jpg,0.001301007461734116
CNV/83/016_CNV.jpg,CNV-083,test,CNV,cnv,OS,.jpg,0.0013039945624768734
CNV/83/017_CNV.jpg,CNV-083,test,CNV,cnv,OS,.jpg,0.001186500070616603
CNV/83/018_CNV.jpg,CNV-083,test,CNV,cnv,OS,.jpg,0.001379628200083971
CNV/83/019_CNV.jpg,CNV-083,test,CNV,cnv,OS,.jpg,0.0013776967534795403
CNV/83/020_CNV.jpg,CNV-083,test,CNV,cnv,OS,.jpg,0.0013326540356501937
CNV/83/021_CNV.jpg,CNV-083,test,CNV,cnv,OS,.jpg,0.0012115251738578081
CNV/83/022_CNV.jpg,CNV-083,test,CNV,cnv,OS,.jpg,0.0011503368150442839
CNV/83/023_CNV.jpg,CNV-083,test,CNV,cnv,OS,.jpg,0.0011281308252364397
CNV/83/024_CNV.jpg,CNV-083,test,CNV,cnv,OS,.jpg,0.0010543020907789469
CNV/84/000_CNV.jpg,CNV-084,test,CNV,cnv,OS,.jpg,0.0007513694581575692
CNV/84/001_CNV.jpg,CNV-084,test,CNV,cnv,OS,.jpg,0.0010160080855712295
CNV/84/002_CNV.jpg,CNV-084,test,CNV,cnv,OS,.jpg,0.0009891230147331953
CNV/84/003_CNV.jpg,CNV-084,test,CNV,cnv,OS,.jpg,0.0017398052150383592
CNV/84/004_CNV.jpg,CNV-084,test,CNV,cnv,OS,.jpg,0.0010818568989634514
CNV/84/005_CNV.jpg,CNV-084,test,CNV,cnv,OS,.jpg,0.0012001971481367946
CNV/84/006_CNV.jpg,CNV-084,test,CNV,cnv,OS,.jpg,0.001056150533258915
CNV/84/007_CNV.jpg,CNV-084,test,CNV,cnv,OS,.jpg,0.0011259388411417603
CNV/84/008_CNV.jpg,CNV-084,test,CNV,cnv,OS,.jpg,0.001150744385086
CNV/84/009_CNV.jpg,CNV-084,test,CNV,cnv,OS,.jpg,0.0008585866307839751
CNV/84/010_CNV.jpg,CNV-084,test,CNV,cnv,OS,.jpg,0.0012386791640892625
CNV/84/011_CNV.jpg,CNV-084,test,CNV,cnv,OS,.jpg,0.0012279966613277793
CNV/84/012_CNV.jpg,CNV-084,test,CNV,cnv,OS,.jpg,0.001808058237656951
CNV/84/013_CNV.jpg,CNV-084,test,CNV,cnv,OS,.jpg,0.0016439348692074418
CNV/84/014_CNV.jpg,CNV-084,test,CNV,cnv,OS,.jpg,0.001292001223191619
CNV/84/015_CNV.jpg,CNV-084,test,CNV,cnv,OS,.jpg,0.0015917017590254545
CNV/84/016_CNV.jpg,CNV-084,test,CNV,cnv,OS,.jpg,0.0018628467805683613
CNV/84/017_CNV.jpg,CNV-084,test,CNV,cnv,OS,.jpg,0.0014975137310102582
CNV/84/018_CNV.jpg,CNV-084,test,CNV,cnv,OS,.jpg,0.0020479459781199694
CNV/84/019_CNV.jpg,CNV-084,test,CNV,cnv,OS,.jpg,0.0018538149306550622
CNV/84/020_CNV.jpg,CNV-084,test,CNV,cnv,OS,.jpg,0.0016360601875931025
CNV/84/021_CNV.jpg,CNV-084,test,CNV,cnv,OS,.jpg,0.0017171392682939768
CNV/84/022_CNV.jpg,CNV-084,test,CNV,cnv,OS,.jpg,0.0019069390837103128
CNV/84/023_CNV.jpg,CNV-084,test,CNV,cnv,OS,.jpg,0.001367701101116836
CNV/84/024_CNV.jpg,CNV-084,test,CNV,cnv,OS,.jpg,0.0013849707320332527
CNV/84/025_CNV.jpg,CNV-084,test,CNV,cnv,OS,.jpg,0.00114862818736583
CNV/84/026_CNV.jpg,CNV-084,test,CNV,cnv,OS,.jpg,0.001171607873402536
CNV/84/027_CNV.jpg,CNV-084,test,CNV,cnv,OS,.jpg,0.0011774973245337605
CNV/84/028_CNV.jpg,CNV-084,test,CNV,cnv,OS,.jpg,0.0009843668667599559
CNV/84/029_CNV.jpg,CNV-084,test,CNV,cnv,OS,.jpg,0.0013089703861624002
CNV/84/030_CNV.jpg,CNV-084,test,CNV,cnv,OS,.jpg,0.0011643251636996865
CNV/85/000_Drusen.jpg,CNV-085,test,CNV,drusen,OS,.jpg,0.0006115606520324945
CNV/85/001_Drusen.jpg,CNV-085,test,CNV,drusen,OS,.jpg,0.0006179861375130713
CNV/85/002_Drusen.jpg,CNV-085,test,CNV,drusen,OS,.jpg,0.0006405279855243862
CNV/85/003_Drusen.jpg,CNV-085,test,CNV,drusen,OS,.jpg,0.0006750248721800745
CNV/85/004_Drusen.jpg,CNV-085,test,CNV,drusen,OS,.jpg,0.0006284862174652517
CNV/85/005_Drusen.jpg,CNV-085,test,CNV,drusen,OS,.jpg,0.0007507609552703798
CNV/85/006_Drusen.jpg,CNV-085,test,CNV,drusen,OS,.jpg,0.0007516989717260003
CNV/85/007_Drusen.jpg,CNV-085,test,CNV,drusen,OS,.jpg,0.0008344365633092821
CNV/85/008_Drusen.jpg,CNV-085,test,CNV,drusen,OS,.jpg,0.0007788802613504231
CNV/85/009_Drusen.jpg,CNV-085,test,CNV,drusen,OS,.jpg,0.0009296915377490222
CNV/85/010_Drusen.jpg,CNV-085,test,CNV,drusen,OS,.jpg,0.0008831705199554563
CNV/85/011_CNV.jpg,CNV-085,test,CNV,cnv,OS,.jpg,0.0008908020681701601
CNV/85/012_CNV.jpg,CNV-085,test,CNV,cnv,OS,.jpg,0.000837840954773128
CNV/85/013_CNV.jpg,CNV-085,test,CNV,cnv,OS,.jpg,0.0008580898866057396
CNV/85/014_CNV.jpg,CNV-085,test,CNV,cnv,OS,.jpg,0.0009683153475634754
CNV/85/015_CNV.jpg,CNV-085,test,CNV,cnv,OS,.jpg,0.0009447778575122356
CNV/85/016_CNV.jpg,CNV-085,test,CNV,cnv,OS,.jpg,0.0010760326404124498
CNV/85/017_CNV.jpg,CNV-085,test,CNV,cnv,OS,.jpg,0.0010666733141988516
CNV/85/018_CNV.jpg,CNV-085,test,CNV,cnv,OS,.jpg,0.0010177379008382559
CNV/85/019_CNV.jpg,CNV-085,test,CNV,cnv,OS,.jpg,0.0009610705892555416
CNV/85/020_CNV.jpg,CNV-085,test,CNV,cnv,OS,.jpg,0.0011073745554313064
CNV/85/021_CNV.jpg,CNV-085,test,CNV,cnv,OS,.jpg,0.0010978206992149353
CNV/85/022_CNV.jpg,CNV-085,test,CNV,cnv,OS,.jpg,0.0010169597808271646
CNV/85/023_Drusen.jpg,CNV-085,test,CNV,drusen,OS,.jpg,0.0010108910501003265
CNV/85/024_Drusen.jpg,CNV-085,test,CNV,drusen,OS,.jpg,0.0009569989051669836
CNV/85/025_Drusen.jpg,CNV-085,test,CNV,drusen,OS,.jpg,0.0008175016846507788
CNV/85/026_Drusen.jpg,CNV-085,test,CNV,drusen,OS,.jpg,0.0007535522454418242
CNV/85/027_Drusen.jpg,CNV-085,test,CNV,drusen,OS,.jpg,0.0007761603337712586
CNV/85/028_Drusen.jpg,CNV-085,test,CNV,drusen,OS,.jpg,0.0007755337283015251
CNV/85/029_Drusen.jpg,CNV-085,test,CNV,drusen,OS,.jpg,0.0006823891308158636
CNV/85/030_Drusen.jpg,CNV-085,test,CNV,drusen,OS,.jpg,0.0007912350702099502
CNV/87/000_Normal.tif,CNV-087,test,CNV,normal,OD,.tif,0.0005514738149940968
CNV/87/001_Normal.tif,CNV-087,test,CNV,normal,OD,.tif,0.0005999436834827065
CNV/87/002_Normal.tif,CNV-087,test,CNV,normal,OD,.tif,0.0005934502696618438
CNV/87/003_Normal.tif,CNV-087,test,CNV,normal,OD,.tif,0.0005903896526433527
CNV/87/004_Normal.tif,CNV-087,test,CNV,normal,OD,.tif,0.0006680337828584015
CNV/87/005_Normal.tif,CNV-087,test,CNV,normal,OD,.tif,0.0005340285133570433
CNV/87/006_Normal.tif,CNV-087,test,CNV,normal,OD,.tif,0.0006055441917851567
CNV/87/007_Normal.tif,CNV-087,test,CNV,normal,OD,.tif,0.0005437821382656693
CNV/87/008_Normal.tif,CNV-087,test,CNV,normal,OD,.tif,0.0007243959698826075
CNV/87/009_Normal.tif,CNV-087,test,CNV,normal,OD,.tif,0.0008361739455722272
CNV/87/010_CNV.tif,CNV-087,test,CNV,cnv,OD,.tif,0.0007803927874192595
CNV/87/011_CNV.tif,CNV-087,test,CNV,cnv,OD,.tif,0.0007557520875707269
CNV/87/012_CNV.tif,CNV-087,test,CNV,cnv,OD,.tif,0.0008322815410792828
CNV/87/013_CNV.tif,CNV-087,test,CNV,cnv,OD,.tif,0.0008406036649830639
CNV/87/014_CNV.tif,CNV-087,test,CNV,cnv,OD,.tif,0.0007723160670138896
CNV/87/015_CNV.tif,CNV-087,test,CNV,cnv,OD,.tif,0.000830170582048595
CNV/87/016_CNV.tif,CNV-087,test,CNV,cnv,OD,.tif,0.0006925938068889081
CNV/87/017_CNV.tif,CNV-087,test,CNV,cnv,OD,.tif,0.0007488090195693076
CNV/87/018_CNV.tif,CNV-087,test,CNV,cnv,OD,.tif,0.0007388829835690558
CNV/87/019_CNV.tif,CNV-087,test,CNV,cnv,OD,.tif,0.0006080655148252845
CNV/87/020_Drusen.tif,CNV-087,test,CNV,drusen,OD,.tif,0.0006356360390782356
CNV/87/021_Drusen.tif,CNV-087,test,CNV,drusen,OD,.tif,0.0006600889028050005
CNV/87/022_Normal.tif,CNV-087,test,CNV,normal,OD,.tif,0.0005621406016871333
CNV/87/023_Normal.tif,CNV-087,test,CNV,normal,OD,.tif,0.0005211189854890108
CNV/87/024_Normal.tif,CNV-087,test,CNV,normal,OD,.tif,0.0005207124049775302
CNV/87/025_Normal.tif,CNV-087,test,CNV,normal,OD,.tif,0.0005601785960607231
CNV/87/026_Normal.tif,CNV-087,test,CNV,normal,OD,.tif,0.000590984825976193
CNV/87/027_Normal.tif,CNV-087,test,CNV,normal,OD,.tif,0.0005696974694728851
CNV/87/028_Normal.tif,CNV-087,test,CNV,normal,OD,.tif,0.0005361626972444355
CNV/87/029_Normal.tif,CNV-087,test,CNV,normal,OD,.tif,0.000510264711920172
CNV/87/030_Normal.tif,CNV-087,test,CNV,normal,OD,.tif,0.0005775903118774295
CNV/88/000_Drusen.jpg,CNV-088,test,CNV,drusen,OD,.jpg,0.0005834016483277082
CNV/88/001_Drusen.jpg,CNV-088,test,CNV,drusen,OD,.jpg,0.0005347662954591215
CNV/88/002_Drusen.jpg,CNV-088,test,CNV,drusen,OD,.jpg,0.0006147436797618866
CNV/88/003_Drusen.jpg,CNV-088,test,CNV,drusen,OD,.jpg,0.0005763632361777127
CNV/88/004_CNV.jpg,CNV-088,test,CNV,cnv,OD,.jpg,0.0007040848140604794
CNV/88/005_CNV.jpg,CNV-088,test,CNV,cnv,OD,.jpg,0.0006133447168394923
CNV/88/006_CNV.jpg,CNV-088,test,CNV,cnv,OD,.jpg,0.0005924394936300814
CNV/88/007_CNV.jpg,CNV-088,test,CNV,cnv,OD,.jpg,0.0006337944068945944
CNV/88/008_CNV.jpg,CNV-088,test,CNV,cnv,OD,.jpg,0.000693878042511642
CNV/88/009_CNV.jpg,CNV-088,test,CNV,cnv,OD,.jpg,0.0007015990559011698
CNV/88/010_CNV.jpg,CNV-088,test,CNV,cnv,OD,.jpg,0.000689963751938194
CNV/88/011_CNV.jpg,CNV-088,test,CNV,cnv,OD,.jpg,0.0006632736185565591
CNV/88/012_CNV.jpg,CNV-088,test,CNV,cnv,OD,.jpg,0.0007030494161881506
CNV/88/013_CNV.jpg,CNV-088,test,CNV,cnv,OD,.jpg,0.0007690979982726276
CNV/88/014_CNV.jpg,CNV-088,test,CNV,cnv,OD,.jpg,0.000826481613330543
CNV/88/015_CNV.jpg,CNV-088,test,CNV,cnv,OD,.jpg,0.0009917543502524495
CNV/88/016_CNV.jpg,CNV-088,test,CNV,cnv,OD,.jpg,0.0008072135387919843
CNV/88/017_CNV.jpg,CNV-088,test,CNV,cnv,OD,.jpg,0.0009109366801567376
CNV/88/018_CNV.jpg,CNV-088,test,CNV,cnv,OD,.jpg,0.0008076585945673287
CNV/88/019_CNV.jpg,CNV-088,test,CNV,cnv,OD,.jpg,0.0006916379206813872
CNV/88/020_CNV.jpg,CNV-088,test,CNV,cnv,OD,.jpg,0.0005953093059360981
CNV/88/021_Drusen.jpg,CNV-088,test,CNV,drusen,OD,.jpg,0.0005490844487212598
CNV/88/022_Drusen.jpg,CNV-088,test,CNV,drusen,OD,.jpg,0.0007603871054016054
CNV/88/023_Drusen.jpg,CNV-088,test,CNV,drusen,OD,.jpg,0.0008132182410918176
CNV/88/024_Drusen.jpg,CNV-088,test,CNV,drusen,OD,.jpg,0.0007863041246309876
CNV/89/000_Drusen.tif,CNV-089,test,CNV,drusen,OD,.tif,0.0006459630676545203
CNV/89/001_Drusen.tif,CNV-089,test,CNV,drusen,OD,.tif,0.0005281488411128521
CNV/89/002_Drusen.tif,CNV-089,test,CNV,drusen,OD,.tif,0.0005875749047845602
CNV/89/003_Drusen.tif,CNV-089,test,CNV,drusen,OD,.tif,0.0004967377753928304
CNV/89/004_Drusen.tif,CNV-089,test,CNV,drusen,OD,.tif,0.000533473736140877
CNV/89/005_Drusen.tif,CNV-089,test,CNV,drusen,OD,.tif,0.0005658689769916236
CNV/89/006_Drusen.tif,CNV-089,test,CNV,drusen,OD,.tif,0.0006778012029826641
CNV/89/007_Drusen.tif,CNV-089,test,CNV,drusen,OD,.tif,0.000627304834779352
CNV/89/008_Drusen.tif,CNV-089,test,CNV,drusen,OD,.tif,0.0007976298220455647
CNV/89/009_CNV.tif,CNV-089,test,CNV,cnv,OD,.tif,0.0008611314697191119
CNV/89/010_CNV.tif,CNV-089,test,CNV,cnv,OD,.tif,0.0009154248400591314
CNV/89/011_CNV.tif,CNV-089,test,CNV,cnv,OD,.tif,0.0009854775853455067
CNV/89/012_CNV.tif,CNV-089,test,CNV,cnv,OD,.tif,0.0009946544887498021
CNV/89/013_CNV.tif,CNV-089,test,CNV,cnv,OD,.tif,0.000946285726968199
CNV/89/014_CNV.tif,CNV-089,test,CNV,cnv,OD,.tif,0.001079137553460896
CNV/89/015_CNV.tif,CNV-089,test,CNV,cnv,OD,.tif,0.0005869803135283291
CNV/89/016_CNV.tif,CNV-089,test,CNV,cnv,OD,.tif,0.0009432171937078238
CNV/89/017_CNV.tif,CNV-089,test,CNV,cnv,OD,.tif,0.000871123222168535
CNV/89/018_CNV.tif,CNV-089,test,CNV,cnv,OD,.tif,0.0007553321775048971
CNV/89/019_CNV.tif,CNV-089,test,CNV,cnv,OD,.tif,0.0007555061019957066
CNV/89/020_CNV.tif,CNV-089,test,CNV,cnv,OD,.tif,0.000681044184602797
CNV/89/021_CNV.tif,CNV-089,test,CNV,cnv,OD,.tif,0.0007208357565104961
CNV/89/022_CNV.tif,CNV-089,test,CNV,cnv,OD,.tif,0.0006579587934538722
CNV/89/023_Drusen.tif,CNV-089,test,CNV,drusen,OD,.tif,0.0009695612825453281
CNV/89/024_Drusen.tif,CNV-089,test,CNV,drusen,OD,.tif,0.0007739283028058708
CNV/89/025_Drusen.tif,CNV-089,test,CNV,drusen,OD,.tif,0.00102289451751858
CNV/89/026_Drusen.tif,CNV-089,test,CNV,drusen,OD,.tif,0.001057716435752809
CNV/89/027_Drusen.tif,CNV-089,test,CNV,drusen,OD,.tif,0.0007537665660493076
CNV/89/028_Drusen.tif,CNV-089,test,CNV,drusen,OD,.tif,0.0007003004429861903
CNV/89/029_Drusen.tif,CNV-089,test,CNV,drusen,OD,.tif,0.0005936397355981171
CNV/89/030_Drusen.tif,CNV-089,test,CNV,drusen,OD,.tif,0.0007034058216959238
CNV/90/000_Normal.tif,CNV-090,test,CNV,normal,OS,.tif,0.0008720490732230246
CNV/90/001_Normal.tif,CNV-090,test,CNV,normal,OS,.tif,0.0008161832811310887
CNV/90/002_CNV.tif,CNV-090,test,CNV,cnv,OS,.tif,0.0009116040891967714
CNV/90/003_CNV.tif,CNV-090,test,CNV,cnv,OS,.tif,0.0008883391856215894
CNV/90/004_CNV.tif,CNV-090,test,CNV,cnv,OS,.tif,0.0008037251536734402
CNV/90/005_CNV.tif,CNV-090,test,CNV,cnv,OS,.tif,0.001055854489095509
CNV/90/006_CNV.tif,CNV-090,test,CNV,cnv,OS,.tif,0.000842555018607527
CNV/90/007_CNV.tif,CNV-090,test,CNV,cnv,OS,.tif,0.0009538444573991001
CNV/90/008_CNV.tif,CNV-090,test,CNV,cnv,OS,.tif,0.0009797187522053719
CNV/90/009_CNV.tif,CNV-090,test,CNV,cnv,OS,.tif,0.0009633185691200197
CNV/90/010_CNV.tif,CNV-090,test,CNV,cnv,OS,.tif,0.0009046778432093561
CNV/90/011_CNV.tif,CNV-090,test,CNV,cnv,OS,.tif,0.0011165852192789316
CNV/90/012_CNV.tif,CNV-090,test,CNV,cnv,OS,.tif,0.00136734324041754
CNV/90/013_CNV.tif,CNV-090,test,CNV,cnv,OS,.tif,0.0012028986820951104
CNV/90/014_CNV.tif,CNV-090,test,CNV,cnv,OS,.tif,0.001287987339310348
CNV/90/015_CNV.tif,CNV-090,test,CNV,cnv,OS,.tif,0.0016284837620332837
CNV/90/016_CNV.tif,CNV-090,test,CNV,cnv,OS,.tif,0.0015455556567758322
CNV/90/017_CNV.tif,CNV-090,test,CNV,cnv,OS,.tif,0.0011589860077947378
CNV/90/018_CNV.tif,CNV-090,test,CNV,cnv,OS,.tif,0.0011887112632393837
CNV/90/019_CNV.tif,CNV-090,test,CNV,cnv,OS,.tif,0.0011401966912671924
CNV/90/020_CNV.tif,CNV-090,test,CNV,cnv,OS,.tif,0.0011414206819608808
CNV/90/021_CNV.tif,CNV-090,test,CNV,cnv,OS,.tif,0.0010808537481352687
CNV/90/022_Drusen.tif,CNV-090,test,CNV,drusen,OS,.tif,0.001110279350541532
CNV/90/023_Drusen.tif,CNV-090,test,CNV,drusen,OS,.tif,0.0010182682890444994
CNV/90/024_Drusen.tif,CNV-090,test,CNV,drusen,OS,.tif,0.001008738181553781
CNV/90/025_Drusen.tif,CNV-090,test,CNV,drusen,OS,.tif,0.001043102703988552
CNV/90/026_Normal.tif,CNV-090,test,CNV,normal,OS,.tif,0.0010160139063373208
CNV/90/027_Normal.tif,CNV-090,test,CNV,normal,OS,.tif,0.0009920578449964523
CNV/90/028_Normal.tif,CNV-090,test,CNV,normal,OS,.tif,0.0009513225522823632
CNV/90/029_Normal.tif,CNV-090,test,CNV,normal,OS,.tif,0.0008734229486435652
CNV/90/030_Normal.tif,CNV-090,test,CNV,normal,OS,.tif,0.0008473970810882747
CNV/91/000_Normal.tif,CNV-091,test,CNV,normal,OS,.tif,0.0014129627961665392
CNV/91/001_Normal.tif,CNV-091,test,CNV,normal,OS,.tif,0.0024304597172886133
CNV/91/002_Normal.tif,CNV-091,test,CNV,normal,OS,.tif,0.0029689264483749866
CNV/91/003_Normal.tif,CNV-091,test,CNV,normal,OS,.tif,0.0023904351983219385
CNV/91/004_Normal.tif,CNV-091,test,CNV,normal,OS,.tif,0.0025257139932364225
CNV/91/005_Normal.tif,CNV-091,test,CNV,normal,OS,.tif,0.0018562114564701915
CNV/91/006_Normal.tif,CNV-091,test,CNV,normal,OS,.tif,0.0015929730143398046
CNV/91/007_Drusen.tif,CNV-091,test,CNV,drusen,OS,.tif,0.001479546306654811
CNV/91/008_Drusen.tif,CNV-091,test,CNV,drusen,OS,.tif,0.001463259686715901
CNV/91/009_CNV.tif,CNV-091,test,CNV,cnv,OS,.tif,0.001293347799219191
CNV/91/010_CNV.tif,CNV-091,test,CNV,cnv,OS,.tif,0.0012864810414612293
CNV/91/011_CNV.tif,CNV-091,test,CNV,cnv,OS,.tif,0.001123509369790554
CNV/91/012_CNV.tif,CNV-091,test,CNV,cnv,OS,.tif,0.0012564443750306964
CNV/91/013_CNV.tif,CNV-091,test,CNV,cnv,OS,.tif,0.0012301704846322536
CNV/91/014_CNV.tif,CNV-091,test,CNV,cnv,OS,.tif,0.0012791603803634644
CNV/91/015_CNV.tif,CNV-091,test,CNV,cnv,OS,.tif,0.0012878197012469172
CNV/91/016_CNV.tif,CNV-091,test,CNV,cnv,OS,.tif,0.0015026599867269397
CNV/91/017_CNV.tif,CNV-091,test,CNV,cnv,OS,.tif,0.001703417394310236
CNV/91/018_CNV.tif,CNV-091,test,CNV,cnv,OS,.tif,0.0014481680700555444
CNV/91/019_CNV.tif,CNV-091,test,CNV,cnv,OS,.tif,0.0015161760384216905
CNV/91/020_CNV.tif,CNV-091,test,CNV,cnv,OS,.tif,0.0012987484224140644
CNV/91/021_CNV.tif,CNV-091,test,CNV,cnv,OS,.tif,0.0015789783792570233
CNV/91/022_CNV.tif,CNV-091,test,CNV,cnv,OS,.tif,0.0014036777429282665
CNV/91/023_CNV.tif,CNV-091,test,CNV,cnv,OS,.tif,0.0012314320774748921
CNV/91/024_CNV.tif,CNV-091,test,CNV,cnv,OS,.tif,0.001327801262959838
CNV/91/025_CNV.tif,CNV-091,test,CNV,cnv,OS,.tif,0.0011197947897017002
CNV/91/026_CNV.tif,CNV-091,test,CNV,cnv,OS,.tif,0.0011090778280049562
CNV/91/027_Drusen.tif,CNV-091,test,CNV,drusen,OS,.tif,0.0010236685629934072
CNV/91/028_Drusen.tif,CNV-091,test,CNV,drusen,OS,.tif,0.00114808592479676
CNV/91/029_Drusen.tif,CNV-091,test,CNV,drusen,OS,.tif,0.0013772534439340234
CNV/91/030_Drusen.tif,CNV-091,test,CNV,drusen,OS,.tif,0.0012309321900829673
CNV/92/000_Normal.tif,CNV-092,test,CNV,normal,OS,.tif,0.0009217560291290283
CNV/92/001_Normal.tif,CNV-092,test,CNV,normal,OS,.tif,0.0007942733936943114
CNV/92/002_Normal.tif,CNV-092,test,CNV,normal,OS,.tif,0.0008086864836513996
CNV/92/003_Normal.tif,CNV-092,test,CNV,normal,OS,.tif,0.0008095878292806447
CNV/92/004_CNV.tif,CNV-092,test,CNV,cnv,OS,.tif,0.0010682182619348168
CNV/92/005_CNV.tif,CNV-092,test,CNV,cnv,OS,.tif,0.0008576702093705535
CNV/92/006_CNV.tif,CNV-092,test,CNV,cnv,OS,.tif,0.0008993688388727605
CNV/92/007_CNV.tif,CNV-092,test,CNV,cnv,OS,.tif,0.0010008086683228612
CNV/92/008_CNV.tif,CNV-092,test,CNV,cnv,OS,.tif,0.0011747411917895079
CNV/92/009_CNV.tif,CNV-092,test,CNV,cnv,OS,.tif,0.0010855726432055235
CNV/92/010_CNV.tif,CNV-092,test,CNV,cnv,OS,.tif,0.0009466374758630991
CNV/92/011_CNV.tif,CNV-092,test,CNV,cnv,OS,.tif,0.0010189624736085534
CNV/92/012_CNV.tif,CNV-092,test,CNV,cnv,OS,.tif,0.0009202284854836762
CNV/92/013_CNV.tif,CNV-092,test,CNV,cnv,OS,.tif,0.0010268623009324074
CNV/92/014_CNV.tif,CNV-092,test,CNV,cnv,OS,.tif,0.0011234667617827654
CNV/92/015_CNV.tif,CNV-092,test,CNV,cnv,OS,.tif,0.0010548299178481102
CNV/92/016_CNV.tif,CNV-092,test,CNV,cnv,OS,.tif,0.0010603241389617324
CNV/92/017_CNV.tif,CNV-092,test,CNV,cnv,OS,.tif,0.0007879990735091269
CNV/92/018_CNV.tif,CNV-092,test,CNV,cnv,OS,.tif,0.0009881368605419993
CNV/92/019_CNV.tif,CNV-092,test,CNV,cnv,OS,.tif,0.000623512954916805
CNV/92/020_CNV.tif,CNV-092,test,CNV,cnv,OS,.tif,0.0006703193648718297
CNV/92/021_CNV.tif,CNV-092,test,CNV,cnv,OS,.tif,0.000561338965781033
CNV/92/022_Drusen.tif,CNV-092,test,CNV,drusen,OS,.tif,0.0007101131486706436
CNV/92/023_Drusen.tif,CNV-092,test,CNV,drusen,OS,.tif,0.0006434153183363378
CNV/92/024_Normal.tif,CNV-092,test,CNV,normal,OS,.tif,0.0006000817520543933
CNV/92/025_Normal.tif,CNV-092,test,CNV,normal,OS,.tif,0.0005140647408552468
CNV/92/026_Normal.tif,CNV-092,test,CNV,normal,OS,.tif,0.0005752435536123812
CNV/92/027_Normal.tif,CNV-092,test,CNV,normal,OS,.tif,0.0005900198011659086
CNV/92/028_Normal.tif,CNV-092,test,CNV,normal,OS,.tif,0.0005914860521443188
CNV/92/029_Normal.tif,CNV-092,test,CNV,normal,OS,.tif,0.0006162457284517586
CNV/92/030_Normal.tif,CNV-092,test,CNV,normal,OS,.tif,0.000636361597571522
CNV/95/000_CNV.tif,CNV-095,test,CNV,cnv,OS,.tif,0.0009288848377764225
CNV/95/001_CNV.tif,CNV-095,test,CNV,cnv,OS,.tif,0.0008537405519746244
CNV/95/002_CNV.tif,CNV-095,test,CNV,cnv,OS,.tif,0.0011700165923684835
CNV/95/003_CNV.tif,CNV-095,test,CNV,cnv,OS,.tif,0.001188568421639502
CNV/95/004_CNV.tif,CNV-095,test,CNV,cnv,OS,.tif,0.0013349470682442188
CNV/95/005_CNV.tif,CNV-095,test,CNV,cnv,OS,.tif,0.001088805845938623
CNV/95/006_CNV.tif,CNV-095,test,CNV,cnv,OS,.tif,0.0012656270992010832
CNV/95/007_CNV.tif,CNV-095,test,CNV,cnv,OS,.tif,0.0012201538775116205
CNV/95/008_CNV.tif,CNV-095,test,CNV,cnv,OS,.tif,0.0010712669463828206
CNV/95/009_CNV.tif,CNV-095,test,CNV,cnv,OS,.tif,0.0012315685162320733
CNV/95/010_CNV.tif,CNV-095,test,CNV,cnv,OS,.tif,0.0011795018799602985
CNV/95/011_CNV.tif,CNV-095,test,CNV,cnv,OS,.tif,0.0009152964339591563
CNV/95/012_CNV.tif,CNV-095,test,CNV,cnv,OS,.tif,0.000949864333961159
CNV/95/013_CNV.tif,CNV-095,test,CNV,cnv,OS,.tif,0.0009943048935383558
CNV/95/014_CNV.tif,CNV-095,test,CNV,cnv,OS,.tif,0.0009682798408903182
CNV/95/015_CNV.tif,CNV-095,test,CNV,cnv,OS,.tif,0.001054193009622395
CNV/95/016_CNV.tif,CNV-095,test,CNV,cnv,OS,.tif,0.0010895224986597896
CNV/95/017_CNV.tif,CNV-095,test,CNV,cnv,OS,.tif,0.0011734793661162257
CNV/95/018_CNV.tif,CNV-095,test,CNV,cnv,OS,.tif,0.0011137665715068579
CNV/95/019_CNV.tif,CNV-095,test,CNV,cnv,OS,.tif,0.001175559009425342
CNV/95/020_CNV.tif,CNV-095,test,CNV,cnv,OS,.tif,0.0012546340003609657
CNV/95/021_CNV.tif,CNV-095,test,CNV,cnv,OS,.tif,0.0011512981727719307
CNV/95/022_CNV.tif,CNV-095,test,CNV,cnv,OS,.tif,0.001067314762622118
CNV/95/023_CNV.tif,CNV-095,test,CNV,cnv,OS,.tif,0.0014153815573081374
CNV/95/024_CNV.tif,CNV-095,test,CNV,cnv,OS,.tif,0.001135730417445302
CNV/96/OD/000_Normal.tif,CNV-096,test,CNV,normal,OD,.tif,0.0011386795667931437
CNV/96/OD/001_Normal.tif,CNV-096,test,CNV,normal,OD,.tif,0.001123267924413085
CNV/96/OD/002_Normal.tif,CNV-096,test,CNV,normal,OD,.tif,0.0014143725857138634
CNV/96/OD/003_Normal.tif,CNV-096,test,CNV,normal,OD,.tif,0.0014517924282699823
CNV/96/OD/004_Normal.tif,CNV-096,test,CNV,normal,OD,.tif,0.001238080090843141
CNV/96/OD/005_CNV.tif,CNV-096,test,CNV,cnv,OD,.tif,0.0014285094803199172
CNV/96/OD/006_CNV.tif,CNV-096,test,CNV,cnv,OD,.tif,0.001722240587696433
CNV/96/OD/007_CNV.tif,CNV-096,test,CNV,cnv,OD,.tif,0.0017123882425948977
CNV/96/OD/008_CNV.tif,CNV-096,test,CNV,cnv,OD,.tif,0.0015693565364927053
CNV/96/OD/009_CNV.tif,CNV-096,test,CNV,cnv,OD,.tif,0.0014727470697835088
CNV/96/OD/010_CNV.tif,CNV-096,test,CNV,cnv,OD,.tif,0.0013880784390494227
CNV/96/OD/011_CNV.tif,CNV-096,test,CNV,cnv,OD,.tif,0.001614089822396636
CNV/96/OD/012_CNV.tif,CNV-096,test,CNV,cnv,OD,.tif,0.001475604483857751
CNV/96/OD/013_CNV.tif,CNV-096,test,CNV,cnv,OD,.tif,0.0014866114361211658
CNV/96/OD/014_CNV.tif,CNV-096,test,CNV,cnv,OD,.tif,0.0012591291451826692
CNV/96/OD/015_CNV.tif,CNV-096,test,CNV,cnv,OD,.tif,0.001269182888790965
CNV/96/OD/016_CNV.tif,CNV-096,test,CNV,cnv,OD,.tif,0.0014006650308147073
CNV/96/OD/017_CNV.tif,CNV-096,test,CNV,cnv,OD,.tif,0.0014046761207282543
CNV/96/OD/018_CNV.tif,CNV-096,test,CNV,cnv,OD,.tif,0.0017591288778930902
CNV/96/OD/019_CNV.tif,CNV-096,test,CNV,cnv,OD,.tif,0.0019963490776717663
CNV/96/OD/020_CNV.tif,CNV-096,test,CNV,cnv,OD,.tif,0.0018695115577429533
CNV/96/OD/021_CNV.tif,CNV-096,test,CNV,cnv,OD,.tif,0.0018682983936741948
CNV/96/OD/022_CNV.tif,CNV-096,test,CNV,cnv,OD,.tif,0.0018695131875574589
CNV/96/OD/023_CNV.tif,CNV-096,test,CNV,cnv,OD,.tif,0.0018386897863820195
CNV/96/OD/024_CNV.tif,CNV-096,test,CNV,cnv,OD,.tif,0.0020493147894740105
CNV/96/OD/025_CNV.tif,CNV-096,test,CNV,cnv,OD,.tif,0.0018475934630259871
CNV/96/OD/026_CNV.tif,CNV-096,test,CNV,cnv,OD,.tif,0.0017730739200487733
CNV/96/OD/027_CNV.tif,CNV-096,test,CNV,cnv,OD,.tif,0.0015962476609274745
CNV/96/OD/028_CNV.tif,CNV-096,test,CNV,cnv,OD,.tif,0.001623003394342959
CNV/96/OD/029_CNV.tif,CNV-096,test,CNV,cnv,OD,.tif,0.0016669821925461292
CNV/96/OD/030_Normal.tif,CNV-096,test,CNV,normal,OD,.tif,0.0015359733952209353
CNV/96/OS/000_Drusen.tif,CNV-096,test,CNV,drusen,OS,.tif,0.001193047035485506
CNV/96/OS/001_Drusen.tif,CNV-096,test,CNV,drusen,OS,.tif,0.0011642550816759467
CNV/96/OS/002_Normal.tif,CNV-096,test,CNV,normal,OS,.tif,0.001235124422237277
CNV/96/OS/003_Normal.tif,CNV-096,test,CNV,normal,OS,.tif,0.0012463971506804228
CNV/96/OS/004_Normal.tif,CNV-096,test,CNV,normal,OS,.tif,0.0012300158850848675
CNV/96/OS/005_Normal.tif,CNV-096,test,CNV,normal,OS,.tif,0.0012179836630821228
CNV/96/OS/006_Normal.tif,CNV-096,test,CNV,normal,OS,.tif,0.0011431097518652678
CNV/96/OS/007_CNV.tif,CNV-096,test,CNV,cnv,OS,.tif,0.0013758892891928554
CNV/96/OS/008_CNV.tif,CNV-096,test,CNV,cnv,OS,.tif,0.0019311930518597364
CNV/96/OS/009_CNV.tif,CNV-096,test,CNV,cnv,OS,.tif,0.0012356005609035492
CNV/96/OS/010_CNV.tif,CNV-096,test,CNV,cnv,OS,.tif,0.001384708913974464
CNV/96/OS/011_CNV.tif,CNV-096,test,CNV,cnv,OS,.tif,0.0017708599334582686
CNV/96/OS/012_CNV.tif,CNV-096,test,CNV,cnv,OS,.tif,0.002320044208317995
CNV/96/OS/013_CNV.tif,CNV-096,test,CNV,cnv,OS,.tif,0.0014097685925662518
CNV/96/OS/014_CNV.tif,CNV-096,test,CNV,cnv,OS,.tif,0.0008339037303812802
CNV/96/OS/015_CNV.tif,CNV-096,test,CNV,cnv,OS,.tif,0.0007066485704854131
CNV/96/OS/016_CNV.tif,CNV-096,test,CNV,cnv,OS,.tif,0.0010122486855834723
CNV/96/OS/017_CNV.tif,CNV-096,test,CNV,cnv,OS,.tif,0.0010926984250545502
CNV/96/OS/018_CNV.tif,CNV-096,test,CNV,cnv,OS,.tif,0.0012897185515612364
CNV/96/OS/019_CNV.tif,CNV-096,test,CNV,cnv,OS,.tif,0.0014272487023845315
CNV/96/OS/020_CNV.tif,CNV-096,test,CNV,cnv,OS,.tif,0.001482566469348967
CNV/96/OS/021_CNV.tif,CNV-096,test,CNV,cnv,OS,.tif,0.0013694152003154159
CNV/96/OS/022_Drusen.tif,CNV-096,test,CNV,drusen,OS,.tif,0.0012468635104596615
CNV/96/OS/023_Drusen.tif,CNV-096,test,CNV,drusen,OS,.tif,0.0011084032012149692
CNV/96/OS/024_Normal.tif,CNV-096,test,CNV,normal,OS,.tif,0.0011309109395369887
CNV/96/OS/025_Normal.tif,CNV-096,test,CNV,normal,OS,.tif,0.0008888173033483326
CNV/96/OS/026_Normal.tif,CNV-096,test,CNV,normal,OS,.tif,0.0009003220475278795
CNV/96/OS/027_Normal.tif,CNV-096,test,CNV,normal,OS,.tif,0.0010612703626975417
CNV/96/OS/028_Normal.tif,CNV-096,test,CNV,normal,OS,.tif,0.001239870092831552
CNV/96/OS/029_Normal.tif,CNV-096,test,CNV,normal,OS,.tif,0.002233483362942934
CNV/96/OS/030_Normal.tif,CNV-096,test,CNV,normal,OS,.tif,0.0014436126220971346
CNV/99/000_CNV.tif,CNV-099,test,CNV,cnv,OS,.tif,0.0005706016672775149
CNV/99/001_CNV.tif,CNV-099,test,CNV,cnv,OS,.tif,0.0008376798359677196
CNV/99/002_CNV.tif,CNV-099,test,CNV,cnv,OS,.tif,0.0007671208586543798
CNV/99/003_CNV.tif,CNV-099,test,CNV,cnv,OS,.tif,0.0006443348829634488
CNV/99/004_CNV.tif,CNV-099,test,CNV,cnv,OS,.tif,0.0006346563459374011
CNV/99/005_CNV.tif,CNV-099,test,CNV,cnv,OS,.tif,0.0006707190186716616
CNV/99/006_CNV.tif,CNV-099,test,CNV,cnv,OS,.tif,0.000596088997554034
CNV/99/007_CNV.tif,CNV-099,test,CNV,cnv,OS,.tif,0.0006369013572111726
CNV/99/008_CNV.tif,CNV-099,test,CNV,cnv,OS,.tif,0.0007506645051762462
CNV/99/009_CNV.tif,CNV-099,test,CNV,cnv,OS,.tif,0.0005917011294513941
CNV/99/010_CNV.tif,CNV-099,test,CNV,cnv,OS,.tif,0.0006699535879306495
CNV/99/011_CNV.tif,CNV-099,test,CNV,cnv,OS,.tif,0.000692151312250644
CNV/99/012_CNV.tif,CNV-099,test,CNV,cnv,OS,.tif,0.0008301931666210294
CNV/99/013_CNV.tif,CNV-099,test,CNV,cnv,OS,.tif,0.0008671217947266996
CNV/99/014_CNV.tif,CNV-099,test,CNV,cnv,OS,.tif,0.0008340066997334361
CNV/99/015_CNV.tif,CNV-099,test,CNV,cnv,OS,.tif,0.0008361166692338884
CNV/99/016_CNV.tif,CNV-099,test,CNV,cnv,OS,.tif,0.000715463247615844
CNV/99/017_CNV.tif,CNV-099,test,CNV,cnv,OS,.tif,0.0011191173689439893
CNV/99/018_CNV.tif,CNV-099,test,CNV,cnv,OS,.tif,0.0006880617002025247
CNV/99/019_CNV.tif,CNV-099,test,CNV,cnv,OS,.tif,0.0007975224289111793
CNV/99/020_CNV.tif,CNV-099,test,CNV,cnv,OS,.tif,0.0008303890936076641
CNV/99/021_CNV.tif,CNV-099,test,CNV,cnv,OS,.tif,0.0009222493972629309
CNV/99/022_CNV.tif,CNV-099,test,CNV,cnv,OS,.tif,0.0008970757480710745
CNV/99/023_CNV.tif,CNV-099,test,CNV,cnv,OS,.tif,0.000899396138265729
CNV/99/024_CNV.tif,CNV-099,test,CNV,cnv,OS,.tif,0.0009598953765816987
CNV/99/025_CNV.tif,CNV-099,test,CNV,cnv,OS,.tif,0.0010883501963689923
CNV/99/026_Drusen.tif,CNV-099,test,CNV,drusen,OS,.tif,0.0010971195297315717
CNV/99/027_Normal.tif,CNV-099,test,CNV,normal,OS,.tif,0.001059509813785553
CNV/99/028_Normal.tif,CNV-099,test,CNV,normal,OS,.tif,0.000916123972274363
CNV/99/029_Normal.tif,CNV-099,test,CNV,normal,OS,.tif,0.0010912541765719652
CNV/99/030_Normal.tif,CNV-099,test,CNV,normal,OS,.tif,0.0008489684551022947
CNV/100/000_Normal.tif,CNV-100,test,CNV,normal,OD,.tif,0.0011218765284866095
CNV/100/001_Normal.tif,CNV-100,test,CNV,normal,OD,.tif,0.0023385228123515844
CNV/100/002_Normal.tif,CNV-100,test,CNV,normal,OD,.tif,0.0011091233463957906
CNV/100/003_Normal.tif,CNV-100,test,CNV,normal,OD,.tif,0.0010018465109169483
CNV/100/004_Normal.tif,CNV-100,test,CNV,normal,OD,.tif,0.0009697244386188686
CNV/100/005_Normal.tif,CNV-100,test,CNV,normal,OD,.tif,0.0009628352127037942
CNV/100/006_Normal.tif,CNV-100,test,CNV,normal,OD,.tif,0.000907857611309737
CNV/100/007_Normal.tif,CNV-100,test,CNV,normal,OD,.tif,0.0008497795788571239
CNV/100/008_Normal.tif,CNV-100,test,CNV,normal,OD,.tif,0.0008526794263161719
CNV/100/009_CNV.tif,CNV-100,test,CNV,cnv,OD,.tif,0.0007725440664216876
CNV/100/010_CNV.tif,CNV-100,test,CNV,cnv,OD,.tif,0.000783872208558023
CNV/100/011_CNV.tif,CNV-100,test,CNV,cnv,OD,.tif,0.000746251898817718
CNV/100/012_CNV.tif,CNV-100,test,CNV,cnv,OD,.tif,0.0008302390342578292
CNV/100/013_CNV.tif,CNV-100,test,CNV,cnv,OD,.tif,0.0008539510308764875
CNV/100/014_CNV.tif,CNV-100,test,CNV,cnv,OD,.tif,0.0008660645689815283
CNV/100/015_CNV.tif,CNV-100,test,CNV,cnv,OD,.tif,0.0009270035079680383
CNV/100/016_CNV.tif,CNV-100,test,CNV,cnv,OD,.tif,0.0009799847612157464
CNV/100/017_CNV.tif,CNV-100,test,CNV,cnv,OD,.tif,0.0009811380878090858
CNV/100/018_CNV.tif,CNV-100,test,CNV,cnv,OD,.tif,0.0010034089209511876
CNV/100/019_CNV.tif,CNV-100,test,CNV,cnv,OD,.tif,0.000808431941550225
CNV/100/020_CNV.tif,CNV-100,test,CNV,cnv,OD,.tif,0.0007498066988773644
CNV/100/021_CNV.tif,CNV-100,test,CNV,cnv,OD,.tif,0.0006814564112573862
CNV/100/022_Drusen.tif,CNV-100,test,CNV,drusen,OD,.tif,0.0006312151672318578
CNV/100/023_Drusen.tif,CNV-100,test,CNV,drusen,OD,.tif,0.0005972369108349085
CNV/100/024_Drusen.tif,CNV-100,test,CNV,drusen,OD,.tif,0.0006386940367519855
CNV/100/025_Drusen.tif,CNV-100,test,CNV,drusen,OD,.tif,0.0006445164326578379
CNV/100/026_Drusen.tif,CNV-100,test,CNV,drusen,OD,.tif,0.0006138328462839127
CNV/100/027_Normal.tif,CNV-100,test,CNV,normal,OD,.tif,0.0007491806754842401
CNV/100/028_Normal.tif,CNV-100,test,CNV,normal,OD,.tif,0.0007998967776075006
CNV/100/029_Normal.tif,CNV-100,test,CNV,normal,OD,.tif,0.000933886447455734
CNV/100/030_Normal.tif,CNV-100,test,CNV,normal,OD,.tif,0.0009095951681956649
CNV/101/OD/000_CNV.tif,CNV-101,test,CNV,cnv,OD,.tif,0.0007287933258339763
CNV/101/OD/001_CNV.tif,CNV-101,test,CNV,cnv,OD,.tif,0.0011970261111855507
CNV/101/OD/002_CNV.tif,CNV-101,test,CNV,cnv,OD,.tif,0.0011677095899358392
CNV/101/OD/003_CNV.tif,CNV-101,test,CNV,cnv,OD,.tif,0.0010577640496194363
CNV/101/OD/004_CNV.tif,CNV-101,test,CNV,cnv,OD,.tif,0.0009548785747028887
CNV/101/OD/005_CNV.tif,CNV-101,test,CNV,cnv,OD,.tif,0.0010198317468166351
CNV/101/OD/006_CNV.tif,CNV-101,test,CNV,cnv,OD,.tif,0.0009813493816182017
CNV/101/OD/007_CNV.tif,CNV-101,test,CNV,cnv,OD,.tif,0.0011473133927211165
CNV/101/OD/008_CNV.tif,CNV-101,test,CNV,cnv,OD,.tif,0.0013483564835041761
CNV/101/OD/009_CNV.tif,CNV-101,test,CNV,cnv,OD,.tif,0.001285158097743988
CNV/101/OD/010_CNV.tif,CNV-101,test,CNV,cnv,OD,.tif,0.0011731187114492059
CNV/101/OD/011_CNV.tif,CNV-101,test,CNV,cnv,OD,.tif,0.0013784881448373199
CNV/101/OD/012_CNV.tif,CNV-101,test,CNV,cnv,OD,.tif,0.0011057197116315365
CNV/101/OD/013_CNV.tif,CNV-101,test,CNV,cnv,OD,.tif,0.0009480727603659034
CNV/101/OD/014_CNV.tif,CNV-101,test,CNV,cnv,OD,.tif,0.0011136664543300867
CNV/101/OD/015_CNV.tif,CNV-101,test,CNV,cnv,OD,.tif,0.0011080903932452202
CNV/101/OD/016_CNV.tif,CNV-101,test,CNV,cnv,OD,.tif,0.0010840899776667356
CNV/101/OD/017_CNV.tif,CNV-101,test,CNV,cnv,OD,.tif,0.0004284081805963069
CNV/101/OD/018_CNV.tif,CNV-101,test,CNV,cnv,OD,.tif,0.0008211431559175253
CNV/101/OD/019_CNV.tif,CNV-101,test,CNV,cnv,OD,.tif,0.0008124882588163018
CNV/101/OD/020_CNV.tif,CNV-101,test,CNV,cnv,OD,.tif,0.0006439954740926623
CNV/101/OD/021_CNV.tif,CNV-101,test,CNV,cnv,OD,.tif,0.0005687049124389887
CNV/101/OD/022_CNV.tif,CNV-101,test,CNV,cnv,OD,.tif,0.0006029820651747286
CNV/101/OD/023_Drusen.tif,CNV-101,test,CNV,drusen,OD,.tif,0.0005494498764164746
CNV/101/OD/024_Drusen.tif,CNV-101,test,CNV,drusen,OD,.tif,0.000626517808996141
CNV/101/OD/025_Drusen.tif,CNV-101,test,CNV,drusen,OD,.tif,0.0006272114696912467
CNV/101/OD/026_Normal.tif,CNV-101,test,CNV,normal,OD,.tif,0.0006458681891672313
CNV/101/OD/027_Normal.tif,CNV-101,test,CNV,normal,OD,.tif,0.000578113947995007
CNV/101/OD/028_Normal.tif,CNV-101,test,CNV,normal,OD,.tif,0.0006360444240272045
CNV/101/OD/029_Normal.tif,CNV-101,test,CNV,normal,OD,.tif,0.000600145838689059
CNV/101/OD/030_Normal.tif,CNV-101,test,CNV,normal,OD,.tif,0.0005496144876815379
CNV/101/OS/000_Normal.tif,CNV-101,test,CNV,normal,OS,.tif,0.0006724732811562717
CNV/101/OS/001_Normal.tif,CNV-101,test,CNV,normal,OS,.tif,0.0006627787952311337
CNV/101/OS/002_Normal.tif,CNV-101,test,CNV,normal,OS,.tif,0.0006057022255845368
CNV/101/OS/003_Normal.tif,CNV-101,test,CNV,normal,OS,.tif,0.000617090379819274
CNV/101/OS/004_Normal.tif,CNV-101,test,CNV,normal,OS,.tif,0.000499278656207025
CNV/101/OS/005_CNV.tif,CNV-101,test,CNV,cnv,OS,.tif,0.000694015936460346
CNV/101/OS/006_CNV.tif,CNV-101,test,CNV,cnv,OS,.tif,0.0006533985724672675
CNV/101/OS/007_CNV.tif,CNV-101,test,CNV,cnv,OS,.tif,0.000662786012981087
CNV/101/OS/008_CNV.tif,CNV-101,test,CNV,cnv,OS,.tif,0.0006820328417234123
CNV/101/OS/009_CNV.tif,CNV-101,test,CNV,cnv,OS,.tif,0.0007172242621891201
CNV/101/OS/010_CNV.tif,CNV-101,test,CNV,cnv,OS,.tif,0.0007306139450520277
CNV/101/OS/011_CNV.tif,CNV-101,test,CNV,cnv,OS,.tif,0.0006999945035204291
CNV/101/OS/012_CNV.tif,CNV-101,test,CNV,cnv,OS,.tif,0.0007393198902718723
CNV/101/OS/013_CNV.tif,CNV-101,test,CNV,cnv,OS,.tif,0.0007851956761442125
CNV/101/OS/014_CNV.tif,CNV-101,test,CNV,cnv,OS,.tif,0.0007237800746224821
CNV/101/OS/015_CNV.tif,CNV-101,test,CNV,cnv,OS,.tif,0.0008743272628635168
CNV/101/OS/016_CNV.tif,CNV-101,test,CNV,cnv,OS,.tif,0.0009362372220493853
CNV/101/OS/017_CNV.tif,CNV-101,test,CNV,cnv,OS,.tif,0.0007969739963300526
CNV/101/OS/018_Drusen.tif,CNV-101,test,CNV,drusen,OS,.tif,0.0007104723481461406
CNV/101/OS/019_Drusen.tif,CNV-101,test,CNV,drusen,OS,.tif,0.0005787620320916176
CNV/101/OS/020_Drusen.tif,CNV-101,test,CNV,drusen,OS,.tif,0.0007247950416058302
CNV/101/OS/021_Normal.tif,CNV-101,test,CNV,normal,OS,.tif,0.0006893485551699996
CNV/101/OS/022_Normal.tif,CNV-101,test,CNV,normal,OS,.tif,0.0007609636522829533
CNV/101/OS/023_Normal.tif,CNV-101,test,CNV,normal,OS,.tif,0.0007952412124723196
CNV/101/OS/024_Normal.tif,CNV-101,test,CNV,normal,OS,.tif,0.000698125921189785
CNV/101/OS/025_Drusen.tif,CNV-101,test,CNV,drusen,OS,.tif,0.000811772421002388
CNV/101/OS/026_Normal.tif,CNV-101,test,CNV,normal,OS,.tif,0.0006586398812942207
CNV/101/OS/027_Normal.tif,CNV-101,test,CNV,normal,OS,.tif,0.0007646021549589932
CNV/101/OS/028_Normal.tif,CNV-101,test,CNV,normal,OS,.tif,0.0006913533434271812
CNV/101/OS/029_Normal.tif,CNV-101,test,CNV,normal,OS,.tif,0.0007545397384092212
CNV/101/OS/030_Normal.tif,CNV-101,test,CNV,normal,OS,.tif,0.0007566383574157953
CNV/102/000_Drusen.tif,CNV-102,test,CNV,drusen,OS,.tif,0.0008924048161134124
CNV/102/001_Drusen.tif,CNV-102,test,CNV,drusen,OS,.tif,0.0009568579262122512
CNV/102/002_Drusen.tif,CNV-102,test,CNV,drusen,OS,.tif,0.0009702435345388949
CNV/102/003_Drusen.tif,CNV-102,test,CNV,drusen,OS,.tif,0.001043452532030642
CNV/102/004_Drusen.tif,CNV-102,test,CNV,drusen,OS,.tif,0.0009530129609629512
CNV/102/005_Drusen.tif,CNV-102,test,CNV,drusen,OS,.tif,0.0010834215208888054
CNV/102/006_CNV.tif,CNV-102,test,CNV,cnv,OS,.tif,0.001035434426739812
CNV/102/007_CNV.tif,CNV-102,test,CNV,cnv,OS,.tif,0.0010471941204741597
CNV/102/008_CNV.tif,CNV-102,test,CNV,cnv,OS,.tif,0.0010694155935198069
CNV/102/009_CNV.tif,CNV-102,test,CNV,cnv,OS,.tif,0.0010604113340377808
CNV/102/010_CNV.tif,CNV-102,test,CNV,cnv,OS,.tif,0.0011717549059540033
CNV/102/011_CNV.tif,CNV-102,test,CNV,cnv,OS,.tif,0.0011335695162415504
CNV/102/012_CNV.tif,CNV-102,test,CNV,cnv,OS,.tif,0.0011682804906740785
CNV/102/013_CNV.tif,CNV-102,test,CNV,cnv,OS,.tif,0.0010881141060963273
CNV/102/014_CNV.tif,CNV-102,test,CNV,cnv,OS,.tif,0.0010523222154006362
CNV/102/015_CNV.tif,CNV-102,test,CNV,cnv,OS,.tif,0.0011714175343513489
CNV/102/016_CNV.tif,CNV-102,test,CNV,cnv,OS,.tif,0.0009617816540412605
CNV/102/017_Drusen.tif,CNV-102,test,CNV,drusen,OS,.tif,0.0008188913343474269
CNV/102/018_Drusen.tif,CNV-102,test,CNV,drusen,OS,.tif,0.0008516978705301881
CNV/102/019_Drusen.tif,CNV-102,test,CNV,drusen,OS,.tif,0.0007795903366059065
CNV/102/020_Drusen.tif,CNV-102,test,CNV,drusen,OS,.tif,0.00076123489998281
CNV/102/021_Drusen.tif,CNV-102,test,CNV,drusen,OS,.tif,0.000812968413811177
CNV/102/022_Drusen.tif,CNV-102,test,CNV,drusen,OS,.tif,0.0007764014881104231
CNV/102/023_Drusen.tif,CNV-102,test,CNV,drusen,OS,.tif,0.000782039831392467
CNV/102/024_Drusen.tif,CNV-102,test,CNV,drusen,OS,.tif,0.0007595604402013123
CNV/102/025_Drusen.tif,CNV-102,test,CNV,drusen,OS,.tif,0.000897030346095562
CNV/102/026_Drusen.tif,CNV-102,test,CNV,drusen,OS,.tif,0.0008288348326459527
CNV/102/027_Drusen.tif,CNV-102,test,CNV,drusen,OS,.tif,0.0008430724265053868
CNV/102/028_Drusen.tif,CNV-102,test,CNV,drusen,OS,.tif,0.0011095433728769422
CNV/102/029_Drusen.tif,CNV-102,test,CNV,drusen,OS,.tif,0.0011887307045981288
CNV/102/030_Drusen.tif,CNV-102,test,CNV,drusen,OS,.tif,0.0013349557993933558
CNV/106/000_CNV.tif,CNV-106,test,CNV,cnv,OD,.tif,0.0009117358131334186
CNV/106/001_CNV.tif,CNV-106,test,CNV,cnv,OD,.tif,0.0011257854057475924
CNV/106/002_CNV.tif,CNV-106,test,CNV,cnv,OD,.tif,0.0009268901194445789
CNV/106/003_CNV.tif,CNV-106,test,CNV,cnv,OD,.tif,0.0010095414472743869
CNV/106/004_CNV.tif,CNV-106,test,CNV,cnv,OD,.tif,0.0009850517380982637
CNV/106/005_CNV.tif,CNV-106,test,CNV,cnv,OD,.tif,0.001137437648139894
CNV/106/006_CNV.tif,CNV-106,test,CNV,cnv,OD,.tif,0.002299412153661251
CNV/106/007_CNV.tif,CNV-106,test,CNV,cnv,OD,.tif,0.0031134705059230328
CNV/106/008_CNV.tif,CNV-106,test,CNV,cnv,OD,.tif,0.003548156702890992
CNV/106/009_CNV.tif,CNV-106,test,CNV,cnv,OD,.tif,0.0014558946713805199
CNV/106/010_CNV.tif,CNV-106,test,CNV,cnv,OD,.tif,0.0014393103774636984
CNV/106/011_CNV.tif,CNV-106,test,CNV,cnv,OD,.tif,0.0017462638206779957
CNV/106/012_CNV.tif,CNV-106,test,CNV,cnv,OD,.tif,0.0021728971041738987
CNV/106/013_CNV.tif,CNV-106,test,CNV,cnv,OD,.tif,0.002359740436077118
CNV/106/014_CNV.tif,CNV-106,test,CNV,cnv,OD,.tif,0.0013242490822449327
CNV/106/015_CNV.tif,CNV-106,test,CNV,cnv,OD,.tif,0.001195643562823534
CNV/106/016_CNV.tif,CNV-106,test,CNV,cnv,OD,.tif,0.0014038673834875226
CNV/106/017_CNV.tif,CNV-106,test,CNV,cnv,OD,.tif,0.0018118408042937517
CNV/106/018_CNV.tif,CNV-106,test,CNV,cnv,OD,.tif,0.002122599398717284
CNV/106/019_CNV.tif,CNV-106,test,CNV,cnv,OD,.tif,0.0031016480643302202
CNV/106/020_CNV.tif,CNV-106,test,CNV,cnv,OD,.tif,0.0013468620600178838
CNV/106/021_CNV.tif,CNV-106,test,CNV,cnv,OD,.tif,0.0011834963224828243
CNV/106/022_CNV.tif,CNV-106,test,CNV,cnv,OD,.tif,0.0009771374752745032
CNV/106/023_CNV.tif,CNV-106,test,CNV,cnv,OD,.tif,0.001354487263597548
CNV/106/024_CNV.tif,CNV-106,test,CNV,cnv,OD,.tif,0.004668350797146559
CNV/106/025_CNV.tif,CNV-106,test,CNV,cnv,OD,.tif,0.0007626360165886581
CNV/106/026_CNV.tif,CNV-106,test,CNV,cnv,OD,.tif,0.0007283029262907803
CNV/106/027_CNV.tif,CNV-106,test,CNV,cnv,OD,.tif,0.0006623613298870623
CNV/106/028_Normal.tif,CNV-106,test,CNV,normal,OD,.tif,0.001011039363220334
CNV/106/029_Normal.tif,CNV-106,test,CNV,normal,OD,.tif,0.0015921632293611765
CNV/106/030_Normal.tif,CNV-106,test,CNV,normal,OD,.tif,0.001321436488069594
CNV/107/000_Drusen.tif,CNV-107,test,CNV,drusen,OD,.tif,0.0010736716212704778
CNV/107/001_Drusen.tif,CNV-107,test,CNV,drusen,OD,.tif,0.0007301222649402916
CNV/107/002_CNV.tif,CNV-107,test,CNV,cnv,OD,.tif,0.0010124020045623183
CNV/107/003_CNV.tif,CNV-107,test,CNV,cnv,OD,.tif,0.0006215910543687642
CNV/107/004_CNV.tif,CNV-107,test,CNV,cnv,OD,.tif,0.0008745223167352378
CNV/107/005_CNV.tif,CNV-107,test,CNV,cnv,OD,.tif,0.0011552441865205765
CNV/107/006_CNV.tif,CNV-107,test,CNV,cnv,OD,.tif,0.001622541924007237
CNV/107/007_CNV.tif,CNV-107,test,CNV,cnv,OD,.tif,0.0018214128213003278
CNV/107/008_CNV.tif,CNV-107,test,CNV,cnv,OD,.tif,0.001565491664223373
CNV/107/009_CNV.tif,CNV-107,test,CNV,cnv,OD,.tif,0.0007533935131505132
CNV/107/010_CNV.tif,CNV-107,test,CNV,cnv,OD,.tif,0.0010776380077004433
CNV/107/011_CNV.tif,CNV-107,test,CNV,cnv,OD,.tif,0.0022580039221793413
CNV/107/012_CNV.tif,CNV-107,test,CNV,cnv,OD,.tif,0.0010833601700142026
CNV/107/013_CNV.tif,CNV-107,test,CNV,cnv,OD,.tif,0.0008345892420038581
CNV/107/014_CNV.tif,CNV-107,test,CNV,cnv,OD,.tif,0.0008916433434933424
CNV/107/015_CNV.tif,CNV-107,test,CNV,cnv,OD,.tif,0.0009213542798534036
CNV/107/016_CNV.tif,CNV-107,test,CNV,cnv,OD,.tif,0.0008128489134833217
CNV/107/017_CNV.tif,CNV-107,test,CNV,cnv,OD,.tif,0.0008523164433427155
CNV/107/018_CNV.tif,CNV-107,test,CNV,cnv,OD,.tif,0.0008365748217329383
CNV/107/019_CNV.tif,CNV-107,test,CNV,cnv,OD,.tif,0.0008988705812953413
CNV/107/020_CNV.tif,CNV-107,test,CNV,cnv,OD,.tif,0.0009680021903477609
CNV/107/021_CNV.tif,CNV-107,test,CNV,cnv,OD,.tif,0.0007933894521556795
CNV/107/022_Drusen.tif,CNV-107,test,CNV,drusen,OD,.tif,0.0006824744050391018
CNV/107/023_Drusen.tif,CNV-107,test,CNV,drusen,OD,.tif,0.0005207940703257918
CNV/107/024_Drusen.tif,CNV-107,test,CNV,drusen,OD,.tif,0.0005122037837281823
CNV/107/025_Drusen.tif,CNV-107,test,CNV,drusen,OD,.tif,0.0006747894803993404
CNV/107/026_Drusen.tif,CNV-107,test,CNV,drusen,OD,.tif,0.0005673447740264237
CNV/107/027_Drusen.tif,CNV-107,test,CNV,drusen,OD,.tif,0.000694591086357832
CNV/107/028_Drusen.tif,CNV-107,test,CNV,drusen,OD,.tif,0.0006858441047370434
CNV/107/029_Drusen.tif,CNV-107,test,CNV,drusen,OD,.tif,0.0007929849089123309
CNV/107/030_Drusen.tif,CNV-107,test,CNV,drusen,OD,.tif,0.0009056161507032812
CNV/108/000_Drusen.tif,CNV-108,test,CNV,drusen,OD,.tif,0.0006297827931120992
CNV/108/001_Drusen.tif,CNV-108,test,CNV,drusen,OD,.tif,0.0006636828766204417
CNV/108/002_Drusen.tif,CNV-108,test,CNV,drusen,OD,.tif,0.0006265101837925613
CNV/108/003_Drusen.tif,CNV-108,test,CNV,drusen,OD,.tif,0.0005392501479946077
CNV/108/004_Drusen.tif,CNV-108,test,CNV,drusen,OD,.tif,0.0005332209402695298
CNV/108/005_Drusen.tif,CNV-108,test,CNV,drusen,OD,.tif,0.0005629208753816783
CNV/108/006_CNV.tif,CNV-108,test,CNV,cnv,OD,.tif,0.0006304910639300942
CNV/108/007_CNV.tif,CNV-108,test,CNV,cnv,OD,.tif,0.0006736989016644657
CNV/108/008_CNV.tif,CNV-108,test,CNV,cnv,OD,.tif,0.0008140939171425998
CNV/108/009_CNV.tif,CNV-108,test,CNV,cnv,OD,.tif,0.0008471653563901782
CNV/108/010_CNV.tif,CNV-108,test,CNV,cnv,OD,.tif,0.000728615908883512
CNV/108/011_CNV.tif,CNV-108,test,CNV,cnv,OD,.tif,0.0009070616215467453
CNV/108/012_CNV.tif,CNV-108,test,CNV,cnv,OD,.tif,0.001061069662682712
CNV/108/013_CNV.tif,CNV-108,test,CNV,cnv,OD,.tif,0.0010205672588199377
CNV/108/014_CNV.tif,CNV-108,test,CNV,cnv,OD,.tif,0.0009389504557475448
CNV/108/015_CNV.tif,CNV-108,test,CNV,cnv,OD,.tif,0.0008408383000642061
CNV/108/016_CNV.tif,CNV-108,test,CNV,cnv,OD,.tif,0.0009036402916535735
CNV/108/017_CNV.tif,CNV-108,test,CNV,cnv,OD,.tif,0.0010838138405233622
CNV/108/018_CNV.tif,CNV-108,test,CNV,cnv,OD,.tif,0.0011831943411380053
CNV/108/019_CNV.tif,CNV-108,test,CNV,cnv,OD,.tif,0.001352145685814321
CNV/108/020_CNV.tif,CNV-108,test,CNV,cnv,OD,.tif,0.00124094367492944
CNV/108/021_CNV.tif,CNV-108,test,CNV,cnv,OD,.tif,0.0010391969699412584
CNV/108/022_CNV.tif,CNV-108,test,CNV,cnv,OD,.tif,0.0010507510742172599
CNV/108/023_Drusen.tif,CNV-108,test,CNV,drusen,OD,.tif,0.0008281864575110376
CNV/108/024_Drusen.tif,CNV-108,test,CNV,drusen,OD,.tif,0.0007950770086608827
CNV/108/025_Drusen.tif,CNV-108,test,CNV,drusen,OD,.tif,0.0007662439020350575
CNV/108/026_Drusen.tif,CNV-108,test,CNV,drusen,OD,.tif,0.0008898628293536603
CNV/108/027_Drusen.tif,CNV-108,test,CNV,drusen,OD,.tif,0.0008109137415885925
CNV/108/028_Drusen.tif,CNV-108,test,CNV,drusen,OD,.tif,0.0007822749321348965
CNV/108/029_Drusen.tif,CNV-108,test,CNV,drusen,OD,.tif,0.0007406567456200719
CNV/108/030_Drusen.tif,CNV-108,test,CNV,drusen,OD,.tif,0.0008519808761775494
CNV/109/000_Drusen.tif,CNV-109,test,CNV,drusen,OS,.tif,0.0012328462908044457
CNV/109/001_Drusen.tif,CNV-109,test,CNV,drusen,OS,.tif,0.0008591267396695912
CNV/109/002_Normal.tif,CNV-109,test,CNV,normal,OS,.tif,0.0006378882098942995
CNV/109/003_Drusen.tif,CNV-109,test,CNV,drusen,OS,.tif,0.000585054571274668
CNV/109/004_Drusen.tif,CNV-109,test,CNV,drusen,OS,.tif,0.000832477817311883
CNV/109/005_Drusen.tif,CNV-109,test,CNV,drusen,OS,.tif,0.0005914033390581608
CNV/109/006_Drusen.tif,CNV-109,test,CNV,drusen,OS,.tif,0.0007930894498713315
CNV/109/007_Drusen.tif,CNV-109,test,CNV,drusen,OS,.tif,0.0007304473547264934
CNV/109/008_Drusen.tif,CNV-109,test,CNV,drusen,OS,.tif,0.0008437090436927974
CNV/109/009_Drusen.tif,CNV-109,test,CNV,drusen,OS,.tif,0.00047220292617566884
CNV/109/010_CNV.tif,CNV-109,test,CNV,cnv,OS,.tif,0.0008704823558218777
CNV/109/011_CNV.tif,CNV-109,test,CNV,cnv,OS,.tif,0.0008505781297571957
CNV/109/012_CNV.tif,CNV-109,test,CNV,cnv,OS,.tif,0.0009607344982214272
CNV/109/013_CNV.tif,CNV-109,test,CNV,cnv,OS,.tif,0.0008766529499553144
CNV/109/014_CNV.tif,CNV-109,test,CNV,cnv,OS,.tif,0.0009046344202943146
CNV/109/015_Drusen.tif,CNV-109,test,CNV,drusen,OS,.tif,0.0008493863861076534
CNV/109/016_Drusen.tif,CNV-109,test,CNV,drusen,OS,.tif,0.0007689175545237958
CNV/109/017_Drusen.tif,CNV-109,test,CNV,drusen,OS,.tif,0.0008753061993047595
CNV/109/018_Drusen.tif,CNV-109,test,CNV,drusen,OS,.tif,0.0006711119203828275
CNV/109/019_Drusen.tif,CNV-109,test,CNV,drusen,OS,.tif,0.000731653708498925
CNV/109/020_Drusen.tif,CNV-109,test,CNV,drusen,OS,.tif,0.0007985211559571326
CNV/109/021_Drusen.tif,CNV-109,test,CNV,drusen,OS,.tif,0.000698901480063796
CNV/109/022_Drusen.tif,CNV-109,test,CNV,drusen,OS,.tif,0.0007375460118055344
CNV/109/023_Drusen.tif,CNV-109,test,CNV,drusen,OS,.tif,0.0006467568455263972
CNV/109/024_Drusen.tif,CNV-109,test,CNV,drusen,OS,.tif,0.000658197037409991
CNV/109/025_Drusen.tif,CNV-109,test,CNV,drusen,OS,.tif,0.0007460045744664967
CNV/109/026_Drusen.tif,CNV-109,test,CNV,drusen,OS,.tif,0.0006495272973552346
CNV/109/027_Drusen.tif,CNV-109,test,CNV,drusen,OS,.tif,0.0005498299724422395
CNV/109/028_Drusen.tif,CNV-109,test,CNV,drusen,OS,.tif,0.0006601387867704034
CNV/109/029_Drusen.tif,CNV-109,test,CNV,drusen,OS,.tif,0.0005953297950327396
CNV/109/030_Drusen.tif,CNV-109,test,CNV,drusen,OS,.tif,0.0005268261884339154
CNV/117/000_Normal.tif,CNV-117,test,CNV,normal,OS,.tif,0.0012252232991158962
CNV/117/001_CNV.tif,CNV-117,test,CNV,cnv,OS,.tif,0.0012429429916664958
CNV/117/002_CNV.tif,CNV-117,test,CNV,cnv,OS,.tif,0.0013592913746833801
CNV/117/003_CNV.tif,CNV-117,test,CNV,cnv,OS,.tif,0.0012965193018317223
CNV/117/004_CNV.tif,CNV-117,test,CNV,cnv,OS,.tif,0.0013200303073972464
CNV/117/005_CNV.tif,CNV-117,test,CNV,cnv,OS,.tif,0.0014245862839743495
CNV/117/006_CNV.tif,CNV-117,test,CNV,cnv,OS,.tif,0.0012894540559500456
CNV/117/007_CNV.tif,CNV-117,test,CNV,cnv,OS,.tif,0.0012855252716690302
CNV/117/008_CNV.tif,CNV-117,test,CNV,cnv,OS,.tif,0.0012151183327659965
CNV/117/009_CNV.tif,CNV-117,test,CNV,cnv,OS,.tif,0.0010098540224134922
CNV/117/010_CNV.tif,CNV-117,test,CNV,cnv,OS,.tif,0.001086998963728547
CNV/117/011_CNV.tif,CNV-117,test,CNV,cnv,OS,.tif,0.0008948101312853396
CNV/117/012_CNV.tif,CNV-117,test,CNV,cnv,OS,.tif,0.0010198494419455528
CNV/117/013_CNV.tif,CNV-117,test,CNV,cnv,OS,.tif,0.0010055359452962875
CNV/117/014_CNV.tif,CNV-117,test,CNV,cnv,OS,.tif,0.0009603103389963508
CNV/117/015_CNV.tif,CNV-117,test,CNV,cnv,OS,.tif,0.0010872981511056423
CNV/117/016_CNV.tif,CNV-117,test,CNV,cnv,OS,.tif,0.0010231698397547007
CNV/117/017_CNV.tif,CNV-117,test,CNV,cnv,OS,.tif,0.0009481977904215455
CNV/117/018_CNV.tif,CNV-117,test,CNV,cnv,OS,.tif,0.0009441939764656126
CNV/117/019_CNV.tif,CNV-117,test,CNV,cnv,OS,.tif,0.00086048967204988
CNV/117/020_CNV.tif,CNV-117,test,CNV,cnv,OS,.tif,0.0009347588056698442
CNV/117/021_CNV.tif,CNV-117,test,CNV,cnv,OS,.tif,0.0009563578641973436
CNV/117/022_CNV.tif,CNV-117,test,CNV,cnv,OS,.tif,0.0009682189556770027
CNV/117/023_CNV.tif,CNV-117,test,CNV,cnv,OS,.tif,0.0009879933204501867
CNV/117/024_CNV.tif,CNV-117,test,CNV,cnv,OS,.tif,0.0009100700845010579
CNV/117/025_CNV.tif,CNV-117,test,CNV,cnv,OS,.tif,0.0008642252068966627
CNV/117/026_Drusen.tif,CNV-117,test,CNV,drusen,OS,.tif,0.0009409340564161539
CNV/117/027_Drusen.tif,CNV-117,test,CNV,drusen,OS,.tif,0.0009072033572010696
CNV/117/028_Drusen.tif,CNV-117,test,CNV,drusen,OS,.tif,0.0008481862605549395
CNV/117/029_Drusen.tif,CNV-117,test,CNV,drusen,OS,.tif,0.00084174849325791
CNV/117/030_Drusen.tif,CNV-117,test,CNV,drusen,OS,.tif,0.0007666159071959555
CNV/118/000_Normal.tif,CNV-118,test,CNV,normal,OD,.tif,0.0005411012680269778
CNV/118/001_Normal.tif,CNV-118,test,CNV,normal,OD,.tif,0.0004983698017895222
CNV/118/002_Normal.tif,CNV-118,test,CNV,normal,OD,.tif,0.0005795429460704327
CNV/118/003_Drusen.tif,CNV-118,test,CNV,drusen,OD,.tif,0.0006133454735390842
CNV/118/004_Drusen.tif,CNV-118,test,CNV,drusen,OD,.tif,0.0005695124273188412
CNV/118/005_Drusen.tif,CNV-118,test,CNV,drusen,OD,.tif,0.0004925535176880658
CNV/118/006_Normal.tif,CNV-118,test,CNV,normal,OD,.tif,0.0005066110170446336
CNV/118/007_Drusen.tif,CNV-118,test,CNV,drusen,OD,.tif,0.00047944975085556507
CNV/118/008_CNV.tif,CNV-118,test,CNV,cnv,OD,.tif,0.0005349080893211067
CNV/118/009_CNV.tif,CNV-118,test,CNV,cnv,OD,.tif,0.0007550367154181004
CNV/118/010_CNV.tif,CNV-118,test,CNV,cnv,OD,.tif,0.0007907440303824842
CNV/118/011_CNV.tif,CNV-118,test,CNV,cnv,OD,.tif,0.0006843790761195123
CNV/118/012_CNV.tif,CNV-118,test,CNV,cnv,OD,.tif,0.0003688247816171497
CNV/118/013_CNV.tif,CNV-118,test,CNV,cnv,OD,.tif,0.0008356273174285889
CNV/118/014_CNV.tif,CNV-118,test,CNV,cnv,OD,.tif,0.0007266395841725171
CNV/118/015_CNV.tif,CNV-118,test,CNV,cnv,OD,.tif,0.0007024070364423096
CNV/118/016_CNV.tif,CNV-118,test,CNV,cnv,OD,.tif,0.0007829542737454176
CNV/118/017_CNV.tif,CNV-118,test,CNV,cnv,OD,.tif,0.00029458111384883523
CNV/118/018_CNV.tif,CNV-118,test,CNV,cnv,OD,.tif,0.000584849389269948
CNV/118/019_CNV.tif,CNV-118,test,CNV,cnv,OD,.tif,0.0006809687474742532
CNV/118/020_CNV.tif,CNV-118,test,CNV,cnv,OD,.tif,0.00032520407694391906
CNV/118/021_CNV.tif,CNV-118,test,CNV,cnv,OD,.tif,0.00039411280886270106
CNV/118/022_CNV.tif,CNV-118,test,CNV,cnv,OD,.tif,0.0005484558641910553
CNV/118/023_Drusen.tif,CNV-118,test,CNV,drusen,OD,.tif,0.000512962113134563
CNV/118/024_Drusen.tif,CNV-118,test,CNV,drusen,OD,.tif,0.0002606525376904756
CNV/118/025_Drusen.tif,CNV-118,test,CNV,drusen,OD,.tif,0.0004148627631366253
CNV/118/026_Drusen.tif,CNV-118,test,CNV,drusen,OD,.tif,0.0005713854916393757
CNV/118/027_Drusen.tif,CNV-118,test,CNV,drusen,OD,.tif,0.0005889348685741425
CNV/118/028_Drusen.tif,CNV-118,test,CNV,drusen,OD,.tif,0.0005256941076368093
CNV/118/029_Drusen.tif,CNV-118,test,CNV,drusen,OD,.tif,0.0004679366829805076
CNV/118/030_Drusen.tif,CNV-118,test,CNV,drusen,OD,.tif,0.0004699447890743613
CNV/119/000_Normal.tif,CNV-119,test,CNV,normal,OS,.tif,0.001581953139975667
CNV/119/001_Normal.tif,CNV-119,test,CNV,normal,OS,.tif,0.001536432420834899
CNV/119/002_Normal.tif,CNV-119,test,CNV,normal,OS,.tif,0.00125924835447222
CNV/119/003_Normal.tif,CNV-119,test,CNV,normal,OS,.tif,0.0014098187675699592
CNV/119/004_Normal.tif,CNV-119,test,CNV,normal,OS,.tif,0.0013598825316876173
CNV/119/005_Normal.tif,CNV-119,test,CNV,normal,OS,.tif,0.0012645884416997433
CNV/119/006_Normal.tif,CNV-119,test,CNV,normal,OS,.tif,0.0012593772262334824
CNV/119/007_Drusen.tif,CNV-119,test,CNV,drusen,OS,.tif,0.0012488473439589143
CNV/119/008_Drusen.tif,CNV-119,test,CNV,drusen,OS,.tif,0.0011454930063337088
CNV/119/009_Drusen.tif,CNV-119,test,CNV,drusen,OS,.tif,0.0012153559364378452
CNV/119/010_Drusen.tif,CNV-119,test,CNV,drusen,OS,.tif,0.0012428031768649817
CNV/119/011_Drusen.tif,CNV-119,test,CNV,drusen,OS,.tif,0.0012610763078555465
CNV/119/012_Normal.tif,CNV-119,test,CNV,normal,OS,.tif,0.0012332008918747306
CNV/119/013_CNV.tif,CNV-119,test,CNV,cnv,OS,.tif,0.0010943784145638347
CNV/119/014_CNV.tif,CNV-119,test,CNV,cnv,OS,.tif,0.0010537536581978202
CNV/119/015_CNV.tif,CNV-119,test,CNV,cnv,OS,.tif,0.0015787314623594284
CNV/119/016_CNV.tif,CNV-119,test,CNV,cnv,OS,.tif,0.001326130935922265
CNV/119/017_CNV.tif,CNV-119,test,CNV,cnv,OS,.tif,0.001355222542770207
CNV/119/018_CNV.tif,CNV-119,test,CNV,cnv,OS,.tif,0.0015762030379846692
CNV/119/019_CNV.tif,CNV-119,test,CNV,cnv,OS,.tif,0.0015741211827844381
CNV/119/020_CNV.tif,CNV-119,test,CNV,cnv,OS,.tif,0.0016582142561674118
CNV/119/021_CNV.tif,CNV-119,test,CNV,cnv,OS,.tif,0.0013831607066094875
CNV/119/022_CNV.tif,CNV-119,test,CNV,cnv,OS,.tif,0.0017042445251718163
CNV/119/023_CNV.tif,CNV-119,test,CNV,cnv,OS,.tif,0.0015385394217446446
CNV/119/024_CNV.tif,CNV-119,test,CNV,cnv,OS,.tif,0.001282505807466805
CNV/119/025_CNV.tif,CNV-119,test,CNV,cnv,OS,.tif,0.0015196633758023381
CNV/119/026_Drusen.tif,CNV-119,test,CNV,drusen,OS,.tif,0.0015284711262211204
CNV/119/027_Drusen.tif,CNV-119,test,CNV,drusen,OS,.tif,0.001647298107855022
CNV/119/028_Normal.tif,CNV-119,test,CNV,normal,OS,.tif,0.0014008169528096914
CNV/119/029_Drusen.tif,CNV-119,test,CNV,drusen,OS,.tif,0.0014086939627304673
CNV/119/030_Normal.tif,CNV-119,test,CNV,normal,OS,.tif,0.0016765565378591418
CNV/121/000_CNV.tif,CNV-121,test,CNV,cnv,OD,.tif,0.0009801946580410004
CNV/121/001_CNV.tif,CNV-121,test,CNV,cnv,OD,.tif,0.0009476434206590056
CNV/121/002_CNV.tif,CNV-121,test,CNV,cnv,OD,.tif,0.0008474653004668653
CNV/121/003_CNV.tif,CNV-121,test,CNV,cnv,OD,.tif,0.0009406395838595927
CNV/121/004_CNV.tif,CNV-121,test,CNV,cnv,OD,.tif,0.0008477611117996275
CNV/121/005_CNV.tif,CNV-121,test,CNV,cnv,OD,.tif,0.0009112174157053232
CNV/121/006_CNV.tif,CNV-121,test,CNV,cnv,OD,.tif,0.0009247033158317208
CNV/121/007_CNV.tif,CNV-121,test,CNV,cnv,OD,.tif,0.0009986605728045106
CNV/121/008_CNV.tif,CNV-121,test,CNV,cnv,OD,.tif,0.001058692461811006
CNV/121/009_CNV.tif,CNV-121,test,CNV,cnv,OD,.tif,0.000997752882540226
CNV/121/010_CNV.tif,CNV-121,test,CNV,cnv,OD,.tif,0.0010081910295411944
CNV/121/011_CNV.tif,CNV-121,test,CNV,cnv,OD,.tif,0.0011384575627744198
CNV/121/012_CNV.tif,CNV-121,test,CNV,cnv,OD,.tif,0.0010749170323833823
CNV/121/013_CNV.tif,CNV-121,test,CNV,cnv,OD,.tif,0.0011209072545170784
CNV/121/014_CNV.tif,CNV-121,test,CNV,cnv,OD,.tif,0.0011253001866862178
CNV/121/015_CNV.tif,CNV-121,test,CNV,cnv,OD,.tif,0.0012806381564587355
CNV/121/016_CNV.tif,CNV-121,test,CNV,cnv,OD,.tif,0.0013627787120640278
CNV/121/017_CNV.tif,CNV-121,test,CNV,cnv,OD,.tif,0.0012578016612678766
CNV/121/018_CNV.tif,CNV-121,test,CNV,cnv,OD,.tif,0.0012220883509144187
CNV/121/019_CNV.tif,CNV-121,test,CNV,cnv,OD,.tif,0.0014908260200172663
CNV/121/020_CNV.tif,CNV-121,test,CNV,cnv,OD,.tif,0.0013121610973030329
CNV/121/021_CNV.tif,CNV-121,test,CNV,cnv,OD,.tif,0.0015434058150276542
CNV/121/022_CNV.tif,CNV-121,test,CNV,cnv,OD,.tif,0.001384257455356419
CNV/121/023_CNV.tif,CNV-121,test,CNV,cnv,OD,.tif,0.0011621973244473338
CNV/121/024_CNV.tif,CNV-121,test,CNV,cnv,OD,.tif,0.000969537126366049
CNV/121/025_CNV.tif,CNV-121,test,CNV,cnv,OD,.tif,0.0008530746563337743
CNV/121/026_Normal.tif,CNV-121,test,CNV,normal,OD,.tif,0.0008660304010845721
CNV/121/027_Normal.tif,CNV-121,test,CNV,normal,OD,.tif,0.0008333210134878755
CNV/121/028_Normal.tif,CNV-121,test,CNV,normal,OD,.tif,0.0008482536068186164
CNV/121/029_Normal.tif,CNV-121,test,CNV,normal,OD,.tif,0.0007708575576543808
CNV/121/030_Normal.tif,CNV-121,test,CNV,normal,OD,.tif,0.0008183281170204282
CNV/123/000_Normal.tif,CNV-123,test,CNV,normal,OS,.tif,0.0007705922471359372
CNV/123/001_Normal.tif,CNV-123,test,CNV,normal,OS,.tif,0.0007212355849333107
CNV/123/002_Normal.tif,CNV-123,test,CNV,normal,OS,.tif,0.0007074765744619071
CNV/123/003_Normal.tif,CNV-123,test,CNV,normal,OS,.tif,0.0006456858245655894
CNV/123/004_Drusen.tif,CNV-123,test,CNV,drusen,OS,.tif,0.0007416465086862445
CNV/123/005_Drusen.tif,CNV-123,test,CNV,drusen,OS,.tif,0.0006978557794354856
CNV/123/006_Normal.tif,CNV-123,test,CNV,normal,OS,.tif,0.000697426323313266
CNV/123/007_Drusen.tif,CNV-123,test,CNV,drusen,OS,.tif,0.0006801304989494383
CNV/123/008_Normal.tif,CNV-123,test,CNV,normal,OS,.tif,0.0007493050070479512
CNV/123/009_Normal.tif,CNV-123,test,CNV,normal,OS,.tif,0.0007608169107697904
CNV/123/010_Drusen.tif,CNV-123,test,CNV,drusen,OS,.tif,0.0008451162721030414
CNV/123/011_CNV.tif,CNV-123,test,CNV,cnv,OS,.tif,0.0007550895679742098
CNV/123/012_CNV.tif,CNV-123,test,CNV,cnv,OS,.tif,0.0007702132570557296
CNV/123/013_CNV.tif,CNV-123,test,CNV,cnv,OS,.tif,0.0007302928133867681
CNV/123/014_CNV.tif,CNV-123,test,CNV,cnv,OS,.tif,0.0009753640042617917
CNV/123/015_CNV.tif,CNV-123,test,CNV,cnv,OS,.tif,0.0009034430258907378
CNV/123/016_CNV.tif,CNV-123,test,CNV,cnv,OS,.tif,0.001008037943392992
CNV/123/017_CNV.tif,CNV-123,test,CNV,cnv,OS,.tif,0.0009290048037655652
CNV/123/018_Drusen.tif,CNV-123,test,CNV,drusen,OS,.tif,0.0008521630079485476
CNV/123/019_Drusen.tif,CNV-123,test,CNV,drusen,OS,.tif,0.0008773746667429805
CNV/123/020_Normal.tif,CNV-123,test,CNV,normal,OS,.tif,0.0009303255355916917
CNV/123/021_Normal.tif,CNV-123,test,CNV,normal,OS,.tif,0.0009559844620525837
CNV/123/022_Normal.tif,CNV-123,test,CNV,normal,OS,.tif,0.0009701999952085316
CNV/123/023_Normal.tif,CNV-123,test,CNV,normal,OS,.tif,0.0008644066983833909
CNV/123/024_Normal.tif,CNV-123,test,CNV,normal,OS,.tif,0.0008526387973688543
CNV/123/025_Normal.tif,CNV-123,test,CNV,normal,OS,.tif,0.0008717838209122419
CNV/123/026_Normal.tif,CNV-123,test,CNV,normal,OS,.tif,0.0008556284010410309
CNV/123/027_Normal.tif,CNV-123,test,CNV,normal,OS,.tif,0.000782431976404041
CNV/123/028_Normal.tif,CNV-123,test,CNV,normal,OS,.tif,0.0007395925931632519
CNV/123/029_Normal.tif,CNV-123,test,CNV,normal,OS,.tif,0.0007027105893939734
CNV/123/030_Normal.tif,CNV-123,test,CNV,normal,OS,.tif,0.0007049757405184209
CNV/124/000_Normal.tif,CNV-124,test,CNV,normal,OS,.tif,0.0007146091083995998
CNV/124/001_Normal.tif,CNV-124,test,CNV,normal,OS,.tif,0.0008780136704444885
CNV/124/002_Normal.tif,CNV-124,test,CNV,normal,OS,.tif,0.0005793381133116782
CNV/124/003_Drusen.tif,CNV-124,test,CNV,drusen,OS,.tif,0.0006808226462453604
CNV/124/004_CNV.tif,CNV-124,test,CNV,cnv,OS,.tif,0.0009504766785539687
CNV/124/005_CNV.tif,CNV-124,test,CNV,cnv,OS,.tif,0.0011254376731812954
CNV/124/006_CNV.tif,CNV-124,test,CNV,cnv,OS,.tif,0.0005521595012396574
CNV/124/007_CNV.tif,CNV-124,test,CNV,cnv,OS,.tif,0.0005914128269068897
CNV/124/008_CNV.tif,CNV-124,test,CNV,cnv,OS,.tif,0.0004707842308562249
CNV/124/009_CNV.tif,CNV-124,test,CNV,cnv,OS,.tif,0.0006364943692460656
CNV/124/010_CNV.tif,CNV-124,test,CNV,cnv,OS,.tif,0.0007430339464917779
CNV/124/011_CNV.tif,CNV-124,test,CNV,cnv,OS,.tif,0.001017151866108179
CNV/124/012_CNV.tif,CNV-124,test,CNV,cnv,OS,.tif,0.000779410416726023
CNV/124/013_CNV.tif,CNV-124,test,CNV,cnv,OS,.tif,0.00079859554534778
CNV/124/014_CNV.tif,CNV-124,test,CNV,cnv,OS,.tif,0.001130344346165657
CNV/124/015_CNV.tif,CNV-124,test,CNV,cnv,OS,.tif,0.0008903961861506104
CNV/124/016_CNV.tif,CNV-124,test,CNV,cnv,OS,.tif,0.0014281223993748426
CNV/124/017_CNV.tif,CNV-124,test,CNV,cnv,OS,.tif,0.0008553955121897161
CNV/124/018_CNV.tif,CNV-124,test,CNV,cnv,OS,.tif,0.0018188682151958346
CNV/124/019_CNV.tif,CNV-124,test,CNV,cnv,OS,.tif,0.0023399360943585634
CNV/124/020_CNV.tif,CNV-124,test,CNV,cnv,OS,.tif,0.0015720640076324344
CNV/124/021_CNV.tif,CNV-124,test,CNV,cnv,OS,.tif,0.001568226027302444
CNV/124/022_CNV.tif,CNV-124,test,CNV,cnv,OS,.tif,0.0014486744767054915
CNV/124/023_CNV.tif,CNV-124,test,CNV,cnv,OS,.tif,0.0008950590854510665
CNV/124/024_CNV.tif,CNV-124,test,CNV,cnv,OS,.tif,0.0006711203022859991
CNV/124/025_CNV.tif,CNV-124,test,CNV,cnv,OS,.tif,0.0004250210477039218
CNV/124/026_Drusen.tif,CNV-124,test,CNV,drusen,OS,.tif,0.0006947234505787492
CNV/124/027_Drusen.tif,CNV-124,test,CNV,drusen,OS,.tif,0.0007944649551063776
CNV/125/000_CNV.tif,CNV-125,test,CNV,cnv,OD,.tif,0.0017957574455067515
CNV/125/001_CNV.tif,CNV-125,test,CNV,cnv,OD,.tif,0.0014641230227425694
CNV/125/002_CNV.tif,CNV-125,test,CNV,cnv,OD,.tif,0.0017123462166637182
CNV/125/003_CNV.tif,CNV-125,test,CNV,cnv,OD,.tif,0.0013658253010362387
CNV/125/004_CNV.tif,CNV-125,test,CNV,cnv,OD,.tif,0.0017423025565221906
CNV/125/005_CNV.tif,CNV-125,test,CNV,cnv,OD,.tif,0.00240490329451859
CNV/125/006_CNV.tif,CNV-125,test,CNV,cnv,OD,.tif,0.002700899261981249
CNV/125/007_CNV.tif,CNV-125,test,CNV,cnv,OD,.tif,0.0017612819792702794
CNV/125/008_CNV.tif,CNV-125,test,CNV,cnv,OD,.tif,0.0025937131140381098
CNV/125/009_CNV.tif,CNV-125,test,CNV,cnv,OD,.tif,0.0019459724426269531
CNV/125/010_CNV.tif,CNV-125,test,CNV,cnv,OD,.tif,0.0018711758311837912
CNV/125/011_CNV.tif,CNV-125,test,CNV,cnv,OD,.tif,0.0020992730278521776
CNV/125/012_CNV.tif,CNV-125,test,CNV,cnv,OD,.tif,0.0016784247709438205
CNV/125/013_CNV.tif,CNV-125,test,CNV,cnv,OD,.tif,0.0018211237620562315
CNV/125/014_CNV.tif,CNV-125,test,CNV,cnv,OD,.tif,0.0016969122225418687
CNV/125/015_CNV.tif,CNV-125,test,CNV,cnv,OD,.tif,0.001836723880842328
CNV/125/016_CNV.tif,CNV-125,test,CNV,cnv,OD,.tif,0.0014080608962103724
CNV/125/017_CNV.tif,CNV-125,test,CNV,cnv,OD,.tif,0.001522329868748784
CNV/125/018_CNV.tif,CNV-125,test,CNV,cnv,OD,.tif,0.001538534415885806
CNV/125/019_CNV.tif,CNV-125,test,CNV,cnv,OD,.tif,0.0017346994718536735
CNV/125/020_CNV.tif,CNV-125,test,CNV,cnv,OD,.tif,0.0021008921321481466
CNV/125/021_CNV.tif,CNV-125,test,CNV,cnv,OD,.tif,0.0018202423816546798
CNV/125/022_CNV.tif,CNV-125,test,CNV,cnv,OD,.tif,0.0019894817378371954
CNV/125/023_CNV.tif,CNV-125,test,CNV,cnv,OD,.tif,0.0020027414429932833
CNV/125/024_CNV.tif,CNV-125,test,CNV,cnv,OD,.tif,0.0018958996515721083
CNV/126/000_CNV.tif,CNV-126,test,CNV,cnv,OD,.tif,0.0004684704472310841
CNV/126/001_CNV.tif,CNV-126,test,CNV,cnv,OD,.tif,0.0011217710562050343
CNV/126/002_CNV.tif,CNV-126,test,CNV,cnv,OD,.tif,0.0010396325960755348
CNV/126/003_CNV.tif,CNV-126,test,CNV,cnv,OD,.tif,0.0012411171337589622
CNV/126/004_CNV.tif,CNV-126,test,CNV,cnv,OD,.tif,0.0011178288841620088
CNV/126/005_CNV.tif,CNV-126,test,CNV,cnv,OD,.tif,0.0011594257084652781
CNV/126/006_CNV.tif,CNV-126,test,CNV,cnv,OD,.tif,0.0012825962621718645
CNV/126/007_CNV.tif,CNV-126,test,CNV,cnv,OD,.tif,0.0016018510796129704
CNV/126/008_CNV.tif,CNV-126,test,CNV,cnv,OD,.tif,0.0011410608422011137
CNV/126/009_CNV.tif,CNV-126,test,CNV,cnv,OD,.tif,0.0009304163395427167
CNV/126/010_CNV.tif,CNV-126,test,CNV,cnv,OD,.tif,0.000845912960357964
CNV/126/011_CNV.tif,CNV-126,test,CNV,cnv,OD,.tif,0.0008909655152820051
CNV/126/012_CNV.tif,CNV-126,test,CNV,cnv,OD,.tif,0.0011808108538389206
CNV/126/013_CNV.tif,CNV-126,test,CNV,cnv,OD,.tif,0.0013869911199435592
CNV/126/014_CNV.tif,CNV-126,test,CNV,cnv,OD,.tif,0.0014066505245864391
CNV/126/015_CNV.tif,CNV-126,test,CNV,cnv,OD,.tif,0.0013592138420790434
CNV/126/016_CNV.tif,CNV-126,test,CNV,cnv,OD,.tif,0.0013500856002792716
CNV/126/017_CNV.tif,CNV-126,test,CNV,cnv,OD,.tif,0.0009704969706945121
CNV/126/018_CNV.tif,CNV-126,test,CNV,cnv,OD,.tif,0.00122081080917269
CNV/126/019_CNV.tif,CNV-126,test,CNV,cnv,OD,.tif,0.0012711964081972837
CNV/126/020_CNV.tif,CNV-126,test,CNV,cnv,OD,.tif,0.0010301078436896205
CNV/126/021_CNV.tif,CNV-126,test,CNV,cnv,OD,.tif,0.0009507873328402638
CNV/126/022_CNV.tif,CNV-126,test,CNV,cnv,OD,.tif,0.0009005298488773406
CNV/126/023_CNV.tif,CNV-126,test,CNV,cnv,OD,.tif,0.0009089969680644572
CNV/126/024_CNV.tif,CNV-126,test,CNV,cnv,OD,.tif,0.0008606825140304863
CNV/126/025_CNV.tif,CNV-126,test,CNV,cnv,OD,.tif,0.000938119541388005
CNV/126/026_CNV.tif,CNV-126,test,CNV,cnv,OD,.tif,0.0008419887744821608
CNV/126/027_CNV.tif,CNV-126,test,CNV,cnv,OD,.tif,0.0007381854229606688
CNV/126/028_Drusen.tif,CNV-126,test,CNV,drusen,OD,.tif,0.0007616290240548551
CNV/126/029_Drusen.tif,CNV-126,test,CNV,drusen,OD,.tif,0.0009255678160116076
CNV/126/030_Drusen.tif,CNV-126,test,CNV,drusen,OD,.tif,0.0009178775362670422
CNV/132/000_CNV.tif,CNV-132,test,CNV,cnv,OD,.tif,0.0006839869893155992
CNV/132/001_CNV.tif,CNV-132,test,CNV,cnv,OD,.tif,0.0006744891870766878
CNV/132/002_CNV.tif,CNV-132,test,CNV,cnv,OD,.tif,0.0007238169200718403
CNV/132/003_CNV.tif,CNV-132,test,CNV,cnv,OD,.tif,0.0008153262897394598
CNV/132/004_CNV.tif,CNV-132,test,CNV,cnv,OD,.tif,0.0007646632730029523
CNV/132/005_CNV.tif,CNV-132,test,CNV,cnv,OD,.tif,0.0006480857264250517
CNV/132/006_CNV.tif,CNV-132,test,CNV,cnv,OD,.tif,0.0008005447452887893
CNV/132/007_CNV.tif,CNV-132,test,CNV,cnv,OD,.tif,0.0008632789831608534
CNV/132/008_CNV.tif,CNV-132,test,CNV,cnv,OD,.tif,0.0005798013880848885
CNV/132/009_CNV.tif,CNV-132,test,CNV,cnv,OD,.tif,0.0009754361235536635
CNV/132/010_CNV.tif,CNV-132,test,CNV,cnv,OD,.tif,0.0008171348017640412
CNV/132/011_CNV.tif,CNV-132,test,CNV,cnv,OD,.tif,0.0008540728595107794
CNV/132/012_CNV.tif,CNV-132,test,CNV,cnv,OD,.tif,0.0007812652620486915
CNV/132/013_CNV.tif,CNV-132,test,CNV,cnv,OD,.tif,0.0007517340127378702
CNV/132/014_CNV.tif,CNV-132,test,CNV,cnv,OD,.tif,0.0007884482620283961
CNV/132/015_CNV.tif,CNV-132,test,CNV,cnv,OD,.tif,0.0007454892038367689
CNV/132/016_CNV.tif,CNV-132,test,CNV,cnv,OD,.tif,0.0008215348934754729
CNV/132/017_CNV.tif,CNV-132,test,CNV,cnv,OD,.tif,0.0009603073121979833
CNV/132/018_CNV.tif,CNV-132,test,CNV,cnv,OD,.tif,0.0007569408626295626
CNV/132/019_CNV.tif,CNV-132,test,CNV,cnv,OD,.tif,0.0007333472603932023
CNV/132/020_CNV.tif,CNV-132,test,CNV,cnv,OD,.tif,0.0006840805290266871
CNV/132/021_CNV.tif,CNV-132,test,CNV,cnv,OD,.tif,0.0007609337917529047
CNV/132/022_CNV.tif,CNV-132,test,CNV,cnv,OD,.tif,0.000813838152680546
CNV/132/023_Drusen.tif,CNV-132,test,CNV,drusen,OD,.tif,0.0007861724589020014
CNV/132/024_Normal.tif,CNV-132,test,CNV,normal,OD,.tif,0.0006502461619675159
CNV/132/025_Drusen.tif,CNV-132,test,CNV,drusen,OD,.tif,0.0007970114820636809
CNV/132/026_Drusen.tif,CNV-132,test,CNV,drusen,OD,.tif,0.0006718481308780611
CNV/132/027_Drusen.tif,CNV-132,test,CNV,drusen,OD,.tif,0.0008273447165265679
CNV/132/028_Drusen.tif,CNV-132,test,CNV,drusen,OD,.tif,0.0007539286161772907
CNV/132/029_Normal.tif,CNV-132,test,CNV,normal,OD,.tif,0.0007097241468727589
CNV/132/030_Normal.tif,CNV-132,test,CNV,normal,OD,.tif,0.0008171704830601811
CNV/134/000_CNV.tif,CNV-134,test,CNV,cnv,OS,.tif,0.0009822171414270997
CNV/134/001_CNV.tif,CNV-134,test,CNV,cnv,OS,.tif,0.0013021172489970922
CNV/134/002_CNV.tif,CNV-134,test,CNV,cnv,OS,.tif,0.001928799320012331
CNV/134/003_CNV.tif,CNV-134,test,CNV,cnv,OS,.tif,0.0018868647748604417
CNV/134/004_CNV.tif,CNV-134,test,CNV,cnv,OS,.tif,0.0021971825044602156
CNV/134/005_CNV.tif,CNV-134,test,CNV,cnv,OS,.tif,0.0027294557075947523
CNV/134/006_CNV.tif,CNV-134,test,CNV,cnv,OS,.tif,0.0011700690956786275
CNV/134/007_CNV.tif,CNV-134,test,CNV,cnv,OS,.tif,0.0020583313889801502
CNV/134/008_CNV.tif,CNV-134,test,CNV,cnv,OS,.tif,0.001482193823903799
CNV/134/009_CNV.tif,CNV-134,test,CNV,cnv,OS,.tif,0.0014702605549246073
CNV/134/010_CNV.tif,CNV-134,test,CNV,cnv,OS,.tif,0.001211318769492209
CNV/134/011_CNV.tif,CNV-134,test,CNV,cnv,OS,.tif,0.0017715300200507045
CNV/134/012_CNV.tif,CNV-134,test,CNV,cnv,OS,.tif,0.0016076883766800165
CNV/134/013_CNV.tif,CNV-134,test,CNV,cnv,OS,.tif,0.0016286761965602636
CNV/134/014_CNV.tif,CNV-134,test,CNV,cnv,OS,.tif,0.0016246334416791797
CNV/134/015_CNV.tif,CNV-134,test,CNV,cnv,OS,.tif,0.0011337732430547476
CNV/134/016_CNV.tif,CNV-134,test,CNV,cnv,OS,.tif,0.0017561253625899553
CNV/134/017_CNV.tif,CNV-134,test,CNV,cnv,OS,.tif,0.0012527318904176354
CNV/134/018_CNV.tif,CNV-134,test,CNV,cnv,OS,.tif,0.0015299116494134068
CNV/134/019_CNV.tif,CNV-134,test,CNV,cnv,OS,.tif,0.003019757103174925
CNV/134/020_CNV.tif,CNV-134,test,CNV,cnv,OS,.tif,0.0024144984781742096
CNV/134/021_CNV.tif,CNV-134,test,CNV,cnv,OS,.tif,0.002457163529470563
CNV/134/022_CNV.tif,CNV-134,test,CNV,cnv,OS,.tif,0.002114814007654786
CNV/134/023_CNV.tif,CNV-134,test,CNV,cnv,OS,.tif,0.002199996029958129
CNV/134/024_CNV.tif,CNV-134,test,CNV,cnv,OS,.tif,0.001569715910591185
CNV/134/025_CNV.tif,CNV-134,test,CNV,cnv,OS,.tif,0.0014622193994000554
CNV/134/026_CNV.tif,CNV-134,test,CNV,cnv,OS,.tif,0.0012692009331658483
CNV/134/027_CNV.tif,CNV-134,test,CNV,cnv,OS,.tif,0.0012970727402716875
CNV/134/028_Drusen.tif,CNV-134,test,CNV,drusen,OS,.tif,0.0010913745500147343
CNV/134/029_Drusen.tif,CNV-134,test,CNV,drusen,OS,.tif,0.0010049660922959447
CNV/134/030_Drusen.tif,CNV-134,test,CNV,drusen,OS,.tif,0.0011127939214929938
CNV/135/000_Drusen.tif,CNV-135,test,CNV,drusen,OS,.tif,0.0010194488568231463
CNV/135/001_Drusen.tif,CNV-135,test,CNV,drusen,OS,.tif,0.0008718827157281339
CNV/135/002_Drusen.tif,CNV-135,test,CNV,drusen,OS,.tif,0.0008654599077999592
CNV/135/003_Drusen.tif,CNV-135,test,CNV,drusen,OS,.tif,0.0008241060422733426
CNV/135/004_Drusen.tif,CNV-135,test,CNV,drusen,OS,.tif,0.0009143234346993268
CNV/135/005_Drusen.tif,CNV-135,test,CNV,drusen,OS,.tif,0.0007749744108878076
CNV/135/006_Drusen.tif,CNV-135,test,CNV,drusen,OS,.tif,0.0008245542994700372
CNV/135/007_Drusen.tif,CNV-135,test,CNV,drusen,OS,.tif,0.0007105795084498823
CNV/135/008_Drusen.tif,CNV-135,test,CNV,drusen,OS,.tif,0.00074517831671983
CNV/135/009_Drusen.tif,CNV-135,test,CNV,drusen,OS,.tif,0.0007322453311644495
CNV/135/010_Drusen.tif,CNV-135,test,CNV,drusen,OS,.tif,0.0006782581331208348
CNV/135/011_Drusen.tif,CNV-135,test,CNV,drusen,OS,.tif,0.0007253790972754359
CNV/135/012_CNV.tif,CNV-135,test,CNV,cnv,OS,.tif,0.0006876307888887823
CNV/135/013_CNV.tif,CNV-135,test,CNV,cnv,OS,.tif,0.0007136097410693765
CNV/135/014_CNV.tif,CNV-135,test,CNV,cnv,OS,.tif,0.0007278763805516064
CNV/135/015_CNV.tif,CNV-135,test,CNV,cnv,OS,.tif,0.0008237285655923188
CNV/135/016_CNV.tif,CNV-135,test,CNV,cnv,OS,.tif,0.000898324535228312
CNV/135/017_CNV.tif,CNV-135,test,CNV,cnv,OS,.tif,0.0008900807588361204
CNV/135/018_CNV.tif,CNV-135,test,CNV,cnv,OS,.tif,0.0009487863862887025
CNV/135/019_CNV.tif,CNV-135,test,CNV,cnv,OS,.tif,0.0008914481149986386
CNV/135/020_CNV.tif,CNV-135,test,CNV,cnv,OS,.tif,0.0008325696107931435
CNV/135/021_CNV.tif,CNV-135,test,CNV,cnv,OS,.tif,0.0008444910636171699
CNV/135/022_Drusen.tif,CNV-135,test,CNV,drusen,OS,.tif,0.0008158704731613398
CNV/135/023_Drusen.tif,CNV-135,test,CNV,drusen,OS,.tif,0.0007052848814055324
CNV/135/024_Drusen.tif,CNV-135,test,CNV,drusen,OS,.tif,0.0006804722361266613
CNV/135/025_Drusen.tif,CNV-135,test,CNV,drusen,OS,.tif,0.0008944972069002688
CNV/135/026_Drusen.tif,CNV-135,test,CNV,drusen,OS,.tif,0.0007177575025707483
CNV/135/027_Drusen.tif,CNV-135,test,CNV,drusen,OS,.tif,0.0008019917295314372
CNV/135/028_Drusen.tif,CNV-135,test,CNV,drusen,OS,.tif,0.0007266747415997088
CNV/135/029_Drusen.tif,CNV-135,test,CNV,drusen,OS,.tif,0.000811413221526891
CNV/135/030_Drusen.tif,CNV-135,test,CNV,drusen,OS,.tif,0.0008830306469462812
CNV/136/000_CNV.tif,CNV-136,test,CNV,cnv,OS,.tif,0.0010710674105212092
CNV/136/001_CNV.tif,CNV-136,test,CNV,cnv,OS,.tif,0.0015130799729377031
CNV/136/002_CNV.tif,CNV-136,test,CNV,cnv,OS,.tif,0.0013154279440641403
CNV/136/003_CNV.tif,CNV-136,test,CNV,cnv,OS,.tif,0.0011577290715649724
CNV/136/004_CNV.tif,CNV-136,test,CNV,cnv,OS,.tif,0.0008403894607909024
CNV/136/005_CNV.tif,CNV-136,test,CNV,cnv,OS,.tif,0.0009213152225129306
CNV/136/006_CNV.tif,CNV-136,test,CNV,cnv,OS,.tif,0.0010800642194226384
CNV/136/007_CNV.tif,CNV-136,test,CNV,cnv,OS,.tif,0.0008986048051156104
CNV/136/008_CNV.tif,CNV-136,test,CNV,cnv,OS,.tif,0.0007195877260528505
CNV/136/009_CNV.tif,CNV-136,test,CNV,cnv,OS,.tif,0.0007353517576120794
CNV/136/010_CNV.tif,CNV-136,test,CNV,cnv,OS,.tif,0.0007534832693636417
CNV/136/011_CNV.tif,CNV-136,test,CNV,cnv,OS,.tif,0.0006403359584510326
CNV/136/012_CNV.tif,CNV-136,test,CNV,cnv,OS,.tif,0.0007712729857303202
CNV/136/013_CNV.tif,CNV-136,test,CNV,cnv,OS,.tif,0.0011217489372938871
CNV/136/014_CNV.tif,CNV-136,test,CNV,cnv,OS,.tif,0.0006223845994099975
CNV/136/015_CNV.tif,CNV-136,test,CNV,cnv,OS,.tif,0.0009227414848282933
CNV/136/016_CNV.tif,CNV-136,test,CNV,cnv,OS,.tif,0.0012368772877380252
CNV/136/017_CNV.tif,CNV-136,test,CNV,cnv,OS,.tif,0.0010195726063102484
CNV/136/018_CNV.tif,CNV-136,test,CNV,cnv,OS,.tif,0.001301609561778605
CNV/136/019_CNV.tif,CNV-136,test,CNV,cnv,OS,.tif,0.0011163504095748067
CNV/136/020_CNV.tif,CNV-136,test,CNV,cnv,OS,.tif,0.0006987074739299715
CNV/136/021_CNV.tif,CNV-136,test,CNV,cnv,OS,.tif,0.0008027760777622461
CNV/136/022_CNV.tif,CNV-136,test,CNV,cnv,OS,.tif,0.0007128738798201084
CNV/136/023_CNV.tif,CNV-136,test,CNV,cnv,OS,.tif,0.0011285818181931973
CNV/136/024_CNV.tif,CNV-136,test,CNV,cnv,OS,.tif,0.0012222599470987916
CNV/136/025_CNV.tif,CNV-136,test,CNV,cnv,OS,.tif,0.0012151141418144107
CNV/136/026_CNV.tif,CNV-136,test,CNV,cnv,OS,.tif,0.0013012782437726855
CNV/136/027_CNV.tif,CNV-136,test,CNV,cnv,OS,.tif,0.0011206874623894691
CNV/136/028_CNV.tif,CNV-136,test,CNV,cnv,OS,.tif,0.0009735953062772751
CNV/136/029_CNV.tif,CNV-136,test,CNV,cnv,OS,.tif,0.0007179387612268329
CNV/136/030_CNV.tif,CNV-136,test,CNV,cnv,OS,.tif,0.0010101184016093612
CNV/138/000_Normal.tif,CNV-138,test,CNV,normal,OD,.tif,0.0008929583127610385
CNV/138/001_Normal.tif,CNV-138,test,CNV,normal,OD,.tif,0.0009201807552017272
CNV/138/002_Normal.tif,CNV-138,test,CNV,normal,OD,.tif,0.0008001094684004784
CNV/138/003_Drusen.tif,CNV-138,test,CNV,drusen,OD,.tif,0.000979321775957942
CNV/138/004_CNV.tif,CNV-138,test,CNV,cnv,OD,.tif,0.0009706239798106253
CNV/138/005_CNV.tif,CNV-138,test,CNV,cnv,OD,.tif,0.0009514260455034673
CNV/138/006_CNV.tif,CNV-138,test,CNV,cnv,OD,.tif,0.0009456809493713081
CNV/138/007_CNV.tif,CNV-138,test,CNV,cnv,OD,.tif,0.0008921318803913891
CNV/138/008_CNV.tif,CNV-138,test,CNV,cnv,OD,.tif,0.0011088709579780698
CNV/138/009_CNV.tif,CNV-138,test,CNV,cnv,OD,.tif,0.0010408496018499136
CNV/138/010_CNV.tif,CNV-138,test,CNV,cnv,OD,.tif,0.0010917625622823834
CNV/138/011_CNV.tif,CNV-138,test,CNV,cnv,OD,.tif,0.0010113035095855594
CNV/138/012_CNV.tif,CNV-138,test,CNV,cnv,OD,.tif,0.000998703297227621
CNV/138/013_CNV.tif,CNV-138,test,CNV,cnv,OD,.tif,0.0008824885590001941
CNV/138/014_CNV.tif,CNV-138,test,CNV,cnv,OD,.tif,0.0010101663647219539
CNV/138/015_CNV.tif,CNV-138,test,CNV,cnv,OD,.tif,0.0009530782699584961
CNV/138/016_CNV.tif,CNV-138,test,CNV,cnv,OD,.tif,0.0008795666508376598
CNV/138/017_CNV.tif,CNV-138,test,CNV,cnv,OD,.tif,0.0007849328685551882
CNV/138/018_CNV.tif,CNV-138,test,CNV,cnv,OD,.tif,0.0010565232951194048
CNV/138/019_CNV.tif,CNV-138,test,CNV,cnv,OD,.tif,0.0011582456063479185
CNV/138/020_CNV.tif,CNV-138,test,CNV,cnv,OD,.tif,0.0011849428992718458
CNV/138/021_CNV.tif,CNV-138,test,CNV,cnv,OD,.tif,0.0010453787399455905
CNV/138/022_CNV.tif,CNV-138,test,CNV,cnv,OD,.tif,0.0010633004130795598
CNV/138/023_CNV.tif,CNV-138,test,CNV,cnv,OD,.tif,0.0008462934638373554
CNV/138/024_CNV.tif,CNV-138,test,CNV,cnv,OD,.tif,0.0007500280626118183
CNV/138/025_CNV.tif,CNV-138,test,CNV,cnv,OD,.tif,0.0008290867554023862
CNV/138/026_CNV.tif,CNV-138,test,CNV,cnv,OD,.tif,0.0006923067267052829
CNV/138/027_CNV.tif,CNV-138,test,CNV,cnv,OD,.tif,0.000570036587305367
CNV/138/028_CNV.tif,CNV-138,test,CNV,cnv,OD,.tif,0.0007011173875071108
CNV/138/029_CNV.tif,CNV-138,test,CNV,cnv,OD,.tif,0.0007497149636037648
CNV/138/030_Drusen.tif,CNV-138,test,CNV,drusen,OD,.tif,0.0008768539410084486
CNV/139/000_Normal.tif,CNV-139,test,CNV,normal,OD,.tif,0.0007403442868962884
CNV/139/001_Normal.tif,CNV-139,test,CNV,normal,OD,.tif,0.000700909411534667
CNV/139/002_Normal.tif,CNV-139,test,CNV,normal,OD,.tif,0.0007683041039854288
CNV/139/003_Normal.tif,CNV-139,test,CNV,normal,OD,.tif,0.0006684730760753155
CNV/139/004_Normal.tif,CNV-139,test,CNV,normal,OD,.tif,0.0008128551417030394
CNV/139/005_Normal.tif,CNV-139,test,CNV,normal,OD,.tif,0.0007423136266879737
CNV/139/006_Normal.tif,CNV-139,test,CNV,normal,OD,.tif,0.0006133958231657743
CNV/139/007_Normal.tif,CNV-139,test,CNV,normal,OD,.tif,0.0006959677557460964
CNV/139/008_Drusen.tif,CNV-139,test,CNV,drusen,OD,.tif,0.0007518914644606411
CNV/139/009_CNV.tif,CNV-139,test,CNV,cnv,OD,.tif,0.0006879227585159242
CNV/139/010_CNV.tif,CNV-139,test,CNV,cnv,OD,.tif,0.0008796941256150603
CNV/139/011_CNV.tif,CNV-139,test,CNV,cnv,OD,.tif,0.0006398462573997676
CNV/139/012_CNV.tif,CNV-139,test,CNV,cnv,OD,.tif,0.0006392161594703794
CNV/139/013_CNV.tif,CNV-139,test,CNV,cnv,OD,.tif,0.0007148951408453286
CNV/139/014_CNV.tif,CNV-139,test,CNV,cnv,OD,.tif,0.0006913772085681558
CNV/139/015_CNV.tif,CNV-139,test,CNV,cnv,OD,.tif,0.0007717023836448789
CNV/139/016_CNV.tif,CNV-139,test,CNV,cnv,OD,.tif,0.000730533036403358
CNV/139/017_CNV.tif,CNV-139,test,CNV,cnv,OD,.tif,0.0006766002625226974
CNV/139/018_CNV.tif,CNV-139,test,CNV,cnv,OD,.tif,0.0005584799800999463
CNV/139/019_Drusen.tif,CNV-139,test,CNV,drusen,OD,.tif,0.0006220769137144089
CNV/139/020_Normal.tif,CNV-139,test,CNV,normal,OD,.tif,0.0005902613047510386
CNV/139/021_Normal.tif,CNV-139,test,CNV,normal,OD,.tif,0.0004849430115427822
CNV/139/022_Drusen.tif,CNV-139,test,CNV,drusen,OD,.tif,0.000546672788914293
CNV/139/023_Drusen.tif,CNV-139,test,CNV,drusen,OD,.tif,0.0005740573396906257
CNV/139/024_Drusen.tif,CNV-139,test,CNV,drusen,OD,.tif,0.0005143102025613189
CNV/139/025_Normal.tif,CNV-139,test,CNV,normal,OD,.tif,0.0005755125312134624
CNV/139/026_Drusen.tif,CNV-139,test,CNV,drusen,OD,.tif,0.0006172630237415433
CNV/139/027_Normal.tif,CNV-139,test,CNV,normal,OD,.tif,0.0006537878070957959
CNV/139/028_Normal.tif,CNV-139,test,CNV,normal,OD,.tif,0.0007889700937084854
CNV/139/029_Normal.tif,CNV-139,test,CNV,normal,OD,.tif,0.0007599417003802955
CNV/139/030_Normal.tif,CNV-139,test,CNV,normal,OD,.tif,0.0007415144355036318
CNV/143/000_Drusen.tif,CNV-143,test,CNV,drusen,OS,.tif,0.0007497367914766073
CNV/143/001_Drusen.tif,CNV-143,test,CNV,drusen,OS,.tif,0.0005267400993034244
CNV/143/002_Drusen.tif,CNV-143,test,CNV,drusen,OS,.tif,0.0005614145193248987
CNV/143/003_Drusen.tif,CNV-143,test,CNV,drusen,OS,.tif,0.0007149376906454563
CNV/143/004_Drusen.tif,CNV-143,test,CNV,drusen,OS,.tif,0.0005759850610047579
CNV/143/005_CNV.tif,CNV-143,test,CNV,cnv,OS,.tif,0.0007477043545804918
CNV/143/006_CNV.tif,CNV-143,test,CNV,cnv,OS,.tif,0.0007035474991425872
CNV/143/007_CNV.tif,CNV-143,test,CNV,cnv,OS,.tif,0.0007903571240603924
CNV/143/008_CNV.tif,CNV-143,test,CNV,cnv,OS,.tif,0.0008139064884744585
CNV/143/009_CNV.tif,CNV-143,test,CNV,cnv,OS,.tif,0.0009380714618600905
CNV/143/010_CNV.tif,CNV-143,test,CNV,cnv,OS,.tif,0.0009164128568954766
CNV/143/011_CNV.tif,CNV-143,test,CNV,cnv,OS,.tif,0.0006257706554606557
CNV/143/012_CNV.tif,CNV-143,test,CNV,cnv,OS,.tif,0.0008682290790602565
CNV/143/013_CNV.tif,CNV-143,test,CNV,cnv,OS,.tif,0.0007429332472383976
CNV/143/014_CNV.tif,CNV-143,test,CNV,cnv,OS,.tif,0.0010059000924229622
CNV/143/015_CNV.tif,CNV-143,test,CNV,cnv,OS,.tif,0.0012763035483658314
CNV/143/016_CNV.tif,CNV-143,test,CNV,cnv,OS,.tif,0.0017342926003038883
CNV/143/017_CNV.tif,CNV-143,test,CNV,cnv,OS,.tif,0.0010378300212323666
CNV/143/018_CNV.tif,CNV-143,test,CNV,cnv,OS,.tif,0.0016938240732997656
CNV/143/019_CNV.tif,CNV-143,test,CNV,cnv,OS,.tif,0.0013465117663145065
CNV/143/020_CNV.tif,CNV-143,test,CNV,cnv,OS,.tif,0.0008948920294642448
CNV/143/021_CNV.tif,CNV-143,test,CNV,cnv,OS,.tif,0.001225230866111815
CNV/143/022_CNV.tif,CNV-143,test,CNV,cnv,OS,.tif,0.0011248922673985362
CNV/143/023_CNV.tif,CNV-143,test,CNV,cnv,OS,.tif,0.00103924167342484
CNV/143/024_CNV.tif,CNV-143,test,CNV,cnv,OS,.tif,0.0007632166380062699
CNV/143/025_CNV.tif,CNV-143,test,CNV,cnv,OS,.tif,0.0004005631199106574
CNV/143/026_CNV.tif,CNV-143,test,CNV,cnv,OS,.tif,0.0005190896918065846
CNV/143/027_CNV.tif,CNV-143,test,CNV,cnv,OS,.tif,0.0005440503009594977
CNV/143/028_CNV.tif,CNV-143,test,CNV,cnv,OS,.tif,0.0005459867534227669
CNV/143/029_CNV.tif,CNV-143,test,CNV,cnv,OS,.tif,0.0006473112152889371
CNV/143/030_Drusen.tif,CNV-143,test,CNV,drusen,OS,.tif,0.0005944687873125076
CNV/144/000_Drusen.tif,CNV-144,test,CNV,drusen,OD,.tif,0.0004839180037379265
CNV/144/001_Drusen.tif,CNV-144,test,CNV,drusen,OD,.tif,0.0006367512396536767
CNV/144/002_Drusen.tif,CNV-144,test,CNV,drusen,OD,.tif,0.000523443566635251
CNV/144/003_CNV.tif,CNV-144,test,CNV,cnv,OD,.tif,0.0005882902769371867
CNV/144/004_CNV.tif,CNV-144,test,CNV,cnv,OD,.tif,0.0007515174220316112
CNV/144/005_CNV.tif,CNV-144,test,CNV,cnv,OD,.tif,0.0008481471450068057
CNV/144/006_CNV.tif,CNV-144,test,CNV,cnv,OD,.tif,0.0006259860238060355
CNV/144/007_CNV.tif,CNV-144,test,CNV,cnv,OD,.tif,0.0007314701797440648
CNV/144/008_CNV.tif,CNV-144,test,CNV,cnv,OD,.tif,0.0007045618840493262
CNV/144/009_CNV.tif,CNV-144,test,CNV,cnv,OD,.tif,0.0010294478852301836
CNV/144/010_CNV.tif,CNV-144,test,CNV,cnv,OD,.tif,0.0009957081638276577
CNV/144/011_CNV.tif,CNV-144,test,CNV,cnv,OD,.tif,0.0009668201673775911
CNV/144/012_CNV.tif,CNV-144,test,CNV,cnv,OD,.tif,0.0008828685386106372
CNV/144/013_CNV.tif,CNV-144,test,CNV,cnv,OD,.tif,0.000805867079179734
CNV/144/014_CNV.tif,CNV-144,test,CNV,cnv,OD,.tif,0.0008239472517743707
CNV/144/015_CNV.tif,CNV-144,test,CNV,cnv,OD,.tif,0.001038466114550829
CNV/144/016_CNV.tif,CNV-144,test,CNV,cnv,OD,.tif,0.001107333111576736
CNV/144/017_CNV.tif,CNV-144,test,CNV,cnv,OD,.tif,0.0009132697014138103
CNV/144/018_CNV.tif,CNV-144,test,CNV,cnv,OD,.tif,0.0009665415855124593
CNV/144/019_CNV.tif,CNV-144,test,CNV,cnv,OD,.tif,0.0009643446537666023
CNV/144/020_CNV.tif,CNV-144,test,CNV,cnv,OD,.tif,0.0008896649815142155
CNV/144/021_Drusen.tif,CNV-144,test,CNV,drusen,OD,.tif,0.0009002138976939023
CNV/144/022_Drusen.tif,CNV-144,test,CNV,drusen,OD,.tif,0.0007104096584953368
CNV/144/023_Drusen.tif,CNV-144,test,CNV,drusen,OD,.tif,0.0007436118903569877
CNV/144/024_Drusen.tif,CNV-144,test,CNV,drusen,OD,.tif,0.0007005083025433123
CNV/144/025_Drusen.tif,CNV-144,test,CNV,drusen,OD,.tif,0.0005510908085852861
CNV/144/026_Drusen.tif,CNV-144,test,CNV,drusen,OD,.tif,0.0005531325587071478
CNV/144/027_Drusen.tif,CNV-144,test,CNV,drusen,OD,.tif,0.0007336803246289492
CNV/144/028_Drusen.tif,CNV-144,test,CNV,drusen,OD,.tif,0.0006066849455237389
CNV/144/029_Normal.tif,CNV-144,test,CNV,normal,OD,.tif,0.0005541229038499296
CNV/144/030_Drusen.tif,CNV-144,test,CNV,drusen,OD,.tif,0.0006669446593150496
CNV/145/000_CNV.tif,CNV-145,test,CNV,cnv,OS,.tif,0.0007770064403302968
CNV/145/001_CNV.tif,CNV-145,test,CNV,cnv,OS,.tif,0.0007527152774855494
CNV/145/002_CNV.tif,CNV-145,test,CNV,cnv,OS,.tif,0.0008758609183132648
CNV/145/003_CNV.tif,CNV-145,test,CNV,cnv,OS,.tif,0.0010897930478677154
CNV/145/004_CNV.tif,CNV-145,test,CNV,cnv,OS,.tif,0.0016129210125654936
CNV/145/005_CNV.tif,CNV-145,test,CNV,cnv,OS,.tif,0.0017054614145308733
CNV/145/006_CNV.tif,CNV-145,test,CNV,cnv,OS,.tif,0.0011353440349921584
CNV/145/007_CNV.tif,CNV-145,test,CNV,cnv,OS,.tif,0.001521996920928359
CNV/145/008_CNV.tif,CNV-145,test,CNV,cnv,OS,.tif,0.0017935695359483361
CNV/145/009_CNV.tif,CNV-145,test,CNV,cnv,OS,.tif,0.001573991496115923
CNV/145/010_CNV.tif,CNV-145,test,CNV,cnv,OS,.tif,0.0016442236956208944
CNV/145/011_CNV.tif,CNV-145,test,CNV,cnv,OS,.tif,0.0014133109943941236
CNV/145/012_CNV.tif,CNV-145,test,CNV,cnv,OS,.tif,0.0015434366650879383
CNV/145/013_CNV.tif,CNV-145,test,CNV,cnv,OS,.tif,0.0015298373764380813
CNV/145/014_CNV.tif,CNV-145,test,CNV,cnv,OS,.tif,0.0014572973595932126
CNV/145/015_CNV.tif,CNV-145,test,CNV,cnv,OS,.tif,0.001788876485079527
CNV/145/016_CNV.tif,CNV-145,test,CNV,cnv,OS,.tif,0.000949168810620904
CNV/145/017_CNV.tif,CNV-145,test,CNV,cnv,OS,.tif,0.002012785756960511
CNV/145/018_CNV.tif,CNV-145,test,CNV,cnv,OS,.tif,0.0017552673816680908
CNV/145/019_CNV.tif,CNV-145,test,CNV,cnv,OS,.tif,0.0017815915634855628
CNV/145/020_CNV.tif,CNV-145,test,CNV,cnv,OS,.tif,0.002017030492424965
CNV/145/021_CNV.tif,CNV-145,test,CNV,cnv,OS,.tif,0.002156359376385808
CNV/145/022_CNV.tif,CNV-145,test,CNV,cnv,OS,.tif,0.0020043030381202698
CNV/145/023_CNV.tif,CNV-145,test,CNV,cnv,OS,.tif,0.001721760374493897
CNV/145/024_CNV.tif,CNV-145,test,CNV,cnv,OS,.tif,0.0017191664082929492
CNV/145/025_CNV.tif,CNV-145,test,CNV,cnv,OS,.tif,0.0019273017533123493
CNV/145/026_CNV.tif,CNV-145,test,CNV,cnv,OS,.tif,0.00186894740909338
CNV/145/027_CNV.tif,CNV-145,test,CNV,cnv,OS,.tif,0.0013900792691856623
CNV/145/028_CNV.tif,CNV-145,test,CNV,cnv,OS,.tif,0.001133290003053844
CNV/148/000_CNV.tif,CNV-148,test,CNV,cnv,OD,.tif,0.0011024345876649022
CNV/148/001_CNV.tif,CNV-148,test,CNV,cnv,OD,.tif,0.0009288756991736591
CNV/148/002_CNV.tif,CNV-148,test,CNV,cnv,OD,.tif,0.0018712173914536834
CNV/148/003_CNV.tif,CNV-148,test,CNV,cnv,OD,.tif,0.0013074626913294196
CNV/148/004_CNV.tif,CNV-148,test,CNV,cnv,OD,.tif,0.0013000562321394682
CNV/148/005_CNV.tif,CNV-148,test,CNV,cnv,OD,.tif,0.0011323620565235615
CNV/148/006_CNV.tif,CNV-148,test,CNV,cnv,OD,.tif,0.0009914025431498885
CNV/148/007_CNV.tif,CNV-148,test,CNV,cnv,OD,.tif,0.001344942138530314
CNV/148/008_CNV.tif,CNV-148,test,CNV,cnv,OD,.tif,0.0014427626738324761
CNV/148/009_CNV.tif,CNV-148,test,CNV,cnv,OD,.tif,0.001594580477103591
CNV/148/010_CNV.tif,CNV-148,test,CNV,cnv,OD,.tif,0.0015045672189444304
CNV/148/011_CNV.tif,CNV-148,test,CNV,cnv,OD,.tif,0.0015234415186569095
CNV/148/012_CNV.tif,CNV-148,test,CNV,cnv,OD,.tif,0.001100226421840489
CNV/148/013_CNV.tif,CNV-148,test,CNV,cnv,OD,.tif,0.0016072943108156323
CNV/148/014_CNV.tif,CNV-148,test,CNV,cnv,OD,.tif,0.001724965637549758
CNV/148/015_CNV.tif,CNV-148,test,CNV,cnv,OD,.tif,0.0009231583680957556
CNV/148/016_CNV.tif,CNV-148,test,CNV,cnv,OD,.tif,0.001247605076059699
CNV/148/017_CNV.tif,CNV-148,test,CNV,cnv,OD,.tif,0.001302741002291441
CNV/148/018_CNV.tif,CNV-148,test,CNV,cnv,OD,.tif,0.0010474289301782846
CNV/148/019_CNV.tif,CNV-148,test,CNV,cnv,OD,.tif,0.0009320174576714635
CNV/148/020_CNV.tif,CNV-148,test,CNV,cnv,OD,.tif,0.0008551809005439281
CNV/148/021_CNV.tif,CNV-148,test,CNV,cnv,OD,.tif,0.0009118941961787641
CNV/148/022_CNV.tif,CNV-148,test,CNV,cnv,OD,.tif,0.0008265028009191155
CNV/148/023_CNV.tif,CNV-148,test,CNV,cnv,OD,.tif,0.0008032746845856309
CNV/148/024_CNV.tif,CNV-148,test,CNV,cnv,OD,.tif,0.0009001423604786396
CNV/148/025_CNV.tif,CNV-148,test,CNV,cnv,OD,.tif,0.0009356864611618221
CNV/148/026_CNV.tif,CNV-148,test,CNV,cnv,OD,.tif,0.0007457172032445669
CNV/148/027_CNV.tif,CNV-148,test,CNV,cnv,OD,.tif,0.000689248030539602
CNV/148/028_Normal.tif,CNV-148,test,CNV,normal,OD,.tif,0.0005837413482367992
CNV/148/029_Normal.tif,CNV-148,test,CNV,normal,OD,.tif,0.0004855687730014324
CNV/148/030_Normal.tif,CNV-148,test,CNV,normal,OD,.tif,0.0005527422181330621
CNV/149/000_Drusen.tif,CNV-149,test,CNV,drusen,OD,.tif,0.0008387315319851041
CNV/149/001_Drusen.tif,CNV-149,test,CNV,drusen,OD,.tif,0.0008525797165930271
CNV/149/002_CNV.tif,CNV-149,test,CNV,cnv,OD,.tif,0.0008269958780147135
CNV/149/003_CNV.tif,CNV-149,test,CNV,cnv,OD,.tif,0.0009222450898960233
CNV/149/004_CNV.tif,CNV-149,test,CNV,cnv,OD,.tif,0.0009587235981598496
CNV/149/005_CNV.tif,CNV-149,test,CNV,cnv,OD,.tif,0.001111385878175497
CNV/149/006_CNV.tif,CNV-149,test,CNV,cnv,OD,.tif,0.0010763321770355105
CNV/149/007_CNV.tif,CNV-149,test,CNV,cnv,OD,.tif,0.001125509268604219
CNV/149/008_CNV.tif,CNV-149,test,CNV,cnv,OD,.tif,0.0011392331216484308
CNV/149/009_CNV.tif,CNV-149,test,CNV,cnv,OD,.tif,0.0010244430741295218
CNV/149/010_CNV.tif,CNV-149,test,CNV,cnv,OD,.tif,0.0009605326340533793
CNV/149/011_CNV.tif,CNV-149,test,CNV,cnv,OD,.tif,0.0009497106075286865
CNV/149/012_CNV.tif,CNV-149,test,CNV,cnv,OD,.tif,0.0008684344356879592
CNV/149/013_CNV.tif,CNV-149,test,CNV,cnv,OD,.tif,0.0008513439097441733
CNV/149/014_CNV.tif,CNV-149,test,CNV,cnv,OD,.tif,0.000938893121201545
CNV/149/015_CNV.tif,CNV-149,test,CNV,cnv,OD,.tif,0.0009186962270177901
CNV/149/016_CNV.tif,CNV-149,test,CNV,cnv,OD,.tif,0.0009913729736581445
CNV/149/017_CNV.tif,CNV-149,test,CNV,cnv,OD,.tif,0.0010195280192419887
CNV/149/018_CNV.tif,CNV-149,test,CNV,cnv,OD,.tif,0.0010969419963657856
CNV/149/019_CNV.tif,CNV-149,test,CNV,cnv,OD,.tif,0.0009895951952785254
CNV/149/020_CNV.tif,CNV-149,test,CNV,cnv,OD,.tif,0.000924200052395463
CNV/149/021_CNV.tif,CNV-149,test,CNV,cnv,OD,.tif,0.0009482922614552081
CNV/149/022_CNV.tif,CNV-149,test,CNV,cnv,OD,.tif,0.0009738515364006162
CNV/149/023_CNV.tif,CNV-149,test,CNV,cnv,OD,.tif,0.0009981989860534668
CNV/149/024_CNV.tif,CNV-149,test,CNV,cnv,OD,.tif,0.0009851499926298857
CNV/149/025_CNV.tif,CNV-149,test,CNV,cnv,OD,.tif,0.000954469433054328
CNV/149/026_CNV.tif,CNV-149,test,CNV,cnv,OD,.tif,0.0008835316402837634
CNV/149/027_CNV.tif,CNV-149,test,CNV,cnv,OD,.tif,0.0008943346329033375
CNV/149/028_CNV.tif,CNV-149,test,CNV,cnv,OD,.tif,0.0008284614887088537
CNV/149/029_Normal.tif,CNV-149,test,CNV,normal,OD,.tif,0.0006833519437350333
CNV/149/030_Normal.tif,CNV-149,test,CNV,normal,OD,.tif,0.0007905047386884689
CNV/152/000_CNV.tif,CNV-152,test,CNV,cnv,OS,.tif,0.0005448759766295552
CNV/152/001_CNV.tif,CNV-152,test,CNV,cnv,OS,.tif,0.0006487017381004989
CNV/152/002_CNV.tif,CNV-152,test,CNV,cnv,OS,.tif,0.0006916962447576225
CNV/152/003_CNV.tif,CNV-152,test,CNV,cnv,OS,.tif,0.000594504177570343
CNV/152/004_CNV.tif,CNV-152,test,CNV,cnv,OS,.tif,0.0006201636279001832
CNV/152/005_CNV.tif,CNV-152,test,CNV,cnv,OS,.tif,0.0006821448914706707
CNV/152/006_CNV.tif,CNV-152,test,CNV,cnv,OS,.tif,0.0008378148777410388
CNV/152/007_CNV.tif,CNV-152,test,CNV,cnv,OS,.tif,0.0009477785788476467
CNV/152/008_CNV.tif,CNV-152,test,CNV,cnv,OS,.tif,0.0009566801600158215
CNV/152/009_CNV.tif,CNV-152,test,CNV,cnv,OS,.tif,0.0009651395375840366
CNV/152/010_CNV.tif,CNV-152,test,CNV,cnv,OS,.tif,0.0010229389881715178
CNV/152/011_CNV.tif,CNV-152,test,CNV,cnv,OS,.tif,0.0008851731545291841
CNV/152/012_CNV.tif,CNV-152,test,CNV,cnv,OS,.tif,0.0009176149033010006
CNV/152/013_CNV.tif,CNV-152,test,CNV,cnv,OS,.tif,0.0009076023125089705
CNV/152/014_CNV.tif,CNV-152,test,CNV,cnv,OS,.tif,0.0009128820383921266
CNV/152/015_CNV.tif,CNV-152,test,CNV,cnv,OS,.tif,0.0008707298547960818
CNV/152/016_CNV.tif,CNV-152,test,CNV,cnv,OS,.tif,0.0007991422899067402
CNV/152/017_CNV.tif,CNV-152,test,CNV,cnv,OS,.tif,0.0007480471977032721
CNV/152/018_Normal.tif,CNV-152,test,CNV,normal,OS,.tif,0.000750330334994942
CNV/152/019_Normal.tif,CNV-152,test,CNV,normal,OS,.tif,0.0006265667034313083
CNV/152/020_Drusen.tif,CNV-152,test,CNV,drusen,OS,.tif,0.000651193258818239
CNV/152/021_Drusen.tif,CNV-152,test,CNV,drusen,OS,.tif,0.0006845202296972275
CNV/152/022_Normal.tif,CNV-152,test,CNV,normal,OS,.tif,0.0008136497344821692
CNV/152/023_Normal.tif,CNV-152,test,CNV,normal,OS,.tif,0.0009226963738910854
CNV/152/024_Normal.tif,CNV-152,test,CNV,normal,OS,.tif,0.0009927066275849938
CNV/152/025_Normal.tif,CNV-152,test,CNV,normal,OS,.tif,0.0008765305974520743
CNV/152/026_Normal.tif,CNV-152,test,CNV,normal,OS,.tif,0.0009881597943603992
CNV/152/027_Normal.tif,CNV-152,test,CNV,normal,OS,.tif,0.000873883138410747
CNV/152/028_Normal.tif,CNV-152,test,CNV,normal,OS,.tif,0.0008740952471271157
CNV/152/029_Normal.tif,CNV-152,test,CNV,normal,OS,.tif,0.0007680458948016167
CNV/152/030_Normal.tif,CNV-152,test,CNV,normal,OS,.tif,0.0009135532891377807
CNV/153/000_CNV.tif,CNV-153,test,CNV,cnv,OS,.tif,0.0007964839460328221
CNV/153/001_CNV.tif,CNV-153,test,CNV,cnv,OS,.tif,0.0008791541331447661
CNV/153/002_CNV.tif,CNV-153,test,CNV,cnv,OS,.tif,0.0007898894837126136
CNV/153/003_CNV.tif,CNV-153,test,CNV,cnv,OS,.tif,0.0007528452551923692
CNV/153/004_CNV.tif,CNV-153,test,CNV,cnv,OS,.tif,0.0008108370238915086
CNV/153/005_CNV.tif,CNV-153,test,CNV,cnv,OS,.tif,0.0007257756660692394
CNV/153/006_CNV.tif,CNV-153,test,CNV,cnv,OS,.tif,0.0007672625943087041
CNV/153/007_CNV.tif,CNV-153,test,CNV,cnv,OS,.tif,0.0008320316555909812
CNV/153/008_CNV.tif,CNV-153,test,CNV,cnv,OS,.tif,0.001003336044959724
CNV/153/009_CNV.tif,CNV-153,test,CNV,cnv,OS,.tif,0.0010899893241003156
CNV/153/010_CNV.tif,CNV-153,test,CNV,cnv,OS,.tif,0.0013753226958215237
CNV/153/011_CNV.tif,CNV-153,test,CNV,cnv,OS,.tif,0.001592743443325162
CNV/153/012_CNV.tif,CNV-153,test,CNV,cnv,OS,.tif,0.0016253035282716155
CNV/153/013_CNV.tif,CNV-153,test,CNV,cnv,OS,.tif,0.0018895055400207639
CNV/153/014_CNV.tif,CNV-153,test,CNV,cnv,OS,.tif,0.0016518344637006521
CNV/153/015_CNV.tif,CNV-153,test,CNV,cnv,OS,.tif,0.0016021531773731112
CNV/153/016_CNV.tif,CNV-153,test,CNV,cnv,OS,.tif,0.0016327109187841415
CNV/153/017_CNV.tif,CNV-153,test,CNV,cnv,OS,.tif,0.0015176853630691767
CNV/153/018_CNV.tif,CNV-153,test,CNV,cnv,OS,.tif,0.0015189227415248752
CNV/153/019_CNV.tif,CNV-153,test,CNV,cnv,OS,.tif,0.0014650955563411117
CNV/153/020_CNV.tif,CNV-153,test,CNV,cnv,OS,.tif,0.0015617988537997007
CNV/153/021_CNV.tif,CNV-153,test,CNV,cnv,OS,.tif,0.0013581544626504183
CNV/153/022_CNV.tif,CNV-153,test,CNV,cnv,OS,.tif,0.0010594469495117664
CNV/153/023_CNV.tif,CNV-153,test,CNV,cnv,OS,.tif,0.0011402866803109646
CNV/153/024_Drusen.tif,CNV-153,test,CNV,drusen,OS,.tif,0.0009271721355617046
CNV/153/025_Drusen.tif,CNV-153,test,CNV,drusen,OS,.tif,0.0008319353219121695
CNV/153/026_Drusen.tif,CNV-153,test,CNV,drusen,OS,.tif,0.0007973092724569142
CNV/153/027_Drusen.tif,CNV-153,test,CNV,drusen,OS,.tif,0.0007969735306687653
CNV/153/028_Drusen.tif,CNV-153,test,CNV,drusen,OS,.tif,0.0007072933367453516
CNV/153/029_Drusen.tif,CNV-153,test,CNV,drusen,OS,.tif,0.0007442315109074116
CNV/153/030_Drusen.tif,CNV-153,test,CNV,drusen,OS,.tif,0.0007048542611300945
CNV/154/000_Drusen.tif,CNV-154,test,CNV,drusen,OS,.tif,0.0007370812818408012
CNV/154/001_Drusen.tif,CNV-154,test,CNV,drusen,OS,.tif,0.0006255090120248497
CNV/154/002_Drusen.tif,CNV-154,test,CNV,drusen,OS,.tif,0.0007278294651769102
CNV/154/003_Drusen.tif,CNV-154,test,CNV,drusen,OS,.tif,0.000693822163157165
CNV/154/004_Drusen.tif,CNV-154,test,CNV,drusen,OS,.tif,0.0005991044454276562
CNV/154/005_Drusen.tif,CNV-154,test,CNV,drusen,OS,.tif,0.0007554697222076356
CNV/154/006_Drusen.tif,CNV-154,test,CNV,drusen,OS,.tif,0.0008481416734866798
CNV/154/007_Drusen.tif,CNV-154,test,CNV,drusen,OS,.tif,0.000811043893918395
CNV/154/008_Drusen.tif,CNV-154,test,CNV,drusen,OS,.tif,0.0008618512074463069
CNV/154/009_Drusen.tif,CNV-154,test,CNV,drusen,OS,.tif,0.0009018179262056947
CNV/154/010_CNV.tif,CNV-154,test,CNV,cnv,OS,.tif,0.0009248448186554015
CNV/154/011_CNV.tif,CNV-154,test,CNV,cnv,OS,.tif,0.0009880710858851671
CNV/154/012_CNV.tif,CNV-154,test,CNV,cnv,OS,.tif,0.0009246409172192216
CNV/154/013_CNV.tif,CNV-154,test,CNV,cnv,OS,.tif,0.0010854299180209637
CNV/154/014_CNV.tif,CNV-154,test,CNV,cnv,OS,.tif,0.001037417445331812
CNV/154/015_CNV.tif,CNV-154,test,CNV,cnv,OS,.tif,0.0009337652591057122
CNV/154/016_CNV.tif,CNV-154,test,CNV,cnv,OS,.tif,0.001019597053527832
CNV/154/017_CNV.tif,CNV-154,test,CNV,cnv,OS,.tif,0.0008113192743621767
CNV/154/018_CNV.tif,CNV-154,test,CNV,cnv,OS,.tif,0.0010202053235843778
CNV/154/019_Drusen.tif,CNV-154,test,CNV,drusen,OS,.tif,0.000989384949207306
CNV/154/020_Drusen.tif,CNV-154,test,CNV,drusen,OS,.tif,0.0010055978782474995
CNV/154/021_Drusen.tif,CNV-154,test,CNV,drusen,OS,.tif,0.0010616437066346407
CNV/154/022_Drusen.tif,CNV-154,test,CNV,drusen,OS,.tif,0.001092607039026916
CNV/154/023_Drusen.tif,CNV-154,test,CNV,drusen,OS,.tif,0.0010053921723738313
CNV/154/024_Drusen.tif,CNV-154,test,CNV,drusen,OS,.tif,0.000922737643122673
CNV/154/025_Drusen.tif,CNV-154,test,CNV,drusen,OS,.tif,0.0009174997685477138
CNV/154/026_Drusen.tif,CNV-154,test,CNV,drusen,OS,.tif,0.0008599900756962597
CNV/154/027_Drusen.tif,CNV-154,test,CNV,drusen,OS,.tif,0.0008543838048353791
CNV/154/028_Drusen.tif,CNV-154,test,CNV,drusen,OS,.tif,0.0008683896157890558
CNV/154/029_Drusen.tif,CNV-154,test,CNV,drusen,OS,.tif,0.0008491717162542045
CNV/154/030_Drusen.tif,CNV-154,test,CNV,drusen,OS,.tif,0.0006557285669259727
CNV/157/000_Drusen.tif,CNV-157,test,CNV,drusen,OS,.tif,0.0007363201584666967
CNV/157/001_Drusen.tif,CNV-157,test,CNV,drusen,OS,.tif,0.0007712900405749679
CNV/157/002_Drusen.tif,CNV-157,test,CNV,drusen,OS,.tif,0.001009583123959601
CNV/157/003_Drusen.tif,CNV-157,test,CNV,drusen,OS,.tif,0.0010094509925693274
CNV/157/004_Normal.tif,CNV-157,test,CNV,normal,OS,.tif,0.0011203710455447435
CNV/157/005_Drusen.tif,CNV-157,test,CNV,drusen,OS,.tif,0.0009567606612108648
CNV/157/006_CNV.tif,CNV-157,test,CNV,cnv,OS,.tif,0.0010418815072625875
CNV/157/007_CNV.tif,CNV-157,test,CNV,cnv,OS,.tif,0.0011128787882626057
CNV/157/008_CNV.tif,CNV-157,test,CNV,cnv,OS,.tif,0.0012372349156066775
CNV/157/009_CNV.tif,CNV-157,test,CNV,cnv,OS,.tif,0.0012035598047077656
CNV/157/010_CNV.tif,CNV-157,test,CNV,cnv,OS,.tif,0.0011822947999462485
CNV/157/011_CNV.tif,CNV-157,test,CNV,cnv,OS,.tif,0.0013746576150879264
CNV/157/012_CNV.tif,CNV-157,test,CNV,cnv,OS,.tif,0.0013006135122850537
CNV/157/013_CNV.tif,CNV-157,test,CNV,cnv,OS,.tif,0.0011949642794206738
CNV/157/014_CNV.tif,CNV-157,test,CNV,cnv,OS,.tif,0.001235922216437757
CNV/157/015_CNV.tif,CNV-157,test,CNV,cnv,OS,.tif,0.0012097576400265098
CNV/157/016_CNV.tif,CNV-157,test,CNV,cnv,OS,.tif,0.0012765598949044943
CNV/157/017_CNV.tif,CNV-157,test,CNV,cnv,OS,.tif,0.0013337633572518826
CNV/157/018_CNV.tif,CNV-157,test,CNV,cnv,OS,.tif,0.001173275406472385
CNV/157/019_CNV.tif,CNV-157,test,CNV,cnv,OS,.tif,0.0010400896426290274
CNV/157/020_Drusen.tif,CNV-157,test,CNV,drusen,OS,.tif,0.00095714395865798
CNV/157/021_Drusen.tif,CNV-157,test,CNV,drusen,OS,.tif,0.0007771772216074169
CNV/157/022_Drusen.tif,CNV-157,test,CNV,drusen,OS,.tif,0.000846989278215915
CNV/157/023_Drusen.tif,CNV-157,test,CNV,drusen,OS,.tif,0.0007225653389468789
CNV/157/024_Drusen.tif,CNV-157,test,CNV,drusen,OS,.tif,0.0008285334333777428
DRUSEN/1/000_Normal.jpg,DRUSEN-001,test,DRUSEN,normal,OD,.jpg,0.0033450096379965544
DRUSEN/1/001_Normal.jpg,DRUSEN-001,test,DRUSEN,normal,OD,.jpg,0.002890969393774867
DRUSEN/1/002_Normal.jpg,DRUSEN-001,test,DRUSEN,normal,OD,.jpg,0.002865840448066592
DRUSEN/1/003_Normal.jpg,DRUSEN-001,test,DRUSEN,normal,OD,.jpg,0.0032134095672518015
DRUSEN/1/004_Drusen.jpg,DRUSEN-001,test,DRUSEN,drusen,OD,.jpg,0.0031458253506571054
DRUSEN/1/005_Drusen.jpg,DRUSEN-001,test,DRUSEN,drusen,OD,.jpg,0.0030506763141602278
DRUSEN/1/006_Normal.jpg,DRUSEN-001,test,DRUSEN,normal,OD,.jpg,0.0029407311230897903
DRUSEN/1/007_Normal.jpg,DRUSEN-001,test,DRUSEN,normal,OD,.jpg,0.0026557815726846457
DRUSEN/1/008_Normal.jpg,DRUSEN-001,test,DRUSEN,normal,OD,.jpg,0.0022912740241736174
DRUSEN/1/009_Normal.jpg,DRUSEN-001,test,DRUSEN,normal,OD,.jpg,0.002073677722364664
DRUSEN/1/010_Normal.jpg,DRUSEN-001,test,DRUSEN,normal,OD,.jpg,0.0019882097840309143
DRUSEN/1/011_Drusen.jpg,DRUSEN-001,test,DRUSEN,drusen,OD,.jpg,0.0018970301607623696
DRUSEN/1/012_Normal.jpg,DRUSEN-001,test,DRUSEN,normal,OD,.jpg,0.0018607915844768286
DRUSEN/1/013_Normal.jpg,DRUSEN-001,test,DRUSEN,normal,OD,.jpg,0.0017632809467613697
DRUSEN/1/014_Normal.jpg,DRUSEN-001,test,DRUSEN,normal,OD,.jpg,0.0017363352235406637
DRUSEN/1/015_Normal.jpg,DRUSEN-001,test,DRUSEN,normal,OD,.jpg,0.0014815032482147217
DRUSEN/1/016_Normal.jpg,DRUSEN-001,test,DRUSEN,normal,OD,.jpg,0.0014037380460649729
DRUSEN/1/017_Normal.jpg,DRUSEN-001,test,DRUSEN,normal,OD,.jpg,0.0014973467914387584
DRUSEN/1/018_Normal.jpg,DRUSEN-001,test,DRUSEN,normal,OD,.jpg,0.0014019946102052927
DRUSEN/1/019_Normal.jpg,DRUSEN-001,test,DRUSEN,normal,OD,.jpg,0.0014504402643069625
DRUSEN/1/020_Drusen.jpg,DRUSEN-001,test,DRUSEN,drusen,OD,.jpg,0.0012829345650970936
DRUSEN/1/021_Drusen.jpg,DRUSEN-001,test,DRUSEN,drusen,OD,.jpg,0.0013800752349197865
DRUSEN/1/022_Normal.jpg,DRUSEN-001,test,DRUSEN,normal,OD,.jpg,0.001328627928160131
DRUSEN/1/023_Normal.jpg,DRUSEN-001,test,DRUSEN,normal,OD,.jpg,0.0013537205522879958
DRUSEN/1/024_Normal.jpg,DRUSEN-001,test,DRUSEN,normal,OD,.jpg,0.001393735408782959
DRUSEN/2/000_Normal.jpg,DRUSEN-002,test,DRUSEN,normal,OD,.jpg,0.0005566832842305303
DRUSEN/2/001_Normal.jpg,DRUSEN-002,test,DRUSEN,normal,OD,.jpg,0.0007424915675073862
DRUSEN/2/002_Normal.jpg,DRUSEN-002,test,DRUSEN,normal,OD,.jpg,0.0007626108708791435
DRUSEN/2/003_Normal.jpg,DRUSEN-002,test,DRUSEN,normal,OD,.jpg,0.000592895841691643
DRUSEN/2/004_Normal.jpg,DRUSEN-002,test,DRUSEN,normal,OD,.jpg,0.0006221799412742257
DRUSEN/2/005_Normal.jpg,DRUSEN-002,test,DRUSEN,normal,OD,.jpg,0.0007260116399265826
DRUSEN/2/006_Normal.jpg,DRUSEN-002,test,DRUSEN,normal,OD,.jpg,0.000738102535251528
DRUSEN/2/007_Drusen.jpg,DRUSEN-002,test,DRUSEN,drusen,OD,.jpg,0.0006475675036199391
DRUSEN/2/008_Drusen.jpg,DRUSEN-002,test,DRUSEN,drusen,OD,.jpg,0.0005771654541604221
DRUSEN/2/009_Drusen.jpg,DRUSEN-002,test,DRUSEN,drusen,OD,.jpg,0.0006643417873419821
DRUSEN/2/010_Normal.jpg,DRUSEN-002,test,DRUSEN,normal,OD,.jpg,0.000654766452498734
DRUSEN/2/011_Drusen.jpg,DRUSEN-002,test,DRUSEN,drusen,OD,.jpg,0.000567892799153924
DRUSEN/2/012_Drusen.jpg,DRUSEN-002,test,DRUSEN,drusen,OD,.jpg,0.00080893310951069
DRUSEN/2/013_Drusen.jpg,DRUSEN-002,test,DRUSEN,drusen,OD,.jpg,0.0007314769900403917
DRUSEN/2/014_Drusen.jpg,DRUSEN-002,test,DRUSEN,drusen,OD,.jpg,0.0008045887807384133
DRUSEN/2/015_Drusen.jpg,DRUSEN-002,test,DRUSEN,drusen,OD,.jpg,0.0007801072206348181
DRUSEN/2/016_Drusen.jpg,DRUSEN-002,test,DRUSEN,drusen,OD,.jpg,0.0006854975945316255
DRUSEN/2/017_Drusen.jpg,DRUSEN-002,test,DRUSEN,drusen,OD,.jpg,0.0007965617696754634
DRUSEN/2/018_Drusen.jpg,DRUSEN-002,test,DRUSEN,drusen,OD,.jpg,0.0008116528042592108
DRUSEN/2/019_Drusen.jpg,DRUSEN-002,test,DRUSEN,drusen,OD,.jpg,0.0005577091942541301
DRUSEN/2/020_Drusen.jpg,DRUSEN-002,test,DRUSEN,drusen,OD,.jpg,0.0005808696732856333
DRUSEN/2/021_Normal.jpg,DRUSEN-002,test,DRUSEN,normal,OD,.jpg,0.0005025004502385855
DRUSEN/2/022_Drusen.jpg,DRUSEN-002,test,DRUSEN,drusen,OD,.jpg,0.0005471696495078504
DRUSEN/2/023_Normal.jpg,DRUSEN-002,test,DRUSEN,normal,OD,.jpg,0.0005687604425475001
DRUSEN/2/024_Normal.jpg,DRUSEN-002,test,DRUSEN,normal,OD,.jpg,0.0005566942854784429
DRUSEN/2/025_Normal.jpg,DRUSEN-002,test,DRUSEN,normal,OD,.jpg,0.0004577235085889697
DRUSEN/2/026_Normal.jpg,DRUSEN-002,test,DRUSEN,normal,OD,.jpg,0.0005811412120237947
DRUSEN/2/027_Normal.jpg,DRUSEN-002,test,DRUSEN,normal,OD,.jpg,0.0004694022936746478
DRUSEN/2/028_Normal.jpg,DRUSEN-002,test,DRUSEN,normal,OD,.jpg,0.0004478998598642647
DRUSEN/2/029_Normal.jpg,DRUSEN-002,test,DRUSEN,normal,OD,.jpg,0.0004788307996932417
DRUSEN/2/030_Normal.jpg,DRUSEN-002,test,DRUSEN,normal,OD,.jpg,0.00039820425445213914
DRUSEN/6/OD/000_Normal.jpg,DRUSEN-006,test,DRUSEN,normal,OD,.jpg,0.0009074347908608615
DRUSEN/6/OD/001_Drusen.jpg,DRUSEN-006,test,DRUSEN,drusen,OD,.jpg,0.0008926061564125121
DRUSEN/6/OD/002_Drusen.jpg,DRUSEN-006,test,DRUSEN,drusen,OD,.jpg,0.0008069451432675123
DRUSEN/6/OD/003_Normal.jpg,DRUSEN-006,test,DRUSEN,normal,OD,.jpg,0.0008215316338464618
DRUSEN/6/OD/004_Normal.jpg,DRUSEN-006,test,DRUSEN,normal,OD,.jpg,0.0009651568834669888
DRUSEN/6/OD/005_Drusen.jpg,DRUSEN-006,test,DRUSEN,drusen,OD,.jpg,0.0009780081454664469
DRUSEN/6/OD/006_Drusen.jpg,DRUSEN-006,test,DRUSEN,drusen,OD,.jpg,0.0011760343331843615
DRUSEN/6/OD/007_Drusen.jpg,DRUSEN-006,test,DRUSEN,drusen,OD,.jpg,0.0009623139048926532
DRUSEN/6/OD/008_Drusen.jpg,DRUSEN-006,test,DRUSEN,drusen,OD,.jpg,0.001076850458048284
DRUSEN/6/OD/009_Normal.jpg,DRUSEN-006,test,DRUSEN,normal,OD,.jpg,0.0010565357515588403
DRUSEN/6/OD/010_Drusen.jpg,DRUSEN-006,test,DRUSEN,drusen,OD,.jpg,0.0011629218934103847
DRUSEN/6/OD/011_Normal.jpg,DRUSEN-006,test,DRUSEN,normal,OD,.jpg,0.0010707674082368612
DRUSEN/6/OD/012_Normal.jpg,DRUSEN-006,test,DRUSEN,normal,OD,.jpg,0.0011791710276156664
DRUSEN/6/OD/013_Normal.jpg,DRUSEN-006,test,DRUSEN,normal,OD,.jpg,0.0010366300120949745
DRUSEN/6/OD/014_Normal.jpg,DRUSEN-006,test,DRUSEN,normal,OD,.jpg,0.001016143593005836
DRUSEN/6/OD/015_Normal.jpg,DRUSEN-006,test,DRUSEN,normal,OD,.jpg,0.0009884284809231758
DRUSEN/6/OD/016_Drusen.jpg,DRUSEN-006,test,DRUSEN,drusen,OD,.jpg,0.00109697668813169
DRUSEN/6/OD/017_Normal.jpg,DRUSEN-006,test,DRUSEN,normal,OD,.jpg,0.0009812964126467705
DRUSEN/6/OD/018_Normal.jpg,DRUSEN-006,test,DRUSEN,normal,OD,.jpg,0.0009767910232767463
DRUSEN/6/OD/019_Normal.jpg,DRUSEN-006,test,DRUSEN,normal,OD,.jpg,0.0011464194394648075
DRUSEN/6/OD/020_Normal.jpg,DRUSEN-006,test,DRUSEN,normal,OD,.jpg,0.0009951051324605942
DRUSEN/6/OD/021_Normal.jpg,DRUSEN-006,test,DRUSEN,normal,OD,.jpg,0.001002871198579669
DRUSEN/6/OD/022_Normal.jpg,DRUSEN-006,test,DRUSEN,normal,OD,.jpg,0.0011749154655262828
DRUSEN/6/OD/023_Normal.jpg,DRUSEN-006,test,DRUSEN,normal,OD,.jpg,0.0010962949600070715
DRUSEN/6/OD/024_Drusen.jpg,DRUSEN-006,test,DRUSEN,drusen,OD,.jpg,0.001100886263884604
DRUSEN/6/OD/025_Drusen.jpg,DRUSEN-006,test,DRUSEN,drusen,OD,.jpg,0.0011675604619085789
DRUSEN/6/OD/026_Drusen.jpg,DRUSEN-006,test,DRUSEN,drusen,OD,.jpg,0.0010444342624396086
DRUSEN/6/OD/027_Drusen.jpg,DRUSEN-006,test,DRUSEN,drusen,OD,.jpg,0.0011301988270133734
DRUSEN/6/OD/028_Drusen.jpg,DRUSEN-006,test,DRUSEN,drusen,OD,.jpg,0.001268961583264172
DRUSEN/6/OD/029_Drusen.jpg,DRUSEN-006,test,DRUSEN,drusen,OD,.jpg,0.0013400610769167542
DRUSEN/6/OD/030_Drusen.jpg,DRUSEN-006,test,DRUSEN,drusen,OD,.jpg,0.0013369746739044785
DRUSEN/6/OS/000_Drusen.jpg,DRUSEN-006,test,DRUSEN,drusen,OS,.jpg,0.0008741519995965064
DRUSEN/6/OS/001_Drusen.jpg,DRUSEN-006,test,DRUSEN,drusen,OS,.jpg,0.0007757405983284116
DRUSEN/6/OS/002_Drusen.jpg,DRUSEN-006,test,DRUSEN,drusen,OS,.jpg,0.0009031902300193906
DRUSEN/6/OS/003_Drusen.jpg,DRUSEN-006,test,DRUSEN,drusen,OS,.jpg,0.0008924110443331301
DRUSEN/6/OS/004_Drusen.jpg,DRUSEN-006,test,DRUSEN,drusen,OS,.jpg,0.0008495511137880385
DRUSEN/6/OS/005_Normal.jpg,DRUSEN-006,test,DRUSEN,normal,OS,.jpg,0.0008927194285206497
DRUSEN/6/OS/006_Normal.jpg,DRUSEN-006,test,DRUSEN,normal,OS,.jpg,0.0008200283627957106
DRUSEN/6/OS/007_Normal.jpg,DRUSEN-006,test,DRUSEN,normal,OS,.jpg,0.0009753016056492925
DRUSEN/6/OS/008_Normal.jpg,DRUSEN-006,test,DRUSEN,normal,OS,.jpg,0.0008536471868865192
DRUSEN/6/OS/009_Normal.jpg,DRUSEN-006,test,DRUSEN,normal,OS,.jpg,0.0007909440319053829
DRUSEN/6/OS/010_Normal.jpg,DRUSEN-006,test,DRUSEN,normal,OS,.jpg,0.0007565959240309894
DRUSEN/6/OS/011_Normal.jpg,DRUSEN-006,test,DRUSEN,normal,OS,.jpg,0.0007588582811877131
DRUSEN/6/OS/012_Normal.jpg,DRUSEN-006,test,DRUSEN,normal,OS,.jpg,0.0007785673369653523
DRUSEN/6/OS/013_Normal.jpg,DRUSEN-006,test,DRUSEN,normal,OS,.jpg,0.0008756302413530648
DRUSEN/6/OS/014_Normal.jpg,DRUSEN-006,test,DRUSEN,normal,OS,.jpg,0.0008117356337606907
DRUSEN/6/OS/015_Normal.jpg,DRUSEN-006,test,DRUSEN,normal,OS,.jpg,0.000666724459733814
DRUSEN/6/OS/016_Normal.jpg,DRUSEN-006,test,DRUSEN,normal,OS,.jpg,0.0005952598876319826
DRUSEN/6/OS/017_Normal.jpg,DRUSEN-006,test,DRUSEN,normal,OS,.jpg,0.0007052834262140095
DRUSEN/6/OS/018_Normal.jpg,DRUSEN-006,test,DRUSEN,normal,OS,.jpg,0.0007424235809594393
DRUSEN/6/OS/019_Normal.jpg,DRUSEN-006,test,DRUSEN,normal,OS,.jpg,0.0010012708371505141
DRUSEN/6/OS/020_Normal.jpg,DRUSEN-006,test,DRUSEN,normal,OS,.jpg,0.0010441875783726573
DRUSEN/6/OS/021_Normal.jpg,DRUSEN-006,test,DRUSEN,normal,OS,.jpg,0.0010369312949478626
DRUSEN/6/OS/022_Drusen.jpg,DRUSEN-006,test,DRUSEN,drusen,OS,.jpg,0.0009458534768782556
DRUSEN/6/OS/023_Drusen.jpg,DRUSEN-006,test,DRUSEN,drusen,OS,.jpg,0.0009452296071685851
DRUSEN/6/OS/024_Normal.jpg,DRUSEN-006,test,DRUSEN,normal,OS,.jpg,0.0010652041528373957
DRUSEN/6/OS/025_Drusen.jpg,DRUSEN-006,test,DRUSEN,drusen,OS,.jpg,0.0009496377315372229
DRUSEN/6/OS/026_Drusen.jpg,DRUSEN-006,test,DRUSEN,drusen,OS,.jpg,0.0010569230653345585
DRUSEN/6/OS/027_Normal.jpg,DRUSEN-006,test,DRUSEN,normal,OS,.jpg,0.0010838753078132868
DRUSEN/6/OS/028_Drusen.jpg,DRUSEN-006,test,DRUSEN,drusen,OS,.jpg,0.001078517991118133
DRUSEN/6/OS/029_Drusen.jpg,DRUSEN-006,test,DRUSEN,drusen,OS,.jpg,0.0011277284938842058
DRUSEN/6/OS/030_Drusen.jpg,DRUSEN-006,test,DRUSEN,drusen,OS,.jpg,0.0012064774055033922
DRUSEN/10/000_Normal.jpg,DRUSEN-010,test,DRUSEN,normal,OS,.jpg,0.0008138736011460423
DRUSEN/10/001_Normal.jpg,DRUSEN-010,test,DRUSEN,normal,OS,.jpg,0.0009785646107047796
DRUSEN/10/002_Normal.jpg,DRUSEN-010,test,DRUSEN,normal,OS,.jpg,0.0008641245658509433
DRUSEN/10/003_Normal.jpg,DRUSEN-010,test,DRUSEN,normal,OS,.jpg,0.0008557052351534367
DRUSEN/10/004_Normal.jpg,DRUSEN-010,test,DRUSEN,normal,OS,.jpg,0.0010643129935488105
DRUSEN/10/005_Normal.jpg,DRUSEN-010,test,DRUSEN,normal,OS,.jpg,0.0010230778716504574
DRUSEN/10/006_Normal.jpg,DRUSEN-010,test,DRUSEN,normal,OS,.jpg,0.0007918871706351638
DRUSEN/10/007_Normal.jpg,DRUSEN-010,test,DRUSEN,normal,OS,.jpg,0.0009183497168123722
DRUSEN/10/008_Normal.jpg,DRUSEN-010,test,DRUSEN,normal,OS,.jpg,0.0009055783157236874
DRUSEN/10/009_Normal.jpg,DRUSEN-010,test,DRUSEN,normal,OS,.jpg,0.000766677490901202
DRUSEN/10/010_Normal.jpg,DRUSEN-010,test,DRUSEN,normal,OS,.jpg,0.0007857725722715259
DRUSEN/10/011_Normal.jpg,DRUSEN-010,test,DRUSEN,normal,OS,.jpg,0.0007454445585608482
DRUSEN/10/012_Drusen.jpg,DRUSEN-010,test,DRUSEN,drusen,OS,.jpg,0.0006944436463527381
DRUSEN/10/013_Drusen.jpg,DRUSEN-010,test,DRUSEN,drusen,OS,.jpg,0.0006780080148018897
DRUSEN/10/014_Drusen.jpg,DRUSEN-010,test,DRUSEN,drusen,OS,.jpg,0.0006814199732616544
DRUSEN/10/015_Drusen.jpg,DRUSEN-010,test,DRUSEN,drusen,OS,.jpg,0.0005340314819477499
DRUSEN/10/016_Drusen.jpg,DRUSEN-010,test,DRUSEN,drusen,OS,.jpg,0.0005370117723941803
DRUSEN/10/017_Drusen.jpg,DRUSEN-010,test,DRUSEN,drusen,OS,.jpg,0.00048526376485824585
DRUSEN/10/018_Drusen.jpg,DRUSEN-010,test,DRUSEN,drusen,OS,.jpg,0.0005376700428314507
DRUSEN/10/019_Drusen.jpg,DRUSEN-010,test,DRUSEN,drusen,OS,.jpg,0.0005521330167539418
DRUSEN/10/020_Normal.jpg,DRUSEN-010,test,DRUSEN,normal,OS,.jpg,0.0005991282523609698
DRUSEN/10/021_Drusen.jpg,DRUSEN-010,test,DRUSEN,drusen,OS,.jpg,0.0006745157879777253
DRUSEN/10/022_Drusen.jpg,DRUSEN-010,test,DRUSEN,drusen,OS,.jpg,0.0006967997178435326
DRUSEN/10/023_Drusen.jpg,DRUSEN-010,test,DRUSEN,drusen,OS,.jpg,0.0006341721746139228
DRUSEN/10/024_Drusen.jpg,DRUSEN-010,test,DRUSEN,drusen,OS,.jpg,0.0005949585465714335
DRUSEN/10/025_Drusen.jpg,DRUSEN-010,test,DRUSEN,drusen,OS,.jpg,0.0005762029904872179
DRUSEN/10/026_Drusen.jpg,DRUSEN-010,test,DRUSEN,drusen,OS,.jpg,0.0005848387372680008
DRUSEN/10/027_Drusen.jpg,DRUSEN-010,test,DRUSEN,drusen,OS,.jpg,0.000597845995798707
DRUSEN/10/028_Drusen.jpg,DRUSEN-010,test,DRUSEN,drusen,OS,.jpg,0.0005685140495188534
DRUSEN/10/029_Normal.jpg,DRUSEN-010,test,DRUSEN,normal,OS,.jpg,0.0005659285234287381
DRUSEN/10/030_Normal.jpg,DRUSEN-010,test,DRUSEN,normal,OS,.jpg,0.0005839542136527598
DRUSEN/11/000_Normal.jpg,DRUSEN-011,test,DRUSEN,normal,OS,.jpg,0.001628392725251615
DRUSEN/11/001_Normal.jpg,DRUSEN-011,test,DRUSEN,normal,OS,.jpg,0.0012011423241347075
DRUSEN/11/002_Normal.jpg,DRUSEN-011,test,DRUSEN,normal,OS,.jpg,0.0012485861079767346
DRUSEN/11/003_Normal.jpg,DRUSEN-011,test,DRUSEN,normal,OS,.jpg,0.0011970991035923362
DRUSEN/11/004_Normal.jpg,DRUSEN-011,test,DRUSEN,normal,OS,.jpg,0.0011947457678616047
DRUSEN/11/005_Normal.jpg,DRUSEN-011,test,DRUSEN,normal,OS,.jpg,0.001045146258547902
DRUSEN/11/006_Normal.jpg,DRUSEN-011,test,DRUSEN,normal,OS,.jpg,0.0009809426264837384
DRUSEN/11/007_Normal.jpg,DRUSEN-011,test,DRUSEN,normal,OS,.jpg,0.0010143653489649296
DRUSEN/11/008_Normal.jpg,DRUSEN-011,test,DRUSEN,normal,OS,.jpg,0.0010062999790534377
DRUSEN/11/009_Normal.jpg,DRUSEN-011,test,DRUSEN,normal,OS,.jpg,0.000931957911234349
DRUSEN/11/010_Normal.jpg,DRUSEN-011,test,DRUSEN,normal,OS,.jpg,0.000985083170235157
DRUSEN/11/011_Drusen.jpg,DRUSEN-011,test,DRUSEN,drusen,OS,.jpg,0.0008794892346486449
DRUSEN/11/012_Drusen.jpg,DRUSEN-011,test,DRUSEN,drusen,OS,.jpg,0.0009657769114710391
DRUSEN/11/013_Normal.jpg,DRUSEN-011,test,DRUSEN,normal,OS,.jpg,0.0009881104342639446
DRUSEN/11/014_Normal.jpg,DRUSEN-011,test,DRUSEN,normal,OS,.jpg,0.0009702433017082512
DRUSEN/11/015_Normal.jpg,DRUSEN-011,test,DRUSEN,normal,OS,.jpg,0.0010311455698683858
DRUSEN/11/016_Normal.jpg,DRUSEN-011,test,DRUSEN,normal,OS,.jpg,0.0007944788667373359
DRUSEN/11/017_Normal.jpg,DRUSEN-011,test,DRUSEN,normal,OS,.jpg,0.0010105512337759137
DRUSEN/11/018_Normal.jpg,DRUSEN-011,test,DRUSEN,normal,OS,.jpg,0.0010506233666092157
DRUSEN/11/019_Normal.jpg,DRUSEN-011,test,DRUSEN,normal,OS,.jpg,0.0009254464530386031
DRUSEN/11/020_Normal.jpg,DRUSEN-011,test,DRUSEN,normal,OS,.jpg,0.0008856431813910604
DRUSEN/11/021_Normal.jpg,DRUSEN-011,test,DRUSEN,normal,OS,.jpg,0.0010921871289610863
DRUSEN/11/022_Normal.jpg,DRUSEN-011,test,DRUSEN,normal,OS,.jpg,0.0011344410013407469
DRUSEN/11/023_Normal.jpg,DRUSEN-011,test,DRUSEN,normal,OS,.jpg,0.001062353840097785
DRUSEN/11/024_Normal.jpg,DRUSEN-011,test,DRUSEN,normal,OS,.jpg,0.00115314987488091
DRUSEN/11/025_Normal.jpg,DRUSEN-011,test,DRUSEN,normal,OS,.jpg,0.001024621189571917
DRUSEN/11/026_Normal.jpg,DRUSEN-011,test,DRUSEN,normal,OS,.jpg,0.0010317915584892035
DRUSEN/11/027_Normal.jpg,DRUSEN-011,test,DRUSEN,normal,OS,.jpg,0.0008942092536017299
DRUSEN/11/028_Normal.jpg,DRUSEN-011,test,DRUSEN,normal,OS,.jpg,0.0010135759366676211
DRUSEN/11/029_Normal.jpg,DRUSEN-011,test,DRUSEN,normal,OS,.jpg,0.0011014307383447886
DRUSEN/11/030_Normal.jpg,DRUSEN-011,test,DRUSEN,normal,OS,.jpg,0.0009933410910889506
DRUSEN/12/000_Normal.jpg,DRUSEN-012,test,DRUSEN,normal,OD,.jpg,0.0009461964364163578
DRUSEN/12/001_Normal.jpg,DRUSEN-012,test,DRUSEN,normal,OD,.jpg,0.0008982264553196728
DRUSEN/12/002_Normal.jpg,DRUSEN-012,test,DRUSEN,normal,OD,.jpg,0.0008598161512054503
DRUSEN/12/003_Normal.jpg,DRUSEN-012,test,DRUSEN,normal,OD,.jpg,0.0008451382163912058
DRUSEN/12/004_Normal.jpg,DRUSEN-012,test,DRUSEN,normal,OD,.jpg,0.0009178934269584715
DRUSEN/12/005_Normal.jpg,DRUSEN-012,test,DRUSEN,normal,OD,.jpg,0.000862587068695575
DRUSEN/12/006_Normal.jpg,DRUSEN-012,test,DRUSEN,normal,OD,.jpg,0.0009688399732112885
DRUSEN/12/007_Normal.jpg,DRUSEN-012,test,DRUSEN,normal,OD,.jpg,0.0008048609597608447
DRUSEN/12/008_Normal.jpg,DRUSEN-012,test,DRUSEN,normal,OD,.jpg,0.0008979442645795643
DRUSEN/12/009_Drusen.jpg,DRUSEN-012,test,DRUSEN,drusen,OD,.jpg,0.000831492361612618
DRUSEN/12/010_Normal.jpg,DRUSEN-012,test,DRUSEN,normal,OD,.jpg,0.0006939531303942204
DRUSEN/12/011_Normal.jpg,DRUSEN-012,test,DRUSEN,normal,OD,.jpg,0.0007490859134122729
DRUSEN/12/012_Normal.jpg,DRUSEN-012,test,DRUSEN,normal,OD,.jpg,0.0007385153439827263
DRUSEN/12/013_Normal.jpg,DRUSEN-012,test,DRUSEN,normal,OD,.jpg,0.0006730110617354512
DRUSEN/12/014_Drusen.jpg,DRUSEN-012,test,DRUSEN,drusen,OD,.jpg,0.0006791912601329386
DRUSEN/12/015_Drusen.jpg,DRUSEN-012,test,DRUSEN,drusen,OD,.jpg,0.0008079289109446108
DRUSEN/12/016_Normal.jpg,DRUSEN-012,test,DRUSEN,normal,OD,.jpg,0.0007723995367996395
DRUSEN/12/017_Normal.jpg,DRUSEN-012,test,DRUSEN,normal,OD,.jpg,0.000730512838345021
DRUSEN/12/018_Normal.jpg,DRUSEN-012,test,DRUSEN,normal,OD,.jpg,0.0007944487151689827
DRUSEN/12/019_Normal.jpg,DRUSEN-012,test,DRUSEN,normal,OD,.jpg,0.0007294361712411046
DRUSEN/12/020_Normal.jpg,DRUSEN-012,test,DRUSEN,normal,OD,.jpg,0.0007722091977484524
DRUSEN/12/021_Normal.jpg,DRUSEN-012,test,DRUSEN,normal,OD,.jpg,0.0007556427153758705
DRUSEN/12/022_Drusen.jpg,DRUSEN-012,test,DRUSEN,drusen,OD,.jpg,0.000754987820982933
DRUSEN/12/023_Drusen.jpg,DRUSEN-012,test,DRUSEN,drusen,OD,.jpg,0.0008271640981547534
DRUSEN/12/024_Drusen.jpg,DRUSEN-012,test,DRUSEN,drusen,OD,.jpg,0.00091407704167068
DRUSEN/12/025_Drusen.jpg,DRUSEN-012,test,DRUSEN,drusen,OD,.jpg,0.0009020061697810888
DRUSEN/12/026_Normal.jpg,DRUSEN-012,test,DRUSEN,normal,OD,.jpg,0.0009227940463460982
DRUSEN/12/027_Normal.jpg,DRUSEN-012,test,DRUSEN,normal,OD,.jpg,0.0009193762089125812
DRUSEN/12/028_Normal.jpg,DRUSEN-012,test,DRUSEN,normal,OD,.jpg,0.0008783647208474576
DRUSEN/12/029_Normal.jpg,DRUSEN-012,test,DRUSEN,normal,OD,.jpg,0.0010000293841585517
DRUSEN/12/030_Normal.jpg,DRUSEN-012,test,DRUSEN,normal,OD,.jpg,0.000803135335445404
DRUSEN/14/OD/000_Normal.jpg,DRUSEN-014,test,DRUSEN,normal,OD,.jpg,0.0010243988363072276
DRUSEN/14/OD/001_Drusen.jpg,DRUSEN-014,test,DRUSEN,drusen,OD,.jpg,0.00103453965857625
DRUSEN/14/OD/002_Normal.jpg,DRUSEN-014,test,DRUSEN,normal,OD,.jpg,0.001175140030682087
DRUSEN/14/OD/003_Normal.jpg,DRUSEN-014,test,DRUSEN,normal,OD,.jpg,0.001182520529255271
DRUSEN/14/OD/004_Normal.jpg,DRUSEN-014,test,DRUSEN,normal,OD,.jpg,0.0012002649018540978
DRUSEN/14/OD/005_Normal.jpg,DRUSEN-014,test,DRUSEN,normal,OD,.jpg,0.001194954151287675
DRUSEN/14/OD/006_Drusen.jpg,DRUSEN-014,test,DRUSEN,drusen,OD,.jpg,0.0013692529173567891
DRUSEN/14/OD/007_Drusen.jpg,DRUSEN-014,test,DRUSEN,drusen,OD,.jpg,0.0014491647016257048
DRUSEN/14/OD/008_Drusen.jpg,DRUSEN-014,test,DRUSEN,drusen,OD,.jpg,0.0014733870048075914
DRUSEN/14/OD/009_Drusen.jpg,DRUSEN-014,test,DRUSEN,drusen,OD,.jpg,0.0013832655968144536
DRUSEN/14/OD/010_Drusen.jpg,DRUSEN-014,test,DRUSEN,drusen,OD,.jpg,0.0014386277180165052
DRUSEN/14/OD/011_Drusen.jpg,DRUSEN-014,test,DRUSEN,drusen,OD,.jpg,0.0013441770570352674
DRUSEN/14/OD/012_Drusen.jpg,DRUSEN-014,test,DRUSEN,drusen,OD,.jpg,0.0012705508852377534
DRUSEN/14/OD/013_Drusen.jpg,DRUSEN-014,test,DRUSEN,drusen,OD,.jpg,0.0012518984731286764
DRUSEN/14/OD/014_Drusen.jpg,DRUSEN-014,test,DRUSEN,drusen,OD,.jpg,0.0012251288862898946
DRUSEN/14/OD/015_Drusen.jpg,DRUSEN-014,test,DRUSEN,drusen,OD,.jpg,0.0014315396547317505
DRUSEN/14/OD/016_Drusen.jpg,DRUSEN-014,test,DRUSEN,drusen,OD,.jpg,0.0014989610062912107
DRUSEN/14/OD/017_Drusen.jpg,DRUSEN-014,test,DRUSEN,drusen,OD,.jpg,0.0015054814284667373
DRUSEN/14/OD/018_Drusen.jpg,DRUSEN-014,test,DRUSEN,drusen,OD,.jpg,0.001371603226289153
DRUSEN/14/OD/019_Drusen.jpg,DRUSEN-014,test,DRUSEN,drusen,OD,.jpg,0.0011616976698860526
DRUSEN/14/OD/020_Drusen.jpg,DRUSEN-014,test,DRUSEN,drusen,OD,.jpg,0.0011782983783632517
DRUSEN/14/OD/021_Drusen.jpg,DRUSEN-014,test,DRUSEN,drusen,OD,.jpg,0.0015649175038561225
DRUSEN/14/OD/022_Drusen.jpg,DRUSEN-014,test,DRUSEN,drusen,OD,.jpg,0.0011121324496343732
DRUSEN/14/OD/023_Drusen.jpg,DRUSEN-014,test,DRUSEN,drusen,OD,.jpg,0.0012811567867174745
DRUSEN/14/OD/024_Drusen.jpg,DRUSEN-014,test,DRUSEN,drusen,OD,.jpg,0.0012392103672027588
DRUSEN/14/OD/025_Drusen.jpg,DRUSEN-014,test,DRUSEN,drusen,OD,.jpg,0.0014516102382913232
DRUSEN/14/OD/026_Drusen.jpg,DRUSEN-014,test,DRUSEN,drusen,OD,.jpg,0.0010016796877607703
DRUSEN/14/OD/027_Drusen.jpg,DRUSEN-014,test,DRUSEN,drusen,OD,.jpg,0.0009837569668889046
DRUSEN/14/OD/028_Drusen.jpg,DRUSEN-014,test,DRUSEN,drusen,OD,.jpg,0.0009671434527263045
DRUSEN/14/OD/029_Drusen.jpg,DRUSEN-014,test,DRUSEN,drusen,OD,.jpg,0.0010411874391138554
DRUSEN/14/OD/030_Drusen.jpg,DRUSEN-014,test,DRUSEN,drusen,OD,.jpg,0.0010988990543410182
DRUSEN/14/OS/000_Normal.jpg,DRUSEN-014,test,DRUSEN,normal,OS,.jpg,0.0008584351744502783
DRUSEN/14/OS/001_Drusen.jpg,DRUSEN-014,test,DRUSEN,drusen,OS,.jpg,0.0008672406547702849
DRUSEN/14/OS/002_Normal.jpg,DRUSEN-014,test,DRUSEN,normal,OS,.jpg,0.000763134506996721
DRUSEN/14/OS/003_Normal.jpg,DRUSEN-014,test,DRUSEN,normal,OS,.jpg,0.0007673565414734185
DRUSEN/14/OS/004_Normal.jpg,DRUSEN-014,test,DRUSEN,normal,OS,.jpg,0.0008028906886465847
DRUSEN/14/OS/005_Drusen.jpg,DRUSEN-014,test,DRUSEN,drusen,OS,.jpg,0.0007861137855798006
DRUSEN/14/OS/006_Drusen.jpg,DRUSEN-014,test,DRUSEN,drusen,OS,.jpg,0.0008438151562586427
DRUSEN/14/OS/007_Drusen.jpg,DRUSEN-014,test,DRUSEN,drusen,OS,.jpg,0.0008949237526394427
DRUSEN/14/OS/008_Drusen.jpg,DRUSEN-014,test,DRUSEN,drusen,OS,.jpg,0.0008875873172655702
DRUSEN/14/OS/009_Drusen.jpg,DRUSEN-014,test,DRUSEN,drusen,OS,.jpg,0.0008834059117361903
DRUSEN/14/OS/010_Drusen.jpg,DRUSEN-014,test,DRUSEN,drusen,OS,.jpg,0.0010284973541274667
DRUSEN/14/OS/011_Drusen.jpg,DRUSEN-014,test,DRUSEN,drusen,OS,.jpg,0.001114238053560257
DRUSEN/14/OS/012_Drusen.jpg,DRUSEN-014,test,DRUSEN,drusen,OS,.jpg,0.0010463312501087785
DRUSEN/14/OS/013_Drusen.jpg,DRUSEN-014,test,DRUSEN,drusen,OS,.jpg,0.0008952671196311712
DRUSEN/14/OS/014_Drusen.jpg,DRUSEN-014,test,DRUSEN,drusen,OS,.jpg,0.0009418652625754476
DRUSEN/14/OS/015_Drusen.jpg,DRUSEN-014,test,DRUSEN,drusen,OS,.jpg,0.0011452038306742907
DRUSEN/14/OS/016_Drusen.jpg,DRUSEN-014,test,DRUSEN,drusen,OS,.jpg,0.0011796418111771345
DRUSEN/14/OS/017_Drusen.jpg,DRUSEN-014,test,DRUSEN,drusen,OS,.jpg,0.001327616162598133
DRUSEN/14/OS/018_Drusen.jpg,DRUSEN-014,test,DRUSEN,drusen,OS,.jpg,0.0013472218997776508
DRUSEN/14/OS/019_Drusen.jpg,DRUSEN-014,test,DRUSEN,drusen,OS,.jpg,0.001395423780195415
DRUSEN/14/OS/020_Drusen.jpg,DRUSEN-014,test,DRUSEN,drusen,OS,.jpg,0.0014541764976456761
DRUSEN/14/OS/021_Drusen.jpg,DRUSEN-014,test,DRUSEN,drusen,OS,.jpg,0.0014297484885901213
DRUSEN/14/OS/022_Drusen.jpg,DRUSEN-014,test,DRUSEN,drusen,OS,.jpg,0.0015878604026511312
DRUSEN/14/OS/023_Drusen.jpg,DRUSEN-014,test,DRUSEN,drusen,OS,.jpg,0.001510627567768097
DRUSEN/14/OS/024_Drusen.jpg,DRUSEN-014,test,DRUSEN,drusen,OS,.jpg,0.001386189367622137
DRUSEN/14/OS/025_Drusen.jpg,DRUSEN-014,test,DRUSEN,drusen,OS,.jpg,0.0015038297278806567
DRUSEN/14/OS/026_Drusen.jpg,DRUSEN-014,test,DRUSEN,drusen,OS,.jpg,0.0015303201507776976
DRUSEN/14/OS/027_Drusen.jpg,DRUSEN-014,test,DRUSEN,drusen,OS,.jpg,0.0013929693959653378
DRUSEN/14/OS/028_Drusen.jpg,DRUSEN-014,test,DRUSEN,drusen,OS,.jpg,0.001274534617550671
DRUSEN/14/OS/029_Normal.jpg,DRUSEN-014,test,DRUSEN,normal,OS,.jpg,0.0010870055994018912
DRUSEN/14/OS/030_Normal.jpg,DRUSEN-014,test,DRUSEN,normal,OS,.jpg,0.0011044669663533568
DRUSEN/18/OD/000_Normal.tif,DRUSEN-018,test,DRUSEN,normal,OD,.tif,0.0007023844518698752
DRUSEN/18/OD/001_Normal.tif,DRUSEN-018,test,DRUSEN,normal,OD,.tif,0.0006162321660667658
DRUSEN/18/OD/002_Normal.tif,DRUSEN-018,test,DRUSEN,normal,OD,.tif,0.0005727731622755527
DRUSEN/18/OD/003_Normal.tif,DRUSEN-018,test,DRUSEN,normal,OD,.tif,0.0006518595619127154
DRUSEN/18/OD/004_Normal.tif,DRUSEN-018,test,DRUSEN,normal,OD,.tif,0.0006600288907065988
DRUSEN/18/OD/005_Normal.tif,DRUSEN-018,test,DRUSEN,normal,OD,.tif,0.0006349520990625024
DRUSEN/18/OD/006_Normal.tif,DRUSEN-018,test,DRUSEN,normal,OD,.tif,0.0006341195548884571
DRUSEN/18/OD/007_Normal.tif,DRUSEN-018,test,DRUSEN,normal,OD,.tif,0.0006132434937171638
DRUSEN/18/OD/008_Normal.tif,DRUSEN-018,test,DRUSEN,normal,OD,.tif,0.0006085652275942266
DRUSEN/18/OD/009_Normal.tif,DRUSEN-018,test,DRUSEN,normal,OD,.tif,0.0006881714216433465
DRUSEN/18/OD/010_Normal.tif,DRUSEN-018,test,DRUSEN,normal,OD,.tif,0.0006920036976225674
DRUSEN/18/OD/011_Normal.tif,DRUSEN-018,test,DRUSEN,normal,OD,.tif,0.0006142763304524124
DRUSEN/18/OD/012_Normal.tif,DRUSEN-018,test,DRUSEN,normal,OD,.tif,0.000662946724332869
DRUSEN/18/OD/013_Normal.tif,DRUSEN-018,test,DRUSEN,normal,OD,.tif,0.000609922397416085
DRUSEN/18/OD/014_Drusen.tif,DRUSEN-018,test,DRUSEN,drusen,OD,.tif,0.0006731392350047827
DRUSEN/18/OD/015_Drusen.tif,DRUSEN-018,test,DRUSEN,drusen,OD,.tif,0.0006779415416531265
DRUSEN/18/OD/016_Drusen.tif,DRUSEN-018,test,DRUSEN,drusen,OD,.tif,0.0006133299320936203
DRUSEN/18/OD/017_Drusen.tif,DRUSEN-018,test,DRUSEN,drusen,OD,.tif,0.0004978872602805495
DRUSEN/18/OD/018_Drusen.tif,DRUSEN-018,test,DRUSEN,drusen,OD,.tif,0.0005391056183725595
DRUSEN/18/OD/019_Normal.tif,DRUSEN-018,test,DRUSEN,normal,OD,.tif,0.0005891393520869315
DRUSEN/18/OD/020_Normal.tif,DRUSEN-018,test,DRUSEN,normal,OD,.tif,0.0005883263656869531
DRUSEN/18/OD/021_Normal.tif,DRUSEN-018,test,DRUSEN,normal,OD,.tif,0.0006270512822084129
DRUSEN/18/OD/022_Normal.tif,DRUSEN-018,test,DRUSEN,normal,OD,.tif,0.0006067220820114017
DRUSEN/18/OD/023_Normal.tif,DRUSEN-018,test,DRUSEN,normal,OD,.tif,0.000558235275093466
DRUSEN/18/OD/024_Normal.tif,DRUSEN-018,test,DRUSEN,normal,OD,.tif,0.0005826734704896808
DRUSEN/18/OD/025_Normal.tif,DRUSEN-018,test,DRUSEN,normal,OD,.tif,0.0005471388576552272
DRUSEN/18/OD/026_Normal.tif,DRUSEN-018,test,DRUSEN,normal,OD,.tif,0.0005374752217903733
DRUSEN/18/OD/027_Normal.tif,DRUSEN-018,test,DRUSEN,normal,OD,.tif,0.0005310422275215387
DRUSEN/18/OD/028_Normal.tif,DRUSEN-018,test,DRUSEN,normal,OD,.tif,0.0005525105516426265
DRUSEN/18/OD/029_Normal.tif,DRUSEN-018,test,DRUSEN,normal,OD,.tif,0.0005857935175299644
DRUSEN/18/OD/030_Normal.tif,DRUSEN-018,test,DRUSEN,normal,OD,.tif,0.0005820695660077035
DRUSEN/18/OS/000_Normal.tif,DRUSEN-018,test,DRUSEN,normal,OS,.tif,0.0007735858671367168
DRUSEN/18/OS/001_Normal.tif,DRUSEN-018,test,DRUSEN,normal,OS,.tif,0.0007325403275899589
DRUSEN/18/OS/002_Normal.tif,DRUSEN-018,test,DRUSEN,normal,OS,.tif,0.0007025926024653018
DRUSEN/18/OS/003_Normal.tif,DRUSEN-018,test,DRUSEN,normal,OS,.tif,0.0007151736062951386
DRUSEN/18/OS/004_Normal.tif,DRUSEN-018,test,DRUSEN,normal,OS,.tif,0.0006568337557837367
DRUSEN/18/OS/005_Normal.tif,DRUSEN-018,test,DRUSEN,normal,OS,.tif,0.0006005949690006673
DRUSEN/18/OS/006_Normal.tif,DRUSEN-018,test,DRUSEN,normal,OS,.tif,0.0006774248904548585
DRUSEN/18/OS/007_Normal.tif,DRUSEN-018,test,DRUSEN,normal,OS,.tif,0.0006492346292361617
DRUSEN/18/OS/008_Normal.tif,DRUSEN-018,test,DRUSEN,normal,OS,.tif,0.0007389222737401724
DRUSEN/18/OS/009_Normal.tif,DRUSEN-018,test,DRUSEN,normal,OS,.tif,0.000779039750341326
DRUSEN/18/OS/010_Normal.tif,DRUSEN-018,test,DRUSEN,normal,OS,.tif,0.0007753518293611705
DRUSEN/18/OS/011_Normal.tif,DRUSEN-018,test,DRUSEN,normal,OS,.tif,0.0006507625803351402
DRUSEN/18/OS/012_Normal.tif,DRUSEN-018,test,DRUSEN,normal,OS,.tif,0.0007947753765620291
DRUSEN/18/OS/013_Normal.tif,DRUSEN-018,test,DRUSEN,normal,OS,.tif,0.0008013017359189689
DRUSEN/18/OS/014_Drusen.tif,DRUSEN-018,test,DRUSEN,drusen,OS,.tif,0.0006907001370564103
DRUSEN/18/OS/015_Normal.tif,DRUSEN-018,test,DRUSEN,normal,OS,.tif,0.0005660828901454806
DRUSEN/18/OS/016_Normal.tif,DRUSEN-018,test,DRUSEN,normal,OS,.tif,0.0006677191704511642
DRUSEN/18/OS/017_Normal.tif,DRUSEN-018,test,DRUSEN,normal,OS,.tif,0.0006147022359073162
DRUSEN/18/OS/018_Normal.tif,DRUSEN-018,test,DRUSEN,normal,OS,.tif,0.000659376208204776
DRUSEN/18/OS/019_Normal.tif,DRUSEN-018,test,DRUSEN,normal,OS,.tif,0.0006501346360892057
DRUSEN/18/OS/020_Normal.tif,DRUSEN-018,test,DRUSEN,normal,OS,.tif,0.0006499235751107335
DRUSEN/18/OS/021_Normal.tif,DRUSEN-018,test,DRUSEN,normal,OS,.tif,0.0006901673623360693
DRUSEN/18/OS/022_Normal.tif,DRUSEN-018,test,DRUSEN,normal,OS,.tif,0.0006375578814186156
DRUSEN/18/OS/023_Normal.tif,DRUSEN-018,test,DRUSEN,normal,OS,.tif,0.0006054742261767387
DRUSEN/18/OS/024_Normal.tif,DRUSEN-018,test,DRUSEN,normal,OS,.tif,0.0005155997932888567
DRUSEN/18/OS/025_Normal.tif,DRUSEN-018,test,DRUSEN,normal,OS,.tif,0.0006217843038029969
DRUSEN/18/OS/026_Normal.tif,DRUSEN-018,test,DRUSEN,normal,OS,.tif,0.0005924302968196571
DRUSEN/18/OS/027_Normal.tif,DRUSEN-018,test,DRUSEN,normal,OS,.tif,0.0005741870263591409
DRUSEN/18/OS/028_Normal.tif,DRUSEN-018,test,DRUSEN,normal,OS,.tif,0.0006800941773690283
DRUSEN/18/OS/029_Normal.tif,DRUSEN-018,test,DRUSEN,normal,OS,.tif,0.000648906163405627
DRUSEN/18/OS/030_Normal.tif,DRUSEN-018,test,DRUSEN,normal,OS,.tif,0.0006772513152100146
DRUSEN/19/000_Normal.tif,DRUSEN-019,test,DRUSEN,normal,OD,.tif,0.0007542120874859393
DRUSEN/19/001_Normal.tif,DRUSEN-019,test,DRUSEN,normal,OD,.tif,0.0007242571446113288
DRUSEN/19/002_Normal.tif,DRUSEN-019,test,DRUSEN,normal,OD,.tif,0.0006841275608167052
DRUSEN/19/003_Normal.tif,DRUSEN-019,test,DRUSEN,normal,OD,.tif,0.0006678107311017811
DRUSEN/19/004_Normal.tif,DRUSEN-019,test,DRUSEN,normal,OD,.tif,0.0008442845428362489
DRUSEN/19/005_Normal.tif,DRUSEN-019,test,DRUSEN,normal,OD,.tif,0.000791141006629914
DRUSEN/19/006_Normal.tif,DRUSEN-019,test,DRUSEN,normal,OD,.tif,0.0008420788799412549
DRUSEN/19/007_Normal.tif,DRUSEN-019,test,DRUSEN,normal,OD,.tif,0.0008299670880660415
DRUSEN/19/008_Normal.tif,DRUSEN-019,test,DRUSEN,normal,OD,.tif,0.0008601429290138185
DRUSEN/19/009_Normal.tif,DRUSEN-019,test,DRUSEN,normal,OD,.tif,0.0008521252893842757
DRUSEN/19/010_Normal.tif,DRUSEN-019,test,DRUSEN,normal,OD,.tif,0.0008357900660485029
DRUSEN/19/011_Normal.tif,DRUSEN-019,test,DRUSEN,normal,OD,.tif,0.0008197979186661541
DRUSEN/19/012_Normal.tif,DRUSEN-019,test,DRUSEN,normal,OD,.tif,0.0008816504268907011
DRUSEN/19/013_Normal.tif,DRUSEN-019,test,DRUSEN,normal,OD,.tif,0.0008273857529275119
DRUSEN/19/014_Drusen.tif,DRUSEN-019,test,DRUSEN,drusen,OD,.tif,0.0008443467668257654
DRUSEN/19/015_Drusen.tif,DRUSEN-019,test,DRUSEN,drusen,OD,.tif,0.000842743378598243
DRUSEN/19/016_Normal.tif,DRUSEN-019,test,DRUSEN,normal,OD,.tif,0.0007236773963086307
DRUSEN/19/017_Normal.tif,DRUSEN-019,test,DRUSEN,normal,OD,.tif,0.0006368808099068701
DRUSEN/19/018_Normal.tif,DRUSEN-019,test,DRUSEN,normal,OD,.tif,0.0006501955795101821
DRUSEN/19/019_Normal.tif,DRUSEN-019,test,DRUSEN,normal,OD,.tif,0.0007030790438875556
DRUSEN/19/020_Normal.tif,DRUSEN-019,test,DRUSEN,normal,OD,.tif,0.0008369146380573511
DRUSEN/19/021_Drusen.tif,DRUSEN-019,test,DRUSEN,drusen,OD,.tif,0.000797677377704531
DRUSEN/19/022_Drusen.tif,DRUSEN-019,test,DRUSEN,drusen,OD,.tif,0.0007548154098913074
DRUSEN/19/023_Drusen.tif,DRUSEN-019,test,DRUSEN,drusen,OD,.tif,0.0008853870676830411
DRUSEN/19/024_Drusen.tif,DRUSEN-019,test,DRUSEN,drusen,OD,.tif,0.0008073518984019756
DRUSEN/19/025_Drusen.tif,DRUSEN-019,test,DRUSEN,drusen,OD,.tif,0.0008683466003276408
DRUSEN/19/026_Drusen.tif,DRUSEN-019,test,DRUSEN,drusen,OD,.tif,0.0007944640819914639
DRUSEN/19/027_Drusen.tif,DRUSEN-019,test,DRUSEN,drusen,OD,.tif,0.0007856712327338755
DRUSEN/19/028_Drusen.tif,DRUSEN-019,test,DRUSEN,drusen,OD,.tif,0.0008384601678699255
DRUSEN/19/029_Normal.tif,DRUSEN-019,test,DRUSEN,normal,OD,.tif,0.000850193202495575
DRUSEN/19/030_Normal.tif,DRUSEN-019,test,DRUSEN,normal,OD,.tif,0.00089720991672948
DRUSEN/22/000_Normal.jpg,DRUSEN-022,test,DRUSEN,normal,OD,.jpg,0.000783625291660428
DRUSEN/22/001_Normal.jpg,DRUSEN-022,test,DRUSEN,normal,OD,.jpg,0.0007286158506758511
DRUSEN/22/002_Drusen.jpg,DRUSEN-022,test,DRUSEN,drusen,OD,.jpg,0.0007222080021165311
DRUSEN/22/003_Drusen.jpg,DRUSEN-022,test,DRUSEN,drusen,OD,.jpg,0.0007100701914168894
DRUSEN/22/004_Drusen.jpg,DRUSEN-022,test,DRUSEN,drusen,OD,.jpg,0.0007330538937821984
DRUSEN/22/005_Drusen.jpg,DRUSEN-022,test,DRUSEN,drusen,OD,.jpg,0.00065084348898381
DRUSEN/22/006_Drusen.jpg,DRUSEN-022,test,DRUSEN,drusen,OD,.jpg,0.000711336440872401
DRUSEN/22/007_Drusen.jpg,DRUSEN-022,test,DRUSEN,drusen,OD,.jpg,0.0007552001043222845
DRUSEN/22/008_Drusen.jpg,DRUSEN-022,test,DRUSEN,drusen,OD,.jpg,0.0008101791609078646
DRUSEN/22/009_Drusen.jpg,DRUSEN-022,test,DRUSEN,drusen,OD,.jpg,0.000789623474702239
DRUSEN/22/010_Drusen.jpg,DRUSEN-022,test,DRUSEN,drusen,OD,.jpg,0.0007464009686373174
DRUSEN/22/011_Drusen.jpg,DRUSEN-022,test,DRUSEN,drusen,OD,.jpg,0.000732823449652642
DRUSEN/22/012_Drusen.jpg,DRUSEN-022,test,DRUSEN,drusen,OD,.jpg,0.0007957585621625185
DRUSEN/22/013_Drusen.jpg,DRUSEN-022,test,DRUSEN,drusen,OD,.jpg,0.0008221010211855173
DRUSEN/22/014_Drusen.jpg,DRUSEN-022,test,DRUSEN,drusen,OD,.jpg,0.0009117950685322285
DRUSEN/22/015_Drusen.jpg,DRUSEN-022,test,DRUSEN,drusen,OD,.jpg,0.0010160604724660516
DRUSEN/22/016_Drusen.jpg,DRUSEN-022,test,DRUSEN,drusen,OD,.jpg,0.0009169987170025706
DRUSEN/22/017_Drusen.jpg,DRUSEN-022,test,DRUSEN,drusen,OD,.jpg,0.0010043283691629767
DRUSEN/22/018_Drusen.jpg,DRUSEN-022,test,DRUSEN,drusen,OD,.jpg,0.0008784795645624399
DRUSEN/22/019_Drusen.jpg,DRUSEN-022,test,DRUSEN,drusen,OD,.jpg,0.0008516687666997313
DRUSEN/22/020_Drusen.jpg,DRUSEN-022,test,DRUSEN,drusen,OD,.jpg,0.0008908766903914511
DRUSEN/22/021_Drusen.jpg,DRUSEN-022,test,DRUSEN,drusen,OD,.jpg,0.0008356772013939917
DRUSEN/22/022_Drusen.jpg,DRUSEN-022,test,DRUSEN,drusen,OD,.jpg,0.0008240428869612515
DRUSEN/22/023_Drusen.jpg,DRUSEN-022,test,DRUSEN,drusen,OD,.jpg,0.0007356501882895827
DRUSEN/22/024_Drusen.jpg,DRUSEN-022,test,DRUSEN,drusen,OD,.jpg,0.0008430139278061688
DRUSEN/24/000_Normal.tif,DRUSEN-024,test,DRUSEN,normal,OS,.tif,0.0007359280134551227
DRUSEN/24/001_Normal.tif,DRUSEN-024,test,DRUSEN,normal,OS,.tif,0.0010583061957731843
DRUSEN/24/002_Normal.tif,DRUSEN-024,test,DRUSEN,normal,OS,.tif,0.0009079710580408573
DRUSEN/24/003_Normal.tif,DRUSEN-024,test,DRUSEN,normal,OS,.tif,0.0008602585876360536
DRUSEN/24/004_Normal.tif,DRUSEN-024,test,DRUSEN,normal,OS,.tif,0.0009068336221389472
DRUSEN/24/005_Normal.tif,DRUSEN-024,test,DRUSEN,normal,OS,.tif,0.0011771245626732707
DRUSEN/24/006_Normal.tif,DRUSEN-024,test,DRUSEN,normal,OS,.tif,0.0008356890175491571
DRUSEN/24/007_Drusen.tif,DRUSEN-024,test,DRUSEN,drusen,OS,.tif,0.0007715650135651231
DRUSEN/24/008_Drusen.tif,DRUSEN-024,test,DRUSEN,drusen,OS,.tif,0.0007242576684802771
DRUSEN/24/009_Drusen.tif,DRUSEN-024,test,DRUSEN,drusen,OS,.tif,0.0008750486304052174
DRUSEN/24/010_Drusen.tif,DRUSEN-024,test,DRUSEN,drusen,OS,.tif,0.0007085453253239393
DRUSEN/24/011_Drusen.tif,DRUSEN-024,test,DRUSEN,drusen,OS,.tif,0.0008212309330701828
DRUSEN/24/012_Drusen.tif,DRUSEN-024,test,DRUSEN,drusen,OS,.tif,0.0009455994004383683
DRUSEN/24/013_Drusen.tif,DRUSEN-024,test,DRUSEN,drusen,OS,.tif,0.0010462135542184114
DRUSEN/24/014_Drusen.tif,DRUSEN-024,test,DRUSEN,drusen,OS,.tif,0.0009886352345347404
DRUSEN/24/015_Drusen.tif,DRUSEN-024,test,DRUSEN,drusen,OS,.tif,0.0010123741813004017
DRUSEN/24/016_Drusen.tif,DRUSEN-024,test,DRUSEN,drusen,OS,.tif,0.0013001237530261278
DRUSEN/24/017_Drusen.tif,DRUSEN-024,test,DRUSEN,drusen,OS,.tif,0.0012492432724684477
DRUSEN/24/018_Drusen.tif,DRUSEN-024,test,DRUSEN,drusen,OS,.tif,0.0010044421069324017
DRUSEN/24/019_Drusen.tif,DRUSEN-024,test,DRUSEN,drusen,OS,.tif,0.00103087374009192
DRUSEN/24/020_Drusen.tif,DRUSEN-024,test,DRUSEN,drusen,OS,.tif,0.0009530849638395011
DRUSEN/24/021_Drusen.tif,DRUSEN-024,test,DRUSEN,drusen,OS,.tif,0.0011215892154723406
DRUSEN/24/022_Drusen.tif,DRUSEN-024,test,DRUSEN,drusen,OS,.tif,0.0011656844289973378
DRUSEN/24/023_Drusen.tif,DRUSEN-024,test,DRUSEN,drusen,OS,.tif,0.0007729522767476737
DRUSEN/24/024_Drusen.tif,DRUSEN-024,test,DRUSEN,drusen,OS,.tif,0.0008294147555716336
DRUSEN/24/025_Drusen.tif,DRUSEN-024,test,DRUSEN,drusen,OS,.tif,0.0010320633882656693
DRUSEN/24/026_Drusen.tif,DRUSEN-024,test,DRUSEN,drusen,OS,.tif,0.0010313168168067932
DRUSEN/24/027_Drusen.tif,DRUSEN-024,test,DRUSEN,drusen,OS,.tif,0.0010444913059473038
DRUSEN/24/028_Drusen.tif,DRUSEN-024,test,DRUSEN,drusen,OS,.tif,0.0008167761261574924
DRUSEN/24/029_Drusen.tif,DRUSEN-024,test,DRUSEN,drusen,OS,.tif,0.0012187333777546883
DRUSEN/24/030_Normal.tif,DRUSEN-024,test,DRUSEN,normal,OS,.tif,0.0010768732754513621
DRUSEN/27/OD/000_DRusen.tif,DRUSEN-027,test,DRUSEN,drusen,OD,.tif,0.0006374325603246689
DRUSEN/27/OD/001_DRusen.tif,DRUSEN-027,test,DRUSEN,drusen,OD,.tif,0.0006503709591925144
DRUSEN/27/OD/002_DRusen.tif,DRUSEN-027,test,DRUSEN,drusen,OD,.tif,0.0006819014670327306
DRUSEN/27/OD/003_DRusen.tif,DRUSEN-027,test,DRUSEN,drusen,OD,.tif,0.0006208670674823225
DRUSEN/27/OD/004_DRusen.tif,DRUSEN-027,test,DRUSEN,drusen,OD,.tif,0.0006252900348044932
DRUSEN/27/OD/005_DRusen.tif,DRUSEN-027,test,DRUSEN,drusen,OD,.tif,0.0006899813888594508
DRUSEN/27/OD/006_DRusen.tif,DRUSEN-027,test,DRUSEN,drusen,OD,.tif,0.0007659277180209756
DRUSEN/27/OD/007_DRusen.tif,DRUSEN-027,test,DRUSEN,drusen,OD,.tif,0.0007993249455466866
DRUSEN/27/OD/008_DRusen.tif,DRUSEN-027,test,DRUSEN,drusen,OD,.tif,0.0007234576041810215
DRUSEN/27/OD/009_DRusen.tif,DRUSEN-027,test,DRUSEN,drusen,OD,.tif,0.0007850340334698558
DRUSEN/27/OD/010_DRusen.tif,DRUSEN-027,test,DRUSEN,drusen,OD,.tif,0.0006617091712541878
DRUSEN/27/OD/011_DRusen.tif,DRUSEN-027,test,DRUSEN,drusen,OD,.tif,0.0005184457404538989
DRUSEN/27/OD/012_DRusen.tif,DRUSEN-027,test,DRUSEN,drusen,OD,.tif,0.000682322250213474
DRUSEN/27/OD/013_DRusen.tif,DRUSEN-027,test,DRUSEN,drusen,OD,.tif,0.000748042541090399
DRUSEN/27/OD/014_DRusen.tif,DRUSEN-027,test,DRUSEN,drusen,OD,.tif,0.0006874557584524155
DRUSEN/27/OD/015_DRusen.tif,DRUSEN-027,test,DRUSEN,drusen,OD,.tif,0.0007560725789517164
DRUSEN/27/OD/016_DRusen.tif,DRUSEN-027,test,DRUSEN,drusen,OD,.tif,0.0006902360473759472
DRUSEN/27/OD/017_DRusen.tif,DRUSEN-027,test,DRUSEN,drusen,OD,.tif,0.000677055970299989
DRUSEN/27/OD/018_DRusen.tif,DRUSEN-027,test,DRUSEN,drusen,OD,.tif,0.0006499805604107678
DRUSEN/27/OD/019_DRusen.tif,DRUSEN-027,test,DRUSEN,drusen,OD,.tif,0.0006504173506982625
DRUSEN/27/OD/020_DRusen.tif,DRUSEN-027,test,DRUSEN,drusen,OD,.tif,0.000697475450579077
DRUSEN/27/OD/021_DRusen.tif,DRUSEN-027,test,DRUSEN,drusen,OD,.tif,0.000629315385594964
DRUSEN/27/OD/022_DRusen.tif,DRUSEN-027,test,DRUSEN,drusen,OD,.tif,0.0006117706070654094
DRUSEN/27/OD/023_DRusen.tif,DRUSEN-027,test,DRUSEN,drusen,OD,.tif,0.0006500046001747251
DRUSEN/27/OD/024_DRusen.tif,DRUSEN-027,test,DRUSEN,drusen,OD,.tif,0.0006161689525470138
DRUSEN/27/OD/025_DRusen.tif,DRUSEN-027,test,DRUSEN,drusen,OD,.tif,0.0005049872561357915
DRUSEN/27/OD/026_DRusen.tif,DRUSEN-027,test,DRUSEN,drusen,OD,.tif,0.000757068395614624
DRUSEN/27/OD/027_DRusen.tif,DRUSEN-027,test,DRUSEN,drusen,OD,.tif,0.0007888341788202524
DRUSEN/27/OD/028_DRusen.tif,DRUSEN-027,test,DRUSEN,drusen,OD,.tif,0.0006420023855753243
DRUSEN/27/OD/029_DRusen.tif,DRUSEN-027,test,DRUSEN,drusen,OD,.tif,0.0007354700355790555
DRUSEN/27/OD/030_DRusen.tif,DRUSEN-027,test,DRUSEN,drusen,OD,.tif,0.0007377894944511354
DRUSEN/27/OS/000_Drusen.tif,DRUSEN-027,test,DRUSEN,drusen,OS,.tif,0.0006610311684198678
DRUSEN/27/OS/001_Drusen.tif,DRUSEN-027,test,DRUSEN,drusen,OS,.tif,0.0005537618417292833
DRUSEN/27/OS/002_Drusen.tif,DRUSEN-027,test,DRUSEN,drusen,OS,.tif,0.0005621706950478256
DRUSEN/27/OS/003_Drusen.tif,DRUSEN-027,test,DRUSEN,drusen,OS,.tif,0.0006069107330404222
DRUSEN/27/OS/004_Drusen.tif,DRUSEN-027,test,DRUSEN,drusen,OS,.tif,0.0006004584720358253
DRUSEN/27/OS/005_Drusen.tif,DRUSEN-027,test,DRUSEN,drusen,OS,.tif,0.0006487407372333109
DRUSEN/27/OS/006_Drusen.tif,DRUSEN-027,test,DRUSEN,drusen,OS,.tif,0.0007155553321354091
DRUSEN/27/OS/007_Drusen.tif,DRUSEN-027,test,DRUSEN,drusen,OS,.tif,0.0005795054021291435
DRUSEN/27/OS/008_Drusen.tif,DRUSEN-027,test,DRUSEN,drusen,OS,.tif,0.0006667081033810973
DRUSEN/27/OS/009_Drusen.tif,DRUSEN-027,test,DRUSEN,drusen,OS,.tif,0.0007687760517001152
DRUSEN/27/OS/010_Drusen.tif,DRUSEN-027,test,DRUSEN,drusen,OS,.tif,0.000596321071498096
DRUSEN/27/OS/011_Drusen.tif,DRUSEN-027,test,DRUSEN,drusen,OS,.tif,0.0005853035254403949
DRUSEN/27/OS/012_Drusen.tif,DRUSEN-027,test,DRUSEN,drusen,OS,.tif,0.0008599652792327106
DRUSEN/27/OS/013_Drusen.tif,DRUSEN-027,test,DRUSEN,drusen,OS,.tif,0.0008052050834521651
DRUSEN/27/OS/014_Drusen.tif,DRUSEN-027,test,DRUSEN,drusen,OS,.tif,0.0008567254990339279
DRUSEN/27/OS/015_Drusen.tif,DRUSEN-027,test,DRUSEN,drusen,OS,.tif,0.000681469333358109
DRUSEN/27/OS/016_Drusen.tif,DRUSEN-027,test,DRUSEN,drusen,OS,.tif,0.0007669230690225959
DRUSEN/27/OS/017_Drusen.tif,DRUSEN-027,test,DRUSEN,drusen,OS,.tif,0.0007878040196374059
DRUSEN/27/OS/018_Drusen.tif,DRUSEN-027,test,DRUSEN,drusen,OS,.tif,0.0007794855046086013
DRUSEN/27/OS/019_Drusen.tif,DRUSEN-027,test,DRUSEN,drusen,OS,.tif,0.0007856655865907669
DRUSEN/27/OS/020_Drusen.tif,DRUSEN-027,test,DRUSEN,drusen,OS,.tif,0.0007419084431603551
DRUSEN/27/OS/021_Drusen.tif,DRUSEN-027,test,DRUSEN,drusen,OS,.tif,0.0005549749475903809
DRUSEN/27/OS/022_Drusen.tif,DRUSEN-027,test,DRUSEN,drusen,OS,.tif,0.0007023757207207382
DRUSEN/27/OS/023_Drusen.tif,DRUSEN-027,test,DRUSEN,drusen,OS,.tif,0.000747661804780364
DRUSEN/27/OS/024_Drusen.tif,DRUSEN-027,test,DRUSEN,drusen,OS,.tif,0.0006569108227267861
DRUSEN/27/OS/025_Drusen.tif,DRUSEN-027,test,DRUSEN,drusen,OS,.tif,0.0006097315344959497
DRUSEN/27/OS/026_Drusen.tif,DRUSEN-027,test,DRUSEN,drusen,OS,.tif,0.0006505100172944367
DRUSEN/27/OS/027_Drusen.tif,DRUSEN-027,test,DRUSEN,drusen,OS,.tif,0.0007108802674338222
DRUSEN/27/OS/028_Drusen.tif,DRUSEN-027,test,DRUSEN,drusen,OS,.tif,0.000730450265109539
DRUSEN/27/OS/029_Drusen.tif,DRUSEN-027,test,DRUSEN,drusen,OS,.tif,0.0007866733940318227
DRUSEN/27/OS/030_Drusen.tif,DRUSEN-027,test,DRUSEN,drusen,OS,.tif,0.0007394623826257885
DRUSEN/28/000_NOrmal.tif,DRUSEN-028,test,DRUSEN,normal,OD,.tif,0.0012569675454869866
DRUSEN/28/001_NOrmal.tif,DRUSEN-028,test,DRUSEN,normal,OD,.tif,0.0011790068820118904
DRUSEN/28/002_NOrmal.tif,DRUSEN-028,test,DRUSEN,normal,OD,.tif,0.0011679502204060555
DRUSEN/28/003_NOrmal.tif,DRUSEN-028,test,DRUSEN,normal,OD,.tif,0.001083499169908464
DRUSEN/28/004_NOrmal.tif,DRUSEN-028,test,DRUSEN,normal,OD,.tif,0.001056957640685141
DRUSEN/28/005_NOrmal.tif,DRUSEN-028,test,DRUSEN,normal,OD,.tif,0.001124806934967637
DRUSEN/28/006_NOrmal.tif,DRUSEN-028,test,DRUSEN,normal,OD,.tif,0.0010918981861323118
DRUSEN/28/007_NOrmal.tif,DRUSEN-028,test,DRUSEN,normal,OD,.tif,0.0009387325262650847
DRUSEN/28/008_NOrmal.tif,DRUSEN-028,test,DRUSEN,normal,OD,.tif,0.0010014942381531
DRUSEN/28/009_NOrmal.tif,DRUSEN-028,test,DRUSEN,normal,OD,.tif,0.0008743192302063107
DRUSEN/28/010_NOrmal.tif,DRUSEN-028,test,DRUSEN,normal,OD,.tif,0.0010312756057828665
DRUSEN/28/011_NOrmal.tif,DRUSEN-028,test,DRUSEN,normal,OD,.tif,0.0009674581815488636
DRUSEN/28/012_NOrmal.tif,DRUSEN-028,test,DRUSEN,normal,OD,.tif,0.001040836563333869
DRUSEN/28/013_NOrmal.tif,DRUSEN-028,test,DRUSEN,normal,OD,.tif,0.0008851782768033445
DRUSEN/28/014_Drusen.tif,DRUSEN-028,test,DRUSEN,drusen,OD,.tif,0.0009456451516598463
DRUSEN/28/015_Drusen.tif,DRUSEN-028,test,DRUSEN,drusen,OD,.tif,0.0008615041733719409
DRUSEN/28/016_Drusen.tif,DRUSEN-028,test,DRUSEN,drusen,OD,.tif,0.0009238820639438927
DRUSEN/28/017_NOrmal.tif,DRUSEN-028,test,DRUSEN,normal,OD,.tif,0.000825354945845902
DRUSEN/28/018_NOrmal.tif,DRUSEN-028,test,DRUSEN,normal,OD,.tif,0.00090785016072914
DRUSEN/28/019_NOrmal.tif,DRUSEN-028,test,DRUSEN,normal,OD,.tif,0.0009006125619634986
DRUSEN/28/020_NOrmal.tif,DRUSEN-028,test,DRUSEN,normal,OD,.tif,0.0008871540194377303
DRUSEN/28/021_NOrmal.tif,DRUSEN-028,test,DRUSEN,normal,OD,.tif,0.0009294465417042375
DRUSEN/28/022_NOrmal.tif,DRUSEN-028,test,DRUSEN,normal,OD,.tif,0.0008142784354276955
DRUSEN/28/023_Drusen.tif,DRUSEN-028,test,DRUSEN,drusen,OD,.tif,0.0008395672775804996
DRUSEN/28/024_Drusen.tif,DRUSEN-028,test,DRUSEN,drusen,OD,.tif,0.0010908340336754918
DRUSEN/28/025_Drusen.tif,DRUSEN-028,test,DRUSEN,drusen,OD,.tif,0.0010816699359565973
DRUSEN/28/026_NOrmal.tif,DRUSEN-028,test,DRUSEN,normal,OD,.tif,0.0011803586967289448
DRUSEN/28/027_NOrmal.tif,DRUSEN-028,test,DRUSEN,normal,OD,.tif,0.0011361780343577266
DRUSEN/28/028_NOrmal.tif,DRUSEN-028,test,DRUSEN,normal,OD,.tif,0.0012410825584083796
DRUSEN/28/029_NOrmal.tif,DRUSEN-028,test,DRUSEN,normal,OD,.tif,0.00122371269389987
DRUSEN/28/030_NOrmal.tif,DRUSEN-028,test,DRUSEN,normal,OD,.tif,0.0014127118047326803
DRUSEN/29/OD/000_Normal.tif,DRUSEN-029,test,DRUSEN,normal,OD,.tif,0.0007944164681248367
DRUSEN/29/OD/001_Normal.tif,DRUSEN-029,test,DRUSEN,normal,OD,.tif,0.0007109745056368411
DRUSEN/29/OD/002_Normal.tif,DRUSEN-029,test,DRUSEN,normal,OD,.tif,0.0006144382641650736
DRUSEN/29/OD/003_Drusen.tif,DRUSEN-029,test,DRUSEN,drusen,OD,.tif,0.0006253853789530694
DRUSEN/29/OD/004_Drusen.tif,DRUSEN-029,test,DRUSEN,drusen,OD,.tif,0.0006616837927140296
DRUSEN/29/OD/005_Drusen.tif,DRUSEN-029,test,DRUSEN,drusen,OD,.tif,0.0006073053809814155
DRUSEN/29/OD/006_Normal.tif,DRUSEN-029,test,DRUSEN,normal,OD,.tif,0.0006025453913025558
DRUSEN/29/OD/007_Normal.tif,DRUSEN-029,test,DRUSEN,normal,OD,.tif,0.0005958799156360328
DRUSEN/29/OD/008_Normal.tif,DRUSEN-029,test,DRUSEN,normal,OD,.tif,0.0006445905892178416
DRUSEN/29/OD/009_Normal.tif,DRUSEN-029,test,DRUSEN,normal,OD,.tif,0.0006039582076482475
DRUSEN/29/OD/010_Normal.tif,DRUSEN-029,test,DRUSEN,normal,OD,.tif,0.0005751695134676993
DRUSEN/29/OD/011_Normal.tif,DRUSEN-029,test,DRUSEN,normal,OD,.tif,0.0005995472311042249
DRUSEN/29/OD/012_Normal.tif,DRUSEN-029,test,DRUSEN,normal,OD,.tif,0.00055157725000754
DRUSEN/29/OD/013_Drusen.tif,DRUSEN-029,test,DRUSEN,drusen,OD,.tif,0.0006350268959067762
DRUSEN/29/OD/014_Drusen.tif,DRUSEN-029,test,DRUSEN,drusen,OD,.tif,0.000629144546110183
DRUSEN/29/OD/015_Drusen.tif,DRUSEN-029,test,DRUSEN,drusen,OD,.tif,0.0006004535825923085
DRUSEN/29/OD/016_Drusen.tif,DRUSEN-029,test,DRUSEN,drusen,OD,.tif,0.0006310120807029307
DRUSEN/29/OD/017_Normal.tif,DRUSEN-029,test,DRUSEN,normal,OD,.tif,0.0006279139197431505
DRUSEN/29/OD/018_Normal.tif,DRUSEN-029,test,DRUSEN,normal,OD,.tif,0.0007136234198696911
DRUSEN/29/OD/019_Normal.tif,DRUSEN-029,test,DRUSEN,normal,OD,.tif,0.0007206292357295752
DRUSEN/29/OD/020_Normal.tif,DRUSEN-029,test,DRUSEN,normal,OD,.tif,0.0007667153840884566
DRUSEN/29/OD/021_Normal.tif,DRUSEN-029,test,DRUSEN,normal,OD,.tif,0.0007548827561549842
DRUSEN/29/OD/022_Drusen.tif,DRUSEN-029,test,DRUSEN,drusen,OD,.tif,0.0007817129953764379
DRUSEN/29/OD/023_Drusen.tif,DRUSEN-029,test,DRUSEN,drusen,OD,.tif,0.000673529808409512
DRUSEN/29/OD/024_Drusen.tif,DRUSEN-029,test,DRUSEN,drusen,OD,.tif,0.000600476807449013
DRUSEN/29/OD/025_Drusen.tif,DRUSEN-029,test,DRUSEN,drusen,OD,.tif,0.0006696572527289391
DRUSEN/29/OD/026_Normal.tif,DRUSEN-029,test,DRUSEN,normal,OD,.tif,0.0006715960917063057
DRUSEN/29/OD/027_Normal.tif,DRUSEN-029,test,DRUSEN,normal,OD,.tif,0.0006520964670926332
DRUSEN/29/OD/028_Normal.tif,DRUSEN-029,test,DRUSEN,normal,OD,.tif,0.0005745940143242478
DRUSEN/29/OD/029_Normal.tif,DRUSEN-029,test,DRUSEN,normal,OD,.tif,0.0006947341025806963
DRUSEN/29/OD/030_Normal.tif,DRUSEN-029,test,DRUSEN,normal,OD,.tif,0.000618413498159498
DRUSEN/29/OS/000_Drusen.tif,DRUSEN-029,test,DRUSEN,drusen,OS,.tif,0.0006635328754782677
DRUSEN/29/OS/001_Drusen.tif,DRUSEN-029,test,DRUSEN,drusen,OS,.tif,0.0006895361584611237
DRUSEN/29/OS/002_Drusen.tif,DRUSEN-029,test,DRUSEN,drusen,OS,.tif,0.000707860803231597
DRUSEN/29/OS/003_Drusen.tif,DRUSEN-029,test,DRUSEN,drusen,OS,.tif,0.0007798702572472394
DRUSEN/29/OS/004_Normal.tif,DRUSEN-029,test,DRUSEN,normal,OS,.tif,0.0007302369340322912
DRUSEN/29/OS/005_Normal.tif,DRUSEN-029,test,DRUSEN,normal,OS,.tif,0.00055556750157848
DRUSEN/29/OS/006_Normal.tif,DRUSEN-029,test,DRUSEN,normal,OS,.tif,0.0006814167136326432
DRUSEN/29/OS/007_Drusen.tif,DRUSEN-029,test,DRUSEN,drusen,OS,.tif,0.0006704956758767366
DRUSEN/29/OS/008_Drusen.tif,DRUSEN-029,test,DRUSEN,drusen,OS,.tif,0.0006655917386524379
DRUSEN/29/OS/009_Drusen.tif,DRUSEN-029,test,DRUSEN,drusen,OS,.tif,0.0006940722232684493
DRUSEN/29/OS/010_Drusen.tif,DRUSEN-029,test,DRUSEN,drusen,OS,.tif,0.0006976418080739677
DRUSEN/29/OS/011_Drusen.tif,DRUSEN-029,test,DRUSEN,drusen,OS,.tif,0.0007005627267062664
DRUSEN/29/OS/012_Drusen.tif,DRUSEN-029,test,DRUSEN,drusen,OS,.tif,0.000727845705114305
DRUSEN/29/OS/013_Drusen.tif,DRUSEN-029,test,DRUSEN,drusen,OS,.tif,0.0007582521066069603
DRUSEN/29/OS/014_Drusen.tif,DRUSEN-029,test,DRUSEN,drusen,OS,.tif,0.0008053893689066172
DRUSEN/29/OS/015_Drusen.tif,DRUSEN-029,test,DRUSEN,drusen,OS,.tif,0.0008285498479381204
DRUSEN/29/OS/016_Drusen.tif,DRUSEN-029,test,DRUSEN,drusen,OS,.tif,0.0008088479517027736
DRUSEN/29/OS/017_Drusen.tif,DRUSEN-029,test,DRUSEN,drusen,OS,.tif,0.0007308871136046946
DRUSEN/29/OS/018_Drusen.tif,DRUSEN-029,test,DRUSEN,drusen,OS,.tif,0.000782801304012537
DRUSEN/29/OS/019_Drusen.tif,DRUSEN-029,test,DRUSEN,drusen,OS,.tif,0.0007961284136399627
DRUSEN/29/OS/020_Drusen.tif,DRUSEN-029,test,DRUSEN,drusen,OS,.tif,0.0007622226839885116
DRUSEN/29/OS/021_Drusen.tif,DRUSEN-029,test,DRUSEN,drusen,OS,.tif,0.000736749148927629
DRUSEN/29/OS/022_Drusen.tif,DRUSEN-029,test,DRUSEN,drusen,OS,.tif,0.0007807692745700479
DRUSEN/29/OS/023_Drusen.tif,DRUSEN-029,test,DRUSEN,drusen,OS,.tif,0.0006909482763148844
DRUSEN/29/OS/024_Drusen.tif,DRUSEN-029,test,DRUSEN,drusen,OS,.tif,0.000828607939183712
DRUSEN/29/OS/025_Drusen.tif,DRUSEN-029,test,DRUSEN,drusen,OS,.tif,0.000936236116103828
DRUSEN/29/OS/026_Drusen.tif,DRUSEN-029,test,DRUSEN,drusen,OS,.tif,0.0008771286811679602
DRUSEN/29/OS/027_Drusen.tif,DRUSEN-029,test,DRUSEN,drusen,OS,.tif,0.0007189455791376531
DRUSEN/29/OS/028_Drusen.tif,DRUSEN-029,test,DRUSEN,drusen,OS,.tif,0.0004906558315269649
DRUSEN/29/OS/029_Normal.tif,DRUSEN-029,test,DRUSEN,normal,OS,.tif,0.0007579353987239301
DRUSEN/29/OS/030_Normal.tif,DRUSEN-029,test,DRUSEN,normal,OS,.tif,0.0007353598484769464
DRUSEN/30/000_Normal.tif,DRUSEN-030,test,DRUSEN,normal,OD,.tif,0.0013521407963708043
DRUSEN/30/001_Normal.tif,DRUSEN-030,test,DRUSEN,normal,OD,.tif,0.0010764609323814511
DRUSEN/30/002_Normal.tif,DRUSEN-030,test,DRUSEN,normal,OD,.tif,0.0010505587561056018
DRUSEN/30/003_Normal.tif,DRUSEN-030,test,DRUSEN,normal,OD,.tif,0.001121479901485145
DRUSEN/30/004_Normal.tif,DRUSEN-030,test,DRUSEN,normal,OD,.tif,0.0009884679457172751
DRUSEN/30/005_Normal.tif,DRUSEN-030,test,DRUSEN,normal,OD,.tif,0.000993981841020286
DRUSEN/30/006_Normal.tif,DRUSEN-030,test,DRUSEN,normal,OD,.tif,0.0009199677151627839
DRUSEN/30/007_Normal.tif,DRUSEN-030,test,DRUSEN,normal,OD,.tif,0.0006550690159201622
DRUSEN/30/008_Normal.tif,DRUSEN-030,test,DRUSEN,normal,OD,.tif,0.0008066650480031967
DRUSEN/30/009_Normal.tif,DRUSEN-030,test,DRUSEN,normal,OD,.tif,0.0007944815442897379
DRUSEN/30/010_Normal.tif,DRUSEN-030,test,DRUSEN,normal,OD,.tif,0.0007339310832321644
DRUSEN/30/011_Normal.tif,DRUSEN-030,test,DRUSEN,normal,OD,.tif,0.0008059762185439467
DRUSEN/30/012_Drusen.tif,DRUSEN-030,test,DRUSEN,drusen,OD,.tif,0.0006698828074149787
DRUSEN/30/013_Drusen.tif,DRUSEN-030,test,DRUSEN,drusen,OD,.tif,0.0005692114355042577
DRUSEN/30/014_Drusen.tif,DRUSEN-030,test,DRUSEN,drusen,OD,.tif,0.0006991142872720957
DRUSEN/30/015_Drusen.tif,DRUSEN-030,test,DRUSEN,drusen,OD,.tif,0.0006282556569203734
DRUSEN/30/016_Normal.tif,DRUSEN-030,test,DRUSEN,normal,OD,.tif,0.0006573338177986443
DRUSEN/30/017_Drusen.tif,DRUSEN-030,test,DRUSEN,drusen,OD,.tif,0.0007445591036230326
DRUSEN/30/018_Drusen.tif,DRUSEN-030,test,DRUSEN,drusen,OD,.tif,0.0005836642230860889
DRUSEN/30/019_Normal.tif,DRUSEN-030,test,DRUSEN,normal,OD,.tif,0.0007484612287953496
DRUSEN/30/020_Normal.tif,DRUSEN-030,test,DRUSEN,normal,OD,.tif,0.000767888268455863
DRUSEN/30/021_Drusen.tif,DRUSEN-030,test,DRUSEN,drusen,OD,.tif,0.0008717005839571357
DRUSEN/30/022_Drusen.tif,DRUSEN-030,test,DRUSEN,drusen,OD,.tif,0.0008288659155368805
DRUSEN/30/023_Normal.tif,DRUSEN-030,test,DRUSEN,normal,OD,.tif,0.0009451617952436209
DRUSEN/30/024_Normal.tif,DRUSEN-030,test,DRUSEN,normal,OD,.tif,0.0009885840117931366
DRUSEN/30/025_Normal.tif,DRUSEN-030,test,DRUSEN,normal,OD,.tif,0.0009595213923603296
DRUSEN/30/026_Normal.tif,DRUSEN-030,test,DRUSEN,normal,OD,.tif,0.0011067807208746672
DRUSEN/30/027_Normal.tif,DRUSEN-030,test,DRUSEN,normal,OD,.tif,0.0012114517157897353
DRUSEN/30/028_Normal.tif,DRUSEN-030,test,DRUSEN,normal,OD,.tif,0.001247128937393427
DRUSEN/30/029_Normal.tif,DRUSEN-030,test,DRUSEN,normal,OD,.tif,0.0012336877407506108
DRUSEN/30/030_Normal.tif,DRUSEN-030,test,DRUSEN,normal,OD,.tif,0.001420558663085103
DRUSEN/33/000_Normal.tif,DRUSEN-033,test,DRUSEN,normal,OS,.tif,0.0005064845317974687
DRUSEN/33/001_Normal.tif,DRUSEN-033,test,DRUSEN,normal,OS,.tif,0.0005237060831859708
DRUSEN/33/002_Normal.tif,DRUSEN-033,test,DRUSEN,normal,OS,.tif,0.0004558573418762535
DRUSEN/33/003_Normal.tif,DRUSEN-033,test,DRUSEN,normal,OS,.tif,0.0005531866336241364
DRUSEN/33/004_Drusen.tif,DRUSEN-033,test,DRUSEN,drusen,OS,.tif,0.0006346346344798803
DRUSEN/33/005_Normal.tif,DRUSEN-033,test,DRUSEN,normal,OS,.tif,0.0005350162391550839
DRUSEN/33/006_Normal.tif,DRUSEN-033,test,DRUSEN,normal,OS,.tif,0.0006101334583945572
DRUSEN/33/007_Normal.tif,DRUSEN-033,test,DRUSEN,normal,OS,.tif,0.0006280210800468922
DRUSEN/33/008_Normal.tif,DRUSEN-033,test,DRUSEN,normal,OS,.tif,0.0006823428557254374
DRUSEN/33/009_Normal.tif,DRUSEN-033,test,DRUSEN,normal,OS,.tif,0.0006229574792087078
DRUSEN/33/010_Normal.tif,DRUSEN-033,test,DRUSEN,normal,OS,.tif,0.0007067327969707549
DRUSEN/33/011_Drusen.tif,DRUSEN-033,test,DRUSEN,drusen,OS,.tif,0.0005715976003557444
DRUSEN/33/012_Normal.tif,DRUSEN-033,test,DRUSEN,normal,OS,.tif,0.0006798866670578718
DRUSEN/33/013_Drusen.tif,DRUSEN-033,test,DRUSEN,drusen,OS,.tif,0.0006335186189971864
DRUSEN/33/014_Normal.tif,DRUSEN-033,test,DRUSEN,normal,OS,.tif,0.0007012028363533318
DRUSEN/33/015_Normal.tif,DRUSEN-033,test,DRUSEN,normal,OS,.tif,0.0007118115900084376
DRUSEN/33/016_Normal.tif,DRUSEN-033,test,DRUSEN,normal,OS,.tif,0.0006467528874054551
DRUSEN/33/017_Normal.tif,DRUSEN-033,test,DRUSEN,normal,OS,.tif,0.0006466746563091874
DRUSEN/33/018_Normal.tif,DRUSEN-033,test,DRUSEN,normal,OS,.tif,0.0006913455436006188
DRUSEN/33/019_Normal.tif,DRUSEN-033,test,DRUSEN,normal,OS,.tif,0.0006032952223904431
DRUSEN/33/020_Normal.tif,DRUSEN-033,test,DRUSEN,normal,OS,.tif,0.0007333848625421524
DRUSEN/33/021_Normal.tif,DRUSEN-033,test,DRUSEN,normal,OS,.tif,0.000775171909481287
DRUSEN/33/022_Normal.tif,DRUSEN-033,test,DRUSEN,normal,OS,.tif,0.0007727778283879161
DRUSEN/33/023_Normal.tif,DRUSEN-033,test,DRUSEN,normal,OS,.tif,0.000761812028940767
DRUSEN/33/024_Drusen.tif,DRUSEN-033,test,DRUSEN,drusen,OS,.tif,0.000820309913251549
DRUSEN/33/025_Normal.tif,DRUSEN-033,test,DRUSEN,normal,OS,.tif,0.0007376855937764049
DRUSEN/33/026_Drusen.tif,DRUSEN-033,test,DRUSEN,drusen,OS,.tif,0.0007462012581527233
DRUSEN/33/027_Normal.tif,DRUSEN-033,test,DRUSEN,normal,OS,.tif,0.0007261366699822247
DRUSEN/33/028_Normal.tif,DRUSEN-033,test,DRUSEN,normal,OS,.tif,0.000759084417950362
DRUSEN/33/029_Normal.tif,DRUSEN-033,test,DRUSEN,normal,OS,.tif,0.0008249076781794429
DRUSEN/33/030_Normal.tif,DRUSEN-033,test,DRUSEN,normal,OS,.tif,0.0006842471775598824
DRUSEN/40/OD/000_Normal.jpg,DRUSEN-040,test,DRUSEN,normal,OD,.jpg,0.0006396017852239311
DRUSEN/40/OD/001_Normal.jpg,DRUSEN-040,test,DRUSEN,normal,OD,.jpg,0.0007935719913803041
DRUSEN/40/OD/002_Normal.jpg,DRUSEN-040,test,DRUSEN,normal,OD,.jpg,0.0005407551652751863
DRUSEN/40/OD/003_Normal.jpg,DRUSEN-040,test,DRUSEN,normal,OD,.jpg,0.000692479545250535
DRUSEN/40/OD/004_Normal.jpg,DRUSEN-040,test,DRUSEN,normal,OD,.jpg,0.0006584461079910398
DRUSEN/40/OD/005_Normal.jpg,DRUSEN-040,test,DRUSEN,normal,OD,.jpg,0.0008236386929638684
DRUSEN/40/OD/006_Normal.jpg,DRUSEN-040,test,DRUSEN,normal,OD,.jpg,0.0004763578763231635
DRUSEN/40/OD/007_Normal.jpg,DRUSEN-040,test,DRUSEN,normal,OD,.jpg,0.0006417754339054227
DRUSEN/40/OD/008_Normal.jpg,DRUSEN-040,test,DRUSEN,normal,OD,.jpg,0.0005473946803249419
DRUSEN/40/OD/009_Normal.jpg,DRUSEN-040,test,DRUSEN,normal,OD,.jpg,0.0006518838927149773
DRUSEN/40/OD/010_Normal.jpg,DRUSEN-040,test,DRUSEN,normal,OD,.jpg,0.00066756532760337
DRUSEN/40/OD/011_Drusen.jpg,DRUSEN-040,test,DRUSEN,drusen,OD,.jpg,0.0006339331739582121
DRUSEN/40/OD/012_drusen.jpg,DRUSEN-040,test,DRUSEN,drusen,OD,.jpg,0.0005692757549695671
DRUSEN/40/OD/013_drusen.jpg,DRUSEN-040,test,DRUSEN,drusen,OD,.jpg,0.0006197470356710255
DRUSEN/40/OD/014_Normal.jpg,DRUSEN-040,test,DRUSEN,normal,OD,.jpg,0.0005581125151365995
DRUSEN/40/OD/015_Normal.jpg,DRUSEN-040,test,DRUSEN,normal,OD,.jpg,0.0005852905451320112
DRUSEN/40/OD/016_drusen.jpg,DRUSEN-040,test,DRUSEN,drusen,OD,.jpg,0.0005928509053774178
DRUSEN/40/OD/017_drusen.jpg,DRUSEN-040,test,DRUSEN,drusen,OD,.jpg,0.0006710618617944419
DRUSEN/40/OD/018_Normal.jpg,DRUSEN-040,test,DRUSEN,normal,OD,.jpg,0.0006387406028807163
DRUSEN/40/OD/019_Drusen.jpg,DRUSEN-040,test,DRUSEN,drusen,OD,.jpg,0.0005952659994363785
DRUSEN/40/OD/020_Normal.jpg,DRUSEN-040,test,DRUSEN,normal,OD,.jpg,0.0007120273658074439
DRUSEN/40/OD/021_Normal.jpg,DRUSEN-040,test,DRUSEN,normal,OD,.jpg,0.0007268395274877548
DRUSEN/40/OD/022_Normal.jpg,DRUSEN-040,test,DRUSEN,normal,OD,.jpg,0.0006752123590558767
DRUSEN/40/OD/023_Normal.jpg,DRUSEN-040,test,DRUSEN,normal,OD,.jpg,0.0005567462067119777
DRUSEN/40/OD/024_Normal.jpg,DRUSEN-040,test,DRUSEN,normal,OD,.jpg,0.0006142202764749527
DRUSEN/40/OD/025_Normal.jpg,DRUSEN-040,test,DRUSEN,normal,OD,.jpg,0.0005424018017947674
DRUSEN/40/OD/026_Normal.jpg,DRUSEN-040,test,DRUSEN,normal,OD,.jpg,0.0005827549612149596
DRUSEN/40/OD/027_Normal.jpg,DRUSEN-040,test,DRUSEN,normal,OD,.jpg,0.0005224873893894255
DRUSEN/40/OD/028_Normal.jpg,DRUSEN-040,test,DRUSEN,normal,OD,.jpg,0.0005001834942959249
DRUSEN/40/OD/029_Normal.jpg,DRUSEN-040,test,DRUSEN,normal,OD,.jpg,0.0004886678070761263
DRUSEN/40/OD/030_Normal.jpg,DRUSEN-040,test,DRUSEN,normal,OD,.jpg,0.0005789659335277975
DRUSEN/40/OS/000_Normal.jpg,DRUSEN-040,test,DRUSEN,normal,OS,.jpg,0.0004944012616761029
DRUSEN/40/OS/001_Normal.jpg,DRUSEN-040,test,DRUSEN,normal,OS,.jpg,0.000553234713152051
DRUSEN/40/OS/002_Normal.jpg,DRUSEN-040,test,DRUSEN,normal,OS,.jpg,0.00047614084905944765
DRUSEN/40/OS/003_Normal.jpg,DRUSEN-040,test,DRUSEN,normal,OS,.jpg,0.0004769633524119854
DRUSEN/40/OS/004_Normal.jpg,DRUSEN-040,test,DRUSEN,normal,OS,.jpg,0.0005803601234219968
DRUSEN/40/OS/005_Normal.jpg,DRUSEN-040,test,DRUSEN,normal,OS,.jpg,0.00061387027380988
DRUSEN/40/OS/006_Normal.jpg,DRUSEN-040,test,DRUSEN,normal,OS,.jpg,0.000696469796821475
DRUSEN/40/OS/007_Normal.jpg,DRUSEN-040,test,DRUSEN,normal,OS,.jpg,0.0007253024377860129
DRUSEN/40/OS/008_Normal.jpg,DRUSEN-040,test,DRUSEN,normal,OS,.jpg,0.0007487527909688652
DRUSEN/40/OS/009_Normal.jpg,DRUSEN-040,test,DRUSEN,normal,OS,.jpg,0.000621649669483304
DRUSEN/40/OS/010_Normal.jpg,DRUSEN-040,test,DRUSEN,normal,OS,.jpg,0.0007275316747836769
DRUSEN/40/OS/011_Normal.jpg,DRUSEN-040,test,DRUSEN,normal,OS,.jpg,0.0007638464448973536
DRUSEN/40/OS/012_Normal.jpg,DRUSEN-040,test,DRUSEN,normal,OS,.jpg,0.0007575206109322608
DRUSEN/40/OS/013_Normal.jpg,DRUSEN-040,test,DRUSEN,normal,OS,.jpg,0.0008576159598305821
DRUSEN/40/OS/014_Normal.jpg,DRUSEN-040,test,DRUSEN,normal,OS,.jpg,0.0008254042477346957
DRUSEN/40/OS/015_Normal.jpg,DRUSEN-040,test,DRUSEN,normal,OS,.jpg,0.000772448256611824
DRUSEN/40/OS/016_Normal.jpg,DRUSEN-040,test,DRUSEN,normal,OS,.jpg,0.0006725281127728522
DRUSEN/40/OS/017_Normal.jpg,DRUSEN-040,test,DRUSEN,normal,OS,.jpg,0.000734992790967226
DRUSEN/40/OS/018_Normal.jpg,DRUSEN-040,test,DRUSEN,normal,OS,.jpg,0.0006396674434654415
DRUSEN/40/OS/019_Normal.jpg,DRUSEN-040,test,DRUSEN,normal,OS,.jpg,0.0006261732778511941
DRUSEN/40/OS/020_Normal.jpg,DRUSEN-040,test,DRUSEN,normal,OS,.jpg,0.0005312898429110646
DRUSEN/40/OS/021_Normal.jpg,DRUSEN-040,test,DRUSEN,normal,OS,.jpg,0.0005807420238852501
DRUSEN/40/OS/022_Normal.jpg,DRUSEN-040,test,DRUSEN,normal,OS,.jpg,0.0005866624996997416
DRUSEN/40/OS/023_Normal.jpg,DRUSEN-040,test,DRUSEN,normal,OS,.jpg,0.0004887001123279333
DRUSEN/40/OS/024_Drusen.jpg,DRUSEN-040,test,DRUSEN,drusen,OS,.jpg,0.0005576931871473789
DRUSEN/40/OS/025_Normal.jpg,DRUSEN-040,test,DRUSEN,normal,OS,.jpg,0.000466973491711542
DRUSEN/40/OS/026_Normal.jpg,DRUSEN-040,test,DRUSEN,normal,OS,.jpg,0.0004675045784097165
DRUSEN/40/OS/027_Normal.jpg,DRUSEN-040,test,DRUSEN,normal,OS,.jpg,0.0004749912186525762
DRUSEN/40/OS/028_Normal.jpg,DRUSEN-040,test,DRUSEN,normal,OS,.jpg,0.0005289401160553098
DRUSEN/40/OS/029_Normal.jpg,DRUSEN-040,test,DRUSEN,normal,OS,.jpg,0.0005516554228961468
DRUSEN/40/OS/030_Normal.jpg,DRUSEN-040,test,DRUSEN,normal,OS,.jpg,0.0005215499550104141
DRUSEN/41/000_Normal.jpg,DRUSEN-041,test,DRUSEN,normal,OD,.jpg,0.0006843568990007043
DRUSEN/41/001_Normal.jpg,DRUSEN-041,test,DRUSEN,normal,OD,.jpg,0.0006976834265515208
DRUSEN/41/002_Normal.jpg,DRUSEN-041,test,DRUSEN,normal,OD,.jpg,0.0007281190482899547
DRUSEN/41/003_Normal.jpg,DRUSEN-041,test,DRUSEN,normal,OD,.jpg,0.0007935089524835348
DRUSEN/41/004_Normal.jpg,DRUSEN-041,test,DRUSEN,normal,OD,.jpg,0.0008465612772852182
DRUSEN/41/005_Normal.jpg,DRUSEN-041,test,DRUSEN,normal,OD,.jpg,0.0007377254660241306
DRUSEN/41/006_Normal.jpg,DRUSEN-041,test,DRUSEN,normal,OD,.jpg,0.0007489998824894428
DRUSEN/41/007_Normal.jpg,DRUSEN-041,test,DRUSEN,normal,OD,.jpg,0.0006990055553615093
DRUSEN/41/008_Normal.jpg,DRUSEN-041,test,DRUSEN,normal,OD,.jpg,0.0006330470787361264
DRUSEN/41/009_Drusen.jpg,DRUSEN-041,test,DRUSEN,drusen,OD,.jpg,0.0006658999482169747
DRUSEN/41/010_Drusen.jpg,DRUSEN-041,test,DRUSEN,drusen,OD,.jpg,0.0007201202097348869
DRUSEN/41/011_Drusen.jpg,DRUSEN-041,test,DRUSEN,drusen,OD,.jpg,0.0006334619247354567
DRUSEN/41/012_Drusen.jpg,DRUSEN-041,test,DRUSEN,drusen,OD,.jpg,0.000616159406490624
DRUSEN/41/013_Drusen.jpg,DRUSEN-041,test,DRUSEN,drusen,OD,.jpg,0.0006324617424979806
DRUSEN/41/014_Drusen.jpg,DRUSEN-041,test,DRUSEN,drusen,OD,.jpg,0.0007203925051726401
DRUSEN/41/015_Drusen.jpg,DRUSEN-041,test,DRUSEN,drusen,OD,.jpg,0.000671290559694171
DRUSEN/41/016_Drusen.jpg,DRUSEN-041,test,DRUSEN,drusen,OD,.jpg,0.0007294274982996285
DRUSEN/41/017_Drusen.jpg,DRUSEN-041,test,DRUSEN,drusen,OD,.jpg,0.0007158187800087035
DRUSEN/41/018_Drusen.jpg,DRUSEN-041,test,DRUSEN,drusen,OD,.jpg,0.0006718829972669482
DRUSEN/41/019_Drusen.jpg,DRUSEN-041,test,DRUSEN,drusen,OD,.jpg,0.0005898341187275946
DRUSEN/41/020_Drusen.jpg,DRUSEN-041,test,DRUSEN,drusen,OD,.jpg,0.000711325032170862
DRUSEN/41/021_Drusen.jpg,DRUSEN-041,test,DRUSEN,drusen,OD,.jpg,0.0006720120436511934
DRUSEN/41/022_Drusen.jpg,DRUSEN-041,test,DRUSEN,drusen,OD,.jpg,0.0007531862356700003
DRUSEN/41/023_Drusen.jpg,DRUSEN-041,test,DRUSEN,drusen,OD,.jpg,0.000700457370840013
DRUSEN/41/024_Drusen.jpg,DRUSEN-041,test,DRUSEN,drusen,OD,.jpg,0.000738061498850584
DRUSEN/41/025_Drusen.jpg,DRUSEN-041,test,DRUSEN,drusen,OD,.jpg,0.0007294530514627695
DRUSEN/41/026_Normal.jpg,DRUSEN-041,test,DRUSEN,normal,OD,.jpg,0.0007651677005924284
DRUSEN/41/027_Normal.jpg,DRUSEN-041,test,DRUSEN,normal,OD,.jpg,0.0006121774204075336
DRUSEN/41/028_Normal.jpg,DRUSEN-041,test,DRUSEN,normal,OD,.jpg,0.0007017923053354025
DRUSEN/41/029_Normal.jpg,DRUSEN-041,test,DRUSEN,normal,OD,.jpg,0.0006815948872826993
DRUSEN/41/030_Normal.jpg,DRUSEN-041,test,DRUSEN,normal,OD,.jpg,0.0007139377412386239
DRUSEN/43/000_Normal.tif,DRUSEN-043,test,DRUSEN,normal,OD,.tif,0.0006609983392991126
DRUSEN/43/001_Normal.tif,DRUSEN-043,test,DRUSEN,normal,OD,.tif,0.0005245651700533926
DRUSEN/43/002_Normal.tif,DRUSEN-043,test,DRUSEN,normal,OD,.tif,0.0005687588127329946
DRUSEN/43/003_Normal.tif,DRUSEN-043,test,DRUSEN,normal,OD,.tif,0.0005395217449404299
DRUSEN/43/004_Normal.tif,DRUSEN-043,test,DRUSEN,normal,OD,.tif,0.0005396741908043623
DRUSEN/43/005_Normal.tif,DRUSEN-043,test,DRUSEN,normal,OD,.tif,0.0005905562429688871
DRUSEN/43/006_Normal.tif,DRUSEN-043,test,DRUSEN,normal,OD,.tif,0.0005887149018235505
DRUSEN/43/007_Normal.tif,DRUSEN-043,test,DRUSEN,normal,OD,.tif,0.0005734693841077387
DRUSEN/43/008_Normal.tif,DRUSEN-043,test,DRUSEN,normal,OD,.tif,0.0006346695590764284
DRUSEN/43/009_Normal.tif,DRUSEN-043,test,DRUSEN,normal,OD,.tif,0.0005777516053058207
DRUSEN/43/010_Normal.tif,DRUSEN-043,test,DRUSEN,normal,OD,.tif,0.0008259632741101086
DRUSEN/43/011_Normal.tif,DRUSEN-043,test,DRUSEN,normal,OD,.tif,0.0006131568225100636
DRUSEN/43/012_Normal.tif,DRUSEN-043,test,DRUSEN,normal,OD,.tif,0.0006706065032631159
DRUSEN/43/013_Drusen.tif,DRUSEN-043,test,DRUSEN,drusen,OD,.tif,0.00070192787097767
DRUSEN/43/014_Drusen.tif,DRUSEN-043,test,DRUSEN,drusen,OD,.tif,0.0006537291337735951
DRUSEN/43/015_Normal.tif,DRUSEN-043,test,DRUSEN,normal,OD,.tif,0.0006683094543404877
DRUSEN/43/016_Normal.tif,DRUSEN-043,test,DRUSEN,normal,OD,.tif,0.0005943440482951701
DRUSEN/43/017_Normal.tif,DRUSEN-043,test,DRUSEN,normal,OD,.tif,0.0005172215169295669
DRUSEN/43/018_Normal.tif,DRUSEN-043,test,DRUSEN,normal,OD,.tif,0.0004581935063470155
DRUSEN/43/019_Normal.tif,DRUSEN-043,test,DRUSEN,normal,OD,.tif,0.0006506453501060605
DRUSEN/43/020_Normal.tif,DRUSEN-043,test,DRUSEN,normal,OD,.tif,0.000690341112203896
DRUSEN/43/021_Normal.tif,DRUSEN-043,test,DRUSEN,normal,OD,.tif,0.0006073767435736954
DRUSEN/43/022_Normal.tif,DRUSEN-043,test,DRUSEN,normal,OD,.tif,0.000578265986405313
DRUSEN/43/023_Normal.tif,DRUSEN-043,test,DRUSEN,normal,OD,.tif,0.0005239553283900023
DRUSEN/43/024_Normal.tif,DRUSEN-043,test,DRUSEN,normal,OD,.tif,0.0006468793144449592
DRUSEN/43/025_Normal.tif,DRUSEN-043,test,DRUSEN,normal,OD,.tif,0.0006105872453190386
DRUSEN/43/026_Normal.tif,DRUSEN-043,test,DRUSEN,normal,OD,.tif,0.0005901788827031851
DRUSEN/43/027_Normal.tif,DRUSEN-043,test,DRUSEN,normal,OD,.tif,0.0006405565072782338
DRUSEN/43/028_Normal.tif,DRUSEN-043,test,DRUSEN,normal,OD,.tif,0.0005615310510620475
DRUSEN/43/029_Normal.tif,DRUSEN-043,test,DRUSEN,normal,OD,.tif,0.0006127943634055555
DRUSEN/43/030_Normal.tif,DRUSEN-043,test,DRUSEN,normal,OD,.tif,0.0005734861479140818
DRUSEN/44/000_Normal.tif,DRUSEN-044,test,DRUSEN,normal,OS,.tif,0.0009235017350874841
DRUSEN/44/001_Normal.tif,DRUSEN-044,test,DRUSEN,normal,OS,.tif,0.000869047362357378
DRUSEN/44/002_Normal.tif,DRUSEN-044,test,DRUSEN,normal,OS,.tif,0.0009048375650309026
DRUSEN/44/003_Normal.tif,DRUSEN-044,test,DRUSEN,normal,OS,.tif,0.0009085879428312182
DRUSEN/44/004_Normal.tif,DRUSEN-044,test,DRUSEN,normal,OS,.tif,0.0009952820837497711
DRUSEN/44/005_Normal.tif,DRUSEN-044,test,DRUSEN,normal,OS,.tif,0.0011787819676101208
DRUSEN/44/006_Normal.tif,DRUSEN-044,test,DRUSEN,normal,OS,.tif,0.001005148864351213
DRUSEN/44/007_Normal.tif,DRUSEN-044,test,DRUSEN,normal,OS,.tif,0.00135717389639467
DRUSEN/44/008_Normal.tif,DRUSEN-044,test,DRUSEN,normal,OS,.tif,0.0007176572689786553
DRUSEN/44/009_Normal.tif,DRUSEN-044,test,DRUSEN,normal,OS,.tif,0.0008830960723571479
DRUSEN/44/010_Normal.tif,DRUSEN-044,test,DRUSEN,normal,OS,.tif,0.0010293916566297412
DRUSEN/44/011_Normal.tif,DRUSEN-044,test,DRUSEN,normal,OS,.tif,0.0007755918777547777
DRUSEN/44/012_Normal.tif,DRUSEN-044,test,DRUSEN,normal,OS,.tif,0.0005103899748064578
DRUSEN/44/013_Normal.tif,DRUSEN-044,test,DRUSEN,normal,OS,.tif,0.0010872295824810863
DRUSEN/44/014_Normal.tif,DRUSEN-044,test,DRUSEN,normal,OS,.tif,0.0010522253578528762
DRUSEN/44/015_Normal.tif,DRUSEN-044,test,DRUSEN,normal,OS,.tif,0.0007112219464033842
DRUSEN/44/016_Normal.tif,DRUSEN-044,test,DRUSEN,normal,OS,.tif,0.0009909112704917789
DRUSEN/44/017_Drusen.tif,DRUSEN-044,test,DRUSEN,drusen,OS,.tif,0.0005560168065130711
DRUSEN/44/018_Normal.tif,DRUSEN-044,test,DRUSEN,normal,OS,.tif,0.0010139429941773415
DRUSEN/44/019_Normal.tif,DRUSEN-044,test,DRUSEN,normal,OS,.tif,0.001035513123497367
DRUSEN/44/020_Normal.tif,DRUSEN-044,test,DRUSEN,normal,OS,.tif,0.0009172005229629576
DRUSEN/44/021_Normal.tif,DRUSEN-044,test,DRUSEN,normal,OS,.tif,0.0009291456080973148
DRUSEN/44/022_Normal.tif,DRUSEN-044,test,DRUSEN,normal,OS,.tif,0.001056320033967495
DRUSEN/44/023_Normal.tif,DRUSEN-044,test,DRUSEN,normal,OS,.tif,0.0006003269227221608
DRUSEN/44/024_Normal.tif,DRUSEN-044,test,DRUSEN,normal,OS,.tif,0.0009710864396765828
DRUSEN/44/025_Normal.tif,DRUSEN-044,test,DRUSEN,normal,OS,.tif,0.0010184987913817167
DRUSEN/44/026_Normal.tif,DRUSEN-044,test,DRUSEN,normal,OS,.tif,0.0006796191446483135
DRUSEN/44/027_Normal.tif,DRUSEN-044,test,DRUSEN,normal,OS,.tif,0.0005967622855678201
DRUSEN/44/028_Normal.tif,DRUSEN-044,test,DRUSEN,normal,OS,.tif,0.0008114142692647874
DRUSEN/44/029_Normal.tif,DRUSEN-044,test,DRUSEN,normal,OS,.tif,0.0008543027215637267
DRUSEN/44/030_Normal.tif,DRUSEN-044,test,DRUSEN,normal,OS,.tif,0.0010097345802932978
DRUSEN/46/000_Normal.tif,DRUSEN-046,test,DRUSEN,normal,OD,.tif,0.0006784185534343123
DRUSEN/46/001_Normal.tif,DRUSEN-046,test,DRUSEN,normal,OD,.tif,0.0005425903364084661
DRUSEN/46/002_Normal.tif,DRUSEN-046,test,DRUSEN,normal,OD,.tif,0.000628206180408597
DRUSEN/46/003_Normal.tif,DRUSEN-046,test,DRUSEN,normal,OD,.tif,0.0004978572251275182
DRUSEN/46/004_Normal.tif,DRUSEN-046,test,DRUSEN,normal,OD,.tif,0.0004628313472494483
DRUSEN/46/005_Normal.tif,DRUSEN-046,test,DRUSEN,normal,OD,.tif,0.0005371789447963238
DRUSEN/46/006_Normal.tif,DRUSEN-046,test,DRUSEN,normal,OD,.tif,0.0005557093536481261
DRUSEN/46/007_Normal.tif,DRUSEN-046,test,DRUSEN,normal,OD,.tif,0.0004925368702970445
DRUSEN/46/008_Normal.tif,DRUSEN-046,test,DRUSEN,normal,OD,.tif,0.00041904617683030665
DRUSEN/46/009_Normal.tif,DRUSEN-046,test,DRUSEN,normal,OD,.tif,0.0004931582370772958
DRUSEN/46/010_Normal.tif,DRUSEN-046,test,DRUSEN,normal,OD,.tif,0.0006148007814772427
DRUSEN/46/011_Drusen.tif,DRUSEN-046,test,DRUSEN,drusen,OD,.tif,0.0006609854754060507
DRUSEN/46/012_Drusen.tif,DRUSEN-046,test,DRUSEN,drusen,OD,.tif,0.000600357772782445
DRUSEN/46/013_Drusen.tif,DRUSEN-046,test,DRUSEN,drusen,OD,.tif,0.0005711613921448588
DRUSEN/46/014_Drusen.tif,DRUSEN-046,test,DRUSEN,drusen,OD,.tif,0.0006399116246029735
DRUSEN/46/015_Drusen.tif,DRUSEN-046,test,DRUSEN,drusen,OD,.tif,0.0007252146606333554
DRUSEN/46/016_Drusen.tif,DRUSEN-046,test,DRUSEN,drusen,OD,.tif,0.0007081684889271855
DRUSEN/46/017_Drusen.tif,DRUSEN-046,test,DRUSEN,drusen,OD,.tif,0.0005613247631117702
DRUSEN/46/018_Drusen.tif,DRUSEN-046,test,DRUSEN,drusen,OD,.tif,0.00042432197369635105
DRUSEN/46/019_Drusen.tif,DRUSEN-046,test,DRUSEN,drusen,OD,.tif,0.0005400044028647244
DRUSEN/46/020_Drusen.tif,DRUSEN-046,test,DRUSEN,drusen,OD,.tif,0.000474040221888572
DRUSEN/46/021_Normal.tif,DRUSEN-046,test,DRUSEN,normal,OD,.tif,0.0004240023554302752
DRUSEN/46/022_Normal.tif,DRUSEN-046,test,DRUSEN,normal,OD,.tif,0.0004519755602814257
DRUSEN/46/023_Normal.tif,DRUSEN-046,test,DRUSEN,normal,OD,.tif,0.0005150660290382802
DRUSEN/46/024_Normal.tif,DRUSEN-046,test,DRUSEN,normal,OD,.tif,0.0004318339051678777
DRUSEN/46/025_Normal.tif,DRUSEN-046,test,DRUSEN,normal,OD,.tif,0.0004344442568253726
DRUSEN/46/026_Normal.tif,DRUSEN-046,test,DRUSEN,normal,OD,.tif,0.0004422610509209335
DRUSEN/46/027_Normal.tif,DRUSEN-046,test,DRUSEN,normal,OD,.tif,0.0004101515223737806
DRUSEN/46/028_Normal.tif,DRUSEN-046,test,DRUSEN,normal,OD,.tif,0.0005152192898094654
DRUSEN/46/029_Normal.tif,DRUSEN-046,test,DRUSEN,normal,OD,.tif,0.0005457377410493791
DRUSEN/46/030_Normal.tif,DRUSEN-046,test,DRUSEN,normal,OD,.tif,0.0005368105485104024
DRUSEN/52/000_Drusen.tif,DRUSEN-052,test,DRUSEN,drusen,OD,.tif,0.0005362064111977816
DRUSEN/52/001_Drusen.tif,DRUSEN-052,test,DRUSEN,drusen,OD,.tif,0.0004693676019087434
DRUSEN/52/002_Drusen.tif,DRUSEN-052,test,DRUSEN,drusen,OD,.tif,0.00048197866999544203
DRUSEN/52/003_Drusen.tif,DRUSEN-052,test,DRUSEN,drusen,OD,.tif,0.0004808397206943482
DRUSEN/52/004_Drusen.tif,DRUSEN-052,test,DRUSEN,drusen,OD,.tif,0.0005466413567773998
DRUSEN/52/005_Drusen.tif,DRUSEN-052,test,DRUSEN,drusen,OD,.tif,0.0005498668178915977
DRUSEN/52/006_Drusen.tif,DRUSEN-052,test,DRUSEN,drusen,OD,.tif,0.0005723881768062711
DRUSEN/52/007_Drusen.tif,DRUSEN-052,test,DRUSEN,drusen,OD,.tif,0.0005058301612734795
DRUSEN/52/008_Drusen.tif,DRUSEN-052,test,DRUSEN,drusen,OD,.tif,0.0005324833327904344
DRUSEN/52/009_Drusen.tif,DRUSEN-052,test,DRUSEN,drusen,OD,.tif,0.0005755553720518947
DRUSEN/52/010_Drusen.tif,DRUSEN-052,test,DRUSEN,drusen,OD,.tif,0.0006868491182103753
DRUSEN/52/011_Drusen.tif,DRUSEN-052,test,DRUSEN,drusen,OD,.tif,0.0006005421164445579
DRUSEN/52/012_Drusen.tif,DRUSEN-052,test,DRUSEN,drusen,OD,.tif,0.0005814649630337954
DRUSEN/52/013_Drusen.tif,DRUSEN-052,test,DRUSEN,drusen,OD,.tif,0.0007432339480146766
DRUSEN/52/014_Drusen.tif,DRUSEN-052,test,DRUSEN,drusen,OD,.tif,0.0006892934907227755
DRUSEN/52/015_Drusen.tif,DRUSEN-052,test,DRUSEN,drusen,OD,.tif,0.0005907804588787258
DRUSEN/52/016_Drusen.tif,DRUSEN-052,test,DRUSEN,drusen,OD,.tif,0.00044469922431744635
DRUSEN/52/017_Drusen.tif,DRUSEN-052,test,DRUSEN,drusen,OD,.tif,0.0005331396823748946
DRUSEN/52/018_Drusen.tif,DRUSEN-052,test,DRUSEN,drusen,OD,.tif,0.0005594443064182997
DRUSEN/52/019_Drusen.tif,DRUSEN-052,test,DRUSEN,drusen,OD,.tif,0.0005710276309400797
DRUSEN/52/020_Drusen.tif,DRUSEN-052,test,DRUSEN,drusen,OD,.tif,0.00054456532234326
DRUSEN/52/021_Drusen.tif,DRUSEN-052,test,DRUSEN,drusen,OD,.tif,0.0007314772228710353
DRUSEN/52/022_Drusen.tif,DRUSEN-052,test,DRUSEN,drusen,OD,.tif,0.0006592862773686647
DRUSEN/52/023_Drusen.tif,DRUSEN-052,test,DRUSEN,drusen,OD,.tif,0.0006504866178147495
DRUSEN/52/024_Drusen.tif,DRUSEN-052,test,DRUSEN,drusen,OD,.tif,0.000625902961473912
DRUSEN/52/025_Drusen.tif,DRUSEN-052,test,DRUSEN,drusen,OD,.tif,0.0006024548201821744
DRUSEN/52/026_Drusen.tif,DRUSEN-052,test,DRUSEN,drusen,OD,.tif,0.0006486084312200546
DRUSEN/52/027_Drusen.tif,DRUSEN-052,test,DRUSEN,drusen,OD,.tif,0.0005992422229610384
DRUSEN/52/028_Drusen.tif,DRUSEN-052,test,DRUSEN,drusen,OD,.tif,0.0006664030370302498
DRUSEN/52/029_Drusen.tif,DRUSEN-052,test,DRUSEN,drusen,OD,.tif,0.0006014156970195472
DRUSEN/52/030_Drusen.tif,DRUSEN-052,test,DRUSEN,drusen,OD,.tif,0.0006654157768934965
DRUSEN/54/000_Normal.tif,DRUSEN-054,test,DRUSEN,normal,OD,.tif,0.0007309906068257987
DRUSEN/54/001_Normal.tif,DRUSEN-054,test,DRUSEN,normal,OD,.tif,0.0006977486773394048
DRUSEN/54/002_Normal.tif,DRUSEN-054,test,DRUSEN,normal,OD,.tif,0.0010048976400867105
DRUSEN/54/003_Normal.tif,DRUSEN-054,test,DRUSEN,normal,OD,.tif,0.0008006620337255299
DRUSEN/54/004_Normal.tif,DRUSEN-054,test,DRUSEN,normal,OD,.tif,0.0007942613447085023
DRUSEN/54/005_Drusen.tif,DRUSEN-054,test,DRUSEN,drusen,OD,.tif,0.0009966007201001048
DRUSEN/54/006_Drusen.tif,DRUSEN-054,test,DRUSEN,drusen,OD,.tif,0.0009719300433062017
DRUSEN/54/007_Drusen.tif,DRUSEN-054,test,DRUSEN,drusen,OD,.tif,0.0008425592095591128
DRUSEN/54/008_Normal.tif,DRUSEN-054,test,DRUSEN,normal,OD,.tif,0.0006673465250059962
DRUSEN/54/009_Normal.tif,DRUSEN-054,test,DRUSEN,normal,OD,.tif,0.000753984204493463
DRUSEN/54/010_Normal.tif,DRUSEN-054,test,DRUSEN,normal,OD,.tif,0.0006200867937877774
DRUSEN/54/011_Normal.tif,DRUSEN-054,test,DRUSEN,normal,OD,.tif,0.0008190056541934609
DRUSEN/54/012_Normal.tif,DRUSEN-054,test,DRUSEN,normal,OD,.tif,0.00077436602441594
DRUSEN/54/013_Normal.tif,DRUSEN-054,test,DRUSEN,normal,OD,.tif,0.0011724744690582156
DRUSEN/54/014_Normal.tif,DRUSEN-054,test,DRUSEN,normal,OD,.tif,0.0008810762083157897
DRUSEN/54/015_Normal.tif,DRUSEN-054,test,DRUSEN,normal,OD,.tif,0.0009190385462716222
DRUSEN/54/016_Normal.tif,DRUSEN-054,test,DRUSEN,normal,OD,.tif,0.0007112257299013436
DRUSEN/54/017_Normal.tif,DRUSEN-054,test,DRUSEN,normal,OD,.tif,0.0007161757675930858
DRUSEN/54/018_Normal.tif,DRUSEN-054,test,DRUSEN,normal,OD,.tif,0.0007382566691376269
DRUSEN/54/019_Normal.tif,DRUSEN-054,test,DRUSEN,normal,OD,.tif,0.0006109143141657114
DRUSEN/54/020_Normal.tif,DRUSEN-054,test,DRUSEN,normal,OD,.tif,0.000748571241274476
DRUSEN/54/021_Normal.tif,DRUSEN-054,test,DRUSEN,normal,OD,.tif,0.0005981743452139199
DRUSEN/54/022_Normal.tif,DRUSEN-054,test,DRUSEN,normal,OD,.tif,0.0007325754850171506
DRUSEN/54/023_Normal.tif,DRUSEN-054,test,DRUSEN,normal,OD,.tif,0.0006960941827856004
DRUSEN/54/024_Normal.tif,DRUSEN-054,test,DRUSEN,normal,OD,.tif,0.0006852873484604061
DRUSEN/54/025_Normal.tif,DRUSEN-054,test,DRUSEN,normal,OD,.tif,0.0007334185647778213
DRUSEN/54/026_Normal.tif,DRUSEN-054,test,DRUSEN,normal,OD,.tif,0.0007065777899697423
DRUSEN/54/027_Normal.tif,DRUSEN-054,test,DRUSEN,normal,OD,.tif,0.0007311319932341576
DRUSEN/54/028_Normal.tif,DRUSEN-054,test,DRUSEN,normal,OD,.tif,0.0006694168550893664
DRUSEN/54/029_Normal.tif,DRUSEN-054,test,DRUSEN,normal,OD,.tif,0.0007317137788049877
DRUSEN/54/030_Normal.tif,DRUSEN-054,test,DRUSEN,normal,OD,.tif,0.0006075897254049778
DRUSEN/56/000_Drusen.tif,DRUSEN-056,test,DRUSEN,drusen,OD,.tif,0.0007135166088119149
DRUSEN/56/001_Normal.tif,DRUSEN-056,test,DRUSEN,normal,OD,.tif,0.0005909361643716693
DRUSEN/56/002_Normal.tif,DRUSEN-056,test,DRUSEN,normal,OD,.tif,0.0007012308924458921
DRUSEN/56/003_Normal.tif,DRUSEN-056,test,DRUSEN,normal,OD,.tif,0.0008717428427189589
DRUSEN/56/004_Normal.tif,DRUSEN-056,test,DRUSEN,normal,OD,.tif,0.0005591619410552084
DRUSEN/56/005_Normal.tif,DRUSEN-056,test,DRUSEN,normal,OD,.tif,0.00048238199087791145
DRUSEN/56/006_Normal.tif,DRUSEN-056,test,DRUSEN,normal,OD,.tif,0.0004637142410501838
DRUSEN/56/007_Normal.tif,DRUSEN-056,test,DRUSEN,normal,OD,.tif,0.0005133030354045331
DRUSEN/56/008_Normal.tif,DRUSEN-056,test,DRUSEN,normal,OD,.tif,0.00047777159488759935
DRUSEN/56/009_Normal.tif,DRUSEN-056,test,DRUSEN,normal,OD,.tif,0.0005471376935020089
DRUSEN/56/010_Normal.tif,DRUSEN-056,test,DRUSEN,normal,OD,.tif,0.0006065293564461172
DRUSEN/56/011_Drusen.tif,DRUSEN-056,test,DRUSEN,drusen,OD,.tif,0.0006285819690674543
DRUSEN/56/012_Drusen.tif,DRUSEN-056,test,DRUSEN,drusen,OD,.tif,0.0006043787579983473
DRUSEN/56/013_Drusen.tif,DRUSEN-056,test,DRUSEN,drusen,OD,.tif,0.0009335540817119181
DRUSEN/56/014_Drusen.tif,DRUSEN-056,test,DRUSEN,drusen,OD,.tif,0.001022823853418231
DRUSEN/56/015_Drusen.tif,DRUSEN-056,test,DRUSEN,drusen,OD,.tif,0.0006591822020709515
DRUSEN/56/016_Drusen.tif,DRUSEN-056,test,DRUSEN,drusen,OD,.tif,0.0006715335184708238
DRUSEN/56/017_Drusen.tif,DRUSEN-056,test,DRUSEN,drusen,OD,.tif,0.0005058380775153637
DRUSEN/56/018_Drusen.tif,DRUSEN-056,test,DRUSEN,drusen,OD,.tif,0.0005435969214886427
DRUSEN/56/019_Drusen.tif,DRUSEN-056,test,DRUSEN,drusen,OD,.tif,0.0005173629615455866
DRUSEN/56/020_Normal.tif,DRUSEN-056,test,DRUSEN,normal,OD,.tif,0.0005288694519549608
DRUSEN/56/021_Normal.tif,DRUSEN-056,test,DRUSEN,normal,OD,.tif,0.0005382340168580413
DRUSEN/56/022_Normal.tif,DRUSEN-056,test,DRUSEN,normal,OD,.tif,0.0006161522469483316
DRUSEN/56/023_Normal.tif,DRUSEN-056,test,DRUSEN,normal,OD,.tif,0.000652324000839144
DRUSEN/56/024_Normal.tif,DRUSEN-056,test,DRUSEN,normal,OD,.tif,0.0005534350057132542
DRUSEN/56/025_Normal.tif,DRUSEN-056,test,DRUSEN,normal,OD,.tif,0.0005285106017254293
DRUSEN/56/026_Normal.tif,DRUSEN-056,test,DRUSEN,normal,OD,.tif,0.0005611041560769081
DRUSEN/56/027_Normal.tif,DRUSEN-056,test,DRUSEN,normal,OD,.tif,0.0004591803008224815
DRUSEN/56/028_Normal.tif,DRUSEN-056,test,DRUSEN,normal,OD,.tif,0.0005963891744613647
DRUSEN/56/029_Normal.tif,DRUSEN-056,test,DRUSEN,normal,OD,.tif,0.0005889604799449444
DRUSEN/56/030_Drusen.tif,DRUSEN-056,test,DRUSEN,drusen,OD,.tif,0.0006039490690454841
DRUSEN/58/000_Normal.tif,DRUSEN-058,test,DRUSEN,normal,OD,.tif,0.00044366405927576125
DRUSEN/58/001_Normal.tif,DRUSEN-058,test,DRUSEN,normal,OD,.tif,0.0005077349487692118
DRUSEN/58/002_Normal.tif,DRUSEN-058,test,DRUSEN,normal,OD,.tif,0.0006186233949847519
DRUSEN/58/003_Normal.tif,DRUSEN-058,test,DRUSEN,normal,OD,.tif,0.0006093891570344567
DRUSEN/58/004_Normal.tif,DRUSEN-058,test,DRUSEN,normal,OD,.tif,0.0005756709724664688
DRUSEN/58/005_Normal.tif,DRUSEN-058,test,DRUSEN,normal,OD,.tif,0.0007085747784003615
DRUSEN/58/006_Normal.tif,DRUSEN-058,test,DRUSEN,normal,OD,.tif,0.0008484533755108714
DRUSEN/58/007_Normal.tif,DRUSEN-058,test,DRUSEN,normal,OD,.tif,0.0009554068092256784
DRUSEN/58/008_Normal.tif,DRUSEN-058,test,DRUSEN,normal,OD,.tif,0.0005661780596710742
DRUSEN/58/009_Normal.tif,DRUSEN-058,test,DRUSEN,normal,OD,.tif,0.0006360380793921649
DRUSEN/58/010_Normal.tif,DRUSEN-058,test,DRUSEN,normal,OD,.tif,0.0006626489339396358
DRUSEN/58/011_Normal.tif,DRUSEN-058,test,DRUSEN,normal,OD,.tif,0.0005158366402611136
DRUSEN/58/012_Normal.tif,DRUSEN-058,test,DRUSEN,normal,OD,.tif,0.0006712264148518443
DRUSEN/58/013_Drusen.tif,DRUSEN-058,test,DRUSEN,drusen,OD,.tif,0.0006006693583913147
DRUSEN/58/014_Drusen.tif,DRUSEN-058,test,DRUSEN,drusen,OD,.tif,0.000490207108668983
DRUSEN/58/015_Drusen.tif,DRUSEN-058,test,DRUSEN,drusen,OD,.tif,0.00045584398321807384
DRUSEN/58/016_Drusen.tif,DRUSEN-058,test,DRUSEN,drusen,OD,.tif,0.0007744414615444839
DRUSEN/58/017_Drusen.tif,DRUSEN-058,test,DRUSEN,drusen,OD,.tif,0.0006856925901956856
DRUSEN/58/018_Drusen.tif,DRUSEN-058,test,DRUSEN,drusen,OD,.tif,0.0007129799341782928
DRUSEN/58/019_Drusen.tif,DRUSEN-058,test,DRUSEN,drusen,OD,.tif,0.0005826131673529744
DRUSEN/58/020_Drusen.tif,DRUSEN-058,test,DRUSEN,drusen,OD,.tif,0.0006531491526402533
DRUSEN/58/021_Normal.tif,DRUSEN-058,test,DRUSEN,normal,OD,.tif,0.0006040079169906676
DRUSEN/58/022_Normal.tif,DRUSEN-058,test,DRUSEN,normal,OD,.tif,0.0005642208270728588
DRUSEN/58/023_Normal.tif,DRUSEN-058,test,DRUSEN,normal,OD,.tif,0.0006627448019571602
DRUSEN/58/024_Normal.tif,DRUSEN-058,test,DRUSEN,normal,OD,.tif,0.0006045543123036623
DRUSEN/58/025_Normal.tif,DRUSEN-058,test,DRUSEN,normal,OD,.tif,0.0007236158126033843
DRUSEN/58/026_Normal.tif,DRUSEN-058,test,DRUSEN,normal,OD,.tif,0.0007218776154331863
DRUSEN/58/027_Normal.tif,DRUSEN-058,test,DRUSEN,normal,OD,.tif,0.0006968579837121069
DRUSEN/58/028_Normal.tif,DRUSEN-058,test,DRUSEN,normal,OD,.tif,0.0007082840893417597
DRUSEN/58/029_Normal.tif,DRUSEN-058,test,DRUSEN,normal,OD,.tif,0.0007208029855974019
DRUSEN/58/030_Normal.tif,DRUSEN-058,test,DRUSEN,normal,OD,.tif,0.0005897688097320497
DRUSEN/60/000_Normal.tif,DRUSEN-060,test,DRUSEN,normal,OD,.tif,0.000630323076620698
DRUSEN/60/001_Normal.tif,DRUSEN-060,test,DRUSEN,normal,OD,.tif,0.0005607092170976102
DRUSEN/60/002_Normal.tif,DRUSEN-060,test,DRUSEN,normal,OD,.tif,0.0005630854284390807
DRUSEN/60/003_Drusen.tif,DRUSEN-060,test,DRUSEN,drusen,OD,.tif,0.0005744755617342889
DRUSEN/60/004_Drusen.tif,DRUSEN-060,test,DRUSEN,drusen,OD,.tif,0.000620562641415745
DRUSEN/60/005_Drusen.tif,DRUSEN-060,test,DRUSEN,drusen,OD,.tif,0.0006044816691428423
DRUSEN/60/006_Drusen.tif,DRUSEN-060,test,DRUSEN,drusen,OD,.tif,0.0006122290506027639
DRUSEN/60/007_Normal.tif,DRUSEN-060,test,DRUSEN,normal,OD,.tif,0.0005071429768577218
DRUSEN/60/008_Drusen.tif,DRUSEN-060,test,DRUSEN,drusen,OD,.tif,0.0005766302347183228
DRUSEN/60/009_Drusen.tif,DRUSEN-060,test,DRUSEN,drusen,OD,.tif,0.0006034724065102637
DRUSEN/60/010_Drusen.tif,DRUSEN-060,test,DRUSEN,drusen,OD,.tif,0.0007174331694841385
DRUSEN/60/011_Drusen.tif,DRUSEN-060,test,DRUSEN,drusen,OD,.tif,0.0007021718774922192
DRUSEN/60/012_Drusen.tif,DRUSEN-060,test,DRUSEN,drusen,OD,.tif,0.0005883982521481812
DRUSEN/60/013_Drusen.tif,DRUSEN-060,test,DRUSEN,drusen,OD,.tif,0.0006718247896060348
DRUSEN/60/014_Drusen.tif,DRUSEN-060,test,DRUSEN,drusen,OD,.tif,0.0007319793221540749
DRUSEN/60/015_Drusen.tif,DRUSEN-060,test,DRUSEN,drusen,OD,.tif,0.0006067551439628005
DRUSEN/60/016_Drusen.tif,DRUSEN-060,test,DRUSEN,drusen,OD,.tif,0.000608024129178375
DRUSEN/60/017_Drusen.tif,DRUSEN-060,test,DRUSEN,drusen,OD,.tif,0.0005579093704000115
DRUSEN/60/018_Drusen.tif,DRUSEN-060,test,DRUSEN,drusen,OD,.tif,0.0006807476747781038
DRUSEN/60/019_Drusen.tif,DRUSEN-060,test,DRUSEN,drusen,OD,.tif,0.0006348919123411179
DRUSEN/60/020_Drusen.tif,DRUSEN-060,test,DRUSEN,drusen,OD,.tif,0.0006407992332242429
DRUSEN/60/021_Drusen.tif,DRUSEN-060,test,DRUSEN,drusen,OD,.tif,0.0005887754959985614
DRUSEN/60/022_Drusen.tif,DRUSEN-060,test,DRUSEN,drusen,OD,.tif,0.0005945350276306272
DRUSEN/60/023_Drusen.tif,DRUSEN-060,test,DRUSEN,drusen,OD,.tif,0.0006024981266818941
DRUSEN/60/024_Drusen.tif,DRUSEN-060,test,DRUSEN,drusen,OD,.tif,0.0005453665507957339
DRUSEN/60/025_Drusen.tif,DRUSEN-060,test,DRUSEN,drusen,OD,.tif,0.0005805646069347858
DRUSEN/60/026_Normal.tif,DRUSEN-060,test,DRUSEN,normal,OD,.tif,0.0005130966892465949
DRUSEN/60/027_Normal.tif,DRUSEN-060,test,DRUSEN,normal,OD,.tif,0.0004977634525857866
DRUSEN/60/028_Normal.tif,DRUSEN-060,test,DRUSEN,normal,OD,.tif,0.000584006542339921
DRUSEN/60/029_Normal.tif,DRUSEN-060,test,DRUSEN,normal,OD,.tif,0.00036122443270869553
DRUSEN/60/030_Normal.tif,DRUSEN-060,test,DRUSEN,normal,OD,.tif,0.000388360203942284
DRUSEN/62/000_Normal.tif,DRUSEN-062,test,DRUSEN,normal,OS,.tif,0.0023791079875081778
DRUSEN/62/001_Normal.tif,DRUSEN-062,test,DRUSEN,normal,OS,.tif,0.0019644733984023333
DRUSEN/62/002_Normal.tif,DRUSEN-062,test,DRUSEN,normal,OS,.tif,0.0006227431003935635
DRUSEN/62/003_Drusen.tif,DRUSEN-062,test,DRUSEN,drusen,OS,.tif,0.0006947474903427064
DRUSEN/62/004_Drusen.tif,DRUSEN-062,test,DRUSEN,drusen,OS,.tif,0.0009910176740959287
DRUSEN/62/005_Drusen.tif,DRUSEN-062,test,DRUSEN,drusen,OS,.tif,0.0010638729436323047
DRUSEN/62/006_Drusen.tif,DRUSEN-062,test,DRUSEN,drusen,OS,.tif,0.0009573851129971445
DRUSEN/62/007_Drusen.tif,DRUSEN-062,test,DRUSEN,drusen,OS,.tif,0.0009222597582265735
DRUSEN/62/008_Drusen.tif,DRUSEN-062,test,DRUSEN,drusen,OS,.tif,0.0007743316818960011
DRUSEN/62/009_Drusen.tif,DRUSEN-062,test,DRUSEN,drusen,OS,.tif,0.000686467916239053
DRUSEN/62/010_Drusen.tif,DRUSEN-062,test,DRUSEN,drusen,OS,.tif,0.0009720298112370074
DRUSEN/62/011_Drusen.tif,DRUSEN-062,test,DRUSEN,drusen,OS,.tif,0.0008787671686150134
DRUSEN/62/012_Drusen.tif,DRUSEN-062,test,DRUSEN,drusen,OS,.tif,0.0007775516132824123
DRUSEN/62/013_Drusen.tif,DRUSEN-062,test,DRUSEN,drusen,OS,.tif,0.0011950439075008035
DRUSEN/62/014_Drusen.tif,DRUSEN-062,test,DRUSEN,drusen,OS,.tif,0.0011628479696810246
DRUSEN/62/015_Drusen.tif,DRUSEN-062,test,DRUSEN,drusen,OS,.tif,0.0012419658014550805
DRUSEN/62/016_Drusen.tif,DRUSEN-062,test,DRUSEN,drusen,OS,.tif,0.0009398622205480933
DRUSEN/62/017_Drusen.tif,DRUSEN-062,test,DRUSEN,drusen,OS,.tif,0.0009177519823424518
DRUSEN/62/018_Drusen.tif,DRUSEN-062,test,DRUSEN,drusen,OS,.tif,0.0008113466901704669
DRUSEN/62/019_Drusen.tif,DRUSEN-062,test,DRUSEN,drusen,OS,.tif,0.000985148479230702
DRUSEN/62/020_Drusen.tif,DRUSEN-062,test,DRUSEN,drusen,OS,.tif,0.0010920896893367171
DRUSEN/62/021_Drusen.tif,DRUSEN-062,test,DRUSEN,drusen,OS,.tif,0.001392558217048645
DRUSEN/62/022_Drusen.tif,DRUSEN-062,test,DRUSEN,drusen,OS,.tif,0.0007674259250052273
DRUSEN/62/023_Drusen.tif,DRUSEN-062,test,DRUSEN,drusen,OS,.tif,0.0011196945561096072
DRUSEN/62/024_Drusen.tif,DRUSEN-062,test,DRUSEN,drusen,OS,.tif,0.0016891590785235167
DRUSEN/62/025_Drusen.tif,DRUSEN-062,test,DRUSEN,drusen,OS,.tif,0.0011862913379445672
DRUSEN/62/026_Drusen.tif,DRUSEN-062,test,DRUSEN,drusen,OS,.tif,0.0014500344404950738
DRUSEN/62/027_Drusen.tif,DRUSEN-062,test,DRUSEN,drusen,OS,.tif,0.0016466055531054735
DRUSEN/62/028_Drusen.tif,DRUSEN-062,test,DRUSEN,drusen,OS,.tif,0.0012211812427267432
DRUSEN/62/029_Drusen.tif,DRUSEN-062,test,DRUSEN,drusen,OS,.tif,0.0018358811503276229
DRUSEN/62/030_Drusen.tif,DRUSEN-062,test,DRUSEN,drusen,OS,.tif,0.001708157011307776
DRUSEN/64/OD/000_Drusen.tif,DRUSEN-064,test,DRUSEN,drusen,OD,.tif,0.0005080239498056471
DRUSEN/64/OD/001_Drusen.tif,DRUSEN-064,test,DRUSEN,drusen,OD,.tif,0.0006513795233331621
DRUSEN/64/OD/002_Drusen.tif,DRUSEN-064,test,DRUSEN,drusen,OD,.tif,0.0005620064912363887
DRUSEN/64/OD/003_Drusen.tif,DRUSEN-064,test,DRUSEN,drusen,OD,.tif,0.0006225701072253287
DRUSEN/64/OD/004_Drusen.tif,DRUSEN-064,test,DRUSEN,drusen,OD,.tif,0.000591979012824595
DRUSEN/64/OD/005_Drusen.tif,DRUSEN-064,test,DRUSEN,drusen,OD,.tif,0.0005724637885577977
DRUSEN/64/OD/006_Drusen.tif,DRUSEN-064,test,DRUSEN,drusen,OD,.tif,0.0005976106622256339
DRUSEN/64/OD/007_Drusen.tif,DRUSEN-064,test,DRUSEN,drusen,OD,.tif,0.0005290988483466208
DRUSEN/64/OD/008_Drusen.tif,DRUSEN-064,test,DRUSEN,drusen,OD,.tif,0.0006707074935548007
DRUSEN/64/OD/009_Drusen.tif,DRUSEN-064,test,DRUSEN,drusen,OD,.tif,0.0005650240927934647
DRUSEN/64/OD/010_Drusen.tif,DRUSEN-064,test,DRUSEN,drusen,OD,.tif,0.0006739962263964117
DRUSEN/64/OD/011_Drusen.tif,DRUSEN-064,test,DRUSEN,drusen,OD,.tif,0.0006073763943277299
DRUSEN/64/OD/012_Drusen.tif,DRUSEN-064,test,DRUSEN,drusen,OD,.tif,0.0006787528982385993
DRUSEN/64/OD/013_Drusen.tif,DRUSEN-064,test,DRUSEN,drusen,OD,.tif,0.000653622264508158
DRUSEN/64/OD/014_Drusen.tif,DRUSEN-064,test,DRUSEN,drusen,OD,.tif,0.0006399024277925491
DRUSEN/64/OD/015_Drusen.tif,DRUSEN-064,test,DRUSEN,drusen,OD,.tif,0.0006179222255013883
DRUSEN/64/OD/016_Drusen.tif,DRUSEN-064,test,DRUSEN,drusen,OD,.tif,0.0007008672691881657
DRUSEN/64/OD/017_Drusen.tif,DRUSEN-064,test,DRUSEN,drusen,OD,.tif,0.000730568019207567
DRUSEN/64/OD/018_Drusen.tif,DRUSEN-064,test,DRUSEN,drusen,OD,.tif,0.0007092645391821861
DRUSEN/64/OD/019_Drusen.tif,DRUSEN-064,test,DRUSEN,drusen,OD,.tif,0.0006441448931582272
DRUSEN/64/OD/020_Drusen.tif,DRUSEN-064,test,DRUSEN,drusen,OD,.tif,0.0005272210109978914
DRUSEN/64/OD/021_Drusen.tif,DRUSEN-064,test,DRUSEN,drusen,OD,.tif,0.0007930904976092279
DRUSEN/64/OD/022_Drusen.tif,DRUSEN-064,test,DRUSEN,drusen,OD,.tif,0.0005636854912154377
DRUSEN/64/OD/023_Drusen.tif,DRUSEN-064,test,DRUSEN,drusen,OD,.tif,0.0007075179019011557
DRUSEN/64/OD/024_Drusen.tif,DRUSEN-064,test,DRUSEN,drusen,OD,.tif,0.000726179510820657
DRUSEN/64/OD/025_Drusen.tif,DRUSEN-064,test,DRUSEN,drusen,OD,.tif,0.0006460329750552773
DRUSEN/64/OD/026_Drusen.tif,DRUSEN-064,test,DRUSEN,drusen,OD,.tif,0.00062025390798226
DRUSEN/64/OD/027_Drusen.tif,DRUSEN-064,test,DRUSEN,drusen,OD,.tif,0.0005306949024088681
DRUSEN/64/OD/028_Drusen.tif,DRUSEN-064,test,DRUSEN,drusen,OD,.tif,0.000636224402114749
DRUSEN/64/OD/029_Drusen.tif,DRUSEN-064,test,DRUSEN,drusen,OD,.tif,0.0005158730200491846
DRUSEN/64/OD/030_Drusen.tif,DRUSEN-064,test,DRUSEN,drusen,OD,.tif,0.0006092429393902421
DRUSEN/64/OS/000_Drusen.tif,DRUSEN-064,test,DRUSEN,drusen,OS,.tif,0.0005123172886669636
DRUSEN/64/OS/001_Drusen.tif,DRUSEN-064,test,DRUSEN,drusen,OS,.tif,0.0006308796582743526
DRUSEN/64/OS/002_Drusen.tif,DRUSEN-064,test,DRUSEN,drusen,OS,.tif,0.0005208701477386057
DRUSEN/64/OS/003_Drusen.tif,DRUSEN-064,test,DRUSEN,drusen,OS,.tif,0.0005911589250899851
DRUSEN/64/OS/004_Drusen.tif,DRUSEN-064,test,DRUSEN,drusen,OS,.tif,0.0005504210712388158
DRUSEN/64/OS/005_Drusen.tif,DRUSEN-064,test,DRUSEN,drusen,OS,.tif,0.0005344942328520119
DRUSEN/64/OS/006_Drusen.tif,DRUSEN-064,test,DRUSEN,drusen,OS,.tif,0.0006673489697277546
DRUSEN/64/OS/007_Drusen.tif,DRUSEN-064,test,DRUSEN,drusen,OS,.tif,0.0006509859231300652
DRUSEN/64/OS/008_Drusen.tif,DRUSEN-064,test,DRUSEN,drusen,OS,.tif,0.0006869115168228745
DRUSEN/64/OS/009_Drusen.tif,DRUSEN-064,test,DRUSEN,drusen,OS,.tif,0.000704290927387774
DRUSEN/64/OS/010_Drusen.tif,DRUSEN-064,test,DRUSEN,drusen,OS,.tif,0.0006974130519665778
DRUSEN/64/OS/011_Drusen.tif,DRUSEN-064,test,DRUSEN,drusen,OS,.tif,0.0005822009989060462
DRUSEN/64/OS/012_Drusen.tif,DRUSEN-064,test,DRUSEN,drusen,OS,.tif,0.0006050440133549273
DRUSEN/64/OS/013_Drusen.tif,DRUSEN-064,test,DRUSEN,drusen,OS,.tif,0.0007339299190789461
DRUSEN/64/OS/014_Drusen.tif,DRUSEN-064,test,DRUSEN,drusen,OS,.tif,0.000801839807536453
DRUSEN/64/OS/015_Drusen.tif,DRUSEN-064,test,DRUSEN,drusen,OS,.tif,0.0007602963596582413
DRUSEN/64/OS/016_Drusen.tif,DRUSEN-064,test,DRUSEN,drusen,OS,.tif,0.0007261669379658997
DRUSEN/64/OS/017_Drusen.tif,DRUSEN-064,test,DRUSEN,drusen,OS,.tif,0.0006467877537943423
DRUSEN/64/OS/018_Drusen.tif,DRUSEN-064,test,DRUSEN,drusen,OS,.tif,0.000641662860289216
DRUSEN/64/OS/019_Drusen.tif,DRUSEN-064,test,DRUSEN,drusen,OS,.tif,0.000716892012860626
DRUSEN/64/OS/020_Drusen.tif,DRUSEN-064,test,DRUSEN,drusen,OS,.tif,0.0008131118956953287
DRUSEN/64/OS/021_Drusen.tif,DRUSEN-064,test,DRUSEN,drusen,OS,.tif,0.0007357788854278624
DRUSEN/64/OS/022_Drusen.tif,DRUSEN-064,test,DRUSEN,drusen,OS,.tif,0.0007105420809239149
DRUSEN/64/OS/023_Drusen.tif,DRUSEN-064,test,DRUSEN,drusen,OS,.tif,0.0007187234587036073
DRUSEN/64/OS/024_Drusen.tif,DRUSEN-064,test,DRUSEN,drusen,OS,.tif,0.0007371543324552476
DRUSEN/64/OS/025_Drusen.tif,DRUSEN-064,test,DRUSEN,drusen,OS,.tif,0.0006530816899612546
DRUSEN/64/OS/026_Drusen.tif,DRUSEN-064,test,DRUSEN,drusen,OS,.tif,0.0005709630204364657
DRUSEN/64/OS/027_Drusen.tif,DRUSEN-064,test,DRUSEN,drusen,OS,.tif,0.0006489513325504959
DRUSEN/64/OS/028_Drusen.tif,DRUSEN-064,test,DRUSEN,drusen,OS,.tif,0.0005525673623196781
DRUSEN/64/OS/029_Drusen.tif,DRUSEN-064,test,DRUSEN,drusen,OS,.tif,0.0006396127282641828
DRUSEN/64/OS/030_Drusen.tif,DRUSEN-064,test,DRUSEN,drusen,OS,.tif,0.000581578235141933
DRUSEN/66/000_Normal.tif,DRUSEN-066,test,DRUSEN,normal,OS,.tif,0.0005477112717926502
DRUSEN/66/001_Normal.tif,DRUSEN-066,test,DRUSEN,normal,OS,.tif,0.0006010298966430128
DRUSEN/66/002_Normal.tif,DRUSEN-066,test,DRUSEN,normal,OS,.tif,0.0007299079443328083
DRUSEN/66/003_Normal.tif,DRUSEN-066,test,DRUSEN,normal,OS,.tif,0.0006826995522715151
DRUSEN/66/004_Normal.tif,DRUSEN-066,test,DRUSEN,normal,OS,.tif,0.0007216412341222167
DRUSEN/66/005_Drusen.tif,DRUSEN-066,test,DRUSEN,drusen,OS,.tif,0.0006689210422337055
DRUSEN/66/006_Drusen.tif,DRUSEN-066,test,DRUSEN,drusen,OS,.tif,0.0006977325538173318
DRUSEN/66/007_Drusen.tif,DRUSEN-066,test,DRUSEN,drusen,OS,.tif,0.0007156866486184299
DRUSEN/66/008_Drusen.tif,DRUSEN-066,test,DRUSEN,drusen,OS,.tif,0.0008334942394867539
DRUSEN/66/009_Drusen.tif,DRUSEN-066,test,DRUSEN,drusen,OS,.tif,0.0008536153472959995
DRUSEN/66/010_Drusen.tif,DRUSEN-066,test,DRUSEN,drusen,OS,.tif,0.000686236540786922
DRUSEN/66/011_Drusen.tif,DRUSEN-066,test,DRUSEN,drusen,OS,.tif,0.0007348606595769525
DRUSEN/66/012_Drusen.tif,DRUSEN-066,test,DRUSEN,drusen,OS,.tif,0.0007105957483872771
DRUSEN/66/013_Drusen.tif,DRUSEN-066,test,DRUSEN,drusen,OS,.tif,0.0006867824122309685
DRUSEN/66/014_Drusen.tif,DRUSEN-066,test,DRUSEN,drusen,OS,.tif,0.0006087859510444105
DRUSEN/66/015_Drusen.tif,DRUSEN-066,test,DRUSEN,drusen,OS,.tif,0.0006469622021540999
DRUSEN/66/016_Drusen.tif,DRUSEN-066,test,DRUSEN,drusen,OS,.tif,0.0006870983634144068
DRUSEN/66/017_Drusen.tif,DRUSEN-066,test,DRUSEN,drusen,OS,.tif,0.0007126652053557336
DRUSEN/66/018_Drusen.tif,DRUSEN-066,test,DRUSEN,drusen,OS,.tif,0.0008105288725346327
DRUSEN/66/019_Drusen.tif,DRUSEN-066,test,DRUSEN,drusen,OS,.tif,0.0007500459905713797
DRUSEN/66/020_Drusen.tif,DRUSEN-066,test,DRUSEN,drusen,OS,.tif,0.0007180040702223778
DRUSEN/66/021_Drusen.tif,DRUSEN-066,test,DRUSEN,drusen,OS,.tif,0.0008299964829348028
DRUSEN/66/022_Drusen.tif,DRUSEN-066,test,DRUSEN,drusen,OS,.tif,0.0007471601711586118
DRUSEN/66/023_Drusen.tif,DRUSEN-066,test,DRUSEN,drusen,OS,.tif,0.0007102522649802268
DRUSEN/66/024_Drusen.tif,DRUSEN-066,test,DRUSEN,drusen,OS,.tif,0.0006989414687268436
DRUSEN/66/025_Drusen.tif,DRUSEN-066,test,DRUSEN,drusen,OS,.tif,0.0006575000588782132
DRUSEN/66/026_Drusen.tif,DRUSEN-066,test,DRUSEN,drusen,OS,.tif,0.0006349175819195807
DRUSEN/66/027_Drusen.tif,DRUSEN-066,test,DRUSEN,drusen,OS,.tif,0.000533511396497488
DRUSEN/66/028_Drusen.tif,DRUSEN-066,test,DRUSEN,drusen,OS,.tif,0.0005878677475266159
DRUSEN/66/029_Drusen.tif,DRUSEN-066,test,DRUSEN,drusen,OS,.tif,0.0006275482592172921
DRUSEN/66/030_Drusen.tif,DRUSEN-066,test,DRUSEN,drusen,OS,.tif,0.0006694921758025885
DRUSEN/68/000_Normal.tif,DRUSEN-068,test,DRUSEN,normal,OS,.tif,0.0006244942196644843
DRUSEN/68/001_Normal.tif,DRUSEN-068,test,DRUSEN,normal,OS,.tif,0.0005678471061401069
DRUSEN/68/002_Normal.tif,DRUSEN-068,test,DRUSEN,normal,OS,.tif,0.0006343574495986104
DRUSEN/68/003_Normal.tif,DRUSEN-068,test,DRUSEN,normal,OS,.tif,0.0006338137318380177
DRUSEN/68/004_Normal.tif,DRUSEN-068,test,DRUSEN,normal,OS,.tif,0.0006233940366655588
DRUSEN/68/005_Normal.tif,DRUSEN-068,test,DRUSEN,normal,OS,.tif,0.00041691053775139153
DRUSEN/68/006_DRusen.tif,DRUSEN-068,test,DRUSEN,drusen,OS,.tif,0.0005616735434159636
DRUSEN/68/007_DRusen.tif,DRUSEN-068,test,DRUSEN,drusen,OS,.tif,0.0005992266815155745
DRUSEN/68/008_DRusen.tif,DRUSEN-068,test,DRUSEN,drusen,OS,.tif,0.00046645087422803044
DRUSEN/68/009_DRusen.tif,DRUSEN-068,test,DRUSEN,drusen,OS,.tif,0.00038153683999553323
DRUSEN/68/010_DRusen.tif,DRUSEN-068,test,DRUSEN,drusen,OS,.tif,0.0004960817168466747
DRUSEN/68/011_DRusen.tif,DRUSEN-068,test,DRUSEN,drusen,OS,.tif,0.0005766404210589826
DRUSEN/68/012_DRusen.tif,DRUSEN-068,test,DRUSEN,drusen,OS,.tif,0.0006083998014219105
DRUSEN/68/013_DRusen.tif,DRUSEN-068,test,DRUSEN,drusen,OS,.tif,0.00086611119331792
DRUSEN/68/014_DRusen.tif,DRUSEN-068,test,DRUSEN,drusen,OS,.tif,0.0007734097307547927
DRUSEN/68/015_DRusen.tif,DRUSEN-068,test,DRUSEN,drusen,OS,.tif,0.0008457115618512034
DRUSEN/68/016_DRusen.tif,DRUSEN-068,test,DRUSEN,drusen,OS,.tif,0.0006483694305643439
DRUSEN/68/017_DRusen.tif,DRUSEN-068,test,DRUSEN,drusen,OS,.tif,0.0007696892134845257
DRUSEN/68/018_DRusen.tif,DRUSEN-068,test,DRUSEN,drusen,OS,.tif,0.0009582682396285236
DRUSEN/68/019_DRusen.tif,DRUSEN-068,test,DRUSEN,drusen,OS,.tif,0.000820780114736408
DRUSEN/68/020_DRusen.tif,DRUSEN-068,test,DRUSEN,drusen,OS,.tif,0.0006673316238448024
DRUSEN/68/021_Normal.tif,DRUSEN-068,test,DRUSEN,normal,OS,.tif,0.0006112828850746155
DRUSEN/68/022_DRusen.tif,DRUSEN-068,test,DRUSEN,drusen,OS,.tif,0.0007138419314287603
DRUSEN/68/023_Normal.tif,DRUSEN-068,test,DRUSEN,normal,OS,.tif,0.0007469383417628706
DRUSEN/68/024_Normal.tif,DRUSEN-068,test,DRUSEN,normal,OS,.tif,0.0006066382629796863
DRUSEN/68/025_DRusen.tif,DRUSEN-068,test,DRUSEN,drusen,OS,.tif,0.0007238422986119986
DRUSEN/68/026_DRusen.tif,DRUSEN-068,test,DRUSEN,drusen,OS,.tif,0.0006043942994438112
DRUSEN/68/027_DRusen.tif,DRUSEN-068,test,DRUSEN,drusen,OS,.tif,0.0007512333104386926
DRUSEN/68/028_Normal.tif,DRUSEN-068,test,DRUSEN,normal,OS,.tif,0.0006405942840501666
DRUSEN/68/029_DRusen.tif,DRUSEN-068,test,DRUSEN,drusen,OS,.tif,0.0006934119155630469
DRUSEN/68/030_Normal.tif,DRUSEN-068,test,DRUSEN,normal,OS,.tif,0.0005889427848160267
DRUSEN/70/000_Drusen.tif,DRUSEN-070,test,DRUSEN,drusen,OS,.tif,0.0006566009251400828
DRUSEN/70/001_Drusen.tif,DRUSEN-070,test,DRUSEN,drusen,OS,.tif,0.0007059201598167419
DRUSEN/70/002_Drusen.tif,DRUSEN-070,test,DRUSEN,drusen,OS,.tif,0.0009619540069252253
DRUSEN/70/003_Drusen.tif,DRUSEN-070,test,DRUSEN,drusen,OS,.tif,0.0009662074153311551
DRUSEN/70/004_Drusen.tif,DRUSEN-070,test,DRUSEN,drusen,OS,.tif,0.0008489602478221059
DRUSEN/70/005_Drusen.tif,DRUSEN-070,test,DRUSEN,drusen,OS,.tif,0.0009456049301661551
DRUSEN/70/006_Drusen.tif,DRUSEN-070,test,DRUSEN,drusen,OS,.tif,0.0008368986309505999
DRUSEN/70/007_Drusen.tif,DRUSEN-070,test,DRUSEN,drusen,OS,.tif,0.0008046908187679946
DRUSEN/70/008_Drusen.tif,DRUSEN-070,test,DRUSEN,drusen,OS,.tif,0.0008402886451222003
DRUSEN/70/009_Drusen.tif,DRUSEN-070,test,DRUSEN,drusen,OS,.tif,0.0008345154928974807
DRUSEN/70/010_Drusen.tif,DRUSEN-070,test,DRUSEN,drusen,OS,.tif,0.0006435938994400203
DRUSEN/70/011_Drusen.tif,DRUSEN-070,test,DRUSEN,drusen,OS,.tif,0.0007113311439752579
DRUSEN/70/012_Drusen.tif,DRUSEN-070,test,DRUSEN,drusen,OS,.tif,0.0007357668946497142
DRUSEN/70/013_Drusen.tif,DRUSEN-070,test,DRUSEN,drusen,OS,.tif,0.0007412066916003823
DRUSEN/70/014_Drusen.tif,DRUSEN-070,test,DRUSEN,drusen,OS,.tif,0.0007867927197366953
DRUSEN/70/015_Drusen.tif,DRUSEN-070,test,DRUSEN,drusen,OS,.tif,0.0007464066729880869
DRUSEN/70/016_Drusen.tif,DRUSEN-070,test,DRUSEN,drusen,OS,.tif,0.0008292857673950493
DRUSEN/70/017_Drusen.tif,DRUSEN-070,test,DRUSEN,drusen,OS,.tif,0.0007569360313937068
DRUSEN/70/018_Drusen.tif,DRUSEN-070,test,DRUSEN,drusen,OS,.tif,0.0007256357348524034
DRUSEN/70/019_Drusen.tif,DRUSEN-070,test,DRUSEN,drusen,OS,.tif,0.0006424564053304493
DRUSEN/70/020_Drusen.tif,DRUSEN-070,test,DRUSEN,drusen,OS,.tif,0.0005475915968418121
DRUSEN/70/021_Drusen.tif,DRUSEN-070,test,DRUSEN,drusen,OS,.tif,0.0006014531827531755
DRUSEN/70/022_Drusen.tif,DRUSEN-070,test,DRUSEN,drusen,OS,.tif,0.0007578313816338778
DRUSEN/70/023_Drusen.tif,DRUSEN-070,test,DRUSEN,drusen,OS,.tif,0.0006818097899667919
DRUSEN/70/024_Drusen.tif,DRUSEN-070,test,DRUSEN,drusen,OS,.tif,0.0007005220395512879
DRUSEN/71/OD/000_Drusen.tif,DRUSEN-071,test,DRUSEN,drusen,OD,.tif,0.0007353230030275881
DRUSEN/71/OD/001_Drusen.tif,DRUSEN-071,test,DRUSEN,drusen,OD,.tif,0.0006500988965854049
DRUSEN/71/OD/002_Drusen.tif,DRUSEN-071,test,DRUSEN,drusen,OD,.tif,0.0006524046766571701
DRUSEN/71/OD/003_Drusen.tif,DRUSEN-071,test,DRUSEN,drusen,OD,.tif,0.0006755692302249372
DRUSEN/71/OD/004_Drusen.tif,DRUSEN-071,test,DRUSEN,drusen,OD,.tif,0.0006921779131516814
DRUSEN/71/OD/005_Drusen.tif,DRUSEN-071,test,DRUSEN,drusen,OD,.tif,0.0006981931510381401
DRUSEN/71/OD/006_Drusen.tif,DRUSEN-071,test,DRUSEN,drusen,OD,.tif,0.0006495630368590355
DRUSEN/71/OD/007_Drusen.tif,DRUSEN-071,test,DRUSEN,drusen,OD,.tif,0.0006266869604587555
DRUSEN/71/OD/008_Drusen.tif,DRUSEN-071,test,DRUSEN,drusen,OD,.tif,0.000594889628700912
DRUSEN/71/OD/009_Drusen.tif,DRUSEN-071,test,DRUSEN,drusen,OD,.tif,0.0005910786567255855
DRUSEN/71/OD/010_Drusen.tif,DRUSEN-071,test,DRUSEN,drusen,OD,.tif,0.0005481902044266462
DRUSEN/71/OD/011_Normal.tif,DRUSEN-071,test,DRUSEN,normal,OD,.tif,0.0006020030123181641
DRUSEN/71/OD/012_Normal.tif,DRUSEN-071,test,DRUSEN,normal,OD,.tif,0.0006725675193592906
DRUSEN/71/OD/013_Drusen.tif,DRUSEN-071,test,DRUSEN,drusen,OD,.tif,0.0006320567335933447
DRUSEN/71/OD/014_Drusen.tif,DRUSEN-071,test,DRUSEN,drusen,OD,.tif,0.0006234186002984643
DRUSEN/71/OD/015_Drusen.tif,DRUSEN-071,test,DRUSEN,drusen,OD,.tif,0.0007214611396193504
DRUSEN/71/OD/016_Drusen.tif,DRUSEN-071,test,DRUSEN,drusen,OD,.tif,0.0006992879207246006
DRUSEN/71/OD/017_Drusen.tif,DRUSEN-071,test,DRUSEN,drusen,OD,.tif,0.0006252863677218556
DRUSEN/71/OD/018_Drusen.tif,DRUSEN-071,test,DRUSEN,drusen,OD,.tif,0.0006968958186917007
DRUSEN/71/OD/019_Drusen.tif,DRUSEN-071,test,DRUSEN,drusen,OD,.tif,0.000709503423422575
DRUSEN/71/OD/020_Drusen.tif,DRUSEN-071,test,DRUSEN,drusen,OD,.tif,0.0006002715090289712
DRUSEN/71/OD/021_Drusen.tif,DRUSEN-071,test,DRUSEN,drusen,OD,.tif,0.0005206830101087689
DRUSEN/71/OD/022_Drusen.tif,DRUSEN-071,test,DRUSEN,drusen,OD,.tif,0.0005833519971929491
DRUSEN/71/OD/023_Drusen.tif,DRUSEN-071,test,DRUSEN,drusen,OD,.tif,0.0006511883111670613
DRUSEN/71/OD/024_Drusen.tif,DRUSEN-071,test,DRUSEN,drusen,OD,.tif,0.0006896858103573322
DRUSEN/71/OD/025_Drusen.tif,DRUSEN-071,test,DRUSEN,drusen,OD,.tif,0.0007014479488134384
DRUSEN/71/OD/026_Drusen.tif,DRUSEN-071,test,DRUSEN,drusen,OD,.tif,0.000623474654275924
DRUSEN/71/OD/027_Drusen.tif,DRUSEN-071,test,DRUSEN,drusen,OD,.tif,0.0007689669728279114
DRUSEN/71/OD/028_Drusen.tif,DRUSEN-071,test,DRUSEN,drusen,OD,.tif,0.0007207677699625492
DRUSEN/71/OD/029_Drusen.tif,DRUSEN-071,test,DRUSEN,drusen,OD,.tif,0.000738328555598855
DRUSEN/71/OD/030_Drusen.tif,DRUSEN-071,test,DRUSEN,drusen,OD,.tif,0.0007757304119877517
DRUSEN/71/OS/000_Drusen.tif,DRUSEN-071,test,DRUSEN,drusen,OS,.tif,0.0006855264655314386
DRUSEN/71/OS/001_Drusen.tif,DRUSEN-071,test,DRUSEN,drusen,OS,.tif,0.0007322294404730201
DRUSEN/71/OS/002_Drusen.tif,DRUSEN-071,test,DRUSEN,drusen,OS,.tif,0.000747548183426261
DRUSEN/71/OS/003_Drusen.tif,DRUSEN-071,test,DRUSEN,drusen,OS,.tif,0.0009026516345329583
DRUSEN/71/OS/004_Drusen.tif,DRUSEN-071,test,DRUSEN,drusen,OS,.tif,0.0009528521331958473
DRUSEN/71/OS/005_Drusen.tif,DRUSEN-071,test,DRUSEN,drusen,OS,.tif,0.0010805943747982383
DRUSEN/71/OS/006_Drusen.tif,DRUSEN-071,test,DRUSEN,drusen,OS,.tif,0.0009748287848196924
DRUSEN/71/OS/007_Drusen.tif,DRUSEN-071,test,DRUSEN,drusen,OS,.tif,0.0008255576831288636
DRUSEN/71/OS/008_Drusen.tif,DRUSEN-071,test,DRUSEN,drusen,OS,.tif,0.0007782423053868115
DRUSEN/71/OS/009_Drusen.tif,DRUSEN-071,test,DRUSEN,drusen,OS,.tif,0.000837623723782599
DRUSEN/71/OS/010_Drusen.tif,DRUSEN-071,test,DRUSEN,drusen,OS,.tif,0.0008143960149027407
DRUSEN/71/OS/011_Drusen.tif,DRUSEN-071,test,DRUSEN,drusen,OS,.tif,0.0007367781945504248
DRUSEN/71/OS/012_Drusen.tif,DRUSEN-071,test,DRUSEN,drusen,OS,.tif,0.0007190342294052243
DRUSEN/71/OS/013_Drusen.tif,DRUSEN-071,test,DRUSEN,drusen,OS,.tif,0.0007483368972316384
DRUSEN/71/OS/014_Drusen.tif,DRUSEN-071,test,DRUSEN,drusen,OS,.tif,0.0007315549883060157
DRUSEN/71/OS/015_Normal.tif,DRUSEN-071,test,DRUSEN,normal,OS,.tif,0.0006819122936576605
DRUSEN/71/OS/016_Drusen.tif,DRUSEN-071,test,DRUSEN,drusen,OS,.tif,0.0006020325236022472
DRUSEN/71/OS/017_Drusen.tif,DRUSEN-071,test,DRUSEN,drusen,OS,.tif,0.0007794223492965102
DRUSEN/71/OS/018_Drusen.tif,DRUSEN-071,test,DRUSEN,drusen,OS,.tif,0.0006176626193337142
DRUSEN/71/OS/019_Drusen.tif,DRUSEN-071,test,DRUSEN,drusen,OS,.tif,0.0007549119764007628
DRUSEN/71/OS/020_Drusen.tif,DRUSEN-071,test,DRUSEN,drusen,OS,.tif,0.0005384809919632971
DRUSEN/71/OS/021_Drusen.tif,DRUSEN-071,test,DRUSEN,drusen,OS,.tif,0.0007476081955246627
DRUSEN/71/OS/022_Drusen.tif,DRUSEN-071,test,DRUSEN,drusen,OS,.tif,0.0007339204894378781
DRUSEN/71/OS/023_Drusen.tif,DRUSEN-071,test,DRUSEN,drusen,OS,.tif,0.0006963014602661133
DRUSEN/71/OS/024_Drusen.tif,DRUSEN-071,test,DRUSEN,drusen,OS,.tif,0.0006689156289212406
DRUSEN/71/OS/025_Drusen.tif,DRUSEN-071,test,DRUSEN,drusen,OS,.tif,0.0006402907310985029
DRUSEN/71/OS/026_Drusen.tif,DRUSEN-071,test,DRUSEN,drusen,OS,.tif,0.0007323697209358215
DRUSEN/71/OS/027_Drusen.tif,DRUSEN-071,test,DRUSEN,drusen,OS,.tif,0.0007091413717716932
DRUSEN/71/OS/028_Drusen.tif,DRUSEN-071,test,DRUSEN,drusen,OS,.tif,0.00066743342904374
DRUSEN/71/OS/029_Drusen.tif,DRUSEN-071,test,DRUSEN,drusen,OS,.tif,0.0007796678110025823
DRUSEN/71/OS/030_Drusen.tif,DRUSEN-071,test,DRUSEN,drusen,OS,.tif,0.0007039045449346304
DRUSEN/72/000_Drusen.tif,DRUSEN-072,test,DRUSEN,drusen,OS,.tif,0.0006724033155478537
DRUSEN/72/001_Drusen.tif,DRUSEN-072,test,DRUSEN,drusen,OS,.tif,0.0007110733422450721
DRUSEN/72/002_Drusen.tif,DRUSEN-072,test,DRUSEN,drusen,OS,.tif,0.0010183361591771245
DRUSEN/72/003_Drusen.tif,DRUSEN-072,test,DRUSEN,drusen,OS,.tif,0.0008646730566397309
DRUSEN/72/004_Drusen.tif,DRUSEN-072,test,DRUSEN,drusen,OS,.tif,0.0007352849934250116
DRUSEN/72/005_Drusen.tif,DRUSEN-072,test,DRUSEN,drusen,OS,.tif,0.0007857109885662794
DRUSEN/72/006_Drusen.tif,DRUSEN-072,test,DRUSEN,drusen,OS,.tif,0.0009527661022730172
DRUSEN/72/007_Drusen.tif,DRUSEN-072,test,DRUSEN,drusen,OS,.tif,0.0008170916116796434
DRUSEN/72/008_Drusen.tif,DRUSEN-072,test,DRUSEN,drusen,OS,.tif,0.000599313760176301
DRUSEN/72/009_Drusen.tif,DRUSEN-072,test,DRUSEN,drusen,OS,.tif,0.0004075338365510106
DRUSEN/72/010_Drusen.tif,DRUSEN-072,test,DRUSEN,drusen,OS,.tif,0.0005995864630676806
DRUSEN/72/011_Drusen.tif,DRUSEN-072,test,DRUSEN,drusen,OS,.tif,0.0006613153382204473
DRUSEN/72/012_Drusen.tif,DRUSEN-072,test,DRUSEN,drusen,OS,.tif,0.0007147429278120399
DRUSEN/72/013_Drusen.tif,DRUSEN-072,test,DRUSEN,drusen,OS,.tif,0.001076055457815528
DRUSEN/72/014_Drusen.tif,DRUSEN-072,test,DRUSEN,drusen,OS,.tif,0.0008730453555472195
DRUSEN/72/015_Drusen.tif,DRUSEN-072,test,DRUSEN,drusen,OS,.tif,0.0011102700373157859
DRUSEN/72/016_Drusen.tif,DRUSEN-072,test,DRUSEN,drusen,OS,.tif,0.0011865771375596523
DRUSEN/72/017_Drusen.tif,DRUSEN-072,test,DRUSEN,drusen,OS,.tif,0.0010610418394207954
DRUSEN/72/018_Drusen.tif,DRUSEN-072,test,DRUSEN,drusen,OS,.tif,0.001751544768922031
DRUSEN/72/019_Drusen.tif,DRUSEN-072,test,DRUSEN,drusen,OS,.tif,0.0016672300407662988
DRUSEN/72/020_Drusen.tif,DRUSEN-072,test,DRUSEN,drusen,OS,.tif,0.0014810190768912435
DRUSEN/72/021_Drusen.tif,DRUSEN-072,test,DRUSEN,drusen,OS,.tif,0.0012736149365082383
DRUSEN/72/022_Drusen.tif,DRUSEN-072,test,DRUSEN,drusen,OS,.tif,0.0014428873546421528
DRUSEN/72/023_Drusen.tif,DRUSEN-072,test,DRUSEN,drusen,OS,.tif,0.0012363011483103037
DRUSEN/72/024_Drusen.tif,DRUSEN-072,test,DRUSEN,drusen,OS,.tif,0.0011760309571400285
DRUSEN/73/000_Drusen.tif,DRUSEN-073,test,DRUSEN,drusen,OD,.tif,0.0005655611748807132
DRUSEN/73/001_Drusen.tif,DRUSEN-073,test,DRUSEN,drusen,OD,.tif,0.000595355115365237
DRUSEN/73/002_Drusen.tif,DRUSEN-073,test,DRUSEN,drusen,OD,.tif,0.0006245224503800273
DRUSEN/73/003_Drusen.tif,DRUSEN-073,test,DRUSEN,drusen,OD,.tif,0.0006404024898074567
DRUSEN/73/004_Drusen.tif,DRUSEN-073,test,DRUSEN,drusen,OD,.tif,0.0005954644875600934
DRUSEN/73/005_Drusen.tif,DRUSEN-073,test,DRUSEN,drusen,OD,.tif,0.0005897922674193978
DRUSEN/73/006_Drusen.tif,DRUSEN-073,test,DRUSEN,drusen,OD,.tif,0.0005931941559538245
DRUSEN/73/007_Drusen.tif,DRUSEN-073,test,DRUSEN,drusen,OD,.tif,0.0006229217979125679
DRUSEN/73/008_Drusen.tif,DRUSEN-073,test,DRUSEN,drusen,OD,.tif,0.000673560076393187
DRUSEN/73/009_Drusen.tif,DRUSEN-073,test,DRUSEN,drusen,OD,.tif,0.000717418675776571
DRUSEN/73/010_Drusen.tif,DRUSEN-073,test,DRUSEN,drusen,OD,.tif,0.0006571636185981333
DRUSEN/73/011_Drusen.tif,DRUSEN-073,test,DRUSEN,drusen,OD,.tif,0.0006689535803161561
DRUSEN/73/012_Drusen.tif,DRUSEN-073,test,DRUSEN,drusen,OD,.tif,0.0009106045472435653
DRUSEN/73/013_Drusen.tif,DRUSEN-073,test,DRUSEN,drusen,OD,.tif,0.000964329403359443
DRUSEN/73/014_Drusen.tif,DRUSEN-073,test,DRUSEN,drusen,OD,.tif,0.0008366472902707756
DRUSEN/73/015_Drusen.tif,DRUSEN-073,test,DRUSEN,drusen,OD,.tif,0.0007860187324695289
DRUSEN/73/016_Drusen.tif,DRUSEN-073,test,DRUSEN,drusen,OD,.tif,0.0007841662736609578
DRUSEN/73/017_Drusen.tif,DRUSEN-073,test,DRUSEN,drusen,OD,.tif,0.0005403682589530945
DRUSEN/73/018_Drusen.tif,DRUSEN-073,test,DRUSEN,drusen,OD,.tif,0.0004538263310678303
DRUSEN/73/019_Drusen.tif,DRUSEN-073,test,DRUSEN,drusen,OD,.tif,0.0007698435219936073
DRUSEN/73/020_Drusen.tif,DRUSEN-073,test,DRUSEN,drusen,OD,.tif,0.00041130420868285
DRUSEN/73/021_Drusen.tif,DRUSEN-073,test,DRUSEN,drusen,OD,.tif,0.0006249772850424051
DRUSEN/73/022_Drusen.tif,DRUSEN-073,test,DRUSEN,drusen,OD,.tif,0.0006193991866894066
DRUSEN/73/023_Drusen.tif,DRUSEN-073,test,DRUSEN,drusen,OD,.tif,0.0008073106873780489
DRUSEN/73/024_Drusen.tif,DRUSEN-073,test,DRUSEN,drusen,OD,.tif,0.0007355606066994369
DRUSEN/73/025_Drusen.tif,DRUSEN-073,test,DRUSEN,drusen,OD,.tif,0.0007950363797135651
DRUSEN/73/026_Drusen.tif,DRUSEN-073,test,DRUSEN,drusen,OD,.tif,0.0006651345174759626
DRUSEN/73/027_Drusen.tif,DRUSEN-073,test,DRUSEN,drusen,OD,.tif,0.0007245945162139833
DRUSEN/73/028_Drusen.tif,DRUSEN-073,test,DRUSEN,drusen,OD,.tif,0.0006440309225581586
DRUSEN/73/029_Drusen.tif,DRUSEN-073,test,DRUSEN,drusen,OD,.tif,0.0006659590872004628
DRUSEN/73/030_Drusen.tif,DRUSEN-073,test,DRUSEN,drusen,OD,.tif,0.0006463571917265654
DRUSEN/74/000_Drusen.tif,DRUSEN-074,test,DRUSEN,drusen,OD,.tif,0.00083190604345873
DRUSEN/74/001_Drusen.tif,DRUSEN-074,test,DRUSEN,drusen,OD,.tif,0.0008483655983582139
DRUSEN/74/002_Drusen.tif,DRUSEN-074,test,DRUSEN,drusen,OD,.tif,0.000850499898660928
DRUSEN/74/003_Drusen.tif,DRUSEN-074,test,DRUSEN,drusen,OD,.tif,0.0010193996131420135
DRUSEN/74/004_Drusen.tif,DRUSEN-074,test,DRUSEN,drusen,OD,.tif,0.0010057915933430195
DRUSEN/74/005_Drusen.tif,DRUSEN-074,test,DRUSEN,drusen,OD,.tif,0.000990561326034367
DRUSEN/74/006_Drusen.tif,DRUSEN-074,test,DRUSEN,drusen,OD,.tif,0.0011015157215297222
DRUSEN/74/007_Drusen.tif,DRUSEN-074,test,DRUSEN,drusen,OD,.tif,0.0011498630046844482
DRUSEN/74/008_Drusen.tif,DRUSEN-074,test,DRUSEN,drusen,OD,.tif,0.0010482686338946223
DRUSEN/74/009_Drusen.tif,DRUSEN-074,test,DRUSEN,drusen,OD,.tif,0.0010214817011728883
DRUSEN/74/010_Drusen.tif,DRUSEN-074,test,DRUSEN,drusen,OD,.tif,0.0010282547445967793
DRUSEN/74/011_Drusen.tif,DRUSEN-074,test,DRUSEN,drusen,OD,.tif,0.0009848435875028372
DRUSEN/74/012_Drusen.tif,DRUSEN-074,test,DRUSEN,drusen,OD,.tif,0.0009733270853757858
DRUSEN/74/013_Drusen.tif,DRUSEN-074,test,DRUSEN,drusen,OD,.tif,0.0009509426890872419
DRUSEN/74/014_Drusen.tif,DRUSEN-074,test,DRUSEN,drusen,OD,.tif,0.0010934810852631927
DRUSEN/74/015_Drusen.tif,DRUSEN-074,test,DRUSEN,drusen,OD,.tif,0.0009262413950636983
DRUSEN/74/016_Drusen.tif,DRUSEN-074,test,DRUSEN,drusen,OD,.tif,0.001005596830509603
DRUSEN/74/017_Drusen.tif,DRUSEN-074,test,DRUSEN,drusen,OD,.tif,0.0011666658101603389
DRUSEN/74/018_Drusen.tif,DRUSEN-074,test,DRUSEN,drusen,OD,.tif,0.0009635717142373323
DRUSEN/74/019_Drusen.tif,DRUSEN-074,test,DRUSEN,drusen,OD,.tif,0.0010455623269081116
DRUSEN/74/020_Drusen.tif,DRUSEN-074,test,DRUSEN,drusen,OD,.tif,0.0010502575896680355
DRUSEN/74/021_Drusen.tif,DRUSEN-074,test,DRUSEN,drusen,OD,.tif,0.0009881488513201475
DRUSEN/74/022_Drusen.tif,DRUSEN-074,test,DRUSEN,drusen,OD,.tif,0.0010104809189215302
DRUSEN/74/023_Drusen.tif,DRUSEN-074,test,DRUSEN,drusen,OD,.tif,0.0009888914646580815
DRUSEN/74/024_Drusen.tif,DRUSEN-074,test,DRUSEN,drusen,OD,.tif,0.0010207646992057562
DRUSEN/74/025_Drusen.tif,DRUSEN-074,test,DRUSEN,drusen,OD,.tif,0.001010374166071415
DRUSEN/74/026_Drusen.tif,DRUSEN-074,test,DRUSEN,drusen,OD,.tif,0.0008761872886680067
DRUSEN/74/027_Drusen.tif,DRUSEN-074,test,DRUSEN,drusen,OD,.tif,0.000964053557254374
DRUSEN/74/028_Drusen.tif,DRUSEN-074,test,DRUSEN,drusen,OD,.tif,0.0008473622729070485
DRUSEN/74/029_Drusen.tif,DRUSEN-074,test,DRUSEN,drusen,OD,.tif,0.0008279141038656235
DRUSEN/74/030_Drusen.tif,DRUSEN-074,test,DRUSEN,drusen,OD,.tif,0.000841967121232301
DRUSEN/75/000_Drusen.tif,DRUSEN-075,test,DRUSEN,drusen,OD,.tif,0.0007803576881997287
DRUSEN/75/001_Drusen.tif,DRUSEN-075,test,DRUSEN,drusen,OD,.tif,0.000693660054821521
DRUSEN/75/002_Drusen.tif,DRUSEN-075,test,DRUSEN,drusen,OD,.tif,0.0008160083089023829
DRUSEN/75/003_Drusen.tif,DRUSEN-075,test,DRUSEN,drusen,OD,.tif,0.0008021004614420235
DRUSEN/75/004_Drusen.tif,DRUSEN-075,test,DRUSEN,drusen,OD,.tif,0.0008183803292922676
DRUSEN/75/005_Drusen.tif,DRUSEN-075,test,DRUSEN,drusen,OD,.tif,0.0008460588869638741
DRUSEN/75/006_Drusen.tif,DRUSEN-075,test,DRUSEN,drusen,OD,.tif,0.0008588774944655597
DRUSEN/75/007_Drusen.tif,DRUSEN-075,test,DRUSEN,drusen,OD,.tif,0.0007453429861925542
DRUSEN/75/008_Drusen.tif,DRUSEN-075,test,DRUSEN,drusen,OD,.tif,0.0008357329643331468
DRUSEN/75/009_Drusen.tif,DRUSEN-075,test,DRUSEN,drusen,OD,.tif,0.0009217055048793554
DRUSEN/75/010_Drusen.tif,DRUSEN-075,test,DRUSEN,drusen,OD,.tif,0.0008947804453782737
DRUSEN/75/011_Drusen.tif,DRUSEN-075,test,DRUSEN,drusen,OD,.tif,0.0009013322996906936
DRUSEN/75/012_Drusen.tif,DRUSEN-075,test,DRUSEN,drusen,OD,.tif,0.000911548500880599
DRUSEN/75/013_Drusen.tif,DRUSEN-075,test,DRUSEN,drusen,OD,.tif,0.0008516025845892727
DRUSEN/75/014_Drusen.tif,DRUSEN-075,test,DRUSEN,drusen,OD,.tif,0.000983330188319087
DRUSEN/75/015_Drusen.tif,DRUSEN-075,test,DRUSEN,drusen,OD,.tif,0.0009992385748773813
DRUSEN/75/016_Drusen.tif,DRUSEN-075,test,DRUSEN,drusen,OD,.tif,0.0010265287710353732
DRUSEN/75/017_Drusen.tif,DRUSEN-075,test,DRUSEN,drusen,OD,.tif,0.001109590637497604
DRUSEN/75/018_Drusen.tif,DRUSEN-075,test,DRUSEN,drusen,OD,.tif,0.0010423368075862527
DRUSEN/75/019_Drusen.tif,DRUSEN-075,test,DRUSEN,drusen,OD,.tif,0.0008810037397779524
DRUSEN/75/020_Drusen.tif,DRUSEN-075,test,DRUSEN,drusen,OD,.tif,0.0008983706356957555
DRUSEN/75/021_Drusen.tif,DRUSEN-075,test,DRUSEN,drusen,OD,.tif,0.0009282608516514301
DRUSEN/75/022_Drusen.tif,DRUSEN-075,test,DRUSEN,drusen,OD,.tif,0.0007567764259874821
DRUSEN/75/023_Drusen.tif,DRUSEN-075,test,DRUSEN,drusen,OD,.tif,0.0008303500362671912
DRUSEN/75/024_Drusen.tif,DRUSEN-075,test,DRUSEN,drusen,OD,.tif,0.0007915656315162778
DRUSEN/75/025_Drusen.tif,DRUSEN-075,test,DRUSEN,drusen,OD,.tif,0.0009076471906155348
DRUSEN/75/026_Drusen.tif,DRUSEN-075,test,DRUSEN,drusen,OD,.tif,0.0007444885559380054
DRUSEN/75/027_Drusen.tif,DRUSEN-075,test,DRUSEN,drusen,OD,.tif,0.0008073786739259958
DRUSEN/75/028_Drusen.tif,DRUSEN-075,test,DRUSEN,drusen,OD,.tif,0.0008947025053203106
DRUSEN/75/029_Drusen.tif,DRUSEN-075,test,DRUSEN,drusen,OD,.tif,0.0010538577334955335
DRUSEN/75/030_Drusen.tif,DRUSEN-075,test,DRUSEN,drusen,OD,.tif,0.001165467663668096
DRUSEN/76/000_Drusen.tif,DRUSEN-076,test,DRUSEN,drusen,OS,.tif,0.0006474698893725872
DRUSEN/76/001_Drusen.tif,DRUSEN-076,test,DRUSEN,drusen,OS,.tif,0.0006649501738138497
DRUSEN/76/002_Drusen.tif,DRUSEN-076,test,DRUSEN,drusen,OS,.tif,0.0007539117941632867
DRUSEN/76/003_Drusen.tif,DRUSEN-076,test,DRUSEN,drusen,OS,.tif,0.0008550038910470903
DRUSEN/76/004_Drusen.tif,DRUSEN-076,test,DRUSEN,drusen,OS,.tif,0.0010082107037305832
DRUSEN/76/005_Drusen.tif,DRUSEN-076,test,DRUSEN,drusen,OS,.tif,0.0009566277149133384
DRUSEN/76/006_Drusen.tif,DRUSEN-076,test,DRUSEN,drusen,OS,.tif,0.0006923996843397617
DRUSEN/76/007_Drusen.tif,DRUSEN-076,test,DRUSEN,drusen,OS,.tif,0.0006856329273432493
DRUSEN/76/008_Drusen.tif,DRUSEN-076,test,DRUSEN,drusen,OS,.tif,0.0006080170860514045
DRUSEN/76/009_Drusen.tif,DRUSEN-076,test,DRUSEN,drusen,OS,.tif,0.0006029007490724325
DRUSEN/76/010_Drusen.tif,DRUSEN-076,test,DRUSEN,drusen,OS,.tif,0.0007850549882277846
DRUSEN/76/011_Drusen.tif,DRUSEN-076,test,DRUSEN,drusen,OS,.tif,0.0007010006229393184
DRUSEN/76/012_Drusen.tif,DRUSEN-076,test,DRUSEN,drusen,OS,.tif,0.0006753921043127775
DRUSEN/76/013_Drusen.tif,DRUSEN-076,test,DRUSEN,drusen,OS,.tif,0.0007738793501630425
DRUSEN/76/014_Drusen.tif,DRUSEN-076,test,DRUSEN,drusen,OS,.tif,0.0007853767601773143
DRUSEN/76/015_Drusen.tif,DRUSEN-076,test,DRUSEN,drusen,OS,.tif,0.0008534324588254094
DRUSEN/76/016_Drusen.tif,DRUSEN-076,test,DRUSEN,drusen,OS,.tif,0.0006753065390512347
DRUSEN/76/017_Drusen.tif,DRUSEN-076,test,DRUSEN,drusen,OS,.tif,0.000879631086718291
DRUSEN/76/018_Drusen.tif,DRUSEN-076,test,DRUSEN,drusen,OS,.tif,0.0008962942520156503
DRUSEN/76/019_Drusen.tif,DRUSEN-076,test,DRUSEN,drusen,OS,.tif,0.000902882544323802
DRUSEN/76/020_Drusen.tif,DRUSEN-076,test,DRUSEN,drusen,OS,.tif,0.0008274415740743279
DRUSEN/76/021_Drusen.tif,DRUSEN-076,test,DRUSEN,drusen,OS,.tif,0.0008929336909204721
DRUSEN/76/022_Drusen.tif,DRUSEN-076,test,DRUSEN,drusen,OS,.tif,0.0008613502141088247
DRUSEN/76/023_Drusen.tif,DRUSEN-076,test,DRUSEN,drusen,OS,.tif,0.000891837989911437
DRUSEN/76/024_Drusen.tif,DRUSEN-076,test,DRUSEN,drusen,OS,.tif,0.0008618119754828513
DRUSEN/76/025_Drusen.tif,DRUSEN-076,test,DRUSEN,drusen,OS,.tif,0.0008792164153419435
DRUSEN/76/026_Drusen.tif,DRUSEN-076,test,DRUSEN,drusen,OS,.tif,0.0009583566570654511
DRUSEN/76/027_Drusen.tif,DRUSEN-076,test,DRUSEN,drusen,OS,.tif,0.0011114644585177302
DRUSEN/76/028_Drusen.tif,DRUSEN-076,test,DRUSEN,drusen,OS,.tif,0.0008757004979997873
DRUSEN/76/029_Drusen.tif,DRUSEN-076,test,DRUSEN,drusen,OS,.tif,0.001077209017239511
DRUSEN/76/030_Drusen.tif,DRUSEN-076,test,DRUSEN,drusen,OS,.tif,0.001036663306877017
DRUSEN/77/000_Normal.tif,DRUSEN-077,test,DRUSEN,normal,OD,.tif,0.0020986818708479404
DRUSEN/77/001_Normal.tif,DRUSEN-077,test,DRUSEN,normal,OD,.tif,0.0018051855731755495
DRUSEN/77/002_Normal.tif,DRUSEN-077,test,DRUSEN,normal,OD,.tif,0.0012307390570640564
DRUSEN/77/003_Normal.tif,DRUSEN-077,test,DRUSEN,normal,OD,.tif,0.001179380458779633
DRUSEN/77/004_Normal.tif,DRUSEN-077,test,DRUSEN,normal,OD,.tif,0.0010654916986823082
DRUSEN/77/005_Normal.tif,DRUSEN-077,test,DRUSEN,normal,OD,.tif,0.0008364112582057714
DRUSEN/77/006_Normal.tif,DRUSEN-077,test,DRUSEN,normal,OD,.tif,0.0008514780201949179
DRUSEN/77/007_Normal.tif,DRUSEN-077,test,DRUSEN,normal,OD,.tif,0.0007575172348879278
DRUSEN/77/008_Normal.tif,DRUSEN-077,test,DRUSEN,normal,OD,.tif,0.0007128939614631236
DRUSEN/77/009_Drusen.tif,DRUSEN-077,test,DRUSEN,drusen,OD,.tif,0.0007509475108236074
DRUSEN/77/010_Drusen.tif,DRUSEN-077,test,DRUSEN,drusen,OD,.tif,0.0007007519016042352
DRUSEN/77/011_Drusen.tif,DRUSEN-077,test,DRUSEN,drusen,OD,.tif,0.000763010117225349
DRUSEN/77/012_Drusen.tif,DRUSEN-077,test,DRUSEN,drusen,OD,.tif,0.0007453057332895696
DRUSEN/77/013_Drusen.tif,DRUSEN-077,test,DRUSEN,drusen,OD,.tif,0.0007644118159078062
DRUSEN/77/014_Drusen.tif,DRUSEN-077,test,DRUSEN,drusen,OD,.tif,0.0008320725173689425
DRUSEN/77/015_Drusen.tif,DRUSEN-077,test,DRUSEN,drusen,OD,.tif,0.0009818966500461102
DRUSEN/77/016_Drusen.tif,DRUSEN-077,test,DRUSEN,drusen,OD,.tif,0.0007041683420538902
DRUSEN/77/017_Drusen.tif,DRUSEN-077,test,DRUSEN,drusen,OD,.tif,0.0006640232750214636
DRUSEN/77/018_Drusen.tif,DRUSEN-077,test,DRUSEN,drusen,OD,.tif,0.0007839301833882928
DRUSEN/77/019_Drusen.tif,DRUSEN-077,test,DRUSEN,drusen,OD,.tif,0.0007730374927632511
DRUSEN/77/020_Drusen.tif,DRUSEN-077,test,DRUSEN,drusen,OD,.tif,0.0006834433879703283
DRUSEN/77/021_Drusen.tif,DRUSEN-077,test,DRUSEN,drusen,OD,.tif,0.0007141992100514472
DRUSEN/77/022_Drusen.tif,DRUSEN-077,test,DRUSEN,drusen,OD,.tif,0.0006864488823339343
DRUSEN/77/023_Drusen.tif,DRUSEN-077,test,DRUSEN,drusen,OD,.tif,0.0007205594447441399
DRUSEN/77/024_Drusen.tif,DRUSEN-077,test,DRUSEN,drusen,OD,.tif,0.0006373703945428133
DRUSEN/77/025_Drusen.tif,DRUSEN-077,test,DRUSEN,drusen,OD,.tif,0.000667673593852669
DRUSEN/77/026_Drusen.tif,DRUSEN-077,test,DRUSEN,drusen,OD,.tif,0.0006738770171068609
DRUSEN/77/027_Drusen.tif,DRUSEN-077,test,DRUSEN,drusen,OD,.tif,0.0006535210413858294
DRUSEN/77/028_Drusen.tif,DRUSEN-077,test,DRUSEN,drusen,OD,.tif,0.000648714427370578
DRUSEN/77/029_Drusen.tif,DRUSEN-077,test,DRUSEN,drusen,OD,.tif,0.0009324938873760402
DRUSEN/77/030_Normal.tif,DRUSEN-077,test,DRUSEN,normal,OD,.tif,0.0008265008218586445
DRUSEN/79/000_Drusen.tif,DRUSEN-079,test,DRUSEN,drusen,OD,.tif,0.0006300310487858951
DRUSEN/79/001_Drusen.tif,DRUSEN-079,test,DRUSEN,drusen,OD,.tif,0.0006594377919100225
DRUSEN/79/002_Drusen.tif,DRUSEN-079,test,DRUSEN,drusen,OD,.tif,0.000660537276417017
DRUSEN/79/003_Drusen.tif,DRUSEN-079,test,DRUSEN,drusen,OD,.tif,0.0007636773516424
DRUSEN/79/004_Drusen.tif,DRUSEN-079,test,DRUSEN,drusen,OD,.tif,0.0006490014493465424
DRUSEN/79/005_Drusen.tif,DRUSEN-079,test,DRUSEN,drusen,OD,.tif,0.0006468744250014424
DRUSEN/79/006_Drusen.tif,DRUSEN-079,test,DRUSEN,drusen,OD,.tif,0.0006717587821185589
DRUSEN/79/007_Drusen.tif,DRUSEN-079,test,DRUSEN,drusen,OD,.tif,0.0006880880100652575
DRUSEN/79/008_Drusen.tif,DRUSEN-079,test,DRUSEN,drusen,OD,.tif,0.0007541372324340045
DRUSEN/79/009_Drusen.tif,DRUSEN-079,test,DRUSEN,drusen,OD,.tif,0.0006890840595588088
DRUSEN/79/010_Drusen.tif,DRUSEN-079,test,DRUSEN,drusen,OD,.tif,0.0007658111280761659
DRUSEN/79/011_Drusen.tif,DRUSEN-079,test,DRUSEN,drusen,OD,.tif,0.0008152040536515415
DRUSEN/79/012_Drusen.tif,DRUSEN-079,test,DRUSEN,drusen,OD,.tif,0.0007872430724091828
DRUSEN/79/013_Drusen.tif,DRUSEN-079,test,DRUSEN,drusen,OD,.tif,0.0007918084738776088
DRUSEN/79/014_Drusen.tif,DRUSEN-079,test,DRUSEN,drusen,OD,.tif,0.0007337532588280737
DRUSEN/79/015_Drusen.tif,DRUSEN-079,test,DRUSEN,drusen,OD,.tif,0.0007805736968293786
DRUSEN/79/016_Drusen.tif,DRUSEN-079,test,DRUSEN,drusen,OD,.tif,0.0008793261949904263
DRUSEN/79/017_Drusen.tif,DRUSEN-079,test,DRUSEN,drusen,OD,.tif,0.0007594997878186405
DRUSEN/79/018_Drusen.tif,DRUSEN-079,test,DRUSEN,drusen,OD,.tif,0.0008080961997620761
DRUSEN/79/019_Drusen.tif,DRUSEN-079,test,DRUSEN,drusen,OD,.tif,0.0009062145836651325
DRUSEN/79/020_Drusen.tif,DRUSEN-079,test,DRUSEN,drusen,OD,.tif,0.0008872916805557907
DRUSEN/79/021_Drusen.tif,DRUSEN-079,test,DRUSEN,drusen,OD,.tif,0.0009688158752396703
DRUSEN/79/022_Drusen.tif,DRUSEN-079,test,DRUSEN,drusen,OD,.tif,0.0008986957254819572
DRUSEN/79/023_Drusen.tif,DRUSEN-079,test,DRUSEN,drusen,OD,.tif,0.0008730431436561048
DRUSEN/79/024_Drusen.tif,DRUSEN-079,test,DRUSEN,drusen,OD,.tif,0.0008780831121839583
DRUSEN/79/025_Drusen.tif,DRUSEN-079,test,DRUSEN,drusen,OD,.tif,0.0008972814539447427
DRUSEN/79/026_Drusen.tif,DRUSEN-079,test,DRUSEN,drusen,OD,.tif,0.0008822598611004651
DRUSEN/79/027_Drusen.tif,DRUSEN-079,test,DRUSEN,drusen,OD,.tif,0.0008462565601803362
DRUSEN/79/028_Drusen.tif,DRUSEN-079,test,DRUSEN,drusen,OD,.tif,0.0007622368866577744
DRUSEN/79/029_Drusen.tif,DRUSEN-079,test,DRUSEN,drusen,OD,.tif,0.0007776590646244586
DRUSEN/79/030_Drusen.tif,DRUSEN-079,test,DRUSEN,drusen,OD,.tif,0.000793068204075098
DRUSEN/80/000_Drusen.tif,DRUSEN-080,test,DRUSEN,drusen,OD,.tif,0.002319877501577139
DRUSEN/80/001_Drusen.tif,DRUSEN-080,test,DRUSEN,drusen,OD,.tif,0.0015643445076420903
DRUSEN/80/002_Drusen.tif,DRUSEN-080,test,DRUSEN,drusen,OD,.tif,0.0011145099997520447
DRUSEN/80/003_Drusen.tif,DRUSEN-080,test,DRUSEN,drusen,OD,.tif,0.0013670828193426132
DRUSEN/80/004_Drusen.tif,DRUSEN-080,test,DRUSEN,drusen,OD,.tif,0.001531908055767417
DRUSEN/80/005_Drusen.tif,DRUSEN-080,test,DRUSEN,drusen,OD,.tif,0.0019467425299808383
DRUSEN/80/006_Drusen.tif,DRUSEN-080,test,DRUSEN,drusen,OD,.tif,0.0013953149318695068
DRUSEN/80/007_Drusen.tif,DRUSEN-080,test,DRUSEN,drusen,OD,.tif,0.0014179641148075461
DRUSEN/80/008_Drusen.tif,DRUSEN-080,test,DRUSEN,drusen,OD,.tif,0.001606352743692696
DRUSEN/80/009_Drusen.tif,DRUSEN-080,test,DRUSEN,drusen,OD,.tif,0.001395258354023099
DRUSEN/80/010_Drusen.tif,DRUSEN-080,test,DRUSEN,drusen,OD,.tif,0.001321237999945879
DRUSEN/80/011_Drusen.tif,DRUSEN-080,test,DRUSEN,drusen,OD,.tif,0.001375181949697435
DRUSEN/80/012_Drusen.tif,DRUSEN-080,test,DRUSEN,drusen,OD,.tif,0.0013614463387057185
DRUSEN/80/013_Drusen.tif,DRUSEN-080,test,DRUSEN,drusen,OD,.tif,0.0014060911489650607
DRUSEN/80/014_Drusen.tif,DRUSEN-080,test,DRUSEN,drusen,OD,.tif,0.0018414548831060529
DRUSEN/80/015_Drusen.tif,DRUSEN-080,test,DRUSEN,drusen,OD,.tif,0.001634133979678154
DRUSEN/80/016_Drusen.tif,DRUSEN-080,test,DRUSEN,drusen,OD,.tif,0.0013026680098846555
DRUSEN/80/017_Drusen.tif,DRUSEN-080,test,DRUSEN,drusen,OD,.tif,0.0014661778695881367
DRUSEN/80/018_Drusen.tif,DRUSEN-080,test,DRUSEN,drusen,OD,.tif,0.0012486721388995647
DRUSEN/80/019_Drusen.tif,DRUSEN-080,test,DRUSEN,drusen,OD,.tif,0.0013815428828820586
DRUSEN/80/020_Drusen.tif,DRUSEN-080,test,DRUSEN,drusen,OD,.tif,0.0011625324841588736
DRUSEN/80/021_Drusen.tif,DRUSEN-080,test,DRUSEN,drusen,OD,.tif,0.001352896448224783
DRUSEN/80/022_Drusen.tif,DRUSEN-080,test,DRUSEN,drusen,OD,.tif,0.0014901749091222882
DRUSEN/80/023_Drusen.tif,DRUSEN-080,test,DRUSEN,drusen,OD,.tif,0.0012675788020715117
DRUSEN/80/024_Drusen.tif,DRUSEN-080,test,DRUSEN,drusen,OD,.tif,0.001276041497476399
DRUSEN/80/025_Drusen.tif,DRUSEN-080,test,DRUSEN,drusen,OD,.tif,0.0010509027633816004
DRUSEN/80/026_Drusen.tif,DRUSEN-080,test,DRUSEN,drusen,OD,.tif,0.0013747294433414936
DRUSEN/80/027_Drusen.tif,DRUSEN-080,test,DRUSEN,drusen,OD,.tif,0.001328528975136578
DRUSEN/80/028_Drusen.tif,DRUSEN-080,test,DRUSEN,drusen,OD,.tif,0.0010659567778930068
DRUSEN/80/029_Drusen.tif,DRUSEN-080,test,DRUSEN,drusen,OD,.tif,0.0009318245574831963
DRUSEN/80/030_Drusen.tif,DRUSEN-080,test,DRUSEN,drusen,OD,.tif,0.0009757154039107263
DRUSEN/81/000_Drusen.tif,DRUSEN-081,test,DRUSEN,drusen,OS,.tif,0.0005873074405826628
DRUSEN/81/001_Drusen.tif,DRUSEN-081,test,DRUSEN,drusen,OS,.tif,0.0006458997959271073
DRUSEN/81/002_Drusen.tif,DRUSEN-081,test,DRUSEN,drusen,OS,.tif,0.0006116104195825756
DRUSEN/81/003_Drusen.tif,DRUSEN-081,test,DRUSEN,drusen,OS,.tif,0.0004889059346169233
DRUSEN/81/004_Drusen.tif,DRUSEN-081,test,DRUSEN,drusen,OS,.tif,0.0008151094662025571
DRUSEN/81/005_Drusen.tif,DRUSEN-081,test,DRUSEN,drusen,OS,.tif,0.0006454918184317648
DRUSEN/81/006_Drusen.tif,DRUSEN-081,test,DRUSEN,drusen,OS,.tif,0.000900773040484637
DRUSEN/81/007_Drusen.tif,DRUSEN-081,test,DRUSEN,drusen,OS,.tif,0.0010973077733069658
DRUSEN/81/008_Drusen.tif,DRUSEN-081,test,DRUSEN,drusen,OS,.tif,0.001334557426162064
DRUSEN/81/009_Drusen.tif,DRUSEN-081,test,DRUSEN,drusen,OS,.tif,0.0014998094411566854
DRUSEN/81/010_Drusen.tif,DRUSEN-081,test,DRUSEN,drusen,OS,.tif,0.002059798687696457
DRUSEN/81/011_Drusen.tif,DRUSEN-081,test,DRUSEN,drusen,OS,.tif,0.0018186629749834538
DRUSEN/81/012_Drusen.tif,DRUSEN-081,test,DRUSEN,drusen,OS,.tif,0.0017444472759962082
DRUSEN/81/013_Drusen.tif,DRUSEN-081,test,DRUSEN,drusen,OS,.tif,0.0008624618640169501
DRUSEN/81/014_Drusen.tif,DRUSEN-081,test,DRUSEN,drusen,OS,.tif,0.0008962733554653823
DRUSEN/81/015_Drusen.tif,DRUSEN-081,test,DRUSEN,drusen,OS,.tif,0.0008833029423840344
DRUSEN/81/016_Drusen.tif,DRUSEN-081,test,DRUSEN,drusen,OS,.tif,0.0007700390997342765
DRUSEN/81/017_Drusen.tif,DRUSEN-081,test,DRUSEN,drusen,OS,.tif,0.0009549008100293577
DRUSEN/81/018_Drusen.tif,DRUSEN-081,test,DRUSEN,drusen,OS,.tif,0.001087685115635395
DRUSEN/81/019_Drusen.tif,DRUSEN-081,test,DRUSEN,drusen,OS,.tif,0.0008725373190827668
DRUSEN/81/020_Drusen.tif,DRUSEN-081,test,DRUSEN,drusen,OS,.tif,0.0012905629118904471
DRUSEN/81/021_Drusen.tif,DRUSEN-081,test,DRUSEN,drusen,OS,.tif,0.0011334262089803815
DRUSEN/81/022_Drusen.tif,DRUSEN-081,test,DRUSEN,drusen,OS,.tif,0.0007252522627823055
DRUSEN/81/023_Drusen.tif,DRUSEN-081,test,DRUSEN,drusen,OS,.tif,0.0008362787193618715
DRUSEN/81/024_Drusen.tif,DRUSEN-081,test,DRUSEN,drusen,OS,.tif,0.0007398072048090398
DRUSEN/81/025_Drusen.tif,DRUSEN-081,test,DRUSEN,drusen,OS,.tif,0.0006840274436399341
DRUSEN/81/026_Drusen.tif,DRUSEN-081,test,DRUSEN,drusen,OS,.tif,0.000892353942617774
DRUSEN/81/027_Drusen.tif,DRUSEN-081,test,DRUSEN,drusen,OS,.tif,0.0008478949312120676
DRUSEN/81/028_Drusen.tif,DRUSEN-081,test,DRUSEN,drusen,OS,.tif,0.0007794281700626016
DRUSEN/81/029_Drusen.tif,DRUSEN-081,test,DRUSEN,drusen,OS,.tif,0.0006617441540583968
DRUSEN/81/030_Drusen.tif,DRUSEN-081,test,DRUSEN,drusen,OS,.tif,0.0012055258266627789
DRUSEN/83/000_Normal.jpg,DRUSEN-083,test,DRUSEN,normal,OD,.jpg,0.000783625291660428
DRUSEN/83/001_Normal.jpg,DRUSEN-083,test,DRUSEN,normal,OD,.jpg,0.0007286158506758511
DRUSEN/83/002_Drusen.jpg,DRUSEN-083,test,DRUSEN,drusen,OD,.jpg,0.0007222080021165311
DRUSEN/83/003_Drusen.jpg,DRUSEN-083,test,DRUSEN,drusen,OD,.jpg,0.0007100701914168894
DRUSEN/83/004_Drusen.jpg,DRUSEN-083,test,DRUSEN,drusen,OD,.jpg,0.0007330538937821984
DRUSEN/83/005_Drusen.jpg,DRUSEN-083,test,DRUSEN,drusen,OD,.jpg,0.00065084348898381
DRUSEN/83/006_Drusen.jpg,DRUSEN-083,test,DRUSEN,drusen,OD,.jpg,0.000711336440872401
DRUSEN/83/007_Drusen.jpg,DRUSEN-083,test,DRUSEN,drusen,OD,.jpg,0.0007552001043222845
DRUSEN/83/008_Drusen.jpg,DRUSEN-083,test,DRUSEN,drusen,OD,.jpg,0.0008101791609078646
DRUSEN/83/009_Drusen.jpg,DRUSEN-083,test,DRUSEN,drusen,OD,.jpg,0.000789623474702239
DRUSEN/83/010_Drusen.jpg,DRUSEN-083,test,DRUSEN,drusen,OD,.jpg,0.0007464009686373174
DRUSEN/83/011_Drusen.jpg,DRUSEN-083,test,DRUSEN,drusen,OD,.jpg,0.000732823449652642
DRUSEN/83/012_Drusen.jpg,DRUSEN-083,test,DRUSEN,drusen,OD,.jpg,0.0007957585621625185
DRUSEN/83/013_Drusen.jpg,DRUSEN-083,test,DRUSEN,drusen,OD,.jpg,0.0008221010211855173
DRUSEN/83/014_Drusen.jpg,DRUSEN-083,test,DRUSEN,drusen,OD,.jpg,0.0009117950685322285
DRUSEN/83/015_Drusen.jpg,DRUSEN-083,test,DRUSEN,drusen,OD,.jpg,0.0010160604724660516
DRUSEN/83/016_Drusen.jpg,DRUSEN-083,test,DRUSEN,drusen,OD,.jpg,0.0009169987170025706
DRUSEN/83/017_Drusen.jpg,DRUSEN-083,test,DRUSEN,drusen,OD,.jpg,0.0010043283691629767
DRUSEN/83/018_Drusen.jpg,DRUSEN-083,test,DRUSEN,drusen,OD,.jpg,0.0008784795645624399
DRUSEN/83/019_Drusen.jpg,DRUSEN-083,test,DRUSEN,drusen,OD,.jpg,0.0008516687666997313
DRUSEN/83/020_Drusen.jpg,DRUSEN-083,test,DRUSEN,drusen,OD,.jpg,0.0008908766903914511
DRUSEN/83/021_Drusen.jpg,DRUSEN-083,test,DRUSEN,drusen,OD,.jpg,0.0008356772013939917
DRUSEN/83/022_Drusen.jpg,DRUSEN-083,test,DRUSEN,drusen,OD,.jpg,0.0008240428869612515
DRUSEN/83/023_Drusen.jpg,DRUSEN-083,test,DRUSEN,drusen,OD,.jpg,0.0007356501882895827
DRUSEN/83/024_Drusen.jpg,DRUSEN-083,test,DRUSEN,drusen,OD,.jpg,0.0008430139278061688
DRUSEN/84/000_Drusen.tif,DRUSEN-084,test,DRUSEN,drusen,OD,.tif,0.0009255053009837866
DRUSEN/84/001_Drusen.tif,DRUSEN-084,test,DRUSEN,drusen,OD,.tif,0.0009389363694936037
DRUSEN/84/002_Normal.tif,DRUSEN-084,test,DRUSEN,normal,OD,.tif,0.0009190254495479167
DRUSEN/84/003_Normal.tif,DRUSEN-084,test,DRUSEN,normal,OD,.tif,0.0010335929691791534
DRUSEN/84/004_Normal.tif,DRUSEN-084,test,DRUSEN,normal,OD,.tif,0.0009295193594880402
DRUSEN/84/005_Normal.tif,DRUSEN-084,test,DRUSEN,normal,OD,.tif,0.0008840302471071482
DRUSEN/84/006_Normal.tif,DRUSEN-084,test,DRUSEN,normal,OD,.tif,0.0007875314331613481
DRUSEN/84/007_Drusen.tif,DRUSEN-084,test,DRUSEN,drusen,OD,.tif,0.0007303419406525791
DRUSEN/84/008_Drusen.tif,DRUSEN-084,test,DRUSEN,drusen,OD,.tif,0.0006982916384004056
DRUSEN/84/009_Drusen.tif,DRUSEN-084,test,DRUSEN,drusen,OD,.tif,0.0006940123857930303
DRUSEN/84/010_Drusen.tif,DRUSEN-084,test,DRUSEN,drusen,OD,.tif,0.0007017412572167814
DRUSEN/84/011_Drusen.tif,DRUSEN-084,test,DRUSEN,drusen,OD,.tif,0.0007840720936655998
DRUSEN/84/012_Drusen.tif,DRUSEN-084,test,DRUSEN,drusen,OD,.tif,0.0008051939657889307
DRUSEN/84/013_Drusen.tif,DRUSEN-084,test,DRUSEN,drusen,OD,.tif,0.0007375656277872622
DRUSEN/84/014_Drusen.tif,DRUSEN-084,test,DRUSEN,drusen,OD,.tif,0.0007554447511211038
DRUSEN/84/015_Drusen.tif,DRUSEN-084,test,DRUSEN,drusen,OD,.tif,0.0008106891182251275
DRUSEN/84/016_Drusen.tif,DRUSEN-084,test,DRUSEN,drusen,OD,.tif,0.0007540129008702934
DRUSEN/84/017_Drusen.tif,DRUSEN-084,test,DRUSEN,drusen,OD,.tif,0.0008357363403774798
DRUSEN/84/018_Drusen.tif,DRUSEN-084,test,DRUSEN,drusen,OD,.tif,0.0007162315887399018
DRUSEN/84/019_Drusen.tif,DRUSEN-084,test,DRUSEN,drusen,OD,.tif,0.0006956083816476166
DRUSEN/84/020_Drusen.tif,DRUSEN-084,test,DRUSEN,drusen,OD,.tif,0.0007033547153696418
DRUSEN/84/021_Drusen.tif,DRUSEN-084,test,DRUSEN,drusen,OD,.tif,0.000718351686373353
DRUSEN/84/022_Drusen.tif,DRUSEN-084,test,DRUSEN,drusen,OD,.tif,0.0006807774771004915
DRUSEN/84/023_Drusen.tif,DRUSEN-084,test,DRUSEN,drusen,OD,.tif,0.0006749762105755508
DRUSEN/84/024_Normal.tif,DRUSEN-084,test,DRUSEN,normal,OD,.tif,0.000610440329182893
DRUSEN/84/025_Normal.tif,DRUSEN-084,test,DRUSEN,normal,OD,.tif,0.0006589735858142376
DRUSEN/84/026_Normal.tif,DRUSEN-084,test,DRUSEN,normal,OD,.tif,0.0006292204489000142
DRUSEN/84/027_Normal.tif,DRUSEN-084,test,DRUSEN,normal,OD,.tif,0.000584942928981036
DRUSEN/84/028_Normal.tif,DRUSEN-084,test,DRUSEN,normal,OD,.tif,0.000559163570869714
DRUSEN/84/029_Normal.tif,DRUSEN-084,test,DRUSEN,normal,OD,.tif,0.0006146971136331558
DRUSEN/84/030_Normal.tif,DRUSEN-084,test,DRUSEN,normal,OD,.tif,0.0006584915681742132
DRUSEN/85/000_Drusen.tif,DRUSEN-085,test,DRUSEN,drusen,OD,.tif,0.0005819143843837082
DRUSEN/85/001_Drusen.tif,DRUSEN-085,test,DRUSEN,drusen,OD,.tif,0.0005992266815155745
DRUSEN/85/002_Drusen.tif,DRUSEN-085,test,DRUSEN,drusen,OD,.tif,0.0005647462676279247
DRUSEN/85/003_Drusen.tif,DRUSEN-085,test,DRUSEN,drusen,OD,.tif,0.000982346129603684
DRUSEN/85/004_Drusen.tif,DRUSEN-085,test,DRUSEN,drusen,OD,.tif,0.0008405953994952142
DRUSEN/85/005_Drusen.tif,DRUSEN-085,test,DRUSEN,drusen,OD,.tif,0.0005915535730309784
DRUSEN/85/006_Drusen.tif,DRUSEN-085,test,DRUSEN,drusen,OD,.tif,0.0006009247153997421
DRUSEN/85/007_Drusen.tif,DRUSEN-085,test,DRUSEN,drusen,OD,.tif,0.000642316066659987
DRUSEN/85/008_Drusen.tif,DRUSEN-085,test,DRUSEN,drusen,OD,.tif,0.0005609369836747646
DRUSEN/85/009_Drusen.tif,DRUSEN-085,test,DRUSEN,drusen,OD,.tif,0.0006034936523064971
DRUSEN/85/010_Drusen.tif,DRUSEN-085,test,DRUSEN,drusen,OD,.tif,0.0006850972422398627
DRUSEN/85/011_Drusen.tif,DRUSEN-085,test,DRUSEN,drusen,OD,.tif,0.0006061156746000051
DRUSEN/85/012_Drusen.tif,DRUSEN-085,test,DRUSEN,drusen,OD,.tif,0.0006595745799131691
DRUSEN/85/013_Drusen.tif,DRUSEN-085,test,DRUSEN,drusen,OD,.tif,0.0007169500458985567
DRUSEN/85/014_Drusen.tif,DRUSEN-085,test,DRUSEN,drusen,OD,.tif,0.0007508270209655166
DRUSEN/85/015_Drusen.tif,DRUSEN-085,test,DRUSEN,drusen,OD,.tif,0.0007658915128558874
DRUSEN/85/016_Drusen.tif,DRUSEN-085,test,DRUSEN,drusen,OD,.tif,0.0007174811908043921
DRUSEN/85/017_Drusen.tif,DRUSEN-085,test,DRUSEN,drusen,OD,.tif,0.0007045939564704895
DRUSEN/85/018_Drusen.tif,DRUSEN-085,test,DRUSEN,drusen,OD,.tif,0.0005983939627185464
DRUSEN/85/019_Drusen.tif,DRUSEN-085,test,DRUSEN,drusen,OD,.tif,0.0006322960834950209
DRUSEN/85/020_Drusen.tif,DRUSEN-085,test,DRUSEN,drusen,OD,.tif,0.0006106101209297776
DRUSEN/85/021_Drusen.tif,DRUSEN-085,test,DRUSEN,drusen,OD,.tif,0.0006138437311165035
DRUSEN/85/022_Drusen.tif,DRUSEN-085,test,DRUSEN,drusen,OD,.tif,0.0005193796241655946
DRUSEN/85/023_Drusen.tif,DRUSEN-085,test,DRUSEN,drusen,OD,.tif,0.0005614262772724032
DRUSEN/85/024_Drusen.tif,DRUSEN-085,test,DRUSEN,drusen,OD,.tif,0.0006009927019476891
DRUSEN/85/025_Drusen.tif,DRUSEN-085,test,DRUSEN,drusen,OD,.tif,0.0006504727643914521
DRUSEN/85/026_Drusen.tif,DRUSEN-085,test,DRUSEN,drusen,OD,.tif,0.000636006414424628
DRUSEN/85/027_Drusen.tif,DRUSEN-085,test,DRUSEN,drusen,OD,.tif,0.0009040774311870337
DRUSEN/85/028_Drusen.tif,DRUSEN-085,test,DRUSEN,drusen,OD,.tif,0.0006351948832161725
DRUSEN/85/029_Drusen.tif,DRUSEN-085,test,DRUSEN,drusen,OD,.tif,0.0007913801819086075
DRUSEN/85/030_Drusen.tif,DRUSEN-085,test,DRUSEN,drusen,OD,.tif,0.0009863738669082522
DRUSEN/86/OD/000_DRusen.tif,DRUSEN-086,test,DRUSEN,drusen,OD,.tif,0.0004779650771524757
DRUSEN/86/OD/001_DRusen.tif,DRUSEN-086,test,DRUSEN,drusen,OD,.tif,0.0004892665892839432
DRUSEN/86/OD/002_DRusen.tif,DRUSEN-086,test,DRUSEN,drusen,OD,.tif,0.0008494893554598093
DRUSEN/86/OD/003_DRusen.tif,DRUSEN-086,test,DRUSEN,drusen,OD,.tif,0.0009153570281341672
DRUSEN/86/OD/004_DRusen.tif,DRUSEN-086,test,DRUSEN,drusen,OD,.tif,0.0009521497413516045
DRUSEN/86/OD/005_DRusen.tif,DRUSEN-086,test,DRUSEN,drusen,OD,.tif,0.0009305335697717965
DRUSEN/86/OD/006_DRusen.tif,DRUSEN-086,test,DRUSEN,drusen,OD,.tif,0.0010724103776738048
DRUSEN/86/OD/007_DRusen.tif,DRUSEN-086,test,DRUSEN,drusen,OD,.tif,0.0010172189213335514
DRUSEN/86/OD/008_DRusen.tif,DRUSEN-086,test,DRUSEN,drusen,OD,.tif,0.0009165970259346068
DRUSEN/86/OD/009_DRusen.tif,DRUSEN-086,test,DRUSEN,drusen,OD,.tif,0.0010404543718323112
DRUSEN/86/OD/010_DRusen.tif,DRUSEN-086,test,DRUSEN,drusen,OD,.tif,0.0010686751920729876
DRUSEN/86/OD/011_DRusen.tif,DRUSEN-086,test,DRUSEN,drusen,OD,.tif,0.0009493537363596261
DRUSEN/86/OD/012_DRusen.tif,DRUSEN-086,test,DRUSEN,drusen,OD,.tif,0.0008499496034346521
DRUSEN/86/OD/013_DRusen.tif,DRUSEN-086,test,DRUSEN,drusen,OD,.tif,0.0008709090179763734
DRUSEN/86/OD/014_DRusen.tif,DRUSEN-086,test,DRUSEN,drusen,OD,.tif,0.0008595797698944807
DRUSEN/86/OD/015_DRusen.tif,DRUSEN-086,test,DRUSEN,drusen,OD,.tif,0.0008233588305301964
DRUSEN/86/OD/016_DRusen.tif,DRUSEN-086,test,DRUSEN,drusen,OD,.tif,0.0005966447060927749
DRUSEN/86/OD/017_DRusen.tif,DRUSEN-086,test,DRUSEN,drusen,OD,.tif,0.0006711850874125957
DRUSEN/86/OD/018_DRusen.tif,DRUSEN-086,test,DRUSEN,drusen,OD,.tif,0.0007380712195299566
DRUSEN/86/OD/019_DRusen.tif,DRUSEN-086,test,DRUSEN,drusen,OD,.tif,0.0009161579655483365
DRUSEN/86/OD/020_DRusen.tif,DRUSEN-086,test,DRUSEN,drusen,OD,.tif,0.0007892604917287827
DRUSEN/86/OD/021_DRusen.tif,DRUSEN-086,test,DRUSEN,drusen,OD,.tif,0.0007688465411774814
DRUSEN/86/OD/022_DRusen.tif,DRUSEN-086,test,DRUSEN,drusen,OD,.tif,0.0007947144331410527
DRUSEN/86/OD/023_DRusen.tif,DRUSEN-086,test,DRUSEN,drusen,OD,.tif,0.0006670505972579122
DRUSEN/86/OD/024_DRusen.tif,DRUSEN-086,test,DRUSEN,drusen,OD,.tif,0.0008825609111227095
DRUSEN/86/OD/025_DRusen.tif,DRUSEN-086,test,DRUSEN,drusen,OD,.tif,0.0010276212124153972
DRUSEN/86/OD/026_DRusen.tif,DRUSEN-086,test,DRUSEN,drusen,OD,.tif,0.00127166579477489
DRUSEN/86/OD/027_DRusen.tif,DRUSEN-086,test,DRUSEN,drusen,OD,.tif,0.0011044680140912533
DRUSEN/86/OD/028_DRusen.tif,DRUSEN-086,test,DRUSEN,drusen,OD,.tif,0.0009676103945821524
DRUSEN/86/OD/029_DRusen.tif,DRUSEN-086,test,DRUSEN,drusen,OD,.tif,0.0009771862532943487
DRUSEN/86/OD/030_DRusen.tif,DRUSEN-086,test,DRUSEN,drusen,OD,.tif,0.00084224424790591
DRUSEN/86/OS/000_Drusen.tif,DRUSEN-086,test,DRUSEN,drusen,OS,.tif,0.0005725540104322135
DRUSEN/86/OS/001_Drusen.tif,DRUSEN-086,test,DRUSEN,drusen,OS,.tif,0.0005439903470687568
DRUSEN/86/OS/002_Drusen.tif,DRUSEN-086,test,DRUSEN,drusen,OS,.tif,0.0006427385378628969
DRUSEN/86/OS/003_Drusen.tif,DRUSEN-086,test,DRUSEN,drusen,OS,.tif,0.0005896989023312926
DRUSEN/86/OS/004_Drusen.tif,DRUSEN-086,test,DRUSEN,drusen,OS,.tif,0.0005002054967917502
DRUSEN/86/OS/005_Drusen.tif,DRUSEN-086,test,DRUSEN,drusen,OS,.tif,0.0008409827714785933
DRUSEN/86/OS/006_Drusen.tif,DRUSEN-086,test,DRUSEN,drusen,OS,.tif,0.0008330236305482686
DRUSEN/86/OS/007_Drusen.tif,DRUSEN-086,test,DRUSEN,drusen,OS,.tif,0.0008769205305725336
DRUSEN/86/OS/008_Drusen.tif,DRUSEN-086,test,DRUSEN,drusen,OS,.tif,0.0008591493824496865
DRUSEN/86/OS/009_Drusen.tif,DRUSEN-086,test,DRUSEN,drusen,OS,.tif,0.0007093603489920497
DRUSEN/86/OS/010_Drusen.tif,DRUSEN-086,test,DRUSEN,drusen,OS,.tif,0.0006770199397578835
DRUSEN/86/OS/011_Drusen.tif,DRUSEN-086,test,DRUSEN,drusen,OS,.tif,0.0007919168565422297
DRUSEN/86/OS/012_Drusen.tif,DRUSEN-086,test,DRUSEN,drusen,OS,.tif,0.0007256237440742552
DRUSEN/86/OS/013_Drusen.tif,DRUSEN-086,test,DRUSEN,drusen,OS,.tif,0.0008108189795166254
DRUSEN/86/OS/014_Drusen.tif,DRUSEN-086,test,DRUSEN,drusen,OS,.tif,0.000684188911691308
DRUSEN/86/OS/015_Drusen.tif,DRUSEN-086,test,DRUSEN,drusen,OS,.tif,0.0007763725589029491
DRUSEN/86/OS/016_Drusen.tif,DRUSEN-086,test,DRUSEN,drusen,OS,.tif,0.0007891382556408644
DRUSEN/86/OS/017_Drusen.tif,DRUSEN-086,test,DRUSEN,drusen,OS,.tif,0.0007576577481813729
DRUSEN/86/OS/018_Drusen.tif,DRUSEN-086,test,DRUSEN,drusen,OS,.tif,0.0005977005930617452
DRUSEN/86/OS/019_Drusen.tif,DRUSEN-086,test,DRUSEN,drusen,OS,.tif,0.0007324334001168609
DRUSEN/86/OS/020_Drusen.tif,DRUSEN-086,test,DRUSEN,drusen,OS,.tif,0.0007034262525849044
DRUSEN/86/OS/021_Drusen.tif,DRUSEN-086,test,DRUSEN,drusen,OS,.tif,0.0007793373079039156
DRUSEN/86/OS/022_Drusen.tif,DRUSEN-086,test,DRUSEN,drusen,OS,.tif,0.0007212269701994956
DRUSEN/86/OS/023_Drusen.tif,DRUSEN-086,test,DRUSEN,drusen,OS,.tif,0.0006355660152621567
DRUSEN/86/OS/024_Drusen.tif,DRUSEN-086,test,DRUSEN,drusen,OS,.tif,0.0006452525849454105
DRUSEN/86/OS/025_Drusen.tif,DRUSEN-086,test,DRUSEN,drusen,OS,.tif,0.0006831656792201102
DRUSEN/86/OS/026_Drusen.tif,DRUSEN-086,test,DRUSEN,drusen,OS,.tif,0.0007273242226801813
DRUSEN/86/OS/027_Drusen.tif,DRUSEN-086,test,DRUSEN,drusen,OS,.tif,0.0005946498131379485
DRUSEN/86/OS/028_Drusen.tif,DRUSEN-086,test,DRUSEN,drusen,OS,.tif,0.0006926684291101992
DRUSEN/86/OS/029_Drusen.tif,DRUSEN-086,test,DRUSEN,drusen,OS,.tif,0.0005099425907246768
DRUSEN/86/OS/030_Drusen.tif,DRUSEN-086,test,DRUSEN,drusen,OS,.tif,0.0004709908680524677
DRUSEN/87/000_Drusen.tif,DRUSEN-087,test,DRUSEN,drusen,OD,.tif,0.0008651368552818894
DRUSEN/87/001_Drusen.tif,DRUSEN-087,test,DRUSEN,drusen,OD,.tif,0.0008536133100278676
DRUSEN/87/002_Drusen.tif,DRUSEN-087,test,DRUSEN,drusen,OD,.tif,0.0008719360921531916
DRUSEN/87/003_Drusen.tif,DRUSEN-087,test,DRUSEN,drusen,OD,.tif,0.0012953144032508135
DRUSEN/87/004_Drusen.tif,DRUSEN-087,test,DRUSEN,drusen,OD,.tif,0.0014608217170462012
DRUSEN/87/005_Drusen.tif,DRUSEN-087,test,DRUSEN,drusen,OD,.tif,0.001417352817952633
DRUSEN/87/006_Drusen.tif,DRUSEN-087,test,DRUSEN,drusen,OD,.tif,0.0014257810544222593
DRUSEN/87/007_Drusen.tif,DRUSEN-087,test,DRUSEN,drusen,OD,.tif,0.0014962874120101333
DRUSEN/87/008_Drusen.tif,DRUSEN-087,test,DRUSEN,drusen,OD,.tif,0.0014980511041358113
DRUSEN/87/009_Drusen.tif,DRUSEN-087,test,DRUSEN,drusen,OD,.tif,0.0011110808700323105
DRUSEN/87/010_Drusen.tif,DRUSEN-087,test,DRUSEN,drusen,OD,.tif,0.0008280071779154241
DRUSEN/87/011_Drusen.tif,DRUSEN-087,test,DRUSEN,drusen,OD,.tif,0.0007130243466235697
DRUSEN/87/012_Drusen.tif,DRUSEN-087,test,DRUSEN,drusen,OD,.tif,0.0008340451749972999
DRUSEN/87/013_Drusen.tif,DRUSEN-087,test,DRUSEN,drusen,OD,.tif,0.001719344756565988
DRUSEN/87/014_Drusen.tif,DRUSEN-087,test,DRUSEN,drusen,OD,.tif,0.0012944742338731885
DRUSEN/87/015_Drusen.tif,DRUSEN-087,test,DRUSEN,drusen,OD,.tif,0.002002015011385083
DRUSEN/87/016_Drusen.tif,DRUSEN-087,test,DRUSEN,drusen,OD,.tif,0.0010683010332286358
DRUSEN/87/017_Drusen.tif,DRUSEN-087,test,DRUSEN,drusen,OD,.tif,0.0012369496980682015
DRUSEN/87/018_Drusen.tif,DRUSEN-087,test,DRUSEN,drusen,OD,.tif,0.0009453900274820626
DRUSEN/87/019_Drusen.tif,DRUSEN-087,test,DRUSEN,drusen,OD,.tif,0.0015473418170586228
DRUSEN/87/020_Drusen.tif,DRUSEN-087,test,DRUSEN,drusen,OD,.tif,0.0014372157165780663
DRUSEN/87/021_Drusen.tif,DRUSEN-087,test,DRUSEN,drusen,OD,.tif,0.0010684494627639651
DRUSEN/87/022_Drusen.tif,DRUSEN-087,test,DRUSEN,drusen,OD,.tif,0.001013333210721612
DRUSEN/87/023_Drusen.tif,DRUSEN-087,test,DRUSEN,drusen,OD,.tif,0.000729262363165617
DRUSEN/87/024_Drusen.tif,DRUSEN-087,test,DRUSEN,drusen,OD,.tif,0.0009365099249407649
DRUSEN/87/025_Drusen.tif,DRUSEN-087,test,DRUSEN,drusen,OD,.tif,0.0011100043775513768
DRUSEN/87/026_Drusen.tif,DRUSEN-087,test,DRUSEN,drusen,OD,.tif,0.001106444513425231
DRUSEN/87/027_Drusen.tif,DRUSEN-087,test,DRUSEN,drusen,OD,.tif,0.0008694263524375856
DRUSEN/87/028_Drusen.tif,DRUSEN-087,test,DRUSEN,drusen,OD,.tif,0.000777715933509171
DRUSEN/87/029_Drusen.tif,DRUSEN-087,test,DRUSEN,drusen,OD,.tif,0.0007717622211202979
DRUSEN/87/030_Drusen.tif,DRUSEN-087,test,DRUSEN,drusen,OD,.tif,0.0008952555363066494
DRUSEN/88/000_Drusen.tif,DRUSEN-088,test,DRUSEN,drusen,OD,.tif,0.0009149443358182907
DRUSEN/88/001_Drusen.tif,DRUSEN-088,test,DRUSEN,drusen,OD,.tif,0.0007793156546540558
DRUSEN/88/002_Drusen.tif,DRUSEN-088,test,DRUSEN,drusen,OD,.tif,0.0008913237834349275
DRUSEN/88/003_Drusen.tif,DRUSEN-088,test,DRUSEN,drusen,OD,.tif,0.0011244785273447633
DRUSEN/88/004_Drusen.tif,DRUSEN-088,test,DRUSEN,drusen,OD,.tif,0.0011067568557336926
DRUSEN/88/005_Drusen.tif,DRUSEN-088,test,DRUSEN,drusen,OD,.tif,0.0011060050455853343
DRUSEN/88/006_Drusen.tif,DRUSEN-088,test,DRUSEN,drusen,OD,.tif,0.0009778992971405387
DRUSEN/88/007_Drusen.tif,DRUSEN-088,test,DRUSEN,drusen,OD,.tif,0.001091797836124897
DRUSEN/88/008_Drusen.tif,DRUSEN-088,test,DRUSEN,drusen,OD,.tif,0.0010170470923185349
DRUSEN/88/009_Drusen.tif,DRUSEN-088,test,DRUSEN,drusen,OD,.tif,0.0009841161081567407
DRUSEN/88/010_Drusen.tif,DRUSEN-088,test,DRUSEN,drusen,OD,.tif,0.0007130465237423778
DRUSEN/88/011_Drusen.tif,DRUSEN-088,test,DRUSEN,drusen,OD,.tif,0.0009413943625986576
DRUSEN/88/012_Drusen.tif,DRUSEN-088,test,DRUSEN,drusen,OD,.tif,0.0008310744888149202
DRUSEN/88/013_Drusen.tif,DRUSEN-088,test,DRUSEN,drusen,OD,.tif,0.0007473057485185564
DRUSEN/88/014_Drusen.tif,DRUSEN-088,test,DRUSEN,drusen,OD,.tif,0.0008036441868171096
DRUSEN/88/015_Drusen.tif,DRUSEN-088,test,DRUSEN,drusen,OD,.tif,0.0009576304000802338
DRUSEN/88/016_Drusen.tif,DRUSEN-088,test,DRUSEN,drusen,OD,.tif,0.0008437268552370369
DRUSEN/88/017_Drusen.tif,DRUSEN-088,test,DRUSEN,drusen,OD,.tif,0.0007662152638658881
DRUSEN/88/018_Drusen.tif,DRUSEN-088,test,DRUSEN,drusen,OD,.tif,0.0007314314716495574
DRUSEN/88/019_Drusen.tif,DRUSEN-088,test,DRUSEN,drusen,OD,.tif,0.0007077179616317153
DRUSEN/88/020_Drusen.tif,DRUSEN-088,test,DRUSEN,drusen,OD,.tif,0.000584379187785089
DRUSEN/88/021_Drusen.tif,DRUSEN-088,test,DRUSEN,drusen,OD,.tif,0.0006937995785847306
DRUSEN/88/022_Drusen.tif,DRUSEN-088,test,DRUSEN,drusen,OD,.tif,0.0005978876142762601
DRUSEN/88/023_Drusen.tif,DRUSEN-088,test,DRUSEN,drusen,OD,.tif,0.0005659344606101513
DRUSEN/88/024_Drusen.tif,DRUSEN-088,test,DRUSEN,drusen,OD,.tif,0.0005406147101894021
DRUSEN/88/025_Drusen.tif,DRUSEN-088,test,DRUSEN,drusen,OD,.tif,0.0005401764647103846
DRUSEN/88/026_Drusen.tif,DRUSEN-088,test,DRUSEN,drusen,OD,.tif,0.000630261842161417
DRUSEN/88/027_Drusen.tif,DRUSEN-088,test,DRUSEN,drusen,OD,.tif,0.0005665550124831498
DRUSEN/88/028_Drusen.tif,DRUSEN-088,test,DRUSEN,drusen,OD,.tif,0.0005704973009414971
DRUSEN/88/029_Drusen.tif,DRUSEN-088,test,DRUSEN,drusen,OD,.tif,0.0005608330247923732
DRUSEN/88/030_Drusen.tif,DRUSEN-088,test,DRUSEN,drusen,OD,.tif,0.0007050249841995537
DRUSEN/90/000_Normal.jpg,DRUSEN-090,test,DRUSEN,normal,OD,.jpg,0.000927917193621397
DRUSEN/90/001_Normal.jpg,DRUSEN-090,test,DRUSEN,normal,OD,.jpg,0.0008191479137167335
DRUSEN/90/002_Normal.jpg,DRUSEN-090,test,DRUSEN,normal,OD,.jpg,0.0007974572945386171
DRUSEN/90/003_Normal.jpg,DRUSEN-090,test,DRUSEN,normal,OD,.jpg,0.0017567685572430491
DRUSEN/90/004_Normal.jpg,DRUSEN-090,test,DRUSEN,normal,OD,.jpg,0.0012875578831881285
DRUSEN/90/005_Normal.jpg,DRUSEN-090,test,DRUSEN,normal,OD,.jpg,0.0012070558732375503
DRUSEN/90/006_Normal.jpg,DRUSEN-090,test,DRUSEN,normal,OD,.jpg,0.0015065453480929136
DRUSEN/90/007_Normal.jpg,DRUSEN-090,test,DRUSEN,normal,OD,.jpg,0.0009335557697340846
DRUSEN/90/008_Normal.jpg,DRUSEN-090,test,DRUSEN,normal,OD,.jpg,0.001198684680275619
DRUSEN/90/009_Normal.jpg,DRUSEN-090,test,DRUSEN,normal,OD,.jpg,0.0013274215161800385
DRUSEN/90/010_Normal.jpg,DRUSEN-090,test,DRUSEN,normal,OD,.jpg,0.0014909448800608516
DRUSEN/90/011_Normal.jpg,DRUSEN-090,test,DRUSEN,normal,OD,.jpg,0.001482970779761672
DRUSEN/90/012_Drusen.jpg,DRUSEN-090,test,DRUSEN,drusen,OD,.jpg,0.0018977682339027524
DRUSEN/90/013_Drusen.jpg,DRUSEN-090,test,DRUSEN,drusen,OD,.jpg,0.0025094537995755672
DRUSEN/90/014_Drusen.jpg,DRUSEN-090,test,DRUSEN,drusen,OD,.jpg,0.0010892353020608425
DRUSEN/90/015_Drusen.jpg,DRUSEN-090,test,DRUSEN,drusen,OD,.jpg,0.0009414033265784383
DRUSEN/90/016_Drusen.jpg,DRUSEN-090,test,DRUSEN,drusen,OD,.jpg,0.0006379701662808657
DRUSEN/90/017_Drusen.jpg,DRUSEN-090,test,DRUSEN,drusen,OD,.jpg,0.0008038928499445319
DRUSEN/90/018_Drusen.jpg,DRUSEN-090,test,DRUSEN,drusen,OD,.jpg,0.000693913665600121
DRUSEN/90/019_Drusen.jpg,DRUSEN-090,test,DRUSEN,drusen,OD,.jpg,0.0006266745622269809
DRUSEN/90/020_Drusen.jpg,DRUSEN-090,test,DRUSEN,drusen,OD,.jpg,0.0005714442813768983
DRUSEN/90/021_Drusen.jpg,DRUSEN-090,test,DRUSEN,drusen,OD,.jpg,0.0005968139739707112
DRUSEN/90/022_Normal.jpg,DRUSEN-090,test,DRUSEN,normal,OD,.jpg,0.0005548099288716912
DRUSEN/90/023_Drusen.jpg,DRUSEN-090,test,DRUSEN,drusen,OD,.jpg,0.0005951881175860763
DRUSEN/90/024_Normal.jpg,DRUSEN-090,test,DRUSEN,normal,OD,.jpg,0.0005515069351531565
DRUSEN/90/025_Normal.jpg,DRUSEN-090,test,DRUSEN,normal,OD,.jpg,0.0005448535084724426
DRUSEN/90/026_Normal.jpg,DRUSEN-090,test,DRUSEN,normal,OD,.jpg,0.0005098985857330263
DRUSEN/90/027_Normal.jpg,DRUSEN-090,test,DRUSEN,normal,OD,.jpg,0.0005029396270401776
DRUSEN/90/028_Normal.jpg,DRUSEN-090,test,DRUSEN,normal,OD,.jpg,0.0008332642610184848
DRUSEN/90/029_Normal.jpg,DRUSEN-090,test,DRUSEN,normal,OD,.jpg,0.0007172719342634082
DRUSEN/90/030_Normal.jpg,DRUSEN-090,test,DRUSEN,normal,OD,.jpg,0.0007889094413258135
DRUSEN/92/000_Normal.tif,DRUSEN-092,test,DRUSEN,normal,OD,.tif,0.0009932604152709246
DRUSEN/92/001_Normal.tif,DRUSEN-092,test,DRUSEN,normal,OD,.tif,0.0008410132140852511
DRUSEN/92/002_Normal.tif,DRUSEN-092,test,DRUSEN,normal,OD,.tif,0.0008600680157542229
DRUSEN/92/003_Drusen.tif,DRUSEN-092,test,DRUSEN,drusen,OD,.tif,0.0009074562112800777
DRUSEN/92/004_Drusen.tif,DRUSEN-092,test,DRUSEN,drusen,OD,.tif,0.001046162098646164
DRUSEN/92/005_Drusen.tif,DRUSEN-092,test,DRUSEN,drusen,OD,.tif,0.0010188276646658778
DRUSEN/92/006_Drusen.tif,DRUSEN-092,test,DRUSEN,drusen,OD,.tif,0.0009124227217398584
DRUSEN/92/007_Drusen.tif,DRUSEN-092,test,DRUSEN,drusen,OD,.tif,0.0008522393763996661
DRUSEN/92/008_Drusen.tif,DRUSEN-092,test,DRUSEN,drusen,OD,.tif,0.00047992306645028293
DRUSEN/92/009_Drusen.tif,DRUSEN-092,test,DRUSEN,drusen,OD,.tif,0.0004270167846698314
DRUSEN/92/010_Drusen.tif,DRUSEN-092,test,DRUSEN,drusen,OD,.tif,0.0006853550439700484
DRUSEN/92/011_Drusen.tif,DRUSEN-092,test,DRUSEN,drusen,OD,.tif,0.0006060845917090774
DRUSEN/92/012_Drusen.tif,DRUSEN-092,test,DRUSEN,drusen,OD,.tif,0.00029489066218957305
DRUSEN/92/013_Drusen.tif,DRUSEN-092,test,DRUSEN,drusen,OD,.tif,0.0008103105355985463
DRUSEN/92/014_Drusen.tif,DRUSEN-092,test,DRUSEN,drusen,OD,.tif,0.00040616653859615326
DRUSEN/92/015_Drusen.tif,DRUSEN-092,test,DRUSEN,drusen,OD,.tif,0.0002843571128323674
DRUSEN/92/016_Drusen.tif,DRUSEN-092,test,DRUSEN,drusen,OD,.tif,0.0008314833976328373
DRUSEN/92/017_Drusen.tif,DRUSEN-092,test,DRUSEN,drusen,OD,.tif,0.0006864003371447325
DRUSEN/92/018_Drusen.tif,DRUSEN-092,test,DRUSEN,drusen,OD,.tif,0.0005206463974900544
DRUSEN/92/019_Drusen.tif,DRUSEN-092,test,DRUSEN,drusen,OD,.tif,0.0007425392395816743
DRUSEN/92/020_Drusen.tif,DRUSEN-092,test,DRUSEN,drusen,OD,.tif,0.0005898526287637651
DRUSEN/92/021_Drusen.tif,DRUSEN-092,test,DRUSEN,drusen,OD,.tif,0.0005791224539279938
DRUSEN/92/022_Drusen.tif,DRUSEN-092,test,DRUSEN,drusen,OD,.tif,0.0007722940063104033
DRUSEN/92/023_Drusen.tif,DRUSEN-092,test,DRUSEN,drusen,OD,.tif,0.0006485917256213725
DRUSEN/92/024_Drusen.tif,DRUSEN-092,test,DRUSEN,drusen,OD,.tif,0.0006948657683096826
DRUSEN/92/025_Drusen.tif,DRUSEN-092,test,DRUSEN,drusen,OD,.tif,0.000671227986458689
DRUSEN/92/026_Drusen.tif,DRUSEN-092,test,DRUSEN,drusen,OD,.tif,0.0005465292488224804
DRUSEN/92/027_Drusen.tif,DRUSEN-092,test,DRUSEN,drusen,OD,.tif,0.0005360919749364257
DRUSEN/92/028_Drusen.tif,DRUSEN-092,test,DRUSEN,drusen,OD,.tif,0.0004401598416734487
DRUSEN/92/029_Drusen.tif,DRUSEN-092,test,DRUSEN,drusen,OD,.tif,0.0006821166607551277
DRUSEN/92/030_Normal.tif,DRUSEN-092,test,DRUSEN,normal,OD,.tif,0.0008689885726198554
DRUSEN/93/OD/000_Normal.tif,DRUSEN-093,test,DRUSEN,normal,OD,.tif,0.0011946436716243625
DRUSEN/93/OD/001_Normal.tif,DRUSEN-093,test,DRUSEN,normal,OD,.tif,0.0010533870663493872
DRUSEN/93/OD/002_Normal.tif,DRUSEN-093,test,DRUSEN,normal,OD,.tif,0.0009303008555434644
DRUSEN/93/OD/003_Normal.tif,DRUSEN-093,test,DRUSEN,normal,OD,.tif,0.0011668530059978366
DRUSEN/93/OD/004_Normal.tif,DRUSEN-093,test,DRUSEN,normal,OD,.tif,0.001029797364026308
DRUSEN/93/OD/005_Normal.tif,DRUSEN-093,test,DRUSEN,normal,OD,.tif,0.00115490413736552
DRUSEN/93/OD/006_Normal.tif,DRUSEN-093,test,DRUSEN,normal,OD,.tif,0.0010162071557715535
DRUSEN/93/OD/007_DRusen.tif,DRUSEN-093,test,DRUSEN,drusen,OD,.tif,0.0012255666078999639
DRUSEN/93/OD/008_DRusen.tif,DRUSEN-093,test,DRUSEN,drusen,OD,.tif,0.0008096446981653571
DRUSEN/93/OD/009_DRusen.tif,DRUSEN-093,test,DRUSEN,drusen,OD,.tif,0.0009595508454367518
DRUSEN/93/OD/010_DRusen.tif,DRUSEN-093,test,DRUSEN,drusen,OD,.tif,0.0009937911527231336
DRUSEN/93/OD/011_DRusen.tif,DRUSEN-093,test,DRUSEN,drusen,OD,.tif,0.0012229869607836008
DRUSEN/93/OD/012_DRusen.tif,DRUSEN-093,test,DRUSEN,drusen,OD,.tif,0.0011041304096579552
DRUSEN/93/OD/013_DRusen.tif,DRUSEN-093,test,DRUSEN,drusen,OD,.tif,0.000917382538318634
DRUSEN/93/OD/014_DRusen.tif,DRUSEN-093,test,DRUSEN,drusen,OD,.tif,0.0011332114227116108
DRUSEN/93/OD/015_DRusen.tif,DRUSEN-093,test,DRUSEN,drusen,OD,.tif,0.0012048224452883005
DRUSEN/93/OD/016_DRusen.tif,DRUSEN-093,test,DRUSEN,drusen,OD,.tif,0.0010675814701244235
DRUSEN/93/OD/017_DRusen.tif,DRUSEN-093,test,DRUSEN,drusen,OD,.tif,0.0009521482279524207
DRUSEN/93/OD/018_DRusen.tif,DRUSEN-093,test,DRUSEN,drusen,OD,.tif,0.0008088714093901217
DRUSEN/93/OD/019_DRusen.tif,DRUSEN-093,test,DRUSEN,drusen,OD,.tif,0.001119818538427353
DRUSEN/93/OD/020_DRusen.tif,DRUSEN-093,test,DRUSEN,drusen,OD,.tif,0.0010743915336206555
DRUSEN/93/OD/021_DRusen.tif,DRUSEN-093,test,DRUSEN,drusen,OD,.tif,0.0009663398377597332
DRUSEN/93/OD/022_DRusen.tif,DRUSEN-093,test,DRUSEN,drusen,OD,.tif,0.00103172124363482
DRUSEN/93/OD/023_DRusen.tif,DRUSEN-093,test,DRUSEN,drusen,OD,.tif,0.000833096681162715
DRUSEN/93/OD/024_Normal.tif,DRUSEN-093,test,DRUSEN,normal,OD,.tif,0.0008404208929277956
DRUSEN/93/OD/025_Normal.tif,DRUSEN-093,test,DRUSEN,normal,OD,.tif,0.0009155175648629665
DRUSEN/93/OD/026_Normal.tif,DRUSEN-093,test,DRUSEN,normal,OD,.tif,0.0008986465982161462
DRUSEN/93/OD/027_DRusen.tif,DRUSEN-093,test,DRUSEN,drusen,OD,.tif,0.000847646442707628
DRUSEN/93/OD/028_DRusen.tif,DRUSEN-093,test,DRUSEN,drusen,OD,.tif,0.0008529192418791354
DRUSEN/93/OD/029_DRusen.tif,DRUSEN-093,test,DRUSEN,drusen,OD,.tif,0.0008618340361863375
DRUSEN/93/OD/030_DRusen.tif,DRUSEN-093,test,DRUSEN,drusen,OD,.tif,0.0009786965092644095
DRUSEN/93/OS/000_Normal.tif,DRUSEN-093,test,DRUSEN,normal,OS,.tif,0.0016403209883719683
DRUSEN/93/OS/001_Normal.tif,DRUSEN-093,test,DRUSEN,normal,OS,.tif,0.0016522741643711925
DRUSEN/93/OS/002_Normal.tif,DRUSEN-093,test,DRUSEN,normal,OS,.tif,0.001505678636021912
DRUSEN/93/OS/003_Drusen.tif,DRUSEN-093,test,DRUSEN,drusen,OS,.tif,0.0014167691115289927
DRUSEN/93/OS/004_Drusen.tif,DRUSEN-093,test,DRUSEN,drusen,OS,.tif,0.0012998650781810284
DRUSEN/93/OS/005_Drusen.tif,DRUSEN-093,test,DRUSEN,drusen,OS,.tif,0.0010863839415833354
DRUSEN/93/OS/006_Normal.tif,DRUSEN-093,test,DRUSEN,normal,OS,.tif,0.0011586813488975167
DRUSEN/93/OS/007_Drusen.tif,DRUSEN-093,test,DRUSEN,drusen,OS,.tif,0.0012239114148542285
DRUSEN/93/OS/008_Normal.tif,DRUSEN-093,test,DRUSEN,normal,OS,.tif,0.0009685462573543191
DRUSEN/93/OS/009_Drusen.tif,DRUSEN-093,test,DRUSEN,drusen,OS,.tif,0.001038181479088962
DRUSEN/93/OS/010_Drusen.tif,DRUSEN-093,test,DRUSEN,drusen,OS,.tif,0.0011785655515268445
DRUSEN/93/OS/011_Drusen.tif,DRUSEN-093,test,DRUSEN,drusen,OS,.tif,0.0009350863401778042
DRUSEN/93/OS/012_Drusen.tif,DRUSEN-093,test,DRUSEN,drusen,OS,.tif,0.0012100104941055179
DRUSEN/93/OS/013_Drusen.tif,DRUSEN-093,test,DRUSEN,drusen,OS,.tif,0.0008870775927789509
DRUSEN/93/OS/014_Drusen.tif,DRUSEN-093,test,DRUSEN,drusen,OS,.tif,0.0009887031046673656
DRUSEN/93/OS/015_Drusen.tif,DRUSEN-093,test,DRUSEN,drusen,OS,.tif,0.0010891716228798032
DRUSEN/93/OS/016_Drusen.tif,DRUSEN-093,test,DRUSEN,drusen,OS,.tif,0.0010385182686150074
DRUSEN/93/OS/017_Drusen.tif,DRUSEN-093,test,DRUSEN,drusen,OS,.tif,0.001213297713547945
DRUSEN/93/OS/018_Drusen.tif,DRUSEN-093,test,DRUSEN,drusen,OS,.tif,0.001175257028080523
DRUSEN/93/OS/019_Drusen.tif,DRUSEN-093,test,DRUSEN,drusen,OS,.tif,0.00100422790274024
DRUSEN/93/OS/020_Drusen.tif,DRUSEN-093,test,DRUSEN,drusen,OS,.tif,0.0009708332945592701
DRUSEN/93/OS/021_Drusen.tif,DRUSEN-093,test,DRUSEN,drusen,OS,.tif,0.000833408092148602
DRUSEN/93/OS/022_Drusen.tif,DRUSEN-093,test,DRUSEN,drusen,OS,.tif,0.001118587562814355
DRUSEN/93/OS/023_Drusen.tif,DRUSEN-093,test,DRUSEN,drusen,OS,.tif,0.0008880865061655641
DRUSEN/93/OS/024_Drusen.tif,DRUSEN-093,test,DRUSEN,drusen,OS,.tif,0.0008990479982458055
DRUSEN/93/OS/025_Drusen.tif,DRUSEN-093,test,DRUSEN,drusen,OS,.tif,0.0009165379451587796
DRUSEN/93/OS/026_Drusen.tif,DRUSEN-093,test,DRUSEN,drusen,OS,.tif,0.0009110049577429891
DRUSEN/93/OS/027_Drusen.tif,DRUSEN-093,test,DRUSEN,drusen,OS,.tif,0.0009818158578127623
DRUSEN/93/OS/028_Drusen.tif,DRUSEN-093,test,DRUSEN,drusen,OS,.tif,0.0009456122643314302
DRUSEN/93/OS/029_Drusen.tif,DRUSEN-093,test,DRUSEN,drusen,OS,.tif,0.000722694443538785
DRUSEN/93/OS/030_Drusen.tif,DRUSEN-093,test,DRUSEN,drusen,OS,.tif,0.0009976475266739726
DRUSEN/95/000_Drusen.tif,DRUSEN-095,test,DRUSEN,drusen,OD,.tif,0.0005914040957577527
DRUSEN/95/001_Drusen.tif,DRUSEN-095,test,DRUSEN,drusen,OD,.tif,0.0004980614758096635
DRUSEN/95/002_Drusen.tif,DRUSEN-095,test,DRUSEN,drusen,OD,.tif,0.0006384440930560231
DRUSEN/95/003_Drusen.tif,DRUSEN-095,test,DRUSEN,drusen,OD,.tif,0.0006748629966750741
DRUSEN/95/004_Drusen.tif,DRUSEN-095,test,DRUSEN,drusen,OD,.tif,0.0006977475713938475
DRUSEN/95/005_Drusen.tif,DRUSEN-095,test,DRUSEN,drusen,OD,.tif,0.000694411457516253
DRUSEN/95/006_Drusen.tif,DRUSEN-095,test,DRUSEN,drusen,OD,.tif,0.0007248829351738095
DRUSEN/95/007_Drusen.tif,DRUSEN-095,test,DRUSEN,drusen,OD,.tif,0.0008123678271658719
DRUSEN/95/008_Drusen.tif,DRUSEN-095,test,DRUSEN,drusen,OD,.tif,0.00064513785764575
DRUSEN/95/009_Drusen.tif,DRUSEN-095,test,DRUSEN,drusen,OD,.tif,0.0008053132332861423
DRUSEN/95/010_Drusen.tif,DRUSEN-095,test,DRUSEN,drusen,OD,.tif,0.0009293846669606864
DRUSEN/95/011_Drusen.tif,DRUSEN-095,test,DRUSEN,drusen,OD,.tif,0.0010629069292917848
DRUSEN/95/012_Drusen.tif,DRUSEN-095,test,DRUSEN,drusen,OD,.tif,0.0008361759246326983
DRUSEN/95/013_Drusen.tif,DRUSEN-095,test,DRUSEN,drusen,OD,.tif,0.00040469245868735015
DRUSEN/95/014_Drusen.tif,DRUSEN-095,test,DRUSEN,drusen,OD,.tif,0.0007382559706456959
DRUSEN/95/015_Drusen.tif,DRUSEN-095,test,DRUSEN,drusen,OD,.tif,0.0007160972454585135
DRUSEN/95/016_Drusen.tif,DRUSEN-095,test,DRUSEN,drusen,OD,.tif,0.0005955519736744463
DRUSEN/95/017_Drusen.tif,DRUSEN-095,test,DRUSEN,drusen,OD,.tif,0.0005060045514255762
DRUSEN/95/018_Drusen.tif,DRUSEN-095,test,DRUSEN,drusen,OD,.tif,0.0006122063496150076
DRUSEN/95/019_Drusen.tif,DRUSEN-095,test,DRUSEN,drusen,OD,.tif,0.0005637615686282516
DRUSEN/95/020_Drusen.tif,DRUSEN-095,test,DRUSEN,drusen,OD,.tif,0.0005669670645147562
DRUSEN/95/021_Drusen.tif,DRUSEN-095,test,DRUSEN,drusen,OD,.tif,0.0004747013736050576
DRUSEN/95/022_Drusen.tif,DRUSEN-095,test,DRUSEN,drusen,OD,.tif,0.0005450490862131119
DRUSEN/95/023_Drusen.tif,DRUSEN-095,test,DRUSEN,drusen,OD,.tif,0.0005624421173706651
DRUSEN/95/024_Drusen.tif,DRUSEN-095,test,DRUSEN,drusen,OD,.tif,0.0005689429235644639
DRUSEN/95/025_Drusen.tif,DRUSEN-095,test,DRUSEN,drusen,OD,.tif,0.0004377936711534858
DRUSEN/95/026_Drusen.tif,DRUSEN-095,test,DRUSEN,drusen,OD,.tif,0.0005073593347333372
DRUSEN/95/027_Drusen.tif,DRUSEN-095,test,DRUSEN,drusen,OD,.tif,0.0004570602613966912
DRUSEN/95/028_Drusen.tif,DRUSEN-095,test,DRUSEN,drusen,OD,.tif,0.0005909819155931473
DRUSEN/95/029_Drusen.tif,DRUSEN-095,test,DRUSEN,drusen,OD,.tif,0.0005114187370054424
DRUSEN/95/030_Drusen.tif,DRUSEN-095,test,DRUSEN,drusen,OD,.tif,0.00044816770241595805
DRUSEN/96/OD/000_Normal.tif,DRUSEN-096,test,DRUSEN,normal,OD,.tif,0.000695075374096632
DRUSEN/96/OD/001_Normal.tif,DRUSEN-096,test,DRUSEN,normal,OD,.tif,0.0008454408380202949
DRUSEN/96/OD/002_Normal.tif,DRUSEN-096,test,DRUSEN,normal,OD,.tif,0.0007615230861119926
DRUSEN/96/OD/003_Normal.tif,DRUSEN-096,test,DRUSEN,normal,OD,.tif,0.0007324827602133155
DRUSEN/96/OD/004_Normal.tif,DRUSEN-096,test,DRUSEN,normal,OD,.tif,0.0007608662126585841
DRUSEN/96/OD/005_Drusen.tif,DRUSEN-096,test,DRUSEN,drusen,OD,.tif,0.000847332295961678
DRUSEN/96/OD/006_Drusen.tif,DRUSEN-096,test,DRUSEN,drusen,OD,.tif,0.0008783137891441584
DRUSEN/96/OD/007_Drusen.tif,DRUSEN-096,test,DRUSEN,drusen,OD,.tif,0.0008360565407201648
DRUSEN/96/OD/008_Drusen.tif,DRUSEN-096,test,DRUSEN,drusen,OD,.tif,0.0008687032968737185
DRUSEN/96/OD/009_Drusen.tif,DRUSEN-096,test,DRUSEN,drusen,OD,.tif,0.0009430607315152884
DRUSEN/96/OD/010_Drusen.tif,DRUSEN-096,test,DRUSEN,drusen,OD,.tif,0.0009611767018213868
DRUSEN/96/OD/011_Drusen.tif,DRUSEN-096,test,DRUSEN,drusen,OD,.tif,0.000999552197754383
DRUSEN/96/OD/012_Drusen.tif,DRUSEN-096,test,DRUSEN,drusen,OD,.tif,0.0009154623840004206
DRUSEN/96/OD/013_Drusen.tif,DRUSEN-096,test,DRUSEN,drusen,OD,.tif,0.000914420816116035
DRUSEN/96/OD/014_Drusen.tif,DRUSEN-096,test,DRUSEN,drusen,OD,.tif,0.0009351837798021734
DRUSEN/96/OD/015_Drusen.tif,DRUSEN-096,test,DRUSEN,drusen,OD,.tif,0.0008775251335464418
DRUSEN/96/OD/016_Drusen.tif,DRUSEN-096,test,DRUSEN,drusen,OD,.tif,0.0008188519859686494
DRUSEN/96/OD/017_Drusen.tif,DRUSEN-096,test,DRUSEN,drusen,OD,.tif,0.0009660947252996266
DRUSEN/96/OD/018_Drusen.tif,DRUSEN-096,test,DRUSEN,drusen,OD,.tif,0.000784614821895957
DRUSEN/96/OD/019_Drusen.tif,DRUSEN-096,test,DRUSEN,drusen,OD,.tif,0.0007662338903173804
DRUSEN/96/OD/020_Drusen.tif,DRUSEN-096,test,DRUSEN,drusen,OD,.tif,0.0007878368487581611
DRUSEN/96/OD/021_Drusen.tif,DRUSEN-096,test,DRUSEN,drusen,OD,.tif,0.0007958828355185688
DRUSEN/96/OD/022_Drusen.tif,DRUSEN-096,test,DRUSEN,drusen,OD,.tif,0.0007550753653049469
DRUSEN/96/OD/023_Drusen.tif,DRUSEN-096,test,DRUSEN,drusen,OD,.tif,0.0007630388718098402
DRUSEN/96/OD/024_Drusen.tif,DRUSEN-096,test,DRUSEN,drusen,OD,.tif,0.0006971433758735657
DRUSEN/96/OD/025_Drusen.tif,DRUSEN-096,test,DRUSEN,drusen,OD,.tif,0.0007339940639212728
DRUSEN/96/OD/026_Drusen.tif,DRUSEN-096,test,DRUSEN,drusen,OD,.tif,0.0007379711605608463
DRUSEN/96/OD/027_Drusen.tif,DRUSEN-096,test,DRUSEN,drusen,OD,.tif,0.0007995666237547994
DRUSEN/96/OD/028_Drusen.tif,DRUSEN-096,test,DRUSEN,drusen,OD,.tif,0.0006731061148457229
DRUSEN/96/OD/029_Drusen.tif,DRUSEN-096,test,DRUSEN,drusen,OD,.tif,0.0006192100699990988
DRUSEN/96/OD/030_Drusen.tif,DRUSEN-096,test,DRUSEN,drusen,OD,.tif,0.0006858272827230394
DRUSEN/96/OS/000_Normal.tif,DRUSEN-096,test,DRUSEN,normal,OS,.tif,0.0007446833769790828
DRUSEN/96/OS/001_Normal.tif,DRUSEN-096,test,DRUSEN,normal,OS,.tif,0.0007117513450793922
DRUSEN/96/OS/002_Normal.tif,DRUSEN-096,test,DRUSEN,normal,OS,.tif,0.0006706939311698079
DRUSEN/96/OS/003_Normal.tif,DRUSEN-096,test,DRUSEN,normal,OS,.tif,0.0007704664021730423
DRUSEN/96/OS/004_Normal.tif,DRUSEN-096,test,DRUSEN,normal,OS,.tif,0.0008481249678879976
DRUSEN/96/OS/005_Normal.tif,DRUSEN-096,test,DRUSEN,normal,OS,.tif,0.0007869100663810968
DRUSEN/96/OS/006_Drusen.tif,DRUSEN-096,test,DRUSEN,drusen,OS,.tif,0.0007299698772840202
DRUSEN/96/OS/007_Drusen.tif,DRUSEN-096,test,DRUSEN,drusen,OS,.tif,0.0008482453995384276
DRUSEN/96/OS/008_Drusen.tif,DRUSEN-096,test,DRUSEN,drusen,OS,.tif,0.0008551381179131567
DRUSEN/96/OS/009_Drusen.tif,DRUSEN-096,test,DRUSEN,drusen,OS,.tif,0.0008919276879169047
DRUSEN/96/OS/010_Drusen.tif,DRUSEN-096,test,DRUSEN,drusen,OS,.tif,0.0008554975502192974
DRUSEN/96/OS/011_Drusen.tif,DRUSEN-096,test,DRUSEN,drusen,OS,.tif,0.0008386773406527936
DRUSEN/96/OS/012_Drusen.tif,DRUSEN-096,test,DRUSEN,drusen,OS,.tif,0.0008468456217087805
DRUSEN/96/OS/013_Drusen.tif,DRUSEN-096,test,DRUSEN,drusen,OS,.tif,0.0008853190229274333
DRUSEN/96/OS/014_Drusen.tif,DRUSEN-096,test,DRUSEN,drusen,OS,.tif,0.0008403694955632091
DRUSEN/96/OS/015_Drusen.tif,DRUSEN-096,test,DRUSEN,drusen,OS,.tif,0.0009102895855903625
DRUSEN/96/OS/016_Drusen.tif,DRUSEN-096,test,DRUSEN,drusen,OS,.tif,0.0008818567148409784
DRUSEN/96/OS/017_Drusen.tif,DRUSEN-096,test,DRUSEN,drusen,OS,.tif,0.0008441605023108423
DRUSEN/96/OS/018_Drusen.tif,DRUSEN-096,test,DRUSEN,drusen,OS,.tif,0.0008608996868133545
DRUSEN/96/OS/019_Drusen.tif,DRUSEN-096,test,DRUSEN,drusen,OS,.tif,0.0007953995373100042
DRUSEN/96/OS/020_Drusen.tif,DRUSEN-096,test,DRUSEN,drusen,OS,.tif,0.0007789560477249324
DRUSEN/96/OS/021_Drusen.tif,DRUSEN-096,test,DRUSEN,drusen,OS,.tif,0.0007892401190474629
DRUSEN/96/OS/022_Drusen.tif,DRUSEN-096,test,DRUSEN,drusen,OS,.tif,0.0007774434634484351
DRUSEN/96/OS/023_Drusen.tif,DRUSEN-096,test,DRUSEN,drusen,OS,.tif,0.0007116219494491816
DRUSEN/96/OS/024_Drusen.tif,DRUSEN-096,test,DRUSEN,drusen,OS,.tif,0.0006858133128844202
DRUSEN/96/OS/025_Drusen.tif,DRUSEN-096,test,DRUSEN,drusen,OS,.tif,0.0006480599986389279
DRUSEN/96/OS/026_Drusen.tif,DRUSEN-096,test,DRUSEN,drusen,OS,.tif,0.0006551535916514695
DRUSEN/96/OS/027_Drusen.tif,DRUSEN-096,test,DRUSEN,drusen,OS,.tif,0.0006800579722039402
DRUSEN/96/OS/028_Drusen.tif,DRUSEN-096,test,DRUSEN,drusen,OS,.tif,0.000702507037203759
DRUSEN/96/OS/029_Drusen.tif,DRUSEN-096,test,DRUSEN,drusen,OS,.tif,0.0007609252934344113
DRUSEN/96/OS/030_Drusen.tif,DRUSEN-096,test,DRUSEN,drusen,OS,.tif,0.000688655418343842
DRUSEN/99/000_Drusen.tif,DRUSEN-099,test,DRUSEN,drusen,OS,.tif,0.000703086203429848
DRUSEN/99/001_Drusen.tif,DRUSEN-099,test,DRUSEN,drusen,OS,.tif,0.0006813385989516973
DRUSEN/99/002_Drusen.tif,DRUSEN-099,test,DRUSEN,drusen,OS,.tif,0.00068622303660959
DRUSEN/99/003_Drusen.tif,DRUSEN-099,test,DRUSEN,drusen,OS,.tif,0.0005906515871174634
DRUSEN/99/004_Drusen.tif,DRUSEN-099,test,DRUSEN,drusen,OS,.tif,0.0006980260950513184
DRUSEN/99/005_Drusen.tif,DRUSEN-099,test,DRUSEN,drusen,OS,.tif,0.0007281395955942571
DRUSEN/99/006_Drusen.tif,DRUSEN-099,test,DRUSEN,drusen,OS,.tif,0.0009267809218727052
DRUSEN/99/007_Drusen.tif,DRUSEN-099,test,DRUSEN,drusen,OS,.tif,0.0009216938051395118
DRUSEN/99/008_Drusen.tif,DRUSEN-099,test,DRUSEN,drusen,OS,.tif,0.0009607100510038435
DRUSEN/99/009_Drusen.tif,DRUSEN-099,test,DRUSEN,drusen,OS,.tif,0.001210300251841545
DRUSEN/99/010_Drusen.tif,DRUSEN-099,test,DRUSEN,drusen,OS,.tif,0.0010503145167604089
DRUSEN/99/011_Drusen.tif,DRUSEN-099,test,DRUSEN,drusen,OS,.tif,0.0011817271588370204
DRUSEN/99/012_Drusen.tif,DRUSEN-099,test,DRUSEN,drusen,OS,.tif,0.0009644971578381956
DRUSEN/99/013_Drusen.tif,DRUSEN-099,test,DRUSEN,drusen,OS,.tif,0.0008492612396366894
DRUSEN/99/014_Drusen.tif,DRUSEN-099,test,DRUSEN,drusen,OS,.tif,0.0008566668257117271
DRUSEN/99/015_Drusen.tif,DRUSEN-099,test,DRUSEN,drusen,OS,.tif,0.00042852008482441306
DRUSEN/99/016_Drusen.tif,DRUSEN-099,test,DRUSEN,drusen,OS,.tif,0.00045574380783364177
DRUSEN/99/017_Drusen.tif,DRUSEN-099,test,DRUSEN,drusen,OS,.tif,0.0004175138892605901
DRUSEN/99/018_Drusen.tif,DRUSEN-099,test,DRUSEN,drusen,OS,.tif,0.0006256019114516675
DRUSEN/99/019_Drusen.tif,DRUSEN-099,test,DRUSEN,drusen,OS,.tif,0.0006178264738991857
DRUSEN/99/020_Drusen.tif,DRUSEN-099,test,DRUSEN,drusen,OS,.tif,0.000646760396193713
DRUSEN/99/021_Drusen.tif,DRUSEN-099,test,DRUSEN,drusen,OS,.tif,0.000571112206671387
DRUSEN/99/022_Drusen.tif,DRUSEN-099,test,DRUSEN,drusen,OS,.tif,0.0005405417177826166
DRUSEN/99/023_Drusen.tif,DRUSEN-099,test,DRUSEN,drusen,OS,.tif,0.0004699013370554894
DRUSEN/99/024_Drusen.tif,DRUSEN-099,test,DRUSEN,drusen,OS,.tif,0.0006045276531949639
DRUSEN/99/025_Drusen.tif,DRUSEN-099,test,DRUSEN,drusen,OS,.tif,0.000525441428180784
DRUSEN/99/026_Drusen.tif,DRUSEN-099,test,DRUSEN,drusen,OS,.tif,0.0005070687038823962
DRUSEN/99/027_Drusen.tif,DRUSEN-099,test,DRUSEN,drusen,OS,.tif,0.0005327792023308575
DRUSEN/99/028_Drusen.tif,DRUSEN-099,test,DRUSEN,drusen,OS,.tif,0.00046101785846985877
DRUSEN/99/029_Drusen.tif,DRUSEN-099,test,DRUSEN,drusen,OS,.tif,0.0005540202255360782
DRUSEN/99/030_Drusen.tif,DRUSEN-099,test,DRUSEN,drusen,OS,.tif,0.00045222340850159526
DRUSEN/100/000_Normal.tif,DRUSEN-100,test,DRUSEN,normal,OS,.tif,0.0008649309165775776
DRUSEN/100/001_Normal.tif,DRUSEN-100,test,DRUSEN,normal,OS,.tif,0.0006842187140136957
DRUSEN/100/002_Normal.tif,DRUSEN-100,test,DRUSEN,normal,OS,.tif,0.0006460309377871454
DRUSEN/100/003_Normal.tif,DRUSEN-100,test,DRUSEN,normal,OS,.tif,0.0005449475720524788
DRUSEN/100/004_Drusen.tif,DRUSEN-100,test,DRUSEN,drusen,OS,.tif,0.0005465542781166732
DRUSEN/100/005_Drusen.tif,DRUSEN-100,test,DRUSEN,drusen,OS,.tif,0.000518997956532985
DRUSEN/100/006_Drusen.tif,DRUSEN-100,test,DRUSEN,drusen,OS,.tif,0.0005028751911595464
DRUSEN/100/007_Drusen.tif,DRUSEN-100,test,DRUSEN,drusen,OS,.tif,0.0005249882233329117
DRUSEN/100/008_Drusen.tif,DRUSEN-100,test,DRUSEN,drusen,OS,.tif,0.0004901711945421994
DRUSEN/100/009_Drusen.tif,DRUSEN-100,test,DRUSEN,drusen,OS,.tif,0.0005573384696617723
DRUSEN/100/010_Drusen.tif,DRUSEN-100,test,DRUSEN,drusen,OS,.tif,0.0006053579272702336
DRUSEN/100/011_Drusen.tif,DRUSEN-100,test,DRUSEN,drusen,OS,.tif,0.0006625578971579671
DRUSEN/100/012_Drusen.tif,DRUSEN-100,test,DRUSEN,drusen,OS,.tif,0.0005106456810608506
DRUSEN/100/013_Drusen.tif,DRUSEN-100,test,DRUSEN,drusen,OS,.tif,0.0005284073413349688
DRUSEN/100/014_Drusen.tif,DRUSEN-100,test,DRUSEN,drusen,OS,.tif,0.0007232945063151419
DRUSEN/100/015_Drusen.tif,DRUSEN-100,test,DRUSEN,drusen,OS,.tif,0.0007809874950908124
DRUSEN/100/016_Drusen.tif,DRUSEN-100,test,DRUSEN,drusen,OS,.tif,0.000848763738758862
DRUSEN/100/017_Drusen.tif,DRUSEN-100,test,DRUSEN,drusen,OS,.tif,0.0017694091657176614
DRUSEN/100/018_Drusen.tif,DRUSEN-100,test,DRUSEN,drusen,OS,.tif,0.0016024864744395018
DRUSEN/100/019_Drusen.tif,DRUSEN-100,test,DRUSEN,drusen,OS,.tif,0.0009507580543868244
DRUSEN/100/020_Drusen.tif,DRUSEN-100,test,DRUSEN,drusen,OS,.tif,0.0006788690807297826
DRUSEN/100/021_Drusen.tif,DRUSEN-100,test,DRUSEN,drusen,OS,.tif,0.0007351553067564964
DRUSEN/100/022_Drusen.tif,DRUSEN-100,test,DRUSEN,drusen,OS,.tif,0.0008725909283384681
DRUSEN/100/023_Drusen.tif,DRUSEN-100,test,DRUSEN,drusen,OS,.tif,0.001218577497638762
DRUSEN/100/024_Drusen.tif,DRUSEN-100,test,DRUSEN,drusen,OS,.tif,0.0009472780511714518
DRUSEN/100/025_Drusen.tif,DRUSEN-100,test,DRUSEN,drusen,OS,.tif,0.0012224724050611258
DRUSEN/100/026_Drusen.tif,DRUSEN-100,test,DRUSEN,drusen,OS,.tif,0.0012812332715839148
DRUSEN/100/027_Drusen.tif,DRUSEN-100,test,DRUSEN,drusen,OS,.tif,0.0010829069651663303
DRUSEN/100/028_Drusen.tif,DRUSEN-100,test,DRUSEN,drusen,OS,.tif,0.0009928782237693667
DRUSEN/100/029_Drusen.tif,DRUSEN-100,test,DRUSEN,drusen,OS,.tif,0.0009297518408857286
DRUSEN/100/030_Drusen.tif,DRUSEN-100,test,DRUSEN,drusen,OS,.tif,0.0009778776438906789
DRUSEN/101/000_Normal.jpg,DRUSEN-101,test,DRUSEN,normal,OD,.jpg,0.0006930136005394161
DRUSEN/101/001_Normal.jpg,DRUSEN-101,test,DRUSEN,normal,OD,.jpg,0.0008469552849419415
DRUSEN/101/002_Normal.jpg,DRUSEN-101,test,DRUSEN,normal,OD,.jpg,0.0008003143011592329
DRUSEN/101/003_Normal.jpg,DRUSEN-101,test,DRUSEN,normal,OD,.jpg,0.001025765435770154
DRUSEN/101/004_Drusen.jpg,DRUSEN-101,test,DRUSEN,drusen,OD,.jpg,0.0011568954214453697
DRUSEN/101/005_Normal.jpg,DRUSEN-101,test,DRUSEN,normal,OD,.jpg,0.0015209876000881195
DRUSEN/101/006_Drusen.jpg,DRUSEN-101,test,DRUSEN,drusen,OD,.jpg,0.0011158298002555966
DRUSEN/101/007_Drusen.jpg,DRUSEN-101,test,DRUSEN,drusen,OD,.jpg,0.0008562513976357877
DRUSEN/101/008_Drusen.jpg,DRUSEN-101,test,DRUSEN,drusen,OD,.jpg,0.0008739779586903751
DRUSEN/101/009_Drusen.jpg,DRUSEN-101,test,DRUSEN,drusen,OD,.jpg,0.0009335502982139587
DRUSEN/101/010_Drusen.jpg,DRUSEN-101,test,DRUSEN,drusen,OD,.jpg,0.0005732976133003831
DRUSEN/101/011_Drusen.jpg,DRUSEN-101,test,DRUSEN,drusen,OD,.jpg,0.0010567220160737634
DRUSEN/101/012_Drusen.jpg,DRUSEN-101,test,DRUSEN,drusen,OD,.jpg,0.0008151958463713527
DRUSEN/101/013_Drusen.jpg,DRUSEN-101,test,DRUSEN,drusen,OD,.jpg,0.0009329486638307571
DRUSEN/101/014_Drusen.jpg,DRUSEN-101,test,DRUSEN,drusen,OD,.jpg,0.0010532205924391747
DRUSEN/101/015_Drusen.jpg,DRUSEN-101,test,DRUSEN,drusen,OD,.jpg,0.0014817212941125035
DRUSEN/101/016_Drusen.jpg,DRUSEN-101,test,DRUSEN,drusen,OD,.jpg,0.0013273832155391574
DRUSEN/101/017_Drusen.jpg,DRUSEN-101,test,DRUSEN,drusen,OD,.jpg,0.0008310998091474175
DRUSEN/101/018_Drusen.jpg,DRUSEN-101,test,DRUSEN,drusen,OD,.jpg,0.001207177760079503
DRUSEN/101/019_Drusen.jpg,DRUSEN-101,test,DRUSEN,drusen,OD,.jpg,0.0011395872570574284
DRUSEN/101/020_Drusen.jpg,DRUSEN-101,test,DRUSEN,drusen,OD,.jpg,0.0011004157131537795
DRUSEN/101/021_Drusen.jpg,DRUSEN-101,test,DRUSEN,drusen,OD,.jpg,0.0009822380961850286
DRUSEN/101/022_Drusen.jpg,DRUSEN-101,test,DRUSEN,drusen,OD,.jpg,0.001024878234602511
DRUSEN/101/023_Normal.jpg,DRUSEN-101,test,DRUSEN,normal,OD,.jpg,0.0008753592846915126
DRUSEN/101/024_Normal.jpg,DRUSEN-101,test,DRUSEN,normal,OD,.jpg,0.0011177451815456152
DRUSEN/101/025_Normal.jpg,DRUSEN-101,test,DRUSEN,normal,OD,.jpg,0.0009015339310280979
DRUSEN/101/026_Normal.jpg,DRUSEN-101,test,DRUSEN,normal,OD,.jpg,0.0005862690741196275
DRUSEN/101/027_Drusen.jpg,DRUSEN-101,test,DRUSEN,drusen,OD,.jpg,0.0006781540578231215
DRUSEN/101/028_Drusen.jpg,DRUSEN-101,test,DRUSEN,drusen,OD,.jpg,0.0005471940385177732
DRUSEN/101/029_Drusen.jpg,DRUSEN-101,test,DRUSEN,drusen,OD,.jpg,0.0008950795163400471
DRUSEN/101/030_Drusen.jpg,DRUSEN-101,test,DRUSEN,drusen,OD,.jpg,0.0007571091991849244
DRUSEN/104/OD/000_Normal.tif,DRUSEN-104,test,DRUSEN,normal,OD,.tif,0.0009148891549557447
DRUSEN/104/OD/001_Normal.tif,DRUSEN-104,test,DRUSEN,normal,OD,.tif,0.0009655930916778743
DRUSEN/104/OD/002_Normal.tif,DRUSEN-104,test,DRUSEN,normal,OD,.tif,0.0010241642594337463
DRUSEN/104/OD/003_Normal.tif,DRUSEN-104,test,DRUSEN,normal,OD,.tif,0.001248615444637835
DRUSEN/104/OD/004_Normal.tif,DRUSEN-104,test,DRUSEN,normal,OD,.tif,0.0012216500472277403
DRUSEN/104/OD/005_Normal.tif,DRUSEN-104,test,DRUSEN,normal,OD,.tif,0.0011408277787268162
DRUSEN/104/OD/006_Normal.tif,DRUSEN-104,test,DRUSEN,normal,OD,.tif,0.0008114469819702208
DRUSEN/104/OD/007_Drusen.tif,DRUSEN-104,test,DRUSEN,drusen,OD,.tif,0.0010311417281627655
DRUSEN/104/OD/008_Drusen.tif,DRUSEN-104,test,DRUSEN,drusen,OD,.tif,0.001165128662250936
DRUSEN/104/OD/009_Drusen.tif,DRUSEN-104,test,DRUSEN,drusen,OD,.tif,0.0011505301808938384
DRUSEN/104/OD/010_Drusen.tif,DRUSEN-104,test,DRUSEN,drusen,OD,.tif,0.0011566521134227514
DRUSEN/104/OD/011_Drusen.tif,DRUSEN-104,test,DRUSEN,drusen,OD,.tif,0.0008771092398092151
DRUSEN/104/OD/012_Drusen.tif,DRUSEN-104,test,DRUSEN,drusen,OD,.tif,0.0009194851736538112
DRUSEN/104/OD/013_Drusen.tif,DRUSEN-104,test,DRUSEN,drusen,OD,.tif,0.0010444410145282745
DRUSEN/104/OD/014_Drusen.tif,DRUSEN-104,test,DRUSEN,drusen,OD,.tif,0.0011890376918017864
DRUSEN/104/OD/015_Drusen.tif,DRUSEN-104,test,DRUSEN,drusen,OD,.tif,0.0006663958774879575
DRUSEN/104/OD/016_Drusen.tif,DRUSEN-104,test,DRUSEN,drusen,OD,.tif,0.0010854187421500683
DRUSEN/104/OD/017_Drusen.tif,DRUSEN-104,test,DRUSEN,drusen,OD,.tif,0.0008816109620966017
DRUSEN/104/OD/018_Drusen.tif,DRUSEN-104,test,DRUSEN,drusen,OD,.tif,0.000784886593464762
DRUSEN/104/OD/019_Drusen.tif,DRUSEN-104,test,DRUSEN,drusen,OD,.tif,0.0009621011558920145
DRUSEN/104/OD/020_Drusen.tif,DRUSEN-104,test,DRUSEN,drusen,OD,.tif,0.0007699609268456697
DRUSEN/104/OD/021_Drusen.tif,DRUSEN-104,test,DRUSEN,drusen,OD,.tif,0.0006173558649607003
DRUSEN/104/OD/022_Drusen.tif,DRUSEN-104,test,DRUSEN,drusen,OD,.tif,0.0009077484719455242
DRUSEN/104/OD/023_Drusen.tif,DRUSEN-104,test,DRUSEN,drusen,OD,.tif,0.0007623081910423934
DRUSEN/104/OD/024_Drusen.tif,DRUSEN-104,test,DRUSEN,drusen,OD,.tif,0.000712453096639365
DRUSEN/104/OD/025_Normal.tif,DRUSEN-104,test,DRUSEN,normal,OD,.tif,0.0006583062349818647
DRUSEN/104/OD/026_Normal.tif,DRUSEN-104,test,DRUSEN,normal,OD,.tif,0.0007678432739339769
DRUSEN/104/OD/027_Normal.tif,DRUSEN-104,test,DRUSEN,normal,OD,.tif,0.0008585408795624971
DRUSEN/104/OD/028_Normal.tif,DRUSEN-104,test,DRUSEN,normal,OD,.tif,0.0008923417190089822
DRUSEN/104/OD/029_Normal.tif,DRUSEN-104,test,DRUSEN,normal,OD,.tif,0.0008719750330783427
DRUSEN/104/OD/030_Normal.tif,DRUSEN-104,test,DRUSEN,normal,OD,.tif,0.001009445870295167
DRUSEN/104/OS/000_Drusen.tif,DRUSEN-104,test,DRUSEN,drusen,OS,.tif,0.0006365290028043091
DRUSEN/104/OS/001_Drusen.tif,DRUSEN-104,test,DRUSEN,drusen,OS,.tif,0.0006951678078621626
DRUSEN/104/OS/002_Normal.tif,DRUSEN-104,test,DRUSEN,normal,OS,.tif,0.0006327359587885439
DRUSEN/104/OS/003_Normal.tif,DRUSEN-104,test,DRUSEN,normal,OS,.tif,0.0008277228334918618
DRUSEN/104/OS/004_Normal.tif,DRUSEN-104,test,DRUSEN,normal,OS,.tif,0.0006973632262088358
DRUSEN/104/OS/005_Drusen.tif,DRUSEN-104,test,DRUSEN,drusen,OS,.tif,0.0008893024059943855
DRUSEN/104/OS/006_Drusen.tif,DRUSEN-104,test,DRUSEN,drusen,OS,.tif,0.0007198859821073711
DRUSEN/104/OS/007_Drusen.tif,DRUSEN-104,test,DRUSEN,drusen,OS,.tif,0.0005531595088541508
DRUSEN/104/OS/008_Drusen.tif,DRUSEN-104,test,DRUSEN,drusen,OS,.tif,0.0008941665291786194
DRUSEN/104/OS/009_Drusen.tif,DRUSEN-104,test,DRUSEN,drusen,OS,.tif,0.001797752338461578
DRUSEN/104/OS/010_Drusen.tif,DRUSEN-104,test,DRUSEN,drusen,OS,.tif,0.0008328647818416357
DRUSEN/104/OS/011_Drusen.tif,DRUSEN-104,test,DRUSEN,drusen,OS,.tif,0.0009430092759430408
DRUSEN/104/OS/012_Drusen.tif,DRUSEN-104,test,DRUSEN,drusen,OS,.tif,0.0008353758603334427
DRUSEN/104/OS/013_Drusen.tif,DRUSEN-104,test,DRUSEN,drusen,OS,.tif,0.0008195536793209612
DRUSEN/104/OS/014_Drusen.tif,DRUSEN-104,test,DRUSEN,drusen,OS,.tif,0.0008416412747465074
DRUSEN/104/OS/015_Drusen.tif,DRUSEN-104,test,DRUSEN,drusen,OS,.tif,0.0008372560841962695
DRUSEN/104/OS/016_Drusen.tif,DRUSEN-104,test,DRUSEN,drusen,OS,.tif,0.0008555110543966293
DRUSEN/104/OS/017_Drusen.tif,DRUSEN-104,test,DRUSEN,drusen,OS,.tif,0.0006256329943425953
DRUSEN/104/OS/018_Drusen.tif,DRUSEN-104,test,DRUSEN,drusen,OS,.tif,0.0005765227251686156
DRUSEN/104/OS/019_Drusen.tif,DRUSEN-104,test,DRUSEN,drusen,OS,.tif,0.0006572172278538346
DRUSEN/104/OS/020_Drusen.tif,DRUSEN-104,test,DRUSEN,drusen,OS,.tif,0.0007719457498751581
DRUSEN/104/OS/021_Drusen.tif,DRUSEN-104,test,DRUSEN,drusen,OS,.tif,0.0006070791278034449
DRUSEN/104/OS/022_Drusen.tif,DRUSEN-104,test,DRUSEN,drusen,OS,.tif,0.0007543319370597601
DRUSEN/104/OS/023_Drusen.tif,DRUSEN-104,test,DRUSEN,drusen,OS,.tif,0.0007799399900250137
DRUSEN/104/OS/024_Drusen.tif,DRUSEN-104,test,DRUSEN,drusen,OS,.tif,0.0008887212025001645
DRUSEN/104/OS/025_Drusen.tif,DRUSEN-104,test,DRUSEN,drusen,OS,.tif,0.0005787938716821373
DRUSEN/104/OS/026_Drusen.tif,DRUSEN-104,test,DRUSEN,drusen,OS,.tif,0.0009164134971797466
DRUSEN/104/OS/027_Drusen.tif,DRUSEN-104,test,DRUSEN,drusen,OS,.tif,0.001038816524669528
DRUSEN/104/OS/028_Normal.tif,DRUSEN-104,test,DRUSEN,normal,OS,.tif,0.0011259885504841805
DRUSEN/104/OS/029_Drusen.tif,DRUSEN-104,test,DRUSEN,drusen,OS,.tif,0.0010659295367076993
DRUSEN/104/OS/030_Drusen.tif,DRUSEN-104,test,DRUSEN,drusen,OS,.tif,0.0008134999079629779
DRUSEN/105/000_Normal.tif,DRUSEN-105,test,DRUSEN,normal,OS,.tif,0.0006490928935818374
DRUSEN/105/001_Normal.tif,DRUSEN-105,test,DRUSEN,normal,OS,.tif,0.0007081374060362577
DRUSEN/105/002_Normal.tif,DRUSEN-105,test,DRUSEN,normal,OS,.tif,0.0006127703818492591
DRUSEN/105/003_Normal.tif,DRUSEN-105,test,DRUSEN,normal,OS,.tif,0.0006461267475970089
DRUSEN/105/004_Drusen.tif,DRUSEN-105,test,DRUSEN,drusen,OS,.tif,0.0006594126462005079
DRUSEN/105/005_Drusen.tif,DRUSEN-105,test,DRUSEN,drusen,OS,.tif,0.0008442603284493089
DRUSEN/105/006_Drusen.tif,DRUSEN-105,test,DRUSEN,drusen,OS,.tif,0.0008599509601481259
DRUSEN/105/007_Drusen.tif,DRUSEN-105,test,DRUSEN,drusen,OS,.tif,0.0010480083292350173
DRUSEN/105/008_Drusen.tif,DRUSEN-105,test,DRUSEN,drusen,OS,.tif,0.0013115392066538334
DRUSEN/105/009_Drusen.tif,DRUSEN-105,test,DRUSEN,drusen,OS,.tif,0.0015374108916148543
DRUSEN/105/010_Drusen.tif,DRUSEN-105,test,DRUSEN,drusen,OS,.tif,0.0013878499157726765
DRUSEN/105/011_Drusen.tif,DRUSEN-105,test,DRUSEN,drusen,OS,.tif,0.001326435012742877
DRUSEN/105/012_Drusen.tif,DRUSEN-105,test,DRUSEN,drusen,OS,.tif,0.0009484897600486875
DRUSEN/105/013_Drusen.tif,DRUSEN-105,test,DRUSEN,drusen,OS,.tif,0.0008024338167160749
DRUSEN/105/014_Drusen.tif,DRUSEN-105,test,DRUSEN,drusen,OS,.tif,0.0008672248222865164
DRUSEN/105/015_Drusen.tif,DRUSEN-105,test,DRUSEN,drusen,OS,.tif,0.0009480013395659626
DRUSEN/105/016_Drusen.tif,DRUSEN-105,test,DRUSEN,drusen,OS,.tif,0.0008604619069956243
DRUSEN/105/017_Drusen.tif,DRUSEN-105,test,DRUSEN,drusen,OS,.tif,0.0010660022962838411
DRUSEN/105/018_Drusen.tif,DRUSEN-105,test,DRUSEN,drusen,OS,.tif,0.0005308531108312309
DRUSEN/105/019_Drusen.tif,DRUSEN-105,test,DRUSEN,drusen,OS,.tif,0.0007255273521877825
DRUSEN/105/020_Drusen.tif,DRUSEN-105,test,DRUSEN,drusen,OS,.tif,0.0006924967165105045
DRUSEN/105/021_Drusen.tif,DRUSEN-105,test,DRUSEN,drusen,OS,.tif,0.0006811448256485164
DRUSEN/105/022_Drusen.tif,DRUSEN-105,test,DRUSEN,drusen,OS,.tif,0.0005336294998414814
DRUSEN/105/023_Drusen.tif,DRUSEN-105,test,DRUSEN,drusen,OS,.tif,0.00066538987448439
DRUSEN/105/024_Drusen.tif,DRUSEN-105,test,DRUSEN,drusen,OS,.tif,0.0006752666085958481
DRUSEN/106/OD/000_Drusen.tif,DRUSEN-106,test,DRUSEN,drusen,OD,.tif,0.0010867136297747493
DRUSEN/106/OD/001_Drusen.tif,DRUSEN-106,test,DRUSEN,drusen,OD,.tif,0.0014294065767899156
DRUSEN/106/OD/002_Drusen.tif,DRUSEN-106,test,DRUSEN,drusen,OD,.tif,0.001381361624225974
DRUSEN/106/OD/003_Drusen.tif,DRUSEN-106,test,DRUSEN,drusen,OD,.tif,0.0016221042023971677
DRUSEN/106/OD/004_Normal.tif,DRUSEN-106,test,DRUSEN,normal,OD,.tif,0.0011729267425835133
DRUSEN/106/OD/005_Normal.tif,DRUSEN-106,test,DRUSEN,normal,OD,.tif,0.0014422218082472682
DRUSEN/106/OD/006_Normal.tif,DRUSEN-106,test,DRUSEN,normal,OD,.tif,0.0013860415201634169
DRUSEN/106/OD/007_Normal.tif,DRUSEN-106,test,DRUSEN,normal,OD,.tif,0.0012006604811176658
DRUSEN/106/OD/008_Drusen.tif,DRUSEN-106,test,DRUSEN,drusen,OD,.tif,0.0012474370887503028
DRUSEN/106/OD/009_Drusen.tif,DRUSEN-106,test,DRUSEN,drusen,OD,.tif,0.0011144932359457016
DRUSEN/106/OD/010_Drusen.tif,DRUSEN-106,test,DRUSEN,drusen,OD,.tif,0.0012177813332527876
DRUSEN/106/OD/011_Normal.tif,DRUSEN-106,test,DRUSEN,normal,OD,.tif,0.0012419449631124735
DRUSEN/106/OD/012_Normal.tif,DRUSEN-106,test,DRUSEN,normal,OD,.tif,0.0012713201576843858
DRUSEN/106/OD/013_Normal.tif,DRUSEN-106,test,DRUSEN,normal,OD,.tif,0.001424615504220128
DRUSEN/106/OD/014_Drusen.tif,DRUSEN-106,test,DRUSEN,drusen,OD,.tif,0.0012629592092707753
DRUSEN/106/OD/015_Drusen.tif,DRUSEN-106,test,DRUSEN,drusen,OD,.tif,0.00121135578956455
DRUSEN/106/OD/016_Drusen.tif,DRUSEN-106,test,DRUSEN,drusen,OD,.tif,0.0012666552793234587
DRUSEN/106/OD/017_Drusen.tif,DRUSEN-106,test,DRUSEN,drusen,OD,.tif,0.0010355281410738826
DRUSEN/106/OD/018_Drusen.tif,DRUSEN-106,test,DRUSEN,drusen,OD,.tif,0.0010955817997455597
DRUSEN/106/OD/019_Drusen.tif,DRUSEN-106,test,DRUSEN,drusen,OD,.tif,0.001044370117597282
DRUSEN/106/OD/020_Drusen.tif,DRUSEN-106,test,DRUSEN,drusen,OD,.tif,0.0012604703661054373
DRUSEN/106/OD/021_Drusen.tif,DRUSEN-106,test,DRUSEN,drusen,OD,.tif,0.0010686039458960295
DRUSEN/106/OD/022_Drusen.tif,DRUSEN-106,test,DRUSEN,drusen,OD,.tif,0.0011027164291590452
DRUSEN/106/OD/023_Drusen.tif,DRUSEN-106,test,DRUSEN,drusen,OD,.tif,0.0012301260139793158
DRUSEN/106/OD/024_Drusen.tif,DRUSEN-106,test,DRUSEN,drusen,OD,.tif,0.0013659815303981304
DRUSEN/106/OD/025_Drusen.tif,DRUSEN-106,test,DRUSEN,drusen,OD,.tif,0.0014545581070706248
DRUSEN/106/OD/026_Drusen.tif,DRUSEN-106,test,DRUSEN,drusen,OD,.tif,0.0018063387833535671
DRUSEN/106/OD/027_Drusen.tif,DRUSEN-106,test,DRUSEN,drusen,OD,.tif,0.0014897764194756746
DRUSEN/106/OD/028_Drusen.tif,DRUSEN-106,test,DRUSEN,drusen,OD,.tif,0.0015660807257518172
DRUSEN/106/OD/029_Drusen.tif,DRUSEN-106,test,DRUSEN,drusen,OD,.tif,0.0018894578097388148
DRUSEN/106/OD/030_Drusen.tif,DRUSEN-106,test,DRUSEN,drusen,OD,.tif,0.0019348979694768786
DRUSEN/106/OS/000_Drusen.tif,DRUSEN-106,test,DRUSEN,drusen,OS,.tif,0.0011690841056406498
DRUSEN/106/OS/001_Drusen.tif,DRUSEN-106,test,DRUSEN,drusen,OS,.tif,0.0012763101840391755
DRUSEN/106/OS/002_Drusen.tif,DRUSEN-106,test,DRUSEN,drusen,OS,.tif,0.001197834499180317
DRUSEN/106/OS/003_Drusen.tif,DRUSEN-106,test,DRUSEN,drusen,OS,.tif,0.0012628898257389665
DRUSEN/106/OS/004_Normal.tif,DRUSEN-106,test,DRUSEN,normal,OS,.tif,0.0007446910021826625
DRUSEN/106/OS/005_Normal.tif,DRUSEN-106,test,DRUSEN,normal,OS,.tif,0.0009533247211948037
DRUSEN/106/OS/006_Drusen.tif,DRUSEN-106,test,DRUSEN,drusen,OS,.tif,0.0010455253068357706
DRUSEN/106/OS/007_Normal.tif,DRUSEN-106,test,DRUSEN,normal,OS,.tif,0.0010685198940336704
DRUSEN/106/OS/008_Drusen.tif,DRUSEN-106,test,DRUSEN,drusen,OS,.tif,0.0008806762634776533
DRUSEN/106/OS/009_Drusen.tif,DRUSEN-106,test,DRUSEN,drusen,OS,.tif,0.0009775308426469564
DRUSEN/106/OS/010_Drusen.tif,DRUSEN-106,test,DRUSEN,drusen,OS,.tif,0.0011319535551592708
DRUSEN/106/OS/011_Drusen.tif,DRUSEN-106,test,DRUSEN,drusen,OS,.tif,0.0010591208701953292
DRUSEN/106/OS/012_Drusen.tif,DRUSEN-106,test,DRUSEN,drusen,OS,.tif,0.0014186522457748652
DRUSEN/106/OS/013_Drusen.tif,DRUSEN-106,test,DRUSEN,drusen,OS,.tif,0.0012532408582046628
DRUSEN/106/OS/014_Drusen.tif,DRUSEN-106,test,DRUSEN,drusen,OS,.tif,0.0011204249458387494
DRUSEN/106/OS/015_Drusen.tif,DRUSEN-106,test,DRUSEN,drusen,OS,.tif,0.0009063860634341836
DRUSEN/106/OS/016_Drusen.tif,DRUSEN-106,test,DRUSEN,drusen,OS,.tif,0.0009646943071857095
DRUSEN/106/OS/017_Drusen.tif,DRUSEN-106,test,DRUSEN,drusen,OS,.tif,0.001043594558723271
DRUSEN/106/OS/018_Drusen.tif,DRUSEN-106,test,DRUSEN,drusen,OS,.tif,0.0009587515378370881
DRUSEN/106/OS/019_Drusen.tif,DRUSEN-106,test,DRUSEN,drusen,OS,.tif,0.0009894836694002151
DRUSEN/106/OS/020_Drusen.tif,DRUSEN-106,test,DRUSEN,drusen,OS,.tif,0.0010480168275535107
DRUSEN/106/OS/021_Drusen.tif,DRUSEN-106,test,DRUSEN,drusen,OS,.tif,0.0009489767253398895
DRUSEN/106/OS/022_Drusen.tif,DRUSEN-106,test,DRUSEN,drusen,OS,.tif,0.0005146164330653846
DRUSEN/106/OS/023_Drusen.tif,DRUSEN-106,test,DRUSEN,drusen,OS,.tif,0.0007112727616913617
DRUSEN/106/OS/024_Drusen.tif,DRUSEN-106,test,DRUSEN,drusen,OS,.tif,0.000639839970972389
DRUSEN/106/OS/025_Drusen.tif,DRUSEN-106,test,DRUSEN,drusen,OS,.tif,0.000784848933108151
DRUSEN/106/OS/026_Drusen.tif,DRUSEN-106,test,DRUSEN,drusen,OS,.tif,0.0008486111764796078
DRUSEN/106/OS/027_Drusen.tif,DRUSEN-106,test,DRUSEN,drusen,OS,.tif,0.001162431319244206
DRUSEN/106/OS/028_Drusen.tif,DRUSEN-106,test,DRUSEN,drusen,OS,.tif,0.0010789046064019203
DRUSEN/106/OS/029_Drusen.tif,DRUSEN-106,test,DRUSEN,drusen,OS,.tif,0.0012773738708347082
DRUSEN/106/OS/030_Drusen.tif,DRUSEN-106,test,DRUSEN,drusen,OS,.tif,0.0014843291137367487
DRUSEN/107/OD/000_Normal.tif,DRUSEN-107,test,DRUSEN,normal,OD,.tif,0.0007206457084976137
DRUSEN/107/OD/001_Normal.tif,DRUSEN-107,test,DRUSEN,normal,OD,.tif,0.000767858698964119
DRUSEN/107/OD/002_Normal.tif,DRUSEN-107,test,DRUSEN,normal,OD,.tif,0.0006747979205101728
DRUSEN/107/OD/003_Normal.tif,DRUSEN-107,test,DRUSEN,normal,OD,.tif,0.0006496902205981314
DRUSEN/107/OD/004_Normal.tif,DRUSEN-107,test,DRUSEN,normal,OD,.tif,0.00071665458381176
DRUSEN/107/OD/005_Normal.tif,DRUSEN-107,test,DRUSEN,normal,OD,.tif,0.0006156169692985713
DRUSEN/107/OD/006_Normal.tif,DRUSEN-107,test,DRUSEN,normal,OD,.tif,0.0005795060424134135
DRUSEN/107/OD/007_Normal.tif,DRUSEN-107,test,DRUSEN,normal,OD,.tif,0.0005306657403707504
DRUSEN/107/OD/008_Normal.tif,DRUSEN-107,test,DRUSEN,normal,OD,.tif,0.0006406650063581765
DRUSEN/107/OD/009_Normal.tif,DRUSEN-107,test,DRUSEN,normal,OD,.tif,0.0006694101612083614
DRUSEN/107/OD/010_Normal.tif,DRUSEN-107,test,DRUSEN,normal,OD,.tif,0.0007092041778378189
DRUSEN/107/OD/011_Normal.tif,DRUSEN-107,test,DRUSEN,normal,OD,.tif,0.0008149008499458432
DRUSEN/107/OD/012_Normal.tif,DRUSEN-107,test,DRUSEN,normal,OD,.tif,0.0007817568839527667
DRUSEN/107/OD/013_Normal.tif,DRUSEN-107,test,DRUSEN,normal,OD,.tif,0.0008353280718438327
DRUSEN/107/OD/014_Normal.tif,DRUSEN-107,test,DRUSEN,normal,OD,.tif,0.0010489212581887841
DRUSEN/107/OD/015_Normal.tif,DRUSEN-107,test,DRUSEN,normal,OD,.tif,0.0008045465219765902
DRUSEN/107/OD/016_Normal.tif,DRUSEN-107,test,DRUSEN,normal,OD,.tif,0.0009318834636360407
DRUSEN/107/OD/017_Normal.tif,DRUSEN-107,test,DRUSEN,normal,OD,.tif,0.0007627611048519611
DRUSEN/107/OD/018_Normal.tif,DRUSEN-107,test,DRUSEN,normal,OD,.tif,0.0006763063720427454
DRUSEN/107/OD/019_Normal.tif,DRUSEN-107,test,DRUSEN,normal,OD,.tif,0.0008476143120788038
DRUSEN/107/OD/020_Normal.tif,DRUSEN-107,test,DRUSEN,normal,OD,.tif,0.0009490535594522953
DRUSEN/107/OD/021_Normal.tif,DRUSEN-107,test,DRUSEN,normal,OD,.tif,0.0009461438748985529
DRUSEN/107/OD/022_Normal.tif,DRUSEN-107,test,DRUSEN,normal,OD,.tif,0.000736296409741044
DRUSEN/107/OD/023_Normal.tif,DRUSEN-107,test,DRUSEN,normal,OD,.tif,0.0008746818639338017
DRUSEN/107/OD/024_Normal.tif,DRUSEN-107,test,DRUSEN,normal,OD,.tif,0.0009326820727437735
DRUSEN/107/OD/025_Drusen.tif,DRUSEN-107,test,DRUSEN,drusen,OD,.tif,0.0008160604629665613
DRUSEN/107/OD/026_Normal.tif,DRUSEN-107,test,DRUSEN,normal,OD,.tif,0.0009696401539258659
DRUSEN/107/OD/027_Drusen.tif,DRUSEN-107,test,DRUSEN,drusen,OD,.tif,0.0009493642137385905
DRUSEN/107/OD/028_Drusen.tif,DRUSEN-107,test,DRUSEN,drusen,OD,.tif,0.0008705740910954773
DRUSEN/107/OD/029_Normal.tif,DRUSEN-107,test,DRUSEN,normal,OD,.tif,0.0008370968862436712
DRUSEN/107/OD/030_Normal.tif,DRUSEN-107,test,DRUSEN,normal,OD,.tif,0.0007629987667314708
DRUSEN/107/OS/000_Normal.tif,DRUSEN-107,test,DRUSEN,normal,OS,.tif,0.0010605772258713841
DRUSEN/107/OS/001_Normal.tif,DRUSEN-107,test,DRUSEN,normal,OS,.tif,0.001068405224941671
DRUSEN/107/OS/002_Normal.tif,DRUSEN-107,test,DRUSEN,normal,OS,.tif,0.001028623664751649
DRUSEN/107/OS/003_Normal.tif,DRUSEN-107,test,DRUSEN,normal,OS,.tif,0.00110297417268157
DRUSEN/107/OS/004_Normal.tif,DRUSEN-107,test,DRUSEN,normal,OS,.tif,0.001558360061608255
DRUSEN/107/OS/005_Normal.tif,DRUSEN-107,test,DRUSEN,normal,OS,.tif,0.0014411373995244503
DRUSEN/107/OS/006_Normal.tif,DRUSEN-107,test,DRUSEN,normal,OS,.tif,0.0015302977990359068
DRUSEN/107/OS/007_Normal.tif,DRUSEN-107,test,DRUSEN,normal,OS,.tif,0.0011674222769215703
DRUSEN/107/OS/008_Normal.tif,DRUSEN-107,test,DRUSEN,normal,OS,.tif,0.0010338029824197292
DRUSEN/107/OS/009_Normal.tif,DRUSEN-107,test,DRUSEN,normal,OS,.tif,0.0010643282439559698
DRUSEN/107/OS/010_Normal.tif,DRUSEN-107,test,DRUSEN,normal,OS,.tif,0.0010940583888441324
DRUSEN/107/OS/011_Normal.tif,DRUSEN-107,test,DRUSEN,normal,OS,.tif,0.0010475155431777239
DRUSEN/107/OS/012_Normal.tif,DRUSEN-107,test,DRUSEN,normal,OS,.tif,0.0012779026292264462
DRUSEN/107/OS/013_Normal.tif,DRUSEN-107,test,DRUSEN,normal,OS,.tif,0.0011700764298439026
DRUSEN/107/OS/014_Drusen.tif,DRUSEN-107,test,DRUSEN,drusen,OS,.tif,0.0012902111047878861
DRUSEN/107/OS/015_Drusen.tif,DRUSEN-107,test,DRUSEN,drusen,OS,.tif,0.001604588353075087
DRUSEN/107/OS/016_Normal.tif,DRUSEN-107,test,DRUSEN,normal,OS,.tif,0.001372818136587739
DRUSEN/107/OS/017_Normal.tif,DRUSEN-107,test,DRUSEN,normal,OS,.tif,0.0012412979267537594
DRUSEN/107/OS/018_Normal.tif,DRUSEN-107,test,DRUSEN,normal,OS,.tif,0.0015300250379368663
DRUSEN/107/OS/019_Normal.tif,DRUSEN-107,test,DRUSEN,normal,OS,.tif,0.001511292182840407
DRUSEN/107/OS/020_Normal.tif,DRUSEN-107,test,DRUSEN,normal,OS,.tif,0.001635868102312088
DRUSEN/107/OS/021_Normal.tif,DRUSEN-107,test,DRUSEN,normal,OS,.tif,0.0016261797863990068
DRUSEN/107/OS/022_Normal.tif,DRUSEN-107,test,DRUSEN,normal,OS,.tif,0.0013288413174450397
DRUSEN/107/OS/023_Drusen.tif,DRUSEN-107,test,DRUSEN,drusen,OS,.tif,0.0015657303156331182
DRUSEN/107/OS/024_Drusen.tif,DRUSEN-107,test,DRUSEN,drusen,OS,.tif,0.0015602173516526818
DRUSEN/107/OS/025_Drusen.tif,DRUSEN-107,test,DRUSEN,drusen,OS,.tif,0.0017007221467792988
DRUSEN/107/OS/026_Drusen.tif,DRUSEN-107,test,DRUSEN,drusen,OS,.tif,0.0013664891012012959
DRUSEN/107/OS/027_Normal.tif,DRUSEN-107,test,DRUSEN,normal,OS,.tif,0.0012147530214861035
DRUSEN/107/OS/028_Normal.tif,DRUSEN-107,test,DRUSEN,normal,OS,.tif,0.0014555694069713354
DRUSEN/107/OS/029_Normal.tif,DRUSEN-107,test,DRUSEN,normal,OS,.tif,0.0018069781363010406
DRUSEN/107/OS/030_Normal.tif,DRUSEN-107,test,DRUSEN,normal,OS,.tif,0.001790844020433724
DRUSEN/113/OD/000_Drusen.tif,DRUSEN-113,test,DRUSEN,drusen,OD,.tif,0.0005608313949778676
DRUSEN/113/OD/001_Drusen.tif,DRUSEN-113,test,DRUSEN,drusen,OD,.tif,0.0005622844328172505
DRUSEN/113/OD/002_Drusen.tif,DRUSEN-113,test,DRUSEN,drusen,OD,.tif,0.0005449295276775956
DRUSEN/113/OD/003_Drusen.tif,DRUSEN-113,test,DRUSEN,drusen,OD,.tif,0.0006596783641725779
DRUSEN/113/OD/004_Drusen.tif,DRUSEN-113,test,DRUSEN,drusen,OD,.tif,0.000552564684767276
DRUSEN/113/OD/005_Drusen.tif,DRUSEN-113,test,DRUSEN,drusen,OD,.tif,0.0005852681933902204
DRUSEN/113/OD/006_Drusen.tif,DRUSEN-113,test,DRUSEN,drusen,OD,.tif,0.0006256310734897852
DRUSEN/113/OD/007_Drusen.tif,DRUSEN-113,test,DRUSEN,drusen,OD,.tif,0.000606512010563165
DRUSEN/113/OD/008_Drusen.tif,DRUSEN-113,test,DRUSEN,drusen,OD,.tif,0.0006435958785004914
DRUSEN/113/OD/009_Drusen.tif,DRUSEN-113,test,DRUSEN,drusen,OD,.tif,0.0006950391107238829
DRUSEN/113/OD/010_Drusen.tif,DRUSEN-113,test,DRUSEN,drusen,OD,.tif,0.0006226779078133404
DRUSEN/113/OD/011_Drusen.tif,DRUSEN-113,test,DRUSEN,drusen,OD,.tif,0.0005500423721969128
DRUSEN/113/OD/012_Drusen.tif,DRUSEN-113,test,DRUSEN,drusen,OD,.tif,0.0006542325136251748
DRUSEN/113/OD/013_Drusen.tif,DRUSEN-113,test,DRUSEN,drusen,OD,.tif,0.0006814058870077133
DRUSEN/113/OD/014_Drusen.tif,DRUSEN-113,test,DRUSEN,drusen,OD,.tif,0.000704921898432076
DRUSEN/113/OD/015_Drusen.tif,DRUSEN-113,test,DRUSEN,drusen,OD,.tif,0.0007777445134706795
DRUSEN/113/OD/016_Drusen.tif,DRUSEN-113,test,DRUSEN,drusen,OD,.tif,0.0007764391484670341
DRUSEN/113/OD/017_Drusen.tif,DRUSEN-113,test,DRUSEN,drusen,OD,.tif,0.0007996706990525126
DRUSEN/113/OD/018_Drusen.tif,DRUSEN-113,test,DRUSEN,drusen,OD,.tif,0.0007407882367260754
DRUSEN/113/OD/019_Drusen.tif,DRUSEN-113,test,DRUSEN,drusen,OD,.tif,0.0007551161688752472
DRUSEN/113/OD/020_Drusen.tif,DRUSEN-113,test,DRUSEN,drusen,OD,.tif,0.0007543654064647853
DRUSEN/113/OD/021_Drusen.tif,DRUSEN-113,test,DRUSEN,drusen,OD,.tif,0.0007106316625140607
DRUSEN/113/OD/022_Drusen.tif,DRUSEN-113,test,DRUSEN,drusen,OD,.tif,0.0007726078038103878
DRUSEN/113/OD/023_Drusen.tif,DRUSEN-113,test,DRUSEN,drusen,OD,.tif,0.0007593483896926045
DRUSEN/113/OD/024_Drusen.tif,DRUSEN-113,test,DRUSEN,drusen,OD,.tif,0.000670973677188158
DRUSEN/113/OD/025_Drusen.tif,DRUSEN-113,test,DRUSEN,drusen,OD,.tif,0.0007141262758523226
DRUSEN/113/OD/026_Drusen.tif,DRUSEN-113,test,DRUSEN,drusen,OD,.tif,0.0006693198811262846
DRUSEN/113/OD/027_Drusen.tif,DRUSEN-113,test,DRUSEN,drusen,OD,.tif,0.0006381375133059919
DRUSEN/113/OD/028_Drusen.tif,DRUSEN-113,test,DRUSEN,drusen,OD,.tif,0.0006433988455682993
DRUSEN/113/OD/029_Drusen.tif,DRUSEN-113,test,DRUSEN,drusen,OD,.tif,0.0005893780617043376
DRUSEN/113/OD/030_Drusen.tif,DRUSEN-113,test,DRUSEN,drusen,OD,.tif,0.0005345464451238513
DRUSEN/113/OS/000_Drusen.tif,DRUSEN-113,test,DRUSEN,drusen,OS,.tif,0.0008016093051992357
DRUSEN/113/OS/001_Drusen.tif,DRUSEN-113,test,DRUSEN,drusen,OS,.tif,0.0007964953547343612
DRUSEN/113/OS/002_Drusen.tif,DRUSEN-113,test,DRUSEN,drusen,OS,.tif,0.0008859066874720156
DRUSEN/113/OS/003_Drusen.tif,DRUSEN-113,test,DRUSEN,drusen,OS,.tif,0.0008400868391618133
DRUSEN/113/OS/004_Drusen.tif,DRUSEN-113,test,DRUSEN,drusen,OS,.tif,0.0007311896188184619
DRUSEN/113/OS/005_Drusen.tif,DRUSEN-113,test,DRUSEN,drusen,OS,.tif,0.0007830447284504771
DRUSEN/113/OS/006_Drusen.tif,DRUSEN-113,test,DRUSEN,drusen,OS,.tif,0.0006873853853903711
DRUSEN/113/OS/007_Drusen.tif,DRUSEN-113,test,DRUSEN,drusen,OS,.tif,0.0008232697728089988
DRUSEN/113/OS/008_Drusen.tif,DRUSEN-113,test,DRUSEN,drusen,OS,.tif,0.0008123827283270657
DRUSEN/113/OS/009_Drusen.tif,DRUSEN-113,test,DRUSEN,drusen,OS,.tif,0.0007557476637884974
DRUSEN/113/OS/010_Drusen.tif,DRUSEN-113,test,DRUSEN,drusen,OS,.tif,0.0008706179796718061
DRUSEN/113/OS/011_Drusen.tif,DRUSEN-113,test,DRUSEN,drusen,OS,.tif,0.0008878671214915812
DRUSEN/113/OS/012_Drusen.tif,DRUSEN-113,test,DRUSEN,drusen,OS,.tif,0.0010405965149402618
DRUSEN/113/OS/013_Drusen.tif,DRUSEN-113,test,DRUSEN,drusen,OS,.tif,0.0008424836560152471
DRUSEN/113/OS/014_Drusen.tif,DRUSEN-113,test,DRUSEN,drusen,OS,.tif,0.0007297869306057692
DRUSEN/113/OS/015_Drusen.tif,DRUSEN-113,test,DRUSEN,drusen,OS,.tif,0.0007842929335311055
DRUSEN/113/OS/016_Drusen.tif,DRUSEN-113,test,DRUSEN,drusen,OS,.tif,0.000783467257861048
DRUSEN/113/OS/017_Drusen.tif,DRUSEN-113,test,DRUSEN,drusen,OS,.tif,0.0006921755848452449
DRUSEN/113/OS/018_Drusen.tif,DRUSEN-113,test,DRUSEN,drusen,OS,.tif,0.0008272886043414474
DRUSEN/113/OS/019_Drusen.tif,DRUSEN-113,test,DRUSEN,drusen,OS,.tif,0.0010672587668523192
DRUSEN/113/OS/020_Drusen.tif,DRUSEN-113,test,DRUSEN,drusen,OS,.tif,0.0011010889429599047
DRUSEN/113/OS/021_Drusen.tif,DRUSEN-113,test,DRUSEN,drusen,OS,.tif,0.001072989427484572
DRUSEN/113/OS/022_Drusen.tif,DRUSEN-113,test,DRUSEN,drusen,OS,.tif,0.0012482097372412682
DRUSEN/113/OS/023_Drusen.tif,DRUSEN-113,test,DRUSEN,drusen,OS,.tif,0.0010678654070943594
DRUSEN/113/OS/024_Drusen.tif,DRUSEN-113,test,DRUSEN,drusen,OS,.tif,0.000801330606918782
DRUSEN/113/OS/025_Drusen.tif,DRUSEN-113,test,DRUSEN,drusen,OS,.tif,0.0008731975103728473
DRUSEN/113/OS/026_Drusen.tif,DRUSEN-113,test,DRUSEN,drusen,OS,.tif,0.0009918268769979477
DRUSEN/113/OS/027_Drusen.tif,DRUSEN-113,test,DRUSEN,drusen,OS,.tif,0.0008790460997261107
DRUSEN/113/OS/028_Drusen.tif,DRUSEN-113,test,DRUSEN,drusen,OS,.tif,0.0010567849967628717
DRUSEN/113/OS/029_Drusen.tif,DRUSEN-113,test,DRUSEN,drusen,OS,.tif,0.0005511791096068919
DRUSEN/113/OS/030_Drusen.tif,DRUSEN-113,test,DRUSEN,drusen,OS,.tif,0.0006182796787470579
DRUSEN/117/000_Normal.tif,DRUSEN-117,test,DRUSEN,normal,OS,.tif,0.0006152362911961973
DRUSEN/117/001_Normal.tif,DRUSEN-117,test,DRUSEN,normal,OS,.tif,0.0007686766912229359
DRUSEN/117/002_Normal.tif,DRUSEN-117,test,DRUSEN,normal,OS,.tif,0.0008028338779695332
DRUSEN/117/003_Normal.tif,DRUSEN-117,test,DRUSEN,normal,OS,.tif,0.0012832096545025706
DRUSEN/117/004_Normal.tif,DRUSEN-117,test,DRUSEN,normal,OS,.tif,0.001251589274033904
DRUSEN/117/005_Normal.tif,DRUSEN-117,test,DRUSEN,normal,OS,.tif,0.0010984623804688454
DRUSEN/117/006_Drusen.tif,DRUSEN-117,test,DRUSEN,drusen,OS,.tif,0.001525053521618247
DRUSEN/117/007_Drusen.tif,DRUSEN-117,test,DRUSEN,drusen,OS,.tif,0.0013642399571835995
DRUSEN/117/008_Drusen.tif,DRUSEN-117,test,DRUSEN,drusen,OS,.tif,0.0014431204181164503
DRUSEN/117/009_Drusen.tif,DRUSEN-117,test,DRUSEN,drusen,OS,.tif,0.0010617680381983519
DRUSEN/117/010_Drusen.tif,DRUSEN-117,test,DRUSEN,drusen,OS,.tif,0.000982650090008974
DRUSEN/117/011_Drusen.tif,DRUSEN-117,test,DRUSEN,drusen,OS,.tif,0.0006730330642312765
DRUSEN/117/012_Drusen.tif,DRUSEN-117,test,DRUSEN,drusen,OS,.tif,0.0007671260391362011
DRUSEN/117/013_Drusen.tif,DRUSEN-117,test,DRUSEN,drusen,OS,.tif,0.0006323981797322631
DRUSEN/117/014_Drusen.tif,DRUSEN-117,test,DRUSEN,drusen,OS,.tif,0.0006915961857885122
DRUSEN/117/015_Drusen.tif,DRUSEN-117,test,DRUSEN,drusen,OS,.tif,0.0010559733491390944
DRUSEN/117/016_Drusen.tif,DRUSEN-117,test,DRUSEN,drusen,OS,.tif,0.0008162892190739512
DRUSEN/117/017_Drusen.tif,DRUSEN-117,test,DRUSEN,drusen,OS,.tif,0.0007689024787396193
DRUSEN/117/018_Drusen.tif,DRUSEN-117,test,DRUSEN,drusen,OS,.tif,0.0007647410966455936
DRUSEN/117/019_Drusen.tif,DRUSEN-117,test,DRUSEN,drusen,OS,.tif,0.0007101420196704566
DRUSEN/117/020_Drusen.tif,DRUSEN-117,test,DRUSEN,drusen,OS,.tif,0.0007923728553578258
DRUSEN/117/021_Drusen.tif,DRUSEN-117,test,DRUSEN,drusen,OS,.tif,0.0007101857336238027
DRUSEN/117/022_Drusen.tif,DRUSEN-117,test,DRUSEN,drusen,OS,.tif,0.0008535959059372544
DRUSEN/117/023_Drusen.tif,DRUSEN-117,test,DRUSEN,drusen,OS,.tif,0.0004816953733097762
DRUSEN/117/024_Drusen.tif,DRUSEN-117,test,DRUSEN,drusen,OS,.tif,0.0007460949127562344
DRUSEN/117/025_Drusen.tif,DRUSEN-117,test,DRUSEN,drusen,OS,.tif,0.0008121622377075255
DRUSEN/117/026_Drusen.tif,DRUSEN-117,test,DRUSEN,drusen,OS,.tif,0.0012883495073765516
DRUSEN/117/027_Drusen.tif,DRUSEN-117,test,DRUSEN,drusen,OS,.tif,0.0014794634189456701
DRUSEN/117/028_Drusen.tif,DRUSEN-117,test,DRUSEN,drusen,OS,.tif,0.0016853577690199018
DRUSEN/117/029_Drusen.tif,DRUSEN-117,test,DRUSEN,drusen,OS,.tif,0.0015109097585082054
DRUSEN/117/030_Drusen.tif,DRUSEN-117,test,DRUSEN,drusen,OS,.tif,0.0017641662852838635
DRUSEN/119/000_Drusen.tif,DRUSEN-119,test,DRUSEN,drusen,OS,.tif,0.0007027064566500485
DRUSEN/119/001_Drusen.tif,DRUSEN-119,test,DRUSEN,drusen,OS,.tif,0.0008483439451083541
DRUSEN/119/002_Drusen.tif,DRUSEN-119,test,DRUSEN,drusen,OS,.tif,0.0006975273136049509
DRUSEN/119/003_Drusen.tif,DRUSEN-119,test,DRUSEN,drusen,OS,.tif,0.0007437324966304004
DRUSEN/119/004_Drusen.tif,DRUSEN-119,test,DRUSEN,drusen,OS,.tif,0.0009259850485250354
DRUSEN/119/005_Drusen.tif,DRUSEN-119,test,DRUSEN,drusen,OS,.tif,0.0008080137195065618
DRUSEN/119/006_Drusen.tif,DRUSEN-119,test,DRUSEN,drusen,OS,.tif,0.0008745846571400762
DRUSEN/119/007_Drusen.tif,DRUSEN-119,test,DRUSEN,drusen,OS,.tif,0.0008542813011445105
DRUSEN/119/008_Drusen.tif,DRUSEN-119,test,DRUSEN,drusen,OS,.tif,0.0007013111026026309
DRUSEN/119/009_Drusen.tif,DRUSEN-119,test,DRUSEN,drusen,OS,.tif,0.000590482959523797
DRUSEN/119/010_Drusen.tif,DRUSEN-119,test,DRUSEN,drusen,OS,.tif,0.000803981558419764
DRUSEN/119/011_Drusen.tif,DRUSEN-119,test,DRUSEN,drusen,OS,.tif,0.0010358805302530527
DRUSEN/119/012_Drusen.tif,DRUSEN-119,test,DRUSEN,drusen,OS,.tif,0.0010019418550655246
DRUSEN/119/013_Drusen.tif,DRUSEN-119,test,DRUSEN,drusen,OS,.tif,0.0007076261681504548
DRUSEN/119/014_Drusen.tif,DRUSEN-119,test,DRUSEN,drusen,OS,.tif,0.0004530386358965188
DRUSEN/119/015_Drusen.tif,DRUSEN-119,test,DRUSEN,drusen,OS,.tif,0.0008105385932140052
DRUSEN/119/016_Drusen.tif,DRUSEN-119,test,DRUSEN,drusen,OS,.tif,0.0009431231883354485
DRUSEN/119/017_Drusen.tif,DRUSEN-119,test,DRUSEN,drusen,OS,.tif,0.000812941521871835
DRUSEN/119/018_Drusen.tif,DRUSEN-119,test,DRUSEN,drusen,OS,.tif,0.0007554423063993454
DRUSEN/119/019_Drusen.tif,DRUSEN-119,test,DRUSEN,drusen,OS,.tif,0.0006468442734330893
DRUSEN/119/020_Drusen.tif,DRUSEN-119,test,DRUSEN,drusen,OS,.tif,0.0008026450523175299
DRUSEN/119/021_Drusen.tif,DRUSEN-119,test,DRUSEN,drusen,OS,.tif,0.0008645951747894287
DRUSEN/119/022_Drusen.tif,DRUSEN-119,test,DRUSEN,drusen,OS,.tif,0.0007866710657253861
DRUSEN/119/023_Drusen.tif,DRUSEN-119,test,DRUSEN,drusen,OS,.tif,0.0006151884444989264
DRUSEN/119/024_Drusen.tif,DRUSEN-119,test,DRUSEN,drusen,OS,.tif,0.0004650128248613328
DRUSEN/119/025_Drusen.tif,DRUSEN-119,test,DRUSEN,drusen,OS,.tif,0.0006700463127344847
DRUSEN/119/026_Drusen.tif,DRUSEN-119,test,DRUSEN,drusen,OS,.tif,0.0006919106817804277
DRUSEN/119/027_Drusen.tif,DRUSEN-119,test,DRUSEN,drusen,OS,.tif,0.0005378278438001871
DRUSEN/119/028_Drusen.tif,DRUSEN-119,test,DRUSEN,drusen,OS,.tif,0.00049502745969221
DRUSEN/119/029_Drusen.tif,DRUSEN-119,test,DRUSEN,drusen,OS,.tif,0.000544035981874913
DRUSEN/119/030_Drusen.tif,DRUSEN-119,test,DRUSEN,drusen,OS,.tif,0.000783039431553334
DRUSEN/121/000_Normal.jpg,DRUSEN-121,test,DRUSEN,normal,OD,.jpg,0.0009525003260932863
DRUSEN/121/001_Normal.jpg,DRUSEN-121,test,DRUSEN,normal,OD,.jpg,0.0010094847530126572
DRUSEN/121/002_Normal.jpg,DRUSEN-121,test,DRUSEN,normal,OD,.jpg,0.0007961179362609982
DRUSEN/121/003_Normal.jpg,DRUSEN-121,test,DRUSEN,normal,OD,.jpg,0.0007892483263276517
DRUSEN/121/004_Normal.jpg,DRUSEN-121,test,DRUSEN,normal,OD,.jpg,0.0008815010078251362
DRUSEN/121/005_Normal.jpg,DRUSEN-121,test,DRUSEN,normal,OD,.jpg,0.0008551206556148827
DRUSEN/121/006_Normal.jpg,DRUSEN-121,test,DRUSEN,normal,OD,.jpg,0.0008991530630737543
DRUSEN/121/007_Normal.jpg,DRUSEN-121,test,DRUSEN,normal,OD,.jpg,0.0007639952236786485
DRUSEN/121/008_Normal.jpg,DRUSEN-121,test,DRUSEN,normal,OD,.jpg,0.0008076405501924455
DRUSEN/121/009_Normal.jpg,DRUSEN-121,test,DRUSEN,normal,OD,.jpg,0.0008060676045715809
DRUSEN/121/010_Normal.jpg,DRUSEN-121,test,DRUSEN,normal,OD,.jpg,0.000910553615540266
DRUSEN/121/011_Normal.jpg,DRUSEN-121,test,DRUSEN,normal,OD,.jpg,0.00048473378410562873
DRUSEN/121/012_Normal.jpg,DRUSEN-121,test,DRUSEN,normal,OD,.jpg,0.0009728285949677229
DRUSEN/121/013_Normal.jpg,DRUSEN-121,test,DRUSEN,normal,OD,.jpg,0.0009196196915581822
DRUSEN/121/014_Normal.jpg,DRUSEN-121,test,DRUSEN,normal,OD,.jpg,0.0009607928222976625
DRUSEN/121/015_Normal.jpg,DRUSEN-121,test,DRUSEN,normal,OD,.jpg,0.0010927340481430292
DRUSEN/121/016_Normal.jpg,DRUSEN-121,test,DRUSEN,normal,OD,.jpg,0.0011425713310018182
DRUSEN/121/017_Normal.jpg,DRUSEN-121,test,DRUSEN,normal,OD,.jpg,0.0011984908487647772
DRUSEN/121/018_Normal.jpg,DRUSEN-121,test,DRUSEN,normal,OD,.jpg,0.0013083374360576272
DRUSEN/121/019_Drusen.jpg,DRUSEN-121,test,DRUSEN,drusen,OD,.jpg,0.001272445311769843
DRUSEN/121/020_Drusen.jpg,DRUSEN-121,test,DRUSEN,drusen,OD,.jpg,0.0013803382171317935
DRUSEN/121/021_Drusen.jpg,DRUSEN-121,test,DRUSEN,drusen,OD,.jpg,0.0012839502887800336
DRUSEN/121/022_Drusen.jpg,DRUSEN-121,test,DRUSEN,drusen,OD,.jpg,0.0011480540269985795
DRUSEN/121/023_Normal.jpg,DRUSEN-121,test,DRUSEN,normal,OD,.jpg,0.0014473533956333995
DRUSEN/121/024_Normal.jpg,DRUSEN-121,test,DRUSEN,normal,OD,.jpg,0.0014218261931091547
DRUSEN/121/025_Normal.jpg,DRUSEN-121,test,DRUSEN,normal,OD,.jpg,0.0015178347239270806
DRUSEN/121/026_Normal.jpg,DRUSEN-121,test,DRUSEN,normal,OD,.jpg,0.0015611302806064487
DRUSEN/121/027_Normal.jpg,DRUSEN-121,test,DRUSEN,normal,OD,.jpg,0.0014419418293982744
DRUSEN/121/028_Normal.jpg,DRUSEN-121,test,DRUSEN,normal,OD,.jpg,0.0013167670695111156
DRUSEN/121/029_Normal.jpg,DRUSEN-121,test,DRUSEN,normal,OD,.jpg,0.0017725097713992
DRUSEN/121/030_Normal.jpg,DRUSEN-121,test,DRUSEN,normal,OD,.jpg,0.001643884344957769
DRUSEN/122/000_Drusen.tif,DRUSEN-122,test,DRUSEN,drusen,OS,.tif,0.0007873420836403966
DRUSEN/122/001_Drusen.tif,DRUSEN-122,test,DRUSEN,drusen,OS,.tif,0.0008224567864090204
DRUSEN/122/002_Drusen.tif,DRUSEN-122,test,DRUSEN,drusen,OS,.tif,0.0008062907727435231
DRUSEN/122/003_Drusen.tif,DRUSEN-122,test,DRUSEN,drusen,OS,.tif,0.0008472738554701209
DRUSEN/122/004_Drusen.tif,DRUSEN-122,test,DRUSEN,drusen,OS,.tif,0.0009167168173007667
DRUSEN/122/005_Drusen.tif,DRUSEN-122,test,DRUSEN,drusen,OS,.tif,0.0009068198851309717
DRUSEN/122/006_Drusen.tif,DRUSEN-122,test,DRUSEN,drusen,OS,.tif,0.000884966691955924
DRUSEN/122/007_Drusen.tif,DRUSEN-122,test,DRUSEN,drusen,OS,.tif,0.0008277340675704181
DRUSEN/122/008_Drusen.tif,DRUSEN-122,test,DRUSEN,drusen,OS,.tif,0.0008310760604217649
DRUSEN/122/009_Drusen.tif,DRUSEN-122,test,DRUSEN,drusen,OS,.tif,0.0008802873198874295
DRUSEN/122/010_Drusen.tif,DRUSEN-122,test,DRUSEN,drusen,OS,.tif,0.0010803143959492445
DRUSEN/122/011_Drusen.tif,DRUSEN-122,test,DRUSEN,drusen,OS,.tif,0.0008785759564489126
DRUSEN/122/012_Drusen.tif,DRUSEN-122,test,DRUSEN,drusen,OS,.tif,0.0010074770543724298
DRUSEN/122/013_Drusen.tif,DRUSEN-122,test,DRUSEN,drusen,OS,.tif,0.000912727729883045
DRUSEN/122/014_Drusen.tif,DRUSEN-122,test,DRUSEN,drusen,OS,.tif,0.0009079633164219558
DRUSEN/122/015_Drusen.tif,DRUSEN-122,test,DRUSEN,drusen,OS,.tif,0.0008928428869694471
DRUSEN/122/016_Drusen.tif,DRUSEN-122,test,DRUSEN,drusen,OS,.tif,0.0009744995040819049
DRUSEN/122/017_Drusen.tif,DRUSEN-122,test,DRUSEN,drusen,OS,.tif,0.0008579998975619674
DRUSEN/122/018_Drusen.tif,DRUSEN-122,test,DRUSEN,drusen,OS,.tif,0.0008762325742281973
DRUSEN/122/019_Drusen.tif,DRUSEN-122,test,DRUSEN,drusen,OS,.tif,0.0008344409870915115
DRUSEN/122/020_Drusen.tif,DRUSEN-122,test,DRUSEN,drusen,OS,.tif,0.0008520954288542271
DRUSEN/122/021_Drusen.tif,DRUSEN-122,test,DRUSEN,drusen,OS,.tif,0.0007994093466550112
DRUSEN/122/022_Drusen.tif,DRUSEN-122,test,DRUSEN,drusen,OS,.tif,0.0007757345447316766
DRUSEN/122/023_Drusen.tif,DRUSEN-122,test,DRUSEN,drusen,OS,.tif,0.0008380761137232184
DRUSEN/122/024_Drusen.tif,DRUSEN-122,test,DRUSEN,drusen,OS,.tif,0.0007551187882199883
DRUSEN/122/025_Drusen.tif,DRUSEN-122,test,DRUSEN,drusen,OS,.tif,0.0006625869427807629
DRUSEN/122/026_Drusen.tif,DRUSEN-122,test,DRUSEN,drusen,OS,.tif,0.0006944527849555016
DRUSEN/122/027_Drusen.tif,DRUSEN-122,test,DRUSEN,drusen,OS,.tif,0.0007777584833092988
DRUSEN/122/028_Drusen.tif,DRUSEN-122,test,DRUSEN,drusen,OS,.tif,0.000639157195109874
DRUSEN/122/029_Drusen.tif,DRUSEN-122,test,DRUSEN,drusen,OS,.tif,0.00048810330918058753
DRUSEN/122/030_Drusen.tif,DRUSEN-122,test,DRUSEN,drusen,OS,.tif,0.0006839316338300705
DRUSEN/126/000_Drusen.tif,DRUSEN-126,test,DRUSEN,drusen,OD,.tif,0.0007613293710164726
DRUSEN/126/001_Drusen.tif,DRUSEN-126,test,DRUSEN,drusen,OD,.tif,0.0007119441870599985
DRUSEN/126/002_Drusen.tif,DRUSEN-126,test,DRUSEN,drusen,OD,.tif,0.0008308907272294164
DRUSEN/126/003_Drusen.tif,DRUSEN-126,test,DRUSEN,drusen,OD,.tif,0.0008265114156529307
DRUSEN/126/004_Drusen.tif,DRUSEN-126,test,DRUSEN,drusen,OD,.tif,0.0008604835020378232
DRUSEN/126/005_Drusen.tif,DRUSEN-126,test,DRUSEN,drusen,OD,.tif,0.0012453272938728333
DRUSEN/126/006_Drusen.tif,DRUSEN-126,test,DRUSEN,drusen,OD,.tif,0.001202357467263937
DRUSEN/126/007_Drusen.tif,DRUSEN-126,test,DRUSEN,drusen,OD,.tif,0.0009591414127498865
DRUSEN/126/008_Drusen.tif,DRUSEN-126,test,DRUSEN,drusen,OD,.tif,0.0012152973795309663
DRUSEN/126/009_Drusen.tif,DRUSEN-126,test,DRUSEN,drusen,OD,.tif,0.001269358559511602
DRUSEN/126/010_Drusen.tif,DRUSEN-126,test,DRUSEN,drusen,OD,.tif,0.001103654969483614
DRUSEN/126/011_Drusen.tif,DRUSEN-126,test,DRUSEN,drusen,OD,.tif,0.0010610967874526978
DRUSEN/126/012_Drusen.tif,DRUSEN-126,test,DRUSEN,drusen,OD,.tif,0.0011598037090152502
DRUSEN/126/013_Drusen.tif,DRUSEN-126,test,DRUSEN,drusen,OD,.tif,0.0006691821618005633
DRUSEN/126/014_Drusen.tif,DRUSEN-126,test,DRUSEN,drusen,OD,.tif,0.0006601758650504053
DRUSEN/126/015_Drusen.tif,DRUSEN-126,test,DRUSEN,drusen,OD,.tif,0.0008054380887188017
DRUSEN/126/016_Drusen.tif,DRUSEN-126,test,DRUSEN,drusen,OD,.tif,0.0012508444488048553
DRUSEN/126/017_Drusen.tif,DRUSEN-126,test,DRUSEN,drusen,OD,.tif,0.0011676129652187228
DRUSEN/126/018_Drusen.tif,DRUSEN-126,test,DRUSEN,drusen,OD,.tif,0.0011725765652954578
DRUSEN/126/019_Drusen.tif,DRUSEN-126,test,DRUSEN,drusen,OD,.tif,0.0010929839918389916
DRUSEN/126/020_Drusen.tif,DRUSEN-126,test,DRUSEN,drusen,OD,.tif,0.0014964711153879762
DRUSEN/126/021_Drusen.tif,DRUSEN-126,test,DRUSEN,drusen,OD,.tif,0.0014016516506671906
DRUSEN/126/022_Drusen.tif,DRUSEN-126,test,DRUSEN,drusen,OD,.tif,0.0011020296951755881
DRUSEN/126/023_Drusen.tif,DRUSEN-126,test,DRUSEN,drusen,OD,.tif,0.0012200610945001245
DRUSEN/126/024_Drusen.tif,DRUSEN-126,test,DRUSEN,drusen,OD,.tif,0.0012437398545444012
DRUSEN/126/025_Drusen.tif,DRUSEN-126,test,DRUSEN,drusen,OD,.tif,0.0011983555741608143
DRUSEN/126/026_Drusen.tif,DRUSEN-126,test,DRUSEN,drusen,OD,.tif,0.0010299308924004436
DRUSEN/126/027_Drusen.tif,DRUSEN-126,test,DRUSEN,drusen,OD,.tif,0.000986449304036796
DRUSEN/126/028_Drusen.tif,DRUSEN-126,test,DRUSEN,drusen,OD,.tif,0.0008660893654450774
DRUSEN/126/029_Drusen.tif,DRUSEN-126,test,DRUSEN,drusen,OD,.tif,0.0008801153744570911
DRUSEN/126/030_Drusen.tif,DRUSEN-126,test,DRUSEN,drusen,OD,.tif,0.0009146828087978065
DRUSEN/127/000_Drusen.tif,DRUSEN-127,test,DRUSEN,drusen,OD,.tif,0.0006574711296707392
DRUSEN/127/001_Drusen.tif,DRUSEN-127,test,DRUSEN,drusen,OD,.tif,0.0006040186272002757
DRUSEN/127/002_Drusen.tif,DRUSEN-127,test,DRUSEN,drusen,OD,.tif,0.000697518524248153
DRUSEN/127/003_Drusen.tif,DRUSEN-127,test,DRUSEN,drusen,OD,.tif,0.0006754074129275978
DRUSEN/127/004_Drusen.tif,DRUSEN-127,test,DRUSEN,drusen,OD,.tif,0.0005791209987364709
DRUSEN/127/005_Drusen.tif,DRUSEN-127,test,DRUSEN,drusen,OD,.tif,0.0006794028449803591
DRUSEN/127/006_Drusen.tif,DRUSEN-127,test,DRUSEN,drusen,OD,.tif,0.0006351250340230763
DRUSEN/127/007_Drusen.tif,DRUSEN-127,test,DRUSEN,drusen,OD,.tif,0.0005907491431571543
DRUSEN/127/008_Drusen.tif,DRUSEN-127,test,DRUSEN,drusen,OD,.tif,0.0006969516980461776
DRUSEN/127/009_Drusen.tif,DRUSEN-127,test,DRUSEN,drusen,OD,.tif,0.0005934336804784834
DRUSEN/127/010_Drusen.tif,DRUSEN-127,test,DRUSEN,drusen,OD,.tif,0.0006993220304138958
DRUSEN/127/011_Drusen.tif,DRUSEN-127,test,DRUSEN,drusen,OD,.tif,0.000841608620248735
DRUSEN/127/012_Drusen.tif,DRUSEN-127,test,DRUSEN,drusen,OD,.tif,0.0007574604242108762
DRUSEN/127/013_Drusen.tif,DRUSEN-127,test,DRUSEN,drusen,OD,.tif,0.0007638958632014692
DRUSEN/127/014_Drusen.tif,DRUSEN-127,test,DRUSEN,drusen,OD,.tif,0.0007366552599705756
DRUSEN/127/015_Drusen.tif,DRUSEN-127,test,DRUSEN,drusen,OD,.tif,0.0008341031498275697
DRUSEN/127/016_Drusen.tif,DRUSEN-127,test,DRUSEN,drusen,OD,.tif,0.0008417795179411769
DRUSEN/127/017_Drusen.tif,DRUSEN-127,test,DRUSEN,drusen,OD,.tif,0.0011079189134761691
DRUSEN/127/018_Drusen.tif,DRUSEN-127,test,DRUSEN,drusen,OD,.tif,0.0006055774283595383
DRUSEN/127/019_Drusen.tif,DRUSEN-127,test,DRUSEN,drusen,OD,.tif,0.0016947126714512706
DRUSEN/127/020_Drusen.tif,DRUSEN-127,test,DRUSEN,drusen,OD,.tif,0.0016511313151568174
DRUSEN/127/021_Drusen.tif,DRUSEN-127,test,DRUSEN,drusen,OD,.tif,0.0012565949000418186
DRUSEN/127/022_Drusen.tif,DRUSEN-127,test,DRUSEN,drusen,OD,.tif,0.001251116511411965
DRUSEN/127/023_Drusen.tif,DRUSEN-127,test,DRUSEN,drusen,OD,.tif,0.0011010952293872833
DRUSEN/127/024_Drusen.tif,DRUSEN-127,test,DRUSEN,drusen,OD,.tif,0.0009833479998633265
DRUSEN/128/000_Drusen.tif,DRUSEN-128,test,DRUSEN,drusen,OD,.tif,0.0007837895536795259
DRUSEN/128/001_Drusen.tif,DRUSEN-128,test,DRUSEN,drusen,OD,.tif,0.0008862426038831472
DRUSEN/128/002_Drusen.tif,DRUSEN-128,test,DRUSEN,drusen,OD,.tif,0.0011807088740170002
DRUSEN/128/003_Drusen.tif,DRUSEN-128,test,DRUSEN,drusen,OD,.tif,0.0009853492956608534
DRUSEN/128/004_Drusen.tif,DRUSEN-128,test,DRUSEN,drusen,OD,.tif,0.0010854564607143402
DRUSEN/128/005_Drusen.tif,DRUSEN-128,test,DRUSEN,drusen,OD,.tif,0.001169209717772901
DRUSEN/128/006_Drusen.tif,DRUSEN-128,test,DRUSEN,drusen,OD,.tif,0.0011324015213176608
DRUSEN/128/007_Drusen.tif,DRUSEN-128,test,DRUSEN,drusen,OD,.tif,0.0011750491103157401
DRUSEN/128/008_Drusen.tif,DRUSEN-128,test,DRUSEN,drusen,OD,.tif,0.0013034159783273935
DRUSEN/128/009_Drusen.tif,DRUSEN-128,test,DRUSEN,drusen,OD,.tif,0.001410118187777698
DRUSEN/128/010_Drusen.tif,DRUSEN-128,test,DRUSEN,drusen,OD,.tif,0.0011039660312235355
DRUSEN/128/011_Drusen.tif,DRUSEN-128,test,DRUSEN,drusen,OD,.tif,0.0012297891080379486
DRUSEN/128/012_Drusen.tif,DRUSEN-128,test,DRUSEN,drusen,OD,.tif,0.001316339010372758
DRUSEN/128/013_Drusen.tif,DRUSEN-128,test,DRUSEN,drusen,OD,.tif,0.001162802567705512
DRUSEN/128/014_Drusen.tif,DRUSEN-128,test,DRUSEN,drusen,OD,.tif,0.0008899338426999748
DRUSEN/128/015_Drusen.tif,DRUSEN-128,test,DRUSEN,drusen,OD,.tif,0.0008967514731921256
DRUSEN/128/016_Drusen.tif,DRUSEN-128,test,DRUSEN,drusen,OD,.tif,0.0005965628661215305
DRUSEN/128/017_Drusen.tif,DRUSEN-128,test,DRUSEN,drusen,OD,.tif,0.0010890973499044776
DRUSEN/128/018_Drusen.tif,DRUSEN-128,test,DRUSEN,drusen,OD,.tif,0.0010653870413079858
DRUSEN/128/019_Drusen.tif,DRUSEN-128,test,DRUSEN,drusen,OD,.tif,0.001007399638183415
DRUSEN/128/020_Drusen.tif,DRUSEN-128,test,DRUSEN,drusen,OD,.tif,0.0010034427978098392
DRUSEN/128/021_Drusen.tif,DRUSEN-128,test,DRUSEN,drusen,OD,.tif,0.0009600369376130402
DRUSEN/128/022_Drusen.tif,DRUSEN-128,test,DRUSEN,drusen,OD,.tif,0.0011723370989784598
DRUSEN/128/023_Drusen.tif,DRUSEN-128,test,DRUSEN,drusen,OD,.tif,0.001057875226251781
DRUSEN/128/024_Drusen.tif,DRUSEN-128,test,DRUSEN,drusen,OD,.tif,0.000665248662699014
DRUSEN/128/025_Drusen.tif,DRUSEN-128,test,DRUSEN,drusen,OD,.tif,0.000966923194937408
DRUSEN/128/026_Drusen.tif,DRUSEN-128,test,DRUSEN,drusen,OD,.tif,0.0008775710011832416
DRUSEN/128/027_Drusen.tif,DRUSEN-128,test,DRUSEN,drusen,OD,.tif,0.0008676457800902426
DRUSEN/128/028_Drusen.tif,DRUSEN-128,test,DRUSEN,drusen,OD,.tif,0.000870752613991499
DRUSEN/128/029_Drusen.tif,DRUSEN-128,test,DRUSEN,drusen,OD,.tif,0.0008005804265849292
DRUSEN/128/030_Drusen.tif,DRUSEN-128,test,DRUSEN,drusen,OD,.tif,0.0008342643850483
DRUSEN/129/000_Normal.tif,DRUSEN-129,test,DRUSEN,normal,OD,.tif,0.00082336988998577
DRUSEN/129/001_Drusen.tif,DRUSEN-129,test,DRUSEN,drusen,OD,.tif,0.0007856296724639833
DRUSEN/129/002_Drusen.tif,DRUSEN-129,test,DRUSEN,drusen,OD,.tif,0.0007514916942454875
DRUSEN/129/003_Drusen.tif,DRUSEN-129,test,DRUSEN,drusen,OD,.tif,0.0007985086413100362
DRUSEN/129/004_Drusen.tif,DRUSEN-129,test,DRUSEN,drusen,OD,.tif,0.0007199951796792448
DRUSEN/129/005_Drusen.tif,DRUSEN-129,test,DRUSEN,drusen,OD,.tif,0.0008375935140065849
DRUSEN/129/006_Drusen.tif,DRUSEN-129,test,DRUSEN,drusen,OD,.tif,0.000962611346039921
DRUSEN/129/007_Drusen.tif,DRUSEN-129,test,DRUSEN,drusen,OD,.tif,0.0008664186461828649
DRUSEN/129/008_Drusen.tif,DRUSEN-129,test,DRUSEN,drusen,OD,.tif,0.0009226160473190248
DRUSEN/129/009_Drusen.tif,DRUSEN-129,test,DRUSEN,drusen,OD,.tif,0.0010222430573776364
DRUSEN/129/010_Drusen.tif,DRUSEN-129,test,DRUSEN,drusen,OD,.tif,0.0009961944306269288
DRUSEN/129/011_Drusen.tif,DRUSEN-129,test,DRUSEN,drusen,OD,.tif,0.0009005551692098379
DRUSEN/129/012_Drusen.tif,DRUSEN-129,test,DRUSEN,drusen,OD,.tif,0.0008930964977480471
DRUSEN/129/013_Drusen.tif,DRUSEN-129,test,DRUSEN,drusen,OD,.tif,0.0008156351977959275
DRUSEN/129/014_Drusen.tif,DRUSEN-129,test,DRUSEN,drusen,OD,.tif,0.0009017704869620502
DRUSEN/129/015_Drusen.tif,DRUSEN-129,test,DRUSEN,drusen,OD,.tif,0.0009838129626587033
DRUSEN/129/016_Drusen.tif,DRUSEN-129,test,DRUSEN,drusen,OD,.tif,0.0009803934954106808
DRUSEN/129/017_Drusen.tif,DRUSEN-129,test,DRUSEN,drusen,OD,.tif,0.0010464536026120186
DRUSEN/129/018_Drusen.tif,DRUSEN-129,test,DRUSEN,drusen,OD,.tif,0.0009637571638450027
DRUSEN/129/019_Drusen.tif,DRUSEN-129,test,DRUSEN,drusen,OD,.tif,0.0009399271220900118
DRUSEN/129/020_Drusen.tif,DRUSEN-129,test,DRUSEN,drusen,OD,.tif,0.0009642129298299551
DRUSEN/129/021_Drusen.tif,DRUSEN-129,test,DRUSEN,drusen,OD,.tif,0.000898762431461364
DRUSEN/129/022_Drusen.tif,DRUSEN-129,test,DRUSEN,drusen,OD,.tif,0.001007045735605061
DRUSEN/129/023_Drusen.tif,DRUSEN-129,test,DRUSEN,drusen,OD,.tif,0.0008705448126420379
DRUSEN/129/024_Drusen.tif,DRUSEN-129,test,DRUSEN,drusen,OD,.tif,0.0008448800654150546
DRUSEN/129/025_Drusen.tif,DRUSEN-129,test,DRUSEN,drusen,OD,.tif,0.0008835234330035746
DRUSEN/129/026_Drusen.tif,DRUSEN-129,test,DRUSEN,drusen,OD,.tif,0.0008493816712871194
DRUSEN/129/027_Drusen.tif,DRUSEN-129,test,DRUSEN,drusen,OD,.tif,0.0008548435871489346
DRUSEN/129/028_Drusen.tif,DRUSEN-129,test,DRUSEN,drusen,OD,.tif,0.000866748858243227
DRUSEN/129/029_Drusen.tif,DRUSEN-129,test,DRUSEN,drusen,OD,.tif,0.0007733484380878508
DRUSEN/129/030_Drusen.tif,DRUSEN-129,test,DRUSEN,drusen,OD,.tif,0.0009004261228255928
DRUSEN/130/000_Drusen.tif,DRUSEN-130,test,DRUSEN,drusen,OS,.tif,0.000591094431001693
DRUSEN/130/001_Drusen.tif,DRUSEN-130,test,DRUSEN,drusen,OS,.tif,0.0006490442319773138
DRUSEN/130/002_Drusen.tif,DRUSEN-130,test,DRUSEN,drusen,OS,.tif,0.0009646394173614681
DRUSEN/130/003_Drusen.tif,DRUSEN-130,test,DRUSEN,drusen,OS,.tif,0.0011047519510611892
DRUSEN/130/004_Drusen.tif,DRUSEN-130,test,DRUSEN,drusen,OS,.tif,0.0011115525849163532
DRUSEN/130/005_Drusen.tif,DRUSEN-130,test,DRUSEN,drusen,OS,.tif,0.0012137343874201179
DRUSEN/130/006_Drusen.tif,DRUSEN-130,test,DRUSEN,drusen,OS,.tif,0.001283635850995779
DRUSEN/130/007_Drusen.tif,DRUSEN-130,test,DRUSEN,drusen,OS,.tif,0.001081588095985353
DRUSEN/130/008_Drusen.tif,DRUSEN-130,test,DRUSEN,drusen,OS,.tif,0.0011538069229573011
DRUSEN/130/009_Drusen.tif,DRUSEN-130,test,DRUSEN,drusen,OS,.tif,0.0013775131665170193
DRUSEN/130/010_Drusen.tif,DRUSEN-130,test,DRUSEN,drusen,OS,.tif,0.0013139466755092144
DRUSEN/130/011_Drusen.tif,DRUSEN-130,test,DRUSEN,drusen,OS,.tif,0.0017742242198437452
DRUSEN/130/012_Drusen.tif,DRUSEN-130,test,DRUSEN,drusen,OS,.tif,0.0018911337247118354
DRUSEN/130/013_Drusen.tif,DRUSEN-130,test,DRUSEN,drusen,OS,.tif,0.0015088182408362627
DRUSEN/130/014_Drusen.tif,DRUSEN-130,test,DRUSEN,drusen,OS,.tif,0.00210812920704484
DRUSEN/130/015_Drusen.tif,DRUSEN-130,test,DRUSEN,drusen,OS,.tif,0.0025610998272895813
DRUSEN/130/016_Drusen.tif,DRUSEN-130,test,DRUSEN,drusen,OS,.tif,0.0026476376224309206
DRUSEN/130/017_Drusen.tif,DRUSEN-130,test,DRUSEN,drusen,OS,.tif,0.002659814665094018
DRUSEN/130/018_Drusen.tif,DRUSEN-130,test,DRUSEN,drusen,OS,.tif,0.00226661772467196
DRUSEN/130/019_Drusen.tif,DRUSEN-130,test,DRUSEN,drusen,OS,.tif,0.001349300262518227
DRUSEN/130/020_Drusen.tif,DRUSEN-130,test,DRUSEN,drusen,OS,.tif,0.0011744484072551131
DRUSEN/130/021_Drusen.tif,DRUSEN-130,test,DRUSEN,drusen,OS,.tif,0.0011268631787970662
DRUSEN/130/022_Drusen.tif,DRUSEN-130,test,DRUSEN,drusen,OS,.tif,0.0013304041931405663
DRUSEN/130/023_Drusen.tif,DRUSEN-130,test,DRUSEN,drusen,OS,.tif,0.0014225601917132735
DRUSEN/130/024_Drusen.tif,DRUSEN-130,test,DRUSEN,drusen,OS,.tif,0.0016585564007982612
DRUSEN/131/000_Drusen.tif,DRUSEN-131,test,DRUSEN,drusen,OD,.tif,0.0005641934694722295
DRUSEN/131/001_Drusen.tif,DRUSEN-131,test,DRUSEN,drusen,OD,.tif,0.0008176006958819926
DRUSEN/131/002_Drusen.tif,DRUSEN-131,test,DRUSEN,drusen,OD,.tif,0.0007943645468913019
DRUSEN/131/003_Drusen.tif,DRUSEN-131,test,DRUSEN,drusen,OD,.tif,0.0007658027461729944
DRUSEN/131/004_Drusen.tif,DRUSEN-131,test,DRUSEN,drusen,OD,.tif,0.0008336030296050012
DRUSEN/131/005_Drusen.tif,DRUSEN-131,test,DRUSEN,drusen,OD,.tif,0.0009118512971326709
DRUSEN/131/006_Drusen.tif,DRUSEN-131,test,DRUSEN,drusen,OD,.tif,0.0009394724038429558
DRUSEN/131/007_Drusen.tif,DRUSEN-131,test,DRUSEN,drusen,OD,.tif,0.0007582578109577298
DRUSEN/131/008_Drusen.tif,DRUSEN-131,test,DRUSEN,drusen,OD,.tif,0.0007613910711370409
DRUSEN/131/009_Drusen.tif,DRUSEN-131,test,DRUSEN,drusen,OD,.tif,0.0006699993973597884
DRUSEN/131/010_Drusen.tif,DRUSEN-131,test,DRUSEN,drusen,OD,.tif,0.0007508414564654231
DRUSEN/131/011_Drusen.tif,DRUSEN-131,test,DRUSEN,drusen,OD,.tif,0.0007295483956113458
DRUSEN/131/012_Drusen.tif,DRUSEN-131,test,DRUSEN,drusen,OD,.tif,0.0008103155996650457
DRUSEN/131/013_Drusen.tif,DRUSEN-131,test,DRUSEN,drusen,OD,.tif,0.0007825903594493866
DRUSEN/131/014_Drusen.tif,DRUSEN-131,test,DRUSEN,drusen,OD,.tif,0.0007340601296164095
DRUSEN/131/015_Drusen.tif,DRUSEN-131,test,DRUSEN,drusen,OD,.tif,0.0008018995868042111
DRUSEN/131/016_Drusen.tif,DRUSEN-131,test,DRUSEN,drusen,OD,.tif,0.0008633813122287393
DRUSEN/131/017_Drusen.tif,DRUSEN-131,test,DRUSEN,drusen,OD,.tif,0.0007268128683790565
DRUSEN/131/018_Drusen.tif,DRUSEN-131,test,DRUSEN,drusen,OD,.tif,0.0007519883802160621
DRUSEN/131/019_Drusen.tif,DRUSEN-131,test,DRUSEN,drusen,OD,.tif,0.0007341341115534306
DRUSEN/131/020_Drusen.tif,DRUSEN-131,test,DRUSEN,drusen,OD,.tif,0.0007324179168790579
DRUSEN/131/021_Drusen.tif,DRUSEN-131,test,DRUSEN,drusen,OD,.tif,0.0006762955454178154
DRUSEN/131/022_Drusen.tif,DRUSEN-131,test,DRUSEN,drusen,OD,.tif,0.0007622853154316545
DRUSEN/131/023_Drusen.tif,DRUSEN-131,test,DRUSEN,drusen,OD,.tif,0.0007461357163265347
DRUSEN/131/024_Drusen.tif,DRUSEN-131,test,DRUSEN,drusen,OD,.tif,0.0006937406724318862
DRUSEN/131/025_Drusen.tif,DRUSEN-131,test,DRUSEN,drusen,OD,.tif,0.0006761436816304922
DRUSEN/131/026_Drusen.tif,DRUSEN-131,test,DRUSEN,drusen,OD,.tif,0.000729501829482615
DRUSEN/131/027_Drusen.tif,DRUSEN-131,test,DRUSEN,drusen,OD,.tif,0.0006476839771494269
DRUSEN/131/028_Drusen.tif,DRUSEN-131,test,DRUSEN,drusen,OD,.tif,0.0006927411304786801
DRUSEN/131/029_Drusen.tif,DRUSEN-131,test,DRUSEN,drusen,OD,.tif,0.0006287213182076812
DRUSEN/131/030_Drusen.tif,DRUSEN-131,test,DRUSEN,drusen,OD,.tif,0.0006692579481750727
DRUSEN/132/000_Normal.tif,DRUSEN-132,test,DRUSEN,normal,OS,.tif,0.0005653586122207344
DRUSEN/132/001_Drusen.tif,DRUSEN-132,test,DRUSEN,drusen,OS,.tif,0.0006253866013139486
DRUSEN/132/002_Drusen.tif,DRUSEN-132,test,DRUSEN,drusen,OS,.tif,0.0005864888080395758
DRUSEN/132/003_Drusen.tif,DRUSEN-132,test,DRUSEN,drusen,OS,.tif,0.0006262719398364425
DRUSEN/132/004_Drusen.tif,DRUSEN-132,test,DRUSEN,drusen,OS,.tif,0.0006943291518837214
DRUSEN/132/005_Drusen.tif,DRUSEN-132,test,DRUSEN,drusen,OS,.tif,0.0007145563722588122
DRUSEN/132/006_Drusen.tif,DRUSEN-132,test,DRUSEN,drusen,OS,.tif,0.0006063656182959676
DRUSEN/132/007_Drusen.tif,DRUSEN-132,test,DRUSEN,drusen,OS,.tif,0.0006484136683866382
DRUSEN/132/008_Drusen.tif,DRUSEN-132,test,DRUSEN,drusen,OS,.tif,0.0007672217907384038
DRUSEN/132/009_Drusen.tif,DRUSEN-132,test,DRUSEN,drusen,OS,.tif,0.0007024279329925776
DRUSEN/132/010_Drusen.tif,DRUSEN-132,test,DRUSEN,drusen,OS,.tif,0.00069156609242782
DRUSEN/132/011_Drusen.tif,DRUSEN-132,test,DRUSEN,drusen,OS,.tif,0.0006485710619017482
DRUSEN/132/012_Drusen.tif,DRUSEN-132,test,DRUSEN,drusen,OS,.tif,0.0008422544342465699
DRUSEN/132/013_Drusen.tif,DRUSEN-132,test,DRUSEN,drusen,OS,.tif,0.0007360190502367914
DRUSEN/132/014_Drusen.tif,DRUSEN-132,test,DRUSEN,drusen,OS,.tif,0.0006215898902155459
DRUSEN/132/015_Drusen.tif,DRUSEN-132,test,DRUSEN,drusen,OS,.tif,0.000702704128343612
DRUSEN/132/016_Drusen.tif,DRUSEN-132,test,DRUSEN,drusen,OS,.tif,0.0006736813811585307
DRUSEN/132/017_Drusen.tif,DRUSEN-132,test,DRUSEN,drusen,OS,.tif,0.0006179105257615447
DRUSEN/132/018_Drusen.tif,DRUSEN-132,test,DRUSEN,drusen,OS,.tif,0.0006492232205346227
DRUSEN/132/019_Drusen.tif,DRUSEN-132,test,DRUSEN,drusen,OS,.tif,0.0005870889872312546
DRUSEN/132/020_Drusen.tif,DRUSEN-132,test,DRUSEN,drusen,OS,.tif,0.0007543081883341074
DRUSEN/132/021_Drusen.tif,DRUSEN-132,test,DRUSEN,drusen,OS,.tif,0.0007229733164422214
DRUSEN/132/022_Drusen.tif,DRUSEN-132,test,DRUSEN,drusen,OS,.tif,0.0006491951644420624
DRUSEN/132/023_Drusen.tif,DRUSEN-132,test,DRUSEN,drusen,OS,.tif,0.0008068551542237401
DRUSEN/132/024_Drusen.tif,DRUSEN-132,test,DRUSEN,drusen,OS,.tif,0.0006825788295827806
DRUSEN/132/025_Drusen.tif,DRUSEN-132,test,DRUSEN,drusen,OS,.tif,0.0006282544927671552
DRUSEN/132/026_Drusen.tif,DRUSEN-132,test,DRUSEN,drusen,OS,.tif,0.00066143594449386
DRUSEN/132/027_Drusen.tif,DRUSEN-132,test,DRUSEN,drusen,OS,.tif,0.0007065404206514359
DRUSEN/132/028_Drusen.tif,DRUSEN-132,test,DRUSEN,drusen,OS,.tif,0.000663207785692066
DRUSEN/132/029_Drusen.tif,DRUSEN-132,test,DRUSEN,drusen,OS,.tif,0.0006358352256938815
DRUSEN/132/030_Drusen.tif,DRUSEN-132,test,DRUSEN,drusen,OS,.tif,0.0007067027618177235
DRUSEN/133/OD/000_Normal.tif,DRUSEN-133,test,DRUSEN,normal,OD,.tif,0.0007305923500098288
DRUSEN/133/OD/001_Normal.tif,DRUSEN-133,test,DRUSEN,normal,OD,.tif,0.000766001467127353
DRUSEN/133/OD/002_Normal.tif,DRUSEN-133,test,DRUSEN,normal,OD,.tif,0.0008411220042034984
DRUSEN/133/OD/003_Normal.tif,DRUSEN-133,test,DRUSEN,normal,OD,.tif,0.0009147615637630224
DRUSEN/133/OD/004_Normal.tif,DRUSEN-133,test,DRUSEN,normal,OD,.tif,0.0011731709819287062
DRUSEN/133/OD/005_Normal.tif,DRUSEN-133,test,DRUSEN,normal,OD,.tif,0.0005319835036061704
DRUSEN/133/OD/006_Normal.tif,DRUSEN-133,test,DRUSEN,normal,OD,.tif,0.0008801337098702788
DRUSEN/133/OD/007_Normal.tif,DRUSEN-133,test,DRUSEN,normal,OD,.tif,0.0010348177747800946
DRUSEN/133/OD/008_Normal.tif,DRUSEN-133,test,DRUSEN,normal,OD,.tif,0.0009264291729778051
DRUSEN/133/OD/009_Drusen.tif,DRUSEN-133,test,DRUSEN,drusen,OD,.tif,0.000877117330674082
DRUSEN/133/OD/010_Drusen.tif,DRUSEN-133,test,DRUSEN,drusen,OD,.tif,0.0007419741014018655
DRUSEN/133/OD/011_Drusen.tif,DRUSEN-133,test,DRUSEN,drusen,OD,.tif,0.0006123046041466296
DRUSEN/133/OD/012_Drusen.tif,DRUSEN-133,test,DRUSEN,drusen,OD,.tif,0.0007293462986126542
DRUSEN/133/OD/013_Drusen.tif,DRUSEN-133,test,DRUSEN,drusen,OD,.tif,0.0008018948719836771
DRUSEN/133/OD/014_Drusen.tif,DRUSEN-133,test,DRUSEN,drusen,OD,.tif,0.0007410234538838267
DRUSEN/133/OD/015_Drusen.tif,DRUSEN-133,test,DRUSEN,drusen,OD,.tif,0.0006306064897216856
DRUSEN/133/OD/016_Drusen.tif,DRUSEN-133,test,DRUSEN,drusen,OD,.tif,0.0006162321078591049
DRUSEN/133/OD/017_Drusen.tif,DRUSEN-133,test,DRUSEN,drusen,OD,.tif,0.000640148005913943
DRUSEN/133/OD/018_Drusen.tif,DRUSEN-133,test,DRUSEN,drusen,OD,.tif,0.0007074597524479032
DRUSEN/133/OD/019_Drusen.tif,DRUSEN-133,test,DRUSEN,drusen,OD,.tif,0.000567990995477885
DRUSEN/133/OD/020_Drusen.tif,DRUSEN-133,test,DRUSEN,drusen,OD,.tif,0.0005276749725453556
DRUSEN/133/OD/021_Drusen.tif,DRUSEN-133,test,DRUSEN,drusen,OD,.tif,0.0005719942855648696
DRUSEN/133/OD/022_Drusen.tif,DRUSEN-133,test,DRUSEN,drusen,OD,.tif,0.0005386363482102752
DRUSEN/133/OD/023_Drusen.tif,DRUSEN-133,test,DRUSEN,drusen,OD,.tif,0.0006378203397616744
DRUSEN/133/OD/024_Drusen.tif,DRUSEN-133,test,DRUSEN,drusen,OD,.tif,0.0005464779678732157
DRUSEN/133/OD/025_Normal.tif,DRUSEN-133,test,DRUSEN,normal,OD,.tif,0.0006042790482752025
DRUSEN/133/OD/026_Normal.tif,DRUSEN-133,test,DRUSEN,normal,OD,.tif,0.000598700309637934
DRUSEN/133/OD/027_Normal.tif,DRUSEN-133,test,DRUSEN,normal,OD,.tif,0.0006011537043377757
DRUSEN/133/OD/028_Normal.tif,DRUSEN-133,test,DRUSEN,normal,OD,.tif,0.0006735658389516175
DRUSEN/133/OD/029_Normal.tif,DRUSEN-133,test,DRUSEN,normal,OD,.tif,0.0005844998522661626
DRUSEN/133/OD/030_Normal.tif,DRUSEN-133,test,DRUSEN,normal,OD,.tif,0.0006631442229263484
DRUSEN/133/OS/000_Normal.tif,DRUSEN-133,test,DRUSEN,normal,OS,.tif,0.0006357789388857782
DRUSEN/133/OS/001_Normal.tif,DRUSEN-133,test,DRUSEN,normal,OS,.tif,0.0005815798649564385
DRUSEN/133/OS/002_Normal.tif,DRUSEN-133,test,DRUSEN,normal,OS,.tif,0.0008957974496297538
DRUSEN/133/OS/003_Normal.tif,DRUSEN-133,test,DRUSEN,normal,OS,.tif,0.001020891242660582
DRUSEN/133/OS/004_Normal.tif,DRUSEN-133,test,DRUSEN,normal,OS,.tif,0.0007370018283836544
DRUSEN/133/OS/005_Normal.tif,DRUSEN-133,test,DRUSEN,normal,OS,.tif,0.0007232311763800681
DRUSEN/133/OS/006_Normal.tif,DRUSEN-133,test,DRUSEN,normal,OS,.tif,0.0008878842927515507
DRUSEN/133/OS/007_Normal.tif,DRUSEN-133,test,DRUSEN,normal,OS,.tif,0.000694188813213259
DRUSEN/133/OS/008_Drusen.tif,DRUSEN-133,test,DRUSEN,drusen,OS,.tif,0.0006411903304979205
DRUSEN/133/OS/009_Drusen.tif,DRUSEN-133,test,DRUSEN,drusen,OS,.tif,0.0009760730317793787
DRUSEN/133/OS/010_Drusen.tif,DRUSEN-133,test,DRUSEN,drusen,OS,.tif,0.0006136817974038422
DRUSEN/133/OS/011_Drusen.tif,DRUSEN-133,test,DRUSEN,drusen,OS,.tif,0.0006854894454590976
DRUSEN/133/OS/012_Drusen.tif,DRUSEN-133,test,DRUSEN,drusen,OS,.tif,0.0006926346686668694
DRUSEN/133/OS/013_Drusen.tif,DRUSEN-133,test,DRUSEN,drusen,OS,.tif,0.0006357032689265907
DRUSEN/133/OS/014_Drusen.tif,DRUSEN-133,test,DRUSEN,drusen,OS,.tif,0.0007011234993115067
DRUSEN/133/OS/015_Drusen.tif,DRUSEN-133,test,DRUSEN,drusen,OS,.tif,0.0007470548152923584
DRUSEN/133/OS/016_Drusen.tif,DRUSEN-133,test,DRUSEN,drusen,OS,.tif,0.0006899273721501231
DRUSEN/133/OS/017_Drusen.tif,DRUSEN-133,test,DRUSEN,drusen,OS,.tif,0.0006756005459465086
DRUSEN/133/OS/018_Drusen.tif,DRUSEN-133,test,DRUSEN,drusen,OS,.tif,0.0005294624716043472
DRUSEN/133/OS/019_Drusen.tif,DRUSEN-133,test,DRUSEN,drusen,OS,.tif,0.00048617515130899847
DRUSEN/133/OS/020_Drusen.tif,DRUSEN-133,test,DRUSEN,drusen,OS,.tif,0.000500114809256047
DRUSEN/133/OS/021_Drusen.tif,DRUSEN-133,test,DRUSEN,drusen,OS,.tif,0.0007530867005698383
DRUSEN/133/OS/022_Drusen.tif,DRUSEN-133,test,DRUSEN,drusen,OS,.tif,0.000466522469650954
DRUSEN/133/OS/023_Drusen.tif,DRUSEN-133,test,DRUSEN,drusen,OS,.tif,0.0006271074526011944
DRUSEN/133/OS/024_Drusen.tif,DRUSEN-133,test,DRUSEN,drusen,OS,.tif,0.0006903321482241154
DRUSEN/133/OS/025_Drusen.tif,DRUSEN-133,test,DRUSEN,drusen,OS,.tif,0.0006400640704669058
DRUSEN/133/OS/026_Drusen.tif,DRUSEN-133,test,DRUSEN,drusen,OS,.tif,0.0005251719267107546
DRUSEN/133/OS/027_Drusen.tif,DRUSEN-133,test,DRUSEN,drusen,OS,.tif,0.0005607035127468407
DRUSEN/133/OS/028_Normal.tif,DRUSEN-133,test,DRUSEN,normal,OS,.tif,0.0007051924476400018
DRUSEN/133/OS/029_Normal.tif,DRUSEN-133,test,DRUSEN,normal,OS,.tif,0.0007609713356941938
DRUSEN/133/OS/030_Normal.tif,DRUSEN-133,test,DRUSEN,normal,OS,.tif,0.0007316433475352824
DRUSEN/134/000_Drusen.tif,DRUSEN-134,test,DRUSEN,drusen,OS,.tif,0.0007422231719829142
DRUSEN/134/001_Drusen.tif,DRUSEN-134,test,DRUSEN,drusen,OS,.tif,0.0009381920681335032
DRUSEN/134/002_Drusen.tif,DRUSEN-134,test,DRUSEN,drusen,OS,.tif,0.000815645616967231
DRUSEN/134/003_Drusen.tif,DRUSEN-134,test,DRUSEN,drusen,OS,.tif,0.0007053820299915969
DRUSEN/134/004_Normal.tif,DRUSEN-134,test,DRUSEN,normal,OS,.tif,0.0006416154210455716
DRUSEN/134/005_Drusen.tif,DRUSEN-134,test,DRUSEN,drusen,OS,.tif,0.0007947940030135214
DRUSEN/134/006_Normal.tif,DRUSEN-134,test,DRUSEN,normal,OS,.tif,0.0007508398266509175
DRUSEN/134/007_Normal.tif,DRUSEN-134,test,DRUSEN,normal,OS,.tif,0.0008266104268841445
DRUSEN/134/008_Normal.tif,DRUSEN-134,test,DRUSEN,normal,OS,.tif,0.0006964239873923361
DRUSEN/134/009_Normal.tif,DRUSEN-134,test,DRUSEN,normal,OS,.tif,0.0008625856135040522
DRUSEN/134/010_Drusen.tif,DRUSEN-134,test,DRUSEN,drusen,OS,.tif,0.0007537064957432449
DRUSEN/134/011_Normal.tif,DRUSEN-134,test,DRUSEN,normal,OS,.tif,0.0007656789966858923
DRUSEN/134/012_Normal.tif,DRUSEN-134,test,DRUSEN,normal,OS,.tif,0.0007027743849903345
DRUSEN/134/013_Normal.tif,DRUSEN-134,test,DRUSEN,normal,OS,.tif,0.0013932579895481467
DRUSEN/134/014_Normal.tif,DRUSEN-134,test,DRUSEN,normal,OS,.tif,0.001110732089728117
DRUSEN/134/015_Normal.tif,DRUSEN-134,test,DRUSEN,normal,OS,.tif,0.0012227428378537297
DRUSEN/134/016_Drusen.tif,DRUSEN-134,test,DRUSEN,drusen,OS,.tif,0.0008629702497273684
DRUSEN/134/017_Normal.tif,DRUSEN-134,test,DRUSEN,normal,OS,.tif,0.0006756141665391624
DRUSEN/134/018_Drusen.tif,DRUSEN-134,test,DRUSEN,drusen,OS,.tif,0.0006045804475434124
DRUSEN/134/019_Drusen.tif,DRUSEN-134,test,DRUSEN,drusen,OS,.tif,0.000534826482180506
DRUSEN/134/020_Drusen.tif,DRUSEN-134,test,DRUSEN,drusen,OS,.tif,0.0006436578696593642
DRUSEN/134/021_Drusen.tif,DRUSEN-134,test,DRUSEN,drusen,OS,.tif,0.0006725918501615524
DRUSEN/134/022_Drusen.tif,DRUSEN-134,test,DRUSEN,drusen,OS,.tif,0.0005888054147362709
DRUSEN/134/023_Drusen.tif,DRUSEN-134,test,DRUSEN,drusen,OS,.tif,0.0006866910262033343
DRUSEN/134/024_Normal.tif,DRUSEN-134,test,DRUSEN,normal,OS,.tif,0.0006231074803508818
DRUSEN/134/025_Normal.tif,DRUSEN-134,test,DRUSEN,normal,OS,.tif,0.0007276265532709658
DRUSEN/134/026_Normal.tif,DRUSEN-134,test,DRUSEN,normal,OS,.tif,0.0007036587921902537
DRUSEN/136/OD/000_Normal.tif,DRUSEN-136,test,DRUSEN,normal,OD,.tif,0.0033200199250131845
DRUSEN/136/OD/001_Normal.tif,DRUSEN-136,test,DRUSEN,normal,OD,.tif,0.003284486010670662
DRUSEN/136/OD/002_Normal.tif,DRUSEN-136,test,DRUSEN,normal,OD,.tif,0.0032336008735001087
DRUSEN/136/OD/003_Normal.tif,DRUSEN-136,test,DRUSEN,normal,OD,.tif,0.0032324150670319796
DRUSEN/136/OD/004_Normal.tif,DRUSEN-136,test,DRUSEN,normal,OD,.tif,0.0032088642474263906
DRUSEN/136/OD/005_Normal.tif,DRUSEN-136,test,DRUSEN,normal,OD,.tif,0.0028427639044821262
DRUSEN/136/OD/006_Normal.tif,DRUSEN-136,test,DRUSEN,normal,OD,.tif,0.0026808176189661026
DRUSEN/136/OD/007_Normal.tif,DRUSEN-136,test,DRUSEN,normal,OD,.tif,0.002070831134915352
DRUSEN/136/OD/008_Normal.tif,DRUSEN-136,test,DRUSEN,normal,OD,.tif,0.001851457986049354
DRUSEN/136/OD/009_Normal.tif,DRUSEN-136,test,DRUSEN,normal,OD,.tif,0.0016881957417353988
DRUSEN/136/OD/010_Normal.tif,DRUSEN-136,test,DRUSEN,normal,OD,.tif,0.001710279961116612
DRUSEN/136/OD/011_Drusen.tif,DRUSEN-136,test,DRUSEN,drusen,OD,.tif,0.0015162484487518668
DRUSEN/136/OD/012_Drusen.tif,DRUSEN-136,test,DRUSEN,drusen,OD,.tif,0.0011639456497505307
DRUSEN/136/OD/013_Drusen.tif,DRUSEN-136,test,DRUSEN,drusen,OD,.tif,0.0012419921113178134
DRUSEN/136/OD/014_Drusen.tif,DRUSEN-136,test,DRUSEN,drusen,OD,.tif,0.0010644239373505116
DRUSEN/136/OD/015_Drusen.tif,DRUSEN-136,test,DRUSEN,drusen,OD,.tif,0.0012058587744832039
DRUSEN/136/OD/016_Drusen.tif,DRUSEN-136,test,DRUSEN,drusen,OD,.tif,0.0010185035644099116
DRUSEN/136/OD/017_Drusen.tif,DRUSEN-136,test,DRUSEN,drusen,OD,.tif,0.000979725387878716
DRUSEN/136/OD/018_Drusen.tif,DRUSEN-136,test,DRUSEN,drusen,OD,.tif,0.0008987447945401073
DRUSEN/136/OD/019_Drusen.tif,DRUSEN-136,test,DRUSEN,drusen,OD,.tif,0.0009440660360269248
DRUSEN/136/OD/020_Normal.tif,DRUSEN-136,test,DRUSEN,normal,OD,.tif,0.0007667075842618942
DRUSEN/136/OD/021_Normal.tif,DRUSEN-136,test,DRUSEN,normal,OD,.tif,0.0007533030002377927
DRUSEN/136/OD/022_Normal.tif,DRUSEN-136,test,DRUSEN,normal,OD,.tif,0.0007417065207846463
DRUSEN/136/OD/023_Normal.tif,DRUSEN-136,test,DRUSEN,normal,OD,.tif,0.0006300709792412817
DRUSEN/136/OD/024_Normal.tif,DRUSEN-136,test,DRUSEN,normal,OD,.tif,0.0006211265572346747
DRUSEN/136/OD/025_Normal.tif,DRUSEN-136,test,DRUSEN,normal,OD,.tif,0.0006629257113672793
DRUSEN/136/OD/026_Normal.tif,DRUSEN-136,test,DRUSEN,normal,OD,.tif,0.00061237026238814
DRUSEN/136/OD/027_Normal.tif,DRUSEN-136,test,DRUSEN,normal,OD,.tif,0.0005619971780106425
DRUSEN/136/OD/028_Normal.tif,DRUSEN-136,test,DRUSEN,normal,OD,.tif,0.0005388490972109139
DRUSEN/136/OD/029_Normal.tif,DRUSEN-136,test,DRUSEN,normal,OD,.tif,0.0005544931627810001
DRUSEN/136/OD/030_Normal.tif,DRUSEN-136,test,DRUSEN,normal,OD,.tif,0.0005605157348327339
DRUSEN/136/OS/000_Normal.tif,DRUSEN-136,test,DRUSEN,normal,OS,.tif,0.0011368506820872426
DRUSEN/136/OS/001_Normal.tif,DRUSEN-136,test,DRUSEN,normal,OS,.tif,0.0014047068543732166
DRUSEN/136/OS/002_Normal.tif,DRUSEN-136,test,DRUSEN,normal,OS,.tif,0.0011589330388233066
DRUSEN/136/OS/003_Normal.tif,DRUSEN-136,test,DRUSEN,normal,OS,.tif,0.001223041326738894
DRUSEN/136/OS/004_Normal.tif,DRUSEN-136,test,DRUSEN,normal,OS,.tif,0.0009504462359473109
DRUSEN/136/OS/005_Normal.tif,DRUSEN-136,test,DRUSEN,normal,OS,.tif,0.0009997652377933264
DRUSEN/136/OS/006_Normal.tif,DRUSEN-136,test,DRUSEN,normal,OS,.tif,0.0009683516109362245
DRUSEN/136/OS/007_Normal.tif,DRUSEN-136,test,DRUSEN,normal,OS,.tif,0.0009161136113107204
DRUSEN/136/OS/008_Normal.tif,DRUSEN-136,test,DRUSEN,normal,OS,.tif,0.0009956390131264925
DRUSEN/136/OS/009_Normal.tif,DRUSEN-136,test,DRUSEN,normal,OS,.tif,0.0009228635462932289
DRUSEN/136/OS/010_Normal.tif,DRUSEN-136,test,DRUSEN,normal,OS,.tif,0.0009232521988451481
DRUSEN/136/OS/011_Drusen.tif,DRUSEN-136,test,DRUSEN,drusen,OS,.tif,0.0009034808026626706
DRUSEN/136/OS/012_Drusen.tif,DRUSEN-136,test,DRUSEN,drusen,OS,.tif,0.0009024886530824006
DRUSEN/136/OS/013_Drusen.tif,DRUSEN-136,test,DRUSEN,drusen,OS,.tif,0.0009944787016138434
DRUSEN/136/OS/014_Drusen.tif,DRUSEN-136,test,DRUSEN,drusen,OS,.tif,0.0009499615989625454
DRUSEN/136/OS/015_Drusen.tif,DRUSEN-136,test,DRUSEN,drusen,OS,.tif,0.0008668494992889464
DRUSEN/136/OS/016_Drusen.tif,DRUSEN-136,test,DRUSEN,drusen,OS,.tif,0.0008016806095838547
DRUSEN/136/OS/017_Drusen.tif,DRUSEN-136,test,DRUSEN,drusen,OS,.tif,0.0008034915663301945
DRUSEN/136/OS/018_Drusen.tif,DRUSEN-136,test,DRUSEN,drusen,OS,.tif,0.0007717825355939567
DRUSEN/136/OS/019_Drusen.tif,DRUSEN-136,test,DRUSEN,drusen,OS,.tif,0.0008199437288567424
DRUSEN/136/OS/020_Drusen.tif,DRUSEN-136,test,DRUSEN,drusen,OS,.tif,0.0007481526117771864
DRUSEN/136/OS/021_Drusen.tif,DRUSEN-136,test,DRUSEN,drusen,OS,.tif,0.0007848599343560636
DRUSEN/136/OS/022_Normal.tif,DRUSEN-136,test,DRUSEN,normal,OS,.tif,0.0007184839341789484
DRUSEN/136/OS/023_Normal.tif,DRUSEN-136,test,DRUSEN,normal,OS,.tif,0.0007264408632181585
DRUSEN/136/OS/024_Normal.tif,DRUSEN-136,test,DRUSEN,normal,OS,.tif,0.0006587470415979624
DRUSEN/136/OS/025_Normal.tif,DRUSEN-136,test,DRUSEN,normal,OS,.tif,0.0006598266190849245
DRUSEN/136/OS/026_Normal.tif,DRUSEN-136,test,DRUSEN,normal,OS,.tif,0.0006896122940815985
DRUSEN/136/OS/027_Normal.tif,DRUSEN-136,test,DRUSEN,normal,OS,.tif,0.0006077025318518281
DRUSEN/136/OS/028_Normal.tif,DRUSEN-136,test,DRUSEN,normal,OS,.tif,0.0005984882009215653
DRUSEN/136/OS/029_Normal.tif,DRUSEN-136,test,DRUSEN,normal,OS,.tif,0.0005211680545471609
DRUSEN/136/OS/030_Normal.tif,DRUSEN-136,test,DRUSEN,normal,OS,.tif,0.0006749379099346697
DRUSEN/138/000_Normal.tif,DRUSEN-138,test,DRUSEN,normal,OD,.tif,0.0006258421926759183
DRUSEN/138/001_Normal.tif,DRUSEN-138,test,DRUSEN,normal,OD,.tif,0.000588526832871139
DRUSEN/138/002_Normal.tif,DRUSEN-138,test,DRUSEN,normal,OD,.tif,0.0006099959136918187
DRUSEN/138/003_Normal.tif,DRUSEN-138,test,DRUSEN,normal,OD,.tif,0.0005460333777591586
DRUSEN/138/004_Normal.tif,DRUSEN-138,test,DRUSEN,normal,OD,.tif,0.0005519306869246066
DRUSEN/138/005_Normal.tif,DRUSEN-138,test,DRUSEN,normal,OD,.tif,0.0005902661941945553
DRUSEN/138/006_Normal.tif,DRUSEN-138,test,DRUSEN,normal,OD,.tif,0.0005778353079222143
DRUSEN/138/007_Normal.tif,DRUSEN-138,test,DRUSEN,normal,OD,.tif,0.0006198505288921297
DRUSEN/138/008_Normal.tif,DRUSEN-138,test,DRUSEN,normal,OD,.tif,0.0006980851758271456
DRUSEN/138/009_Normal.tif,DRUSEN-138,test,DRUSEN,normal,OD,.tif,0.0005691660335287452
DRUSEN/138/010_Normal.tif,DRUSEN-138,test,DRUSEN,normal,OD,.tif,0.0007390694227069616
DRUSEN/138/011_Normal.tif,DRUSEN-138,test,DRUSEN,normal,OD,.tif,0.0007886360981501639
DRUSEN/138/012_Drusen.tif,DRUSEN-138,test,DRUSEN,drusen,OD,.tif,0.0008111923816613853
DRUSEN/138/013_Drusen.tif,DRUSEN-138,test,DRUSEN,drusen,OD,.tif,0.0006880763685330749
DRUSEN/138/014_Drusen.tif,DRUSEN-138,test,DRUSEN,drusen,OD,.tif,0.0007877640309743583
DRUSEN/138/015_Drusen.tif,DRUSEN-138,test,DRUSEN,drusen,OD,.tif,0.0006650711875408888
DRUSEN/138/016_Drusen.tif,DRUSEN-138,test,DRUSEN,drusen,OD,.tif,0.000740904884878546
DRUSEN/138/017_Drusen.tif,DRUSEN-138,test,DRUSEN,drusen,OD,.tif,0.0007817934965714812
DRUSEN/138/018_Drusen.tif,DRUSEN-138,test,DRUSEN,drusen,OD,.tif,0.0008106283494271338
DRUSEN/138/019_Normal.tif,DRUSEN-138,test,DRUSEN,normal,OD,.tif,0.0008461110410280526
DRUSEN/138/020_Normal.tif,DRUSEN-138,test,DRUSEN,normal,OD,.tif,0.0008619205327704549
DRUSEN/138/021_Normal.tif,DRUSEN-138,test,DRUSEN,normal,OD,.tif,0.0008746801759116352
DRUSEN/138/022_Normal.tif,DRUSEN-138,test,DRUSEN,normal,OD,.tif,0.0010159608209505677
DRUSEN/138/023_Normal.tif,DRUSEN-138,test,DRUSEN,normal,OD,.tif,0.000976832932792604
DRUSEN/138/024_Drusen.tif,DRUSEN-138,test,DRUSEN,drusen,OD,.tif,0.001016519614495337
DRUSEN/138/025_Drusen.tif,DRUSEN-138,test,DRUSEN,drusen,OD,.tif,0.001184328692033887
DRUSEN/138/026_Drusen.tif,DRUSEN-138,test,DRUSEN,drusen,OD,.tif,0.0011021691607311368
DRUSEN/138/027_Drusen.tif,DRUSEN-138,test,DRUSEN,drusen,OD,.tif,0.0010414377320557833
DRUSEN/138/028_Normal.tif,DRUSEN-138,test,DRUSEN,normal,OD,.tif,0.0011685033096000552
DRUSEN/138/029_Normal.tif,DRUSEN-138,test,DRUSEN,normal,OD,.tif,0.0011738284956663847
DRUSEN/138/030_Normal.tif,DRUSEN-138,test,DRUSEN,normal,OD,.tif,0.0012495276750996709
DRUSEN/139/000_Drusen.tif,DRUSEN-139,test,DRUSEN,drusen,OD,.tif,0.0008988139452412724
DRUSEN/139/001_Drusen.tif,DRUSEN-139,test,DRUSEN,drusen,OD,.tif,0.0009490681695751846
DRUSEN/139/002_Drusen.tif,DRUSEN-139,test,DRUSEN,drusen,OD,.tif,0.001069769961759448
DRUSEN/139/003_Drusen.tif,DRUSEN-139,test,DRUSEN,drusen,OD,.tif,0.001006972510367632
DRUSEN/139/004_Drusen.tif,DRUSEN-139,test,DRUSEN,drusen,OD,.tif,0.001004788908176124
DRUSEN/139/005_Drusen.tif,DRUSEN-139,test,DRUSEN,drusen,OD,.tif,0.0009761175024323165
DRUSEN/139/006_Drusen.tif,DRUSEN-139,test,DRUSEN,drusen,OD,.tif,0.0009556413860991597
DRUSEN/139/007_Drusen.tif,DRUSEN-139,test,DRUSEN,drusen,OD,.tif,0.000996902002952993
DRUSEN/139/008_Drusen.tif,DRUSEN-139,test,DRUSEN,drusen,OD,.tif,0.0009625378879718482
DRUSEN/139/009_Drusen.tif,DRUSEN-139,test,DRUSEN,drusen,OD,.tif,0.0009374168002977967
DRUSEN/139/010_Drusen.tif,DRUSEN-139,test,DRUSEN,drusen,OD,.tif,0.0010012966813519597
DRUSEN/139/011_Drusen.tif,DRUSEN-139,test,DRUSEN,drusen,OD,.tif,0.0009130490943789482
DRUSEN/139/012_Drusen.tif,DRUSEN-139,test,DRUSEN,drusen,OD,.tif,0.0009164508664980531
DRUSEN/139/013_Drusen.tif,DRUSEN-139,test,DRUSEN,drusen,OD,.tif,0.0010934027377516031
DRUSEN/139/014_Drusen.tif,DRUSEN-139,test,DRUSEN,drusen,OD,.tif,0.0010036977473646402
DRUSEN/139/015_Drusen.tif,DRUSEN-139,test,DRUSEN,drusen,OD,.tif,0.0008515574736520648
DRUSEN/139/016_Drusen.tif,DRUSEN-139,test,DRUSEN,drusen,OD,.tif,0.0009794262005016208
DRUSEN/139/017_Drusen.tif,DRUSEN-139,test,DRUSEN,drusen,OD,.tif,0.0008934471989050508
DRUSEN/139/018_Drusen.tif,DRUSEN-139,test,DRUSEN,drusen,OD,.tif,0.0007811675313860178
DRUSEN/139/019_Drusen.tif,DRUSEN-139,test,DRUSEN,drusen,OD,.tif,0.0009253648458980024
DRUSEN/139/020_Drusen.tif,DRUSEN-139,test,DRUSEN,drusen,OD,.tif,0.0008354544406756759
DRUSEN/139/021_Drusen.tif,DRUSEN-139,test,DRUSEN,drusen,OD,.tif,0.0010001366026699543
DRUSEN/139/022_Drusen.tif,DRUSEN-139,test,DRUSEN,drusen,OD,.tif,0.0010623963316902518
DRUSEN/139/023_Drusen.tif,DRUSEN-139,test,DRUSEN,drusen,OD,.tif,0.000945247826166451
DRUSEN/139/024_Drusen.tif,DRUSEN-139,test,DRUSEN,drusen,OD,.tif,0.00081682886229828
DRUSEN/139/025_Drusen.tif,DRUSEN-139,test,DRUSEN,drusen,OD,.tif,0.0008563271258026361
DRUSEN/139/026_Drusen.tif,DRUSEN-139,test,DRUSEN,drusen,OD,.tif,0.00084549660095945
DRUSEN/139/027_Drusen.tif,DRUSEN-139,test,DRUSEN,drusen,OD,.tif,0.0009631055872887373
DRUSEN/139/028_Drusen.tif,DRUSEN-139,test,DRUSEN,drusen,OD,.tif,0.0009341116528958082
DRUSEN/139/029_Drusen.tif,DRUSEN-139,test,DRUSEN,drusen,OD,.tif,0.001012770808301866
DRUSEN/139/030_Drusen.tif,DRUSEN-139,test,DRUSEN,drusen,OD,.tif,0.001228940673172474
DRUSEN/143/000_Normal.tif,DRUSEN-143,test,DRUSEN,normal,OS,.tif,0.0006289370940066874
DRUSEN/143/001_Normal.tif,DRUSEN-143,test,DRUSEN,normal,OS,.tif,0.0006177975446917117
DRUSEN/143/002_Normal.tif,DRUSEN-143,test,DRUSEN,normal,OS,.tif,0.0006132189300842583
DRUSEN/143/003_Normal.tif,DRUSEN-143,test,DRUSEN,normal,OS,.tif,0.0005967342876829207
DRUSEN/143/004_Normal.tif,DRUSEN-143,test,DRUSEN,normal,OS,.tif,0.0005890335305593908
DRUSEN/143/005_Normal.tif,DRUSEN-143,test,DRUSEN,normal,OS,.tif,0.0006506614154204726
DRUSEN/143/006_Normal.tif,DRUSEN-143,test,DRUSEN,normal,OS,.tif,0.0006231729057617486
DRUSEN/143/007_Normal.tif,DRUSEN-143,test,DRUSEN,normal,OS,.tif,0.0005966738681308925
DRUSEN/143/008_Normal.tif,DRUSEN-143,test,DRUSEN,normal,OS,.tif,0.0005501490668393672
DRUSEN/143/009_Normal.tif,DRUSEN-143,test,DRUSEN,normal,OS,.tif,0.0007116476772353053
DRUSEN/143/010_Normal.tif,DRUSEN-143,test,DRUSEN,normal,OS,.tif,0.0006650075665675104
DRUSEN/143/011_Normal.tif,DRUSEN-143,test,DRUSEN,normal,OS,.tif,0.0006152676651254296
DRUSEN/143/012_Normal.tif,DRUSEN-143,test,DRUSEN,normal,OS,.tif,0.0005821230006404221
DRUSEN/143/013_Normal.tif,DRUSEN-143,test,DRUSEN,normal,OS,.tif,0.0006287438445724547
DRUSEN/143/014_Normal.tif,DRUSEN-143,test,DRUSEN,normal,OS,.tif,0.0005934105720371008
DRUSEN/143/015_Normal.tif,DRUSEN-143,test,DRUSEN,normal,OS,.tif,0.0005206075147725642
DRUSEN/143/016_Normal.tif,DRUSEN-143,test,DRUSEN,normal,OS,.tif,0.0005916771478950977
DRUSEN/143/017_Normal.tif,DRUSEN-143,test,DRUSEN,normal,OS,.tif,0.0005674526328220963
DRUSEN/143/018_Normal.tif,DRUSEN-143,test,DRUSEN,normal,OS,.tif,0.0005557576660066843
DRUSEN/143/019_Normal.tif,DRUSEN-143,test,DRUSEN,normal,OS,.tif,0.0005955388769507408
DRUSEN/143/020_Normal.tif,DRUSEN-143,test,DRUSEN,normal,OS,.tif,0.0006221379735507071
DRUSEN/143/021_Normal.tif,DRUSEN-143,test,DRUSEN,normal,OS,.tif,0.0005580569268204272
DRUSEN/143/022_Normal.tif,DRUSEN-143,test,DRUSEN,normal,OS,.tif,0.0005393712199293077
DRUSEN/143/023_Normal.tif,DRUSEN-143,test,DRUSEN,normal,OS,.tif,0.0006194036104716361
DRUSEN/143/024_Drusen.tif,DRUSEN-143,test,DRUSEN,drusen,OS,.tif,0.000563726993277669
DRUSEN/143/025_Drusen.tif,DRUSEN-143,test,DRUSEN,drusen,OS,.tif,0.0006086193025112152
DRUSEN/143/026_Drusen.tif,DRUSEN-143,test,DRUSEN,drusen,OS,.tif,0.0005514920339919627
DRUSEN/143/027_Drusen.tif,DRUSEN-143,test,DRUSEN,drusen,OS,.tif,0.0006256341584958136
DRUSEN/143/028_Drusen.tif,DRUSEN-143,test,DRUSEN,drusen,OS,.tif,0.000595684687141329
DRUSEN/143/029_Normal.tif,DRUSEN-143,test,DRUSEN,normal,OS,.tif,0.0006429531495086849
DRUSEN/143/030_Drusen.tif,DRUSEN-143,test,DRUSEN,drusen,OS,.tif,0.0006150122499093413
DRUSEN/146/000_Drusen.tif,DRUSEN-146,test,DRUSEN,drusen,OD,.tif,0.000983484904281795
DRUSEN/146/001_Drusen.tif,DRUSEN-146,test,DRUSEN,drusen,OD,.tif,0.0011527951573953032
DRUSEN/146/002_Drusen.tif,DRUSEN-146,test,DRUSEN,drusen,OD,.tif,0.0009912371169775724
DRUSEN/146/003_Drusen.tif,DRUSEN-146,test,DRUSEN,drusen,OD,.tif,0.0011735252337530255
DRUSEN/146/004_Drusen.tif,DRUSEN-146,test,DRUSEN,drusen,OD,.tif,0.0010812703985720873
DRUSEN/146/005_Normal.tif,DRUSEN-146,test,DRUSEN,normal,OD,.tif,0.0012036494445055723
DRUSEN/146/006_Drusen.tif,DRUSEN-146,test,DRUSEN,drusen,OD,.tif,0.0012558356393128633
DRUSEN/146/007_Normal.tif,DRUSEN-146,test,DRUSEN,normal,OD,.tif,0.0013304920867085457
DRUSEN/146/008_Drusen.tif,DRUSEN-146,test,DRUSEN,drusen,OD,.tif,0.001307650119997561
DRUSEN/146/009_Drusen.tif,DRUSEN-146,test,DRUSEN,drusen,OD,.tif,0.0013048144755885005
DRUSEN/146/010_Drusen.tif,DRUSEN-146,test,DRUSEN,drusen,OD,.tif,0.0012982587795704603
DRUSEN/146/011_Drusen.tif,DRUSEN-146,test,DRUSEN,drusen,OD,.tif,0.0012567376252263784
DRUSEN/146/012_Drusen.tif,DRUSEN-146,test,DRUSEN,drusen,OD,.tif,0.0012872989755123854
DRUSEN/146/013_Drusen.tif,DRUSEN-146,test,DRUSEN,drusen,OD,.tif,0.0013606451684609056
DRUSEN/146/014_Drusen.tif,DRUSEN-146,test,DRUSEN,drusen,OD,.tif,0.0014927885495126247
DRUSEN/146/015_Drusen.tif,DRUSEN-146,test,DRUSEN,drusen,OD,.tif,0.0013371887616813183
DRUSEN/146/016_Drusen.tif,DRUSEN-146,test,DRUSEN,drusen,OD,.tif,0.0014299139147624373
DRUSEN/146/017_Drusen.tif,DRUSEN-146,test,DRUSEN,drusen,OD,.tif,0.0014563235454261303
DRUSEN/146/018_Drusen.tif,DRUSEN-146,test,DRUSEN,drusen,OD,.tif,0.0015346151776611805
DRUSEN/146/019_Drusen.tif,DRUSEN-146,test,DRUSEN,drusen,OD,.tif,0.0014517796225845814
DRUSEN/146/020_Drusen.tif,DRUSEN-146,test,DRUSEN,drusen,OD,.tif,0.0015331859467551112
DRUSEN/146/021_Drusen.tif,DRUSEN-146,test,DRUSEN,drusen,OD,.tif,0.0016340600559487939
DRUSEN/146/022_Drusen.tif,DRUSEN-146,test,DRUSEN,drusen,OD,.tif,0.0017721786862239242
DRUSEN/146/023_Drusen.tif,DRUSEN-146,test,DRUSEN,drusen,OD,.tif,0.0017284032655879855
DRUSEN/146/024_Drusen.tif,DRUSEN-146,test,DRUSEN,drusen,OD,.tif,0.0016809789231047034
DRUSEN/146/025_Drusen.tif,DRUSEN-146,test,DRUSEN,drusen,OD,.tif,0.0016311189392581582
DRUSEN/146/026_Drusen.tif,DRUSEN-146,test,DRUSEN,drusen,OD,.tif,0.0017175455577671528
DRUSEN/146/027_Drusen.tif,DRUSEN-146,test,DRUSEN,drusen,OD,.tif,0.0014736528974026442
DRUSEN/146/028_Drusen.tif,DRUSEN-146,test,DRUSEN,drusen,OD,.tif,0.0013501307694241405
DRUSEN/146/029_Drusen.tif,DRUSEN-146,test,DRUSEN,drusen,OD,.tif,0.0012191786663606763
DRUSEN/146/030_Drusen.tif,DRUSEN-146,test,DRUSEN,drusen,OD,.tif,0.0011488260934129357
DRUSEN/147/000_Normal.tif,DRUSEN-147,test,DRUSEN,normal,OD,.tif,0.000707638100720942
DRUSEN/147/001_Normal.tif,DRUSEN-147,test,DRUSEN,normal,OD,.tif,0.0007280285935848951
DRUSEN/147/002_Normal.tif,DRUSEN-147,test,DRUSEN,normal,OD,.tif,0.0006819332484155893
DRUSEN/147/003_Normal.tif,DRUSEN-147,test,DRUSEN,normal,OD,.tif,0.0007620583055540919
DRUSEN/147/004_Normal.tif,DRUSEN-147,test,DRUSEN,normal,OD,.tif,0.0006824925658293068
DRUSEN/147/005_Normal.tif,DRUSEN-147,test,DRUSEN,normal,OD,.tif,0.0006248363060876727
DRUSEN/147/006_Normal.tif,DRUSEN-147,test,DRUSEN,normal,OD,.tif,0.0007431614794768393
DRUSEN/147/007_Normal.tif,DRUSEN-147,test,DRUSEN,normal,OD,.tif,0.0006887258496135473
DRUSEN/147/008_Drusen.tif,DRUSEN-147,test,DRUSEN,drusen,OD,.tif,0.000782238261308521
DRUSEN/147/009_Drusen.tif,DRUSEN-147,test,DRUSEN,drusen,OD,.tif,0.0008240123861469328
DRUSEN/147/010_Drusen.tif,DRUSEN-147,test,DRUSEN,drusen,OD,.tif,0.0007615478243678808
DRUSEN/147/011_Drusen.tif,DRUSEN-147,test,DRUSEN,drusen,OD,.tif,0.0007973659667186439
DRUSEN/147/012_Drusen.tif,DRUSEN-147,test,DRUSEN,drusen,OD,.tif,0.0008243020274676383
DRUSEN/147/013_Drusen.tif,DRUSEN-147,test,DRUSEN,drusen,OD,.tif,0.0007665418088436127
DRUSEN/147/014_Drusen.tif,DRUSEN-147,test,DRUSEN,drusen,OD,.tif,0.0008136035175994039
DRUSEN/147/015_Drusen.tif,DRUSEN-147,test,DRUSEN,drusen,OD,.tif,0.0007964844116941094
DRUSEN/147/016_Drusen.tif,DRUSEN-147,test,DRUSEN,drusen,OD,.tif,0.0008464016136713326
DRUSEN/147/017_Drusen.tif,DRUSEN-147,test,DRUSEN,drusen,OD,.tif,0.0008129696361720562
DRUSEN/147/018_Drusen.tif,DRUSEN-147,test,DRUSEN,drusen,OD,.tif,0.0007287465850822628
DRUSEN/147/019_Drusen.tif,DRUSEN-147,test,DRUSEN,drusen,OD,.tif,0.0008192576933652163
DRUSEN/147/020_Normal.tif,DRUSEN-147,test,DRUSEN,normal,OD,.tif,0.0007808395312167704
DRUSEN/147/021_Normal.tif,DRUSEN-147,test,DRUSEN,normal,OD,.tif,0.0007371128886006773
DRUSEN/147/022_Normal.tif,DRUSEN-147,test,DRUSEN,normal,OD,.tif,0.0008342069922946393
DRUSEN/147/023_Normal.tif,DRUSEN-147,test,DRUSEN,normal,OD,.tif,0.0009085234487429261
DRUSEN/147/024_Drusen.tif,DRUSEN-147,test,DRUSEN,drusen,OD,.tif,0.0008065412985160947
DRUSEN/147/025_Normal.tif,DRUSEN-147,test,DRUSEN,normal,OD,.tif,0.0008006563293747604
DRUSEN/147/026_Normal.tif,DRUSEN-147,test,DRUSEN,normal,OD,.tif,0.0006556906155310571
DRUSEN/147/027_Normal.tif,DRUSEN-147,test,DRUSEN,normal,OD,.tif,0.0007120341178961098
DRUSEN/147/028_Normal.tif,DRUSEN-147,test,DRUSEN,normal,OD,.tif,0.0006939122686162591
DRUSEN/147/029_Normal.tif,DRUSEN-147,test,DRUSEN,normal,OD,.tif,0.0007729250937700272
DRUSEN/147/030_Normal.tif,DRUSEN-147,test,DRUSEN,normal,OD,.tif,0.0007673504296690226
DRUSEN/150/000_Normal.tif,DRUSEN-150,test,DRUSEN,normal,OD,.tif,0.0007334629772230983
DRUSEN/150/001_Normal.tif,DRUSEN-150,test,DRUSEN,normal,OD,.tif,0.0009470187942497432
DRUSEN/150/002_Normal.tif,DRUSEN-150,test,DRUSEN,normal,OD,.tif,0.0010875589214265347
DRUSEN/150/003_Normal.tif,DRUSEN-150,test,DRUSEN,normal,OD,.tif,0.0012941793538630009
DRUSEN/150/004_Normal.tif,DRUSEN-150,test,DRUSEN,normal,OD,.tif,0.0011560448911041021
DRUSEN/150/005_Normal.tif,DRUSEN-150,test,DRUSEN,normal,OD,.tif,0.0012572217965498567
DRUSEN/150/006_Normal.tif,DRUSEN-150,test,DRUSEN,normal,OD,.tif,0.0012696738122031093
DRUSEN/150/007_Normal.tif,DRUSEN-150,test,DRUSEN,normal,OD,.tif,0.0015257160412147641
DRUSEN/150/008_Normal.tif,DRUSEN-150,test,DRUSEN,normal,OD,.tif,0.001556786592118442
DRUSEN/150/010_Drusen.tif,DRUSEN-150,test,DRUSEN,drusen,OD,.tif,0.0015384837752208114
DRUSEN/150/011_Drusen.tif,DRUSEN-150,test,DRUSEN,drusen,OD,.tif,0.0010042149806395173
DRUSEN/150/012_Drusen.tif,DRUSEN-150,test,DRUSEN,drusen,OD,.tif,0.0016750057693570852
DRUSEN/150/013_Drusen.tif,DRUSEN-150,test,DRUSEN,drusen,OD,.tif,0.00136753567494452
DRUSEN/150/014_Drusen.tif,DRUSEN-150,test,DRUSEN,drusen,OD,.tif,0.0015985685167834163
DRUSEN/150/015_Drusen.tif,DRUSEN-150,test,DRUSEN,drusen,OD,.tif,0.0013807476498186588
DRUSEN/150/016_Drusen.tif,DRUSEN-150,test,DRUSEN,drusen,OD,.tif,0.0013633633498102427
DRUSEN/150/017_Drusen.tif,DRUSEN-150,test,DRUSEN,drusen,OD,.tif,0.0014467070577666163
DRUSEN/150/018_Drusen.tif,DRUSEN-150,test,DRUSEN,drusen,OD,.tif,0.0013990687439218163
DRUSEN/150/019_Drusen.tif,DRUSEN-150,test,DRUSEN,drusen,OD,.tif,0.0013507914263755083
DRUSEN/150/020_Drusen.tif,DRUSEN-150,test,DRUSEN,drusen,OD,.tif,0.0011139459675177932
DRUSEN/150/021_Normal.tif,DRUSEN-150,test,DRUSEN,normal,OD,.tif,0.0010625290451571345
DRUSEN/150/022_Normal.tif,DRUSEN-150,test,DRUSEN,normal,OD,.tif,0.0011783494846895337
DRUSEN/150/023_Normal.tif,DRUSEN-150,test,DRUSEN,normal,OD,.tif,0.0012989892857149243
DRUSEN/150/024_Normal.tif,DRUSEN-150,test,DRUSEN,normal,OD,.tif,0.0012317686341702938
DRUSEN/150/025_Normal.tif,DRUSEN-150,test,DRUSEN,normal,OD,.tif,0.0011348435655236244
DRUSEN/150/026_Normal.tif,DRUSEN-150,test,DRUSEN,normal,OD,.tif,0.0010970627190545201
DRUSEN/150/027_Normal.tif,DRUSEN-150,test,DRUSEN,normal,OD,.tif,0.0009870534995570779
DRUSEN/150/028_Normal.tif,DRUSEN-150,test,DRUSEN,normal,OD,.tif,0.0010881744092330337
DRUSEN/150/029_Normal.tif,DRUSEN-150,test,DRUSEN,normal,OD,.tif,0.0011907066218554974
DRUSEN/150/030_Normal.tif,DRUSEN-150,test,DRUSEN,normal,OD,.tif,0.0011628788197413087
DRUSEN/152/000_Normal.tif,DRUSEN-152,test,DRUSEN,normal,OD,.tif,0.0015739266527816653
DRUSEN/152/001_Normal.tif,DRUSEN-152,test,DRUSEN,normal,OD,.tif,0.0011856855126097798
DRUSEN/152/002_Normal.tif,DRUSEN-152,test,DRUSEN,normal,OD,.tif,0.0014578055124729872
DRUSEN/152/003_Normal.tif,DRUSEN-152,test,DRUSEN,normal,OD,.tif,0.0015523722395300865
DRUSEN/152/004_Normal.tif,DRUSEN-152,test,DRUSEN,normal,OD,.tif,0.0016250786138698459
DRUSEN/152/005_Normal.tif,DRUSEN-152,test,DRUSEN,normal,OD,.tif,0.0015963042387738824
DRUSEN/152/006_Normal.tif,DRUSEN-152,test,DRUSEN,normal,OD,.tif,0.0015910925576463342
DRUSEN/152/007_Normal.tif,DRUSEN-152,test,DRUSEN,normal,OD,.tif,0.0015283034881576896
DRUSEN/152/008_Normal.tif,DRUSEN-152,test,DRUSEN,normal,OD,.tif,0.001707746647298336
DRUSEN/152/009_Normal.tif,DRUSEN-152,test,DRUSEN,normal,OD,.tif,0.0016260447446256876
DRUSEN/152/010_Normal.tif,DRUSEN-152,test,DRUSEN,normal,OD,.tif,0.0016809772932901978
DRUSEN/152/011_Normal.tif,DRUSEN-152,test,DRUSEN,normal,OD,.tif,0.0017064973944798112
DRUSEN/152/012_Drusen.tif,DRUSEN-152,test,DRUSEN,drusen,OD,.tif,0.0016707729082554579
DRUSEN/152/013_Drusen.tif,DRUSEN-152,test,DRUSEN,drusen,OD,.tif,0.0015535963466390967
DRUSEN/152/014_Drusen.tif,DRUSEN-152,test,DRUSEN,drusen,OD,.tif,0.0012948901858180761
DRUSEN/152/015_Drusen.tif,DRUSEN-152,test,DRUSEN,drusen,OD,.tif,0.001323992502875626
DRUSEN/152/016_Drusen.tif,DRUSEN-152,test,DRUSEN,drusen,OD,.tif,0.0010620674584060907
DRUSEN/152/017_Normal.tif,DRUSEN-152,test,DRUSEN,normal,OD,.tif,0.0012007236946374178
DRUSEN/152/018_Normal.tif,DRUSEN-152,test,DRUSEN,normal,OD,.tif,0.0010866780066862702
DRUSEN/152/019_Normal.tif,DRUSEN-152,test,DRUSEN,normal,OD,.tif,0.0010567178251221776
DRUSEN/152/020_Normal.tif,DRUSEN-152,test,DRUSEN,normal,OD,.tif,0.0010780699085444212
DRUSEN/152/021_Normal.tif,DRUSEN-152,test,DRUSEN,normal,OD,.tif,0.0011024264385923743
DRUSEN/152/022_Normal.tif,DRUSEN-152,test,DRUSEN,normal,OD,.tif,0.0011411703890189528
DRUSEN/152/023_Normal.tif,DRUSEN-152,test,DRUSEN,normal,OD,.tif,0.001335851033218205
DRUSEN/152/024_Normal.tif,DRUSEN-152,test,DRUSEN,normal,OD,.tif,0.0014925366267561913
DRUSEN/152/025_Normal.tif,DRUSEN-152,test,DRUSEN,normal,OD,.tif,0.001387380645610392
DRUSEN/152/026_Normal.tif,DRUSEN-152,test,DRUSEN,normal,OD,.tif,0.0010703422594815493
DRUSEN/152/027_Normal.tif,DRUSEN-152,test,DRUSEN,normal,OD,.tif,0.0011085631558671594
DRUSEN/152/028_Normal.tif,DRUSEN-152,test,DRUSEN,normal,OD,.tif,0.001092298305593431
DRUSEN/152/029_Normal.tif,DRUSEN-152,test,DRUSEN,normal,OD,.tif,0.0010029708500951529
DRUSEN/152/030_Normal.tif,DRUSEN-152,test,DRUSEN,normal,OD,.tif,0.0011388673447072506
DRUSEN/154/000_Drusen.tif,DRUSEN-154,test,DRUSEN,drusen,OD,.tif,0.00112920964602381
DRUSEN/154/001_Drusen.tif,DRUSEN-154,test,DRUSEN,drusen,OD,.tif,0.001419821404851973
DRUSEN/154/002_Drusen.tif,DRUSEN-154,test,DRUSEN,drusen,OD,.tif,0.001145240617915988
DRUSEN/154/003_Drusen.tif,DRUSEN-154,test,DRUSEN,drusen,OD,.tif,0.0011385978432372212
DRUSEN/154/004_Drusen.tif,DRUSEN-154,test,DRUSEN,drusen,OD,.tif,0.001418372499756515
DRUSEN/154/005_Drusen.tif,DRUSEN-154,test,DRUSEN,drusen,OD,.tif,0.0019684918224811554
DRUSEN/154/006_Drusen.tif,DRUSEN-154,test,DRUSEN,drusen,OD,.tif,0.0019093258306384087
DRUSEN/154/007_Drusen.tif,DRUSEN-154,test,DRUSEN,drusen,OD,.tif,0.0011838965583592653
DRUSEN/154/008_Drusen.tif,DRUSEN-154,test,DRUSEN,drusen,OD,.tif,0.0009962774347513914
DRUSEN/154/009_Drusen.tif,DRUSEN-154,test,DRUSEN,drusen,OD,.tif,0.0005412643658928573
DRUSEN/154/010_Drusen.tif,DRUSEN-154,test,DRUSEN,drusen,OD,.tif,0.001075930311344564
DRUSEN/154/011_Drusen.tif,DRUSEN-154,test,DRUSEN,drusen,OD,.tif,0.000879721948876977
DRUSEN/154/012_Drusen.tif,DRUSEN-154,test,DRUSEN,drusen,OD,.tif,0.0010649184696376324
DRUSEN/154/013_Drusen.tif,DRUSEN-154,test,DRUSEN,drusen,OD,.tif,0.0007720579742453992
DRUSEN/154/014_Drusen.tif,DRUSEN-154,test,DRUSEN,drusen,OD,.tif,0.000929187226574868
DRUSEN/154/015_Drusen.tif,DRUSEN-154,test,DRUSEN,drusen,OD,.tif,0.0010798830771818757
DRUSEN/154/016_Drusen.tif,DRUSEN-154,test,DRUSEN,drusen,OD,.tif,0.001021908363327384
DRUSEN/154/017_Drusen.tif,DRUSEN-154,test,DRUSEN,drusen,OD,.tif,0.000807314005214721
DRUSEN/154/018_Drusen.tif,DRUSEN-154,test,DRUSEN,drusen,OD,.tif,0.0007193415076471865
DRUSEN/154/019_Drusen.tif,DRUSEN-154,test,DRUSEN,drusen,OD,.tif,0.0010059947380796075
DRUSEN/154/020_Drusen.tif,DRUSEN-154,test,DRUSEN,drusen,OD,.tif,0.0012857710244134068
DRUSEN/154/021_Drusen.tif,DRUSEN-154,test,DRUSEN,drusen,OD,.tif,0.0014467044966295362
DRUSEN/154/022_Drusen.tif,DRUSEN-154,test,DRUSEN,drusen,OD,.tif,0.0013418844901025295
DRUSEN/154/023_Drusen.tif,DRUSEN-154,test,DRUSEN,drusen,OD,.tif,0.001211768132634461
DRUSEN/154/024_Drusen.tif,DRUSEN-154,test,DRUSEN,drusen,OD,.tif,0.0011727925157174468
DRUSEN/154/025_Drusen.tif,DRUSEN-154,test,DRUSEN,drusen,OD,.tif,0.001101998146623373
DRUSEN/154/026_Drusen.tif,DRUSEN-154,test,DRUSEN,drusen,OD,.tif,0.0008612101664766669
DRUSEN/154/027_Drusen.tif,DRUSEN-154,test,DRUSEN,drusen,OD,.tif,0.0012722006067633629
DRUSEN/154/028_Drusen.tif,DRUSEN-154,test,DRUSEN,drusen,OD,.tif,0.0009478047722950578
DRUSEN/154/029_Drusen.tif,DRUSEN-154,test,DRUSEN,drusen,OD,.tif,0.0008631235687062144
DRUSEN/154/030_Drusen.tif,DRUSEN-154,test,DRUSEN,drusen,OD,.tif,0.0007811170071363449
DRUSEN/155/000_Normal.tif,DRUSEN-155,test,DRUSEN,normal,OD,.tif,0.000537009269464761
DRUSEN/155/001_Normal.tif,DRUSEN-155,test,DRUSEN,normal,OD,.tif,0.0005661477916873991
DRUSEN/155/002_Normal.tif,DRUSEN-155,test,DRUSEN,normal,OD,.tif,0.0005508648464456201
DRUSEN/155/003_Normal.tif,DRUSEN-155,test,DRUSEN,normal,OD,.tif,0.0005639975424855947
DRUSEN/155/004_Normal.tif,DRUSEN-155,test,DRUSEN,normal,OD,.tif,0.0006853760569356382
DRUSEN/155/005_Normal.tif,DRUSEN-155,test,DRUSEN,normal,OD,.tif,0.0006265935371629894
DRUSEN/155/006_Normal.tif,DRUSEN-155,test,DRUSEN,normal,OD,.tif,0.0006283957045525312
DRUSEN/155/007_Normal.tif,DRUSEN-155,test,DRUSEN,normal,OD,.tif,0.0006140756886452436
DRUSEN/155/008_Normal.tif,DRUSEN-155,test,DRUSEN,normal,OD,.tif,0.0004986508283764124
DRUSEN/155/009_Normal.tif,DRUSEN-155,test,DRUSEN,normal,OD,.tif,0.0005802864325232804
DRUSEN/155/010_Normal.tif,DRUSEN-155,test,DRUSEN,normal,OD,.tif,0.0006009697099216282
DRUSEN/155/011_Normal.tif,DRUSEN-155,test,DRUSEN,normal,OD,.tif,0.0005568643100559711
DRUSEN/155/012_Normal.tif,DRUSEN-155,test,DRUSEN,normal,OD,.tif,0.0005804052925668657
DRUSEN/155/013_Normal.tif,DRUSEN-155,test,DRUSEN,normal,OD,.tif,0.0005777304177172482
DRUSEN/155/014_Drusen.tif,DRUSEN-155,test,DRUSEN,drusen,OD,.tif,0.0005756319733336568
DRUSEN/155/015_Drusen.tif,DRUSEN-155,test,DRUSEN,drusen,OD,.tif,0.0005567159387283027
DRUSEN/155/016_Drusen.tif,DRUSEN-155,test,DRUSEN,drusen,OD,.tif,0.0004950888105668128
DRUSEN/155/017_Normal.tif,DRUSEN-155,test,DRUSEN,normal,OD,.tif,0.000571278971619904
DRUSEN/155/018_Drusen.tif,DRUSEN-155,test,DRUSEN,drusen,OD,.tif,0.0005245152278803289
DRUSEN/155/019_Drusen.tif,DRUSEN-155,test,DRUSEN,drusen,OD,.tif,0.0005826529231853783
DRUSEN/155/020_Drusen.tif,DRUSEN-155,test,DRUSEN,drusen,OD,.tif,0.0005027960287407041
DRUSEN/155/021_Drusen.tif,DRUSEN-155,test,DRUSEN,drusen,OD,.tif,0.0005386957200244069
DRUSEN/155/022_Drusen.tif,DRUSEN-155,test,DRUSEN,drusen,OD,.tif,0.0006709389272145927
DRUSEN/155/023_Drusen.tif,DRUSEN-155,test,DRUSEN,drusen,OD,.tif,0.0006505486671812832
DRUSEN/155/024_Drusen.tif,DRUSEN-155,test,DRUSEN,drusen,OD,.tif,0.0007445751107297838
DRUSEN/155/025_Drusen.tif,DRUSEN-155,test,DRUSEN,drusen,OD,.tif,0.0006109000532887876
DRUSEN/155/026_Drusen.tif,DRUSEN-155,test,DRUSEN,drusen,OD,.tif,0.0006360512343235314
DRUSEN/155/027_Drusen.tif,DRUSEN-155,test,DRUSEN,drusen,OD,.tif,0.0006081239553168416
DRUSEN/155/028_Drusen.tif,DRUSEN-155,test,DRUSEN,drusen,OD,.tif,0.0005967573379166424
DRUSEN/155/029_Drusen.tif,DRUSEN-155,test,DRUSEN,drusen,OD,.tif,0.0005940855480730534
DRUSEN/155/030_Drusen.tif,DRUSEN-155,test,DRUSEN,drusen,OD,.tif,0.0005113144288770854
DRUSEN/156/000_Drusen.tif,DRUSEN-156,test,DRUSEN,drusen,OD,.tif,0.0006999130127951503
DRUSEN/156/001_Normal.tif,DRUSEN-156,test,DRUSEN,normal,OD,.tif,0.0010315675754100084
DRUSEN/156/002_Normal.tif,DRUSEN-156,test,DRUSEN,normal,OD,.tif,0.0009531741961836815
DRUSEN/156/003_Normal.tif,DRUSEN-156,test,DRUSEN,normal,OD,.tif,0.0008331091376021504
DRUSEN/156/004_Drusen.tif,DRUSEN-156,test,DRUSEN,drusen,OD,.tif,0.0009259408689104021
DRUSEN/156/005_Drusen.tif,DRUSEN-156,test,DRUSEN,drusen,OD,.tif,0.0010664750589057803
DRUSEN/156/006_Drusen.tif,DRUSEN-156,test,DRUSEN,drusen,OD,.tif,0.0011986329918727279
DRUSEN/156/007_Drusen.tif,DRUSEN-156,test,DRUSEN,drusen,OD,.tif,0.001482687657698989
DRUSEN/156/008_Drusen.tif,DRUSEN-156,test,DRUSEN,drusen,OD,.tif,0.001067565637640655
DRUSEN/156/009_Drusen.tif,DRUSEN-156,test,DRUSEN,drusen,OD,.tif,0.0008042376721277833
DRUSEN/156/010_Drusen.tif,DRUSEN-156,test,DRUSEN,drusen,OD,.tif,0.0008808807469904423
DRUSEN/156/011_Drusen.tif,DRUSEN-156,test,DRUSEN,drusen,OD,.tif,0.0007858384633436799
DRUSEN/156/012_Drusen.tif,DRUSEN-156,test,DRUSEN,drusen,OD,.tif,0.0007831539842300117
DRUSEN/156/013_Drusen.tif,DRUSEN-156,test,DRUSEN,drusen,OD,.tif,0.0008303938084281981
DRUSEN/156/014_Drusen.tif,DRUSEN-156,test,DRUSEN,drusen,OD,.tif,0.0009248280548490584
DRUSEN/156/015_Drusen.tif,DRUSEN-156,test,DRUSEN,drusen,OD,.tif,0.0010767156491056085
DRUSEN/156/016_Drusen.tif,DRUSEN-156,test,DRUSEN,drusen,OD,.tif,0.0010747166816145182
DRUSEN/156/017_Drusen.tif,DRUSEN-156,test,DRUSEN,drusen,OD,.tif,0.0010194574715569615
DRUSEN/156/018_Drusen.tif,DRUSEN-156,test,DRUSEN,drusen,OD,.tif,0.0006372684147208929
DRUSEN/156/019_Drusen.tif,DRUSEN-156,test,DRUSEN,drusen,OD,.tif,0.0006643352680839598
DRUSEN/156/020_Drusen.tif,DRUSEN-156,test,DRUSEN,drusen,OD,.tif,0.0005802825326099992
DRUSEN/156/021_Drusen.tif,DRUSEN-156,test,DRUSEN,drusen,OD,.tif,0.0005887171719223261
DRUSEN/156/022_Drusen.tif,DRUSEN-156,test,DRUSEN,drusen,OD,.tif,0.0006084693595767021
DRUSEN/156/023_Drusen.tif,DRUSEN-156,test,DRUSEN,drusen,OD,.tif,0.00054865115089342
DRUSEN/156/024_Drusen.tif,DRUSEN-156,test,DRUSEN,drusen,OD,.tif,0.0005209816736169159
DRUSEN/156/025_Drusen.tif,DRUSEN-156,test,DRUSEN,drusen,OD,.tif,0.0008193503017537296
DRUSEN/156/026_Drusen.tif,DRUSEN-156,test,DRUSEN,drusen,OD,.tif,0.0005688852979801595
DRUSEN/156/027_Drusen.tif,DRUSEN-156,test,DRUSEN,drusen,OD,.tif,0.0005769641138613224
DRUSEN/156/028_Drusen.tif,DRUSEN-156,test,DRUSEN,drusen,OD,.tif,0.0006116452859714627
DRUSEN/156/029_Drusen.tif,DRUSEN-156,test,DRUSEN,drusen,OD,.tif,0.0008306337404064834
DRUSEN/156/030_Drusen.tif,DRUSEN-156,test,DRUSEN,drusen,OD,.tif,0.0007959746872074902
NORMAL/9/000_Normal.jpg,NORMAL-009,test,NORMAL,normal,OD,.jpg,0.0011189080541953444
NORMAL/9/001_Normal.jpg,NORMAL-009,test,NORMAL,normal,OD,.jpg,0.001380094327032566
NORMAL/9/002_Normal.jpg,NORMAL-009,test,NORMAL,normal,OD,.jpg,0.0013250714400783181
NORMAL/9/003_Normal.jpg,NORMAL-009,test,NORMAL,normal,OD,.jpg,0.0012095993151888251
NORMAL/9/004_Normal.jpg,NORMAL-009,test,NORMAL,normal,OD,.jpg,0.0011360910721123219
NORMAL/9/005_Normal.jpg,NORMAL-009,test,NORMAL,normal,OD,.jpg,0.0010968801798298955
NORMAL/9/006_Normal.jpg,NORMAL-009,test,NORMAL,normal,OD,.jpg,0.0010574988555163145
NORMAL/9/007_Normal.jpg,NORMAL-009,test,NORMAL,normal,OD,.jpg,0.0010459702461957932
NORMAL/9/008_Normal.jpg,NORMAL-009,test,NORMAL,normal,OD,.jpg,0.0011114533990621567
NORMAL/9/009_Normal.jpg,NORMAL-009,test,NORMAL,normal,OD,.jpg,0.001166898407973349
NORMAL/9/010_Normal.jpg,NORMAL-009,test,NORMAL,normal,OD,.jpg,0.0010956801706925035
NORMAL/9/011_Normal.jpg,NORMAL-009,test,NORMAL,normal,OD,.jpg,0.001086160191334784
NORMAL/9/012_Normal.jpg,NORMAL-009,test,NORMAL,normal,OD,.jpg,0.00121517654042691
NORMAL/9/013_Normal.jpg,NORMAL-009,test,NORMAL,normal,OD,.jpg,0.0012388493632897735
NORMAL/9/014_Normal.jpg,NORMAL-009,test,NORMAL,normal,OD,.jpg,0.0011296638986095786
NORMAL/9/015_Normal.jpg,NORMAL-009,test,NORMAL,normal,OD,.jpg,0.0012468270724639297
NORMAL/9/016_Normal.jpg,NORMAL-009,test,NORMAL,normal,OD,.jpg,0.0012180596822872758
NORMAL/9/017_Normal.jpg,NORMAL-009,test,NORMAL,normal,OD,.jpg,0.0011387725826352835
NORMAL/9/018_Normal.jpg,NORMAL-009,test,NORMAL,normal,OD,.jpg,0.001160751678980887
NORMAL/9/019_Normal.jpg,NORMAL-009,test,NORMAL,normal,OD,.jpg,0.0011586708715185523
NORMAL/9/020_Normal.jpg,NORMAL-009,test,NORMAL,normal,OD,.jpg,0.0011768381809815764
NORMAL/9/021_Normal.jpg,NORMAL-009,test,NORMAL,normal,OD,.jpg,0.0011589706409722567
NORMAL/9/022_Normal.jpg,NORMAL-009,test,NORMAL,normal,OD,.jpg,0.0011030187597498298
NORMAL/9/023_Normal.jpg,NORMAL-009,test,NORMAL,normal,OD,.jpg,0.0010611717589199543
NORMAL/9/024_Normal.jpg,NORMAL-009,test,NORMAL,normal,OD,.jpg,0.0009819784900173545
NORMAL/9/025_Normal.jpg,NORMAL-009,test,NORMAL,normal,OD,.jpg,0.0008838321082293987
NORMAL/9/026_Normal.jpg,NORMAL-009,test,NORMAL,normal,OD,.jpg,0.0008919445681385696
NORMAL/9/027_Normal.jpg,NORMAL-009,test,NORMAL,normal,OD,.jpg,0.0008886842406354845
NORMAL/9/028_Normal.jpg,NORMAL-009,test,NORMAL,normal,OD,.jpg,0.0011719079921022058
NORMAL/9/029_Normal.jpg,NORMAL-009,test,NORMAL,normal,OD,.jpg,0.0011247870279476047
NORMAL/9/030_Normal.jpg,NORMAL-009,test,NORMAL,normal,OD,.jpg,0.0012522845063358545
NORMAL/13/000_Normal.jpg,NORMAL-013,test,NORMAL,normal,OD,.jpg,0.0023179270792752504
NORMAL/13/001_Normal.jpg,NORMAL-013,test,NORMAL,normal,OD,.jpg,0.001735641504637897
NORMAL/13/002_Normal.jpg,NORMAL-013,test,NORMAL,normal,OD,.jpg,0.0019794893451035023
NORMAL/13/003_Normal.jpg,NORMAL-013,test,NORMAL,normal,OD,.jpg,0.0019619206432253122
NORMAL/13/004_Normal.jpg,NORMAL-013,test,NORMAL,normal,OD,.jpg,0.0020245842169970274
NORMAL/13/005_Normal.jpg,NORMAL-013,test,NORMAL,normal,OD,.jpg,0.002096314448863268
NORMAL/13/006_Normal.jpg,NORMAL-013,test,NORMAL,normal,OD,.jpg,0.0018852166831493378
NORMAL/13/007_Normal.jpg,NORMAL-013,test,NORMAL,normal,OD,.jpg,0.0019034382421523333
NORMAL/13/008_Normal.jpg,NORMAL-013,test,NORMAL,normal,OD,.jpg,0.0013871329138055444
NORMAL/13/009_Normal.jpg,NORMAL-013,test,NORMAL,normal,OD,.jpg,0.001821416080929339
NORMAL/13/010_Normal.jpg,NORMAL-013,test,NORMAL,normal,OD,.jpg,0.0014987483154982328
NORMAL/13/011_Normal.jpg,NORMAL-013,test,NORMAL,normal,OD,.jpg,0.00171350606251508
NORMAL/13/012_Normal.jpg,NORMAL-013,test,NORMAL,normal,OD,.jpg,0.0017467280849814415
NORMAL/13/013_Normal.jpg,NORMAL-013,test,NORMAL,normal,OD,.jpg,0.0015961135504767299
NORMAL/13/014_Normal.jpg,NORMAL-013,test,NORMAL,normal,OD,.jpg,0.0012203335063531995
NORMAL/13/015_Normal.jpg,NORMAL-013,test,NORMAL,normal,OD,.jpg,0.0012072314275428653
NORMAL/13/016_Normal.jpg,NORMAL-013,test,NORMAL,normal,OD,.jpg,0.0012431216891855001
NORMAL/13/017_Normal.jpg,NORMAL-013,test,NORMAL,normal,OD,.jpg,0.0011655004927888513
NORMAL/13/018_Normal.jpg,NORMAL-013,test,NORMAL,normal,OD,.jpg,0.0012574461288750172
NORMAL/13/019_Normal.jpg,NORMAL-013,test,NORMAL,normal,OD,.jpg,0.0012344792485237122
NORMAL/13/020_Normal.jpg,NORMAL-013,test,NORMAL,normal,OD,.jpg,0.0011658909497782588
NORMAL/13/021_Normal.jpg,NORMAL-013,test,NORMAL,normal,OD,.jpg,0.0013241083361208439
NORMAL/13/022_Normal.jpg,NORMAL-013,test,NORMAL,normal,OD,.jpg,0.0014038252411410213
NORMAL/13/023_Normal.jpg,NORMAL-013,test,NORMAL,normal,OD,.jpg,0.001248789019882679
NORMAL/13/024_Normal.jpg,NORMAL-013,test,NORMAL,normal,OD,.jpg,0.0011482115369290113
NORMAL/13/025_Normal.jpg,NORMAL-013,test,NORMAL,normal,OD,.jpg,0.0011389992432668805
NORMAL/13/026_Normal.jpg,NORMAL-013,test,NORMAL,normal,OD,.jpg,0.001272616209462285
NORMAL/13/027_Normal.jpg,NORMAL-013,test,NORMAL,normal,OD,.jpg,0.0011359400814399123
NORMAL/13/028_Normal.jpg,NORMAL-013,test,NORMAL,normal,OD,.jpg,0.0012944898335263133
NORMAL/13/029_Normal.jpg,NORMAL-013,test,NORMAL,normal,OD,.jpg,0.001076370943337679
NORMAL/13/030_Normal.jpg,NORMAL-013,test,NORMAL,normal,OD,.jpg,0.0009731189929880202
NORMAL/14/OD/000_Normal.jpg,NORMAL-014,test,NORMAL,normal,OD,.jpg,0.0008349564159289002
NORMAL/14/OD/001_Normal.jpg,NORMAL-014,test,NORMAL,normal,OD,.jpg,0.0007601544493809342
NORMAL/14/OD/002_Normal.jpg,NORMAL-014,test,NORMAL,normal,OD,.jpg,0.0006656502955593169
NORMAL/14/OD/003_Normal.jpg,NORMAL-014,test,NORMAL,normal,OD,.jpg,0.0007868252578191459
NORMAL/14/OD/004_Normal.jpg,NORMAL-014,test,NORMAL,normal,OD,.jpg,0.0008592243539169431
NORMAL/14/OD/005_Normal.jpg,NORMAL-014,test,NORMAL,normal,OD,.jpg,0.0008217049180530012
NORMAL/14/OD/006_Normal.jpg,NORMAL-014,test,NORMAL,normal,OD,.jpg,0.0007870403933338821
NORMAL/14/OD/007_Normal.jpg,NORMAL-014,test,NORMAL,normal,OD,.jpg,0.0007746065384708345
NORMAL/14/OD/008_Normal.jpg,NORMAL-014,test,NORMAL,normal,OD,.jpg,0.0008040045504458249
NORMAL/14/OD/009_Normal.jpg,NORMAL-014,test,NORMAL,normal,OD,.jpg,0.0008031167089939117
NORMAL/14/OD/010_Normal.jpg,NORMAL-014,test,NORMAL,normal,OD,.jpg,0.0008826082921586931
NORMAL/14/OD/011_Normal.jpg,NORMAL-014,test,NORMAL,normal,OD,.jpg,0.0008476091898046434
NORMAL/14/OD/012_Normal.jpg,NORMAL-014,test,NORMAL,normal,OD,.jpg,0.0007780473679304123
NORMAL/14/OD/013_Normal.jpg,NORMAL-014,test,NORMAL,normal,OD,.jpg,0.0007665359298698604
NORMAL/14/OD/014_Normal.jpg,NORMAL-014,test,NORMAL,normal,OD,.jpg,0.0007110306178219616
NORMAL/14/OD/015_Normal.jpg,NORMAL-014,test,NORMAL,normal,OD,.jpg,0.0007532272138632834
NORMAL/14/OD/016_Normal.jpg,NORMAL-014,test,NORMAL,normal,OD,.jpg,0.0006876604165881872
NORMAL/14/OD/017_Normal.jpg,NORMAL-014,test,NORMAL,normal,OD,.jpg,0.0007473977748304605
NORMAL/14/OD/018_Normal.jpg,NORMAL-014,test,NORMAL,normal,OD,.jpg,0.0007755027618259192
NORMAL/14/OD/019_Normal.jpg,NORMAL-014,test,NORMAL,normal,OD,.jpg,0.0007952236919663846
NORMAL/14/OD/020_Normal.jpg,NORMAL-014,test,NORMAL,normal,OD,.jpg,0.0007619111565873027
NORMAL/14/OD/021_Normal.jpg,NORMAL-014,test,NORMAL,normal,OD,.jpg,0.0008388737915083766
NORMAL/14/OD/022_Normal.jpg,NORMAL-014,test,NORMAL,normal,OD,.jpg,0.0008056829101406038
NORMAL/14/OD/023_Normal.jpg,NORMAL-014,test,NORMAL,normal,OD,.jpg,0.0008142688311636448
NORMAL/14/OD/024_Normal.jpg,NORMAL-014,test,NORMAL,normal,OD,.jpg,0.0007889187545515597
NORMAL/14/OD/025_Normal.jpg,NORMAL-014,test,NORMAL,normal,OD,.jpg,0.0008364467066712677
NORMAL/14/OD/026_Normal.jpg,NORMAL-014,test,NORMAL,normal,OD,.jpg,0.0008296847809106112
NORMAL/14/OD/027_Normal.jpg,NORMAL-014,test,NORMAL,normal,OD,.jpg,0.0007993569597601891
NORMAL/14/OD/028_Normal.jpg,NORMAL-014,test,NORMAL,normal,OD,.jpg,0.0007386369397863746
NORMAL/14/OD/029_Normal.jpg,NORMAL-014,test,NORMAL,normal,OD,.jpg,0.0006997790187597275
NORMAL/14/OD/030_Normal.jpg,NORMAL-014,test,NORMAL,normal,OD,.jpg,0.0007492717122659087
NORMAL/14/OS/000_Normal.jpg,NORMAL-014,test,NORMAL,normal,OS,.jpg,0.000998500152491033
NORMAL/14/OS/001_Normal.jpg,NORMAL-014,test,NORMAL,normal,OS,.jpg,0.0010964050889015198
NORMAL/14/OS/002_Normal.jpg,NORMAL-014,test,NORMAL,normal,OS,.jpg,0.0009836250683292747
NORMAL/14/OS/003_Normal.jpg,NORMAL-014,test,NORMAL,normal,OS,.jpg,0.0012947117211297154
NORMAL/14/OS/004_Normal.jpg,NORMAL-014,test,NORMAL,normal,OS,.jpg,0.001278402516618371
NORMAL/14/OS/005_Normal.jpg,NORMAL-014,test,NORMAL,normal,OS,.jpg,0.0011899754172191024
NORMAL/14/OS/006_Normal.jpg,NORMAL-014,test,NORMAL,normal,OS,.jpg,0.001370076322928071
NORMAL/14/OS/007_Normal.jpg,NORMAL-014,test,NORMAL,normal,OS,.jpg,0.0013771266676485538
NORMAL/14/OS/008_Normal.jpg,NORMAL-014,test,NORMAL,normal,OS,.jpg,0.001447618706151843
NORMAL/14/OS/009_Normal.jpg,NORMAL-014,test,NORMAL,normal,OS,.jpg,0.0015678283525630832
NORMAL/14/OS/010_Normal.jpg,NORMAL-014,test,NORMAL,normal,OS,.jpg,0.0016222256235778332
NORMAL/14/OS/011_Normal.jpg,NORMAL-014,test,NORMAL,normal,OS,.jpg,0.0015392717905342579
NORMAL/14/OS/012_Normal.jpg,NORMAL-014,test,NORMAL,normal,OS,.jpg,0.0013804052723571658
NORMAL/14/OS/013_Normal.jpg,NORMAL-014,test,NORMAL,normal,OS,.jpg,0.0014775653835386038
NORMAL/14/OS/014_Normal.jpg,NORMAL-014,test,NORMAL,normal,OS,.jpg,0.0013837830629199743
NORMAL/14/OS/015_Normal.jpg,NORMAL-014,test,NORMAL,normal,OS,.jpg,0.001531527959741652
NORMAL/14/OS/016_Normal.jpg,NORMAL-014,test,NORMAL,normal,OS,.jpg,0.0015922433231025934
NORMAL/14/OS/017_Normal.jpg,NORMAL-014,test,NORMAL,normal,OS,.jpg,0.001600844319909811
NORMAL/14/OS/018_Normal.jpg,NORMAL-014,test,NORMAL,normal,OS,.jpg,0.0015177708119153976
NORMAL/14/OS/019_Normal.jpg,NORMAL-014,test,NORMAL,normal,OS,.jpg,0.0016282956348732114
NORMAL/14/OS/020_Normal.jpg,NORMAL-014,test,NORMAL,normal,OS,.jpg,0.001772608608007431
NORMAL/14/OS/021_Normal.jpg,NORMAL-014,test,NORMAL,normal,OS,.jpg,0.0016523678787052631
NORMAL/14/OS/022_Normal.jpg,NORMAL-014,test,NORMAL,normal,OS,.jpg,0.0016454827273264527
NORMAL/14/OS/023_Normal.jpg,NORMAL-014,test,NORMAL,normal,OS,.jpg,0.0017604946624487638
NORMAL/14/OS/024_Normal.jpg,NORMAL-014,test,NORMAL,normal,OS,.jpg,0.0015746322460472584
NORMAL/14/OS/025_Normal.jpg,NORMAL-014,test,NORMAL,normal,OS,.jpg,0.00153791019693017
NORMAL/14/OS/026_Normal.jpg,NORMAL-014,test,NORMAL,normal,OS,.jpg,0.001658890163525939
NORMAL/14/OS/027_Normal.jpg,NORMAL-014,test,NORMAL,normal,OS,.jpg,0.0012696036137640476
NORMAL/14/OS/028_Normal.jpg,NORMAL-014,test,NORMAL,normal,OS,.jpg,0.001378534478135407
NORMAL/14/OS/029_Normal.jpg,NORMAL-014,test,NORMAL,normal,OS,.jpg,0.0014500252436846495
NORMAL/14/OS/030_Normal.jpg,NORMAL-014,test,NORMAL,normal,OS,.jpg,0.001367830322124064
NORMAL/15/OD/000_Normal.jpg,NORMAL-015,test,NORMAL,normal,OD,.jpg,0.0009890644578263164
NORMAL/15/OD/001_Normal.jpg,NORMAL-015,test,NORMAL,normal,OD,.jpg,0.0009155211155302823
NORMAL/15/OD/002_Normal.jpg,NORMAL-015,test,NORMAL,normal,OD,.jpg,0.0009066184284165502
NORMAL/15/OD/003_Normal.jpg,NORMAL-015,test,NORMAL,normal,OD,.jpg,0.0009998598834499717
NORMAL/15/OD/004_Normal.jpg,NORMAL-015,test,NORMAL,normal,OD,.jpg,0.0010514850728213787
NORMAL/15/OD/005_Normal.jpg,NORMAL-015,test,NORMAL,normal,OD,.jpg,0.0010755449766293168
NORMAL/15/OD/006_Normal.jpg,NORMAL-015,test,NORMAL,normal,OD,.jpg,0.0011025748681277037
NORMAL/15/OD/007_Normal.jpg,NORMAL-015,test,NORMAL,normal,OD,.jpg,0.001087356242351234
NORMAL/15/OD/008_Normal.jpg,NORMAL-015,test,NORMAL,normal,OD,.jpg,0.001022907323203981
NORMAL/15/OD/009_Normal.jpg,NORMAL-015,test,NORMAL,normal,OD,.jpg,0.0010274284286424518
NORMAL/15/OD/010_Normal.jpg,NORMAL-015,test,NORMAL,normal,OD,.jpg,0.0011181001318618655
NORMAL/15/OD/011_Normal.jpg,NORMAL-015,test,NORMAL,normal,OD,.jpg,0.0010680891573429108
NORMAL/15/OD/012_Normal.jpg,NORMAL-015,test,NORMAL,normal,OD,.jpg,0.0009810501942411065
NORMAL/15/OD/013_Normal.jpg,NORMAL-015,test,NORMAL,normal,OD,.jpg,0.000978022231720388
NORMAL/15/OD/014_Normal.jpg,NORMAL-015,test,NORMAL,normal,OD,.jpg,0.0008622313616797328
NORMAL/15/OD/015_Normal.jpg,NORMAL-015,test,NORMAL,normal,OD,.jpg,0.0008630988886579871
NORMAL/15/OD/016_Normal.jpg,NORMAL-015,test,NORMAL,normal,OD,.jpg,0.0008886109571903944
NORMAL/15/OD/017_Normal.jpg,NORMAL-015,test,NORMAL,normal,OD,.jpg,0.0009075006237253547
NORMAL/15/OD/018_Normal.jpg,NORMAL-015,test,NORMAL,normal,OD,.jpg,0.0008303606300614774
NORMAL/15/OD/019_Normal.jpg,NORMAL-015,test,NORMAL,normal,OD,.jpg,0.0008893884369172156
NORMAL/15/OD/020_Normal.jpg,NORMAL-015,test,NORMAL,normal,OD,.jpg,0.0008832507883198559
NORMAL/15/OD/021_Normal.jpg,NORMAL-015,test,NORMAL,normal,OD,.jpg,0.0009266749839298427
NORMAL/15/OD/022_Normal.jpg,NORMAL-015,test,NORMAL,normal,OD,.jpg,0.0008966625900939107
NORMAL/15/OD/023_Normal.jpg,NORMAL-015,test,NORMAL,normal,OD,.jpg,0.0010765993501991034
NORMAL/15/OD/024_Normal.jpg,NORMAL-015,test,NORMAL,normal,OD,.jpg,0.0010470564011484385
NORMAL/15/OD/025_Normal.jpg,NORMAL-015,test,NORMAL,normal,OD,.jpg,0.0010961040388792753
NORMAL/15/OD/026_Normal.jpg,NORMAL-015,test,NORMAL,normal,OD,.jpg,0.0012041839072480798
NORMAL/15/OD/027_Normal.jpg,NORMAL-015,test,NORMAL,normal,OD,.jpg,0.0012613689759746194
NORMAL/15/OD/028_Normal.jpg,NORMAL-015,test,NORMAL,normal,OD,.jpg,0.001305533922277391
NORMAL/15/OD/029_Normal.jpg,NORMAL-015,test,NORMAL,normal,OD,.jpg,0.0015200440539047122
NORMAL/15/OD/030_Normal.jpg,NORMAL-015,test,NORMAL,normal,OD,.jpg,0.0017669893568381667
NORMAL/15/OS/000_Normal.jpg,NORMAL-015,test,NORMAL,normal,OS,.jpg,0.0009204138186760247
NORMAL/15/OS/001_Normal.jpg,NORMAL-015,test,NORMAL,normal,OS,.jpg,0.0008531983476132154
NORMAL/15/OS/002_Normal.jpg,NORMAL-015,test,NORMAL,normal,OS,.jpg,0.0009430228383280337
NORMAL/15/OS/003_Normal.jpg,NORMAL-015,test,NORMAL,normal,OS,.jpg,0.0009587752865627408
NORMAL/15/OS/004_Normal.jpg,NORMAL-015,test,NORMAL,normal,OS,.jpg,0.0010038551408797503
NORMAL/15/OS/005_Normal.jpg,NORMAL-015,test,NORMAL,normal,OS,.jpg,0.0009766999864950776
NORMAL/15/OS/006_Normal.jpg,NORMAL-015,test,NORMAL,normal,OS,.jpg,0.0008991812355816364
NORMAL/15/OS/007_Normal.jpg,NORMAL-015,test,NORMAL,normal,OS,.jpg,0.0008614777470938861
NORMAL/15/OS/008_Normal.jpg,NORMAL-015,test,NORMAL,normal,OS,.jpg,0.00084871263243258
NORMAL/15/OS/009_Normal.jpg,NORMAL-015,test,NORMAL,normal,OS,.jpg,0.0008134027593769133
NORMAL/15/OS/010_Normal.jpg,NORMAL-015,test,NORMAL,normal,OS,.jpg,0.0008547223987989128
NORMAL/15/OS/011_Normal.jpg,NORMAL-015,test,NORMAL,normal,OS,.jpg,0.0008821821538731456
NORMAL/15/OS/012_Normal.jpg,NORMAL-015,test,NORMAL,normal,OS,.jpg,0.0007566409767605364
NORMAL/15/OS/013_Normal.jpg,NORMAL-015,test,NORMAL,normal,OS,.jpg,0.0007740424480289221
NORMAL/15/OS/014_Normal.jpg,NORMAL-015,test,NORMAL,normal,OS,.jpg,0.000723987293895334
NORMAL/15/OS/015_Normal.jpg,NORMAL-015,test,NORMAL,normal,OS,.jpg,0.0007161923567764461
NORMAL/15/OS/016_Normal.jpg,NORMAL-015,test,NORMAL,normal,OS,.jpg,0.0007161963731050491
NORMAL/15/OS/017_Normal.jpg,NORMAL-015,test,NORMAL,normal,OS,.jpg,0.0007333782850764692
NORMAL/15/OS/018_Normal.jpg,NORMAL-015,test,NORMAL,normal,OS,.jpg,0.0009420824935659766
NORMAL/15/OS/019_Normal.jpg,NORMAL-015,test,NORMAL,normal,OS,.jpg,0.000993069144897163
NORMAL/15/OS/020_Normal.jpg,NORMAL-015,test,NORMAL,normal,OS,.jpg,0.0010176857467740774
NORMAL/15/OS/021_Normal.jpg,NORMAL-015,test,NORMAL,normal,OS,.jpg,0.0009850712958723307
NORMAL/15/OS/022_Normal.jpg,NORMAL-015,test,NORMAL,normal,OS,.jpg,0.0010361465392634273
NORMAL/15/OS/023_Normal.jpg,NORMAL-015,test,NORMAL,normal,OS,.jpg,0.0010725805768743157
NORMAL/15/OS/024_Normal.jpg,NORMAL-015,test,NORMAL,normal,OS,.jpg,0.0010733974631875753
NORMAL/15/OS/025_Normal.jpg,NORMAL-015,test,NORMAL,normal,OS,.jpg,0.0010239174589514732
NORMAL/15/OS/026_Normal.jpg,NORMAL-015,test,NORMAL,normal,OS,.jpg,0.0010842353804036975
NORMAL/15/OS/027_Normal.jpg,NORMAL-015,test,NORMAL,normal,OS,.jpg,0.0010804651537910104
NORMAL/15/OS/028_Normal.jpg,NORMAL-015,test,NORMAL,normal,OS,.jpg,0.001203608582727611
NORMAL/15/OS/029_Normal.jpg,NORMAL-015,test,NORMAL,normal,OS,.jpg,0.0011749789118766785
NORMAL/15/OS/030_Normal.jpg,NORMAL-015,test,NORMAL,normal,OS,.jpg,0.001248917542397976
NORMAL/20/000_Normal.jpg,NORMAL-020,test,NORMAL,normal,OD,.jpg,0.0009939320152625442
NORMAL/20/001_Normal.jpg,NORMAL-020,test,NORMAL,normal,OD,.jpg,0.0008519660914316773
NORMAL/20/002_Normal.jpg,NORMAL-020,test,NORMAL,normal,OD,.jpg,0.000842606124933809
NORMAL/20/003_Normal.jpg,NORMAL-020,test,NORMAL,normal,OD,.jpg,0.0008773980080150068
NORMAL/20/004_Normal.jpg,NORMAL-020,test,NORMAL,normal,OD,.jpg,0.0007682544528506696
NORMAL/20/005_Normal.jpg,NORMAL-020,test,NORMAL,normal,OD,.jpg,0.0008685544598847628
NORMAL/20/006_Normal.jpg,NORMAL-020,test,NORMAL,normal,OD,.jpg,0.0008564589661546052
NORMAL/20/007_Normal.jpg,NORMAL-020,test,NORMAL,normal,OD,.jpg,0.0008284434443339705
NORMAL/20/008_Normal.jpg,NORMAL-020,test,NORMAL,normal,OD,.jpg,0.0007853606948629022
NORMAL/20/009_Normal.jpg,NORMAL-020,test,NORMAL,normal,OD,.jpg,0.0008047478622756898
NORMAL/20/010_Normal.jpg,NORMAL-020,test,NORMAL,normal,OD,.jpg,0.0007695151143707335
NORMAL/20/011_Normal.jpg,NORMAL-020,test,NORMAL,normal,OD,.jpg,0.0007905421080067754
NORMAL/20/012_Normal.jpg,NORMAL-020,test,NORMAL,normal,OD,.jpg,0.0006904941983520985
NORMAL/20/013_Normal.jpg,NORMAL-020,test,NORMAL,normal,OD,.jpg,0.0006926332716830075
NORMAL/20/014_Normal.jpg,NORMAL-020,test,NORMAL,normal,OD,.jpg,0.0006648137932643294
NORMAL/20/015_Normal.jpg,NORMAL-020,test,NORMAL,normal,OD,.jpg,0.0006773292552679777
NORMAL/20/016_Normal.jpg,NORMAL-020,test,NORMAL,normal,OD,.jpg,0.0007110806764103472
NORMAL/20/017_Normal.jpg,NORMAL-020,test,NORMAL,normal,OD,.jpg,0.0007763760513626039
NORMAL/20/018_Normal.jpg,NORMAL-020,test,NORMAL,normal,OD,.jpg,0.0008178610005415976
NORMAL/20/019_Normal.jpg,NORMAL-020,test,NORMAL,normal,OD,.jpg,0.0007600387907586992
NORMAL/20/020_Normal.jpg,NORMAL-020,test,NORMAL,normal,OD,.jpg,0.0007774020778015256
NORMAL/20/021_Normal.jpg,NORMAL-020,test,NORMAL,normal,OD,.jpg,0.0008130551432259381
NORMAL/20/022_Normal.jpg,NORMAL-020,test,NORMAL,normal,OD,.jpg,0.0008233456173911691
NORMAL/20/023_Normal.jpg,NORMAL-020,test,NORMAL,normal,OD,.jpg,0.0007677875109948218
NORMAL/20/024_Normal.jpg,NORMAL-020,test,NORMAL,normal,OD,.jpg,0.0008310589473694563
NORMAL/20/025_Normal.jpg,NORMAL-020,test,NORMAL,normal,OD,.jpg,0.0008826986304484308
NORMAL/20/026_Normal.jpg,NORMAL-020,test,NORMAL,normal,OD,.jpg,0.0009214943274855614
NORMAL/20/027_Normal.jpg,NORMAL-020,test,NORMAL,normal,OD,.jpg,0.0009925131453201175
NORMAL/20/028_Normal.jpg,NORMAL-020,test,NORMAL,normal,OD,.jpg,0.0009949522791430354
NORMAL/20/029_Normal.jpg,NORMAL-020,test,NORMAL,normal,OD,.jpg,0.001035579014569521
NORMAL/20/030_Normal.jpg,NORMAL-020,test,NORMAL,normal,OD,.jpg,0.001070675440132618
NORMAL/23/000_Normal.jpg,NORMAL-023,test,NORMAL,normal,OD,.jpg,0.000653338385745883
NORMAL/23/001_Normal.jpg,NORMAL-023,test,NORMAL,normal,OD,.jpg,0.0006465432234108448
NORMAL/23/002_Normal.jpg,NORMAL-023,test,NORMAL,normal,OD,.jpg,0.0007251258357428014
NORMAL/23/003_Normal.jpg,NORMAL-023,test,NORMAL,normal,OD,.jpg,0.0006894898833706975
NORMAL/23/004_Normal.jpg,NORMAL-023,test,NORMAL,normal,OD,.jpg,0.0008240066817961633
NORMAL/23/005_Normal.jpg,NORMAL-023,test,NORMAL,normal,OD,.jpg,0.0007753236568532884
NORMAL/23/006_Normal.jpg,NORMAL-023,test,NORMAL,normal,OD,.jpg,0.0006701907841488719
NORMAL/23/007_Normal.jpg,NORMAL-023,test,NORMAL,normal,OD,.jpg,0.000549832999240607
NORMAL/23/008_Normal.jpg,NORMAL-023,test,NORMAL,normal,OD,.jpg,0.000684616039507091
NORMAL/23/009_Normal.jpg,NORMAL-023,test,NORMAL,normal,OD,.jpg,0.00046263402327895164
NORMAL/23/010_Normal.jpg,NORMAL-023,test,NORMAL,normal,OD,.jpg,0.0005254200659692287
NORMAL/23/011_Normal.jpg,NORMAL-023,test,NORMAL,normal,OD,.jpg,0.0006484658224508166
NORMAL/23/012_Normal.jpg,NORMAL-023,test,NORMAL,normal,OD,.jpg,0.0006432789377868176
NORMAL/23/013_Normal.jpg,NORMAL-023,test,NORMAL,normal,OD,.jpg,0.0007120769005268812
NORMAL/23/014_Normal.jpg,NORMAL-023,test,NORMAL,normal,OD,.jpg,0.0007494090241380036
NORMAL/23/015_Normal.jpg,NORMAL-023,test,NORMAL,normal,OD,.jpg,0.0006093865376897156
NORMAL/23/016_Normal.jpg,NORMAL-023,test,NORMAL,normal,OD,.jpg,0.0006106006330810487
NORMAL/23/017_Normal.jpg,NORMAL-023,test,NORMAL,normal,OD,.jpg,0.0005764862289652228
NORMAL/23/018_Normal.jpg,NORMAL-023,test,NORMAL,normal,OD,.jpg,0.0005712837446480989
NORMAL/23/019_Normal.jpg,NORMAL-023,test,NORMAL,normal,OD,.jpg,0.0005509122856892645
NORMAL/23/020_Normal.jpg,NORMAL-023,test,NORMAL,normal,OD,.jpg,0.0005513674695976079
NORMAL/23/021_Normal.jpg,NORMAL-023,test,NORMAL,normal,OD,.jpg,0.0006387883913703263
NORMAL/23/022_Normal.jpg,NORMAL-023,test,NORMAL,normal,OD,.jpg,0.0006776733207516372
NORMAL/23/023_Normal.jpg,NORMAL-023,test,NORMAL,normal,OD,.jpg,0.0006560776382684708
NORMAL/23/024_Normal.jpg,NORMAL-023,test,NORMAL,normal,OD,.jpg,0.0006664507673121989
NORMAL/23/025_Normal.jpg,NORMAL-023,test,NORMAL,normal,OD,.jpg,0.0005864876438863575
NORMAL/23/026_Normal.jpg,NORMAL-023,test,NORMAL,normal,OD,.jpg,0.0007372328545898199
NORMAL/23/027_Normal.jpg,NORMAL-023,test,NORMAL,normal,OD,.jpg,0.0006755281356163323
NORMAL/23/028_Normal.jpg,NORMAL-023,test,NORMAL,normal,OD,.jpg,0.0006113095441833138
NORMAL/23/029_Normal.jpg,NORMAL-023,test,NORMAL,normal,OD,.jpg,0.0008134176605381072
NORMAL/23/030_Normal.jpg,NORMAL-023,test,NORMAL,normal,OD,.jpg,0.0007232840289361775
NORMAL/36/000_Normal.jpg,NORMAL-036,test,NORMAL,normal,OS,.jpg,0.0012485316256061196
NORMAL/36/001_Normal.jpg,NORMAL-036,test,NORMAL,normal,OS,.jpg,0.0011239630402997136
NORMAL/36/002_Normal.jpg,NORMAL-036,test,NORMAL,normal,OS,.jpg,0.0011051673209294677
NORMAL/36/003_Normal.jpg,NORMAL-036,test,NORMAL,normal,OS,.jpg,0.001392030855640769
NORMAL/36/004_Normal.jpg,NORMAL-036,test,NORMAL,normal,OS,.jpg,0.0014328609686344862
NORMAL/36/005_Normal.jpg,NORMAL-036,test,NORMAL,normal,OS,.jpg,0.0018646956887096167
NORMAL/36/006_Normal.jpg,NORMAL-036,test,NORMAL,normal,OS,.jpg,0.0018958786968141794
NORMAL/36/007_Normal.jpg,NORMAL-036,test,NORMAL,normal,OS,.jpg,0.002130928449332714
NORMAL/36/008_Normal.jpg,NORMAL-036,test,NORMAL,normal,OS,.jpg,0.002201565308496356
NORMAL/36/009_Normal.jpg,NORMAL-036,test,NORMAL,normal,OS,.jpg,0.0016366179333999753
NORMAL/36/010_Normal.jpg,NORMAL-036,test,NORMAL,normal,OS,.jpg,0.0023455761838704348
NORMAL/36/011_Normal.jpg,NORMAL-036,test,NORMAL,normal,OS,.jpg,0.0016273647779598832
NORMAL/36/012_Normal.jpg,NORMAL-036,test,NORMAL,normal,OS,.jpg,0.0015474524116143584
NORMAL/36/013_Normal.jpg,NORMAL-036,test,NORMAL,normal,OS,.jpg,0.0017243484035134315
NORMAL/36/014_Normal.jpg,NORMAL-036,test,NORMAL,normal,OS,.jpg,0.0012556128203868866
NORMAL/36/015_Normal.jpg,NORMAL-036,test,NORMAL,normal,OS,.jpg,0.0012539769522845745
NORMAL/36/016_Normal.jpg,NORMAL-036,test,NORMAL,normal,OS,.jpg,0.0011543012224137783
NORMAL/36/017_Normal.jpg,NORMAL-036,test,NORMAL,normal,OS,.jpg,0.001068068784661591
NORMAL/36/018_Normal.jpg,NORMAL-036,test,NORMAL,normal,OS,.jpg,0.0010130886221304536
NORMAL/36/019_Normal.jpg,NORMAL-036,test,NORMAL,normal,OS,.jpg,0.0010388314258307219
NORMAL/36/020_Normal.jpg,NORMAL-036,test,NORMAL,normal,OS,.jpg,0.0010966671397909522
NORMAL/36/021_Normal.jpg,NORMAL-036,test,NORMAL,normal,OS,.jpg,0.001355475396849215
NORMAL/36/022_Normal.jpg,NORMAL-036,test,NORMAL,normal,OS,.jpg,0.0014379458734765649
NORMAL/36/023_Normal.jpg,NORMAL-036,test,NORMAL,normal,OS,.jpg,0.0014085262082517147
NORMAL/36/024_Normal.jpg,NORMAL-036,test,NORMAL,normal,OS,.jpg,0.00125800515525043
NORMAL/37/OD/000_Normal.jpg,NORMAL-037,test,NORMAL,normal,OD,.jpg,0.0005118958652019501
NORMAL/37/OD/001_Normal.jpg,NORMAL-037,test,NORMAL,normal,OD,.jpg,0.000568387215025723
NORMAL/37/OD/002_Normal.jpg,NORMAL-037,test,NORMAL,normal,OD,.jpg,0.000577528728172183
NORMAL/37/OD/003_Normal.jpg,NORMAL-037,test,NORMAL,normal,OD,.jpg,0.0005407698918133974
NORMAL/37/OD/004_Normal.jpg,NORMAL-037,test,NORMAL,normal,OD,.jpg,0.0005991192883811891
NORMAL/37/OD/005_Normal.jpg,NORMAL-037,test,NORMAL,normal,OD,.jpg,0.0005249984678812325
NORMAL/37/OD/006_Normal.jpg,NORMAL-037,test,NORMAL,normal,OD,.jpg,0.00094129383796826
NORMAL/37/OD/007_Normal.jpg,NORMAL-037,test,NORMAL,normal,OD,.jpg,0.0008159997523762286
NORMAL/37/OD/008_Normal.jpg,NORMAL-037,test,NORMAL,normal,OD,.jpg,0.0008338263723999262
NORMAL/37/OD/009_Normal.jpg,NORMAL-037,test,NORMAL,normal,OD,.jpg,0.00078703643521294
NORMAL/37/OD/010_Normal.jpg,NORMAL-037,test,NORMAL,normal,OD,.jpg,0.0004613116616383195
NORMAL/37/OD/011_Normal.jpg,NORMAL-037,test,NORMAL,normal,OD,.jpg,0.0009130126563832164
NORMAL/37/OD/012_Normal.jpg,NORMAL-037,test,NORMAL,normal,OD,.jpg,0.00046609030687250197
NORMAL/37/OD/013_Normal.jpg,NORMAL-037,test,NORMAL,normal,OD,.jpg,0.0009179175831377506
NORMAL/37/OD/014_Normal.jpg,NORMAL-037,test,NORMAL,normal,OD,.jpg,0.000627497211098671
NORMAL/37/OD/015_Normal.jpg,NORMAL-037,test,NORMAL,normal,OD,.jpg,0.0004155185306444764
NORMAL/37/OD/016_Normal.jpg,NORMAL-037,test,NORMAL,normal,OD,.jpg,0.0010223387507721782
NORMAL/37/OD/017_Normal.jpg,NORMAL-037,test,NORMAL,normal,OD,.jpg,0.0005885577411390841
NORMAL/37/OD/018_Normal.jpg,NORMAL-037,test,NORMAL,normal,OD,.jpg,0.0005657740985043347
NORMAL/37/OD/019_Normal.jpg,NORMAL-037,test,NORMAL,normal,OD,.jpg,0.0005526814493350685
NORMAL/37/OD/020_Normal.jpg,NORMAL-037,test,NORMAL,normal,OD,.jpg,0.0010331642115488648
NORMAL/37/OD/021_Normal.jpg,NORMAL-037,test,NORMAL,normal,OD,.jpg,0.0009390517952851951
NORMAL/37/OD/022_Normal.jpg,NORMAL-037,test,NORMAL,normal,OD,.jpg,0.0008214896079152822
NORMAL/37/OD/023_Normal.jpg,NORMAL-037,test,NORMAL,normal,OD,.jpg,0.0007558896904811263
NORMAL/37/OD/024_Normal.jpg,NORMAL-037,test,NORMAL,normal,OD,.jpg,0.0006828175392001867
NORMAL/37/OD/025_Normal.jpg,NORMAL-037,test,NORMAL,normal,OD,.jpg,0.0005385932745411992
NORMAL/37/OD/026_Normal.jpg,NORMAL-037,test,NORMAL,normal,OD,.jpg,0.000660846708342433
NORMAL/37/OD/027_Normal.jpg,NORMAL-037,test,NORMAL,normal,OD,.jpg,0.0006938794977031648
NORMAL/37/OD/028_Normal.jpg,NORMAL-037,test,NORMAL,normal,OD,.jpg,0.00048684290959499776
NORMAL/37/OD/029_Normal.jpg,NORMAL-037,test,NORMAL,normal,OD,.jpg,0.000783709401730448
NORMAL/37/OD/030_Normal.jpg,NORMAL-037,test,NORMAL,normal,OD,.jpg,0.0007393243140541017
NORMAL/37/OS/000_Normal.jpg,NORMAL-037,test,NORMAL,normal,OS,.jpg,0.0004803811898455024
NORMAL/37/OS/001_Normal.jpg,NORMAL-037,test,NORMAL,normal,OS,.jpg,0.00042797692003659904
NORMAL/37/OS/002_Normal.jpg,NORMAL-037,test,NORMAL,normal,OS,.jpg,0.00045284698717296124
NORMAL/37/OS/003_Normal.jpg,NORMAL-037,test,NORMAL,normal,OS,.jpg,0.00043721715337596834
NORMAL/37/OS/004_Normal.jpg,NORMAL-037,test,NORMAL,normal,OS,.jpg,0.0005775258759967983
NORMAL/37/OS/005_Normal.jpg,NORMAL-037,test,NORMAL,normal,OS,.jpg,0.0004933961317874491
NORMAL/37/OS/006_Normal.jpg,NORMAL-037,test,NORMAL,normal,OS,.jpg,0.000853852485306561
NORMAL/37/OS/007_Normal.jpg,NORMAL-037,test,NORMAL,normal,OS,.jpg,0.0009277382050640881
NORMAL/37/OS/008_Normal.jpg,NORMAL-037,test,NORMAL,normal,OS,.jpg,0.000921164290048182
NORMAL/37/OS/009_Normal.jpg,NORMAL-037,test,NORMAL,normal,OS,.jpg,0.0007920663338154554
NORMAL/37/OS/010_Normal.jpg,NORMAL-037,test,NORMAL,normal,OS,.jpg,0.0007956050103530288
NORMAL/37/OS/011_Normal.jpg,NORMAL-037,test,NORMAL,normal,OS,.jpg,0.0007241934072226286
NORMAL/37/OS/012_Normal.jpg,NORMAL-037,test,NORMAL,normal,OS,.jpg,0.0007344036130234599
NORMAL/37/OS/013_Normal.jpg,NORMAL-037,test,NORMAL,normal,OS,.jpg,0.0006357683450914919
NORMAL/37/OS/014_Normal.jpg,NORMAL-037,test,NORMAL,normal,OS,.jpg,0.0006066387868486345
NORMAL/37/OS/015_Normal.jpg,NORMAL-037,test,NORMAL,normal,OS,.jpg,0.0008577520493417978
NORMAL/37/OS/016_Normal.jpg,NORMAL-037,test,NORMAL,normal,OS,.jpg,0.000982792116701603
NORMAL/37/OS/017_Normal.jpg,NORMAL-037,test,NORMAL,normal,OS,.jpg,0.0007949767750687897
NORMAL/37/OS/018_Normal.jpg,NORMAL-037,test,NORMAL,normal,OS,.jpg,0.0008219096926040947
NORMAL/37/OS/019_Normal.jpg,NORMAL-037,test,NORMAL,normal,OS,.jpg,0.0006616950850002468
NORMAL/37/OS/020_Normal.jpg,NORMAL-037,test,NORMAL,normal,OS,.jpg,0.0008401927771046758
NORMAL/37/OS/021_Normal.jpg,NORMAL-037,test,NORMAL,normal,OS,.jpg,0.0009822421707212925
NORMAL/37/OS/022_Normal.jpg,NORMAL-037,test,NORMAL,normal,OS,.jpg,0.0010012667626142502
NORMAL/37/OS/023_Normal.jpg,NORMAL-037,test,NORMAL,normal,OS,.jpg,0.0009167843963950872
NORMAL/37/OS/024_Normal.jpg,NORMAL-037,test,NORMAL,normal,OS,.jpg,0.0008370119030587375
NORMAL/37/OS/025_Normal.jpg,NORMAL-037,test,NORMAL,normal,OS,.jpg,0.0008371055591851473
NORMAL/37/OS/026_Normal.jpg,NORMAL-037,test,NORMAL,normal,OS,.jpg,0.0009653193992562592
NORMAL/37/OS/027_Normal.jpg,NORMAL-037,test,NORMAL,normal,OS,.jpg,0.001076200627721846
NORMAL/37/OS/028_Normal.jpg,NORMAL-037,test,NORMAL,normal,OS,.jpg,0.0009036321425810456
NORMAL/37/OS/029_Normal.jpg,NORMAL-037,test,NORMAL,normal,OS,.jpg,0.0009777732193470001
NORMAL/37/OS/030_Normal.jpg,NORMAL-037,test,NORMAL,normal,OS,.jpg,0.000798222201410681
NORMAL/42/000_Normal.tif,NORMAL-042,test,NORMAL,normal,OD,.tif,0.0005123998271301389
NORMAL/42/001_Normal.tif,NORMAL-042,test,NORMAL,normal,OD,.tif,0.0005694818682968616
NORMAL/42/002_Normal.tif,NORMAL-042,test,NORMAL,normal,OD,.tif,0.0006962505867704749
NORMAL/42/003_Normal.tif,NORMAL-042,test,NORMAL,normal,OD,.tif,0.0007412388804368675
NORMAL/42/004_Normal.tif,NORMAL-042,test,NORMAL,normal,OD,.tif,0.0006258607609197497
NORMAL/42/005_Normal.tif,NORMAL-042,test,NORMAL,normal,OD,.tif,0.0007366325007751584
NORMAL/42/006_Normal.tif,NORMAL-042,test,NORMAL,normal,OD,.tif,0.0006654320168308914
NORMAL/42/007_Normal.tif,NORMAL-042,test,NORMAL,normal,OD,.tif,0.0010395084973424673
NORMAL/42/008_Normal.tif,NORMAL-042,test,NORMAL,normal,OD,.tif,0.0007721399306319654
NORMAL/42/009_Normal.tif,NORMAL-042,test,NORMAL,normal,OD,.tif,0.000744942924939096
NORMAL/42/010_Normal.tif,NORMAL-042,test,NORMAL,normal,OD,.tif,0.0011739644687622786
NORMAL/42/011_Normal.tif,NORMAL-042,test,NORMAL,normal,OD,.tif,0.0009889280190691352
NORMAL/42/012_Normal.tif,NORMAL-042,test,NORMAL,normal,OD,.tif,0.0012190485140308738
NORMAL/42/013_Normal.tif,NORMAL-042,test,NORMAL,normal,OD,.tif,0.0010968332644551992
NORMAL/42/014_Normal.tif,NORMAL-042,test,NORMAL,normal,OD,.tif,0.001164398854598403
NORMAL/42/015_Normal.tif,NORMAL-042,test,NORMAL,normal,OD,.tif,0.0011524230940267444
NORMAL/42/016_Normal.tif,NORMAL-042,test,NORMAL,normal,OD,.tif,0.0012108379742130637
NORMAL/42/017_Normal.tif,NORMAL-042,test,NORMAL,normal,OD,.tif,0.0013211834011599422
NORMAL/42/018_Normal.tif,NORMAL-042,test,NORMAL,normal,OD,.tif,0.0009401409770362079
NORMAL/42/019_Normal.tif,NORMAL-042,test,NORMAL,normal,OD,.tif,0.0010910951532423496
NORMAL/42/020_Normal.tif,NORMAL-042,test,NORMAL,normal,OD,.tif,0.0009691608720459044
NORMAL/42/021_Normal.tif,NORMAL-042,test,NORMAL,normal,OD,.tif,0.0011968681355938315
NORMAL/42/022_Normal.tif,NORMAL-042,test,NORMAL,normal,OD,.tif,0.0011985556920990348
NORMAL/42/023_Normal.tif,NORMAL-042,test,NORMAL,normal,OD,.tif,0.0010664794826880097
NORMAL/42/024_Normal.tif,NORMAL-042,test,NORMAL,normal,OD,.tif,0.0011522088898345828
NORMAL/42/025_Normal.tif,NORMAL-042,test,NORMAL,normal,OD,.tif,0.0008690745453350246
NORMAL/42/026_Normal.tif,NORMAL-042,test,NORMAL,normal,OD,.tif,0.001129713375121355
NORMAL/42/027_Normal.tif,NORMAL-042,test,NORMAL,normal,OD,.tif,0.0010432441486045718
NORMAL/42/028_Normal.tif,NORMAL-042,test,NORMAL,normal,OD,.tif,0.0009281305829063058
NORMAL/42/029_Normal.tif,NORMAL-042,test,NORMAL,normal,OD,.tif,0.0007355340640060604
NORMAL/42/030_Normal.tif,NORMAL-042,test,NORMAL,normal,OD,.tif,0.0007719122804701328
NORMAL/48/000_Normal.tif,NORMAL-048,test,NORMAL,normal,OS,.tif,0.001282150624319911
NORMAL/48/001_Normal.tif,NORMAL-048,test,NORMAL,normal,OS,.tif,0.001092680380679667
NORMAL/48/002_Normal.tif,NORMAL-048,test,NORMAL,normal,OS,.tif,0.001200877595692873
NORMAL/48/003_Normal.tif,NORMAL-048,test,NORMAL,normal,OS,.tif,0.0009648363338783383
NORMAL/48/004_Normal.tif,NORMAL-048,test,NORMAL,normal,OS,.tif,0.0011014611227437854
NORMAL/48/005_Normal.tif,NORMAL-048,test,NORMAL,normal,OS,.tif,0.0010426798835396767
NORMAL/48/006_Normal.tif,NORMAL-048,test,NORMAL,normal,OS,.tif,0.0009982275078073144
NORMAL/48/007_Normal.tif,NORMAL-048,test,NORMAL,normal,OS,.tif,0.0011269290698692203
NORMAL/48/008_Normal.tif,NORMAL-048,test,NORMAL,normal,OS,.tif,0.0009377627284266055
NORMAL/48/009_Normal.tif,NORMAL-048,test,NORMAL,normal,OS,.tif,0.0008598371059633791
NORMAL/48/010_Normal.tif,NORMAL-048,test,NORMAL,normal,OS,.tif,0.0006144077051430941
NORMAL/48/011_Normal.tif,NORMAL-048,test,NORMAL,normal,OS,.tif,0.000604062108322978
NORMAL/48/012_Normal.tif,NORMAL-048,test,NORMAL,normal,OS,.tif,0.0006480648880824447
NORMAL/48/013_Normal.tif,NORMAL-048,test,NORMAL,normal,OS,.tif,0.0006628095870837569
NORMAL/48/014_Normal.tif,NORMAL-048,test,NORMAL,normal,OS,.tif,0.0006361674168147147
NORMAL/48/015_Normal.tif,NORMAL-048,test,NORMAL,normal,OS,.tif,0.0007236157543957233
NORMAL/48/016_Normal.tif,NORMAL-048,test,NORMAL,normal,OS,.tif,0.000748848426155746
NORMAL/48/017_Normal.tif,NORMAL-048,test,NORMAL,normal,OS,.tif,0.000714233610779047
NORMAL/48/018_Normal.tif,NORMAL-048,test,NORMAL,normal,OS,.tif,0.0007722151349298656
NORMAL/48/019_Normal.tif,NORMAL-048,test,NORMAL,normal,OS,.tif,0.0007580310921184719
NORMAL/48/020_Normal.tif,NORMAL-048,test,NORMAL,normal,OS,.tif,0.000594214245211333
NORMAL/48/021_Normal.tif,NORMAL-048,test,NORMAL,normal,OS,.tif,0.0007425915100611746
NORMAL/48/022_Normal.tif,NORMAL-048,test,NORMAL,normal,OS,.tif,0.0007110033184289932
NORMAL/48/023_Normal.tif,NORMAL-048,test,NORMAL,normal,OS,.tif,0.0006803147844038904
NORMAL/48/024_Normal.tif,NORMAL-048,test,NORMAL,normal,OS,.tif,0.0007414220599457622
NORMAL/48/025_Normal.tif,NORMAL-048,test,NORMAL,normal,OS,.tif,0.0007688525947742164
NORMAL/48/026_Normal.tif,NORMAL-048,test,NORMAL,normal,OS,.tif,0.0007118319626897573
NORMAL/48/027_Normal.tif,NORMAL-048,test,NORMAL,normal,OS,.tif,0.0007466028910130262
NORMAL/48/028_Normal.tif,NORMAL-048,test,NORMAL,normal,OS,.tif,0.0009389380575157702
NORMAL/48/029_Normal.tif,NORMAL-048,test,NORMAL,normal,OS,.tif,0.0009102111216634512
NORMAL/48/030_Normal.tif,NORMAL-048,test,NORMAL,normal,OS,.tif,0.0010055236052721739
NORMAL/54/OD/000_Normal.tif,NORMAL-054,test,NORMAL,normal,OD,.tif,0.000825873576104641
NORMAL/54/OD/001_Normal.tif,NORMAL-054,test,NORMAL,normal,OD,.tif,0.0007606045110151172
NORMAL/54/OD/002_Normal.tif,NORMAL-054,test,NORMAL,normal,OD,.tif,0.0008585223113186657
NORMAL/54/OD/003_Normal.tif,NORMAL-054,test,NORMAL,normal,OD,.tif,0.0009362334967590868
NORMAL/54/OD/004_Normal.tif,NORMAL-054,test,NORMAL,normal,OD,.tif,0.0008576744585298002
NORMAL/54/OD/005_Normal.tif,NORMAL-054,test,NORMAL,normal,OD,.tif,0.0007029513944871724
NORMAL/54/OD/006_Normal.tif,NORMAL-054,test,NORMAL,normal,OD,.tif,0.00082978984573856
NORMAL/54/OD/007_Normal.tif,NORMAL-054,test,NORMAL,normal,OD,.tif,0.0008084006258286536
NORMAL/54/OD/008_Normal.tif,NORMAL-054,test,NORMAL,normal,OD,.tif,0.0007249448099173605
NORMAL/54/OD/009_Normal.tif,NORMAL-054,test,NORMAL,normal,OD,.tif,0.000796901760622859
NORMAL/54/OD/010_Normal.tif,NORMAL-054,test,NORMAL,normal,OD,.tif,0.0007009513792581856
NORMAL/54/OD/011_Normal.tif,NORMAL-054,test,NORMAL,normal,OD,.tif,0.0006693822215311229
NORMAL/54/OD/012_Normal.tif,NORMAL-054,test,NORMAL,normal,OD,.tif,0.0006971894181333482
NORMAL/54/OD/013_Normal.tif,NORMAL-054,test,NORMAL,normal,OD,.tif,0.0006481741438619792
NORMAL/54/OD/014_Normal.tif,NORMAL-054,test,NORMAL,normal,OD,.tif,0.0007626016740687191
NORMAL/54/OD/015_Normal.tif,NORMAL-054,test,NORMAL,normal,OD,.tif,0.0006571673438884318
NORMAL/54/OD/016_Normal.tif,NORMAL-054,test,NORMAL,normal,OD,.tif,0.0006528697558678687
NORMAL/54/OD/017_Normal.tif,NORMAL-054,test,NORMAL,normal,OD,.tif,0.0007201979169622064
NORMAL/54/OD/018_Normal.tif,NORMAL-054,test,NORMAL,normal,OD,.tif,0.0006916568381711841
NORMAL/54/OD/019_Normal.tif,NORMAL-054,test,NORMAL,normal,OD,.tif,0.0008249483653344214
NORMAL/54/OD/020_Normal.tif,NORMAL-054,test,NORMAL,normal,OD,.tif,0.0007543375249952078
NORMAL/54/OD/021_Normal.tif,NORMAL-054,test,NORMAL,normal,OD,.tif,0.0007333700777962804
NORMAL/54/OD/022_Normal.tif,NORMAL-054,test,NORMAL,normal,OD,.tif,0.0008627306087873876
NORMAL/54/OD/023_Normal.tif,NORMAL-054,test,NORMAL,normal,OD,.tif,0.0008193302783183753
NORMAL/54/OD/024_Normal.tif,NORMAL-054,test,NORMAL,normal,OD,.tif,0.0008371175499632955
NORMAL/54/OS/000_Normal.tif,NORMAL-054,test,NORMAL,normal,OS,.tif,0.0007775315316393971
NORMAL/54/OS/001_Normal.tif,NORMAL-054,test,NORMAL,normal,OS,.tif,0.0007495958125218749
NORMAL/54/OS/002_Normal.tif,NORMAL-054,test,NORMAL,normal,OS,.tif,0.0007574578048661351
NORMAL/54/OS/003_Normal.tif,NORMAL-054,test,NORMAL,normal,OS,.tif,0.0008710019756108522
NORMAL/54/OS/004_Normal.tif,NORMAL-054,test,NORMAL,normal,OS,.tif,0.0008246314828284085
NORMAL/54/OS/005_Normal.tif,NORMAL-054,test,NORMAL,normal,OS,.tif,0.0007466647657565773
NORMAL/54/OS/006_Normal.tif,NORMAL-054,test,NORMAL,normal,OS,.tif,0.0007794317789375782
NORMAL/54/OS/007_Normal.tif,NORMAL-054,test,NORMAL,normal,OS,.tif,0.0008068513125181198
NORMAL/54/OS/008_Normal.tif,NORMAL-054,test,NORMAL,normal,OS,.tif,0.0008627988863736391
NORMAL/54/OS/009_Normal.tif,NORMAL-054,test,NORMAL,normal,OS,.tif,0.0007515280158258975
NORMAL/54/OS/010_Normal.tif,NORMAL-054,test,NORMAL,normal,OS,.tif,0.0007272298680618405
NORMAL/54/OS/011_Normal.tif,NORMAL-054,test,NORMAL,normal,OS,.tif,0.0007112572202458978
NORMAL/54/OS/012_Normal.tif,NORMAL-054,test,NORMAL,normal,OS,.tif,0.0007260031998157501
NORMAL/54/OS/013_Normal.tif,NORMAL-054,test,NORMAL,normal,OS,.tif,0.0005993520608171821
NORMAL/54/OS/014_Normal.tif,NORMAL-054,test,NORMAL,normal,OS,.tif,0.0006922176689840853
NORMAL/54/OS/015_Normal.tif,NORMAL-054,test,NORMAL,normal,OS,.tif,0.0006705048144795001
NORMAL/54/OS/016_Normal.tif,NORMAL-054,test,NORMAL,normal,OS,.tif,0.0007590718450956047
NORMAL/54/OS/017_Normal.tif,NORMAL-054,test,NORMAL,normal,OS,.tif,0.0006520693423226476
NORMAL/54/OS/018_Normal.tif,NORMAL-054,test,NORMAL,normal,OS,.tif,0.000737844267860055
NORMAL/54/OS/019_Normal.tif,NORMAL-054,test,NORMAL,normal,OS,.tif,0.0007572494796477258
NORMAL/54/OS/020_Normal.tif,NORMAL-054,test,NORMAL,normal,OS,.tif,0.000864966306835413
NORMAL/54/OS/021_Normal.tif,NORMAL-054,test,NORMAL,normal,OS,.tif,0.000807771401014179
NORMAL/54/OS/022_Normal.tif,NORMAL-054,test,NORMAL,normal,OS,.tif,0.0007034344016574323
NORMAL/54/OS/023_Normal.tif,NORMAL-054,test,NORMAL,normal,OS,.tif,0.0007198478560894728
NORMAL/54/OS/024_Normal.tif,NORMAL-054,test,NORMAL,normal,OS,.tif,0.0007567533757537603
NORMAL/65/OD/000_Normal.tif,NORMAL-065,test,NORMAL,normal,OD,.tif,0.0008095984812825918
NORMAL/65/OD/001_Normal.tif,NORMAL-065,test,NORMAL,normal,OD,.tif,0.0007842848426662385
NORMAL/65/OD/002_Normal.tif,NORMAL-065,test,NORMAL,normal,OD,.tif,0.0007255674572661519
NORMAL/65/OD/003_Normal.tif,NORMAL-065,test,NORMAL,normal,OD,.tif,0.000899984035640955
NORMAL/65/OD/004_Normal.tif,NORMAL-065,test,NORMAL,normal,OD,.tif,0.000890884199179709
NORMAL/65/OD/005_Normal.tif,NORMAL-065,test,NORMAL,normal,OD,.tif,0.00082432507770136
NORMAL/65/OD/006_Normal.tif,NORMAL-065,test,NORMAL,normal,OD,.tif,0.0008527431054972112
NORMAL/65/OD/007_Normal.tif,NORMAL-065,test,NORMAL,normal,OD,.tif,0.0007560091326013207
NORMAL/65/OD/008_Normal.tif,NORMAL-065,test,NORMAL,normal,OD,.tif,0.0006449600914493203
NORMAL/65/OD/009_Normal.tif,NORMAL-065,test,NORMAL,normal,OD,.tif,0.0006520444876514375
NORMAL/65/OD/010_Normal.tif,NORMAL-065,test,NORMAL,normal,OD,.tif,0.0006485882331617177
NORMAL/65/OD/011_Normal.tif,NORMAL-065,test,NORMAL,normal,OD,.tif,0.0007328146020881832
NORMAL/65/OD/012_Normal.tif,NORMAL-065,test,NORMAL,normal,OD,.tif,0.0006170824053697288
NORMAL/65/OD/013_Normal.tif,NORMAL-065,test,NORMAL,normal,OD,.tif,0.000573303725104779
NORMAL/65/OD/014_Normal.tif,NORMAL-065,test,NORMAL,normal,OD,.tif,0.0006723869009874761
NORMAL/65/OD/015_Normal.tif,NORMAL-065,test,NORMAL,normal,OD,.tif,0.0007749771466478705
NORMAL/65/OD/016_Normal.tif,NORMAL-065,test,NORMAL,normal,OD,.tif,0.0006835732492618263
NORMAL/65/OD/017_Normal.tif,NORMAL-065,test,NORMAL,normal,OD,.tif,0.0007430845289491117
NORMAL/65/OD/018_Normal.tif,NORMAL-065,test,NORMAL,normal,OD,.tif,0.0005661860341206193
NORMAL/65/OD/019_Normal.tif,NORMAL-065,test,NORMAL,normal,OD,.tif,0.0007016460876911879
NORMAL/65/OD/020_Normal.tif,NORMAL-065,test,NORMAL,normal,OD,.tif,0.0008063358836807311
NORMAL/65/OD/021_Normal.tif,NORMAL-065,test,NORMAL,normal,OD,.tif,0.0007673527579754591
NORMAL/65/OD/022_Normal.tif,NORMAL-065,test,NORMAL,normal,OD,.tif,0.0007992153987288475
NORMAL/65/OD/023_Normal.tif,NORMAL-065,test,NORMAL,normal,OD,.tif,0.0008396804332733154
NORMAL/65/OD/024_Normal.tif,NORMAL-065,test,NORMAL,normal,OD,.tif,0.0007635722868144512
NORMAL/65/OD/025_Normal.tif,NORMAL-065,test,NORMAL,normal,OD,.tif,0.000853158300742507
NORMAL/65/OD/026_Normal.tif,NORMAL-065,test,NORMAL,normal,OD,.tif,0.0006154989241622388
NORMAL/65/OD/027_Normal.tif,NORMAL-065,test,NORMAL,normal,OD,.tif,0.000836127728689462
NORMAL/65/OD/028_Normal.tif,NORMAL-065,test,NORMAL,normal,OD,.tif,0.0009849723428487778
NORMAL/65/OD/029_Normal.tif,NORMAL-065,test,NORMAL,normal,OD,.tif,0.0010233743814751506
NORMAL/65/OD/030_Normal.tif,NORMAL-065,test,NORMAL,normal,OD,.tif,0.0009385445737279952
NORMAL/65/OS/000_Normal.tif,NORMAL-065,test,NORMAL,normal,OS,.tif,0.0009560257894918323
NORMAL/65/OS/001_Normal.tif,NORMAL-065,test,NORMAL,normal,OS,.tif,0.0007426782394759357
NORMAL/65/OS/002_Normal.tif,NORMAL-065,test,NORMAL,normal,OS,.tif,0.000840989057905972
NORMAL/65/OS/003_Normal.tif,NORMAL-065,test,NORMAL,normal,OS,.tif,0.0007373946136794984
NORMAL/65/OS/004_Normal.tif,NORMAL-065,test,NORMAL,normal,OS,.tif,0.0007741985027678311
NORMAL/65/OS/005_Normal.tif,NORMAL-065,test,NORMAL,normal,OS,.tif,0.0008397006313316524
NORMAL/65/OS/006_Normal.tif,NORMAL-065,test,NORMAL,normal,OS,.tif,0.0008241492323577404
NORMAL/65/OS/007_Normal.tif,NORMAL-065,test,NORMAL,normal,OS,.tif,0.0008109478512778878
NORMAL/65/OS/008_Normal.tif,NORMAL-065,test,NORMAL,normal,OS,.tif,0.0008461756515316665
NORMAL/65/OS/009_Normal.tif,NORMAL-065,test,NORMAL,normal,OS,.tif,0.0007790692034177482
NORMAL/65/OS/010_Normal.tif,NORMAL-065,test,NORMAL,normal,OS,.tif,0.0007235521916300058
NORMAL/65/OS/011_Normal.tif,NORMAL-065,test,NORMAL,normal,OS,.tif,0.0007380925817415118
NORMAL/65/OS/012_Normal.tif,NORMAL-065,test,NORMAL,normal,OS,.tif,0.0007273185183294117
NORMAL/65/OS/013_Normal.tif,NORMAL-065,test,NORMAL,normal,OS,.tif,0.0007024398655630648
NORMAL/65/OS/014_Normal.tif,NORMAL-065,test,NORMAL,normal,OS,.tif,0.0006162711069919169
NORMAL/65/OS/015_Normal.tif,NORMAL-065,test,NORMAL,normal,OS,.tif,0.0006878018612042069
NORMAL/65/OS/016_Normal.tif,NORMAL-065,test,NORMAL,normal,OS,.tif,0.0006472019595094025
NORMAL/65/OS/017_Normal.tif,NORMAL-065,test,NORMAL,normal,OS,.tif,0.0006213700980879366
NORMAL/65/OS/018_Normal.tif,NORMAL-065,test,NORMAL,normal,OS,.tif,0.0007196965161710978
NORMAL/65/OS/019_Normal.tif,NORMAL-065,test,NORMAL,normal,OS,.tif,0.0007296260446310043
NORMAL/65/OS/020_Normal.tif,NORMAL-065,test,NORMAL,normal,OS,.tif,0.0007824630010873079
NORMAL/65/OS/021_Normal.tif,NORMAL-065,test,NORMAL,normal,OS,.tif,0.0008104079170152545
NORMAL/65/OS/022_Normal.tif,NORMAL-065,test,NORMAL,normal,OS,.tif,0.0007992262253537774
NORMAL/65/OS/023_Normal.tif,NORMAL-065,test,NORMAL,normal,OS,.tif,0.0008164875325746834
NORMAL/65/OS/024_Normal.tif,NORMAL-065,test,NORMAL,normal,OS,.tif,0.0007923289085738361
NORMAL/65/OS/025_Normal.tif,NORMAL-065,test,NORMAL,normal,OS,.tif,0.0008232764666900039
NORMAL/65/OS/026_Normal.tif,NORMAL-065,test,NORMAL,normal,OS,.tif,0.0007769476505927742
NORMAL/65/OS/027_Normal.tif,NORMAL-065,test,NORMAL,normal,OS,.tif,0.00077341083670035
NORMAL/65/OS/028_Normal.tif,NORMAL-065,test,NORMAL,normal,OS,.tif,0.000707377097569406
NORMAL/65/OS/029_Normal.tif,NORMAL-065,test,NORMAL,normal,OS,.tif,0.0006325371214188635
NORMAL/65/OS/030_Normal.tif,NORMAL-065,test,NORMAL,normal,OS,.tif,0.0007090852595865726
NORMAL/66/OD/000_Normal.tif,NORMAL-066,test,NORMAL,normal,OD,.tif,0.0009769952157512307
NORMAL/66/OD/001_Normal.tif,NORMAL-066,test,NORMAL,normal,OD,.tif,0.0009241019724868238
NORMAL/66/OD/002_Normal.tif,NORMAL-066,test,NORMAL,normal,OD,.tif,0.0009771670447662473
NORMAL/66/OD/003_Normal.tif,NORMAL-066,test,NORMAL,normal,OD,.tif,0.0009720884845592082
NORMAL/66/OD/004_Normal.tif,NORMAL-066,test,NORMAL,normal,OD,.tif,0.0009584156214259565
NORMAL/66/OD/005_Normal.tif,NORMAL-066,test,NORMAL,normal,OD,.tif,0.0009376842644996941
NORMAL/66/OD/006_Normal.tif,NORMAL-066,test,NORMAL,normal,OD,.tif,0.0008517479291185737
NORMAL/66/OD/007_Normal.tif,NORMAL-066,test,NORMAL,normal,OD,.tif,0.0008834816981106997
NORMAL/66/OD/008_Normal.tif,NORMAL-066,test,NORMAL,normal,OD,.tif,0.0008660498424433172
NORMAL/66/OD/009_Normal.tif,NORMAL-066,test,NORMAL,normal,OD,.tif,0.0008402118692174554
NORMAL/66/OD/010_Normal.tif,NORMAL-066,test,NORMAL,normal,OD,.tif,0.0007867331150919199
NORMAL/66/OD/011_Normal.tif,NORMAL-066,test,NORMAL,normal,OD,.tif,0.0008475416689179838
NORMAL/66/OD/012_Normal.tif,NORMAL-066,test,NORMAL,normal,OD,.tif,0.0007895470480434597
NORMAL/66/OD/013_Normal.tif,NORMAL-066,test,NORMAL,normal,OD,.tif,0.0007669876795262098
NORMAL/66/OD/014_Normal.tif,NORMAL-066,test,NORMAL,normal,OD,.tif,0.0007997716311365366
NORMAL/66/OD/015_Normal.tif,NORMAL-066,test,NORMAL,normal,OD,.tif,0.0006945371278561652
NORMAL/66/OD/016_Normal.tif,NORMAL-066,test,NORMAL,normal,OD,.tif,0.0006647001137025654
NORMAL/66/OD/017_Normal.tif,NORMAL-066,test,NORMAL,normal,OD,.tif,0.000636136916000396
NORMAL/66/OD/018_Normal.tif,NORMAL-066,test,NORMAL,normal,OD,.tif,0.0006478042341768742
NORMAL/66/OD/019_Normal.tif,NORMAL-066,test,NORMAL,normal,OD,.tif,0.0005234318086877465
NORMAL/66/OD/020_Normal.tif,NORMAL-066,test,NORMAL,normal,OD,.tif,0.0005939201801083982
NORMAL/66/OD/021_Normal.tif,NORMAL-066,test,NORMAL,normal,OD,.tif,0.000685534905642271
NORMAL/66/OD/022_Normal.tif,NORMAL-066,test,NORMAL,normal,OD,.tif,0.0006227365811355412
NORMAL/66/OD/023_Normal.tif,NORMAL-066,test,NORMAL,normal,OD,.tif,0.0006134507129900157
NORMAL/66/OD/024_Normal.tif,NORMAL-066,test,NORMAL,normal,OD,.tif,0.0006145320949144661
NORMAL/66/OD/025_Normal.tif,NORMAL-066,test,NORMAL,normal,OD,.tif,0.0006558425957337022
NORMAL/66/OD/026_Normal.tif,NORMAL-066,test,NORMAL,normal,OD,.tif,0.0006100645987316966
NORMAL/66/OD/027_Normal.tif,NORMAL-066,test,NORMAL,normal,OD,.tif,0.0006404798477888107
NORMAL/66/OD/028_Normal.tif,NORMAL-066,test,NORMAL,normal,OD,.tif,0.0006192793953232467
NORMAL/66/OD/029_Normal.tif,NORMAL-066,test,NORMAL,normal,OD,.tif,0.0006903171306475997
NORMAL/66/OD/030_Normal.tif,NORMAL-066,test,NORMAL,normal,OD,.tif,0.0006185257225297391
NORMAL/66/OS/000_Normal.tif,NORMAL-066,test,NORMAL,normal,OS,.tif,0.0009374445653520525
NORMAL/66/OS/001_Normal.tif,NORMAL-066,test,NORMAL,normal,OS,.tif,0.0010170501191169024
NORMAL/66/OS/002_Normal.tif,NORMAL-066,test,NORMAL,normal,OS,.tif,0.0010699505219236016
NORMAL/66/OS/003_Normal.tif,NORMAL-066,test,NORMAL,normal,OS,.tif,0.001102459616959095
NORMAL/66/OS/004_Normal.tif,NORMAL-066,test,NORMAL,normal,OS,.tif,0.0012508289655670524
NORMAL/66/OS/005_Normal.tif,NORMAL-066,test,NORMAL,normal,OS,.tif,0.0011683410266414285
NORMAL/66/OS/006_Normal.tif,NORMAL-066,test,NORMAL,normal,OS,.tif,0.00103020912501961
NORMAL/66/OS/007_Normal.tif,NORMAL-066,test,NORMAL,normal,OS,.tif,0.0009930947562679648
NORMAL/66/OS/008_Normal.tif,NORMAL-066,test,NORMAL,normal,OS,.tif,0.0010709913913160563
NORMAL/66/OS/009_Normal.tif,NORMAL-066,test,NORMAL,normal,OS,.tif,0.0009112008847296238
NORMAL/66/OS/010_Normal.tif,NORMAL-066,test,NORMAL,normal,OS,.tif,0.0009504896588623524
NORMAL/66/OS/011_Normal.tif,NORMAL-066,test,NORMAL,normal,OS,.tif,0.0009275457123294473
NORMAL/66/OS/012_Normal.tif,NORMAL-066,test,NORMAL,normal,OS,.tif,0.0007798828301019967
NORMAL/66/OS/013_Normal.tif,NORMAL-066,test,NORMAL,normal,OS,.tif,0.0008034238126128912
NORMAL/66/OS/014_Normal.tif,NORMAL-066,test,NORMAL,normal,OS,.tif,0.0008084966102614999
NORMAL/66/OS/015_Normal.tif,NORMAL-066,test,NORMAL,normal,OS,.tif,0.0008739608456380665
NORMAL/66/OS/016_Normal.tif,NORMAL-066,test,NORMAL,normal,OS,.tif,0.0008335341699421406
NORMAL/66/OS/017_Normal.tif,NORMAL-066,test,NORMAL,normal,OS,.tif,0.000788442324846983
NORMAL/66/OS/018_Normal.tif,NORMAL-066,test,NORMAL,normal,OS,.tif,0.0007611180189996958
NORMAL/66/OS/019_Normal.tif,NORMAL-066,test,NORMAL,normal,OS,.tif,0.0008291990961879492
NORMAL/66/OS/020_Normal.tif,NORMAL-066,test,NORMAL,normal,OS,.tif,0.0007387883961200714
NORMAL/66/OS/021_Normal.tif,NORMAL-066,test,NORMAL,normal,OS,.tif,0.0007319298456422985
NORMAL/66/OS/022_Normal.tif,NORMAL-066,test,NORMAL,normal,OS,.tif,0.0007462992216460407
NORMAL/66/OS/023_Normal.tif,NORMAL-066,test,NORMAL,normal,OS,.tif,0.0007373184780590236
NORMAL/66/OS/024_Normal.tif,NORMAL-066,test,NORMAL,normal,OS,.tif,0.0007734663668088615
NORMAL/66/OS/025_Normal.tif,NORMAL-066,test,NORMAL,normal,OS,.tif,0.000807055679615587
NORMAL/66/OS/026_Normal.tif,NORMAL-066,test,NORMAL,normal,OS,.tif,0.0008301075431518257
NORMAL/66/OS/027_Normal.tif,NORMAL-066,test,NORMAL,normal,OS,.tif,0.0007806494832038879
NORMAL/66/OS/028_Normal.tif,NORMAL-066,test,NORMAL,normal,OS,.tif,0.0007719952263869345
NORMAL/66/OS/029_Normal.tif,NORMAL-066,test,NORMAL,normal,OS,.tif,0.0008577537955716252
NORMAL/66/OS/030_Normal.tif,NORMAL-066,test,NORMAL,normal,OS,.tif,0.0008476029615849257
NORMAL/67/OD/000_Normal.tif,NORMAL-067,test,NORMAL,normal,OD,.tif,0.0012646513059735298
NORMAL/67/OD/001_Normal.tif,NORMAL-067,test,NORMAL,normal,OD,.tif,0.0012086108326911926
NORMAL/67/OD/002_Normal.tif,NORMAL-067,test,NORMAL,normal,OD,.tif,0.0012992559932172298
NORMAL/67/OD/003_Normal.tif,NORMAL-067,test,NORMAL,normal,OD,.tif,0.0010943245142698288
NORMAL/67/OD/004_Normal.tif,NORMAL-067,test,NORMAL,normal,OD,.tif,0.0011414594482630491
NORMAL/67/OD/005_Normal.tif,NORMAL-067,test,NORMAL,normal,OD,.tif,0.0010802055476233363
NORMAL/67/OD/006_Normal.tif,NORMAL-067,test,NORMAL,normal,OD,.tif,0.0010746556799858809
NORMAL/67/OD/007_Normal.tif,NORMAL-067,test,NORMAL,normal,OD,.tif,0.0010236575035378337
NORMAL/67/OD/008_Normal.tif,NORMAL-067,test,NORMAL,normal,OD,.tif,0.0010198437375947833
NORMAL/67/OD/009_Normal.tif,NORMAL-067,test,NORMAL,normal,OD,.tif,0.0010630304459482431
NORMAL/67/OD/010_Normal.tif,NORMAL-067,test,NORMAL,normal,OD,.tif,0.0010876833694055676
NORMAL/67/OD/011_Normal.tif,NORMAL-067,test,NORMAL,normal,OD,.tif,0.0010395166464149952
NORMAL/67/OD/012_Normal.tif,NORMAL-067,test,NORMAL,normal,OD,.tif,0.0010484012309461832
NORMAL/67/OD/013_Normal.tif,NORMAL-067,test,NORMAL,normal,OD,.tif,0.0009496287093497813
NORMAL/67/OD/014_Normal.tif,NORMAL-067,test,NORMAL,normal,OD,.tif,0.0009473931277170777
NORMAL/67/OD/015_Normal.tif,NORMAL-067,test,NORMAL,normal,OD,.tif,0.0008879979723133147
NORMAL/67/OD/016_Normal.tif,NORMAL-067,test,NORMAL,normal,OD,.tif,0.0009183568763546646
NORMAL/67/OD/017_Normal.tif,NORMAL-067,test,NORMAL,normal,OD,.tif,0.0009444066672585905
NORMAL/67/OD/018_Normal.tif,NORMAL-067,test,NORMAL,normal,OD,.tif,0.0009747821022756398
NORMAL/67/OD/019_Normal.tif,NORMAL-067,test,NORMAL,normal,OD,.tif,0.0010080813663080335
NORMAL/67/OD/020_Normal.tif,NORMAL-067,test,NORMAL,normal,OD,.tif,0.001106211799196899
NORMAL/67/OD/021_Normal.tif,NORMAL-067,test,NORMAL,normal,OD,.tif,0.0011538193793967366
NORMAL/67/OD/022_Normal.tif,NORMAL-067,test,NORMAL,normal,OD,.tif,0.0010606233263388276
NORMAL/67/OD/023_Normal.tif,NORMAL-067,test,NORMAL,normal,OD,.tif,0.001175185083411634
NORMAL/67/OD/024_Normal.tif,NORMAL-067,test,NORMAL,normal,OD,.tif,0.0012878322741016746
NORMAL/67/OD/025_Normal.tif,NORMAL-067,test,NORMAL,normal,OD,.tif,0.0012584468349814415
NORMAL/67/OD/026_Normal.tif,NORMAL-067,test,NORMAL,normal,OD,.tif,0.001339491456747055
NORMAL/67/OD/027_Normal.tif,NORMAL-067,test,NORMAL,normal,OD,.tif,0.0014121279818937182
NORMAL/67/OD/028_Normal.tif,NORMAL-067,test,NORMAL,normal,OD,.tif,0.001765795168466866
NORMAL/67/OD/029_Normal.tif,NORMAL-067,test,NORMAL,normal,OD,.tif,0.0017934333300217986
NORMAL/67/OD/030_Normal.tif,NORMAL-067,test,NORMAL,normal,OD,.tif,0.0018651039572432637
NORMAL/67/OS/000_Normal.tif,NORMAL-067,test,NORMAL,normal,OS,.tif,0.0008335094316862524
NORMAL/67/OS/001_Normal.tif,NORMAL-067,test,NORMAL,normal,OS,.tif,0.0007979061338119209
NORMAL/67/OS/002_Normal.tif,NORMAL-067,test,NORMAL,normal,OS,.tif,0.0008304606308229268
NORMAL/67/OS/003_Normal.tif,NORMAL-067,test,NORMAL,normal,OS,.tif,0.0007826004293747246
NORMAL/67/OS/004_Normal.tif,NORMAL-067,test,NORMAL,normal,OS,.tif,0.0007965496042743325
NORMAL/67/OS/005_Normal.tif,NORMAL-067,test,NORMAL,normal,OS,.tif,0.0008573621744289994
NORMAL/67/OS/006_Normal.tif,NORMAL-067,test,NORMAL,normal,OS,.tif,0.0008208916406147182
NORMAL/67/OS/007_Normal.tif,NORMAL-067,test,NORMAL,normal,OS,.tif,0.0008232427062466741
NORMAL/67/OS/008_Normal.tif,NORMAL-067,test,NORMAL,normal,OS,.tif,0.0008111944189295173
NORMAL/67/OS/009_Normal.tif,NORMAL-067,test,NORMAL,normal,OS,.tif,0.0008901205146685243
NORMAL/67/OS/010_Normal.tif,NORMAL-067,test,NORMAL,normal,OS,.tif,0.0009086116915568709
NORMAL/67/OS/011_Normal.tif,NORMAL-067,test,NORMAL,normal,OS,.tif,0.0007937535410746932
NORMAL/67/OS/012_Normal.tif,NORMAL-067,test,NORMAL,normal,OS,.tif,0.000804842566139996
NORMAL/67/OS/013_Normal.tif,NORMAL-067,test,NORMAL,normal,OS,.tif,0.0007489552954211831
NORMAL/67/OS/014_Normal.tif,NORMAL-067,test,NORMAL,normal,OS,.tif,0.0007727085030637681
NORMAL/67/OS/015_Normal.tif,NORMAL-067,test,NORMAL,normal,OS,.tif,0.0007730916840955615
NORMAL/67/OS/016_Normal.tif,NORMAL-067,test,NORMAL,normal,OS,.tif,0.0009408665937371552
NORMAL/67/OS/017_Normal.tif,NORMAL-067,test,NORMAL,normal,OS,.tif,0.0009112274274230003
NORMAL/67/OS/018_Normal.tif,NORMAL-067,test,NORMAL,normal,OS,.tif,0.0009591634152457118
NORMAL/67/OS/019_Normal.tif,NORMAL-067,test,NORMAL,normal,OS,.tif,0.0009540794417262077
NORMAL/67/OS/020_Normal.tif,NORMAL-067,test,NORMAL,normal,OS,.tif,0.0009773194324225187
NORMAL/67/OS/021_Normal.tif,NORMAL-067,test,NORMAL,normal,OS,.tif,0.0009508903604000807
NORMAL/67/OS/022_Normal.tif,NORMAL-067,test,NORMAL,normal,OS,.tif,0.0008983853622339666
NORMAL/67/OS/023_Normal.tif,NORMAL-067,test,NORMAL,normal,OS,.tif,0.0009325221180915833
NORMAL/67/OS/024_Normal.tif,NORMAL-067,test,NORMAL,normal,OS,.tif,0.0008805028046481311
NORMAL/67/OS/025_Normal.tif,NORMAL-067,test,NORMAL,normal,OS,.tif,0.0009797592647373676
NORMAL/67/OS/026_Normal.tif,NORMAL-067,test,NORMAL,normal,OS,.tif,0.000982580822892487
NORMAL/67/OS/027_Normal.tif,NORMAL-067,test,NORMAL,normal,OS,.tif,0.0009846813045442104
NORMAL/67/OS/028_Normal.tif,NORMAL-067,test,NORMAL,normal,OS,.tif,0.001053892308846116
NORMAL/67/OS/029_Normal.tif,NORMAL-067,test,NORMAL,normal,OS,.tif,0.0011306550586596131
NORMAL/67/OS/030_Normal.tif,NORMAL-067,test,NORMAL,normal,OS,.tif,0.0013025985099375248
NORMAL/78/000_NOrmal.tif,NORMAL-078,test,NORMAL,normal,OS,.tif,0.000769945268984884
NORMAL/78/001_NOrmal.tif,NORMAL-078,test,NORMAL,normal,OS,.tif,0.0007704303716309369
NORMAL/78/002_NOrmal.tif,NORMAL-078,test,NORMAL,normal,OS,.tif,0.0006985696381889284
NORMAL/78/003_NOrmal.tif,NORMAL-078,test,NORMAL,normal,OS,.tif,0.0006150322151370347
NORMAL/78/004_NOrmal.tif,NORMAL-078,test,NORMAL,normal,OS,.tif,0.0007665649754926562
NORMAL/78/005_NOrmal.tif,NORMAL-078,test,NORMAL,normal,OS,.tif,0.0007545407861471176
NORMAL/78/006_NOrmal.tif,NORMAL-078,test,NORMAL,normal,OS,.tif,0.0007569615845568478
NORMAL/78/007_NOrmal.tif,NORMAL-078,test,NORMAL,normal,OS,.tif,0.0007524399552494287
NORMAL/78/008_NOrmal.tif,NORMAL-078,test,NORMAL,normal,OS,.tif,0.0008644769550301135
NORMAL/78/009_NOrmal.tif,NORMAL-078,test,NORMAL,normal,OS,.tif,0.0007778903236612678
NORMAL/78/010_NOrmal.tif,NORMAL-078,test,NORMAL,normal,OS,.tif,0.0008791805594228208
NORMAL/78/011_NOrmal.tif,NORMAL-078,test,NORMAL,normal,OS,.tif,0.000787576544098556
NORMAL/78/012_NOrmal.tif,NORMAL-078,test,NORMAL,normal,OS,.tif,0.0007810629904270172
NORMAL/78/013_NOrmal.tif,NORMAL-078,test,NORMAL,normal,OS,.tif,0.0007869782275520265
NORMAL/78/014_NOrmal.tif,NORMAL-078,test,NORMAL,normal,OS,.tif,0.0007787429494783282
NORMAL/78/015_NOrmal.tif,NORMAL-078,test,NORMAL,normal,OS,.tif,0.0008269477402791381
NORMAL/78/016_NOrmal.tif,NORMAL-078,test,NORMAL,normal,OS,.tif,0.0009162932401522994
NORMAL/78/017_NOrmal.tif,NORMAL-078,test,NORMAL,normal,OS,.tif,0.0009838230907917023
NORMAL/78/018_NOrmal.tif,NORMAL-078,test,NORMAL,normal,OS,.tif,0.0011037362273782492
NORMAL/78/019_NOrmal.tif,NORMAL-078,test,NORMAL,normal,OS,.tif,0.0010464193765074015
NORMAL/78/020_NOrmal.tif,NORMAL-078,test,NORMAL,normal,OS,.tif,0.0011007991852238774
NORMAL/78/021_NOrmal.tif,NORMAL-078,test,NORMAL,normal,OS,.tif,0.0009390162886120379
NORMAL/78/022_NOrmal.tif,NORMAL-078,test,NORMAL,normal,OS,.tif,0.0010329452343285084
NORMAL/78/023_NOrmal.tif,NORMAL-078,test,NORMAL,normal,OS,.tif,0.0008319105254486203
NORMAL/78/024_NOrmal.tif,NORMAL-078,test,NORMAL,normal,OS,.tif,0.0009418923291377723
NORMAL/78/025_NOrmal.tif,NORMAL-078,test,NORMAL,normal,OS,.tif,0.0009602255886420608
NORMAL/78/026_NOrmal.tif,NORMAL-078,test,NORMAL,normal,OS,.tif,0.0010828906670212746
NORMAL/78/027_NOrmal.tif,NORMAL-078,test,NORMAL,normal,OS,.tif,0.001235442003235221
NORMAL/78/028_NOrmal.tif,NORMAL-078,test,NORMAL,normal,OS,.tif,0.002089217072352767
NORMAL/78/029_NOrmal.tif,NORMAL-078,test,NORMAL,normal,OS,.tif,0.0020706099458038807
NORMAL/78/030_NOrmal.tif,NORMAL-078,test,NORMAL,normal,OS,.tif,0.0018086946802213788
NORMAL/98/OD/000_Normal.tif,NORMAL-098,test,NORMAL,normal,OD,.tif,0.0008538885740563273
NORMAL/98/OD/001_Normal.tif,NORMAL-098,test,NORMAL,normal,OD,.tif,0.0007556264172308147
NORMAL/98/OD/002_Normal.tif,NORMAL-098,test,NORMAL,normal,OD,.tif,0.0007288865745067596
NORMAL/98/OD/003_Normal.tif,NORMAL-098,test,NORMAL,normal,OD,.tif,0.0007925766403786838
NORMAL/98/OD/004_Normal.tif,NORMAL-098,test,NORMAL,normal,OD,.tif,0.0008182397577911615
NORMAL/98/OD/005_Normal.tif,NORMAL-098,test,NORMAL,normal,OD,.tif,0.00076526083284989
NORMAL/98/OD/006_Normal.tif,NORMAL-098,test,NORMAL,normal,OD,.tif,0.0007577459327876568
NORMAL/98/OD/007_Normal.tif,NORMAL-098,test,NORMAL,normal,OD,.tif,0.0007118156063370407
NORMAL/98/OD/008_Normal.tif,NORMAL-098,test,NORMAL,normal,OD,.tif,0.0007294496754184365
NORMAL/98/OD/009_Normal.tif,NORMAL-098,test,NORMAL,normal,OD,.tif,0.0006788137252442539
NORMAL/98/OD/010_Normal.tif,NORMAL-098,test,NORMAL,normal,OD,.tif,0.0007464367081411183
NORMAL/98/OD/011_Normal.tif,NORMAL-098,test,NORMAL,normal,OD,.tif,0.0007330690859816968
NORMAL/98/OD/012_Normal.tif,NORMAL-098,test,NORMAL,normal,OD,.tif,0.000644523766823113
NORMAL/98/OD/013_Normal.tif,NORMAL-098,test,NORMAL,normal,OD,.tif,0.0006612127181142569
NORMAL/98/OD/014_Normal.tif,NORMAL-098,test,NORMAL,normal,OD,.tif,0.000630815455224365
NORMAL/98/OD/015_Normal.tif,NORMAL-098,test,NORMAL,normal,OD,.tif,0.0006316984072327614
NORMAL/98/OD/016_Normal.tif,NORMAL-098,test,NORMAL,normal,OD,.tif,0.0006535433349199593
NORMAL/98/OD/017_Normal.tif,NORMAL-098,test,NORMAL,normal,OD,.tif,0.0006787970196455717
NORMAL/98/OD/018_Normal.tif,NORMAL-098,test,NORMAL,normal,OD,.tif,0.0006893992540426552
NORMAL/98/OD/019_Normal.tif,NORMAL-098,test,NORMAL,normal,OD,.tif,0.0006508983788080513
NORMAL/98/OD/020_Normal.tif,NORMAL-098,test,NORMAL,normal,OD,.tif,0.0006854779785498977
NORMAL/98/OD/021_Normal.tif,NORMAL-098,test,NORMAL,normal,OD,.tif,0.0007557536591775715
NORMAL/98/OD/022_Normal.tif,NORMAL-098,test,NORMAL,normal,OD,.tif,0.0007709769415669143
NORMAL/98/OD/023_Normal.tif,NORMAL-098,test,NORMAL,normal,OD,.tif,0.000787198543548584
NORMAL/98/OD/024_Normal.tif,NORMAL-098,test,NORMAL,normal,OD,.tif,0.0007898635813035071
NORMAL/98/OD/025_Normal.tif,NORMAL-098,test,NORMAL,normal,OD,.tif,0.0007826043292880058
NORMAL/98/OD/026_Normal.tif,NORMAL-098,test,NORMAL,normal,OD,.tif,0.0007507958798669279
NORMAL/98/OD/027_Normal.tif,NORMAL-098,test,NORMAL,normal,OD,.tif,0.0008264206699095666
NORMAL/98/OD/028_Normal.tif,NORMAL-098,test,NORMAL,normal,OD,.tif,0.0007328659994527698
NORMAL/98/OD/029_Normal.tif,NORMAL-098,test,NORMAL,normal,OD,.tif,0.0008414082694798708
NORMAL/98/OD/030_Normal.tif,NORMAL-098,test,NORMAL,normal,OD,.tif,0.0009193494915962219
NORMAL/98/OS/000_Normal.tif,NORMAL-098,test,NORMAL,normal,OS,.tif,0.0006806296296417713
NORMAL/98/OS/001_Normal.tif,NORMAL-098,test,NORMAL,normal,OS,.tif,0.0007675596862100065
NORMAL/98/OS/002_Normal.tif,NORMAL-098,test,NORMAL,normal,OS,.tif,0.0005838050274178386
NORMAL/98/OS/003_Normal.tif,NORMAL-098,test,NORMAL,normal,OS,.tif,0.0006969689857214689
NORMAL/98/OS/004_Normal.tif,NORMAL-098,test,NORMAL,normal,OS,.tif,0.0007085828692652285
NORMAL/98/OS/005_Normal.tif,NORMAL-098,test,NORMAL,normal,OS,.tif,0.0007738896529190242
NORMAL/98/OS/006_Normal.tif,NORMAL-098,test,NORMAL,normal,OS,.tif,0.0008353859884664416
NORMAL/98/OS/007_Normal.tif,NORMAL-098,test,NORMAL,normal,OS,.tif,0.0007945256656967103
NORMAL/98/OS/008_Normal.tif,NORMAL-098,test,NORMAL,normal,OS,.tif,0.0007050485583022237
NORMAL/98/OS/009_Normal.tif,NORMAL-098,test,NORMAL,normal,OS,.tif,0.0008269133395515382
NORMAL/98/OS/010_Normal.tif,NORMAL-098,test,NORMAL,normal,OS,.tif,0.0007521393708884716
NORMAL/98/OS/011_Normal.tif,NORMAL-098,test,NORMAL,normal,OS,.tif,0.0006186296232044697
NORMAL/98/OS/012_Normal.tif,NORMAL-098,test,NORMAL,normal,OS,.tif,0.0005758549086749554
NORMAL/98/OS/013_Normal.tif,NORMAL-098,test,NORMAL,normal,OS,.tif,0.0006246336852200329
NORMAL/98/OS/014_Normal.tif,NORMAL-098,test,NORMAL,normal,OS,.tif,0.0006406960892491043
NORMAL/98/OS/015_Normal.tif,NORMAL-098,test,NORMAL,normal,OS,.tif,0.0006450389628298581
NORMAL/98/OS/016_Normal.tif,NORMAL-098,test,NORMAL,normal,OS,.tif,0.0007662479765713215
NORMAL/98/OS/017_Normal.tif,NORMAL-098,test,NORMAL,normal,OS,.tif,0.0007343754405155778
NORMAL/98/OS/018_Normal.tif,NORMAL-098,test,NORMAL,normal,OS,.tif,0.0007776404963806272
NORMAL/98/OS/019_Normal.tif,NORMAL-098,test,NORMAL,normal,OS,.tif,0.0006239839131012559
NORMAL/98/OS/020_Normal.tif,NORMAL-098,test,NORMAL,normal,OS,.tif,0.000658895296510309
NORMAL/98/OS/021_Normal.tif,NORMAL-098,test,NORMAL,normal,OS,.tif,0.0007823767373338342
NORMAL/98/OS/022_Normal.tif,NORMAL-098,test,NORMAL,normal,OS,.tif,0.0007646793965250254
NORMAL/98/OS/023_Normal.tif,NORMAL-098,test,NORMAL,normal,OS,.tif,0.0008392803720198572
NORMAL/98/OS/024_Normal.tif,NORMAL-098,test,NORMAL,normal,OS,.tif,0.0008270121761597693
NORMAL/98/OS/025_Normal.tif,NORMAL-098,test,NORMAL,normal,OS,.tif,0.0007029934204183519
NORMAL/98/OS/026_Normal.tif,NORMAL-098,test,NORMAL,normal,OS,.tif,0.0008434077026322484
NORMAL/98/OS/027_Normal.tif,NORMAL-098,test,NORMAL,normal,OS,.tif,0.0008360767969861627
NORMAL/98/OS/028_Normal.tif,NORMAL-098,test,NORMAL,normal,OS,.tif,0.0008944476721808314
NORMAL/98/OS/029_Normal.tif,NORMAL-098,test,NORMAL,normal,OS,.tif,0.0008010288001969457
NORMAL/98/OS/030_Normal.tif,NORMAL-098,test,NORMAL,normal,OS,.tif,0.0008856853237375617
NORMAL/104/OD/000_Normal.tif,NORMAL-104,test,NORMAL,normal,OD,.tif,0.00065801345044747
NORMAL/104/OD/001_Normal.tif,NORMAL-104,test,NORMAL,normal,OD,.tif,0.0005641672760248184
NORMAL/104/OD/002_Normal.tif,NORMAL-104,test,NORMAL,normal,OD,.tif,0.0005522846477106214
NORMAL/104/OD/003_Normal.tif,NORMAL-104,test,NORMAL,normal,OD,.tif,0.0005154634127393365
NORMAL/104/OD/004_Normal.tif,NORMAL-104,test,NORMAL,normal,OD,.tif,0.0005524623556993902
NORMAL/104/OD/005_Normal.tif,NORMAL-104,test,NORMAL,normal,OD,.tif,0.0006024817121215165
NORMAL/104/OD/006_Normal.tif,NORMAL-104,test,NORMAL,normal,OD,.tif,0.0006849180208519101
NORMAL/104/OD/007_Normal.tif,NORMAL-104,test,NORMAL,normal,OD,.tif,0.0006684069521725178
NORMAL/104/OD/008_Normal.tif,NORMAL-104,test,NORMAL,normal,OD,.tif,0.00063784682424739
NORMAL/104/OD/009_Normal.tif,NORMAL-104,test,NORMAL,normal,OD,.tif,0.0006307453732006252
NORMAL/104/OD/010_Normal.tif,NORMAL-104,test,NORMAL,normal,OD,.tif,0.0006703452672809362
NORMAL/104/OD/011_Normal.tif,NORMAL-104,test,NORMAL,normal,OD,.tif,0.0006551856640726328
NORMAL/104/OD/012_Normal.tif,NORMAL-104,test,NORMAL,normal,OD,.tif,0.0006334605859592557
NORMAL/104/OD/013_Normal.tif,NORMAL-104,test,NORMAL,normal,OD,.tif,0.0006080361781641841
NORMAL/104/OD/014_Normal.tif,NORMAL-104,test,NORMAL,normal,OD,.tif,0.0006601805216632783
NORMAL/104/OD/015_Normal.tif,NORMAL-104,test,NORMAL,normal,OD,.tif,0.0006638331688009202
NORMAL/104/OD/016_Normal.tif,NORMAL-104,test,NORMAL,normal,OD,.tif,0.0006490146042779088
NORMAL/104/OD/017_Normal.tif,NORMAL-104,test,NORMAL,normal,OD,.tif,0.0007546121487393975
NORMAL/104/OD/018_Normal.tif,NORMAL-104,test,NORMAL,normal,OD,.tif,0.0006738221854902804
NORMAL/104/OD/019_Normal.tif,NORMAL-104,test,NORMAL,normal,OD,.tif,0.0007208437891677022
NORMAL/104/OD/020_Normal.tif,NORMAL-104,test,NORMAL,normal,OD,.tif,0.0007162175606936216
NORMAL/104/OD/021_Normal.tif,NORMAL-104,test,NORMAL,normal,OD,.tif,0.0007107675774022937
NORMAL/104/OD/022_Normal.tif,NORMAL-104,test,NORMAL,normal,OD,.tif,0.0006927362410351634
NORMAL/104/OD/023_Normal.tif,NORMAL-104,test,NORMAL,normal,OD,.tif,0.0007441253401339054
NORMAL/104/OD/024_Normal.tif,NORMAL-104,test,NORMAL,normal,OD,.tif,0.0005888196174055338
NORMAL/104/OD/025_Normal.tif,NORMAL-104,test,NORMAL,normal,OD,.tif,0.0006289516459219158
NORMAL/104/OD/026_Normal.tif,NORMAL-104,test,NORMAL,normal,OD,.tif,0.0006667570560239255
NORMAL/104/OD/027_Normal.tif,NORMAL-104,test,NORMAL,normal,OD,.tif,0.0006073651020415127
NORMAL/104/OD/028_Normal.tif,NORMAL-104,test,NORMAL,normal,OD,.tif,0.0005962845752947032
NORMAL/104/OD/029_Normal.tif,NORMAL-104,test,NORMAL,normal,OD,.tif,0.000638636585790664
NORMAL/104/OD/030_Normal.tif,NORMAL-104,test,NORMAL,normal,OD,.tif,0.0006660380167886615
NORMAL/104/OS/000_Normal.tif,NORMAL-104,test,NORMAL,normal,OS,.tif,0.0005439914530143142
NORMAL/104/OS/001_Normal.tif,NORMAL-104,test,NORMAL,normal,OS,.tif,0.00065709458431229
NORMAL/104/OS/002_Normal.tif,NORMAL-104,test,NORMAL,normal,OS,.tif,0.0006523994961753488
NORMAL/104/OS/003_Normal.tif,NORMAL-104,test,NORMAL,normal,OS,.tif,0.000697953044436872
NORMAL/104/OS/004_Normal.tif,NORMAL-104,test,NORMAL,normal,OS,.tif,0.0006792342755943537
NORMAL/104/OS/005_Normal.tif,NORMAL-104,test,NORMAL,normal,OS,.tif,0.0006040424341335893
NORMAL/104/OS/006_Normal.tif,NORMAL-104,test,NORMAL,normal,OS,.tif,0.0008096516830846667
NORMAL/104/OS/007_Normal.tif,NORMAL-104,test,NORMAL,normal,OS,.tif,0.0007555130869150162
NORMAL/104/OS/008_Normal.tif,NORMAL-104,test,NORMAL,normal,OS,.tif,0.0008750407141633332
NORMAL/104/OS/009_Normal.tif,NORMAL-104,test,NORMAL,normal,OS,.tif,0.000791093974839896
NORMAL/104/OS/010_Normal.tif,NORMAL-104,test,NORMAL,normal,OS,.tif,0.0006485021440312266
NORMAL/104/OS/011_Normal.tif,NORMAL-104,test,NORMAL,normal,OS,.tif,0.0007145283743739128
NORMAL/104/OS/012_Normal.tif,NORMAL-104,test,NORMAL,normal,OS,.tif,0.0007529463618993759
NORMAL/104/OS/013_Normal.tif,NORMAL-104,test,NORMAL,normal,OS,.tif,0.0007427842356264591
NORMAL/104/OS/014_Normal.tif,NORMAL-104,test,NORMAL,normal,OS,.tif,0.0006948657683096826
NORMAL/104/OS/015_Normal.tif,NORMAL-104,test,NORMAL,normal,OS,.tif,0.0006816377863287926
NORMAL/104/OS/016_Normal.tif,NORMAL-104,test,NORMAL,normal,OS,.tif,0.0006847780314274132
NORMAL/104/OS/017_Normal.tif,NORMAL-104,test,NORMAL,normal,OS,.tif,0.0007202662527561188
NORMAL/104/OS/018_Normal.tif,NORMAL-104,test,NORMAL,normal,OS,.tif,0.0005875584902241826
NORMAL/104/OS/019_Normal.tif,NORMAL-104,test,NORMAL,normal,OS,.tif,0.0006552970735356212
NORMAL/104/OS/020_Normal.tif,NORMAL-104,test,NORMAL,normal,OS,.tif,0.0008467717561870813
NORMAL/104/OS/021_Normal.tif,NORMAL-104,test,NORMAL,normal,OS,.tif,0.0008410636219196022
NORMAL/104/OS/022_Normal.tif,NORMAL-104,test,NORMAL,normal,OS,.tif,0.0007577959331683815
NORMAL/104/OS/023_Normal.tif,NORMAL-104,test,NORMAL,normal,OS,.tif,0.000724041776265949
NORMAL/104/OS/024_Normal.tif,NORMAL-104,test,NORMAL,normal,OS,.tif,0.0006978869205340743
NORMAL/104/OS/025_Normal.tif,NORMAL-104,test,NORMAL,normal,OS,.tif,0.0006142479833215475
NORMAL/104/OS/026_Normal.tif,NORMAL-104,test,NORMAL,normal,OS,.tif,0.0006425426108762622
NORMAL/104/OS/027_Normal.tif,NORMAL-104,test,NORMAL,normal,OS,.tif,0.0007657158421352506
NORMAL/104/OS/028_Normal.tif,NORMAL-104,test,NORMAL,normal,OS,.tif,0.0006942730396986008
NORMAL/104/OS/029_Normal.tif,NORMAL-104,test,NORMAL,normal,OS,.tif,0.0006699839141219854
NORMAL/104/OS/030_Normal.tif,NORMAL-104,test,NORMAL,normal,OS,.tif,0.0005834687617607415
NORMAL/108/OD/000_Normal.tif,NORMAL-108,test,NORMAL,normal,OD,.tif,0.0009080791496671736
NORMAL/108/OD/001_Normal.tif,NORMAL-108,test,NORMAL,normal,OD,.tif,0.000818474858533591
NORMAL/108/OD/002_Normal.tif,NORMAL-108,test,NORMAL,normal,OD,.tif,0.0006280835368670523
NORMAL/108/OD/003_Normal.tif,NORMAL-108,test,NORMAL,normal,OD,.tif,0.0008192725945264101
NORMAL/108/OD/004_Normal.tif,NORMAL-108,test,NORMAL,normal,OD,.tif,0.0008290567202493548
NORMAL/108/OD/005_Normal.tif,NORMAL-108,test,NORMAL,normal,OD,.tif,0.0008336069295182824
NORMAL/108/OD/006_Normal.tif,NORMAL-108,test,NORMAL,normal,OD,.tif,0.0010376155842095613
NORMAL/108/OD/007_Normal.tif,NORMAL-108,test,NORMAL,normal,OD,.tif,0.0012066857889294624
NORMAL/108/OD/008_Normal.tif,NORMAL-108,test,NORMAL,normal,OD,.tif,0.0009157863678410649
NORMAL/108/OD/009_Normal.tif,NORMAL-108,test,NORMAL,normal,OD,.tif,0.0010843976633623242
NORMAL/108/OD/010_Normal.tif,NORMAL-108,test,NORMAL,normal,OD,.tif,0.0011249656090512872
NORMAL/108/OD/011_Normal.tif,NORMAL-108,test,NORMAL,normal,OD,.tif,0.0009980796603485942
NORMAL/108/OD/012_Normal.tif,NORMAL-108,test,NORMAL,normal,OD,.tif,0.0012139712926000357
NORMAL/108/OD/013_Normal.tif,NORMAL-108,test,NORMAL,normal,OD,.tif,0.0011334496084600687
NORMAL/108/OD/014_Normal.tif,NORMAL-108,test,NORMAL,normal,OD,.tif,0.0010523353703320026
NORMAL/108/OD/015_Normal.tif,NORMAL-108,test,NORMAL,normal,OD,.tif,0.001057368703186512
NORMAL/108/OD/016_Normal.tif,NORMAL-108,test,NORMAL,normal,OD,.tif,0.0009410092025063932
NORMAL/108/OD/017_Normal.tif,NORMAL-108,test,NORMAL,normal,OD,.tif,0.0007968663121573627
NORMAL/108/OD/018_Normal.tif,NORMAL-108,test,NORMAL,normal,OD,.tif,0.0008270082180388272
NORMAL/108/OD/019_Normal.tif,NORMAL-108,test,NORMAL,normal,OD,.tif,0.001351404469460249
NORMAL/108/OD/020_Normal.tif,NORMAL-108,test,NORMAL,normal,OD,.tif,0.0010926368413493037
NORMAL/108/OD/021_Normal.tif,NORMAL-108,test,NORMAL,normal,OD,.tif,0.001007012790068984
NORMAL/108/OD/022_Normal.tif,NORMAL-108,test,NORMAL,normal,OD,.tif,0.0008384019020013511
NORMAL/108/OD/023_Normal.tif,NORMAL-108,test,NORMAL,normal,OD,.tif,0.0009789089672267437
NORMAL/108/OD/024_Normal.tif,NORMAL-108,test,NORMAL,normal,OD,.tif,0.0011667474173009396
NORMAL/108/OD/025_Normal.tif,NORMAL-108,test,NORMAL,normal,OD,.tif,0.0011750940466299653
NORMAL/108/OD/026_Normal.tif,NORMAL-108,test,NORMAL,normal,OD,.tif,0.0011438267538323998
NORMAL/108/OD/027_Normal.tif,NORMAL-108,test,NORMAL,normal,OD,.tif,0.0010283152805641294
NORMAL/108/OD/028_Normal.tif,NORMAL-108,test,NORMAL,normal,OD,.tif,0.0009753399062901735
NORMAL/108/OD/029_Normal.tif,NORMAL-108,test,NORMAL,normal,OD,.tif,0.0008507060701958835
NORMAL/108/OD/030_Normal.tif,NORMAL-108,test,NORMAL,normal,OD,.tif,0.001185097498819232
NORMAL/108/OS/000_Normal.tif,NORMAL-108,test,NORMAL,normal,OS,.tif,0.0007090814760886133
NORMAL/108/OS/001_Normal.tif,NORMAL-108,test,NORMAL,normal,OS,.tif,0.0006437479169107974
NORMAL/108/OS/002_Normal.tif,NORMAL-108,test,NORMAL,normal,OS,.tif,0.0006983084022067487
NORMAL/108/OS/003_Normal.tif,NORMAL-108,test,NORMAL,normal,OS,.tif,0.000641536433249712
NORMAL/108/OS/004_Normal.tif,NORMAL-108,test,NORMAL,normal,OS,.tif,0.0007886259700171649
NORMAL/108/OS/005_Normal.tif,NORMAL-108,test,NORMAL,normal,OS,.tif,0.0008219970623031259
NORMAL/108/OS/006_Normal.tif,NORMAL-108,test,NORMAL,normal,OS,.tif,0.0007214848883450031
NORMAL/108/OS/007_Normal.tif,NORMAL-108,test,NORMAL,normal,OS,.tif,0.001153289689682424
NORMAL/108/OS/008_Normal.tif,NORMAL-108,test,NORMAL,normal,OS,.tif,0.0010744673199951649
NORMAL/108/OS/009_Normal.tif,NORMAL-108,test,NORMAL,normal,OS,.tif,0.0009964321507140994
NORMAL/108/OS/010_Normal.tif,NORMAL-108,test,NORMAL,normal,OS,.tif,0.0008666809881106019
NORMAL/108/OS/011_Normal.tif,NORMAL-108,test,NORMAL,normal,OS,.tif,0.0012145881773903966
NORMAL/108/OS/012_Normal.tif,NORMAL-108,test,NORMAL,normal,OS,.tif,0.0008374915341846645
NORMAL/108/OS/013_Normal.tif,NORMAL-108,test,NORMAL,normal,OS,.tif,0.0008450314635410905
NORMAL/108/OS/014_Normal.tif,NORMAL-108,test,NORMAL,normal,OS,.tif,0.0008391380542889237
NORMAL/108/OS/015_Normal.tif,NORMAL-108,test,NORMAL,normal,OS,.tif,0.0007742266170680523
NORMAL/108/OS/016_Normal.tif,NORMAL-108,test,NORMAL,normal,OS,.tif,0.0008948309696279466
NORMAL/108/OS/017_Normal.tif,NORMAL-108,test,NORMAL,normal,OS,.tif,0.0008450323366560042
NORMAL/108/OS/018_Normal.tif,NORMAL-108,test,NORMAL,normal,OS,.tif,0.001122387358918786
NORMAL/108/OS/019_Normal.tif,NORMAL-108,test,NORMAL,normal,OS,.tif,0.0009403068688698113
NORMAL/108/OS/020_Normal.tif,NORMAL-108,test,NORMAL,normal,OS,.tif,0.0007774645928293467
NORMAL/108/OS/021_Normal.tif,NORMAL-108,test,NORMAL,normal,OS,.tif,0.0008681468898430467
NORMAL/108/OS/022_Normal.tif,NORMAL-108,test,NORMAL,normal,OS,.tif,0.0007817083387635648
NORMAL/108/OS/023_Normal.tif,NORMAL-108,test,NORMAL,normal,OS,.tif,0.0007440363406203687
NORMAL/108/OS/024_Normal.tif,NORMAL-108,test,NORMAL,normal,OS,.tif,0.0007702016155235469
NORMAL/108/OS/025_Normal.tif,NORMAL-108,test,NORMAL,normal,OS,.tif,0.0006317055667750537
NORMAL/108/OS/026_Normal.tif,NORMAL-108,test,NORMAL,normal,OS,.tif,0.000609978917054832
NORMAL/108/OS/027_Normal.tif,NORMAL-108,test,NORMAL,normal,OS,.tif,0.0006058687577024102
NORMAL/108/OS/028_Normal.tif,NORMAL-108,test,NORMAL,normal,OS,.tif,0.0006480192532762885
NORMAL/108/OS/029_Normal.tif,NORMAL-108,test,NORMAL,normal,OS,.tif,0.0007161297253333032
NORMAL/108/OS/030_Normal.tif,NORMAL-108,test,NORMAL,normal,OS,.tif,0.0007152223261073232
CNV/159/000_Drusen.tif,CNV-159,excluded,CNV,drusen,OD,.tif,0.0009153146529570222
CNV/159/001_Drusen.tif,CNV-159,excluded,CNV,drusen,OD,.tif,0.0008608694188296795
CNV/159/002_CNV.tif,CNV-159,excluded,CNV,cnv,OD,.tif,0.0008610835066065192
CNV/159/003_CNV.tif,CNV-159,excluded,CNV,cnv,OD,.tif,0.0008856072672642767
CNV/159/004_CNV.tif,CNV-159,excluded,CNV,cnv,OD,.tif,0.0009350361651740968
CNV/159/005_CNV.tif,CNV-159,excluded,CNV,cnv,OD,.tif,0.0010348857613280416
CNV/159/006_CNV.tif,CNV-159,excluded,CNV,cnv,OD,.tif,0.0009721642709337175
CNV/159/007_CNV.tif,CNV-159,excluded,CNV,cnv,OD,.tif,0.000855240214150399
CNV/159/008_CNV.tif,CNV-159,excluded,CNV,cnv,OD,.tif,0.0011114677181467414
CNV/159/009_CNV.tif,CNV-159,excluded,CNV,cnv,OD,.tif,0.0011298428289592266
CNV/159/010_CNV.tif,CNV-159,excluded,CNV,cnv,OD,.tif,0.0010346407070755959
CNV/159/011_CNV.tif,CNV-159,excluded,CNV,cnv,OD,.tif,0.0010138130746781826
CNV/159/012_CNV.tif,CNV-159,excluded,CNV,cnv,OD,.tif,0.0008028761949390173
CNV/159/013_CNV.tif,CNV-159,excluded,CNV,cnv,OD,.tif,0.000932348775677383
CNV/159/014_CNV.tif,CNV-159,excluded,CNV,cnv,OD,.tif,0.001058066263794899
CNV/159/015_CNV.tif,CNV-159,excluded,CNV,cnv,OD,.tif,0.0010865015210583806
CNV/159/016_CNV.tif,CNV-159,excluded,CNV,cnv,OD,.tif,0.0009186954703181982
CNV/159/017_CNV.tif,CNV-159,excluded,CNV,cnv,OD,.tif,0.0010432458948343992
CNV/159/020_CNV.tif,CNV-159,excluded,CNV,cnv,OD,.tif,0.0010199061362072825
CNV/159/021_CNV.tif,CNV-159,excluded,CNV,cnv,OD,.tif,0.0011323736980557442
CNV/159/022_CNV.tif,CNV-159,excluded,CNV,cnv,OD,.tif,0.0010256135137751698
CNV/159/023_CNV.tif,CNV-159,excluded,CNV,cnv,OD,.tif,0.001025569741614163
CNV/159/024_CNV.tif,CNV-159,excluded,CNV,cnv,OD,.tif,0.0009807590395212173
CNV/159/025_CNV.tif,CNV-159,excluded,CNV,cnv,OD,.tif,0.000930825131945312
CNV/159/026_Drusen.tif,CNV-159,excluded,CNV,drusen,OD,.tif,0.0009478377760387957
CNV/159/027_Drusen.tif,CNV-159,excluded,CNV,drusen,OD,.tif,0.0009381684940308332
CNV/159/028_Drusen.tif,CNV-159,excluded,CNV,drusen,OD,.tif,0.0009171857382170856
CNV/159/029_Drusen.tif,CNV-159,excluded,CNV,drusen,OD,.tif,0.0009189905249513686
CNV/159/030_Drusen.tif,CNV-159,excluded,CNV,drusen,OD,.tif,0.0009002738515846431
CNV/160/000_Drusen.tif,CNV-160,excluded,CNV,drusen,OD,.tif,0.0007858661119826138
CNV/160/001_CNV.tif,CNV-160,excluded,CNV,cnv,OD,.tif,0.0007894945447333157
CNV/160/002_CNV.tif,CNV-160,excluded,CNV,cnv,OD,.tif,0.000866101065184921
CNV/160/003_CNV.tif,CNV-160,excluded,CNV,cnv,OD,.tif,0.0009048104984685779
CNV/160/004_CNV.tif,CNV-160,excluded,CNV,cnv,OD,.tif,0.0009114367421716452
CNV/160/005_CNV.tif,CNV-160,excluded,CNV,cnv,OD,.tif,0.0009583533392287791
CNV/160/006_CNV.tif,CNV-160,excluded,CNV,cnv,OD,.tif,0.00092228566063568
CNV/160/007_CNV.tif,CNV-160,excluded,CNV,cnv,OD,.tif,0.0011427815770730376
CNV/160/008_CNV.tif,CNV-160,excluded,CNV,cnv,OD,.tif,0.0010169039014726877
CNV/160/009_CNV.tif,CNV-160,excluded,CNV,cnv,OD,.tif,0.0010338646825402975
CNV/160/010_CNV.tif,CNV-160,excluded,CNV,cnv,OD,.tif,0.0009152005077339709
CNV/160/011_CNV.tif,CNV-160,excluded,CNV,cnv,OD,.tif,0.000986449420452118
CNV/160/012_CNV.tif,CNV-160,excluded,CNV,cnv,OD,.tif,0.0010228853207081556
CNV/160/013_CNV.tif,CNV-160,excluded,CNV,cnv,OD,.tif,0.0010247444733977318
CNV/160/014_CNV.tif,CNV-160,excluded,CNV,cnv,OD,.tif,0.0010291452053934336
CNV/160/015_CNV.tif,CNV-160,excluded,CNV,cnv,OD,.tif,0.0008221026510000229
CNV/160/016_CNV.tif,CNV-160,excluded,CNV,cnv,OD,.tif,0.0009805288864299655
CNV/160/017_CNV.tif,CNV-160,excluded,CNV,cnv,OD,.tif,0.0010085290996357799
CNV/160/018_CNV.tif,CNV-160,excluded,CNV,cnv,OD,.tif,0.0009151251288130879
CNV/160/019_CNV.tif,CNV-160,excluded,CNV,cnv,OD,.tif,0.0010053184814751148
CNV/160/020_CNV.tif,CNV-160,excluded,CNV,cnv,OD,.tif,0.001016787369735539
CNV/160/021_CNV.tif,CNV-160,excluded,CNV,cnv,OD,.tif,0.0010167737491428852
CNV/160/022_CNV.tif,CNV-160,excluded,CNV,cnv,OD,.tif,0.0009754226775839925
CNV/160/023_CNV.tif,CNV-160,excluded,CNV,cnv,OD,.tif,0.0008907524752430618
CNV/160/024_Drusen.tif,CNV-160,excluded,CNV,drusen,OD,.tif,0.0008660873863846064
CNV/160/025_Drusen.tif,CNV-160,excluded,CNV,drusen,OD,.tif,0.000860998872667551
CNV/160/026_Drusen.tif,CNV-160,excluded,CNV,drusen,OD,.tif,0.0007824988570064306
CNV/160/027_Drusen.tif,CNV-160,excluded,CNV,drusen,OD,.tif,0.0007464835653081536
CNV/160/028_Drusen.tif,CNV-160,excluded,CNV,drusen,OD,.tif,0.0007685682503506541
CNV/160/029_Drusen.tif,CNV-160,excluded,CNV,drusen,OD,.tif,0.0007977434433996677
CNV/160/030_Drusen.tif,CNV-160,excluded,CNV,drusen,OD,.tif,0.000865635578520596
CNV/161/000_Drusen.tif,CNV-161,excluded,CNV,drusen,OD,.tif,0.0008416047785431147
CNV/161/001_Drusen.tif,CNV-161,excluded,CNV,drusen,OD,.tif,0.000854319310747087
CNV/161/002_CNV.tif,CNV-161,excluded,CNV,cnv,OD,.tif,0.0009542818879708648
CNV/161/003_CNV.tif,CNV-161,excluded,CNV,cnv,OD,.tif,0.0009189707925543189
CNV/161/004_CNV.tif,CNV-161,excluded,CNV,cnv,OD,.tif,0.0008638384169898927
CNV/161/005_CNV.tif,CNV-161,excluded,CNV,cnv,OD,.tif,0.0007907291874289513
CNV/161/006_CNV.tif,CNV-161,excluded,CNV,cnv,OD,.tif,0.0008056738297455013
CNV/161/007_CNV.tif,CNV-161,excluded,CNV,cnv,OD,.tif,0.0008145926403813064
CNV/161/008_CNV.tif,CNV-161,excluded,CNV,cnv,OD,.tif,0.0008469867170788348
CNV/161/009_CNV.tif,CNV-161,excluded,CNV,cnv,OD,.tif,0.0008603930473327637
CNV/161/010_CNV.tif,CNV-161,excluded,CNV,cnv,OD,.tif,0.0009828484617173672
CNV/161/011_CNV.tif,CNV-161,excluded,CNV,cnv,OD,.tif,0.0010432160925120115
CNV/161/012_CNV.tif,CNV-161,excluded,CNV,cnv,OD,.tif,0.0009827993344515562
CNV/161/013_CNV.tif,CNV-161,excluded,CNV,cnv,OD,.tif,0.0009188826661556959
CNV/161/014_CNV.tif,CNV-161,excluded,CNV,cnv,OD,.tif,0.0008621510351076722
CNV/161/015_CNV.tif,CNV-161,excluded,CNV,cnv,OD,.tif,0.0009320267126895487
CNV/161/016_CNV.tif,CNV-161,excluded,CNV,cnv,OD,.tif,0.0008692187839187682
CNV/161/017_CNV.tif,CNV-161,excluded,CNV,cnv,OD,.tif,0.0008748288382776082
CNV/161/018_CNV.tif,CNV-161,excluded,CNV,cnv,OD,.tif,0.0009222457883879542
CNV/161/019_CNV.tif,CNV-161,excluded,CNV,cnv,OD,.tif,0.0009269699221476912
CNV/161/020_CNV.tif,CNV-161,excluded,CNV,cnv,OD,.tif,0.0009554103598929942
CNV/161/021_CNV.tif,CNV-161,excluded,CNV,cnv,OD,.tif,0.001010419917292893
CNV/161/022_CNV.tif,CNV-161,excluded,CNV,cnv,OD,.tif,0.000983080011792481
CNV/161/023_Drusen.tif,CNV-161,excluded,CNV,drusen,OD,.tif,0.0011040332028642297
CNV/161/024_Drusen.tif,CNV-161,excluded,CNV,drusen,OD,.tif,0.000960458186455071
CNV/161/025_Drusen.tif,CNV-161,excluded,CNV,drusen,OD,.tif,0.0008908520685508847
CNV/161/026_Drusen.tif,CNV-161,excluded,CNV,drusen,OD,.tif,0.0008595504914410412
CNV/161/027_Drusen.tif,CNV-161,excluded,CNV,drusen,OD,.tif,0.0009100547758862376
CNV/161/028_Drusen.tif,CNV-161,excluded,CNV,drusen,OD,.tif,0.0009168068645521998
CNV/161/029_Drusen.tif,CNV-161,excluded,CNV,drusen,OD,.tif,0.0009406654862686992
CNV/161/030_Drusen.tif,CNV-161,excluded,CNV,drusen,OD,.tif,0.0008831489831209183
DRUSEN/157/000_Normal.tif,DRUSEN-157,excluded,DRUSEN,normal,OD,.tif,0.0010425782529637218
DRUSEN/157/001_Normal.tif,DRUSEN-157,excluded,DRUSEN,normal,OD,.tif,0.0010068919509649277
DRUSEN/157/002_Normal.tif,DRUSEN-157,excluded,DRUSEN,normal,OD,.tif,0.0010994818294420838
DRUSEN/157/003_Normal.tif,DRUSEN-157,excluded,DRUSEN,normal,OD,.tif,0.0010737323900684714
DRUSEN/157/004_Normal.tif,DRUSEN-157,excluded,DRUSEN,normal,OD,.tif,0.0010004885261878371
DRUSEN/157/005_Drusen.tif,DRUSEN-157,excluded,DRUSEN,drusen,OD,.tif,0.0008577104890719056
DRUSEN/157/006_Drusen.tif,DRUSEN-157,excluded,DRUSEN,drusen,OD,.tif,0.0009402541909366846
DRUSEN/157/007_Drusen.tif,DRUSEN-157,excluded,DRUSEN,drusen,OD,.tif,0.0010129852453246713
DRUSEN/157/008_Drusen.tif,DRUSEN-157,excluded,DRUSEN,drusen,OD,.tif,0.0009827419416978955
DRUSEN/157/009_Drusen.tif,DRUSEN-157,excluded,DRUSEN,drusen,OD,.tif,0.0009599922341294587
DRUSEN/157/010_Drusen.tif,DRUSEN-157,excluded,DRUSEN,drusen,OD,.tif,0.0009706224664114416
DRUSEN/157/011_Drusen.tif,DRUSEN-157,excluded,DRUSEN,drusen,OD,.tif,0.000832358084153384
DRUSEN/157/012_Drusen.tif,DRUSEN-157,excluded,DRUSEN,drusen,OD,.tif,0.0008811352890916169
DRUSEN/157/013_Drusen.tif,DRUSEN-157,excluded,DRUSEN,drusen,OD,.tif,0.0008742743520997465
DRUSEN/157/014_Drusen.tif,DRUSEN-157,excluded,DRUSEN,drusen,OD,.tif,0.0009255149052478373
DRUSEN/157/015_Drusen.tif,DRUSEN-157,excluded,DRUSEN,drusen,OD,.tif,0.0008979979320429265
DRUSEN/157/016_Drusen.tif,DRUSEN-157,excluded,DRUSEN,drusen,OD,.tif,0.0008863052353262901
DRUSEN/157/017_Drusen.tif,DRUSEN-157,excluded,DRUSEN,drusen,OD,.tif,0.0009381019044667482
DRUSEN/157/018_Drusen.tif,DRUSEN-157,excluded,DRUSEN,drusen,OD,.tif,0.00084995839279145
DRUSEN/157/019_Drusen.tif,DRUSEN-157,excluded,DRUSEN,drusen,OD,.tif,0.0008805139805190265
DRUSEN/157/020_Drusen.tif,DRUSEN-157,excluded,DRUSEN,drusen,OD,.tif,0.0009034437825903296
DRUSEN/157/021_Drusen.tif,DRUSEN-157,excluded,DRUSEN,drusen,OD,.tif,0.0008653628756292164
DRUSEN/157/022_Normal.tif,DRUSEN-157,excluded,DRUSEN,normal,OD,.tif,0.0008967111352831125
DRUSEN/157/023_Drusen.tif,DRUSEN-157,excluded,DRUSEN,drusen,OD,.tif,0.0009163953945972025
DRUSEN/157/024_Drusen.tif,DRUSEN-157,excluded,DRUSEN,drusen,OD,.tif,0.0009266819688491523
DRUSEN/158/000_Drusen.tif,DRUSEN-158,excluded,DRUSEN,drusen,OD,.tif,0.0009513199329376221
DRUSEN/158/001_Normal.tif,DRUSEN-158,excluded,DRUSEN,normal,OD,.tif,0.0009642979712225497
DRUSEN/158/002_Normal.tif,DRUSEN-158,excluded,DRUSEN,normal,OD,.tif,0.0009603022481314838
DRUSEN/158/003_Normal.tif,DRUSEN-158,excluded,DRUSEN,normal,OD,.tif,0.0009878822602331638
DRUSEN/158/004_Normal.tif,DRUSEN-158,excluded,DRUSEN,normal,OD,.tif,0.0009934972040355206
DRUSEN/158/005_Normal.tif,DRUSEN-158,excluded,DRUSEN,normal,OD,.tif,0.0009981096955016255
DRUSEN/158/006_Normal.tif,DRUSEN-158,excluded,DRUSEN,normal,OD,.tif,0.0009953841799870133
DRUSEN/158/007_Drusen.tif,DRUSEN-158,excluded,DRUSEN,drusen,OD,.tif,0.0009958604350686073
DRUSEN/158/008_Drusen.tif,DRUSEN-158,excluded,DRUSEN,drusen,OD,.tif,0.0009638436022214592
DRUSEN/158/009_Normal.tif,DRUSEN-158,excluded,DRUSEN,normal,OD,.tif,0.0009564157808199525
DRUSEN/158/010_Drusen.tif,DRUSEN-158,excluded,DRUSEN,drusen,OD,.tif,0.0009484743350185454
DRUSEN/158/011_Drusen.tif,DRUSEN-158,excluded,DRUSEN,drusen,OD,.tif,0.0009515474084764719
DRUSEN/158/012_Drusen.tif,DRUSEN-158,excluded,DRUSEN,drusen,OD,.tif,0.0009563086205162108
DRUSEN/158/013_Drusen.tif,DRUSEN-158,excluded,DRUSEN,drusen,OD,.tif,0.0009261486120522022
DRUSEN/158/014_Drusen.tif,DRUSEN-158,excluded,DRUSEN,drusen,OD,.tif,0.0009262686944566667
DRUSEN/158/015_Drusen.tif,DRUSEN-158,excluded,DRUSEN,drusen,OD,.tif,0.0009418411063961685
DRUSEN/158/016_Drusen.tif,DRUSEN-158,excluded,DRUSEN,drusen,OD,.tif,0.0009028792264871299
DRUSEN/158/017_Drusen.tif,DRUSEN-158,excluded,DRUSEN,drusen,OD,.tif,0.0009299403754994273
DRUSEN/158/018_Drusen.tif,DRUSEN-158,excluded,DRUSEN,drusen,OD,.tif,0.0009725348209030926
DRUSEN/158/019_Drusen.tif,DRUSEN-158,excluded,DRUSEN,drusen,OD,.tif,0.0009688138961791992
DRUSEN/158/020_Drusen.tif,DRUSEN-158,excluded,DRUSEN,drusen,OD,.tif,0.001026494661346078
DRUSEN/158/021_Drusen.tif,DRUSEN-158,excluded,DRUSEN,drusen,OD,.tif,0.0010455395095050335
DRUSEN/158/022_Drusen.tif,DRUSEN-158,excluded,DRUSEN,drusen,OD,.tif,0.0010583146940916777
DRUSEN/158/023_Drusen.tif,DRUSEN-158,excluded,DRUSEN,drusen,OD,.tif,0.0010320019209757447
DRUSEN/158/024_Drusen.tif,DRUSEN-158,excluded,DRUSEN,drusen,OD,.tif,0.0010360657470300794
DRUSEN/158/025_Drusen.tif,DRUSEN-158,excluded,DRUSEN,drusen,OD,.tif,0.0010023516369983554
DRUSEN/158/026_Drusen.tif,DRUSEN-158,excluded,DRUSEN,drusen,OD,.tif,0.0010307381162419915
DRUSEN/158/027_Normal.tif,DRUSEN-158,excluded,DRUSEN,normal,OD,.tif,0.001017273054458201
DRUSEN/158/028_Drusen.tif,DRUSEN-158,excluded,DRUSEN,drusen,OD,.tif,0.0010393967386335135
DRUSEN/158/029_Drusen.tif,DRUSEN-158,excluded,DRUSEN,drusen,OD,.tif,0.0010349797084927559
DRUSEN/158/030_Drusen.tif,DRUSEN-158,excluded,DRUSEN,drusen,OD,.tif,0.0010237712413072586
DRUSEN/159/000_DRusen.tif,DRUSEN-159,excluded,DRUSEN,drusen,OS,.tif,0.0007973953033797443
DRUSEN/159/001_DRusen.tif,DRUSEN-159,excluded,DRUSEN,drusen,OS,.tif,0.0007683698204346001
DRUSEN/159/002_DRusen.tif,DRUSEN-159,excluded,DRUSEN,drusen,OS,.tif,0.0007772588287480175
DRUSEN/159/003_DRusen.tif,DRUSEN-159,excluded,DRUSEN,drusen,OS,.tif,0.0008009928278625011
DRUSEN/159/004_DRusen.tif,DRUSEN-159,excluded,DRUSEN,drusen,OS,.tif,0.0007623608689755201
DRUSEN/159/005_DRusen.tif,DRUSEN-159,excluded,DRUSEN,drusen,OS,.tif,0.0007767821662127972
DRUSEN/159/006_DRusen.tif,DRUSEN-159,excluded,DRUSEN,drusen,OS,.tif,0.0008170431246981025
DRUSEN/159/007_DRusen.tif,DRUSEN-159,excluded,DRUSEN,drusen,OS,.tif,0.0009797970997169614
DRUSEN/159/008_DRusen.tif,DRUSEN-159,excluded,DRUSEN,drusen,OS,.tif,0.00090568489395082
DRUSEN/159/009_DRusen.tif,DRUSEN-159,excluded,DRUSEN,drusen,OS,.tif,0.0008815483306534588
DRUSEN/159/010_DRusen.tif,DRUSEN-159,excluded,DRUSEN,drusen,OS,.tif,0.0008722541970200837
DRUSEN/159/011_DRusen.tif,DRUSEN-159,excluded,DRUSEN,drusen,OS,.tif,0.0008635723497718573
DRUSEN/159/012_DRusen.tif,DRUSEN-159,excluded,DRUSEN,drusen,OS,.tif,0.0010018402244895697
DRUSEN/159/013_DRusen.tif,DRUSEN-159,excluded,DRUSEN,drusen,OS,.tif,0.0008718408644199371
DRUSEN/159/014_DRusen.tif,DRUSEN-159,excluded,DRUSEN,drusen,OS,.tif,0.0008074342040345073
DRUSEN/159/015_DRusen.tif,DRUSEN-159,excluded,DRUSEN,drusen,OS,.tif,0.0008000822272151709
DRUSEN/159/016_DRusen.tif,DRUSEN-159,excluded,DRUSEN,drusen,OS,.tif,0.0008329034317284822
DRUSEN/159/017_DRusen.tif,DRUSEN-159,excluded,DRUSEN,drusen,OS,.tif,0.0007733877282589674
DRUSEN/159/018_DRusen.tif,DRUSEN-159,excluded,DRUSEN,drusen,OS,.tif,0.0008479104144498706
DRUSEN/159/019_DRusen.tif,DRUSEN-159,excluded,DRUSEN,drusen,OS,.tif,0.0009383443393744528
DRUSEN/159/020_DRusen.tif,DRUSEN-159,excluded,DRUSEN,drusen,OS,.tif,0.0008904543938115239
DRUSEN/159/021_DRusen.tif,DRUSEN-159,excluded,DRUSEN,drusen,OS,.tif,0.0006884219474159181
DRUSEN/159/022_DRusen.tif,DRUSEN-159,excluded,DRUSEN,drusen,OS,.tif,0.0008472030167467892
DRUSEN/159/023_DRusen.tif,DRUSEN-159,excluded,DRUSEN,drusen,OS,.tif,0.0008357944316230714
DRUSEN/159/024_DRusen.tif,DRUSEN-159,excluded,DRUSEN,drusen,OS,.tif,0.0008305992814712226
DRUSEN/159/025_DRusen.tif,DRUSEN-159,excluded,DRUSEN,drusen,OS,.tif,0.0008611403172835708
DRUSEN/159/026_DRusen.tif,DRUSEN-159,excluded,DRUSEN,drusen,OS,.tif,0.0008312033023685217
DRUSEN/159/027_DRusen.tif,DRUSEN-159,excluded,DRUSEN,drusen,OS,.tif,0.0008404297404922545
DRUSEN/159/028_DRusen.tif,DRUSEN-159,excluded,DRUSEN,drusen,OS,.tif,0.0007888638065196574
DRUSEN/159/029_DRusen.tif,DRUSEN-159,excluded,DRUSEN,drusen,OS,.tif,0.000759015791118145
DRUSEN/159/030_DRusen.tif,DRUSEN-159,excluded,DRUSEN,drusen,OS,.tif,0.0007858014432713389
DRUSEN/160/000_Normal.tif,DRUSEN-160,excluded,DRUSEN,normal,OS,.tif,0.0009418071713298559
DRUSEN/160/001_Normal.tif,DRUSEN-160,excluded,DRUSEN,normal,OS,.tif,0.0008586241165176034
DRUSEN/160/002_Normal.tif,DRUSEN-160,excluded,DRUSEN,normal,OS,.tif,0.0008292185957543552
DRUSEN/160/003_Normal.tif,DRUSEN-160,excluded,DRUSEN,normal,OS,.tif,0.0007335267728194594
DRUSEN/160/004_Normal.tif,DRUSEN-160,excluded,DRUSEN,normal,OS,.tif,0.0007710744976066053
DRUSEN/160/005_Normal.tif,DRUSEN-160,excluded,DRUSEN,normal,OS,.tif,0.0007673585205338895
DRUSEN/160/006_Drusen.tif,DRUSEN-160,excluded,DRUSEN,drusen,OS,.tif,0.0006777515518479049
DRUSEN/160/007_Drusen.tif,DRUSEN-160,excluded,DRUSEN,drusen,OS,.tif,0.0007727831834927201
DRUSEN/160/008_Drusen.tif,DRUSEN-160,excluded,DRUSEN,drusen,OS,.tif,0.0007001612102612853
DRUSEN/160/009_Normal.tif,DRUSEN-160,excluded,DRUSEN,normal,OS,.tif,0.000676599214784801
DRUSEN/160/010_Drusen.tif,DRUSEN-160,excluded,DRUSEN,drusen,OS,.tif,0.0006902486784383655
DRUSEN/160/011_Normal.tif,DRUSEN-160,excluded,DRUSEN,normal,OS,.tif,0.0006941354367882013
DRUSEN/160/012_Drusen.tif,DRUSEN-160,excluded,DRUSEN,drusen,OS,.tif,0.0007152592879720032
DRUSEN/160/013_Drusen.tif,DRUSEN-160,excluded,DRUSEN,drusen,OS,.tif,0.0006889125215820968
DRUSEN/160/014_Normal.tif,DRUSEN-160,excluded,DRUSEN,normal,OS,.tif,0.0006824707379564643
DRUSEN/160/015_Normal.tif,DRUSEN-160,excluded,DRUSEN,normal,OS,.tif,0.0007053136941976845
DRUSEN/160/016_Drusen.tif,DRUSEN-160,excluded,DRUSEN,drusen,OS,.tif,0.0007277083932422101
DRUSEN/160/017_Drusen.tif,DRUSEN-160,excluded,DRUSEN,drusen,OS,.tif,0.0007122387178242207
DRUSEN/160/018_Drusen.tif,DRUSEN-160,excluded,DRUSEN,drusen,OS,.tif,0.0006621271604672074
DRUSEN/160/019_Drusen.tif,DRUSEN-160,excluded,DRUSEN,drusen,OS,.tif,0.0006875600665807724
DRUSEN/160/020_Drusen.tif,DRUSEN-160,excluded,DRUSEN,drusen,OS,.tif,0.0006616831524297595
DRUSEN/160/021_Drusen.tif,DRUSEN-160,excluded,DRUSEN,drusen,OS,.tif,0.0006525539210997522
DRUSEN/160/022_Drusen.tif,DRUSEN-160,excluded,DRUSEN,drusen,OS,.tif,0.0006583817303180695
DRUSEN/160/023_Drusen.tif,DRUSEN-160,excluded,DRUSEN,drusen,OS,.tif,0.0006362409330904484
DRUSEN/160/024_Drusen.tif,DRUSEN-160,excluded,DRUSEN,drusen,OS,.tif,0.0006228383281268179
DRUSEN/160/025_Drusen.tif,DRUSEN-160,excluded,DRUSEN,drusen,OS,.tif,0.0006470283260568976
DRUSEN/160/026_Drusen.tif,DRUSEN-160,excluded,DRUSEN,drusen,OS,.tif,0.0006699216901324689
DRUSEN/160/027_Drusen.tif,DRUSEN-160,excluded,DRUSEN,drusen,OS,.tif,0.0006885445327498019
DRUSEN/160/028_Drusen.tif,DRUSEN-160,excluded,DRUSEN,drusen,OS,.tif,0.0007178569794632494
DRUSEN/160/029_Drusen.tif,DRUSEN-160,excluded,DRUSEN,drusen,OS,.tif,0.000693991023581475
