image_path,patient_id,split,class_folder,bscan_label,eye,ext,score
CNV/1/000_Drusen.jpg,CNV-001,test,CNV,drusen,OS,.jpg,0.17922621965408325
CNV/1/001_Drusen.jpg,CNV-001,test,CNV,drusen,OS,.jpg,0.18418020009994507
CNV/1/002_Drusen.jpg,CNV-001,test,CNV,drusen,OS,.jpg,0.16796395182609558
CNV/1/003_Normal.jpg,CNV-001,test,CNV,normal,OS,.jpg,0.15689072012901306
CNV/1/004_Normal.jpg,CNV-001,val,CNV,normal,OS,.jpg,0.19331488013267517
CNV/1/005_Drusen.jpg,CNV-001,test,CNV,drusen,OS,.jpg,0.16486333310604095
CNV/1/006_Normal.jpg,CNV-001,test,CNV,normal,OS,.jpg,0.19943930208683014
CNV/1/007_Normal.jpg,CNV-001,val,CNV,normal,OS,.jpg,0.20418064296245575
CNV/1/008_Drusen.jpg,CNV-001,test,CNV,drusen,OS,.jpg,0.18523025512695312
CNV/1/009_Drusen.jpg,CNV-001,test,CNV,drusen,OS,.jpg,0.18012771010398865
CNV/1/010_Drusen.jpg,CNV-001,test,CNV,drusen,OS,.jpg,0.26648077368736267
CNV/1/011_CNV.jpg,CNV-001,test,CNV,cnv,OS,.jpg,0.26332950592041016
CNV/1/012_CNV.jpg,CNV-001,test,CNV,cnv,OS,.jpg,0.3453672528266907
CNV/1/013_CNV.jpg,CNV-001,test,CNV,cnv,OS,.jpg,0.26717469096183777
CNV/1/014_CNV.jpg,CNV-001,test,CNV,cnv,OS,.jpg,0.26277434825897217
CNV/1/015_CNV.jpg,CNV-001,test,CNV,cnv,OS,.jpg,0.3260418176651001
CNV/1/016_CNV.jpg,CNV-001,val,CNV,cnv,OS,.jpg,0.2883458137512207
CNV/1/017_CNV.jpg,CNV-001,test,CNV,cnv,OS,.jpg,0.2791275382041931
CNV/1/018_CNV.jpg,CNV-001,test,CNV,cnv,OS,.jpg,0.2904559373855591
CNV/1/019_CNV.jpg,CNV-001,test,CNV,cnv,OS,.jpg,0.26741907000541687
CNV/1/020_CNV.jpg,CNV-001,test,CNV,cnv,OS,.jpg,0.2715277075767517
CNV/1/021_Drusen.jpg,CNV-001,test,CNV,drusen,OS,.jpg,0.21484634280204773
CNV/1/022_Drusen.jpg,CNV-001,test,CNV,drusen,OS,.jpg,0.16292420029640198
CNV/1/023_Normal.jpg,CNV-001,test,CNV,normal,OS,.jpg,0.18690809607505798
CNV/1/024_Normal.jpg,CNV-001,test,CNV,normal,OS,.jpg,0.1546093225479126
CNV/1/025_Normal.jpg,CNV-001,test,CNV,normal,OS,.jpg,0.12329613417387009
CNV/1/026_Normal.jpg,CNV-001,test,CNV,normal,OS,.jpg,0.1113404855132103
CNV/1/027_Normal.jpg,CNV-001,test,CNV,normal,OS,.jpg,0.11736129969358444
CNV/1/028_Normal.jpg,CNV-001,val,CNV,normal,OS,.jpg,0.16757458448410034
CNV/1/029_Normal.jpg,CNV-001,test,CNV,normal,OS,.jpg,0.14554493129253387
CNV/1/030_Normal.jpg,CNV-001,test,CNV,normal,OS,.jpg,0.1841021329164505
CNV/2/000_Normal.jpg,CNV-002,val,CNV,normal,OD,.jpg,0.1348724663257599
CNV/2/001_CNV.jpg,CNV-002,test,CNV,cnv,OD,.jpg,0.12698549032211304
CNV/2/002_CNV.jpg,CNV-002,test,CNV,cnv,OD,.jpg,0.18123281002044678
CNV/2/003_CNV.jpg,CNV-002,test,CNV,cnv,OD,.jpg,0.18213632702827454
CNV/2/004_CNV.jpg,CNV-002,test,CNV,cnv,OD,.jpg,0.19197198748588562
CNV/2/005_CNV.jpg,CNV-002,test,CNV,cnv,OD,.jpg,0.19804158806800842
CNV/2/006_CNV.jpg,CNV-002,test,CNV,cnv,OD,.jpg,0.19684086740016937
CNV/2/007_CNV.jpg,CNV-002,val,CNV,cnv,OD,.jpg,0.22283923625946045
CNV/2/008_CNV.jpg,CNV-002,val,CNV,cnv,OD,.jpg,0.22521507740020752
CNV/2/009_CNV.jpg,CNV-002,val,CNV,cnv,OD,.jpg,0.26213037967681885
CNV/2/010_CNV.jpg,CNV-002,test,CNV,cnv,OD,.jpg,0.24028253555297852
CNV/2/011_CNV.jpg,CNV-002,test,CNV,cnv,OD,.jpg,0.2708595097064972
CNV/2/012_CNV.jpg,CNV-002,test,CNV,cnv,OD,.jpg,0.26473692059516907
CNV/2/013_CNV.jpg,CNV-002,val,CNV,cnv,OD,.jpg,0.27842700481414795
CNV/2/014_CNV.jpg,CNV-002,test,CNV,cnv,OD,.jpg,0.26347172260284424
CNV/2/015_CNV.jpg,CNV-002,test,CNV,cnv,OD,.jpg,0.28637978434562683
CNV/2/016_CNV.jpg,CNV-002,test,CNV,cnv,OD,.jpg,0.20928722620010376
CNV/2/017_CNV.jpg,CNV-002,val,CNV,cnv,OD,.jpg,0.16524367034435272
CNV/2/018_CNV.jpg,CNV-002,val,CNV,cnv,OD,.jpg,0.19126339256763458
CNV/2/019_Drusen.jpg,CNV-002,test,CNV,drusen,OD,.jpg,0.20652265846729279
CNV/2/020_Drusen.jpg,CNV-002,test,CNV,drusen,OD,.jpg,0.17746716737747192
CNV/2/021_Drusen.jpg,CNV-002,test,CNV,drusen,OD,.jpg,0.20228345692157745
CNV/2/022_Normal.jpg,CNV-002,val,CNV,normal,OD,.jpg,0.19496658444404602
CNV/2/023_Normal.jpg,CNV-002,val,CNV,normal,OD,.jpg,0.1549898087978363
CNV/2/024_Normal.jpg,CNV-002,val,CNV,normal,OD,.jpg,0.14106538891792297
CNV/3/OD/000_CNV.jpg,CNV-003,test,CNV,cnv,OD,.jpg,0.3307402729988098
CNV/3/OD/001_CNV.jpg,CNV-003,val,CNV,cnv,OD,.jpg,0.23260033130645752
CNV/3/OD/002_CNV.jpg,CNV-003,test,CNV,cnv,OD,.jpg,0.23721720278263092
CNV/3/OD/003_CNV.jpg,CNV-003,val,CNV,cnv,OD,.jpg,0.2792952358722687
CNV/3/OD/004_CNV.jpg,CNV-003,test,CNV,cnv,OD,.jpg,0.26623842120170593
CNV/3/OD/005_CNV.jpg,CNV-003,val,CNV,cnv,OD,.jpg,0.3395013213157654
CNV/3/OD/006_CNV.jpg,CNV-003,test,CNV,cnv,OD,.jpg,0.2815515995025635
CNV/3/OD/007_CNV.jpg,CNV-003,val,CNV,cnv,OD,.jpg,0.2540043890476227
CNV/3/OD/008_CNV.jpg,CNV-003,test,CNV,cnv,OD,.jpg,0.29742249846458435
CNV/3/OD/009_CNV.jpg,CNV-003,val,CNV,cnv,OD,.jpg,0.38849568367004395
CNV/3/OD/010_CNV.jpg,CNV-003,test,CNV,cnv,OD,.jpg,0.3781045377254486
CNV/3/OD/011_CNV.jpg,CNV-003,test,CNV,cnv,OD,.jpg,0.3350565433502197
CNV/3/OD/012_CNV.jpg,CNV-003,test,CNV,cnv,OD,.jpg,0.3671687841415405
CNV/3/OD/013_CNV.jpg,CNV-003,test,CNV,cnv,OD,.jpg,0.3930518627166748
CNV/3/OD/014_CNV.jpg,CNV-003,test,CNV,cnv,OD,.jpg,0.3633303642272949
CNV/3/OD/015_CNV.jpg,CNV-003,test,CNV,cnv,OD,.jpg,0.3569599986076355
CNV/3/OD/016_CNV.jpg,CNV-003,val,CNV,cnv,OD,.jpg,0.36297765374183655
CNV/3/OD/017_CNV.jpg,CNV-003,test,CNV,cnv,OD,.jpg,0.38322100043296814
CNV/3/OD/018_CNV.jpg,CNV-003,val,CNV,cnv,OD,.jpg,0.36145055294036865
CNV/3/OD/019_CNV.jpg,CNV-003,test,CNV,cnv,OD,.jpg,0.2894638180732727
CNV/3/OD/020_CNV.jpg,CNV-003,val,CNV,cnv,OD,.jpg,0.30912429094314575
CNV/3/OD/021_CNV.jpg,CNV-003,val,CNV,cnv,OD,.jpg,0.28286582231521606
CNV/3/OD/022_CNV.jpg,CNV-003,val,CNV,cnv,OD,.jpg,0.27032670378685
CNV/3/OD/023_CNV.jpg,CNV-003,val,CNV,cnv,OD,.jpg,0.29006582498550415
CNV/3/OD/024_CNV.jpg,CNV-003,val,CNV,cnv,OD,.jpg,0.20949922502040863
CNV/3/OD/025_CNV.jpg,CNV-003,val,CNV,cnv,OD,.jpg,0.20597043633460999
CNV/3/OD/026_CNV.jpg,CNV-003,test,CNV,cnv,OD,.jpg,0.22020253539085388
CNV/3/OD/027_CNV.jpg,CNV-003,val,CNV,cnv,OD,.jpg,0.19712060689926147
CNV/3/OD/028_CNV.jpg,CNV-003,test,CNV,cnv,OD,.jpg,0.17695793509483337
CNV/3/OD/029_CNV.jpg,CNV-003,test,CNV,cnv,OD,.jpg,0.15570878982543945
CNV/3/OD/030_CNV.jpg,CNV-003,test,CNV,cnv,OD,.jpg,0.14540323615074158
CNV/3/OS/000_CNV.jpg,CNV-003,test,CNV,cnv,OS,.jpg,0.23809583485126495
CNV/3/OS/001_CNV.jpg,CNV-003,val,CNV,cnv,OS,.jpg,0.22183750569820404
CNV/3/OS/002_CNV.jpg,CNV-003,test,CNV,cnv,OS,.jpg,0.2695145606994629
CNV/3/OS/003_CNV.jpg,CNV-003,test,CNV,cnv,OS,.jpg,0.24020728468894958
CNV/3/OS/004_CNV.jpg,CNV-003,test,CNV,cnv,OS,.jpg,0.204506516456604
CNV/3/OS/005_CNV.jpg,CNV-003,test,CNV,cnv,OS,.jpg,0.2854939103126526
CNV/3/OS/006_CNV.jpg,CNV-003,test,CNV,cnv,OS,.jpg,0.2579931318759918
CNV/3/OS/007_CNV.jpg,CNV-003,test,CNV,cnv,OS,.jpg,0.24223990738391876
CNV/3/OS/008_CNV.jpg,CNV-003,test,CNV,cnv,OS,.jpg,0.28583210706710815
CNV/3/OS/009_CNV.jpg,CNV-003,val,CNV,cnv,OS,.jpg,0.30162814259529114
CNV/3/OS/010_CNV.jpg,CNV-003,val,CNV,cnv,OS,.jpg,0.3201969265937805
CNV/3/OS/011_CNV.jpg,CNV-003,test,CNV,cnv,OS,.jpg,0.31600576639175415
CNV/3/OS/012_CNV.jpg,CNV-003,test,CNV,cnv,OS,.jpg,0.36171478033065796
CNV/3/OS/013_CNV.jpg,CNV-003,test,CNV,cnv,OS,.jpg,0.34370505809783936
CNV/3/OS/014_CNV.jpg,CNV-003,val,CNV,cnv,OS,.jpg,0.40194499492645264
CNV/3/OS/015_CNV.jpg,CNV-003,test,CNV,cnv,OS,.jpg,0.43310225009918213
CNV/3/OS/016_CNV.jpg,CNV-003,test,CNV,cnv,OS,.jpg,0.3536851406097412
CNV/3/OS/017_CNV.jpg,CNV-003,test,CNV,cnv,OS,.jpg,0.41432616114616394
CNV/3/OS/018_CNV.jpg,CNV-003,val,CNV,cnv,OS,.jpg,0.3081043064594269
CNV/3/OS/019_CNV.jpg,CNV-003,val,CNV,cnv,OS,.jpg,0.3258168399333954
CNV/3/OS/020_CNV.jpg,CNV-003,val,CNV,cnv,OS,.jpg,0.30527085065841675
CNV/3/OS/021_CNV.jpg,CNV-003,val,CNV,cnv,OS,.jpg,0.31784260272979736
CNV/3/OS/022_CNV.jpg,CNV-003,test,CNV,cnv,OS,.jpg,0.3332439661026001
CNV/3/OS/023_CNV.jpg,CNV-003,val,CNV,cnv,OS,.jpg,0.38833004236221313
CNV/3/OS/024_CNV.jpg,CNV-003,test,CNV,cnv,OS,.jpg,0.3618733286857605
CNV/3/OS/025_CNV.jpg,CNV-003,test,CNV,cnv,OS,.jpg,0.3613877296447754
CNV/3/OS/026_CNV.jpg,CNV-003,test,CNV,cnv,OS,.jpg,0.34153759479522705
CNV/3/OS/027_CNV.jpg,CNV-003,test,CNV,cnv,OS,.jpg,0.3158297538757324
CNV/3/OS/028_CNV.jpg,CNV-003,test,CNV,cnv,OS,.jpg,0.2825394868850708
CNV/4/000_Drusen.jpg,CNV-004,val,CNV,drusen,OD,.jpg,0.12498265504837036
CNV/4/001_Normal.jpg,CNV-004,val,CNV,normal,OD,.jpg,0.10460010170936584
CNV/4/002_Normal.jpg,CNV-004,test,CNV,normal,OD,.jpg,0.11797109246253967
CNV/4/003_Normal.jpg,CNV-004,test,CNV,normal,OD,.jpg,0.12817323207855225
CNV/4/004_Normal.jpg,CNV-004,val,CNV,normal,OD,.jpg,0.08377918601036072
CNV/4/005_Normal.jpg,CNV-004,test,CNV,normal,OD,.jpg,0.09003012627363205
CNV/4/006_Normal.jpg,CNV-004,val,CNV,normal,OD,.jpg,0.088664710521698
CNV/4/007_Normal.jpg,CNV-004,test,CNV,normal,OD,.jpg,0.1027364730834961
CNV/4/008_Normal.jpg,CNV-004,test,CNV,normal,OD,.jpg,0.11668166518211365
CNV/4/009_Drusen.jpg,CNV-004,test,CNV,drusen,OD,.jpg,0.10612398386001587
CNV/4/010_CNV.jpg,CNV-004,test,CNV,cnv,OD,.jpg,0.07833246141672134
CNV/4/011_CNV.jpg,CNV-004,test,CNV,cnv,OD,.jpg,0.13149237632751465
CNV/4/012_CNV.jpg,CNV-004,val,CNV,cnv,OD,.jpg,0.2584102153778076
CNV/4/013_CNV.jpg,CNV-004,val,CNV,cnv,OD,.jpg,0.20136922597885132
CNV/4/014_CNV.jpg,CNV-004,test,CNV,cnv,OD,.jpg,0.2048800140619278
CNV/4/015_Drusen.jpg,CNV-004,test,CNV,drusen,OD,.jpg,0.28982266783714294
CNV/4/016_Drusen.jpg,CNV-004,test,CNV,drusen,OD,.jpg,0.30309629440307617
CNV/4/017_Drusen.jpg,CNV-004,test,CNV,drusen,OD,.jpg,0.21915045380592346
CNV/4/018_Drusen.jpg,CNV-004,test,CNV,drusen,OD,.jpg,0.18386001884937286
CNV/4/019_Drusen.jpg,CNV-004,test,CNV,drusen,OD,.jpg,0.14142140746116638
CNV/4/020_Drusen.jpg,CNV-004,test,CNV,drusen,OD,.jpg,0.11376358568668365
CNV/4/021_Drusen.jpg,CNV-004,test,CNV,drusen,OD,.jpg,0.125076562166214
CNV/4/022_Drusen.jpg,CNV-004,val,CNV,drusen,OD,.jpg,0.10079257190227509
CNV/4/023_Drusen.jpg,CNV-004,test,CNV,drusen,OD,.jpg,0.12021622061729431
CNV/4/024_Normal.jpg,CNV-004,test,CNV,normal,OD,.jpg,0.1334078460931778
CNV/4/025_Normal.jpg,CNV-004,test,CNV,normal,OD,.jpg,0.1037663072347641
CNV/4/026_Drusen.jpg,CNV-004,val,CNV,drusen,OD,.jpg,0.12490586936473846
CNV/4/027_Drusen.jpg,CNV-004,val,CNV,drusen,OD,.jpg,0.09866824746131897
CNV/4/028_Drusen.jpg,CNV-004,test,CNV,drusen,OD,.jpg,0.11969324946403503
CNV/4/029_Drusen.jpg,CNV-004,test,CNV,drusen,OD,.jpg,0.1086440458893776
CNV/4/030_Normal.jpg,CNV-004,test,CNV,normal,OD,.jpg,0.11042016744613647
CNV/5/000_Normal.tif,CNV-005,test,CNV,normal,OD,.tif,0.21994289755821228
CNV/5/001_Normal.tif,CNV-005,val,CNV,normal,OD,.tif,0.21254289150238037
CNV/5/002_Normal.tif,CNV-005,val,CNV,normal,OD,.tif,0.28269797563552856
CNV/5/003_Normal.tif,CNV-005,val,CNV,normal,OD,.tif,0.21672269701957703
CNV/5/004_Normal.tif,CNV-005,test,CNV,normal,OD,.tif,0.19948595762252808
CNV/5/005_Normal.tif,CNV-005,val,CNV,normal,OD,.tif,0.22879306972026825
CNV/5/006_Drusen.tif,CNV-005,test,CNV,drusen,OD,.tif,0.19771340489387512
CNV/5/007_Drusen.tif,CNV-005,test,CNV,drusen,OD,.tif,0.19602197408676147
CNV/5/008_CNV.tif,CNV-005,val,CNV,cnv,OD,.tif,0.1435343474149704
CNV/5/009_CNV.tif,CNV-005,test,CNV,cnv,OD,.tif,0.15080425143241882
CNV/5/010_CNV.tif,CNV-005,test,CNV,cnv,OD,.tif,0.2760908007621765
CNV/5/011_CNV.tif,CNV-005,val,CNV,cnv,OD,.tif,0.26801109313964844
CNV/5/012_CNV.tif,CNV-005,test,CNV,cnv,OD,.tif,0.2888778746128082
CNV/5/013_CNV.tif,CNV-005,val,CNV,cnv,OD,.tif,0.3094367980957031
CNV/5/014_CNV.tif,CNV-005,test,CNV,cnv,OD,.tif,0.26626747846603394
CNV/5/015_CNV.tif,CNV-005,val,CNV,cnv,OD,.tif,0.2842954993247986
CNV/5/016_CNV.tif,CNV-005,test,CNV,cnv,OD,.tif,0.33134889602661133
CNV/5/017_CNV.tif,CNV-005,test,CNV,cnv,OD,.tif,0.22613246738910675
CNV/5/018_CNV.tif,CNV-005,test,CNV,cnv,OD,.tif,0.21878954768180847
CNV/5/019_CNV.tif,CNV-005,test,CNV,cnv,OD,.tif,0.14550095796585083
CNV/5/020_Drusen.tif,CNV-005,test,CNV,drusen,OD,.tif,0.15952494740486145
CNV/5/021_Normal.tif,CNV-005,val,CNV,normal,OD,.tif,0.15680906176567078
CNV/5/022_Normal.tif,CNV-005,val,CNV,normal,OD,.tif,0.13251516222953796
CNV/5/023_Normal.tif,CNV-005,val,CNV,normal,OD,.tif,0.13438351452350616
CNV/5/024_Normal.tif,CNV-005,test,CNV,normal,OD,.tif,0.19354575872421265
CNV/5/025_Normal.tif,CNV-005,test,CNV,normal,OD,.tif,0.17638984322547913
CNV/5/026_Normal.tif,CNV-005,val,CNV,normal,OD,.tif,0.20249369740486145
CNV/5/027_Normal.tif,CNV-005,val,CNV,normal,OD,.tif,0.16765961050987244
CNV/5/028_Normal.tif,CNV-005,test,CNV,normal,OD,.tif,0.158471018075943
CNV/5/029_Normal.tif,CNV-005,test,CNV,normal,OD,.tif,0.16679254174232483
CNV/5/030_Normal.tif,CNV-005,test,CNV,normal,OD,.tif,0.17045468091964722
CNV/6/000_Normal.jpg,CNV-006,test,CNV,normal,OS,.jpg,0.11954525113105774
CNV/6/001_Normal.jpg,CNV-006,val,CNV,normal,OS,.jpg,0.12983959913253784
CNV/6/002_Normal.jpg,CNV-006,test,CNV,normal,OS,.jpg,0.1240701675415039
CNV/6/003_Normal.jpg,CNV-006,test,CNV,normal,OS,.jpg,0.11149740219116211
CNV/6/004_Normal.jpg,CNV-006,val,CNV,normal,OS,.jpg,0.1150822639465332
CNV/6/005_Normal.jpg,CNV-006,test,CNV,normal,OS,.jpg,0.1152951568365097
CNV/6/006_Normal.jpg,CNV-006,val,CNV,normal,OS,.jpg,0.11464160680770874
CNV/6/007_Normal.jpg,CNV-006,val,CNV,normal,OS,.jpg,0.12042899429798126
CNV/6/008_Normal.jpg,CNV-006,test,CNV,normal,OS,.jpg,0.1292351633310318
CNV/6/009_Drusen.jpg,CNV-006,test,CNV,drusen,OS,.jpg,0.12050500512123108
CNV/6/010_CNV.jpg,CNV-006,test,CNV,cnv,OS,.jpg,0.19703976809978485
CNV/6/011_CNV.jpg,CNV-006,test,CNV,cnv,OS,.jpg,0.2836580276489258
CNV/6/012_CNV.jpg,CNV-006,test,CNV,cnv,OS,.jpg,0.3001444935798645
CNV/6/013_CNV.jpg,CNV-006,test,CNV,cnv,OS,.jpg,0.22915959358215332
CNV/6/014_CNV.jpg,CNV-006,test,CNV,cnv,OS,.jpg,0.2304718792438507
CNV/6/015_CNV.jpg,CNV-006,val,CNV,cnv,OS,.jpg,0.21145057678222656
CNV/6/016_CNV.jpg,CNV-006,test,CNV,cnv,OS,.jpg,0.22646886110305786
CNV/6/017_CNV.jpg,CNV-006,test,CNV,cnv,OS,.jpg,0.2368312031030655
CNV/6/018_CNV.jpg,CNV-006,val,CNV,cnv,OS,.jpg,0.22338810563087463
CNV/6/019_CNV.jpg,CNV-006,val,CNV,cnv,OS,.jpg,0.1517539769411087
CNV/6/020_CNV.jpg,CNV-006,val,CNV,cnv,OS,.jpg,0.21631065011024475
CNV/6/021_CNV.jpg,CNV-006,test,CNV,cnv,OS,.jpg,0.13089340925216675
CNV/6/022_CNV.jpg,CNV-006,test,CNV,cnv,OS,.jpg,0.10970562696456909
CNV/6/023_Normal.jpg,CNV-006,test,CNV,normal,OS,.jpg,0.123018279671669
CNV/6/024_Normal.jpg,CNV-006,test,CNV,normal,OS,.jpg,0.1415768265724182
CNV/6/025_Normal.jpg,CNV-006,val,CNV,normal,OS,.jpg,0.15233245491981506
CNV/6/026_Normal.jpg,CNV-006,test,CNV,normal,OS,.jpg,0.11494944989681244
CNV/6/027_Normal.jpg,CNV-006,test,CNV,normal,OS,.jpg,0.13292133808135986
CNV/6/028_Normal.jpg,CNV-006,test,CNV,normal,OS,.jpg,0.14770767092704773
CNV/6/029_Normal.jpg,CNV-006,test,CNV,normal,OS,.jpg,0.17489726841449738
CNV/6/030_Normal.jpg,CNV-006,test,CNV,normal,OS,.jpg,0.12499840557575226
CNV/8/000_Drusen.tif,CNV-008,test,CNV,drusen,OS,.tif,0.1966995894908905
CNV/8/001_Drusen.tif,CNV-008,val,CNV,drusen,OS,.tif,0.1817934513092041
CNV/8/002_Normal.tif,CNV-008,test,CNV,normal,OS,.tif,0.2106080949306488
CNV/8/003_Normal.tif,CNV-008,val,CNV,normal,OS,.tif,0.191654771566391
CNV/8/004_Normal.tif,CNV-008,test,CNV,normal,OS,.tif,0.2862820029258728
CNV/8/005_Normal.tif,CNV-008,test,CNV,normal,OS,.tif,0.12923663854599
CNV/8/006_Normal.tif,CNV-008,val,CNV,normal,OS,.tif,0.14331385493278503
CNV/8/007_Drusen.tif,CNV-008,test,CNV,drusen,OS,.tif,0.17027068138122559
CNV/8/008_Drusen.tif,CNV-008,val,CNV,drusen,OS,.tif,0.1450112909078598
CNV/8/009_Drusen.tif,CNV-008,test,CNV,drusen,OS,.tif,0.13727420568466187
CNV/8/010_Drusen.tif,CNV-008,test,CNV,drusen,OS,.tif,0.15831421315670013
CNV/8/011_Drusen.tif,CNV-008,test,CNV,drusen,OS,.tif,0.20726078748703003
CNV/8/012_Drusen.tif,CNV-008,val,CNV,drusen,OS,.tif,0.17197878658771515
CNV/8/013_CNV.tif,CNV-008,val,CNV,cnv,OS,.tif,0.16279098391532898
CNV/8/014_Drusen.tif,CNV-008,test,CNV,drusen,OS,.tif,0.26785117387771606
CNV/8/015_Drusen.tif,CNV-008,val,CNV,drusen,OS,.tif,0.2916243076324463
CNV/8/016_Drusen.tif,CNV-008,test,CNV,drusen,OS,.tif,0.24598905444145203
CNV/8/017_Drusen.tif,CNV-008,val,CNV,drusen,OS,.tif,0.17975515127182007
CNV/8/018_Drusen.tif,CNV-008,test,CNV,drusen,OS,.tif,0.22279240190982819
CNV/8/019_Drusen.tif,CNV-008,test,CNV,drusen,OS,.tif,0.14650936424732208
CNV/8/020_Drusen.tif,CNV-008,test,CNV,drusen,OS,.tif,0.15415790677070618
CNV/8/021_Drusen.tif,CNV-008,test,CNV,drusen,OS,.tif,0.18488135933876038
CNV/8/022_CNV.tif,CNV-008,test,CNV,cnv,OS,.tif,0.2399175763130188
CNV/8/023_CNV.tif,CNV-008,test,CNV,cnv,OS,.tif,0.18488827347755432
CNV/8/024_CNV.tif,CNV-008,test,CNV,cnv,OS,.tif,0.20314449071884155
CNV/8/025_CNV.tif,CNV-008,test,CNV,cnv,OS,.tif,0.2140112817287445
CNV/8/026_CNV.tif,CNV-008,test,CNV,cnv,OS,.tif,0.26596084237098694
CNV/8/027_CNV.tif,CNV-008,test,CNV,cnv,OS,.tif,0.24546845257282257
CNV/8/028_CNV.tif,CNV-008,test,CNV,cnv,OS,.tif,0.19640964269638062
CNV/8/029_Drusen.tif,CNV-008,test,CNV,drusen,OS,.tif,0.22593899071216583
CNV/8/030_Drusen.tif,CNV-008,val,CNV,drusen,OS,.tif,0.22470062971115112
CNV/9/000_Drusen.tif,CNV-009,test,CNV,drusen,OS,.tif,0.15149706602096558
CNV/9/001_Drusen.tif,CNV-009,val,CNV,drusen,OS,.tif,0.20816068351268768
CNV/9/002_Drusen.tif,CNV-009,test,CNV,drusen,OS,.tif,0.17813792824745178
CNV/9/003_Drusen.tif,CNV-009,val,CNV,drusen,OS,.tif,0.19736972451210022
CNV/9/004_Drusen.tif,CNV-009,test,CNV,drusen,OS,.tif,0.17441371083259583
CNV/9/005_Drusen.tif,CNV-009,test,CNV,drusen,OS,.tif,0.1514892876148224
CNV/9/006_CNV.tif,CNV-009,test,CNV,cnv,OS,.tif,0.1955777406692505
CNV/9/007_CNV.tif,CNV-009,test,CNV,cnv,OS,.tif,0.202856183052063
CNV/9/008_CNV.tif,CNV-009,test,CNV,cnv,OS,.tif,0.3650638461112976
CNV/9/009_CNV.tif,CNV-009,test,CNV,cnv,OS,.tif,0.3802960515022278
CNV/9/010_CNV.tif,CNV-009,test,CNV,cnv,OS,.tif,0.39440685510635376
CNV/9/011_CNV.tif,CNV-009,test,CNV,cnv,OS,.tif,0.33908024430274963
CNV/9/012_CNV.tif,CNV-009,val,CNV,cnv,OS,.tif,0.34276971220970154
CNV/9/013_CNV.tif,CNV-009,val,CNV,cnv,OS,.tif,0.34469857811927795
CNV/9/014_CNV.tif,CNV-009,test,CNV,cnv,OS,.tif,0.3464087247848511
CNV/9/015_CNV.tif,CNV-009,test,CNV,cnv,OS,.tif,0.38550645112991333
CNV/9/016_CNV.tif,CNV-009,test,CNV,cnv,OS,.tif,0.3273126184940338
CNV/9/017_CNV.tif,CNV-009,test,CNV,cnv,OS,.tif,0.2388286143541336
CNV/9/018_CNV.tif,CNV-009,test,CNV,cnv,OS,.tif,0.14012855291366577
CNV/9/019_CNV.tif,CNV-009,test,CNV,cnv,OS,.tif,0.1749260425567627
CNV/9/020_Drusen.tif,CNV-009,test,CNV,drusen,OS,.tif,0.14346709847450256
CNV/9/021_Drusen.tif,CNV-009,val,CNV,drusen,OS,.tif,0.18073663115501404
CNV/9/022_Drusen.tif,CNV-009,test,CNV,drusen,OS,.tif,0.1603628695011139
CNV/9/023_Drusen.tif,CNV-009,test,CNV,drusen,OS,.tif,0.18018212914466858
CNV/9/024_Drusen.tif,CNV-009,val,CNV,drusen,OS,.tif,0.15726210176944733
CNV/9/025_Drusen.tif,CNV-009,test,CNV,drusen,OS,.tif,0.2130487710237503
CNV/9/026_Drusen.tif,CNV-009,test,CNV,drusen,OS,.tif,0.1797805279493332
CNV/9/027_Drusen.tif,CNV-009,test,CNV,drusen,OS,.tif,0.21524332463741302
CNV/9/028_Drusen.tif,CNV-009,test,CNV,drusen,OS,.tif,0.16880381107330322
CNV/9/029_Drusen.tif,CNV-009,test,CNV,drusen,OS,.tif,0.16594238579273224
CNV/9/030_Drusen.tif,CNV-009,val,CNV,drusen,OS,.tif,0.18057240545749664
CNV/10/OD/000_Normal.tif,CNV-010,test,CNV,normal,OD,.tif,0.11325739324092865
CNV/10/OD/001_Normal.tif,CNV-010,test,CNV,normal,OD,.tif,0.14407476782798767
CNV/10/OD/002_Normal.tif,CNV-010,test,CNV,normal,OD,.tif,0.1610611528158188
CNV/10/OD/003_Normal.tif,CNV-010,test,CNV,normal,OD,.tif,0.1261213719844818
CNV/10/OD/004_Normal.tif,CNV-010,val,CNV,normal,OD,.tif,0.14062891900539398
CNV/10/OD/005_Normal.tif,CNV-010,test,CNV,normal,OD,.tif,0.14147639274597168
CNV/10/OD/006_Normal.tif,CNV-010,test,CNV,normal,OD,.tif,0.14829331636428833
CNV/10/OD/007_Normal.tif,CNV-010,test,CNV,normal,OD,.tif,0.15497474372386932
CNV/10/OD/008_Normal.tif,CNV-010,test,CNV,normal,OD,.tif,0.1411849558353424
CNV/10/OD/009_Drusen.tif,CNV-010,val,CNV,drusen,OD,.tif,0.12173417210578918
CNV/10/OD/010_Drusen.tif,CNV-010,val,CNV,drusen,OD,.tif,0.14196698367595673
CNV/10/OD/011_Drusen.tif,CNV-010,val,CNV,drusen,OD,.tif,0.15728652477264404
CNV/10/OD/012_Drusen.tif,CNV-010,test,CNV,drusen,OD,.tif,0.16418573260307312
CNV/10/OD/013_Drusen.tif,CNV-010,val,CNV,drusen,OD,.tif,0.17903493344783783
CNV/10/OD/014_Drusen.tif,CNV-010,val,CNV,drusen,OD,.tif,0.21999648213386536
CNV/10/OD/015_Drusen.tif,CNV-010,test,CNV,drusen,OD,.tif,0.1533655822277069
CNV/10/OD/016_Drusen.tif,CNV-010,test,CNV,drusen,OD,.tif,0.17242220044136047
CNV/10/OD/017_Drusen.tif,CNV-010,val,CNV,drusen,OD,.tif,0.16398102045059204
CNV/10/OD/018_Drusen.tif,CNV-010,test,CNV,drusen,OD,.tif,0.1519509255886078
CNV/10/OD/019_Drusen.tif,CNV-010,test,CNV,drusen,OD,.tif,0.15594559907913208
CNV/10/OD/020_CNV.tif,CNV-010,val,CNV,cnv,OD,.tif,0.1588837206363678
CNV/10/OD/021_CNV.tif,CNV-010,test,CNV,cnv,OD,.tif,0.11906228959560394
CNV/10/OD/022_CNV.tif,CNV-010,test,CNV,cnv,OD,.tif,0.12192127108573914
CNV/10/OD/023_CNV.tif,CNV-010,test,CNV,cnv,OD,.tif,0.1753990352153778
CNV/10/OD/024_CNV.tif,CNV-010,test,CNV,cnv,OD,.tif,0.17537158727645874
CNV/10/OD/025_CNV.tif,CNV-010,test,CNV,cnv,OD,.tif,0.17500361800193787
CNV/10/OD/026_CNV.tif,CNV-010,test,CNV,cnv,OD,.tif,0.13755682110786438
CNV/10/OD/027_CNV.tif,CNV-010,val,CNV,cnv,OD,.tif,0.15007293224334717
CNV/10/OD/028_CNV.tif,CNV-010,test,CNV,cnv,OD,.tif,0.17110395431518555
CNV/10/OD/029_Drusen.tif,CNV-010,test,CNV,drusen,OD,.tif,0.14752191305160522
CNV/10/OD/030_Normal.tif,CNV-010,test,CNV,normal,OD,.tif,0.18534566462039948
CNV/10/OS/000_Normal.tif,CNV-010,test,CNV,normal,OS,.tif,0.20166879892349243
CNV/10/OS/001_Normal.tif,CNV-010,val,CNV,normal,OS,.tif,0.1999027281999588
CNV/10/OS/002_Normal.tif,CNV-010,val,CNV,normal,OS,.tif,0.19518175721168518
CNV/10/OS/003_Normal.tif,CNV-010,test,CNV,normal,OS,.tif,0.1993197500705719
CNV/10/OS/004_Normal.tif,CNV-010,val,CNV,normal,OS,.tif,0.16992628574371338
CNV/10/OS/005_Normal.tif,CNV-010,val,CNV,normal,OS,.tif,0.17647972702980042
CNV/10/OS/006_Normal.tif,CNV-010,test,CNV,normal,OS,.tif,0.19549496471881866
CNV/10/OS/007_Normal.tif,CNV-010,val,CNV,normal,OS,.tif,0.18163353204727173
CNV/10/OS/008_Normal.tif,CNV-010,test,CNV,normal,OS,.tif,0.16104337573051453
CNV/10/OS/009_CNV.tif,CNV-010,test,CNV,cnv,OS,.tif,0.15187261998653412
CNV/10/OS/010_CNV.tif,CNV-010,test,CNV,cnv,OS,.tif,0.16862063109874725
CNV/10/OS/011_CNV.tif,CNV-010,test,CNV,cnv,OS,.tif,0.20889800786972046
CNV/10/OS/012_CNV.tif,CNV-010,val,CNV,cnv,OS,.tif,0.20931652188301086
CNV/10/OS/013_CNV.tif,CNV-010,test,CNV,cnv,OS,.tif,0.2590261697769165
CNV/10/OS/014_CNV.tif,CNV-010,test,CNV,cnv,OS,.tif,0.2581675052642822
CNV/10/OS/015_CNV.tif,CNV-010,test,CNV,cnv,OS,.tif,0.24779410660266876
CNV/10/OS/016_CNV.tif,CNV-010,test,CNV,cnv,OS,.tif,0.23920811712741852
CNV/10/OS/017_CNV.tif,CNV-010,test,CNV,cnv,OS,.tif,0.28522345423698425
CNV/10/OS/018_CNV.tif,CNV-010,test,CNV,cnv,OS,.tif,0.266510546207428
CNV/10/OS/019_CNV.tif,CNV-010,test,CNV,cnv,OS,.tif,0.24261853098869324
CNV/10/OS/020_CNV.tif,CNV-010,val,CNV,cnv,OS,.tif,0.16435062885284424
CNV/10/OS/021_CNV.tif,CNV-010,test,CNV,cnv,OS,.tif,0.15953314304351807
CNV/10/OS/022_CNV.tif,CNV-010,test,CNV,cnv,OS,.tif,0.13152173161506653
CNV/10/OS/023_Normal.tif,CNV-010,test,CNV,normal,OS,.tif,0.12720221281051636
CNV/10/OS/024_Normal.tif,CNV-010,test,CNV,normal,OS,.tif,0.1356019377708435
CNV/10/OS/025_Normal.tif,CNV-010,val,CNV,normal,OS,.tif,0.19228720664978027
CNV/10/OS/026_Normal.tif,CNV-010,test,CNV,normal,OS,.tif,0.14770233631134033
CNV/10/OS/027_Normal.tif,CNV-010,test,CNV,normal,OS,.tif,0.12211775779724121
CNV/10/OS/028_Normal.tif,CNV-010,val,CNV,normal,OS,.tif,0.17525804042816162
CNV/10/OS/029_Normal.tif,CNV-010,test,CNV,normal,OS,.tif,0.2091054916381836
CNV/10/OS/030_Normal.tif,CNV-010,val,CNV,normal,OS,.tif,0.21857339143753052
CNV/11/000_Normal.tif,CNV-011,test,CNV,normal,OD,.tif,0.13792845606803894
CNV/11/001_Normal.tif,CNV-011,val,CNV,normal,OD,.tif,0.17119444906711578
CNV/11/002_Normal.tif,CNV-011,test,CNV,normal,OD,.tif,0.1403428465127945
CNV/11/003_Normal.tif,CNV-011,val,CNV,normal,OD,.tif,0.12629282474517822
CNV/11/004_Drusen.tif,CNV-011,test,CNV,drusen,OD,.tif,0.1377212256193161
CNV/11/005_Drusen.tif,CNV-011,test,CNV,drusen,OD,.tif,0.17889940738677979
CNV/11/006_Drusen.tif,CNV-011,val,CNV,drusen,OD,.tif,0.14689885079860687
CNV/11/007_CNV.tif,CNV-011,test,CNV,cnv,OD,.tif,0.17136144638061523
CNV/11/008_CNV.tif,CNV-011,test,CNV,cnv,OD,.tif,0.22439906001091003
CNV/11/009_CNV.tif,CNV-011,val,CNV,cnv,OD,.tif,0.15752409398555756
CNV/11/010_CNV.tif,CNV-011,test,CNV,cnv,OD,.tif,0.16236701607704163
CNV/11/011_CNV.tif,CNV-011,val,CNV,cnv,OD,.tif,0.15184691548347473
CNV/11/012_CNV.tif,CNV-011,val,CNV,cnv,OD,.tif,0.18251663446426392
CNV/11/013_CNV.tif,CNV-011,test,CNV,cnv,OD,.tif,0.178480863571167
CNV/11/014_CNV.tif,CNV-011,test,CNV,cnv,OD,.tif,0.18518602848052979
CNV/11/015_CNV.tif,CNV-011,test,CNV,cnv,OD,.tif,0.206341952085495
CNV/11/016_CNV.tif,CNV-011,val,CNV,cnv,OD,.tif,0.16623972356319427
CNV/11/017_CNV.tif,CNV-011,val,CNV,cnv,OD,.tif,0.1366995871067047
CNV/11/018_CNV.tif,CNV-011,val,CNV,cnv,OD,.tif,0.16168829798698425
CNV/11/019_CNV.tif,CNV-011,test,CNV,cnv,OD,.tif,0.21085190773010254
CNV/11/020_CNV.tif,CNV-011,test,CNV,cnv,OD,.tif,0.2661440968513489
CNV/11/021_CNV.tif,CNV-011,test,CNV,cnv,OD,.tif,0.2098509669303894
CNV/11/022_CNV.tif,CNV-011,val,CNV,cnv,OD,.tif,0.23854532837867737
CNV/11/023_CNV.tif,CNV-011,test,CNV,cnv,OD,.tif,0.22690372169017792
CNV/11/024_CNV.tif,CNV-011,test,CNV,cnv,OD,.tif,0.15162602066993713
CNV/11/025_CNV.tif,CNV-011,val,CNV,cnv,OD,.tif,0.1454111933708191
CNV/11/026_CNV.tif,CNV-011,test,CNV,cnv,OD,.tif,0.16574302315711975
CNV/11/027_CNV.tif,CNV-011,val,CNV,cnv,OD,.tif,0.13335369527339935
CNV/11/028_CNV.tif,CNV-011,test,CNV,cnv,OD,.tif,0.1587524563074112
CNV/11/029_CNV.tif,CNV-011,test,CNV,cnv,OD,.tif,0.15286916494369507
CNV/11/030_CNV.tif,CNV-011,test,CNV,cnv,OD,.tif,0.12284015119075775
CNV/12/000_CNV.tif,CNV-012,test,CNV,cnv,OS,.tif,0.21970468759536743
CNV/12/001_CNV.tif,CNV-012,test,CNV,cnv,OS,.tif,0.25213682651519775
CNV/12/002_CNV.tif,CNV-012,val,CNV,cnv,OS,.tif,0.25601547956466675
CNV/12/003_CNV.tif,CNV-012,val,CNV,cnv,OS,.tif,0.35022640228271484
CNV/12/004_CNV.tif,CNV-012,test,CNV,cnv,OS,.tif,0.28825506567955017
CNV/12/005_CNV.tif,CNV-012,test,CNV,cnv,OS,.tif,0.38784176111221313
CNV/12/006_CNV.tif,CNV-012,val,CNV,cnv,OS,.tif,0.3828722834587097
CNV/12/007_CNV.tif,CNV-012,test,CNV,cnv,OS,.tif,0.410083532333374
CNV/12/008_CNV.tif,CNV-012,val,CNV,cnv,OS,.tif,0.4006766676902771
CNV/12/009_CNV.tif,CNV-012,test,CNV,cnv,OS,.tif,0.3864009380340576
CNV/12/010_CNV.tif,CNV-012,test,CNV,cnv,OS,.tif,0.3830881714820862
CNV/12/011_CNV.tif,CNV-012,test,CNV,cnv,OS,.tif,0.3853776454925537
CNV/12/012_CNV.tif,CNV-012,test,CNV,cnv,OS,.tif,0.4334004521369934
CNV/12/013_CNV.tif,CNV-012,val,CNV,cnv,OS,.tif,0.44580769538879395
CNV/12/014_CNV.tif,CNV-012,val,CNV,cnv,OS,.tif,0.4489384889602661
CNV/12/015_CNV.tif,CNV-012,val,CNV,cnv,OS,.tif,0.44221022725105286
CNV/12/016_CNV.tif,CNV-012,test,CNV,cnv,OS,.tif,0.43128931522369385
CNV/12/017_CNV.tif,CNV-012,val,CNV,cnv,OS,.tif,0.4274689257144928
CNV/12/018_CNV.tif,CNV-012,test,CNV,cnv,OS,.tif,0.433286190032959
CNV/12/019_CNV.tif,CNV-012,test,CNV,cnv,OS,.tif,0.4088548421859741
CNV/12/020_CNV.tif,CNV-012,test,CNV,cnv,OS,.tif,0.3556658625602722
CNV/12/021_CNV.tif,CNV-012,test,CNV,cnv,OS,.tif,0.29724839329719543
CNV/12/022_CNV.tif,CNV-012,test,CNV,cnv,OS,.tif,0.2897634506225586
CNV/12/023_CNV.tif,CNV-012,test,CNV,cnv,OS,.tif,0.23668032884597778
CNV/12/024_CNV.tif,CNV-012,test,CNV,cnv,OS,.tif,0.2046547681093216
CNV/12/025_CNV.tif,CNV-012,test,CNV,cnv,OS,.tif,0.20167824625968933
CNV/12/026_CNV.tif,CNV-012,test,CNV,cnv,OS,.tif,0.17077626287937164
CNV/12/027_CNV.tif,CNV-012,test,CNV,cnv,OS,.tif,0.1730368584394455
CNV/12/028_Drusen.tif,CNV-012,test,CNV,drusen,OS,.tif,0.1516444981098175
CNV/12/029_Normal.tif,CNV-012,test,CNV,normal,OS,.tif,0.1617499589920044
CNV/12/030_Normal.tif,CNV-012,test,CNV,normal,OS,.tif,0.17714552581310272
CNV/13/000_Normal.tif,CNV-013,test,CNV,normal,OD,.tif,0.309434175491333
CNV/13/001_Normal.tif,CNV-013,test,CNV,normal,OD,.tif,0.23583492636680603
CNV/13/002_Normal.tif,CNV-013,test,CNV,normal,OD,.tif,0.2111031711101532
CNV/13/003_Normal.tif,CNV-013,test,CNV,normal,OD,.tif,0.17669323086738586
CNV/13/004_Normal.tif,CNV-013,test,CNV,normal,OD,.tif,0.2235642522573471
CNV/13/005_Normal.tif,CNV-013,test,CNV,normal,OD,.tif,0.21800628304481506
CNV/13/006_Normal.tif,CNV-013,test,CNV,normal,OD,.tif,0.1956094205379486
CNV/13/007_Normal.tif,CNV-013,val,CNV,normal,OD,.tif,0.25757426023483276
CNV/13/008_Normal.tif,CNV-013,test,CNV,normal,OD,.tif,0.18736574053764343
CNV/13/009_Normal.tif,CNV-013,val,CNV,normal,OD,.tif,0.15297609567642212
CNV/13/010_Normal.tif,CNV-013,val,CNV,normal,OD,.tif,0.17447641491889954
CNV/13/011_Normal.tif,CNV-013,test,CNV,normal,OD,.tif,0.19789476692676544
CNV/13/012_Normal.tif,CNV-013,val,CNV,normal,OD,.tif,0.2335100919008255
CNV/13/013_Normal.tif,CNV-013,test,CNV,normal,OD,.tif,0.23657666146755219
CNV/13/014_Normal.tif,CNV-013,test,CNV,normal,OD,.tif,0.22609150409698486
CNV/13/015_CNV.tif,CNV-013,test,CNV,cnv,OD,.tif,0.3519616723060608
CNV/13/016_CNV.tif,CNV-013,val,CNV,cnv,OD,.tif,0.35571932792663574
CNV/13/017_CNV.tif,CNV-013,test,CNV,cnv,OD,.tif,0.32558679580688477
CNV/13/018_CNV.tif,CNV-013,test,CNV,cnv,OD,.tif,0.30788421630859375
CNV/13/019_CNV.tif,CNV-013,test,CNV,cnv,OD,.tif,0.30549299716949463
CNV/13/020_Normal.tif,CNV-013,test,CNV,normal,OD,.tif,0.20449303090572357
CNV/13/021_Normal.tif,CNV-013,test,CNV,normal,OD,.tif,0.2271118462085724
CNV/13/022_Normal.tif,CNV-013,val,CNV,normal,OD,.tif,0.25650227069854736
CNV/13/023_Normal.tif,CNV-013,test,CNV,normal,OD,.tif,0.20516875386238098
CNV/13/024_Normal.tif,CNV-013,test,CNV,normal,OD,.tif,0.1966414600610733
CNV/13/025_Normal.tif,CNV-013,val,CNV,normal,OD,.tif,0.22941172122955322
CNV/13/026_Normal.tif,CNV-013,test,CNV,normal,OD,.tif,0.22404178977012634
CNV/13/027_Normal.tif,CNV-013,val,CNV,normal,OD,.tif,0.30185428261756897
CNV/13/028_Normal.tif,CNV-013,val,CNV,normal,OD,.tif,0.18391898274421692
CNV/13/029_Normal.tif,CNV-013,test,CNV,normal,OD,.tif,0.16440404951572418
CNV/13/030_Normal.tif,CNV-013,test,CNV,normal,OD,.tif,0.1701800376176834
CNV/14/000_CNV.tif,CNV-014,val,CNV,cnv,OS,.tif,0.17667017877101898
CNV/14/001_CNV.tif,CNV-014,test,CNV,cnv,OS,.tif,0.18774329125881195
CNV/14/002_CNV.tif,CNV-014,test,CNV,cnv,OS,.tif,0.2211395502090454
CNV/14/003_CNV.tif,CNV-014,val,CNV,cnv,OS,.tif,0.2527943253517151
CNV/14/004_CNV.tif,CNV-014,val,CNV,cnv,OS,.tif,0.2918131947517395
CNV/14/005_CNV.tif,CNV-014,test,CNV,cnv,OS,.tif,0.26193439960479736
CNV/14/006_CNV.tif,CNV-014,test,CNV,cnv,OS,.tif,0.2592644989490509
CNV/14/007_CNV.tif,CNV-014,val,CNV,cnv,OS,.tif,0.30213475227355957
CNV/14/008_CNV.tif,CNV-014,val,CNV,cnv,OS,.tif,0.3351989984512329
CNV/14/009_CNV.tif,CNV-014,test,CNV,cnv,OS,.tif,0.3070777654647827
CNV/14/010_CNV.tif,CNV-014,test,CNV,cnv,OS,.tif,0.40226566791534424
CNV/14/011_CNV.tif,CNV-014,val,CNV,cnv,OS,.tif,0.36118459701538086
CNV/14/012_CNV.tif,CNV-014,test,CNV,cnv,OS,.tif,0.37540221214294434
CNV/14/013_CNV.tif,CNV-014,test,CNV,cnv,OS,.tif,0.321760356426239
CNV/14/014_CNV.tif,CNV-014,val,CNV,cnv,OS,.tif,0.32768306136131287
CNV/14/015_CNV.tif,CNV-014,test,CNV,cnv,OS,.tif,0.3142543435096741
CNV/14/016_CNV.tif,CNV-014,val,CNV,cnv,OS,.tif,0.2938688099384308
CNV/14/017_CNV.tif,CNV-014,val,CNV,cnv,OS,.tif,0.2651771306991577
CNV/14/018_CNV.tif,CNV-014,test,CNV,cnv,OS,.tif,0.2892823815345764
CNV/14/019_CNV.tif,CNV-014,test,CNV,cnv,OS,.tif,0.24821895360946655
CNV/14/020_CNV.tif,CNV-014,val,CNV,cnv,OS,.tif,0.2514440715312958
CNV/14/021_CNV.tif,CNV-014,val,CNV,cnv,OS,.tif,0.26256024837493896
CNV/14/022_CNV.tif,CNV-014,test,CNV,cnv,OS,.tif,0.23165936768054962
CNV/14/023_Drusen.tif,CNV-014,test,CNV,drusen,OS,.tif,0.2605051100254059
CNV/14/024_Normal.tif,CNV-014,test,CNV,normal,OS,.tif,0.24461233615875244
CNV/14/025_Normal.tif,CNV-014,test,CNV,normal,OS,.tif,0.23541682958602905
CNV/14/026_Normal.tif,CNV-014,test,CNV,normal,OS,.tif,0.2258222997188568
CNV/14/027_Normal.tif,CNV-014,test,CNV,normal,OS,.tif,0.28706902265548706
CNV/14/028_Normal.tif,CNV-014,test,CNV,normal,OS,.tif,0.3267139196395874
CNV/14/029_Normal.tif,CNV-014,test,CNV,normal,OS,.tif,0.23495469987392426
CNV/14/030_Normal.tif,CNV-014,val,CNV,normal,OS,.tif,0.21839317679405212
CNV/18/OD/000_CNV.tif,CNV-018,test,CNV,cnv,OD,.tif,0.19380119442939758
CNV/18/OD/001_CNV.tif,CNV-018,test,CNV,cnv,OD,.tif,0.20944678783416748
CNV/18/OD/002_CNV.tif,CNV-018,test,CNV,cnv,OD,.tif,0.21604454517364502
CNV/18/OD/003_CNV.tif,CNV-018,val,CNV,cnv,OD,.tif,0.2696426808834076
CNV/18/OD/004_CNV.tif,CNV-018,test,CNV,cnv,OD,.tif,0.2719952464103699
CNV/18/OD/005_CNV.tif,CNV-018,test,CNV,cnv,OD,.tif,0.2660020887851715
CNV/18/OD/006_CNV.tif,CNV-018,test,CNV,cnv,OD,.tif,0.2928486168384552
CNV/18/OD/007_CNV.tif,CNV-018,val,CNV,cnv,OD,.tif,0.32680076360702515
CNV/18/OD/008_CNV.tif,CNV-018,test,CNV,cnv,OD,.tif,0.3438374400138855
CNV/18/OD/009_CNV.tif,CNV-018,test,CNV,cnv,OD,.tif,0.36032313108444214
CNV/18/OD/010_CNV.tif,CNV-018,val,CNV,cnv,OD,.tif,0.3900510370731354
CNV/18/OD/011_CNV.tif,CNV-018,test,CNV,cnv,OD,.tif,0.3464964032173157
CNV/18/OD/012_CNV.tif,CNV-018,test,CNV,cnv,OD,.tif,0.31933164596557617
CNV/18/OD/013_CNV.tif,CNV-018,test,CNV,cnv,OD,.tif,0.38578498363494873
CNV/18/OD/014_CNV.tif,CNV-018,val,CNV,cnv,OD,.tif,0.4260411858558655
CNV/18/OD/015_CNV.tif,CNV-018,val,CNV,cnv,OD,.tif,0.3977620005607605
CNV/18/OD/016_CNV.tif,CNV-018,val,CNV,cnv,OD,.tif,0.4528849720954895
CNV/18/OD/017_CNV.tif,CNV-018,test,CNV,cnv,OD,.tif,0.41302621364593506
CNV/18/OD/018_CNV.tif,CNV-018,test,CNV,cnv,OD,.tif,0.3930591642856598
CNV/18/OD/019_CNV.tif,CNV-018,val,CNV,cnv,OD,.tif,0.39202630519866943
CNV/18/OD/020_CNV.tif,CNV-018,val,CNV,cnv,OD,.tif,0.3540903329849243
CNV/18/OD/021_CNV.tif,CNV-018,test,CNV,cnv,OD,.tif,0.31764063239097595
CNV/18/OD/022_CNV.tif,CNV-018,test,CNV,cnv,OD,.tif,0.28383511304855347
CNV/18/OD/023_CNV.tif,CNV-018,val,CNV,cnv,OD,.tif,0.25997650623321533
CNV/18/OD/024_CNV.tif,CNV-018,val,CNV,cnv,OD,.tif,0.2957267165184021
CNV/18/OD/025_CNV.tif,CNV-018,test,CNV,cnv,OD,.tif,0.2570253908634186
CNV/18/OD/026_CNV.tif,CNV-018,val,CNV,cnv,OD,.tif,0.24101528525352478
CNV/18/OD/027_CNV.tif,CNV-018,test,CNV,cnv,OD,.tif,0.25197774171829224
CNV/18/OD/028_CNV.tif,CNV-018,test,CNV,cnv,OD,.tif,0.2047884464263916
CNV/18/OD/029_CNV.tif,CNV-018,val,CNV,cnv,OD,.tif,0.24312502145767212
CNV/18/OD/030_CNV.tif,CNV-018,test,CNV,cnv,OD,.tif,0.22901654243469238
CNV/18/OS/000_Drusen.tif,CNV-018,val,CNV,drusen,OS,.tif,0.17674694955348969
CNV/18/OS/001_Drusen.tif,CNV-018,val,CNV,drusen,OS,.tif,0.2155502736568451
CNV/18/OS/002_Drusen.tif,CNV-018,val,CNV,drusen,OS,.tif,0.1713075041770935
CNV/18/OS/003_Drusen.tif,CNV-018,val,CNV,drusen,OS,.tif,0.20069843530654907
CNV/18/OS/004_Drusen.tif,CNV-018,test,CNV,drusen,OS,.tif,0.17900502681732178
CNV/18/OS/005_Drusen.tif,CNV-018,test,CNV,drusen,OS,.tif,0.15244711935520172
CNV/18/OS/006_Drusen.tif,CNV-018,test,CNV,drusen,OS,.tif,0.153415247797966
CNV/18/OS/007_Drusen.tif,CNV-018,test,CNV,drusen,OS,.tif,0.163038432598114
CNV/18/OS/008_CNV.tif,CNV-018,test,CNV,cnv,OS,.tif,0.22059451043605804
CNV/18/OS/009_CNV.tif,CNV-018,test,CNV,cnv,OS,.tif,0.2822985351085663
CNV/18/OS/010_CNV.tif,CNV-018,test,CNV,cnv,OS,.tif,0.2547275424003601
CNV/18/OS/011_Drusen.tif,CNV-018,val,CNV,drusen,OS,.tif,0.26302382349967957
CNV/18/OS/012_Drusen.tif,CNV-018,test,CNV,drusen,OS,.tif,0.2544017434120178
CNV/18/OS/013_Drusen.tif,CNV-018,val,CNV,drusen,OS,.tif,0.22693997621536255
CNV/18/OS/014_Drusen.tif,CNV-018,test,CNV,drusen,OS,.tif,0.26749828457832336
CNV/18/OS/015_Drusen.tif,CNV-018,test,CNV,drusen,OS,.tif,0.2405911237001419
CNV/18/OS/016_Drusen.tif,CNV-018,test,CNV,drusen,OS,.tif,0.25258970260620117
CNV/18/OS/017_Drusen.tif,CNV-018,test,CNV,drusen,OS,.tif,0.2476789653301239
CNV/18/OS/018_Drusen.tif,CNV-018,test,CNV,drusen,OS,.tif,0.23185065388679504
CNV/18/OS/019_Drusen.tif,CNV-018,test,CNV,drusen,OS,.tif,0.3014177083969116
CNV/18/OS/020_Drusen.tif,CNV-018,val,CNV,drusen,OS,.tif,0.23545777797698975
CNV/18/OS/021_Drusen.tif,CNV-018,test,CNV,drusen,OS,.tif,0.19247862696647644
CNV/18/OS/022_Drusen.tif,CNV-018,test,CNV,drusen,OS,.tif,0.15312418341636658
CNV/18/OS/023_Drusen.tif,CNV-018,test,CNV,drusen,OS,.tif,0.16075226664543152
CNV/18/OS/024_Drusen.tif,CNV-018,test,CNV,drusen,OS,.tif,0.1580411046743393
CNV/18/OS/025_Drusen.tif,CNV-018,test,CNV,drusen,OS,.tif,0.18945202231407166
CNV/18/OS/026_Drusen.tif,CNV-018,test,CNV,drusen,OS,.tif,0.22975637018680573
CNV/18/OS/027_Drusen.tif,CNV-018,test,CNV,drusen,OS,.tif,0.2588617503643036
CNV/18/OS/028_Drusen.tif,CNV-018,val,CNV,drusen,OS,.tif,0.18578459322452545
CNV/18/OS/029_Drusen.tif,CNV-018,test,CNV,drusen,OS,.tif,0.22367039322853088
CNV/18/OS/030_Drusen.tif,CNV-018,test,CNV,drusen,OS,.tif,0.22989553213119507
CNV/19/000_CNV.jpg,CNV-019,test,CNV,cnv,OS,.jpg,0.17703311145305634
CNV/19/001_CNV.jpg,CNV-019,test,CNV,cnv,OS,.jpg,0.19703689217567444
CNV/19/002_CNV.jpg,CNV-019,val,CNV,cnv,OS,.jpg,0.18188700079917908
CNV/19/003_CNV.jpg,CNV-019,val,CNV,cnv,OS,.jpg,0.19163651764392853
CNV/19/004_CNV.jpg,CNV-019,test,CNV,cnv,OS,.jpg,0.1861029863357544
CNV/19/005_CNV.jpg,CNV-019,test,CNV,cnv,OS,.jpg,0.24785473942756653
CNV/19/006_CNV.jpg,CNV-019,test,CNV,cnv,OS,.jpg,0.25049084424972534
CNV/19/007_CNV.jpg,CNV-019,val,CNV,cnv,OS,.jpg,0.27052024006843567
CNV/19/008_CNV.jpg,CNV-019,test,CNV,cnv,OS,.jpg,0.3022754490375519
CNV/19/009_CNV.jpg,CNV-019,val,CNV,cnv,OS,.jpg,0.32585036754608154
CNV/19/010_CNV.jpg,CNV-019,test,CNV,cnv,OS,.jpg,0.3426033854484558
CNV/19/011_CNV.jpg,CNV-019,val,CNV,cnv,OS,.jpg,0.3394518792629242
CNV/19/012_CNV.jpg,CNV-019,test,CNV,cnv,OS,.jpg,0.3632880449295044
CNV/19/013_CNV.jpg,CNV-019,test,CNV,cnv,OS,.jpg,0.31379133462905884
CNV/19/014_CNV.jpg,CNV-019,test,CNV,cnv,OS,.jpg,0.2746591567993164
CNV/19/015_CNV.jpg,CNV-019,test,CNV,cnv,OS,.jpg,0.2582196891307831
CNV/19/016_CNV.jpg,CNV-019,test,CNV,cnv,OS,.jpg,0.4096863269805908
CNV/19/017_CNV.jpg,CNV-019,test,CNV,cnv,OS,.jpg,0.32816582918167114
CNV/19/018_CNV.jpg,CNV-019,test,CNV,cnv,OS,.jpg,0.2713918685913086
CNV/19/019_CNV.jpg,CNV-019,test,CNV,cnv,OS,.jpg,0.2654478847980499
CNV/19/020_CNV.jpg,CNV-019,val,CNV,cnv,OS,.jpg,0.2944253087043762
CNV/19/021_Normal.jpg,CNV-019,test,CNV,normal,OS,.jpg,0.24526552855968475
CNV/19/022_Normal.jpg,CNV-019,test,CNV,normal,OS,.jpg,0.2897740602493286
CNV/19/023_Normal.jpg,CNV-019,test,CNV,normal,OS,.jpg,0.2349732667207718
CNV/19/024_Normal.jpg,CNV-019,val,CNV,normal,OS,.jpg,0.32633405923843384
CNV/21/000_CNV.tif,CNV-021,val,CNV,cnv,OD,.tif,0.23143984377384186
CNV/21/001_CNV.tif,CNV-021,val,CNV,cnv,OD,.tif,0.1912408471107483
CNV/21/002_CNV.tif,CNV-021,test,CNV,cnv,OD,.tif,0.19056636095046997
CNV/21/003_CNV.tif,CNV-021,test,CNV,cnv,OD,.tif,0.19421249628067017
CNV/21/004_CNV.tif,CNV-021,test,CNV,cnv,OD,.tif,0.22038772702217102
CNV/21/005_CNV.tif,CNV-021,test,CNV,cnv,OD,.tif,0.20904165506362915
CNV/21/006_CNV.tif,CNV-021,test,CNV,cnv,OD,.tif,0.22442489862442017
CNV/21/007_CNV.tif,CNV-021,test,CNV,cnv,OD,.tif,0.22652164101600647
CNV/21/008_CNV.tif,CNV-021,test,CNV,cnv,OD,.tif,0.16857744753360748
CNV/21/009_CNV.tif,CNV-021,test,CNV,cnv,OD,.tif,0.19384920597076416
CNV/21/010_CNV.tif,CNV-021,test,CNV,cnv,OD,.tif,0.15598350763320923
CNV/21/011_CNV.tif,CNV-021,val,CNV,cnv,OD,.tif,0.16005465388298035
CNV/21/012_CNV.tif,CNV-021,test,CNV,cnv,OD,.tif,0.18466225266456604
CNV/21/013_CNV.tif,CNV-021,val,CNV,cnv,OD,.tif,0.2761596143245697
CNV/21/014_CNV.tif,CNV-021,val,CNV,cnv,OD,.tif,0.25624123215675354
CNV/21/015_CNV.tif,CNV-021,test,CNV,cnv,OD,.tif,0.28415918350219727
CNV/21/016_CNV.tif,CNV-021,test,CNV,cnv,OD,.tif,0.30894190073013306
CNV/21/017_CNV.tif,CNV-021,test,CNV,cnv,OD,.tif,0.2728397250175476
CNV/21/018_CNV.tif,CNV-021,val,CNV,cnv,OD,.tif,0.28188928961753845
CNV/21/019_CNV.tif,CNV-021,val,CNV,cnv,OD,.tif,0.26876693964004517
CNV/21/020_CNV.tif,CNV-021,test,CNV,cnv,OD,.tif,0.31421297788619995
CNV/21/021_CNV.tif,CNV-021,test,CNV,cnv,OD,.tif,0.40874210000038147
CNV/21/022_CNV.tif,CNV-021,test,CNV,cnv,OD,.tif,0.38640469312667847
CNV/21/023_CNV.tif,CNV-021,test,CNV,cnv,OD,.tif,0.4258606433868408
CNV/21/024_CNV.tif,CNV-021,test,CNV,cnv,OD,.tif,0.3565240800380707
CNV/21/025_CNV.tif,CNV-021,test,CNV,cnv,OD,.tif,0.36311694979667664
CNV/21/026_CNV.tif,CNV-021,val,CNV,cnv,OD,.tif,0.31336742639541626
CNV/21/027_CNV.tif,CNV-021,val,CNV,cnv,OD,.tif,0.24267831444740295
CNV/21/028_CNV.tif,CNV-021,test,CNV,cnv,OD,.tif,0.26215264201164246
CNV/21/029_CNV.tif,CNV-021,test,CNV,cnv,OD,.tif,0.23663505911827087
CNV/21/030_CNV.tif,CNV-021,test,CNV,cnv,OD,.tif,0.21253319084644318
CNV/22/000_Normal.tif,CNV-022,test,CNV,normal,OS,.tif,0.19847339391708374
CNV/22/001_Normal.tif,CNV-022,test,CNV,normal,OS,.tif,0.2440256029367447
CNV/22/002_Normal.tif,CNV-022,test,CNV,normal,OS,.tif,0.23438623547554016
CNV/22/003_Normal.tif,CNV-022,test,CNV,normal,OS,.tif,0.2011549472808838
CNV/22/004_Normal.tif,CNV-022,test,CNV,normal,OS,.tif,0.18244890868663788
CNV/22/005_Normal.tif,CNV-022,test,CNV,normal,OS,.tif,0.19693639874458313
CNV/22/006_Normal.tif,CNV-022,val,CNV,normal,OS,.tif,0.18064844608306885
CNV/22/007_Normal.tif,CNV-022,test,CNV,normal,OS,.tif,0.18431204557418823
CNV/22/008_CNV.tif,CNV-022,test,CNV,cnv,OS,.tif,0.14968973398208618
CNV/22/009_CNV.tif,CNV-022,test,CNV,cnv,OS,.tif,0.16766752302646637
CNV/22/010_CNV.tif,CNV-022,test,CNV,cnv,OS,.tif,0.19823381304740906
CNV/22/011_CNV.tif,CNV-022,val,CNV,cnv,OS,.tif,0.20528395473957062
CNV/22/012_CNV.tif,CNV-022,test,CNV,cnv,OS,.tif,0.21161699295043945
CNV/22/013_CNV.tif,CNV-022,val,CNV,cnv,OS,.tif,0.23552736639976501
CNV/22/014_CNV.tif,CNV-022,test,CNV,cnv,OS,.tif,0.2863122820854187
CNV/22/015_CNV.tif,CNV-022,test,CNV,cnv,OS,.tif,0.2955999970436096
CNV/22/016_CNV.tif,CNV-022,test,CNV,cnv,OS,.tif,0.27483850717544556
CNV/22/017_CNV.tif,CNV-022,val,CNV,cnv,OS,.tif,0.17494741082191467
CNV/22/018_CNV.tif,CNV-022,test,CNV,cnv,OS,.tif,0.20407769083976746
CNV/22/019_CNV.tif,CNV-022,test,CNV,cnv,OS,.tif,0.17618992924690247
CNV/22/020_CNV.tif,CNV-022,test,CNV,cnv,OS,.tif,0.16997116804122925
CNV/22/021_CNV.tif,CNV-022,val,CNV,cnv,OS,.tif,0.1640586405992508
CNV/22/022_CNV.tif,CNV-022,val,CNV,cnv,OS,.tif,0.17320379614830017
CNV/22/023_CNV.tif,CNV-022,val,CNV,cnv,OS,.tif,0.20194336771965027
CNV/22/024_CNV.tif,CNV-022,val,CNV,cnv,OS,.tif,0.19898869097232819
CNV/22/025_CNV.tif,CNV-022,val,CNV,cnv,OS,.tif,0.1980205476284027
CNV/22/026_CNV.tif,CNV-022,test,CNV,cnv,OS,.tif,0.15739238262176514
CNV/22/027_Drusen.tif,CNV-022,val,CNV,drusen,OS,.tif,0.14539264142513275
CNV/22/028_Drusen.tif,CNV-022,val,CNV,drusen,OS,.tif,0.1559831202030182
CNV/22/029_Drusen.tif,CNV-022,test,CNV,drusen,OS,.tif,0.20543017983436584
CNV/22/030_Drusen.tif,CNV-022,test,CNV,drusen,OS,.tif,0.20284800231456757
CNV/24/000_Normal.tif,CNV-024,test,CNV,normal,OS,.tif,0.17372283339500427
CNV/24/001_Normal.tif,CNV-024,test,CNV,normal,OS,.tif,0.1611710637807846
CNV/24/002_Normal.tif,CNV-024,test,CNV,normal,OS,.tif,0.1387844830751419
CNV/24/003_Normal.tif,CNV-024,val,CNV,normal,OS,.tif,0.1646289974451065
CNV/24/004_Normal.tif,CNV-024,test,CNV,normal,OS,.tif,0.1481679230928421
CNV/24/005_Drusen.tif,CNV-024,val,CNV,drusen,OS,.tif,0.14257320761680603
CNV/24/006_Drusen.tif,CNV-024,val,CNV,drusen,OS,.tif,0.11572454124689102
CNV/24/007_Drusen.tif,CNV-024,test,CNV,drusen,OS,.tif,0.14589479565620422
CNV/24/008_Drusen.tif,CNV-024,test,CNV,drusen,OS,.tif,0.14033234119415283
CNV/24/009_Drusen.tif,CNV-024,test,CNV,drusen,OS,.tif,0.13037481904029846
CNV/24/010_Drusen.tif,CNV-024,val,CNV,drusen,OS,.tif,0.1206875890493393
CNV/24/011_Drusen.tif,CNV-024,test,CNV,drusen,OS,.tif,0.1321602165699005
CNV/24/012_Drusen.tif,CNV-024,val,CNV,drusen,OS,.tif,0.17082339525222778
CNV/24/013_CNV.tif,CNV-024,test,CNV,cnv,OS,.tif,0.2571147084236145
CNV/24/014_CNV.tif,CNV-024,test,CNV,cnv,OS,.tif,0.24736088514328003
CNV/24/015_CNV.tif,CNV-024,val,CNV,cnv,OS,.tif,0.24810130894184113
CNV/24/016_CNV.tif,CNV-024,test,CNV,cnv,OS,.tif,0.2493561953306198
CNV/24/017_CNV.tif,CNV-024,test,CNV,cnv,OS,.tif,0.2620701193809509
CNV/24/018_CNV.tif,CNV-024,val,CNV,cnv,OS,.tif,0.24368880689144135
CNV/24/019_Drusen.tif,CNV-024,test,CNV,drusen,OS,.tif,0.1785397231578827
CNV/24/020_Drusen.tif,CNV-024,test,CNV,drusen,OS,.tif,0.19735684990882874
CNV/24/021_Drusen.tif,CNV-024,test,CNV,drusen,OS,.tif,0.16193872690200806
CNV/24/022_Drusen.tif,CNV-024,val,CNV,drusen,OS,.tif,0.17277687788009644
CNV/24/023_Drusen.tif,CNV-024,test,CNV,drusen,OS,.tif,0.15724170207977295
CNV/24/024_Drusen.tif,CNV-024,test,CNV,drusen,OS,.tif,0.13889175653457642
CNV/24/025_Drusen.tif,CNV-024,test,CNV,drusen,OS,.tif,0.15369436144828796
CNV/24/026_Drusen.tif,CNV-024,val,CNV,drusen,OS,.tif,0.11475307494401932
CNV/24/027_Drusen.tif,CNV-024,val,CNV,drusen,OS,.tif,0.1648469865322113
CNV/24/028_Drusen.tif,CNV-024,val,CNV,drusen,OS,.tif,0.09435782581567764
CNV/24/029_Drusen.tif,CNV-024,test,CNV,drusen,OS,.tif,0.09662476927042007
CNV/24/030_Drusen.tif,CNV-024,val,CNV,drusen,OS,.tif,0.1018814966082573
CNV/25/000_Normal.tif,CNV-025,test,CNV,normal,OS,.tif,0.277410089969635
CNV/25/001_Normal.tif,CNV-025,test,CNV,normal,OS,.tif,0.298955500125885
CNV/25/002_Normal.tif,CNV-025,test,CNV,normal,OS,.tif,0.2828682065010071
CNV/25/003_Normal.tif,CNV-025,test,CNV,normal,OS,.tif,0.2602187693119049
CNV/25/004_Normal.tif,CNV-025,test,CNV,normal,OS,.tif,0.254863977432251
CNV/25/005_Normal.tif,CNV-025,val,CNV,normal,OS,.tif,0.24010631442070007
CNV/25/006_Normal.tif,CNV-025,test,CNV,normal,OS,.tif,0.25072500109672546
CNV/25/007_Normal.tif,CNV-025,test,CNV,normal,OS,.tif,0.23936545848846436
CNV/25/008_Normal.tif,CNV-025,val,CNV,normal,OS,.tif,0.26638510823249817
CNV/25/009_Normal.tif,CNV-025,val,CNV,normal,OS,.tif,0.24757467210292816
CNV/25/010_Normal.tif,CNV-025,test,CNV,normal,OS,.tif,0.21512329578399658
CNV/25/011_Drusen.tif,CNV-025,test,CNV,drusen,OS,.tif,0.190718412399292
CNV/25/012_Drusen.tif,CNV-025,val,CNV,drusen,OS,.tif,0.19571663439273834
CNV/25/013_Drusen.tif,CNV-025,test,CNV,drusen,OS,.tif,0.24685335159301758
CNV/25/014_Drusen.tif,CNV-025,test,CNV,drusen,OS,.tif,0.196212500333786
CNV/25/015_Drusen.tif,CNV-025,test,CNV,drusen,OS,.tif,0.2540420889854431
CNV/25/016_CNV.tif,CNV-025,val,CNV,cnv,OS,.tif,0.32985636591911316
CNV/25/017_CNV.tif,CNV-025,val,CNV,cnv,OS,.tif,0.28175103664398193
CNV/25/018_CNV.tif,CNV-025,val,CNV,cnv,OS,.tif,0.2870281934738159
CNV/25/019_CNV.tif,CNV-025,test,CNV,cnv,OS,.tif,0.20554642379283905
CNV/25/020_CNV.tif,CNV-025,test,CNV,cnv,OS,.tif,0.20327746868133545
CNV/25/021_CNV.tif,CNV-025,test,CNV,cnv,OS,.tif,0.17343951761722565
CNV/25/022_Drusen.tif,CNV-025,val,CNV,drusen,OS,.tif,0.19420340657234192
CNV/25/023_Drusen.tif,CNV-025,test,CNV,drusen,OS,.tif,0.26537322998046875
CNV/25/024_Normal.tif,CNV-025,test,CNV,normal,OS,.tif,0.16846928000450134
CNV/25/025_Normal.tif,CNV-025,test,CNV,normal,OS,.tif,0.14003205299377441
CNV/25/026_Normal.tif,CNV-025,test,CNV,normal,OS,.tif,0.13026964664459229
CNV/25/027_Normal.tif,CNV-025,test,CNV,normal,OS,.tif,0.12711714208126068
CNV/25/028_Normal.tif,CNV-025,test,CNV,normal,OS,.tif,0.18684127926826477
CNV/25/029_Normal.tif,CNV-025,test,CNV,normal,OS,.tif,0.2014704793691635
CNV/25/030_Normal.tif,CNV-025,test,CNV,normal,OS,.tif,0.20477035641670227
CNV/26/000_Drusen.tif,CNV-026,val,CNV,drusen,OD,.tif,0.17799103260040283
CNV/26/001_Drusen.tif,CNV-026,val,CNV,drusen,OD,.tif,0.1913236677646637
CNV/26/002_Drusen.tif,CNV-026,test,CNV,drusen,OD,.tif,0.14412228763103485
CNV/26/003_Drusen.tif,CNV-026,val,CNV,drusen,OD,.tif,0.13253557682037354
CNV/26/004_Drusen.tif,CNV-026,val,CNV,drusen,OD,.tif,0.14845944941043854
CNV/26/005_Drusen.tif,CNV-026,test,CNV,drusen,OD,.tif,0.13968825340270996
CNV/26/006_Drusen.tif,CNV-026,val,CNV,drusen,OD,.tif,0.12797486782073975
CNV/26/007_Drusen.tif,CNV-026,val,CNV,drusen,OD,.tif,0.12909597158432007
CNV/26/008_Drusen.tif,CNV-026,val,CNV,drusen,OD,.tif,0.13977214694023132
CNV/26/009_Drusen.tif,CNV-026,val,CNV,drusen,OD,.tif,0.13287734985351562
CNV/26/010_Drusen.tif,CNV-026,test,CNV,drusen,OD,.tif,0.13232725858688354
CNV/26/011_CNV.tif,CNV-026,test,CNV,cnv,OD,.tif,0.1358124315738678
CNV/26/012_CNV.tif,CNV-026,val,CNV,cnv,OD,.tif,0.15706221759319305
CNV/26/013_CNV.tif,CNV-026,test,CNV,cnv,OD,.tif,0.17660346627235413
CNV/26/014_CNV.tif,CNV-026,test,CNV,cnv,OD,.tif,0.21381467580795288
CNV/26/015_CNV.tif,CNV-026,test,CNV,cnv,OD,.tif,0.2610738277435303
CNV/26/016_CNV.tif,CNV-026,test,CNV,cnv,OD,.tif,0.25429975986480713
CNV/26/017_CNV.tif,CNV-026,val,CNV,cnv,OD,.tif,0.23768454790115356
CNV/26/018_CNV.tif,CNV-026,val,CNV,cnv,OD,.tif,0.20902134478092194
CNV/26/019_CNV.tif,CNV-026,val,CNV,cnv,OD,.tif,0.1650797426700592
CNV/26/020_CNV.tif,CNV-026,test,CNV,cnv,OD,.tif,0.18901488184928894
CNV/26/021_CNV.tif,CNV-026,test,CNV,cnv,OD,.tif,0.16296055912971497
CNV/26/022_CNV.tif,CNV-026,val,CNV,cnv,OD,.tif,0.12865427136421204
CNV/26/023_Drusen.tif,CNV-026,test,CNV,drusen,OD,.tif,0.13753704726696014
CNV/26/024_Drusen.tif,CNV-026,test,CNV,drusen,OD,.tif,0.15862815082073212
CNV/26/025_Drusen.tif,CNV-026,val,CNV,drusen,OD,.tif,0.1457584947347641
CNV/26/026_Drusen.tif,CNV-026,test,CNV,drusen,OD,.tif,0.1307196170091629
CNV/26/027_Drusen.tif,CNV-026,test,CNV,drusen,OD,.tif,0.1549413800239563
CNV/26/028_Drusen.tif,CNV-026,test,CNV,drusen,OD,.tif,0.15532100200653076
CNV/26/029_Drusen.tif,CNV-026,test,CNV,drusen,OD,.tif,0.14575836062431335
CNV/26/030_Drusen.tif,CNV-026,test,CNV,drusen,OD,.tif,0.14215871691703796
CNV/27/000_Drusen.tif,CNV-027,test,CNV,drusen,OS,.tif,0.14766402542591095
CNV/27/001_Drusen.tif,CNV-027,test,CNV,drusen,OS,.tif,0.14074358344078064
CNV/27/002_Drusen.tif,CNV-027,test,CNV,drusen,OS,.tif,0.18375426530838013
CNV/27/003_Drusen.tif,CNV-027,test,CNV,drusen,OS,.tif,0.12872448563575745
CNV/27/004_Drusen.tif,CNV-027,test,CNV,drusen,OS,.tif,0.10801390558481216
CNV/27/005_Drusen.tif,CNV-027,test,CNV,drusen,OS,.tif,0.11982977390289307
CNV/27/006_Drusen.tif,CNV-027,test,CNV,drusen,OS,.tif,0.11806857585906982
CNV/27/007_Drusen.tif,CNV-027,val,CNV,drusen,OS,.tif,0.08671993017196655
CNV/27/008_Drusen.tif,CNV-027,test,CNV,drusen,OS,.tif,0.15114504098892212
CNV/27/009_Drusen.tif,CNV-027,test,CNV,drusen,OS,.tif,0.1539512574672699
CNV/27/010_Drusen.tif,CNV-027,test,CNV,drusen,OS,.tif,0.2046053111553192
CNV/27/011_Drusen.tif,CNV-027,test,CNV,drusen,OS,.tif,0.215103879570961
CNV/27/012_CNV.tif,CNV-027,test,CNV,cnv,OS,.tif,0.23418834805488586
CNV/27/013_CNV.tif,CNV-027,val,CNV,cnv,OS,.tif,0.28392884135246277
CNV/27/014_CNV.tif,CNV-027,val,CNV,cnv,OS,.tif,0.30964481830596924
CNV/27/015_CNV.tif,CNV-027,test,CNV,cnv,OS,.tif,0.33993881940841675
CNV/27/016_CNV.tif,CNV-027,test,CNV,cnv,OS,.tif,0.3690657317638397
CNV/27/017_CNV.tif,CNV-027,val,CNV,cnv,OS,.tif,0.378752201795578
CNV/27/018_CNV.tif,CNV-027,test,CNV,cnv,OS,.tif,0.2835790514945984
CNV/27/019_CNV.tif,CNV-027,test,CNV,cnv,OS,.tif,0.2921523451805115
CNV/27/020_CNV.tif,CNV-027,test,CNV,cnv,OS,.tif,0.30182936787605286
CNV/27/021_Drusen.tif,CNV-027,test,CNV,drusen,OS,.tif,0.27769914269447327
CNV/27/022_Drusen.tif,CNV-027,test,CNV,drusen,OS,.tif,0.22569337487220764
CNV/27/023_Drusen.tif,CNV-027,val,CNV,drusen,OS,.tif,0.2346065640449524
CNV/27/024_Drusen.tif,CNV-027,test,CNV,drusen,OS,.tif,0.22760522365570068
CNV/27/025_Drusen.tif,CNV-027,test,CNV,drusen,OS,.tif,0.16462910175323486
CNV/27/026_Drusen.tif,CNV-027,test,CNV,drusen,OS,.tif,0.12476199865341187
CNV/27/027_Drusen.tif,CNV-027,test,CNV,drusen,OS,.tif,0.15596602857112885
CNV/27/028_Drusen.tif,CNV-027,test,CNV,drusen,OS,.tif,0.1679341048002243
CNV/27/029_Drusen.tif,CNV-027,test,CNV,drusen,OS,.tif,0.19772030413150787
CNV/27/030_Drusen.tif,CNV-027,val,CNV,drusen,OS,.tif,0.17773713171482086
CNV/28/000_Normal.tif,CNV-028,test,CNV,normal,OS,.tif,0.19903315603733063
CNV/28/001_Normal.tif,CNV-028,test,CNV,normal,OS,.tif,0.17723006010055542
CNV/28/002_Normal.tif,CNV-028,val,CNV,normal,OS,.tif,0.19395126402378082
CNV/28/003_CNV.tif,CNV-028,test,CNV,cnv,OS,.tif,0.19244059920310974
CNV/28/004_CNV.tif,CNV-028,test,CNV,cnv,OS,.tif,0.21355316042900085
CNV/28/005_CNV.tif,CNV-028,test,CNV,cnv,OS,.tif,0.22007738053798676
CNV/28/006_CNV.tif,CNV-028,test,CNV,cnv,OS,.tif,0.250704288482666
CNV/28/007_CNV.tif,CNV-028,test,CNV,cnv,OS,.tif,0.23225605487823486
CNV/28/008_CNV.tif,CNV-028,test,CNV,cnv,OS,.tif,0.2747396230697632
CNV/28/009_CNV.tif,CNV-028,val,CNV,cnv,OS,.tif,0.2765783667564392
CNV/28/010_CNV.tif,CNV-028,test,CNV,cnv,OS,.tif,0.2305401712656021
CNV/28/011_CNV.tif,CNV-028,val,CNV,cnv,OS,.tif,0.23615232110023499
CNV/28/012_CNV.tif,CNV-028,val,CNV,cnv,OS,.tif,0.22705936431884766
CNV/28/013_CNV.tif,CNV-028,test,CNV,cnv,OS,.tif,0.2910524904727936
CNV/28/014_CNV.tif,CNV-028,test,CNV,cnv,OS,.tif,0.34542953968048096
CNV/28/015_CNV.tif,CNV-028,test,CNV,cnv,OS,.tif,0.4001430869102478
CNV/28/016_CNV.tif,CNV-028,test,CNV,cnv,OS,.tif,0.395358145236969
CNV/28/017_CNV.tif,CNV-028,val,CNV,cnv,OS,.tif,0.33178946375846863
CNV/28/018_Drusen.tif,CNV-028,val,CNV,drusen,OS,.tif,0.3111957907676697
CNV/28/019_Drusen.tif,CNV-028,val,CNV,drusen,OS,.tif,0.2631440758705139
CNV/28/020_Drusen.tif,CNV-028,test,CNV,drusen,OS,.tif,0.20339535176753998
CNV/28/021_Drusen.tif,CNV-028,val,CNV,drusen,OS,.tif,0.1576540470123291
CNV/28/022_Drusen.tif,CNV-028,test,CNV,drusen,OS,.tif,0.11388914287090302
CNV/28/023_Drusen.tif,CNV-028,test,CNV,drusen,OS,.tif,0.14236949384212494
CNV/28/024_Drusen.tif,CNV-028,val,CNV,drusen,OS,.tif,0.10627547651529312
CNV/28/025_Drusen.tif,CNV-028,test,CNV,drusen,OS,.tif,0.13980360329151154
CNV/28/026_Drusen.tif,CNV-028,test,CNV,drusen,OS,.tif,0.12481051683425903
CNV/28/027_Drusen.tif,CNV-028,test,CNV,drusen,OS,.tif,0.14276762306690216
CNV/28/028_Drusen.tif,CNV-028,test,CNV,drusen,OS,.tif,0.12730351090431213
CNV/28/029_Drusen.tif,CNV-028,val,CNV,drusen,OS,.tif,0.13925780355930328
CNV/28/030_Normal.tif,CNV-028,val,CNV,normal,OS,.tif,0.16630180180072784
CNV/29/000_Drusen.tif,CNV-029,test,CNV,drusen,OD,.tif,0.10957390069961548
CNV/29/001_Drusen.tif,CNV-029,val,CNV,drusen,OD,.tif,0.11039649695158005
CNV/29/002_Drusen.tif,CNV-029,test,CNV,drusen,OD,.tif,0.09893986582756042
CNV/29/003_CNV.tif,CNV-029,test,CNV,cnv,OD,.tif,0.10844233632087708
CNV/29/004_CNV.tif,CNV-029,test,CNV,cnv,OD,.tif,0.12943127751350403
CNV/29/005_CNV.tif,CNV-029,val,CNV,cnv,OD,.tif,0.21003201603889465
CNV/29/006_CNV.tif,CNV-029,val,CNV,cnv,OD,.tif,0.23686006665229797
CNV/29/007_CNV.tif,CNV-029,val,CNV,cnv,OD,.tif,0.27391892671585083
CNV/29/008_CNV.tif,CNV-029,test,CNV,cnv,OD,.tif,0.34296083450317383
CNV/29/009_CNV.tif,CNV-029,val,CNV,cnv,OD,.tif,0.2741226553916931
CNV/29/010_CNV.tif,CNV-029,test,CNV,cnv,OD,.tif,0.2940889000892639
CNV/29/011_CNV.tif,CNV-029,val,CNV,cnv,OD,.tif,0.2927272915840149
CNV/29/012_CNV.tif,CNV-029,test,CNV,cnv,OD,.tif,0.3013635277748108
CNV/29/013_CNV.tif,CNV-029,test,CNV,cnv,OD,.tif,0.31188297271728516
CNV/29/014_CNV.tif,CNV-029,val,CNV,cnv,OD,.tif,0.33972984552383423
CNV/29/015_CNV.tif,CNV-029,test,CNV,cnv,OD,.tif,0.3387366533279419
CNV/29/016_CNV.tif,CNV-029,test,CNV,cnv,OD,.tif,0.331043541431427
CNV/29/017_CNV.tif,CNV-029,test,CNV,cnv,OD,.tif,0.31422489881515503
CNV/29/018_CNV.tif,CNV-029,val,CNV,cnv,OD,.tif,0.32152050733566284
CNV/29/019_CNV.tif,CNV-029,test,CNV,cnv,OD,.tif,0.29109543561935425
CNV/29/020_CNV.tif,CNV-029,test,CNV,cnv,OD,.tif,0.34405019879341125
CNV/29/021_CNV.tif,CNV-029,test,CNV,cnv,OD,.tif,0.2603057622909546
CNV/29/022_CNV.tif,CNV-029,val,CNV,cnv,OD,.tif,0.2034338414669037
CNV/29/023_Drusen.tif,CNV-029,test,CNV,drusen,OD,.tif,0.12389431148767471
CNV/29/024_Drusen.tif,CNV-029,val,CNV,drusen,OD,.tif,0.2137630730867386
CNV/29/025_Drusen.tif,CNV-029,test,CNV,drusen,OD,.tif,0.14903263747692108
CNV/29/026_Drusen.tif,CNV-029,test,CNV,drusen,OD,.tif,0.16362683475017548
CNV/29/027_Drusen.tif,CNV-029,val,CNV,drusen,OD,.tif,0.14147785305976868
CNV/29/028_Drusen.tif,CNV-029,test,CNV,drusen,OD,.tif,0.13587883114814758
CNV/29/029_Drusen.tif,CNV-029,test,CNV,drusen,OD,.tif,0.14845028519630432
CNV/29/030_Drusen.tif,CNV-029,test,CNV,drusen,OD,.tif,0.14504587650299072
CNV/30/000_CNV.tif,CNV-030,test,CNV,cnv,OD,.tif,0.15229706466197968
CNV/30/001_CNV.tif,CNV-030,test,CNV,cnv,OD,.tif,0.17320707440376282
CNV/30/002_CNV.tif,CNV-030,val,CNV,cnv,OD,.tif,0.19953355193138123
CNV/30/003_CNV.tif,CNV-030,test,CNV,cnv,OD,.tif,0.16693753004074097
CNV/30/004_CNV.tif,CNV-030,test,CNV,cnv,OD,.tif,0.17301246523857117
CNV/30/005_CNV.tif,CNV-030,test,CNV,cnv,OD,.tif,0.1437188982963562
CNV/30/006_CNV.tif,CNV-030,test,CNV,cnv,OD,.tif,0.24107098579406738
CNV/30/007_CNV.tif,CNV-030,test,CNV,cnv,OD,.tif,0.4032266139984131
CNV/30/008_CNV.tif,CNV-030,test,CNV,cnv,OD,.tif,0.3988800048828125
CNV/30/009_CNV.tif,CNV-030,test,CNV,cnv,OD,.tif,0.38906943798065186
CNV/30/010_CNV.tif,CNV-030,test,CNV,cnv,OD,.tif,0.3193344473838806
CNV/30/011_CNV.tif,CNV-030,val,CNV,cnv,OD,.tif,0.28363344073295593
CNV/30/012_CNV.tif,CNV-030,val,CNV,cnv,OD,.tif,0.3234981894493103
CNV/30/013_CNV.tif,CNV-030,val,CNV,cnv,OD,.tif,0.2856135964393616
CNV/30/014_CNV.tif,CNV-030,test,CNV,cnv,OD,.tif,0.3022436499595642
CNV/30/015_CNV.tif,CNV-030,val,CNV,cnv,OD,.tif,0.3481554090976715
CNV/30/016_CNV.tif,CNV-030,val,CNV,cnv,OD,.tif,0.3265170753002167
CNV/30/017_CNV.tif,CNV-030,test,CNV,cnv,OD,.tif,0.34043949842453003
CNV/30/018_CNV.tif,CNV-030,test,CNV,cnv,OD,.tif,0.27803897857666016
CNV/30/019_CNV.tif,CNV-030,val,CNV,cnv,OD,.tif,0.26376956701278687
CNV/30/020_CNV.tif,CNV-030,test,CNV,cnv,OD,.tif,0.23934468626976013
CNV/30/021_CNV.tif,CNV-030,val,CNV,cnv,OD,.tif,0.20500847697257996
CNV/30/022_CNV.tif,CNV-030,test,CNV,cnv,OD,.tif,0.17189323902130127
CNV/30/023_Drusen.tif,CNV-030,val,CNV,drusen,OD,.tif,0.14497588574886322
CNV/30/024_Drusen.tif,CNV-030,test,CNV,drusen,OD,.tif,0.17559075355529785
CNV/30/025_Drusen.tif,CNV-030,test,CNV,drusen,OD,.tif,0.16570115089416504
CNV/30/026_Drusen.tif,CNV-030,test,CNV,drusen,OD,.tif,0.13375736773014069
CNV/30/027_Drusen.tif,CNV-030,test,CNV,drusen,OD,.tif,0.14929074048995972
CNV/30/028_Drusen.tif,CNV-030,test,CNV,drusen,OD,.tif,0.16576409339904785
CNV/30/029_Drusen.tif,CNV-030,test,CNV,drusen,OD,.tif,0.1416977047920227
CNV/30/030_Drusen.tif,CNV-030,val,CNV,drusen,OD,.tif,0.16563771665096283
CNV/33/000_Drusen.tif,CNV-033,test,CNV,drusen,OS,.tif,0.16269811987876892
CNV/33/001_Drusen.tif,CNV-033,test,CNV,drusen,OS,.tif,0.14111416041851044
CNV/33/002_Drusen.tif,CNV-033,test,CNV,drusen,OS,.tif,0.1886659562587738
CNV/33/003_Drusen.tif,CNV-033,test,CNV,drusen,OS,.tif,0.16617915034294128
CNV/33/004_Drusen.tif,CNV-033,test,CNV,drusen,OS,.tif,0.17350415885448456
CNV/33/005_Drusen.tif,CNV-033,test,CNV,drusen,OS,.tif,0.1410256028175354
CNV/33/006_Drusen.tif,CNV-033,test,CNV,drusen,OS,.tif,0.1505717784166336
CNV/33/007_Drusen.tif,CNV-033,val,CNV,drusen,OS,.tif,0.16227978467941284
CNV/33/008_Drusen.tif,CNV-033,test,CNV,drusen,OS,.tif,0.15069720149040222
CNV/33/009_CNV.tif,CNV-033,test,CNV,cnv,OS,.tif,0.20361116528511047
CNV/33/010_CNV.tif,CNV-033,test,CNV,cnv,OS,.tif,0.18077407777309418
CNV/33/011_CNV.tif,CNV-033,test,CNV,cnv,OS,.tif,0.25086724758148193
CNV/33/012_CNV.tif,CNV-033,test,CNV,cnv,OS,.tif,0.241614431142807
CNV/33/013_CNV.tif,CNV-033,test,CNV,cnv,OS,.tif,0.28996407985687256
CNV/33/014_CNV.tif,CNV-033,test,CNV,cnv,OS,.tif,0.2989411950111389
CNV/33/015_CNV.tif,CNV-033,test,CNV,cnv,OS,.tif,0.22448718547821045
CNV/33/016_CNV.tif,CNV-033,test,CNV,cnv,OS,.tif,0.22223521769046783
CNV/33/017_CNV.tif,CNV-033,test,CNV,cnv,OS,.tif,0.1912918984889984
CNV/33/018_CNV.tif,CNV-033,test,CNV,cnv,OS,.tif,0.173557311296463
CNV/33/019_Drusen.tif,CNV-033,val,CNV,drusen,OS,.tif,0.14606326818466187
CNV/33/020_Drusen.tif,CNV-033,val,CNV,drusen,OS,.tif,0.14523611962795258
CNV/33/021_Drusen.tif,CNV-033,val,CNV,drusen,OS,.tif,0.1467229127883911
CNV/33/022_Drusen.tif,CNV-033,test,CNV,drusen,OS,.tif,0.16563160717487335
CNV/33/023_Drusen.tif,CNV-033,val,CNV,drusen,OS,.tif,0.16379854083061218
CNV/33/024_Drusen.tif,CNV-033,val,CNV,drusen,OS,.tif,0.15531909465789795
CNV/33/025_Drusen.tif,CNV-033,test,CNV,drusen,OS,.tif,0.1639891266822815
CNV/33/026_Drusen.tif,CNV-033,val,CNV,drusen,OS,.tif,0.15988269448280334
CNV/33/027_Drusen.tif,CNV-033,test,CNV,drusen,OS,.tif,0.1780748963356018
CNV/33/028_Drusen.tif,CNV-033,test,CNV,drusen,OS,.tif,0.13593460619449615
CNV/33/029_Drusen.tif,CNV-033,val,CNV,drusen,OS,.tif,0.1661754846572876
CNV/33/030_Drusen.tif,CNV-033,test,CNV,drusen,OS,.tif,0.16673994064331055
CNV/34/000_Normal.tif,CNV-034,test,CNV,normal,OS,.tif,0.17221742868423462
CNV/34/001_Normal.tif,CNV-034,test,CNV,normal,OS,.tif,0.14993903040885925
CNV/34/002_Normal.tif,CNV-034,test,CNV,normal,OS,.tif,0.16449975967407227
CNV/34/003_Normal.tif,CNV-034,test,CNV,normal,OS,.tif,0.14846861362457275
CNV/34/004_Normal.tif,CNV-034,test,CNV,normal,OS,.tif,0.1545008271932602
CNV/34/005_Normal.tif,CNV-034,val,CNV,normal,OS,.tif,0.16511714458465576
CNV/34/006_Normal.tif,CNV-034,test,CNV,normal,OS,.tif,0.1277620643377304
CNV/34/007_Normal.tif,CNV-034,test,CNV,normal,OS,.tif,0.12197159975767136
CNV/34/008_Normal.tif,CNV-034,val,CNV,normal,OS,.tif,0.12318266928195953
CNV/34/009_Normal.tif,CNV-034,test,CNV,normal,OS,.tif,0.13203144073486328
CNV/34/010_Drusen.tif,CNV-034,val,CNV,drusen,OS,.tif,0.1251799464225769
CNV/34/011_Drusen.tif,CNV-034,test,CNV,drusen,OS,.tif,0.17225834727287292
CNV/34/012_CNV.tif,CNV-034,test,CNV,cnv,OS,.tif,0.15360915660858154
CNV/34/013_CNV.tif,CNV-034,val,CNV,cnv,OS,.tif,0.18977457284927368
CNV/34/014_CNV.tif,CNV-034,test,CNV,cnv,OS,.tif,0.17691849172115326
CNV/34/015_CNV.tif,CNV-034,test,CNV,cnv,OS,.tif,0.21027997136116028
CNV/34/016_CNV.tif,CNV-034,val,CNV,cnv,OS,.tif,0.1885395646095276
CNV/34/017_CNV.tif,CNV-034,test,CNV,cnv,OS,.tif,0.17882764339447021
CNV/34/018_CNV.tif,CNV-034,test,CNV,cnv,OS,.tif,0.2585274577140808
CNV/34/019_CNV.tif,CNV-034,test,CNV,cnv,OS,.tif,0.14662623405456543
CNV/34/020_Drusen.tif,CNV-034,test,CNV,drusen,OS,.tif,0.1607648879289627
CNV/34/021_Drusen.tif,CNV-034,test,CNV,drusen,OS,.tif,0.13741551339626312
CNV/34/022_Drusen.tif,CNV-034,test,CNV,drusen,OS,.tif,0.1591702252626419
CNV/34/023_Drusen.tif,CNV-034,test,CNV,drusen,OS,.tif,0.1880660504102707
CNV/34/024_Drusen.tif,CNV-034,test,CNV,drusen,OS,.tif,0.10581058263778687
CNV/34/025_Drusen.tif,CNV-034,test,CNV,drusen,OS,.tif,0.11184613406658173
CNV/34/026_Drusen.tif,CNV-034,test,CNV,drusen,OS,.tif,0.11357982456684113
CNV/34/027_Normal.tif,CNV-034,val,CNV,normal,OS,.tif,0.10270435363054276
CNV/34/028_Normal.tif,CNV-034,test,CNV,normal,OS,.tif,0.15694452822208405
CNV/34/029_Normal.tif,CNV-034,test,CNV,normal,OS,.tif,0.11468947678804398
CNV/34/030_Normal.tif,CNV-034,test,CNV,normal,OS,.tif,0.13638314604759216
CNV/38/000_CNV.tif,CNV-038,val,CNV,cnv,OD,.tif,0.13881410658359528
CNV/38/001_CNV.tif,CNV-038,test,CNV,cnv,OD,.tif,0.09510735422372818
CNV/38/002_CNV.tif,CNV-038,test,CNV,cnv,OD,.tif,0.14932283759117126
CNV/38/003_CNV.tif,CNV-038,val,CNV,cnv,OD,.tif,0.11068454384803772
CNV/38/004_CNV.tif,CNV-038,val,CNV,cnv,OD,.tif,0.18581035733222961
CNV/38/005_CNV.tif,CNV-038,test,CNV,cnv,OD,.tif,0.15738436579704285
CNV/38/006_CNV.tif,CNV-038,test,CNV,cnv,OD,.tif,0.2397102415561676
CNV/38/007_CNV.tif,CNV-038,val,CNV,cnv,OD,.tif,0.2657098174095154
CNV/38/008_CNV.tif,CNV-038,test,CNV,cnv,OD,.tif,0.2886921167373657
CNV/38/009_CNV.tif,CNV-038,val,CNV,cnv,OD,.tif,0.29512912034988403
CNV/38/010_CNV.tif,CNV-038,val,CNV,cnv,OD,.tif,0.3781087398529053
CNV/38/011_CNV.tif,CNV-038,test,CNV,cnv,OD,.tif,0.4154706299304962
CNV/38/012_CNV.tif,CNV-038,val,CNV,cnv,OD,.tif,0.4224454164505005
CNV/38/013_CNV.tif,CNV-038,test,CNV,cnv,OD,.tif,0.39646047353744507
CNV/38/014_CNV.tif,CNV-038,val,CNV,cnv,OD,.tif,0.38295459747314453
CNV/38/015_CNV.tif,CNV-038,test,CNV,cnv,OD,.tif,0.3870130181312561
CNV/38/016_CNV.tif,CNV-038,test,CNV,cnv,OD,.tif,0.4434434175491333
CNV/38/017_CNV.tif,CNV-038,val,CNV,cnv,OD,.tif,0.3592609763145447
CNV/38/018_CNV.tif,CNV-038,test,CNV,cnv,OD,.tif,0.33606988191604614
CNV/38/019_CNV.tif,CNV-038,test,CNV,cnv,OD,.tif,0.26950496435165405
CNV/38/020_CNV.tif,CNV-038,test,CNV,cnv,OD,.tif,0.16852396726608276
CNV/38/021_CNV.tif,CNV-038,test,CNV,cnv,OD,.tif,0.20404693484306335
CNV/38/022_CNV.tif,CNV-038,test,CNV,cnv,OD,.tif,0.18649181723594666
CNV/38/023_CNV.tif,CNV-038,test,CNV,cnv,OD,.tif,0.17974978685379028
CNV/38/024_Drusen.tif,CNV-038,test,CNV,drusen,OD,.tif,0.17768745124340057
CNV/39/000_Normal.tif,CNV-039,test,CNV,normal,OD,.tif,0.19044657051563263
CNV/39/001_Normal.tif,CNV-039,test,CNV,normal,OD,.tif,0.1523026078939438
CNV/39/002_Normal.tif,CNV-039,val,CNV,normal,OD,.tif,0.1293548345565796
CNV/39/003_Normal.tif,CNV-039,test,CNV,normal,OD,.tif,0.13747191429138184
CNV/39/004_Normal.tif,CNV-039,test,CNV,normal,OD,.tif,0.11949373781681061
CNV/39/005_Normal.tif,CNV-039,test,CNV,normal,OD,.tif,0.1315353810787201
CNV/39/006_Normal.tif,CNV-039,test,CNV,normal,OD,.tif,0.12786699831485748
CNV/39/007_Normal.tif,CNV-039,test,CNV,normal,OD,.tif,0.16180428862571716
CNV/39/008_CNV.tif,CNV-039,test,CNV,cnv,OD,.tif,0.14970827102661133
CNV/39/009_CNV.tif,CNV-039,val,CNV,cnv,OD,.tif,0.16229990124702454
CNV/39/010_CNV.tif,CNV-039,test,CNV,cnv,OD,.tif,0.14828743040561676
CNV/39/011_CNV.tif,CNV-039,test,CNV,cnv,OD,.tif,0.20204836130142212
CNV/39/012_CNV.tif,CNV-039,test,CNV,cnv,OD,.tif,0.2546662986278534
CNV/39/013_CNV.tif,CNV-039,test,CNV,cnv,OD,.tif,0.3349398970603943
CNV/39/014_CNV.tif,CNV-039,test,CNV,cnv,OD,.tif,0.27438363432884216
CNV/39/015_CNV.tif,CNV-039,test,CNV,cnv,OD,.tif,0.3250429034233093
CNV/39/016_CNV.tif,CNV-039,test,CNV,cnv,OD,.tif,0.26375812292099
CNV/39/017_CNV.tif,CNV-039,val,CNV,cnv,OD,.tif,0.268332839012146
CNV/39/018_CNV.tif,CNV-039,val,CNV,cnv,OD,.tif,0.30203622579574585
CNV/39/019_CNV.tif,CNV-039,test,CNV,cnv,OD,.tif,0.23543761670589447
CNV/39/020_CNV.tif,CNV-039,test,CNV,cnv,OD,.tif,0.2162136435508728
CNV/39/021_Drusen.tif,CNV-039,test,CNV,drusen,OD,.tif,0.18009845912456512
CNV/39/022_Drusen.tif,CNV-039,test,CNV,drusen,OD,.tif,0.20884954929351807
CNV/39/023_Drusen.tif,CNV-039,val,CNV,drusen,OD,.tif,0.17738017439842224
CNV/39/024_Normal.tif,CNV-039,test,CNV,normal,OD,.tif,0.14378073811531067
CNV/39/025_Normal.tif,CNV-039,test,CNV,normal,OD,.tif,0.14624997973442078
CNV/39/026_Normal.tif,CNV-039,test,CNV,normal,OD,.tif,0.11615188419818878
CNV/39/027_Normal.tif,CNV-039,test,CNV,normal,OD,.tif,0.12175251543521881
CNV/39/028_Drusen.tif,CNV-039,test,CNV,drusen,OD,.tif,0.13288258016109467
CNV/39/029_Normal.tif,CNV-039,test,CNV,normal,OD,.tif,0.11445816606283188
CNV/39/030_Normal.tif,CNV-039,test,CNV,normal,OD,.tif,0.12321022152900696
CNV/40/000_Normal.tif,CNV-040,test,CNV,normal,OD,.tif,0.16157877445220947
CNV/40/001_Normal.tif,CNV-040,val,CNV,normal,OD,.tif,0.11818643659353256
CNV/40/002_Normal.tif,CNV-040,val,CNV,normal,OD,.tif,0.1343744397163391
CNV/40/003_Drusen.tif,CNV-040,val,CNV,drusen,OD,.tif,0.12344352900981903
CNV/40/004_Drusen.tif,CNV-040,test,CNV,drusen,OD,.tif,0.10976564884185791
CNV/40/005_Drusen.tif,CNV-040,val,CNV,drusen,OD,.tif,0.09916864335536957
CNV/40/006_Drusen.tif,CNV-040,test,CNV,drusen,OD,.tif,0.110371895134449
CNV/40/007_Drusen.tif,CNV-040,test,CNV,drusen,OD,.tif,0.09366115182638168
CNV/40/008_Drusen.tif,CNV-040,val,CNV,drusen,OD,.tif,0.0862983837723732
CNV/40/009_Drusen.tif,CNV-040,test,CNV,drusen,OD,.tif,0.13341084122657776
CNV/40/010_Drusen.tif,CNV-040,test,CNV,drusen,OD,.tif,0.10519538819789886
CNV/40/011_Drusen.tif,CNV-040,test,CNV,drusen,OD,.tif,0.1587848961353302
CNV/40/012_Drusen.tif,CNV-040,test,CNV,drusen,OD,.tif,0.10668227821588516
CNV/40/013_CNV.tif,CNV-040,test,CNV,cnv,OD,.tif,0.1520361304283142
CNV/40/014_CNV.tif,CNV-040,test,CNV,cnv,OD,.tif,0.2367228865623474
CNV/40/015_CNV.tif,CNV-040,val,CNV,cnv,OD,.tif,0.21550065279006958
CNV/40/016_CNV.tif,CNV-040,val,CNV,cnv,OD,.tif,0.2181544303894043
CNV/40/017_CNV.tif,CNV-040,test,CNV,cnv,OD,.tif,0.19110944867134094
CNV/40/018_CNV.tif,CNV-040,test,CNV,cnv,OD,.tif,0.14373746514320374
CNV/40/019_Drusen.tif,CNV-040,val,CNV,drusen,OD,.tif,0.19068565964698792
CNV/40/020_Drusen.tif,CNV-040,test,CNV,drusen,OD,.tif,0.16488543152809143
CNV/40/021_Drusen.tif,CNV-040,test,CNV,drusen,OD,.tif,0.130027636885643
CNV/40/022_Drusen.tif,CNV-040,test,CNV,drusen,OD,.tif,0.14487245678901672
CNV/40/023_Drusen.tif,CNV-040,test,CNV,drusen,OD,.tif,0.1207164078950882
CNV/40/024_Drusen.tif,CNV-040,test,CNV,drusen,OD,.tif,0.14153197407722473
CNV/40/025_Drusen.tif,CNV-040,test,CNV,drusen,OD,.tif,0.14047130942344666
CNV/40/026_Drusen.tif,CNV-040,test,CNV,drusen,OD,.tif,0.13165664672851562
CNV/40/027_Drusen.tif,CNV-040,val,CNV,drusen,OD,.tif,0.12504607439041138
CNV/40/028_Drusen.tif,CNV-040,test,CNV,drusen,OD,.tif,0.10461070388555527
CNV/40/029_Drusen.tif,CNV-040,test,CNV,drusen,OD,.tif,0.12324348092079163
CNV/40/030_Drusen.tif,CNV-040,test,CNV,drusen,OD,.tif,0.11594212055206299
CNV/41/000_Drusen.tif,CNV-041,test,CNV,drusen,OS,.tif,0.174290269613266
CNV/41/001_Normal.tif,CNV-041,test,CNV,normal,OS,.tif,0.16155076026916504
CNV/41/002_Drusen.tif,CNV-041,test,CNV,drusen,OS,.tif,0.15264788269996643
CNV/41/003_Normal.tif,CNV-041,val,CNV,normal,OS,.tif,0.1453794538974762
CNV/41/004_Drusen.tif,CNV-041,val,CNV,drusen,OS,.tif,0.16345345973968506
CNV/41/005_Normal.tif,CNV-041,test,CNV,normal,OS,.tif,0.1998683363199234
CNV/41/006_Drusen.tif,CNV-041,val,CNV,drusen,OS,.tif,0.17026440799236298
CNV/41/007_Drusen.tif,CNV-041,test,CNV,drusen,OS,.tif,0.1635012924671173
CNV/41/008_Drusen.tif,CNV-041,val,CNV,drusen,OS,.tif,0.14169809222221375
CNV/41/009_CNV.tif,CNV-041,test,CNV,cnv,OS,.tif,0.15926721692085266
CNV/41/010_CNV.tif,CNV-041,test,CNV,cnv,OS,.tif,0.20643821358680725
CNV/41/011_CNV.tif,CNV-041,test,CNV,cnv,OS,.tif,0.29092347621917725
CNV/41/012_CNV.tif,CNV-041,val,CNV,cnv,OS,.tif,0.3089374303817749
CNV/41/013_CNV.tif,CNV-041,test,CNV,cnv,OS,.tif,0.33640551567077637
CNV/41/014_CNV.tif,CNV-041,test,CNV,cnv,OS,.tif,0.35342222452163696
CNV/41/015_CNV.tif,CNV-041,test,CNV,cnv,OS,.tif,0.34717047214508057
CNV/41/016_CNV.tif,CNV-041,test,CNV,cnv,OS,.tif,0.33961978554725647
CNV/41/017_CNV.tif,CNV-041,test,CNV,cnv,OS,.tif,0.3487730622291565
CNV/41/018_CNV.tif,CNV-041,val,CNV,cnv,OS,.tif,0.3180980086326599
CNV/41/019_CNV.tif,CNV-041,test,CNV,cnv,OS,.tif,0.2872062027454376
CNV/41/020_CNV.tif,CNV-041,test,CNV,cnv,OS,.tif,0.2848218083381653
CNV/41/021_CNV.tif,CNV-041,test,CNV,cnv,OS,.tif,0.20703712105751038
CNV/41/022_CNV.tif,CNV-041,test,CNV,cnv,OS,.tif,0.1521165668964386
CNV/41/023_CNV.tif,CNV-041,test,CNV,cnv,OS,.tif,0.13957861065864563
CNV/41/024_CNV.tif,CNV-041,val,CNV,cnv,OS,.tif,0.15038631856441498
CNV/41/025_Drusen.tif,CNV-041,val,CNV,drusen,OS,.tif,0.14621677994728088
CNV/41/026_Normal.tif,CNV-041,val,CNV,normal,OS,.tif,0.13639181852340698
CNV/41/027_Normal.tif,CNV-041,test,CNV,normal,OS,.tif,0.12612003087997437
CNV/41/028_Normal.tif,CNV-041,test,CNV,normal,OS,.tif,0.1311728060245514
CNV/41/029_Normal.tif,CNV-041,test,CNV,normal,OS,.tif,0.1297895610332489
CNV/41/030_Normal.tif,CNV-041,test,CNV,normal,OS,.tif,0.14134499430656433
CNV/43/000_Normal.tif,CNV-043,test,CNV,normal,OS,.tif,0.13414354622364044
CNV/43/001_Normal.tif,CNV-043,test,CNV,normal,OS,.tif,0.15455716848373413
CNV/43/002_Normal.tif,CNV-043,val,CNV,normal,OS,.tif,0.1263151913881302
CNV/43/003_Normal.tif,CNV-043,test,CNV,normal,OS,.tif,0.11252535879611969
CNV/43/004_Normal.tif,CNV-043,test,CNV,normal,OS,.tif,0.08991315960884094
CNV/43/005_CNV.tif,CNV-043,test,CNV,cnv,OS,.tif,0.10166987776756287
CNV/43/006_CNV.tif,CNV-043,test,CNV,cnv,OS,.tif,0.11484228074550629
CNV/43/007_CNV.tif,CNV-043,test,CNV,cnv,OS,.tif,0.13586103916168213
CNV/43/008_CNV.tif,CNV-043,test,CNV,cnv,OS,.tif,0.15458565950393677
CNV/43/009_CNV.tif,CNV-043,test,CNV,cnv,OS,.tif,0.17679660022258759
CNV/43/010_CNV.tif,CNV-043,test,CNV,cnv,OS,.tif,0.21874350309371948
CNV/43/011_CNV.tif,CNV-043,test,CNV,cnv,OS,.tif,0.21607910096645355
CNV/43/012_CNV.tif,CNV-043,val,CNV,cnv,OS,.tif,0.2039807289838791
CNV/43/013_CNV.tif,CNV-043,test,CNV,cnv,OS,.tif,0.19245018064975739
CNV/43/014_CNV.tif,CNV-043,val,CNV,cnv,OS,.tif,0.1832641065120697
CNV/43/015_CNV.tif,CNV-043,val,CNV,cnv,OS,.tif,0.10866690427064896
CNV/43/016_CNV.tif,CNV-043,test,CNV,cnv,OS,.tif,0.10757309198379517
CNV/43/017_CNV.tif,CNV-043,test,CNV,cnv,OS,.tif,0.12521293759346008
CNV/43/018_CNV.tif,CNV-043,test,CNV,cnv,OS,.tif,0.11237192153930664
CNV/43/019_Drusen.tif,CNV-043,val,CNV,drusen,OS,.tif,0.154026597738266
CNV/43/020_Drusen.tif,CNV-043,val,CNV,drusen,OS,.tif,0.15646487474441528
CNV/43/021_Drusen.tif,CNV-043,test,CNV,drusen,OS,.tif,0.17692789435386658
CNV/43/022_Drusen.tif,CNV-043,test,CNV,drusen,OS,.tif,0.123384028673172
CNV/43/023_Drusen.tif,CNV-043,val,CNV,drusen,OS,.tif,0.1293443888425827
CNV/43/024_Normal.tif,CNV-043,test,CNV,normal,OS,.tif,0.16246573626995087
CNV/44/000_NOrmal.tif,CNV-044,val,CNV,normal,OD,.tif,0.1904696524143219
CNV/44/001_Drusen.tif,CNV-044,test,CNV,drusen,OD,.tif,0.20076122879981995
CNV/44/002_NOrmal.tif,CNV-044,test,CNV,normal,OD,.tif,0.17313429713249207
CNV/44/003_NOrmal.tif,CNV-044,test,CNV,normal,OD,.tif,0.15231981873512268
CNV/44/004_Drusen.tif,CNV-044,val,CNV,drusen,OD,.tif,0.18565692007541656
CNV/44/005_Drusen.tif,CNV-044,test,CNV,drusen,OD,.tif,0.2226877510547638
CNV/44/006_Drusen.tif,CNV-044,test,CNV,drusen,OD,.tif,0.19419530034065247
CNV/44/007_NOrmal.tif,CNV-044,test,CNV,normal,OD,.tif,0.16048966348171234
CNV/44/008_CNV.tif,CNV-044,test,CNV,cnv,OD,.tif,0.18056203424930573
CNV/44/009_CNV.tif,CNV-044,val,CNV,cnv,OD,.tif,0.1896652728319168
CNV/44/010_CNV.tif,CNV-044,test,CNV,cnv,OD,.tif,0.2066015899181366
CNV/44/011_CNV.tif,CNV-044,val,CNV,cnv,OD,.tif,0.21010838449001312
CNV/44/012_CNV.tif,CNV-044,val,CNV,cnv,OD,.tif,0.22872892022132874
CNV/44/013_CNV.tif,CNV-044,val,CNV,cnv,OD,.tif,0.23335565626621246
CNV/44/014_CNV.tif,CNV-044,val,CNV,cnv,OD,.tif,0.24818828701972961
CNV/44/015_CNV.tif,CNV-044,test,CNV,cnv,OD,.tif,0.27956342697143555
CNV/44/016_CNV.tif,CNV-044,val,CNV,cnv,OD,.tif,0.24625670909881592
CNV/44/017_CNV.tif,CNV-044,test,CNV,cnv,OD,.tif,0.24674522876739502
CNV/44/018_CNV.tif,CNV-044,test,CNV,cnv,OD,.tif,0.23770105838775635
CNV/44/019_CNV.tif,CNV-044,val,CNV,cnv,OD,.tif,0.1769402027130127
CNV/44/020_NOrmal.tif,CNV-044,test,CNV,normal,OD,.tif,0.20295268297195435
CNV/44/021_NOrmal.tif,CNV-044,test,CNV,normal,OD,.tif,0.1925291121006012
CNV/44/022_NOrmal.tif,CNV-044,test,CNV,normal,OD,.tif,0.17208731174468994
CNV/44/023_NOrmal.tif,CNV-044,test,CNV,normal,OD,.tif,0.19605253636837006
CNV/44/024_NOrmal.tif,CNV-044,val,CNV,normal,OD,.tif,0.20088203251361847
CNV/44/025_NOrmal.tif,CNV-044,test,CNV,normal,OD,.tif,0.23433759808540344
CNV/44/026_NOrmal.tif,CNV-044,val,CNV,normal,OD,.tif,0.19973132014274597
CNV/44/027_NOrmal.tif,CNV-044,test,CNV,normal,OD,.tif,0.21268153190612793
CNV/44/028_NOrmal.tif,CNV-044,val,CNV,normal,OD,.tif,0.19810879230499268
CNV/44/029_NOrmal.tif,CNV-044,test,CNV,normal,OD,.tif,0.24377477169036865
CNV/44/030_NOrmal.tif,CNV-044,test,CNV,normal,OD,.tif,0.19834409654140472
CNV/46/000_Drusen.tif,CNV-046,val,CNV,drusen,OS,.tif,0.12680356204509735
CNV/46/001_Normal.tif,CNV-046,test,CNV,normal,OS,.tif,0.13709105551242828
CNV/46/002_Drusen.tif,CNV-046,test,CNV,drusen,OS,.tif,0.12168557941913605
CNV/46/003_Drusen.tif,CNV-046,val,CNV,drusen,OS,.tif,0.1301177442073822
CNV/46/004_Drusen.tif,CNV-046,val,CNV,drusen,OS,.tif,0.12111771106719971
CNV/46/005_Drusen.tif,CNV-046,test,CNV,drusen,OS,.tif,0.1380193829536438
CNV/46/006_Normal.tif,CNV-046,val,CNV,normal,OS,.tif,0.13418425619602203
CNV/46/007_Drusen.tif,CNV-046,test,CNV,drusen,OS,.tif,0.13206958770751953
CNV/46/008_Drusen.tif,CNV-046,val,CNV,drusen,OS,.tif,0.15513166785240173
CNV/46/009_Drusen.tif,CNV-046,test,CNV,drusen,OS,.tif,0.24100427329540253
CNV/46/010_Drusen.tif,CNV-046,val,CNV,drusen,OS,.tif,0.20267194509506226
CNV/46/011_Drusen.tif,CNV-046,test,CNV,drusen,OS,.tif,0.19767910242080688
CNV/46/012_CNV.tif,CNV-046,val,CNV,cnv,OS,.tif,0.2375696301460266
CNV/46/013_CNV.tif,CNV-046,test,CNV,cnv,OS,.tif,0.28259602189064026
CNV/46/014_CNV.tif,CNV-046,test,CNV,cnv,OS,.tif,0.3082364797592163
CNV/46/015_CNV.tif,CNV-046,val,CNV,cnv,OS,.tif,0.31410229206085205
CNV/46/016_Normal.tif,CNV-046,test,CNV,normal,OS,.tif,0.29732006788253784
CNV/46/017_Normal.tif,CNV-046,val,CNV,normal,OS,.tif,0.2642088830471039
CNV/46/018_Normal.tif,CNV-046,val,CNV,normal,OS,.tif,0.2865076959133148
CNV/46/019_Normal.tif,CNV-046,test,CNV,normal,OS,.tif,0.29066163301467896
CNV/46/020_Normal.tif,CNV-046,val,CNV,normal,OS,.tif,0.14171592891216278
CNV/46/021_Normal.tif,CNV-046,val,CNV,normal,OS,.tif,0.1334085464477539
CNV/46/022_Normal.tif,CNV-046,val,CNV,normal,OS,.tif,0.12263162434101105
CNV/46/023_Normal.tif,CNV-046,val,CNV,normal,OS,.tif,0.1102525144815445
CNV/46/024_Drusen.tif,CNV-046,val,CNV,drusen,OS,.tif,0.11646753549575806
CNV/46/025_Normal.tif,CNV-046,test,CNV,normal,OS,.tif,0.11908993124961853
CNV/46/026_Normal.tif,CNV-046,test,CNV,normal,OS,.tif,0.1723124086856842
CNV/46/027_Normal.tif,CNV-046,test,CNV,normal,OS,.tif,0.14594727754592896
CNV/46/028_Normal.tif,CNV-046,val,CNV,normal,OS,.tif,0.14730940759181976
CNV/46/029_Normal.tif,CNV-046,test,CNV,normal,OS,.tif,0.11935213208198547
CNV/46/030_Normal.tif,CNV-046,val,CNV,normal,OS,.tif,0.11291356384754181
CNV/47/000_Normal.tif,CNV-047,test,CNV,normal,OS,.tif,0.27305424213409424
CNV/47/001_Normal.tif,CNV-047,test,CNV,normal,OS,.tif,0.23071688413619995
CNV/47/002_Normal.tif,CNV-047,val,CNV,normal,OS,.tif,0.179714173078537
CNV/47/003_Normal.tif,CNV-047,test,CNV,normal,OS,.tif,0.18742281198501587
CNV/47/004_Normal.tif,CNV-047,val,CNV,normal,OS,.tif,0.19101189076900482
CNV/47/005_Drusen.tif,CNV-047,test,CNV,drusen,OS,.tif,0.1834138184785843
CNV/47/006_Drusen.tif,CNV-047,val,CNV,drusen,OS,.tif,0.19204390048980713
CNV/47/007_CNV.tif,CNV-047,test,CNV,cnv,OS,.tif,0.21959525346755981
CNV/47/008_CNV.tif,CNV-047,test,CNV,cnv,OS,.tif,0.21420620381832123
CNV/47/009_CNV.tif,CNV-047,test,CNV,cnv,OS,.tif,0.2520212233066559
CNV/47/010_CNV.tif,CNV-047,test,CNV,cnv,OS,.tif,0.31366604566574097
CNV/47/011_CNV.tif,CNV-047,val,CNV,cnv,OS,.tif,0.3303503394126892
CNV/47/012_CNV.tif,CNV-047,test,CNV,cnv,OS,.tif,0.3028808832168579
CNV/47/013_CNV.tif,CNV-047,test,CNV,cnv,OS,.tif,0.3218386471271515
CNV/47/014_CNV.tif,CNV-047,test,CNV,cnv,OS,.tif,0.31122684478759766
CNV/47/015_CNV.tif,CNV-047,test,CNV,cnv,OS,.tif,0.3888762295246124
CNV/47/016_CNV.tif,CNV-047,test,CNV,cnv,OS,.tif,0.308510959148407
CNV/47/017_CNV.tif,CNV-047,test,CNV,cnv,OS,.tif,0.28946253657341003
CNV/47/018_CNV.tif,CNV-047,test,CNV,cnv,OS,.tif,0.2713502049446106
CNV/47/019_CNV.tif,CNV-047,test,CNV,cnv,OS,.tif,0.28200119733810425
CNV/47/020_CNV.tif,CNV-047,test,CNV,cnv,OS,.tif,0.2435588836669922
CNV/47/021_CNV.tif,CNV-047,val,CNV,cnv,OS,.tif,0.20367233455181122
CNV/47/022_CNV.tif,CNV-047,test,CNV,cnv,OS,.tif,0.22287708520889282
CNV/47/023_CNV.tif,CNV-047,test,CNV,cnv,OS,.tif,0.26470983028411865
CNV/47/024_Drusen.tif,CNV-047,test,CNV,drusen,OS,.tif,0.21607786417007446
CNV/47/025_Normal.tif,CNV-047,test,CNV,normal,OS,.tif,0.23906336724758148
CNV/47/026_Normal.tif,CNV-047,val,CNV,normal,OS,.tif,0.25264057517051697
CNV/47/027_Normal.tif,CNV-047,test,CNV,normal,OS,.tif,0.2595277726650238
CNV/47/028_Normal.tif,CNV-047,test,CNV,normal,OS,.tif,0.2564736008644104
CNV/47/029_Normal.tif,CNV-047,val,CNV,normal,OS,.tif,0.2571680545806885
CNV/47/030_Normal.tif,CNV-047,test,CNV,normal,OS,.tif,0.2339256852865219
CNV/49/000_CNV.tif,CNV-049,test,CNV,cnv,OS,.tif,0.3085654377937317
CNV/49/001_CNV.tif,CNV-049,test,CNV,cnv,OS,.tif,0.27826154232025146
CNV/49/002_CNV.tif,CNV-049,test,CNV,cnv,OS,.tif,0.27569833397865295
CNV/49/003_CNV.tif,CNV-049,test,CNV,cnv,OS,.tif,0.2260645180940628
CNV/49/004_CNV.tif,CNV-049,test,CNV,cnv,OS,.tif,0.1521306037902832
CNV/49/005_CNV.tif,CNV-049,test,CNV,cnv,OS,.tif,0.2110961675643921
CNV/49/006_CNV.tif,CNV-049,test,CNV,cnv,OS,.tif,0.21746867895126343
CNV/49/007_CNV.tif,CNV-049,val,CNV,cnv,OS,.tif,0.1973685771226883
CNV/49/008_CNV.tif,CNV-049,test,CNV,cnv,OS,.tif,0.23244260251522064
CNV/49/009_CNV.tif,CNV-049,val,CNV,cnv,OS,.tif,0.2336994856595993
CNV/49/010_CNV.tif,CNV-049,test,CNV,cnv,OS,.tif,0.2678690552711487
CNV/49/011_CNV.tif,CNV-049,test,CNV,cnv,OS,.tif,0.2873300313949585
CNV/49/012_CNV.tif,CNV-049,val,CNV,cnv,OS,.tif,0.2863970398902893
CNV/49/013_CNV.tif,CNV-049,val,CNV,cnv,OS,.tif,0.26581287384033203
CNV/49/014_CNV.tif,CNV-049,test,CNV,cnv,OS,.tif,0.28094929456710815
CNV/49/015_CNV.tif,CNV-049,val,CNV,cnv,OS,.tif,0.3368220925331116
CNV/49/016_CNV.tif,CNV-049,test,CNV,cnv,OS,.tif,0.3329373896121979
CNV/49/017_CNV.tif,CNV-049,test,CNV,cnv,OS,.tif,0.2918129563331604
CNV/49/018_CNV.tif,CNV-049,test,CNV,cnv,OS,.tif,0.30420950055122375
CNV/49/019_CNV.tif,CNV-049,test,CNV,cnv,OS,.tif,0.31131964921951294
CNV/49/020_CNV.tif,CNV-049,test,CNV,cnv,OS,.tif,0.29819783568382263
CNV/49/021_CNV.tif,CNV-049,test,CNV,cnv,OS,.tif,0.20447131991386414
CNV/49/022_CNV.tif,CNV-049,test,CNV,cnv,OS,.tif,0.22347892820835114
CNV/49/023_CNV.tif,CNV-049,test,CNV,cnv,OS,.tif,0.20986199378967285
CNV/49/024_CNV.tif,CNV-049,val,CNV,cnv,OS,.tif,0.2386045753955841
CNV/49/025_Drusen.tif,CNV-049,test,CNV,drusen,OS,.tif,0.17976859211921692
CNV/49/026_Drusen.tif,CNV-049,test,CNV,drusen,OS,.tif,0.2032831609249115
CNV/49/027_Drusen.tif,CNV-049,val,CNV,drusen,OS,.tif,0.17344415187835693
CNV/49/028_Drusen.tif,CNV-049,test,CNV,drusen,OS,.tif,0.12933944165706635
CNV/49/029_Drusen.tif,CNV-049,test,CNV,drusen,OS,.tif,0.18321797251701355
CNV/49/030_Drusen.tif,CNV-049,test,CNV,drusen,OS,.tif,0.16828608512878418
CNV/51/000_Drusen.tif,CNV-051,test,CNV,drusen,OD,.tif,0.26155316829681396
CNV/51/001_Drusen.tif,CNV-051,val,CNV,drusen,OD,.tif,0.16777795553207397
CNV/51/002_Drusen.tif,CNV-051,test,CNV,drusen,OD,.tif,0.21440935134887695
CNV/51/003_Drusen.tif,CNV-051,test,CNV,drusen,OD,.tif,0.2168920934200287
CNV/51/004_Drusen.tif,CNV-051,val,CNV,drusen,OD,.tif,0.24378952383995056
CNV/51/005_Drusen.tif,CNV-051,test,CNV,drusen,OD,.tif,0.1589474231004715
CNV/51/006_Drusen.tif,CNV-051,test,CNV,drusen,OD,.tif,0.20001867413520813
CNV/51/007_Drusen.tif,CNV-051,test,CNV,drusen,OD,.tif,0.17768636345863342
CNV/51/008_CNV.tif,CNV-051,test,CNV,cnv,OD,.tif,0.22249679267406464
CNV/51/009_CNV.tif,CNV-051,test,CNV,cnv,OD,.tif,0.26945048570632935
CNV/51/010_CNV.tif,CNV-051,val,CNV,cnv,OD,.tif,0.28652119636535645
CNV/51/011_CNV.tif,CNV-051,test,CNV,cnv,OD,.tif,0.33574527502059937
CNV/51/012_CNV.tif,CNV-051,test,CNV,cnv,OD,.tif,0.36689624190330505
CNV/51/013_CNV.tif,CNV-051,test,CNV,cnv,OD,.tif,0.3519715964794159
CNV/51/014_CNV.tif,CNV-051,test,CNV,cnv,OD,.tif,0.36068710684776306
CNV/51/015_CNV.tif,CNV-051,test,CNV,cnv,OD,.tif,0.3452044725418091
CNV/51/016_CNV.tif,CNV-051,test,CNV,cnv,OD,.tif,0.342994749546051
CNV/51/017_CNV.tif,CNV-051,test,CNV,cnv,OD,.tif,0.37630966305732727
CNV/51/018_CNV.tif,CNV-051,val,CNV,cnv,OD,.tif,0.3446378707885742
CNV/51/019_CNV.tif,CNV-051,test,CNV,cnv,OD,.tif,0.3303483724594116
CNV/51/020_CNV.tif,CNV-051,test,CNV,cnv,OD,.tif,0.2862107753753662
CNV/51/021_CNV.tif,CNV-051,test,CNV,cnv,OD,.tif,0.3575485944747925
CNV/51/022_CNV.tif,CNV-051,val,CNV,cnv,OD,.tif,0.261657178401947
CNV/51/023_CNV.tif,CNV-051,test,CNV,cnv,OD,.tif,0.2715977430343628
CNV/51/024_CNV.tif,CNV-051,val,CNV,cnv,OD,.tif,0.23726987838745117
CNV/51/025_CNV.tif,CNV-051,test,CNV,cnv,OD,.tif,0.16167765855789185
CNV/51/026_CNV.tif,CNV-051,test,CNV,cnv,OD,.tif,0.1784849464893341
CNV/51/027_CNV.tif,CNV-051,val,CNV,cnv,OD,.tif,0.14676600694656372
CNV/51/028_CNV.tif,CNV-051,test,CNV,cnv,OD,.tif,0.13061979413032532
CNV/51/029_Drusen.tif,CNV-051,test,CNV,drusen,OD,.tif,0.14771690964698792
CNV/51/030_Drusen.tif,CNV-051,val,CNV,drusen,OD,.tif,0.1334553360939026
CNV/52/OD/000_Normal.tif,CNV-052,val,CNV,normal,OD,.tif,0.17483778297901154
CNV/52/OD/001_Normal.tif,CNV-052,test,CNV,normal,OD,.tif,0.18197089433670044
CNV/52/OD/002_Normal.tif,CNV-052,test,CNV,normal,OD,.tif,0.16976743936538696
CNV/52/OD/003_Normal.tif,CNV-052,test,CNV,normal,OD,.tif,0.13437199592590332
CNV/52/OD/004_Normal.tif,CNV-052,test,CNV,normal,OD,.tif,0.14876267313957214
CNV/52/OD/005_Normal.tif,CNV-052,test,CNV,normal,OD,.tif,0.11888361722230911
CNV/52/OD/006_Normal.tif,CNV-052,val,CNV,normal,OD,.tif,0.12121319770812988
CNV/52/OD/007_Normal.tif,CNV-052,test,CNV,normal,OD,.tif,0.10135117173194885
CNV/52/OD/008_Drusen.tif,CNV-052,test,CNV,drusen,OD,.tif,0.11294186860322952
CNV/52/OD/009_Drusen.tif,CNV-052,test,CNV,drusen,OD,.tif,0.16487720608711243
CNV/52/OD/010_Drusen.tif,CNV-052,test,CNV,drusen,OD,.tif,0.22255200147628784
CNV/52/OD/011_CNV.tif,CNV-052,val,CNV,cnv,OD,.tif,0.2022269368171692
CNV/52/OD/012_CNV.tif,CNV-052,test,CNV,cnv,OD,.tif,0.22041913866996765
CNV/52/OD/013_CNV.tif,CNV-052,val,CNV,cnv,OD,.tif,0.2523307800292969
CNV/52/OD/014_CNV.tif,CNV-052,test,CNV,cnv,OD,.tif,0.270890474319458
CNV/52/OD/015_CNV.tif,CNV-052,test,CNV,cnv,OD,.tif,0.2349219173192978
CNV/52/OD/016_Drusen.tif,CNV-052,val,CNV,drusen,OD,.tif,0.22895364463329315
CNV/52/OD/017_Drusen.tif,CNV-052,test,CNV,drusen,OD,.tif,0.20067515969276428
CNV/52/OD/018_Drusen.tif,CNV-052,val,CNV,drusen,OD,.tif,0.1348687708377838
CNV/52/OD/019_Drusen.tif,CNV-052,test,CNV,drusen,OD,.tif,0.09974916279315948
CNV/52/OD/020_Normal.tif,CNV-052,test,CNV,normal,OD,.tif,0.13512751460075378
CNV/52/OD/021_Normal.tif,CNV-052,test,CNV,normal,OD,.tif,0.14456549286842346
CNV/52/OD/022_Normal.tif,CNV-052,test,CNV,normal,OD,.tif,0.13727308809757233
CNV/52/OD/023_Normal.tif,CNV-052,val,CNV,normal,OD,.tif,0.11706449091434479
CNV/52/OD/024_Normal.tif,CNV-052,test,CNV,normal,OD,.tif,0.12108996510505676
CNV/52/OD/025_Normal.tif,CNV-052,val,CNV,normal,OD,.tif,0.11958597600460052
CNV/52/OD/026_Normal.tif,CNV-052,test,CNV,normal,OD,.tif,0.11935268342494965
CNV/52/OD/027_Normal.tif,CNV-052,test,CNV,normal,OD,.tif,0.10336141288280487
CNV/52/OD/028_Normal.tif,CNV-052,val,CNV,normal,OD,.tif,0.09175659716129303
CNV/52/OD/029_Normal.tif,CNV-052,test,CNV,normal,OD,.tif,0.08639456331729889
CNV/52/OD/030_Normal.tif,CNV-052,test,CNV,normal,OD,.tif,0.10159845650196075
CNV/52/OS/000_Normal.tif,CNV-052,test,CNV,normal,OS,.tif,0.1958359181880951
CNV/52/OS/001_Normal.tif,CNV-052,test,CNV,normal,OS,.tif,0.2317599058151245
CNV/52/OS/002_Normal.tif,CNV-052,val,CNV,normal,OS,.tif,0.18608203530311584
CNV/52/OS/003_Normal.tif,CNV-052,test,CNV,normal,OS,.tif,0.16184914112091064
CNV/52/OS/004_Normal.tif,CNV-052,val,CNV,normal,OS,.tif,0.2037678062915802
CNV/52/OS/005_Normal.tif,CNV-052,test,CNV,normal,OS,.tif,0.19480767846107483
CNV/52/OS/006_Drusen.tif,CNV-052,test,CNV,drusen,OS,.tif,0.2084755152463913
CNV/52/OS/007_CNV.tif,CNV-052,test,CNV,cnv,OS,.tif,0.1748451143503189
CNV/52/OS/008_CNV.tif,CNV-052,val,CNV,cnv,OS,.tif,0.13380268216133118
CNV/52/OS/009_CNV.tif,CNV-052,test,CNV,cnv,OS,.tif,0.15195679664611816
CNV/52/OS/010_CNV.tif,CNV-052,test,CNV,cnv,OS,.tif,0.20142610371112823
CNV/52/OS/011_CNV.tif,CNV-052,test,CNV,cnv,OS,.tif,0.22292304039001465
CNV/52/OS/012_CNV.tif,CNV-052,val,CNV,cnv,OS,.tif,0.22309428453445435
CNV/52/OS/013_CNV.tif,CNV-052,test,CNV,cnv,OS,.tif,0.25095415115356445
CNV/52/OS/014_CNV.tif,CNV-052,test,CNV,cnv,OS,.tif,0.2928112745285034
CNV/52/OS/015_CNV.tif,CNV-052,test,CNV,cnv,OS,.tif,0.2315833419561386
CNV/52/OS/016_CNV.tif,CNV-052,test,CNV,cnv,OS,.tif,0.2027035653591156
CNV/52/OS/017_CNV.tif,CNV-052,test,CNV,cnv,OS,.tif,0.19142299890518188
CNV/52/OS/018_CNV.tif,CNV-052,test,CNV,cnv,OS,.tif,0.1754801869392395
CNV/52/OS/019_CNV.tif,CNV-052,test,CNV,cnv,OS,.tif,0.13079971075057983
CNV/52/OS/020_Normal.tif,CNV-052,test,CNV,normal,OS,.tif,0.12390033900737762
CNV/52/OS/021_Normal.tif,CNV-052,test,CNV,normal,OS,.tif,0.1446772813796997
CNV/52/OS/022_Normal.tif,CNV-052,val,CNV,normal,OS,.tif,0.13873890042304993
CNV/52/OS/023_Normal.tif,CNV-052,val,CNV,normal,OS,.tif,0.13668957352638245
CNV/52/OS/024_Normal.tif,CNV-052,test,CNV,normal,OS,.tif,0.1293874979019165
CNV/52/OS/025_Normal.tif,CNV-052,val,CNV,normal,OS,.tif,0.12821708619594574
CNV/52/OS/026_Normal.tif,CNV-052,val,CNV,normal,OS,.tif,0.1472111940383911
CNV/52/OS/027_Normal.tif,CNV-052,test,CNV,normal,OS,.tif,0.14678087830543518
CNV/52/OS/028_Normal.tif,CNV-052,test,CNV,normal,OS,.tif,0.13204434514045715
CNV/52/OS/029_Normal.tif,CNV-052,test,CNV,normal,OS,.tif,0.1349470019340515
CNV/52/OS/030_Normal.tif,CNV-052,test,CNV,normal,OS,.tif,0.12836602330207825
CNV/53/OD/000_Normal.tif,CNV-053,test,CNV,normal,OD,.tif,0.11913864314556122
CNV/53/OD/001_Drusen.tif,CNV-053,val,CNV,drusen,OD,.tif,0.1429579257965088
CNV/53/OD/002_Drusen.tif,CNV-053,test,CNV,drusen,OD,.tif,0.16006819903850555
CNV/53/OD/003_Drusen.tif,CNV-053,test,CNV,drusen,OD,.tif,0.15521186590194702
CNV/53/OD/004_Drusen.tif,CNV-053,test,CNV,drusen,OD,.tif,0.11323117464780807
CNV/53/OD/005_Drusen.tif,CNV-053,test,CNV,drusen,OD,.tif,0.12479579448699951
CNV/53/OD/006_Drusen.tif,CNV-053,test,CNV,drusen,OD,.tif,0.1247774139046669
CNV/53/OD/007_Drusen.tif,CNV-053,test,CNV,drusen,OD,.tif,0.13762199878692627
CNV/53/OD/008_Drusen.tif,CNV-053,test,CNV,drusen,OD,.tif,0.17080965638160706
CNV/53/OD/009_CNV.tif,CNV-053,test,CNV,cnv,OD,.tif,0.21868695318698883
CNV/53/OD/010_CNV.tif,CNV-053,val,CNV,cnv,OD,.tif,0.16399314999580383
CNV/53/OD/011_CNV.tif,CNV-053,val,CNV,cnv,OD,.tif,0.2288941890001297
CNV/53/OD/012_CNV.tif,CNV-053,test,CNV,cnv,OD,.tif,0.2535017132759094
CNV/53/OD/013_CNV.tif,CNV-053,val,CNV,cnv,OD,.tif,0.2354477345943451
CNV/53/OD/014_CNV.tif,CNV-053,test,CNV,cnv,OD,.tif,0.28529736399650574
CNV/53/OD/015_CNV.tif,CNV-053,val,CNV,cnv,OD,.tif,0.2568590044975281
CNV/53/OD/016_CNV.tif,CNV-053,test,CNV,cnv,OD,.tif,0.27604958415031433
CNV/53/OD/017_CNV.tif,CNV-053,test,CNV,cnv,OD,.tif,0.2559649348258972
CNV/53/OD/018_Drusen.tif,CNV-053,test,CNV,drusen,OD,.tif,0.23566511273384094
CNV/53/OD/019_Drusen.tif,CNV-053,test,CNV,drusen,OD,.tif,0.22777128219604492
CNV/53/OD/020_Drusen.tif,CNV-053,test,CNV,drusen,OD,.tif,0.19868621230125427
CNV/53/OD/021_Drusen.tif,CNV-053,val,CNV,drusen,OD,.tif,0.12764611840248108
CNV/53/OD/022_Drusen.tif,CNV-053,val,CNV,drusen,OD,.tif,0.15499213337898254
CNV/53/OD/023_Drusen.tif,CNV-053,test,CNV,drusen,OD,.tif,0.13638728857040405
CNV/53/OD/024_Drusen.tif,CNV-053,test,CNV,drusen,OD,.tif,0.1179720014333725
CNV/53/OD/025_Drusen.tif,CNV-053,test,CNV,drusen,OD,.tif,0.13240781426429749
CNV/53/OD/026_Drusen.tif,CNV-053,test,CNV,drusen,OD,.tif,0.11268951743841171
CNV/53/OD/027_Drusen.tif,CNV-053,val,CNV,drusen,OD,.tif,0.1077551543712616
CNV/53/OD/028_Drusen.tif,CNV-053,test,CNV,drusen,OD,.tif,0.11361941695213318
CNV/53/OD/029_Normal.tif,CNV-053,test,CNV,normal,OD,.tif,0.14630717039108276
CNV/53/OD/030_Normal.tif,CNV-053,test,CNV,normal,OD,.tif,0.15415984392166138
CNV/53/OS/000_Normal.tif,CNV-053,test,CNV,normal,OS,.tif,0.20363661646842957
CNV/53/OS/001_Normal.tif,CNV-053,test,CNV,normal,OS,.tif,0.21152934432029724
CNV/53/OS/002_Drusen.tif,CNV-053,test,CNV,drusen,OS,.tif,0.22560420632362366
CNV/53/OS/003_Drusen.tif,CNV-053,val,CNV,drusen,OS,.tif,0.1857302188873291
CNV/53/OS/004_Drusen.tif,CNV-053,test,CNV,drusen,OS,.tif,0.19429919123649597
CNV/53/OS/005_Drusen.tif,CNV-053,test,CNV,drusen,OS,.tif,0.20640993118286133
CNV/53/OS/006_Drusen.tif,CNV-053,val,CNV,drusen,OS,.tif,0.17891401052474976
CNV/53/OS/007_Drusen.tif,CNV-053,val,CNV,drusen,OS,.tif,0.20068378746509552
CNV/53/OS/008_Drusen.tif,CNV-053,test,CNV,drusen,OS,.tif,0.25236833095550537
CNV/53/OS/009_CNV.tif,CNV-053,test,CNV,cnv,OS,.tif,0.30757319927215576
CNV/53/OS/010_CNV.tif,CNV-053,test,CNV,cnv,OS,.tif,0.3106086254119873
CNV/53/OS/011_CNV.tif,CNV-053,val,CNV,cnv,OS,.tif,0.3009231984615326
CNV/53/OS/012_CNV.tif,CNV-053,test,CNV,cnv,OS,.tif,0.29086270928382874
CNV/53/OS/013_CNV.tif,CNV-053,val,CNV,cnv,OS,.tif,0.3660401403903961
CNV/53/OS/014_CNV.tif,CNV-053,test,CNV,cnv,OS,.tif,0.3898043632507324
CNV/53/OS/015_CNV.tif,CNV-053,test,CNV,cnv,OS,.tif,0.3238237202167511
CNV/53/OS/016_CNV.tif,CNV-053,test,CNV,cnv,OS,.tif,0.325675904750824
CNV/53/OS/017_CNV.tif,CNV-053,test,CNV,cnv,OS,.tif,0.39117056131362915
CNV/53/OS/018_CNV.tif,CNV-053,val,CNV,cnv,OS,.tif,0.3658258318901062
CNV/53/OS/019_CNV.tif,CNV-053,test,CNV,cnv,OS,.tif,0.2435997873544693
CNV/53/OS/020_Drusen.tif,CNV-053,test,CNV,drusen,OS,.tif,0.1905371993780136
CNV/53/OS/021_Drusen.tif,CNV-053,test,CNV,drusen,OS,.tif,0.19387584924697876
CNV/53/OS/022_Drusen.tif,CNV-053,test,CNV,drusen,OS,.tif,0.22076594829559326
CNV/53/OS/023_Drusen.tif,CNV-053,test,CNV,drusen,OS,.tif,0.2192508578300476
CNV/53/OS/024_Drusen.tif,CNV-053,test,CNV,drusen,OS,.tif,0.23429226875305176
CNV/53/OS/025_Drusen.tif,CNV-053,val,CNV,drusen,OS,.tif,0.2003592848777771
CNV/53/OS/026_Normal.tif,CNV-053,val,CNV,normal,OS,.tif,0.21931633353233337
CNV/53/OS/027_Drusen.tif,CNV-053,test,CNV,drusen,OS,.tif,0.18379691243171692
CNV/53/OS/028_Drusen.tif,CNV-053,val,CNV,drusen,OS,.tif,0.20925617218017578
CNV/53/OS/029_Normal.tif,CNV-053,val,CNV,normal,OS,.tif,0.14501841366291046
CNV/53/OS/030_Drusen.tif,CNV-053,test,CNV,drusen,OS,.tif,0.1336662620306015
CNV/54/OD/000_DRusen.tif,CNV-054,test,CNV,drusen,OD,.tif,0.20266002416610718
CNV/54/OD/001_DRusen.tif,CNV-054,val,CNV,drusen,OD,.tif,0.2071066051721573
CNV/54/OD/002_DRusen.tif,CNV-054,test,CNV,drusen,OD,.tif,0.24041903018951416
CNV/54/OD/003_DRusen.tif,CNV-054,val,CNV,drusen,OD,.tif,0.2613687217235565
CNV/54/OD/004_DRusen.tif,CNV-054,test,CNV,drusen,OD,.tif,0.24279546737670898
CNV/54/OD/005_CNV.tif,CNV-054,test,CNV,cnv,OD,.tif,0.19040817022323608
CNV/54/OD/006_CNV.tif,CNV-054,test,CNV,cnv,OD,.tif,0.29868796467781067
CNV/54/OD/007_CNV.tif,CNV-054,val,CNV,cnv,OD,.tif,0.2783547639846802
CNV/54/OD/008_CNV.tif,CNV-054,val,CNV,cnv,OD,.tif,0.2610437870025635
CNV/54/OD/009_CNV.tif,CNV-054,test,CNV,cnv,OD,.tif,0.30223405361175537
CNV/54/OD/010_CNV.tif,CNV-054,val,CNV,cnv,OD,.tif,0.30510783195495605
CNV/54/OD/011_CNV.tif,CNV-054,val,CNV,cnv,OD,.tif,0.26970094442367554
CNV/54/OD/012_CNV.tif,CNV-054,val,CNV,cnv,OD,.tif,0.2869883179664612
CNV/54/OD/013_CNV.tif,CNV-054,val,CNV,cnv,OD,.tif,0.31884825229644775
CNV/54/OD/014_CNV.tif,CNV-054,test,CNV,cnv,OD,.tif,0.3390883207321167
CNV/54/OD/015_CNV.tif,CNV-054,test,CNV,cnv,OD,.tif,0.2604532837867737
CNV/54/OD/016_CNV.tif,CNV-054,val,CNV,cnv,OD,.tif,0.215276837348938
CNV/54/OD/017_CNV.tif,CNV-054,val,CNV,cnv,OD,.tif,0.22147074341773987
CNV/54/OD/018_CNV.tif,CNV-054,test,CNV,cnv,OD,.tif,0.15727579593658447
CNV/54/OD/019_CNV.tif,CNV-054,val,CNV,cnv,OD,.tif,0.19838909804821014
CNV/54/OD/020_CNV.tif,CNV-054,val,CNV,cnv,OD,.tif,0.20662879943847656
CNV/54/OD/021_CNV.tif,CNV-054,test,CNV,cnv,OD,.tif,0.20361566543579102
CNV/54/OD/022_CNV.tif,CNV-054,val,CNV,cnv,OD,.tif,0.2262418270111084
CNV/54/OD/023_CNV.tif,CNV-054,test,CNV,cnv,OD,.tif,0.22208406031131744
CNV/54/OD/024_CNV.tif,CNV-054,val,CNV,cnv,OD,.tif,0.19387461245059967
CNV/54/OS/000_CNV.tif,CNV-054,test,CNV,cnv,OS,.tif,0.12468129396438599
CNV/54/OS/001_CNV.tif,CNV-054,test,CNV,cnv,OS,.tif,0.12921050190925598
CNV/54/OS/002_CNV.tif,CNV-054,val,CNV,cnv,OS,.tif,0.13164210319519043
CNV/54/OS/003_CNV.tif,CNV-054,val,CNV,cnv,OS,.tif,0.1277010440826416
CNV/54/OS/004_CNV.tif,CNV-054,test,CNV,cnv,OS,.tif,0.1487123668193817
CNV/54/OS/005_CNV.tif,CNV-054,val,CNV,cnv,OS,.tif,0.14620691537857056
CNV/54/OS/006_CNV.tif,CNV-054,test,CNV,cnv,OS,.tif,0.20128220319747925
CNV/54/OS/007_CNV.tif,CNV-054,test,CNV,cnv,OS,.tif,0.25688737630844116
CNV/54/OS/008_CNV.tif,CNV-054,val,CNV,cnv,OS,.tif,0.2508464753627777
CNV/54/OS/009_CNV.tif,CNV-054,val,CNV,cnv,OS,.tif,0.29034438729286194
CNV/54/OS/010_CNV.tif,CNV-054,val,CNV,cnv,OS,.tif,0.27848654985427856
CNV/54/OS/011_CNV.tif,CNV-054,val,CNV,cnv,OS,.tif,0.25200793147087097
CNV/54/OS/012_CNV.tif,CNV-054,test,CNV,cnv,OS,.tif,0.23220722377300262
CNV/54/OS/013_CNV.tif,CNV-054,test,CNV,cnv,OS,.tif,0.2679262161254883
CNV/54/OS/014_CNV.tif,CNV-054,test,CNV,cnv,OS,.tif,0.27290409803390503
CNV/54/OS/015_CNV.tif,CNV-054,test,CNV,cnv,OS,.tif,0.22006702423095703
CNV/54/OS/016_CNV.tif,CNV-054,val,CNV,cnv,OS,.tif,0.19590678811073303
CNV/54/OS/017_Drusen.tif,CNV-054,val,CNV,drusen,OS,.tif,0.1363345980644226
CNV/54/OS/018_Drusen.tif,CNV-054,val,CNV,drusen,OS,.tif,0.146194726228714
CNV/54/OS/019_Drusen.tif,CNV-054,val,CNV,drusen,OS,.tif,0.18578249216079712
CNV/54/OS/020_Drusen.tif,CNV-054,val,CNV,drusen,OS,.tif,0.16612258553504944
CNV/54/OS/021_Drusen.tif,CNV-054,val,CNV,drusen,OS,.tif,0.1390087753534317
CNV/54/OS/022_Drusen.tif,CNV-054,test,CNV,drusen,OS,.tif,0.13210833072662354
CNV/54/OS/023_Drusen.tif,CNV-054,test,CNV,drusen,OS,.tif,0.17207130789756775
CNV/54/OS/024_Drusen.tif,CNV-054,test,CNV,drusen,OS,.tif,0.10609764605760574
CNV/55/000_CNV.tif,CNV-055,test,CNV,cnv,OD,.tif,0.17164364457130432
CNV/55/001_CNV.tif,CNV-055,val,CNV,cnv,OD,.tif,0.16675803065299988
CNV/55/002_CNV.tif,CNV-055,val,CNV,cnv,OD,.tif,0.1288285106420517
CNV/55/003_CNV.tif,CNV-055,test,CNV,cnv,OD,.tif,0.1947091519832611
CNV/55/004_CNV.tif,CNV-055,test,CNV,cnv,OD,.tif,0.17082121968269348
CNV/55/005_CNV.tif,CNV-055,val,CNV,cnv,OD,.tif,0.18616533279418945
CNV/55/006_CNV.tif,CNV-055,test,CNV,cnv,OD,.tif,0.17117604613304138
CNV/55/007_CNV.tif,CNV-055,val,CNV,cnv,OD,.tif,0.15178465843200684
CNV/55/008_CNV.tif,CNV-055,val,CNV,cnv,OD,.tif,0.1477327197790146
CNV/55/009_CNV.tif,CNV-055,val,CNV,cnv,OD,.tif,0.12552368640899658
CNV/55/010_CNV.tif,CNV-055,test,CNV,cnv,OD,.tif,0.15860885381698608
CNV/55/011_CNV.tif,CNV-055,val,CNV,cnv,OD,.tif,0.23835872113704681
CNV/55/012_CNV.tif,CNV-055,test,CNV,cnv,OD,.tif,0.19338363409042358
CNV/55/013_CNV.tif,CNV-055,val,CNV,cnv,OD,.tif,0.23432835936546326
CNV/55/014_CNV.tif,CNV-055,test,CNV,cnv,OD,.tif,0.2913774251937866
CNV/55/015_CNV.tif,CNV-055,val,CNV,cnv,OD,.tif,0.20762789249420166
CNV/55/016_CNV.tif,CNV-055,test,CNV,cnv,OD,.tif,0.2738039195537567
CNV/55/017_CNV.tif,CNV-055,val,CNV,cnv,OD,.tif,0.25375479459762573
CNV/55/018_CNV.tif,CNV-055,test,CNV,cnv,OD,.tif,0.2673373818397522
CNV/55/019_CNV.tif,CNV-055,test,CNV,cnv,OD,.tif,0.15715894103050232
CNV/55/020_Drusen.tif,CNV-055,test,CNV,drusen,OD,.tif,0.1481911838054657
CNV/55/021_NOrmal.tif,CNV-055,test,CNV,normal,OD,.tif,0.10782499611377716
CNV/55/022_Drusen.tif,CNV-055,test,CNV,drusen,OD,.tif,0.12119133025407791
CNV/55/023_Drusen.tif,CNV-055,test,CNV,drusen,OD,.tif,0.1283382624387741
CNV/55/024_CNV.tif,CNV-055,val,CNV,cnv,OD,.tif,0.14701014757156372
CNV/55/025_Drusen.tif,CNV-055,test,CNV,drusen,OD,.tif,0.12586848437786102
CNV/55/026_Drusen.tif,CNV-055,test,CNV,drusen,OD,.tif,0.14991480112075806
CNV/55/027_Drusen.tif,CNV-055,test,CNV,drusen,OD,.tif,0.15155799686908722
CNV/55/028_Drusen.tif,CNV-055,test,CNV,drusen,OD,.tif,0.1622418761253357
CNV/55/029_Drusen.tif,CNV-055,val,CNV,drusen,OD,.tif,0.17098161578178406
CNV/55/030_CNV.tif,CNV-055,test,CNV,cnv,OD,.tif,0.15636537969112396
CNV/56/000_Normal.tif,CNV-056,test,CNV,normal,OS,.tif,0.11807803064584732
CNV/56/001_Normal.tif,CNV-056,val,CNV,normal,OS,.tif,0.13378296792507172
CNV/56/002_Normal.tif,CNV-056,test,CNV,normal,OS,.tif,0.15883219242095947
CNV/56/003_Normal.tif,CNV-056,val,CNV,normal,OS,.tif,0.1317683309316635
CNV/56/004_Normal.tif,CNV-056,test,CNV,normal,OS,.tif,0.10993579030036926
CNV/56/005_Normal.tif,CNV-056,val,CNV,normal,OS,.tif,0.10817389190196991
CNV/56/006_Normal.tif,CNV-056,test,CNV,normal,OS,.tif,0.1278795450925827
CNV/56/007_Drusen.tif,CNV-056,val,CNV,drusen,OS,.tif,0.12939928472042084
CNV/56/008_Drusen.tif,CNV-056,test,CNV,drusen,OS,.tif,0.1056390106678009
CNV/56/009_Drusen.tif,CNV-056,test,CNV,drusen,OS,.tif,0.08771347999572754
CNV/56/010_Drusen.tif,CNV-056,val,CNV,drusen,OS,.tif,0.0873069316148758
CNV/56/011_Drusen.tif,CNV-056,test,CNV,drusen,OS,.tif,0.08325982838869095
CNV/56/012_Drusen.tif,CNV-056,val,CNV,drusen,OS,.tif,0.1990758329629898
CNV/56/013_CNV.tif,CNV-056,test,CNV,cnv,OS,.tif,0.19951286911964417
CNV/56/014_CNV.tif,CNV-056,val,CNV,cnv,OS,.tif,0.2515288293361664
CNV/56/015_CNV.tif,CNV-056,test,CNV,cnv,OS,.tif,0.2720595598220825
CNV/56/016_CNV.tif,CNV-056,val,CNV,cnv,OS,.tif,0.23501887917518616
CNV/56/017_CNV.tif,CNV-056,test,CNV,cnv,OS,.tif,0.24076490104198456
CNV/56/018_CNV.tif,CNV-056,test,CNV,cnv,OS,.tif,0.2272997498512268
CNV/56/019_CNV.tif,CNV-056,test,CNV,cnv,OS,.tif,0.18182359635829926
CNV/56/020_CNV.tif,CNV-056,test,CNV,cnv,OS,.tif,0.1483922302722931
CNV/56/021_CNV.tif,CNV-056,test,CNV,cnv,OS,.tif,0.12269772589206696
CNV/56/022_Drusen.tif,CNV-056,test,CNV,drusen,OS,.tif,0.14959397912025452
CNV/56/023_Drusen.tif,CNV-056,val,CNV,drusen,OS,.tif,0.125014528632164
CNV/56/024_Drusen.tif,CNV-056,val,CNV,drusen,OS,.tif,0.15567758679389954
CNV/56/025_Drusen.tif,CNV-056,val,CNV,drusen,OS,.tif,0.13557563722133636
CNV/56/026_Drusen.tif,CNV-056,test,CNV,drusen,OS,.tif,0.1901133954524994
CNV/56/027_Drusen.tif,CNV-056,test,CNV,drusen,OS,.tif,0.15603291988372803
CNV/56/028_Drusen.tif,CNV-056,test,CNV,drusen,OS,.tif,0.13769462704658508
CNV/56/029_Drusen.tif,CNV-056,test,CNV,drusen,OS,.tif,0.17608429491519928
CNV/56/030_Drusen.tif,CNV-056,test,CNV,drusen,OS,.tif,0.1767703890800476
CNV/57/000_Drusen.tif,CNV-057,test,CNV,drusen,OD,.tif,0.1408092975616455
CNV/57/001_Drusen.tif,CNV-057,test,CNV,drusen,OD,.tif,0.2012665867805481
CNV/57/002_CNV.tif,CNV-057,val,CNV,cnv,OD,.tif,0.21325714886188507
CNV/57/003_CNV.tif,CNV-057,test,CNV,cnv,OD,.tif,0.22975197434425354
CNV/57/004_CNV.tif,CNV-057,test,CNV,cnv,OD,.tif,0.2254197597503662
CNV/57/005_CNV.tif,CNV-057,test,CNV,cnv,OD,.tif,0.2575607895851135
CNV/57/006_CNV.tif,CNV-057,test,CNV,cnv,OD,.tif,0.24109379947185516
CNV/57/007_CNV.tif,CNV-057,test,CNV,cnv,OD,.tif,0.23192983865737915
CNV/57/008_CNV.tif,CNV-057,test,CNV,cnv,OD,.tif,0.2458285689353943
CNV/57/009_CNV.tif,CNV-057,test,CNV,cnv,OD,.tif,0.27309471368789673
CNV/57/010_CNV.tif,CNV-057,test,CNV,cnv,OD,.tif,0.2767413258552551
CNV/57/011_CNV.tif,CNV-057,test,CNV,cnv,OD,.tif,0.24745991826057434
CNV/57/012_CNV.tif,CNV-057,val,CNV,cnv,OD,.tif,0.29806965589523315
CNV/57/013_CNV.tif,CNV-057,test,CNV,cnv,OD,.tif,0.3632274568080902
CNV/57/014_CNV.tif,CNV-057,val,CNV,cnv,OD,.tif,0.35567766427993774
CNV/57/015_CNV.tif,CNV-057,test,CNV,cnv,OD,.tif,0.4321497976779938
CNV/57/016_CNV.tif,CNV-057,test,CNV,cnv,OD,.tif,0.4391215443611145
CNV/57/017_CNV.tif,CNV-057,test,CNV,cnv,OD,.tif,0.3831966519355774
CNV/57/018_CNV.tif,CNV-057,test,CNV,cnv,OD,.tif,0.4212331771850586
CNV/57/019_CNV.tif,CNV-057,test,CNV,cnv,OD,.tif,0.3131912648677826
CNV/57/020_CNV.tif,CNV-057,test,CNV,cnv,OD,.tif,0.37954071164131165
CNV/57/021_CNV.tif,CNV-057,val,CNV,cnv,OD,.tif,0.282734751701355
CNV/57/022_CNV.tif,CNV-057,test,CNV,cnv,OD,.tif,0.2023107409477234
CNV/57/023_CNV.tif,CNV-057,test,CNV,cnv,OD,.tif,0.13399244844913483
CNV/57/024_CNV.tif,CNV-057,val,CNV,cnv,OD,.tif,0.1288999319076538
CNV/57/025_CNV.tif,CNV-057,val,CNV,cnv,OD,.tif,0.1359083205461502
CNV/57/026_CNV.tif,CNV-057,val,CNV,cnv,OD,.tif,0.11429263651371002
CNV/57/027_CNV.tif,CNV-057,test,CNV,cnv,OD,.tif,0.14751461148262024
CNV/57/028_Drusen.tif,CNV-057,test,CNV,drusen,OD,.tif,0.15016913414001465
CNV/57/029_Drusen.tif,CNV-057,test,CNV,drusen,OD,.tif,0.16092780232429504
CNV/57/030_Drusen.tif,CNV-057,test,CNV,drusen,OD,.tif,0.17766857147216797
CNV/58/000_Normal.tif,CNV-058,test,CNV,normal,OS,.tif,0.21896293759346008
CNV/58/001_Normal.tif,CNV-058,val,CNV,normal,OS,.tif,0.23807033896446228
CNV/58/002_Normal.tif,CNV-058,val,CNV,normal,OS,.tif,0.2051014006137848
CNV/58/003_Normal.tif,CNV-058,val,CNV,normal,OS,.tif,0.24466611444950104
CNV/58/004_Normal.tif,CNV-058,test,CNV,normal,OS,.tif,0.242716982960701
CNV/58/005_Drusen.tif,CNV-058,test,CNV,drusen,OS,.tif,0.22555099427700043
CNV/58/006_Drusen.tif,CNV-058,val,CNV,drusen,OS,.tif,0.1694035530090332
CNV/58/007_Drusen.tif,CNV-058,test,CNV,drusen,OS,.tif,0.17186927795410156
CNV/58/008_CNV.tif,CNV-058,test,CNV,cnv,OS,.tif,0.22180217504501343
CNV/58/008_Drusen.tif,CNV-058,test,CNV,drusen,OS,.tif,0.1818031668663025
CNV/58/009_CNV.tif,CNV-058,test,CNV,cnv,OS,.tif,0.2764389216899872
CNV/58/009_Normal.tif,CNV-058,val,CNV,normal,OS,.tif,0.21602246165275574
CNV/58/010_CNV.tif,CNV-058,test,CNV,cnv,OS,.tif,0.2784236669540405
CNV/58/010_Normal.tif,CNV-058,test,CNV,normal,OS,.tif,0.20375490188598633
CNV/58/011_CNV.tif,CNV-058,test,CNV,cnv,OS,.tif,0.2599015235900879
CNV/58/011_Drusen.tif,CNV-058,test,CNV,drusen,OS,.tif,0.24077731370925903
CNV/58/012_CNV.tif,CNV-058,test,CNV,cnv,OS,.tif,0.3160114288330078
CNV/58/012_Drusen.tif,CNV-058,val,CNV,drusen,OS,.tif,0.24468451738357544
CNV/58/013_CNV.tif,CNV-058,val,CNV,cnv,OS,.tif,0.3268001079559326
CNV/58/013_Drusen.tif,CNV-058,val,CNV,drusen,OS,.tif,0.2558189034461975
CNV/58/014_CNV.tif,CNV-058,val,CNV,cnv,OS,.tif,0.32712700963020325
CNV/58/015_CNV.tif,CNV-058,val,CNV,cnv,OS,.tif,0.40660345554351807
CNV/58/016_CNV.tif,CNV-058,test,CNV,cnv,OS,.tif,0.41447630524635315
CNV/58/017_CNV.tif,CNV-058,test,CNV,cnv,OS,.tif,0.3866112232208252
CNV/58/018_CNV.tif,CNV-058,val,CNV,cnv,OS,.tif,0.364396333694458
CNV/58/019_CNV.tif,CNV-058,test,CNV,cnv,OS,.tif,0.3155970573425293
CNV/58/020_CNV.tif,CNV-058,test,CNV,cnv,OS,.tif,0.2486058473587036
CNV/58/020_Drusen.tif,CNV-058,test,CNV,drusen,OS,.tif,0.2230779230594635
CNV/58/021_Normal.tif,CNV-058,test,CNV,normal,OS,.tif,0.23771323263645172
CNV/58/022_Normal.tif,CNV-058,test,CNV,normal,OS,.tif,0.27420133352279663
CNV/58/023_Normal.tif,CNV-058,test,CNV,normal,OS,.tif,0.2881987690925598
CNV/58/024_Normal.tif,CNV-058,test,CNV,normal,OS,.tif,0.23183560371398926
CNV/58/025_Normal.tif,CNV-058,val,CNV,normal,OS,.tif,0.21339082717895508
CNV/58/026_Normal.tif,CNV-058,test,CNV,normal,OS,.tif,0.2094217836856842
CNV/58/027_Normal.tif,CNV-058,test,CNV,normal,OS,.tif,0.23921167850494385
CNV/58/028_Normal.tif,CNV-058,val,CNV,normal,OS,.tif,0.20995831489562988
CNV/58/029_Normal.tif,CNV-058,test,CNV,normal,OS,.tif,0.17067813873291016
CNV/58/030_Normal.tif,CNV-058,test,CNV,normal,OS,.tif,0.19134379923343658
CNV/60/000_CNV.tif,CNV-060,test,CNV,cnv,OS,.tif,0.2089565098285675
CNV/60/001_CNV.tif,CNV-060,test,CNV,cnv,OS,.tif,0.20708806812763214
CNV/60/002_CNV.tif,CNV-060,test,CNV,cnv,OS,.tif,0.23162755370140076
CNV/60/003_CNV.tif,CNV-060,test,CNV,cnv,OS,.tif,0.2810664474964142
CNV/60/004_CNV.tif,CNV-060,test,CNV,cnv,OS,.tif,0.24504004418849945
CNV/60/005_CNV.tif,CNV-060,test,CNV,cnv,OS,.tif,0.31617146730422974
CNV/60/006_CNV.tif,CNV-060,test,CNV,cnv,OS,.tif,0.2777910828590393
CNV/60/007_CNV.tif,CNV-060,test,CNV,cnv,OS,.tif,0.36139827966690063
CNV/60/008_CNV.tif,CNV-060,test,CNV,cnv,OS,.tif,0.3469933867454529
CNV/60/009_CNV.tif,CNV-060,test,CNV,cnv,OS,.tif,0.3940722346305847
CNV/60/010_CNV.tif,CNV-060,test,CNV,cnv,OS,.tif,0.36262768507003784
CNV/60/011_CNV.tif,CNV-060,test,CNV,cnv,OS,.tif,0.4084402322769165
CNV/60/012_CNV.tif,CNV-060,val,CNV,cnv,OS,.tif,0.4305112063884735
CNV/60/013_CNV.tif,CNV-060,test,CNV,cnv,OS,.tif,0.36622071266174316
CNV/60/014_CNV.tif,CNV-060,val,CNV,cnv,OS,.tif,0.38202542066574097
CNV/60/015_CNV.tif,CNV-060,val,CNV,cnv,OS,.tif,0.304892897605896
CNV/60/016_CNV.tif,CNV-060,val,CNV,cnv,OS,.tif,0.292570024728775
CNV/60/017_CNV.tif,CNV-060,test,CNV,cnv,OS,.tif,0.3752179741859436
CNV/60/018_CNV.tif,CNV-060,test,CNV,cnv,OS,.tif,0.3416513502597809
CNV/60/019_CNV.tif,CNV-060,test,CNV,cnv,OS,.tif,0.3137712776660919
CNV/60/020_CNV.tif,CNV-060,test,CNV,cnv,OS,.tif,0.34509551525115967
CNV/60/021_CNV.tif,CNV-060,test,CNV,cnv,OS,.tif,0.3625519871711731
CNV/60/022_CNV.tif,CNV-060,val,CNV,cnv,OS,.tif,0.3837084174156189
CNV/60/023_CNV.tif,CNV-060,test,CNV,cnv,OS,.tif,0.31841593980789185
CNV/60/024_CNV.tif,CNV-060,test,CNV,cnv,OS,.tif,0.36203449964523315
CNV/60/025_CNV.tif,CNV-060,val,CNV,cnv,OS,.tif,0.29301032423973083
CNV/60/026_CNV.tif,CNV-060,val,CNV,cnv,OS,.tif,0.2732030153274536
CNV/60/027_CNV.tif,CNV-060,val,CNV,cnv,OS,.tif,0.292877733707428
CNV/60/028_CNV.tif,CNV-060,test,CNV,cnv,OS,.tif,0.23042654991149902
CNV/60/029_CNV.tif,CNV-060,test,CNV,cnv,OS,.tif,0.1944960057735443
CNV/60/030_CNV.tif,CNV-060,test,CNV,cnv,OS,.tif,0.218074232339859
CNV/62/000_CNV.tif,CNV-062,test,CNV,cnv,OD,.tif,0.23532280325889587
CNV/62/001_CNV.tif,CNV-062,test,CNV,cnv,OD,.tif,0.24233941733837128
CNV/62/002_CNV.tif,CNV-062,val,CNV,cnv,OD,.tif,0.2649572491645813
CNV/62/003_CNV.tif,CNV-062,test,CNV,cnv,OD,.tif,0.27714693546295166
CNV/62/004_CNV.tif,CNV-062,test,CNV,cnv,OD,.tif,0.325900137424469
CNV/62/005_CNV.tif,CNV-062,test,CNV,cnv,OD,.tif,0.31560268998146057
CNV/62/006_CNV.tif,CNV-062,test,CNV,cnv,OD,.tif,0.3400997519493103
CNV/62/007_CNV.tif,CNV-062,val,CNV,cnv,OD,.tif,0.34901684522628784
CNV/62/008_CNV.tif,CNV-062,test,CNV,cnv,OD,.tif,0.39042767882347107
CNV/62/009_CNV.tif,CNV-062,val,CNV,cnv,OD,.tif,0.3462533950805664
CNV/62/010_CNV.tif,CNV-062,val,CNV,cnv,OD,.tif,0.38074976205825806
CNV/62/011_CNV.tif,CNV-062,test,CNV,cnv,OD,.tif,0.36066627502441406
CNV/62/012_CNV.tif,CNV-062,test,CNV,cnv,OD,.tif,0.40979164838790894
CNV/62/013_CNV.tif,CNV-062,val,CNV,cnv,OD,.tif,0.4147660434246063
CNV/62/014_CNV.tif,CNV-062,test,CNV,cnv,OD,.tif,0.38696950674057007
CNV/62/015_CNV.tif,CNV-062,val,CNV,cnv,OD,.tif,0.3646487593650818
CNV/62/016_CNV.tif,CNV-062,val,CNV,cnv,OD,.tif,0.34986627101898193
CNV/62/017_CNV.tif,CNV-062,val,CNV,cnv,OD,.tif,0.21622036397457123
CNV/62/018_CNV.tif,CNV-062,test,CNV,cnv,OD,.tif,0.18508923053741455
CNV/62/019_CNV.tif,CNV-062,test,CNV,cnv,OD,.tif,0.19194342195987701
CNV/62/020_CNV.tif,CNV-062,val,CNV,cnv,OD,.tif,0.1814102828502655
CNV/62/021_CNV.tif,CNV-062,val,CNV,cnv,OD,.tif,0.18695271015167236
CNV/62/022_CNV.tif,CNV-062,test,CNV,cnv,OD,.tif,0.17653153836727142
CNV/62/023_CNV.tif,CNV-062,val,CNV,cnv,OD,.tif,0.13491776585578918
CNV/62/024_CNV.tif,CNV-062,test,CNV,cnv,OD,.tif,0.14933238923549652
CNV/62/025_CNV.tif,CNV-062,test,CNV,cnv,OD,.tif,0.1424228698015213
CNV/62/026_CNV.tif,CNV-062,test,CNV,cnv,OD,.tif,0.1555703580379486
CNV/62/027_CNV.tif,CNV-062,test,CNV,cnv,OD,.tif,0.12437509000301361
CNV/62/028_CNV.tif,CNV-062,val,CNV,cnv,OD,.tif,0.12482839822769165
CNV/62/029_Drusen.tif,CNV-062,test,CNV,drusen,OD,.tif,0.12720632553100586
CNV/62/030_Drusen.tif,CNV-062,test,CNV,drusen,OD,.tif,0.1387193500995636
CNV/63/000_Normal.tif,CNV-063,val,CNV,normal,OS,.tif,0.1860496997833252
CNV/63/001_Normal.tif,CNV-063,val,CNV,normal,OS,.tif,0.1672028750181198
CNV/63/002_Normal.tif,CNV-063,test,CNV,normal,OS,.tif,0.18340018391609192
CNV/63/003_Drusen.tif,CNV-063,test,CNV,drusen,OS,.tif,0.17521630227565765
CNV/63/004_Drusen.tif,CNV-063,test,CNV,drusen,OS,.tif,0.2007361501455307
CNV/63/005_Drusen.tif,CNV-063,test,CNV,drusen,OS,.tif,0.16721569001674652
CNV/63/006_Drusen.tif,CNV-063,test,CNV,drusen,OS,.tif,0.18414606153964996
CNV/63/007_Drusen.tif,CNV-063,test,CNV,drusen,OS,.tif,0.19019606709480286
CNV/63/008_Drusen.tif,CNV-063,test,CNV,drusen,OS,.tif,0.1962243616580963
CNV/63/009_Drusen.tif,CNV-063,val,CNV,drusen,OS,.tif,0.17057673633098602
CNV/63/010_Drusen.tif,CNV-063,val,CNV,drusen,OS,.tif,0.23025572299957275
CNV/63/011_Drusen.tif,CNV-063,val,CNV,drusen,OS,.tif,0.2852954864501953
CNV/63/012_Drusen.tif,CNV-063,test,CNV,drusen,OS,.tif,0.2960493862628937
CNV/63/013_Drusen.tif,CNV-063,test,CNV,drusen,OS,.tif,0.293588250875473
CNV/63/014_CNV.tif,CNV-063,test,CNV,cnv,OS,.tif,0.22376513481140137
CNV/63/015_CNV.tif,CNV-063,test,CNV,cnv,OS,.tif,0.3146730065345764
CNV/63/016_CNV.tif,CNV-063,test,CNV,cnv,OS,.tif,0.3393641412258148
CNV/63/017_CNV.tif,CNV-063,val,CNV,cnv,OS,.tif,0.31498610973358154
CNV/63/018_CNV.tif,CNV-063,test,CNV,cnv,OS,.tif,0.26887792348861694
CNV/63/019_CNV.tif,CNV-063,val,CNV,cnv,OS,.tif,0.29266637563705444
CNV/63/020_CNV.tif,CNV-063,test,CNV,cnv,OS,.tif,0.3146929144859314
CNV/63/021_CNV.tif,CNV-063,test,CNV,cnv,OS,.tif,0.25292980670928955
CNV/63/022_CNV.tif,CNV-063,test,CNV,cnv,OS,.tif,0.26115232706069946
CNV/63/023_CNV.tif,CNV-063,test,CNV,cnv,OS,.tif,0.19193348288536072
CNV/63/024_CNV.tif,CNV-063,test,CNV,cnv,OS,.tif,0.1897004246711731
CNV/63/025_CNV.tif,CNV-063,val,CNV,cnv,OS,.tif,0.19793719053268433
CNV/63/026_Drusen.tif,CNV-063,test,CNV,drusen,OS,.tif,0.2105415314435959
CNV/63/027_Drusen.tif,CNV-063,test,CNV,drusen,OS,.tif,0.261823445558548
CNV/63/028_Drusen.tif,CNV-063,val,CNV,drusen,OS,.tif,0.3372843861579895
CNV/63/029_Drusen.tif,CNV-063,val,CNV,drusen,OS,.tif,0.2903207540512085
CNV/63/030_Drusen.tif,CNV-063,test,CNV,drusen,OS,.tif,0.25748705863952637
CNV/64/000_Drusen.tif,CNV-064,val,CNV,drusen,OS,.tif,0.11117351055145264
CNV/64/001_Drusen.tif,CNV-064,test,CNV,drusen,OS,.tif,0.1325978934764862
CNV/64/002_Drusen.tif,CNV-064,test,CNV,drusen,OS,.tif,0.11373995989561081
CNV/64/003_Drusen.tif,CNV-064,test,CNV,drusen,OS,.tif,0.1154455840587616
CNV/64/004_CNV.tif,CNV-064,test,CNV,cnv,OS,.tif,0.14668609201908112
CNV/64/005_CNV.tif,CNV-064,val,CNV,cnv,OS,.tif,0.14485971629619598
CNV/64/006_CNV.tif,CNV-064,test,CNV,cnv,OS,.tif,0.16466158628463745
CNV/64/007_CNV.tif,CNV-064,test,CNV,cnv,OS,.tif,0.1510411500930786
CNV/64/008_CNV.tif,CNV-064,val,CNV,cnv,OS,.tif,0.17858794331550598
CNV/64/009_CNV.tif,CNV-064,val,CNV,cnv,OS,.tif,0.1751624345779419
CNV/64/010_CNV.tif,CNV-064,val,CNV,cnv,OS,.tif,0.2478981912136078
CNV/64/011_CNV.tif,CNV-064,test,CNV,cnv,OS,.tif,0.24205255508422852
CNV/64/012_CNV.tif,CNV-064,val,CNV,cnv,OS,.tif,0.27972865104675293
CNV/64/013_CNV.tif,CNV-064,val,CNV,cnv,OS,.tif,0.3079749047756195
CNV/64/014_CNV.tif,CNV-064,test,CNV,cnv,OS,.tif,0.35020017623901367
CNV/64/015_CNV.tif,CNV-064,test,CNV,cnv,OS,.tif,0.3140453100204468
CNV/64/016_CNV.tif,CNV-064,test,CNV,cnv,OS,.tif,0.30969691276550293
CNV/64/017_CNV.tif,CNV-064,test,CNV,cnv,OS,.tif,0.188874751329422
CNV/64/018_CNV.tif,CNV-064,test,CNV,cnv,OS,.tif,0.18155556917190552
CNV/64/019_CNV.tif,CNV-064,test,CNV,cnv,OS,.tif,0.21838074922561646
CNV/64/020_CNV.tif,CNV-064,test,CNV,cnv,OS,.tif,0.18382732570171356
CNV/64/021_CNV.tif,CNV-064,test,CNV,cnv,OS,.tif,0.18054552376270294
CNV/64/022_CNV.tif,CNV-064,val,CNV,cnv,OS,.tif,0.21125444769859314
CNV/64/023_CNV.tif,CNV-064,test,CNV,cnv,OS,.tif,0.20793789625167847
CNV/64/024_CNV.tif,CNV-064,val,CNV,cnv,OS,.tif,0.1967531144618988
CNV/64/025_CNV.tif,CNV-064,test,CNV,cnv,OS,.tif,0.16613340377807617
CNV/64/026_CNV.tif,CNV-064,test,CNV,cnv,OS,.tif,0.17392288148403168
CNV/64/027_CNV.tif,CNV-064,val,CNV,cnv,OS,.tif,0.15631458163261414
CNV/64/028_CNV.tif,CNV-064,test,CNV,cnv,OS,.tif,0.1503857672214508
CNV/64/029_CNV.tif,CNV-064,val,CNV,cnv,OS,.tif,0.17370198667049408
CNV/64/030_CNV.tif,CNV-064,test,CNV,cnv,OS,.tif,0.18795041739940643
CNV/66/000_Drusen.tif,CNV-066,test,CNV,drusen,OD,.tif,0.1337660253047943
CNV/66/001_Drusen.tif,CNV-066,test,CNV,drusen,OD,.tif,0.13076257705688477
CNV/66/002_Drusen.tif,CNV-066,test,CNV,drusen,OD,.tif,0.13716930150985718
CNV/66/003_Drusen.tif,CNV-066,val,CNV,drusen,OD,.tif,0.1408129632472992
CNV/66/004_Drusen.tif,CNV-066,test,CNV,drusen,OD,.tif,0.1646643728017807
CNV/66/005_Drusen.tif,CNV-066,val,CNV,drusen,OD,.tif,0.1368134617805481
CNV/66/006_Drusen.tif,CNV-066,test,CNV,drusen,OD,.tif,0.12347854673862457
CNV/66/007_CNV.tif,CNV-066,val,CNV,cnv,OD,.tif,0.15084990859031677
CNV/66/008_CNV.tif,CNV-066,test,CNV,cnv,OD,.tif,0.14659328758716583
CNV/66/009_CNV.tif,CNV-066,val,CNV,cnv,OD,.tif,0.1493002325296402
CNV/66/010_CNV.tif,CNV-066,test,CNV,cnv,OD,.tif,0.21587719023227692
CNV/66/011_CNV.tif,CNV-066,test,CNV,cnv,OD,.tif,0.2774272561073303
CNV/66/012_CNV.tif,CNV-066,test,CNV,cnv,OD,.tif,0.26501065492630005
CNV/66/013_CNV.tif,CNV-066,test,CNV,cnv,OD,.tif,0.27230629324913025
CNV/66/014_CNV.tif,CNV-066,val,CNV,cnv,OD,.tif,0.2780393362045288
CNV/66/015_CNV.tif,CNV-066,val,CNV,cnv,OD,.tif,0.3157510459423065
CNV/66/016_CNV.tif,CNV-066,test,CNV,cnv,OD,.tif,0.261096715927124
CNV/66/017_CNV.tif,CNV-066,test,CNV,cnv,OD,.tif,0.28316283226013184
CNV/66/018_CNV.tif,CNV-066,val,CNV,cnv,OD,.tif,0.31389355659484863
CNV/66/019_CNV.tif,CNV-066,test,CNV,cnv,OD,.tif,0.33208876848220825
CNV/66/020_CNV.tif,CNV-066,test,CNV,cnv,OD,.tif,0.3933299779891968
CNV/66/021_CNV.tif,CNV-066,test,CNV,cnv,OD,.tif,0.27537792921066284
CNV/66/022_CNV.tif,CNV-066,val,CNV,cnv,OD,.tif,0.2905994951725006
CNV/66/023_CNV.tif,CNV-066,val,CNV,cnv,OD,.tif,0.2685467302799225
CNV/66/024_CNV.tif,CNV-066,test,CNV,cnv,OD,.tif,0.25209957361221313
CNV/66/025_CNV.tif,CNV-066,val,CNV,cnv,OD,.tif,0.18624049425125122
CNV/66/026_CNV.tif,CNV-066,test,CNV,cnv,OD,.tif,0.16054868698120117
CNV/66/027_CNV.tif,CNV-066,test,CNV,cnv,OD,.tif,0.15417999029159546
CNV/66/028_CNV.tif,CNV-066,test,CNV,cnv,OD,.tif,0.11428084969520569
CNV/66/029_Drusen.tif,CNV-066,val,CNV,drusen,OD,.tif,0.114938884973526
CNV/66/030_Drusen.tif,CNV-066,test,CNV,drusen,OD,.tif,0.1049593836069107
CNV/67/000_CNV.jpg,CNV-067,test,CNV,cnv,OD,.jpg,0.2803719639778137
CNV/67/001_CNV.jpg,CNV-067,test,CNV,cnv,OD,.jpg,0.19848808646202087
CNV/67/002_CNV.jpg,CNV-067,test,CNV,cnv,OD,.jpg,0.22408613562583923
CNV/67/003_CNV.jpg,CNV-067,test,CNV,cnv,OD,.jpg,0.28297656774520874
CNV/67/004_CNV.jpg,CNV-067,test,CNV,cnv,OD,.jpg,0.2419692575931549
CNV/67/005_CNV.jpg,CNV-067,test,CNV,cnv,OD,.jpg,0.22717547416687012
CNV/67/006_CNV.jpg,CNV-067,val,CNV,cnv,OD,.jpg,0.22785688936710358
CNV/67/007_CNV.jpg,CNV-067,val,CNV,cnv,OD,.jpg,0.2537047564983368
CNV/67/008_CNV.jpg,CNV-067,test,CNV,cnv,OD,.jpg,0.25412341952323914
CNV/67/009_CNV.jpg,CNV-067,test,CNV,cnv,OD,.jpg,0.300312876701355
CNV/67/010_CNV.jpg,CNV-067,val,CNV,cnv,OD,.jpg,0.24554866552352905
CNV/67/011_CNV.jpg,CNV-067,test,CNV,cnv,OD,.jpg,0.3106376528739929
CNV/67/012_CNV.jpg,CNV-067,test,CNV,cnv,OD,.jpg,0.23223450779914856
CNV/67/013_CNV.jpg,CNV-067,test,CNV,cnv,OD,.jpg,0.27635180950164795
CNV/67/014_CNV.jpg,CNV-067,val,CNV,cnv,OD,.jpg,0.34117352962493896
CNV/67/015_CNV.jpg,CNV-067,val,CNV,cnv,OD,.jpg,0.3190542757511139
CNV/67/016_CNV.jpg,CNV-067,test,CNV,cnv,OD,.jpg,0.3450324237346649
CNV/67/017_CNV.jpg,CNV-067,test,CNV,cnv,OD,.jpg,0.2996358275413513
CNV/67/018_CNV.jpg,CNV-067,test,CNV,cnv,OD,.jpg,0.2876087725162506
CNV/67/019_CNV.jpg,CNV-067,test,CNV,cnv,OD,.jpg,0.21235258877277374
CNV/67/020_CNV.jpg,CNV-067,val,CNV,cnv,OD,.jpg,0.22103776037693024
CNV/67/021_CNV.jpg,CNV-067,val,CNV,cnv,OD,.jpg,0.2149713784456253
CNV/67/022_CNV.jpg,CNV-067,val,CNV,cnv,OD,.jpg,0.2026122659444809
CNV/67/023_CNV.jpg,CNV-067,val,CNV,cnv,OD,.jpg,0.1629515439271927
CNV/67/024_CNV.jpg,CNV-067,test,CNV,cnv,OD,.jpg,0.1669314205646515
CNV/67/025_Drusen.jpg,CNV-067,test,CNV,drusen,OD,.jpg,0.19540467858314514
CNV/67/026_Drusen.jpg,CNV-067,test,CNV,drusen,OD,.jpg,0.1837913990020752
CNV/67/027_Drusen.jpg,CNV-067,test,CNV,drusen,OD,.jpg,0.1707298755645752
CNV/67/028_Drusen.jpg,CNV-067,test,CNV,drusen,OD,.jpg,0.17777812480926514
CNV/67/029_Drusen.jpg,CNV-067,test,CNV,drusen,OD,.jpg,0.1818104386329651
CNV/67/030_Drusen.jpg,CNV-067,test,CNV,drusen,OD,.jpg,0.1975679099559784
CNV/68/OD/000_Drusen.tif,CNV-068,test,CNV,drusen,OD,.tif,0.1613975167274475
CNV/68/OD/001_Drusen.tif,CNV-068,test,CNV,drusen,OD,.tif,0.16357123851776123
CNV/68/OD/002_Drusen.tif,CNV-068,val,CNV,drusen,OD,.tif,0.16505834460258484
CNV/68/OD/003_CNV.tif,CNV-068,test,CNV,cnv,OD,.tif,0.14027535915374756
CNV/68/OD/004_CNV.tif,CNV-068,val,CNV,cnv,OD,.tif,0.15320396423339844
CNV/68/OD/005_CNV.tif,CNV-068,test,CNV,cnv,OD,.tif,0.1810750663280487
CNV/68/OD/006_CNV.tif,CNV-068,test,CNV,cnv,OD,.tif,0.18706446886062622
CNV/68/OD/007_CNV.tif,CNV-068,val,CNV,cnv,OD,.tif,0.18683956563472748
CNV/68/OD/008_CNV.tif,CNV-068,test,CNV,cnv,OD,.tif,0.1937761902809143
CNV/68/OD/009_CNV.tif,CNV-068,test,CNV,cnv,OD,.tif,0.17971405386924744
CNV/68/OD/010_CNV.tif,CNV-068,test,CNV,cnv,OD,.tif,0.2840012013912201
CNV/68/OD/011_CNV.tif,CNV-068,val,CNV,cnv,OD,.tif,0.35724467039108276
CNV/68/OD/012_CNV.tif,CNV-068,val,CNV,cnv,OD,.tif,0.32663559913635254
CNV/68/OD/013_CNV.tif,CNV-068,test,CNV,cnv,OD,.tif,0.31594717502593994
CNV/68/OD/014_CNV.tif,CNV-068,test,CNV,cnv,OD,.tif,0.2899746298789978
CNV/68/OD/015_CNV.tif,CNV-068,test,CNV,cnv,OD,.tif,0.2956641614437103
CNV/68/OD/016_CNV.tif,CNV-068,val,CNV,cnv,OD,.tif,0.2726920545101166
CNV/68/OD/017_CNV.tif,CNV-068,test,CNV,cnv,OD,.tif,0.2587105631828308
CNV/68/OD/018_CNV.tif,CNV-068,test,CNV,cnv,OD,.tif,0.20314177870750427
CNV/68/OD/019_CNV.tif,CNV-068,test,CNV,cnv,OD,.tif,0.15312740206718445
CNV/68/OD/020_Drusen.tif,CNV-068,val,CNV,drusen,OD,.tif,0.12396524846553802
CNV/68/OD/021_Drusen.tif,CNV-068,test,CNV,drusen,OD,.tif,0.11489532887935638
CNV/68/OD/022_Drusen.tif,CNV-068,test,CNV,drusen,OD,.tif,0.1295393705368042
CNV/68/OD/023_Drusen.tif,CNV-068,test,CNV,drusen,OD,.tif,0.1356901377439499
CNV/68/OD/024_Drusen.tif,CNV-068,test,CNV,drusen,OD,.tif,0.1373138576745987
CNV/68/OD/025_Drusen.tif,CNV-068,val,CNV,drusen,OD,.tif,0.11826043576002121
CNV/68/OD/026_Drusen.tif,CNV-068,val,CNV,drusen,OD,.tif,0.13969261944293976
CNV/68/OD/027_Drusen.tif,CNV-068,val,CNV,drusen,OD,.tif,0.15830186009407043
CNV/68/OD/028_Drusen.tif,CNV-068,test,CNV,drusen,OD,.tif,0.11983565241098404
CNV/68/OD/029_Drusen.tif,CNV-068,val,CNV,drusen,OD,.tif,0.11410792171955109
CNV/68/OD/030_Drusen.tif,CNV-068,val,CNV,drusen,OD,.tif,0.11237673461437225
CNV/68/OS/000_Drusen.tif,CNV-068,val,CNV,drusen,OS,.tif,0.12239748239517212
CNV/68/OS/001_Drusen.tif,CNV-068,test,CNV,drusen,OS,.tif,0.105410635471344
CNV/68/OS/002_Drusen.tif,CNV-068,test,CNV,drusen,OS,.tif,0.11297140270471573
CNV/68/OS/003_Drusen.tif,CNV-068,val,CNV,drusen,OS,.tif,0.11054755747318268
CNV/68/OS/004_Drusen.tif,CNV-068,test,CNV,drusen,OS,.tif,0.17915160953998566
CNV/68/OS/005_Drusen.tif,CNV-068,val,CNV,drusen,OS,.tif,0.1519457995891571
CNV/68/OS/006_Normal.tif,CNV-068,test,CNV,normal,OS,.tif,0.1740552932024002
CNV/68/OS/007_Normal.tif,CNV-068,test,CNV,normal,OS,.tif,0.18066874146461487
CNV/68/OS/008_Normal.tif,CNV-068,val,CNV,normal,OS,.tif,0.16551357507705688
CNV/68/OS/009_CNV.tif,CNV-068,val,CNV,cnv,OS,.tif,0.1076415479183197
CNV/68/OS/010_CNV.tif,CNV-068,val,CNV,cnv,OS,.tif,0.1065901666879654
CNV/68/OS/011_CNV.tif,CNV-068,val,CNV,cnv,OS,.tif,0.09145035594701767
CNV/68/OS/012_CNV.tif,CNV-068,test,CNV,cnv,OS,.tif,0.12199532985687256
CNV/68/OS/013_CNV.tif,CNV-068,test,CNV,cnv,OS,.tif,0.19331327080726624
CNV/68/OS/014_CNV.tif,CNV-068,test,CNV,cnv,OS,.tif,0.28195345401763916
CNV/68/OS/015_CNV.tif,CNV-068,test,CNV,cnv,OS,.tif,0.2855302095413208
CNV/68/OS/016_CNV.tif,CNV-068,val,CNV,cnv,OS,.tif,0.3204030990600586
CNV/68/OS/017_CNV.tif,CNV-068,test,CNV,cnv,OS,.tif,0.2807457745075226
CNV/68/OS/018_CNV.tif,CNV-068,test,CNV,cnv,OS,.tif,0.30516040325164795
CNV/68/OS/019_CNV.tif,CNV-068,test,CNV,cnv,OS,.tif,0.31600964069366455
CNV/68/OS/020_CNV.tif,CNV-068,val,CNV,cnv,OS,.tif,0.23136672377586365
CNV/68/OS/021_CNV.tif,CNV-068,test,CNV,cnv,OS,.tif,0.23212099075317383
CNV/68/OS/022_CNV.tif,CNV-068,test,CNV,cnv,OS,.tif,0.27288568019866943
CNV/68/OS/023_CNV.tif,CNV-068,test,CNV,cnv,OS,.tif,0.2666732668876648
CNV/68/OS/024_CNV.tif,CNV-068,test,CNV,cnv,OS,.tif,0.2309635728597641
CNV/68/OS/025_CNV.tif,CNV-068,test,CNV,cnv,OS,.tif,0.2198421061038971
CNV/68/OS/026_CNV.tif,CNV-068,val,CNV,cnv,OS,.tif,0.26796257495880127
CNV/68/OS/027_CNV.tif,CNV-068,val,CNV,cnv,OS,.tif,0.23091110587120056
CNV/68/OS/028_CNV.tif,CNV-068,test,CNV,cnv,OS,.tif,0.25395432114601135
CNV/68/OS/029_CNV.tif,CNV-068,test,CNV,cnv,OS,.tif,0.19032734632492065
CNV/68/OS/030_CNV.tif,CNV-068,test,CNV,cnv,OS,.tif,0.11738216876983643
CNV/69/000_Drusen.tif,CNV-069,test,CNV,drusen,OS,.tif,0.21252502501010895
CNV/69/001_Drusen.tif,CNV-069,val,CNV,drusen,OS,.tif,0.19173181056976318
CNV/69/002_Drusen.tif,CNV-069,val,CNV,drusen,OS,.tif,0.15940047800540924
CNV/69/003_Drusen.tif,CNV-069,test,CNV,drusen,OS,.tif,0.16352099180221558
CNV/69/004_Drusen.tif,CNV-069,val,CNV,drusen,OS,.tif,0.14820677042007446
CNV/69/005_Drusen.tif,CNV-069,val,CNV,drusen,OS,.tif,0.1440025120973587
CNV/69/006_Drusen.tif,CNV-069,test,CNV,drusen,OS,.tif,0.1475864052772522
CNV/69/007_CNV.tif,CNV-069,val,CNV,cnv,OS,.tif,0.17090314626693726
CNV/69/008_CNV.tif,CNV-069,test,CNV,cnv,OS,.tif,0.21913933753967285
CNV/69/009_CNV.tif,CNV-069,test,CNV,cnv,OS,.tif,0.31551873683929443
CNV/69/010_CNV.tif,CNV-069,val,CNV,cnv,OS,.tif,0.34775257110595703
CNV/69/011_CNV.tif,CNV-069,test,CNV,cnv,OS,.tif,0.3301407992839813
CNV/69/012_CNV.tif,CNV-069,val,CNV,cnv,OS,.tif,0.3127942681312561
CNV/69/013_CNV.tif,CNV-069,test,CNV,cnv,OS,.tif,0.3819032609462738
CNV/69/014_CNV.tif,CNV-069,test,CNV,cnv,OS,.tif,0.43075522780418396
CNV/69/015_CNV.tif,CNV-069,test,CNV,cnv,OS,.tif,0.4874051511287689
CNV/69/016_CNV.tif,CNV-069,test,CNV,cnv,OS,.tif,0.4011356830596924
CNV/69/017_CNV.tif,CNV-069,val,CNV,cnv,OS,.tif,0.4051591455936432
CNV/69/018_CNV.tif,CNV-069,val,CNV,cnv,OS,.tif,0.3173724412918091
CNV/69/019_CNV.tif,CNV-069,test,CNV,cnv,OS,.tif,0.292805552482605
CNV/69/020_CNV.tif,CNV-069,val,CNV,cnv,OS,.tif,0.24170713126659393
CNV/69/021_CNV.tif,CNV-069,test,CNV,cnv,OS,.tif,0.24756014347076416
CNV/69/022_CNV.tif,CNV-069,test,CNV,cnv,OS,.tif,0.17254014313220978
CNV/69/023_CNV.tif,CNV-069,val,CNV,cnv,OS,.tif,0.2038835883140564
CNV/69/024_Drusen.tif,CNV-069,test,CNV,drusen,OS,.tif,0.1675545871257782
CNV/69/025_Drusen.tif,CNV-069,test,CNV,drusen,OS,.tif,0.19974303245544434
CNV/69/026_Drusen.tif,CNV-069,test,CNV,drusen,OS,.tif,0.1758895069360733
CNV/69/027_Drusen.tif,CNV-069,val,CNV,drusen,OS,.tif,0.17780113220214844
CNV/69/028_Drusen.tif,CNV-069,test,CNV,drusen,OS,.tif,0.16110973060131073
CNV/69/029_Drusen.tif,CNV-069,val,CNV,drusen,OS,.tif,0.17035914957523346
CNV/69/030_Drusen.tif,CNV-069,test,CNV,drusen,OS,.tif,0.16782429814338684
CNV/70/000_Normal.tif,CNV-070,test,CNV,normal,OD,.tif,0.12635841965675354
CNV/70/001_Normal.tif,CNV-070,test,CNV,normal,OD,.tif,0.11666669696569443
CNV/70/002_Normal.tif,CNV-070,test,CNV,normal,OD,.tif,0.10878077149391174
CNV/70/003_Normal.tif,CNV-070,val,CNV,normal,OD,.tif,0.10279646515846252
CNV/70/004_Normal.tif,CNV-070,test,CNV,normal,OD,.tif,0.09855244308710098
CNV/70/005_Normal.tif,CNV-070,test,CNV,normal,OD,.tif,0.10211724042892456
CNV/70/006_Drusen.tif,CNV-070,val,CNV,drusen,OD,.tif,0.11412473767995834
CNV/70/007_Drusen.tif,CNV-070,test,CNV,drusen,OD,.tif,0.12719298899173737
CNV/70/008_Drusen.tif,CNV-070,test,CNV,drusen,OD,.tif,0.14772894978523254
CNV/70/009_Drusen.tif,CNV-070,val,CNV,drusen,OD,.tif,0.1416870653629303
CNV/70/010_CNV.tif,CNV-070,test,CNV,cnv,OD,.tif,0.15665709972381592
CNV/70/011_CNV.tif,CNV-070,test,CNV,cnv,OD,.tif,0.2181602120399475
CNV/70/012_CNV.tif,CNV-070,val,CNV,cnv,OD,.tif,0.22547446191310883
CNV/70/013_CNV.tif,CNV-070,test,CNV,cnv,OD,.tif,0.2441611886024475
CNV/70/014_CNV.tif,CNV-070,val,CNV,cnv,OD,.tif,0.3790552020072937
CNV/70/015_CNV.tif,CNV-070,test,CNV,cnv,OD,.tif,0.330156147480011
CNV/70/016_CNV.tif,CNV-070,test,CNV,cnv,OD,.tif,0.33036693930625916
CNV/70/017_CNV.tif,CNV-070,val,CNV,cnv,OD,.tif,0.27249717712402344
CNV/70/018_CNV.tif,CNV-070,val,CNV,cnv,OD,.tif,0.2362423539161682
CNV/70/019_CNV.tif,CNV-070,test,CNV,cnv,OD,.tif,0.23730690777301788
CNV/70/020_CNV.tif,CNV-070,val,CNV,cnv,OD,.tif,0.3306770324707031
CNV/70/021_CNV.tif,CNV-070,test,CNV,cnv,OD,.tif,0.2988024353981018
CNV/70/022_CNV.tif,CNV-070,val,CNV,cnv,OD,.tif,0.26613619923591614
CNV/70/023_Drusen.tif,CNV-070,test,CNV,drusen,OD,.tif,0.14740043878555298
CNV/70/024_Drusen.tif,CNV-070,test,CNV,drusen,OD,.tif,0.1329032927751541
CNV/70/025_Drusen.tif,CNV-070,test,CNV,drusen,OD,.tif,0.11862176656723022
CNV/70/026_Drusen.tif,CNV-070,test,CNV,drusen,OD,.tif,0.1530912220478058
CNV/70/027_Drusen.tif,CNV-070,test,CNV,drusen,OD,.tif,0.15312567353248596
CNV/70/028_Drusen.tif,CNV-070,test,CNV,drusen,OD,.tif,0.10332291573286057
CNV/70/029_Drusen.tif,CNV-070,test,CNV,drusen,OD,.tif,0.1367967426776886
CNV/70/030_Drusen.tif,CNV-070,val,CNV,drusen,OD,.tif,0.10297587513923645
CNV/71/000_Normal.jpg,CNV-071,test,CNV,normal,OD,.jpg,0.1775352954864502
CNV/71/001_Normal.jpg,CNV-071,val,CNV,normal,OD,.jpg,0.1961696296930313
CNV/71/002_Normal.jpg,CNV-071,val,CNV,normal,OD,.jpg,0.17190024256706238
CNV/71/003_Drusen.jpg,CNV-071,test,CNV,drusen,OD,.jpg,0.13013550639152527
CNV/71/004_Drusen.jpg,CNV-071,val,CNV,drusen,OD,.jpg,0.21656911075115204
CNV/71/005_Drusen.jpg,CNV-071,test,CNV,drusen,OD,.jpg,0.17520718276500702
CNV/71/006_Drusen.jpg,CNV-071,test,CNV,drusen,OD,.jpg,0.14229995012283325
CNV/71/007_Drusen.jpg,CNV-071,test,CNV,drusen,OD,.jpg,0.1978505402803421
CNV/71/008_Drusen.jpg,CNV-071,val,CNV,drusen,OD,.jpg,0.16142292320728302
CNV/71/009_Drusen.jpg,CNV-071,test,CNV,drusen,OD,.jpg,0.21724990010261536
CNV/71/010_CNV.jpg,CNV-071,val,CNV,cnv,OD,.jpg,0.26654666662216187
CNV/71/011_CNV.jpg,CNV-071,val,CNV,cnv,OD,.jpg,0.2976512908935547
CNV/71/012_CNV.jpg,CNV-071,test,CNV,cnv,OD,.jpg,0.3820118308067322
CNV/71/013_CNV.jpg,CNV-071,val,CNV,cnv,OD,.jpg,0.3544580340385437
CNV/71/014_CNV.jpg,CNV-071,val,CNV,cnv,OD,.jpg,0.30989110469818115
CNV/71/015_CNV.jpg,CNV-071,test,CNV,cnv,OD,.jpg,0.25763994455337524
CNV/71/016_CNV.jpg,CNV-071,test,CNV,cnv,OD,.jpg,0.31177008152008057
CNV/71/017_CNV.jpg,CNV-071,test,CNV,cnv,OD,.jpg,0.32350772619247437
CNV/71/018_CNV.jpg,CNV-071,val,CNV,cnv,OD,.jpg,0.26655662059783936
CNV/71/019_CNV.jpg,CNV-071,test,CNV,cnv,OD,.jpg,0.22653347253799438
CNV/71/020_Normal.jpg,CNV-071,test,CNV,normal,OD,.jpg,0.21712328493595123
CNV/71/021_Drusen.jpg,CNV-071,test,CNV,drusen,OD,.jpg,0.192953959107399
CNV/71/022_Drusen.jpg,CNV-071,test,CNV,drusen,OD,.jpg,0.1501021534204483
CNV/71/023_Drusen.jpg,CNV-071,test,CNV,drusen,OD,.jpg,0.10864227265119553
CNV/71/024_Drusen.jpg,CNV-071,val,CNV,drusen,OD,.jpg,0.1039176732301712
CNV/71/025_Normal.jpg,CNV-071,val,CNV,normal,OD,.jpg,0.09243428707122803
CNV/71/026_Normal.jpg,CNV-071,val,CNV,normal,OD,.jpg,0.09169400483369827
CNV/71/027_Normal.jpg,CNV-071,val,CNV,normal,OD,.jpg,0.11071215569972992
CNV/71/028_Normal.jpg,CNV-071,test,CNV,normal,OD,.jpg,0.19373619556427002
CNV/71/029_Drusen.jpg,CNV-071,val,CNV,drusen,OD,.jpg,0.17414963245391846
CNV/71/030_Drusen.jpg,CNV-071,test,CNV,drusen,OD,.jpg,0.18100020289421082
CNV/72/000_CNV.jpg,CNV-072,test,CNV,cnv,OS,.jpg,0.23177982866764069
CNV/72/001_CNV.jpg,CNV-072,test,CNV,cnv,OS,.jpg,0.2391812652349472
CNV/72/002_CNV.jpg,CNV-072,test,CNV,cnv,OS,.jpg,0.22856834530830383
CNV/72/003_CNV.jpg,CNV-072,val,CNV,cnv,OS,.jpg,0.25210344791412354
CNV/72/004_CNV.jpg,CNV-072,test,CNV,cnv,OS,.jpg,0.27966538071632385
CNV/72/005_CNV.jpg,CNV-072,test,CNV,cnv,OS,.jpg,0.35073453187942505
CNV/72/006_CNV.jpg,CNV-072,test,CNV,cnv,OS,.jpg,0.328752338886261
CNV/72/007_CNV.jpg,CNV-072,val,CNV,cnv,OS,.jpg,0.3765050172805786
CNV/72/008_CNV.jpg,CNV-072,test,CNV,cnv,OS,.jpg,0.41216713190078735
CNV/72/009_CNV.jpg,CNV-072,test,CNV,cnv,OS,.jpg,0.37046417593955994
CNV/72/010_CNV.jpg,CNV-072,test,CNV,cnv,OS,.jpg,0.4294469952583313
CNV/72/011_CNV.jpg,CNV-072,test,CNV,cnv,OS,.jpg,0.43497589230537415
CNV/72/012_CNV.jpg,CNV-072,test,CNV,cnv,OS,.jpg,0.3607238531112671
CNV/72/013_CNV.jpg,CNV-072,test,CNV,cnv,OS,.jpg,0.41278982162475586
CNV/72/014_CNV.jpg,CNV-072,val,CNV,cnv,OS,.jpg,0.37664705514907837
CNV/72/015_CNV.jpg,CNV-072,test,CNV,cnv,OS,.jpg,0.3460938632488251
CNV/72/016_CNV.jpg,CNV-072,val,CNV,cnv,OS,.jpg,0.32861554622650146
CNV/72/017_CNV.jpg,CNV-072,test,CNV,cnv,OS,.jpg,0.3364488184452057
CNV/72/018_CNV.jpg,CNV-072,test,CNV,cnv,OS,.jpg,0.3835958242416382
CNV/72/019_CNV.jpg,CNV-072,val,CNV,cnv,OS,.jpg,0.382955938577652
CNV/72/020_CNV.jpg,CNV-072,test,CNV,cnv,OS,.jpg,0.3465866446495056
CNV/72/021_Drusen.jpg,CNV-072,val,CNV,drusen,OS,.jpg,0.34365153312683105
CNV/72/022_Drusen.jpg,CNV-072,test,CNV,drusen,OS,.jpg,0.3080611824989319
CNV/72/023_Drusen.jpg,CNV-072,test,CNV,drusen,OS,.jpg,0.29780319333076477
CNV/72/024_Drusen.jpg,CNV-072,val,CNV,drusen,OS,.jpg,0.2834896445274353
CNV/72/025_Drusen.jpg,CNV-072,val,CNV,drusen,OS,.jpg,0.21740883588790894
CNV/72/026_Drusen.jpg,CNV-072,val,CNV,drusen,OS,.jpg,0.22707732021808624
CNV/72/027_Normal.jpg,CNV-072,test,CNV,normal,OS,.jpg,0.19411247968673706
CNV/72/028_Normal.jpg,CNV-072,test,CNV,normal,OS,.jpg,0.19160489737987518
CNV/72/029_Normal.jpg,CNV-072,test,CNV,normal,OS,.jpg,0.1592908501625061
CNV/72/030_Normal.jpg,CNV-072,test,CNV,normal,OS,.jpg,0.1811608374118805
CNV/73/000_Normal.tif,CNV-073,test,CNV,normal,OD,.tif,0.18201202154159546
CNV/73/001_Normal.tif,CNV-073,test,CNV,normal,OD,.tif,0.13444176316261292
CNV/73/002_Normal.tif,CNV-073,test,CNV,normal,OD,.tif,0.15519915521144867
CNV/73/003_Normal.tif,CNV-073,val,CNV,normal,OD,.tif,0.1800372153520584
CNV/73/004_Normal.tif,CNV-073,test,CNV,normal,OD,.tif,0.2120271474123001
CNV/73/005_Normal.tif,CNV-073,test,CNV,normal,OD,.tif,0.23856611549854279
CNV/73/006_Normal.tif,CNV-073,val,CNV,normal,OD,.tif,0.1887839138507843
CNV/73/007_CNV.tif,CNV-073,test,CNV,cnv,OD,.tif,0.25399336218833923
CNV/73/008_CNV.tif,CNV-073,test,CNV,cnv,OD,.tif,0.25520414113998413
CNV/73/009_CNV.tif,CNV-073,val,CNV,cnv,OD,.tif,0.3109625577926636
CNV/73/010_CNV.tif,CNV-073,val,CNV,cnv,OD,.tif,0.2702473998069763
CNV/73/011_CNV.tif,CNV-073,test,CNV,cnv,OD,.tif,0.2349834144115448
CNV/73/012_CNV.tif,CNV-073,val,CNV,cnv,OD,.tif,0.26210376620292664
CNV/73/013_CNV.tif,CNV-073,test,CNV,cnv,OD,.tif,0.2724252939224243
CNV/73/014_CNV.tif,CNV-073,test,CNV,cnv,OD,.tif,0.29932937026023865
CNV/73/015_CNV.tif,CNV-073,val,CNV,cnv,OD,.tif,0.2660776972770691
CNV/73/016_CNV.tif,CNV-073,val,CNV,cnv,OD,.tif,0.27839940786361694
CNV/73/017_CNV.tif,CNV-073,test,CNV,cnv,OD,.tif,0.2607860863208771
CNV/73/018_CNV.tif,CNV-073,val,CNV,cnv,OD,.tif,0.3119746446609497
CNV/73/019_CNV.tif,CNV-073,val,CNV,cnv,OD,.tif,0.22615984082221985
CNV/73/020_CNV.tif,CNV-073,val,CNV,cnv,OD,.tif,0.2494780719280243
CNV/73/021_CNV.tif,CNV-073,test,CNV,cnv,OD,.tif,0.2118227481842041
CNV/73/022_CNV.tif,CNV-073,test,CNV,cnv,OD,.tif,0.2630446255207062
CNV/73/023_CNV.tif,CNV-073,test,CNV,cnv,OD,.tif,0.16734671592712402
CNV/73/024_CNV.tif,CNV-073,test,CNV,cnv,OD,.tif,0.17503240704536438
CNV/73/025_Drusen.tif,CNV-073,test,CNV,drusen,OD,.tif,0.1699005365371704
CNV/73/026_Drusen.tif,CNV-073,test,CNV,drusen,OD,.tif,0.17105650901794434
CNV/73/027_Drusen.tif,CNV-073,test,CNV,drusen,OD,.tif,0.17442560195922852
CNV/73/028_Drusen.tif,CNV-073,val,CNV,drusen,OD,.tif,0.1911182701587677
CNV/73/029_Drusen.tif,CNV-073,test,CNV,drusen,OD,.tif,0.16695056855678558
CNV/73/030_Normal.tif,CNV-073,test,CNV,normal,OD,.tif,0.18610477447509766
CNV/74/000_CNV.tif,CNV-074,val,CNV,cnv,OS,.tif,0.16499300301074982
CNV/74/001_CNV.tif,CNV-074,test,CNV,cnv,OS,.tif,0.19567692279815674
CNV/74/002_CNV.tif,CNV-074,test,CNV,cnv,OS,.tif,0.23467133939266205
CNV/74/003_CNV.tif,CNV-074,test,CNV,cnv,OS,.tif,0.20544767379760742
CNV/74/004_CNV.tif,CNV-074,test,CNV,cnv,OS,.tif,0.17484436929225922
CNV/74/005_CNV.tif,CNV-074,val,CNV,cnv,OS,.tif,0.22590325772762299
CNV/74/006_CNV.tif,CNV-074,test,CNV,cnv,OS,.tif,0.22901497781276703
CNV/74/007_CNV.tif,CNV-074,val,CNV,cnv,OS,.tif,0.23748162388801575
CNV/74/008_CNV.tif,CNV-074,test,CNV,cnv,OS,.tif,0.24223613739013672
CNV/74/009_CNV.tif,CNV-074,val,CNV,cnv,OS,.tif,0.2673601508140564
CNV/74/010_CNV.tif,CNV-074,test,CNV,cnv,OS,.tif,0.3197315037250519
CNV/74/011_CNV.tif,CNV-074,test,CNV,cnv,OS,.tif,0.23095184564590454
CNV/74/012_CNV.tif,CNV-074,test,CNV,cnv,OS,.tif,0.2706083357334137
CNV/74/013_CNV.tif,CNV-074,val,CNV,cnv,OS,.tif,0.31329959630966187
CNV/74/014_CNV.tif,CNV-074,test,CNV,cnv,OS,.tif,0.30124813318252563
CNV/74/015_CNV.tif,CNV-074,val,CNV,cnv,OS,.tif,0.33359193801879883
CNV/74/016_CNV.tif,CNV-074,test,CNV,cnv,OS,.tif,0.30674415826797485
CNV/74/017_CNV.tif,CNV-074,test,CNV,cnv,OS,.tif,0.2742334008216858
CNV/74/018_CNV.tif,CNV-074,test,CNV,cnv,OS,.tif,0.32824280858039856
CNV/74/019_CNV.tif,CNV-074,test,CNV,cnv,OS,.tif,0.3072054982185364
CNV/74/020_CNV.tif,CNV-074,val,CNV,cnv,OS,.tif,0.3251274526119232
CNV/74/021_CNV.tif,CNV-074,test,CNV,cnv,OS,.tif,0.2954149842262268
CNV/74/022_CNV.tif,CNV-074,test,CNV,cnv,OS,.tif,0.24934284389019012
CNV/74/023_CNV.tif,CNV-074,test,CNV,cnv,OS,.tif,0.2618963122367859
CNV/74/024_CNV.tif,CNV-074,val,CNV,cnv,OS,.tif,0.22292815148830414
CNV/74/025_CNV.tif,CNV-074,val,CNV,cnv,OS,.tif,0.16257227957248688
CNV/74/026_CNV.tif,CNV-074,test,CNV,cnv,OS,.tif,0.1549701690673828
CNV/74/027_CNV.tif,CNV-074,test,CNV,cnv,OS,.tif,0.12172047793865204
CNV/74/028_CNV.tif,CNV-074,test,CNV,cnv,OS,.tif,0.14377886056900024
CNV/74/029_CNV.tif,CNV-074,test,CNV,cnv,OS,.tif,0.1328204721212387
CNV/74/030_CNV.tif,CNV-074,test,CNV,cnv,OS,.tif,0.11325137317180634
CNV/75/000_Normal.tif,CNV-075,test,CNV,normal,OS,.tif,0.169398695230484
CNV/75/001_Normal.tif,CNV-075,test,CNV,normal,OS,.tif,0.12268341332674026
CNV/75/002_Normal.tif,CNV-075,test,CNV,normal,OS,.tif,0.12730848789215088
CNV/75/003_Normal.tif,CNV-075,test,CNV,normal,OS,.tif,0.1446191966533661
CNV/75/004_Normal.tif,CNV-075,val,CNV,normal,OS,.tif,0.11498639732599258
CNV/75/005_Normal.tif,CNV-075,test,CNV,normal,OS,.tif,0.11510765552520752
CNV/75/006_Normal.tif,CNV-075,test,CNV,normal,OS,.tif,0.1525895595550537
CNV/75/007_Normal.tif,CNV-075,val,CNV,normal,OS,.tif,0.14117306470870972
CNV/75/008_Normal.tif,CNV-075,val,CNV,normal,OS,.tif,0.09646172821521759
CNV/75/009_CNV.tif,CNV-075,val,CNV,cnv,OS,.tif,0.1344756782054901
CNV/75/010_Drusen.tif,CNV-075,test,CNV,drusen,OS,.tif,0.11913040280342102
CNV/75/011_CNV.tif,CNV-075,test,CNV,cnv,OS,.tif,0.08629605174064636
CNV/75/012_CNV.tif,CNV-075,val,CNV,cnv,OS,.tif,0.17944270372390747
CNV/75/013_CNV.tif,CNV-075,test,CNV,cnv,OS,.tif,0.19505424797534943
CNV/75/014_CNV.tif,CNV-075,test,CNV,cnv,OS,.tif,0.23147109150886536
CNV/75/015_CNV.tif,CNV-075,test,CNV,cnv,OS,.tif,0.22810772061347961
CNV/75/016_CNV.tif,CNV-075,test,CNV,cnv,OS,.tif,0.16659989953041077
CNV/75/017_CNV.tif,CNV-075,val,CNV,cnv,OS,.tif,0.1587999016046524
CNV/75/018_CNV.tif,CNV-075,val,CNV,cnv,OS,.tif,0.15394333004951477
CNV/75/019_CNV.tif,CNV-075,test,CNV,cnv,OS,.tif,0.13402363657951355
CNV/75/020_Normal.tif,CNV-075,test,CNV,normal,OS,.tif,0.15127995610237122
CNV/75/021_Normal.tif,CNV-075,val,CNV,normal,OS,.tif,0.18209078907966614
CNV/75/022_Normal.tif,CNV-075,test,CNV,normal,OS,.tif,0.18169334530830383
CNV/75/023_Drusen.tif,CNV-075,val,CNV,drusen,OS,.tif,0.14083069562911987
CNV/75/024_Drusen.tif,CNV-075,test,CNV,drusen,OS,.tif,0.18644201755523682
CNV/75/025_Drusen.tif,CNV-075,test,CNV,drusen,OS,.tif,0.13593289256095886
CNV/75/026_Normal.tif,CNV-075,test,CNV,normal,OS,.tif,0.14115889370441437
CNV/75/027_Drusen.tif,CNV-075,test,CNV,drusen,OS,.tif,0.12995260953903198
CNV/75/028_Drusen.tif,CNV-075,test,CNV,drusen,OS,.tif,0.1500658392906189
CNV/75/029_Normal.tif,CNV-075,test,CNV,normal,OS,.tif,0.14767082035541534
CNV/75/030_Normal.tif,CNV-075,test,CNV,normal,OS,.tif,0.17138183116912842
CNV/76/000_Normal.tif,CNV-076,test,CNV,normal,OS,.tif,0.1244921088218689
CNV/76/001_Normal.tif,CNV-076,test,CNV,normal,OS,.tif,0.10748518258333206
CNV/76/002_Normal.tif,CNV-076,test,CNV,normal,OS,.tif,0.13743956387043
CNV/76/003_Normal.tif,CNV-076,test,CNV,normal,OS,.tif,0.125553160905838
CNV/76/004_Normal.tif,CNV-076,test,CNV,normal,OS,.tif,0.11587171256542206
CNV/76/005_Normal.tif,CNV-076,test,CNV,normal,OS,.tif,0.12603986263275146
CNV/76/006_Normal.tif,CNV-076,test,CNV,normal,OS,.tif,0.1331816464662552
CNV/76/007_CNV.tif,CNV-076,test,CNV,cnv,OS,.tif,0.15407802164554596
CNV/76/008_CNV.tif,CNV-076,test,CNV,cnv,OS,.tif,0.19571982324123383
CNV/76/009_CNV.tif,CNV-076,test,CNV,cnv,OS,.tif,0.2634574770927429
CNV/76/010_CNV.tif,CNV-076,test,CNV,cnv,OS,.tif,0.37813812494277954
CNV/76/011_CNV.tif,CNV-076,test,CNV,cnv,OS,.tif,0.4065053462982178
CNV/76/012_CNV.tif,CNV-076,val,CNV,cnv,OS,.tif,0.3675720989704132
CNV/76/013_CNV.tif,CNV-076,val,CNV,cnv,OS,.tif,0.3776538670063019
CNV/76/014_CNV.tif,CNV-076,test,CNV,cnv,OS,.tif,0.35063761472702026
CNV/76/015_CNV.tif,CNV-076,val,CNV,cnv,OS,.tif,0.36407411098480225
CNV/76/016_CNV.tif,CNV-076,test,CNV,cnv,OS,.tif,0.3039309084415436
CNV/76/017_CNV.tif,CNV-076,val,CNV,cnv,OS,.tif,0.2846403121948242
CNV/76/018_CNV.tif,CNV-076,test,CNV,cnv,OS,.tif,0.21433256566524506
CNV/76/019_CNV.tif,CNV-076,test,CNV,cnv,OS,.tif,0.16181600093841553
CNV/76/020_Drusen.tif,CNV-076,test,CNV,drusen,OS,.tif,0.14411182701587677
CNV/76/021_Drusen.tif,CNV-076,val,CNV,drusen,OS,.tif,0.12208539247512817
CNV/76/022_Normal.tif,CNV-076,test,CNV,normal,OS,.tif,0.12136425077915192
CNV/76/023_Normal.tif,CNV-076,test,CNV,normal,OS,.tif,0.12724816799163818
CNV/76/024_Normal.tif,CNV-076,test,CNV,normal,OS,.tif,0.12614959478378296
CNV/76/025_Normal.tif,CNV-076,val,CNV,normal,OS,.tif,0.1178131103515625
CNV/76/026_Normal.tif,CNV-076,val,CNV,normal,OS,.tif,0.13371586799621582
CNV/76/027_Normal.tif,CNV-076,val,CNV,normal,OS,.tif,0.12328364700078964
CNV/76/028_Normal.tif,CNV-076,test,CNV,normal,OS,.tif,0.10837961733341217
CNV/76/029_Normal.tif,CNV-076,test,CNV,normal,OS,.tif,0.14549799263477325
CNV/76/030_Normal.tif,CNV-076,test,CNV,normal,OS,.tif,0.13137425482273102
CNV/77/000_Normal.tif,CNV-077,val,CNV,normal,OD,.tif,0.21156534552574158
CNV/77/001_Normal.tif,CNV-077,test,CNV,normal,OD,.tif,0.16375401616096497
CNV/77/002_Normal.tif,CNV-077,test,CNV,normal,OD,.tif,0.15995283424854279
CNV/77/003_Normal.tif,CNV-077,test,CNV,normal,OD,.tif,0.19015493988990784
CNV/77/004_Drusen.tif,CNV-077,val,CNV,drusen,OD,.tif,0.15348400175571442
CNV/77/005_Drusen.tif,CNV-077,val,CNV,drusen,OD,.tif,0.16187581419944763
CNV/77/006_Drusen.tif,CNV-077,test,CNV,drusen,OD,.tif,0.11798359453678131
CNV/77/007_Drusen.tif,CNV-077,test,CNV,drusen,OD,.tif,0.16872477531433105
CNV/77/008_Drusen.tif,CNV-077,val,CNV,drusen,OD,.tif,0.1338788866996765
CNV/77/009_Drusen.tif,CNV-077,test,CNV,drusen,OD,.tif,0.17113356292247772
CNV/77/010_Drusen.tif,CNV-077,test,CNV,drusen,OD,.tif,0.1879309117794037
CNV/77/011_CNV.tif,CNV-077,test,CNV,cnv,OD,.tif,0.19985657930374146
CNV/77/012_CNV.tif,CNV-077,val,CNV,cnv,OD,.tif,0.18724247813224792
CNV/77/013_CNV.tif,CNV-077,test,CNV,cnv,OD,.tif,0.25944793224334717
CNV/77/014_CNV.tif,CNV-077,val,CNV,cnv,OD,.tif,0.25474652647972107
CNV/77/015_CNV.tif,CNV-077,test,CNV,cnv,OD,.tif,0.3239985406398773
CNV/77/016_CNV.tif,CNV-077,test,CNV,cnv,OD,.tif,0.34746479988098145
CNV/77/017_CNV.tif,CNV-077,test,CNV,cnv,OD,.tif,0.3019370436668396
CNV/77/018_CNV.tif,CNV-077,test,CNV,cnv,OD,.tif,0.27696025371551514
CNV/77/019_Drusen.tif,CNV-077,val,CNV,drusen,OD,.tif,0.2226756364107132
CNV/77/020_Drusen.tif,CNV-077,test,CNV,drusen,OD,.tif,0.21612435579299927
CNV/77/021_Drusen.tif,CNV-077,val,CNV,drusen,OD,.tif,0.217594176530838
CNV/77/022_Drusen.tif,CNV-077,test,CNV,drusen,OD,.tif,0.21612030267715454
CNV/77/023_Drusen.tif,CNV-077,test,CNV,drusen,OD,.tif,0.18931171298027039
CNV/77/024_Drusen.tif,CNV-077,val,CNV,drusen,OD,.tif,0.20539936423301697
CNV/77/025_Drusen.tif,CNV-077,test,CNV,drusen,OD,.tif,0.18667370080947876
CNV/77/026_Drusen.tif,CNV-077,test,CNV,drusen,OD,.tif,0.15559107065200806
CNV/77/027_Drusen.tif,CNV-077,val,CNV,drusen,OD,.tif,0.16740667819976807
CNV/77/028_Drusen.tif,CNV-077,test,CNV,drusen,OD,.tif,0.15535521507263184
CNV/77/029_Drusen.tif,CNV-077,test,CNV,drusen,OD,.tif,0.1446932852268219
CNV/77/030_Drusen.tif,CNV-077,val,CNV,drusen,OD,.tif,0.14231804013252258
CNV/79/000_Normal.jpg,CNV-079,test,CNV,normal,OS,.jpg,0.13317498564720154
CNV/79/001_Normal.jpg,CNV-079,test,CNV,normal,OS,.jpg,0.11836845427751541
CNV/79/002_Normal.jpg,CNV-079,test,CNV,normal,OS,.jpg,0.14363528788089752
CNV/79/003_Normal.jpg,CNV-079,test,CNV,normal,OS,.jpg,0.12115587294101715
CNV/79/004_Normal.jpg,CNV-079,test,CNV,normal,OS,.jpg,0.12000150978565216
CNV/79/005_Normal.jpg,CNV-079,test,CNV,normal,OS,.jpg,0.1723194420337677
CNV/79/006_Drusen.jpg,CNV-079,val,CNV,drusen,OS,.jpg,0.1315094381570816
CNV/79/007_Drusen.jpg,CNV-079,val,CNV,drusen,OS,.jpg,0.10402186214923859
CNV/79/008_CNV.jpg,CNV-079,test,CNV,cnv,OS,.jpg,0.11138008534908295
CNV/79/009_CNV.jpg,CNV-079,test,CNV,cnv,OS,.jpg,0.17497631907463074
CNV/79/010_CNV.jpg,CNV-079,test,CNV,cnv,OS,.jpg,0.13395635783672333
CNV/79/011_CNV.jpg,CNV-079,test,CNV,cnv,OS,.jpg,0.1738097071647644
CNV/79/012_CNV.jpg,CNV-079,test,CNV,cnv,OS,.jpg,0.21313562989234924
CNV/79/013_CNV.jpg,CNV-079,test,CNV,cnv,OS,.jpg,0.24816052615642548
CNV/79/014_CNV.jpg,CNV-079,test,CNV,cnv,OS,.jpg,0.2424013912677765
CNV/79/015_CNV.jpg,CNV-079,val,CNV,cnv,OS,.jpg,0.2001974880695343
CNV/79/016_CNV.jpg,CNV-079,test,CNV,cnv,OS,.jpg,0.226474329829216
CNV/79/017_CNV.jpg,CNV-079,test,CNV,cnv,OS,.jpg,0.1623573899269104
CNV/79/018_CNV.jpg,CNV-079,val,CNV,cnv,OS,.jpg,0.13461098074913025
CNV/79/019_CNV.jpg,CNV-079,test,CNV,cnv,OS,.jpg,0.16569064557552338
CNV/79/020_CNV.jpg,CNV-079,val,CNV,cnv,OS,.jpg,0.12732040882110596
CNV/79/021_CNV.jpg,CNV-079,val,CNV,cnv,OS,.jpg,0.19431379437446594
CNV/79/022_CNV.jpg,CNV-079,test,CNV,cnv,OS,.jpg,0.13209789991378784
CNV/79/023_Drusen.jpg,CNV-079,val,CNV,drusen,OS,.jpg,0.14701853692531586
CNV/79/024_Drusen.jpg,CNV-079,val,CNV,drusen,OS,.jpg,0.1524445116519928
CNV/80/000_CNV.jpg,CNV-080,test,CNV,cnv,OS,.jpg,0.25625544786453247
CNV/80/001_CNV.jpg,CNV-080,val,CNV,cnv,OS,.jpg,0.2279360294342041
CNV/80/002_CNV.jpg,CNV-080,test,CNV,cnv,OS,.jpg,0.1981445997953415
CNV/80/003_CNV.jpg,CNV-080,test,CNV,cnv,OS,.jpg,0.1802140176296234
CNV/80/004_CNV.jpg,CNV-080,test,CNV,cnv,OS,.jpg,0.21940132975578308
CNV/80/005_CNV.jpg,CNV-080,val,CNV,cnv,OS,.jpg,0.2303411066532135
CNV/80/006_CNV.jpg,CNV-080,test,CNV,cnv,OS,.jpg,0.22735810279846191
CNV/80/007_CNV.jpg,CNV-080,test,CNV,cnv,OS,.jpg,0.20393075048923492
CNV/80/008_CNV.jpg,CNV-080,val,CNV,cnv,OS,.jpg,0.29224929213523865
CNV/80/009_CNV.jpg,CNV-080,test,CNV,cnv,OS,.jpg,0.3096005320549011
CNV/80/010_CNV.jpg,CNV-080,test,CNV,cnv,OS,.jpg,0.2928687334060669
CNV/80/011_CNV.jpg,CNV-080,val,CNV,cnv,OS,.jpg,0.31901025772094727
CNV/80/012_CNV.jpg,CNV-080,test,CNV,cnv,OS,.jpg,0.34750181436538696
CNV/80/013_CNV.jpg,CNV-080,test,CNV,cnv,OS,.jpg,0.38930845260620117
CNV/80/014_CNV.jpg,CNV-080,test,CNV,cnv,OS,.jpg,0.2921903431415558
CNV/80/015_CNV.jpg,CNV-080,val,CNV,cnv,OS,.jpg,0.3578221797943115
CNV/80/016_CNV.jpg,CNV-080,test,CNV,cnv,OS,.jpg,0.2738475203514099
CNV/80/017_CNV.jpg,CNV-080,val,CNV,cnv,OS,.jpg,0.277827650308609
CNV/80/018_CNV.jpg,CNV-080,test,CNV,cnv,OS,.jpg,0.27019962668418884
CNV/80/019_CNV.jpg,CNV-080,val,CNV,cnv,OS,.jpg,0.31287670135498047
CNV/80/020_CNV.jpg,CNV-080,val,CNV,cnv,OS,.jpg,0.29512321949005127
CNV/80/021_CNV.jpg,CNV-080,test,CNV,cnv,OS,.jpg,0.283502459526062
CNV/80/022_CNV.jpg,CNV-080,val,CNV,cnv,OS,.jpg,0.20489735901355743
CNV/80/023_CNV.jpg,CNV-080,test,CNV,cnv,OS,.jpg,0.17642779648303986
CNV/80/024_Drusen.jpg,CNV-080,test,CNV,drusen,OS,.jpg,0.16521093249320984
CNV/80/025_Drusen.jpg,CNV-080,val,CNV,drusen,OS,.jpg,0.1302517056465149
CNV/80/026_Normal.jpg,CNV-080,test,CNV,normal,OS,.jpg,0.13222649693489075
CNV/80/027_Normal.jpg,CNV-080,test,CNV,normal,OS,.jpg,0.14148421585559845
CNV/80/028_Normal.jpg,CNV-080,test,CNV,normal,OS,.jpg,0.1531345248222351
CNV/80/029_Normal.jpg,CNV-080,val,CNV,normal,OS,.jpg,0.1429828554391861
CNV/80/030_Normal.jpg,CNV-080,test,CNV,normal,OS,.jpg,0.1579657793045044
CNV/81/000_CNV.tif,CNV-081,test,CNV,cnv,OD,.tif,0.12863492965698242
CNV/81/001_CNV.tif,CNV-081,test,CNV,cnv,OD,.tif,0.1854904592037201
CNV/81/002_CNV.tif,CNV-081,test,CNV,cnv,OD,.tif,0.1796526312828064
CNV/81/003_CNV.tif,CNV-081,test,CNV,cnv,OD,.tif,0.21399028599262238
CNV/81/004_CNV.tif,CNV-081,test,CNV,cnv,OD,.tif,0.22442075610160828
CNV/81/005_CNV.tif,CNV-081,val,CNV,cnv,OD,.tif,0.24078181385993958
CNV/81/006_CNV.tif,CNV-081,test,CNV,cnv,OD,.tif,0.20117676258087158
CNV/81/007_CNV.tif,CNV-081,test,CNV,cnv,OD,.tif,0.22869639098644257
CNV/81/008_CNV.tif,CNV-081,test,CNV,cnv,OD,.tif,0.18530228734016418
CNV/81/009_CNV.tif,CNV-081,val,CNV,cnv,OD,.tif,0.2742859423160553
CNV/81/010_CNV.tif,CNV-081,test,CNV,cnv,OD,.tif,0.2630453109741211
CNV/81/011_CNV.tif,CNV-081,test,CNV,cnv,OD,.tif,0.31089895963668823
CNV/81/012_CNV.tif,CNV-081,val,CNV,cnv,OD,.tif,0.3360992968082428
CNV/81/013_CNV.tif,CNV-081,test,CNV,cnv,OD,.tif,0.30814212560653687
CNV/81/014_CNV.tif,CNV-081,test,CNV,cnv,OD,.tif,0.32224851846694946
CNV/81/015_CNV.tif,CNV-081,test,CNV,cnv,OD,.tif,0.332988440990448
CNV/81/016_CNV.tif,CNV-081,test,CNV,cnv,OD,.tif,0.33598488569259644
CNV/81/017_CNV.tif,CNV-081,val,CNV,cnv,OD,.tif,0.3516388535499573
CNV/81/018_CNV.tif,CNV-081,test,CNV,cnv,OD,.tif,0.3487842381000519
CNV/81/019_CNV.tif,CNV-081,val,CNV,cnv,OD,.tif,0.3128919303417206
CNV/81/020_CNV.tif,CNV-081,test,CNV,cnv,OD,.tif,0.2367885261774063
CNV/81/021_CNV.tif,CNV-081,test,CNV,cnv,OD,.tif,0.3036496043205261
CNV/81/022_CNV.tif,CNV-081,val,CNV,cnv,OD,.tif,0.2914826273918152
CNV/81/023_CNV.tif,CNV-081,test,CNV,cnv,OD,.tif,0.14688050746917725
CNV/81/024_CNV.tif,CNV-081,val,CNV,cnv,OD,.tif,0.12833881378173828
CNV/81/025_CNV.tif,CNV-081,val,CNV,cnv,OD,.tif,0.181722030043602
CNV/81/026_CNV.tif,CNV-081,val,CNV,cnv,OD,.tif,0.1884194016456604
CNV/81/027_Normal.tif,CNV-081,val,CNV,normal,OD,.tif,0.15963609516620636
CNV/81/028_Normal.tif,CNV-081,test,CNV,normal,OD,.tif,0.16335523128509521
CNV/81/029_Normal.tif,CNV-081,test,CNV,normal,OD,.tif,0.14919841289520264
CNV/81/030_Normal.tif,CNV-081,test,CNV,normal,OD,.tif,0.12205071747303009
CNV/82/000_Normal.jpg,CNV-082,test,CNV,normal,OS,.jpg,0.16533175110816956
CNV/82/001_Normal.jpg,CNV-082,val,CNV,normal,OS,.jpg,0.1302027851343155
CNV/82/002_Normal.jpg,CNV-082,test,CNV,normal,OS,.jpg,0.1810053139925003
CNV/82/003_Normal.jpg,CNV-082,test,CNV,normal,OS,.jpg,0.18400965631008148
CNV/82/004_CNV.jpg,CNV-082,test,CNV,cnv,OS,.jpg,0.18131040036678314
CNV/82/005_CNV.jpg,CNV-082,val,CNV,cnv,OS,.jpg,0.24137446284294128
CNV/82/006_CNV.jpg,CNV-082,test,CNV,cnv,OS,.jpg,0.27917346358299255
CNV/82/007_CNV.jpg,CNV-082,test,CNV,cnv,OS,.jpg,0.21278032660484314
CNV/82/008_CNV.jpg,CNV-082,val,CNV,cnv,OS,.jpg,0.2169526368379593
CNV/82/009_CNV.jpg,CNV-082,test,CNV,cnv,OS,.jpg,0.25708532333374023
CNV/82/010_CNV.jpg,CNV-082,test,CNV,cnv,OS,.jpg,0.2313169240951538
CNV/82/011_CNV.jpg,CNV-082,test,CNV,cnv,OS,.jpg,0.294809490442276
CNV/82/012_CNV.jpg,CNV-082,test,CNV,cnv,OS,.jpg,0.2616104185581207
CNV/82/013_CNV.jpg,CNV-082,test,CNV,cnv,OS,.jpg,0.27008795738220215
CNV/82/014_CNV.jpg,CNV-082,val,CNV,cnv,OS,.jpg,0.32516855001449585
CNV/82/015_CNV.jpg,CNV-082,val,CNV,cnv,OS,.jpg,0.30465424060821533
CNV/82/016_CNV.jpg,CNV-082,test,CNV,cnv,OS,.jpg,0.35328543186187744
CNV/82/017_CNV.jpg,CNV-082,test,CNV,cnv,OS,.jpg,0.33429914712905884
CNV/82/018_CNV.jpg,CNV-082,val,CNV,cnv,OS,.jpg,0.3845023810863495
CNV/82/019_CNV.jpg,CNV-082,test,CNV,cnv,OS,.jpg,0.2922493815422058
CNV/82/020_CNV.jpg,CNV-082,val,CNV,cnv,OS,.jpg,0.2598482370376587
CNV/82/021_CNV.jpg,CNV-082,test,CNV,cnv,OS,.jpg,0.257969468832016
CNV/82/022_CNV.jpg,CNV-082,val,CNV,cnv,OS,.jpg,0.26495885848999023
CNV/82/023_CNV.jpg,CNV-082,val,CNV,cnv,OS,.jpg,0.24666637182235718
CNV/82/024_CNV.jpg,CNV-082,val,CNV,cnv,OS,.jpg,0.26935914158821106
CNV/82/025_CNV.jpg,CNV-082,test,CNV,cnv,OS,.jpg,0.22039398550987244
CNV/82/026_CNV.jpg,CNV-082,test,CNV,cnv,OS,.jpg,0.24778783321380615
CNV/82/027_CNV.jpg,CNV-082,test,CNV,cnv,OS,.jpg,0.20731249451637268
CNV/82/028_CNV.jpg,CNV-082,val,CNV,cnv,OS,.jpg,0.15123596787452698
CNV/82/029_Drusen.jpg,CNV-082,val,CNV,drusen,OS,.jpg,0.1361245959997177
CNV/82/030_Drusen.jpg,CNV-082,test,CNV,drusen,OS,.jpg,0.12041366100311279
CNV/83/000_Normal.jpg,CNV-083,val,CNV,normal,OS,.jpg,0.1905660331249237
CNV/83/001_Normal.jpg,CNV-083,test,CNV,normal,OS,.jpg,0.21899238228797913
CNV/83/002_CNV.jpg,CNV-083,test,CNV,cnv,OS,.jpg,0.24368014931678772
CNV/83/003_CNV.jpg,CNV-083,test,CNV,cnv,OS,.jpg,0.3041996657848358
CNV/83/004_CNV.jpg,CNV-083,val,CNV,cnv,OS,.jpg,0.33360588550567627
CNV/83/005_CNV.jpg,CNV-083,test,CNV,cnv,OS,.jpg,0.32429900765419006
CNV/83/006_CNV.jpg,CNV-083,test,CNV,cnv,OS,.jpg,0.3462972044944763
CNV/83/007_CNV.jpg,CNV-083,test,CNV,cnv,OS,.jpg,0.3617112636566162
CNV/83/008_CNV.jpg,CNV-083,test,CNV,cnv,OS,.jpg,0.30318841338157654
CNV/83/009_CNV.jpg,CNV-083,val,CNV,cnv,OS,.jpg,0.3049771785736084
CNV/83/010_CNV.jpg,CNV-083,val,CNV,cnv,OS,.jpg,0.35758382081985474
CNV/83/011_CNV.jpg,CNV-083,test,CNV,cnv,OS,.jpg,0.3214428424835205
CNV/83/012_CNV.jpg,CNV-083,test,CNV,cnv,OS,.jpg,0.3774300515651703
CNV/83/013_CNV.jpg,CNV-083,val,CNV,cnv,OS,.jpg,0.3732926845550537
CNV/83/014_CNV.jpg,CNV-083,val,CNV,cnv,OS,.jpg,0.36911219358444214
CNV/83/015_CNV.jpg,CNV-083,test,CNV,cnv,OS,.jpg,0.357634961605072
CNV/83/016_CNV.jpg,CNV-083,val,CNV,cnv,OS,.jpg,0.3776051998138428
CNV/83/017_CNV.jpg,CNV-083,val,CNV,cnv,OS,.jpg,0.3850809931755066
CNV/83/018_CNV.jpg,CNV-083,test,CNV,cnv,OS,.jpg,0.4009825587272644
CNV/83/019_CNV.jpg,CNV-083,val,CNV,cnv,OS,.jpg,0.30340152978897095
CNV/83/020_CNV.jpg,CNV-083,test,CNV,cnv,OS,.jpg,0.30903419852256775
CNV/83/021_CNV.jpg,CNV-083,test,CNV,cnv,OS,.jpg,0.3319864869117737
CNV/83/022_CNV.jpg,CNV-083,test,CNV,cnv,OS,.jpg,0.2389153391122818
CNV/83/023_CNV.jpg,CNV-083,test,CNV,cnv,OS,.jpg,0.24312064051628113
CNV/83/024_CNV.jpg,CNV-083,test,CNV,cnv,OS,.jpg,0.2616693079471588
CNV/84/000_CNV.jpg,CNV-084,test,CNV,cnv,OS,.jpg,0.18080440163612366
CNV/84/001_CNV.jpg,CNV-084,val,CNV,cnv,OS,.jpg,0.23894944787025452
CNV/84/002_CNV.jpg,CNV-084,test,CNV,cnv,OS,.jpg,0.24384081363677979
CNV/84/003_CNV.jpg,CNV-084,test,CNV,cnv,OS,.jpg,0.2446170151233673
CNV/84/004_CNV.jpg,CNV-084,test,CNV,cnv,OS,.jpg,0.17409685254096985
CNV/84/005_CNV.jpg,CNV-084,test,CNV,cnv,OS,.jpg,0.1592482328414917
CNV/84/006_CNV.jpg,CNV-084,test,CNV,cnv,OS,.jpg,0.16268599033355713
CNV/84/007_CNV.jpg,CNV-084,val,CNV,cnv,OS,.jpg,0.13136714696884155
CNV/84/008_CNV.jpg,CNV-084,val,CNV,cnv,OS,.jpg,0.169185072183609
CNV/84/009_CNV.jpg,CNV-084,val,CNV,cnv,OS,.jpg,0.18911537528038025
CNV/84/010_CNV.jpg,CNV-084,val,CNV,cnv,OS,.jpg,0.2290578931570053
CNV/84/011_CNV.jpg,CNV-084,test,CNV,cnv,OS,.jpg,0.3091840147972107
CNV/84/012_CNV.jpg,CNV-084,test,CNV,cnv,OS,.jpg,0.3558061718940735
CNV/84/013_CNV.jpg,CNV-084,val,CNV,cnv,OS,.jpg,0.3344554305076599
CNV/84/014_CNV.jpg,CNV-084,test,CNV,cnv,OS,.jpg,0.3491223454475403
CNV/84/015_CNV.jpg,CNV-084,test,CNV,cnv,OS,.jpg,0.3529408574104309
CNV/84/016_CNV.jpg,CNV-084,val,CNV,cnv,OS,.jpg,0.3575472831726074
CNV/84/017_CNV.jpg,CNV-084,test,CNV,cnv,OS,.jpg,0.37314099073410034
CNV/84/018_CNV.jpg,CNV-084,test,CNV,cnv,OS,.jpg,0.30910295248031616
CNV/84/019_CNV.jpg,CNV-084,val,CNV,cnv,OS,.jpg,0.2831225097179413
CNV/84/020_CNV.jpg,CNV-084,test,CNV,cnv,OS,.jpg,0.18376986682415009
CNV/84/021_CNV.jpg,CNV-084,val,CNV,cnv,OS,.jpg,0.20933271944522858
CNV/84/022_CNV.jpg,CNV-084,test,CNV,cnv,OS,.jpg,0.2312585562467575
CNV/84/023_CNV.jpg,CNV-084,test,CNV,cnv,OS,.jpg,0.1992352306842804
CNV/84/024_CNV.jpg,CNV-084,val,CNV,cnv,OS,.jpg,0.23954516649246216
CNV/84/025_CNV.jpg,CNV-084,test,CNV,cnv,OS,.jpg,0.23541462421417236
CNV/84/026_CNV.jpg,CNV-084,test,CNV,cnv,OS,.jpg,0.23794779181480408
CNV/84/027_CNV.jpg,CNV-084,test,CNV,cnv,OS,.jpg,0.22254028916358948
CNV/84/028_CNV.jpg,CNV-084,test,CNV,cnv,OS,.jpg,0.193149596452713
CNV/84/029_CNV.jpg,CNV-084,test,CNV,cnv,OS,.jpg,0.1893359273672104
CNV/84/030_CNV.jpg,CNV-084,test,CNV,cnv,OS,.jpg,0.14580819010734558
CNV/85/000_Drusen.jpg,CNV-085,test,CNV,drusen,OS,.jpg,0.11815521121025085
CNV/85/001_Drusen.jpg,CNV-085,test,CNV,drusen,OS,.jpg,0.1982536017894745
CNV/85/002_Drusen.jpg,CNV-085,test,CNV,drusen,OS,.jpg,0.15576115250587463
CNV/85/003_Drusen.jpg,CNV-085,test,CNV,drusen,OS,.jpg,0.16541433334350586
CNV/85/004_Drusen.jpg,CNV-085,test,CNV,drusen,OS,.jpg,0.13264217972755432
CNV/85/005_Drusen.jpg,CNV-085,val,CNV,drusen,OS,.jpg,0.1845727413892746
CNV/85/006_Drusen.jpg,CNV-085,test,CNV,drusen,OS,.jpg,0.18045836687088013
CNV/85/007_Drusen.jpg,CNV-085,test,CNV,drusen,OS,.jpg,0.15986600518226624
CNV/85/008_Drusen.jpg,CNV-085,val,CNV,drusen,OS,.jpg,0.14924022555351257
CNV/85/009_Drusen.jpg,CNV-085,val,CNV,drusen,OS,.jpg,0.18136559426784515
CNV/85/010_Drusen.jpg,CNV-085,test,CNV,drusen,OS,.jpg,0.2430167943239212
CNV/85/011_CNV.jpg,CNV-085,test,CNV,cnv,OS,.jpg,0.2950332462787628
CNV/85/012_CNV.jpg,CNV-085,val,CNV,cnv,OS,.jpg,0.31820040941238403
CNV/85/013_CNV.jpg,CNV-085,test,CNV,cnv,OS,.jpg,0.2893247604370117
CNV/85/014_CNV.jpg,CNV-085,test,CNV,cnv,OS,.jpg,0.29226186871528625
CNV/85/015_CNV.jpg,CNV-085,val,CNV,cnv,OS,.jpg,0.29519030451774597
CNV/85/016_CNV.jpg,CNV-085,val,CNV,cnv,OS,.jpg,0.32410910725593567
CNV/85/017_CNV.jpg,CNV-085,test,CNV,cnv,OS,.jpg,0.24771401286125183
CNV/85/018_CNV.jpg,CNV-085,val,CNV,cnv,OS,.jpg,0.3069697618484497
CNV/85/019_CNV.jpg,CNV-085,test,CNV,cnv,OS,.jpg,0.2751460671424866
CNV/85/020_CNV.jpg,CNV-085,val,CNV,cnv,OS,.jpg,0.2688368856906891
CNV/85/021_CNV.jpg,CNV-085,test,CNV,cnv,OS,.jpg,0.23082681000232697
CNV/85/022_CNV.jpg,CNV-085,test,CNV,cnv,OS,.jpg,0.21677565574645996
CNV/85/023_Drusen.jpg,CNV-085,val,CNV,drusen,OS,.jpg,0.2142387330532074
CNV/85/024_Drusen.jpg,CNV-085,val,CNV,drusen,OS,.jpg,0.2516407370567322
CNV/85/025_Drusen.jpg,CNV-085,test,CNV,drusen,OS,.jpg,0.23018813133239746
CNV/85/026_Drusen.jpg,CNV-085,test,CNV,drusen,OS,.jpg,0.24719232320785522
CNV/85/027_Drusen.jpg,CNV-085,test,CNV,drusen,OS,.jpg,0.23639488220214844
CNV/85/028_Drusen.jpg,CNV-085,val,CNV,drusen,OS,.jpg,0.19093824923038483
CNV/85/029_Drusen.jpg,CNV-085,test,CNV,drusen,OS,.jpg,0.19911335408687592
CNV/85/030_Drusen.jpg,CNV-085,val,CNV,drusen,OS,.jpg,0.21669518947601318
CNV/86/000_CNV.tif,CNV-086,test,CNV,cnv,OD,.tif,0.25568443536758423
CNV/86/001_CNV.tif,CNV-086,test,CNV,cnv,OD,.tif,0.24424618482589722
CNV/86/002_CNV.tif,CNV-086,val,CNV,cnv,OD,.tif,0.2482757717370987
CNV/86/003_CNV.tif,CNV-086,val,CNV,cnv,OD,.tif,0.32575225830078125
CNV/86/004_CNV.tif,CNV-086,val,CNV,cnv,OD,.tif,0.31573376059532166
CNV/86/005_CNV.tif,CNV-086,test,CNV,cnv,OD,.tif,0.29957228899002075
CNV/86/006_CNV.tif,CNV-086,test,CNV,cnv,OD,.tif,0.33067619800567627
CNV/86/007_CNV.tif,CNV-086,test,CNV,cnv,OD,.tif,0.3343120217323303
CNV/86/008_CNV.tif,CNV-086,val,CNV,cnv,OD,.tif,0.32495737075805664
CNV/86/009_CNV.tif,CNV-086,val,CNV,cnv,OD,.tif,0.29392141103744507
CNV/86/010_CNV.tif,CNV-086,test,CNV,cnv,OD,.tif,0.22722691297531128
CNV/86/011_CNV.tif,CNV-086,test,CNV,cnv,OD,.tif,0.3186871409416199
CNV/86/012_CNV.tif,CNV-086,test,CNV,cnv,OD,.tif,0.22354018688201904
CNV/86/013_CNV.tif,CNV-086,val,CNV,cnv,OD,.tif,0.24493315815925598
CNV/86/014_CNV.tif,CNV-086,test,CNV,cnv,OD,.tif,0.3072323799133301
CNV/86/015_CNV.tif,CNV-086,test,CNV,cnv,OD,.tif,0.35025566816329956
CNV/86/016_CNV.tif,CNV-086,test,CNV,cnv,OD,.tif,0.38216790556907654
CNV/86/017_CNV.tif,CNV-086,val,CNV,cnv,OD,.tif,0.3311983346939087
CNV/86/018_CNV.tif,CNV-086,test,CNV,cnv,OD,.tif,0.36675047874450684
CNV/86/019_CNV.tif,CNV-086,test,CNV,cnv,OD,.tif,0.2637322247028351
CNV/86/020_CNV.tif,CNV-086,test,CNV,cnv,OD,.tif,0.28079724311828613
CNV/86/021_CNV.tif,CNV-086,val,CNV,cnv,OD,.tif,0.216971293091774
CNV/86/022_CNV.tif,CNV-086,test,CNV,cnv,OD,.tif,0.24532939493656158
CNV/86/023_CNV.tif,CNV-086,test,CNV,cnv,OD,.tif,0.24574068188667297
CNV/86/024_CNV.tif,CNV-086,test,CNV,cnv,OD,.tif,0.2342633455991745
CNV/86/025_CNV.tif,CNV-086,test,CNV,cnv,OD,.tif,0.20527875423431396
CNV/86/026_CNV.tif,CNV-086,test,CNV,cnv,OD,.tif,0.1954355686903
CNV/86/027_Normal.tif,CNV-086,val,CNV,normal,OD,.tif,0.20880699157714844
CNV/86/028_Normal.tif,CNV-086,test,CNV,normal,OD,.tif,0.20400184392929077
CNV/86/029_Normal.tif,CNV-086,val,CNV,normal,OD,.tif,0.19165155291557312
CNV/86/030_Normal.tif,CNV-086,val,CNV,normal,OD,.tif,0.1769964098930359
CNV/87/000_Normal.tif,CNV-087,test,CNV,normal,OD,.tif,0.15610617399215698
CNV/87/001_Normal.tif,CNV-087,val,CNV,normal,OD,.tif,0.12776410579681396
CNV/87/002_Normal.tif,CNV-087,test,CNV,normal,OD,.tif,0.09890323877334595
CNV/87/003_Normal.tif,CNV-087,test,CNV,normal,OD,.tif,0.11569754034280777
CNV/87/004_Normal.tif,CNV-087,val,CNV,normal,OD,.tif,0.10740635544061661
CNV/87/005_Normal.tif,CNV-087,test,CNV,normal,OD,.tif,0.1129956841468811
CNV/87/006_Normal.tif,CNV-087,test,CNV,normal,OD,.tif,0.1181274950504303
CNV/87/007_Normal.tif,CNV-087,test,CNV,normal,OD,.tif,0.11996358633041382
CNV/87/008_Normal.tif,CNV-087,test,CNV,normal,OD,.tif,0.11871837079524994
CNV/87/009_Normal.tif,CNV-087,test,CNV,normal,OD,.tif,0.0909404456615448
CNV/87/010_CNV.tif,CNV-087,test,CNV,cnv,OD,.tif,0.12331075221300125
CNV/87/011_CNV.tif,CNV-087,test,CNV,cnv,OD,.tif,0.20826661586761475
CNV/87/012_CNV.tif,CNV-087,test,CNV,cnv,OD,.tif,0.1886519193649292
CNV/87/013_CNV.tif,CNV-087,val,CNV,cnv,OD,.tif,0.21022474765777588
CNV/87/014_CNV.tif,CNV-087,val,CNV,cnv,OD,.tif,0.2698309123516083
CNV/87/015_CNV.tif,CNV-087,test,CNV,cnv,OD,.tif,0.2798183560371399
CNV/87/016_CNV.tif,CNV-087,val,CNV,cnv,OD,.tif,0.2722196578979492
CNV/87/017_CNV.tif,CNV-087,test,CNV,cnv,OD,.tif,0.2113458514213562
CNV/87/018_CNV.tif,CNV-087,test,CNV,cnv,OD,.tif,0.1401204913854599
CNV/87/019_CNV.tif,CNV-087,test,CNV,cnv,OD,.tif,0.1204138696193695
CNV/87/020_Drusen.tif,CNV-087,val,CNV,drusen,OD,.tif,0.08057720214128494
CNV/87/021_Drusen.tif,CNV-087,test,CNV,drusen,OD,.tif,0.098610520362854
CNV/87/022_Normal.tif,CNV-087,val,CNV,normal,OD,.tif,0.08117488026618958
CNV/87/023_Normal.tif,CNV-087,val,CNV,normal,OD,.tif,0.11127065867185593
CNV/87/024_Normal.tif,CNV-087,test,CNV,normal,OD,.tif,0.08593698590993881
CNV/87/025_Normal.tif,CNV-087,test,CNV,normal,OD,.tif,0.0847083181142807
CNV/87/026_Normal.tif,CNV-087,val,CNV,normal,OD,.tif,0.09045889973640442
CNV/87/027_Normal.tif,CNV-087,test,CNV,normal,OD,.tif,0.083705373108387
CNV/87/028_Normal.tif,CNV-087,test,CNV,normal,OD,.tif,0.09264737367630005
CNV/87/029_Normal.tif,CNV-087,test,CNV,normal,OD,.tif,0.12188846617937088
CNV/87/030_Normal.tif,CNV-087,test,CNV,normal,OD,.tif,0.14847546815872192
CNV/88/000_Drusen.jpg,CNV-088,test,CNV,drusen,OD,.jpg,0.18737632036209106
CNV/88/001_Drusen.jpg,CNV-088,test,CNV,drusen,OD,.jpg,0.14499400556087494
CNV/88/002_Drusen.jpg,CNV-088,test,CNV,drusen,OD,.jpg,0.17345911264419556
CNV/88/003_Drusen.jpg,CNV-088,test,CNV,drusen,OD,.jpg,0.16883346438407898
CNV/88/004_CNV.jpg,CNV-088,test,CNV,cnv,OD,.jpg,0.19415128231048584
CNV/88/005_CNV.jpg,CNV-088,val,CNV,cnv,OD,.jpg,0.19555558264255524
CNV/88/006_CNV.jpg,CNV-088,test,CNV,cnv,OD,.jpg,0.185315802693367
CNV/88/007_CNV.jpg,CNV-088,test,CNV,cnv,OD,.jpg,0.2362535446882248
CNV/88/008_CNV.jpg,CNV-088,test,CNV,cnv,OD,.jpg,0.23291504383087158
CNV/88/009_CNV.jpg,CNV-088,val,CNV,cnv,OD,.jpg,0.23375210165977478
CNV/88/010_CNV.jpg,CNV-088,val,CNV,cnv,OD,.jpg,0.29585081338882446
CNV/88/011_CNV.jpg,CNV-088,test,CNV,cnv,OD,.jpg,0.25318998098373413
CNV/88/012_CNV.jpg,CNV-088,test,CNV,cnv,OD,.jpg,0.3711894154548645
CNV/88/013_CNV.jpg,CNV-088,test,CNV,cnv,OD,.jpg,0.2888542413711548
CNV/88/014_CNV.jpg,CNV-088,val,CNV,cnv,OD,.jpg,0.3693361282348633
CNV/88/015_CNV.jpg,CNV-088,test,CNV,cnv,OD,.jpg,0.4253988564014435
CNV/88/016_CNV.jpg,CNV-088,test,CNV,cnv,OD,.jpg,0.2704319357872009
CNV/88/017_CNV.jpg,CNV-088,val,CNV,cnv,OD,.jpg,0.19970908761024475
CNV/88/018_CNV.jpg,CNV-088,test,CNV,cnv,OD,.jpg,0.1885487139225006
CNV/88/019_CNV.jpg,CNV-088,val,CNV,cnv,OD,.jpg,0.2061634063720703
CNV/88/020_CNV.jpg,CNV-088,test,CNV,cnv,OD,.jpg,0.20119337737560272
CNV/88/021_Drusen.jpg,CNV-088,val,CNV,drusen,OD,.jpg,0.16882038116455078
CNV/88/022_Drusen.jpg,CNV-088,test,CNV,drusen,OD,.jpg,0.17467978596687317
CNV/88/023_Drusen.jpg,CNV-088,val,CNV,drusen,OD,.jpg,0.183882474899292
CNV/88/024_Drusen.jpg,CNV-088,test,CNV,drusen,OD,.jpg,0.15078824758529663
CNV/89/000_Drusen.tif,CNV-089,val,CNV,drusen,OD,.tif,0.13879656791687012
CNV/89/001_Drusen.tif,CNV-089,test,CNV,drusen,OD,.tif,0.13846395909786224
CNV/89/002_Drusen.tif,CNV-089,test,CNV,drusen,OD,.tif,0.12576046586036682
CNV/89/003_Drusen.tif,CNV-089,test,CNV,drusen,OD,.tif,0.11138810217380524
CNV/89/004_Drusen.tif,CNV-089,test,CNV,drusen,OD,.tif,0.1424415409564972
CNV/89/005_Drusen.tif,CNV-089,test,CNV,drusen,OD,.tif,0.1424563080072403
CNV/89/006_Drusen.tif,CNV-089,test,CNV,drusen,OD,.tif,0.16531729698181152
CNV/89/007_Drusen.tif,CNV-089,test,CNV,drusen,OD,.tif,0.19999034702777863
CNV/89/008_Drusen.tif,CNV-089,test,CNV,drusen,OD,.tif,0.20078837871551514
CNV/89/009_CNV.tif,CNV-089,test,CNV,cnv,OD,.tif,0.1519312560558319
CNV/89/010_CNV.tif,CNV-089,val,CNV,cnv,OD,.tif,0.17089489102363586
CNV/89/011_CNV.tif,CNV-089,test,CNV,cnv,OD,.tif,0.17645440995693207
CNV/89/012_CNV.tif,CNV-089,test,CNV,cnv,OD,.tif,0.247537299990654
CNV/89/013_CNV.tif,CNV-089,val,CNV,cnv,OD,.tif,0.24455559253692627
CNV/89/014_CNV.tif,CNV-089,val,CNV,cnv,OD,.tif,0.25761333107948303
CNV/89/015_CNV.tif,CNV-089,val,CNV,cnv,OD,.tif,0.2871781587600708
CNV/89/016_CNV.tif,CNV-089,test,CNV,cnv,OD,.tif,0.23624639213085175
CNV/89/017_CNV.tif,CNV-089,test,CNV,cnv,OD,.tif,0.24295200407505035
CNV/89/018_CNV.tif,CNV-089,test,CNV,cnv,OD,.tif,0.2204076647758484
CNV/89/019_CNV.tif,CNV-089,val,CNV,cnv,OD,.tif,0.16898688673973083
CNV/89/020_CNV.tif,CNV-089,test,CNV,cnv,OD,.tif,0.13204871118068695
CNV/89/021_CNV.tif,CNV-089,test,CNV,cnv,OD,.tif,0.18966998159885406
CNV/89/022_CNV.tif,CNV-089,test,CNV,cnv,OD,.tif,0.1926650106906891
CNV/89/023_Drusen.tif,CNV-089,test,CNV,drusen,OD,.tif,0.13744130730628967
CNV/89/024_Drusen.tif,CNV-089,test,CNV,drusen,OD,.tif,0.11956781148910522
CNV/89/025_Drusen.tif,CNV-089,test,CNV,drusen,OD,.tif,0.14136046171188354
CNV/89/026_Drusen.tif,CNV-089,val,CNV,drusen,OD,.tif,0.14705917239189148
CNV/89/027_Drusen.tif,CNV-089,test,CNV,drusen,OD,.tif,0.09770243614912033
CNV/89/028_Drusen.tif,CNV-089,test,CNV,drusen,OD,.tif,0.10927320271730423
CNV/89/029_Drusen.tif,CNV-089,test,CNV,drusen,OD,.tif,0.115400530397892
CNV/89/030_Drusen.tif,CNV-089,test,CNV,drusen,OD,.tif,0.12806536257266998
CNV/90/000_Normal.tif,CNV-090,val,CNV,normal,OS,.tif,0.20170044898986816
CNV/90/001_Normal.tif,CNV-090,test,CNV,normal,OS,.tif,0.20909897983074188
CNV/90/002_CNV.tif,CNV-090,val,CNV,cnv,OS,.tif,0.20660123229026794
CNV/90/003_CNV.tif,CNV-090,test,CNV,cnv,OS,.tif,0.22752729058265686
CNV/90/004_CNV.tif,CNV-090,test,CNV,cnv,OS,.tif,0.27848708629608154
CNV/90/005_CNV.tif,CNV-090,val,CNV,cnv,OS,.tif,0.2749820351600647
CNV/90/006_CNV.tif,CNV-090,test,CNV,cnv,OS,.tif,0.2526055574417114
CNV/90/007_CNV.tif,CNV-090,test,CNV,cnv,OS,.tif,0.25501400232315063
CNV/90/008_CNV.tif,CNV-090,test,CNV,cnv,OS,.tif,0.2647816836833954
CNV/90/009_CNV.tif,CNV-090,val,CNV,cnv,OS,.tif,0.2628185749053955
CNV/90/010_CNV.tif,CNV-090,val,CNV,cnv,OS,.tif,0.258151650428772
CNV/90/011_CNV.tif,CNV-090,test,CNV,cnv,OS,.tif,0.2750062942504883
CNV/90/012_CNV.tif,CNV-090,test,CNV,cnv,OS,.tif,0.26191186904907227
CNV/90/013_CNV.tif,CNV-090,val,CNV,cnv,OS,.tif,0.2649788558483124
CNV/90/014_CNV.tif,CNV-090,test,CNV,cnv,OS,.tif,0.2415895015001297
CNV/90/015_CNV.tif,CNV-090,test,CNV,cnv,OS,.tif,0.2904433608055115
CNV/90/016_CNV.tif,CNV-090,test,CNV,cnv,OS,.tif,0.2622097134590149
CNV/90/017_CNV.tif,CNV-090,test,CNV,cnv,OS,.tif,0.28658533096313477
CNV/90/018_CNV.tif,CNV-090,test,CNV,cnv,OS,.tif,0.3232142925262451
CNV/90/019_CNV.tif,CNV-090,test,CNV,cnv,OS,.tif,0.3048461675643921
CNV/90/020_CNV.tif,CNV-090,val,CNV,cnv,OS,.tif,0.30553942918777466
CNV/90/021_CNV.tif,CNV-090,val,CNV,cnv,OS,.tif,0.22841981053352356
CNV/90/022_Drusen.tif,CNV-090,val,CNV,drusen,OS,.tif,0.20471534132957458
CNV/90/023_Drusen.tif,CNV-090,test,CNV,drusen,OS,.tif,0.13516338169574738
CNV/90/024_Drusen.tif,CNV-090,test,CNV,drusen,OS,.tif,0.13618573546409607
CNV/90/025_Drusen.tif,CNV-090,val,CNV,drusen,OS,.tif,0.1373857706785202
CNV/90/026_Normal.tif,CNV-090,val,CNV,normal,OS,.tif,0.1445072889328003
CNV/90/027_Normal.tif,CNV-090,val,CNV,normal,OS,.tif,0.14969605207443237
CNV/90/028_Normal.tif,CNV-090,test,CNV,normal,OS,.tif,0.18001030385494232
CNV/90/029_Normal.tif,CNV-090,val,CNV,normal,OS,.tif,0.1636698842048645
CNV/90/030_Normal.tif,CNV-090,test,CNV,normal,OS,.tif,0.18600189685821533
CNV/91/000_Normal.tif,CNV-091,val,CNV,normal,OS,.tif,0.2440948188304901
CNV/91/001_Normal.tif,CNV-091,test,CNV,normal,OS,.tif,0.23320966958999634
CNV/91/002_Normal.tif,CNV-091,val,CNV,normal,OS,.tif,0.26898300647735596
CNV/91/003_Normal.tif,CNV-091,test,CNV,normal,OS,.tif,0.2650933563709259
CNV/91/004_Normal.tif,CNV-091,val,CNV,normal,OS,.tif,0.29933327436447144
CNV/91/005_Normal.tif,CNV-091,test,CNV,normal,OS,.tif,0.2806504964828491
CNV/91/006_Normal.tif,CNV-091,test,CNV,normal,OS,.tif,0.3419414162635803
CNV/91/007_Drusen.tif,CNV-091,val,CNV,drusen,OS,.tif,0.3490428328514099
CNV/91/008_Drusen.tif,CNV-091,test,CNV,drusen,OS,.tif,0.3532712459564209
CNV/91/009_CNV.tif,CNV-091,test,CNV,cnv,OS,.tif,0.2573944628238678
CNV/91/010_CNV.tif,CNV-091,val,CNV,cnv,OS,.tif,0.2795230448246002
CNV/91/011_CNV.tif,CNV-091,test,CNV,cnv,OS,.tif,0.35901159048080444
CNV/91/012_CNV.tif,CNV-091,test,CNV,cnv,OS,.tif,0.3601629137992859
CNV/91/013_CNV.tif,CNV-091,test,CNV,cnv,OS,.tif,0.3455415368080139
CNV/91/014_CNV.tif,CNV-091,test,CNV,cnv,OS,.tif,0.32615697383880615
CNV/91/015_CNV.tif,CNV-091,test,CNV,cnv,OS,.tif,0.36055096983909607
CNV/91/016_CNV.tif,CNV-091,val,CNV,cnv,OS,.tif,0.333076149225235
CNV/91/017_CNV.tif,CNV-091,val,CNV,cnv,OS,.tif,0.3845403790473938
CNV/91/018_CNV.tif,CNV-091,val,CNV,cnv,OS,.tif,0.3852590024471283
CNV/91/019_CNV.tif,CNV-091,val,CNV,cnv,OS,.tif,0.4008624851703644
CNV/91/020_CNV.tif,CNV-091,val,CNV,cnv,OS,.tif,0.35246342420578003
CNV/91/021_CNV.tif,CNV-091,test,CNV,cnv,OS,.tif,0.3203847408294678
CNV/91/022_CNV.tif,CNV-091,test,CNV,cnv,OS,.tif,0.2485787272453308
CNV/91/023_CNV.tif,CNV-091,test,CNV,cnv,OS,.tif,0.21522818505764008
CNV/91/024_CNV.tif,CNV-091,test,CNV,cnv,OS,.tif,0.22295810282230377
CNV/91/025_CNV.tif,CNV-091,test,CNV,cnv,OS,.tif,0.22531306743621826
CNV/91/026_CNV.tif,CNV-091,val,CNV,cnv,OS,.tif,0.21569164097309113
CNV/91/027_Drusen.tif,CNV-091,test,CNV,drusen,OS,.tif,0.1465405374765396
CNV/91/028_Drusen.tif,CNV-091,test,CNV,drusen,OS,.tif,0.14017736911773682
CNV/91/029_Drusen.tif,CNV-091,test,CNV,drusen,OS,.tif,0.15226298570632935
CNV/91/030_Drusen.tif,CNV-091,val,CNV,drusen,OS,.tif,0.14124083518981934
CNV/92/000_Normal.tif,CNV-092,test,CNV,normal,OS,.tif,0.16836069524288177
CNV/92/001_Normal.tif,CNV-092,test,CNV,normal,OS,.tif,0.17731842398643494
CNV/92/002_Normal.tif,CNV-092,test,CNV,normal,OS,.tif,0.19404737651348114
CNV/92/003_Normal.tif,CNV-092,test,CNV,normal,OS,.tif,0.17943617701530457
CNV/92/004_CNV.tif,CNV-092,test,CNV,cnv,OS,.tif,0.18109160661697388
CNV/92/005_CNV.tif,CNV-092,val,CNV,cnv,OS,.tif,0.20775556564331055
CNV/92/006_CNV.tif,CNV-092,test,CNV,cnv,OS,.tif,0.15561333298683167
CNV/92/007_CNV.tif,CNV-092,val,CNV,cnv,OS,.tif,0.1768202781677246
CNV/92/008_CNV.tif,CNV-092,val,CNV,cnv,OS,.tif,0.22766715288162231
CNV/92/009_CNV.tif,CNV-092,test,CNV,cnv,OS,.tif,0.2831389009952545
CNV/92/010_CNV.tif,CNV-092,test,CNV,cnv,OS,.tif,0.2801051735877991
CNV/92/011_CNV.tif,CNV-092,val,CNV,cnv,OS,.tif,0.2821282148361206
CNV/92/012_CNV.tif,CNV-092,test,CNV,cnv,OS,.tif,0.2803778648376465
CNV/92/013_CNV.tif,CNV-092,test,CNV,cnv,OS,.tif,0.27653414011001587
CNV/92/014_CNV.tif,CNV-092,test,CNV,cnv,OS,.tif,0.24063150584697723
CNV/92/015_CNV.tif,CNV-092,test,CNV,cnv,OS,.tif,0.2586638927459717
CNV/92/016_CNV.tif,CNV-092,val,CNV,cnv,OS,.tif,0.22808516025543213
CNV/92/017_CNV.tif,CNV-092,test,CNV,cnv,OS,.tif,0.2446722835302353
CNV/92/018_CNV.tif,CNV-092,test,CNV,cnv,OS,.tif,0.19229091703891754
CNV/92/019_CNV.tif,CNV-092,test,CNV,cnv,OS,.tif,0.215690016746521
CNV/92/020_CNV.tif,CNV-092,test,CNV,cnv,OS,.tif,0.11865262687206268
CNV/92/021_CNV.tif,CNV-092,test,CNV,cnv,OS,.tif,0.13889285922050476
CNV/92/022_Drusen.tif,CNV-092,val,CNV,drusen,OS,.tif,0.12193937599658966
CNV/92/023_Drusen.tif,CNV-092,val,CNV,drusen,OS,.tif,0.1311679184436798
CNV/92/024_Normal.tif,CNV-092,test,CNV,normal,OS,.tif,0.114646777510643
CNV/92/025_Normal.tif,CNV-092,test,CNV,normal,OS,.tif,0.12970465421676636
CNV/92/026_Normal.tif,CNV-092,test,CNV,normal,OS,.tif,0.15653946995735168
CNV/92/027_Normal.tif,CNV-092,test,CNV,normal,OS,.tif,0.1142151951789856
CNV/92/028_Normal.tif,CNV-092,test,CNV,normal,OS,.tif,0.10467451810836792
CNV/92/029_Normal.tif,CNV-092,val,CNV,normal,OS,.tif,0.11511317640542984
CNV/92/030_Normal.tif,CNV-092,test,CNV,normal,OS,.tif,0.11496524512767792
CNV/93/000_CNV.jpg,CNV-093,test,CNV,cnv,OS,.jpg,0.16273315250873566
CNV/93/001_CNV.jpg,CNV-093,test,CNV,cnv,OS,.jpg,0.20045043528079987
CNV/93/002_CNV.jpg,CNV-093,val,CNV,cnv,OS,.jpg,0.1937282681465149
CNV/93/003_CNV.jpg,CNV-093,val,CNV,cnv,OS,.jpg,0.18475934863090515
CNV/93/004_CNV.jpg,CNV-093,val,CNV,cnv,OS,.jpg,0.1824239194393158
CNV/93/005_CNV.jpg,CNV-093,val,CNV,cnv,OS,.jpg,0.2336934208869934
CNV/93/006_CNV.jpg,CNV-093,test,CNV,cnv,OS,.jpg,0.22344505786895752
CNV/93/007_CNV.jpg,CNV-093,val,CNV,cnv,OS,.jpg,0.20500868558883667
CNV/93/008_CNV.jpg,CNV-093,test,CNV,cnv,OS,.jpg,0.19514963030815125
CNV/93/009_CNV.jpg,CNV-093,val,CNV,cnv,OS,.jpg,0.24395042657852173
CNV/93/010_CNV.jpg,CNV-093,val,CNV,cnv,OS,.jpg,0.22770005464553833
CNV/93/011_CNV.jpg,CNV-093,test,CNV,cnv,OS,.jpg,0.23214402794837952
CNV/93/012_CNV.jpg,CNV-093,test,CNV,cnv,OS,.jpg,0.252613365650177
CNV/93/013_CNV.jpg,CNV-093,val,CNV,cnv,OS,.jpg,0.294585645198822
CNV/93/014_CNV.jpg,CNV-093,test,CNV,cnv,OS,.jpg,0.3326493203639984
CNV/93/015_CNV.jpg,CNV-093,val,CNV,cnv,OS,.jpg,0.2834084630012512
CNV/93/016_CNV.jpg,CNV-093,test,CNV,cnv,OS,.jpg,0.31889858841896057
CNV/93/017_CNV.jpg,CNV-093,test,CNV,cnv,OS,.jpg,0.189016193151474
CNV/93/018_CNV.jpg,CNV-093,val,CNV,cnv,OS,.jpg,0.18549972772598267
CNV/93/019_CNV.jpg,CNV-093,val,CNV,cnv,OS,.jpg,0.20835711061954498
CNV/93/020_CNV.jpg,CNV-093,test,CNV,cnv,OS,.jpg,0.19123128056526184
CNV/93/021_Normal.jpg,CNV-093,test,CNV,normal,OS,.jpg,0.1686076819896698
CNV/93/022_Normal.jpg,CNV-093,val,CNV,normal,OS,.jpg,0.16277241706848145
CNV/93/023_Normal.jpg,CNV-093,test,CNV,normal,OS,.jpg,0.1727595031261444
CNV/93/024_Normal.jpg,CNV-093,test,CNV,normal,OS,.jpg,0.16373206675052643
CNV/94/000_Normal.tif,CNV-094,test,CNV,normal,OD,.tif,0.14258050918579102
CNV/94/001_Normal.tif,CNV-094,val,CNV,normal,OD,.tif,0.16043002903461456
CNV/94/002_Normal.tif,CNV-094,test,CNV,normal,OD,.tif,0.10133899003267288
CNV/94/003_Normal.tif,CNV-094,test,CNV,normal,OD,.tif,0.09496533125638962
CNV/94/004_Normal.tif,CNV-094,test,CNV,normal,OD,.tif,0.11356792598962784
CNV/94/005_Normal.tif,CNV-094,test,CNV,normal,OD,.tif,0.13906744122505188
CNV/94/006_Normal.tif,CNV-094,test,CNV,normal,OD,.tif,0.1338592767715454
CNV/94/007_Drusen.tif,CNV-094,val,CNV,drusen,OD,.tif,0.13372379541397095
CNV/94/008_Drusen.tif,CNV-094,test,CNV,drusen,OD,.tif,0.13254046440124512
CNV/94/009_Drusen.tif,CNV-094,test,CNV,drusen,OD,.tif,0.19418112933635712
CNV/94/010_Drusen.tif,CNV-094,test,CNV,drusen,OD,.tif,0.21507471799850464
CNV/94/011_Drusen.tif,CNV-094,val,CNV,drusen,OD,.tif,0.18969739973545074
CNV/94/012_Drusen.tif,CNV-094,val,CNV,drusen,OD,.tif,0.16236966848373413
CNV/94/013_Drusen.tif,CNV-094,test,CNV,drusen,OD,.tif,0.2165638953447342
CNV/94/014_Drusen.tif,CNV-094,test,CNV,drusen,OD,.tif,0.3044673204421997
CNV/94/015_CNV.tif,CNV-094,val,CNV,cnv,OD,.tif,0.314147412776947
CNV/94/016_CNV.tif,CNV-094,test,CNV,cnv,OD,.tif,0.24688422679901123
CNV/94/017_Drusen.tif,CNV-094,test,CNV,drusen,OD,.tif,0.2770979702472687
CNV/94/018_Drusen.tif,CNV-094,val,CNV,drusen,OD,.tif,0.1899864226579666
CNV/94/019_Drusen.tif,CNV-094,test,CNV,drusen,OD,.tif,0.15939992666244507
CNV/94/020_Drusen.tif,CNV-094,test,CNV,drusen,OD,.tif,0.15230301022529602
CNV/94/021_Drusen.tif,CNV-094,test,CNV,drusen,OD,.tif,0.14901530742645264
CNV/94/022_Drusen.tif,CNV-094,test,CNV,drusen,OD,.tif,0.12568745017051697
CNV/94/023_Drusen.tif,CNV-094,test,CNV,drusen,OD,.tif,0.09978032112121582
CNV/94/024_Drusen.tif,CNV-094,test,CNV,drusen,OD,.tif,0.10949932038784027
CNV/94/025_Drusen.tif,CNV-094,test,CNV,drusen,OD,.tif,0.1033381000161171
CNV/94/026_Drusen.tif,CNV-094,test,CNV,drusen,OD,.tif,0.0938267707824707
CNV/94/027_Drusen.tif,CNV-094,test,CNV,drusen,OD,.tif,0.09194434434175491
CNV/94/028_Normal.tif,CNV-094,val,CNV,normal,OD,.tif,0.1425379067659378
CNV/94/029_Normal.tif,CNV-094,val,CNV,normal,OD,.tif,0.15269605815410614
CNV/94/030_Normal.tif,CNV-094,val,CNV,normal,OD,.tif,0.19136996567249298
CNV/95/000_CNV.tif,CNV-095,test,CNV,cnv,OS,.tif,0.27635490894317627
CNV/95/001_CNV.tif,CNV-095,val,CNV,cnv,OS,.tif,0.27360522747039795
CNV/95/002_CNV.tif,CNV-095,test,CNV,cnv,OS,.tif,0.25741180777549744
CNV/95/003_CNV.tif,CNV-095,test,CNV,cnv,OS,.tif,0.2394600212574005
CNV/95/004_CNV.tif,CNV-095,val,CNV,cnv,OS,.tif,0.2659916281700134
CNV/95/005_CNV.tif,CNV-095,test,CNV,cnv,OS,.tif,0.20385558903217316
CNV/95/006_CNV.tif,CNV-095,test,CNV,cnv,OS,.tif,0.2107679545879364
CNV/95/007_CNV.tif,CNV-095,test,CNV,cnv,OS,.tif,0.2604122459888458
CNV/95/008_CNV.tif,CNV-095,test,CNV,cnv,OS,.tif,0.2653246223926544
CNV/95/009_CNV.tif,CNV-095,test,CNV,cnv,OS,.tif,0.2627987861633301
CNV/95/010_CNV.tif,CNV-095,val,CNV,cnv,OS,.tif,0.2973807454109192
CNV/95/011_CNV.tif,CNV-095,test,CNV,cnv,OS,.tif,0.3141530454158783
CNV/95/012_CNV.tif,CNV-095,test,CNV,cnv,OS,.tif,0.3604474663734436
CNV/95/013_CNV.tif,CNV-095,val,CNV,cnv,OS,.tif,0.30737805366516113
CNV/95/014_CNV.tif,CNV-095,test,CNV,cnv,OS,.tif,0.299960732460022
CNV/95/015_CNV.tif,CNV-095,val,CNV,cnv,OS,.tif,0.330582857131958
CNV/95/016_CNV.tif,CNV-095,test,CNV,cnv,OS,.tif,0.2595647871494293
CNV/95/017_CNV.tif,CNV-095,test,CNV,cnv,OS,.tif,0.29777711629867554
CNV/95/018_CNV.tif,CNV-095,test,CNV,cnv,OS,.tif,0.222993403673172
CNV/95/019_CNV.tif,CNV-095,val,CNV,cnv,OS,.tif,0.2826154828071594
CNV/95/020_CNV.tif,CNV-095,val,CNV,cnv,OS,.tif,0.31225326657295227
CNV/95/021_CNV.tif,CNV-095,test,CNV,cnv,OS,.tif,0.2874274253845215
CNV/95/022_CNV.tif,CNV-095,val,CNV,cnv,OS,.tif,0.29034799337387085
CNV/95/023_CNV.tif,CNV-095,val,CNV,cnv,OS,.tif,0.30412721633911133
CNV/95/024_CNV.tif,CNV-095,test,CNV,cnv,OS,.tif,0.31648093461990356
CNV/96/OD/000_Normal.tif,CNV-096,val,CNV,normal,OD,.tif,0.171758770942688
CNV/96/OD/001_Normal.tif,CNV-096,test,CNV,normal,OD,.tif,0.2074732929468155
CNV/96/OD/002_Normal.tif,CNV-096,test,CNV,normal,OD,.tif,0.1779787838459015
CNV/96/OD/003_Normal.tif,CNV-096,test,CNV,normal,OD,.tif,0.19350889325141907
CNV/96/OD/004_Normal.tif,CNV-096,test,CNV,normal,OD,.tif,0.24232760071754456
CNV/96/OD/005_CNV.tif,CNV-096,test,CNV,cnv,OD,.tif,0.2818956971168518
CNV/96/OD/006_CNV.tif,CNV-096,test,CNV,cnv,OD,.tif,0.2064414769411087
CNV/96/OD/007_CNV.tif,CNV-096,test,CNV,cnv,OD,.tif,0.2006077766418457
CNV/96/OD/008_CNV.tif,CNV-096,test,CNV,cnv,OD,.tif,0.2245367467403412
CNV/96/OD/009_CNV.tif,CNV-096,test,CNV,cnv,OD,.tif,0.25418946146965027
CNV/96/OD/010_CNV.tif,CNV-096,test,CNV,cnv,OD,.tif,0.2538238763809204
CNV/96/OD/011_CNV.tif,CNV-096,test,CNV,cnv,OD,.tif,0.25643399357795715
CNV/96/OD/012_CNV.tif,CNV-096,test,CNV,cnv,OD,.tif,0.32964807748794556
CNV/96/OD/013_CNV.tif,CNV-096,test,CNV,cnv,OD,.tif,0.2831922173500061
CNV/96/OD/014_CNV.tif,CNV-096,test,CNV,cnv,OD,.tif,0.3041568994522095
CNV/96/OD/015_CNV.tif,CNV-096,test,CNV,cnv,OD,.tif,0.3177393972873688
CNV/96/OD/016_CNV.tif,CNV-096,val,CNV,cnv,OD,.tif,0.33107200264930725
CNV/96/OD/017_CNV.tif,CNV-096,test,CNV,cnv,OD,.tif,0.3150683045387268
CNV/96/OD/018_CNV.tif,CNV-096,val,CNV,cnv,OD,.tif,0.27974003553390503
CNV/96/OD/019_CNV.tif,CNV-096,val,CNV,cnv,OD,.tif,0.27384549379348755
CNV/96/OD/020_CNV.tif,CNV-096,test,CNV,cnv,OD,.tif,0.2325260043144226
CNV/96/OD/021_CNV.tif,CNV-096,test,CNV,cnv,OD,.tif,0.19691607356071472
CNV/96/OD/022_CNV.tif,CNV-096,test,CNV,cnv,OD,.tif,0.19402575492858887
CNV/96/OD/023_CNV.tif,CNV-096,test,CNV,cnv,OD,.tif,0.19167989492416382
CNV/96/OD/024_CNV.tif,CNV-096,test,CNV,cnv,OD,.tif,0.21420498192310333
CNV/96/OD/025_CNV.tif,CNV-096,val,CNV,cnv,OD,.tif,0.17871639132499695
CNV/96/OD/026_CNV.tif,CNV-096,val,CNV,cnv,OD,.tif,0.24924224615097046
CNV/96/OD/027_CNV.tif,CNV-096,val,CNV,cnv,OD,.tif,0.2345408797264099
CNV/96/OD/028_CNV.tif,CNV-096,test,CNV,cnv,OD,.tif,0.22282609343528748
CNV/96/OD/029_CNV.tif,CNV-096,val,CNV,cnv,OD,.tif,0.2051340937614441
CNV/96/OD/030_Normal.tif,CNV-096,test,CNV,normal,OD,.tif,0.14985093474388123
CNV/96/OS/000_Drusen.tif,CNV-096,test,CNV,drusen,OS,.tif,0.16580764949321747
CNV/96/OS/001_Drusen.tif,CNV-096,val,CNV,drusen,OS,.tif,0.16892245411872864
CNV/96/OS/002_Normal.tif,CNV-096,test,CNV,normal,OS,.tif,0.20829057693481445
CNV/96/OS/003_Normal.tif,CNV-096,test,CNV,normal,OS,.tif,0.12989749014377594
CNV/96/OS/004_Normal.tif,CNV-096,test,CNV,normal,OS,.tif,0.11972477287054062
CNV/96/OS/005_Normal.tif,CNV-096,val,CNV,normal,OS,.tif,0.15119776129722595
CNV/96/OS/006_Normal.tif,CNV-096,test,CNV,normal,OS,.tif,0.15659314393997192
CNV/96/OS/007_CNV.tif,CNV-096,val,CNV,cnv,OS,.tif,0.1515706479549408
CNV/96/OS/008_CNV.tif,CNV-096,test,CNV,cnv,OS,.tif,0.17678476870059967
CNV/96/OS/009_CNV.tif,CNV-096,test,CNV,cnv,OS,.tif,0.19652795791625977
CNV/96/OS/010_CNV.tif,CNV-096,test,CNV,cnv,OS,.tif,0.25458845496177673
CNV/96/OS/011_CNV.tif,CNV-096,test,CNV,cnv,OS,.tif,0.32159939408302307
CNV/96/OS/012_CNV.tif,CNV-096,test,CNV,cnv,OS,.tif,0.2780008912086487
CNV/96/OS/013_CNV.tif,CNV-096,test,CNV,cnv,OS,.tif,0.2789652943611145
CNV/96/OS/014_CNV.tif,CNV-096,test,CNV,cnv,OS,.tif,0.2790374457836151
CNV/96/OS/015_CNV.tif,CNV-096,val,CNV,cnv,OS,.tif,0.30499953031539917
CNV/96/OS/016_CNV.tif,CNV-096,test,CNV,cnv,OS,.tif,0.2888442873954773
CNV/96/OS/017_CNV.tif,CNV-096,val,CNV,cnv,OS,.tif,0.2848885655403137
CNV/96/OS/018_CNV.tif,CNV-096,val,CNV,cnv,OS,.tif,0.3142029047012329
CNV/96/OS/019_CNV.tif,CNV-096,test,CNV,cnv,OS,.tif,0.32820332050323486
CNV/96/OS/020_CNV.tif,CNV-096,test,CNV,cnv,OS,.tif,0.2429986596107483
CNV/96/OS/021_CNV.tif,CNV-096,val,CNV,cnv,OS,.tif,0.21656745672225952
CNV/96/OS/022_Drusen.tif,CNV-096,val,CNV,drusen,OS,.tif,0.21692369878292084
CNV/96/OS/023_Drusen.tif,CNV-096,test,CNV,drusen,OS,.tif,0.15751665830612183
CNV/96/OS/024_Normal.tif,CNV-096,test,CNV,normal,OS,.tif,0.13138072192668915
CNV/96/OS/025_Normal.tif,CNV-096,test,CNV,normal,OS,.tif,0.1489996314048767
CNV/96/OS/026_Normal.tif,CNV-096,test,CNV,normal,OS,.tif,0.15709687769412994
CNV/96/OS/027_Normal.tif,CNV-096,test,CNV,normal,OS,.tif,0.12842202186584473
CNV/96/OS/028_Normal.tif,CNV-096,val,CNV,normal,OS,.tif,0.23890089988708496
CNV/96/OS/029_Normal.tif,CNV-096,test,CNV,normal,OS,.tif,0.15205679833889008
CNV/96/OS/030_Normal.tif,CNV-096,test,CNV,normal,OS,.tif,0.20771649479866028
CNV/97/000_CNV.tif,CNV-097,val,CNV,cnv,OS,.tif,0.19495455920696259
CNV/97/001_CNV.tif,CNV-097,test,CNV,cnv,OS,.tif,0.21153607964515686
CNV/97/002_CNV.tif,CNV-097,test,CNV,cnv,OS,.tif,0.23889970779418945
CNV/97/003_CNV.tif,CNV-097,test,CNV,cnv,OS,.tif,0.25318703055381775
CNV/97/004_CNV.tif,CNV-097,val,CNV,cnv,OS,.tif,0.22426439821720123
CNV/97/005_CNV.tif,CNV-097,test,CNV,cnv,OS,.tif,0.24539940059185028
CNV/97/006_CNV.tif,CNV-097,val,CNV,cnv,OS,.tif,0.2954196333885193
CNV/97/007_CNV.tif,CNV-097,test,CNV,cnv,OS,.tif,0.2594056725502014
CNV/97/008_CNV.tif,CNV-097,val,CNV,cnv,OS,.tif,0.32040923833847046
CNV/97/009_CNV.tif,CNV-097,test,CNV,cnv,OS,.tif,0.2849385142326355
CNV/97/010_CNV.tif,CNV-097,test,CNV,cnv,OS,.tif,0.2569858431816101
CNV/97/011_CNV.tif,CNV-097,test,CNV,cnv,OS,.tif,0.2597900331020355
CNV/97/012_CNV.tif,CNV-097,val,CNV,cnv,OS,.tif,0.30744555592536926
CNV/97/013_CNV.tif,CNV-097,test,CNV,cnv,OS,.tif,0.3178667724132538
CNV/97/014_CNV.tif,CNV-097,test,CNV,cnv,OS,.tif,0.3387381434440613
CNV/97/015_CNV.tif,CNV-097,test,CNV,cnv,OS,.tif,0.3025033473968506
CNV/97/016_CNV.tif,CNV-097,test,CNV,cnv,OS,.tif,0.3590763807296753
CNV/97/017_CNV.tif,CNV-097,test,CNV,cnv,OS,.tif,0.3962472677230835
CNV/97/018_CNV.tif,CNV-097,test,CNV,cnv,OS,.tif,0.24282512068748474
CNV/97/019_CNV.tif,CNV-097,test,CNV,cnv,OS,.tif,0.2493673413991928
CNV/97/020_CNV.tif,CNV-097,test,CNV,cnv,OS,.tif,0.2080373913049698
CNV/97/021_Drusen.tif,CNV-097,val,CNV,drusen,OS,.tif,0.1456596851348877
CNV/97/022_Drusen.tif,CNV-097,test,CNV,drusen,OS,.tif,0.1643403023481369
CNV/97/023_Drusen.tif,CNV-097,val,CNV,drusen,OS,.tif,0.2126035839319229
CNV/97/024_Drusen.tif,CNV-097,test,CNV,drusen,OS,.tif,0.168207585811615
CNV/97/025_Drusen.tif,CNV-097,test,CNV,drusen,OS,.tif,0.20878693461418152
CNV/97/026_Drusen.tif,CNV-097,val,CNV,drusen,OS,.tif,0.19010180234909058
CNV/97/027_Normal.tif,CNV-097,val,CNV,normal,OS,.tif,0.21134978532791138
CNV/97/028_Normal.tif,CNV-097,val,CNV,normal,OS,.tif,0.26774176955223083
CNV/97/029_Normal.tif,CNV-097,val,CNV,normal,OS,.tif,0.29655399918556213
CNV/97/030_Normal.tif,CNV-097,test,CNV,normal,OS,.tif,0.27800479531288147
CNV/99/000_CNV.tif,CNV-099,val,CNV,cnv,OS,.tif,0.21713519096374512
CNV/99/001_CNV.tif,CNV-099,test,CNV,cnv,OS,.tif,0.18378454446792603
CNV/99/002_CNV.tif,CNV-099,test,CNV,cnv,OS,.tif,0.20914703607559204
CNV/99/003_CNV.tif,CNV-099,test,CNV,cnv,OS,.tif,0.19042974710464478
CNV/99/004_CNV.tif,CNV-099,test,CNV,cnv,OS,.tif,0.19567376375198364
CNV/99/005_CNV.tif,CNV-099,val,CNV,cnv,OS,.tif,0.1746481955051422
CNV/99/006_CNV.tif,CNV-099,test,CNV,cnv,OS,.tif,0.18620088696479797
CNV/99/007_CNV.tif,CNV-099,test,CNV,cnv,OS,.tif,0.20337814092636108
CNV/99/008_CNV.tif,CNV-099,test,CNV,cnv,OS,.tif,0.2367233783006668
CNV/99/009_CNV.tif,CNV-099,val,CNV,cnv,OS,.tif,0.221614271402359
CNV/99/010_CNV.tif,CNV-099,test,CNV,cnv,OS,.tif,0.2693513035774231
CNV/99/011_CNV.tif,CNV-099,test,CNV,cnv,OS,.tif,0.2991288900375366
CNV/99/012_CNV.tif,CNV-099,test,CNV,cnv,OS,.tif,0.3337211608886719
CNV/99/013_CNV.tif,CNV-099,test,CNV,cnv,OS,.tif,0.32300156354904175
CNV/99/014_CNV.tif,CNV-099,val,CNV,cnv,OS,.tif,0.3513687252998352
CNV/99/015_CNV.tif,CNV-099,test,CNV,cnv,OS,.tif,0.32299867272377014
CNV/99/016_CNV.tif,CNV-099,test,CNV,cnv,OS,.tif,0.2922320067882538
CNV/99/017_CNV.tif,CNV-099,val,CNV,cnv,OS,.tif,0.32919245958328247
CNV/99/018_CNV.tif,CNV-099,test,CNV,cnv,OS,.tif,0.2543000876903534
CNV/99/019_CNV.tif,CNV-099,val,CNV,cnv,OS,.tif,0.19265970587730408
CNV/99/020_CNV.tif,CNV-099,test,CNV,cnv,OS,.tif,0.13221630454063416
CNV/99/021_CNV.tif,CNV-099,test,CNV,cnv,OS,.tif,0.11710523068904877
CNV/99/022_CNV.tif,CNV-099,test,CNV,cnv,OS,.tif,0.12520426511764526
CNV/99/023_CNV.tif,CNV-099,test,CNV,cnv,OS,.tif,0.1266850233078003
CNV/99/024_CNV.tif,CNV-099,test,CNV,cnv,OS,.tif,0.11479739844799042
CNV/99/025_CNV.tif,CNV-099,test,CNV,cnv,OS,.tif,0.14478981494903564
CNV/99/026_Drusen.tif,CNV-099,test,CNV,drusen,OS,.tif,0.12924283742904663
CNV/99/027_Normal.tif,CNV-099,val,CNV,normal,OS,.tif,0.11547891795635223
CNV/99/028_Normal.tif,CNV-099,val,CNV,normal,OS,.tif,0.16829124093055725
CNV/99/029_Normal.tif,CNV-099,test,CNV,normal,OS,.tif,0.14754167199134827
CNV/99/030_Normal.tif,CNV-099,val,CNV,normal,OS,.tif,0.15490059554576874
CNV/100/000_Normal.tif,CNV-100,val,CNV,normal,OD,.tif,0.2931503653526306
CNV/100/001_Normal.tif,CNV-100,test,CNV,normal,OD,.tif,0.18987004458904266
CNV/100/002_Normal.tif,CNV-100,test,CNV,normal,OD,.tif,0.2786044776439667
CNV/100/003_Normal.tif,CNV-100,test,CNV,normal,OD,.tif,0.2070588767528534
CNV/100/004_Normal.tif,CNV-100,val,CNV,normal,OD,.tif,0.19345001876354218
CNV/100/005_Normal.tif,CNV-100,test,CNV,normal,OD,.tif,0.15563121438026428
CNV/100/006_Normal.tif,CNV-100,test,CNV,normal,OD,.tif,0.17545264959335327
CNV/100/007_Normal.tif,CNV-100,val,CNV,normal,OD,.tif,0.3389522135257721
CNV/100/008_Normal.tif,CNV-100,test,CNV,normal,OD,.tif,0.31961923837661743
CNV/100/009_CNV.tif,CNV-100,test,CNV,cnv,OD,.tif,0.2790459394454956
CNV/100/010_CNV.tif,CNV-100,test,CNV,cnv,OD,.tif,0.28254684805870056
CNV/100/011_CNV.tif,CNV-100,test,CNV,cnv,OD,.tif,0.27582722902297974
CNV/100/012_CNV.tif,CNV-100,test,CNV,cnv,OD,.tif,0.28684550523757935
CNV/100/013_CNV.tif,CNV-100,val,CNV,cnv,OD,.tif,0.3361864686012268
CNV/100/014_CNV.tif,CNV-100,test,CNV,cnv,OD,.tif,0.33342429995536804
CNV/100/015_CNV.tif,CNV-100,val,CNV,cnv,OD,.tif,0.32806986570358276
CNV/100/016_CNV.tif,CNV-100,test,CNV,cnv,OD,.tif,0.29373449087142944
CNV/100/017_CNV.tif,CNV-100,test,CNV,cnv,OD,.tif,0.2555818259716034
CNV/100/018_CNV.tif,CNV-100,test,CNV,cnv,OD,.tif,0.26408177614212036
CNV/100/019_CNV.tif,CNV-100,test,CNV,cnv,OD,.tif,0.2446306347846985
CNV/100/020_CNV.tif,CNV-100,val,CNV,cnv,OD,.tif,0.28981491923332214
CNV/100/021_CNV.tif,CNV-100,val,CNV,cnv,OD,.tif,0.3363681435585022
CNV/100/022_Drusen.tif,CNV-100,val,CNV,drusen,OD,.tif,0.3360220193862915
CNV/100/023_Drusen.tif,CNV-100,test,CNV,drusen,OD,.tif,0.2789260149002075
CNV/100/024_Drusen.tif,CNV-100,test,CNV,drusen,OD,.tif,0.2090127170085907
CNV/100/025_Drusen.tif,CNV-100,test,CNV,drusen,OD,.tif,0.19828343391418457
CNV/100/026_Drusen.tif,CNV-100,test,CNV,drusen,OD,.tif,0.15757590532302856
CNV/100/027_Normal.tif,CNV-100,test,CNV,normal,OD,.tif,0.2204805314540863
CNV/100/028_Normal.tif,CNV-100,test,CNV,normal,OD,.tif,0.20784081518650055
CNV/100/029_Normal.tif,CNV-100,test,CNV,normal,OD,.tif,0.1635567843914032
CNV/100/030_Normal.tif,CNV-100,test,CNV,normal,OD,.tif,0.20050057768821716
CNV/101/OD/000_CNV.tif,CNV-101,val,CNV,cnv,OD,.tif,0.2250770926475525
CNV/101/OD/001_CNV.tif,CNV-101,test,CNV,cnv,OD,.tif,0.2695044279098511
CNV/101/OD/002_CNV.tif,CNV-101,test,CNV,cnv,OD,.tif,0.1949203610420227
CNV/101/OD/003_CNV.tif,CNV-101,val,CNV,cnv,OD,.tif,0.1666930615901947
CNV/101/OD/004_CNV.tif,CNV-101,test,CNV,cnv,OD,.tif,0.18024426698684692
CNV/101/OD/005_CNV.tif,CNV-101,test,CNV,cnv,OD,.tif,0.18281155824661255
CNV/101/OD/006_CNV.tif,CNV-101,val,CNV,cnv,OD,.tif,0.164513498544693
CNV/101/OD/007_CNV.tif,CNV-101,val,CNV,cnv,OD,.tif,0.13787049055099487
CNV/101/OD/008_CNV.tif,CNV-101,val,CNV,cnv,OD,.tif,0.15043704211711884
CNV/101/OD/009_CNV.tif,CNV-101,test,CNV,cnv,OD,.tif,0.1380786895751953
CNV/101/OD/010_CNV.tif,CNV-101,val,CNV,cnv,OD,.tif,0.1761196106672287
CNV/101/OD/011_CNV.tif,CNV-101,test,CNV,cnv,OD,.tif,0.16243663430213928
CNV/101/OD/012_CNV.tif,CNV-101,val,CNV,cnv,OD,.tif,0.22173413634300232
CNV/101/OD/013_CNV.tif,CNV-101,test,CNV,cnv,OD,.tif,0.21888768672943115
CNV/101/OD/014_CNV.tif,CNV-101,test,CNV,cnv,OD,.tif,0.23703506588935852
CNV/101/OD/015_CNV.tif,CNV-101,test,CNV,cnv,OD,.tif,0.27444708347320557
CNV/101/OD/016_CNV.tif,CNV-101,test,CNV,cnv,OD,.tif,0.26751476526260376
CNV/101/OD/017_CNV.tif,CNV-101,test,CNV,cnv,OD,.tif,0.3944573402404785
CNV/101/OD/018_CNV.tif,CNV-101,test,CNV,cnv,OD,.tif,0.24935562908649445
CNV/101/OD/019_CNV.tif,CNV-101,test,CNV,cnv,OD,.tif,0.19855280220508575
CNV/101/OD/020_CNV.tif,CNV-101,test,CNV,cnv,OD,.tif,0.14242392778396606
CNV/101/OD/021_CNV.tif,CNV-101,test,CNV,cnv,OD,.tif,0.11436447501182556
CNV/101/OD/022_CNV.tif,CNV-101,test,CNV,cnv,OD,.tif,0.1134200394153595
CNV/101/OD/023_Drusen.tif,CNV-101,test,CNV,drusen,OD,.tif,0.12835460901260376
CNV/101/OD/024_Drusen.tif,CNV-101,val,CNV,drusen,OD,.tif,0.10465049743652344
CNV/101/OD/025_Drusen.tif,CNV-101,test,CNV,drusen,OD,.tif,0.10873300582170486
CNV/101/OD/026_Normal.tif,CNV-101,val,CNV,normal,OD,.tif,0.13839036226272583
CNV/101/OD/027_Normal.tif,CNV-101,val,CNV,normal,OD,.tif,0.12215808033943176
CNV/101/OD/028_Normal.tif,CNV-101,test,CNV,normal,OD,.tif,0.11873835325241089
CNV/101/OD/029_Normal.tif,CNV-101,test,CNV,normal,OD,.tif,0.14732715487480164
CNV/101/OD/030_Normal.tif,CNV-101,test,CNV,normal,OD,.tif,0.13419818878173828
CNV/101/OS/000_Normal.tif,CNV-101,test,CNV,normal,OS,.tif,0.18914279341697693
CNV/101/OS/001_Normal.tif,CNV-101,val,CNV,normal,OS,.tif,0.20665141940116882
CNV/101/OS/002_Normal.tif,CNV-101,test,CNV,normal,OS,.tif,0.23976005613803864
CNV/101/OS/003_Normal.tif,CNV-101,test,CNV,normal,OS,.tif,0.16417506337165833
CNV/101/OS/004_Normal.tif,CNV-101,val,CNV,normal,OS,.tif,0.24337057769298553
CNV/101/OS/005_CNV.tif,CNV-101,test,CNV,cnv,OS,.tif,0.2106049656867981
CNV/101/OS/006_CNV.tif,CNV-101,val,CNV,cnv,OS,.tif,0.16186155378818512
CNV/101/OS/007_CNV.tif,CNV-101,test,CNV,cnv,OS,.tif,0.17124301195144653
CNV/101/OS/008_CNV.tif,CNV-101,val,CNV,cnv,OS,.tif,0.17744849622249603
CNV/101/OS/009_CNV.tif,CNV-101,val,CNV,cnv,OS,.tif,0.1446886658668518
CNV/101/OS/010_CNV.tif,CNV-101,test,CNV,cnv,OS,.tif,0.2381298691034317
CNV/101/OS/011_CNV.tif,CNV-101,test,CNV,cnv,OS,.tif,0.23066593706607819
CNV/101/OS/012_CNV.tif,CNV-101,val,CNV,cnv,OS,.tif,0.2871466875076294
CNV/101/OS/013_CNV.tif,CNV-101,val,CNV,cnv,OS,.tif,0.26978856325149536
CNV/101/OS/014_CNV.tif,CNV-101,test,CNV,cnv,OS,.tif,0.25380900502204895
CNV/101/OS/015_CNV.tif,CNV-101,test,CNV,cnv,OS,.tif,0.240573912858963
CNV/101/OS/016_CNV.tif,CNV-101,test,CNV,cnv,OS,.tif,0.20796507596969604
CNV/101/OS/017_CNV.tif,CNV-101,val,CNV,cnv,OS,.tif,0.16956663131713867
CNV/101/OS/018_Drusen.tif,CNV-101,val,CNV,drusen,OS,.tif,0.17745590209960938
CNV/101/OS/019_Drusen.tif,CNV-101,val,CNV,drusen,OS,.tif,0.17752277851104736
CNV/101/OS/020_Drusen.tif,CNV-101,test,CNV,drusen,OS,.tif,0.1492527574300766
CNV/101/OS/021_Normal.tif,CNV-101,test,CNV,normal,OS,.tif,0.18868842720985413
CNV/101/OS/022_Normal.tif,CNV-101,test,CNV,normal,OS,.tif,0.21525605022907257
CNV/101/OS/023_Normal.tif,CNV-101,test,CNV,normal,OS,.tif,0.15433292090892792
CNV/101/OS/024_Normal.tif,CNV-101,val,CNV,normal,OS,.tif,0.1542724072933197
CNV/101/OS/025_Drusen.tif,CNV-101,test,CNV,drusen,OS,.tif,0.13701191544532776
CNV/101/OS/026_Normal.tif,CNV-101,test,CNV,normal,OS,.tif,0.17085129022598267
CNV/101/OS/027_Normal.tif,CNV-101,val,CNV,normal,OS,.tif,0.21513265371322632
CNV/101/OS/028_Normal.tif,CNV-101,val,CNV,normal,OS,.tif,0.14376196265220642
CNV/101/OS/029_Normal.tif,CNV-101,test,CNV,normal,OS,.tif,0.18549776077270508
CNV/101/OS/030_Normal.tif,CNV-101,val,CNV,normal,OS,.tif,0.1570541262626648
CNV/102/000_Drusen.tif,CNV-102,test,CNV,drusen,OS,.tif,0.15619345009326935
CNV/102/001_Drusen.tif,CNV-102,test,CNV,drusen,OS,.tif,0.16940957307815552
CNV/102/002_Drusen.tif,CNV-102,val,CNV,drusen,OS,.tif,0.15342319011688232
CNV/102/003_Drusen.tif,CNV-102,val,CNV,drusen,OS,.tif,0.1968875229358673
CNV/102/004_Drusen.tif,CNV-102,val,CNV,drusen,OS,.tif,0.1342243254184723
CNV/102/005_Drusen.tif,CNV-102,test,CNV,drusen,OS,.tif,0.14554724097251892
CNV/102/006_CNV.tif,CNV-102,test,CNV,cnv,OS,.tif,0.14048539102077484
CNV/102/007_CNV.tif,CNV-102,test,CNV,cnv,OS,.tif,0.19659733772277832
CNV/102/008_CNV.tif,CNV-102,test,CNV,cnv,OS,.tif,0.2584649622440338
CNV/102/009_CNV.tif,CNV-102,test,CNV,cnv,OS,.tif,0.3094034194946289
CNV/102/010_CNV.tif,CNV-102,test,CNV,cnv,OS,.tif,0.31678342819213867
CNV/102/011_CNV.tif,CNV-102,test,CNV,cnv,OS,.tif,0.3175387382507324
CNV/102/012_CNV.tif,CNV-102,test,CNV,cnv,OS,.tif,0.3445139229297638
CNV/102/013_CNV.tif,CNV-102,test,CNV,cnv,OS,.tif,0.2992340922355652
CNV/102/014_CNV.tif,CNV-102,test,CNV,cnv,OS,.tif,0.3407929539680481
CNV/102/015_CNV.tif,CNV-102,test,CNV,cnv,OS,.tif,0.36334383487701416
CNV/102/016_CNV.tif,CNV-102,test,CNV,cnv,OS,.tif,0.3103110194206238
CNV/102/017_Drusen.tif,CNV-102,val,CNV,drusen,OS,.tif,0.2410142421722412
CNV/102/018_Drusen.tif,CNV-102,test,CNV,drusen,OS,.tif,0.27773478627204895
CNV/102/019_Drusen.tif,CNV-102,test,CNV,drusen,OS,.tif,0.2299426794052124
CNV/102/020_Drusen.tif,CNV-102,val,CNV,drusen,OS,.tif,0.15887799859046936
CNV/102/021_Drusen.tif,CNV-102,val,CNV,drusen,OS,.tif,0.12689945101737976
CNV/102/022_Drusen.tif,CNV-102,val,CNV,drusen,OS,.tif,0.1401546597480774
CNV/102/023_Drusen.tif,CNV-102,test,CNV,drusen,OS,.tif,0.16368678212165833
CNV/102/024_Drusen.tif,CNV-102,test,CNV,drusen,OS,.tif,0.1191948801279068
CNV/102/025_Drusen.tif,CNV-102,val,CNV,drusen,OS,.tif,0.11558109521865845
CNV/102/026_Drusen.tif,CNV-102,test,CNV,drusen,OS,.tif,0.14875462651252747
CNV/102/027_Drusen.tif,CNV-102,val,CNV,drusen,OS,.tif,0.14278586208820343
CNV/102/028_Drusen.tif,CNV-102,test,CNV,drusen,OS,.tif,0.13031916320323944
CNV/102/029_Drusen.tif,CNV-102,test,CNV,drusen,OS,.tif,0.1625593602657318
CNV/102/030_Drusen.tif,CNV-102,test,CNV,drusen,OS,.tif,0.14426344633102417
CNV/104/000_Normal.tif,CNV-104,val,CNV,normal,OD,.tif,0.17046508193016052
CNV/104/001_Normal.tif,CNV-104,test,CNV,normal,OD,.tif,0.13609403371810913
CNV/104/002_Normal.tif,CNV-104,test,CNV,normal,OD,.tif,0.1013256311416626
CNV/104/003_Drusen.tif,CNV-104,test,CNV,drusen,OD,.tif,0.152115136384964
CNV/104/004_Drusen.tif,CNV-104,val,CNV,drusen,OD,.tif,0.1133376806974411
CNV/104/005_Drusen.tif,CNV-104,test,CNV,drusen,OD,.tif,0.11581384390592575
CNV/104/006_Drusen.tif,CNV-104,val,CNV,drusen,OD,.tif,0.14413103461265564
CNV/104/007_Drusen.tif,CNV-104,test,CNV,drusen,OD,.tif,0.17140692472457886
CNV/104/008_Drusen.tif,CNV-104,test,CNV,drusen,OD,.tif,0.18343624472618103
CNV/104/009_Drusen.tif,CNV-104,test,CNV,drusen,OD,.tif,0.1854936182498932
CNV/104/010_CNV.tif,CNV-104,test,CNV,cnv,OD,.tif,0.1753622442483902
CNV/104/011_CNV.tif,CNV-104,test,CNV,cnv,OD,.tif,0.2039664089679718
CNV/104/012_CNV.tif,CNV-104,val,CNV,cnv,OD,.tif,0.22775258123874664
CNV/104/013_CNV.tif,CNV-104,val,CNV,cnv,OD,.tif,0.301959753036499
CNV/104/014_CNV.tif,CNV-104,test,CNV,cnv,OD,.tif,0.2957924008369446
CNV/104/015_CNV.tif,CNV-104,test,CNV,cnv,OD,.tif,0.33283087611198425
CNV/104/016_CNV.tif,CNV-104,test,CNV,cnv,OD,.tif,0.3486454486846924
CNV/104/017_CNV.tif,CNV-104,test,CNV,cnv,OD,.tif,0.38337385654449463
CNV/104/018_CNV.tif,CNV-104,test,CNV,cnv,OD,.tif,0.3816247582435608
CNV/104/019_CNV.tif,CNV-104,val,CNV,cnv,OD,.tif,0.3656110167503357
CNV/104/020_CNV.tif,CNV-104,test,CNV,cnv,OD,.tif,0.4256862998008728
CNV/104/021_CNV.tif,CNV-104,test,CNV,cnv,OD,.tif,0.4136287569999695
CNV/104/022_CNV.tif,CNV-104,test,CNV,cnv,OD,.tif,0.3406590223312378
CNV/104/023_CNV.tif,CNV-104,test,CNV,cnv,OD,.tif,0.3673725128173828
CNV/104/024_CNV.tif,CNV-104,val,CNV,cnv,OD,.tif,0.2804219126701355
CNV/104/025_CNV.tif,CNV-104,test,CNV,cnv,OD,.tif,0.251421183347702
CNV/104/026_CNV.tif,CNV-104,test,CNV,cnv,OD,.tif,0.2072562873363495
CNV/104/027_Drusen.tif,CNV-104,test,CNV,drusen,OD,.tif,0.16047590970993042
CNV/104/028_Drusen.tif,CNV-104,test,CNV,drusen,OD,.tif,0.08991192281246185
CNV/104/029_Drusen.tif,CNV-104,test,CNV,drusen,OD,.tif,0.12563563883304596
CNV/104/030_Drusen.tif,CNV-104,test,CNV,drusen,OD,.tif,0.13027089834213257
CNV/105/000_CNV.tif,CNV-105,val,CNV,cnv,OD,.tif,0.24348820745944977
CNV/105/001_CNV.tif,CNV-105,test,CNV,cnv,OD,.tif,0.2562771439552307
CNV/105/002_CNV.tif,CNV-105,val,CNV,cnv,OD,.tif,0.20631518959999084
CNV/105/003_CNV.tif,CNV-105,test,CNV,cnv,OD,.tif,0.21341252326965332
CNV/105/004_CNV.tif,CNV-105,test,CNV,cnv,OD,.tif,0.23809164762496948
CNV/105/005_CNV.tif,CNV-105,val,CNV,cnv,OD,.tif,0.22113829851150513
CNV/105/006_CNV.tif,CNV-105,val,CNV,cnv,OD,.tif,0.21735648810863495
CNV/105/007_CNV.tif,CNV-105,test,CNV,cnv,OD,.tif,0.21650004386901855
CNV/105/008_CNV.tif,CNV-105,test,CNV,cnv,OD,.tif,0.24867495894432068
CNV/105/009_CNV.tif,CNV-105,test,CNV,cnv,OD,.tif,0.28091949224472046
CNV/105/010_CNV.tif,CNV-105,val,CNV,cnv,OD,.tif,0.30878567695617676
CNV/105/011_CNV.tif,CNV-105,val,CNV,cnv,OD,.tif,0.31829410791397095
CNV/105/012_CNV.tif,CNV-105,test,CNV,cnv,OD,.tif,0.4279116988182068
CNV/105/013_CNV.tif,CNV-105,test,CNV,cnv,OD,.tif,0.3697829246520996
CNV/105/014_CNV.tif,CNV-105,test,CNV,cnv,OD,.tif,0.3339073657989502
CNV/105/015_CNV.tif,CNV-105,test,CNV,cnv,OD,.tif,0.3435502052307129
CNV/105/016_CNV.tif,CNV-105,test,CNV,cnv,OD,.tif,0.37733975052833557
CNV/105/017_CNV.tif,CNV-105,test,CNV,cnv,OD,.tif,0.43151944875717163
CNV/105/018_CNV.tif,CNV-105,test,CNV,cnv,OD,.tif,0.3058220148086548
CNV/105/019_CNV.tif,CNV-105,test,CNV,cnv,OD,.tif,0.24757865071296692
CNV/105/020_CNV.tif,CNV-105,test,CNV,cnv,OD,.tif,0.2200070023536682
CNV/105/021_CNV.tif,CNV-105,test,CNV,cnv,OD,.tif,0.14674009382724762
CNV/105/022_CNV.tif,CNV-105,val,CNV,cnv,OD,.tif,0.1422835886478424
CNV/105/023_CNV.tif,CNV-105,val,CNV,cnv,OD,.tif,0.1218714565038681
CNV/105/024_Normal.tif,CNV-105,test,CNV,normal,OD,.tif,0.131569504737854
CNV/105/025_Normal.tif,CNV-105,test,CNV,normal,OD,.tif,0.13686758279800415
CNV/105/026_Normal.tif,CNV-105,val,CNV,normal,OD,.tif,0.12170973420143127
CNV/105/027_Normal.tif,CNV-105,test,CNV,normal,OD,.tif,0.12586505711078644
CNV/105/028_Normal.tif,CNV-105,test,CNV,normal,OD,.tif,0.12101565301418304
CNV/105/029_Normal.tif,CNV-105,test,CNV,normal,OD,.tif,0.1188201904296875
CNV/105/030_Normal.tif,CNV-105,val,CNV,normal,OD,.tif,0.12360385805368423
CNV/106/000_CNV.tif,CNV-106,val,CNV,cnv,OD,.tif,0.214268758893013
CNV/106/001_CNV.tif,CNV-106,val,CNV,cnv,OD,.tif,0.24654971063137054
CNV/106/002_CNV.tif,CNV-106,val,CNV,cnv,OD,.tif,0.2007606327533722
CNV/106/003_CNV.tif,CNV-106,test,CNV,cnv,OD,.tif,0.19504746794700623
CNV/106/004_CNV.tif,CNV-106,val,CNV,cnv,OD,.tif,0.21034252643585205
CNV/106/005_CNV.tif,CNV-106,val,CNV,cnv,OD,.tif,0.16411635279655457
CNV/106/006_CNV.tif,CNV-106,test,CNV,cnv,OD,.tif,0.16541220247745514
CNV/106/007_CNV.tif,CNV-106,val,CNV,cnv,OD,.tif,0.18720683455467224
CNV/106/008_CNV.tif,CNV-106,val,CNV,cnv,OD,.tif,0.29615074396133423
CNV/106/009_CNV.tif,CNV-106,test,CNV,cnv,OD,.tif,0.28989875316619873
CNV/106/010_CNV.tif,CNV-106,test,CNV,cnv,OD,.tif,0.2329074740409851
CNV/106/011_CNV.tif,CNV-106,test,CNV,cnv,OD,.tif,0.3000968098640442
CNV/106/012_CNV.tif,CNV-106,val,CNV,cnv,OD,.tif,0.3648030757904053
CNV/106/013_CNV.tif,CNV-106,test,CNV,cnv,OD,.tif,0.42461222410202026
CNV/106/014_CNV.tif,CNV-106,test,CNV,cnv,OD,.tif,0.3656904697418213
CNV/106/015_CNV.tif,CNV-106,test,CNV,cnv,OD,.tif,0.36458903551101685
CNV/106/016_CNV.tif,CNV-106,val,CNV,cnv,OD,.tif,0.3431472182273865
CNV/106/017_CNV.tif,CNV-106,test,CNV,cnv,OD,.tif,0.33691173791885376
CNV/106/018_CNV.tif,CNV-106,test,CNV,cnv,OD,.tif,0.3288934528827667
CNV/106/019_CNV.tif,CNV-106,test,CNV,cnv,OD,.tif,0.395365834236145
CNV/106/020_CNV.tif,CNV-106,test,CNV,cnv,OD,.tif,0.32243168354034424
CNV/106/021_CNV.tif,CNV-106,test,CNV,cnv,OD,.tif,0.2487524449825287
CNV/106/022_CNV.tif,CNV-106,test,CNV,cnv,OD,.tif,0.22684073448181152
CNV/106/023_CNV.tif,CNV-106,test,CNV,cnv,OD,.tif,0.16658329963684082
CNV/106/024_CNV.tif,CNV-106,test,CNV,cnv,OD,.tif,0.4206998944282532
CNV/106/025_CNV.tif,CNV-106,test,CNV,cnv,OD,.tif,0.19175183773040771
CNV/106/026_CNV.tif,CNV-106,test,CNV,cnv,OD,.tif,0.15979157388210297
CNV/106/027_CNV.tif,CNV-106,test,CNV,cnv,OD,.tif,0.16175982356071472
CNV/106/028_Normal.tif,CNV-106,val,CNV,normal,OD,.tif,0.1436510682106018
CNV/106/029_Normal.tif,CNV-106,val,CNV,normal,OD,.tif,0.18844328820705414
CNV/106/030_Normal.tif,CNV-106,test,CNV,normal,OD,.tif,0.14012382924556732
CNV/107/000_Drusen.tif,CNV-107,test,CNV,drusen,OD,.tif,0.1329329013824463
CNV/107/001_Drusen.tif,CNV-107,val,CNV,drusen,OD,.tif,0.12372300773859024
CNV/107/002_CNV.tif,CNV-107,test,CNV,cnv,OD,.tif,0.12541699409484863
CNV/107/003_CNV.tif,CNV-107,test,CNV,cnv,OD,.tif,0.11609317362308502
CNV/107/004_CNV.tif,CNV-107,test,CNV,cnv,OD,.tif,0.17703020572662354
CNV/107/005_CNV.tif,CNV-107,test,CNV,cnv,OD,.tif,0.2153162807226181
CNV/107/006_CNV.tif,CNV-107,val,CNV,cnv,OD,.tif,0.35398155450820923
CNV/107/007_CNV.tif,CNV-107,test,CNV,cnv,OD,.tif,0.2695160508155823
CNV/107/008_CNV.tif,CNV-107,test,CNV,cnv,OD,.tif,0.3044049143791199
CNV/107/009_CNV.tif,CNV-107,test,CNV,cnv,OD,.tif,0.19549722969532013
CNV/107/010_CNV.tif,CNV-107,val,CNV,cnv,OD,.tif,0.2528809905052185
CNV/107/011_CNV.tif,CNV-107,test,CNV,cnv,OD,.tif,0.2550068199634552
CNV/107/012_CNV.tif,CNV-107,test,CNV,cnv,OD,.tif,0.28154313564300537
CNV/107/013_CNV.tif,CNV-107,test,CNV,cnv,OD,.tif,0.3550654649734497
CNV/107/014_CNV.tif,CNV-107,test,CNV,cnv,OD,.tif,0.3370323181152344
CNV/107/015_CNV.tif,CNV-107,test,CNV,cnv,OD,.tif,0.27441322803497314
CNV/107/016_CNV.tif,CNV-107,test,CNV,cnv,OD,.tif,0.31563931703567505
CNV/107/017_CNV.tif,CNV-107,test,CNV,cnv,OD,.tif,0.2698770761489868
CNV/107/018_CNV.tif,CNV-107,test,CNV,cnv,OD,.tif,0.2513767182826996
CNV/107/019_CNV.tif,CNV-107,val,CNV,cnv,OD,.tif,0.21045666933059692
CNV/107/020_CNV.tif,CNV-107,test,CNV,cnv,OD,.tif,0.23132126033306122
CNV/107/021_CNV.tif,CNV-107,test,CNV,cnv,OD,.tif,0.20375913381576538
CNV/107/022_Drusen.tif,CNV-107,test,CNV,drusen,OD,.tif,0.15501296520233154
CNV/107/023_Drusen.tif,CNV-107,test,CNV,drusen,OD,.tif,0.13670268654823303
CNV/107/024_Drusen.tif,CNV-107,val,CNV,drusen,OD,.tif,0.12436574697494507
CNV/107/025_Drusen.tif,CNV-107,val,CNV,drusen,OD,.tif,0.12551349401474
CNV/107/026_Drusen.tif,CNV-107,val,CNV,drusen,OD,.tif,0.1383811980485916
CNV/107/027_Drusen.tif,CNV-107,val,CNV,drusen,OD,.tif,0.13731393218040466
CNV/107/028_Drusen.tif,CNV-107,test,CNV,drusen,OD,.tif,0.10744592547416687
CNV/107/029_Drusen.tif,CNV-107,test,CNV,drusen,OD,.tif,0.11091919243335724
CNV/107/030_Drusen.tif,CNV-107,val,CNV,drusen,OD,.tif,0.13187190890312195
CNV/108/000_Drusen.tif,CNV-108,val,CNV,drusen,OD,.tif,0.2034265249967575
CNV/108/001_Drusen.tif,CNV-108,test,CNV,drusen,OD,.tif,0.1741003394126892
CNV/108/002_Drusen.tif,CNV-108,test,CNV,drusen,OD,.tif,0.18092802166938782
CNV/108/003_Drusen.tif,CNV-108,test,CNV,drusen,OD,.tif,0.17617350816726685
CNV/108/004_Drusen.tif,CNV-108,test,CNV,drusen,OD,.tif,0.23809710144996643
CNV/108/005_Drusen.tif,CNV-108,val,CNV,drusen,OD,.tif,0.20405906438827515
CNV/108/006_CNV.tif,CNV-108,val,CNV,cnv,OD,.tif,0.26404494047164917
CNV/108/007_CNV.tif,CNV-108,test,CNV,cnv,OD,.tif,0.29908862709999084
CNV/108/008_CNV.tif,CNV-108,test,CNV,cnv,OD,.tif,0.33304059505462646
CNV/108/009_CNV.tif,CNV-108,test,CNV,cnv,OD,.tif,0.33771762251853943
CNV/108/010_CNV.tif,CNV-108,val,CNV,cnv,OD,.tif,0.3385433256626129
CNV/108/011_CNV.tif,CNV-108,test,CNV,cnv,OD,.tif,0.3896392583847046
CNV/108/012_CNV.tif,CNV-108,test,CNV,cnv,OD,.tif,0.31732815504074097
CNV/108/013_CNV.tif,CNV-108,val,CNV,cnv,OD,.tif,0.39129436016082764
CNV/108/014_CNV.tif,CNV-108,test,CNV,cnv,OD,.tif,0.40051260590553284
CNV/108/015_CNV.tif,CNV-108,val,CNV,cnv,OD,.tif,0.40724289417266846
CNV/108/016_CNV.tif,CNV-108,test,CNV,cnv,OD,.tif,0.3640982508659363
CNV/108/017_CNV.tif,CNV-108,test,CNV,cnv,OD,.tif,0.3444196581840515
CNV/108/018_CNV.tif,CNV-108,test,CNV,cnv,OD,.tif,0.33053579926490784
CNV/108/019_CNV.tif,CNV-108,test,CNV,cnv,OD,.tif,0.41595757007598877
CNV/108/020_CNV.tif,CNV-108,val,CNV,cnv,OD,.tif,0.3381202518939972
CNV/108/021_CNV.tif,CNV-108,test,CNV,cnv,OD,.tif,0.3288590610027313
CNV/108/022_CNV.tif,CNV-108,test,CNV,cnv,OD,.tif,0.3174746334552765
CNV/108/023_Drusen.tif,CNV-108,test,CNV,drusen,OD,.tif,0.2454916387796402
CNV/108/024_Drusen.tif,CNV-108,val,CNV,drusen,OD,.tif,0.19246038794517517
CNV/108/025_Drusen.tif,CNV-108,test,CNV,drusen,OD,.tif,0.2113286256790161
CNV/108/026_Drusen.tif,CNV-108,test,CNV,drusen,OD,.tif,0.19987016916275024
CNV/108/027_Drusen.tif,CNV-108,test,CNV,drusen,OD,.tif,0.16491439938545227
CNV/108/028_Drusen.tif,CNV-108,test,CNV,drusen,OD,.tif,0.20449815690517426
CNV/108/029_Drusen.tif,CNV-108,test,CNV,drusen,OD,.tif,0.2458335906267166
CNV/108/030_Drusen.tif,CNV-108,test,CNV,drusen,OD,.tif,0.23003317415714264
CNV/109/000_Drusen.tif,CNV-109,test,CNV,drusen,OS,.tif,0.14203837513923645
CNV/109/001_Drusen.tif,CNV-109,test,CNV,drusen,OS,.tif,0.12826162576675415
CNV/109/002_Normal.tif,CNV-109,val,CNV,normal,OS,.tif,0.1639842987060547
CNV/109/003_Drusen.tif,CNV-109,test,CNV,drusen,OS,.tif,0.1524142026901245
CNV/109/004_Drusen.tif,CNV-109,test,CNV,drusen,OS,.tif,0.1074078157544136
CNV/109/005_Drusen.tif,CNV-109,test,CNV,drusen,OS,.tif,0.1343284249305725
CNV/109/006_Drusen.tif,CNV-109,test,CNV,drusen,OS,.tif,0.1609869748353958
CNV/109/007_Drusen.tif,CNV-109,test,CNV,drusen,OS,.tif,0.20318475365638733
CNV/109/008_Drusen.tif,CNV-109,test,CNV,drusen,OS,.tif,0.264186829328537
CNV/109/009_Drusen.tif,CNV-109,val,CNV,drusen,OS,.tif,0.32643258571624756
CNV/109/010_CNV.tif,CNV-109,val,CNV,cnv,OS,.tif,0.2542937397956848
CNV/109/011_CNV.tif,CNV-109,val,CNV,cnv,OS,.tif,0.25009685754776
CNV/109/012_CNV.tif,CNV-109,val,CNV,cnv,OS,.tif,0.1955183744430542
CNV/109/013_CNV.tif,CNV-109,test,CNV,cnv,OS,.tif,0.21494944393634796
CNV/109/014_CNV.tif,CNV-109,test,CNV,cnv,OS,.tif,0.2282189130783081
CNV/109/015_Drusen.tif,CNV-109,val,CNV,drusen,OS,.tif,0.25262248516082764
CNV/109/016_Drusen.tif,CNV-109,test,CNV,drusen,OS,.tif,0.28499284386634827
CNV/109/017_Drusen.tif,CNV-109,test,CNV,drusen,OS,.tif,0.2937626242637634
CNV/109/018_Drusen.tif,CNV-109,test,CNV,drusen,OS,.tif,0.33223414421081543
CNV/109/019_Drusen.tif,CNV-109,test,CNV,drusen,OS,.tif,0.2849980890750885
CNV/109/020_Drusen.tif,CNV-109,test,CNV,drusen,OS,.tif,0.2521752119064331
CNV/109/021_Drusen.tif,CNV-109,val,CNV,drusen,OS,.tif,0.23693186044692993
CNV/109/022_Drusen.tif,CNV-109,test,CNV,drusen,OS,.tif,0.28785961866378784
CNV/109/023_Drusen.tif,CNV-109,test,CNV,drusen,OS,.tif,0.21652579307556152
CNV/109/024_Drusen.tif,CNV-109,test,CNV,drusen,OS,.tif,0.14560279250144958
CNV/109/025_Drusen.tif,CNV-109,test,CNV,drusen,OS,.tif,0.19387783110141754
CNV/109/026_Drusen.tif,CNV-109,test,CNV,drusen,OS,.tif,0.1712653785943985
CNV/109/027_Drusen.tif,CNV-109,test,CNV,drusen,OS,.tif,0.17096012830734253
CNV/109/028_Drusen.tif,CNV-109,test,CNV,drusen,OS,.tif,0.19880101084709167
CNV/109/029_Drusen.tif,CNV-109,test,CNV,drusen,OS,.tif,0.2028540074825287
CNV/109/030_Drusen.tif,CNV-109,test,CNV,drusen,OS,.tif,0.155038982629776
CNV/112/000_CNV.tif,CNV-112,test,CNV,cnv,OD,.tif,0.1895442008972168
CNV/112/001_CNV.tif,CNV-112,test,CNV,cnv,OD,.tif,0.16576194763183594
CNV/112/002_CNV.tif,CNV-112,test,CNV,cnv,OD,.tif,0.20565739274024963
CNV/112/003_CNV.tif,CNV-112,test,CNV,cnv,OD,.tif,0.20437145233154297
CNV/112/004_CNV.tif,CNV-112,val,CNV,cnv,OD,.tif,0.23966416716575623
CNV/112/005_CNV.tif,CNV-112,val,CNV,cnv,OD,.tif,0.18272410333156586
CNV/112/006_CNV.tif,CNV-112,val,CNV,cnv,OD,.tif,0.2058805227279663
CNV/112/007_CNV.tif,CNV-112,val,CNV,cnv,OD,.tif,0.2107977569103241
CNV/112/008_CNV.tif,CNV-112,test,CNV,cnv,OD,.tif,0.25457024574279785
CNV/112/009_CNV.tif,CNV-112,test,CNV,cnv,OD,.tif,0.24648256599903107
CNV/112/010_CNV.tif,CNV-112,val,CNV,cnv,OD,.tif,0.27973711490631104
CNV/112/011_CNV.tif,CNV-112,val,CNV,cnv,OD,.tif,0.274800181388855
CNV/112/012_CNV.tif,CNV-112,test,CNV,cnv,OD,.tif,0.2816098928451538
CNV/112/013_CNV.tif,CNV-112,test,CNV,cnv,OD,.tif,0.2683032751083374
CNV/112/014_CNV.tif,CNV-112,test,CNV,cnv,OD,.tif,0.27678123116493225
CNV/112/015_CNV.tif,CNV-112,test,CNV,cnv,OD,.tif,0.27799129486083984
CNV/112/016_CNV.tif,CNV-112,test,CNV,cnv,OD,.tif,0.2383347451686859
CNV/112/017_CNV.tif,CNV-112,test,CNV,cnv,OD,.tif,0.2712929844856262
CNV/112/018_CNV.tif,CNV-112,val,CNV,cnv,OD,.tif,0.2642935514450073
CNV/112/019_CNV.tif,CNV-112,test,CNV,cnv,OD,.tif,0.2308761328458786
CNV/112/020_CNV.tif,CNV-112,test,CNV,cnv,OD,.tif,0.22006532549858093
CNV/112/021_CNV.tif,CNV-112,val,CNV,cnv,OD,.tif,0.2342672049999237
CNV/112/022_Drusen.tif,CNV-112,val,CNV,drusen,OD,.tif,0.20121487975120544
CNV/112/023_Drusen.tif,CNV-112,test,CNV,drusen,OD,.tif,0.20049536228179932
CNV/112/024_Drusen.tif,CNV-112,val,CNV,drusen,OD,.tif,0.17122036218643188
CNV/113/000_Drusen.tif,CNV-113,val,CNV,drusen,OS,.tif,0.19043311476707458
CNV/113/001_Drusen.tif,CNV-113,test,CNV,drusen,OS,.tif,0.2044525146484375
CNV/113/002_Drusen.tif,CNV-113,test,CNV,drusen,OS,.tif,0.18407580256462097
CNV/113/003_Drusen.tif,CNV-113,test,CNV,drusen,OS,.tif,0.2507140040397644
CNV/113/004_Drusen.tif,CNV-113,test,CNV,drusen,OS,.tif,0.1590287685394287
CNV/113/005_Drusen.tif,CNV-113,test,CNV,drusen,OS,.tif,0.13082662224769592
CNV/113/006_Drusen.tif,CNV-113,test,CNV,drusen,OS,.tif,0.12309233844280243
CNV/113/007_Drusen.tif,CNV-113,val,CNV,drusen,OS,.tif,0.1403123140335083
CNV/113/008_Drusen.tif,CNV-113,test,CNV,drusen,OS,.tif,0.17154376208782196
CNV/113/009_Drusen.tif,CNV-113,test,CNV,drusen,OS,.tif,0.1835280805826187
CNV/113/010_Drusen.tif,CNV-113,test,CNV,drusen,OS,.tif,0.15886783599853516
CNV/113/011_Drusen.tif,CNV-113,test,CNV,drusen,OS,.tif,0.1854270100593567
CNV/113/012_Drusen.tif,CNV-113,val,CNV,drusen,OS,.tif,0.2401081919670105
CNV/113/013_CNV.tif,CNV-113,test,CNV,cnv,OS,.tif,0.2604553699493408
CNV/113/014_CNV.tif,CNV-113,val,CNV,cnv,OS,.tif,0.34635037183761597
CNV/113/015_CNV.tif,CNV-113,val,CNV,cnv,OS,.tif,0.33816272020339966
CNV/113/016_CNV.tif,CNV-113,val,CNV,cnv,OS,.tif,0.35025498270988464
CNV/113/017_CNV.tif,CNV-113,val,CNV,cnv,OS,.tif,0.2955692410469055
CNV/113/018_CNV.tif,CNV-113,test,CNV,cnv,OS,.tif,0.30000874400138855
CNV/113/019_Drusen.tif,CNV-113,test,CNV,drusen,OS,.tif,0.2869040071964264
CNV/113/020_Drusen.tif,CNV-113,test,CNV,drusen,OS,.tif,0.18030871450901031
CNV/113/021_Drusen.tif,CNV-113,test,CNV,drusen,OS,.tif,0.1650208830833435
CNV/113/022_Drusen.tif,CNV-113,test,CNV,drusen,OS,.tif,0.1818704456090927
CNV/113/023_Drusen.tif,CNV-113,test,CNV,drusen,OS,.tif,0.15355409681797028
CNV/113/024_Drusen.tif,CNV-113,test,CNV,drusen,OS,.tif,0.19359230995178223
CNV/113/025_Drusen.tif,CNV-113,test,CNV,drusen,OS,.tif,0.14194297790527344
CNV/113/026_Drusen.tif,CNV-113,test,CNV,drusen,OS,.tif,0.19171945750713348
CNV/113/027_Drusen.tif,CNV-113,test,CNV,drusen,OS,.tif,0.16219668090343475
CNV/113/028_Drusen.tif,CNV-113,test,CNV,drusen,OS,.tif,0.16408514976501465
CNV/113/029_Drusen.tif,CNV-113,test,CNV,drusen,OS,.tif,0.15889813005924225
CNV/113/030_Drusen.tif,CNV-113,test,CNV,drusen,OS,.tif,0.1369350254535675
CNV/115/000_Normal.tif,CNV-115,test,CNV,normal,OD,.tif,0.12730607390403748
CNV/115/001_Normal.tif,CNV-115,test,CNV,normal,OD,.tif,0.13302463293075562
CNV/115/002_Normal.tif,CNV-115,test,CNV,normal,OD,.tif,0.1433657556772232
CNV/115/003_Normal.tif,CNV-115,test,CNV,normal,OD,.tif,0.14945568144321442
CNV/115/004_Normal.tif,CNV-115,val,CNV,normal,OD,.tif,0.1638389229774475
CNV/115/005_Normal.tif,CNV-115,val,CNV,normal,OD,.tif,0.23038600385189056
CNV/115/006_Normal.tif,CNV-115,val,CNV,normal,OD,.tif,0.19562079012393951
CNV/115/007_Normal.tif,CNV-115,test,CNV,normal,OD,.tif,0.1566670686006546
CNV/115/008_Normal.tif,CNV-115,val,CNV,normal,OD,.tif,0.1741867959499359
CNV/115/009_Normal.tif,CNV-115,test,CNV,normal,OD,.tif,0.1500856578350067
CNV/115/010_Normal.tif,CNV-115,test,CNV,normal,OD,.tif,0.1574019491672516
CNV/115/011_Normal.tif,CNV-115,test,CNV,normal,OD,.tif,0.15000693500041962
CNV/115/012_CNV.tif,CNV-115,val,CNV,cnv,OD,.tif,0.16756795346736908
CNV/115/013_CNV.tif,CNV-115,test,CNV,cnv,OD,.tif,0.20082221925258636
CNV/115/014_CNV.tif,CNV-115,val,CNV,cnv,OD,.tif,0.2321130633354187
CNV/115/015_CNV.tif,CNV-115,val,CNV,cnv,OD,.tif,0.23539064824581146
CNV/115/016_CNV.tif,CNV-115,test,CNV,cnv,OD,.tif,0.2607869505882263
CNV/115/017_CNV.tif,CNV-115,test,CNV,cnv,OD,.tif,0.26713526248931885
CNV/115/018_CNV.tif,CNV-115,val,CNV,cnv,OD,.tif,0.2772216200828552
CNV/115/019_CNV.tif,CNV-115,test,CNV,cnv,OD,.tif,0.22763478755950928
CNV/115/020_Normal.tif,CNV-115,test,CNV,normal,OD,.tif,0.1739961802959442
CNV/115/021_Normal.tif,CNV-115,test,CNV,normal,OD,.tif,0.21889875829219818
CNV/115/022_Normal.tif,CNV-115,test,CNV,normal,OD,.tif,0.1708981692790985
CNV/115/023_Normal.tif,CNV-115,test,CNV,normal,OD,.tif,0.2211264669895172
CNV/115/024_Normal.tif,CNV-115,test,CNV,normal,OD,.tif,0.15039877593517303
CNV/115/025_Normal.tif,CNV-115,val,CNV,normal,OD,.tif,0.2034355103969574
CNV/115/026_Normal.tif,CNV-115,val,CNV,normal,OD,.tif,0.21533989906311035
CNV/115/027_Normal.tif,CNV-115,test,CNV,normal,OD,.tif,0.22191673517227173
CNV/115/028_Normal.tif,CNV-115,test,CNV,normal,OD,.tif,0.21760743856430054
CNV/115/029_Drusen.tif,CNV-115,test,CNV,drusen,OD,.tif,0.21078509092330933
CNV/115/030_Normal.tif,CNV-115,test,CNV,normal,OD,.tif,0.2314080148935318
CNV/116/000_Drusen.tif,CNV-116,test,CNV,drusen,OD,.tif,0.1393185704946518
CNV/116/001_Drusen.tif,CNV-116,test,CNV,drusen,OD,.tif,0.13938109576702118
CNV/116/002_Drusen.tif,CNV-116,test,CNV,drusen,OD,.tif,0.16498886048793793
CNV/116/003_Drusen.tif,CNV-116,test,CNV,drusen,OD,.tif,0.13778632879257202
CNV/116/004_Drusen.tif,CNV-116,test,CNV,drusen,OD,.tif,0.14833784103393555
CNV/116/005_CNV.tif,CNV-116,test,CNV,cnv,OD,.tif,0.17278292775154114
CNV/116/006_CNV.tif,CNV-116,test,CNV,cnv,OD,.tif,0.20432156324386597
CNV/116/007_CNV.tif,CNV-116,test,CNV,cnv,OD,.tif,0.20229271054267883
CNV/116/008_CNV.tif,CNV-116,val,CNV,cnv,OD,.tif,0.19995999336242676
CNV/116/009_CNV.tif,CNV-116,test,CNV,cnv,OD,.tif,0.22113533318042755
CNV/116/010_CNV.tif,CNV-116,test,CNV,cnv,OD,.tif,0.2239762544631958
CNV/116/011_CNV.tif,CNV-116,test,CNV,cnv,OD,.tif,0.21372181177139282
CNV/116/012_CNV.tif,CNV-116,test,CNV,cnv,OD,.tif,0.24091953039169312
CNV/116/013_CNV.tif,CNV-116,val,CNV,cnv,OD,.tif,0.24478177726268768
CNV/116/014_CNV.tif,CNV-116,test,CNV,cnv,OD,.tif,0.3337235748767853
CNV/116/015_CNV.tif,CNV-116,test,CNV,cnv,OD,.tif,0.327064573764801
CNV/116/016_CNV.tif,CNV-116,test,CNV,cnv,OD,.tif,0.27546530961990356
CNV/116/017_CNV.tif,CNV-116,test,CNV,cnv,OD,.tif,0.27209216356277466
CNV/116/018_CNV.tif,CNV-116,val,CNV,cnv,OD,.tif,0.24583861231803894
CNV/116/019_CNV.tif,CNV-116,test,CNV,cnv,OD,.tif,0.3027121424674988
CNV/116/020_CNV.tif,CNV-116,test,CNV,cnv,OD,.tif,0.2041812241077423
CNV/116/021_CNV.tif,CNV-116,test,CNV,cnv,OD,.tif,0.1657533049583435
CNV/116/022_CNV.tif,CNV-116,val,CNV,cnv,OD,.tif,0.16822056472301483
CNV/116/023_CNV.tif,CNV-116,val,CNV,cnv,OD,.tif,0.17903342843055725
CNV/116/024_Drusen.tif,CNV-116,val,CNV,drusen,OD,.tif,0.12944529950618744
CNV/116/025_Drusen.tif,CNV-116,test,CNV,drusen,OD,.tif,0.1364888846874237
CNV/116/026_Drusen.tif,CNV-116,test,CNV,drusen,OD,.tif,0.1281009018421173
CNV/116/027_Drusen.tif,CNV-116,val,CNV,drusen,OD,.tif,0.1363915503025055
CNV/116/028_Drusen.tif,CNV-116,test,CNV,drusen,OD,.tif,0.13038289546966553
CNV/116/029_Drusen.tif,CNV-116,test,CNV,drusen,OD,.tif,0.12349240481853485
CNV/116/030_Drusen.tif,CNV-116,val,CNV,drusen,OD,.tif,0.13281312584877014
CNV/117/000_Normal.tif,CNV-117,test,CNV,normal,OS,.tif,0.17723703384399414
CNV/117/001_CNV.tif,CNV-117,test,CNV,cnv,OS,.tif,0.180132195353508
CNV/117/002_CNV.tif,CNV-117,test,CNV,cnv,OS,.tif,0.14784882962703705
CNV/117/003_CNV.tif,CNV-117,val,CNV,cnv,OS,.tif,0.15992000699043274
CNV/117/004_CNV.tif,CNV-117,test,CNV,cnv,OS,.tif,0.1834912747144699
CNV/117/005_CNV.tif,CNV-117,test,CNV,cnv,OS,.tif,0.19790446758270264
CNV/117/006_CNV.tif,CNV-117,test,CNV,cnv,OS,.tif,0.20402228832244873
CNV/117/007_CNV.tif,CNV-117,test,CNV,cnv,OS,.tif,0.2831353545188904
CNV/117/008_CNV.tif,CNV-117,test,CNV,cnv,OS,.tif,0.28650718927383423
CNV/117/009_CNV.tif,CNV-117,test,CNV,cnv,OS,.tif,0.2897859513759613
CNV/117/010_CNV.tif,CNV-117,test,CNV,cnv,OS,.tif,0.3773912787437439
CNV/117/011_CNV.tif,CNV-117,test,CNV,cnv,OS,.tif,0.35019463300704956
CNV/117/012_CNV.tif,CNV-117,test,CNV,cnv,OS,.tif,0.4039110243320465
CNV/117/013_CNV.tif,CNV-117,test,CNV,cnv,OS,.tif,0.34611424803733826
CNV/117/014_CNV.tif,CNV-117,test,CNV,cnv,OS,.tif,0.306346595287323
CNV/117/015_CNV.tif,CNV-117,val,CNV,cnv,OS,.tif,0.2729341983795166
CNV/117/016_CNV.tif,CNV-117,test,CNV,cnv,OS,.tif,0.2901211977005005
CNV/117/017_CNV.tif,CNV-117,val,CNV,cnv,OS,.tif,0.22418645024299622
CNV/117/018_CNV.tif,CNV-117,test,CNV,cnv,OS,.tif,0.16335754096508026
CNV/117/019_CNV.tif,CNV-117,test,CNV,cnv,OS,.tif,0.1483496129512787
CNV/117/020_CNV.tif,CNV-117,val,CNV,cnv,OS,.tif,0.13130544126033783
CNV/117/021_CNV.tif,CNV-117,test,CNV,cnv,OS,.tif,0.14885646104812622
CNV/117/022_CNV.tif,CNV-117,val,CNV,cnv,OS,.tif,0.1557360291481018
CNV/117/023_CNV.tif,CNV-117,test,CNV,cnv,OS,.tif,0.1531761735677719
CNV/117/024_CNV.tif,CNV-117,test,CNV,cnv,OS,.tif,0.1309387981891632
CNV/117/025_CNV.tif,CNV-117,test,CNV,cnv,OS,.tif,0.12267519533634186
CNV/117/026_Drusen.tif,CNV-117,test,CNV,drusen,OS,.tif,0.1239340677857399
CNV/117/027_Drusen.tif,CNV-117,test,CNV,drusen,OS,.tif,0.1311533898115158
CNV/117/028_Drusen.tif,CNV-117,test,CNV,drusen,OS,.tif,0.14333303272724152
CNV/117/029_Drusen.tif,CNV-117,val,CNV,drusen,OS,.tif,0.14364728331565857
CNV/117/030_Drusen.tif,CNV-117,test,CNV,drusen,OS,.tif,0.14445799589157104
CNV/118/000_Normal.tif,CNV-118,test,CNV,normal,OD,.tif,0.1950717717409134
CNV/118/001_Normal.tif,CNV-118,test,CNV,normal,OD,.tif,0.19952517747879028
CNV/118/002_Normal.tif,CNV-118,test,CNV,normal,OD,.tif,0.2542411684989929
CNV/118/003_Drusen.tif,CNV-118,test,CNV,drusen,OD,.tif,0.2445625364780426
CNV/118/004_Drusen.tif,CNV-118,test,CNV,drusen,OD,.tif,0.2641333341598511
CNV/118/005_Drusen.tif,CNV-118,val,CNV,drusen,OD,.tif,0.3033269941806793
CNV/118/006_Normal.tif,CNV-118,test,CNV,normal,OD,.tif,0.2873361110687256
CNV/118/007_Drusen.tif,CNV-118,test,CNV,drusen,OD,.tif,0.2582762539386749
CNV/118/008_CNV.tif,CNV-118,test,CNV,cnv,OD,.tif,0.2870076894760132
CNV/118/009_CNV.tif,CNV-118,val,CNV,cnv,OD,.tif,0.2274225652217865
CNV/118/010_CNV.tif,CNV-118,val,CNV,cnv,OD,.tif,0.265693724155426
CNV/118/011_CNV.tif,CNV-118,test,CNV,cnv,OD,.tif,0.32184988260269165
CNV/118/012_CNV.tif,CNV-118,val,CNV,cnv,OD,.tif,0.4124937653541565
CNV/118/013_CNV.tif,CNV-118,test,CNV,cnv,OD,.tif,0.3696770668029785
CNV/118/014_CNV.tif,CNV-118,test,CNV,cnv,OD,.tif,0.42884600162506104
CNV/118/015_CNV.tif,CNV-118,test,CNV,cnv,OD,.tif,0.43177855014801025
CNV/118/016_CNV.tif,CNV-118,val,CNV,cnv,OD,.tif,0.3848113417625427
CNV/118/017_CNV.tif,CNV-118,test,CNV,cnv,OD,.tif,0.4481121301651001
CNV/118/018_CNV.tif,CNV-118,test,CNV,cnv,OD,.tif,0.3886544108390808
CNV/118/019_CNV.tif,CNV-118,val,CNV,cnv,OD,.tif,0.39618444442749023
CNV/118/020_CNV.tif,CNV-118,test,CNV,cnv,OD,.tif,0.43257391452789307
CNV/118/021_CNV.tif,CNV-118,test,CNV,cnv,OD,.tif,0.31490015983581543
CNV/118/022_CNV.tif,CNV-118,test,CNV,cnv,OD,.tif,0.27442777156829834
CNV/118/023_Drusen.tif,CNV-118,test,CNV,drusen,OD,.tif,0.2668473720550537
CNV/118/024_Drusen.tif,CNV-118,val,CNV,drusen,OD,.tif,0.3038843870162964
CNV/118/025_Drusen.tif,CNV-118,test,CNV,drusen,OD,.tif,0.27226781845092773
CNV/118/026_Drusen.tif,CNV-118,val,CNV,drusen,OD,.tif,0.23832611739635468
CNV/118/027_Drusen.tif,CNV-118,test,CNV,drusen,OD,.tif,0.27934443950653076
CNV/118/028_Drusen.tif,CNV-118,val,CNV,drusen,OD,.tif,0.22265911102294922
CNV/118/029_Drusen.tif,CNV-118,val,CNV,drusen,OD,.tif,0.23179090023040771
CNV/118/030_Drusen.tif,CNV-118,test,CNV,drusen,OD,.tif,0.22097164392471313
CNV/119/000_Normal.tif,CNV-119,test,CNV,normal,OS,.tif,0.14930179715156555
CNV/119/001_Normal.tif,CNV-119,test,CNV,normal,OS,.tif,0.08869995176792145
CNV/119/002_Normal.tif,CNV-119,val,CNV,normal,OS,.tif,0.09145674854516983
CNV/119/003_Normal.tif,CNV-119,test,CNV,normal,OS,.tif,0.12239011377096176
CNV/119/004_Normal.tif,CNV-119,test,CNV,normal,OS,.tif,0.14155009388923645
CNV/119/005_Normal.tif,CNV-119,test,CNV,normal,OS,.tif,0.12468338012695312
CNV/119/006_Normal.tif,CNV-119,test,CNV,normal,OS,.tif,0.165260910987854
CNV/119/007_Drusen.tif,CNV-119,val,CNV,drusen,OS,.tif,0.15243229269981384
CNV/119/008_Drusen.tif,CNV-119,test,CNV,drusen,OS,.tif,0.13988736271858215
CNV/119/009_Drusen.tif,CNV-119,test,CNV,drusen,OS,.tif,0.16159002482891083
CNV/119/010_Drusen.tif,CNV-119,val,CNV,drusen,OS,.tif,0.13202576339244843
CNV/119/011_Drusen.tif,CNV-119,val,CNV,drusen,OS,.tif,0.1983841061592102
CNV/119/012_Normal.tif,CNV-119,test,CNV,normal,OS,.tif,0.18584883213043213
CNV/119/013_CNV.tif,CNV-119,test,CNV,cnv,OS,.tif,0.24296194314956665
CNV/119/014_CNV.tif,CNV-119,test,CNV,cnv,OS,.tif,0.24878719449043274
CNV/119/015_CNV.tif,CNV-119,test,CNV,cnv,OS,.tif,0.22115492820739746
CNV/119/016_CNV.tif,CNV-119,test,CNV,cnv,OS,.tif,0.2248997688293457
CNV/119/017_CNV.tif,CNV-119,val,CNV,cnv,OS,.tif,0.2520947754383087
CNV/119/018_CNV.tif,CNV-119,test,CNV,cnv,OS,.tif,0.2726139426231384
CNV/119/019_CNV.tif,CNV-119,val,CNV,cnv,OS,.tif,0.31307128071784973
CNV/119/020_CNV.tif,CNV-119,test,CNV,cnv,OS,.tif,0.32520031929016113
CNV/119/021_CNV.tif,CNV-119,val,CNV,cnv,OS,.tif,0.2614732086658478
CNV/119/022_CNV.tif,CNV-119,test,CNV,cnv,OS,.tif,0.2288748323917389
CNV/119/023_CNV.tif,CNV-119,test,CNV,cnv,OS,.tif,0.1777118444442749
CNV/119/024_CNV.tif,CNV-119,test,CNV,cnv,OS,.tif,0.14715547859668732
CNV/119/025_CNV.tif,CNV-119,test,CNV,cnv,OS,.tif,0.14441198110580444
CNV/119/026_Drusen.tif,CNV-119,test,CNV,drusen,OS,.tif,0.10543413460254669
CNV/119/027_Drusen.tif,CNV-119,test,CNV,drusen,OS,.tif,0.11808311939239502
CNV/119/028_Normal.tif,CNV-119,test,CNV,normal,OS,.tif,0.12433695793151855
CNV/119/029_Drusen.tif,CNV-119,test,CNV,drusen,OS,.tif,0.104047030210495
CNV/119/030_Normal.tif,CNV-119,test,CNV,normal,OS,.tif,0.10941161215305328
CNV/120/000_CNV.tif,CNV-120,test,CNV,cnv,OS,.tif,0.1723606288433075
CNV/120/001_CNV.tif,CNV-120,test,CNV,cnv,OS,.tif,0.15321046113967896
CNV/120/002_CNV.tif,CNV-120,test,CNV,cnv,OS,.tif,0.16444896161556244
CNV/120/003_CNV.tif,CNV-120,val,CNV,cnv,OS,.tif,0.16353139281272888
CNV/120/004_CNV.tif,CNV-120,test,CNV,cnv,OS,.tif,0.26084500551223755
CNV/120/005_CNV.tif,CNV-120,val,CNV,cnv,OS,.tif,0.31289541721343994
CNV/120/006_CNV.tif,CNV-120,val,CNV,cnv,OS,.tif,0.32486456632614136
CNV/120/007_CNV.tif,CNV-120,val,CNV,cnv,OS,.tif,0.34990912675857544
CNV/120/008_CNV.tif,CNV-120,test,CNV,cnv,OS,.tif,0.37294840812683105
CNV/120/009_CNV.tif,CNV-120,val,CNV,cnv,OS,.tif,0.3900201916694641
CNV/120/010_CNV.tif,CNV-120,test,CNV,cnv,OS,.tif,0.3689272105693817
CNV/120/011_CNV.tif,CNV-120,test,CNV,cnv,OS,.tif,0.35371023416519165
CNV/120/012_CNV.tif,CNV-120,test,CNV,cnv,OS,.tif,0.44857141375541687
CNV/120/013_CNV.tif,CNV-120,test,CNV,cnv,OS,.tif,0.4212348461151123
CNV/120/014_CNV.tif,CNV-120,test,CNV,cnv,OS,.tif,0.43782860040664673
CNV/120/015_CNV.tif,CNV-120,val,CNV,cnv,OS,.tif,0.4147547483444214
CNV/120/016_CNV.tif,CNV-120,val,CNV,cnv,OS,.tif,0.41234084963798523
CNV/120/017_CNV.tif,CNV-120,test,CNV,cnv,OS,.tif,0.375760018825531
CNV/120/018_CNV.tif,CNV-120,test,CNV,cnv,OS,.tif,0.34701788425445557
CNV/120/019_CNV.tif,CNV-120,test,CNV,cnv,OS,.tif,0.3627853989601135
CNV/120/020_CNV.tif,CNV-120,test,CNV,cnv,OS,.tif,0.3145204186439514
CNV/120/021_CNV.tif,CNV-120,test,CNV,cnv,OS,.tif,0.3335627317428589
CNV/120/022_CNV.tif,CNV-120,val,CNV,cnv,OS,.tif,0.22711056470870972
CNV/120/023_CNV.tif,CNV-120,test,CNV,cnv,OS,.tif,0.20927812159061432
CNV/120/024_CNV.tif,CNV-120,test,CNV,cnv,OS,.tif,0.18847650289535522
CNV/121/000_CNV.tif,CNV-121,test,CNV,cnv,OD,.tif,0.16809585690498352
CNV/121/001_CNV.tif,CNV-121,val,CNV,cnv,OD,.tif,0.16485989093780518
CNV/121/002_CNV.tif,CNV-121,val,CNV,cnv,OD,.tif,0.19449427723884583
CNV/121/003_CNV.tif,CNV-121,test,CNV,cnv,OD,.tif,0.23458130657672882
CNV/121/004_CNV.tif,CNV-121,test,CNV,cnv,OD,.tif,0.21416062116622925
CNV/121/005_CNV.tif,CNV-121,test,CNV,cnv,OD,.tif,0.19563652575016022
CNV/121/006_CNV.tif,CNV-121,test,CNV,cnv,OD,.tif,0.1885162591934204
CNV/121/007_CNV.tif,CNV-121,test,CNV,cnv,OD,.tif,0.1832771599292755
CNV/121/008_CNV.tif,CNV-121,test,CNV,cnv,OD,.tif,0.238483726978302
CNV/121/009_CNV.tif,CNV-121,test,CNV,cnv,OD,.tif,0.23383009433746338
CNV/121/010_CNV.tif,CNV-121,val,CNV,cnv,OD,.tif,0.26020491123199463
CNV/121/011_CNV.tif,CNV-121,val,CNV,cnv,OD,.tif,0.31841838359832764
CNV/121/012_CNV.tif,CNV-121,test,CNV,cnv,OD,.tif,0.2867816090583801
CNV/121/013_CNV.tif,CNV-121,test,CNV,cnv,OD,.tif,0.3459877371788025
CNV/121/014_CNV.tif,CNV-121,test,CNV,cnv,OD,.tif,0.35963407158851624
CNV/121/015_CNV.tif,CNV-121,val,CNV,cnv,OD,.tif,0.3338722288608551
CNV/121/016_CNV.tif,CNV-121,val,CNV,cnv,OD,.tif,0.35676610469818115
CNV/121/017_CNV.tif,CNV-121,test,CNV,cnv,OD,.tif,0.3868701756000519
CNV/121/018_CNV.tif,CNV-121,test,CNV,cnv,OD,.tif,0.35251444578170776
CNV/121/019_CNV.tif,CNV-121,val,CNV,cnv,OD,.tif,0.3625781834125519
CNV/121/020_CNV.tif,CNV-121,test,CNV,cnv,OD,.tif,0.3414841890335083
CNV/121/021_CNV.tif,CNV-121,val,CNV,cnv,OD,.tif,0.3176453709602356
CNV/121/022_CNV.tif,CNV-121,val,CNV,cnv,OD,.tif,0.31605976819992065
CNV/121/023_CNV.tif,CNV-121,test,CNV,cnv,OD,.tif,0.24108575284481049
CNV/121/024_CNV.tif,CNV-121,test,CNV,cnv,OD,.tif,0.25591129064559937
CNV/121/025_CNV.tif,CNV-121,test,CNV,cnv,OD,.tif,0.190329909324646
CNV/121/026_Normal.tif,CNV-121,test,CNV,normal,OD,.tif,0.19302791357040405
CNV/121/027_Normal.tif,CNV-121,test,CNV,normal,OD,.tif,0.2078292965888977
CNV/121/028_Normal.tif,CNV-121,test,CNV,normal,OD,.tif,0.17687194049358368
CNV/121/029_Normal.tif,CNV-121,val,CNV,normal,OD,.tif,0.18106038868427277
CNV/121/030_Normal.tif,CNV-121,val,CNV,normal,OD,.tif,0.1723196804523468
CNV/122/000_NOrmal.tif,CNV-122,test,CNV,normal,OD,.tif,0.14655283093452454
CNV/122/001_NOrmal.tif,CNV-122,test,CNV,normal,OD,.tif,0.17607992887496948
CNV/122/002_NOrmal.tif,CNV-122,test,CNV,normal,OD,.tif,0.16315236687660217
CNV/122/003_NOrmal.tif,CNV-122,test,CNV,normal,OD,.tif,0.1324158012866974
CNV/122/004_NOrmal.tif,CNV-122,test,CNV,normal,OD,.tif,0.13443636894226074
CNV/122/005_NOrmal.tif,CNV-122,val,CNV,normal,OD,.tif,0.11757495254278183
CNV/122/006_NOrmal.tif,CNV-122,test,CNV,normal,OD,.tif,0.14059074223041534
CNV/122/007_NOrmal.tif,CNV-122,val,CNV,normal,OD,.tif,0.10525061935186386
CNV/122/008_NOrmal.tif,CNV-122,val,CNV,normal,OD,.tif,0.10038711130619049
CNV/122/009_NOrmal.tif,CNV-122,val,CNV,normal,OD,.tif,0.0993289053440094
CNV/122/010_NOrmal.tif,CNV-122,val,CNV,normal,OD,.tif,0.11148097366094589
CNV/122/011_Drusen.tif,CNV-122,test,CNV,drusen,OD,.tif,0.10996633768081665
CNV/122/012_CNV.tif,CNV-122,val,CNV,cnv,OD,.tif,0.15290018916130066
CNV/122/013_CNV.tif,CNV-122,val,CNV,cnv,OD,.tif,0.17963063716888428
CNV/122/014_CNV.tif,CNV-122,test,CNV,cnv,OD,.tif,0.15704673528671265
CNV/122/015_CNV.tif,CNV-122,val,CNV,cnv,OD,.tif,0.16594892740249634
CNV/122/016_CNV.tif,CNV-122,test,CNV,cnv,OD,.tif,0.2322726547718048
CNV/122/017_CNV.tif,CNV-122,test,CNV,cnv,OD,.tif,0.2198645919561386
CNV/122/018_CNV.tif,CNV-122,test,CNV,cnv,OD,.tif,0.16047780215740204
CNV/122/019_NOrmal.tif,CNV-122,test,CNV,normal,OD,.tif,0.13393306732177734
CNV/122/020_NOrmal.tif,CNV-122,test,CNV,normal,OD,.tif,0.13880513608455658
CNV/122/021_NOrmal.tif,CNV-122,test,CNV,normal,OD,.tif,0.10393950343132019
CNV/122/022_NOrmal.tif,CNV-122,test,CNV,normal,OD,.tif,0.12375037372112274
CNV/122/023_NOrmal.tif,CNV-122,val,CNV,normal,OD,.tif,0.14312569797039032
CNV/122/024_NOrmal.tif,CNV-122,test,CNV,normal,OD,.tif,0.13462376594543457
CNV/122/025_NOrmal.tif,CNV-122,test,CNV,normal,OD,.tif,0.16628453135490417
CNV/122/026_NOrmal.tif,CNV-122,test,CNV,normal,OD,.tif,0.1309514343738556
CNV/122/027_NOrmal.tif,CNV-122,test,CNV,normal,OD,.tif,0.10600220412015915
CNV/122/028_NOrmal.tif,CNV-122,test,CNV,normal,OD,.tif,0.1321188062429428
CNV/122/029_NOrmal.tif,CNV-122,test,CNV,normal,OD,.tif,0.1187768206000328
CNV/122/030_NOrmal.tif,CNV-122,val,CNV,normal,OD,.tif,0.13377302885055542
CNV/123/000_Normal.tif,CNV-123,test,CNV,normal,OS,.tif,0.1487700194120407
CNV/123/001_Normal.tif,CNV-123,test,CNV,normal,OS,.tif,0.1619451642036438
CNV/123/002_Normal.tif,CNV-123,val,CNV,normal,OS,.tif,0.15517418086528778
CNV/123/003_Normal.tif,CNV-123,test,CNV,normal,OS,.tif,0.12961795926094055
CNV/123/004_Drusen.tif,CNV-123,val,CNV,drusen,OS,.tif,0.13526439666748047
CNV/123/005_Drusen.tif,CNV-123,test,CNV,drusen,OS,.tif,0.13507875800132751
CNV/123/006_Normal.tif,CNV-123,val,CNV,normal,OS,.tif,0.14788541197776794
CNV/123/007_Drusen.tif,CNV-123,test,CNV,drusen,OS,.tif,0.144936203956604
CNV/123/008_Normal.tif,CNV-123,test,CNV,normal,OS,.tif,0.17127439379692078
CNV/123/009_Normal.tif,CNV-123,val,CNV,normal,OS,.tif,0.0983777642250061
CNV/123/010_Drusen.tif,CNV-123,test,CNV,drusen,OS,.tif,0.13815443217754364
CNV/123/011_CNV.tif,CNV-123,test,CNV,cnv,OS,.tif,0.10599861294031143
CNV/123/012_CNV.tif,CNV-123,test,CNV,cnv,OS,.tif,0.10296647995710373
CNV/123/013_CNV.tif,CNV-123,val,CNV,cnv,OS,.tif,0.16007274389266968
CNV/123/014_CNV.tif,CNV-123,val,CNV,cnv,OS,.tif,0.19526566565036774
CNV/123/015_CNV.tif,CNV-123,val,CNV,cnv,OS,.tif,0.21443335711956024
CNV/123/016_CNV.tif,CNV-123,test,CNV,cnv,OS,.tif,0.17810192704200745
CNV/123/017_CNV.tif,CNV-123,test,CNV,cnv,OS,.tif,0.15231426060199738
CNV/123/018_Drusen.tif,CNV-123,val,CNV,drusen,OS,.tif,0.10082325339317322
CNV/123/019_Drusen.tif,CNV-123,test,CNV,drusen,OS,.tif,0.12529444694519043
CNV/123/020_Normal.tif,CNV-123,test,CNV,normal,OS,.tif,0.1271170675754547
CNV/123/021_Normal.tif,CNV-123,test,CNV,normal,OS,.tif,0.16194364428520203
CNV/123/022_Normal.tif,CNV-123,test,CNV,normal,OS,.tif,0.16390326619148254
CNV/123/023_Normal.tif,CNV-123,test,CNV,normal,OS,.tif,0.16304519772529602
CNV/123/024_Normal.tif,CNV-123,test,CNV,normal,OS,.tif,0.18293261528015137
CNV/123/025_Normal.tif,CNV-123,test,CNV,normal,OS,.tif,0.1639246642589569
CNV/123/026_Normal.tif,CNV-123,test,CNV,normal,OS,.tif,0.1420547068119049
CNV/123/027_Normal.tif,CNV-123,val,CNV,normal,OS,.tif,0.15281414985656738
CNV/123/028_Normal.tif,CNV-123,test,CNV,normal,OS,.tif,0.13685259222984314
CNV/123/029_Normal.tif,CNV-123,test,CNV,normal,OS,.tif,0.13104785978794098
CNV/123/030_Normal.tif,CNV-123,val,CNV,normal,OS,.tif,0.1693354845046997
CNV/124/000_Normal.tif,CNV-124,test,CNV,normal,OS,.tif,0.17378559708595276
CNV/124/001_Normal.tif,CNV-124,val,CNV,normal,OS,.tif,0.18288451433181763
CNV/124/002_Normal.tif,CNV-124,test,CNV,normal,OS,.tif,0.191639706492424
CNV/124/003_Drusen.tif,CNV-124,val,CNV,drusen,OS,.tif,0.18232110142707825
CNV/124/004_CNV.tif,CNV-124,val,CNV,cnv,OS,.tif,0.16197305917739868
CNV/124/005_CNV.tif,CNV-124,val,CNV,cnv,OS,.tif,0.25654298067092896
CNV/124/006_CNV.tif,CNV-124,test,CNV,cnv,OS,.tif,0.360779732465744
CNV/124/007_CNV.tif,CNV-124,test,CNV,cnv,OS,.tif,0.45247095823287964
CNV/124/008_CNV.tif,CNV-124,test,CNV,cnv,OS,.tif,0.4584798812866211
CNV/124/009_CNV.tif,CNV-124,val,CNV,cnv,OS,.tif,0.45124536752700806
CNV/124/010_CNV.tif,CNV-124,test,CNV,cnv,OS,.tif,0.42974305152893066
CNV/124/011_CNV.tif,CNV-124,test,CNV,cnv,OS,.tif,0.4136008024215698
CNV/124/012_CNV.tif,CNV-124,test,CNV,cnv,OS,.tif,0.40965306758880615
CNV/124/013_CNV.tif,CNV-124,test,CNV,cnv,OS,.tif,0.4167367219924927
CNV/124/014_CNV.tif,CNV-124,val,CNV,cnv,OS,.tif,0.3560487627983093
CNV/124/015_CNV.tif,CNV-124,val,CNV,cnv,OS,.tif,0.39131173491477966
CNV/124/016_CNV.tif,CNV-124,test,CNV,cnv,OS,.tif,0.37197381258010864
CNV/124/017_CNV.tif,CNV-124,test,CNV,cnv,OS,.tif,0.38069480657577515
CNV/124/018_CNV.tif,CNV-124,val,CNV,cnv,OS,.tif,0.33988887071609497
CNV/124/019_CNV.tif,CNV-124,val,CNV,cnv,OS,.tif,0.319058358669281
CNV/124/020_CNV.tif,CNV-124,test,CNV,cnv,OS,.tif,0.30867719650268555
CNV/124/021_CNV.tif,CNV-124,test,CNV,cnv,OS,.tif,0.2851240634918213
CNV/124/022_CNV.tif,CNV-124,val,CNV,cnv,OS,.tif,0.2869907021522522
CNV/124/023_CNV.tif,CNV-124,test,CNV,cnv,OS,.tif,0.2830451726913452
CNV/124/024_CNV.tif,CNV-124,test,CNV,cnv,OS,.tif,0.24853366613388062
CNV/124/025_CNV.tif,CNV-124,test,CNV,cnv,OS,.tif,0.28294509649276733
CNV/124/026_Drusen.tif,CNV-124,val,CNV,drusen,OS,.tif,0.18996961414813995
CNV/124/027_Drusen.tif,CNV-124,val,CNV,drusen,OS,.tif,0.17887529730796814
CNV/125/000_CNV.tif,CNV-125,val,CNV,cnv,OD,.tif,0.22731679677963257
CNV/125/001_CNV.tif,CNV-125,test,CNV,cnv,OD,.tif,0.25829410552978516
CNV/125/002_CNV.tif,CNV-125,test,CNV,cnv,OD,.tif,0.25827643275260925
CNV/125/003_CNV.tif,CNV-125,test,CNV,cnv,OD,.tif,0.2784416079521179
CNV/125/004_CNV.tif,CNV-125,val,CNV,cnv,OD,.tif,0.2674686312675476
CNV/125/005_CNV.tif,CNV-125,val,CNV,cnv,OD,.tif,0.3274575173854828
CNV/125/006_CNV.tif,CNV-125,val,CNV,cnv,OD,.tif,0.31014615297317505
CNV/125/007_CNV.tif,CNV-125,test,CNV,cnv,OD,.tif,0.33678609132766724
CNV/125/008_CNV.tif,CNV-125,val,CNV,cnv,OD,.tif,0.32576629519462585
CNV/125/009_CNV.tif,CNV-125,test,CNV,cnv,OD,.tif,0.3115434944629669
CNV/125/010_CNV.tif,CNV-125,test,CNV,cnv,OD,.tif,0.3489001989364624
CNV/125/011_CNV.tif,CNV-125,val,CNV,cnv,OD,.tif,0.3375154137611389
CNV/125/012_CNV.tif,CNV-125,val,CNV,cnv,OD,.tif,0.35537421703338623
CNV/125/013_CNV.tif,CNV-125,test,CNV,cnv,OD,.tif,0.326579213142395
CNV/125/014_CNV.tif,CNV-125,val,CNV,cnv,OD,.tif,0.2679446339607239
CNV/125/015_CNV.tif,CNV-125,test,CNV,cnv,OD,.tif,0.2572438716888428
CNV/125/016_CNV.tif,CNV-125,val,CNV,cnv,OD,.tif,0.3011070489883423
CNV/125/017_CNV.tif,CNV-125,test,CNV,cnv,OD,.tif,0.2995743453502655
CNV/125/018_CNV.tif,CNV-125,test,CNV,cnv,OD,.tif,0.2873454689979553
CNV/125/019_CNV.tif,CNV-125,test,CNV,cnv,OD,.tif,0.3533857464790344
CNV/125/020_CNV.tif,CNV-125,val,CNV,cnv,OD,.tif,0.32181233167648315
CNV/125/021_CNV.tif,CNV-125,test,CNV,cnv,OD,.tif,0.31343910098075867
CNV/125/022_CNV.tif,CNV-125,test,CNV,cnv,OD,.tif,0.2525627017021179
CNV/125/023_CNV.tif,CNV-125,test,CNV,cnv,OD,.tif,0.2892986536026001
CNV/125/024_CNV.tif,CNV-125,test,CNV,cnv,OD,.tif,0.28415727615356445
CNV/126/000_CNV.tif,CNV-126,test,CNV,cnv,OD,.tif,0.3003699779510498
CNV/126/001_CNV.tif,CNV-126,test,CNV,cnv,OD,.tif,0.27200841903686523
CNV/126/002_CNV.tif,CNV-126,val,CNV,cnv,OD,.tif,0.29857492446899414
CNV/126/003_CNV.tif,CNV-126,test,CNV,cnv,OD,.tif,0.26676344871520996
CNV/126/004_CNV.tif,CNV-126,test,CNV,cnv,OD,.tif,0.28499871492385864
CNV/126/005_CNV.tif,CNV-126,val,CNV,cnv,OD,.tif,0.29429900646209717
CNV/126/006_CNV.tif,CNV-126,test,CNV,cnv,OD,.tif,0.35127949714660645
CNV/126/007_CNV.tif,CNV-126,test,CNV,cnv,OD,.tif,0.3116074800491333
CNV/126/008_CNV.tif,CNV-126,test,CNV,cnv,OD,.tif,0.32669597864151
CNV/126/009_CNV.tif,CNV-126,val,CNV,cnv,OD,.tif,0.36188530921936035
CNV/126/010_CNV.tif,CNV-126,test,CNV,cnv,OD,.tif,0.3881302773952484
CNV/126/011_CNV.tif,CNV-126,test,CNV,cnv,OD,.tif,0.36393827199935913
CNV/126/012_CNV.tif,CNV-126,test,CNV,cnv,OD,.tif,0.34157201647758484
CNV/126/013_CNV.tif,CNV-126,val,CNV,cnv,OD,.tif,0.32617902755737305
CNV/126/014_CNV.tif,CNV-126,test,CNV,cnv,OD,.tif,0.35944610834121704
CNV/126/015_CNV.tif,CNV-126,val,CNV,cnv,OD,.tif,0.3376449942588806
CNV/126/016_CNV.tif,CNV-126,test,CNV,cnv,OD,.tif,0.3320145010948181
CNV/126/017_CNV.tif,CNV-126,test,CNV,cnv,OD,.tif,0.40320509672164917
CNV/126/018_CNV.tif,CNV-126,test,CNV,cnv,OD,.tif,0.32761746644973755
CNV/126/019_CNV.tif,CNV-126,test,CNV,cnv,OD,.tif,0.3470207154750824
CNV/126/020_CNV.tif,CNV-126,test,CNV,cnv,OD,.tif,0.33828064799308777
CNV/126/021_CNV.tif,CNV-126,test,CNV,cnv,OD,.tif,0.3152256906032562
CNV/126/022_CNV.tif,CNV-126,val,CNV,cnv,OD,.tif,0.28995412588119507
CNV/126/023_CNV.tif,CNV-126,test,CNV,cnv,OD,.tif,0.29249247908592224
CNV/126/024_CNV.tif,CNV-126,test,CNV,cnv,OD,.tif,0.21142397820949554
CNV/126/025_CNV.tif,CNV-126,test,CNV,cnv,OD,.tif,0.23717814683914185
CNV/126/026_CNV.tif,CNV-126,test,CNV,cnv,OD,.tif,0.24783745408058167
CNV/126/027_CNV.tif,CNV-126,test,CNV,cnv,OD,.tif,0.2212918996810913
CNV/126/028_Drusen.tif,CNV-126,test,CNV,drusen,OD,.tif,0.27021390199661255
CNV/126/029_Drusen.tif,CNV-126,test,CNV,drusen,OD,.tif,0.3065195679664612
CNV/126/030_Drusen.tif,CNV-126,test,CNV,drusen,OD,.tif,0.22256982326507568
CNV/127/000_CNV.tif,CNV-127,test,CNV,cnv,OD,.tif,0.21309924125671387
CNV/127/001_CNV.tif,CNV-127,test,CNV,cnv,OD,.tif,0.18984360992908478
CNV/127/002_CNV.tif,CNV-127,test,CNV,cnv,OD,.tif,0.21454083919525146
CNV/127/003_CNV.tif,CNV-127,test,CNV,cnv,OD,.tif,0.24956858158111572
CNV/127/004_CNV.tif,CNV-127,test,CNV,cnv,OD,.tif,0.24999195337295532
CNV/127/005_CNV.tif,CNV-127,val,CNV,cnv,OD,.tif,0.23849789798259735
CNV/127/006_CNV.tif,CNV-127,test,CNV,cnv,OD,.tif,0.2711913287639618
CNV/127/007_CNV.tif,CNV-127,test,CNV,cnv,OD,.tif,0.3420999348163605
CNV/127/008_CNV.tif,CNV-127,val,CNV,cnv,OD,.tif,0.3314170837402344
CNV/127/009_CNV.tif,CNV-127,test,CNV,cnv,OD,.tif,0.35700494050979614
CNV/127/010_CNV.tif,CNV-127,test,CNV,cnv,OD,.tif,0.35804468393325806
CNV/127/011_CNV.tif,CNV-127,test,CNV,cnv,OD,.tif,0.3608170747756958
CNV/127/012_CNV.tif,CNV-127,test,CNV,cnv,OD,.tif,0.3093625605106354
CNV/127/013_CNV.tif,CNV-127,test,CNV,cnv,OD,.tif,0.3849695920944214
CNV/127/014_CNV.tif,CNV-127,test,CNV,cnv,OD,.tif,0.4380583167076111
CNV/127/015_CNV.tif,CNV-127,test,CNV,cnv,OD,.tif,0.4588860273361206
CNV/127/016_CNV.tif,CNV-127,test,CNV,cnv,OD,.tif,0.4727150797843933
CNV/127/017_CNV.tif,CNV-127,test,CNV,cnv,OD,.tif,0.4279797077178955
CNV/127/018_CNV.tif,CNV-127,val,CNV,cnv,OD,.tif,0.39712417125701904
CNV/127/019_CNV.tif,CNV-127,test,CNV,cnv,OD,.tif,0.3933742344379425
CNV/127/020_CNV.tif,CNV-127,val,CNV,cnv,OD,.tif,0.3371131420135498
CNV/127/021_CNV.tif,CNV-127,test,CNV,cnv,OD,.tif,0.2920397222042084
CNV/127/022_CNV.tif,CNV-127,test,CNV,cnv,OD,.tif,0.2999081015586853
CNV/127/023_CNV.tif,CNV-127,val,CNV,cnv,OD,.tif,0.2555427551269531
CNV/127/024_CNV.tif,CNV-127,test,CNV,cnv,OD,.tif,0.2856203317642212
CNV/127/025_CNV.tif,CNV-127,test,CNV,cnv,OD,.tif,0.26565951108932495
CNV/127/026_CNV.tif,CNV-127,test,CNV,cnv,OD,.tif,0.21953162550926208
CNV/127/027_CNV.tif,CNV-127,val,CNV,cnv,OD,.tif,0.22154465317726135
CNV/127/028_CNV.tif,CNV-127,val,CNV,cnv,OD,.tif,0.20550519227981567
CNV/127/029_CNV.tif,CNV-127,test,CNV,cnv,OD,.tif,0.2528250813484192
CNV/127/030_CNV.tif,CNV-127,test,CNV,cnv,OD,.tif,0.20021037757396698
CNV/128/000_Normal.tif,CNV-128,val,CNV,normal,OS,.tif,0.33814388513565063
CNV/128/001_Normal.tif,CNV-128,val,CNV,normal,OS,.tif,0.33888500928878784
CNV/128/002_Normal.tif,CNV-128,test,CNV,normal,OS,.tif,0.36706995964050293
CNV/128/003_Drusen.tif,CNV-128,test,CNV,drusen,OS,.tif,0.4213321805000305
CNV/128/004_Drusen.tif,CNV-128,test,CNV,drusen,OS,.tif,0.3913186490535736
CNV/128/005_Drusen.tif,CNV-128,val,CNV,drusen,OS,.tif,0.36778557300567627
CNV/128/006_Drusen.tif,CNV-128,val,CNV,drusen,OS,.tif,0.307199090719223
CNV/128/007_Drusen.tif,CNV-128,test,CNV,drusen,OS,.tif,0.3474229574203491
CNV/128/008_CNV.tif,CNV-128,test,CNV,cnv,OS,.tif,0.35881051421165466
CNV/128/009_CNV.tif,CNV-128,val,CNV,cnv,OS,.tif,0.37156784534454346
CNV/128/010_CNV.tif,CNV-128,test,CNV,cnv,OS,.tif,0.2722840905189514
CNV/128/011_CNV.tif,CNV-128,test,CNV,cnv,OS,.tif,0.2565598487854004
CNV/128/012_CNV.tif,CNV-128,test,CNV,cnv,OS,.tif,0.24229370057582855
CNV/128/013_CNV.tif,CNV-128,test,CNV,cnv,OS,.tif,0.2766394019126892
CNV/128/014_CNV.tif,CNV-128,val,CNV,cnv,OS,.tif,0.3663142919540405
CNV/128/015_CNV.tif,CNV-128,test,CNV,cnv,OS,.tif,0.36829227209091187
CNV/128/016_CNV.tif,CNV-128,val,CNV,cnv,OS,.tif,0.3628855049610138
CNV/128/017_CNV.tif,CNV-128,val,CNV,cnv,OS,.tif,0.2626429796218872
CNV/128/018_CNV.tif,CNV-128,test,CNV,cnv,OS,.tif,0.24159389734268188
CNV/128/019_CNV.tif,CNV-128,val,CNV,cnv,OS,.tif,0.22566795349121094
CNV/128/020_CNV.tif,CNV-128,test,CNV,cnv,OS,.tif,0.24359439313411713
CNV/128/021_CNV.tif,CNV-128,test,CNV,cnv,OS,.tif,0.24905987083911896
CNV/128/022_CNV.tif,CNV-128,val,CNV,cnv,OS,.tif,0.26811665296554565
CNV/128/023_CNV.tif,CNV-128,val,CNV,cnv,OS,.tif,0.2335629165172577
CNV/128/024_CNV.tif,CNV-128,test,CNV,cnv,OS,.tif,0.24840569496154785
CNV/128/025_CNV.tif,CNV-128,test,CNV,cnv,OS,.tif,0.22314397990703583
CNV/128/026_CNV.tif,CNV-128,val,CNV,cnv,OS,.tif,0.19022759795188904
CNV/128/027_CNV.tif,CNV-128,val,CNV,cnv,OS,.tif,0.22865472733974457
CNV/128/028_CNV.tif,CNV-128,test,CNV,cnv,OS,.tif,0.14742296934127808
CNV/128/029_CNV.tif,CNV-128,test,CNV,cnv,OS,.tif,0.20375852286815643
CNV/128/030_CNV.tif,CNV-128,test,CNV,cnv,OS,.tif,0.15153634548187256
CNV/129/000_CNV.tif,CNV-129,test,CNV,cnv,OD,.tif,0.12992434203624725
CNV/129/001_CNV.tif,CNV-129,test,CNV,cnv,OD,.tif,0.13005244731903076
CNV/129/002_CNV.tif,CNV-129,test,CNV,cnv,OD,.tif,0.12879042327404022
CNV/129/003_CNV.tif,CNV-129,test,CNV,cnv,OD,.tif,0.14593034982681274
CNV/129/004_CNV.tif,CNV-129,val,CNV,cnv,OD,.tif,0.139057457447052
CNV/129/005_CNV.tif,CNV-129,test,CNV,cnv,OD,.tif,0.1039583832025528
CNV/129/006_CNV.tif,CNV-129,val,CNV,cnv,OD,.tif,0.09703630954027176
CNV/129/007_CNV.tif,CNV-129,test,CNV,cnv,OD,.tif,0.10794661194086075
CNV/129/008_CNV.tif,CNV-129,val,CNV,cnv,OD,.tif,0.0878838300704956
CNV/129/009_CNV.tif,CNV-129,val,CNV,cnv,OD,.tif,0.10416270792484283
CNV/129/010_CNV.tif,CNV-129,test,CNV,cnv,OD,.tif,0.1316714584827423
CNV/129/011_CNV.tif,CNV-129,test,CNV,cnv,OD,.tif,0.15318089723587036
CNV/129/012_CNV.tif,CNV-129,test,CNV,cnv,OD,.tif,0.1371121108531952
CNV/129/013_CNV.tif,CNV-129,val,CNV,cnv,OD,.tif,0.1646440625190735
CNV/129/014_CNV.tif,CNV-129,test,CNV,cnv,OD,.tif,0.23341569304466248
CNV/129/015_CNV.tif,CNV-129,val,CNV,cnv,OD,.tif,0.23702162504196167
CNV/129/016_CNV.tif,CNV-129,val,CNV,cnv,OD,.tif,0.20037539303302765
CNV/129/017_CNV.tif,CNV-129,test,CNV,cnv,OD,.tif,0.234999880194664
CNV/129/018_CNV.tif,CNV-129,val,CNV,cnv,OD,.tif,0.19690528512001038
CNV/129/019_CNV.tif,CNV-129,val,CNV,cnv,OD,.tif,0.24158774316310883
CNV/129/020_CNV.tif,CNV-129,test,CNV,cnv,OD,.tif,0.19263869524002075
CNV/129/021_CNV.tif,CNV-129,val,CNV,cnv,OD,.tif,0.22521322965621948
CNV/129/022_CNV.tif,CNV-129,test,CNV,cnv,OD,.tif,0.32884061336517334
CNV/129/023_CNV.tif,CNV-129,test,CNV,cnv,OD,.tif,0.2611786425113678
CNV/129/024_CNV.tif,CNV-129,test,CNV,cnv,OD,.tif,0.295529842376709
CNV/129/025_CNV.tif,CNV-129,test,CNV,cnv,OD,.tif,0.21739286184310913
CNV/129/026_CNV.tif,CNV-129,test,CNV,cnv,OD,.tif,0.2866280674934387
CNV/129/027_CNV.tif,CNV-129,test,CNV,cnv,OD,.tif,0.2124396413564682
CNV/129/028_CNV.tif,CNV-129,test,CNV,cnv,OD,.tif,0.2847496271133423
CNV/129/029_CNV.tif,CNV-129,test,CNV,cnv,OD,.tif,0.3363877534866333
CNV/129/030_CNV.tif,CNV-129,val,CNV,cnv,OD,.tif,0.22924289107322693
CNV/130/000_Drusen.tif,CNV-130,val,CNV,drusen,OS,.tif,0.211645245552063
CNV/130/001_Drusen.tif,CNV-130,test,CNV,drusen,OS,.tif,0.15093392133712769
CNV/130/002_Drusen.tif,CNV-130,test,CNV,drusen,OS,.tif,0.22441793978214264
CNV/130/003_CNV.tif,CNV-130,val,CNV,cnv,OS,.tif,0.20371606945991516
CNV/130/004_CNV.tif,CNV-130,test,CNV,cnv,OS,.tif,0.21287837624549866
CNV/130/005_CNV.tif,CNV-130,val,CNV,cnv,OS,.tif,0.2393299639225006
CNV/130/006_CNV.tif,CNV-130,test,CNV,cnv,OS,.tif,0.25844040513038635
CNV/130/007_CNV.tif,CNV-130,val,CNV,cnv,OS,.tif,0.23820871114730835
CNV/130/008_CNV.tif,CNV-130,test,CNV,cnv,OS,.tif,0.33084768056869507
CNV/130/009_CNV.tif,CNV-130,val,CNV,cnv,OS,.tif,0.3718297481536865
CNV/130/010_CNV.tif,CNV-130,test,CNV,cnv,OS,.tif,0.41240057349205017
CNV/130/011_CNV.tif,CNV-130,val,CNV,cnv,OS,.tif,0.33636149764060974
CNV/130/012_CNV.tif,CNV-130,test,CNV,cnv,OS,.tif,0.33621668815612793
CNV/130/013_CNV.tif,CNV-130,val,CNV,cnv,OS,.tif,0.3234686255455017
CNV/130/014_CNV.tif,CNV-130,test,CNV,cnv,OS,.tif,0.3837197721004486
CNV/130/015_CNV.tif,CNV-130,test,CNV,cnv,OS,.tif,0.30970311164855957
CNV/130/016_CNV.tif,CNV-130,val,CNV,cnv,OS,.tif,0.38708412647247314
CNV/130/017_CNV.tif,CNV-130,test,CNV,cnv,OS,.tif,0.3753829002380371
CNV/130/018_CNV.tif,CNV-130,test,CNV,cnv,OS,.tif,0.4380760192871094
CNV/130/019_CNV.tif,CNV-130,val,CNV,cnv,OS,.tif,0.4199877679347992
CNV/130/020_CNV.tif,CNV-130,test,CNV,cnv,OS,.tif,0.3457900881767273
CNV/130/021_CNV.tif,CNV-130,test,CNV,cnv,OS,.tif,0.4381011426448822
CNV/130/022_CNV.tif,CNV-130,test,CNV,cnv,OS,.tif,0.3716452717781067
CNV/130/023_CNV.tif,CNV-130,test,CNV,cnv,OS,.tif,0.257621705532074
CNV/130/024_CNV.tif,CNV-130,test,CNV,cnv,OS,.tif,0.2479628324508667
CNV/130/025_CNV.tif,CNV-130,test,CNV,cnv,OS,.tif,0.1835121512413025
CNV/130/026_CNV.tif,CNV-130,test,CNV,cnv,OS,.tif,0.23155701160430908
CNV/130/027_CNV.tif,CNV-130,val,CNV,cnv,OS,.tif,0.21260371804237366
CNV/130/028_CNV.tif,CNV-130,test,CNV,cnv,OS,.tif,0.15216730535030365
CNV/130/029_CNV.tif,CNV-130,test,CNV,cnv,OS,.tif,0.16065743565559387
CNV/131/000_CNV.tif,CNV-131,test,CNV,cnv,OS,.tif,0.180941641330719
CNV/131/001_CNV.tif,CNV-131,test,CNV,cnv,OS,.tif,0.15590429306030273
CNV/131/002_CNV.tif,CNV-131,test,CNV,cnv,OS,.tif,0.17440201342105865
CNV/131/003_CNV.tif,CNV-131,test,CNV,cnv,OS,.tif,0.1512056142091751
CNV/131/004_CNV.tif,CNV-131,val,CNV,cnv,OS,.tif,0.20125076174736023
CNV/131/005_CNV.tif,CNV-131,val,CNV,cnv,OS,.tif,0.1928645372390747
CNV/131/006_CNV.tif,CNV-131,test,CNV,cnv,OS,.tif,0.15873286128044128
CNV/131/007_CNV.tif,CNV-131,val,CNV,cnv,OS,.tif,0.23963484168052673
CNV/131/008_CNV.tif,CNV-131,test,CNV,cnv,OS,.tif,0.21423646807670593
CNV/131/009_CNV.tif,CNV-131,test,CNV,cnv,OS,.tif,0.18459627032279968
CNV/131/010_CNV.tif,CNV-131,val,CNV,cnv,OS,.tif,0.2394525408744812
CNV/131/011_CNV.tif,CNV-131,test,CNV,cnv,OS,.tif,0.23381666839122772
CNV/131/012_CNV.tif,CNV-131,test,CNV,cnv,OS,.tif,0.25586801767349243
CNV/131/013_CNV.tif,CNV-131,val,CNV,cnv,OS,.tif,0.2723984122276306
CNV/131/014_CNV.tif,CNV-131,test,CNV,cnv,OS,.tif,0.2594565749168396
CNV/131/015_CNV.tif,CNV-131,test,CNV,cnv,OS,.tif,0.34609225392341614
CNV/131/016_CNV.tif,CNV-131,test,CNV,cnv,OS,.tif,0.32758691906929016
CNV/131/017_CNV.tif,CNV-131,test,CNV,cnv,OS,.tif,0.35198646783828735
CNV/131/018_CNV.tif,CNV-131,test,CNV,cnv,OS,.tif,0.2964002192020416
CNV/131/019_CNV.tif,CNV-131,test,CNV,cnv,OS,.tif,0.32240527868270874
CNV/131/020_CNV.tif,CNV-131,val,CNV,cnv,OS,.tif,0.3479766845703125
CNV/131/021_CNV.tif,CNV-131,val,CNV,cnv,OS,.tif,0.2779615819454193
CNV/131/022_CNV.tif,CNV-131,test,CNV,cnv,OS,.tif,0.31434205174446106
CNV/131/023_CNV.tif,CNV-131,test,CNV,cnv,OS,.tif,0.29498785734176636
CNV/131/024_CNV.tif,CNV-131,val,CNV,cnv,OS,.tif,0.33680641651153564
CNV/131/025_CNV.tif,CNV-131,test,CNV,cnv,OS,.tif,0.3136215806007385
CNV/131/026_CNV.tif,CNV-131,test,CNV,cnv,OS,.tif,0.27520644664764404
CNV/131/027_CNV.tif,CNV-131,val,CNV,cnv,OS,.tif,0.2729346752166748
CNV/131/028_CNV.tif,CNV-131,val,CNV,cnv,OS,.tif,0.2731340527534485
CNV/131/029_CNV.tif,CNV-131,test,CNV,cnv,OS,.tif,0.19084236025810242
CNV/131/030_CNV.tif,CNV-131,test,CNV,cnv,OS,.tif,0.172321617603302
CNV/132/000_CNV.tif,CNV-132,val,CNV,cnv,OD,.tif,0.20631864666938782
CNV/132/001_CNV.tif,CNV-132,test,CNV,cnv,OD,.tif,0.1963476538658142
CNV/132/002_CNV.tif,CNV-132,test,CNV,cnv,OD,.tif,0.196216881275177
CNV/132/003_CNV.tif,CNV-132,test,CNV,cnv,OD,.tif,0.17901408672332764
CNV/132/004_CNV.tif,CNV-132,test,CNV,cnv,OD,.tif,0.2631090581417084
CNV/132/005_CNV.tif,CNV-132,val,CNV,cnv,OD,.tif,0.23855477571487427
CNV/132/006_CNV.tif,CNV-132,val,CNV,cnv,OD,.tif,0.20196524262428284
CNV/132/007_CNV.tif,CNV-132,test,CNV,cnv,OD,.tif,0.25358718633651733
CNV/132/008_CNV.tif,CNV-132,test,CNV,cnv,OD,.tif,0.26698213815689087
CNV/132/009_CNV.tif,CNV-132,test,CNV,cnv,OD,.tif,0.3161567747592926
CNV/132/010_CNV.tif,CNV-132,val,CNV,cnv,OD,.tif,0.29400569200515747
CNV/132/011_CNV.tif,CNV-132,test,CNV,cnv,OD,.tif,0.2902505695819855
CNV/132/012_CNV.tif,CNV-132,val,CNV,cnv,OD,.tif,0.3099483847618103
CNV/132/013_CNV.tif,CNV-132,test,CNV,cnv,OD,.tif,0.30491676926612854
CNV/132/014_CNV.tif,CNV-132,test,CNV,cnv,OD,.tif,0.272818386554718
CNV/132/015_CNV.tif,CNV-132,test,CNV,cnv,OD,.tif,0.2935296595096588
CNV/132/016_CNV.tif,CNV-132,test,CNV,cnv,OD,.tif,0.33682891726493835
CNV/132/017_CNV.tif,CNV-132,test,CNV,cnv,OD,.tif,0.27047640085220337
CNV/132/018_CNV.tif,CNV-132,val,CNV,cnv,OD,.tif,0.28895294666290283
CNV/132/019_CNV.tif,CNV-132,val,CNV,cnv,OD,.tif,0.21815398335456848
CNV/132/020_CNV.tif,CNV-132,test,CNV,cnv,OD,.tif,0.2279445081949234
CNV/132/021_CNV.tif,CNV-132,test,CNV,cnv,OD,.tif,0.23660942912101746
CNV/132/022_CNV.tif,CNV-132,val,CNV,cnv,OD,.tif,0.18358604609966278
CNV/132/023_Drusen.tif,CNV-132,test,CNV,drusen,OD,.tif,0.23494663834571838
CNV/132/024_Normal.tif,CNV-132,test,CNV,normal,OD,.tif,0.20312000811100006
CNV/132/025_Drusen.tif,CNV-132,val,CNV,drusen,OD,.tif,0.21104341745376587
CNV/132/026_Drusen.tif,CNV-132,test,CNV,drusen,OD,.tif,0.2196052074432373
CNV/132/027_Drusen.tif,CNV-132,test,CNV,drusen,OD,.tif,0.17323777079582214
CNV/132/028_Drusen.tif,CNV-132,val,CNV,drusen,OD,.tif,0.19504600763320923
CNV/132/029_Normal.tif,CNV-132,test,CNV,normal,OD,.tif,0.24140892922878265
CNV/132/030_Normal.tif,CNV-132,val,CNV,normal,OD,.tif,0.2144528031349182
CNV/134/000_CNV.tif,CNV-134,val,CNV,cnv,OS,.tif,0.23005792498588562
CNV/134/001_CNV.tif,CNV-134,test,CNV,cnv,OS,.tif,0.24334686994552612
CNV/134/002_CNV.tif,CNV-134,test,CNV,cnv,OS,.tif,0.3252575993537903
CNV/134/003_CNV.tif,CNV-134,test,CNV,cnv,OS,.tif,0.2330700159072876
CNV/134/004_CNV.tif,CNV-134,test,CNV,cnv,OS,.tif,0.19796927273273468
CNV/134/005_CNV.tif,CNV-134,val,CNV,cnv,OS,.tif,0.2651301622390747
CNV/134/006_CNV.tif,CNV-134,test,CNV,cnv,OS,.tif,0.2755542993545532
CNV/134/007_CNV.tif,CNV-134,test,CNV,cnv,OS,.tif,0.34909605979919434
CNV/134/008_CNV.tif,CNV-134,test,CNV,cnv,OS,.tif,0.30119824409484863
CNV/134/009_CNV.tif,CNV-134,val,CNV,cnv,OS,.tif,0.27210837602615356
CNV/134/010_CNV.tif,CNV-134,test,CNV,cnv,OS,.tif,0.2747156023979187
CNV/134/011_CNV.tif,CNV-134,val,CNV,cnv,OS,.tif,0.26022595167160034
CNV/134/012_CNV.tif,CNV-134,val,CNV,cnv,OS,.tif,0.2765747308731079
CNV/134/013_CNV.tif,CNV-134,test,CNV,cnv,OS,.tif,0.25688132643699646
CNV/134/014_CNV.tif,CNV-134,test,CNV,cnv,OS,.tif,0.3059595823287964
CNV/134/015_CNV.tif,CNV-134,test,CNV,cnv,OS,.tif,0.2987237870693207
CNV/134/016_CNV.tif,CNV-134,test,CNV,cnv,OS,.tif,0.38321200013160706
CNV/134/017_CNV.tif,CNV-134,test,CNV,cnv,OS,.tif,0.32701414823532104
CNV/134/018_CNV.tif,CNV-134,val,CNV,cnv,OS,.tif,0.33669501543045044
CNV/134/019_CNV.tif,CNV-134,test,CNV,cnv,OS,.tif,0.2909352481365204
CNV/134/020_CNV.tif,CNV-134,val,CNV,cnv,OS,.tif,0.3048226535320282
CNV/134/021_CNV.tif,CNV-134,test,CNV,cnv,OS,.tif,0.23834989964962006
CNV/134/022_CNV.tif,CNV-134,test,CNV,cnv,OS,.tif,0.25472813844680786
CNV/134/023_CNV.tif,CNV-134,test,CNV,cnv,OS,.tif,0.16930091381072998
CNV/134/024_CNV.tif,CNV-134,test,CNV,cnv,OS,.tif,0.20247651636600494
CNV/134/025_CNV.tif,CNV-134,test,CNV,cnv,OS,.tif,0.19168806076049805
CNV/134/026_CNV.tif,CNV-134,test,CNV,cnv,OS,.tif,0.19657045602798462
CNV/134/027_CNV.tif,CNV-134,val,CNV,cnv,OS,.tif,0.17837494611740112
CNV/134/028_Drusen.tif,CNV-134,test,CNV,drusen,OS,.tif,0.13584700226783752
CNV/134/029_Drusen.tif,CNV-134,test,CNV,drusen,OS,.tif,0.1485213339328766
CNV/134/030_Drusen.tif,CNV-134,test,CNV,drusen,OS,.tif,0.16631752252578735
CNV/135/000_Drusen.tif,CNV-135,test,CNV,drusen,OS,.tif,0.15678855776786804
CNV/135/001_Drusen.tif,CNV-135,val,CNV,drusen,OS,.tif,0.1740761548280716
CNV/135/002_Drusen.tif,CNV-135,val,CNV,drusen,OS,.tif,0.17374488711357117
CNV/135/003_Drusen.tif,CNV-135,test,CNV,drusen,OS,.tif,0.1885923147201538
CNV/135/004_Drusen.tif,CNV-135,test,CNV,drusen,OS,.tif,0.17649519443511963
CNV/135/005_Drusen.tif,CNV-135,val,CNV,drusen,OS,.tif,0.2488105446100235
CNV/135/006_Drusen.tif,CNV-135,val,CNV,drusen,OS,.tif,0.21637418866157532
CNV/135/007_Drusen.tif,CNV-135,test,CNV,drusen,OS,.tif,0.23795616626739502
CNV/135/008_Drusen.tif,CNV-135,val,CNV,drusen,OS,.tif,0.2385289967060089
CNV/135/009_Drusen.tif,CNV-135,test,CNV,drusen,OS,.tif,0.24402470886707306
CNV/135/010_Drusen.tif,CNV-135,test,CNV,drusen,OS,.tif,0.20818710327148438
CNV/135/011_Drusen.tif,CNV-135,test,CNV,drusen,OS,.tif,0.21164026856422424
CNV/135/012_CNV.tif,CNV-135,val,CNV,cnv,OS,.tif,0.17453300952911377
CNV/135/013_CNV.tif,CNV-135,test,CNV,cnv,OS,.tif,0.181509330868721
CNV/135/014_CNV.tif,CNV-135,test,CNV,cnv,OS,.tif,0.26104307174682617
CNV/135/015_CNV.tif,CNV-135,val,CNV,cnv,OS,.tif,0.30536556243896484
CNV/135/016_CNV.tif,CNV-135,test,CNV,cnv,OS,.tif,0.28143131732940674
CNV/135/017_CNV.tif,CNV-135,val,CNV,cnv,OS,.tif,0.2232206165790558
CNV/135/018_CNV.tif,CNV-135,test,CNV,cnv,OS,.tif,0.20676802098751068
CNV/135/019_CNV.tif,CNV-135,val,CNV,cnv,OS,.tif,0.15890982747077942
CNV/135/020_CNV.tif,CNV-135,test,CNV,cnv,OS,.tif,0.17127633094787598
CNV/135/021_CNV.tif,CNV-135,test,CNV,cnv,OS,.tif,0.17121973633766174
CNV/135/022_Drusen.tif,CNV-135,val,CNV,drusen,OS,.tif,0.16085511445999146
CNV/135/023_Drusen.tif,CNV-135,val,CNV,drusen,OS,.tif,0.17842763662338257
CNV/135/024_Drusen.tif,CNV-135,test,CNV,drusen,OS,.tif,0.1532888412475586
CNV/135/025_Drusen.tif,CNV-135,test,CNV,drusen,OS,.tif,0.1496048867702484
CNV/135/026_Drusen.tif,CNV-135,test,CNV,drusen,OS,.tif,0.19741207361221313
CNV/135/027_Drusen.tif,CNV-135,test,CNV,drusen,OS,.tif,0.18537043035030365
CNV/135/028_Drusen.tif,CNV-135,test,CNV,drusen,OS,.tif,0.29725420475006104
CNV/135/029_Drusen.tif,CNV-135,test,CNV,drusen,OS,.tif,0.20081791281700134
CNV/135/030_Drusen.tif,CNV-135,test,CNV,drusen,OS,.tif,0.1856209635734558
CNV/136/000_CNV.tif,CNV-136,val,CNV,cnv,OS,.tif,0.15707579255104065
CNV/136/001_CNV.tif,CNV-136,val,CNV,cnv,OS,.tif,0.16155891120433807
CNV/136/002_CNV.tif,CNV-136,val,CNV,cnv,OS,.tif,0.23537230491638184
CNV/136/003_CNV.tif,CNV-136,test,CNV,cnv,OS,.tif,0.2724924683570862
CNV/136/004_CNV.tif,CNV-136,test,CNV,cnv,OS,.tif,0.26207035779953003
CNV/136/005_CNV.tif,CNV-136,test,CNV,cnv,OS,.tif,0.2731022834777832
CNV/136/006_CNV.tif,CNV-136,test,CNV,cnv,OS,.tif,0.2676047086715698
CNV/136/007_CNV.tif,CNV-136,test,CNV,cnv,OS,.tif,0.26345574855804443
CNV/136/008_CNV.tif,CNV-136,val,CNV,cnv,OS,.tif,0.3163287043571472
CNV/136/009_CNV.tif,CNV-136,test,CNV,cnv,OS,.tif,0.32805269956588745
CNV/136/010_CNV.tif,CNV-136,val,CNV,cnv,OS,.tif,0.3322415351867676
CNV/136/011_CNV.tif,CNV-136,val,CNV,cnv,OS,.tif,0.29162752628326416
CNV/136/012_CNV.tif,CNV-136,test,CNV,cnv,OS,.tif,0.2505042552947998
CNV/136/013_CNV.tif,CNV-136,test,CNV,cnv,OS,.tif,0.33786138892173767
CNV/136/014_CNV.tif,CNV-136,test,CNV,cnv,OS,.tif,0.3206106424331665
CNV/136/015_CNV.tif,CNV-136,test,CNV,cnv,OS,.tif,0.32502079010009766
CNV/136/016_CNV.tif,CNV-136,test,CNV,cnv,OS,.tif,0.29631125926971436
CNV/136/017_CNV.tif,CNV-136,test,CNV,cnv,OS,.tif,0.3379840552806854
CNV/136/018_CNV.tif,CNV-136,test,CNV,cnv,OS,.tif,0.3468366861343384
CNV/136/019_CNV.tif,CNV-136,test,CNV,cnv,OS,.tif,0.2995092272758484
CNV/136/020_CNV.tif,CNV-136,val,CNV,cnv,OS,.tif,0.2568607032299042
CNV/136/021_CNV.tif,CNV-136,val,CNV,cnv,OS,.tif,0.3378288447856903
CNV/136/022_CNV.tif,CNV-136,val,CNV,cnv,OS,.tif,0.33122384548187256
CNV/136/023_CNV.tif,CNV-136,test,CNV,cnv,OS,.tif,0.2521781325340271
CNV/136/024_CNV.tif,CNV-136,test,CNV,cnv,OS,.tif,0.2903140187263489
CNV/136/025_CNV.tif,CNV-136,test,CNV,cnv,OS,.tif,0.2717340290546417
CNV/136/026_CNV.tif,CNV-136,test,CNV,cnv,OS,.tif,0.2890166640281677
CNV/136/027_CNV.tif,CNV-136,test,CNV,cnv,OS,.tif,0.2781229019165039
CNV/136/028_CNV.tif,CNV-136,test,CNV,cnv,OS,.tif,0.26910656690597534
CNV/136/029_CNV.tif,CNV-136,test,CNV,cnv,OS,.tif,0.2512838542461395
CNV/136/030_CNV.tif,CNV-136,val,CNV,cnv,OS,.tif,0.19650280475616455
CNV/138/000_Normal.tif,CNV-138,test,CNV,normal,OD,.tif,0.16046001017093658
CNV/138/001_Normal.tif,CNV-138,test,CNV,normal,OD,.tif,0.18202266097068787
CNV/138/002_Normal.tif,CNV-138,test,CNV,normal,OD,.tif,0.16393300890922546
CNV/138/003_Drusen.tif,CNV-138,test,CNV,drusen,OD,.tif,0.1425134539604187
CNV/138/004_CNV.tif,CNV-138,test,CNV,cnv,OD,.tif,0.20528635382652283
CNV/138/005_CNV.tif,CNV-138,test,CNV,cnv,OD,.tif,0.15854211151599884
CNV/138/006_CNV.tif,CNV-138,test,CNV,cnv,OD,.tif,0.19496414065361023
CNV/138/007_CNV.tif,CNV-138,test,CNV,cnv,OD,.tif,0.19413036108016968
CNV/138/008_CNV.tif,CNV-138,val,CNV,cnv,OD,.tif,0.17965707182884216
CNV/138/009_CNV.tif,CNV-138,test,CNV,cnv,OD,.tif,0.1786034107208252
CNV/138/010_CNV.tif,CNV-138,test,CNV,cnv,OD,.tif,0.14719215035438538
CNV/138/011_CNV.tif,CNV-138,test,CNV,cnv,OD,.tif,0.25472816824913025
CNV/138/012_CNV.tif,CNV-138,val,CNV,cnv,OD,.tif,0.2930561304092407
CNV/138/013_CNV.tif,CNV-138,val,CNV,cnv,OD,.tif,0.3126732110977173
CNV/138/014_CNV.tif,CNV-138,test,CNV,cnv,OD,.tif,0.30281326174736023
CNV/138/015_CNV.tif,CNV-138,test,CNV,cnv,OD,.tif,0.32703110575675964
CNV/138/016_CNV.tif,CNV-138,test,CNV,cnv,OD,.tif,0.33712470531463623
CNV/138/017_CNV.tif,CNV-138,test,CNV,cnv,OD,.tif,0.34845906496047974
CNV/138/018_CNV.tif,CNV-138,val,CNV,cnv,OD,.tif,0.3482346534729004
CNV/138/019_CNV.tif,CNV-138,test,CNV,cnv,OD,.tif,0.29261404275894165
CNV/138/020_CNV.tif,CNV-138,val,CNV,cnv,OD,.tif,0.2882677912712097
CNV/138/021_CNV.tif,CNV-138,test,CNV,cnv,OD,.tif,0.2737090587615967
CNV/138/022_CNV.tif,CNV-138,test,CNV,cnv,OD,.tif,0.2339102327823639
CNV/138/023_CNV.tif,CNV-138,test,CNV,cnv,OD,.tif,0.20782995223999023
CNV/138/024_CNV.tif,CNV-138,test,CNV,cnv,OD,.tif,0.2509944438934326
CNV/138/025_CNV.tif,CNV-138,test,CNV,cnv,OD,.tif,0.20946574211120605
CNV/138/026_CNV.tif,CNV-138,test,CNV,cnv,OD,.tif,0.17485447227954865
CNV/138/027_CNV.tif,CNV-138,val,CNV,cnv,OD,.tif,0.19980213046073914
CNV/138/028_CNV.tif,CNV-138,test,CNV,cnv,OD,.tif,0.206891268491745
CNV/138/029_CNV.tif,CNV-138,test,CNV,cnv,OD,.tif,0.14228035509586334
CNV/138/030_Drusen.tif,CNV-138,test,CNV,drusen,OD,.tif,0.1531791090965271
CNV/139/000_Normal.tif,CNV-139,test,CNV,normal,OD,.tif,0.13468536734580994
CNV/139/001_Normal.tif,CNV-139,val,CNV,normal,OD,.tif,0.13113176822662354
CNV/139/002_Normal.tif,CNV-139,test,CNV,normal,OD,.tif,0.12355697154998779
CNV/139/003_Normal.tif,CNV-139,test,CNV,normal,OD,.tif,0.13164354860782623
CNV/139/004_Normal.tif,CNV-139,test,CNV,normal,OD,.tif,0.11196477711200714
CNV/139/005_Normal.tif,CNV-139,test,CNV,normal,OD,.tif,0.13348697125911713
CNV/139/006_Normal.tif,CNV-139,test,CNV,normal,OD,.tif,0.1468147337436676
CNV/139/007_Normal.tif,CNV-139,test,CNV,normal,OD,.tif,0.14115452766418457
CNV/139/008_Drusen.tif,CNV-139,test,CNV,drusen,OD,.tif,0.1507391333580017
CNV/139/009_CNV.tif,CNV-139,test,CNV,cnv,OD,.tif,0.16174888610839844
CNV/139/010_CNV.tif,CNV-139,test,CNV,cnv,OD,.tif,0.15824520587921143
CNV/139/011_CNV.tif,CNV-139,test,CNV,cnv,OD,.tif,0.17580638825893402
CNV/139/012_CNV.tif,CNV-139,test,CNV,cnv,OD,.tif,0.23273596167564392
CNV/139/013_CNV.tif,CNV-139,test,CNV,cnv,OD,.tif,0.29417580366134644
CNV/139/014_CNV.tif,CNV-139,val,CNV,cnv,OD,.tif,0.28897127509117126
CNV/139/015_CNV.tif,CNV-139,val,CNV,cnv,OD,.tif,0.3025686740875244
CNV/139/016_CNV.tif,CNV-139,test,CNV,cnv,OD,.tif,0.27279406785964966
CNV/139/017_CNV.tif,CNV-139,val,CNV,cnv,OD,.tif,0.26540178060531616
CNV/139/018_CNV.tif,CNV-139,test,CNV,cnv,OD,.tif,0.23602426052093506
CNV/139/019_Drusen.tif,CNV-139,test,CNV,drusen,OD,.tif,0.19487890601158142
CNV/139/020_Normal.tif,CNV-139,test,CNV,normal,OD,.tif,0.178964763879776
CNV/139/021_Normal.tif,CNV-139,test,CNV,normal,OD,.tif,0.19496195018291473
CNV/139/022_Drusen.tif,CNV-139,val,CNV,drusen,OD,.tif,0.17434555292129517
CNV/139/023_Drusen.tif,CNV-139,test,CNV,drusen,OD,.tif,0.19690492749214172
CNV/139/024_Drusen.tif,CNV-139,test,CNV,drusen,OD,.tif,0.19662368297576904
CNV/139/025_Normal.tif,CNV-139,val,CNV,normal,OD,.tif,0.19844487309455872
CNV/139/026_Drusen.tif,CNV-139,test,CNV,drusen,OD,.tif,0.17520341277122498
CNV/139/027_Normal.tif,CNV-139,test,CNV,normal,OD,.tif,0.15568071603775024
CNV/139/028_Normal.tif,CNV-139,val,CNV,normal,OD,.tif,0.1345587819814682
CNV/139/029_Normal.tif,CNV-139,test,CNV,normal,OD,.tif,0.1272314488887787
CNV/139/030_Normal.tif,CNV-139,test,CNV,normal,OD,.tif,0.14589865505695343
CNV/143/000_Drusen.tif,CNV-143,val,CNV,drusen,OS,.tif,0.20076820254325867
CNV/143/001_Drusen.tif,CNV-143,test,CNV,drusen,OS,.tif,0.23929709196090698
CNV/143/002_Drusen.tif,CNV-143,test,CNV,drusen,OS,.tif,0.2287939488887787
CNV/143/003_Drusen.tif,CNV-143,val,CNV,drusen,OS,.tif,0.18661616742610931
CNV/143/004_Drusen.tif,CNV-143,test,CNV,drusen,OS,.tif,0.2884137034416199
CNV/143/005_CNV.tif,CNV-143,val,CNV,cnv,OS,.tif,0.2807670831680298
CNV/143/006_CNV.tif,CNV-143,val,CNV,cnv,OS,.tif,0.30184587836265564
CNV/143/007_CNV.tif,CNV-143,val,CNV,cnv,OS,.tif,0.3883722424507141
CNV/143/008_CNV.tif,CNV-143,test,CNV,cnv,OS,.tif,0.4126889109611511
CNV/143/009_CNV.tif,CNV-143,val,CNV,cnv,OS,.tif,0.3895382881164551
CNV/143/010_CNV.tif,CNV-143,val,CNV,cnv,OS,.tif,0.32551756501197815
CNV/143/011_CNV.tif,CNV-143,val,CNV,cnv,OS,.tif,0.3854256868362427
CNV/143/012_CNV.tif,CNV-143,test,CNV,cnv,OS,.tif,0.3529215455055237
CNV/143/013_CNV.tif,CNV-143,val,CNV,cnv,OS,.tif,0.39263206720352173
CNV/143/014_CNV.tif,CNV-143,test,CNV,cnv,OS,.tif,0.3827643394470215
CNV/143/015_CNV.tif,CNV-143,test,CNV,cnv,OS,.tif,0.35061922669410706
CNV/143/016_CNV.tif,CNV-143,test,CNV,cnv,OS,.tif,0.3833557367324829
CNV/143/017_CNV.tif,CNV-143,test,CNV,cnv,OS,.tif,0.3479039669036865
CNV/143/018_CNV.tif,CNV-143,test,CNV,cnv,OS,.tif,0.3103836178779602
CNV/143/019_CNV.tif,CNV-143,test,CNV,cnv,OS,.tif,0.3560447692871094
CNV/143/020_CNV.tif,CNV-143,test,CNV,cnv,OS,.tif,0.3548972010612488
CNV/143/021_CNV.tif,CNV-143,val,CNV,cnv,OS,.tif,0.39373940229415894
CNV/143/022_CNV.tif,CNV-143,test,CNV,cnv,OS,.tif,0.3547046184539795
CNV/143/023_CNV.tif,CNV-143,test,CNV,cnv,OS,.tif,0.27683964371681213
CNV/143/024_CNV.tif,CNV-143,test,CNV,cnv,OS,.tif,0.24688678979873657
CNV/143/025_CNV.tif,CNV-143,val,CNV,cnv,OS,.tif,0.29288172721862793
CNV/143/026_CNV.tif,CNV-143,test,CNV,cnv,OS,.tif,0.28328365087509155
CNV/143/027_CNV.tif,CNV-143,test,CNV,cnv,OS,.tif,0.21136166155338287
CNV/143/028_CNV.tif,CNV-143,test,CNV,cnv,OS,.tif,0.22086912393569946
CNV/143/029_CNV.tif,CNV-143,test,CNV,cnv,OS,.tif,0.2226487696170807
CNV/143/030_Drusen.tif,CNV-143,test,CNV,drusen,OS,.tif,0.20074227452278137
CNV/144/000_Drusen.tif,CNV-144,val,CNV,drusen,OD,.tif,0.18623679876327515
CNV/144/001_Drusen.tif,CNV-144,test,CNV,drusen,OD,.tif,0.11874997615814209
CNV/144/002_Drusen.tif,CNV-144,val,CNV,drusen,OD,.tif,0.12301944196224213
CNV/144/003_CNV.tif,CNV-144,test,CNV,cnv,OD,.tif,0.17217732965946198
CNV/144/004_CNV.tif,CNV-144,test,CNV,cnv,OD,.tif,0.1955365389585495
CNV/144/005_CNV.tif,CNV-144,test,CNV,cnv,OD,.tif,0.19600367546081543
CNV/144/006_CNV.tif,CNV-144,val,CNV,cnv,OD,.tif,0.276326447725296
CNV/144/007_CNV.tif,CNV-144,test,CNV,cnv,OD,.tif,0.2948059141635895
CNV/144/008_CNV.tif,CNV-144,test,CNV,cnv,OD,.tif,0.3509824573993683
CNV/144/009_CNV.tif,CNV-144,test,CNV,cnv,OD,.tif,0.3125293552875519
CNV/144/010_CNV.tif,CNV-144,val,CNV,cnv,OD,.tif,0.33779406547546387
CNV/144/011_CNV.tif,CNV-144,test,CNV,cnv,OD,.tif,0.334115207195282
CNV/144/012_CNV.tif,CNV-144,test,CNV,cnv,OD,.tif,0.35901761054992676
CNV/144/013_CNV.tif,CNV-144,test,CNV,cnv,OD,.tif,0.28768831491470337
CNV/144/014_CNV.tif,CNV-144,val,CNV,cnv,OD,.tif,0.4094400405883789
CNV/144/015_CNV.tif,CNV-144,test,CNV,cnv,OD,.tif,0.3303018808364868
CNV/144/016_CNV.tif,CNV-144,test,CNV,cnv,OD,.tif,0.3149518370628357
CNV/144/017_CNV.tif,CNV-144,test,CNV,cnv,OD,.tif,0.29577749967575073
CNV/144/018_CNV.tif,CNV-144,val,CNV,cnv,OD,.tif,0.2933955192565918
CNV/144/019_CNV.tif,CNV-144,test,CNV,cnv,OD,.tif,0.23052065074443817
CNV/144/020_CNV.tif,CNV-144,test,CNV,cnv,OD,.tif,0.14873328804969788
CNV/144/021_Drusen.tif,CNV-144,test,CNV,drusen,OD,.tif,0.14078353345394135
CNV/144/022_Drusen.tif,CNV-144,val,CNV,drusen,OD,.tif,0.15020987391471863
CNV/144/023_Drusen.tif,CNV-144,val,CNV,drusen,OD,.tif,0.2204662263393402
CNV/144/024_Drusen.tif,CNV-144,test,CNV,drusen,OD,.tif,0.20988070964813232
CNV/144/025_Drusen.tif,CNV-144,test,CNV,drusen,OD,.tif,0.21084335446357727
CNV/144/026_Drusen.tif,CNV-144,test,CNV,drusen,OD,.tif,0.16773560643196106
CNV/144/027_Drusen.tif,CNV-144,test,CNV,drusen,OD,.tif,0.11138748377561569
CNV/144/028_Drusen.tif,CNV-144,test,CNV,drusen,OD,.tif,0.10594962537288666
CNV/144/029_Normal.tif,CNV-144,test,CNV,normal,OD,.tif,0.14823605120182037
CNV/144/030_Drusen.tif,CNV-144,test,CNV,drusen,OD,.tif,0.11753391474485397
CNV/145/000_CNV.tif,CNV-145,val,CNV,cnv,OS,.tif,0.21077445149421692
CNV/145/001_CNV.tif,CNV-145,test,CNV,cnv,OS,.tif,0.1753256916999817
CNV/145/002_CNV.tif,CNV-145,val,CNV,cnv,OS,.tif,0.2228834331035614
CNV/145/003_CNV.tif,CNV-145,test,CNV,cnv,OS,.tif,0.20802712440490723
CNV/145/004_CNV.tif,CNV-145,test,CNV,cnv,OS,.tif,0.23356187343597412
CNV/145/005_CNV.tif,CNV-145,test,CNV,cnv,OS,.tif,0.27296459674835205
CNV/145/006_CNV.tif,CNV-145,test,CNV,cnv,OS,.tif,0.2343534529209137
CNV/145/007_CNV.tif,CNV-145,val,CNV,cnv,OS,.tif,0.2552028298377991
CNV/145/008_CNV.tif,CNV-145,test,CNV,cnv,OS,.tif,0.29095059633255005
CNV/145/009_CNV.tif,CNV-145,val,CNV,cnv,OS,.tif,0.2864617705345154
CNV/145/010_CNV.tif,CNV-145,test,CNV,cnv,OS,.tif,0.24656373262405396
CNV/145/011_CNV.tif,CNV-145,test,CNV,cnv,OS,.tif,0.2868034839630127
CNV/145/012_CNV.tif,CNV-145,test,CNV,cnv,OS,.tif,0.29503464698791504
CNV/145/013_CNV.tif,CNV-145,test,CNV,cnv,OS,.tif,0.24638156592845917
CNV/145/014_CNV.tif,CNV-145,val,CNV,cnv,OS,.tif,0.2834569811820984
CNV/145/015_CNV.tif,CNV-145,val,CNV,cnv,OS,.tif,0.24679522216320038
CNV/145/016_CNV.tif,CNV-145,test,CNV,cnv,OS,.tif,0.24425366520881653
CNV/145/017_CNV.tif,CNV-145,test,CNV,cnv,OS,.tif,0.33709466457366943
CNV/145/018_CNV.tif,CNV-145,test,CNV,cnv,OS,.tif,0.3546270728111267
CNV/145/019_CNV.tif,CNV-145,test,CNV,cnv,OS,.tif,0.2858506441116333
CNV/145/020_CNV.tif,CNV-145,test,CNV,cnv,OS,.tif,0.3433750867843628
CNV/145/021_CNV.tif,CNV-145,test,CNV,cnv,OS,.tif,0.27095556259155273
CNV/145/022_CNV.tif,CNV-145,test,CNV,cnv,OS,.tif,0.19556714594364166
CNV/145/023_CNV.tif,CNV-145,test,CNV,cnv,OS,.tif,0.15843920409679413
CNV/145/024_CNV.tif,CNV-145,test,CNV,cnv,OS,.tif,0.17373891174793243
CNV/145/025_CNV.tif,CNV-145,test,CNV,cnv,OS,.tif,0.183828204870224
CNV/145/026_CNV.tif,CNV-145,test,CNV,cnv,OS,.tif,0.1776939481496811
CNV/145/027_CNV.tif,CNV-145,test,CNV,cnv,OS,.tif,0.15562404692173004
CNV/145/028_CNV.tif,CNV-145,val,CNV,cnv,OS,.tif,0.15751522779464722
CNV/148/000_CNV.tif,CNV-148,test,CNV,cnv,OD,.tif,0.20486150681972504
CNV/148/001_CNV.tif,CNV-148,test,CNV,cnv,OD,.tif,0.18830549716949463
CNV/148/002_CNV.tif,CNV-148,test,CNV,cnv,OD,.tif,0.24158507585525513
CNV/148/003_CNV.tif,CNV-148,val,CNV,cnv,OD,.tif,0.2066686898469925
CNV/148/004_CNV.tif,CNV-148,test,CNV,cnv,OD,.tif,0.1946241557598114
CNV/148/005_CNV.tif,CNV-148,val,CNV,cnv,OD,.tif,0.30996018648147583
CNV/148/006_CNV.tif,CNV-148,test,CNV,cnv,OD,.tif,0.3250797390937805
CNV/148/007_CNV.tif,CNV-148,test,CNV,cnv,OD,.tif,0.33309346437454224
CNV/148/008_CNV.tif,CNV-148,test,CNV,cnv,OD,.tif,0.2951289415359497
CNV/148/009_CNV.tif,CNV-148,val,CNV,cnv,OD,.tif,0.35247424244880676
CNV/148/010_CNV.tif,CNV-148,test,CNV,cnv,OD,.tif,0.3392319977283478
CNV/148/011_CNV.tif,CNV-148,val,CNV,cnv,OD,.tif,0.3162281811237335
CNV/148/012_CNV.tif,CNV-148,test,CNV,cnv,OD,.tif,0.3371269702911377
CNV/148/013_CNV.tif,CNV-148,val,CNV,cnv,OD,.tif,0.3157322406768799
CNV/148/014_CNV.tif,CNV-148,val,CNV,cnv,OD,.tif,0.31929028034210205
CNV/148/015_CNV.tif,CNV-148,val,CNV,cnv,OD,.tif,0.2545391023159027
CNV/148/016_CNV.tif,CNV-148,val,CNV,cnv,OD,.tif,0.2817656993865967
CNV/148/017_CNV.tif,CNV-148,test,CNV,cnv,OD,.tif,0.2558547556400299
CNV/148/018_CNV.tif,CNV-148,val,CNV,cnv,OD,.tif,0.2303452044725418
CNV/148/019_CNV.tif,CNV-148,test,CNV,cnv,OD,.tif,0.2298484444618225
CNV/148/020_CNV.tif,CNV-148,test,CNV,cnv,OD,.tif,0.22675538063049316
CNV/148/021_CNV.tif,CNV-148,test,CNV,cnv,OD,.tif,0.16900157928466797
CNV/148/022_CNV.tif,CNV-148,test,CNV,cnv,OD,.tif,0.15453007817268372
CNV/148/023_CNV.tif,CNV-148,test,CNV,cnv,OD,.tif,0.1744093894958496
CNV/148/024_CNV.tif,CNV-148,test,CNV,cnv,OD,.tif,0.16064168512821198
CNV/148/025_CNV.tif,CNV-148,val,CNV,cnv,OD,.tif,0.2698756456375122
CNV/148/026_CNV.tif,CNV-148,val,CNV,cnv,OD,.tif,0.16466960310935974
CNV/148/027_CNV.tif,CNV-148,test,CNV,cnv,OD,.tif,0.16441546380519867
CNV/148/028_Normal.tif,CNV-148,test,CNV,normal,OD,.tif,0.22587579488754272
CNV/148/029_Normal.tif,CNV-148,val,CNV,normal,OD,.tif,0.16574782133102417
CNV/148/030_Normal.tif,CNV-148,test,CNV,normal,OD,.tif,0.14824487268924713
CNV/149/000_Drusen.tif,CNV-149,val,CNV,drusen,OD,.tif,0.22000233829021454
CNV/149/001_Drusen.tif,CNV-149,test,CNV,drusen,OD,.tif,0.19186919927597046
CNV/149/002_CNV.tif,CNV-149,test,CNV,cnv,OD,.tif,0.14493045210838318
CNV/149/003_CNV.tif,CNV-149,test,CNV,cnv,OD,.tif,0.21479907631874084
CNV/149/004_CNV.tif,CNV-149,test,CNV,cnv,OD,.tif,0.2580828070640564
CNV/149/005_CNV.tif,CNV-149,test,CNV,cnv,OD,.tif,0.2531147599220276
CNV/149/006_CNV.tif,CNV-149,test,CNV,cnv,OD,.tif,0.29607993364334106
CNV/149/007_CNV.tif,CNV-149,val,CNV,cnv,OD,.tif,0.29035821557044983
CNV/149/008_CNV.tif,CNV-149,test,CNV,cnv,OD,.tif,0.24818694591522217
CNV/149/009_CNV.tif,CNV-149,test,CNV,cnv,OD,.tif,0.23999983072280884
CNV/149/010_CNV.tif,CNV-149,val,CNV,cnv,OD,.tif,0.21988648176193237
CNV/149/011_CNV.tif,CNV-149,val,CNV,cnv,OD,.tif,0.2589927315711975
CNV/149/012_CNV.tif,CNV-149,test,CNV,cnv,OD,.tif,0.24607890844345093
CNV/149/013_CNV.tif,CNV-149,test,CNV,cnv,OD,.tif,0.2440032660961151
CNV/149/014_CNV.tif,CNV-149,test,CNV,cnv,OD,.tif,0.2581399083137512
CNV/149/015_CNV.tif,CNV-149,test,CNV,cnv,OD,.tif,0.2962709665298462
CNV/149/016_CNV.tif,CNV-149,val,CNV,cnv,OD,.tif,0.31019702553749084
CNV/149/017_CNV.tif,CNV-149,test,CNV,cnv,OD,.tif,0.3434804081916809
CNV/149/018_CNV.tif,CNV-149,test,CNV,cnv,OD,.tif,0.324088990688324
CNV/149/019_CNV.tif,CNV-149,test,CNV,cnv,OD,.tif,0.3258973956108093
CNV/149/020_CNV.tif,CNV-149,test,CNV,cnv,OD,.tif,0.3730018734931946
CNV/149/021_CNV.tif,CNV-149,test,CNV,cnv,OD,.tif,0.3312264382839203
CNV/149/022_CNV.tif,CNV-149,test,CNV,cnv,OD,.tif,0.35557126998901367
CNV/149/023_CNV.tif,CNV-149,val,CNV,cnv,OD,.tif,0.35963529348373413
CNV/149/024_CNV.tif,CNV-149,val,CNV,cnv,OD,.tif,0.2613523304462433
CNV/149/025_CNV.tif,CNV-149,test,CNV,cnv,OD,.tif,0.2223079800605774
CNV/149/026_CNV.tif,CNV-149,test,CNV,cnv,OD,.tif,0.19636034965515137
CNV/149/027_CNV.tif,CNV-149,val,CNV,cnv,OD,.tif,0.16071833670139313
CNV/149/028_CNV.tif,CNV-149,test,CNV,cnv,OD,.tif,0.13455155491828918
CNV/149/029_Normal.tif,CNV-149,test,CNV,normal,OD,.tif,0.12148845195770264
CNV/149/030_Normal.tif,CNV-149,test,CNV,normal,OD,.tif,0.16290393471717834
CNV/150/000_Drusen.tif,CNV-150,test,CNV,drusen,OS,.tif,0.18656693398952484
CNV/150/001_Drusen.tif,CNV-150,test,CNV,drusen,OS,.tif,0.24394491314888
CNV/150/002_Drusen.tif,CNV-150,test,CNV,drusen,OS,.tif,0.19855046272277832
CNV/150/003_Drusen.tif,CNV-150,test,CNV,drusen,OS,.tif,0.16808785498142242
CNV/150/004_Drusen.tif,CNV-150,val,CNV,drusen,OS,.tif,0.19928233325481415
CNV/150/005_Drusen.tif,CNV-150,test,CNV,drusen,OS,.tif,0.217121422290802
CNV/150/006_CNV.tif,CNV-150,val,CNV,cnv,OS,.tif,0.23793134093284607
CNV/150/007_CNV.tif,CNV-150,val,CNV,cnv,OS,.tif,0.22141313552856445
CNV/150/008_CNV.tif,CNV-150,test,CNV,cnv,OS,.tif,0.24654674530029297
CNV/150/009_CNV.tif,CNV-150,test,CNV,cnv,OS,.tif,0.3301842510700226
CNV/150/010_CNV.tif,CNV-150,test,CNV,cnv,OS,.tif,0.36052942276000977
CNV/150/011_CNV.tif,CNV-150,test,CNV,cnv,OS,.tif,0.39366501569747925
CNV/150/012_CNV.tif,CNV-150,test,CNV,cnv,OS,.tif,0.2525927722454071
CNV/150/013_CNV.tif,CNV-150,val,CNV,cnv,OS,.tif,0.29317784309387207
CNV/150/014_CNV.tif,CNV-150,test,CNV,cnv,OS,.tif,0.2914939820766449
CNV/150/015_CNV.tif,CNV-150,test,CNV,cnv,OS,.tif,0.3616543114185333
CNV/150/016_CNV.tif,CNV-150,val,CNV,cnv,OS,.tif,0.3657197654247284
CNV/150/017_CNV.tif,CNV-150,test,CNV,cnv,OS,.tif,0.331345796585083
CNV/150/018_CNV.tif,CNV-150,val,CNV,cnv,OS,.tif,0.3721781373023987
CNV/150/019_CNV.tif,CNV-150,val,CNV,cnv,OS,.tif,0.2929719090461731
CNV/150/020_CNV.tif,CNV-150,test,CNV,cnv,OS,.tif,0.19972439110279083
CNV/150/021_Drusen.tif,CNV-150,test,CNV,drusen,OS,.tif,0.17038676142692566
CNV/150/022_Drusen.tif,CNV-150,test,CNV,drusen,OS,.tif,0.19026683270931244
CNV/150/023_Drusen.tif,CNV-150,test,CNV,drusen,OS,.tif,0.22157615423202515
CNV/150/024_Drusen.tif,CNV-150,test,CNV,drusen,OS,.tif,0.18916070461273193
CNV/150/025_Drusen.tif,CNV-150,test,CNV,drusen,OS,.tif,0.2087731659412384
CNV/150/026_Drusen.tif,CNV-150,test,CNV,drusen,OS,.tif,0.24438266456127167
CNV/150/027_Drusen.tif,CNV-150,val,CNV,drusen,OS,.tif,0.16888414323329926
CNV/150/028_Drusen.tif,CNV-150,test,CNV,drusen,OS,.tif,0.1958986222743988
CNV/150/029_Drusen.tif,CNV-150,test,CNV,drusen,OS,.tif,0.19418904185295105
CNV/150/030_Drusen.tif,CNV-150,test,CNV,drusen,OS,.tif,0.216179758310318
CNV/151/000_Drusen.tif,CNV-151,val,CNV,drusen,OD,.tif,0.13167831301689148
CNV/151/001_Drusen.tif,CNV-151,val,CNV,drusen,OD,.tif,0.16503846645355225
CNV/151/002_Drusen.tif,CNV-151,val,CNV,drusen,OD,.tif,0.12253743410110474
CNV/151/003_Drusen.tif,CNV-151,test,CNV,drusen,OD,.tif,0.1261114776134491
CNV/151/004_Drusen.tif,CNV-151,val,CNV,drusen,OD,.tif,0.12742474675178528
CNV/151/005_Normal.tif,CNV-151,test,CNV,normal,OD,.tif,0.14802229404449463
CNV/151/006_Normal.tif,CNV-151,test,CNV,normal,OD,.tif,0.1173883005976677
CNV/151/007_CNV.tif,CNV-151,test,CNV,cnv,OD,.tif,0.1595739722251892
CNV/151/008_CNV.tif,CNV-151,val,CNV,cnv,OD,.tif,0.2246522307395935
CNV/151/009_CNV.tif,CNV-151,test,CNV,cnv,OD,.tif,0.2634305953979492
CNV/151/010_CNV.tif,CNV-151,val,CNV,cnv,OD,.tif,0.3077050447463989
CNV/151/011_CNV.tif,CNV-151,test,CNV,cnv,OD,.tif,0.3151963949203491
CNV/151/012_CNV.tif,CNV-151,val,CNV,cnv,OD,.tif,0.2647024393081665
CNV/151/013_CNV.tif,CNV-151,val,CNV,cnv,OD,.tif,0.27556103467941284
CNV/151/014_CNV.tif,CNV-151,val,CNV,cnv,OD,.tif,0.29453688859939575
CNV/151/015_CNV.tif,CNV-151,val,CNV,cnv,OD,.tif,0.31380462646484375
CNV/151/016_CNV.tif,CNV-151,test,CNV,cnv,OD,.tif,0.27089792490005493
CNV/151/017_CNV.tif,CNV-151,test,CNV,cnv,OD,.tif,0.28652292490005493
CNV/151/018_CNV.tif,CNV-151,test,CNV,cnv,OD,.tif,0.3357624113559723
CNV/151/019_CNV.tif,CNV-151,test,CNV,cnv,OD,.tif,0.3128039240837097
CNV/151/020_CNV.tif,CNV-151,test,CNV,cnv,OD,.tif,0.25335296988487244
CNV/151/021_CNV.tif,CNV-151,val,CNV,cnv,OD,.tif,0.2380026876926422
CNV/151/022_CNV.tif,CNV-151,test,CNV,cnv,OD,.tif,0.2879589796066284
CNV/151/023_CNV.tif,CNV-151,test,CNV,cnv,OD,.tif,0.19141122698783875
CNV/151/024_CNV.tif,CNV-151,test,CNV,cnv,OD,.tif,0.18921086192131042
CNV/151/025_CNV.tif,CNV-151,test,CNV,cnv,OD,.tif,0.16499465703964233
CNV/151/026_CNV.tif,CNV-151,test,CNV,cnv,OD,.tif,0.15117457509040833
CNV/151/027_Drusen.tif,CNV-151,test,CNV,drusen,OD,.tif,0.13409636914730072
CNV/151/028_Drusen.tif,CNV-151,test,CNV,drusen,OD,.tif,0.1368284523487091
CNV/151/029_Drusen.tif,CNV-151,val,CNV,drusen,OD,.tif,0.13618214428424835
CNV/151/030_Drusen.tif,CNV-151,val,CNV,drusen,OD,.tif,0.1509649157524109
CNV/152/000_CNV.tif,CNV-152,test,CNV,cnv,OS,.tif,0.12978613376617432
CNV/152/001_CNV.tif,CNV-152,test,CNV,cnv,OS,.tif,0.14391812682151794
CNV/152/002_CNV.tif,CNV-152,test,CNV,cnv,OS,.tif,0.17074640095233917
CNV/152/003_CNV.tif,CNV-152,test,CNV,cnv,OS,.tif,0.14420700073242188
CNV/152/004_CNV.tif,CNV-152,val,CNV,cnv,OS,.tif,0.14747996628284454
CNV/152/005_CNV.tif,CNV-152,val,CNV,cnv,OS,.tif,0.1324259489774704
CNV/152/006_CNV.tif,CNV-152,test,CNV,cnv,OS,.tif,0.14862486720085144
CNV/152/007_CNV.tif,CNV-152,test,CNV,cnv,OS,.tif,0.13534119725227356
CNV/152/008_CNV.tif,CNV-152,test,CNV,cnv,OS,.tif,0.1695217788219452
CNV/152/009_CNV.tif,CNV-152,test,CNV,cnv,OS,.tif,0.1703847050666809
CNV/152/010_CNV.tif,CNV-152,val,CNV,cnv,OS,.tif,0.1813831627368927
CNV/152/011_CNV.tif,CNV-152,test,CNV,cnv,OS,.tif,0.2009526938199997
CNV/152/012_CNV.tif,CNV-152,test,CNV,cnv,OS,.tif,0.21611453592777252
CNV/152/013_CNV.tif,CNV-152,test,CNV,cnv,OS,.tif,0.1778489649295807
CNV/152/014_CNV.tif,CNV-152,test,CNV,cnv,OS,.tif,0.1939418762922287
CNV/152/015_CNV.tif,CNV-152,val,CNV,cnv,OS,.tif,0.16116151213645935
CNV/152/016_CNV.tif,CNV-152,test,CNV,cnv,OS,.tif,0.12263859808444977
CNV/152/017_CNV.tif,CNV-152,val,CNV,cnv,OS,.tif,0.10683301836252213
CNV/152/018_Normal.tif,CNV-152,val,CNV,normal,OS,.tif,0.14233583211898804
CNV/152/019_Normal.tif,CNV-152,test,CNV,normal,OS,.tif,0.13006353378295898
CNV/152/020_Drusen.tif,CNV-152,test,CNV,drusen,OS,.tif,0.13499394059181213
CNV/152/021_Drusen.tif,CNV-152,val,CNV,drusen,OS,.tif,0.1143207848072052
CNV/152/022_Normal.tif,CNV-152,test,CNV,normal,OS,.tif,0.10993914306163788
CNV/152/023_Normal.tif,CNV-152,test,CNV,normal,OS,.tif,0.12450197339057922
CNV/152/024_Normal.tif,CNV-152,test,CNV,normal,OS,.tif,0.11060485243797302
CNV/152/025_Normal.tif,CNV-152,test,CNV,normal,OS,.tif,0.13208317756652832
CNV/152/026_Normal.tif,CNV-152,test,CNV,normal,OS,.tif,0.1813013106584549
CNV/152/027_Normal.tif,CNV-152,val,CNV,normal,OS,.tif,0.14994776248931885
CNV/152/028_Normal.tif,CNV-152,test,CNV,normal,OS,.tif,0.18362098932266235
CNV/152/029_Normal.tif,CNV-152,test,CNV,normal,OS,.tif,0.20695139467716217
CNV/152/030_Normal.tif,CNV-152,test,CNV,normal,OS,.tif,0.24253115057945251
CNV/153/000_CNV.tif,CNV-153,test,CNV,cnv,OS,.tif,0.1735764741897583
CNV/153/001_CNV.tif,CNV-153,test,CNV,cnv,OS,.tif,0.16338898241519928
CNV/153/002_CNV.tif,CNV-153,val,CNV,cnv,OS,.tif,0.16815222799777985
CNV/153/003_CNV.tif,CNV-153,val,CNV,cnv,OS,.tif,0.17037563025951385
CNV/153/004_CNV.tif,CNV-153,val,CNV,cnv,OS,.tif,0.18387901782989502
CNV/153/005_CNV.tif,CNV-153,test,CNV,cnv,OS,.tif,0.2103346288204193
CNV/153/006_CNV.tif,CNV-153,val,CNV,cnv,OS,.tif,0.17459914088249207
CNV/153/007_CNV.tif,CNV-153,test,CNV,cnv,OS,.tif,0.22584418952465057
CNV/153/008_CNV.tif,CNV-153,val,CNV,cnv,OS,.tif,0.30826103687286377
CNV/153/009_CNV.tif,CNV-153,val,CNV,cnv,OS,.tif,0.26356643438339233
CNV/153/010_CNV.tif,CNV-153,test,CNV,cnv,OS,.tif,0.3560143709182739
CNV/153/011_CNV.tif,CNV-153,test,CNV,cnv,OS,.tif,0.29700666666030884
CNV/153/012_CNV.tif,CNV-153,test,CNV,cnv,OS,.tif,0.24740855395793915
CNV/153/013_CNV.tif,CNV-153,test,CNV,cnv,OS,.tif,0.26365435123443604
CNV/153/014_CNV.tif,CNV-153,test,CNV,cnv,OS,.tif,0.27017781138420105
CNV/153/015_CNV.tif,CNV-153,val,CNV,cnv,OS,.tif,0.24229276180267334
CNV/153/016_CNV.tif,CNV-153,test,CNV,cnv,OS,.tif,0.25263670086860657
CNV/153/017_CNV.tif,CNV-153,val,CNV,cnv,OS,.tif,0.2058308869600296
CNV/153/018_CNV.tif,CNV-153,val,CNV,cnv,OS,.tif,0.2003963142633438
CNV/153/019_CNV.tif,CNV-153,test,CNV,cnv,OS,.tif,0.30420756340026855
CNV/153/020_CNV.tif,CNV-153,val,CNV,cnv,OS,.tif,0.2666182518005371
CNV/153/021_CNV.tif,CNV-153,test,CNV,cnv,OS,.tif,0.2135516107082367
CNV/153/022_CNV.tif,CNV-153,val,CNV,cnv,OS,.tif,0.17983588576316833
CNV/153/023_CNV.tif,CNV-153,test,CNV,cnv,OS,.tif,0.17974746227264404
CNV/153/024_Drusen.tif,CNV-153,test,CNV,drusen,OS,.tif,0.18492090702056885
CNV/153/025_Drusen.tif,CNV-153,test,CNV,drusen,OS,.tif,0.179329976439476
CNV/153/026_Drusen.tif,CNV-153,val,CNV,drusen,OS,.tif,0.1855854094028473
CNV/153/027_Drusen.tif,CNV-153,test,CNV,drusen,OS,.tif,0.14781147241592407
CNV/153/028_Drusen.tif,CNV-153,test,CNV,drusen,OS,.tif,0.1314275562763214
CNV/153/029_Drusen.tif,CNV-153,test,CNV,drusen,OS,.tif,0.15078991651535034
CNV/153/030_Drusen.tif,CNV-153,test,CNV,drusen,OS,.tif,0.13235816359519958
CNV/154/000_Drusen.tif,CNV-154,test,CNV,drusen,OS,.tif,0.16381791234016418
CNV/154/001_Drusen.tif,CNV-154,test,CNV,drusen,OS,.tif,0.17391861975193024
CNV/154/002_Drusen.tif,CNV-154,val,CNV,drusen,OS,.tif,0.1727590560913086
CNV/154/003_Drusen.tif,CNV-154,test,CNV,drusen,OS,.tif,0.19732560217380524
CNV/154/004_Drusen.tif,CNV-154,test,CNV,drusen,OS,.tif,0.13369566202163696
CNV/154/005_Drusen.tif,CNV-154,test,CNV,drusen,OS,.tif,0.12532338500022888
CNV/154/006_Drusen.tif,CNV-154,val,CNV,drusen,OS,.tif,0.12509092688560486
CNV/154/007_Drusen.tif,CNV-154,test,CNV,drusen,OS,.tif,0.16404128074645996
CNV/154/008_Drusen.tif,CNV-154,test,CNV,drusen,OS,.tif,0.18525294959545135
CNV/154/009_Drusen.tif,CNV-154,test,CNV,drusen,OS,.tif,0.18930986523628235
CNV/154/010_CNV.tif,CNV-154,val,CNV,cnv,OS,.tif,0.1544167399406433
CNV/154/011_CNV.tif,CNV-154,test,CNV,cnv,OS,.tif,0.18940678238868713
CNV/154/012_CNV.tif,CNV-154,val,CNV,cnv,OS,.tif,0.19967418909072876
CNV/154/013_CNV.tif,CNV-154,test,CNV,cnv,OS,.tif,0.24708986282348633
CNV/154/014_CNV.tif,CNV-154,val,CNV,cnv,OS,.tif,0.227082759141922
CNV/154/015_CNV.tif,CNV-154,test,CNV,cnv,OS,.tif,0.27186381816864014
CNV/154/016_CNV.tif,CNV-154,val,CNV,cnv,OS,.tif,0.2186051607131958
CNV/154/017_CNV.tif,CNV-154,test,CNV,cnv,OS,.tif,0.20113436877727509
CNV/154/018_CNV.tif,CNV-154,test,CNV,cnv,OS,.tif,0.1648063063621521
CNV/154/019_Drusen.tif,CNV-154,val,CNV,drusen,OS,.tif,0.1662173718214035
CNV/154/020_Drusen.tif,CNV-154,test,CNV,drusen,OS,.tif,0.15620335936546326
CNV/154/021_Drusen.tif,CNV-154,val,CNV,drusen,OS,.tif,0.16229452192783356
CNV/154/022_Drusen.tif,CNV-154,test,CNV,drusen,OS,.tif,0.252586305141449
CNV/154/023_Drusen.tif,CNV-154,test,CNV,drusen,OS,.tif,0.16827429831027985
CNV/154/024_Drusen.tif,CNV-154,val,CNV,drusen,OS,.tif,0.1660008728504181
CNV/154/025_Drusen.tif,CNV-154,test,CNV,drusen,OS,.tif,0.1586487889289856
CNV/154/026_Drusen.tif,CNV-154,test,CNV,drusen,OS,.tif,0.1292637139558792
CNV/154/027_Drusen.tif,CNV-154,val,CNV,drusen,OS,.tif,0.12297024577856064
CNV/154/028_Drusen.tif,CNV-154,test,CNV,drusen,OS,.tif,0.1298239529132843
CNV/154/029_Drusen.tif,CNV-154,val,CNV,drusen,OS,.tif,0.14078009128570557
CNV/154/030_Drusen.tif,CNV-154,test,CNV,drusen,OS,.tif,0.13225381076335907
CNV/155/000_Normal.tif,CNV-155,val,CNV,normal,OD,.tif,0.1808437556028366
CNV/155/001_Normal.tif,CNV-155,val,CNV,normal,OD,.tif,0.16207093000411987
CNV/155/002_Normal.tif,CNV-155,test,CNV,normal,OD,.tif,0.14434504508972168
CNV/155/003_Normal.tif,CNV-155,test,CNV,normal,OD,.tif,0.17626476287841797
CNV/155/004_Normal.tif,CNV-155,test,CNV,normal,OD,.tif,0.17017993330955505
CNV/155/005_Normal.tif,CNV-155,test,CNV,normal,OD,.tif,0.1526147872209549
CNV/155/006_Normal.tif,CNV-155,val,CNV,normal,OD,.tif,0.21862968802452087
CNV/155/007_Normal.tif,CNV-155,val,CNV,normal,OD,.tif,0.24992725253105164
CNV/155/008_CNV.tif,CNV-155,val,CNV,cnv,OD,.tif,0.20201478898525238
CNV/155/009_CNV.tif,CNV-155,test,CNV,cnv,OD,.tif,0.1823592633008957
CNV/155/010_CNV.tif,CNV-155,test,CNV,cnv,OD,.tif,0.22284182906150818
CNV/155/011_CNV.tif,CNV-155,test,CNV,cnv,OD,.tif,0.16278420388698578
CNV/155/012_CNV.tif,CNV-155,val,CNV,cnv,OD,.tif,0.19727975130081177
CNV/155/013_CNV.tif,CNV-155,test,CNV,cnv,OD,.tif,0.27850815653800964
CNV/155/014_CNV.tif,CNV-155,test,CNV,cnv,OD,.tif,0.29847389459609985
CNV/155/015_CNV.tif,CNV-155,val,CNV,cnv,OD,.tif,0.2848805785179138
CNV/155/016_CNV.tif,CNV-155,test,CNV,cnv,OD,.tif,0.3434876799583435
CNV/155/017_CNV.tif,CNV-155,val,CNV,cnv,OD,.tif,0.30513036251068115
CNV/155/018_CNV.tif,CNV-155,test,CNV,cnv,OD,.tif,0.31079715490341187
CNV/155/019_CNV.tif,CNV-155,val,CNV,cnv,OD,.tif,0.2958787679672241
CNV/155/020_CNV.tif,CNV-155,test,CNV,cnv,OD,.tif,0.20029348134994507
CNV/155/021_CNV.tif,CNV-155,test,CNV,cnv,OD,.tif,0.2504153549671173
CNV/155/022_Drusen.tif,CNV-155,test,CNV,drusen,OD,.tif,0.18357250094413757
CNV/155/023_Drusen.tif,CNV-155,test,CNV,drusen,OD,.tif,0.1812267005443573
CNV/155/024_Normal.tif,CNV-155,test,CNV,normal,OD,.tif,0.22424307465553284
CNV/155/025_Normal.tif,CNV-155,test,CNV,normal,OD,.tif,0.20789355039596558
CNV/155/026_Normal.tif,CNV-155,test,CNV,normal,OD,.tif,0.15463285148143768
CNV/155/027_Normal.tif,CNV-155,val,CNV,normal,OD,.tif,0.13720321655273438
CNV/155/028_Normal.tif,CNV-155,val,CNV,normal,OD,.tif,0.11245152354240417
CNV/155/029_Normal.tif,CNV-155,val,CNV,normal,OD,.tif,0.13045179843902588
CNV/155/030_Normal.tif,CNV-155,test,CNV,normal,OD,.tif,0.14975278079509735
CNV/157/000_Drusen.tif,CNV-157,test,CNV,drusen,OS,.tif,0.1387525051832199
CNV/157/001_Drusen.tif,CNV-157,val,CNV,drusen,OS,.tif,0.14326052367687225
CNV/157/002_Drusen.tif,CNV-157,val,CNV,drusen,OS,.tif,0.12793800234794617
CNV/157/003_Drusen.tif,CNV-157,val,CNV,drusen,OS,.tif,0.13606083393096924
CNV/157/004_Normal.tif,CNV-157,test,CNV,normal,OS,.tif,0.09914835542440414
CNV/157/005_Drusen.tif,CNV-157,test,CNV,drusen,OS,.tif,0.13492801785469055
CNV/157/006_CNV.tif,CNV-157,val,CNV,cnv,OS,.tif,0.16828438639640808
CNV/157/007_CNV.tif,CNV-157,test,CNV,cnv,OS,.tif,0.16091370582580566
CNV/157/008_CNV.tif,CNV-157,test,CNV,cnv,OS,.tif,0.1479821503162384
CNV/157/009_CNV.tif,CNV-157,test,CNV,cnv,OS,.tif,0.17413820326328278
CNV/157/010_CNV.tif,CNV-157,test,CNV,cnv,OS,.tif,0.21525239944458008
CNV/157/011_CNV.tif,CNV-157,val,CNV,cnv,OS,.tif,0.23835888504981995
CNV/157/012_CNV.tif,CNV-157,test,CNV,cnv,OS,.tif,0.2613196074962616
CNV/157/013_CNV.tif,CNV-157,test,CNV,cnv,OS,.tif,0.28807348012924194
CNV/157/014_CNV.tif,CNV-157,val,CNV,cnv,OS,.tif,0.25769513845443726
CNV/157/015_CNV.tif,CNV-157,test,CNV,cnv,OS,.tif,0.2248109132051468
CNV/157/016_CNV.tif,CNV-157,test,CNV,cnv,OS,.tif,0.22669702768325806
CNV/157/017_CNV.tif,CNV-157,val,CNV,cnv,OS,.tif,0.1682242453098297
CNV/157/018_CNV.tif,CNV-157,test,CNV,cnv,OS,.tif,0.18831005692481995
CNV/157/019_CNV.tif,CNV-157,test,CNV,cnv,OS,.tif,0.184179425239563
CNV/157/020_Drusen.tif,CNV-157,val,CNV,drusen,OS,.tif,0.16131095588207245
CNV/157/021_Drusen.tif,CNV-157,test,CNV,drusen,OS,.tif,0.14643937349319458
CNV/157/022_Drusen.tif,CNV-157,val,CNV,drusen,OS,.tif,0.14042940735816956
CNV/157/023_Drusen.tif,CNV-157,test,CNV,drusen,OS,.tif,0.1828397512435913
CNV/157/024_Drusen.tif,CNV-157,test,CNV,drusen,OS,.tif,0.19053009152412415
CNV/158/000_Normal.tif,CNV-158,test,CNV,normal,OS,.tif,0.1307084560394287
CNV/158/001_Normal.tif,CNV-158,val,CNV,normal,OS,.tif,0.13795116543769836
CNV/158/002_Normal.tif,CNV-158,test,CNV,normal,OS,.tif,0.16630198061466217
CNV/158/003_Normal.tif,CNV-158,test,CNV,normal,OS,.tif,0.14771482348442078
CNV/158/004_Drusen.tif,CNV-158,test,CNV,drusen,OS,.tif,0.17595990002155304
CNV/158/005_Drusen.tif,CNV-158,test,CNV,drusen,OS,.tif,0.13085095584392548
CNV/158/006_Drusen.tif,CNV-158,test,CNV,drusen,OS,.tif,0.15879002213478088
CNV/158/007_Drusen.tif,CNV-158,val,CNV,drusen,OS,.tif,0.1516495794057846
CNV/158/008_Drusen.tif,CNV-158,test,CNV,drusen,OS,.tif,0.08204398304224014
CNV/158/009_Drusen.tif,CNV-158,test,CNV,drusen,OS,.tif,0.11275018751621246
CNV/158/010_CNV.tif,CNV-158,test,CNV,cnv,OS,.tif,0.1862899363040924
CNV/158/011_CNV.tif,CNV-158,test,CNV,cnv,OS,.tif,0.24783501029014587
CNV/158/012_CNV.tif,CNV-158,val,CNV,cnv,OS,.tif,0.31792232394218445
CNV/158/013_CNV.tif,CNV-158,val,CNV,cnv,OS,.tif,0.30547037720680237
CNV/158/014_CNV.tif,CNV-158,test,CNV,cnv,OS,.tif,0.3431042432785034
CNV/158/015_CNV.tif,CNV-158,test,CNV,cnv,OS,.tif,0.28943932056427
CNV/158/016_CNV.tif,CNV-158,test,CNV,cnv,OS,.tif,0.3042050302028656
CNV/158/017_CNV.tif,CNV-158,test,CNV,cnv,OS,.tif,0.21399401128292084
CNV/158/018_CNV.tif,CNV-158,test,CNV,cnv,OS,.tif,0.1505802869796753
CNV/158/019_Drusen.tif,CNV-158,test,CNV,drusen,OS,.tif,0.18112324178218842
CNV/158/020_Drusen.tif,CNV-158,test,CNV,drusen,OS,.tif,0.14531134068965912
CNV/158/021_Drusen.tif,CNV-158,test,CNV,drusen,OS,.tif,0.13707655668258667
CNV/158/022_Drusen.tif,CNV-158,test,CNV,drusen,OS,.tif,0.14557430148124695
CNV/158/023_Drusen.tif,CNV-158,test,CNV,drusen,OS,.tif,0.14377260208129883
CNV/158/024_Drusen.tif,CNV-158,val,CNV,drusen,OS,.tif,0.17147499322891235
CNV/158/025_Drusen.tif,CNV-158,test,CNV,drusen,OS,.tif,0.16858111321926117
CNV/158/026_Drusen.tif,CNV-158,val,CNV,drusen,OS,.tif,0.1752549111843109
CNV/158/027_Drusen.tif,CNV-158,test,CNV,drusen,OS,.tif,0.19092530012130737
CNV/158/028_Drusen.tif,CNV-158,val,CNV,drusen,OS,.tif,0.12030032277107239
CNV/158/029_Drusen.tif,CNV-158,test,CNV,drusen,OS,.tif,0.14491945505142212
CNV/158/030_Drusen.tif,CNV-158,val,CNV,drusen,OS,.tif,0.14581599831581116
DRUSEN/1/000_Normal.jpg,DRUSEN-001,test,DRUSEN,normal,OD,.jpg,0.1810002475976944
DRUSEN/1/001_Normal.jpg,DRUSEN-001,test,DRUSEN,normal,OD,.jpg,0.17418941855430603
DRUSEN/1/002_Normal.jpg,DRUSEN-001,test,DRUSEN,normal,OD,.jpg,0.1854071468114853
DRUSEN/1/003_Normal.jpg,DRUSEN-001,test,DRUSEN,normal,OD,.jpg,0.18540501594543457
DRUSEN/1/004_Drusen.jpg,DRUSEN-001,val,DRUSEN,drusen,OD,.jpg,0.19854025542736053
DRUSEN/1/005_Drusen.jpg,DRUSEN-001,test,DRUSEN,drusen,OD,.jpg,0.19247573614120483
DRUSEN/1/006_Normal.jpg,DRUSEN-001,val,DRUSEN,normal,OD,.jpg,0.1887100636959076
DRUSEN/1/007_Normal.jpg,DRUSEN-001,test,DRUSEN,normal,OD,.jpg,0.17383268475532532
DRUSEN/1/008_Normal.jpg,DRUSEN-001,test,DRUSEN,normal,OD,.jpg,0.1836961805820465
DRUSEN/1/009_Normal.jpg,DRUSEN-001,test,DRUSEN,normal,OD,.jpg,0.1862325817346573
DRUSEN/1/010_Normal.jpg,DRUSEN-001,test,DRUSEN,normal,OD,.jpg,0.23328301310539246
DRUSEN/1/011_Drusen.jpg,DRUSEN-001,val,DRUSEN,drusen,OD,.jpg,0.21455176174640656
DRUSEN/1/012_Normal.jpg,DRUSEN-001,test,DRUSEN,normal,OD,.jpg,0.2550908923149109
DRUSEN/1/013_Normal.jpg,DRUSEN-001,test,DRUSEN,normal,OD,.jpg,0.2528151273727417
DRUSEN/1/014_Normal.jpg,DRUSEN-001,test,DRUSEN,normal,OD,.jpg,0.2189086377620697
DRUSEN/1/015_Normal.jpg,DRUSEN-001,val,DRUSEN,normal,OD,.jpg,0.19363699853420258
DRUSEN/1/016_Normal.jpg,DRUSEN-001,val,DRUSEN,normal,OD,.jpg,0.15391528606414795
DRUSEN/1/017_Normal.jpg,DRUSEN-001,val,DRUSEN,normal,OD,.jpg,0.1663893461227417
DRUSEN/1/018_Normal.jpg,DRUSEN-001,val,DRUSEN,normal,OD,.jpg,0.1445859670639038
DRUSEN/1/019_Normal.jpg,DRUSEN-001,test,DRUSEN,normal,OD,.jpg,0.15021108090877533
DRUSEN/1/020_Drusen.jpg,DRUSEN-001,test,DRUSEN,drusen,OD,.jpg,0.17148715257644653
DRUSEN/1/021_Drusen.jpg,DRUSEN-001,test,DRUSEN,drusen,OD,.jpg,0.1686876118183136
DRUSEN/1/022_Normal.jpg,DRUSEN-001,test,DRUSEN,normal,OD,.jpg,0.14823560416698456
DRUSEN/1/023_Normal.jpg,DRUSEN-001,test,DRUSEN,normal,OD,.jpg,0.1603977084159851
DRUSEN/1/024_Normal.jpg,DRUSEN-001,val,DRUSEN,normal,OD,.jpg,0.1604686826467514
DRUSEN/2/000_Normal.jpg,DRUSEN-002,val,DRUSEN,normal,OD,.jpg,0.12076736241579056
DRUSEN/2/001_Normal.jpg,DRUSEN-002,test,DRUSEN,normal,OD,.jpg,0.10923982411623001
DRUSEN/2/002_Normal.jpg,DRUSEN-002,test,DRUSEN,normal,OD,.jpg,0.09794238209724426
DRUSEN/2/003_Normal.jpg,DRUSEN-002,val,DRUSEN,normal,OD,.jpg,0.14000195264816284
DRUSEN/2/004_Normal.jpg,DRUSEN-002,test,DRUSEN,normal,OD,.jpg,0.1338277906179428
DRUSEN/2/005_Normal.jpg,DRUSEN-002,val,DRUSEN,normal,OD,.jpg,0.16291193664073944
DRUSEN/2/006_Normal.jpg,DRUSEN-002,test,DRUSEN,normal,OD,.jpg,0.11375563591718674
DRUSEN/2/007_Drusen.jpg,DRUSEN-002,test,DRUSEN,drusen,OD,.jpg,0.08007612824440002
DRUSEN/2/008_Drusen.jpg,DRUSEN-002,test,DRUSEN,drusen,OD,.jpg,0.10067658126354218
DRUSEN/2/009_Drusen.jpg,DRUSEN-002,val,DRUSEN,drusen,OD,.jpg,0.08922149986028671
DRUSEN/2/010_Normal.jpg,DRUSEN-002,val,DRUSEN,normal,OD,.jpg,0.10675227642059326
DRUSEN/2/011_Drusen.jpg,DRUSEN-002,test,DRUSEN,drusen,OD,.jpg,0.13881248235702515
DRUSEN/2/012_Drusen.jpg,DRUSEN-002,val,DRUSEN,drusen,OD,.jpg,0.16516214609146118
DRUSEN/2/013_Drusen.jpg,DRUSEN-002,test,DRUSEN,drusen,OD,.jpg,0.24494656920433044
DRUSEN/2/014_Drusen.jpg,DRUSEN-002,test,DRUSEN,drusen,OD,.jpg,0.20206230878829956
DRUSEN/2/015_Drusen.jpg,DRUSEN-002,test,DRUSEN,drusen,OD,.jpg,0.24905821681022644
DRUSEN/2/016_Drusen.jpg,DRUSEN-002,val,DRUSEN,drusen,OD,.jpg,0.21354913711547852
DRUSEN/2/017_Drusen.jpg,DRUSEN-002,val,DRUSEN,drusen,OD,.jpg,0.18770667910575867
DRUSEN/2/018_Drusen.jpg,DRUSEN-002,val,DRUSEN,drusen,OD,.jpg,0.16465787589550018
DRUSEN/2/019_Drusen.jpg,DRUSEN-002,test,DRUSEN,drusen,OD,.jpg,0.14759184420108795
DRUSEN/2/020_Drusen.jpg,DRUSEN-002,val,DRUSEN,drusen,OD,.jpg,0.12581856548786163
DRUSEN/2/021_Normal.jpg,DRUSEN-002,test,DRUSEN,normal,OD,.jpg,0.12101653218269348
DRUSEN/2/022_Drusen.jpg,DRUSEN-002,test,DRUSEN,drusen,OD,.jpg,0.1076698750257492
DRUSEN/2/023_Normal.jpg,DRUSEN-002,val,DRUSEN,normal,OD,.jpg,0.11820583045482635
DRUSEN/2/024_Normal.jpg,DRUSEN-002,val,DRUSEN,normal,OD,.jpg,0.11269006878137589
DRUSEN/2/025_Normal.jpg,DRUSEN-002,test,DRUSEN,normal,OD,.jpg,0.12151465564966202
DRUSEN/2/026_Normal.jpg,DRUSEN-002,test,DRUSEN,normal,OD,.jpg,0.12847894430160522
DRUSEN/2/027_Normal.jpg,DRUSEN-002,test,DRUSEN,normal,OD,.jpg,0.1718234121799469
DRUSEN/2/028_Normal.jpg,DRUSEN-002,test,DRUSEN,normal,OD,.jpg,0.17381560802459717
DRUSEN/2/029_Normal.jpg,DRUSEN-002,test,DRUSEN,normal,OD,.jpg,0.15474382042884827
DRUSEN/2/030_Normal.jpg,DRUSEN-002,test,DRUSEN,normal,OD,.jpg,0.21078696846961975
DRUSEN/3/000_Drusen.jpg,DRUSEN-003,test,DRUSEN,drusen,OD,.jpg,0.12195391952991486
DRUSEN/3/001_Drusen.jpg,DRUSEN-003,val,DRUSEN,drusen,OD,.jpg,0.11282090842723846
DRUSEN/3/002_Drusen.jpg,DRUSEN-003,test,DRUSEN,drusen,OD,.jpg,0.1251816600561142
DRUSEN/3/003_Drusen.jpg,DRUSEN-003,test,DRUSEN,drusen,OD,.jpg,0.11615817248821259
DRUSEN/3/004_Drusen.jpg,DRUSEN-003,val,DRUSEN,drusen,OD,.jpg,0.11136748641729355
DRUSEN/3/005_Drusen.jpg,DRUSEN-003,val,DRUSEN,drusen,OD,.jpg,0.15398603677749634
DRUSEN/3/006_Drusen.jpg,DRUSEN-003,test,DRUSEN,drusen,OD,.jpg,0.1026458889245987
DRUSEN/3/007_Drusen.jpg,DRUSEN-003,test,DRUSEN,drusen,OD,.jpg,0.16777506470680237
DRUSEN/3/008_Drusen.jpg,DRUSEN-003,test,DRUSEN,drusen,OD,.jpg,0.1315334439277649
DRUSEN/3/009_Drusen.jpg,DRUSEN-003,test,DRUSEN,drusen,OD,.jpg,0.17676013708114624
DRUSEN/3/010_Drusen.jpg,DRUSEN-003,test,DRUSEN,drusen,OD,.jpg,0.17043539881706238
DRUSEN/3/011_Drusen.jpg,DRUSEN-003,test,DRUSEN,drusen,OD,.jpg,0.19251537322998047
DRUSEN/3/012_Drusen.jpg,DRUSEN-003,test,DRUSEN,drusen,OD,.jpg,0.21776339411735535
DRUSEN/3/013_Drusen.jpg,DRUSEN-003,test,DRUSEN,drusen,OD,.jpg,0.17142733931541443
DRUSEN/3/014_Drusen.jpg,DRUSEN-003,test,DRUSEN,drusen,OD,.jpg,0.20229065418243408
DRUSEN/3/015_Drusen.jpg,DRUSEN-003,test,DRUSEN,drusen,OD,.jpg,0.19088219106197357
DRUSEN/3/016_Drusen.jpg,DRUSEN-003,test,DRUSEN,drusen,OD,.jpg,0.1737341731786728
DRUSEN/3/017_Drusen.jpg,DRUSEN-003,test,DRUSEN,drusen,OD,.jpg,0.2522467374801636
DRUSEN/3/018_Drusen.jpg,DRUSEN-003,val,DRUSEN,drusen,OD,.jpg,0.13642790913581848
DRUSEN/3/019_Drusen.jpg,DRUSEN-003,val,DRUSEN,drusen,OD,.jpg,0.1605277806520462
DRUSEN/3/020_Drusen.jpg,DRUSEN-003,test,DRUSEN,drusen,OD,.jpg,0.13249363005161285
DRUSEN/3/021_Drusen.jpg,DRUSEN-003,test,DRUSEN,drusen,OD,.jpg,0.09333052486181259
DRUSEN/3/022_Drusen.jpg,DRUSEN-003,test,DRUSEN,drusen,OD,.jpg,0.12702658772468567
DRUSEN/3/023_Drusen.jpg,DRUSEN-003,val,DRUSEN,drusen,OD,.jpg,0.15649069845676422
DRUSEN/3/024_Drusen.jpg,DRUSEN-003,test,DRUSEN,drusen,OD,.jpg,0.09763138741254807
DRUSEN/3/025_Drusen.jpg,DRUSEN-003,test,DRUSEN,drusen,OD,.jpg,0.10217765718698502
DRUSEN/3/026_Drusen.jpg,DRUSEN-003,test,DRUSEN,drusen,OD,.jpg,0.10186371207237244
DRUSEN/3/027_Drusen.jpg,DRUSEN-003,test,DRUSEN,drusen,OD,.jpg,0.10270075500011444
DRUSEN/3/028_Drusen.jpg,DRUSEN-003,test,DRUSEN,drusen,OD,.jpg,0.10288277268409729
DRUSEN/3/029_Drusen.jpg,DRUSEN-003,test,DRUSEN,drusen,OD,.jpg,0.1128944605588913
DRUSEN/3/030_Drusen.jpg,DRUSEN-003,test,DRUSEN,drusen,OD,.jpg,0.14754779636859894
DRUSEN/4/000_Normal.jpg,DRUSEN-004,test,DRUSEN,normal,OS,.jpg,0.19986358284950256
DRUSEN/4/001_Normal.jpg,DRUSEN-004,val,DRUSEN,normal,OS,.jpg,0.17530563473701477
DRUSEN/4/002_Normal.jpg,DRUSEN-004,test,DRUSEN,normal,OS,.jpg,0.17178955674171448
DRUSEN/4/003_Normal.jpg,DRUSEN-004,val,DRUSEN,normal,OS,.jpg,0.15833821892738342
DRUSEN/4/004_Normal.jpg,DRUSEN-004,test,DRUSEN,normal,OS,.jpg,0.14637058973312378
DRUSEN/4/005_Normal.jpg,DRUSEN-004,test,DRUSEN,normal,OS,.jpg,0.2393445521593094
DRUSEN/4/006_Normal.jpg,DRUSEN-004,val,DRUSEN,normal,OS,.jpg,0.1911153346300125
DRUSEN/4/007_Normal.jpg,DRUSEN-004,test,DRUSEN,normal,OS,.jpg,0.19259534776210785
DRUSEN/4/008_Normal.jpg,DRUSEN-004,val,DRUSEN,normal,OS,.jpg,0.24495169520378113
DRUSEN/4/009_Normal.jpg,DRUSEN-004,test,DRUSEN,normal,OS,.jpg,0.2418093979358673
DRUSEN/4/010_Normal.jpg,DRUSEN-004,val,DRUSEN,normal,OS,.jpg,0.2289166897535324
DRUSEN/4/011_Drusen.jpg,DRUSEN-004,val,DRUSEN,drusen,OS,.jpg,0.2357797920703888
DRUSEN/4/012_Normal.jpg,DRUSEN-004,test,DRUSEN,normal,OS,.jpg,0.25336354970932007
DRUSEN/4/013_Normal.jpg,DRUSEN-004,test,DRUSEN,normal,OS,.jpg,0.32305362820625305
DRUSEN/4/014_Normal.jpg,DRUSEN-004,test,DRUSEN,normal,OS,.jpg,0.29071927070617676
DRUSEN/4/015_Drusen.jpg,DRUSEN-004,val,DRUSEN,drusen,OS,.jpg,0.2785359025001526
DRUSEN/4/016_Normal.jpg,DRUSEN-004,test,DRUSEN,normal,OS,.jpg,0.2971809506416321
DRUSEN/4/017_Drusen.jpg,DRUSEN-004,test,DRUSEN,drusen,OS,.jpg,0.23689545691013336
DRUSEN/4/018_Normal.jpg,DRUSEN-004,test,DRUSEN,normal,OS,.jpg,0.231206476688385
DRUSEN/4/019_Normal.jpg,DRUSEN-004,test,DRUSEN,normal,OS,.jpg,0.2269827276468277
DRUSEN/4/020_Normal.jpg,DRUSEN-004,test,DRUSEN,normal,OS,.jpg,0.21715521812438965
DRUSEN/4/021_Normal.jpg,DRUSEN-004,val,DRUSEN,normal,OS,.jpg,0.20812761783599854
DRUSEN/4/022_Normal.jpg,DRUSEN-004,val,DRUSEN,normal,OS,.jpg,0.1828150600194931
DRUSEN/4/023_Normal.jpg,DRUSEN-004,test,DRUSEN,normal,OS,.jpg,0.194962739944458
DRUSEN/4/024_Normal.jpg,DRUSEN-004,test,DRUSEN,normal,OS,.jpg,0.1731513887643814
DRUSEN/4/025_Normal.jpg,DRUSEN-004,test,DRUSEN,normal,OS,.jpg,0.16293753683567047
DRUSEN/4/026_Normal.jpg,DRUSEN-004,test,DRUSEN,normal,OS,.jpg,0.19949394464492798
DRUSEN/4/027_Normal.jpg,DRUSEN-004,val,DRUSEN,normal,OS,.jpg,0.20372113585472107
DRUSEN/4/028_Normal.jpg,DRUSEN-004,test,DRUSEN,normal,OS,.jpg,0.17901156842708588
DRUSEN/4/029_Normal.jpg,DRUSEN-004,val,DRUSEN,normal,OS,.jpg,0.1916869431734085
DRUSEN/4/030_Normal.jpg,DRUSEN-004,test,DRUSEN,normal,OS,.jpg,0.17362219095230103
DRUSEN/5/OD/000_Normal.jpg,DRUSEN-005,test,DRUSEN,normal,OD,.jpg,0.17876718938350677
DRUSEN/5/OD/001_Normal.jpg,DRUSEN-005,test,DRUSEN,normal,OD,.jpg,0.17964686453342438
DRUSEN/5/OD/002_Normal.jpg,DRUSEN-005,test,DRUSEN,normal,OD,.jpg,0.1951105296611786
DRUSEN/5/OD/003_Normal.jpg,DRUSEN-005,test,DRUSEN,normal,OD,.jpg,0.17787304520606995
DRUSEN/5/OD/004_Normal.jpg,DRUSEN-005,test,DRUSEN,normal,OD,.jpg,0.12865427136421204
DRUSEN/5/OD/005_Normal.jpg,DRUSEN-005,test,DRUSEN,normal,OD,.jpg,0.11315146088600159
DRUSEN/5/OD/006_Normal.jpg,DRUSEN-005,test,DRUSEN,normal,OD,.jpg,0.11549131572246552
DRUSEN/5/OD/007_Drusen.jpg,DRUSEN-005,val,DRUSEN,drusen,OD,.jpg,0.13349467515945435
DRUSEN/5/OD/008_Drusen.jpg,DRUSEN-005,test,DRUSEN,drusen,OD,.jpg,0.11508746445178986
DRUSEN/5/OD/009_Drusen.jpg,DRUSEN-005,test,DRUSEN,drusen,OD,.jpg,0.14246471226215363
DRUSEN/5/OD/010_Normal.jpg,DRUSEN-005,val,DRUSEN,normal,OD,.jpg,0.10557116568088531
DRUSEN/5/OD/011_Drusen.jpg,DRUSEN-005,test,DRUSEN,drusen,OD,.jpg,0.10819798707962036
DRUSEN/5/OD/012_Drusen.jpg,DRUSEN-005,val,DRUSEN,drusen,OD,.jpg,0.12783658504486084
DRUSEN/5/OD/013_Drusen.jpg,DRUSEN-005,test,DRUSEN,drusen,OD,.jpg,0.16764840483665466
DRUSEN/5/OD/014_Drusen.jpg,DRUSEN-005,test,DRUSEN,drusen,OD,.jpg,0.2378481775522232
DRUSEN/5/OD/015_Drusen.jpg,DRUSEN-005,test,DRUSEN,drusen,OD,.jpg,0.23082906007766724
DRUSEN/5/OD/016_Drusen.jpg,DRUSEN-005,test,DRUSEN,drusen,OD,.jpg,0.19996607303619385
DRUSEN/5/OD/017_Drusen.jpg,DRUSEN-005,val,DRUSEN,drusen,OD,.jpg,0.19891753792762756
DRUSEN/5/OD/018_Drusen.jpg,DRUSEN-005,val,DRUSEN,drusen,OD,.jpg,0.1636059582233429
DRUSEN/5/OD/019_Normal.jpg,DRUSEN-005,test,DRUSEN,normal,OD,.jpg,0.17094993591308594
DRUSEN/5/OD/020_Normal.jpg,DRUSEN-005,test,DRUSEN,normal,OD,.jpg,0.12605354189872742
DRUSEN/5/OD/021_Normal.jpg,DRUSEN-005,test,DRUSEN,normal,OD,.jpg,0.14176124334335327
DRUSEN/5/OD/022_Normal.jpg,DRUSEN-005,test,DRUSEN,normal,OD,.jpg,0.15715622901916504
DRUSEN/5/OD/023_Normal.jpg,DRUSEN-005,test,DRUSEN,normal,OD,.jpg,0.1379673182964325
DRUSEN/5/OD/024_Normal.jpg,DRUSEN-005,val,DRUSEN,normal,OD,.jpg,0.11618649959564209
DRUSEN/5/OD/025_Normal.jpg,DRUSEN-005,val,DRUSEN,normal,OD,.jpg,0.16889625787734985
DRUSEN/5/OD/026_Normal.jpg,DRUSEN-005,test,DRUSEN,normal,OD,.jpg,0.17495101690292358
DRUSEN/5/OD/027_Normal.jpg,DRUSEN-005,val,DRUSEN,normal,OD,.jpg,0.17592564225196838
DRUSEN/5/OD/028_Normal.jpg,DRUSEN-005,val,DRUSEN,normal,OD,.jpg,0.146803617477417
DRUSEN/5/OD/029_Normal.jpg,DRUSEN-005,val,DRUSEN,normal,OD,.jpg,0.1640997678041458
DRUSEN/5/OD/030_Normal.jpg,DRUSEN-005,test,DRUSEN,normal,OD,.jpg,0.14910461008548737
DRUSEN/5/OS/000_Normal.jpg,DRUSEN-005,test,DRUSEN,normal,OS,.jpg,0.21354907751083374
DRUSEN/5/OS/001_Normal.jpg,DRUSEN-005,val,DRUSEN,normal,OS,.jpg,0.19199275970458984
DRUSEN/5/OS/002_Normal.jpg,DRUSEN-005,val,DRUSEN,normal,OS,.jpg,0.20960527658462524
DRUSEN/5/OS/003_Normal.jpg,DRUSEN-005,test,DRUSEN,normal,OS,.jpg,0.19204306602478027
DRUSEN/5/OS/004_Drusen.jpg,DRUSEN-005,test,DRUSEN,drusen,OS,.jpg,0.2638644576072693
DRUSEN/5/OS/005_Normal.jpg,DRUSEN-005,val,DRUSEN,normal,OS,.jpg,0.16771012544631958
DRUSEN/5/OS/006_Normal.jpg,DRUSEN-005,test,DRUSEN,normal,OS,.jpg,0.16913029551506042
DRUSEN/5/OS/007_Drusen.jpg,DRUSEN-005,test,DRUSEN,drusen,OS,.jpg,0.14810097217559814
DRUSEN/5/OS/008_Drusen.jpg,DRUSEN-005,test,DRUSEN,drusen,OS,.jpg,0.1844611018896103
DRUSEN/5/OS/009_Normal.jpg,DRUSEN-005,val,DRUSEN,normal,OS,.jpg,0.21737614274024963
DRUSEN/5/OS/010_Drusen.jpg,DRUSEN-005,val,DRUSEN,drusen,OS,.jpg,0.35187920928001404
DRUSEN/5/OS/011_Drusen.jpg,DRUSEN-005,test,DRUSEN,drusen,OS,.jpg,0.24671092629432678
DRUSEN/5/OS/012_Drusen.jpg,DRUSEN-005,test,DRUSEN,drusen,OS,.jpg,0.2645705044269562
DRUSEN/5/OS/013_Drusen.jpg,DRUSEN-005,test,DRUSEN,drusen,OS,.jpg,0.34399479627609253
DRUSEN/5/OS/014_Drusen.jpg,DRUSEN-005,test,DRUSEN,drusen,OS,.jpg,0.3155287802219391
DRUSEN/5/OS/015_Drusen.jpg,DRUSEN-005,test,DRUSEN,drusen,OS,.jpg,0.2749640941619873
DRUSEN/5/OS/016_Drusen.jpg,DRUSEN-005,val,DRUSEN,drusen,OS,.jpg,0.2662052810192108
DRUSEN/5/OS/017_Drusen.jpg,DRUSEN-005,val,DRUSEN,drusen,OS,.jpg,0.21911275386810303
DRUSEN/5/OS/018_Drusen.jpg,DRUSEN-005,test,DRUSEN,drusen,OS,.jpg,0.20254498720169067
DRUSEN/5/OS/019_Normal.jpg,DRUSEN-005,test,DRUSEN,normal,OS,.jpg,0.16823893785476685
DRUSEN/5/OS/020_Normal.jpg,DRUSEN-005,test,DRUSEN,normal,OS,.jpg,0.18198919296264648
DRUSEN/5/OS/021_Normal.jpg,DRUSEN-005,test,DRUSEN,normal,OS,.jpg,0.18177571892738342
DRUSEN/5/OS/022_Normal.jpg,DRUSEN-005,test,DRUSEN,normal,OS,.jpg,0.18392446637153625
DRUSEN/5/OS/023_Normal.jpg,DRUSEN-005,test,DRUSEN,normal,OS,.jpg,0.16951626539230347
DRUSEN/5/OS/024_Normal.jpg,DRUSEN-005,test,DRUSEN,normal,OS,.jpg,0.17630621790885925
DRUSEN/5/OS/025_Normal.jpg,DRUSEN-005,test,DRUSEN,normal,OS,.jpg,0.19147174060344696
DRUSEN/5/OS/026_Normal.jpg,DRUSEN-005,test,DRUSEN,normal,OS,.jpg,0.2184876799583435
DRUSEN/5/OS/027_Normal.jpg,DRUSEN-005,val,DRUSEN,normal,OS,.jpg,0.1759887933731079
DRUSEN/5/OS/028_Normal.jpg,DRUSEN-005,test,DRUSEN,normal,OS,.jpg,0.20894524455070496
DRUSEN/5/OS/029_Normal.jpg,DRUSEN-005,test,DRUSEN,normal,OS,.jpg,0.21111616492271423
DRUSEN/5/OS/030_Normal.jpg,DRUSEN-005,val,DRUSEN,normal,OS,.jpg,0.21053564548492432
DRUSEN/6/OD/000_Normal.jpg,DRUSEN-006,test,DRUSEN,normal,OD,.jpg,0.2367420792579651
DRUSEN/6/OD/001_Drusen.jpg,DRUSEN-006,test,DRUSEN,drusen,OD,.jpg,0.20565453171730042
DRUSEN/6/OD/002_Drusen.jpg,DRUSEN-006,val,DRUSEN,drusen,OD,.jpg,0.16870740056037903
DRUSEN/6/OD/003_Normal.jpg,DRUSEN-006,val,DRUSEN,normal,OD,.jpg,0.14781200885772705
DRUSEN/6/OD/004_Normal.jpg,DRUSEN-006,val,DRUSEN,normal,OD,.jpg,0.14472746849060059
DRUSEN/6/OD/005_Drusen.jpg,DRUSEN-006,test,DRUSEN,drusen,OD,.jpg,0.140244722366333
DRUSEN/6/OD/006_Drusen.jpg,DRUSEN-006,test,DRUSEN,drusen,OD,.jpg,0.24898140132427216
DRUSEN/6/OD/007_Drusen.jpg,DRUSEN-006,test,DRUSEN,drusen,OD,.jpg,0.19483712315559387
DRUSEN/6/OD/008_Drusen.jpg,DRUSEN-006,val,DRUSEN,drusen,OD,.jpg,0.21028545498847961
DRUSEN/6/OD/009_Normal.jpg,DRUSEN-006,test,DRUSEN,normal,OD,.jpg,0.1563960760831833
DRUSEN/6/OD/010_Drusen.jpg,DRUSEN-006,val,DRUSEN,drusen,OD,.jpg,0.12121716886758804
DRUSEN/6/OD/011_Normal.jpg,DRUSEN-006,test,DRUSEN,normal,OD,.jpg,0.15857043862342834
DRUSEN/6/OD/012_Normal.jpg,DRUSEN-006,test,DRUSEN,normal,OD,.jpg,0.16791583597660065
DRUSEN/6/OD/013_Normal.jpg,DRUSEN-006,test,DRUSEN,normal,OD,.jpg,0.13967853784561157
DRUSEN/6/OD/014_Normal.jpg,DRUSEN-006,val,DRUSEN,normal,OD,.jpg,0.13961167633533478
DRUSEN/6/OD/015_Normal.jpg,DRUSEN-006,test,DRUSEN,normal,OD,.jpg,0.1379624307155609
DRUSEN/6/OD/016_Drusen.jpg,DRUSEN-006,test,DRUSEN,drusen,OD,.jpg,0.15470212697982788
DRUSEN/6/OD/017_Normal.jpg,DRUSEN-006,test,DRUSEN,normal,OD,.jpg,0.12184808403253555
DRUSEN/6/OD/018_Normal.jpg,DRUSEN-006,val,DRUSEN,normal,OD,.jpg,0.12463074922561646
DRUSEN/6/OD/019_Normal.jpg,DRUSEN-006,test,DRUSEN,normal,OD,.jpg,0.12612789869308472
DRUSEN/6/OD/020_Normal.jpg,DRUSEN-006,val,DRUSEN,normal,OD,.jpg,0.1402716487646103
DRUSEN/6/OD/021_Normal.jpg,DRUSEN-006,test,DRUSEN,normal,OD,.jpg,0.14770948886871338
DRUSEN/6/OD/022_Normal.jpg,DRUSEN-006,val,DRUSEN,normal,OD,.jpg,0.1589583456516266
DRUSEN/6/OD/023_Normal.jpg,DRUSEN-006,val,DRUSEN,normal,OD,.jpg,0.13419242203235626
DRUSEN/6/OD/024_Drusen.jpg,DRUSEN-006,test,DRUSEN,drusen,OD,.jpg,0.17047816514968872
DRUSEN/6/OD/025_Drusen.jpg,DRUSEN-006,test,DRUSEN,drusen,OD,.jpg,0.1972840130329132
DRUSEN/6/OD/026_Drusen.jpg,DRUSEN-006,test,DRUSEN,drusen,OD,.jpg,0.1743835210800171
DRUSEN/6/OD/027_Drusen.jpg,DRUSEN-006,test,DRUSEN,drusen,OD,.jpg,0.16627994179725647
DRUSEN/6/OD/028_Drusen.jpg,DRUSEN-006,val,DRUSEN,drusen,OD,.jpg,0.14473956823349
DRUSEN/6/OD/029_Drusen.jpg,DRUSEN-006,test,DRUSEN,drusen,OD,.jpg,0.13856160640716553
DRUSEN/6/OD/030_Drusen.jpg,DRUSEN-006,test,DRUSEN,drusen,OD,.jpg,0.16350042819976807
DRUSEN/6/OS/000_Drusen.jpg,DRUSEN-006,test,DRUSEN,drusen,OS,.jpg,0.12551644444465637
DRUSEN/6/OS/001_Drusen.jpg,DRUSEN-006,val,DRUSEN,drusen,OS,.jpg,0.11773636937141418
DRUSEN/6/OS/002_Drusen.jpg,DRUSEN-006,test,DRUSEN,drusen,OS,.jpg,0.14553222060203552
DRUSEN/6/OS/003_Drusen.jpg,DRUSEN-006,val,DRUSEN,drusen,OS,.jpg,0.1499807983636856
DRUSEN/6/OS/004_Drusen.jpg,DRUSEN-006,val,DRUSEN,drusen,OS,.jpg,0.12900851666927338
DRUSEN/6/OS/005_Normal.jpg,DRUSEN-006,val,DRUSEN,normal,OS,.jpg,0.1091262698173523
DRUSEN/6/OS/006_Normal.jpg,DRUSEN-006,val,DRUSEN,normal,OS,.jpg,0.12828612327575684
DRUSEN/6/OS/007_Normal.jpg,DRUSEN-006,test,DRUSEN,normal,OS,.jpg,0.14358936250209808
DRUSEN/6/OS/008_Normal.jpg,DRUSEN-006,val,DRUSEN,normal,OS,.jpg,0.15598732233047485
DRUSEN/6/OS/009_Normal.jpg,DRUSEN-006,test,DRUSEN,normal,OS,.jpg,0.19518443942070007
DRUSEN/6/OS/010_Normal.jpg,DRUSEN-006,test,DRUSEN,normal,OS,.jpg,0.14893360435962677
DRUSEN/6/OS/011_Normal.jpg,DRUSEN-006,test,DRUSEN,normal,OS,.jpg,0.10780952870845795
DRUSEN/6/OS/012_Normal.jpg,DRUSEN-006,val,DRUSEN,normal,OS,.jpg,0.155149906873703
DRUSEN/6/OS/013_Normal.jpg,DRUSEN-006,test,DRUSEN,normal,OS,.jpg,0.10308274626731873
DRUSEN/6/OS/014_Normal.jpg,DRUSEN-006,test,DRUSEN,normal,OS,.jpg,0.12066998332738876
DRUSEN/6/OS/015_Normal.jpg,DRUSEN-006,val,DRUSEN,normal,OS,.jpg,0.17371755838394165
DRUSEN/6/OS/016_Normal.jpg,DRUSEN-006,test,DRUSEN,normal,OS,.jpg,0.1392124444246292
DRUSEN/6/OS/017_Normal.jpg,DRUSEN-006,val,DRUSEN,normal,OS,.jpg,0.1198209822177887
DRUSEN/6/OS/018_Normal.jpg,DRUSEN-006,test,DRUSEN,normal,OS,.jpg,0.12677520513534546
DRUSEN/6/OS/019_Normal.jpg,DRUSEN-006,val,DRUSEN,normal,OS,.jpg,0.1210857629776001
DRUSEN/6/OS/020_Normal.jpg,DRUSEN-006,test,DRUSEN,normal,OS,.jpg,0.11579913645982742
DRUSEN/6/OS/021_Normal.jpg,DRUSEN-006,test,DRUSEN,normal,OS,.jpg,0.11947084963321686
DRUSEN/6/OS/022_Drusen.jpg,DRUSEN-006,test,DRUSEN,drusen,OS,.jpg,0.1157471239566803
DRUSEN/6/OS/023_Drusen.jpg,DRUSEN-006,test,DRUSEN,drusen,OS,.jpg,0.1137089803814888
DRUSEN/6/OS/024_Normal.jpg,DRUSEN-006,val,DRUSEN,normal,OS,.jpg,0.12808308005332947
DRUSEN/6/OS/025_Drusen.jpg,DRUSEN-006,test,DRUSEN,drusen,OS,.jpg,0.13971051573753357
DRUSEN/6/OS/026_Drusen.jpg,DRUSEN-006,val,DRUSEN,drusen,OS,.jpg,0.15056481957435608
DRUSEN/6/OS/027_Normal.jpg,DRUSEN-006,val,DRUSEN,normal,OS,.jpg,0.1341780126094818
DRUSEN/6/OS/028_Drusen.jpg,DRUSEN-006,test,DRUSEN,drusen,OS,.jpg,0.18777522444725037
DRUSEN/6/OS/029_Drusen.jpg,DRUSEN-006,val,DRUSEN,drusen,OS,.jpg,0.15155446529388428
DRUSEN/6/OS/030_Drusen.jpg,DRUSEN-006,test,DRUSEN,drusen,OS,.jpg,0.19835704565048218
DRUSEN/8/000_normal.jpg,DRUSEN-008,test,DRUSEN,normal,OS,.jpg,0.18647822737693787
DRUSEN/8/001_Normal.jpg,DRUSEN-008,val,DRUSEN,normal,OS,.jpg,0.1656150072813034
DRUSEN/8/002_normal.jpg,DRUSEN-008,test,DRUSEN,normal,OS,.jpg,0.17757241427898407
DRUSEN/8/003_normal.jpg,DRUSEN-008,test,DRUSEN,normal,OS,.jpg,0.14203572273254395
DRUSEN/8/004_Normal.jpg,DRUSEN-008,test,DRUSEN,normal,OS,.jpg,0.13818928599357605
DRUSEN/8/005_Normal.jpg,DRUSEN-008,test,DRUSEN,normal,OS,.jpg,0.1262480616569519
DRUSEN/8/006_Normal.jpg,DRUSEN-008,val,DRUSEN,normal,OS,.jpg,0.15237215161323547
DRUSEN/8/007_Normal.jpg,DRUSEN-008,test,DRUSEN,normal,OS,.jpg,0.14976592361927032
DRUSEN/8/008_Normal.jpg,DRUSEN-008,test,DRUSEN,normal,OS,.jpg,0.12779703736305237
DRUSEN/8/009_Normal.jpg,DRUSEN-008,val,DRUSEN,normal,OS,.jpg,0.16314697265625
DRUSEN/8/010_Normal.jpg,DRUSEN-008,test,DRUSEN,normal,OS,.jpg,0.14781278371810913
DRUSEN/8/011_Normal.jpg,DRUSEN-008,val,DRUSEN,normal,OS,.jpg,0.1678605079650879
DRUSEN/8/012_Normal.jpg,DRUSEN-008,test,DRUSEN,normal,OS,.jpg,0.17400307953357697
DRUSEN/8/013_Drusen.jpg,DRUSEN-008,val,DRUSEN,drusen,OS,.jpg,0.2155504822731018
DRUSEN/8/014_Drusen.jpg,DRUSEN-008,test,DRUSEN,drusen,OS,.jpg,0.28731483221054077
DRUSEN/8/015_Drusen.jpg,DRUSEN-008,test,DRUSEN,drusen,OS,.jpg,0.2208762913942337
DRUSEN/8/016_Drusen.jpg,DRUSEN-008,test,DRUSEN,drusen,OS,.jpg,0.18376198410987854
DRUSEN/8/017_Drusen.jpg,DRUSEN-008,test,DRUSEN,drusen,OS,.jpg,0.20341195166110992
DRUSEN/8/018_Normal.jpg,DRUSEN-008,test,DRUSEN,normal,OS,.jpg,0.19002550840377808
DRUSEN/8/019_Normal.jpg,DRUSEN-008,test,DRUSEN,normal,OS,.jpg,0.22035986185073853
DRUSEN/8/020_Normal.jpg,DRUSEN-008,test,DRUSEN,normal,OS,.jpg,0.17561393976211548
DRUSEN/8/021_Normal.jpg,DRUSEN-008,test,DRUSEN,normal,OS,.jpg,0.17839157581329346
DRUSEN/8/022_Normal.jpg,DRUSEN-008,test,DRUSEN,normal,OS,.jpg,0.19423426687717438
DRUSEN/8/023_Normal.jpg,DRUSEN-008,val,DRUSEN,normal,OS,.jpg,0.20191526412963867
DRUSEN/8/024_Normal.jpg,DRUSEN-008,val,DRUSEN,normal,OS,.jpg,0.16366074979305267
DRUSEN/8/025_Normal.jpg,DRUSEN-008,test,DRUSEN,normal,OS,.jpg,0.13773442804813385
DRUSEN/8/026_Normal.jpg,DRUSEN-008,val,DRUSEN,normal,OS,.jpg,0.14206284284591675
DRUSEN/8/027_Normal.jpg,DRUSEN-008,test,DRUSEN,normal,OS,.jpg,0.16126398742198944
DRUSEN/8/028_Normal.jpg,DRUSEN-008,test,DRUSEN,normal,OS,.jpg,0.1905985176563263
DRUSEN/8/029_Normal.jpg,DRUSEN-008,test,DRUSEN,normal,OS,.jpg,0.21651685237884521
DRUSEN/8/030_Normal.jpg,DRUSEN-008,val,DRUSEN,normal,OS,.jpg,0.22887854278087616
DRUSEN/9/OD/000_Drusen.jpg,DRUSEN-009,test,DRUSEN,drusen,OD,.jpg,0.12945160269737244
DRUSEN/9/OD/001_Drusen.jpg,DRUSEN-009,test,DRUSEN,drusen,OD,.jpg,0.11886897683143616
DRUSEN/9/OD/002_Drusen.jpg,DRUSEN-009,test,DRUSEN,drusen,OD,.jpg,0.1258239448070526
DRUSEN/9/OD/003_Drusen.jpg,DRUSEN-009,test,DRUSEN,drusen,OD,.jpg,0.11828595399856567
DRUSEN/9/OD/004_Drusen.jpg,DRUSEN-009,test,DRUSEN,drusen,OD,.jpg,0.1290612369775772
DRUSEN/9/OD/005_Drusen.jpg,DRUSEN-009,test,DRUSEN,drusen,OD,.jpg,0.11133048683404922
DRUSEN/9/OD/006_Drusen.jpg,DRUSEN-009,val,DRUSEN,drusen,OD,.jpg,0.11604325473308563
DRUSEN/9/OD/007_Drusen.jpg,DRUSEN-009,test,DRUSEN,drusen,OD,.jpg,0.12036433815956116
DRUSEN/9/OD/008_Drusen.jpg,DRUSEN-009,test,DRUSEN,drusen,OD,.jpg,0.10753126442432404
DRUSEN/9/OD/009_Drusen.jpg,DRUSEN-009,test,DRUSEN,drusen,OD,.jpg,0.14699119329452515
DRUSEN/9/OD/010_Drusen.jpg,DRUSEN-009,test,DRUSEN,drusen,OD,.jpg,0.11054669320583344
DRUSEN/9/OD/011_Drusen.jpg,DRUSEN-009,test,DRUSEN,drusen,OD,.jpg,0.16516487300395966
DRUSEN/9/OD/012_Drusen.jpg,DRUSEN-009,test,DRUSEN,drusen,OD,.jpg,0.16296298801898956
DRUSEN/9/OD/013_Drusen.jpg,DRUSEN-009,val,DRUSEN,drusen,OD,.jpg,0.15952765941619873
DRUSEN/9/OD/014_Drusen.jpg,DRUSEN-009,test,DRUSEN,drusen,OD,.jpg,0.17257645726203918
DRUSEN/9/OD/015_Drusen.jpg,DRUSEN-009,val,DRUSEN,drusen,OD,.jpg,0.1499181091785431
DRUSEN/9/OD/016_Drusen.jpg,DRUSEN-009,val,DRUSEN,drusen,OD,.jpg,0.17419177293777466
DRUSEN/9/OD/017_Drusen.jpg,DRUSEN-009,val,DRUSEN,drusen,OD,.jpg,0.14013192057609558
DRUSEN/9/OD/018_Drusen.jpg,DRUSEN-009,test,DRUSEN,drusen,OD,.jpg,0.12944689393043518
DRUSEN/9/OD/019_Drusen.jpg,DRUSEN-009,test,DRUSEN,drusen,OD,.jpg,0.09137668460607529
DRUSEN/9/OD/020_Drusen.jpg,DRUSEN-009,test,DRUSEN,drusen,OD,.jpg,0.08341504633426666
DRUSEN/9/OD/021_Drusen.jpg,DRUSEN-009,test,DRUSEN,drusen,OD,.jpg,0.0954924076795578
DRUSEN/9/OD/022_Drusen.jpg,DRUSEN-009,test,DRUSEN,drusen,OD,.jpg,0.1275056004524231
DRUSEN/9/OD/023_Drusen.jpg,DRUSEN-009,test,DRUSEN,drusen,OD,.jpg,0.13030162453651428
DRUSEN/9/OD/024_Drusen.jpg,DRUSEN-009,val,DRUSEN,drusen,OD,.jpg,0.11739271879196167
DRUSEN/9/OD/025_Drusen.jpg,DRUSEN-009,test,DRUSEN,drusen,OD,.jpg,0.11604118347167969
DRUSEN/9/OD/026_Drusen.jpg,DRUSEN-009,test,DRUSEN,drusen,OD,.jpg,0.09715428948402405
DRUSEN/9/OD/027_Drusen.jpg,DRUSEN-009,val,DRUSEN,drusen,OD,.jpg,0.11302420496940613
DRUSEN/9/OD/028_Drusen.jpg,DRUSEN-009,test,DRUSEN,drusen,OD,.jpg,0.13141374289989471
DRUSEN/9/OD/029_Drusen.jpg,DRUSEN-009,test,DRUSEN,drusen,OD,.jpg,0.13864928483963013
DRUSEN/9/OD/030_Drusen.jpg,DRUSEN-009,test,DRUSEN,drusen,OD,.jpg,0.13046570122241974
DRUSEN/9/OS/000_Drusen.jpg,DRUSEN-009,test,DRUSEN,drusen,OS,.jpg,0.12693527340888977
DRUSEN/9/OS/001_Drusen.jpg,DRUSEN-009,val,DRUSEN,drusen,OS,.jpg,0.12640081346035004
DRUSEN/9/OS/002_Drusen.jpg,DRUSEN-009,val,DRUSEN,drusen,OS,.jpg,0.14203447103500366
DRUSEN/9/OS/003_Drusen.jpg,DRUSEN-009,val,DRUSEN,drusen,OS,.jpg,0.10427786409854889
DRUSEN/9/OS/004_Normal.jpg,DRUSEN-009,test,DRUSEN,normal,OS,.jpg,0.10715790838003159
DRUSEN/9/OS/005_Drusen.jpg,DRUSEN-009,test,DRUSEN,drusen,OS,.jpg,0.09248020499944687
DRUSEN/9/OS/006_Drusen.jpg,DRUSEN-009,test,DRUSEN,drusen,OS,.jpg,0.09602206945419312
DRUSEN/9/OS/007_Drusen.jpg,DRUSEN-009,val,DRUSEN,drusen,OS,.jpg,0.09052444249391556
DRUSEN/9/OS/008_Drusen.jpg,DRUSEN-009,test,DRUSEN,drusen,OS,.jpg,0.11549048870801926
DRUSEN/9/OS/009_Drusen.jpg,DRUSEN-009,test,DRUSEN,drusen,OS,.jpg,0.11197958141565323
DRUSEN/9/OS/010_Drusen.jpg,DRUSEN-009,test,DRUSEN,drusen,OS,.jpg,0.13519898056983948
DRUSEN/9/OS/011_Drusen.jpg,DRUSEN-009,val,DRUSEN,drusen,OS,.jpg,0.10133232176303864
DRUSEN/9/OS/012_Drusen.jpg,DRUSEN-009,test,DRUSEN,drusen,OS,.jpg,0.08722493797540665
DRUSEN/9/OS/013_Drusen.jpg,DRUSEN-009,test,DRUSEN,drusen,OS,.jpg,0.1382133662700653
DRUSEN/9/OS/014_Drusen.jpg,DRUSEN-009,test,DRUSEN,drusen,OS,.jpg,0.21850356459617615
DRUSEN/9/OS/015_Drusen.jpg,DRUSEN-009,test,DRUSEN,drusen,OS,.jpg,0.2054872363805771
DRUSEN/9/OS/016_Drusen.jpg,DRUSEN-009,val,DRUSEN,drusen,OS,.jpg,0.18370962142944336
DRUSEN/9/OS/017_Drusen.jpg,DRUSEN-009,test,DRUSEN,drusen,OS,.jpg,0.16992682218551636
DRUSEN/9/OS/018_Drusen.jpg,DRUSEN-009,val,DRUSEN,drusen,OS,.jpg,0.1107010468840599
DRUSEN/9/OS/019_Drusen.jpg,DRUSEN-009,test,DRUSEN,drusen,OS,.jpg,0.13940981030464172
DRUSEN/9/OS/020_Drusen.jpg,DRUSEN-009,test,DRUSEN,drusen,OS,.jpg,0.11939975619316101
DRUSEN/9/OS/021_Drusen.jpg,DRUSEN-009,test,DRUSEN,drusen,OS,.jpg,0.1149410754442215
DRUSEN/9/OS/022_Drusen.jpg,DRUSEN-009,test,DRUSEN,drusen,OS,.jpg,0.13516946136951447
DRUSEN/9/OS/023_Drusen.jpg,DRUSEN-009,test,DRUSEN,drusen,OS,.jpg,0.1244838535785675
DRUSEN/9/OS/024_Drusen.jpg,DRUSEN-009,val,DRUSEN,drusen,OS,.jpg,0.13863486051559448
DRUSEN/9/OS/025_Drusen.jpg,DRUSEN-009,test,DRUSEN,drusen,OS,.jpg,0.14208492636680603
DRUSEN/9/OS/026_Drusen.jpg,DRUSEN-009,val,DRUSEN,drusen,OS,.jpg,0.12801715731620789
DRUSEN/9/OS/027_Drusen.jpg,DRUSEN-009,test,DRUSEN,drusen,OS,.jpg,0.11886344850063324
DRUSEN/9/OS/028_Drusen.jpg,DRUSEN-009,test,DRUSEN,drusen,OS,.jpg,0.13766780495643616
DRUSEN/9/OS/029_Drusen.jpg,DRUSEN-009,val,DRUSEN,drusen,OS,.jpg,0.13089770078659058
DRUSEN/9/OS/030_Drusen.jpg,DRUSEN-009,test,DRUSEN,drusen,OS,.jpg,0.1819489598274231
DRUSEN/10/000_Normal.jpg,DRUSEN-010,test,DRUSEN,normal,OS,.jpg,0.14618434011936188
DRUSEN/10/001_Normal.jpg,DRUSEN-010,test,DRUSEN,normal,OS,.jpg,0.15317191183567047
DRUSEN/10/002_Normal.jpg,DRUSEN-010,test,DRUSEN,normal,OS,.jpg,0.1624521017074585
DRUSEN/10/003_Normal.jpg,DRUSEN-010,val,DRUSEN,normal,OS,.jpg,0.1524285227060318
DRUSEN/10/004_Normal.jpg,DRUSEN-010,test,DRUSEN,normal,OS,.jpg,0.1422378420829773
DRUSEN/10/005_Normal.jpg,DRUSEN-010,test,DRUSEN,normal,OS,.jpg,0.1395939588546753
DRUSEN/10/006_Normal.jpg,DRUSEN-010,test,DRUSEN,normal,OS,.jpg,0.13847269117832184
DRUSEN/10/007_Normal.jpg,DRUSEN-010,val,DRUSEN,normal,OS,.jpg,0.08502832055091858
DRUSEN/10/008_Normal.jpg,DRUSEN-010,test,DRUSEN,normal,OS,.jpg,0.09156724810600281
DRUSEN/10/009_Normal.jpg,DRUSEN-010,test,DRUSEN,normal,OS,.jpg,0.09834687411785126
DRUSEN/10/010_Normal.jpg,DRUSEN-010,test,DRUSEN,normal,OS,.jpg,0.08726288378238678
DRUSEN/10/011_Normal.jpg,DRUSEN-010,test,DRUSEN,normal,OS,.jpg,0.08719630539417267
DRUSEN/10/012_Drusen.jpg,DRUSEN-010,test,DRUSEN,drusen,OS,.jpg,0.09602457284927368
DRUSEN/10/013_Drusen.jpg,DRUSEN-010,val,DRUSEN,drusen,OS,.jpg,0.12659713625907898
DRUSEN/10/014_Drusen.jpg,DRUSEN-010,test,DRUSEN,drusen,OS,.jpg,0.14655351638793945
DRUSEN/10/015_Drusen.jpg,DRUSEN-010,test,DRUSEN,drusen,OS,.jpg,0.15711751580238342
DRUSEN/10/016_Drusen.jpg,DRUSEN-010,test,DRUSEN,drusen,OS,.jpg,0.1691533923149109
DRUSEN/10/017_Drusen.jpg,DRUSEN-010,test,DRUSEN,drusen,OS,.jpg,0.18575632572174072
DRUSEN/10/018_Drusen.jpg,DRUSEN-010,val,DRUSEN,drusen,OS,.jpg,0.11907587945461273
DRUSEN/10/019_Drusen.jpg,DRUSEN-010,val,DRUSEN,drusen,OS,.jpg,0.10517330467700958
DRUSEN/10/020_Normal.jpg,DRUSEN-010,test,DRUSEN,normal,OS,.jpg,0.11458729952573776
DRUSEN/10/021_Drusen.jpg,DRUSEN-010,test,DRUSEN,drusen,OS,.jpg,0.10704675316810608
DRUSEN/10/022_Drusen.jpg,DRUSEN-010,test,DRUSEN,drusen,OS,.jpg,0.10206238180398941
DRUSEN/10/023_Drusen.jpg,DRUSEN-010,test,DRUSEN,drusen,OS,.jpg,0.07539591938257217
DRUSEN/10/024_Drusen.jpg,DRUSEN-010,test,DRUSEN,drusen,OS,.jpg,0.08701346069574356
DRUSEN/10/025_Drusen.jpg,DRUSEN-010,test,DRUSEN,drusen,OS,.jpg,0.13367989659309387
DRUSEN/10/026_Drusen.jpg,DRUSEN-010,test,DRUSEN,drusen,OS,.jpg,0.08806291967630386
DRUSEN/10/027_Drusen.jpg,DRUSEN-010,val,DRUSEN,drusen,OS,.jpg,0.14810195565223694
DRUSEN/10/028_Drusen.jpg,DRUSEN-010,val,DRUSEN,drusen,OS,.jpg,0.13136954605579376
DRUSEN/10/029_Normal.jpg,DRUSEN-010,val,DRUSEN,normal,OS,.jpg,0.1318584531545639
DRUSEN/10/030_Normal.jpg,DRUSEN-010,test,DRUSEN,normal,OS,.jpg,0.1396683156490326
DRUSEN/11/000_Normal.jpg,DRUSEN-011,val,DRUSEN,normal,OS,.jpg,0.16217583417892456
DRUSEN/11/001_Normal.jpg,DRUSEN-011,test,DRUSEN,normal,OS,.jpg,0.14240863919258118
DRUSEN/11/002_Normal.jpg,DRUSEN-011,val,DRUSEN,normal,OS,.jpg,0.18383753299713135
DRUSEN/11/003_Normal.jpg,DRUSEN-011,test,DRUSEN,normal,OS,.jpg,0.15204991400241852
DRUSEN/11/004_Normal.jpg,DRUSEN-011,test,DRUSEN,normal,OS,.jpg,0.16115877032279968
DRUSEN/11/005_Normal.jpg,DRUSEN-011,test,DRUSEN,normal,OS,.jpg,0.17593614757061005
DRUSEN/11/006_Normal.jpg,DRUSEN-011,val,DRUSEN,normal,OS,.jpg,0.13429927825927734
DRUSEN/11/007_Normal.jpg,DRUSEN-011,test,DRUSEN,normal,OS,.jpg,0.16772732138633728
DRUSEN/11/008_Normal.jpg,DRUSEN-011,test,DRUSEN,normal,OS,.jpg,0.17395153641700745
DRUSEN/11/009_Normal.jpg,DRUSEN-011,val,DRUSEN,normal,OS,.jpg,0.16972383856773376
DRUSEN/11/010_Normal.jpg,DRUSEN-011,val,DRUSEN,normal,OS,.jpg,0.17998117208480835
DRUSEN/11/011_Drusen.jpg,DRUSEN-011,val,DRUSEN,drusen,OS,.jpg,0.24577096104621887
DRUSEN/11/012_Drusen.jpg,DRUSEN-011,val,DRUSEN,drusen,OS,.jpg,0.21353647112846375
DRUSEN/11/013_Normal.jpg,DRUSEN-011,test,DRUSEN,normal,OS,.jpg,0.20485621690750122
DRUSEN/11/014_Normal.jpg,DRUSEN-011,test,DRUSEN,normal,OS,.jpg,0.23080381751060486
DRUSEN/11/015_Normal.jpg,DRUSEN-011,test,DRUSEN,normal,OS,.jpg,0.24430394172668457
DRUSEN/11/016_Normal.jpg,DRUSEN-011,test,DRUSEN,normal,OS,.jpg,0.2820102870464325
DRUSEN/11/017_Normal.jpg,DRUSEN-011,test,DRUSEN,normal,OS,.jpg,0.24043428897857666
DRUSEN/11/018_Normal.jpg,DRUSEN-011,test,DRUSEN,normal,OS,.jpg,0.23149532079696655
DRUSEN/11/019_Normal.jpg,DRUSEN-011,val,DRUSEN,normal,OS,.jpg,0.21174786984920502
DRUSEN/11/020_Normal.jpg,DRUSEN-011,test,DRUSEN,normal,OS,.jpg,0.21309830248355865
DRUSEN/11/021_Normal.jpg,DRUSEN-011,test,DRUSEN,normal,OS,.jpg,0.2076268196105957
DRUSEN/11/022_Normal.jpg,DRUSEN-011,test,DRUSEN,normal,OS,.jpg,0.1996997594833374
DRUSEN/11/023_Normal.jpg,DRUSEN-011,test,DRUSEN,normal,OS,.jpg,0.1574791669845581
DRUSEN/11/024_Normal.jpg,DRUSEN-011,test,DRUSEN,normal,OS,.jpg,0.1459590345621109
DRUSEN/11/025_Normal.jpg,DRUSEN-011,val,DRUSEN,normal,OS,.jpg,0.12144966423511505
DRUSEN/11/026_Normal.jpg,DRUSEN-011,test,DRUSEN,normal,OS,.jpg,0.1102769523859024
DRUSEN/11/027_Normal.jpg,DRUSEN-011,val,DRUSEN,normal,OS,.jpg,0.10715067386627197
DRUSEN/11/028_Normal.jpg,DRUSEN-011,test,DRUSEN,normal,OS,.jpg,0.10127841681241989
DRUSEN/11/029_Normal.jpg,DRUSEN-011,test,DRUSEN,normal,OS,.jpg,0.1422344446182251
DRUSEN/11/030_Normal.jpg,DRUSEN-011,test,DRUSEN,normal,OS,.jpg,0.11936268210411072
DRUSEN/12/000_Normal.jpg,DRUSEN-012,test,DRUSEN,normal,OD,.jpg,0.22365744411945343
DRUSEN/12/001_Normal.jpg,DRUSEN-012,test,DRUSEN,normal,OD,.jpg,0.20511458814144135
DRUSEN/12/002_Normal.jpg,DRUSEN-012,val,DRUSEN,normal,OD,.jpg,0.23755794763565063
DRUSEN/12/003_Normal.jpg,DRUSEN-012,val,DRUSEN,normal,OD,.jpg,0.19119174778461456
DRUSEN/12/004_Normal.jpg,DRUSEN-012,test,DRUSEN,normal,OD,.jpg,0.199005126953125
DRUSEN/12/005_Normal.jpg,DRUSEN-012,test,DRUSEN,normal,OD,.jpg,0.21813978254795074
DRUSEN/12/006_Normal.jpg,DRUSEN-012,val,DRUSEN,normal,OD,.jpg,0.18860316276550293
DRUSEN/12/007_Normal.jpg,DRUSEN-012,test,DRUSEN,normal,OD,.jpg,0.18561431765556335
DRUSEN/12/008_Normal.jpg,DRUSEN-012,test,DRUSEN,normal,OD,.jpg,0.21500219404697418
DRUSEN/12/009_Drusen.jpg,DRUSEN-012,val,DRUSEN,drusen,OD,.jpg,0.2428267002105713
DRUSEN/12/010_Normal.jpg,DRUSEN-012,test,DRUSEN,normal,OD,.jpg,0.2666454315185547
DRUSEN/12/011_Normal.jpg,DRUSEN-012,test,DRUSEN,normal,OD,.jpg,0.20780770480632782
DRUSEN/12/012_Normal.jpg,DRUSEN-012,test,DRUSEN,normal,OD,.jpg,0.2618400454521179
DRUSEN/12/013_Normal.jpg,DRUSEN-012,val,DRUSEN,normal,OD,.jpg,0.27402055263519287
DRUSEN/12/014_Drusen.jpg,DRUSEN-012,val,DRUSEN,drusen,OD,.jpg,0.2886512279510498
DRUSEN/12/015_Drusen.jpg,DRUSEN-012,val,DRUSEN,drusen,OD,.jpg,0.272624135017395
DRUSEN/12/016_Normal.jpg,DRUSEN-012,val,DRUSEN,normal,OD,.jpg,0.2433597445487976
DRUSEN/12/017_Normal.jpg,DRUSEN-012,test,DRUSEN,normal,OD,.jpg,0.22259020805358887
DRUSEN/12/018_Normal.jpg,DRUSEN-012,test,DRUSEN,normal,OD,.jpg,0.23485499620437622
DRUSEN/12/019_Normal.jpg,DRUSEN-012,test,DRUSEN,normal,OD,.jpg,0.20790605247020721
DRUSEN/12/020_Normal.jpg,DRUSEN-012,test,DRUSEN,normal,OD,.jpg,0.2307150661945343
DRUSEN/12/021_Normal.jpg,DRUSEN-012,test,DRUSEN,normal,OD,.jpg,0.22723674774169922
DRUSEN/12/022_Drusen.jpg,DRUSEN-012,test,DRUSEN,drusen,OD,.jpg,0.17974898219108582
DRUSEN/12/023_Drusen.jpg,DRUSEN-012,test,DRUSEN,drusen,OD,.jpg,0.22553156316280365
DRUSEN/12/024_Drusen.jpg,DRUSEN-012,val,DRUSEN,drusen,OD,.jpg,0.2627337574958801
DRUSEN/12/025_Drusen.jpg,DRUSEN-012,val,DRUSEN,drusen,OD,.jpg,0.28865817189216614
DRUSEN/12/026_Normal.jpg,DRUSEN-012,test,DRUSEN,normal,OD,.jpg,0.25854218006134033
DRUSEN/12/027_Normal.jpg,DRUSEN-012,val,DRUSEN,normal,OD,.jpg,0.29474133253097534
DRUSEN/12/028_Normal.jpg,DRUSEN-012,val,DRUSEN,normal,OD,.jpg,0.3230072259902954
DRUSEN/12/029_Normal.jpg,DRUSEN-012,val,DRUSEN,normal,OD,.jpg,0.3588118255138397
DRUSEN/12/030_Normal.jpg,DRUSEN-012,val,DRUSEN,normal,OD,.jpg,0.28588607907295227
DRUSEN/13/OD/000_Normal.jpg,DRUSEN-013,test,DRUSEN,normal,OD,.jpg,0.12738585472106934
DRUSEN/13/OD/001_Normal.jpg,DRUSEN-013,test,DRUSEN,normal,OD,.jpg,0.1330905556678772
DRUSEN/13/OD/002_Normal.jpg,DRUSEN-013,test,DRUSEN,normal,OD,.jpg,0.13311567902565002
DRUSEN/13/OD/003_Normal.jpg,DRUSEN-013,test,DRUSEN,normal,OD,.jpg,0.1417093425989151
DRUSEN/13/OD/004_Normal.jpg,DRUSEN-013,test,DRUSEN,normal,OD,.jpg,0.11747750639915466
DRUSEN/13/OD/005_Normal.jpg,DRUSEN-013,test,DRUSEN,normal,OD,.jpg,0.11930789053440094
DRUSEN/13/OD/006_Normal.jpg,DRUSEN-013,val,DRUSEN,normal,OD,.jpg,0.11702792346477509
DRUSEN/13/OD/007_Normal.jpg,DRUSEN-013,test,DRUSEN,normal,OD,.jpg,0.11218295991420746
DRUSEN/13/OD/008_Normal.jpg,DRUSEN-013,test,DRUSEN,normal,OD,.jpg,0.14995349943637848
DRUSEN/13/OD/009_Normal.jpg,DRUSEN-013,test,DRUSEN,normal,OD,.jpg,0.11464512348175049
DRUSEN/13/OD/010_Normal.jpg,DRUSEN-013,test,DRUSEN,normal,OD,.jpg,0.09945275634527206
DRUSEN/13/OD/011_Normal.jpg,DRUSEN-013,test,DRUSEN,normal,OD,.jpg,0.11124442517757416
DRUSEN/13/OD/012_Normal.jpg,DRUSEN-013,test,DRUSEN,normal,OD,.jpg,0.14775431156158447
DRUSEN/13/OD/013_Drusen.jpg,DRUSEN-013,val,DRUSEN,drusen,OD,.jpg,0.1878732442855835
DRUSEN/13/OD/014_Normal.jpg,DRUSEN-013,test,DRUSEN,normal,OD,.jpg,0.15545576810836792
DRUSEN/13/OD/015_Normal.jpg,DRUSEN-013,test,DRUSEN,normal,OD,.jpg,0.19492259621620178
DRUSEN/13/OD/016_Drusen.jpg,DRUSEN-013,test,DRUSEN,drusen,OD,.jpg,0.17698001861572266
DRUSEN/13/OD/017_Drusen.jpg,DRUSEN-013,test,DRUSEN,drusen,OD,.jpg,0.18056964874267578
DRUSEN/13/OD/018_Drusen.jpg,DRUSEN-013,test,DRUSEN,drusen,OD,.jpg,0.1678776741027832
DRUSEN/13/OD/019_Drusen.jpg,DRUSEN-013,test,DRUSEN,drusen,OD,.jpg,0.1247820109128952
DRUSEN/13/OD/020_Drusen.jpg,DRUSEN-013,test,DRUSEN,drusen,OD,.jpg,0.10249483585357666
DRUSEN/13/OD/021_Drusen.jpg,DRUSEN-013,val,DRUSEN,drusen,OD,.jpg,0.10515163838863373
DRUSEN/13/OD/022_Drusen.jpg,DRUSEN-013,val,DRUSEN,drusen,OD,.jpg,0.10324908792972565
DRUSEN/13/OD/023_Drusen.jpg,DRUSEN-013,test,DRUSEN,drusen,OD,.jpg,0.11267028003931046
DRUSEN/13/OD/024_Drusen.jpg,DRUSEN-013,test,DRUSEN,drusen,OD,.jpg,0.09339026361703873
DRUSEN/13/OD/025_Normal.jpg,DRUSEN-013,test,DRUSEN,normal,OD,.jpg,0.09623035788536072
DRUSEN/13/OD/026_Normal.jpg,DRUSEN-013,test,DRUSEN,normal,OD,.jpg,0.09142832458019257
DRUSEN/13/OD/027_Normal.jpg,DRUSEN-013,test,DRUSEN,normal,OD,.jpg,0.1303604543209076
DRUSEN/13/OD/028_Normal.jpg,DRUSEN-013,test,DRUSEN,normal,OD,.jpg,0.1220632791519165
DRUSEN/13/OD/029_Normal.jpg,DRUSEN-013,test,DRUSEN,normal,OD,.jpg,0.1255675107240677
DRUSEN/13/OD/030_Normal.jpg,DRUSEN-013,val,DRUSEN,normal,OD,.jpg,0.13787248730659485
DRUSEN/13/OS/000_Normal.jpg,DRUSEN-013,val,DRUSEN,normal,OS,.jpg,0.13380548357963562
DRUSEN/13/OS/001_Normal.jpg,DRUSEN-013,val,DRUSEN,normal,OS,.jpg,0.10891692340373993
DRUSEN/13/OS/002_Normal.jpg,DRUSEN-013,val,DRUSEN,normal,OS,.jpg,0.16594547033309937
DRUSEN/13/OS/003_Normal.jpg,DRUSEN-013,test,DRUSEN,normal,OS,.jpg,0.10807779431343079
DRUSEN/13/OS/004_Normal.jpg,DRUSEN-013,test,DRUSEN,normal,OS,.jpg,0.13783255219459534
DRUSEN/13/OS/005_Normal.jpg,DRUSEN-013,test,DRUSEN,normal,OS,.jpg,0.1414301097393036
DRUSEN/13/OS/006_Normal.jpg,DRUSEN-013,val,DRUSEN,normal,OS,.jpg,0.14982520043849945
DRUSEN/13/OS/007_Normal.jpg,DRUSEN-013,test,DRUSEN,normal,OS,.jpg,0.151056170463562
DRUSEN/13/OS/008_Normal.jpg,DRUSEN-013,val,DRUSEN,normal,OS,.jpg,0.10977499186992645
DRUSEN/13/OS/009_Normal.jpg,DRUSEN-013,val,DRUSEN,normal,OS,.jpg,0.11804264783859253
DRUSEN/13/OS/010_Drusen.jpg,DRUSEN-013,val,DRUSEN,drusen,OS,.jpg,0.12868332862854004
DRUSEN/13/OS/011_Drusen.jpg,DRUSEN-013,test,DRUSEN,drusen,OS,.jpg,0.08924615383148193
DRUSEN/13/OS/012_Drusen.jpg,DRUSEN-013,test,DRUSEN,drusen,OS,.jpg,0.12161756306886673
DRUSEN/13/OS/013_Drusen.jpg,DRUSEN-013,test,DRUSEN,drusen,OS,.jpg,0.09979789704084396
DRUSEN/13/OS/014_Drusen.jpg,DRUSEN-013,test,DRUSEN,drusen,OS,.jpg,0.1423499584197998
DRUSEN/13/OS/015_Drusen.jpg,DRUSEN-013,test,DRUSEN,drusen,OS,.jpg,0.11420221626758575
DRUSEN/13/OS/016_Drusen.jpg,DRUSEN-013,test,DRUSEN,drusen,OS,.jpg,0.14513428509235382
DRUSEN/13/OS/017_Drusen.jpg,DRUSEN-013,val,DRUSEN,drusen,OS,.jpg,0.11918558925390244
DRUSEN/13/OS/018_Drusen.jpg,DRUSEN-013,test,DRUSEN,drusen,OS,.jpg,0.11769187450408936
DRUSEN/13/OS/019_Drusen.jpg,DRUSEN-013,test,DRUSEN,drusen,OS,.jpg,0.15070313215255737
DRUSEN/13/OS/020_Drusen.jpg,DRUSEN-013,test,DRUSEN,drusen,OS,.jpg,0.09673026204109192
DRUSEN/13/OS/021_Drusen.jpg,DRUSEN-013,test,DRUSEN,drusen,OS,.jpg,0.12579916417598724
DRUSEN/13/OS/022_Drusen.jpg,DRUSEN-013,val,DRUSEN,drusen,OS,.jpg,0.11265069991350174
DRUSEN/13/OS/023_Drusen.jpg,DRUSEN-013,val,DRUSEN,drusen,OS,.jpg,0.13294395804405212
DRUSEN/13/OS/024_Drusen.jpg,DRUSEN-013,test,DRUSEN,drusen,OS,.jpg,0.1338314712047577
DRUSEN/13/OS/025_Normal.jpg,DRUSEN-013,test,DRUSEN,normal,OS,.jpg,0.10419630259275436
DRUSEN/13/OS/026_Normal.jpg,DRUSEN-013,test,DRUSEN,normal,OS,.jpg,0.1148800253868103
DRUSEN/13/OS/027_Normal.jpg,DRUSEN-013,val,DRUSEN,normal,OS,.jpg,0.10945095121860504
DRUSEN/13/OS/028_Normal.jpg,DRUSEN-013,test,DRUSEN,normal,OS,.jpg,0.1452079713344574
DRUSEN/13/OS/029_Normal.jpg,DRUSEN-013,test,DRUSEN,normal,OS,.jpg,0.13772614300251007
DRUSEN/13/OS/030_Normal.jpg,DRUSEN-013,test,DRUSEN,normal,OS,.jpg,0.10752996802330017
DRUSEN/14/OD/000_Normal.jpg,DRUSEN-014,test,DRUSEN,normal,OD,.jpg,0.18710923194885254
DRUSEN/14/OD/001_Drusen.jpg,DRUSEN-014,val,DRUSEN,drusen,OD,.jpg,0.1372382640838623
DRUSEN/14/OD/002_Normal.jpg,DRUSEN-014,test,DRUSEN,normal,OD,.jpg,0.16163387894630432
DRUSEN/14/OD/003_Normal.jpg,DRUSEN-014,val,DRUSEN,normal,OD,.jpg,0.11956166476011276
DRUSEN/14/OD/004_Normal.jpg,DRUSEN-014,test,DRUSEN,normal,OD,.jpg,0.1337730884552002
DRUSEN/14/OD/005_Normal.jpg,DRUSEN-014,test,DRUSEN,normal,OD,.jpg,0.11293284595012665
DRUSEN/14/OD/006_Drusen.jpg,DRUSEN-014,test,DRUSEN,drusen,OD,.jpg,0.1365077793598175
DRUSEN/14/OD/007_Drusen.jpg,DRUSEN-014,val,DRUSEN,drusen,OD,.jpg,0.1290619671344757
DRUSEN/14/OD/008_Drusen.jpg,DRUSEN-014,test,DRUSEN,drusen,OD,.jpg,0.1423959732055664
DRUSEN/14/OD/009_Drusen.jpg,DRUSEN-014,test,DRUSEN,drusen,OD,.jpg,0.1450842320919037
DRUSEN/14/OD/010_Drusen.jpg,DRUSEN-014,test,DRUSEN,drusen,OD,.jpg,0.1841440498828888
DRUSEN/14/OD/011_Drusen.jpg,DRUSEN-014,test,DRUSEN,drusen,OD,.jpg,0.15746437013149261
DRUSEN/14/OD/012_Drusen.jpg,DRUSEN-014,test,DRUSEN,drusen,OD,.jpg,0.1435464322566986
DRUSEN/14/OD/013_Drusen.jpg,DRUSEN-014,val,DRUSEN,drusen,OD,.jpg,0.15962354838848114
DRUSEN/14/OD/014_Drusen.jpg,DRUSEN-014,val,DRUSEN,drusen,OD,.jpg,0.17009618878364563
DRUSEN/14/OD/015_Drusen.jpg,DRUSEN-014,test,DRUSEN,drusen,OD,.jpg,0.22481578588485718
DRUSEN/14/OD/016_Drusen.jpg,DRUSEN-014,test,DRUSEN,drusen,OD,.jpg,0.16943413019180298
DRUSEN/14/OD/017_Drusen.jpg,DRUSEN-014,test,DRUSEN,drusen,OD,.jpg,0.20445579290390015
DRUSEN/14/OD/018_Drusen.jpg,DRUSEN-014,test,DRUSEN,drusen,OD,.jpg,0.17928576469421387
DRUSEN/14/OD/019_Drusen.jpg,DRUSEN-014,test,DRUSEN,drusen,OD,.jpg,0.16004905104637146
DRUSEN/14/OD/020_Drusen.jpg,DRUSEN-014,val,DRUSEN,drusen,OD,.jpg,0.16491669416427612
DRUSEN/14/OD/021_Drusen.jpg,DRUSEN-014,test,DRUSEN,drusen,OD,.jpg,0.15601086616516113
DRUSEN/14/OD/022_Drusen.jpg,DRUSEN-014,val,DRUSEN,drusen,OD,.jpg,0.1208324134349823
DRUSEN/14/OD/023_Drusen.jpg,DRUSEN-014,test,DRUSEN,drusen,OD,.jpg,0.15839841961860657
DRUSEN/14/OD/024_Drusen.jpg,DRUSEN-014,test,DRUSEN,drusen,OD,.jpg,0.13958486914634705
DRUSEN/14/OD/025_Drusen.jpg,DRUSEN-014,test,DRUSEN,drusen,OD,.jpg,0.1571820080280304
DRUSEN/14/OD/026_Drusen.jpg,DRUSEN-014,test,DRUSEN,drusen,OD,.jpg,0.12796920537948608
DRUSEN/14/OD/027_Drusen.jpg,DRUSEN-014,test,DRUSEN,drusen,OD,.jpg,0.14165392518043518
DRUSEN/14/OD/028_Drusen.jpg,DRUSEN-014,val,DRUSEN,drusen,OD,.jpg,0.159340500831604
DRUSEN/14/OD/029_Drusen.jpg,DRUSEN-014,test,DRUSEN,drusen,OD,.jpg,0.14538511633872986
DRUSEN/14/OD/030_Drusen.jpg,DRUSEN-014,test,DRUSEN,drusen,OD,.jpg,0.13447201251983643
DRUSEN/14/OS/000_Normal.jpg,DRUSEN-014,test,DRUSEN,normal,OS,.jpg,0.21555504202842712
DRUSEN/14/OS/001_Drusen.jpg,DRUSEN-014,test,DRUSEN,drusen,OS,.jpg,0.21694764494895935
DRUSEN/14/OS/002_Normal.jpg,DRUSEN-014,val,DRUSEN,normal,OS,.jpg,0.19965270161628723
DRUSEN/14/OS/003_Normal.jpg,DRUSEN-014,test,DRUSEN,normal,OS,.jpg,0.20277658104896545
DRUSEN/14/OS/004_Normal.jpg,DRUSEN-014,val,DRUSEN,normal,OS,.jpg,0.1621711254119873
DRUSEN/14/OS/005_Drusen.jpg,DRUSEN-014,test,DRUSEN,drusen,OS,.jpg,0.17337480187416077
DRUSEN/14/OS/006_Drusen.jpg,DRUSEN-014,val,DRUSEN,drusen,OS,.jpg,0.17284667491912842
DRUSEN/14/OS/007_Drusen.jpg,DRUSEN-014,val,DRUSEN,drusen,OS,.jpg,0.13016459345817566
DRUSEN/14/OS/008_Drusen.jpg,DRUSEN-014,val,DRUSEN,drusen,OS,.jpg,0.15151368081569672
DRUSEN/14/OS/009_Drusen.jpg,DRUSEN-014,test,DRUSEN,drusen,OS,.jpg,0.13080042600631714
DRUSEN/14/OS/010_Drusen.jpg,DRUSEN-014,test,DRUSEN,drusen,OS,.jpg,0.12929491698741913
DRUSEN/14/OS/011_Drusen.jpg,DRUSEN-014,test,DRUSEN,drusen,OS,.jpg,0.1448347568511963
DRUSEN/14/OS/012_Drusen.jpg,DRUSEN-014,val,DRUSEN,drusen,OS,.jpg,0.14873626828193665
DRUSEN/14/OS/013_Drusen.jpg,DRUSEN-014,test,DRUSEN,drusen,OS,.jpg,0.17635583877563477
DRUSEN/14/OS/014_Drusen.jpg,DRUSEN-014,test,DRUSEN,drusen,OS,.jpg,0.19498160481452942
DRUSEN/14/OS/015_Drusen.jpg,DRUSEN-014,val,DRUSEN,drusen,OS,.jpg,0.20557032525539398
DRUSEN/14/OS/016_Drusen.jpg,DRUSEN-014,val,DRUSEN,drusen,OS,.jpg,0.1648745834827423
DRUSEN/14/OS/017_Drusen.jpg,DRUSEN-014,val,DRUSEN,drusen,OS,.jpg,0.1956629753112793
DRUSEN/14/OS/018_Drusen.jpg,DRUSEN-014,test,DRUSEN,drusen,OS,.jpg,0.18283790349960327
DRUSEN/14/OS/019_Drusen.jpg,DRUSEN-014,test,DRUSEN,drusen,OS,.jpg,0.17240533232688904
DRUSEN/14/OS/020_Drusen.jpg,DRUSEN-014,val,DRUSEN,drusen,OS,.jpg,0.156487375497818
DRUSEN/14/OS/021_Drusen.jpg,DRUSEN-014,val,DRUSEN,drusen,OS,.jpg,0.15176014602184296
DRUSEN/14/OS/022_Drusen.jpg,DRUSEN-014,test,DRUSEN,drusen,OS,.jpg,0.16578076779842377
DRUSEN/14/OS/023_Drusen.jpg,DRUSEN-014,test,DRUSEN,drusen,OS,.jpg,0.11625170707702637
DRUSEN/14/OS/024_Drusen.jpg,DRUSEN-014,test,DRUSEN,drusen,OS,.jpg,0.1624082624912262
DRUSEN/14/OS/025_Drusen.jpg,DRUSEN-014,test,DRUSEN,drusen,OS,.jpg,0.17738468945026398
DRUSEN/14/OS/026_Drusen.jpg,DRUSEN-014,test,DRUSEN,drusen,OS,.jpg,0.17716601490974426
DRUSEN/14/OS/027_Drusen.jpg,DRUSEN-014,test,DRUSEN,drusen,OS,.jpg,0.21416562795639038
DRUSEN/14/OS/028_Drusen.jpg,DRUSEN-014,test,DRUSEN,drusen,OS,.jpg,0.1788763850927353
DRUSEN/14/OS/029_Normal.jpg,DRUSEN-014,test,DRUSEN,normal,OS,.jpg,0.1922931969165802
DRUSEN/14/OS/030_Normal.jpg,DRUSEN-014,test,DRUSEN,normal,OS,.jpg,0.21867233514785767
DRUSEN/18/OD/000_Normal.tif,DRUSEN-018,test,DRUSEN,normal,OD,.tif,0.1935223639011383
DRUSEN/18/OD/001_Normal.tif,DRUSEN-018,test,DRUSEN,normal,OD,.tif,0.17968325316905975
DRUSEN/18/OD/002_Normal.tif,DRUSEN-018,test,DRUSEN,normal,OD,.tif,0.16131052374839783
DRUSEN/18/OD/003_Normal.tif,DRUSEN-018,test,DRUSEN,normal,OD,.tif,0.15874384343624115
DRUSEN/18/OD/004_Normal.tif,DRUSEN-018,test,DRUSEN,normal,OD,.tif,0.17167480289936066
DRUSEN/18/OD/005_Normal.tif,DRUSEN-018,test,DRUSEN,normal,OD,.tif,0.12420997768640518
DRUSEN/18/OD/006_Normal.tif,DRUSEN-018,val,DRUSEN,normal,OD,.tif,0.15029090642929077
DRUSEN/18/OD/007_Normal.tif,DRUSEN-018,val,DRUSEN,normal,OD,.tif,0.15072530508041382
DRUSEN/18/OD/008_Normal.tif,DRUSEN-018,val,DRUSEN,normal,OD,.tif,0.15250718593597412
DRUSEN/18/OD/009_Normal.tif,DRUSEN-018,val,DRUSEN,normal,OD,.tif,0.14244255423545837
DRUSEN/18/OD/010_Normal.tif,DRUSEN-018,test,DRUSEN,normal,OD,.tif,0.14243708550930023
DRUSEN/18/OD/011_Normal.tif,DRUSEN-018,val,DRUSEN,normal,OD,.tif,0.12579777836799622
DRUSEN/18/OD/012_Normal.tif,DRUSEN-018,test,DRUSEN,normal,OD,.tif,0.11908788979053497
DRUSEN/18/OD/013_Normal.tif,DRUSEN-018,test,DRUSEN,normal,OD,.tif,0.1975620985031128
DRUSEN/18/OD/014_Drusen.tif,DRUSEN-018,test,DRUSEN,drusen,OD,.tif,0.19005799293518066
DRUSEN/18/OD/015_Drusen.tif,DRUSEN-018,val,DRUSEN,drusen,OD,.tif,0.1947205364704132
DRUSEN/18/OD/016_Drusen.tif,DRUSEN-018,test,DRUSEN,drusen,OD,.tif,0.19171899557113647
DRUSEN/18/OD/017_Drusen.tif,DRUSEN-018,test,DRUSEN,drusen,OD,.tif,0.1880347579717636
DRUSEN/18/OD/018_Drusen.tif,DRUSEN-018,test,DRUSEN,drusen,OD,.tif,0.16297614574432373
DRUSEN/18/OD/019_Normal.tif,DRUSEN-018,val,DRUSEN,normal,OD,.tif,0.13277050852775574
DRUSEN/18/OD/020_Normal.tif,DRUSEN-018,test,DRUSEN,normal,OD,.tif,0.1430092602968216
DRUSEN/18/OD/021_Normal.tif,DRUSEN-018,test,DRUSEN,normal,OD,.tif,0.14566144347190857
DRUSEN/18/OD/022_Normal.tif,DRUSEN-018,test,DRUSEN,normal,OD,.tif,0.11896517872810364
DRUSEN/18/OD/023_Normal.tif,DRUSEN-018,val,DRUSEN,normal,OD,.tif,0.13445088267326355
DRUSEN/18/OD/024_Normal.tif,DRUSEN-018,test,DRUSEN,normal,OD,.tif,0.17479701340198517
DRUSEN/18/OD/025_Normal.tif,DRUSEN-018,test,DRUSEN,normal,OD,.tif,0.17188261449337006
DRUSEN/18/OD/026_Normal.tif,DRUSEN-018,val,DRUSEN,normal,OD,.tif,0.19584417343139648
DRUSEN/18/OD/027_Normal.tif,DRUSEN-018,test,DRUSEN,normal,OD,.tif,0.18010111153125763
DRUSEN/18/OD/028_Normal.tif,DRUSEN-018,val,DRUSEN,normal,OD,.tif,0.19209402799606323
DRUSEN/18/OD/029_Normal.tif,DRUSEN-018,test,DRUSEN,normal,OD,.tif,0.16677869856357574
DRUSEN/18/OD/030_Normal.tif,DRUSEN-018,val,DRUSEN,normal,OD,.tif,0.1708289384841919
DRUSEN/18/OS/000_Normal.tif,DRUSEN-018,val,DRUSEN,normal,OS,.tif,0.21499982476234436
DRUSEN/18/OS/001_Normal.tif,DRUSEN-018,test,DRUSEN,normal,OS,.tif,0.2089669108390808
DRUSEN/18/OS/002_Normal.tif,DRUSEN-018,val,DRUSEN,normal,OS,.tif,0.2341277003288269
DRUSEN/18/OS/003_Normal.tif,DRUSEN-018,test,DRUSEN,normal,OS,.tif,0.2322724610567093
DRUSEN/18/OS/004_Normal.tif,DRUSEN-018,test,DRUSEN,normal,OS,.tif,0.2465519905090332
DRUSEN/18/OS/005_Normal.tif,DRUSEN-018,test,DRUSEN,normal,OS,.tif,0.23898375034332275
DRUSEN/18/OS/006_Normal.tif,DRUSEN-018,test,DRUSEN,normal,OS,.tif,0.24515636265277863
DRUSEN/18/OS/007_Normal.tif,DRUSEN-018,test,DRUSEN,normal,OS,.tif,0.2809705436229706
DRUSEN/18/OS/008_Normal.tif,DRUSEN-018,val,DRUSEN,normal,OS,.tif,0.20398274064064026
DRUSEN/18/OS/009_Normal.tif,DRUSEN-018,test,DRUSEN,normal,OS,.tif,0.24171286821365356
DRUSEN/18/OS/010_Normal.tif,DRUSEN-018,val,DRUSEN,normal,OS,.tif,0.21741533279418945
DRUSEN/18/OS/011_Normal.tif,DRUSEN-018,val,DRUSEN,normal,OS,.tif,0.21173962950706482
DRUSEN/18/OS/012_Normal.tif,DRUSEN-018,test,DRUSEN,normal,OS,.tif,0.16492773592472076
DRUSEN/18/OS/013_Normal.tif,DRUSEN-018,test,DRUSEN,normal,OS,.tif,0.14326970279216766
DRUSEN/18/OS/014_Drusen.tif,DRUSEN-018,val,DRUSEN,drusen,OS,.tif,0.19141849875450134
DRUSEN/18/OS/015_Normal.tif,DRUSEN-018,test,DRUSEN,normal,OS,.tif,0.20286701619625092
DRUSEN/18/OS/016_Normal.tif,DRUSEN-018,val,DRUSEN,normal,OS,.tif,0.22043262422084808
DRUSEN/18/OS/017_Normal.tif,DRUSEN-018,test,DRUSEN,normal,OS,.tif,0.19045761227607727
DRUSEN/18/OS/018_Normal.tif,DRUSEN-018,val,DRUSEN,normal,OS,.tif,0.1804095357656479
DRUSEN/18/OS/019_Normal.tif,DRUSEN-018,val,DRUSEN,normal,OS,.tif,0.18264855444431305
DRUSEN/18/OS/020_Normal.tif,DRUSEN-018,val,DRUSEN,normal,OS,.tif,0.19005544483661652
DRUSEN/18/OS/021_Normal.tif,DRUSEN-018,test,DRUSEN,normal,OS,.tif,0.1281501054763794
DRUSEN/18/OS/022_Normal.tif,DRUSEN-018,test,DRUSEN,normal,OS,.tif,0.15925633907318115
DRUSEN/18/OS/023_Normal.tif,DRUSEN-018,val,DRUSEN,normal,OS,.tif,0.1859980821609497
DRUSEN/18/OS/024_Normal.tif,DRUSEN-018,val,DRUSEN,normal,OS,.tif,0.18051421642303467
DRUSEN/18/OS/025_Normal.tif,DRUSEN-018,test,DRUSEN,normal,OS,.tif,0.1948380172252655
DRUSEN/18/OS/026_Normal.tif,DRUSEN-018,val,DRUSEN,normal,OS,.tif,0.17734047770500183
DRUSEN/18/OS/027_Normal.tif,DRUSEN-018,test,DRUSEN,normal,OS,.tif,0.193893700838089
DRUSEN/18/OS/028_Normal.tif,DRUSEN-018,test,DRUSEN,normal,OS,.tif,0.17738746106624603
DRUSEN/18/OS/029_Normal.tif,DRUSEN-018,val,DRUSEN,normal,OS,.tif,0.14375431835651398
DRUSEN/18/OS/030_Normal.tif,DRUSEN-018,val,DRUSEN,normal,OS,.tif,0.16587291657924652
DRUSEN/19/000_Normal.tif,DRUSEN-019,test,DRUSEN,normal,OD,.tif,0.12471187859773636
DRUSEN/19/001_Normal.tif,DRUSEN-019,test,DRUSEN,normal,OD,.tif,0.11515523493289948
DRUSEN/19/002_Normal.tif,DRUSEN-019,test,DRUSEN,normal,OD,.tif,0.10636752843856812
DRUSEN/19/003_Normal.tif,DRUSEN-019,val,DRUSEN,normal,OD,.tif,0.09946823865175247
DRUSEN/19/004_Normal.tif,DRUSEN-019,val,DRUSEN,normal,OD,.tif,0.08940806984901428
DRUSEN/19/005_Normal.tif,DRUSEN-019,test,DRUSEN,normal,OD,.tif,0.09545524418354034
DRUSEN/19/006_Normal.tif,DRUSEN-019,test,DRUSEN,normal,OD,.tif,0.1109328642487526
DRUSEN/19/007_Normal.tif,DRUSEN-019,test,DRUSEN,normal,OD,.tif,0.12215210497379303
DRUSEN/19/008_Normal.tif,DRUSEN-019,test,DRUSEN,normal,OD,.tif,0.17009994387626648
DRUSEN/19/009_Normal.tif,DRUSEN-019,val,DRUSEN,normal,OD,.tif,0.17949062585830688
DRUSEN/19/010_Normal.tif,DRUSEN-019,test,DRUSEN,normal,OD,.tif,0.11141669005155563
DRUSEN/19/011_Normal.tif,DRUSEN-019,test,DRUSEN,normal,OD,.tif,0.11921390891075134
DRUSEN/19/012_Normal.tif,DRUSEN-019,test,DRUSEN,normal,OD,.tif,0.1025657132267952
DRUSEN/19/013_Normal.tif,DRUSEN-019,val,DRUSEN,normal,OD,.tif,0.11503511667251587
DRUSEN/19/014_Drusen.tif,DRUSEN-019,test,DRUSEN,drusen,OD,.tif,0.1533156931400299
DRUSEN/19/015_Drusen.tif,DRUSEN-019,test,DRUSEN,drusen,OD,.tif,0.15327534079551697
DRUSEN/19/016_Normal.tif,DRUSEN-019,test,DRUSEN,normal,OD,.tif,0.17496958374977112
DRUSEN/19/017_Normal.tif,DRUSEN-019,val,DRUSEN,normal,OD,.tif,0.19059911370277405
DRUSEN/19/018_Normal.tif,DRUSEN-019,test,DRUSEN,normal,OD,.tif,0.1945900022983551
DRUSEN/19/019_Normal.tif,DRUSEN-019,test,DRUSEN,normal,OD,.tif,0.1834503710269928
DRUSEN/19/020_Normal.tif,DRUSEN-019,val,DRUSEN,normal,OD,.tif,0.16597653925418854
DRUSEN/19/021_Drusen.tif,DRUSEN-019,test,DRUSEN,drusen,OD,.tif,0.1373274177312851
DRUSEN/19/022_Drusen.tif,DRUSEN-019,test,DRUSEN,drusen,OD,.tif,0.15263444185256958
DRUSEN/19/023_Drusen.tif,DRUSEN-019,val,DRUSEN,drusen,OD,.tif,0.11496612429618835
DRUSEN/19/024_Drusen.tif,DRUSEN-019,test,DRUSEN,drusen,OD,.tif,0.10675262659788132
DRUSEN/19/025_Drusen.tif,DRUSEN-019,val,DRUSEN,drusen,OD,.tif,0.10543762147426605
DRUSEN/19/026_Drusen.tif,DRUSEN-019,val,DRUSEN,drusen,OD,.tif,0.11852554976940155
DRUSEN/19/027_Drusen.tif,DRUSEN-019,test,DRUSEN,drusen,OD,.tif,0.1120658814907074
DRUSEN/19/028_Drusen.tif,DRUSEN-019,val,DRUSEN,drusen,OD,.tif,0.12844857573509216
DRUSEN/19/029_Normal.tif,DRUSEN-019,test,DRUSEN,normal,OD,.tif,0.1395881325006485
DRUSEN/19/030_Normal.tif,DRUSEN-019,val,DRUSEN,normal,OD,.tif,0.12189731001853943
DRUSEN/21/000_Normal.tif,DRUSEN-021,test,DRUSEN,normal,OD,.tif,0.201078400015831
DRUSEN/21/001_Normal.tif,DRUSEN-021,test,DRUSEN,normal,OD,.tif,0.14917582273483276
DRUSEN/21/002_Normal.tif,DRUSEN-021,val,DRUSEN,normal,OD,.tif,0.16693854331970215
DRUSEN/21/003_Normal.tif,DRUSEN-021,val,DRUSEN,normal,OD,.tif,0.20826902985572815
DRUSEN/21/004_Drusen.tif,DRUSEN-021,val,DRUSEN,drusen,OD,.tif,0.21231982111930847
DRUSEN/21/005_Drusen.tif,DRUSEN-021,test,DRUSEN,drusen,OD,.tif,0.22230279445648193
DRUSEN/21/006_Drusen.tif,DRUSEN-021,val,DRUSEN,drusen,OD,.tif,0.2365274429321289
DRUSEN/21/007_Drusen.tif,DRUSEN-021,test,DRUSEN,drusen,OD,.tif,0.23888172209262848
DRUSEN/21/008_Drusen.tif,DRUSEN-021,test,DRUSEN,drusen,OD,.tif,0.16841742396354675
DRUSEN/21/009_Drusen.tif,DRUSEN-021,test,DRUSEN,drusen,OD,.tif,0.1517365276813507
DRUSEN/21/010_Drusen.tif,DRUSEN-021,val,DRUSEN,drusen,OD,.tif,0.16132330894470215
DRUSEN/21/011_Drusen.tif,DRUSEN-021,test,DRUSEN,drusen,OD,.tif,0.15893641114234924
DRUSEN/21/012_Drusen.tif,DRUSEN-021,test,DRUSEN,drusen,OD,.tif,0.18656481802463531
DRUSEN/21/013_Drusen.tif,DRUSEN-021,test,DRUSEN,drusen,OD,.tif,0.19868385791778564
DRUSEN/21/014_Drusen.tif,DRUSEN-021,val,DRUSEN,drusen,OD,.tif,0.2299124151468277
DRUSEN/21/015_Normal.tif,DRUSEN-021,test,DRUSEN,normal,OD,.tif,0.2825047969818115
DRUSEN/21/016_Normal.tif,DRUSEN-021,test,DRUSEN,normal,OD,.tif,0.19927969574928284
DRUSEN/21/017_Drusen.tif,DRUSEN-021,val,DRUSEN,drusen,OD,.tif,0.1930183470249176
DRUSEN/21/018_Drusen.tif,DRUSEN-021,test,DRUSEN,drusen,OD,.tif,0.21623381972312927
DRUSEN/21/019_Drusen.tif,DRUSEN-021,test,DRUSEN,drusen,OD,.tif,0.15912410616874695
DRUSEN/21/020_Normal.tif,DRUSEN-021,val,DRUSEN,normal,OD,.tif,0.15073880553245544
DRUSEN/21/021_Normal.tif,DRUSEN-021,test,DRUSEN,normal,OD,.tif,0.16177603602409363
DRUSEN/21/022_Normal.tif,DRUSEN-021,val,DRUSEN,normal,OD,.tif,0.1539129614830017
DRUSEN/21/023_Normal.tif,DRUSEN-021,test,DRUSEN,normal,OD,.tif,0.1416001319885254
DRUSEN/21/024_Normal.tif,DRUSEN-021,test,DRUSEN,normal,OD,.tif,0.1491629183292389
DRUSEN/21/025_Normal.tif,DRUSEN-021,val,DRUSEN,normal,OD,.tif,0.12890248000621796
DRUSEN/21/026_Normal.tif,DRUSEN-021,val,DRUSEN,normal,OD,.tif,0.13074269890785217
DRUSEN/21/027_Normal.tif,DRUSEN-021,test,DRUSEN,normal,OD,.tif,0.149770587682724
DRUSEN/21/028_Normal.tif,DRUSEN-021,test,DRUSEN,normal,OD,.tif,0.15669745206832886
DRUSEN/21/029_Normal.tif,DRUSEN-021,test,DRUSEN,normal,OD,.tif,0.12959827482700348
DRUSEN/21/030_Normal.tif,DRUSEN-021,val,DRUSEN,normal,OD,.tif,0.15239137411117554
DRUSEN/22/000_Normal.jpg,DRUSEN-022,test,DRUSEN,normal,OD,.jpg,0.19759073853492737
DRUSEN/22/001_Normal.jpg,DRUSEN-022,test,DRUSEN,normal,OD,.jpg,0.20771585404872894
DRUSEN/22/002_Drusen.jpg,DRUSEN-022,test,DRUSEN,drusen,OD,.jpg,0.264301061630249
DRUSEN/22/003_Drusen.jpg,DRUSEN-022,test,DRUSEN,drusen,OD,.jpg,0.23978939652442932
DRUSEN/22/004_Drusen.jpg,DRUSEN-022,test,DRUSEN,drusen,OD,.jpg,0.242218017578125
DRUSEN/22/005_Drusen.jpg,DRUSEN-022,val,DRUSEN,drusen,OD,.jpg,0.21816982328891754
DRUSEN/22/006_Drusen.jpg,DRUSEN-022,val,DRUSEN,drusen,OD,.jpg,0.162188321352005
DRUSEN/22/007_Drusen.jpg,DRUSEN-022,test,DRUSEN,drusen,OD,.jpg,0.2381269633769989
DRUSEN/22/008_Drusen.jpg,DRUSEN-022,test,DRUSEN,drusen,OD,.jpg,0.19901084899902344
DRUSEN/22/009_Drusen.jpg,DRUSEN-022,test,DRUSEN,drusen,OD,.jpg,0.20617026090621948
DRUSEN/22/010_Drusen.jpg,DRUSEN-022,val,DRUSEN,drusen,OD,.jpg,0.1900729537010193
DRUSEN/22/011_Drusen.jpg,DRUSEN-022,test,DRUSEN,drusen,OD,.jpg,0.19845567643642426
DRUSEN/22/012_Drusen.jpg,DRUSEN-022,test,DRUSEN,drusen,OD,.jpg,0.1895807683467865
DRUSEN/22/013_Drusen.jpg,DRUSEN-022,test,DRUSEN,drusen,OD,.jpg,0.1989152580499649
DRUSEN/22/014_Drusen.jpg,DRUSEN-022,val,DRUSEN,drusen,OD,.jpg,0.21807551383972168
DRUSEN/22/015_Drusen.jpg,DRUSEN-022,test,DRUSEN,drusen,OD,.jpg,0.24086150527000427
DRUSEN/22/016_Drusen.jpg,DRUSEN-022,test,DRUSEN,drusen,OD,.jpg,0.24905620515346527
DRUSEN/22/017_Drusen.jpg,DRUSEN-022,val,DRUSEN,drusen,OD,.jpg,0.22702443599700928
DRUSEN/22/018_Drusen.jpg,DRUSEN-022,test,DRUSEN,drusen,OD,.jpg,0.20732775330543518
DRUSEN/22/019_Drusen.jpg,DRUSEN-022,val,DRUSEN,drusen,OD,.jpg,0.1667555272579193
DRUSEN/22/020_Drusen.jpg,DRUSEN-022,test,DRUSEN,drusen,OD,.jpg,0.20600569248199463
DRUSEN/22/021_Drusen.jpg,DRUSEN-022,val,DRUSEN,drusen,OD,.jpg,0.17810983955860138
DRUSEN/22/022_Drusen.jpg,DRUSEN-022,val,DRUSEN,drusen,OD,.jpg,0.1956516057252884
DRUSEN/22/023_Drusen.jpg,DRUSEN-022,test,DRUSEN,drusen,OD,.jpg,0.1737993061542511
DRUSEN/22/024_Drusen.jpg,DRUSEN-022,test,DRUSEN,drusen,OD,.jpg,0.19311146438121796
DRUSEN/24/000_Normal.tif,DRUSEN-024,test,DRUSEN,normal,OS,.tif,0.12500561773777008
DRUSEN/24/001_Normal.tif,DRUSEN-024,val,DRUSEN,normal,OS,.tif,0.1412280797958374
DRUSEN/24/002_Normal.tif,DRUSEN-024,test,DRUSEN,normal,OS,.tif,0.14499974250793457
DRUSEN/24/003_Normal.tif,DRUSEN-024,val,DRUSEN,normal,OS,.tif,0.12907111644744873
DRUSEN/24/004_Normal.tif,DRUSEN-024,val,DRUSEN,normal,OS,.tif,0.13279196619987488
DRUSEN/24/005_Normal.tif,DRUSEN-024,test,DRUSEN,normal,OS,.tif,0.16729217767715454
DRUSEN/24/006_Normal.tif,DRUSEN-024,val,DRUSEN,normal,OS,.tif,0.14295770227909088
DRUSEN/24/007_Drusen.tif,DRUSEN-024,test,DRUSEN,drusen,OS,.tif,0.12445566058158875
DRUSEN/24/008_Drusen.tif,DRUSEN-024,test,DRUSEN,drusen,OS,.tif,0.11195932328701019
DRUSEN/24/009_Drusen.tif,DRUSEN-024,test,DRUSEN,drusen,OS,.tif,0.10657939314842224
DRUSEN/24/010_Drusen.tif,DRUSEN-024,test,DRUSEN,drusen,OS,.tif,0.1294674575328827
DRUSEN/24/011_Drusen.tif,DRUSEN-024,test,DRUSEN,drusen,OS,.tif,0.10031132400035858
DRUSEN/24/012_Drusen.tif,DRUSEN-024,test,DRUSEN,drusen,OS,.tif,0.13677150011062622
DRUSEN/24/013_Drusen.tif,DRUSEN-024,test,DRUSEN,drusen,OS,.tif,0.12391412258148193
DRUSEN/24/014_Drusen.tif,DRUSEN-024,val,DRUSEN,drusen,OS,.tif,0.1274789273738861
DRUSEN/24/015_Drusen.tif,DRUSEN-024,test,DRUSEN,drusen,OS,.tif,0.14211314916610718
DRUSEN/24/016_Drusen.tif,DRUSEN-024,test,DRUSEN,drusen,OS,.tif,0.19242672622203827
DRUSEN/24/017_Drusen.tif,DRUSEN-024,test,DRUSEN,drusen,OS,.tif,0.16009336709976196
DRUSEN/24/018_Drusen.tif,DRUSEN-024,val,DRUSEN,drusen,OS,.tif,0.18071936070919037
DRUSEN/24/019_Drusen.tif,DRUSEN-024,test,DRUSEN,drusen,OS,.tif,0.13735613226890564
DRUSEN/24/020_Drusen.tif,DRUSEN-024,val,DRUSEN,drusen,OS,.tif,0.12483236938714981
DRUSEN/24/021_Drusen.tif,DRUSEN-024,val,DRUSEN,drusen,OS,.tif,0.17027804255485535
DRUSEN/24/022_Drusen.tif,DRUSEN-024,test,DRUSEN,drusen,OS,.tif,0.1702524721622467
DRUSEN/24/023_Drusen.tif,DRUSEN-024,val,DRUSEN,drusen,OS,.tif,0.1369572877883911
DRUSEN/24/024_Drusen.tif,DRUSEN-024,test,DRUSEN,drusen,OS,.tif,0.18040135502815247
DRUSEN/24/025_Drusen.tif,DRUSEN-024,test,DRUSEN,drusen,OS,.tif,0.1348063349723816
DRUSEN/24/026_Drusen.tif,DRUSEN-024,val,DRUSEN,drusen,OS,.tif,0.1770687699317932
DRUSEN/24/027_Drusen.tif,DRUSEN-024,test,DRUSEN,drusen,OS,.tif,0.1517893522977829
DRUSEN/24/028_Drusen.tif,DRUSEN-024,test,DRUSEN,drusen,OS,.tif,0.16959278285503387
DRUSEN/24/029_Drusen.tif,DRUSEN-024,test,DRUSEN,drusen,OS,.tif,0.18563850224018097
DRUSEN/24/030_Normal.tif,DRUSEN-024,test,DRUSEN,normal,OS,.tif,0.20111939311027527
DRUSEN/25/000_Normal.tif,DRUSEN-025,test,DRUSEN,normal,OS,.tif,0.3018023669719696
DRUSEN/25/001_Normal.tif,DRUSEN-025,test,DRUSEN,normal,OS,.tif,0.26092153787612915
DRUSEN/25/002_Normal.tif,DRUSEN-025,val,DRUSEN,normal,OS,.tif,0.29099810123443604
DRUSEN/25/003_Normal.tif,DRUSEN-025,test,DRUSEN,normal,OS,.tif,0.2701943814754486
DRUSEN/25/004_Normal.tif,DRUSEN-025,val,DRUSEN,normal,OS,.tif,0.2324100285768509
DRUSEN/25/005_Drusen.tif,DRUSEN-025,test,DRUSEN,drusen,OS,.tif,0.24064677953720093
DRUSEN/25/006_Normal.tif,DRUSEN-025,val,DRUSEN,normal,OS,.tif,0.22155097126960754
DRUSEN/25/007_Normal.tif,DRUSEN-025,test,DRUSEN,normal,OS,.tif,0.19375652074813843
DRUSEN/25/008_Normal.tif,DRUSEN-025,val,DRUSEN,normal,OS,.tif,0.1756783425807953
DRUSEN/25/009_Normal.tif,DRUSEN-025,test,DRUSEN,normal,OS,.tif,0.18024691939353943
DRUSEN/25/010_Normal.tif,DRUSEN-025,test,DRUSEN,normal,OS,.tif,0.2036578357219696
DRUSEN/25/011_Normal.tif,DRUSEN-025,test,DRUSEN,normal,OS,.tif,0.19245949387550354
DRUSEN/25/012_Normal.tif,DRUSEN-025,test,DRUSEN,normal,OS,.tif,0.17829236388206482
DRUSEN/25/013_Normal.tif,DRUSEN-025,val,DRUSEN,normal,OS,.tif,0.21448853611946106
DRUSEN/25/014_Normal.tif,DRUSEN-025,val,DRUSEN,normal,OS,.tif,0.23954153060913086
DRUSEN/25/015_Drusen.tif,DRUSEN-025,test,DRUSEN,drusen,OS,.tif,0.26703107357025146
DRUSEN/25/016_Normal.tif,DRUSEN-025,test,DRUSEN,normal,OS,.tif,0.26996269822120667
DRUSEN/25/017_Normal.tif,DRUSEN-025,test,DRUSEN,normal,OS,.tif,0.24425539374351501
DRUSEN/25/018_Normal.tif,DRUSEN-025,val,DRUSEN,normal,OS,.tif,0.22812709212303162
DRUSEN/25/019_Normal.tif,DRUSEN-025,test,DRUSEN,normal,OS,.tif,0.22570861876010895
DRUSEN/25/020_Drusen.tif,DRUSEN-025,test,DRUSEN,drusen,OS,.tif,0.19915103912353516
DRUSEN/25/021_Drusen.tif,DRUSEN-025,test,DRUSEN,drusen,OS,.tif,0.18066169321537018
DRUSEN/25/022_Drusen.tif,DRUSEN-025,val,DRUSEN,drusen,OS,.tif,0.1950055956840515
DRUSEN/25/023_Drusen.tif,DRUSEN-025,test,DRUSEN,drusen,OS,.tif,0.16376546025276184
DRUSEN/25/024_Drusen.tif,DRUSEN-025,test,DRUSEN,drusen,OS,.tif,0.1534423828125
DRUSEN/25/025_Drusen.tif,DRUSEN-025,test,DRUSEN,drusen,OS,.tif,0.15493029356002808
DRUSEN/25/026_Drusen.tif,DRUSEN-025,test,DRUSEN,drusen,OS,.tif,0.15692587196826935
DRUSEN/25/027_Drusen.tif,DRUSEN-025,test,DRUSEN,drusen,OS,.tif,0.13119934499263763
DRUSEN/25/028_Drusen.tif,DRUSEN-025,val,DRUSEN,drusen,OS,.tif,0.16823816299438477
DRUSEN/25/029_Drusen.tif,DRUSEN-025,test,DRUSEN,drusen,OS,.tif,0.15650060772895813
DRUSEN/25/030_Drusen.tif,DRUSEN-025,test,DRUSEN,drusen,OS,.tif,0.22363272309303284
DRUSEN/26/000_Drusen.tif,DRUSEN-026,val,DRUSEN,drusen,OS,.tif,0.17383213341236115
DRUSEN/26/001_Drusen.tif,DRUSEN-026,test,DRUSEN,drusen,OS,.tif,0.17699652910232544
DRUSEN/26/002_Drusen.tif,DRUSEN-026,test,DRUSEN,drusen,OS,.tif,0.20493018627166748
DRUSEN/26/003_Drusen.tif,DRUSEN-026,test,DRUSEN,drusen,OS,.tif,0.18960829079151154
DRUSEN/26/004_Drusen.tif,DRUSEN-026,test,DRUSEN,drusen,OS,.tif,0.16934838891029358
DRUSEN/26/005_Drusen.tif,DRUSEN-026,test,DRUSEN,drusen,OS,.tif,0.1882239431142807
DRUSEN/26/006_Drusen.tif,DRUSEN-026,test,DRUSEN,drusen,OS,.tif,0.24079301953315735
DRUSEN/26/007_Drusen.tif,DRUSEN-026,test,DRUSEN,drusen,OS,.tif,0.20539870858192444
DRUSEN/26/008_Drusen.tif,DRUSEN-026,test,DRUSEN,drusen,OS,.tif,0.14886265993118286
DRUSEN/26/009_Drusen.tif,DRUSEN-026,test,DRUSEN,drusen,OS,.tif,0.20095202326774597
DRUSEN/26/010_Drusen.tif,DRUSEN-026,val,DRUSEN,drusen,OS,.tif,0.21879741549491882
DRUSEN/26/011_Drusen.tif,DRUSEN-026,test,DRUSEN,drusen,OS,.tif,0.2040942907333374
DRUSEN/26/012_Drusen.tif,DRUSEN-026,test,DRUSEN,drusen,OS,.tif,0.23490017652511597
DRUSEN/26/013_Drusen.tif,DRUSEN-026,val,DRUSEN,drusen,OS,.tif,0.19793319702148438
DRUSEN/26/014_Drusen.tif,DRUSEN-026,val,DRUSEN,drusen,OS,.tif,0.250709593296051
DRUSEN/26/015_Drusen.tif,DRUSEN-026,val,DRUSEN,drusen,OS,.tif,0.25255686044692993
DRUSEN/26/016_Drusen.tif,DRUSEN-026,test,DRUSEN,drusen,OS,.tif,0.2543681859970093
DRUSEN/26/017_Drusen.tif,DRUSEN-026,test,DRUSEN,drusen,OS,.tif,0.262068510055542
DRUSEN/26/018_Drusen.tif,DRUSEN-026,test,DRUSEN,drusen,OS,.tif,0.22457236051559448
DRUSEN/26/019_Drusen.tif,DRUSEN-026,val,DRUSEN,drusen,OS,.tif,0.283541202545166
DRUSEN/26/020_Drusen.tif,DRUSEN-026,val,DRUSEN,drusen,OS,.tif,0.25256234407424927
DRUSEN/26/021_Drusen.tif,DRUSEN-026,val,DRUSEN,drusen,OS,.tif,0.21765607595443726
DRUSEN/26/022_Drusen.tif,DRUSEN-026,test,DRUSEN,drusen,OS,.tif,0.24331927299499512
DRUSEN/26/023_Drusen.tif,DRUSEN-026,test,DRUSEN,drusen,OS,.tif,0.22206605970859528
DRUSEN/26/024_Drusen.tif,DRUSEN-026,val,DRUSEN,drusen,OS,.tif,0.19470858573913574
DRUSEN/26/025_Drusen.tif,DRUSEN-026,test,DRUSEN,drusen,OS,.tif,0.18132221698760986
DRUSEN/26/026_Drusen.tif,DRUSEN-026,val,DRUSEN,drusen,OS,.tif,0.15951451659202576
DRUSEN/26/027_Drusen.tif,DRUSEN-026,test,DRUSEN,drusen,OS,.tif,0.15172667801380157
DRUSEN/26/028_Drusen.tif,DRUSEN-026,test,DRUSEN,drusen,OS,.tif,0.16631105542182922
DRUSEN/27/OD/000_DRusen.tif,DRUSEN-027,test,DRUSEN,drusen,OD,.tif,0.1417953222990036
DRUSEN/27/OD/001_DRusen.tif,DRUSEN-027,test,DRUSEN,drusen,OD,.tif,0.1289706826210022
DRUSEN/27/OD/002_DRusen.tif,DRUSEN-027,val,DRUSEN,drusen,OD,.tif,0.16424454748630524
DRUSEN/27/OD/003_DRusen.tif,DRUSEN-027,val,DRUSEN,drusen,OD,.tif,0.19079375267028809
DRUSEN/27/OD/004_DRusen.tif,DRUSEN-027,test,DRUSEN,drusen,OD,.tif,0.2417905628681183
DRUSEN/27/OD/005_DRusen.tif,DRUSEN-027,test,DRUSEN,drusen,OD,.tif,0.1754830777645111
DRUSEN/27/OD/006_DRusen.tif,DRUSEN-027,test,DRUSEN,drusen,OD,.tif,0.1624961793422699
DRUSEN/27/OD/007_DRusen.tif,DRUSEN-027,test,DRUSEN,drusen,OD,.tif,0.17617204785346985
DRUSEN/27/OD/008_DRusen.tif,DRUSEN-027,test,DRUSEN,drusen,OD,.tif,0.14067381620407104
DRUSEN/27/OD/009_DRusen.tif,DRUSEN-027,test,DRUSEN,drusen,OD,.tif,0.15752124786376953
DRUSEN/27/OD/010_DRusen.tif,DRUSEN-027,val,DRUSEN,drusen,OD,.tif,0.17583411931991577
DRUSEN/27/OD/011_DRusen.tif,DRUSEN-027,val,DRUSEN,drusen,OD,.tif,0.1526765376329422
DRUSEN/27/OD/012_DRusen.tif,DRUSEN-027,test,DRUSEN,drusen,OD,.tif,0.19931882619857788
DRUSEN/27/OD/013_DRusen.tif,DRUSEN-027,test,DRUSEN,drusen,OD,.tif,0.23193421959877014
DRUSEN/27/OD/014_DRusen.tif,DRUSEN-027,test,DRUSEN,drusen,OD,.tif,0.25842538475990295
DRUSEN/27/OD/015_DRusen.tif,DRUSEN-027,val,DRUSEN,drusen,OD,.tif,0.20938119292259216
DRUSEN/27/OD/016_DRusen.tif,DRUSEN-027,val,DRUSEN,drusen,OD,.tif,0.2174234539270401
DRUSEN/27/OD/017_DRusen.tif,DRUSEN-027,test,DRUSEN,drusen,OD,.tif,0.14293000102043152
DRUSEN/27/OD/018_DRusen.tif,DRUSEN-027,val,DRUSEN,drusen,OD,.tif,0.12375356256961823
DRUSEN/27/OD/019_DRusen.tif,DRUSEN-027,test,DRUSEN,drusen,OD,.tif,0.1394577920436859
DRUSEN/27/OD/020_DRusen.tif,DRUSEN-027,test,DRUSEN,drusen,OD,.tif,0.16004279255867004
DRUSEN/27/OD/021_DRusen.tif,DRUSEN-027,val,DRUSEN,drusen,OD,.tif,0.17643088102340698
DRUSEN/27/OD/022_DRusen.tif,DRUSEN-027,test,DRUSEN,drusen,OD,.tif,0.16555514931678772
DRUSEN/27/OD/023_DRusen.tif,DRUSEN-027,val,DRUSEN,drusen,OD,.tif,0.19719631969928741
DRUSEN/27/OD/024_DRusen.tif,DRUSEN-027,val,DRUSEN,drusen,OD,.tif,0.16177840530872345
DRUSEN/27/OD/025_DRusen.tif,DRUSEN-027,test,DRUSEN,drusen,OD,.tif,0.18627290427684784
DRUSEN/27/OD/026_DRusen.tif,DRUSEN-027,val,DRUSEN,drusen,OD,.tif,0.15105974674224854
DRUSEN/27/OD/027_DRusen.tif,DRUSEN-027,val,DRUSEN,drusen,OD,.tif,0.12273303419351578
DRUSEN/27/OD/028_DRusen.tif,DRUSEN-027,test,DRUSEN,drusen,OD,.tif,0.13759782910346985
DRUSEN/27/OD/029_DRusen.tif,DRUSEN-027,test,DRUSEN,drusen,OD,.tif,0.11747278273105621
DRUSEN/27/OD/030_DRusen.tif,DRUSEN-027,test,DRUSEN,drusen,OD,.tif,0.1297777146100998
DRUSEN/27/OS/000_Drusen.tif,DRUSEN-027,test,DRUSEN,drusen,OS,.tif,0.1328573226928711
DRUSEN/27/OS/001_Drusen.tif,DRUSEN-027,val,DRUSEN,drusen,OS,.tif,0.14022861421108246
DRUSEN/27/OS/002_Drusen.tif,DRUSEN-027,test,DRUSEN,drusen,OS,.tif,0.10245446860790253
DRUSEN/27/OS/003_Drusen.tif,DRUSEN-027,test,DRUSEN,drusen,OS,.tif,0.13606064021587372
DRUSEN/27/OS/004_Drusen.tif,DRUSEN-027,test,DRUSEN,drusen,OS,.tif,0.16397440433502197
DRUSEN/27/OS/005_Drusen.tif,DRUSEN-027,val,DRUSEN,drusen,OS,.tif,0.1475890725851059
DRUSEN/27/OS/006_Drusen.tif,DRUSEN-027,test,DRUSEN,drusen,OS,.tif,0.15541644394397736
DRUSEN/27/OS/007_Drusen.tif,DRUSEN-027,val,DRUSEN,drusen,OS,.tif,0.13188517093658447
DRUSEN/27/OS/008_Drusen.tif,DRUSEN-027,test,DRUSEN,drusen,OS,.tif,0.1847226321697235
DRUSEN/27/OS/009_Drusen.tif,DRUSEN-027,val,DRUSEN,drusen,OS,.tif,0.14329048991203308
DRUSEN/27/OS/010_Drusen.tif,DRUSEN-027,test,DRUSEN,drusen,OS,.tif,0.19965285062789917
DRUSEN/27/OS/011_Drusen.tif,DRUSEN-027,test,DRUSEN,drusen,OS,.tif,0.1474333256483078
DRUSEN/27/OS/012_Drusen.tif,DRUSEN-027,test,DRUSEN,drusen,OS,.tif,0.20442605018615723
DRUSEN/27/OS/013_Drusen.tif,DRUSEN-027,test,DRUSEN,drusen,OS,.tif,0.1859094500541687
DRUSEN/27/OS/014_Drusen.tif,DRUSEN-027,test,DRUSEN,drusen,OS,.tif,0.1998222917318344
DRUSEN/27/OS/015_Drusen.tif,DRUSEN-027,val,DRUSEN,drusen,OS,.tif,0.2676682770252228
DRUSEN/27/OS/016_Drusen.tif,DRUSEN-027,test,DRUSEN,drusen,OS,.tif,0.2322394847869873
DRUSEN/27/OS/017_Drusen.tif,DRUSEN-027,test,DRUSEN,drusen,OS,.tif,0.2382165640592575
DRUSEN/27/OS/018_Drusen.tif,DRUSEN-027,test,DRUSEN,drusen,OS,.tif,0.20732633769512177
DRUSEN/27/OS/019_Drusen.tif,DRUSEN-027,val,DRUSEN,drusen,OS,.tif,0.16655296087265015
DRUSEN/27/OS/020_Drusen.tif,DRUSEN-027,test,DRUSEN,drusen,OS,.tif,0.12245989590883255
DRUSEN/27/OS/021_Drusen.tif,DRUSEN-027,val,DRUSEN,drusen,OS,.tif,0.18172761797904968
DRUSEN/27/OS/022_Drusen.tif,DRUSEN-027,test,DRUSEN,drusen,OS,.tif,0.1401364505290985
DRUSEN/27/OS/023_Drusen.tif,DRUSEN-027,test,DRUSEN,drusen,OS,.tif,0.15034165978431702
DRUSEN/27/OS/024_Drusen.tif,DRUSEN-027,test,DRUSEN,drusen,OS,.tif,0.1961696743965149
DRUSEN/27/OS/025_Drusen.tif,DRUSEN-027,test,DRUSEN,drusen,OS,.tif,0.20814856886863708
DRUSEN/27/OS/026_Drusen.tif,DRUSEN-027,test,DRUSEN,drusen,OS,.tif,0.21336273849010468
DRUSEN/27/OS/027_Drusen.tif,DRUSEN-027,test,DRUSEN,drusen,OS,.tif,0.18976405262947083
DRUSEN/27/OS/028_Drusen.tif,DRUSEN-027,test,DRUSEN,drusen,OS,.tif,0.16052129864692688
DRUSEN/27/OS/029_Drusen.tif,DRUSEN-027,test,DRUSEN,drusen,OS,.tif,0.15727558732032776
DRUSEN/27/OS/030_Drusen.tif,DRUSEN-027,val,DRUSEN,drusen,OS,.tif,0.17511895298957825
DRUSEN/28/000_NOrmal.tif,DRUSEN-028,test,DRUSEN,normal,OD,.tif,0.22410976886749268
DRUSEN/28/001_NOrmal.tif,DRUSEN-028,test,DRUSEN,normal,OD,.tif,0.2551397979259491
DRUSEN/28/002_NOrmal.tif,DRUSEN-028,test,DRUSEN,normal,OD,.tif,0.243699312210083
DRUSEN/28/003_NOrmal.tif,DRUSEN-028,test,DRUSEN,normal,OD,.tif,0.26166266202926636
DRUSEN/28/004_NOrmal.tif,DRUSEN-028,test,DRUSEN,normal,OD,.tif,0.17871399223804474
DRUSEN/28/005_NOrmal.tif,DRUSEN-028,test,DRUSEN,normal,OD,.tif,0.23288491368293762
DRUSEN/28/006_NOrmal.tif,DRUSEN-028,test,DRUSEN,normal,OD,.tif,0.22060774266719818
DRUSEN/28/007_NOrmal.tif,DRUSEN-028,test,DRUSEN,normal,OD,.tif,0.20338234305381775
DRUSEN/28/008_NOrmal.tif,DRUSEN-028,test,DRUSEN,normal,OD,.tif,0.1808534562587738
DRUSEN/28/009_NOrmal.tif,DRUSEN-028,test,DRUSEN,normal,OD,.tif,0.15423879027366638
DRUSEN/28/010_NOrmal.tif,DRUSEN-028,test,DRUSEN,normal,OD,.tif,0.12048856914043427
DRUSEN/28/011_NOrmal.tif,DRUSEN-028,test,DRUSEN,normal,OD,.tif,0.15181207656860352
DRUSEN/28/012_NOrmal.tif,DRUSEN-028,test,DRUSEN,normal,OD,.tif,0.15092414617538452
DRUSEN/28/013_NOrmal.tif,DRUSEN-028,test,DRUSEN,normal,OD,.tif,0.11072461307048798
DRUSEN/28/014_Drusen.tif,DRUSEN-028,test,DRUSEN,drusen,OD,.tif,0.12073951959609985
DRUSEN/28/015_Drusen.tif,DRUSEN-028,val,DRUSEN,drusen,OD,.tif,0.18682774901390076
DRUSEN/28/016_Drusen.tif,DRUSEN-028,test,DRUSEN,drusen,OD,.tif,0.14075340330600739
DRUSEN/28/017_NOrmal.tif,DRUSEN-028,test,DRUSEN,normal,OD,.tif,0.15384578704833984
DRUSEN/28/018_NOrmal.tif,DRUSEN-028,val,DRUSEN,normal,OD,.tif,0.16751521825790405
DRUSEN/28/019_NOrmal.tif,DRUSEN-028,val,DRUSEN,normal,OD,.tif,0.15258711576461792
DRUSEN/28/020_NOrmal.tif,DRUSEN-028,test,DRUSEN,normal,OD,.tif,0.14488214254379272
DRUSEN/28/021_NOrmal.tif,DRUSEN-028,val,DRUSEN,normal,OD,.tif,0.128773033618927
DRUSEN/28/022_NOrmal.tif,DRUSEN-028,test,DRUSEN,normal,OD,.tif,0.15145617723464966
DRUSEN/28/023_Drusen.tif,DRUSEN-028,test,DRUSEN,drusen,OD,.tif,0.15849636495113373
DRUSEN/28/024_Drusen.tif,DRUSEN-028,test,DRUSEN,drusen,OD,.tif,0.1600089967250824
DRUSEN/28/025_Drusen.tif,DRUSEN-028,val,DRUSEN,drusen,OD,.tif,0.1677970588207245
DRUSEN/28/026_NOrmal.tif,DRUSEN-028,test,DRUSEN,normal,OD,.tif,0.24745500087738037
DRUSEN/28/027_NOrmal.tif,DRUSEN-028,test,DRUSEN,normal,OD,.tif,0.20630115270614624
DRUSEN/28/028_NOrmal.tif,DRUSEN-028,test,DRUSEN,normal,OD,.tif,0.211217999458313
DRUSEN/28/029_NOrmal.tif,DRUSEN-028,test,DRUSEN,normal,OD,.tif,0.2060871720314026
DRUSEN/28/030_NOrmal.tif,DRUSEN-028,test,DRUSEN,normal,OD,.tif,0.19858555495738983
DRUSEN/29/OD/000_Normal.tif,DRUSEN-029,test,DRUSEN,normal,OD,.tif,0.15379756689071655
DRUSEN/29/OD/001_Normal.tif,DRUSEN-029,test,DRUSEN,normal,OD,.tif,0.19050332903862
DRUSEN/29/OD/002_Normal.tif,DRUSEN-029,test,DRUSEN,normal,OD,.tif,0.14795169234275818
DRUSEN/29/OD/003_Drusen.tif,DRUSEN-029,val,DRUSEN,drusen,OD,.tif,0.12967821955680847
DRUSEN/29/OD/004_Drusen.tif,DRUSEN-029,test,DRUSEN,drusen,OD,.tif,0.15606173872947693
DRUSEN/29/OD/005_Drusen.tif,DRUSEN-029,test,DRUSEN,drusen,OD,.tif,0.11107967048883438
DRUSEN/29/OD/006_Normal.tif,DRUSEN-029,test,DRUSEN,normal,OD,.tif,0.1008949726819992
DRUSEN/29/OD/007_Normal.tif,DRUSEN-029,val,DRUSEN,normal,OD,.tif,0.12927985191345215
DRUSEN/29/OD/008_Normal.tif,DRUSEN-029,test,DRUSEN,normal,OD,.tif,0.11414124071598053
DRUSEN/29/OD/009_Normal.tif,DRUSEN-029,test,DRUSEN,normal,OD,.tif,0.1369558572769165
DRUSEN/29/OD/010_Normal.tif,DRUSEN-029,test,DRUSEN,normal,OD,.tif,0.1415611058473587
DRUSEN/29/OD/011_Normal.tif,DRUSEN-029,val,DRUSEN,normal,OD,.tif,0.160232812166214
DRUSEN/29/OD/012_Normal.tif,DRUSEN-029,test,DRUSEN,normal,OD,.tif,0.13207796216011047
DRUSEN/29/OD/013_Drusen.tif,DRUSEN-029,val,DRUSEN,drusen,OD,.tif,0.17403675615787506
DRUSEN/29/OD/014_Drusen.tif,DRUSEN-029,test,DRUSEN,drusen,OD,.tif,0.20588816702365875
DRUSEN/29/OD/015_Drusen.tif,DRUSEN-029,val,DRUSEN,drusen,OD,.tif,0.2214427888393402
DRUSEN/29/OD/016_Drusen.tif,DRUSEN-029,test,DRUSEN,drusen,OD,.tif,0.23293128609657288
DRUSEN/29/OD/017_Normal.tif,DRUSEN-029,test,DRUSEN,normal,OD,.tif,0.21934783458709717
DRUSEN/29/OD/018_Normal.tif,DRUSEN-029,val,DRUSEN,normal,OD,.tif,0.22842645645141602
DRUSEN/29/OD/019_Normal.tif,DRUSEN-029,val,DRUSEN,normal,OD,.tif,0.1766704022884369
DRUSEN/29/OD/020_Normal.tif,DRUSEN-029,test,DRUSEN,normal,OD,.tif,0.11849649250507355
DRUSEN/29/OD/021_Normal.tif,DRUSEN-029,test,DRUSEN,normal,OD,.tif,0.13568216562271118
DRUSEN/29/OD/022_Drusen.tif,DRUSEN-029,test,DRUSEN,drusen,OD,.tif,0.12498392164707184
DRUSEN/29/OD/023_Drusen.tif,DRUSEN-029,test,DRUSEN,drusen,OD,.tif,0.14514213800430298
DRUSEN/29/OD/024_Drusen.tif,DRUSEN-029,val,DRUSEN,drusen,OD,.tif,0.16341421008110046
DRUSEN/29/OD/025_Drusen.tif,DRUSEN-029,val,DRUSEN,drusen,OD,.tif,0.1879560947418213
DRUSEN/29/OD/026_Normal.tif,DRUSEN-029,test,DRUSEN,normal,OD,.tif,0.19293659925460815
DRUSEN/29/OD/027_Normal.tif,DRUSEN-029,test,DRUSEN,normal,OD,.tif,0.16452549397945404
DRUSEN/29/OD/028_Normal.tif,DRUSEN-029,test,DRUSEN,normal,OD,.tif,0.2081224024295807
DRUSEN/29/OD/029_Normal.tif,DRUSEN-029,test,DRUSEN,normal,OD,.tif,0.20745722949504852
DRUSEN/29/OD/030_Normal.tif,DRUSEN-029,val,DRUSEN,normal,OD,.tif,0.18735897541046143
DRUSEN/29/OS/000_Drusen.tif,DRUSEN-029,test,DRUSEN,drusen,OS,.tif,0.1467183232307434
DRUSEN/29/OS/001_Drusen.tif,DRUSEN-029,test,DRUSEN,drusen,OS,.tif,0.13441281020641327
DRUSEN/29/OS/002_Drusen.tif,DRUSEN-029,val,DRUSEN,drusen,OS,.tif,0.14801259338855743
DRUSEN/29/OS/003_Drusen.tif,DRUSEN-029,test,DRUSEN,drusen,OS,.tif,0.1167353093624115
DRUSEN/29/OS/004_Normal.tif,DRUSEN-029,test,DRUSEN,normal,OS,.tif,0.1302553117275238
DRUSEN/29/OS/005_Normal.tif,DRUSEN-029,val,DRUSEN,normal,OS,.tif,0.1267869919538498
DRUSEN/29/OS/006_Normal.tif,DRUSEN-029,val,DRUSEN,normal,OS,.tif,0.11784288287162781
DRUSEN/29/OS/007_Drusen.tif,DRUSEN-029,test,DRUSEN,drusen,OS,.tif,0.15796330571174622
DRUSEN/29/OS/008_Drusen.tif,DRUSEN-029,test,DRUSEN,drusen,OS,.tif,0.14924515783786774
DRUSEN/29/OS/009_Drusen.tif,DRUSEN-029,test,DRUSEN,drusen,OS,.tif,0.16032220423221588
DRUSEN/29/OS/010_Drusen.tif,DRUSEN-029,test,DRUSEN,drusen,OS,.tif,0.10041193664073944
DRUSEN/29/OS/011_Drusen.tif,DRUSEN-029,val,DRUSEN,drusen,OS,.tif,0.11554629355669022
DRUSEN/29/OS/012_Drusen.tif,DRUSEN-029,test,DRUSEN,drusen,OS,.tif,0.1306600719690323
DRUSEN/29/OS/013_Drusen.tif,DRUSEN-029,test,DRUSEN,drusen,OS,.tif,0.12123752385377884
DRUSEN/29/OS/014_Drusen.tif,DRUSEN-029,test,DRUSEN,drusen,OS,.tif,0.18517988920211792
DRUSEN/29/OS/015_Drusen.tif,DRUSEN-029,test,DRUSEN,drusen,OS,.tif,0.1841888725757599
DRUSEN/29/OS/016_Drusen.tif,DRUSEN-029,test,DRUSEN,drusen,OS,.tif,0.16538599133491516
DRUSEN/29/OS/017_Drusen.tif,DRUSEN-029,test,DRUSEN,drusen,OS,.tif,0.16365090012550354
DRUSEN/29/OS/018_Drusen.tif,DRUSEN-029,test,DRUSEN,drusen,OS,.tif,0.13394439220428467
DRUSEN/29/OS/019_Drusen.tif,DRUSEN-029,val,DRUSEN,drusen,OS,.tif,0.10323921591043472
DRUSEN/29/OS/020_Drusen.tif,DRUSEN-029,test,DRUSEN,drusen,OS,.tif,0.08937551826238632
DRUSEN/29/OS/021_Drusen.tif,DRUSEN-029,test,DRUSEN,drusen,OS,.tif,0.10709178447723389
DRUSEN/29/OS/022_Drusen.tif,DRUSEN-029,test,DRUSEN,drusen,OS,.tif,0.11101403832435608
DRUSEN/29/OS/023_Drusen.tif,DRUSEN-029,val,DRUSEN,drusen,OS,.tif,0.11699309945106506
DRUSEN/29/OS/024_Drusen.tif,DRUSEN-029,test,DRUSEN,drusen,OS,.tif,0.11874932050704956
DRUSEN/29/OS/025_Drusen.tif,DRUSEN-029,test,DRUSEN,drusen,OS,.tif,0.12476149201393127
DRUSEN/29/OS/026_Drusen.tif,DRUSEN-029,test,DRUSEN,drusen,OS,.tif,0.1196710541844368
DRUSEN/29/OS/027_Drusen.tif,DRUSEN-029,val,DRUSEN,drusen,OS,.tif,0.12538054585456848
DRUSEN/29/OS/028_Drusen.tif,DRUSEN-029,test,DRUSEN,drusen,OS,.tif,0.14066269993782043
DRUSEN/29/OS/029_Normal.tif,DRUSEN-029,test,DRUSEN,normal,OS,.tif,0.1655268371105194
DRUSEN/29/OS/030_Normal.tif,DRUSEN-029,val,DRUSEN,normal,OS,.tif,0.1512584388256073
DRUSEN/30/000_Normal.tif,DRUSEN-030,test,DRUSEN,normal,OD,.tif,0.25971654057502747
DRUSEN/30/001_Normal.tif,DRUSEN-030,val,DRUSEN,normal,OD,.tif,0.2841436266899109
DRUSEN/30/002_Normal.tif,DRUSEN-030,test,DRUSEN,normal,OD,.tif,0.24929441511631012
DRUSEN/30/003_Normal.tif,DRUSEN-030,test,DRUSEN,normal,OD,.tif,0.21044917404651642
DRUSEN/30/004_Normal.tif,DRUSEN-030,test,DRUSEN,normal,OD,.tif,0.20257580280303955
DRUSEN/30/005_Normal.tif,DRUSEN-030,test,DRUSEN,normal,OD,.tif,0.21679429709911346
DRUSEN/30/006_Normal.tif,DRUSEN-030,test,DRUSEN,normal,OD,.tif,0.2281530648469925
DRUSEN/30/007_Normal.tif,DRUSEN-030,test,DRUSEN,normal,OD,.tif,0.16408458352088928
DRUSEN/30/008_Normal.tif,DRUSEN-030,val,DRUSEN,normal,OD,.tif,0.1740599274635315
DRUSEN/30/009_Normal.tif,DRUSEN-030,test,DRUSEN,normal,OD,.tif,0.1733468770980835
DRUSEN/30/010_Normal.tif,DRUSEN-030,test,DRUSEN,normal,OD,.tif,0.19238492846488953
DRUSEN/30/011_Normal.tif,DRUSEN-030,val,DRUSEN,normal,OD,.tif,0.15219643712043762
DRUSEN/30/012_Drusen.tif,DRUSEN-030,val,DRUSEN,drusen,OD,.tif,0.13791044056415558
DRUSEN/30/013_Drusen.tif,DRUSEN-030,val,DRUSEN,drusen,OD,.tif,0.1097656711935997
DRUSEN/30/014_Drusen.tif,DRUSEN-030,val,DRUSEN,drusen,OD,.tif,0.1338404417037964
DRUSEN/30/015_Drusen.tif,DRUSEN-030,val,DRUSEN,drusen,OD,.tif,0.1575712263584137
DRUSEN/30/016_Normal.tif,DRUSEN-030,val,DRUSEN,normal,OD,.tif,0.11703946441411972
DRUSEN/30/017_Drusen.tif,DRUSEN-030,test,DRUSEN,drusen,OD,.tif,0.12038350105285645
DRUSEN/30/018_Drusen.tif,DRUSEN-030,test,DRUSEN,drusen,OD,.tif,0.11456023901700974
DRUSEN/30/019_Normal.tif,DRUSEN-030,test,DRUSEN,normal,OD,.tif,0.13279372453689575
DRUSEN/30/020_Normal.tif,DRUSEN-030,val,DRUSEN,normal,OD,.tif,0.09770877659320831
DRUSEN/30/021_Drusen.tif,DRUSEN-030,test,DRUSEN,drusen,OD,.tif,0.11420656740665436
DRUSEN/30/022_Drusen.tif,DRUSEN-030,val,DRUSEN,drusen,OD,.tif,0.15056486427783966
DRUSEN/30/023_Normal.tif,DRUSEN-030,test,DRUSEN,normal,OD,.tif,0.10967111587524414
DRUSEN/30/024_Normal.tif,DRUSEN-030,test,DRUSEN,normal,OD,.tif,0.12821418046951294
DRUSEN/30/025_Normal.tif,DRUSEN-030,val,DRUSEN,normal,OD,.tif,0.10543304681777954
DRUSEN/30/026_Normal.tif,DRUSEN-030,test,DRUSEN,normal,OD,.tif,0.11746200919151306
DRUSEN/30/027_Normal.tif,DRUSEN-030,test,DRUSEN,normal,OD,.tif,0.1279396414756775
DRUSEN/30/028_Normal.tif,DRUSEN-030,val,DRUSEN,normal,OD,.tif,0.11640091240406036
DRUSEN/30/029_Normal.tif,DRUSEN-030,val,DRUSEN,normal,OD,.tif,0.11443120241165161
DRUSEN/30/030_Normal.tif,DRUSEN-030,test,DRUSEN,normal,OD,.tif,0.13092680275440216
DRUSEN/33/000_Normal.tif,DRUSEN-033,test,DRUSEN,normal,OS,.tif,0.1957189440727234
DRUSEN/33/001_Normal.tif,DRUSEN-033,test,DRUSEN,normal,OS,.tif,0.18712913990020752
DRUSEN/33/002_Normal.tif,DRUSEN-033,test,DRUSEN,normal,OS,.tif,0.18428191542625427
DRUSEN/33/003_Normal.tif,DRUSEN-033,test,DRUSEN,normal,OS,.tif,0.14313861727714539
DRUSEN/33/004_Drusen.tif,DRUSEN-033,test,DRUSEN,drusen,OS,.tif,0.11691510677337646
DRUSEN/33/005_Normal.tif,DRUSEN-033,val,DRUSEN,normal,OS,.tif,0.12130602449178696
DRUSEN/33/006_Normal.tif,DRUSEN-033,test,DRUSEN,normal,OS,.tif,0.16192267835140228
DRUSEN/33/007_Normal.tif,DRUSEN-033,val,DRUSEN,normal,OS,.tif,0.15731030702590942
DRUSEN/33/008_Normal.tif,DRUSEN-033,val,DRUSEN,normal,OS,.tif,0.1458105444908142
DRUSEN/33/009_Normal.tif,DRUSEN-033,test,DRUSEN,normal,OS,.tif,0.1199275553226471
DRUSEN/33/010_Normal.tif,DRUSEN-033,val,DRUSEN,normal,OS,.tif,0.13284391164779663
DRUSEN/33/011_Drusen.tif,DRUSEN-033,val,DRUSEN,drusen,OS,.tif,0.14147484302520752
DRUSEN/33/012_Normal.tif,DRUSEN-033,test,DRUSEN,normal,OS,.tif,0.1557166576385498
DRUSEN/33/013_Drusen.tif,DRUSEN-033,test,DRUSEN,drusen,OS,.tif,0.146792471408844
DRUSEN/33/014_Normal.tif,DRUSEN-033,test,DRUSEN,normal,OS,.tif,0.16615989804267883
DRUSEN/33/015_Normal.tif,DRUSEN-033,val,DRUSEN,normal,OS,.tif,0.15920981764793396
DRUSEN/33/016_Normal.tif,DRUSEN-033,val,DRUSEN,normal,OS,.tif,0.15029385685920715
DRUSEN/33/017_Normal.tif,DRUSEN-033,val,DRUSEN,normal,OS,.tif,0.1678122580051422
DRUSEN/33/018_Normal.tif,DRUSEN-033,test,DRUSEN,normal,OS,.tif,0.15827591717243195
DRUSEN/33/019_Normal.tif,DRUSEN-033,test,DRUSEN,normal,OS,.tif,0.14920341968536377
DRUSEN/33/020_Normal.tif,DRUSEN-033,test,DRUSEN,normal,OS,.tif,0.10547593235969543
DRUSEN/33/021_Normal.tif,DRUSEN-033,test,DRUSEN,normal,OS,.tif,0.09125357121229172
DRUSEN/33/022_Normal.tif,DRUSEN-033,test,DRUSEN,normal,OS,.tif,0.10732997953891754
DRUSEN/33/023_Normal.tif,DRUSEN-033,val,DRUSEN,normal,OS,.tif,0.10576854646205902
DRUSEN/33/024_Drusen.tif,DRUSEN-033,test,DRUSEN,drusen,OS,.tif,0.10992281138896942
DRUSEN/33/025_Normal.tif,DRUSEN-033,test,DRUSEN,normal,OS,.tif,0.130144864320755
DRUSEN/33/026_Drusen.tif,DRUSEN-033,test,DRUSEN,drusen,OS,.tif,0.17517820000648499
DRUSEN/33/027_Normal.tif,DRUSEN-033,test,DRUSEN,normal,OS,.tif,0.18609005212783813
DRUSEN/33/028_Normal.tif,DRUSEN-033,test,DRUSEN,normal,OS,.tif,0.15679071843624115
DRUSEN/33/029_Normal.tif,DRUSEN-033,test,DRUSEN,normal,OS,.tif,0.2124413251876831
DRUSEN/33/030_Normal.tif,DRUSEN-033,test,DRUSEN,normal,OS,.tif,0.19485028088092804
DRUSEN/34/OD/000_Drusen.tif,DRUSEN-034,val,DRUSEN,drusen,OD,.tif,0.1401941329240799
DRUSEN/34/OD/001_Drusen.tif,DRUSEN-034,test,DRUSEN,drusen,OD,.tif,0.1382230520248413
DRUSEN/34/OD/002_Drusen.tif,DRUSEN-034,test,DRUSEN,drusen,OD,.tif,0.16096249222755432
DRUSEN/34/OD/003_Normal.tif,DRUSEN-034,val,DRUSEN,normal,OD,.tif,0.182840496301651
DRUSEN/34/OD/004_Drusen.tif,DRUSEN-034,test,DRUSEN,drusen,OD,.tif,0.14550119638442993
DRUSEN/34/OD/005_Normal.tif,DRUSEN-034,test,DRUSEN,normal,OD,.tif,0.14995256066322327
DRUSEN/34/OD/006_Drusen.tif,DRUSEN-034,test,DRUSEN,drusen,OD,.tif,0.15021154284477234
DRUSEN/34/OD/007_Drusen.tif,DRUSEN-034,test,DRUSEN,drusen,OD,.tif,0.21728019416332245
DRUSEN/34/OD/008_Normal.tif,DRUSEN-034,test,DRUSEN,normal,OD,.tif,0.12965027987957
DRUSEN/34/OD/009_Drusen.tif,DRUSEN-034,test,DRUSEN,drusen,OD,.tif,0.14140485227108002
DRUSEN/34/OD/010_Normal.tif,DRUSEN-034,val,DRUSEN,normal,OD,.tif,0.1467023491859436
DRUSEN/34/OD/011_Normal.tif,DRUSEN-034,test,DRUSEN,normal,OD,.tif,0.12044607102870941
DRUSEN/34/OD/012_Drusen.tif,DRUSEN-034,val,DRUSEN,drusen,OD,.tif,0.13807979226112366
DRUSEN/34/OD/013_Drusen.tif,DRUSEN-034,test,DRUSEN,drusen,OD,.tif,0.180022731423378
DRUSEN/34/OD/014_Drusen.tif,DRUSEN-034,val,DRUSEN,drusen,OD,.tif,0.22661839425563812
DRUSEN/34/OD/015_Drusen.tif,DRUSEN-034,test,DRUSEN,drusen,OD,.tif,0.23623159527778625
DRUSEN/34/OD/016_Drusen.tif,DRUSEN-034,test,DRUSEN,drusen,OD,.tif,0.21623945236206055
DRUSEN/34/OD/017_Drusen.tif,DRUSEN-034,test,DRUSEN,drusen,OD,.tif,0.31928274035453796
DRUSEN/34/OD/018_Drusen.tif,DRUSEN-034,test,DRUSEN,drusen,OD,.tif,0.20186245441436768
DRUSEN/34/OD/019_Drusen.tif,DRUSEN-034,val,DRUSEN,drusen,OD,.tif,0.21821129322052002
DRUSEN/34/OD/020_Drusen.tif,DRUSEN-034,val,DRUSEN,drusen,OD,.tif,0.14655199646949768
DRUSEN/34/OD/021_Drusen.tif,DRUSEN-034,val,DRUSEN,drusen,OD,.tif,0.13473066687583923
DRUSEN/34/OD/022_Drusen.tif,DRUSEN-034,test,DRUSEN,drusen,OD,.tif,0.10962601751089096
DRUSEN/34/OD/023_Drusen.tif,DRUSEN-034,test,DRUSEN,drusen,OD,.tif,0.11270783841609955
DRUSEN/34/OD/024_Normal.tif,DRUSEN-034,test,DRUSEN,normal,OD,.tif,0.14161796867847443
DRUSEN/34/OD/025_Normal.tif,DRUSEN-034,test,DRUSEN,normal,OD,.tif,0.1342664211988449
DRUSEN/34/OD/026_Normal.tif,DRUSEN-034,val,DRUSEN,normal,OD,.tif,0.12570983171463013
DRUSEN/34/OD/027_Normal.tif,DRUSEN-034,test,DRUSEN,normal,OD,.tif,0.16850736737251282
DRUSEN/34/OD/028_Normal.tif,DRUSEN-034,val,DRUSEN,normal,OD,.tif,0.15827059745788574
DRUSEN/34/OD/029_Normal.tif,DRUSEN-034,test,DRUSEN,normal,OD,.tif,0.149093359708786
DRUSEN/34/OD/030_Drusen.tif,DRUSEN-034,test,DRUSEN,drusen,OD,.tif,0.15032735466957092
DRUSEN/34/OS/000_Drusen.tif,DRUSEN-034,test,DRUSEN,drusen,OS,.tif,0.16561700403690338
DRUSEN/34/OS/001_Drusen.tif,DRUSEN-034,test,DRUSEN,drusen,OS,.tif,0.20468945801258087
DRUSEN/34/OS/002_Drusen.tif,DRUSEN-034,test,DRUSEN,drusen,OS,.tif,0.1711784154176712
DRUSEN/34/OS/003_Normal.tif,DRUSEN-034,test,DRUSEN,normal,OS,.tif,0.16650955379009247
DRUSEN/34/OS/004_Drusen.tif,DRUSEN-034,test,DRUSEN,drusen,OS,.tif,0.1516162008047104
DRUSEN/34/OS/005_Drusen.tif,DRUSEN-034,test,DRUSEN,drusen,OS,.tif,0.17949967086315155
DRUSEN/34/OS/006_Drusen.tif,DRUSEN-034,test,DRUSEN,drusen,OS,.tif,0.157541424036026
DRUSEN/34/OS/007_Normal.tif,DRUSEN-034,test,DRUSEN,normal,OS,.tif,0.19528841972351074
DRUSEN/34/OS/008_Drusen.tif,DRUSEN-034,test,DRUSEN,drusen,OS,.tif,0.17662806808948517
DRUSEN/34/OS/009_Normal.tif,DRUSEN-034,test,DRUSEN,normal,OS,.tif,0.18893742561340332
DRUSEN/34/OS/010_Normal.tif,DRUSEN-034,test,DRUSEN,normal,OS,.tif,0.17348434031009674
DRUSEN/34/OS/011_Normal.tif,DRUSEN-034,test,DRUSEN,normal,OS,.tif,0.15774041414260864
DRUSEN/34/OS/012_Normal.tif,DRUSEN-034,val,DRUSEN,normal,OS,.tif,0.16620153188705444
DRUSEN/34/OS/013_Drusen.tif,DRUSEN-034,test,DRUSEN,drusen,OS,.tif,0.18556049466133118
DRUSEN/34/OS/014_Drusen.tif,DRUSEN-034,val,DRUSEN,drusen,OS,.tif,0.18581245839595795
DRUSEN/34/OS/015_Drusen.tif,DRUSEN-034,test,DRUSEN,drusen,OS,.tif,0.18409383296966553
DRUSEN/34/OS/016_Drusen.tif,DRUSEN-034,test,DRUSEN,drusen,OS,.tif,0.24070094525814056
DRUSEN/34/OS/017_Drusen.tif,DRUSEN-034,test,DRUSEN,drusen,OS,.tif,0.20997387170791626
DRUSEN/34/OS/018_Drusen.tif,DRUSEN-034,val,DRUSEN,drusen,OS,.tif,0.2998921275138855
DRUSEN/34/OS/019_Drusen.tif,DRUSEN-034,test,DRUSEN,drusen,OS,.tif,0.28351446986198425
DRUSEN/34/OS/020_Drusen.tif,DRUSEN-034,val,DRUSEN,drusen,OS,.tif,0.1782454252243042
DRUSEN/34/OS/021_Drusen.tif,DRUSEN-034,val,DRUSEN,drusen,OS,.tif,0.1610507369041443
DRUSEN/34/OS/022_Drusen.tif,DRUSEN-034,test,DRUSEN,drusen,OS,.tif,0.16172540187835693
DRUSEN/34/OS/023_Drusen.tif,DRUSEN-034,test,DRUSEN,drusen,OS,.tif,0.1573908030986786
DRUSEN/34/OS/024_Drusen.tif,DRUSEN-034,test,DRUSEN,drusen,OS,.tif,0.14938154816627502
DRUSEN/34/OS/025_Drusen.tif,DRUSEN-034,test,DRUSEN,drusen,OS,.tif,0.18089082837104797
DRUSEN/34/OS/026_Drusen.tif,DRUSEN-034,test,DRUSEN,drusen,OS,.tif,0.16314980387687683
DRUSEN/34/OS/027_Normal.tif,DRUSEN-034,val,DRUSEN,normal,OS,.tif,0.1879795342683792
DRUSEN/34/OS/028_Normal.tif,DRUSEN-034,test,DRUSEN,normal,OS,.tif,0.15224353969097137
DRUSEN/34/OS/029_Normal.tif,DRUSEN-034,val,DRUSEN,normal,OS,.tif,0.14021487534046173
DRUSEN/34/OS/030_Normal.tif,DRUSEN-034,val,DRUSEN,normal,OS,.tif,0.15412956476211548
DRUSEN/38/OD/000_Normal.jpg,DRUSEN-038,val,DRUSEN,normal,OD,.jpg,0.18835493922233582
DRUSEN/38/OD/001_Normal.jpg,DRUSEN-038,test,DRUSEN,normal,OD,.jpg,0.15843833982944489
DRUSEN/38/OD/002_Normal.jpg,DRUSEN-038,val,DRUSEN,normal,OD,.jpg,0.16284263134002686
DRUSEN/38/OD/003_Normal.jpg,DRUSEN-038,test,DRUSEN,normal,OD,.jpg,0.16673259437084198
DRUSEN/38/OD/004_Normal.jpg,DRUSEN-038,test,DRUSEN,normal,OD,.jpg,0.16368526220321655
DRUSEN/38/OD/005_Normal.jpg,DRUSEN-038,val,DRUSEN,normal,OD,.jpg,0.18019264936447144
DRUSEN/38/OD/006_Normal.jpg,DRUSEN-038,test,DRUSEN,normal,OD,.jpg,0.18161770701408386
DRUSEN/38/OD/007_Normal.jpg,DRUSEN-038,val,DRUSEN,normal,OD,.jpg,0.16112923622131348
DRUSEN/38/OD/008_Normal.jpg,DRUSEN-038,test,DRUSEN,normal,OD,.jpg,0.17534217238426208
DRUSEN/38/OD/009_Drusen.jpg,DRUSEN-038,val,DRUSEN,drusen,OD,.jpg,0.19968478381633759
DRUSEN/38/OD/010_Drusen.jpg,DRUSEN-038,test,DRUSEN,drusen,OD,.jpg,0.21351175010204315
DRUSEN/38/OD/011_Drusen.jpg,DRUSEN-038,val,DRUSEN,drusen,OD,.jpg,0.2328627109527588
DRUSEN/38/OD/012_Drusen.jpg,DRUSEN-038,val,DRUSEN,drusen,OD,.jpg,0.2167041152715683
DRUSEN/38/OD/013_Drusen.jpg,DRUSEN-038,test,DRUSEN,drusen,OD,.jpg,0.16875208914279938
DRUSEN/38/OD/014_Drusen.jpg,DRUSEN-038,test,DRUSEN,drusen,OD,.jpg,0.24182938039302826
DRUSEN/38/OD/015_Drusen.jpg,DRUSEN-038,test,DRUSEN,drusen,OD,.jpg,0.21292176842689514
DRUSEN/38/OD/016_Drusen.jpg,DRUSEN-038,test,DRUSEN,drusen,OD,.jpg,0.22581511735916138
DRUSEN/38/OD/017_Drusen.jpg,DRUSEN-038,val,DRUSEN,drusen,OD,.jpg,0.17528805136680603
DRUSEN/38/OD/018_Drusen.jpg,DRUSEN-038,val,DRUSEN,drusen,OD,.jpg,0.19053170084953308
DRUSEN/38/OD/019_Drusen.jpg,DRUSEN-038,test,DRUSEN,drusen,OD,.jpg,0.1748683750629425
DRUSEN/38/OD/020_Drusen.jpg,DRUSEN-038,test,DRUSEN,drusen,OD,.jpg,0.20123687386512756
DRUSEN/38/OD/021_Normal.jpg,DRUSEN-038,val,DRUSEN,normal,OD,.jpg,0.18013156950473785
DRUSEN/38/OD/022_Normal.jpg,DRUSEN-038,val,DRUSEN,normal,OD,.jpg,0.18197929859161377
DRUSEN/38/OD/023_Normal.jpg,DRUSEN-038,test,DRUSEN,normal,OD,.jpg,0.18890750408172607
DRUSEN/38/OD/024_Normal.jpg,DRUSEN-038,test,DRUSEN,normal,OD,.jpg,0.21208003163337708
DRUSEN/38/OD/025_Normal.jpg,DRUSEN-038,test,DRUSEN,normal,OD,.jpg,0.18197810649871826
DRUSEN/38/OD/026_Normal.jpg,DRUSEN-038,test,DRUSEN,normal,OD,.jpg,0.19242757558822632
DRUSEN/38/OD/027_Normal.jpg,DRUSEN-038,val,DRUSEN,normal,OD,.jpg,0.19383099675178528
DRUSEN/38/OD/028_Normal.jpg,DRUSEN-038,test,DRUSEN,normal,OD,.jpg,0.18659037351608276
DRUSEN/38/OD/029_Normal.jpg,DRUSEN-038,val,DRUSEN,normal,OD,.jpg,0.1657443344593048
DRUSEN/38/OD/030_Normal.jpg,DRUSEN-038,val,DRUSEN,normal,OD,.jpg,0.1981370747089386
DRUSEN/38/OS/000_Normal.jpg,DRUSEN-038,test,DRUSEN,normal,OS,.jpg,0.22572246193885803
DRUSEN/38/OS/001_Normal.jpg,DRUSEN-038,test,DRUSEN,normal,OS,.jpg,0.1888142228126526
DRUSEN/38/OS/002_Normal.jpg,DRUSEN-038,val,DRUSEN,normal,OS,.jpg,0.16736246645450592
DRUSEN/38/OS/003_Normal.jpg,DRUSEN-038,test,DRUSEN,normal,OS,.jpg,0.1695287823677063
DRUSEN/38/OS/004_Normal.jpg,DRUSEN-038,val,DRUSEN,normal,OS,.jpg,0.17953123152256012
DRUSEN/38/OS/005_Normal.jpg,DRUSEN-038,val,DRUSEN,normal,OS,.jpg,0.17854991555213928
DRUSEN/38/OS/006_Normal.jpg,DRUSEN-038,test,DRUSEN,normal,OS,.jpg,0.14534258842468262
DRUSEN/38/OS/007_Normal.jpg,DRUSEN-038,test,DRUSEN,normal,OS,.jpg,0.15825875103473663
DRUSEN/38/OS/008_Normal.jpg,DRUSEN-038,test,DRUSEN,normal,OS,.jpg,0.1479128897190094
DRUSEN/38/OS/009_Normal.jpg,DRUSEN-038,test,DRUSEN,normal,OS,.jpg,0.1652519702911377
DRUSEN/38/OS/010_Normal.jpg,DRUSEN-038,test,DRUSEN,normal,OS,.jpg,0.15178045630455017
DRUSEN/38/OS/011_Drusen.jpg,DRUSEN-038,test,DRUSEN,drusen,OS,.jpg,0.13104555010795593
DRUSEN/38/OS/012_Drusen.jpg,DRUSEN-038,test,DRUSEN,drusen,OS,.jpg,0.16762185096740723
DRUSEN/38/OS/013_Drusen.jpg,DRUSEN-038,test,DRUSEN,drusen,OS,.jpg,0.1484270989894867
DRUSEN/38/OS/014_Drusen.jpg,DRUSEN-038,val,DRUSEN,drusen,OS,.jpg,0.20660024881362915
DRUSEN/38/OS/015_Drusen.jpg,DRUSEN-038,test,DRUSEN,drusen,OS,.jpg,0.16210809350013733
DRUSEN/38/OS/016_Drusen.jpg,DRUSEN-038,test,DRUSEN,drusen,OS,.jpg,0.20420901477336884
DRUSEN/38/OS/017_Drusen.jpg,DRUSEN-038,test,DRUSEN,drusen,OS,.jpg,0.22113077342510223
DRUSEN/38/OS/018_Drusen.jpg,DRUSEN-038,test,DRUSEN,drusen,OS,.jpg,0.13251298666000366
DRUSEN/38/OS/019_Drusen.jpg,DRUSEN-038,test,DRUSEN,drusen,OS,.jpg,0.1935998797416687
DRUSEN/38/OS/020_Drusen.jpg,DRUSEN-038,val,DRUSEN,drusen,OS,.jpg,0.21681636571884155
DRUSEN/38/OS/021_Normal.jpg,DRUSEN-038,test,DRUSEN,normal,OS,.jpg,0.17306846380233765
DRUSEN/38/OS/022_Normal.jpg,DRUSEN-038,val,DRUSEN,normal,OS,.jpg,0.19364556670188904
DRUSEN/38/OS/023_Normal.jpg,DRUSEN-038,test,DRUSEN,normal,OS,.jpg,0.20295588672161102
DRUSEN/38/OS/024_Normal.jpg,DRUSEN-038,val,DRUSEN,normal,OS,.jpg,0.21474841237068176
DRUSEN/38/OS/025_Normal.jpg,DRUSEN-038,test,DRUSEN,normal,OS,.jpg,0.1996588557958603
DRUSEN/38/OS/026_Normal.jpg,DRUSEN-038,val,DRUSEN,normal,OS,.jpg,0.21651434898376465
DRUSEN/38/OS/027_Normal.jpg,DRUSEN-038,test,DRUSEN,normal,OS,.jpg,0.2093341052532196
DRUSEN/38/OS/028_Normal.jpg,DRUSEN-038,test,DRUSEN,normal,OS,.jpg,0.2236669361591339
DRUSEN/38/OS/029_Normal.jpg,DRUSEN-038,test,DRUSEN,normal,OS,.jpg,0.23708289861679077
DRUSEN/38/OS/030_Normal.jpg,DRUSEN-038,test,DRUSEN,normal,OS,.jpg,0.22381368279457092
DRUSEN/39/000_Normal.jpg,DRUSEN-039,val,DRUSEN,normal,OS,.jpg,0.1411900818347931
DRUSEN/39/001_Drusen.jpg,DRUSEN-039,val,DRUSEN,drusen,OS,.jpg,0.12655878067016602
DRUSEN/39/002_Drusen.jpg,DRUSEN-039,test,DRUSEN,drusen,OS,.jpg,0.1425705850124359
DRUSEN/39/003_Drusen.jpg,DRUSEN-039,val,DRUSEN,drusen,OS,.jpg,0.12976565957069397
DRUSEN/39/004_Drusen.jpg,DRUSEN-039,test,DRUSEN,drusen,OS,.jpg,0.14254827797412872
DRUSEN/39/005_Drusen.jpg,DRUSEN-039,test,DRUSEN,drusen,OS,.jpg,0.12690891325473785
DRUSEN/39/006_Drusen.jpg,DRUSEN-039,test,DRUSEN,drusen,OS,.jpg,0.15721222758293152
DRUSEN/39/007_Drusen.jpg,DRUSEN-039,test,DRUSEN,drusen,OS,.jpg,0.19906334578990936
DRUSEN/39/008_Drusen.jpg,DRUSEN-039,test,DRUSEN,drusen,OS,.jpg,0.1927570104598999
DRUSEN/39/009_Drusen.jpg,DRUSEN-039,test,DRUSEN,drusen,OS,.jpg,0.1588095724582672
DRUSEN/39/010_Drusen.jpg,DRUSEN-039,val,DRUSEN,drusen,OS,.jpg,0.14549702405929565
DRUSEN/39/011_Drusen.jpg,DRUSEN-039,test,DRUSEN,drusen,OS,.jpg,0.2894136309623718
DRUSEN/39/012_Drusen.jpg,DRUSEN-039,test,DRUSEN,drusen,OS,.jpg,0.23450079560279846
DRUSEN/39/013_Drusen.jpg,DRUSEN-039,test,DRUSEN,drusen,OS,.jpg,0.2420327216386795
DRUSEN/39/014_Drusen.jpg,DRUSEN-039,val,DRUSEN,drusen,OS,.jpg,0.20590025186538696
DRUSEN/39/015_Drusen.jpg,DRUSEN-039,test,DRUSEN,drusen,OS,.jpg,0.2464156448841095
DRUSEN/39/016_Drusen.jpg,DRUSEN-039,val,DRUSEN,drusen,OS,.jpg,0.25138264894485474
DRUSEN/39/017_Drusen.jpg,DRUSEN-039,val,DRUSEN,drusen,OS,.jpg,0.15539288520812988
DRUSEN/39/018_Drusen.jpg,DRUSEN-039,test,DRUSEN,drusen,OS,.jpg,0.1933300644159317
DRUSEN/39/019_Drusen.jpg,DRUSEN-039,val,DRUSEN,drusen,OS,.jpg,0.19382354617118835
DRUSEN/39/020_Drusen.jpg,DRUSEN-039,test,DRUSEN,drusen,OS,.jpg,0.116728775203228
DRUSEN/39/021_Drusen.jpg,DRUSEN-039,test,DRUSEN,drusen,OS,.jpg,0.1783502995967865
DRUSEN/39/022_Drusen.jpg,DRUSEN-039,test,DRUSEN,drusen,OS,.jpg,0.1733730584383011
DRUSEN/39/023_Drusen.jpg,DRUSEN-039,val,DRUSEN,drusen,OS,.jpg,0.1637565791606903
DRUSEN/39/024_Drusen.jpg,DRUSEN-039,test,DRUSEN,drusen,OS,.jpg,0.15253940224647522
DRUSEN/40/OD/000_Normal.jpg,DRUSEN-040,test,DRUSEN,normal,OD,.jpg,0.15941855311393738
DRUSEN/40/OD/001_Normal.jpg,DRUSEN-040,val,DRUSEN,normal,OD,.jpg,0.1893109381198883
DRUSEN/40/OD/002_Normal.jpg,DRUSEN-040,test,DRUSEN,normal,OD,.jpg,0.1460162103176117
DRUSEN/40/OD/003_Normal.jpg,DRUSEN-040,val,DRUSEN,normal,OD,.jpg,0.16319450736045837
DRUSEN/40/OD/004_Normal.jpg,DRUSEN-040,test,DRUSEN,normal,OD,.jpg,0.1086786687374115
DRUSEN/40/OD/005_Normal.jpg,DRUSEN-040,test,DRUSEN,normal,OD,.jpg,0.11403515189886093
DRUSEN/40/OD/006_Normal.jpg,DRUSEN-040,val,DRUSEN,normal,OD,.jpg,0.13613244891166687
DRUSEN/40/OD/007_Normal.jpg,DRUSEN-040,test,DRUSEN,normal,OD,.jpg,0.10631199181079865
DRUSEN/40/OD/008_Normal.jpg,DRUSEN-040,val,DRUSEN,normal,OD,.jpg,0.1334000676870346
DRUSEN/40/OD/009_Normal.jpg,DRUSEN-040,test,DRUSEN,normal,OD,.jpg,0.14280492067337036
DRUSEN/40/OD/010_Normal.jpg,DRUSEN-040,test,DRUSEN,normal,OD,.jpg,0.15223373472690582
DRUSEN/40/OD/011_Drusen.jpg,DRUSEN-040,val,DRUSEN,drusen,OD,.jpg,0.1978163868188858
DRUSEN/40/OD/012_drusen.jpg,DRUSEN-040,val,DRUSEN,drusen,OD,.jpg,0.12891331315040588
DRUSEN/40/OD/013_drusen.jpg,DRUSEN-040,test,DRUSEN,drusen,OD,.jpg,0.14556542038917542
DRUSEN/40/OD/014_Normal.jpg,DRUSEN-040,test,DRUSEN,normal,OD,.jpg,0.1722530722618103
DRUSEN/40/OD/015_Normal.jpg,DRUSEN-040,test,DRUSEN,normal,OD,.jpg,0.15230903029441833
DRUSEN/40/OD/016_drusen.jpg,DRUSEN-040,val,DRUSEN,drusen,OD,.jpg,0.21265405416488647
DRUSEN/40/OD/017_drusen.jpg,DRUSEN-040,test,DRUSEN,drusen,OD,.jpg,0.17762044072151184
DRUSEN/40/OD/018_Normal.jpg,DRUSEN-040,test,DRUSEN,normal,OD,.jpg,0.1528005599975586
DRUSEN/40/OD/019_Drusen.jpg,DRUSEN-040,val,DRUSEN,drusen,OD,.jpg,0.1398112177848816
DRUSEN/40/OD/020_Normal.jpg,DRUSEN-040,test,DRUSEN,normal,OD,.jpg,0.08492839336395264
DRUSEN/40/OD/021_Normal.jpg,DRUSEN-040,val,DRUSEN,normal,OD,.jpg,0.10475175082683563
DRUSEN/40/OD/022_Normal.jpg,DRUSEN-040,test,DRUSEN,normal,OD,.jpg,0.1602725088596344
DRUSEN/40/OD/023_Normal.jpg,DRUSEN-040,val,DRUSEN,normal,OD,.jpg,0.12757524847984314
DRUSEN/40/OD/024_Normal.jpg,DRUSEN-040,test,DRUSEN,normal,OD,.jpg,0.15613247454166412
DRUSEN/40/OD/025_Normal.jpg,DRUSEN-040,test,DRUSEN,normal,OD,.jpg,0.14180466532707214
DRUSEN/40/OD/026_Normal.jpg,DRUSEN-040,val,DRUSEN,normal,OD,.jpg,0.12817175686359406
DRUSEN/40/OD/027_Normal.jpg,DRUSEN-040,test,DRUSEN,normal,OD,.jpg,0.10092078149318695
DRUSEN/40/OD/028_Normal.jpg,DRUSEN-040,val,DRUSEN,normal,OD,.jpg,0.08799006789922714
DRUSEN/40/OD/029_Normal.jpg,DRUSEN-040,val,DRUSEN,normal,OD,.jpg,0.09838083386421204
DRUSEN/40/OD/030_Normal.jpg,DRUSEN-040,test,DRUSEN,normal,OD,.jpg,0.11381959915161133
DRUSEN/40/OS/000_Normal.jpg,DRUSEN-040,test,DRUSEN,normal,OS,.jpg,0.1193399652838707
DRUSEN/40/OS/001_Normal.jpg,DRUSEN-040,test,DRUSEN,normal,OS,.jpg,0.1073683351278305
DRUSEN/40/OS/002_Normal.jpg,DRUSEN-040,test,DRUSEN,normal,OS,.jpg,0.10940776020288467
DRUSEN/40/OS/003_Normal.jpg,DRUSEN-040,test,DRUSEN,normal,OS,.jpg,0.10571260005235672
DRUSEN/40/OS/004_Normal.jpg,DRUSEN-040,test,DRUSEN,normal,OS,.jpg,0.09967020153999329
DRUSEN/40/OS/005_Normal.jpg,DRUSEN-040,val,DRUSEN,normal,OS,.jpg,0.08504924178123474
DRUSEN/40/OS/006_Normal.jpg,DRUSEN-040,val,DRUSEN,normal,OS,.jpg,0.09661868214607239
DRUSEN/40/OS/007_Normal.jpg,DRUSEN-040,val,DRUSEN,normal,OS,.jpg,0.117425337433815
DRUSEN/40/OS/008_Normal.jpg,DRUSEN-040,test,DRUSEN,normal,OS,.jpg,0.12836143374443054
DRUSEN/40/OS/009_Normal.jpg,DRUSEN-040,test,DRUSEN,normal,OS,.jpg,0.12457359582185745
DRUSEN/40/OS/010_Normal.jpg,DRUSEN-040,test,DRUSEN,normal,OS,.jpg,0.11242052167654037
DRUSEN/40/OS/011_Normal.jpg,DRUSEN-040,test,DRUSEN,normal,OS,.jpg,0.12611261010169983
DRUSEN/40/OS/012_Normal.jpg,DRUSEN-040,val,DRUSEN,normal,OS,.jpg,0.10906278342008591
DRUSEN/40/OS/013_Normal.jpg,DRUSEN-040,test,DRUSEN,normal,OS,.jpg,0.116672582924366
DRUSEN/40/OS/014_Normal.jpg,DRUSEN-040,test,DRUSEN,normal,OS,.jpg,0.13221341371536255
DRUSEN/40/OS/015_Normal.jpg,DRUSEN-040,test,DRUSEN,normal,OS,.jpg,0.17865705490112305
DRUSEN/40/OS/016_Normal.jpg,DRUSEN-040,test,DRUSEN,normal,OS,.jpg,0.21691098809242249
DRUSEN/40/OS/017_Normal.jpg,DRUSEN-040,test,DRUSEN,normal,OS,.jpg,0.14620114862918854
DRUSEN/40/OS/018_Normal.jpg,DRUSEN-040,val,DRUSEN,normal,OS,.jpg,0.1603752076625824
DRUSEN/40/OS/019_Normal.jpg,DRUSEN-040,val,DRUSEN,normal,OS,.jpg,0.12841208279132843
DRUSEN/40/OS/020_Normal.jpg,DRUSEN-040,test,DRUSEN,normal,OS,.jpg,0.13006804883480072
DRUSEN/40/OS/021_Normal.jpg,DRUSEN-040,val,DRUSEN,normal,OS,.jpg,0.11005093157291412
DRUSEN/40/OS/022_Normal.jpg,DRUSEN-040,test,DRUSEN,normal,OS,.jpg,0.12431945651769638
DRUSEN/40/OS/023_Normal.jpg,DRUSEN-040,test,DRUSEN,normal,OS,.jpg,0.1136426329612732
DRUSEN/40/OS/024_Drusen.jpg,DRUSEN-040,val,DRUSEN,drusen,OS,.jpg,0.10271903872489929
DRUSEN/40/OS/025_Normal.jpg,DRUSEN-040,val,DRUSEN,normal,OS,.jpg,0.12513011693954468
DRUSEN/40/OS/026_Normal.jpg,DRUSEN-040,val,DRUSEN,normal,OS,.jpg,0.129818856716156
DRUSEN/40/OS/027_Normal.jpg,DRUSEN-040,test,DRUSEN,normal,OS,.jpg,0.09392839670181274
DRUSEN/40/OS/028_Normal.jpg,DRUSEN-040,test,DRUSEN,normal,OS,.jpg,0.1098153293132782
DRUSEN/40/OS/029_Normal.jpg,DRUSEN-040,val,DRUSEN,normal,OS,.jpg,0.09783659875392914
DRUSEN/40/OS/030_Normal.jpg,DRUSEN-040,test,DRUSEN,normal,OS,.jpg,0.10136808454990387
DRUSEN/41/000_Normal.jpg,DRUSEN-041,val,DRUSEN,normal,OD,.jpg,0.3162858188152313
DRUSEN/41/001_Normal.jpg,DRUSEN-041,test,DRUSEN,normal,OD,.jpg,0.32376986742019653
DRUSEN/41/002_Normal.jpg,DRUSEN-041,test,DRUSEN,normal,OD,.jpg,0.2870514988899231
DRUSEN/41/003_Normal.jpg,DRUSEN-041,test,DRUSEN,normal,OD,.jpg,0.26781684160232544
DRUSEN/41/004_Normal.jpg,DRUSEN-041,test,DRUSEN,normal,OD,.jpg,0.2224094271659851
DRUSEN/41/005_Normal.jpg,DRUSEN-041,test,DRUSEN,normal,OD,.jpg,0.2263774871826172
DRUSEN/41/006_Normal.jpg,DRUSEN-041,val,DRUSEN,normal,OD,.jpg,0.2816663980484009
DRUSEN/41/007_Normal.jpg,DRUSEN-041,val,DRUSEN,normal,OD,.jpg,0.26001203060150146
DRUSEN/41/008_Normal.jpg,DRUSEN-041,test,DRUSEN,normal,OD,.jpg,0.23784399032592773
DRUSEN/41/009_Drusen.jpg,DRUSEN-041,test,DRUSEN,drusen,OD,.jpg,0.20231878757476807
DRUSEN/41/010_Drusen.jpg,DRUSEN-041,test,DRUSEN,drusen,OD,.jpg,0.18067529797554016
DRUSEN/41/011_Drusen.jpg,DRUSEN-041,test,DRUSEN,drusen,OD,.jpg,0.2100108563899994
DRUSEN/41/012_Drusen.jpg,DRUSEN-041,test,DRUSEN,drusen,OD,.jpg,0.24131113290786743
DRUSEN/41/013_Drusen.jpg,DRUSEN-041,test,DRUSEN,drusen,OD,.jpg,0.2314746081829071
DRUSEN/41/014_Drusen.jpg,DRUSEN-041,val,DRUSEN,drusen,OD,.jpg,0.23603883385658264
DRUSEN/41/015_Drusen.jpg,DRUSEN-041,test,DRUSEN,drusen,OD,.jpg,0.3234667181968689
DRUSEN/41/016_Drusen.jpg,DRUSEN-041,test,DRUSEN,drusen,OD,.jpg,0.28776639699935913
DRUSEN/41/017_Drusen.jpg,DRUSEN-041,test,DRUSEN,drusen,OD,.jpg,0.17510385811328888
DRUSEN/41/018_Drusen.jpg,DRUSEN-041,test,DRUSEN,drusen,OD,.jpg,0.1839486062526703
DRUSEN/41/019_Drusen.jpg,DRUSEN-041,val,DRUSEN,drusen,OD,.jpg,0.22546488046646118
DRUSEN/41/020_Drusen.jpg,DRUSEN-041,val,DRUSEN,drusen,OD,.jpg,0.2117583155632019
DRUSEN/41/021_Drusen.jpg,DRUSEN-041,test,DRUSEN,drusen,OD,.jpg,0.2108689844608307
DRUSEN/41/022_Drusen.jpg,DRUSEN-041,val,DRUSEN,drusen,OD,.jpg,0.1679304540157318
DRUSEN/41/023_Drusen.jpg,DRUSEN-041,val,DRUSEN,drusen,OD,.jpg,0.17590811848640442
DRUSEN/41/024_Drusen.jpg,DRUSEN-041,val,DRUSEN,drusen,OD,.jpg,0.1928325891494751
DRUSEN/41/025_Drusen.jpg,DRUSEN-041,val,DRUSEN,drusen,OD,.jpg,0.17329224944114685
DRUSEN/41/026_Normal.jpg,DRUSEN-041,test,DRUSEN,normal,OD,.jpg,0.15631920099258423
DRUSEN/41/027_Normal.jpg,DRUSEN-041,test,DRUSEN,normal,OD,.jpg,0.17971539497375488
DRUSEN/41/028_Normal.jpg,DRUSEN-041,test,DRUSEN,normal,OD,.jpg,0.19359907507896423
DRUSEN/41/029_Normal.jpg,DRUSEN-041,test,DRUSEN,normal,OD,.jpg,0.12096855789422989
DRUSEN/41/030_Normal.jpg,DRUSEN-041,val,DRUSEN,normal,OD,.jpg,0.16203787922859192
DRUSEN/43/000_Normal.tif,DRUSEN-043,test,DRUSEN,normal,OD,.tif,0.13130605220794678
DRUSEN/43/001_Normal.tif,DRUSEN-043,test,DRUSEN,normal,OD,.tif,0.12047281861305237
DRUSEN/43/002_Normal.tif,DRUSEN-043,test,DRUSEN,normal,OD,.tif,0.12208068370819092
DRUSEN/43/003_Normal.tif,DRUSEN-043,test,DRUSEN,normal,OD,.tif,0.11595341563224792
DRUSEN/43/004_Normal.tif,DRUSEN-043,test,DRUSEN,normal,OD,.tif,0.11855657398700714
DRUSEN/43/005_Normal.tif,DRUSEN-043,test,DRUSEN,normal,OD,.tif,0.12758253514766693
DRUSEN/43/006_Normal.tif,DRUSEN-043,test,DRUSEN,normal,OD,.tif,0.1059834212064743
DRUSEN/43/007_Normal.tif,DRUSEN-043,test,DRUSEN,normal,OD,.tif,0.10381180793046951
DRUSEN/43/008_Normal.tif,DRUSEN-043,test,DRUSEN,normal,OD,.tif,0.117028146982193
DRUSEN/43/009_Normal.tif,DRUSEN-043,val,DRUSEN,normal,OD,.tif,0.12172000110149384
DRUSEN/43/010_Normal.tif,DRUSEN-043,val,DRUSEN,normal,OD,.tif,0.08952057361602783
DRUSEN/43/011_Normal.tif,DRUSEN-043,test,DRUSEN,normal,OD,.tif,0.13344617187976837
DRUSEN/43/012_Normal.tif,DRUSEN-043,test,DRUSEN,normal,OD,.tif,0.17513582110404968
DRUSEN/43/013_Drusen.tif,DRUSEN-043,test,DRUSEN,drusen,OD,.tif,0.20146769285202026
DRUSEN/43/014_Drusen.tif,DRUSEN-043,test,DRUSEN,drusen,OD,.tif,0.17833490669727325
DRUSEN/43/015_Normal.tif,DRUSEN-043,test,DRUSEN,normal,OD,.tif,0.14437061548233032
DRUSEN/43/016_Normal.tif,DRUSEN-043,test,DRUSEN,normal,OD,.tif,0.12540538609027863
DRUSEN/43/017_Normal.tif,DRUSEN-043,test,DRUSEN,normal,OD,.tif,0.1189272552728653
DRUSEN/43/018_Normal.tif,DRUSEN-043,val,DRUSEN,normal,OD,.tif,0.12343881279230118
DRUSEN/43/019_Normal.tif,DRUSEN-043,test,DRUSEN,normal,OD,.tif,0.10203766822814941
DRUSEN/43/020_Normal.tif,DRUSEN-043,test,DRUSEN,normal,OD,.tif,0.12384569644927979
DRUSEN/43/021_Normal.tif,DRUSEN-043,val,DRUSEN,normal,OD,.tif,0.12091238051652908
DRUSEN/43/022_Normal.tif,DRUSEN-043,test,DRUSEN,normal,OD,.tif,0.15219807624816895
DRUSEN/43/023_Normal.tif,DRUSEN-043,test,DRUSEN,normal,OD,.tif,0.15188634395599365
DRUSEN/43/024_Normal.tif,DRUSEN-043,test,DRUSEN,normal,OD,.tif,0.13758838176727295
DRUSEN/43/025_Normal.tif,DRUSEN-043,val,DRUSEN,normal,OD,.tif,0.14532053470611572
DRUSEN/43/026_Normal.tif,DRUSEN-043,test,DRUSEN,normal,OD,.tif,0.15654686093330383
DRUSEN/43/027_Normal.tif,DRUSEN-043,test,DRUSEN,normal,OD,.tif,0.1568940281867981
DRUSEN/43/028_Normal.tif,DRUSEN-043,test,DRUSEN,normal,OD,.tif,0.16533400118350983
DRUSEN/43/029_Normal.tif,DRUSEN-043,test,DRUSEN,normal,OD,.tif,0.14133676886558533
DRUSEN/43/030_Normal.tif,DRUSEN-043,test,DRUSEN,normal,OD,.tif,0.1508190929889679
DRUSEN/44/000_Normal.tif,DRUSEN-044,test,DRUSEN,normal,OS,.tif,0.15864643454551697
DRUSEN/44/001_Normal.tif,DRUSEN-044,val,DRUSEN,normal,OS,.tif,0.15210680663585663
DRUSEN/44/002_Normal.tif,DRUSEN-044,test,DRUSEN,normal,OS,.tif,0.13579684495925903
DRUSEN/44/003_Normal.tif,DRUSEN-044,val,DRUSEN,normal,OS,.tif,0.15136563777923584
DRUSEN/44/004_Normal.tif,DRUSEN-044,test,DRUSEN,normal,OS,.tif,0.13776151835918427
DRUSEN/44/005_Normal.tif,DRUSEN-044,val,DRUSEN,normal,OS,.tif,0.1540231704711914
DRUSEN/44/006_Normal.tif,DRUSEN-044,val,DRUSEN,normal,OS,.tif,0.14617255330085754
DRUSEN/44/007_Normal.tif,DRUSEN-044,test,DRUSEN,normal,OS,.tif,0.14258962869644165
DRUSEN/44/008_Normal.tif,DRUSEN-044,val,DRUSEN,normal,OS,.tif,0.12211069464683533
DRUSEN/44/009_Normal.tif,DRUSEN-044,test,DRUSEN,normal,OS,.tif,0.1569097340106964
DRUSEN/44/010_Normal.tif,DRUSEN-044,val,DRUSEN,normal,OS,.tif,0.1582804024219513
DRUSEN/44/011_Normal.tif,DRUSEN-044,test,DRUSEN,normal,OS,.tif,0.16914589703083038
DRUSEN/44/012_Normal.tif,DRUSEN-044,test,DRUSEN,normal,OS,.tif,0.19283324480056763
DRUSEN/44/013_Normal.tif,DRUSEN-044,val,DRUSEN,normal,OS,.tif,0.1909475326538086
DRUSEN/44/014_Normal.tif,DRUSEN-044,val,DRUSEN,normal,OS,.tif,0.21018370985984802
DRUSEN/44/015_Normal.tif,DRUSEN-044,val,DRUSEN,normal,OS,.tif,0.2223382294178009
DRUSEN/44/016_Normal.tif,DRUSEN-044,test,DRUSEN,normal,OS,.tif,0.2222050428390503
DRUSEN/44/017_Drusen.tif,DRUSEN-044,test,DRUSEN,drusen,OS,.tif,0.17307314276695251
DRUSEN/44/018_Normal.tif,DRUSEN-044,test,DRUSEN,normal,OS,.tif,0.18141670525074005
DRUSEN/44/019_Normal.tif,DRUSEN-044,val,DRUSEN,normal,OS,.tif,0.2104688584804535
DRUSEN/44/020_Normal.tif,DRUSEN-044,test,DRUSEN,normal,OS,.tif,0.194636732339859
DRUSEN/44/021_Normal.tif,DRUSEN-044,val,DRUSEN,normal,OS,.tif,0.19376683235168457
DRUSEN/44/022_Normal.tif,DRUSEN-044,test,DRUSEN,normal,OS,.tif,0.15167474746704102
DRUSEN/44/023_Normal.tif,DRUSEN-044,test,DRUSEN,normal,OS,.tif,0.11923745274543762
DRUSEN/44/024_Normal.tif,DRUSEN-044,test,DRUSEN,normal,OS,.tif,0.12114965915679932
DRUSEN/44/025_Normal.tif,DRUSEN-044,val,DRUSEN,normal,OS,.tif,0.11861879378557205
DRUSEN/44/026_Normal.tif,DRUSEN-044,test,DRUSEN,normal,OS,.tif,0.11355234682559967
DRUSEN/44/027_Normal.tif,DRUSEN-044,test,DRUSEN,normal,OS,.tif,0.1271509826183319
DRUSEN/44/028_Normal.tif,DRUSEN-044,test,DRUSEN,normal,OS,.tif,0.14885926246643066
DRUSEN/44/029_Normal.tif,DRUSEN-044,test,DRUSEN,normal,OS,.tif,0.1616060435771942
DRUSEN/44/030_Normal.tif,DRUSEN-044,test,DRUSEN,normal,OS,.tif,0.14407627284526825
DRUSEN/46/000_Normal.tif,DRUSEN-046,test,DRUSEN,normal,OD,.tif,0.14788508415222168
DRUSEN/46/001_Normal.tif,DRUSEN-046,val,DRUSEN,normal,OD,.tif,0.11183592677116394
DRUSEN/46/002_Normal.tif,DRUSEN-046,test,DRUSEN,normal,OD,.tif,0.18265971541404724
DRUSEN/46/003_Normal.tif,DRUSEN-046,test,DRUSEN,normal,OD,.tif,0.17101922631263733
DRUSEN/46/004_Normal.tif,DRUSEN-046,test,DRUSEN,normal,OD,.tif,0.1781168431043625
DRUSEN/46/005_Normal.tif,DRUSEN-046,test,DRUSEN,normal,OD,.tif,0.1864023506641388
DRUSEN/46/006_Normal.tif,DRUSEN-046,val,DRUSEN,normal,OD,.tif,0.1947382688522339
DRUSEN/46/007_Normal.tif,DRUSEN-046,val,DRUSEN,normal,OD,.tif,0.14497166872024536
DRUSEN/46/008_Normal.tif,DRUSEN-046,test,DRUSEN,normal,OD,.tif,0.21015514433383942
DRUSEN/46/009_Normal.tif,DRUSEN-046,val,DRUSEN,normal,OD,.tif,0.19868995249271393
DRUSEN/46/010_Normal.tif,DRUSEN-046,test,DRUSEN,normal,OD,.tif,0.18133500218391418
DRUSEN/46/011_Drusen.tif,DRUSEN-046,val,DRUSEN,drusen,OD,.tif,0.17007501423358917
DRUSEN/46/012_Drusen.tif,DRUSEN-046,val,DRUSEN,drusen,OD,.tif,0.11322743445634842
DRUSEN/46/013_Drusen.tif,DRUSEN-046,test,DRUSEN,drusen,OD,.tif,0.14961545169353485
DRUSEN/46/014_Drusen.tif,DRUSEN-046,val,DRUSEN,drusen,OD,.tif,0.1627901792526245
DRUSEN/46/015_Drusen.tif,DRUSEN-046,test,DRUSEN,drusen,OD,.tif,0.17361673712730408
DRUSEN/46/016_Drusen.tif,DRUSEN-046,val,DRUSEN,drusen,OD,.tif,0.16315403580665588
DRUSEN/46/017_Drusen.tif,DRUSEN-046,val,DRUSEN,drusen,OD,.tif,0.1701141595840454
DRUSEN/46/018_Drusen.tif,DRUSEN-046,test,DRUSEN,drusen,OD,.tif,0.2083090841770172
DRUSEN/46/019_Drusen.tif,DRUSEN-046,test,DRUSEN,drusen,OD,.tif,0.1631259024143219
DRUSEN/46/020_Drusen.tif,DRUSEN-046,test,DRUSEN,drusen,OD,.tif,0.2072465866804123
DRUSEN/46/021_Normal.tif,DRUSEN-046,test,DRUSEN,normal,OD,.tif,0.19235089421272278
DRUSEN/46/022_Normal.tif,DRUSEN-046,test,DRUSEN,normal,OD,.tif,0.18897230923175812
DRUSEN/46/023_Normal.tif,DRUSEN-046,test,DRUSEN,normal,OD,.tif,0.21643131971359253
DRUSEN/46/024_Normal.tif,DRUSEN-046,test,DRUSEN,normal,OD,.tif,0.2141284942626953
DRUSEN/46/025_Normal.tif,DRUSEN-046,test,DRUSEN,normal,OD,.tif,0.19775733351707458
DRUSEN/46/026_Normal.tif,DRUSEN-046,test,DRUSEN,normal,OD,.tif,0.23476126790046692
DRUSEN/46/027_Normal.tif,DRUSEN-046,test,DRUSEN,normal,OD,.tif,0.18012255430221558
DRUSEN/46/028_Normal.tif,DRUSEN-046,test,DRUSEN,normal,OD,.tif,0.1659201979637146
DRUSEN/46/029_Normal.tif,DRUSEN-046,test,DRUSEN,normal,OD,.tif,0.1542162299156189
DRUSEN/46/030_Normal.tif,DRUSEN-046,test,DRUSEN,normal,OD,.tif,0.14055368304252625
DRUSEN/47/000_Normal.tif,DRUSEN-047,test,DRUSEN,normal,OS,.tif,0.14965863525867462
DRUSEN/47/001_Normal.tif,DRUSEN-047,test,DRUSEN,normal,OS,.tif,0.20205055177211761
DRUSEN/47/002_Normal.tif,DRUSEN-047,test,DRUSEN,normal,OS,.tif,0.22336387634277344
DRUSEN/47/003_Normal.tif,DRUSEN-047,val,DRUSEN,normal,OS,.tif,0.25280463695526123
DRUSEN/47/004_Normal.tif,DRUSEN-047,test,DRUSEN,normal,OS,.tif,0.260653018951416
DRUSEN/47/005_Normal.tif,DRUSEN-047,test,DRUSEN,normal,OS,.tif,0.17617303133010864
DRUSEN/47/006_Normal.tif,DRUSEN-047,test,DRUSEN,normal,OS,.tif,0.16844305396080017
DRUSEN/47/007_Normal.tif,DRUSEN-047,val,DRUSEN,normal,OS,.tif,0.18717774748802185
DRUSEN/47/008_Normal.tif,DRUSEN-047,val,DRUSEN,normal,OS,.tif,0.13625195622444153
DRUSEN/47/009_Normal.tif,DRUSEN-047,test,DRUSEN,normal,OS,.tif,0.16996130347251892
DRUSEN/47/010_Normal.tif,DRUSEN-047,test,DRUSEN,normal,OS,.tif,0.223678857088089
DRUSEN/47/011_Normal.tif,DRUSEN-047,test,DRUSEN,normal,OS,.tif,0.22888948023319244
DRUSEN/47/012_Normal.tif,DRUSEN-047,val,DRUSEN,normal,OS,.tif,0.20971664786338806
DRUSEN/47/013_Normal.tif,DRUSEN-047,test,DRUSEN,normal,OS,.tif,0.24319738149642944
DRUSEN/47/014_Drusen.tif,DRUSEN-047,test,DRUSEN,drusen,OS,.tif,0.21695342659950256
DRUSEN/47/015_Drusen.tif,DRUSEN-047,test,DRUSEN,drusen,OS,.tif,0.1949014663696289
DRUSEN/47/016_Drusen.tif,DRUSEN-047,val,DRUSEN,drusen,OS,.tif,0.25890403985977173
DRUSEN/47/017_Drusen.tif,DRUSEN-047,test,DRUSEN,drusen,OS,.tif,0.2641317844390869
DRUSEN/47/018_Normal.tif,DRUSEN-047,test,DRUSEN,normal,OS,.tif,0.28872376680374146
DRUSEN/47/019_Drusen.tif,DRUSEN-047,test,DRUSEN,drusen,OS,.tif,0.2992491126060486
DRUSEN/47/020_Normal.tif,DRUSEN-047,test,DRUSEN,normal,OS,.tif,0.18882539868354797
DRUSEN/47/021_Normal.tif,DRUSEN-047,test,DRUSEN,normal,OS,.tif,0.13582247495651245
DRUSEN/47/022_Normal.tif,DRUSEN-047,test,DRUSEN,normal,OS,.tif,0.1542513072490692
DRUSEN/47/023_Normal.tif,DRUSEN-047,val,DRUSEN,normal,OS,.tif,0.1491694450378418
DRUSEN/47/024_Normal.tif,DRUSEN-047,test,DRUSEN,normal,OS,.tif,0.18367999792099
DRUSEN/47/025_Normal.tif,DRUSEN-047,test,DRUSEN,normal,OS,.tif,0.18606409430503845
DRUSEN/47/026_Normal.tif,DRUSEN-047,val,DRUSEN,normal,OS,.tif,0.2114531248807907
DRUSEN/47/027_Normal.tif,DRUSEN-047,val,DRUSEN,normal,OS,.tif,0.2707133889198303
DRUSEN/47/028_Normal.tif,DRUSEN-047,test,DRUSEN,normal,OS,.tif,0.18618765473365784
DRUSEN/47/029_Normal.tif,DRUSEN-047,val,DRUSEN,normal,OS,.tif,0.17806243896484375
DRUSEN/47/030_Normal.tif,DRUSEN-047,val,DRUSEN,normal,OS,.tif,0.18077656626701355
DRUSEN/51/000_Normal.tif,DRUSEN-051,test,DRUSEN,normal,OD,.tif,0.12174162268638611
DRUSEN/51/001_Normal.tif,DRUSEN-051,test,DRUSEN,normal,OD,.tif,0.09194274246692657
DRUSEN/51/002_Normal.tif,DRUSEN-051,test,DRUSEN,normal,OD,.tif,0.0897131860256195
DRUSEN/51/003_Drusen.tif,DRUSEN-051,test,DRUSEN,drusen,OD,.tif,0.11996316909790039
DRUSEN/51/004_Drusen.tif,DRUSEN-051,test,DRUSEN,drusen,OD,.tif,0.19349175691604614
DRUSEN/51/005_Drusen.tif,DRUSEN-051,test,DRUSEN,drusen,OD,.tif,0.1628507375717163
DRUSEN/51/006_Drusen.tif,DRUSEN-051,test,DRUSEN,drusen,OD,.tif,0.16285282373428345
DRUSEN/51/007_Drusen.tif,DRUSEN-051,val,DRUSEN,drusen,OD,.tif,0.15370431542396545
DRUSEN/51/008_Drusen.tif,DRUSEN-051,test,DRUSEN,drusen,OD,.tif,0.11575096100568771
DRUSEN/51/009_Drusen.tif,DRUSEN-051,test,DRUSEN,drusen,OD,.tif,0.11895129084587097
DRUSEN/51/010_Drusen.tif,DRUSEN-051,val,DRUSEN,drusen,OD,.tif,0.12819784879684448
DRUSEN/51/011_Drusen.tif,DRUSEN-051,val,DRUSEN,drusen,OD,.tif,0.18126291036605835
DRUSEN/51/012_Drusen.tif,DRUSEN-051,test,DRUSEN,drusen,OD,.tif,0.16360284388065338
DRUSEN/51/013_Drusen.tif,DRUSEN-051,test,DRUSEN,drusen,OD,.tif,0.1166592687368393
DRUSEN/51/014_Drusen.tif,DRUSEN-051,test,DRUSEN,drusen,OD,.tif,0.15675237774848938
DRUSEN/51/015_Drusen.tif,DRUSEN-051,test,DRUSEN,drusen,OD,.tif,0.1990828514099121
DRUSEN/51/016_Drusen.tif,DRUSEN-051,test,DRUSEN,drusen,OD,.tif,0.24055331945419312
DRUSEN/51/017_Drusen.tif,DRUSEN-051,test,DRUSEN,drusen,OD,.tif,0.20542791485786438
DRUSEN/51/018_Drusen.tif,DRUSEN-051,test,DRUSEN,drusen,OD,.tif,0.20193739235401154
DRUSEN/51/019_Drusen.tif,DRUSEN-051,val,DRUSEN,drusen,OD,.tif,0.20731450617313385
DRUSEN/51/020_Drusen.tif,DRUSEN-051,test,DRUSEN,drusen,OD,.tif,0.24648979306221008
DRUSEN/51/021_Drusen.tif,DRUSEN-051,val,DRUSEN,drusen,OD,.tif,0.19458535313606262
DRUSEN/51/022_Drusen.tif,DRUSEN-051,val,DRUSEN,drusen,OD,.tif,0.1595166176557541
DRUSEN/51/023_Drusen.tif,DRUSEN-051,val,DRUSEN,drusen,OD,.tif,0.14407414197921753
DRUSEN/51/024_Drusen.tif,DRUSEN-051,test,DRUSEN,drusen,OD,.tif,0.1747249960899353
DRUSEN/51/025_Drusen.tif,DRUSEN-051,test,DRUSEN,drusen,OD,.tif,0.11892741918563843
DRUSEN/51/026_Drusen.tif,DRUSEN-051,val,DRUSEN,drusen,OD,.tif,0.17362932860851288
DRUSEN/51/027_Drusen.tif,DRUSEN-051,test,DRUSEN,drusen,OD,.tif,0.15688198804855347
DRUSEN/51/028_Drusen.tif,DRUSEN-051,test,DRUSEN,drusen,OD,.tif,0.16918428242206573
DRUSEN/51/029_Drusen.tif,DRUSEN-051,test,DRUSEN,drusen,OD,.tif,0.1841801106929779
DRUSEN/51/030_Drusen.tif,DRUSEN-051,test,DRUSEN,drusen,OD,.tif,0.21091043949127197
DRUSEN/52/000_Drusen.tif,DRUSEN-052,test,DRUSEN,drusen,OD,.tif,0.14231033623218536
DRUSEN/52/001_Drusen.tif,DRUSEN-052,test,DRUSEN,drusen,OD,.tif,0.13559624552726746
DRUSEN/52/002_Drusen.tif,DRUSEN-052,test,DRUSEN,drusen,OD,.tif,0.1789519488811493
DRUSEN/52/003_Drusen.tif,DRUSEN-052,test,DRUSEN,drusen,OD,.tif,0.16898974776268005
DRUSEN/52/004_Drusen.tif,DRUSEN-052,test,DRUSEN,drusen,OD,.tif,0.1443200707435608
DRUSEN/52/005_Drusen.tif,DRUSEN-052,test,DRUSEN,drusen,OD,.tif,0.12315237522125244
DRUSEN/52/006_Drusen.tif,DRUSEN-052,test,DRUSEN,drusen,OD,.tif,0.1526680588722229
DRUSEN/52/007_Drusen.tif,DRUSEN-052,test,DRUSEN,drusen,OD,.tif,0.1378341019153595
DRUSEN/52/008_Drusen.tif,DRUSEN-052,val,DRUSEN,drusen,OD,.tif,0.11444259434938431
DRUSEN/52/009_Drusen.tif,DRUSEN-052,test,DRUSEN,drusen,OD,.tif,0.11548714339733124
DRUSEN/52/010_Drusen.tif,DRUSEN-052,test,DRUSEN,drusen,OD,.tif,0.10902707278728485
DRUSEN/52/011_Drusen.tif,DRUSEN-052,test,DRUSEN,drusen,OD,.tif,0.11166414618492126
DRUSEN/52/012_Drusen.tif,DRUSEN-052,val,DRUSEN,drusen,OD,.tif,0.1413629651069641
DRUSEN/52/013_Drusen.tif,DRUSEN-052,test,DRUSEN,drusen,OD,.tif,0.1644546240568161
DRUSEN/52/014_Drusen.tif,DRUSEN-052,test,DRUSEN,drusen,OD,.tif,0.22925883531570435
DRUSEN/52/015_Drusen.tif,DRUSEN-052,val,DRUSEN,drusen,OD,.tif,0.30537641048431396
DRUSEN/52/016_Drusen.tif,DRUSEN-052,val,DRUSEN,drusen,OD,.tif,0.2528470456600189
DRUSEN/52/017_Drusen.tif,DRUSEN-052,test,DRUSEN,drusen,OD,.tif,0.18532349169254303
DRUSEN/52/018_Drusen.tif,DRUSEN-052,val,DRUSEN,drusen,OD,.tif,0.14442354440689087
DRUSEN/52/019_Drusen.tif,DRUSEN-052,test,DRUSEN,drusen,OD,.tif,0.16424357891082764
DRUSEN/52/020_Drusen.tif,DRUSEN-052,test,DRUSEN,drusen,OD,.tif,0.1563577502965927
DRUSEN/52/021_Drusen.tif,DRUSEN-052,test,DRUSEN,drusen,OD,.tif,0.14183947443962097
DRUSEN/52/022_Drusen.tif,DRUSEN-052,val,DRUSEN,drusen,OD,.tif,0.15261298418045044
DRUSEN/52/023_Drusen.tif,DRUSEN-052,test,DRUSEN,drusen,OD,.tif,0.1449737399816513
DRUSEN/52/024_Drusen.tif,DRUSEN-052,test,DRUSEN,drusen,OD,.tif,0.1597326099872589
DRUSEN/52/025_Drusen.tif,DRUSEN-052,val,DRUSEN,drusen,OD,.tif,0.15849509835243225
DRUSEN/52/026_Drusen.tif,DRUSEN-052,val,DRUSEN,drusen,OD,.tif,0.12258979678153992
DRUSEN/52/027_Drusen.tif,DRUSEN-052,test,DRUSEN,drusen,OD,.tif,0.11985872685909271
DRUSEN/52/028_Drusen.tif,DRUSEN-052,test,DRUSEN,drusen,OD,.tif,0.10036119818687439
DRUSEN/52/029_Drusen.tif,DRUSEN-052,val,DRUSEN,drusen,OD,.tif,0.14146003127098083
DRUSEN/52/030_Drusen.tif,DRUSEN-052,val,DRUSEN,drusen,OD,.tif,0.08696504682302475
DRUSEN/53/000_Drusen.tif,DRUSEN-053,val,DRUSEN,drusen,OS,.tif,0.20785903930664062
DRUSEN/53/001_Normal.tif,DRUSEN-053,test,DRUSEN,normal,OS,.tif,0.28079235553741455
DRUSEN/53/002_Normal.tif,DRUSEN-053,test,DRUSEN,normal,OS,.tif,0.219135120511055
DRUSEN/53/003_Normal.tif,DRUSEN-053,val,DRUSEN,normal,OS,.tif,0.20426733791828156
DRUSEN/53/004_Normal.tif,DRUSEN-053,val,DRUSEN,normal,OS,.tif,0.19790837168693542
DRUSEN/53/005_Normal.tif,DRUSEN-053,test,DRUSEN,normal,OS,.tif,0.18247883021831512
DRUSEN/53/006_Normal.tif,DRUSEN-053,val,DRUSEN,normal,OS,.tif,0.15739724040031433
DRUSEN/53/007_Normal.tif,DRUSEN-053,val,DRUSEN,normal,OS,.tif,0.16809898614883423
DRUSEN/53/008_Normal.tif,DRUSEN-053,test,DRUSEN,normal,OS,.tif,0.15006279945373535
DRUSEN/53/009_Normal.tif,DRUSEN-053,test,DRUSEN,normal,OS,.tif,0.14718978106975555
DRUSEN/53/010_Normal.tif,DRUSEN-053,test,DRUSEN,normal,OS,.tif,0.15275633335113525
DRUSEN/53/011_Normal.tif,DRUSEN-053,test,DRUSEN,normal,OS,.tif,0.14338091015815735
DRUSEN/53/012_Normal.tif,DRUSEN-053,val,DRUSEN,normal,OS,.tif,0.1400541365146637
DRUSEN/53/013_Drusen.tif,DRUSEN-053,test,DRUSEN,drusen,OS,.tif,0.1853352189064026
DRUSEN/53/014_Drusen.tif,DRUSEN-053,test,DRUSEN,drusen,OS,.tif,0.16325369477272034
DRUSEN/53/015_Drusen.tif,DRUSEN-053,val,DRUSEN,drusen,OS,.tif,0.20833826065063477
DRUSEN/53/016_Drusen.tif,DRUSEN-053,test,DRUSEN,drusen,OS,.tif,0.2835390567779541
DRUSEN/53/017_Drusen.tif,DRUSEN-053,val,DRUSEN,drusen,OS,.tif,0.2443924993276596
DRUSEN/53/018_Drusen.tif,DRUSEN-053,test,DRUSEN,drusen,OS,.tif,0.20068596303462982
DRUSEN/53/019_Drusen.tif,DRUSEN-053,test,DRUSEN,drusen,OS,.tif,0.19260932505130768
DRUSEN/53/020_Drusen.tif,DRUSEN-053,test,DRUSEN,drusen,OS,.tif,0.20057305693626404
DRUSEN/53/021_Drusen.tif,DRUSEN-053,val,DRUSEN,drusen,OS,.tif,0.1548125445842743
DRUSEN/53/022_Drusen.tif,DRUSEN-053,test,DRUSEN,drusen,OS,.tif,0.12350902706384659
DRUSEN/53/023_Drusen.tif,DRUSEN-053,test,DRUSEN,drusen,OS,.tif,0.10225338488817215
DRUSEN/53/024_Drusen.tif,DRUSEN-053,test,DRUSEN,drusen,OS,.tif,0.09887762367725372
DRUSEN/53/025_Drusen.tif,DRUSEN-053,test,DRUSEN,drusen,OS,.tif,0.14714300632476807
DRUSEN/54/000_Normal.tif,DRUSEN-054,test,DRUSEN,normal,OD,.tif,0.16365325450897217
DRUSEN/54/001_Normal.tif,DRUSEN-054,test,DRUSEN,normal,OD,.tif,0.1466984897851944
DRUSEN/54/002_Normal.tif,DRUSEN-054,val,DRUSEN,normal,OD,.tif,0.15336033701896667
DRUSEN/54/003_Normal.tif,DRUSEN-054,val,DRUSEN,normal,OD,.tif,0.1507607251405716
DRUSEN/54/004_Normal.tif,DRUSEN-054,test,DRUSEN,normal,OD,.tif,0.18547524511814117
DRUSEN/54/005_Drusen.tif,DRUSEN-054,test,DRUSEN,drusen,OD,.tif,0.17648780345916748
DRUSEN/54/006_Drusen.tif,DRUSEN-054,test,DRUSEN,drusen,OD,.tif,0.1608281135559082
DRUSEN/54/007_Drusen.tif,DRUSEN-054,val,DRUSEN,drusen,OD,.tif,0.15862226486206055
DRUSEN/54/008_Normal.tif,DRUSEN-054,val,DRUSEN,normal,OD,.tif,0.16542160511016846
DRUSEN/54/009_Normal.tif,DRUSEN-054,test,DRUSEN,normal,OD,.tif,0.14905530214309692
DRUSEN/54/010_Normal.tif,DRUSEN-054,test,DRUSEN,normal,OD,.tif,0.14203622937202454
DRUSEN/54/011_Normal.tif,DRUSEN-054,test,DRUSEN,normal,OD,.tif,0.18355222046375275
DRUSEN/54/012_Normal.tif,DRUSEN-054,test,DRUSEN,normal,OD,.tif,0.23126932978630066
DRUSEN/54/013_Normal.tif,DRUSEN-054,test,DRUSEN,normal,OD,.tif,0.20750239491462708
DRUSEN/54/014_Normal.tif,DRUSEN-054,test,DRUSEN,normal,OD,.tif,0.18105420470237732
DRUSEN/54/015_Normal.tif,DRUSEN-054,test,DRUSEN,normal,OD,.tif,0.1878894865512848
DRUSEN/54/016_Normal.tif,DRUSEN-054,val,DRUSEN,normal,OD,.tif,0.18419435620307922
DRUSEN/54/017_Normal.tif,DRUSEN-054,val,DRUSEN,normal,OD,.tif,0.13458293676376343
DRUSEN/54/018_Normal.tif,DRUSEN-054,test,DRUSEN,normal,OD,.tif,0.1292261928319931
DRUSEN/54/019_Normal.tif,DRUSEN-054,test,DRUSEN,normal,OD,.tif,0.14379055798053741
DRUSEN/54/020_Normal.tif,DRUSEN-054,test,DRUSEN,normal,OD,.tif,0.11980848759412766
DRUSEN/54/021_Normal.tif,DRUSEN-054,test,DRUSEN,normal,OD,.tif,0.13890191912651062
DRUSEN/54/022_Normal.tif,DRUSEN-054,test,DRUSEN,normal,OD,.tif,0.1300790011882782
DRUSEN/54/023_Normal.tif,DRUSEN-054,test,DRUSEN,normal,OD,.tif,0.15027201175689697
DRUSEN/54/024_Normal.tif,DRUSEN-054,test,DRUSEN,normal,OD,.tif,0.1544809639453888
DRUSEN/54/025_Normal.tif,DRUSEN-054,val,DRUSEN,normal,OD,.tif,0.13653817772865295
DRUSEN/54/026_Normal.tif,DRUSEN-054,test,DRUSEN,normal,OD,.tif,0.1285504549741745
DRUSEN/54/027_Normal.tif,DRUSEN-054,val,DRUSEN,normal,OD,.tif,0.146027609705925
DRUSEN/54/028_Normal.tif,DRUSEN-054,val,DRUSEN,normal,OD,.tif,0.14979271590709686
DRUSEN/54/029_Normal.tif,DRUSEN-054,val,DRUSEN,normal,OD,.tif,0.1848522126674652
DRUSEN/54/030_Normal.tif,DRUSEN-054,test,DRUSEN,normal,OD,.tif,0.19465219974517822
DRUSEN/55/000_Normal.tif,DRUSEN-055,test,DRUSEN,normal,OD,.tif,0.15078531205654144
DRUSEN/55/001_Normal.tif,DRUSEN-055,test,DRUSEN,normal,OD,.tif,0.11103196442127228
DRUSEN/55/002_Normal.tif,DRUSEN-055,test,DRUSEN,normal,OD,.tif,0.10138808190822601
DRUSEN/55/003_Normal.tif,DRUSEN-055,val,DRUSEN,normal,OD,.tif,0.1135985404253006
DRUSEN/55/004_Normal.tif,DRUSEN-055,test,DRUSEN,normal,OD,.tif,0.14132075011730194
DRUSEN/55/005_Normal.tif,DRUSEN-055,val,DRUSEN,normal,OD,.tif,0.13066931068897247
DRUSEN/55/006_Normal.tif,DRUSEN-055,test,DRUSEN,normal,OD,.tif,0.10503539443016052
DRUSEN/55/007_Normal.tif,DRUSEN-055,val,DRUSEN,normal,OD,.tif,0.14208754897117615
DRUSEN/55/008_Normal.tif,DRUSEN-055,test,DRUSEN,normal,OD,.tif,0.12513089179992676
DRUSEN/55/009_Normal.tif,DRUSEN-055,test,DRUSEN,normal,OD,.tif,0.11776521801948547
DRUSEN/55/010_Drusen.tif,DRUSEN-055,test,DRUSEN,drusen,OD,.tif,0.17036524415016174
DRUSEN/55/011_Drusen.tif,DRUSEN-055,val,DRUSEN,drusen,OD,.tif,0.17131806910037994
DRUSEN/55/012_Drusen.tif,DRUSEN-055,test,DRUSEN,drusen,OD,.tif,0.1835555136203766
DRUSEN/55/013_Drusen.tif,DRUSEN-055,test,DRUSEN,drusen,OD,.tif,0.21601885557174683
DRUSEN/55/014_Normal.tif,DRUSEN-055,test,DRUSEN,normal,OD,.tif,0.2065974473953247
DRUSEN/55/015_Normal.tif,DRUSEN-055,test,DRUSEN,normal,OD,.tif,0.2220662534236908
DRUSEN/55/016_Normal.tif,DRUSEN-055,test,DRUSEN,normal,OD,.tif,0.16748908162117004
DRUSEN/55/017_Normal.tif,DRUSEN-055,test,DRUSEN,normal,OD,.tif,0.15774878859519958
DRUSEN/55/018_Normal.tif,DRUSEN-055,val,DRUSEN,normal,OD,.tif,0.20386072993278503
DRUSEN/55/019_Normal.tif,DRUSEN-055,val,DRUSEN,normal,OD,.tif,0.13512283563613892
DRUSEN/55/020_Normal.tif,DRUSEN-055,test,DRUSEN,normal,OD,.tif,0.16367150843143463
DRUSEN/55/021_Normal.tif,DRUSEN-055,test,DRUSEN,normal,OD,.tif,0.1663675308227539
DRUSEN/55/022_Normal.tif,DRUSEN-055,test,DRUSEN,normal,OD,.tif,0.16894568502902985
DRUSEN/55/023_Normal.tif,DRUSEN-055,test,DRUSEN,normal,OD,.tif,0.1532668173313141
DRUSEN/55/024_Normal.tif,DRUSEN-055,test,DRUSEN,normal,OD,.tif,0.1461990624666214
DRUSEN/55/025_Normal.tif,DRUSEN-055,val,DRUSEN,normal,OD,.tif,0.13054698705673218
DRUSEN/55/026_Normal.tif,DRUSEN-055,val,DRUSEN,normal,OD,.tif,0.12787757813930511
DRUSEN/55/027_Normal.tif,DRUSEN-055,test,DRUSEN,normal,OD,.tif,0.12777827680110931
DRUSEN/55/028_Normal.tif,DRUSEN-055,test,DRUSEN,normal,OD,.tif,0.15454521775245667
DRUSEN/55/029_Normal.tif,DRUSEN-055,val,DRUSEN,normal,OD,.tif,0.14673268795013428
DRUSEN/55/030_Normal.tif,DRUSEN-055,test,DRUSEN,normal,OD,.tif,0.18048906326293945
DRUSEN/56/000_Drusen.tif,DRUSEN-056,test,DRUSEN,drusen,OD,.tif,0.14088425040245056
DRUSEN/56/001_Normal.tif,DRUSEN-056,test,DRUSEN,normal,OD,.tif,0.15442220866680145
DRUSEN/56/002_Normal.tif,DRUSEN-056,test,DRUSEN,normal,OD,.tif,0.10911119729280472
DRUSEN/56/003_Normal.tif,DRUSEN-056,val,DRUSEN,normal,OD,.tif,0.11773113161325455
DRUSEN/56/004_Normal.tif,DRUSEN-056,test,DRUSEN,normal,OD,.tif,0.1392633616924286
DRUSEN/56/005_Normal.tif,DRUSEN-056,test,DRUSEN,normal,OD,.tif,0.14775450527668
DRUSEN/56/006_Normal.tif,DRUSEN-056,val,DRUSEN,normal,OD,.tif,0.14526943862438202
DRUSEN/56/007_Normal.tif,DRUSEN-056,test,DRUSEN,normal,OD,.tif,0.13459870219230652
DRUSEN/56/008_Normal.tif,DRUSEN-056,val,DRUSEN,normal,OD,.tif,0.14953196048736572
DRUSEN/56/009_Normal.tif,DRUSEN-056,test,DRUSEN,normal,OD,.tif,0.10834239423274994
DRUSEN/56/010_Normal.tif,DRUSEN-056,test,DRUSEN,normal,OD,.tif,0.12385699152946472
DRUSEN/56/011_Drusen.tif,DRUSEN-056,val,DRUSEN,drusen,OD,.tif,0.13302862644195557
DRUSEN/56/012_Drusen.tif,DRUSEN-056,test,DRUSEN,drusen,OD,.tif,0.18004916608333588
DRUSEN/56/013_Drusen.tif,DRUSEN-056,val,DRUSEN,drusen,OD,.tif,0.1951848864555359
DRUSEN/56/014_Drusen.tif,DRUSEN-056,val,DRUSEN,drusen,OD,.tif,0.19105786085128784
DRUSEN/56/015_Drusen.tif,DRUSEN-056,test,DRUSEN,drusen,OD,.tif,0.24033400416374207
DRUSEN/56/016_Drusen.tif,DRUSEN-056,val,DRUSEN,drusen,OD,.tif,0.21740052103996277
DRUSEN/56/017_Drusen.tif,DRUSEN-056,test,DRUSEN,drusen,OD,.tif,0.17835763096809387
DRUSEN/56/018_Drusen.tif,DRUSEN-056,test,DRUSEN,drusen,OD,.tif,0.16886523365974426
DRUSEN/56/019_Drusen.tif,DRUSEN-056,test,DRUSEN,drusen,OD,.tif,0.14037549495697021
DRUSEN/56/020_Normal.tif,DRUSEN-056,test,DRUSEN,normal,OD,.tif,0.15235981345176697
DRUSEN/56/021_Normal.tif,DRUSEN-056,test,DRUSEN,normal,OD,.tif,0.11053435504436493
DRUSEN/56/022_Normal.tif,DRUSEN-056,test,DRUSEN,normal,OD,.tif,0.10838712751865387
DRUSEN/56/023_Normal.tif,DRUSEN-056,val,DRUSEN,normal,OD,.tif,0.1764170229434967
DRUSEN/56/024_Normal.tif,DRUSEN-056,test,DRUSEN,normal,OD,.tif,0.13132506608963013
DRUSEN/56/025_Normal.tif,DRUSEN-056,val,DRUSEN,normal,OD,.tif,0.11721818149089813
DRUSEN/56/026_Normal.tif,DRUSEN-056,test,DRUSEN,normal,OD,.tif,0.12323755770921707
DRUSEN/56/027_Normal.tif,DRUSEN-056,test,DRUSEN,normal,OD,.tif,0.10988812148571014
DRUSEN/56/028_Normal.tif,DRUSEN-056,test,DRUSEN,normal,OD,.tif,0.1237848773598671
DRUSEN/56/029_Normal.tif,DRUSEN-056,test,DRUSEN,normal,OD,.tif,0.11443168669939041
DRUSEN/56/030_Drusen.tif,DRUSEN-056,val,DRUSEN,drusen,OD,.tif,0.11067185550928116
DRUSEN/57/000_Normal.tif,DRUSEN-057,val,DRUSEN,normal,OS,.tif,0.19979634881019592
DRUSEN/57/001_Normal.tif,DRUSEN-057,test,DRUSEN,normal,OS,.tif,0.21366380155086517
DRUSEN/57/002_Normal.tif,DRUSEN-057,test,DRUSEN,normal,OS,.tif,0.1875443160533905
DRUSEN/57/003_Normal.tif,DRUSEN-057,val,DRUSEN,normal,OS,.tif,0.23602977395057678
DRUSEN/57/004_Drusen.tif,DRUSEN-057,test,DRUSEN,drusen,OS,.tif,0.1984712779521942
DRUSEN/57/005_Normal.tif,DRUSEN-057,test,DRUSEN,normal,OS,.tif,0.17951200902462006
DRUSEN/57/006_Normal.tif,DRUSEN-057,val,DRUSEN,normal,OS,.tif,0.1487354040145874
DRUSEN/57/007_Normal.tif,DRUSEN-057,val,DRUSEN,normal,OS,.tif,0.188438281416893
DRUSEN/57/008_Normal.tif,DRUSEN-057,val,DRUSEN,normal,OS,.tif,0.11085645109415054
DRUSEN/57/009_Normal.tif,DRUSEN-057,test,DRUSEN,normal,OS,.tif,0.10770463943481445
DRUSEN/57/010_Normal.tif,DRUSEN-057,test,DRUSEN,normal,OS,.tif,0.1343441903591156
DRUSEN/57/011_Drusen.tif,DRUSEN-057,val,DRUSEN,drusen,OS,.tif,0.14050091803073883
DRUSEN/57/012_Normal.tif,DRUSEN-057,test,DRUSEN,normal,OS,.tif,0.16405248641967773
DRUSEN/57/013_Drusen.tif,DRUSEN-057,test,DRUSEN,drusen,OS,.tif,0.15681634843349457
DRUSEN/57/014_Drusen.tif,DRUSEN-057,test,DRUSEN,drusen,OS,.tif,0.1639130860567093
DRUSEN/57/015_Drusen.tif,DRUSEN-057,test,DRUSEN,drusen,OS,.tif,0.18390242755413055
DRUSEN/57/016_Drusen.tif,DRUSEN-057,test,DRUSEN,drusen,OS,.tif,0.18255621194839478
DRUSEN/57/017_Drusen.tif,DRUSEN-057,test,DRUSEN,drusen,OS,.tif,0.1489189863204956
DRUSEN/57/018_Drusen.tif,DRUSEN-057,val,DRUSEN,drusen,OS,.tif,0.15509802103042603
DRUSEN/57/019_Drusen.tif,DRUSEN-057,test,DRUSEN,drusen,OS,.tif,0.1498110443353653
DRUSEN/57/020_Drusen.tif,DRUSEN-057,val,DRUSEN,drusen,OS,.tif,0.17379486560821533
DRUSEN/57/021_Normal.tif,DRUSEN-057,test,DRUSEN,normal,OS,.tif,0.15155921876430511
DRUSEN/57/022_Normal.tif,DRUSEN-057,test,DRUSEN,normal,OS,.tif,0.14626440405845642
DRUSEN/57/023_Normal.tif,DRUSEN-057,val,DRUSEN,normal,OS,.tif,0.15095898509025574
DRUSEN/57/024_Normal.tif,DRUSEN-057,val,DRUSEN,normal,OS,.tif,0.16553866863250732
DRUSEN/57/025_Normal.tif,DRUSEN-057,val,DRUSEN,normal,OS,.tif,0.16041992604732513
DRUSEN/57/026_Normal.tif,DRUSEN-057,test,DRUSEN,normal,OS,.tif,0.14615769684314728
DRUSEN/57/027_Normal.tif,DRUSEN-057,test,DRUSEN,normal,OS,.tif,0.15538962185382843
DRUSEN/57/028_Normal.tif,DRUSEN-057,test,DRUSEN,normal,OS,.tif,0.1587834507226944
DRUSEN/57/029_Normal.tif,DRUSEN-057,test,DRUSEN,normal,OS,.tif,0.15915857255458832
DRUSEN/57/030_Normal.tif,DRUSEN-057,val,DRUSEN,normal,OS,.tif,0.13371631503105164
DRUSEN/58/000_Normal.tif,DRUSEN-058,val,DRUSEN,normal,OD,.tif,0.15840816497802734
DRUSEN/58/001_Normal.tif,DRUSEN-058,test,DRUSEN,normal,OD,.tif,0.1913895308971405
DRUSEN/58/002_Normal.tif,DRUSEN-058,val,DRUSEN,normal,OD,.tif,0.1455950140953064
DRUSEN/58/003_Normal.tif,DRUSEN-058,val,DRUSEN,normal,OD,.tif,0.15861496329307556
DRUSEN/58/004_Normal.tif,DRUSEN-058,test,DRUSEN,normal,OD,.tif,0.1366855353116989
DRUSEN/58/005_Normal.tif,DRUSEN-058,val,DRUSEN,normal,OD,.tif,0.11376985907554626
DRUSEN/58/006_Normal.tif,DRUSEN-058,val,DRUSEN,normal,OD,.tif,0.12752942740917206
DRUSEN/58/007_Normal.tif,DRUSEN-058,val,DRUSEN,normal,OD,.tif,0.15890666842460632
DRUSEN/58/008_Normal.tif,DRUSEN-058,test,DRUSEN,normal,OD,.tif,0.12720370292663574
DRUSEN/58/009_Normal.tif,DRUSEN-058,test,DRUSEN,normal,OD,.tif,0.12514902651309967
DRUSEN/58/010_Normal.tif,DRUSEN-058,val,DRUSEN,normal,OD,.tif,0.13485315442085266
DRUSEN/58/011_Normal.tif,DRUSEN-058,test,DRUSEN,normal,OD,.tif,0.11967150121927261
DRUSEN/58/012_Normal.tif,DRUSEN-058,test,DRUSEN,normal,OD,.tif,0.13979697227478027
DRUSEN/58/013_Drusen.tif,DRUSEN-058,val,DRUSEN,drusen,OD,.tif,0.13744059205055237
DRUSEN/58/014_Drusen.tif,DRUSEN-058,test,DRUSEN,drusen,OD,.tif,0.15012121200561523
DRUSEN/58/015_Drusen.tif,DRUSEN-058,val,DRUSEN,drusen,OD,.tif,0.16401445865631104
DRUSEN/58/016_Drusen.tif,DRUSEN-058,val,DRUSEN,drusen,OD,.tif,0.10965657234191895
DRUSEN/58/017_Drusen.tif,DRUSEN-058,test,DRUSEN,drusen,OD,.tif,0.13354156911373138
DRUSEN/58/018_Drusen.tif,DRUSEN-058,val,DRUSEN,drusen,OD,.tif,0.11362329125404358
DRUSEN/58/019_Drusen.tif,DRUSEN-058,test,DRUSEN,drusen,OD,.tif,0.15658539533615112
DRUSEN/58/020_Drusen.tif,DRUSEN-058,test,DRUSEN,drusen,OD,.tif,0.11840316653251648
DRUSEN/58/021_Normal.tif,DRUSEN-058,val,DRUSEN,normal,OD,.tif,0.09494110196828842
DRUSEN/58/022_Normal.tif,DRUSEN-058,val,DRUSEN,normal,OD,.tif,0.1291062831878662
DRUSEN/58/023_Normal.tif,DRUSEN-058,test,DRUSEN,normal,OD,.tif,0.14417004585266113
DRUSEN/58/024_Normal.tif,DRUSEN-058,test,DRUSEN,normal,OD,.tif,0.12255388498306274
DRUSEN/58/025_Normal.tif,DRUSEN-058,val,DRUSEN,normal,OD,.tif,0.11741679161787033
DRUSEN/58/026_Normal.tif,DRUSEN-058,test,DRUSEN,normal,OD,.tif,0.13132959604263306
DRUSEN/58/027_Normal.tif,DRUSEN-058,val,DRUSEN,normal,OD,.tif,0.12154637277126312
DRUSEN/58/028_Normal.tif,DRUSEN-058,val,DRUSEN,normal,OD,.tif,0.1186242625117302
DRUSEN/58/029_Normal.tif,DRUSEN-058,test,DRUSEN,normal,OD,.tif,0.12193898856639862
DRUSEN/58/030_Normal.tif,DRUSEN-058,val,DRUSEN,normal,OD,.tif,0.13501428067684174
DRUSEN/60/000_Normal.tif,DRUSEN-060,val,DRUSEN,normal,OD,.tif,0.15732917189598083
DRUSEN/60/001_Normal.tif,DRUSEN-060,test,DRUSEN,normal,OD,.tif,0.15717312693595886
DRUSEN/60/002_Normal.tif,DRUSEN-060,test,DRUSEN,normal,OD,.tif,0.15432769060134888
DRUSEN/60/003_Drusen.tif,DRUSEN-060,test,DRUSEN,drusen,OD,.tif,0.1723293662071228
DRUSEN/60/004_Drusen.tif,DRUSEN-060,test,DRUSEN,drusen,OD,.tif,0.18906642496585846
DRUSEN/60/005_Drusen.tif,DRUSEN-060,test,DRUSEN,drusen,OD,.tif,0.14531905949115753
DRUSEN/60/006_Drusen.tif,DRUSEN-060,test,DRUSEN,drusen,OD,.tif,0.1382078230381012
DRUSEN/60/007_Normal.tif,DRUSEN-060,test,DRUSEN,normal,OD,.tif,0.14919599890708923
DRUSEN/60/008_Drusen.tif,DRUSEN-060,val,DRUSEN,drusen,OD,.tif,0.1835816353559494
DRUSEN/60/009_Drusen.tif,DRUSEN-060,test,DRUSEN,drusen,OD,.tif,0.15164151787757874
DRUSEN/60/010_Drusen.tif,DRUSEN-060,test,DRUSEN,drusen,OD,.tif,0.12946635484695435
DRUSEN/60/011_Drusen.tif,DRUSEN-060,val,DRUSEN,drusen,OD,.tif,0.1498713493347168
DRUSEN/60/012_Drusen.tif,DRUSEN-060,test,DRUSEN,drusen,OD,.tif,0.17671918869018555
DRUSEN/60/013_Drusen.tif,DRUSEN-060,test,DRUSEN,drusen,OD,.tif,0.1861165463924408
DRUSEN/60/014_Drusen.tif,DRUSEN-060,val,DRUSEN,drusen,OD,.tif,0.2617638409137726
DRUSEN/60/015_Drusen.tif,DRUSEN-060,test,DRUSEN,drusen,OD,.tif,0.2921927571296692
DRUSEN/60/016_Drusen.tif,DRUSEN-060,val,DRUSEN,drusen,OD,.tif,0.24108412861824036
DRUSEN/60/017_Drusen.tif,DRUSEN-060,test,DRUSEN,drusen,OD,.tif,0.1710442751646042
DRUSEN/60/018_Drusen.tif,DRUSEN-060,test,DRUSEN,drusen,OD,.tif,0.12124378979206085
DRUSEN/60/019_Drusen.tif,DRUSEN-060,test,DRUSEN,drusen,OD,.tif,0.1799897700548172
DRUSEN/60/020_Drusen.tif,DRUSEN-060,val,DRUSEN,drusen,OD,.tif,0.18419501185417175
DRUSEN/60/021_Drusen.tif,DRUSEN-060,val,DRUSEN,drusen,OD,.tif,0.1582758128643036
DRUSEN/60/022_Drusen.tif,DRUSEN-060,val,DRUSEN,drusen,OD,.tif,0.12451580166816711
DRUSEN/60/023_Drusen.tif,DRUSEN-060,val,DRUSEN,drusen,OD,.tif,0.12848089635372162
DRUSEN/60/024_Drusen.tif,DRUSEN-060,val,DRUSEN,drusen,OD,.tif,0.15029606223106384
DRUSEN/60/025_Drusen.tif,DRUSEN-060,test,DRUSEN,drusen,OD,.tif,0.1397811770439148
DRUSEN/60/026_Normal.tif,DRUSEN-060,test,DRUSEN,normal,OD,.tif,0.16807697713375092
DRUSEN/60/027_Normal.tif,DRUSEN-060,val,DRUSEN,normal,OD,.tif,0.15344905853271484
DRUSEN/60/028_Normal.tif,DRUSEN-060,test,DRUSEN,normal,OD,.tif,0.14978009462356567
DRUSEN/60/029_Normal.tif,DRUSEN-060,test,DRUSEN,normal,OD,.tif,0.15015622973442078
DRUSEN/60/030_Normal.tif,DRUSEN-060,val,DRUSEN,normal,OD,.tif,0.1504898965358734
DRUSEN/62/000_Normal.tif,DRUSEN-062,val,DRUSEN,normal,OS,.tif,0.22856883704662323
DRUSEN/62/001_Normal.tif,DRUSEN-062,val,DRUSEN,normal,OS,.tif,0.2643257975578308
DRUSEN/62/002_Normal.tif,DRUSEN-062,test,DRUSEN,normal,OS,.tif,0.2122880518436432
DRUSEN/62/003_Drusen.tif,DRUSEN-062,test,DRUSEN,drusen,OS,.tif,0.21159294247627258
DRUSEN/62/004_Drusen.tif,DRUSEN-062,test,DRUSEN,drusen,OS,.tif,0.2338772416114807
DRUSEN/62/005_Drusen.tif,DRUSEN-062,test,DRUSEN,drusen,OS,.tif,0.22891314327716827
DRUSEN/62/006_Drusen.tif,DRUSEN-062,test,DRUSEN,drusen,OS,.tif,0.1559494137763977
DRUSEN/62/007_Drusen.tif,DRUSEN-062,val,DRUSEN,drusen,OS,.tif,0.25501519441604614
DRUSEN/62/008_Drusen.tif,DRUSEN-062,val,DRUSEN,drusen,OS,.tif,0.131777822971344
DRUSEN/62/009_Drusen.tif,DRUSEN-062,val,DRUSEN,drusen,OS,.tif,0.12146741151809692
DRUSEN/62/010_Drusen.tif,DRUSEN-062,val,DRUSEN,drusen,OS,.tif,0.13078057765960693
DRUSEN/62/011_Drusen.tif,DRUSEN-062,test,DRUSEN,drusen,OS,.tif,0.17413604259490967
DRUSEN/62/012_Drusen.tif,DRUSEN-062,test,DRUSEN,drusen,OS,.tif,0.14272388815879822
DRUSEN/62/013_Drusen.tif,DRUSEN-062,test,DRUSEN,drusen,OS,.tif,0.19240328669548035
DRUSEN/62/014_Drusen.tif,DRUSEN-062,test,DRUSEN,drusen,OS,.tif,0.24088433384895325
DRUSEN/62/015_Drusen.tif,DRUSEN-062,val,DRUSEN,drusen,OS,.tif,0.20827379822731018
DRUSEN/62/016_Drusen.tif,DRUSEN-062,val,DRUSEN,drusen,OS,.tif,0.1887636035680771
DRUSEN/62/017_Drusen.tif,DRUSEN-062,test,DRUSEN,drusen,OS,.tif,0.18354880809783936
DRUSEN/62/018_Drusen.tif,DRUSEN-062,val,DRUSEN,drusen,OS,.tif,0.18596535921096802
DRUSEN/62/019_Drusen.tif,DRUSEN-062,test,DRUSEN,drusen,OS,.tif,0.15483206510543823
DRUSEN/62/020_Drusen.tif,DRUSEN-062,test,DRUSEN,drusen,OS,.tif,0.17055174708366394
DRUSEN/62/021_Drusen.tif,DRUSEN-062,val,DRUSEN,drusen,OS,.tif,0.14613471925258636
DRUSEN/62/022_Drusen.tif,DRUSEN-062,test,DRUSEN,drusen,OS,.tif,0.18029269576072693
DRUSEN/62/023_Drusen.tif,DRUSEN-062,test,DRUSEN,drusen,OS,.tif,0.17307144403457642
DRUSEN/62/024_Drusen.tif,DRUSEN-062,test,DRUSEN,drusen,OS,.tif,0.23135648667812347
DRUSEN/62/025_Drusen.tif,DRUSEN-062,test,DRUSEN,drusen,OS,.tif,0.21320617198944092
DRUSEN/62/026_Drusen.tif,DRUSEN-062,val,DRUSEN,drusen,OS,.tif,0.22143197059631348
DRUSEN/62/027_Drusen.tif,DRUSEN-062,test,DRUSEN,drusen,OS,.tif,0.1923569142818451
DRUSEN/62/028_Drusen.tif,DRUSEN-062,val,DRUSEN,drusen,OS,.tif,0.16144926846027374
DRUSEN/62/029_Drusen.tif,DRUSEN-062,val,DRUSEN,drusen,OS,.tif,0.1903994083404541
DRUSEN/62/030_Drusen.tif,DRUSEN-062,test,DRUSEN,drusen,OS,.tif,0.18867270648479462
DRUSEN/63/000_Normal.tif,DRUSEN-063,test,DRUSEN,normal,OD,.tif,0.16100241243839264
DRUSEN/63/001_Normal.tif,DRUSEN-063,test,DRUSEN,normal,OD,.tif,0.13219428062438965
DRUSEN/63/002_Normal.tif,DRUSEN-063,val,DRUSEN,normal,OD,.tif,0.15430539846420288
DRUSEN/63/003_Normal.tif,DRUSEN-063,test,DRUSEN,normal,OD,.tif,0.16032332181930542
DRUSEN/63/004_Drusen.tif,DRUSEN-063,test,DRUSEN,drusen,OD,.tif,0.1518772840499878
DRUSEN/63/005_Drusen.tif,DRUSEN-063,test,DRUSEN,drusen,OD,.tif,0.1780981719493866
DRUSEN/63/006_Drusen.tif,DRUSEN-063,test,DRUSEN,drusen,OD,.tif,0.17312327027320862
DRUSEN/63/007_Drusen.tif,DRUSEN-063,test,DRUSEN,drusen,OD,.tif,0.16985082626342773
DRUSEN/63/008_Drusen.tif,DRUSEN-063,test,DRUSEN,drusen,OD,.tif,0.144215390086174
DRUSEN/63/009_Drusen.tif,DRUSEN-063,val,DRUSEN,drusen,OD,.tif,0.13026049733161926
DRUSEN/63/010_Drusen.tif,DRUSEN-063,test,DRUSEN,drusen,OD,.tif,0.156855046749115
DRUSEN/63/011_Drusen.tif,DRUSEN-063,test,DRUSEN,drusen,OD,.tif,0.17851753532886505
DRUSEN/63/012_Drusen.tif,DRUSEN-063,test,DRUSEN,drusen,OD,.tif,0.20209643244743347
DRUSEN/63/013_Drusen.tif,DRUSEN-063,test,DRUSEN,drusen,OD,.tif,0.25504758954048157
DRUSEN/63/014_Drusen.tif,DRUSEN-063,test,DRUSEN,drusen,OD,.tif,0.2613001763820648
DRUSEN/63/015_Drusen.tif,DRUSEN-063,test,DRUSEN,drusen,OD,.tif,0.2883933186531067
DRUSEN/63/016_Drusen.tif,DRUSEN-063,test,DRUSEN,drusen,OD,.tif,0.16964906454086304
DRUSEN/63/017_Drusen.tif,DRUSEN-063,val,DRUSEN,drusen,OD,.tif,0.1620546132326126
DRUSEN/63/018_Drusen.tif,DRUSEN-063,test,DRUSEN,drusen,OD,.tif,0.1797526776790619
DRUSEN/63/019_Drusen.tif,DRUSEN-063,test,DRUSEN,drusen,OD,.tif,0.1266540288925171
DRUSEN/63/020_Drusen.tif,DRUSEN-063,test,DRUSEN,drusen,OD,.tif,0.1375935971736908
DRUSEN/63/021_Drusen.tif,DRUSEN-063,test,DRUSEN,drusen,OD,.tif,0.20724159479141235
DRUSEN/63/022_Drusen.tif,DRUSEN-063,test,DRUSEN,drusen,OD,.tif,0.19249925017356873
DRUSEN/63/023_Drusen.tif,DRUSEN-063,test,DRUSEN,drusen,OD,.tif,0.1448327898979187
DRUSEN/63/024_Drusen.tif,DRUSEN-063,test,DRUSEN,drusen,OD,.tif,0.1547679454088211
DRUSEN/63/025_Drusen.tif,DRUSEN-063,val,DRUSEN,drusen,OD,.tif,0.1605224609375
DRUSEN/63/026_Drusen.tif,DRUSEN-063,test,DRUSEN,drusen,OD,.tif,0.15699772536754608
DRUSEN/64/OD/000_Drusen.tif,DRUSEN-064,test,DRUSEN,drusen,OD,.tif,0.17381669580936432
DRUSEN/64/OD/001_Drusen.tif,DRUSEN-064,val,DRUSEN,drusen,OD,.tif,0.13545599579811096
DRUSEN/64/OD/002_Drusen.tif,DRUSEN-064,val,DRUSEN,drusen,OD,.tif,0.14134567975997925
DRUSEN/64/OD/003_Drusen.tif,DRUSEN-064,test,DRUSEN,drusen,OD,.tif,0.12190171331167221
DRUSEN/64/OD/004_Drusen.tif,DRUSEN-064,test,DRUSEN,drusen,OD,.tif,0.12962940335273743
DRUSEN/64/OD/005_Drusen.tif,DRUSEN-064,val,DRUSEN,drusen,OD,.tif,0.1250213235616684
DRUSEN/64/OD/006_Drusen.tif,DRUSEN-064,test,DRUSEN,drusen,OD,.tif,0.14346769452095032
DRUSEN/64/OD/007_Drusen.tif,DRUSEN-064,val,DRUSEN,drusen,OD,.tif,0.14336661994457245
DRUSEN/64/OD/008_Drusen.tif,DRUSEN-064,test,DRUSEN,drusen,OD,.tif,0.12903457880020142
DRUSEN/64/OD/009_Drusen.tif,DRUSEN-064,test,DRUSEN,drusen,OD,.tif,0.1726914942264557
DRUSEN/64/OD/010_Drusen.tif,DRUSEN-064,test,DRUSEN,drusen,OD,.tif,0.2621416449546814
DRUSEN/64/OD/011_Drusen.tif,DRUSEN-064,val,DRUSEN,drusen,OD,.tif,0.22411015629768372
DRUSEN/64/OD/012_Drusen.tif,DRUSEN-064,test,DRUSEN,drusen,OD,.tif,0.29000580310821533
DRUSEN/64/OD/013_Drusen.tif,DRUSEN-064,test,DRUSEN,drusen,OD,.tif,0.19652149081230164
DRUSEN/64/OD/014_Drusen.tif,DRUSEN-064,test,DRUSEN,drusen,OD,.tif,0.3058950901031494
DRUSEN/64/OD/015_Drusen.tif,DRUSEN-064,test,DRUSEN,drusen,OD,.tif,0.21123360097408295
DRUSEN/64/OD/016_Drusen.tif,DRUSEN-064,val,DRUSEN,drusen,OD,.tif,0.2584596276283264
DRUSEN/64/OD/017_Drusen.tif,DRUSEN-064,test,DRUSEN,drusen,OD,.tif,0.2731759548187256
DRUSEN/64/OD/018_Drusen.tif,DRUSEN-064,val,DRUSEN,drusen,OD,.tif,0.26804742217063904
DRUSEN/64/OD/019_Drusen.tif,DRUSEN-064,test,DRUSEN,drusen,OD,.tif,0.21565233170986176
DRUSEN/64/OD/020_Drusen.tif,DRUSEN-064,test,DRUSEN,drusen,OD,.tif,0.19075416028499603
DRUSEN/64/OD/021_Drusen.tif,DRUSEN-064,val,DRUSEN,drusen,OD,.tif,0.17755766212940216
DRUSEN/64/OD/022_Drusen.tif,DRUSEN-064,test,DRUSEN,drusen,OD,.tif,0.20626971125602722
DRUSEN/64/OD/023_Drusen.tif,DRUSEN-064,test,DRUSEN,drusen,OD,.tif,0.15934467315673828
DRUSEN/64/OD/024_Drusen.tif,DRUSEN-064,test,DRUSEN,drusen,OD,.tif,0.14732377231121063
DRUSEN/64/OD/025_Drusen.tif,DRUSEN-064,test,DRUSEN,drusen,OD,.tif,0.1631271094083786
DRUSEN/64/OD/026_Drusen.tif,DRUSEN-064,val,DRUSEN,drusen,OD,.tif,0.16135603189468384
DRUSEN/64/OD/027_Drusen.tif,DRUSEN-064,val,DRUSEN,drusen,OD,.tif,0.18867915868759155
DRUSEN/64/OD/028_Drusen.tif,DRUSEN-064,val,DRUSEN,drusen,OD,.tif,0.11634912341833115
DRUSEN/64/OD/029_Drusen.tif,DRUSEN-064,test,DRUSEN,drusen,OD,.tif,0.19070732593536377
DRUSEN/64/OD/030_Drusen.tif,DRUSEN-064,val,DRUSEN,drusen,OD,.tif,0.1305364966392517
DRUSEN/64/OS/000_Drusen.tif,DRUSEN-064,val,DRUSEN,drusen,OS,.tif,0.20369547605514526
DRUSEN/64/OS/001_Drusen.tif,DRUSEN-064,test,DRUSEN,drusen,OS,.tif,0.20454668998718262
DRUSEN/64/OS/002_Drusen.tif,DRUSEN-064,test,DRUSEN,drusen,OS,.tif,0.17318955063819885
DRUSEN/64/OS/003_Drusen.tif,DRUSEN-064,test,DRUSEN,drusen,OS,.tif,0.17409154772758484
DRUSEN/64/OS/004_Drusen.tif,DRUSEN-064,test,DRUSEN,drusen,OS,.tif,0.16113358736038208
DRUSEN/64/OS/005_Drusen.tif,DRUSEN-064,val,DRUSEN,drusen,OS,.tif,0.15883463621139526
DRUSEN/64/OS/006_Drusen.tif,DRUSEN-064,val,DRUSEN,drusen,OS,.tif,0.18586817383766174
DRUSEN/64/OS/007_Drusen.tif,DRUSEN-064,val,DRUSEN,drusen,OS,.tif,0.2288469672203064
DRUSEN/64/OS/008_Drusen.tif,DRUSEN-064,test,DRUSEN,drusen,OS,.tif,0.20527392625808716
DRUSEN/64/OS/009_Drusen.tif,DRUSEN-064,test,DRUSEN,drusen,OS,.tif,0.24371621012687683
DRUSEN/64/OS/010_Drusen.tif,DRUSEN-064,test,DRUSEN,drusen,OS,.tif,0.2244144231081009
DRUSEN/64/OS/011_Drusen.tif,DRUSEN-064,val,DRUSEN,drusen,OS,.tif,0.2518094480037689
DRUSEN/64/OS/012_Drusen.tif,DRUSEN-064,test,DRUSEN,drusen,OS,.tif,0.20808041095733643
DRUSEN/64/OS/013_Drusen.tif,DRUSEN-064,val,DRUSEN,drusen,OS,.tif,0.20603200793266296
DRUSEN/64/OS/014_Drusen.tif,DRUSEN-064,test,DRUSEN,drusen,OS,.tif,0.23776644468307495
DRUSEN/64/OS/015_Drusen.tif,DRUSEN-064,val,DRUSEN,drusen,OS,.tif,0.2988598346710205
DRUSEN/64/OS/016_Drusen.tif,DRUSEN-064,val,DRUSEN,drusen,OS,.tif,0.26701366901397705
DRUSEN/64/OS/017_Drusen.tif,DRUSEN-064,val,DRUSEN,drusen,OS,.tif,0.27369385957717896
DRUSEN/64/OS/018_Drusen.tif,DRUSEN-064,val,DRUSEN,drusen,OS,.tif,0.32210755348205566
DRUSEN/64/OS/019_Drusen.tif,DRUSEN-064,test,DRUSEN,drusen,OS,.tif,0.2850443422794342
DRUSEN/64/OS/020_Drusen.tif,DRUSEN-064,test,DRUSEN,drusen,OS,.tif,0.2439814805984497
DRUSEN/64/OS/021_Drusen.tif,DRUSEN-064,val,DRUSEN,drusen,OS,.tif,0.20159345865249634
DRUSEN/64/OS/022_Drusen.tif,DRUSEN-064,val,DRUSEN,drusen,OS,.tif,0.2176341414451599
DRUSEN/64/OS/023_Drusen.tif,DRUSEN-064,test,DRUSEN,drusen,OS,.tif,0.20358474552631378
DRUSEN/64/OS/024_Drusen.tif,DRUSEN-064,val,DRUSEN,drusen,OS,.tif,0.19613856077194214
DRUSEN/64/OS/025_Drusen.tif,DRUSEN-064,test,DRUSEN,drusen,OS,.tif,0.19077922403812408
DRUSEN/64/OS/026_Drusen.tif,DRUSEN-064,test,DRUSEN,drusen,OS,.tif,0.18357855081558228
DRUSEN/64/OS/027_Drusen.tif,DRUSEN-064,test,DRUSEN,drusen,OS,.tif,0.16153250634670258
DRUSEN/64/OS/028_Drusen.tif,DRUSEN-064,test,DRUSEN,drusen,OS,.tif,0.16693523526191711
DRUSEN/64/OS/029_Drusen.tif,DRUSEN-064,val,DRUSEN,drusen,OS,.tif,0.19661778211593628
DRUSEN/64/OS/030_Drusen.tif,DRUSEN-064,test,DRUSEN,drusen,OS,.tif,0.13265693187713623
DRUSEN/66/000_Normal.tif,DRUSEN-066,test,DRUSEN,normal,OS,.tif,0.16513249278068542
DRUSEN/66/001_Normal.tif,DRUSEN-066,test,DRUSEN,normal,OS,.tif,0.14875563979148865
DRUSEN/66/002_Normal.tif,DRUSEN-066,test,DRUSEN,normal,OS,.tif,0.09801175445318222
DRUSEN/66/003_Normal.tif,DRUSEN-066,test,DRUSEN,normal,OS,.tif,0.14174851775169373
DRUSEN/66/004_Normal.tif,DRUSEN-066,test,DRUSEN,normal,OS,.tif,0.12496930360794067
DRUSEN/66/005_Drusen.tif,DRUSEN-066,test,DRUSEN,drusen,OS,.tif,0.11708197742700577
DRUSEN/66/006_Drusen.tif,DRUSEN-066,test,DRUSEN,drusen,OS,.tif,0.1272132396697998
DRUSEN/66/007_Drusen.tif,DRUSEN-066,test,DRUSEN,drusen,OS,.tif,0.12906807661056519
DRUSEN/66/008_Drusen.tif,DRUSEN-066,test,DRUSEN,drusen,OS,.tif,0.12738782167434692
DRUSEN/66/009_Drusen.tif,DRUSEN-066,test,DRUSEN,drusen,OS,.tif,0.11859825998544693
DRUSEN/66/010_Drusen.tif,DRUSEN-066,val,DRUSEN,drusen,OS,.tif,0.1325952261686325
DRUSEN/66/011_Drusen.tif,DRUSEN-066,val,DRUSEN,drusen,OS,.tif,0.1344127058982849
DRUSEN/66/012_Drusen.tif,DRUSEN-066,val,DRUSEN,drusen,OS,.tif,0.11646973341703415
DRUSEN/66/013_Drusen.tif,DRUSEN-066,test,DRUSEN,drusen,OS,.tif,0.13361461460590363
DRUSEN/66/014_Drusen.tif,DRUSEN-066,val,DRUSEN,drusen,OS,.tif,0.11276040971279144
DRUSEN/66/015_Drusen.tif,DRUSEN-066,val,DRUSEN,drusen,OS,.tif,0.15751387178897858
DRUSEN/66/016_Drusen.tif,DRUSEN-066,val,DRUSEN,drusen,OS,.tif,0.10841743648052216
DRUSEN/66/017_Drusen.tif,DRUSEN-066,test,DRUSEN,drusen,OS,.tif,0.12458953261375427
DRUSEN/66/018_Drusen.tif,DRUSEN-066,test,DRUSEN,drusen,OS,.tif,0.08519353717565536
DRUSEN/66/019_Drusen.tif,DRUSEN-066,test,DRUSEN,drusen,OS,.tif,0.12931272387504578
DRUSEN/66/020_Drusen.tif,DRUSEN-066,test,DRUSEN,drusen,OS,.tif,0.09997434914112091
DRUSEN/66/021_Drusen.tif,DRUSEN-066,test,DRUSEN,drusen,OS,.tif,0.12172862887382507
DRUSEN/66/022_Drusen.tif,DRUSEN-066,test,DRUSEN,drusen,OS,.tif,0.1297941505908966
DRUSEN/66/023_Drusen.tif,DRUSEN-066,val,DRUSEN,drusen,OS,.tif,0.1212959885597229
DRUSEN/66/024_Drusen.tif,DRUSEN-066,test,DRUSEN,drusen,OS,.tif,0.1386687457561493
DRUSEN/66/025_Drusen.tif,DRUSEN-066,test,DRUSEN,drusen,OS,.tif,0.10877294093370438
DRUSEN/66/026_Drusen.tif,DRUSEN-066,val,DRUSEN,drusen,OS,.tif,0.14534565806388855
DRUSEN/66/027_Drusen.tif,DRUSEN-066,val,DRUSEN,drusen,OS,.tif,0.1318730115890503
DRUSEN/66/028_Drusen.tif,DRUSEN-066,test,DRUSEN,drusen,OS,.tif,0.12374994903802872
DRUSEN/66/029_Drusen.tif,DRUSEN-066,test,DRUSEN,drusen,OS,.tif,0.15247184038162231
DRUSEN/66/030_Drusen.tif,DRUSEN-066,val,DRUSEN,drusen,OS,.tif,0.16746345162391663
DRUSEN/67/000_Drusen.tif,DRUSEN-067,test,DRUSEN,drusen,OD,.tif,0.17080044746398926
DRUSEN/67/001_Drusen.tif,DRUSEN-067,test,DRUSEN,drusen,OD,.tif,0.17308714985847473
DRUSEN/67/002_Drusen.tif,DRUSEN-067,test,DRUSEN,drusen,OD,.tif,0.15837383270263672
DRUSEN/67/003_Drusen.tif,DRUSEN-067,test,DRUSEN,drusen,OD,.tif,0.14842438697814941
DRUSEN/67/004_Drusen.tif,DRUSEN-067,val,DRUSEN,drusen,OD,.tif,0.13091257214546204
DRUSEN/67/005_Drusen.tif,DRUSEN-067,val,DRUSEN,drusen,OD,.tif,0.16502127051353455
DRUSEN/67/006_Drusen.tif,DRUSEN-067,test,DRUSEN,drusen,OD,.tif,0.144651859998703
DRUSEN/67/007_Drusen.tif,DRUSEN-067,test,DRUSEN,drusen,OD,.tif,0.14126428961753845
DRUSEN/67/008_Drusen.tif,DRUSEN-067,val,DRUSEN,drusen,OD,.tif,0.16750666499137878
DRUSEN/67/009_Drusen.tif,DRUSEN-067,test,DRUSEN,drusen,OD,.tif,0.1412472128868103
DRUSEN/67/010_Drusen.tif,DRUSEN-067,val,DRUSEN,drusen,OD,.tif,0.14496226608753204
DRUSEN/67/011_Drusen.tif,DRUSEN-067,test,DRUSEN,drusen,OD,.tif,0.11618991196155548
DRUSEN/67/012_Drusen.tif,DRUSEN-067,test,DRUSEN,drusen,OD,.tif,0.15247228741645813
DRUSEN/67/013_Drusen.tif,DRUSEN-067,val,DRUSEN,drusen,OD,.tif,0.18481820821762085
DRUSEN/67/014_Drusen.tif,DRUSEN-067,val,DRUSEN,drusen,OD,.tif,0.17915351688861847
DRUSEN/67/015_Drusen.tif,DRUSEN-067,test,DRUSEN,drusen,OD,.tif,0.13245739042758942
DRUSEN/67/016_Drusen.tif,DRUSEN-067,test,DRUSEN,drusen,OD,.tif,0.15070068836212158
DRUSEN/67/017_Drusen.tif,DRUSEN-067,test,DRUSEN,drusen,OD,.tif,0.1534641832113266
DRUSEN/67/018_Drusen.tif,DRUSEN-067,test,DRUSEN,drusen,OD,.tif,0.14539527893066406
DRUSEN/67/019_Drusen.tif,DRUSEN-067,test,DRUSEN,drusen,OD,.tif,0.15632547438144684
DRUSEN/67/020_Drusen.tif,DRUSEN-067,test,DRUSEN,drusen,OD,.tif,0.13882236182689667
DRUSEN/67/021_Drusen.tif,DRUSEN-067,test,DRUSEN,drusen,OD,.tif,0.14602264761924744
DRUSEN/67/022_Drusen.tif,DRUSEN-067,val,DRUSEN,drusen,OD,.tif,0.14501336216926575
DRUSEN/67/023_Drusen.tif,DRUSEN-067,val,DRUSEN,drusen,OD,.tif,0.17121997475624084
DRUSEN/67/024_Drusen.tif,DRUSEN-067,test,DRUSEN,drusen,OD,.tif,0.1450345516204834
DRUSEN/67/025_Drusen.tif,DRUSEN-067,test,DRUSEN,drusen,OD,.tif,0.1318296194076538
DRUSEN/67/026_Drusen.tif,DRUSEN-067,test,DRUSEN,drusen,OD,.tif,0.1566128432750702
DRUSEN/67/027_Drusen.tif,DRUSEN-067,test,DRUSEN,drusen,OD,.tif,0.13223731517791748
DRUSEN/67/028_Drusen.tif,DRUSEN-067,val,DRUSEN,drusen,OD,.tif,0.12187425792217255
DRUSEN/67/029_Drusen.tif,DRUSEN-067,test,DRUSEN,drusen,OD,.tif,0.14585307240486145
DRUSEN/67/030_Drusen.tif,DRUSEN-067,val,DRUSEN,drusen,OD,.tif,0.14884787797927856
DRUSEN/68/000_Normal.tif,DRUSEN-068,test,DRUSEN,normal,OS,.tif,0.22451549768447876
DRUSEN/68/001_Normal.tif,DRUSEN-068,val,DRUSEN,normal,OS,.tif,0.17604361474514008
DRUSEN/68/002_Normal.tif,DRUSEN-068,test,DRUSEN,normal,OS,.tif,0.1457558274269104
DRUSEN/68/003_Normal.tif,DRUSEN-068,test,DRUSEN,normal,OS,.tif,0.135399729013443
DRUSEN/68/004_Normal.tif,DRUSEN-068,test,DRUSEN,normal,OS,.tif,0.15346255898475647
DRUSEN/68/005_Normal.tif,DRUSEN-068,test,DRUSEN,normal,OS,.tif,0.20801395177841187
DRUSEN/68/006_DRusen.tif,DRUSEN-068,val,DRUSEN,drusen,OS,.tif,0.1461968719959259
DRUSEN/68/007_DRusen.tif,DRUSEN-068,val,DRUSEN,drusen,OS,.tif,0.23245367407798767
DRUSEN/68/008_DRusen.tif,DRUSEN-068,test,DRUSEN,drusen,OS,.tif,0.21596503257751465
DRUSEN/68/009_DRusen.tif,DRUSEN-068,val,DRUSEN,drusen,OS,.tif,0.20286151766777039
DRUSEN/68/010_DRusen.tif,DRUSEN-068,test,DRUSEN,drusen,OS,.tif,0.1519911289215088
DRUSEN/68/011_DRusen.tif,DRUSEN-068,val,DRUSEN,drusen,OS,.tif,0.11362770944833755
DRUSEN/68/012_DRusen.tif,DRUSEN-068,test,DRUSEN,drusen,OS,.tif,0.14568781852722168
DRUSEN/68/013_DRusen.tif,DRUSEN-068,test,DRUSEN,drusen,OS,.tif,0.09914126992225647
DRUSEN/68/014_DRusen.tif,DRUSEN-068,test,DRUSEN,drusen,OS,.tif,0.11118387430906296
DRUSEN/68/015_DRusen.tif,DRUSEN-068,test,DRUSEN,drusen,OS,.tif,0.15996304154396057
DRUSEN/68/016_DRusen.tif,DRUSEN-068,test,DRUSEN,drusen,OS,.tif,0.13173410296440125
DRUSEN/68/017_DRusen.tif,DRUSEN-068,test,DRUSEN,drusen,OS,.tif,0.13076446950435638
DRUSEN/68/018_DRusen.tif,DRUSEN-068,test,DRUSEN,drusen,OS,.tif,0.15607279539108276
DRUSEN/68/019_DRusen.tif,DRUSEN-068,val,DRUSEN,drusen,OS,.tif,0.1796557754278183
DRUSEN/68/020_DRusen.tif,DRUSEN-068,test,DRUSEN,drusen,OS,.tif,0.1441173404455185
DRUSEN/68/021_Normal.tif,DRUSEN-068,test,DRUSEN,normal,OS,.tif,0.19830870628356934
DRUSEN/68/022_DRusen.tif,DRUSEN-068,test,DRUSEN,drusen,OS,.tif,0.13707637786865234
DRUSEN/68/023_Normal.tif,DRUSEN-068,val,DRUSEN,normal,OS,.tif,0.13404130935668945
DRUSEN/68/024_Normal.tif,DRUSEN-068,val,DRUSEN,normal,OS,.tif,0.17264500260353088
DRUSEN/68/025_DRusen.tif,DRUSEN-068,val,DRUSEN,drusen,OS,.tif,0.1605464071035385
DRUSEN/68/026_DRusen.tif,DRUSEN-068,test,DRUSEN,drusen,OS,.tif,0.13655786216259003
DRUSEN/68/027_DRusen.tif,DRUSEN-068,val,DRUSEN,drusen,OS,.tif,0.20707911252975464
DRUSEN/68/028_Normal.tif,DRUSEN-068,val,DRUSEN,normal,OS,.tif,0.179142028093338
DRUSEN/68/029_DRusen.tif,DRUSEN-068,val,DRUSEN,drusen,OS,.tif,0.17998626828193665
DRUSEN/68/030_Normal.tif,DRUSEN-068,test,DRUSEN,normal,OS,.tif,0.1525193750858307
DRUSEN/69/000_Normal.tif,DRUSEN-069,val,DRUSEN,normal,OD,.tif,0.19847339391708374
DRUSEN/69/001_Normal.tif,DRUSEN-069,test,DRUSEN,normal,OD,.tif,0.2440256029367447
DRUSEN/69/002_Normal.tif,DRUSEN-069,test,DRUSEN,normal,OD,.tif,0.23438623547554016
DRUSEN/69/003_Normal.tif,DRUSEN-069,test,DRUSEN,normal,OD,.tif,0.2011549472808838
DRUSEN/69/004_Normal.tif,DRUSEN-069,val,DRUSEN,normal,OD,.tif,0.18244890868663788
DRUSEN/69/005_Drusen.tif,DRUSEN-069,test,DRUSEN,drusen,OD,.tif,0.19693639874458313
DRUSEN/69/006_Drusen.tif,DRUSEN-069,test,DRUSEN,drusen,OD,.tif,0.18064844608306885
DRUSEN/69/007_Drusen.tif,DRUSEN-069,test,DRUSEN,drusen,OD,.tif,0.18431204557418823
DRUSEN/69/008_Drusen.tif,DRUSEN-069,val,DRUSEN,drusen,OD,.tif,0.14968973398208618
DRUSEN/69/009_Drusen.tif,DRUSEN-069,test,DRUSEN,drusen,OD,.tif,0.16766752302646637
DRUSEN/69/010_Drusen.tif,DRUSEN-069,val,DRUSEN,drusen,OD,.tif,0.19823381304740906
DRUSEN/69/011_Drusen.tif,DRUSEN-069,val,DRUSEN,drusen,OD,.tif,0.20528395473957062
DRUSEN/69/012_Drusen.tif,DRUSEN-069,test,DRUSEN,drusen,OD,.tif,0.21161699295043945
DRUSEN/69/013_Drusen.tif,DRUSEN-069,test,DRUSEN,drusen,OD,.tif,0.23552736639976501
DRUSEN/69/014_Drusen.tif,DRUSEN-069,test,DRUSEN,drusen,OD,.tif,0.2863122820854187
DRUSEN/69/015_Drusen.tif,DRUSEN-069,test,DRUSEN,drusen,OD,.tif,0.2955999970436096
DRUSEN/69/016_Drusen.tif,DRUSEN-069,val,DRUSEN,drusen,OD,.tif,0.27483850717544556
DRUSEN/69/017_Drusen.tif,DRUSEN-069,test,DRUSEN,drusen,OD,.tif,0.17494741082191467
DRUSEN/69/018_Drusen.tif,DRUSEN-069,val,DRUSEN,drusen,OD,.tif,0.20407769083976746
DRUSEN/69/019_Drusen.tif,DRUSEN-069,test,DRUSEN,drusen,OD,.tif,0.17618992924690247
DRUSEN/69/020_Drusen.tif,DRUSEN-069,test,DRUSEN,drusen,OD,.tif,0.16997116804122925
DRUSEN/69/021_Drusen.tif,DRUSEN-069,val,DRUSEN,drusen,OD,.tif,0.1640586405992508
DRUSEN/69/022_Drusen.tif,DRUSEN-069,val,DRUSEN,drusen,OD,.tif,0.17320379614830017
DRUSEN/69/023_Drusen.tif,DRUSEN-069,test,DRUSEN,drusen,OD,.tif,0.20194336771965027
DRUSEN/69/024_Drusen.tif,DRUSEN-069,test,DRUSEN,drusen,OD,.tif,0.19898869097232819
DRUSEN/69/025_Drusen.tif,DRUSEN-069,test,DRUSEN,drusen,OD,.tif,0.1980205476284027
DRUSEN/69/026_Drusen.tif,DRUSEN-069,val,DRUSEN,drusen,OD,.tif,0.15739238262176514
DRUSEN/69/027_Drusen.tif,DRUSEN-069,test,DRUSEN,drusen,OD,.tif,0.14539264142513275
DRUSEN/69/028_Drusen.tif,DRUSEN-069,test,DRUSEN,drusen,OD,.tif,0.1559831202030182
DRUSEN/69/029_Drusen.tif,DRUSEN-069,test,DRUSEN,drusen,OD,.tif,0.20543017983436584
DRUSEN/69/030_Drusen.tif,DRUSEN-069,val,DRUSEN,drusen,OD,.tif,0.20284800231456757
DRUSEN/70/000_Drusen.tif,DRUSEN-070,test,DRUSEN,drusen,OS,.tif,0.1472630500793457
DRUSEN/70/001_Drusen.tif,DRUSEN-070,test,DRUSEN,drusen,OS,.tif,0.1371111273765564
DRUSEN/70/002_Drusen.tif,DRUSEN-070,val,DRUSEN,drusen,OS,.tif,0.25175905227661133
DRUSEN/70/003_Drusen.tif,DRUSEN-070,test,DRUSEN,drusen,OS,.tif,0.1493176519870758
DRUSEN/70/004_Drusen.tif,DRUSEN-070,val,DRUSEN,drusen,OS,.tif,0.1236966922879219
DRUSEN/70/005_Drusen.tif,DRUSEN-070,test,DRUSEN,drusen,OS,.tif,0.11785577237606049
DRUSEN/70/006_Drusen.tif,DRUSEN-070,test,DRUSEN,drusen,OS,.tif,0.17054137587547302
DRUSEN/70/007_Drusen.tif,DRUSEN-070,test,DRUSEN,drusen,OS,.tif,0.15368877351284027
DRUSEN/70/008_Drusen.tif,DRUSEN-070,test,DRUSEN,drusen,OS,.tif,0.16982042789459229
DRUSEN/70/009_Drusen.tif,DRUSEN-070,val,DRUSEN,drusen,OS,.tif,0.1801377534866333
DRUSEN/70/010_Drusen.tif,DRUSEN-070,test,DRUSEN,drusen,OS,.tif,0.24691790342330933
DRUSEN/70/011_Drusen.tif,DRUSEN-070,test,DRUSEN,drusen,OS,.tif,0.2149261236190796
DRUSEN/70/012_Drusen.tif,DRUSEN-070,test,DRUSEN,drusen,OS,.tif,0.23356208205223083
DRUSEN/70/013_Drusen.tif,DRUSEN-070,test,DRUSEN,drusen,OS,.tif,0.22700196504592896
DRUSEN/70/014_Drusen.tif,DRUSEN-070,test,DRUSEN,drusen,OS,.tif,0.23192746937274933
DRUSEN/70/015_Drusen.tif,DRUSEN-070,test,DRUSEN,drusen,OS,.tif,0.1766846776008606
DRUSEN/70/016_Drusen.tif,DRUSEN-070,test,DRUSEN,drusen,OS,.tif,0.15469516813755035
DRUSEN/70/017_Drusen.tif,DRUSEN-070,val,DRUSEN,drusen,OS,.tif,0.1957513988018036
DRUSEN/70/018_Drusen.tif,DRUSEN-070,test,DRUSEN,drusen,OS,.tif,0.1954289674758911
DRUSEN/70/019_Drusen.tif,DRUSEN-070,test,DRUSEN,drusen,OS,.tif,0.19697749614715576
DRUSEN/70/020_Drusen.tif,DRUSEN-070,test,DRUSEN,drusen,OS,.tif,0.171168714761734
DRUSEN/70/021_Drusen.tif,DRUSEN-070,test,DRUSEN,drusen,OS,.tif,0.20699308812618256
DRUSEN/70/022_Drusen.tif,DRUSEN-070,val,DRUSEN,drusen,OS,.tif,0.23074792325496674
DRUSEN/70/023_Drusen.tif,DRUSEN-070,val,DRUSEN,drusen,OS,.tif,0.2721899747848511
DRUSEN/70/024_Drusen.tif,DRUSEN-070,val,DRUSEN,drusen,OS,.tif,0.23826070129871368
DRUSEN/71/OD/000_Drusen.tif,DRUSEN-071,val,DRUSEN,drusen,OD,.tif,0.15716974437236786
DRUSEN/71/OD/001_Drusen.tif,DRUSEN-071,val,DRUSEN,drusen,OD,.tif,0.13580788671970367
DRUSEN/71/OD/002_Drusen.tif,DRUSEN-071,val,DRUSEN,drusen,OD,.tif,0.13169893622398376
DRUSEN/71/OD/003_Drusen.tif,DRUSEN-071,val,DRUSEN,drusen,OD,.tif,0.1066785603761673
DRUSEN/71/OD/004_Drusen.tif,DRUSEN-071,test,DRUSEN,drusen,OD,.tif,0.1134275496006012
DRUSEN/71/OD/005_Drusen.tif,DRUSEN-071,test,DRUSEN,drusen,OD,.tif,0.0961574912071228
DRUSEN/71/OD/006_Drusen.tif,DRUSEN-071,val,DRUSEN,drusen,OD,.tif,0.13304568827152252
DRUSEN/71/OD/007_Drusen.tif,DRUSEN-071,test,DRUSEN,drusen,OD,.tif,0.1368672251701355
DRUSEN/71/OD/008_Drusen.tif,DRUSEN-071,val,DRUSEN,drusen,OD,.tif,0.15095072984695435
DRUSEN/71/OD/009_Drusen.tif,DRUSEN-071,val,DRUSEN,drusen,OD,.tif,0.13323695957660675
DRUSEN/71/OD/010_Drusen.tif,DRUSEN-071,test,DRUSEN,drusen,OD,.tif,0.17318013310432434
DRUSEN/71/OD/011_Normal.tif,DRUSEN-071,val,DRUSEN,normal,OD,.tif,0.15099824965000153
DRUSEN/71/OD/012_Normal.tif,DRUSEN-071,test,DRUSEN,normal,OD,.tif,0.1318696141242981
DRUSEN/71/OD/013_Drusen.tif,DRUSEN-071,val,DRUSEN,drusen,OD,.tif,0.15705813467502594
DRUSEN/71/OD/014_Drusen.tif,DRUSEN-071,test,DRUSEN,drusen,OD,.tif,0.18677595257759094
DRUSEN/71/OD/015_Drusen.tif,DRUSEN-071,test,DRUSEN,drusen,OD,.tif,0.20944444835186005
DRUSEN/71/OD/016_Drusen.tif,DRUSEN-071,test,DRUSEN,drusen,OD,.tif,0.1424182802438736
DRUSEN/71/OD/017_Drusen.tif,DRUSEN-071,val,DRUSEN,drusen,OD,.tif,0.15404334664344788
DRUSEN/71/OD/018_Drusen.tif,DRUSEN-071,test,DRUSEN,drusen,OD,.tif,0.15291310846805573
DRUSEN/71/OD/019_Drusen.tif,DRUSEN-071,test,DRUSEN,drusen,OD,.tif,0.17004281282424927
DRUSEN/71/OD/020_Drusen.tif,DRUSEN-071,test,DRUSEN,drusen,OD,.tif,0.15702983736991882
DRUSEN/71/OD/021_Drusen.tif,DRUSEN-071,val,DRUSEN,drusen,OD,.tif,0.1554044783115387
DRUSEN/71/OD/022_Drusen.tif,DRUSEN-071,val,DRUSEN,drusen,OD,.tif,0.14026963710784912
DRUSEN/71/OD/023_Drusen.tif,DRUSEN-071,test,DRUSEN,drusen,OD,.tif,0.1435929238796234
DRUSEN/71/OD/024_Drusen.tif,DRUSEN-071,test,DRUSEN,drusen,OD,.tif,0.16110944747924805
DRUSEN/71/OD/025_Drusen.tif,DRUSEN-071,test,DRUSEN,drusen,OD,.tif,0.13528302311897278
DRUSEN/71/OD/026_Drusen.tif,DRUSEN-071,val,DRUSEN,drusen,OD,.tif,0.16384224593639374
DRUSEN/71/OD/027_Drusen.tif,DRUSEN-071,val,DRUSEN,drusen,OD,.tif,0.13897712528705597
DRUSEN/71/OD/028_Drusen.tif,DRUSEN-071,test,DRUSEN,drusen,OD,.tif,0.17085686326026917
DRUSEN/71/OD/029_Drusen.tif,DRUSEN-071,val,DRUSEN,drusen,OD,.tif,0.16131871938705444
DRUSEN/71/OD/030_Drusen.tif,DRUSEN-071,test,DRUSEN,drusen,OD,.tif,0.1916082799434662
DRUSEN/71/OS/000_Drusen.tif,DRUSEN-071,val,DRUSEN,drusen,OS,.tif,0.21902821958065033
DRUSEN/71/OS/001_Drusen.tif,DRUSEN-071,test,DRUSEN,drusen,OS,.tif,0.148014634847641
DRUSEN/71/OS/002_Drusen.tif,DRUSEN-071,test,DRUSEN,drusen,OS,.tif,0.164032980799675
DRUSEN/71/OS/003_Drusen.tif,DRUSEN-071,test,DRUSEN,drusen,OS,.tif,0.11903943121433258
DRUSEN/71/OS/004_Drusen.tif,DRUSEN-071,test,DRUSEN,drusen,OS,.tif,0.10479395091533661
DRUSEN/71/OS/005_Drusen.tif,DRUSEN-071,test,DRUSEN,drusen,OS,.tif,0.09664934128522873
DRUSEN/71/OS/006_Drusen.tif,DRUSEN-071,test,DRUSEN,drusen,OS,.tif,0.11931739747524261
DRUSEN/71/OS/007_Drusen.tif,DRUSEN-071,test,DRUSEN,drusen,OS,.tif,0.10304971039295197
DRUSEN/71/OS/008_Drusen.tif,DRUSEN-071,test,DRUSEN,drusen,OS,.tif,0.1052931547164917
DRUSEN/71/OS/009_Drusen.tif,DRUSEN-071,test,DRUSEN,drusen,OS,.tif,0.14000599086284637
DRUSEN/71/OS/010_Drusen.tif,DRUSEN-071,test,DRUSEN,drusen,OS,.tif,0.10804395377635956
DRUSEN/71/OS/011_Drusen.tif,DRUSEN-071,test,DRUSEN,drusen,OS,.tif,0.10461322963237762
DRUSEN/71/OS/012_Drusen.tif,DRUSEN-071,test,DRUSEN,drusen,OS,.tif,0.11598827689886093
DRUSEN/71/OS/013_Drusen.tif,DRUSEN-071,val,DRUSEN,drusen,OS,.tif,0.09854179620742798
DRUSEN/71/OS/014_Drusen.tif,DRUSEN-071,val,DRUSEN,drusen,OS,.tif,0.15065515041351318
DRUSEN/71/OS/015_Normal.tif,DRUSEN-071,test,DRUSEN,normal,OS,.tif,0.16822892427444458
DRUSEN/71/OS/016_Drusen.tif,DRUSEN-071,val,DRUSEN,drusen,OS,.tif,0.1971849799156189
DRUSEN/71/OS/017_Drusen.tif,DRUSEN-071,val,DRUSEN,drusen,OS,.tif,0.17959734797477722
DRUSEN/71/OS/018_Drusen.tif,DRUSEN-071,test,DRUSEN,drusen,OS,.tif,0.18056342005729675
DRUSEN/71/OS/019_Drusen.tif,DRUSEN-071,test,DRUSEN,drusen,OS,.tif,0.15609243512153625
DRUSEN/71/OS/020_Drusen.tif,DRUSEN-071,test,DRUSEN,drusen,OS,.tif,0.2550034821033478
DRUSEN/71/OS/021_Drusen.tif,DRUSEN-071,test,DRUSEN,drusen,OS,.tif,0.23487523198127747
DRUSEN/71/OS/022_Drusen.tif,DRUSEN-071,test,DRUSEN,drusen,OS,.tif,0.20942382514476776
DRUSEN/71/OS/023_Drusen.tif,DRUSEN-071,test,DRUSEN,drusen,OS,.tif,0.18371938169002533
DRUSEN/71/OS/024_Drusen.tif,DRUSEN-071,test,DRUSEN,drusen,OS,.tif,0.16992253065109253
DRUSEN/71/OS/025_Drusen.tif,DRUSEN-071,test,DRUSEN,drusen,OS,.tif,0.14356595277786255
DRUSEN/71/OS/026_Drusen.tif,DRUSEN-071,test,DRUSEN,drusen,OS,.tif,0.11160260438919067
DRUSEN/71/OS/027_Drusen.tif,DRUSEN-071,test,DRUSEN,drusen,OS,.tif,0.18004384636878967
DRUSEN/71/OS/028_Drusen.tif,DRUSEN-071,test,DRUSEN,drusen,OS,.tif,0.18655982613563538
DRUSEN/71/OS/029_Drusen.tif,DRUSEN-071,val,DRUSEN,drusen,OS,.tif,0.15768790245056152
DRUSEN/71/OS/030_Drusen.tif,DRUSEN-071,test,DRUSEN,drusen,OS,.tif,0.2457958161830902
DRUSEN/72/000_Drusen.tif,DRUSEN-072,test,DRUSEN,drusen,OS,.tif,0.1691097915172577
DRUSEN/72/001_Drusen.tif,DRUSEN-072,val,DRUSEN,drusen,OS,.tif,0.14412209391593933
DRUSEN/72/002_Drusen.tif,DRUSEN-072,val,DRUSEN,drusen,OS,.tif,0.11092402040958405
DRUSEN/72/003_Drusen.tif,DRUSEN-072,test,DRUSEN,drusen,OS,.tif,0.12087522447109222
DRUSEN/72/004_Drusen.tif,DRUSEN-072,test,DRUSEN,drusen,OS,.tif,0.11901877075433731
DRUSEN/72/005_Drusen.tif,DRUSEN-072,test,DRUSEN,drusen,OS,.tif,0.17621180415153503
DRUSEN/72/006_Drusen.tif,DRUSEN-072,test,DRUSEN,drusen,OS,.tif,0.21292276680469513
DRUSEN/72/007_Drusen.tif,DRUSEN-072,test,DRUSEN,drusen,OS,.tif,0.1662694811820984
DRUSEN/72/008_Drusen.tif,DRUSEN-072,val,DRUSEN,drusen,OS,.tif,0.1939707100391388
DRUSEN/72/009_Drusen.tif,DRUSEN-072,test,DRUSEN,drusen,OS,.tif,0.2534940242767334
DRUSEN/72/010_Drusen.tif,DRUSEN-072,test,DRUSEN,drusen,OS,.tif,0.14354410767555237
DRUSEN/72/011_Drusen.tif,DRUSEN-072,test,DRUSEN,drusen,OS,.tif,0.17969295382499695
DRUSEN/72/012_Drusen.tif,DRUSEN-072,val,DRUSEN,drusen,OS,.tif,0.1691427081823349
DRUSEN/72/013_Drusen.tif,DRUSEN-072,val,DRUSEN,drusen,OS,.tif,0.1743762344121933
DRUSEN/72/014_Drusen.tif,DRUSEN-072,test,DRUSEN,drusen,OS,.tif,0.1546344757080078
DRUSEN/72/015_Drusen.tif,DRUSEN-072,test,DRUSEN,drusen,OS,.tif,0.12489617615938187
DRUSEN/72/016_Drusen.tif,DRUSEN-072,test,DRUSEN,drusen,OS,.tif,0.1650557518005371
DRUSEN/72/017_Drusen.tif,DRUSEN-072,test,DRUSEN,drusen,OS,.tif,0.14046932756900787
DRUSEN/72/018_Drusen.tif,DRUSEN-072,val,DRUSEN,drusen,OS,.tif,0.18822629749774933
DRUSEN/72/019_Drusen.tif,DRUSEN-072,test,DRUSEN,drusen,OS,.tif,0.18234890699386597
DRUSEN/72/020_Drusen.tif,DRUSEN-072,test,DRUSEN,drusen,OS,.tif,0.15511634945869446
DRUSEN/72/021_Drusen.tif,DRUSEN-072,test,DRUSEN,drusen,OS,.tif,0.18943409621715546
DRUSEN/72/022_Drusen.tif,DRUSEN-072,val,DRUSEN,drusen,OS,.tif,0.13462486863136292
DRUSEN/72/023_Drusen.tif,DRUSEN-072,val,DRUSEN,drusen,OS,.tif,0.173411026597023
DRUSEN/72/024_Drusen.tif,DRUSEN-072,val,DRUSEN,drusen,OS,.tif,0.14882344007492065
DRUSEN/73/000_Drusen.tif,DRUSEN-073,test,DRUSEN,drusen,OD,.tif,0.12283749878406525
DRUSEN/73/001_Drusen.tif,DRUSEN-073,val,DRUSEN,drusen,OD,.tif,0.13360704481601715
DRUSEN/73/002_Drusen.tif,DRUSEN-073,test,DRUSEN,drusen,OD,.tif,0.12843303382396698
DRUSEN/73/003_Drusen.tif,DRUSEN-073,val,DRUSEN,drusen,OD,.tif,0.10482434183359146
DRUSEN/73/004_Drusen.tif,DRUSEN-073,test,DRUSEN,drusen,OD,.tif,0.10806475579738617
DRUSEN/73/005_Drusen.tif,DRUSEN-073,val,DRUSEN,drusen,OD,.tif,0.12051498889923096
DRUSEN/73/006_Drusen.tif,DRUSEN-073,val,DRUSEN,drusen,OD,.tif,0.14848455786705017
DRUSEN/73/007_Drusen.tif,DRUSEN-073,val,DRUSEN,drusen,OD,.tif,0.15433725714683533
DRUSEN/73/008_Drusen.tif,DRUSEN-073,test,DRUSEN,drusen,OD,.tif,0.10727478563785553
DRUSEN/73/009_Drusen.tif,DRUSEN-073,val,DRUSEN,drusen,OD,.tif,0.13637232780456543
DRUSEN/73/010_Drusen.tif,DRUSEN-073,test,DRUSEN,drusen,OD,.tif,0.12091818451881409
DRUSEN/73/011_Drusen.tif,DRUSEN-073,test,DRUSEN,drusen,OD,.tif,0.12106533348560333
DRUSEN/73/012_Drusen.tif,DRUSEN-073,test,DRUSEN,drusen,OD,.tif,0.18137016892433167
DRUSEN/73/013_Drusen.tif,DRUSEN-073,val,DRUSEN,drusen,OD,.tif,0.16230255365371704
DRUSEN/73/014_Drusen.tif,DRUSEN-073,val,DRUSEN,drusen,OD,.tif,0.2276741862297058
DRUSEN/73/015_Drusen.tif,DRUSEN-073,val,DRUSEN,drusen,OD,.tif,0.26084333658218384
DRUSEN/73/016_Drusen.tif,DRUSEN-073,test,DRUSEN,drusen,OD,.tif,0.22253668308258057
DRUSEN/73/017_Drusen.tif,DRUSEN-073,test,DRUSEN,drusen,OD,.tif,0.15344463288784027
DRUSEN/73/018_Drusen.tif,DRUSEN-073,test,DRUSEN,drusen,OD,.tif,0.15460464358329773
DRUSEN/73/019_Drusen.tif,DRUSEN-073,val,DRUSEN,drusen,OD,.tif,0.16529417037963867
DRUSEN/73/020_Drusen.tif,DRUSEN-073,test,DRUSEN,drusen,OD,.tif,0.17662686109542847
DRUSEN/73/021_Drusen.tif,DRUSEN-073,test,DRUSEN,drusen,OD,.tif,0.1255229413509369
DRUSEN/73/022_Drusen.tif,DRUSEN-073,val,DRUSEN,drusen,OD,.tif,0.12011124193668365
DRUSEN/73/023_Drusen.tif,DRUSEN-073,test,DRUSEN,drusen,OD,.tif,0.13110478222370148
DRUSEN/73/024_Drusen.tif,DRUSEN-073,test,DRUSEN,drusen,OD,.tif,0.12984119355678558
DRUSEN/73/025_Drusen.tif,DRUSEN-073,test,DRUSEN,drusen,OD,.tif,0.13172215223312378
DRUSEN/73/026_Drusen.tif,DRUSEN-073,test,DRUSEN,drusen,OD,.tif,0.14182543754577637
DRUSEN/73/027_Drusen.tif,DRUSEN-073,test,DRUSEN,drusen,OD,.tif,0.11905839294195175
DRUSEN/73/028_Drusen.tif,DRUSEN-073,val,DRUSEN,drusen,OD,.tif,0.10139621049165726
DRUSEN/73/029_Drusen.tif,DRUSEN-073,test,DRUSEN,drusen,OD,.tif,0.12424670904874802
DRUSEN/73/030_Drusen.tif,DRUSEN-073,val,DRUSEN,drusen,OD,.tif,0.15421682596206665
DRUSEN/74/000_Drusen.tif,DRUSEN-074,val,DRUSEN,drusen,OD,.tif,0.1740148365497589
DRUSEN/74/001_Drusen.tif,DRUSEN-074,test,DRUSEN,drusen,OD,.tif,0.1544814556837082
DRUSEN/74/002_Drusen.tif,DRUSEN-074,test,DRUSEN,drusen,OD,.tif,0.12489865720272064
DRUSEN/74/003_Drusen.tif,DRUSEN-074,test,DRUSEN,drusen,OD,.tif,0.15916131436824799
DRUSEN/74/004_Drusen.tif,DRUSEN-074,test,DRUSEN,drusen,OD,.tif,0.1580168604850769
DRUSEN/74/005_Drusen.tif,DRUSEN-074,val,DRUSEN,drusen,OD,.tif,0.120796337723732
DRUSEN/74/006_Drusen.tif,DRUSEN-074,test,DRUSEN,drusen,OD,.tif,0.15249872207641602
DRUSEN/74/007_Drusen.tif,DRUSEN-074,test,DRUSEN,drusen,OD,.tif,0.13907021284103394
DRUSEN/74/008_Drusen.tif,DRUSEN-074,val,DRUSEN,drusen,OD,.tif,0.13354454934597015
DRUSEN/74/009_Drusen.tif,DRUSEN-074,test,DRUSEN,drusen,OD,.tif,0.12260962277650833
DRUSEN/74/010_Drusen.tif,DRUSEN-074,val,DRUSEN,drusen,OD,.tif,0.1270160675048828
DRUSEN/74/011_Drusen.tif,DRUSEN-074,val,DRUSEN,drusen,OD,.tif,0.14353609085083008
DRUSEN/74/012_Drusen.tif,DRUSEN-074,val,DRUSEN,drusen,OD,.tif,0.18436495959758759
DRUSEN/74/013_Drusen.tif,DRUSEN-074,test,DRUSEN,drusen,OD,.tif,0.23291917145252228
DRUSEN/74/014_Drusen.tif,DRUSEN-074,test,DRUSEN,drusen,OD,.tif,0.25516170263290405
DRUSEN/74/015_Drusen.tif,DRUSEN-074,val,DRUSEN,drusen,OD,.tif,0.3381398022174835
DRUSEN/74/016_Drusen.tif,DRUSEN-074,test,DRUSEN,drusen,OD,.tif,0.360726535320282
DRUSEN/74/017_Drusen.tif,DRUSEN-074,val,DRUSEN,drusen,OD,.tif,0.3382794260978699
DRUSEN/74/018_Drusen.tif,DRUSEN-074,val,DRUSEN,drusen,OD,.tif,0.2302081286907196
DRUSEN/74/019_Drusen.tif,DRUSEN-074,test,DRUSEN,drusen,OD,.tif,0.20313748717308044
DRUSEN/74/020_Drusen.tif,DRUSEN-074,test,DRUSEN,drusen,OD,.tif,0.19801065325737
DRUSEN/74/021_Drusen.tif,DRUSEN-074,test,DRUSEN,drusen,OD,.tif,0.1845710575580597
DRUSEN/74/022_Drusen.tif,DRUSEN-074,val,DRUSEN,drusen,OD,.tif,0.19142772257328033
DRUSEN/74/023_Drusen.tif,DRUSEN-074,test,DRUSEN,drusen,OD,.tif,0.15258172154426575
DRUSEN/74/024_Drusen.tif,DRUSEN-074,test,DRUSEN,drusen,OD,.tif,0.1476929783821106
DRUSEN/74/025_Drusen.tif,DRUSEN-074,test,DRUSEN,drusen,OD,.tif,0.14535827934741974
DRUSEN/74/026_Drusen.tif,DRUSEN-074,val,DRUSEN,drusen,OD,.tif,0.1120557188987732
DRUSEN/74/027_Drusen.tif,DRUSEN-074,test,DRUSEN,drusen,OD,.tif,0.12648901343345642
DRUSEN/74/028_Drusen.tif,DRUSEN-074,test,DRUSEN,drusen,OD,.tif,0.13012714684009552
DRUSEN/74/029_Drusen.tif,DRUSEN-074,test,DRUSEN,drusen,OD,.tif,0.19144511222839355
DRUSEN/74/030_Drusen.tif,DRUSEN-074,test,DRUSEN,drusen,OD,.tif,0.186454176902771
DRUSEN/75/000_Drusen.tif,DRUSEN-075,val,DRUSEN,drusen,OD,.tif,0.16644327342510223
DRUSEN/75/001_Drusen.tif,DRUSEN-075,test,DRUSEN,drusen,OD,.tif,0.1347186416387558
DRUSEN/75/002_Drusen.tif,DRUSEN-075,test,DRUSEN,drusen,OD,.tif,0.1219094842672348
DRUSEN/75/003_Drusen.tif,DRUSEN-075,test,DRUSEN,drusen,OD,.tif,0.13258442282676697
DRUSEN/75/004_Drusen.tif,DRUSEN-075,test,DRUSEN,drusen,OD,.tif,0.11163672059774399
DRUSEN/75/005_Drusen.tif,DRUSEN-075,val,DRUSEN,drusen,OD,.tif,0.12388824671506882
DRUSEN/75/006_Drusen.tif,DRUSEN-075,test,DRUSEN,drusen,OD,.tif,0.13577161729335785
DRUSEN/75/007_Drusen.tif,DRUSEN-075,test,DRUSEN,drusen,OD,.tif,0.11948142945766449
DRUSEN/75/008_Drusen.tif,DRUSEN-075,val,DRUSEN,drusen,OD,.tif,0.11508891731500626
DRUSEN/75/009_Drusen.tif,DRUSEN-075,test,DRUSEN,drusen,OD,.tif,0.11460184305906296
DRUSEN/75/010_Drusen.tif,DRUSEN-075,val,DRUSEN,drusen,OD,.tif,0.11058351397514343
DRUSEN/75/011_Drusen.tif,DRUSEN-075,test,DRUSEN,drusen,OD,.tif,0.13283686339855194
DRUSEN/75/012_Drusen.tif,DRUSEN-075,test,DRUSEN,drusen,OD,.tif,0.16971512138843536
DRUSEN/75/013_Drusen.tif,DRUSEN-075,val,DRUSEN,drusen,OD,.tif,0.22551840543746948
DRUSEN/75/014_Drusen.tif,DRUSEN-075,val,DRUSEN,drusen,OD,.tif,0.2649652361869812
DRUSEN/75/015_Drusen.tif,DRUSEN-075,test,DRUSEN,drusen,OD,.tif,0.2952133119106293
DRUSEN/75/016_Drusen.tif,DRUSEN-075,val,DRUSEN,drusen,OD,.tif,0.3113167881965637
DRUSEN/75/017_Drusen.tif,DRUSEN-075,test,DRUSEN,drusen,OD,.tif,0.25943419337272644
DRUSEN/75/018_Drusen.tif,DRUSEN-075,test,DRUSEN,drusen,OD,.tif,0.260646790266037
DRUSEN/75/019_Drusen.tif,DRUSEN-075,test,DRUSEN,drusen,OD,.tif,0.21127726137638092
DRUSEN/75/020_Drusen.tif,DRUSEN-075,test,DRUSEN,drusen,OD,.tif,0.15892601013183594
DRUSEN/75/021_Drusen.tif,DRUSEN-075,test,DRUSEN,drusen,OD,.tif,0.16255171597003937
DRUSEN/75/022_Drusen.tif,DRUSEN-075,val,DRUSEN,drusen,OD,.tif,0.22370822727680206
DRUSEN/75/023_Drusen.tif,DRUSEN-075,test,DRUSEN,drusen,OD,.tif,0.1565159261226654
DRUSEN/75/024_Drusen.tif,DRUSEN-075,val,DRUSEN,drusen,OD,.tif,0.15774652361869812
DRUSEN/75/025_Drusen.tif,DRUSEN-075,test,DRUSEN,drusen,OD,.tif,0.15969952940940857
DRUSEN/75/026_Drusen.tif,DRUSEN-075,val,DRUSEN,drusen,OD,.tif,0.12010805308818817
DRUSEN/75/027_Drusen.tif,DRUSEN-075,test,DRUSEN,drusen,OD,.tif,0.12302067875862122
DRUSEN/75/028_Drusen.tif,DRUSEN-075,test,DRUSEN,drusen,OD,.tif,0.10255607962608337
DRUSEN/75/029_Drusen.tif,DRUSEN-075,test,DRUSEN,drusen,OD,.tif,0.13635656237602234
DRUSEN/75/030_Drusen.tif,DRUSEN-075,test,DRUSEN,drusen,OD,.tif,0.16387039422988892
DRUSEN/76/000_Drusen.tif,DRUSEN-076,val,DRUSEN,drusen,OS,.tif,0.14791002869606018
DRUSEN/76/001_Drusen.tif,DRUSEN-076,test,DRUSEN,drusen,OS,.tif,0.14939311146736145
DRUSEN/76/002_Drusen.tif,DRUSEN-076,val,DRUSEN,drusen,OS,.tif,0.18695563077926636
DRUSEN/76/003_Drusen.tif,DRUSEN-076,test,DRUSEN,drusen,OS,.tif,0.15516716241836548
DRUSEN/76/004_Drusen.tif,DRUSEN-076,val,DRUSEN,drusen,OS,.tif,0.15320530533790588
DRUSEN/76/005_Drusen.tif,DRUSEN-076,test,DRUSEN,drusen,OS,.tif,0.15126915276050568
DRUSEN/76/006_Drusen.tif,DRUSEN-076,test,DRUSEN,drusen,OS,.tif,0.1232348307967186
DRUSEN/76/007_Drusen.tif,DRUSEN-076,val,DRUSEN,drusen,OS,.tif,0.12385775148868561
DRUSEN/76/008_Drusen.tif,DRUSEN-076,test,DRUSEN,drusen,OS,.tif,0.11747153103351593
DRUSEN/76/009_Drusen.tif,DRUSEN-076,test,DRUSEN,drusen,OS,.tif,0.14526128768920898
DRUSEN/76/010_Drusen.tif,DRUSEN-076,test,DRUSEN,drusen,OS,.tif,0.18721911311149597
DRUSEN/76/011_Drusen.tif,DRUSEN-076,test,DRUSEN,drusen,OS,.tif,0.16443240642547607
DRUSEN/76/012_Drusen.tif,DRUSEN-076,test,DRUSEN,drusen,OS,.tif,0.23406848311424255
DRUSEN/76/013_Drusen.tif,DRUSEN-076,test,DRUSEN,drusen,OS,.tif,0.25846678018569946
DRUSEN/76/014_Drusen.tif,DRUSEN-076,test,DRUSEN,drusen,OS,.tif,0.2733537554740906
DRUSEN/76/015_Drusen.tif,DRUSEN-076,test,DRUSEN,drusen,OS,.tif,0.3138866424560547
DRUSEN/76/016_Drusen.tif,DRUSEN-076,test,DRUSEN,drusen,OS,.tif,0.33464765548706055
DRUSEN/76/017_Drusen.tif,DRUSEN-076,test,DRUSEN,drusen,OS,.tif,0.2765292823314667
DRUSEN/76/018_Drusen.tif,DRUSEN-076,test,DRUSEN,drusen,OS,.tif,0.21217602491378784
DRUSEN/76/019_Drusen.tif,DRUSEN-076,test,DRUSEN,drusen,OS,.tif,0.2596825063228607
DRUSEN/76/020_Drusen.tif,DRUSEN-076,test,DRUSEN,drusen,OS,.tif,0.14934957027435303
DRUSEN/76/021_Drusen.tif,DRUSEN-076,val,DRUSEN,drusen,OS,.tif,0.17199601233005524
DRUSEN/76/022_Drusen.tif,DRUSEN-076,val,DRUSEN,drusen,OS,.tif,0.15375494956970215
DRUSEN/76/023_Drusen.tif,DRUSEN-076,test,DRUSEN,drusen,OS,.tif,0.12375940382480621
DRUSEN/76/024_Drusen.tif,DRUSEN-076,test,DRUSEN,drusen,OS,.tif,0.14090953767299652
DRUSEN/76/025_Drusen.tif,DRUSEN-076,val,DRUSEN,drusen,OS,.tif,0.16319304704666138
DRUSEN/76/026_Drusen.tif,DRUSEN-076,val,DRUSEN,drusen,OS,.tif,0.16210705041885376
DRUSEN/76/027_Drusen.tif,DRUSEN-076,test,DRUSEN,drusen,OS,.tif,0.198330357670784
DRUSEN/76/028_Drusen.tif,DRUSEN-076,test,DRUSEN,drusen,OS,.tif,0.17261207103729248
DRUSEN/76/029_Drusen.tif,DRUSEN-076,test,DRUSEN,drusen,OS,.tif,0.2566046714782715
DRUSEN/76/030_Drusen.tif,DRUSEN-076,test,DRUSEN,drusen,OS,.tif,0.1901136189699173
DRUSEN/77/000_Normal.tif,DRUSEN-077,test,DRUSEN,normal,OD,.tif,0.20024242997169495
DRUSEN/77/001_Normal.tif,DRUSEN-077,val,DRUSEN,normal,OD,.tif,0.19105759263038635
DRUSEN/77/002_Normal.tif,DRUSEN-077,val,DRUSEN,normal,OD,.tif,0.19339320063591003
DRUSEN/77/003_Normal.tif,DRUSEN-077,test,DRUSEN,normal,OD,.tif,0.17665639519691467
DRUSEN/77/004_Normal.tif,DRUSEN-077,test,DRUSEN,normal,OD,.tif,0.19234877824783325
DRUSEN/77/005_Normal.tif,DRUSEN-077,test,DRUSEN,normal,OD,.tif,0.2564763128757477
DRUSEN/77/006_Normal.tif,DRUSEN-077,test,DRUSEN,normal,OD,.tif,0.2691488564014435
DRUSEN/77/007_Normal.tif,DRUSEN-077,test,DRUSEN,normal,OD,.tif,0.23404181003570557
DRUSEN/77/008_Normal.tif,DRUSEN-077,test,DRUSEN,normal,OD,.tif,0.19914638996124268
DRUSEN/77/009_Drusen.tif,DRUSEN-077,test,DRUSEN,drusen,OD,.tif,0.16344259679317474
DRUSEN/77/010_Drusen.tif,DRUSEN-077,val,DRUSEN,drusen,OD,.tif,0.1785961538553238
DRUSEN/77/011_Drusen.tif,DRUSEN-077,test,DRUSEN,drusen,OD,.tif,0.17204603552818298
DRUSEN/77/012_Drusen.tif,DRUSEN-077,test,DRUSEN,drusen,OD,.tif,0.18151511251926422
DRUSEN/77/013_Drusen.tif,DRUSEN-077,test,DRUSEN,drusen,OD,.tif,0.21307048201560974
DRUSEN/77/014_Drusen.tif,DRUSEN-077,test,DRUSEN,drusen,OD,.tif,0.2406158447265625
DRUSEN/77/015_Drusen.tif,DRUSEN-077,test,DRUSEN,drusen,OD,.tif,0.3074585795402527
DRUSEN/77/016_Drusen.tif,DRUSEN-077,test,DRUSEN,drusen,OD,.tif,0.29314473271369934
DRUSEN/77/017_Drusen.tif,DRUSEN-077,test,DRUSEN,drusen,OD,.tif,0.2690255045890808
DRUSEN/77/018_Drusen.tif,DRUSEN-077,test,DRUSEN,drusen,OD,.tif,0.20254047214984894
DRUSEN/77/019_Drusen.tif,DRUSEN-077,test,DRUSEN,drusen,OD,.tif,0.1976165920495987
DRUSEN/77/020_Drusen.tif,DRUSEN-077,test,DRUSEN,drusen,OD,.tif,0.20411333441734314
DRUSEN/77/021_Drusen.tif,DRUSEN-077,test,DRUSEN,drusen,OD,.tif,0.17621277272701263
DRUSEN/77/022_Drusen.tif,DRUSEN-077,val,DRUSEN,drusen,OD,.tif,0.17906999588012695
DRUSEN/77/023_Drusen.tif,DRUSEN-077,val,DRUSEN,drusen,OD,.tif,0.21584005653858185
DRUSEN/77/024_Drusen.tif,DRUSEN-077,test,DRUSEN,drusen,OD,.tif,0.20018979907035828
DRUSEN/77/025_Drusen.tif,DRUSEN-077,test,DRUSEN,drusen,OD,.tif,0.1816142350435257
DRUSEN/77/026_Drusen.tif,DRUSEN-077,test,DRUSEN,drusen,OD,.tif,0.15202480554580688
DRUSEN/77/027_Drusen.tif,DRUSEN-077,test,DRUSEN,drusen,OD,.tif,0.1343996524810791
DRUSEN/77/028_Drusen.tif,DRUSEN-077,test,DRUSEN,drusen,OD,.tif,0.15327414870262146
DRUSEN/77/029_Drusen.tif,DRUSEN-077,val,DRUSEN,drusen,OD,.tif,0.17562507092952728
DRUSEN/77/030_Normal.tif,DRUSEN-077,test,DRUSEN,normal,OD,.tif,0.1800333559513092
DRUSEN/79/000_Drusen.tif,DRUSEN-079,val,DRUSEN,drusen,OD,.tif,0.1650104522705078
DRUSEN/79/001_Drusen.tif,DRUSEN-079,val,DRUSEN,drusen,OD,.tif,0.18323098123073578
DRUSEN/79/002_Drusen.tif,DRUSEN-079,test,DRUSEN,drusen,OD,.tif,0.16539829969406128
DRUSEN/79/003_Drusen.tif,DRUSEN-079,test,DRUSEN,drusen,OD,.tif,0.14127537608146667
DRUSEN/79/004_Drusen.tif,DRUSEN-079,test,DRUSEN,drusen,OD,.tif,0.1513907015323639
DRUSEN/79/005_Drusen.tif,DRUSEN-079,val,DRUSEN,drusen,OD,.tif,0.14072184264659882
DRUSEN/79/006_Drusen.tif,DRUSEN-079,test,DRUSEN,drusen,OD,.tif,0.1359221488237381
DRUSEN/79/007_Drusen.tif,DRUSEN-079,test,DRUSEN,drusen,OD,.tif,0.1517179012298584
DRUSEN/79/008_Drusen.tif,DRUSEN-079,val,DRUSEN,drusen,OD,.tif,0.18908721208572388
DRUSEN/79/009_Drusen.tif,DRUSEN-079,test,DRUSEN,drusen,OD,.tif,0.14766621589660645
DRUSEN/79/010_Drusen.tif,DRUSEN-079,val,DRUSEN,drusen,OD,.tif,0.12959012389183044
DRUSEN/79/011_Drusen.tif,DRUSEN-079,test,DRUSEN,drusen,OD,.tif,0.14984959363937378
DRUSEN/79/012_Drusen.tif,DRUSEN-079,test,DRUSEN,drusen,OD,.tif,0.17125090956687927
DRUSEN/79/013_Drusen.tif,DRUSEN-079,test,DRUSEN,drusen,OD,.tif,0.19990766048431396
DRUSEN/79/014_Drusen.tif,DRUSEN-079,test,DRUSEN,drusen,OD,.tif,0.2273484319448471
DRUSEN/79/015_Drusen.tif,DRUSEN-079,val,DRUSEN,drusen,OD,.tif,0.1621440052986145
DRUSEN/79/016_Drusen.tif,DRUSEN-079,val,DRUSEN,drusen,OD,.tif,0.1700131744146347
DRUSEN/79/017_Drusen.tif,DRUSEN-079,val,DRUSEN,drusen,OD,.tif,0.15266017615795135
DRUSEN/79/018_Drusen.tif,DRUSEN-079,test,DRUSEN,drusen,OD,.tif,0.15179899334907532
DRUSEN/79/019_Drusen.tif,DRUSEN-079,val,DRUSEN,drusen,OD,.tif,0.16073498129844666
DRUSEN/79/020_Drusen.tif,DRUSEN-079,test,DRUSEN,drusen,OD,.tif,0.16048310697078705
DRUSEN/79/021_Drusen.tif,DRUSEN-079,test,DRUSEN,drusen,OD,.tif,0.1345711052417755
DRUSEN/79/022_Drusen.tif,DRUSEN-079,test,DRUSEN,drusen,OD,.tif,0.12223783135414124
DRUSEN/79/023_Drusen.tif,DRUSEN-079,test,DRUSEN,drusen,OD,.tif,0.15201517939567566
DRUSEN/79/024_Drusen.tif,DRUSEN-079,test,DRUSEN,drusen,OD,.tif,0.14905884861946106
DRUSEN/79/025_Drusen.tif,DRUSEN-079,test,DRUSEN,drusen,OD,.tif,0.16109561920166016
DRUSEN/79/026_Drusen.tif,DRUSEN-079,val,DRUSEN,drusen,OD,.tif,0.18785227835178375
DRUSEN/79/027_Drusen.tif,DRUSEN-079,test,DRUSEN,drusen,OD,.tif,0.2157096564769745
DRUSEN/79/028_Drusen.tif,DRUSEN-079,val,DRUSEN,drusen,OD,.tif,0.2035583108663559
DRUSEN/79/029_Drusen.tif,DRUSEN-079,test,DRUSEN,drusen,OD,.tif,0.20617292821407318
DRUSEN/79/030_Drusen.tif,DRUSEN-079,val,DRUSEN,drusen,OD,.tif,0.18857821822166443
DRUSEN/80/000_Drusen.tif,DRUSEN-080,test,DRUSEN,drusen,OD,.tif,0.23948092758655548
DRUSEN/80/001_Drusen.tif,DRUSEN-080,test,DRUSEN,drusen,OD,.tif,0.2214266061782837
DRUSEN/80/002_Drusen.tif,DRUSEN-080,test,DRUSEN,drusen,OD,.tif,0.16218429803848267
DRUSEN/80/003_Drusen.tif,DRUSEN-080,test,DRUSEN,drusen,OD,.tif,0.21282456815242767
DRUSEN/80/004_Drusen.tif,DRUSEN-080,val,DRUSEN,drusen,OD,.tif,0.19124487042427063
DRUSEN/80/005_Drusen.tif,DRUSEN-080,test,DRUSEN,drusen,OD,.tif,0.22302724421024323
DRUSEN/80/006_Drusen.tif,DRUSEN-080,test,DRUSEN,drusen,OD,.tif,0.19980624318122864
DRUSEN/80/007_Drusen.tif,DRUSEN-080,test,DRUSEN,drusen,OD,.tif,0.1704031527042389
DRUSEN/80/008_Drusen.tif,DRUSEN-080,test,DRUSEN,drusen,OD,.tif,0.16143350303173065
DRUSEN/80/009_Drusen.tif,DRUSEN-080,test,DRUSEN,drusen,OD,.tif,0.1662209928035736
DRUSEN/80/010_Drusen.tif,DRUSEN-080,val,DRUSEN,drusen,OD,.tif,0.19743698835372925
DRUSEN/80/011_Drusen.tif,DRUSEN-080,val,DRUSEN,drusen,OD,.tif,0.19492363929748535
DRUSEN/80/012_Drusen.tif,DRUSEN-080,test,DRUSEN,drusen,OD,.tif,0.23900392651557922
DRUSEN/80/013_Drusen.tif,DRUSEN-080,test,DRUSEN,drusen,OD,.tif,0.2939069867134094
DRUSEN/80/014_Drusen.tif,DRUSEN-080,test,DRUSEN,drusen,OD,.tif,0.27045679092407227
DRUSEN/80/015_Drusen.tif,DRUSEN-080,test,DRUSEN,drusen,OD,.tif,0.22317177057266235
DRUSEN/80/016_Drusen.tif,DRUSEN-080,test,DRUSEN,drusen,OD,.tif,0.18531513214111328
DRUSEN/80/017_Drusen.tif,DRUSEN-080,test,DRUSEN,drusen,OD,.tif,0.2305915355682373
DRUSEN/80/018_Drusen.tif,DRUSEN-080,test,DRUSEN,drusen,OD,.tif,0.2164423167705536
DRUSEN/80/019_Drusen.tif,DRUSEN-080,val,DRUSEN,drusen,OD,.tif,0.18022537231445312
DRUSEN/80/020_Drusen.tif,DRUSEN-080,val,DRUSEN,drusen,OD,.tif,0.2188948094844818
DRUSEN/80/021_Drusen.tif,DRUSEN-080,test,DRUSEN,drusen,OD,.tif,0.20461592078208923
DRUSEN/80/022_Drusen.tif,DRUSEN-080,test,DRUSEN,drusen,OD,.tif,0.21856215596199036
DRUSEN/80/023_Drusen.tif,DRUSEN-080,test,DRUSEN,drusen,OD,.tif,0.1994898021221161
DRUSEN/80/024_Drusen.tif,DRUSEN-080,test,DRUSEN,drusen,OD,.tif,0.18403193354606628
DRUSEN/80/025_Drusen.tif,DRUSEN-080,test,DRUSEN,drusen,OD,.tif,0.1420682966709137
DRUSEN/80/026_Drusen.tif,DRUSEN-080,test,DRUSEN,drusen,OD,.tif,0.15016470849514008
DRUSEN/80/027_Drusen.tif,DRUSEN-080,test,DRUSEN,drusen,OD,.tif,0.15085327625274658
DRUSEN/80/028_Drusen.tif,DRUSEN-080,test,DRUSEN,drusen,OD,.tif,0.19143497943878174
DRUSEN/80/029_Drusen.tif,DRUSEN-080,val,DRUSEN,drusen,OD,.tif,0.20680809020996094
DRUSEN/80/030_Drusen.tif,DRUSEN-080,test,DRUSEN,drusen,OD,.tif,0.15575137734413147
DRUSEN/81/000_Drusen.tif,DRUSEN-081,val,DRUSEN,drusen,OS,.tif,0.12214481830596924
DRUSEN/81/001_Drusen.tif,DRUSEN-081,test,DRUSEN,drusen,OS,.tif,0.12942999601364136
DRUSEN/81/002_Drusen.tif,DRUSEN-081,test,DRUSEN,drusen,OS,.tif,0.13363976776599884
DRUSEN/81/003_Drusen.tif,DRUSEN-081,test,DRUSEN,drusen,OS,.tif,0.1608031690120697
DRUSEN/81/004_Drusen.tif,DRUSEN-081,val,DRUSEN,drusen,OS,.tif,0.11989586055278778
DRUSEN/81/005_Drusen.tif,DRUSEN-081,val,DRUSEN,drusen,OS,.tif,0.12956562638282776
DRUSEN/81/006_Drusen.tif,DRUSEN-081,test,DRUSEN,drusen,OS,.tif,0.12743666768074036
DRUSEN/81/007_Drusen.tif,DRUSEN-081,test,DRUSEN,drusen,OS,.tif,0.18247464299201965
DRUSEN/81/008_Drusen.tif,DRUSEN-081,val,DRUSEN,drusen,OS,.tif,0.16890084743499756
DRUSEN/81/009_Drusen.tif,DRUSEN-081,val,DRUSEN,drusen,OS,.tif,0.16455510258674622
DRUSEN/81/010_Drusen.tif,DRUSEN-081,val,DRUSEN,drusen,OS,.tif,0.20444530248641968
DRUSEN/81/011_Drusen.tif,DRUSEN-081,test,DRUSEN,drusen,OS,.tif,0.20008963346481323
DRUSEN/81/012_Drusen.tif,DRUSEN-081,test,DRUSEN,drusen,OS,.tif,0.18830004334449768
DRUSEN/81/013_Drusen.tif,DRUSEN-081,test,DRUSEN,drusen,OS,.tif,0.18833187222480774
DRUSEN/81/014_Drusen.tif,DRUSEN-081,test,DRUSEN,drusen,OS,.tif,0.25064271688461304
DRUSEN/81/015_Drusen.tif,DRUSEN-081,test,DRUSEN,drusen,OS,.tif,0.22909513115882874
DRUSEN/81/016_Drusen.tif,DRUSEN-081,test,DRUSEN,drusen,OS,.tif,0.17622938752174377
DRUSEN/81/017_Drusen.tif,DRUSEN-081,test,DRUSEN,drusen,OS,.tif,0.15533429384231567
DRUSEN/81/018_Drusen.tif,DRUSEN-081,test,DRUSEN,drusen,OS,.tif,0.14759227633476257
DRUSEN/81/019_Drusen.tif,DRUSEN-081,test,DRUSEN,drusen,OS,.tif,0.15497955679893494
DRUSEN/81/020_Drusen.tif,DRUSEN-081,test,DRUSEN,drusen,OS,.tif,0.17354559898376465
DRUSEN/81/021_Drusen.tif,DRUSEN-081,test,DRUSEN,drusen,OS,.tif,0.17538106441497803
DRUSEN/81/022_Drusen.tif,DRUSEN-081,test,DRUSEN,drusen,OS,.tif,0.21627694368362427
DRUSEN/81/023_Drusen.tif,DRUSEN-081,test,DRUSEN,drusen,OS,.tif,0.18094417452812195
DRUSEN/81/024_Drusen.tif,DRUSEN-081,test,DRUSEN,drusen,OS,.tif,0.14339579641819
DRUSEN/81/025_Drusen.tif,DRUSEN-081,test,DRUSEN,drusen,OS,.tif,0.1549970805644989
DRUSEN/81/026_Drusen.tif,DRUSEN-081,test,DRUSEN,drusen,OS,.tif,0.14136743545532227
DRUSEN/81/027_Drusen.tif,DRUSEN-081,test,DRUSEN,drusen,OS,.tif,0.14330080151557922
DRUSEN/81/028_Drusen.tif,DRUSEN-081,test,DRUSEN,drusen,OS,.tif,0.12389281392097473
DRUSEN/81/029_Drusen.tif,DRUSEN-081,val,DRUSEN,drusen,OS,.tif,0.14006692171096802
DRUSEN/81/030_Drusen.tif,DRUSEN-081,test,DRUSEN,drusen,OS,.tif,0.16993889212608337
DRUSEN/82/OD/000_Normal.tif,DRUSEN-082,test,DRUSEN,normal,OD,.tif,0.1505623757839203
DRUSEN/82/OD/001_Normal.tif,DRUSEN-082,val,DRUSEN,normal,OD,.tif,0.17287740111351013
DRUSEN/82/OD/002_Normal.tif,DRUSEN-082,test,DRUSEN,normal,OD,.tif,0.15294823050498962
DRUSEN/82/OD/003_Normal.tif,DRUSEN-082,test,DRUSEN,normal,OD,.tif,0.12183434516191483
DRUSEN/82/OD/004_Normal.tif,DRUSEN-082,test,DRUSEN,normal,OD,.tif,0.12931591272354126
DRUSEN/82/OD/005_Normal.tif,DRUSEN-082,test,DRUSEN,normal,OD,.tif,0.12451335042715073
DRUSEN/82/OD/006_Normal.tif,DRUSEN-082,test,DRUSEN,normal,OD,.tif,0.13855117559432983
DRUSEN/82/OD/007_Normal.tif,DRUSEN-082,test,DRUSEN,normal,OD,.tif,0.18152855336666107
DRUSEN/82/OD/008_Normal.tif,DRUSEN-082,val,DRUSEN,normal,OD,.tif,0.11819066107273102
DRUSEN/82/OD/009_Normal.tif,DRUSEN-082,val,DRUSEN,normal,OD,.tif,0.15298298001289368
DRUSEN/82/OD/010_Drusen.tif,DRUSEN-082,test,DRUSEN,drusen,OD,.tif,0.1309659332036972
DRUSEN/82/OD/011_Drusen.tif,DRUSEN-082,val,DRUSEN,drusen,OD,.tif,0.1521489918231964
DRUSEN/82/OD/012_Drusen.tif,DRUSEN-082,val,DRUSEN,drusen,OD,.tif,0.17497944831848145
DRUSEN/82/OD/013_Drusen.tif,DRUSEN-082,test,DRUSEN,drusen,OD,.tif,0.21818822622299194
DRUSEN/82/OD/014_Drusen.tif,DRUSEN-082,test,DRUSEN,drusen,OD,.tif,0.19681695103645325
DRUSEN/82/OD/015_Drusen.tif,DRUSEN-082,test,DRUSEN,drusen,OD,.tif,0.22746802866458893
DRUSEN/82/OD/016_Drusen.tif,DRUSEN-082,test,DRUSEN,drusen,OD,.tif,0.31291431188583374
DRUSEN/82/OD/017_Drusen.tif,DRUSEN-082,val,DRUSEN,drusen,OD,.tif,0.23661364614963531
DRUSEN/82/OD/018_Drusen.tif,DRUSEN-082,test,DRUSEN,drusen,OD,.tif,0.23735252022743225
DRUSEN/82/OD/019_Drusen.tif,DRUSEN-082,test,DRUSEN,drusen,OD,.tif,0.15722137689590454
DRUSEN/82/OD/020_Drusen.tif,DRUSEN-082,val,DRUSEN,drusen,OD,.tif,0.1729092001914978
DRUSEN/82/OD/021_Drusen.tif,DRUSEN-082,test,DRUSEN,drusen,OD,.tif,0.1407008320093155
DRUSEN/82/OD/022_Normal.tif,DRUSEN-082,val,DRUSEN,normal,OD,.tif,0.14868447184562683
DRUSEN/82/OD/023_Normal.tif,DRUSEN-082,test,DRUSEN,normal,OD,.tif,0.1231212466955185
DRUSEN/82/OD/024_Normal.tif,DRUSEN-082,test,DRUSEN,normal,OD,.tif,0.13483081758022308
DRUSEN/82/OD/025_Normal.tif,DRUSEN-082,test,DRUSEN,normal,OD,.tif,0.23109406232833862
DRUSEN/82/OD/026_Normal.tif,DRUSEN-082,test,DRUSEN,normal,OD,.tif,0.16069167852401733
DRUSEN/82/OD/027_Normal.tif,DRUSEN-082,test,DRUSEN,normal,OD,.tif,0.1951543539762497
DRUSEN/82/OS/000_Normal.tif,DRUSEN-082,test,DRUSEN,normal,OS,.tif,0.11956574022769928
DRUSEN/82/OS/001_Normal.tif,DRUSEN-082,test,DRUSEN,normal,OS,.tif,0.13849979639053345
DRUSEN/82/OS/002_Normal.tif,DRUSEN-082,test,DRUSEN,normal,OS,.tif,0.12450096756219864
DRUSEN/82/OS/003_Normal.tif,DRUSEN-082,val,DRUSEN,normal,OS,.tif,0.12942826747894287
DRUSEN/82/OS/004_Normal.tif,DRUSEN-082,val,DRUSEN,normal,OS,.tif,0.13830310106277466
DRUSEN/82/OS/005_Normal.tif,DRUSEN-082,test,DRUSEN,normal,OS,.tif,0.13217292726039886
DRUSEN/82/OS/006_Normal.tif,DRUSEN-082,val,DRUSEN,normal,OS,.tif,0.1225401908159256
DRUSEN/82/OS/007_Normal.tif,DRUSEN-082,test,DRUSEN,normal,OS,.tif,0.08849500119686127
DRUSEN/82/OS/008_Normal.tif,DRUSEN-082,val,DRUSEN,normal,OS,.tif,0.16624625027179718
DRUSEN/82/OS/009_Drusen.tif,DRUSEN-082,val,DRUSEN,drusen,OS,.tif,0.1504502147436142
DRUSEN/82/OS/010_Normal.tif,DRUSEN-082,test,DRUSEN,normal,OS,.tif,0.08665492385625839
DRUSEN/82/OS/011_Drusen.tif,DRUSEN-082,test,DRUSEN,drusen,OS,.tif,0.09401899576187134
DRUSEN/82/OS/012_Drusen.tif,DRUSEN-082,val,DRUSEN,drusen,OS,.tif,0.1073109358549118
DRUSEN/82/OS/013_Drusen.tif,DRUSEN-082,test,DRUSEN,drusen,OS,.tif,0.15812434256076813
DRUSEN/82/OS/014_Drusen.tif,DRUSEN-082,val,DRUSEN,drusen,OS,.tif,0.12099451571702957
DRUSEN/82/OS/015_Drusen.tif,DRUSEN-082,test,DRUSEN,drusen,OS,.tif,0.1868368685245514
DRUSEN/82/OS/016_Drusen.tif,DRUSEN-082,test,DRUSEN,drusen,OS,.tif,0.14232835173606873
DRUSEN/82/OS/017_Drusen.tif,DRUSEN-082,test,DRUSEN,drusen,OS,.tif,0.09523028135299683
DRUSEN/82/OS/018_Drusen.tif,DRUSEN-082,test,DRUSEN,drusen,OS,.tif,0.08835885673761368
DRUSEN/82/OS/019_Drusen.tif,DRUSEN-082,test,DRUSEN,drusen,OS,.tif,0.11008100211620331
DRUSEN/82/OS/020_Drusen.tif,DRUSEN-082,val,DRUSEN,drusen,OS,.tif,0.10785885900259018
DRUSEN/82/OS/021_Normal.tif,DRUSEN-082,test,DRUSEN,normal,OS,.tif,0.11225512623786926
DRUSEN/82/OS/022_Normal.tif,DRUSEN-082,val,DRUSEN,normal,OS,.tif,0.08750639855861664
DRUSEN/82/OS/023_Drusen.tif,DRUSEN-082,test,DRUSEN,drusen,OS,.tif,0.11153636127710342
DRUSEN/82/OS/024_Normal.tif,DRUSEN-082,test,DRUSEN,normal,OS,.tif,0.11173079907894135
DRUSEN/82/OS/025_Normal.tif,DRUSEN-082,test,DRUSEN,normal,OS,.tif,0.10449910163879395
DRUSEN/82/OS/026_Normal.tif,DRUSEN-082,test,DRUSEN,normal,OS,.tif,0.10454630106687546
DRUSEN/82/OS/027_Normal.tif,DRUSEN-082,test,DRUSEN,normal,OS,.tif,0.08648151159286499
DRUSEN/82/OS/028_Normal.tif,DRUSEN-082,val,DRUSEN,normal,OS,.tif,0.16791674494743347
DRUSEN/82/OS/029_Normal.tif,DRUSEN-082,val,DRUSEN,normal,OS,.tif,0.12446721643209457
DRUSEN/82/OS/030_Normal.tif,DRUSEN-082,val,DRUSEN,normal,OS,.tif,0.1283622682094574
DRUSEN/83/000_Normal.jpg,DRUSEN-083,val,DRUSEN,normal,OD,.jpg,0.19759073853492737
DRUSEN/83/001_Normal.jpg,DRUSEN-083,test,DRUSEN,normal,OD,.jpg,0.20771585404872894
DRUSEN/83/002_Drusen.jpg,DRUSEN-083,val,DRUSEN,drusen,OD,.jpg,0.264301061630249
DRUSEN/83/003_Drusen.jpg,DRUSEN-083,test,DRUSEN,drusen,OD,.jpg,0.23978939652442932
DRUSEN/83/004_Drusen.jpg,DRUSEN-083,test,DRUSEN,drusen,OD,.jpg,0.242218017578125
DRUSEN/83/005_Drusen.jpg,DRUSEN-083,val,DRUSEN,drusen,OD,.jpg,0.21816982328891754
DRUSEN/83/006_Drusen.jpg,DRUSEN-083,test,DRUSEN,drusen,OD,.jpg,0.162188321352005
DRUSEN/83/007_Drusen.jpg,DRUSEN-083,test,DRUSEN,drusen,OD,.jpg,0.2381269633769989
DRUSEN/83/008_Drusen.jpg,DRUSEN-083,val,DRUSEN,drusen,OD,.jpg,0.19901084899902344
DRUSEN/83/009_Drusen.jpg,DRUSEN-083,test,DRUSEN,drusen,OD,.jpg,0.20617026090621948
DRUSEN/83/010_Drusen.jpg,DRUSEN-083,test,DRUSEN,drusen,OD,.jpg,0.1900729537010193
DRUSEN/83/011_Drusen.jpg,DRUSEN-083,test,DRUSEN,drusen,OD,.jpg,0.19845567643642426
DRUSEN/83/012_Drusen.jpg,DRUSEN-083,val,DRUSEN,drusen,OD,.jpg,0.1895807683467865
DRUSEN/83/013_Drusen.jpg,DRUSEN-083,test,DRUSEN,drusen,OD,.jpg,0.1989152580499649
DRUSEN/83/014_Drusen.jpg,DRUSEN-083,test,DRUSEN,drusen,OD,.jpg,0.21807551383972168
DRUSEN/83/015_Drusen.jpg,DRUSEN-083,test,DRUSEN,drusen,OD,.jpg,0.24086150527000427
DRUSEN/83/016_Drusen.jpg,DRUSEN-083,test,DRUSEN,drusen,OD,.jpg,0.24905620515346527
DRUSEN/83/017_Drusen.jpg,DRUSEN-083,val,DRUSEN,drusen,OD,.jpg,0.22702443599700928
DRUSEN/83/018_Drusen.jpg,DRUSEN-083,test,DRUSEN,drusen,OD,.jpg,0.20732775330543518
DRUSEN/83/019_Drusen.jpg,DRUSEN-083,val,DRUSEN,drusen,OD,.jpg,0.1667555272579193
DRUSEN/83/020_Drusen.jpg,DRUSEN-083,test,DRUSEN,drusen,OD,.jpg,0.20600569248199463
DRUSEN/83/021_Drusen.jpg,DRUSEN-083,test,DRUSEN,drusen,OD,.jpg,0.17810983955860138
DRUSEN/83/022_Drusen.jpg,DRUSEN-083,val,DRUSEN,drusen,OD,.jpg,0.1956516057252884
DRUSEN/83/023_Drusen.jpg,DRUSEN-083,val,DRUSEN,drusen,OD,.jpg,0.1737993061542511
DRUSEN/83/024_Drusen.jpg,DRUSEN-083,test,DRUSEN,drusen,OD,.jpg,0.19311146438121796
DRUSEN/84/000_Drusen.tif,DRUSEN-084,test,DRUSEN,drusen,OD,.tif,0.2122834026813507
DRUSEN/84/001_Drusen.tif,DRUSEN-084,test,DRUSEN,drusen,OD,.tif,0.1202707514166832
DRUSEN/84/002_Normal.tif,DRUSEN-084,test,DRUSEN,normal,OD,.tif,0.12845760583877563
DRUSEN/84/003_Normal.tif,DRUSEN-084,test,DRUSEN,normal,OD,.tif,0.13405655324459076
DRUSEN/84/004_Normal.tif,DRUSEN-084,test,DRUSEN,normal,OD,.tif,0.1392768919467926
DRUSEN/84/005_Normal.tif,DRUSEN-084,val,DRUSEN,normal,OD,.tif,0.13071967661380768
DRUSEN/84/006_Normal.tif,DRUSEN-084,test,DRUSEN,normal,OD,.tif,0.09820155054330826
DRUSEN/84/007_Drusen.tif,DRUSEN-084,test,DRUSEN,drusen,OD,.tif,0.1120559573173523
DRUSEN/84/008_Drusen.tif,DRUSEN-084,test,DRUSEN,drusen,OD,.tif,0.10419430583715439
DRUSEN/84/009_Drusen.tif,DRUSEN-084,val,DRUSEN,drusen,OD,.tif,0.12003229558467865
DRUSEN/84/010_Drusen.tif,DRUSEN-084,test,DRUSEN,drusen,OD,.tif,0.13859829306602478
DRUSEN/84/011_Drusen.tif,DRUSEN-084,val,DRUSEN,drusen,OD,.tif,0.1340962052345276
DRUSEN/84/012_Drusen.tif,DRUSEN-084,test,DRUSEN,drusen,OD,.tif,0.13279938697814941
DRUSEN/84/013_Drusen.tif,DRUSEN-084,val,DRUSEN,drusen,OD,.tif,0.1135152280330658
DRUSEN/84/014_Drusen.tif,DRUSEN-084,test,DRUSEN,drusen,OD,.tif,0.18557266891002655
DRUSEN/84/015_Drusen.tif,DRUSEN-084,test,DRUSEN,drusen,OD,.tif,0.22621670365333557
DRUSEN/84/016_Drusen.tif,DRUSEN-084,val,DRUSEN,drusen,OD,.tif,0.2034255415201187
DRUSEN/84/017_Drusen.tif,DRUSEN-084,val,DRUSEN,drusen,OD,.tif,0.14052627980709076
DRUSEN/84/018_Drusen.tif,DRUSEN-084,test,DRUSEN,drusen,OD,.tif,0.13023003935813904
DRUSEN/84/019_Drusen.tif,DRUSEN-084,test,DRUSEN,drusen,OD,.tif,0.14567230641841888
DRUSEN/84/020_Drusen.tif,DRUSEN-084,val,DRUSEN,drusen,OD,.tif,0.13626673817634583
DRUSEN/84/021_Drusen.tif,DRUSEN-084,test,DRUSEN,drusen,OD,.tif,0.11592110991477966
DRUSEN/84/022_Drusen.tif,DRUSEN-084,test,DRUSEN,drusen,OD,.tif,0.13080163300037384
DRUSEN/84/023_Drusen.tif,DRUSEN-084,test,DRUSEN,drusen,OD,.tif,0.1361343264579773
DRUSEN/84/024_Normal.tif,DRUSEN-084,test,DRUSEN,normal,OD,.tif,0.1255010962486267
DRUSEN/84/025_Normal.tif,DRUSEN-084,test,DRUSEN,normal,OD,.tif,0.13648656010627747
DRUSEN/84/026_Normal.tif,DRUSEN-084,test,DRUSEN,normal,OD,.tif,0.1291540563106537
DRUSEN/84/027_Normal.tif,DRUSEN-084,test,DRUSEN,normal,OD,.tif,0.11690395325422287
DRUSEN/84/028_Normal.tif,DRUSEN-084,test,DRUSEN,normal,OD,.tif,0.09879076480865479
DRUSEN/84/029_Normal.tif,DRUSEN-084,val,DRUSEN,normal,OD,.tif,0.09138155728578568
DRUSEN/84/030_Normal.tif,DRUSEN-084,val,DRUSEN,normal,OD,.tif,0.10225004702806473
DRUSEN/85/000_Drusen.tif,DRUSEN-085,val,DRUSEN,drusen,OD,.tif,0.12825949490070343
DRUSEN/85/001_Drusen.tif,DRUSEN-085,val,DRUSEN,drusen,OD,.tif,0.12574119865894318
DRUSEN/85/002_Drusen.tif,DRUSEN-085,val,DRUSEN,drusen,OD,.tif,0.1430562436580658
DRUSEN/85/003_Drusen.tif,DRUSEN-085,test,DRUSEN,drusen,OD,.tif,0.15417376160621643
DRUSEN/85/004_Drusen.tif,DRUSEN-085,test,DRUSEN,drusen,OD,.tif,0.14974303543567657
DRUSEN/85/005_Drusen.tif,DRUSEN-085,test,DRUSEN,drusen,OD,.tif,0.10936706513166428
DRUSEN/85/006_Drusen.tif,DRUSEN-085,val,DRUSEN,drusen,OD,.tif,0.113487608730793
DRUSEN/85/007_Drusen.tif,DRUSEN-085,val,DRUSEN,drusen,OD,.tif,0.11271870136260986
DRUSEN/85/008_Drusen.tif,DRUSEN-085,test,DRUSEN,drusen,OD,.tif,0.15780697762966156
DRUSEN/85/009_Drusen.tif,DRUSEN-085,test,DRUSEN,drusen,OD,.tif,0.12539955973625183
DRUSEN/85/010_Drusen.tif,DRUSEN-085,test,DRUSEN,drusen,OD,.tif,0.12671950459480286
DRUSEN/85/011_Drusen.tif,DRUSEN-085,val,DRUSEN,drusen,OD,.tif,0.15393869578838348
DRUSEN/85/012_Drusen.tif,DRUSEN-085,test,DRUSEN,drusen,OD,.tif,0.1597081422805786
DRUSEN/85/013_Drusen.tif,DRUSEN-085,val,DRUSEN,drusen,OD,.tif,0.12094292789697647
DRUSEN/85/014_Drusen.tif,DRUSEN-085,val,DRUSEN,drusen,OD,.tif,0.12794744968414307
DRUSEN/85/015_Drusen.tif,DRUSEN-085,test,DRUSEN,drusen,OD,.tif,0.2061937153339386
DRUSEN/85/016_Drusen.tif,DRUSEN-085,test,DRUSEN,drusen,OD,.tif,0.19606634974479675
DRUSEN/85/017_Drusen.tif,DRUSEN-085,test,DRUSEN,drusen,OD,.tif,0.17854005098342896
DRUSEN/85/018_Drusen.tif,DRUSEN-085,test,DRUSEN,drusen,OD,.tif,0.12312223017215729
DRUSEN/85/019_Drusen.tif,DRUSEN-085,test,DRUSEN,drusen,OD,.tif,0.14288419485092163
DRUSEN/85/020_Drusen.tif,DRUSEN-085,test,DRUSEN,drusen,OD,.tif,0.1259547919034958
DRUSEN/85/021_Drusen.tif,DRUSEN-085,test,DRUSEN,drusen,OD,.tif,0.12929928302764893
DRUSEN/85/022_Drusen.tif,DRUSEN-085,test,DRUSEN,drusen,OD,.tif,0.1307641565799713
DRUSEN/85/023_Drusen.tif,DRUSEN-085,test,DRUSEN,drusen,OD,.tif,0.11019010841846466
DRUSEN/85/024_Drusen.tif,DRUSEN-085,test,DRUSEN,drusen,OD,.tif,0.10979990661144257
DRUSEN/85/025_Drusen.tif,DRUSEN-085,val,DRUSEN,drusen,OD,.tif,0.11670416593551636
DRUSEN/85/026_Drusen.tif,DRUSEN-085,test,DRUSEN,drusen,OD,.tif,0.1522853523492813
DRUSEN/85/027_Drusen.tif,DRUSEN-085,test,DRUSEN,drusen,OD,.tif,0.1528433859348297
DRUSEN/85/028_Drusen.tif,DRUSEN-085,val,DRUSEN,drusen,OD,.tif,0.1674107313156128
DRUSEN/85/029_Drusen.tif,DRUSEN-085,test,DRUSEN,drusen,OD,.tif,0.13638198375701904
DRUSEN/85/030_Drusen.tif,DRUSEN-085,test,DRUSEN,drusen,OD,.tif,0.1383705735206604
DRUSEN/86/OD/000_DRusen.tif,DRUSEN-086,test,DRUSEN,drusen,OD,.tif,0.16392165422439575
DRUSEN/86/OD/001_DRusen.tif,DRUSEN-086,test,DRUSEN,drusen,OD,.tif,0.14674660563468933
DRUSEN/86/OD/002_DRusen.tif,DRUSEN-086,test,DRUSEN,drusen,OD,.tif,0.17625388503074646
DRUSEN/86/OD/003_DRusen.tif,DRUSEN-086,test,DRUSEN,drusen,OD,.tif,0.19058671593666077
DRUSEN/86/OD/004_DRusen.tif,DRUSEN-086,test,DRUSEN,drusen,OD,.tif,0.1504470705986023
DRUSEN/86/OD/005_DRusen.tif,DRUSEN-086,test,DRUSEN,drusen,OD,.tif,0.15278610587120056
DRUSEN/86/OD/006_DRusen.tif,DRUSEN-086,test,DRUSEN,drusen,OD,.tif,0.15545162558555603
DRUSEN/86/OD/007_DRusen.tif,DRUSEN-086,test,DRUSEN,drusen,OD,.tif,0.15621158480644226
DRUSEN/86/OD/008_DRusen.tif,DRUSEN-086,test,DRUSEN,drusen,OD,.tif,0.1436244547367096
DRUSEN/86/OD/009_DRusen.tif,DRUSEN-086,val,DRUSEN,drusen,OD,.tif,0.13001525402069092
DRUSEN/86/OD/010_DRusen.tif,DRUSEN-086,test,DRUSEN,drusen,OD,.tif,0.16078896820545197
DRUSEN/86/OD/011_DRusen.tif,DRUSEN-086,test,DRUSEN,drusen,OD,.tif,0.1889038383960724
DRUSEN/86/OD/012_DRusen.tif,DRUSEN-086,val,DRUSEN,drusen,OD,.tif,0.1899092048406601
DRUSEN/86/OD/013_DRusen.tif,DRUSEN-086,val,DRUSEN,drusen,OD,.tif,0.18624189496040344
DRUSEN/86/OD/014_DRusen.tif,DRUSEN-086,test,DRUSEN,drusen,OD,.tif,0.29657435417175293
DRUSEN/86/OD/015_DRusen.tif,DRUSEN-086,test,DRUSEN,drusen,OD,.tif,0.30938971042633057
DRUSEN/86/OD/016_DRusen.tif,DRUSEN-086,test,DRUSEN,drusen,OD,.tif,0.37193188071250916
DRUSEN/86/OD/017_DRusen.tif,DRUSEN-086,val,DRUSEN,drusen,OD,.tif,0.1895143687725067
DRUSEN/86/OD/018_DRusen.tif,DRUSEN-086,val,DRUSEN,drusen,OD,.tif,0.19417688250541687
DRUSEN/86/OD/019_DRusen.tif,DRUSEN-086,val,DRUSEN,drusen,OD,.tif,0.1387220025062561
DRUSEN/86/OD/020_DRusen.tif,DRUSEN-086,val,DRUSEN,drusen,OD,.tif,0.1184152364730835
DRUSEN/86/OD/021_DRusen.tif,DRUSEN-086,test,DRUSEN,drusen,OD,.tif,0.155649334192276
DRUSEN/86/OD/022_DRusen.tif,DRUSEN-086,val,DRUSEN,drusen,OD,.tif,0.17976129055023193
DRUSEN/86/OD/023_DRusen.tif,DRUSEN-086,test,DRUSEN,drusen,OD,.tif,0.14576992392539978
DRUSEN/86/OD/024_DRusen.tif,DRUSEN-086,test,DRUSEN,drusen,OD,.tif,0.1269475221633911
DRUSEN/86/OD/025_DRusen.tif,DRUSEN-086,test,DRUSEN,drusen,OD,.tif,0.1407163441181183
DRUSEN/86/OD/026_DRusen.tif,DRUSEN-086,test,DRUSEN,drusen,OD,.tif,0.11110125482082367
DRUSEN/86/OD/027_DRusen.tif,DRUSEN-086,val,DRUSEN,drusen,OD,.tif,0.13981255888938904
DRUSEN/86/OD/028_DRusen.tif,DRUSEN-086,test,DRUSEN,drusen,OD,.tif,0.14007332921028137
DRUSEN/86/OD/029_DRusen.tif,DRUSEN-086,test,DRUSEN,drusen,OD,.tif,0.14093312621116638
DRUSEN/86/OD/030_DRusen.tif,DRUSEN-086,test,DRUSEN,drusen,OD,.tif,0.09433065354824066
DRUSEN/86/OS/000_Drusen.tif,DRUSEN-086,val,DRUSEN,drusen,OS,.tif,0.23291707038879395
DRUSEN/86/OS/001_Drusen.tif,DRUSEN-086,val,DRUSEN,drusen,OS,.tif,0.16379201412200928
DRUSEN/86/OS/002_Drusen.tif,DRUSEN-086,test,DRUSEN,drusen,OS,.tif,0.1814514696598053
DRUSEN/86/OS/003_Drusen.tif,DRUSEN-086,val,DRUSEN,drusen,OS,.tif,0.1961669921875
DRUSEN/86/OS/004_Drusen.tif,DRUSEN-086,val,DRUSEN,drusen,OS,.tif,0.2892020046710968
DRUSEN/86/OS/005_Drusen.tif,DRUSEN-086,test,DRUSEN,drusen,OS,.tif,0.15448561310768127
DRUSEN/86/OS/006_Drusen.tif,DRUSEN-086,test,DRUSEN,drusen,OS,.tif,0.16131143271923065
DRUSEN/86/OS/007_Drusen.tif,DRUSEN-086,test,DRUSEN,drusen,OS,.tif,0.18241095542907715
DRUSEN/86/OS/008_Drusen.tif,DRUSEN-086,test,DRUSEN,drusen,OS,.tif,0.20173750817775726
DRUSEN/86/OS/009_Drusen.tif,DRUSEN-086,val,DRUSEN,drusen,OS,.tif,0.27673014998435974
DRUSEN/86/OS/010_Drusen.tif,DRUSEN-086,val,DRUSEN,drusen,OS,.tif,0.21787631511688232
DRUSEN/86/OS/011_Drusen.tif,DRUSEN-086,val,DRUSEN,drusen,OS,.tif,0.16780483722686768
DRUSEN/86/OS/012_Drusen.tif,DRUSEN-086,test,DRUSEN,drusen,OS,.tif,0.14648690819740295
DRUSEN/86/OS/013_Drusen.tif,DRUSEN-086,test,DRUSEN,drusen,OS,.tif,0.2244776040315628
DRUSEN/86/OS/014_Drusen.tif,DRUSEN-086,test,DRUSEN,drusen,OS,.tif,0.27321815490722656
DRUSEN/86/OS/015_Drusen.tif,DRUSEN-086,test,DRUSEN,drusen,OS,.tif,0.3474794030189514
DRUSEN/86/OS/016_Drusen.tif,DRUSEN-086,test,DRUSEN,drusen,OS,.tif,0.2870730757713318
DRUSEN/86/OS/017_Drusen.tif,DRUSEN-086,test,DRUSEN,drusen,OS,.tif,0.2643458843231201
DRUSEN/86/OS/018_Drusen.tif,DRUSEN-086,val,DRUSEN,drusen,OS,.tif,0.23049044609069824
DRUSEN/86/OS/019_Drusen.tif,DRUSEN-086,val,DRUSEN,drusen,OS,.tif,0.18041035532951355
DRUSEN/86/OS/020_Drusen.tif,DRUSEN-086,test,DRUSEN,drusen,OS,.tif,0.20820073783397675
DRUSEN/86/OS/021_Drusen.tif,DRUSEN-086,val,DRUSEN,drusen,OS,.tif,0.18769460916519165
DRUSEN/86/OS/022_Drusen.tif,DRUSEN-086,test,DRUSEN,drusen,OS,.tif,0.20211251080036163
DRUSEN/86/OS/023_Drusen.tif,DRUSEN-086,test,DRUSEN,drusen,OS,.tif,0.15595459938049316
DRUSEN/86/OS/024_Drusen.tif,DRUSEN-086,test,DRUSEN,drusen,OS,.tif,0.13612161576747894
DRUSEN/86/OS/025_Drusen.tif,DRUSEN-086,test,DRUSEN,drusen,OS,.tif,0.18609118461608887
DRUSEN/86/OS/026_Drusen.tif,DRUSEN-086,val,DRUSEN,drusen,OS,.tif,0.19067135453224182
DRUSEN/86/OS/027_Drusen.tif,DRUSEN-086,val,DRUSEN,drusen,OS,.tif,0.15064984560012817
DRUSEN/86/OS/028_Drusen.tif,DRUSEN-086,val,DRUSEN,drusen,OS,.tif,0.16073986887931824
DRUSEN/86/OS/029_Drusen.tif,DRUSEN-086,test,DRUSEN,drusen,OS,.tif,0.22361968457698822
DRUSEN/86/OS/030_Drusen.tif,DRUSEN-086,val,DRUSEN,drusen,OS,.tif,0.2136579155921936
DRUSEN/87/000_Drusen.tif,DRUSEN-087,test,DRUSEN,drusen,OD,.tif,0.11666873842477798
DRUSEN/87/001_Drusen.tif,DRUSEN-087,val,DRUSEN,drusen,OD,.tif,0.11185971647500992
DRUSEN/87/002_Drusen.tif,DRUSEN-087,test,DRUSEN,drusen,OD,.tif,0.13326482474803925
DRUSEN/87/003_Drusen.tif,DRUSEN-087,test,DRUSEN,drusen,OD,.tif,0.12858140468597412
DRUSEN/87/004_Drusen.tif,DRUSEN-087,val,DRUSEN,drusen,OD,.tif,0.11927899718284607
DRUSEN/87/005_Drusen.tif,DRUSEN-087,val,DRUSEN,drusen,OD,.tif,0.11328021436929703
DRUSEN/87/006_Drusen.tif,DRUSEN-087,test,DRUSEN,drusen,OD,.tif,0.14688795804977417
DRUSEN/87/007_Drusen.tif,DRUSEN-087,test,DRUSEN,drusen,OD,.tif,0.12338973581790924
DRUSEN/87/008_Drusen.tif,DRUSEN-087,val,DRUSEN,drusen,OD,.tif,0.12647727131843567
DRUSEN/87/009_Drusen.tif,DRUSEN-087,test,DRUSEN,drusen,OD,.tif,0.08385959267616272
DRUSEN/87/010_Drusen.tif,DRUSEN-087,test,DRUSEN,drusen,OD,.tif,0.10441441088914871
DRUSEN/87/011_Drusen.tif,DRUSEN-087,test,DRUSEN,drusen,OD,.tif,0.12516917288303375
DRUSEN/87/012_Drusen.tif,DRUSEN-087,test,DRUSEN,drusen,OD,.tif,0.16979536414146423
DRUSEN/87/013_Drusen.tif,DRUSEN-087,test,DRUSEN,drusen,OD,.tif,0.203513503074646
DRUSEN/87/014_Drusen.tif,DRUSEN-087,val,DRUSEN,drusen,OD,.tif,0.24569956958293915
DRUSEN/87/015_Drusen.tif,DRUSEN-087,val,DRUSEN,drusen,OD,.tif,0.27588117122650146
DRUSEN/87/016_Drusen.tif,DRUSEN-087,test,DRUSEN,drusen,OD,.tif,0.2319391965866089
DRUSEN/87/017_Drusen.tif,DRUSEN-087,test,DRUSEN,drusen,OD,.tif,0.167496919631958
DRUSEN/87/018_Drusen.tif,DRUSEN-087,val,DRUSEN,drusen,OD,.tif,0.10273014008998871
DRUSEN/87/019_Drusen.tif,DRUSEN-087,test,DRUSEN,drusen,OD,.tif,0.1320493370294571
DRUSEN/87/020_Drusen.tif,DRUSEN-087,test,DRUSEN,drusen,OD,.tif,0.14151015877723694
DRUSEN/87/021_Drusen.tif,DRUSEN-087,test,DRUSEN,drusen,OD,.tif,0.12252725660800934
DRUSEN/87/022_Drusen.tif,DRUSEN-087,test,DRUSEN,drusen,OD,.tif,0.0976627767086029
DRUSEN/87/023_Drusen.tif,DRUSEN-087,test,DRUSEN,drusen,OD,.tif,0.12436181306838989
DRUSEN/87/024_Drusen.tif,DRUSEN-087,test,DRUSEN,drusen,OD,.tif,0.15755173563957214
DRUSEN/87/025_Drusen.tif,DRUSEN-087,test,DRUSEN,drusen,OD,.tif,0.12262672185897827
DRUSEN/87/026_Drusen.tif,DRUSEN-087,test,DRUSEN,drusen,OD,.tif,0.12240683287382126
DRUSEN/87/027_Drusen.tif,DRUSEN-087,test,DRUSEN,drusen,OD,.tif,0.08176101744174957
DRUSEN/87/028_Drusen.tif,DRUSEN-087,test,DRUSEN,drusen,OD,.tif,0.09678798913955688
DRUSEN/87/029_Drusen.tif,DRUSEN-087,test,DRUSEN,drusen,OD,.tif,0.11102344840765
DRUSEN/87/030_Drusen.tif,DRUSEN-087,test,DRUSEN,drusen,OD,.tif,0.11001957207918167
DRUSEN/88/000_Drusen.tif,DRUSEN-088,test,DRUSEN,drusen,OD,.tif,0.2733328640460968
DRUSEN/88/001_Drusen.tif,DRUSEN-088,test,DRUSEN,drusen,OD,.tif,0.21124503016471863
DRUSEN/88/002_Drusen.tif,DRUSEN-088,test,DRUSEN,drusen,OD,.tif,0.20378616452217102
DRUSEN/88/003_Drusen.tif,DRUSEN-088,test,DRUSEN,drusen,OD,.tif,0.23382246494293213
DRUSEN/88/004_Drusen.tif,DRUSEN-088,test,DRUSEN,drusen,OD,.tif,0.2762809693813324
DRUSEN/88/005_Drusen.tif,DRUSEN-088,test,DRUSEN,drusen,OD,.tif,0.24078574776649475
DRUSEN/88/006_Drusen.tif,DRUSEN-088,test,DRUSEN,drusen,OD,.tif,0.24335196614265442
DRUSEN/88/007_Drusen.tif,DRUSEN-088,val,DRUSEN,drusen,OD,.tif,0.1930375099182129
DRUSEN/88/008_Drusen.tif,DRUSEN-088,val,DRUSEN,drusen,OD,.tif,0.21291400492191315
DRUSEN/88/009_Drusen.tif,DRUSEN-088,test,DRUSEN,drusen,OD,.tif,0.26813966035842896
DRUSEN/88/010_Drusen.tif,DRUSEN-088,test,DRUSEN,drusen,OD,.tif,0.2567582428455353
DRUSEN/88/011_Drusen.tif,DRUSEN-088,test,DRUSEN,drusen,OD,.tif,0.28868311643600464
DRUSEN/88/012_Drusen.tif,DRUSEN-088,test,DRUSEN,drusen,OD,.tif,0.3421592116355896
DRUSEN/88/013_Drusen.tif,DRUSEN-088,test,DRUSEN,drusen,OD,.tif,0.3504147529602051
DRUSEN/88/014_Drusen.tif,DRUSEN-088,val,DRUSEN,drusen,OD,.tif,0.38450726866722107
DRUSEN/88/015_Drusen.tif,DRUSEN-088,test,DRUSEN,drusen,OD,.tif,0.3621242940425873
DRUSEN/88/016_Drusen.tif,DRUSEN-088,test,DRUSEN,drusen,OD,.tif,0.28912264108657837
DRUSEN/88/017_Drusen.tif,DRUSEN-088,test,DRUSEN,drusen,OD,.tif,0.24135048687458038
DRUSEN/88/018_Drusen.tif,DRUSEN-088,test,DRUSEN,drusen,OD,.tif,0.24568992853164673
DRUSEN/88/019_Drusen.tif,DRUSEN-088,test,DRUSEN,drusen,OD,.tif,0.2368004024028778
DRUSEN/88/020_Drusen.tif,DRUSEN-088,test,DRUSEN,drusen,OD,.tif,0.2280176877975464
DRUSEN/88/021_Drusen.tif,DRUSEN-088,test,DRUSEN,drusen,OD,.tif,0.2508990168571472
DRUSEN/88/022_Drusen.tif,DRUSEN-088,test,DRUSEN,drusen,OD,.tif,0.2506982088088989
DRUSEN/88/023_Drusen.tif,DRUSEN-088,val,DRUSEN,drusen,OD,.tif,0.25548526644706726
DRUSEN/88/024_Drusen.tif,DRUSEN-088,test,DRUSEN,drusen,OD,.tif,0.2293267548084259
DRUSEN/88/025_Drusen.tif,DRUSEN-088,test,DRUSEN,drusen,OD,.tif,0.26752907037734985
DRUSEN/88/026_Drusen.tif,DRUSEN-088,test,DRUSEN,drusen,OD,.tif,0.21175965666770935
DRUSEN/88/027_Drusen.tif,DRUSEN-088,test,DRUSEN,drusen,OD,.tif,0.3140433430671692
DRUSEN/88/028_Drusen.tif,DRUSEN-088,test,DRUSEN,drusen,OD,.tif,0.3204258978366852
DRUSEN/88/029_Drusen.tif,DRUSEN-088,test,DRUSEN,drusen,OD,.tif,0.3015398383140564
DRUSEN/88/030_Drusen.tif,DRUSEN-088,test,DRUSEN,drusen,OD,.tif,0.27143576741218567
DRUSEN/89/000_Drusen.tif,DRUSEN-089,val,DRUSEN,drusen,OS,.tif,0.1924893856048584
DRUSEN/89/001_Drusen.tif,DRUSEN-089,test,DRUSEN,drusen,OS,.tif,0.30117350816726685
DRUSEN/89/002_Drusen.tif,DRUSEN-089,test,DRUSEN,drusen,OS,.tif,0.15514814853668213
DRUSEN/89/003_Drusen.tif,DRUSEN-089,test,DRUSEN,drusen,OS,.tif,0.14619266986846924
DRUSEN/89/004_Drusen.tif,DRUSEN-089,test,DRUSEN,drusen,OS,.tif,0.22866003215312958
DRUSEN/89/005_Drusen.tif,DRUSEN-089,test,DRUSEN,drusen,OS,.tif,0.1609572172164917
DRUSEN/89/006_Drusen.tif,DRUSEN-089,val,DRUSEN,drusen,OS,.tif,0.17677128314971924
DRUSEN/89/007_Drusen.tif,DRUSEN-089,test,DRUSEN,drusen,OS,.tif,0.16918841004371643
DRUSEN/89/008_Drusen.tif,DRUSEN-089,test,DRUSEN,drusen,OS,.tif,0.18215377628803253
DRUSEN/89/009_Drusen.tif,DRUSEN-089,val,DRUSEN,drusen,OS,.tif,0.19493965804576874
DRUSEN/89/010_Drusen.tif,DRUSEN-089,val,DRUSEN,drusen,OS,.tif,0.1335807740688324
DRUSEN/89/011_Drusen.tif,DRUSEN-089,test,DRUSEN,drusen,OS,.tif,0.19428622722625732
DRUSEN/89/012_Drusen.tif,DRUSEN-089,test,DRUSEN,drusen,OS,.tif,0.13147377967834473
DRUSEN/89/013_Drusen.tif,DRUSEN-089,val,DRUSEN,drusen,OS,.tif,0.16830497980117798
DRUSEN/89/014_Drusen.tif,DRUSEN-089,test,DRUSEN,drusen,OS,.tif,0.22139385342597961
DRUSEN/89/015_Drusen.tif,DRUSEN-089,val,DRUSEN,drusen,OS,.tif,0.298464834690094
DRUSEN/89/016_Drusen.tif,DRUSEN-089,test,DRUSEN,drusen,OS,.tif,0.23666337132453918
DRUSEN/89/017_Drusen.tif,DRUSEN-089,val,DRUSEN,drusen,OS,.tif,0.21955972909927368
DRUSEN/89/018_Drusen.tif,DRUSEN-089,test,DRUSEN,drusen,OS,.tif,0.1719036102294922
DRUSEN/89/019_Drusen.tif,DRUSEN-089,test,DRUSEN,drusen,OS,.tif,0.14062827825546265
DRUSEN/89/020_Drusen.tif,DRUSEN-089,test,DRUSEN,drusen,OS,.tif,0.19043949246406555
DRUSEN/89/021_Drusen.tif,DRUSEN-089,val,DRUSEN,drusen,OS,.tif,0.13695234060287476
DRUSEN/89/022_Drusen.tif,DRUSEN-089,val,DRUSEN,drusen,OS,.tif,0.2207442820072174
DRUSEN/89/023_Drusen.tif,DRUSEN-089,test,DRUSEN,drusen,OS,.tif,0.23467914760112762
DRUSEN/89/024_Drusen.tif,DRUSEN-089,val,DRUSEN,drusen,OS,.tif,0.15529897809028625
DRUSEN/89/025_Drusen.tif,DRUSEN-089,test,DRUSEN,drusen,OS,.tif,0.14566734433174133
DRUSEN/89/026_Drusen.tif,DRUSEN-089,val,DRUSEN,drusen,OS,.tif,0.1464066207408905
DRUSEN/89/027_Drusen.tif,DRUSEN-089,test,DRUSEN,drusen,OS,.tif,0.16888800263404846
DRUSEN/89/028_Drusen.tif,DRUSEN-089,test,DRUSEN,drusen,OS,.tif,0.17014086246490479
DRUSEN/89/029_Drusen.tif,DRUSEN-089,test,DRUSEN,drusen,OS,.tif,0.1442473828792572
DRUSEN/89/030_Drusen.tif,DRUSEN-089,val,DRUSEN,drusen,OS,.tif,0.18037685751914978
DRUSEN/90/000_Normal.jpg,DRUSEN-090,val,DRUSEN,normal,OD,.jpg,0.16848503053188324
DRUSEN/90/001_Normal.jpg,DRUSEN-090,val,DRUSEN,normal,OD,.jpg,0.12674659490585327
DRUSEN/90/002_Normal.jpg,DRUSEN-090,test,DRUSEN,normal,OD,.jpg,0.13475438952445984
DRUSEN/90/003_Normal.jpg,DRUSEN-090,test,DRUSEN,normal,OD,.jpg,0.22615541517734528
DRUSEN/90/004_Normal.jpg,DRUSEN-090,test,DRUSEN,normal,OD,.jpg,0.2210475355386734
DRUSEN/90/005_Normal.jpg,DRUSEN-090,test,DRUSEN,normal,OD,.jpg,0.25062984228134155
DRUSEN/90/006_Normal.jpg,DRUSEN-090,val,DRUSEN,normal,OD,.jpg,0.13206414878368378
DRUSEN/90/007_Normal.jpg,DRUSEN-090,test,DRUSEN,normal,OD,.jpg,0.11636120080947876
DRUSEN/90/008_Normal.jpg,DRUSEN-090,val,DRUSEN,normal,OD,.jpg,0.1729809045791626
DRUSEN/90/009_Normal.jpg,DRUSEN-090,val,DRUSEN,normal,OD,.jpg,0.16206005215644836
DRUSEN/90/010_Normal.jpg,DRUSEN-090,val,DRUSEN,normal,OD,.jpg,0.1834949553012848
DRUSEN/90/011_Normal.jpg,DRUSEN-090,test,DRUSEN,normal,OD,.jpg,0.20143863558769226
DRUSEN/90/012_Drusen.jpg,DRUSEN-090,val,DRUSEN,drusen,OD,.jpg,0.21094495058059692
DRUSEN/90/013_Drusen.jpg,DRUSEN-090,test,DRUSEN,drusen,OD,.jpg,0.27307987213134766
DRUSEN/90/014_Drusen.jpg,DRUSEN-090,val,DRUSEN,drusen,OD,.jpg,0.2978309988975525
DRUSEN/90/015_Drusen.jpg,DRUSEN-090,val,DRUSEN,drusen,OD,.jpg,0.21142901480197906
DRUSEN/90/016_Drusen.jpg,DRUSEN-090,val,DRUSEN,drusen,OD,.jpg,0.23044520616531372
DRUSEN/90/017_Drusen.jpg,DRUSEN-090,val,DRUSEN,drusen,OD,.jpg,0.16792123019695282
DRUSEN/90/018_Drusen.jpg,DRUSEN-090,val,DRUSEN,drusen,OD,.jpg,0.1631919890642166
DRUSEN/90/019_Drusen.jpg,DRUSEN-090,test,DRUSEN,drusen,OD,.jpg,0.12640219926834106
DRUSEN/90/020_Drusen.jpg,DRUSEN-090,val,DRUSEN,drusen,OD,.jpg,0.12075014412403107
DRUSEN/90/021_Drusen.jpg,DRUSEN-090,test,DRUSEN,drusen,OD,.jpg,0.1240507960319519
DRUSEN/90/022_Normal.jpg,DRUSEN-090,test,DRUSEN,normal,OD,.jpg,0.10206927359104156
DRUSEN/90/023_Drusen.jpg,DRUSEN-090,val,DRUSEN,drusen,OD,.jpg,0.12064807116985321
DRUSEN/90/024_Normal.jpg,DRUSEN-090,test,DRUSEN,normal,OD,.jpg,0.08897554874420166
DRUSEN/90/025_Normal.jpg,DRUSEN-090,test,DRUSEN,normal,OD,.jpg,0.1255072057247162
DRUSEN/90/026_Normal.jpg,DRUSEN-090,test,DRUSEN,normal,OD,.jpg,0.11731772124767303
DRUSEN/90/027_Normal.jpg,DRUSEN-090,test,DRUSEN,normal,OD,.jpg,0.10911126434803009
DRUSEN/90/028_Normal.jpg,DRUSEN-090,test,DRUSEN,normal,OD,.jpg,0.14104017615318298
DRUSEN/90/029_Normal.jpg,DRUSEN-090,test,DRUSEN,normal,OD,.jpg,0.1163988709449768
DRUSEN/90/030_Normal.jpg,DRUSEN-090,test,DRUSEN,normal,OD,.jpg,0.10016652196645737
DRUSEN/91/000_Normal.tif,DRUSEN-091,val,DRUSEN,normal,OS,.tif,0.10810881853103638
DRUSEN/91/001_Normal.tif,DRUSEN-091,test,DRUSEN,normal,OS,.tif,0.14254435896873474
DRUSEN/91/002_Normal.tif,DRUSEN-091,val,DRUSEN,normal,OS,.tif,0.1222480833530426
DRUSEN/91/003_Normal.tif,DRUSEN-091,test,DRUSEN,normal,OS,.tif,0.2016984224319458
DRUSEN/91/004_Normal.tif,DRUSEN-091,test,DRUSEN,normal,OS,.tif,0.1203472688794136
DRUSEN/91/005_Normal.tif,DRUSEN-091,test,DRUSEN,normal,OS,.tif,0.15548904240131378
DRUSEN/91/006_Normal.tif,DRUSEN-091,test,DRUSEN,normal,OS,.tif,0.12567993998527527
DRUSEN/91/007_Drusen.tif,DRUSEN-091,test,DRUSEN,drusen,OS,.tif,0.13552677631378174
DRUSEN/91/008_Drusen.tif,DRUSEN-091,test,DRUSEN,drusen,OS,.tif,0.11529848724603653
DRUSEN/91/009_Drusen.tif,DRUSEN-091,val,DRUSEN,drusen,OS,.tif,0.1503523588180542
DRUSEN/91/010_Drusen.tif,DRUSEN-091,test,DRUSEN,drusen,OS,.tif,0.136183500289917
DRUSEN/91/011_Drusen.tif,DRUSEN-091,val,DRUSEN,drusen,OS,.tif,0.10381177812814713
DRUSEN/91/012_Drusen.tif,DRUSEN-091,test,DRUSEN,drusen,OS,.tif,0.10794317722320557
DRUSEN/91/013_Drusen.tif,DRUSEN-091,val,DRUSEN,drusen,OS,.tif,0.19761329889297485
DRUSEN/91/014_Drusen.tif,DRUSEN-091,test,DRUSEN,drusen,OS,.tif,0.17181847989559174
DRUSEN/91/015_Drusen.tif,DRUSEN-091,test,DRUSEN,drusen,OS,.tif,0.15802180767059326
DRUSEN/91/016_Drusen.tif,DRUSEN-091,test,DRUSEN,drusen,OS,.tif,0.19959521293640137
DRUSEN/91/017_Drusen.tif,DRUSEN-091,test,DRUSEN,drusen,OS,.tif,0.20626576244831085
DRUSEN/91/018_Drusen.tif,DRUSEN-091,test,DRUSEN,drusen,OS,.tif,0.22296801209449768
DRUSEN/91/019_Drusen.tif,DRUSEN-091,test,DRUSEN,drusen,OS,.tif,0.14190249145030975
DRUSEN/91/020_Drusen.tif,DRUSEN-091,test,DRUSEN,drusen,OS,.tif,0.12747472524642944
DRUSEN/91/021_Drusen.tif,DRUSEN-091,test,DRUSEN,drusen,OS,.tif,0.11926491558551788
DRUSEN/91/022_Drusen.tif,DRUSEN-091,val,DRUSEN,drusen,OS,.tif,0.1483229100704193
DRUSEN/91/023_Drusen.tif,DRUSEN-091,test,DRUSEN,drusen,OS,.tif,0.11525706946849823
DRUSEN/91/024_Drusen.tif,DRUSEN-091,test,DRUSEN,drusen,OS,.tif,0.18821682035923004
DRUSEN/91/025_Drusen.tif,DRUSEN-091,val,DRUSEN,drusen,OS,.tif,0.14749209582805634
DRUSEN/91/026_Drusen.tif,DRUSEN-091,val,DRUSEN,drusen,OS,.tif,0.11809280514717102
DRUSEN/91/027_Drusen.tif,DRUSEN-091,test,DRUSEN,drusen,OS,.tif,0.11120135337114334
DRUSEN/91/028_Drusen.tif,DRUSEN-091,val,DRUSEN,drusen,OS,.tif,0.08351265639066696
DRUSEN/91/029_Normal.tif,DRUSEN-091,val,DRUSEN,normal,OS,.tif,0.08206713199615479
DRUSEN/91/030_Normal.tif,DRUSEN-091,test,DRUSEN,normal,OS,.tif,0.11608745157718658
DRUSEN/92/000_Normal.tif,DRUSEN-092,test,DRUSEN,normal,OD,.tif,0.16348905861377716
DRUSEN/92/001_Normal.tif,DRUSEN-092,test,DRUSEN,normal,OD,.tif,0.13825036585330963
DRUSEN/92/002_Normal.tif,DRUSEN-092,val,DRUSEN,normal,OD,.tif,0.1640131175518036
DRUSEN/92/003_Drusen.tif,DRUSEN-092,val,DRUSEN,drusen,OD,.tif,0.19991154968738556
DRUSEN/92/004_Drusen.tif,DRUSEN-092,val,DRUSEN,drusen,OD,.tif,0.1915009617805481
DRUSEN/92/005_Drusen.tif,DRUSEN-092,val,DRUSEN,drusen,OD,.tif,0.17257580161094666
DRUSEN/92/006_Drusen.tif,DRUSEN-092,val,DRUSEN,drusen,OD,.tif,0.11559254676103592
DRUSEN/92/007_Drusen.tif,DRUSEN-092,val,DRUSEN,drusen,OD,.tif,0.153467059135437
DRUSEN/92/008_Drusen.tif,DRUSEN-092,val,DRUSEN,drusen,OD,.tif,0.27526962757110596
DRUSEN/92/009_Drusen.tif,DRUSEN-092,val,DRUSEN,drusen,OD,.tif,0.24052724242210388
DRUSEN/92/010_Drusen.tif,DRUSEN-092,test,DRUSEN,drusen,OD,.tif,0.19296586513519287
DRUSEN/92/011_Drusen.tif,DRUSEN-092,test,DRUSEN,drusen,OD,.tif,0.21013209223747253
DRUSEN/92/012_Drusen.tif,DRUSEN-092,test,DRUSEN,drusen,OD,.tif,0.2654288411140442
DRUSEN/92/013_Drusen.tif,DRUSEN-092,test,DRUSEN,drusen,OD,.tif,0.18860600888729095
DRUSEN/92/014_Drusen.tif,DRUSEN-092,val,DRUSEN,drusen,OD,.tif,0.28285759687423706
DRUSEN/92/015_Drusen.tif,DRUSEN-092,test,DRUSEN,drusen,OD,.tif,0.29906517267227173
DRUSEN/92/016_Drusen.tif,DRUSEN-092,val,DRUSEN,drusen,OD,.tif,0.2241184413433075
DRUSEN/92/017_Drusen.tif,DRUSEN-092,test,DRUSEN,drusen,OD,.tif,0.21067988872528076
DRUSEN/92/018_Drusen.tif,DRUSEN-092,val,DRUSEN,drusen,OD,.tif,0.2562639117240906
DRUSEN/92/019_Drusen.tif,DRUSEN-092,test,DRUSEN,drusen,OD,.tif,0.23341062664985657
DRUSEN/92/020_Drusen.tif,DRUSEN-092,val,DRUSEN,drusen,OD,.tif,0.22359728813171387
DRUSEN/92/021_Drusen.tif,DRUSEN-092,test,DRUSEN,drusen,OD,.tif,0.1559717357158661
DRUSEN/92/022_Drusen.tif,DRUSEN-092,test,DRUSEN,drusen,OD,.tif,0.12233845144510269
DRUSEN/92/023_Drusen.tif,DRUSEN-092,test,DRUSEN,drusen,OD,.tif,0.1863880455493927
DRUSEN/92/024_Drusen.tif,DRUSEN-092,val,DRUSEN,drusen,OD,.tif,0.16669490933418274
DRUSEN/92/025_Drusen.tif,DRUSEN-092,test,DRUSEN,drusen,OD,.tif,0.11588601768016815
DRUSEN/92/026_Drusen.tif,DRUSEN-092,val,DRUSEN,drusen,OD,.tif,0.11611674726009369
DRUSEN/92/027_Drusen.tif,DRUSEN-092,val,DRUSEN,drusen,OD,.tif,0.11307278275489807
DRUSEN/92/028_Drusen.tif,DRUSEN-092,test,DRUSEN,drusen,OD,.tif,0.1565493941307068
DRUSEN/92/029_Drusen.tif,DRUSEN-092,test,DRUSEN,drusen,OD,.tif,0.13264843821525574
DRUSEN/92/030_Normal.tif,DRUSEN-092,val,DRUSEN,normal,OD,.tif,0.10831494629383087
DRUSEN/93/OD/000_Normal.tif,DRUSEN-093,val,DRUSEN,normal,OD,.tif,0.1870330572128296
DRUSEN/93/OD/001_Normal.tif,DRUSEN-093,val,DRUSEN,normal,OD,.tif,0.20139653980731964
DRUSEN/93/OD/002_Normal.tif,DRUSEN-093,val,DRUSEN,normal,OD,.tif,0.1880684345960617
DRUSEN/93/OD/003_Normal.tif,DRUSEN-093,test,DRUSEN,normal,OD,.tif,0.16310979425907135
DRUSEN/93/OD/004_Normal.tif,DRUSEN-093,test,DRUSEN,normal,OD,.tif,0.18549717962741852
DRUSEN/93/OD/005_Normal.tif,DRUSEN-093,test,DRUSEN,normal,OD,.tif,0.19880667328834534
DRUSEN/93/OD/006_Normal.tif,DRUSEN-093,val,DRUSEN,normal,OD,.tif,0.1710021048784256
DRUSEN/93/OD/007_DRusen.tif,DRUSEN-093,test,DRUSEN,drusen,OD,.tif,0.14797966182231903
DRUSEN/93/OD/008_DRusen.tif,DRUSEN-093,val,DRUSEN,drusen,OD,.tif,0.1626497507095337
DRUSEN/93/OD/009_DRusen.tif,DRUSEN-093,val,DRUSEN,drusen,OD,.tif,0.15087099373340607
DRUSEN/93/OD/010_DRusen.tif,DRUSEN-093,test,DRUSEN,drusen,OD,.tif,0.16152150928974152
DRUSEN/93/OD/011_DRusen.tif,DRUSEN-093,test,DRUSEN,drusen,OD,.tif,0.19664424657821655
DRUSEN/93/OD/012_DRusen.tif,DRUSEN-093,test,DRUSEN,drusen,OD,.tif,0.1716628074645996
DRUSEN/93/OD/013_DRusen.tif,DRUSEN-093,val,DRUSEN,drusen,OD,.tif,0.219638392329216
DRUSEN/93/OD/014_DRusen.tif,DRUSEN-093,val,DRUSEN,drusen,OD,.tif,0.20028719305992126
DRUSEN/93/OD/015_DRusen.tif,DRUSEN-093,val,DRUSEN,drusen,OD,.tif,0.2422185242176056
DRUSEN/93/OD/016_DRusen.tif,DRUSEN-093,test,DRUSEN,drusen,OD,.tif,0.2226254642009735
DRUSEN/93/OD/017_DRusen.tif,DRUSEN-093,val,DRUSEN,drusen,OD,.tif,0.2312292754650116
DRUSEN/93/OD/018_DRusen.tif,DRUSEN-093,val,DRUSEN,drusen,OD,.tif,0.23314665257930756
DRUSEN/93/OD/019_DRusen.tif,DRUSEN-093,val,DRUSEN,drusen,OD,.tif,0.18059124052524567
DRUSEN/93/OD/020_DRusen.tif,DRUSEN-093,test,DRUSEN,drusen,OD,.tif,0.2067783921957016
DRUSEN/93/OD/021_DRusen.tif,DRUSEN-093,test,DRUSEN,drusen,OD,.tif,0.18537917733192444
DRUSEN/93/OD/022_DRusen.tif,DRUSEN-093,test,DRUSEN,drusen,OD,.tif,0.1801779866218567
DRUSEN/93/OD/023_DRusen.tif,DRUSEN-093,val,DRUSEN,drusen,OD,.tif,0.1749817281961441
DRUSEN/93/OD/024_Normal.tif,DRUSEN-093,val,DRUSEN,normal,OD,.tif,0.19463708996772766
DRUSEN/93/OD/025_Normal.tif,DRUSEN-093,test,DRUSEN,normal,OD,.tif,0.22706931829452515
DRUSEN/93/OD/026_Normal.tif,DRUSEN-093,test,DRUSEN,normal,OD,.tif,0.23712915182113647
DRUSEN/93/OD/027_DRusen.tif,DRUSEN-093,val,DRUSEN,drusen,OD,.tif,0.2071196734905243
DRUSEN/93/OD/028_DRusen.tif,DRUSEN-093,test,DRUSEN,drusen,OD,.tif,0.2002444565296173
DRUSEN/93/OD/029_DRusen.tif,DRUSEN-093,test,DRUSEN,drusen,OD,.tif,0.19018569588661194
DRUSEN/93/OD/030_DRusen.tif,DRUSEN-093,test,DRUSEN,drusen,OD,.tif,0.19524691998958588
DRUSEN/93/OS/000_Normal.tif,DRUSEN-093,val,DRUSEN,normal,OS,.tif,0.19489729404449463
DRUSEN/93/OS/001_Normal.tif,DRUSEN-093,val,DRUSEN,normal,OS,.tif,0.1870160698890686
DRUSEN/93/OS/002_Normal.tif,DRUSEN-093,val,DRUSEN,normal,OS,.tif,0.17294803261756897
DRUSEN/93/OS/003_Drusen.tif,DRUSEN-093,test,DRUSEN,drusen,OS,.tif,0.18731987476348877
DRUSEN/93/OS/004_Drusen.tif,DRUSEN-093,test,DRUSEN,drusen,OS,.tif,0.164152592420578
DRUSEN/93/OS/005_Drusen.tif,DRUSEN-093,test,DRUSEN,drusen,OS,.tif,0.15550976991653442
DRUSEN/93/OS/006_Normal.tif,DRUSEN-093,val,DRUSEN,normal,OS,.tif,0.1275651454925537
DRUSEN/93/OS/007_Drusen.tif,DRUSEN-093,test,DRUSEN,drusen,OS,.tif,0.18833893537521362
DRUSEN/93/OS/008_Normal.tif,DRUSEN-093,test,DRUSEN,normal,OS,.tif,0.21530792117118835
DRUSEN/93/OS/009_Drusen.tif,DRUSEN-093,test,DRUSEN,drusen,OS,.tif,0.17718864977359772
DRUSEN/93/OS/010_Drusen.tif,DRUSEN-093,val,DRUSEN,drusen,OS,.tif,0.2106679081916809
DRUSEN/93/OS/011_Drusen.tif,DRUSEN-093,val,DRUSEN,drusen,OS,.tif,0.22353658080101013
DRUSEN/93/OS/012_Drusen.tif,DRUSEN-093,test,DRUSEN,drusen,OS,.tif,0.19692859053611755
DRUSEN/93/OS/013_Drusen.tif,DRUSEN-093,test,DRUSEN,drusen,OS,.tif,0.21896423399448395
DRUSEN/93/OS/014_Drusen.tif,DRUSEN-093,test,DRUSEN,drusen,OS,.tif,0.21157339215278625
DRUSEN/93/OS/015_Drusen.tif,DRUSEN-093,val,DRUSEN,drusen,OS,.tif,0.2481493204832077
DRUSEN/93/OS/016_Drusen.tif,DRUSEN-093,val,DRUSEN,drusen,OS,.tif,0.2271510362625122
DRUSEN/93/OS/017_Drusen.tif,DRUSEN-093,test,DRUSEN,drusen,OS,.tif,0.2111256718635559
DRUSEN/93/OS/018_Drusen.tif,DRUSEN-093,val,DRUSEN,drusen,OS,.tif,0.22449752688407898
DRUSEN/93/OS/019_Drusen.tif,DRUSEN-093,val,DRUSEN,drusen,OS,.tif,0.20462951064109802
DRUSEN/93/OS/020_Drusen.tif,DRUSEN-093,test,DRUSEN,drusen,OS,.tif,0.20897263288497925
DRUSEN/93/OS/021_Drusen.tif,DRUSEN-093,test,DRUSEN,drusen,OS,.tif,0.21968862414360046
DRUSEN/93/OS/022_Drusen.tif,DRUSEN-093,test,DRUSEN,drusen,OS,.tif,0.17384937405586243
DRUSEN/93/OS/023_Drusen.tif,DRUSEN-093,val,DRUSEN,drusen,OS,.tif,0.20360085368156433
DRUSEN/93/OS/024_Drusen.tif,DRUSEN-093,test,DRUSEN,drusen,OS,.tif,0.19411185383796692
DRUSEN/93/OS/025_Drusen.tif,DRUSEN-093,val,DRUSEN,drusen,OS,.tif,0.19630181789398193
DRUSEN/93/OS/026_Drusen.tif,DRUSEN-093,test,DRUSEN,drusen,OS,.tif,0.20728547871112823
DRUSEN/93/OS/027_Drusen.tif,DRUSEN-093,val,DRUSEN,drusen,OS,.tif,0.22381792962551117
DRUSEN/93/OS/028_Drusen.tif,DRUSEN-093,val,DRUSEN,drusen,OS,.tif,0.2280612289905548
DRUSEN/93/OS/029_Drusen.tif,DRUSEN-093,test,DRUSEN,drusen,OS,.tif,0.21708616614341736
DRUSEN/93/OS/030_Drusen.tif,DRUSEN-093,test,DRUSEN,drusen,OS,.tif,0.21777433156967163
DRUSEN/94/000_Normal.tif,DRUSEN-094,test,DRUSEN,normal,OS,.tif,0.20764026045799255
DRUSEN/94/001_Normal.tif,DRUSEN-094,test,DRUSEN,normal,OS,.tif,0.19734859466552734
DRUSEN/94/002_Normal.tif,DRUSEN-094,val,DRUSEN,normal,OS,.tif,0.2309417724609375
DRUSEN/94/003_Normal.tif,DRUSEN-094,test,DRUSEN,normal,OS,.tif,0.22184184193611145
DRUSEN/94/004_Normal.tif,DRUSEN-094,val,DRUSEN,normal,OS,.tif,0.20789189636707306
DRUSEN/94/005_Drusen.tif,DRUSEN-094,test,DRUSEN,drusen,OS,.tif,0.1538664549589157
DRUSEN/94/006_Normal.tif,DRUSEN-094,val,DRUSEN,normal,OS,.tif,0.19199137389659882
DRUSEN/94/007_Drusen.tif,DRUSEN-094,test,DRUSEN,drusen,OS,.tif,0.1731383055448532
DRUSEN/94/008_Drusen.tif,DRUSEN-094,val,DRUSEN,drusen,OS,.tif,0.1686466783285141
DRUSEN/94/009_Drusen.tif,DRUSEN-094,test,DRUSEN,drusen,OS,.tif,0.152066171169281
DRUSEN/94/010_Drusen.tif,DRUSEN-094,test,DRUSEN,drusen,OS,.tif,0.15486347675323486
DRUSEN/94/011_Drusen.tif,DRUSEN-094,test,DRUSEN,drusen,OS,.tif,0.1356731653213501
DRUSEN/94/012_Drusen.tif,DRUSEN-094,test,DRUSEN,drusen,OS,.tif,0.11273421347141266
DRUSEN/94/013_Drusen.tif,DRUSEN-094,val,DRUSEN,drusen,OS,.tif,0.11360872536897659
DRUSEN/94/014_Drusen.tif,DRUSEN-094,val,DRUSEN,drusen,OS,.tif,0.19283311069011688
DRUSEN/94/015_Drusen.tif,DRUSEN-094,val,DRUSEN,drusen,OS,.tif,0.1804865151643753
DRUSEN/94/016_Drusen.tif,DRUSEN-094,test,DRUSEN,drusen,OS,.tif,0.1477356106042862
DRUSEN/94/017_Drusen.tif,DRUSEN-094,test,DRUSEN,drusen,OS,.tif,0.17901292443275452
DRUSEN/94/018_Drusen.tif,DRUSEN-094,test,DRUSEN,drusen,OS,.tif,0.14407329261302948
DRUSEN/94/019_Drusen.tif,DRUSEN-094,val,DRUSEN,drusen,OS,.tif,0.19259008765220642
DRUSEN/94/020_Drusen.tif,DRUSEN-094,test,DRUSEN,drusen,OS,.tif,0.17214550077915192
DRUSEN/94/021_Drusen.tif,DRUSEN-094,test,DRUSEN,drusen,OS,.tif,0.13741005957126617
DRUSEN/94/022_Drusen.tif,DRUSEN-094,test,DRUSEN,drusen,OS,.tif,0.13973021507263184
DRUSEN/94/023_Drusen.tif,DRUSEN-094,val,DRUSEN,drusen,OS,.tif,0.12641340494155884
DRUSEN/94/024_Drusen.tif,DRUSEN-094,test,DRUSEN,drusen,OS,.tif,0.17358700931072235
DRUSEN/94/025_Drusen.tif,DRUSEN-094,val,DRUSEN,drusen,OS,.tif,0.16670627892017365
DRUSEN/94/026_Drusen.tif,DRUSEN-094,test,DRUSEN,drusen,OS,.tif,0.2118251919746399
DRUSEN/94/027_Drusen.tif,DRUSEN-094,test,DRUSEN,drusen,OS,.tif,0.21053127944469452
DRUSEN/94/028_Drusen.tif,DRUSEN-094,test,DRUSEN,drusen,OS,.tif,0.2407011091709137
DRUSEN/94/029_Normal.tif,DRUSEN-094,test,DRUSEN,normal,OS,.tif,0.21989557147026062
DRUSEN/94/030_Normal.tif,DRUSEN-094,test,DRUSEN,normal,OS,.tif,0.15177154541015625
DRUSEN/95/000_Drusen.tif,DRUSEN-095,test,DRUSEN,drusen,OD,.tif,0.21344450116157532
DRUSEN/95/001_Drusen.tif,DRUSEN-095,val,DRUSEN,drusen,OD,.tif,0.2647330164909363
DRUSEN/95/002_Drusen.tif,DRUSEN-095,test,DRUSEN,drusen,OD,.tif,0.17701473832130432
DRUSEN/95/003_Drusen.tif,DRUSEN-095,test,DRUSEN,drusen,OD,.tif,0.1671491265296936
DRUSEN/95/004_Drusen.tif,DRUSEN-095,test,DRUSEN,drusen,OD,.tif,0.15557941794395447
DRUSEN/95/005_Drusen.tif,DRUSEN-095,test,DRUSEN,drusen,OD,.tif,0.21905198693275452
DRUSEN/95/006_Drusen.tif,DRUSEN-095,test,DRUSEN,drusen,OD,.tif,0.1767098307609558
DRUSEN/95/007_Drusen.tif,DRUSEN-095,val,DRUSEN,drusen,OD,.tif,0.16997024416923523
DRUSEN/95/008_Drusen.tif,DRUSEN-095,test,DRUSEN,drusen,OD,.tif,0.1633465588092804
DRUSEN/95/009_Drusen.tif,DRUSEN-095,test,DRUSEN,drusen,OD,.tif,0.18710190057754517
DRUSEN/95/010_Drusen.tif,DRUSEN-095,val,DRUSEN,drusen,OD,.tif,0.17995905876159668
DRUSEN/95/011_Drusen.tif,DRUSEN-095,test,DRUSEN,drusen,OD,.tif,0.18334726989269257
DRUSEN/95/012_Drusen.tif,DRUSEN-095,val,DRUSEN,drusen,OD,.tif,0.1755387783050537
DRUSEN/95/013_Drusen.tif,DRUSEN-095,val,DRUSEN,drusen,OD,.tif,0.3100739121437073
DRUSEN/95/014_Drusen.tif,DRUSEN-095,test,DRUSEN,drusen,OD,.tif,0.22714495658874512
DRUSEN/95/015_Drusen.tif,DRUSEN-095,val,DRUSEN,drusen,OD,.tif,0.24228008091449738
DRUSEN/95/016_Drusen.tif,DRUSEN-095,test,DRUSEN,drusen,OD,.tif,0.24867680668830872
DRUSEN/95/017_Drusen.tif,DRUSEN-095,test,DRUSEN,drusen,OD,.tif,0.16650748252868652
DRUSEN/95/018_Drusen.tif,DRUSEN-095,test,DRUSEN,drusen,OD,.tif,0.1577293872833252
DRUSEN/95/019_Drusen.tif,DRUSEN-095,test,DRUSEN,drusen,OD,.tif,0.16183313727378845
DRUSEN/95/020_Drusen.tif,DRUSEN-095,test,DRUSEN,drusen,OD,.tif,0.2077387273311615
DRUSEN/95/021_Drusen.tif,DRUSEN-095,test,DRUSEN,drusen,OD,.tif,0.20139485597610474
DRUSEN/95/022_Drusen.tif,DRUSEN-095,val,DRUSEN,drusen,OD,.tif,0.23683419823646545
DRUSEN/95/023_Drusen.tif,DRUSEN-095,test,DRUSEN,drusen,OD,.tif,0.21996501088142395
DRUSEN/95/024_Drusen.tif,DRUSEN-095,test,DRUSEN,drusen,OD,.tif,0.23284846544265747
DRUSEN/95/025_Drusen.tif,DRUSEN-095,val,DRUSEN,drusen,OD,.tif,0.2352605164051056
DRUSEN/95/026_Drusen.tif,DRUSEN-095,test,DRUSEN,drusen,OD,.tif,0.2002452313899994
DRUSEN/95/027_Drusen.tif,DRUSEN-095,test,DRUSEN,drusen,OD,.tif,0.25904273986816406
DRUSEN/95/028_Drusen.tif,DRUSEN-095,test,DRUSEN,drusen,OD,.tif,0.1860903799533844
DRUSEN/95/029_Drusen.tif,DRUSEN-095,val,DRUSEN,drusen,OD,.tif,0.1825934648513794
DRUSEN/95/030_Drusen.tif,DRUSEN-095,val,DRUSEN,drusen,OD,.tif,0.2107827216386795
DRUSEN/96/OD/000_Normal.tif,DRUSEN-096,test,DRUSEN,normal,OD,.tif,0.14925310015678406
DRUSEN/96/OD/001_Normal.tif,DRUSEN-096,test,DRUSEN,normal,OD,.tif,0.10967211425304413
DRUSEN/96/OD/002_Normal.tif,DRUSEN-096,test,DRUSEN,normal,OD,.tif,0.13862019777297974
DRUSEN/96/OD/003_Normal.tif,DRUSEN-096,test,DRUSEN,normal,OD,.tif,0.13058292865753174
DRUSEN/96/OD/004_Normal.tif,DRUSEN-096,test,DRUSEN,normal,OD,.tif,0.17485615611076355
DRUSEN/96/OD/005_Drusen.tif,DRUSEN-096,test,DRUSEN,drusen,OD,.tif,0.14426225423812866
DRUSEN/96/OD/006_Drusen.tif,DRUSEN-096,val,DRUSEN,drusen,OD,.tif,0.129591703414917
DRUSEN/96/OD/007_Drusen.tif,DRUSEN-096,test,DRUSEN,drusen,OD,.tif,0.10345601290464401
DRUSEN/96/OD/008_Drusen.tif,DRUSEN-096,test,DRUSEN,drusen,OD,.tif,0.13709792494773865
DRUSEN/96/OD/009_Drusen.tif,DRUSEN-096,val,DRUSEN,drusen,OD,.tif,0.13663773238658905
DRUSEN/96/OD/010_Drusen.tif,DRUSEN-096,test,DRUSEN,drusen,OD,.tif,0.18034857511520386
DRUSEN/96/OD/011_Drusen.tif,DRUSEN-096,test,DRUSEN,drusen,OD,.tif,0.23824861645698547
DRUSEN/96/OD/012_Drusen.tif,DRUSEN-096,test,DRUSEN,drusen,OD,.tif,0.21360042691230774
DRUSEN/96/OD/013_Drusen.tif,DRUSEN-096,test,DRUSEN,drusen,OD,.tif,0.18247486650943756
DRUSEN/96/OD/014_Drusen.tif,DRUSEN-096,test,DRUSEN,drusen,OD,.tif,0.23138312995433807
DRUSEN/96/OD/015_Drusen.tif,DRUSEN-096,test,DRUSEN,drusen,OD,.tif,0.22289399802684784
DRUSEN/96/OD/016_Drusen.tif,DRUSEN-096,val,DRUSEN,drusen,OD,.tif,0.24064907431602478
DRUSEN/96/OD/017_Drusen.tif,DRUSEN-096,test,DRUSEN,drusen,OD,.tif,0.26547038555145264
DRUSEN/96/OD/018_Drusen.tif,DRUSEN-096,val,DRUSEN,drusen,OD,.tif,0.22507432103157043
DRUSEN/96/OD/019_Drusen.tif,DRUSEN-096,test,DRUSEN,drusen,OD,.tif,0.20518168807029724
DRUSEN/96/OD/020_Drusen.tif,DRUSEN-096,val,DRUSEN,drusen,OD,.tif,0.14889779686927795
DRUSEN/96/OD/021_Drusen.tif,DRUSEN-096,val,DRUSEN,drusen,OD,.tif,0.18401896953582764
DRUSEN/96/OD/022_Drusen.tif,DRUSEN-096,val,DRUSEN,drusen,OD,.tif,0.14651575684547424
DRUSEN/96/OD/023_Drusen.tif,DRUSEN-096,test,DRUSEN,drusen,OD,.tif,0.17508798837661743
DRUSEN/96/OD/024_Drusen.tif,DRUSEN-096,val,DRUSEN,drusen,OD,.tif,0.18746024370193481
DRUSEN/96/OD/025_Drusen.tif,DRUSEN-096,test,DRUSEN,drusen,OD,.tif,0.1690962165594101
DRUSEN/96/OD/026_Drusen.tif,DRUSEN-096,test,DRUSEN,drusen,OD,.tif,0.17840808629989624
DRUSEN/96/OD/027_Drusen.tif,DRUSEN-096,val,DRUSEN,drusen,OD,.tif,0.16055966913700104
DRUSEN/96/OD/028_Drusen.tif,DRUSEN-096,val,DRUSEN,drusen,OD,.tif,0.16660183668136597
DRUSEN/96/OD/029_Drusen.tif,DRUSEN-096,test,DRUSEN,drusen,OD,.tif,0.16874924302101135
DRUSEN/96/OD/030_Drusen.tif,DRUSEN-096,test,DRUSEN,drusen,OD,.tif,0.15354837477207184
DRUSEN/96/OS/000_Normal.tif,DRUSEN-096,val,DRUSEN,normal,OS,.tif,0.12211726605892181
DRUSEN/96/OS/001_Normal.tif,DRUSEN-096,val,DRUSEN,normal,OS,.tif,0.14259153604507446
DRUSEN/96/OS/002_Normal.tif,DRUSEN-096,test,DRUSEN,normal,OS,.tif,0.12405583262443542
DRUSEN/96/OS/003_Normal.tif,DRUSEN-096,test,DRUSEN,normal,OS,.tif,0.09857521951198578
DRUSEN/96/OS/004_Normal.tif,DRUSEN-096,test,DRUSEN,normal,OS,.tif,0.10943103581666946
DRUSEN/96/OS/005_Normal.tif,DRUSEN-096,val,DRUSEN,normal,OS,.tif,0.09975834935903549
DRUSEN/96/OS/006_Drusen.tif,DRUSEN-096,test,DRUSEN,drusen,OS,.tif,0.15303665399551392
DRUSEN/96/OS/007_Drusen.tif,DRUSEN-096,test,DRUSEN,drusen,OS,.tif,0.15401768684387207
DRUSEN/96/OS/008_Drusen.tif,DRUSEN-096,test,DRUSEN,drusen,OS,.tif,0.12845607101917267
DRUSEN/96/OS/009_Drusen.tif,DRUSEN-096,val,DRUSEN,drusen,OS,.tif,0.14497199654579163
DRUSEN/96/OS/010_Drusen.tif,DRUSEN-096,test,DRUSEN,drusen,OS,.tif,0.16097205877304077
DRUSEN/96/OS/011_Drusen.tif,DRUSEN-096,val,DRUSEN,drusen,OS,.tif,0.15520066022872925
DRUSEN/96/OS/012_Drusen.tif,DRUSEN-096,val,DRUSEN,drusen,OS,.tif,0.1980648636817932
DRUSEN/96/OS/013_Drusen.tif,DRUSEN-096,test,DRUSEN,drusen,OS,.tif,0.20288439095020294
DRUSEN/96/OS/014_Drusen.tif,DRUSEN-096,test,DRUSEN,drusen,OS,.tif,0.21802879869937897
DRUSEN/96/OS/015_Drusen.tif,DRUSEN-096,val,DRUSEN,drusen,OS,.tif,0.2678362727165222
DRUSEN/96/OS/016_Drusen.tif,DRUSEN-096,test,DRUSEN,drusen,OS,.tif,0.2465118169784546
DRUSEN/96/OS/017_Drusen.tif,DRUSEN-096,test,DRUSEN,drusen,OS,.tif,0.2050529420375824
DRUSEN/96/OS/018_Drusen.tif,DRUSEN-096,test,DRUSEN,drusen,OS,.tif,0.1629081666469574
DRUSEN/96/OS/019_Drusen.tif,DRUSEN-096,test,DRUSEN,drusen,OS,.tif,0.15049529075622559
DRUSEN/96/OS/020_Drusen.tif,DRUSEN-096,val,DRUSEN,drusen,OS,.tif,0.20560160279273987
DRUSEN/96/OS/021_Drusen.tif,DRUSEN-096,val,DRUSEN,drusen,OS,.tif,0.169063538312912
DRUSEN/96/OS/022_Drusen.tif,DRUSEN-096,test,DRUSEN,drusen,OS,.tif,0.11807818710803986
DRUSEN/96/OS/023_Drusen.tif,DRUSEN-096,test,DRUSEN,drusen,OS,.tif,0.09962248057126999
DRUSEN/96/OS/024_Drusen.tif,DRUSEN-096,test,DRUSEN,drusen,OS,.tif,0.10439752787351608
DRUSEN/96/OS/025_Drusen.tif,DRUSEN-096,test,DRUSEN,drusen,OS,.tif,0.11612236499786377
DRUSEN/96/OS/026_Drusen.tif,DRUSEN-096,val,DRUSEN,drusen,OS,.tif,0.15276294946670532
DRUSEN/96/OS/027_Drusen.tif,DRUSEN-096,test,DRUSEN,drusen,OS,.tif,0.1449461579322815
DRUSEN/96/OS/028_Drusen.tif,DRUSEN-096,val,DRUSEN,drusen,OS,.tif,0.13341549038887024
DRUSEN/96/OS/029_Drusen.tif,DRUSEN-096,test,DRUSEN,drusen,OS,.tif,0.1378720998764038
DRUSEN/96/OS/030_Drusen.tif,DRUSEN-096,val,DRUSEN,drusen,OS,.tif,0.15731221437454224
DRUSEN/97/000_Normal.tif,DRUSEN-097,val,DRUSEN,normal,OS,.tif,0.16659727692604065
DRUSEN/97/001_Normal.tif,DRUSEN-097,test,DRUSEN,normal,OS,.tif,0.2040884792804718
DRUSEN/97/002_Drusen.tif,DRUSEN-097,val,DRUSEN,drusen,OS,.tif,0.16570726037025452
DRUSEN/97/003_Drusen.tif,DRUSEN-097,test,DRUSEN,drusen,OS,.tif,0.13508877158164978
DRUSEN/97/004_Drusen.tif,DRUSEN-097,val,DRUSEN,drusen,OS,.tif,0.1345965564250946
DRUSEN/97/005_Drusen.tif,DRUSEN-097,val,DRUSEN,drusen,OS,.tif,0.10834027826786041
DRUSEN/97/006_Drusen.tif,DRUSEN-097,test,DRUSEN,drusen,OS,.tif,0.09884139150381088
DRUSEN/97/007_Drusen.tif,DRUSEN-097,test,DRUSEN,drusen,OS,.tif,0.10288979113101959
DRUSEN/97/008_Drusen.tif,DRUSEN-097,val,DRUSEN,drusen,OS,.tif,0.11522745341062546
DRUSEN/97/009_Drusen.tif,DRUSEN-097,val,DRUSEN,drusen,OS,.tif,0.11463740468025208
DRUSEN/97/010_Drusen.tif,DRUSEN-097,test,DRUSEN,drusen,OS,.tif,0.09677740186452866
DRUSEN/97/011_Drusen.tif,DRUSEN-097,test,DRUSEN,drusen,OS,.tif,0.11038831621408463
DRUSEN/97/012_Drusen.tif,DRUSEN-097,test,DRUSEN,drusen,OS,.tif,0.10453978925943375
DRUSEN/97/013_Drusen.tif,DRUSEN-097,val,DRUSEN,drusen,OS,.tif,0.10307523608207703
DRUSEN/97/014_Drusen.tif,DRUSEN-097,val,DRUSEN,drusen,OS,.tif,0.11421377956867218
DRUSEN/97/015_Drusen.tif,DRUSEN-097,test,DRUSEN,drusen,OS,.tif,0.19974619150161743
DRUSEN/97/016_Drusen.tif,DRUSEN-097,test,DRUSEN,drusen,OS,.tif,0.1630653440952301
DRUSEN/97/017_Drusen.tif,DRUSEN-097,test,DRUSEN,drusen,OS,.tif,0.1226726770401001
DRUSEN/97/018_Drusen.tif,DRUSEN-097,test,DRUSEN,drusen,OS,.tif,0.09833492338657379
DRUSEN/97/019_Drusen.tif,DRUSEN-097,test,DRUSEN,drusen,OS,.tif,0.12426416575908661
DRUSEN/97/020_Drusen.tif,DRUSEN-097,val,DRUSEN,drusen,OS,.tif,0.08953014016151428
DRUSEN/97/021_Drusen.tif,DRUSEN-097,val,DRUSEN,drusen,OS,.tif,0.11219900846481323
DRUSEN/97/022_Drusen.tif,DRUSEN-097,test,DRUSEN,drusen,OS,.tif,0.09995542466640472
DRUSEN/97/023_Drusen.tif,DRUSEN-097,test,DRUSEN,drusen,OS,.tif,0.14644941687583923
DRUSEN/97/024_Drusen.tif,DRUSEN-097,test,DRUSEN,drusen,OS,.tif,0.13580074906349182
DRUSEN/97/025_Drusen.tif,DRUSEN-097,test,DRUSEN,drusen,OS,.tif,0.14505429565906525
DRUSEN/97/026_Drusen.tif,DRUSEN-097,test,DRUSEN,drusen,OS,.tif,0.16975833475589752
DRUSEN/97/027_Drusen.tif,DRUSEN-097,test,DRUSEN,drusen,OS,.tif,0.17439156770706177
DRUSEN/97/028_Drusen.tif,DRUSEN-097,test,DRUSEN,drusen,OS,.tif,0.18790915608406067
DRUSEN/97/029_Drusen.tif,DRUSEN-097,test,DRUSEN,drusen,OS,.tif,0.159153550863266
DRUSEN/97/030_Drusen.tif,DRUSEN-097,test,DRUSEN,drusen,OS,.tif,0.16336983442306519
DRUSEN/99/000_Drusen.tif,DRUSEN-099,test,DRUSEN,drusen,OS,.tif,0.1272757351398468
DRUSEN/99/001_Drusen.tif,DRUSEN-099,test,DRUSEN,drusen,OS,.tif,0.14255350828170776
DRUSEN/99/002_Drusen.tif,DRUSEN-099,test,DRUSEN,drusen,OS,.tif,0.1289251148700714
DRUSEN/99/003_Drusen.tif,DRUSEN-099,val,DRUSEN,drusen,OS,.tif,0.15694889426231384
DRUSEN/99/004_Drusen.tif,DRUSEN-099,test,DRUSEN,drusen,OS,.tif,0.13011036813259125
DRUSEN/99/005_Drusen.tif,DRUSEN-099,test,DRUSEN,drusen,OS,.tif,0.12051192671060562
DRUSEN/99/006_Drusen.tif,DRUSEN-099,test,DRUSEN,drusen,OS,.tif,0.14673155546188354
DRUSEN/99/007_Drusen.tif,DRUSEN-099,test,DRUSEN,drusen,OS,.tif,0.13146275281906128
DRUSEN/99/008_Drusen.tif,DRUSEN-099,test,DRUSEN,drusen,OS,.tif,0.13364441692829132
DRUSEN/99/009_Drusen.tif,DRUSEN-099,test,DRUSEN,drusen,OS,.tif,0.16035789251327515
DRUSEN/99/010_Drusen.tif,DRUSEN-099,val,DRUSEN,drusen,OS,.tif,0.16491425037384033
DRUSEN/99/011_Drusen.tif,DRUSEN-099,test,DRUSEN,drusen,OS,.tif,0.165716290473938
DRUSEN/99/012_Drusen.tif,DRUSEN-099,val,DRUSEN,drusen,OS,.tif,0.16807737946510315
DRUSEN/99/013_Drusen.tif,DRUSEN-099,test,DRUSEN,drusen,OS,.tif,0.1975368857383728
DRUSEN/99/014_Drusen.tif,DRUSEN-099,test,DRUSEN,drusen,OS,.tif,0.1735064685344696
DRUSEN/99/015_Drusen.tif,DRUSEN-099,test,DRUSEN,drusen,OS,.tif,0.1834174543619156
DRUSEN/99/016_Drusen.tif,DRUSEN-099,val,DRUSEN,drusen,OS,.tif,0.20987622439861298
DRUSEN/99/017_Drusen.tif,DRUSEN-099,test,DRUSEN,drusen,OS,.tif,0.26118648052215576
DRUSEN/99/018_Drusen.tif,DRUSEN-099,test,DRUSEN,drusen,OS,.tif,0.184452623128891
DRUSEN/99/019_Drusen.tif,DRUSEN-099,test,DRUSEN,drusen,OS,.tif,0.17171260714530945
DRUSEN/99/020_Drusen.tif,DRUSEN-099,test,DRUSEN,drusen,OS,.tif,0.15565411746501923
DRUSEN/99/021_Drusen.tif,DRUSEN-099,val,DRUSEN,drusen,OS,.tif,0.1754821538925171
DRUSEN/99/022_Drusen.tif,DRUSEN-099,test,DRUSEN,drusen,OS,.tif,0.1667158156633377
DRUSEN/99/023_Drusen.tif,DRUSEN-099,test,DRUSEN,drusen,OS,.tif,0.14957624673843384
DRUSEN/99/024_Drusen.tif,DRUSEN-099,test,DRUSEN,drusen,OS,.tif,0.12135414779186249
DRUSEN/99/025_Drusen.tif,DRUSEN-099,val,DRUSEN,drusen,OS,.tif,0.1042691171169281
DRUSEN/99/026_Drusen.tif,DRUSEN-099,test,DRUSEN,drusen,OS,.tif,0.09896721690893173
DRUSEN/99/027_Drusen.tif,DRUSEN-099,val,DRUSEN,drusen,OS,.tif,0.1191699206829071
DRUSEN/99/028_Drusen.tif,DRUSEN-099,test,DRUSEN,drusen,OS,.tif,0.1079651415348053
DRUSEN/99/029_Drusen.tif,DRUSEN-099,val,DRUSEN,drusen,OS,.tif,0.10293690860271454
DRUSEN/99/030_Drusen.tif,DRUSEN-099,test,DRUSEN,drusen,OS,.tif,0.15153297781944275
DRUSEN/100/000_Normal.tif,DRUSEN-100,test,DRUSEN,normal,OS,.tif,0.22235427796840668
DRUSEN/100/001_Normal.tif,DRUSEN-100,val,DRUSEN,normal,OS,.tif,0.15252256393432617
DRUSEN/100/002_Normal.tif,DRUSEN-100,val,DRUSEN,normal,OS,.tif,0.13787898421287537
DRUSEN/100/003_Normal.tif,DRUSEN-100,test,DRUSEN,normal,OS,.tif,0.12617120146751404
DRUSEN/100/004_Drusen.tif,DRUSEN-100,val,DRUSEN,drusen,OS,.tif,0.14860016107559204
DRUSEN/100/005_Drusen.tif,DRUSEN-100,test,DRUSEN,drusen,OS,.tif,0.13554859161376953
DRUSEN/100/006_Drusen.tif,DRUSEN-100,test,DRUSEN,drusen,OS,.tif,0.1158619225025177
DRUSEN/100/007_Drusen.tif,DRUSEN-100,test,DRUSEN,drusen,OS,.tif,0.14345957338809967
DRUSEN/100/008_Drusen.tif,DRUSEN-100,test,DRUSEN,drusen,OS,.tif,0.13717618584632874
DRUSEN/100/009_Drusen.tif,DRUSEN-100,test,DRUSEN,drusen,OS,.tif,0.11316931992769241
DRUSEN/100/010_Drusen.tif,DRUSEN-100,val,DRUSEN,drusen,OS,.tif,0.08683709055185318
DRUSEN/100/011_Drusen.tif,DRUSEN-100,val,DRUSEN,drusen,OS,.tif,0.10322598367929459
DRUSEN/100/012_Drusen.tif,DRUSEN-100,test,DRUSEN,drusen,OS,.tif,0.10191786289215088
DRUSEN/100/013_Drusen.tif,DRUSEN-100,val,DRUSEN,drusen,OS,.tif,0.12616926431655884
DRUSEN/100/014_Drusen.tif,DRUSEN-100,val,DRUSEN,drusen,OS,.tif,0.08923260867595673
DRUSEN/100/015_Drusen.tif,DRUSEN-100,test,DRUSEN,drusen,OS,.tif,0.13760775327682495
DRUSEN/100/016_Drusen.tif,DRUSEN-100,val,DRUSEN,drusen,OS,.tif,0.13567215204238892
DRUSEN/100/017_Drusen.tif,DRUSEN-100,test,DRUSEN,drusen,OS,.tif,0.17546924948692322
DRUSEN/100/018_Drusen.tif,DRUSEN-100,test,DRUSEN,drusen,OS,.tif,0.13855938613414764
DRUSEN/100/019_Drusen.tif,DRUSEN-100,test,DRUSEN,drusen,OS,.tif,0.15313982963562012
DRUSEN/100/020_Drusen.tif,DRUSEN-100,test,DRUSEN,drusen,OS,.tif,0.12573888897895813
DRUSEN/100/021_Drusen.tif,DRUSEN-100,test,DRUSEN,drusen,OS,.tif,0.11289311200380325
DRUSEN/100/022_Drusen.tif,DRUSEN-100,test,DRUSEN,drusen,OS,.tif,0.08804124593734741
DRUSEN/100/023_Drusen.tif,DRUSEN-100,test,DRUSEN,drusen,OS,.tif,0.13412988185882568
DRUSEN/100/024_Drusen.tif,DRUSEN-100,val,DRUSEN,drusen,OS,.tif,0.11330536752939224
DRUSEN/100/025_Drusen.tif,DRUSEN-100,val,DRUSEN,drusen,OS,.tif,0.12317105382680893
DRUSEN/100/026_Drusen.tif,DRUSEN-100,test,DRUSEN,drusen,OS,.tif,0.11458833515644073
DRUSEN/100/027_Drusen.tif,DRUSEN-100,val,DRUSEN,drusen,OS,.tif,0.1066037267446518
DRUSEN/100/028_Drusen.tif,DRUSEN-100,val,DRUSEN,drusen,OS,.tif,0.09947887808084488
DRUSEN/100/029_Drusen.tif,DRUSEN-100,test,DRUSEN,drusen,OS,.tif,0.09873971343040466
DRUSEN/100/030_Drusen.tif,DRUSEN-100,val,DRUSEN,drusen,OS,.tif,0.09835170209407806
DRUSEN/101/000_Normal.jpg,DRUSEN-101,val,DRUSEN,normal,OD,.jpg,0.12801611423492432
DRUSEN/101/001_Normal.jpg,DRUSEN-101,test,DRUSEN,normal,OD,.jpg,0.18438321352005005
DRUSEN/101/002_Normal.jpg,DRUSEN-101,test,DRUSEN,normal,OD,.jpg,0.1459449976682663
DRUSEN/101/003_Normal.jpg,DRUSEN-101,test,DRUSEN,normal,OD,.jpg,0.14714738726615906
DRUSEN/101/004_Drusen.jpg,DRUSEN-101,val,DRUSEN,drusen,OD,.jpg,0.1823725700378418
DRUSEN/101/005_Normal.jpg,DRUSEN-101,val,DRUSEN,normal,OD,.jpg,0.12426972389221191
DRUSEN/101/006_Drusen.jpg,DRUSEN-101,test,DRUSEN,drusen,OD,.jpg,0.176402747631073
DRUSEN/101/007_Drusen.jpg,DRUSEN-101,test,DRUSEN,drusen,OD,.jpg,0.1696833372116089
DRUSEN/101/008_Drusen.jpg,DRUSEN-101,val,DRUSEN,drusen,OD,.jpg,0.14908254146575928
DRUSEN/101/009_Drusen.jpg,DRUSEN-101,val,DRUSEN,drusen,OD,.jpg,0.13414347171783447
DRUSEN/101/010_Drusen.jpg,DRUSEN-101,test,DRUSEN,drusen,OD,.jpg,0.15092402696609497
DRUSEN/101/011_Drusen.jpg,DRUSEN-101,test,DRUSEN,drusen,OD,.jpg,0.15504670143127441
DRUSEN/101/012_Drusen.jpg,DRUSEN-101,test,DRUSEN,drusen,OD,.jpg,0.18392512202262878
DRUSEN/101/013_Drusen.jpg,DRUSEN-101,val,DRUSEN,drusen,OD,.jpg,0.18660137057304382
DRUSEN/101/014_Drusen.jpg,DRUSEN-101,test,DRUSEN,drusen,OD,.jpg,0.1908741593360901
DRUSEN/101/015_Drusen.jpg,DRUSEN-101,val,DRUSEN,drusen,OD,.jpg,0.2944433391094208
DRUSEN/101/016_Drusen.jpg,DRUSEN-101,test,DRUSEN,drusen,OD,.jpg,0.16034135222434998
DRUSEN/101/017_Drusen.jpg,DRUSEN-101,val,DRUSEN,drusen,OD,.jpg,0.14232641458511353
DRUSEN/101/018_Drusen.jpg,DRUSEN-101,test,DRUSEN,drusen,OD,.jpg,0.1594151258468628
DRUSEN/101/019_Drusen.jpg,DRUSEN-101,test,DRUSEN,drusen,OD,.jpg,0.13050995767116547
DRUSEN/101/020_Drusen.jpg,DRUSEN-101,test,DRUSEN,drusen,OD,.jpg,0.1382255107164383
DRUSEN/101/021_Drusen.jpg,DRUSEN-101,val,DRUSEN,drusen,OD,.jpg,0.13475745916366577
DRUSEN/101/022_Drusen.jpg,DRUSEN-101,test,DRUSEN,drusen,OD,.jpg,0.10900607705116272
DRUSEN/101/023_Normal.jpg,DRUSEN-101,val,DRUSEN,normal,OD,.jpg,0.09545813500881195
DRUSEN/101/024_Normal.jpg,DRUSEN-101,test,DRUSEN,normal,OD,.jpg,0.16062748432159424
DRUSEN/101/025_Normal.jpg,DRUSEN-101,test,DRUSEN,normal,OD,.jpg,0.11512186378240585
DRUSEN/101/026_Normal.jpg,DRUSEN-101,test,DRUSEN,normal,OD,.jpg,0.12686066329479218
DRUSEN/101/027_Drusen.jpg,DRUSEN-101,test,DRUSEN,drusen,OD,.jpg,0.11128849536180496
DRUSEN/101/028_Drusen.jpg,DRUSEN-101,test,DRUSEN,drusen,OD,.jpg,0.0837365984916687
DRUSEN/101/029_Drusen.jpg,DRUSEN-101,test,DRUSEN,drusen,OD,.jpg,0.1091945618391037
DRUSEN/101/030_Drusen.jpg,DRUSEN-101,test,DRUSEN,drusen,OD,.jpg,0.10045911371707916
DRUSEN/102/000_Normal.jpg,DRUSEN-102,val,DRUSEN,normal,OS,.jpg,0.13589361310005188
DRUSEN/102/001_Normal.jpg,DRUSEN-102,val,DRUSEN,normal,OS,.jpg,0.18711629509925842
DRUSEN/102/002_Normal.jpg,DRUSEN-102,test,DRUSEN,normal,OS,.jpg,0.11708620190620422
DRUSEN/102/003_Normal.jpg,DRUSEN-102,val,DRUSEN,normal,OS,.jpg,0.11556532233953476
DRUSEN/102/004_Normal.jpg,DRUSEN-102,val,DRUSEN,normal,OS,.jpg,0.10405835509300232
DRUSEN/102/005_Normal.jpg,DRUSEN-102,test,DRUSEN,normal,OS,.jpg,0.13478030264377594
DRUSEN/102/006_Normal.jpg,DRUSEN-102,test,DRUSEN,normal,OS,.jpg,0.14589257538318634
DRUSEN/102/007_Normal.jpg,DRUSEN-102,test,DRUSEN,normal,OS,.jpg,0.13680550456047058
DRUSEN/102/008_Drusen.jpg,DRUSEN-102,test,DRUSEN,drusen,OS,.jpg,0.12370064854621887
DRUSEN/102/009_Drusen.jpg,DRUSEN-102,val,DRUSEN,drusen,OS,.jpg,0.1594347059726715
DRUSEN/102/010_Normal.jpg,DRUSEN-102,test,DRUSEN,normal,OS,.jpg,0.21826402842998505
DRUSEN/102/011_Drusen.jpg,DRUSEN-102,val,DRUSEN,drusen,OS,.jpg,0.1859559863805771
DRUSEN/102/012_Drusen.jpg,DRUSEN-102,test,DRUSEN,drusen,OS,.jpg,0.18686115741729736
DRUSEN/102/013_Drusen.jpg,DRUSEN-102,test,DRUSEN,drusen,OS,.jpg,0.26811981201171875
DRUSEN/102/014_Drusen.jpg,DRUSEN-102,test,DRUSEN,drusen,OS,.jpg,0.37218722701072693
DRUSEN/102/015_Drusen.jpg,DRUSEN-102,val,DRUSEN,drusen,OS,.jpg,0.35572201013565063
DRUSEN/102/016_Drusen.jpg,DRUSEN-102,test,DRUSEN,drusen,OS,.jpg,0.27686426043510437
DRUSEN/102/017_Drusen.jpg,DRUSEN-102,val,DRUSEN,drusen,OS,.jpg,0.17293839156627655
DRUSEN/102/018_Drusen.jpg,DRUSEN-102,test,DRUSEN,drusen,OS,.jpg,0.14301539957523346
DRUSEN/102/019_Drusen.jpg,DRUSEN-102,val,DRUSEN,drusen,OS,.jpg,0.12469851970672607
DRUSEN/102/020_Normal.jpg,DRUSEN-102,test,DRUSEN,normal,OS,.jpg,0.11563745886087418
DRUSEN/102/021_Normal.jpg,DRUSEN-102,test,DRUSEN,normal,OS,.jpg,0.08385325968265533
DRUSEN/102/022_Normal.jpg,DRUSEN-102,test,DRUSEN,normal,OS,.jpg,0.11426951736211777
DRUSEN/102/023_Normal.jpg,DRUSEN-102,val,DRUSEN,normal,OS,.jpg,0.10047053545713425
DRUSEN/102/024_Normal.jpg,DRUSEN-102,test,DRUSEN,normal,OS,.jpg,0.14334458112716675
DRUSEN/102/025_Normal.jpg,DRUSEN-102,test,DRUSEN,normal,OS,.jpg,0.14042428135871887
DRUSEN/102/026_Normal.jpg,DRUSEN-102,test,DRUSEN,normal,OS,.jpg,0.14116601645946503
DRUSEN/102/027_Normal.jpg,DRUSEN-102,test,DRUSEN,normal,OS,.jpg,0.12868130207061768
DRUSEN/102/028_Normal.jpg,DRUSEN-102,val,DRUSEN,normal,OS,.jpg,0.12459342181682587
DRUSEN/102/029_Normal.jpg,DRUSEN-102,test,DRUSEN,normal,OS,.jpg,0.16422626376152039
DRUSEN/102/030_Normal.jpg,DRUSEN-102,val,DRUSEN,normal,OS,.jpg,0.2002028077840805
DRUSEN/104/OD/000_Normal.tif,DRUSEN-104,val,DRUSEN,normal,OD,.tif,0.1643056571483612
DRUSEN/104/OD/001_Normal.tif,DRUSEN-104,test,DRUSEN,normal,OD,.tif,0.14407338201999664
DRUSEN/104/OD/002_Normal.tif,DRUSEN-104,test,DRUSEN,normal,OD,.tif,0.1552535593509674
DRUSEN/104/OD/003_Normal.tif,DRUSEN-104,val,DRUSEN,normal,OD,.tif,0.16578106582164764
DRUSEN/104/OD/004_Normal.tif,DRUSEN-104,val,DRUSEN,normal,OD,.tif,0.16690267622470856
DRUSEN/104/OD/005_Normal.tif,DRUSEN-104,test,DRUSEN,normal,OD,.tif,0.1633836030960083
DRUSEN/104/OD/006_Normal.tif,DRUSEN-104,val,DRUSEN,normal,OD,.tif,0.14823797345161438
DRUSEN/104/OD/007_Drusen.tif,DRUSEN-104,val,DRUSEN,drusen,OD,.tif,0.16443443298339844
DRUSEN/104/OD/008_Drusen.tif,DRUSEN-104,val,DRUSEN,drusen,OD,.tif,0.12085303664207458
DRUSEN/104/OD/009_Drusen.tif,DRUSEN-104,test,DRUSEN,drusen,OD,.tif,0.08699982613325119
DRUSEN/104/OD/010_Drusen.tif,DRUSEN-104,test,DRUSEN,drusen,OD,.tif,0.11582493036985397
DRUSEN/104/OD/011_Drusen.tif,DRUSEN-104,val,DRUSEN,drusen,OD,.tif,0.14670975506305695
DRUSEN/104/OD/012_Drusen.tif,DRUSEN-104,val,DRUSEN,drusen,OD,.tif,0.20910072326660156
DRUSEN/104/OD/013_Drusen.tif,DRUSEN-104,test,DRUSEN,drusen,OD,.tif,0.23805734515190125
DRUSEN/104/OD/014_Drusen.tif,DRUSEN-104,val,DRUSEN,drusen,OD,.tif,0.33122408390045166
DRUSEN/104/OD/015_Drusen.tif,DRUSEN-104,test,DRUSEN,drusen,OD,.tif,0.305004358291626
DRUSEN/104/OD/016_Drusen.tif,DRUSEN-104,val,DRUSEN,drusen,OD,.tif,0.22196735441684723
DRUSEN/104/OD/017_Drusen.tif,DRUSEN-104,val,DRUSEN,drusen,OD,.tif,0.16581666469573975
DRUSEN/104/OD/018_Drusen.tif,DRUSEN-104,test,DRUSEN,drusen,OD,.tif,0.19070802628993988
DRUSEN/104/OD/019_Drusen.tif,DRUSEN-104,test,DRUSEN,drusen,OD,.tif,0.14236152172088623
DRUSEN/104/OD/020_Drusen.tif,DRUSEN-104,val,DRUSEN,drusen,OD,.tif,0.13931085169315338
DRUSEN/104/OD/021_Drusen.tif,DRUSEN-104,test,DRUSEN,drusen,OD,.tif,0.18002963066101074
DRUSEN/104/OD/022_Drusen.tif,DRUSEN-104,test,DRUSEN,drusen,OD,.tif,0.13529089093208313
DRUSEN/104/OD/023_Drusen.tif,DRUSEN-104,test,DRUSEN,drusen,OD,.tif,0.12135162949562073
DRUSEN/104/OD/024_Drusen.tif,DRUSEN-104,test,DRUSEN,drusen,OD,.tif,0.08430011570453644
DRUSEN/104/OD/025_Normal.tif,DRUSEN-104,val,DRUSEN,normal,OD,.tif,0.1283823549747467
DRUSEN/104/OD/026_Normal.tif,DRUSEN-104,test,DRUSEN,normal,OD,.tif,0.14690762758255005
DRUSEN/104/OD/027_Normal.tif,DRUSEN-104,test,DRUSEN,normal,OD,.tif,0.12039192765951157
DRUSEN/104/OD/028_Normal.tif,DRUSEN-104,val,DRUSEN,normal,OD,.tif,0.1080474704504013
DRUSEN/104/OD/029_Normal.tif,DRUSEN-104,test,DRUSEN,normal,OD,.tif,0.15302357077598572
DRUSEN/104/OD/030_Normal.tif,DRUSEN-104,test,DRUSEN,normal,OD,.tif,0.1544615924358368
DRUSEN/104/OS/000_Drusen.tif,DRUSEN-104,val,DRUSEN,drusen,OS,.tif,0.1282159388065338
DRUSEN/104/OS/001_Drusen.tif,DRUSEN-104,val,DRUSEN,drusen,OS,.tif,0.11938390135765076
DRUSEN/104/OS/002_Normal.tif,DRUSEN-104,test,DRUSEN,normal,OS,.tif,0.12643322348594666
DRUSEN/104/OS/003_Normal.tif,DRUSEN-104,val,DRUSEN,normal,OS,.tif,0.1069691851735115
DRUSEN/104/OS/004_Normal.tif,DRUSEN-104,test,DRUSEN,normal,OS,.tif,0.11473211646080017
DRUSEN/104/OS/005_Drusen.tif,DRUSEN-104,val,DRUSEN,drusen,OS,.tif,0.1298251748085022
DRUSEN/104/OS/006_Drusen.tif,DRUSEN-104,test,DRUSEN,drusen,OS,.tif,0.14075598120689392
DRUSEN/104/OS/007_Drusen.tif,DRUSEN-104,test,DRUSEN,drusen,OS,.tif,0.12271710485219955
DRUSEN/104/OS/008_Drusen.tif,DRUSEN-104,test,DRUSEN,drusen,OS,.tif,0.11244858056306839
DRUSEN/104/OS/009_Drusen.tif,DRUSEN-104,test,DRUSEN,drusen,OS,.tif,0.1799243837594986
DRUSEN/104/OS/010_Drusen.tif,DRUSEN-104,test,DRUSEN,drusen,OS,.tif,0.10712924599647522
DRUSEN/104/OS/011_Drusen.tif,DRUSEN-104,val,DRUSEN,drusen,OS,.tif,0.154137521982193
DRUSEN/104/OS/012_Drusen.tif,DRUSEN-104,test,DRUSEN,drusen,OS,.tif,0.15116818249225616
DRUSEN/104/OS/013_Drusen.tif,DRUSEN-104,test,DRUSEN,drusen,OS,.tif,0.1912308931350708
DRUSEN/104/OS/014_Drusen.tif,DRUSEN-104,test,DRUSEN,drusen,OS,.tif,0.23265692591667175
DRUSEN/104/OS/015_Drusen.tif,DRUSEN-104,test,DRUSEN,drusen,OS,.tif,0.26000016927719116
DRUSEN/104/OS/016_Drusen.tif,DRUSEN-104,test,DRUSEN,drusen,OS,.tif,0.23685337603092194
DRUSEN/104/OS/017_Drusen.tif,DRUSEN-104,test,DRUSEN,drusen,OS,.tif,0.21000568568706512
DRUSEN/104/OS/018_Drusen.tif,DRUSEN-104,test,DRUSEN,drusen,OS,.tif,0.1793096959590912
DRUSEN/104/OS/019_Drusen.tif,DRUSEN-104,val,DRUSEN,drusen,OS,.tif,0.20190158486366272
DRUSEN/104/OS/020_Drusen.tif,DRUSEN-104,test,DRUSEN,drusen,OS,.tif,0.14682689309120178
DRUSEN/104/OS/021_Drusen.tif,DRUSEN-104,val,DRUSEN,drusen,OS,.tif,0.10316269099712372
DRUSEN/104/OS/022_Drusen.tif,DRUSEN-104,test,DRUSEN,drusen,OS,.tif,0.13275404274463654
DRUSEN/104/OS/023_Drusen.tif,DRUSEN-104,test,DRUSEN,drusen,OS,.tif,0.12959477305412292
DRUSEN/104/OS/024_Drusen.tif,DRUSEN-104,test,DRUSEN,drusen,OS,.tif,0.08935312926769257
DRUSEN/104/OS/025_Drusen.tif,DRUSEN-104,test,DRUSEN,drusen,OS,.tif,0.10155265033245087
DRUSEN/104/OS/026_Drusen.tif,DRUSEN-104,test,DRUSEN,drusen,OS,.tif,0.11798963695764542
DRUSEN/104/OS/027_Drusen.tif,DRUSEN-104,val,DRUSEN,drusen,OS,.tif,0.11669668555259705
DRUSEN/104/OS/028_Normal.tif,DRUSEN-104,test,DRUSEN,normal,OS,.tif,0.1377153992652893
DRUSEN/104/OS/029_Drusen.tif,DRUSEN-104,test,DRUSEN,drusen,OS,.tif,0.13449019193649292
DRUSEN/104/OS/030_Drusen.tif,DRUSEN-104,test,DRUSEN,drusen,OS,.tif,0.12320374697446823
DRUSEN/105/000_Normal.tif,DRUSEN-105,test,DRUSEN,normal,OS,.tif,0.303876131772995
DRUSEN/105/001_Normal.tif,DRUSEN-105,val,DRUSEN,normal,OS,.tif,0.2144736647605896
DRUSEN/105/002_Normal.tif,DRUSEN-105,val,DRUSEN,normal,OS,.tif,0.17364849150180817
DRUSEN/105/003_Normal.tif,DRUSEN-105,val,DRUSEN,normal,OS,.tif,0.21701779961585999
DRUSEN/105/004_Drusen.tif,DRUSEN-105,val,DRUSEN,drusen,OS,.tif,0.18437451124191284
DRUSEN/105/005_Drusen.tif,DRUSEN-105,test,DRUSEN,drusen,OS,.tif,0.16362892091274261
DRUSEN/105/006_Drusen.tif,DRUSEN-105,val,DRUSEN,drusen,OS,.tif,0.1481209397315979
DRUSEN/105/007_Drusen.tif,DRUSEN-105,test,DRUSEN,drusen,OS,.tif,0.1529996693134308
DRUSEN/105/008_Drusen.tif,DRUSEN-105,val,DRUSEN,drusen,OS,.tif,0.14085206389427185
DRUSEN/105/009_Drusen.tif,DRUSEN-105,test,DRUSEN,drusen,OS,.tif,0.15634527802467346
DRUSEN/105/010_Drusen.tif,DRUSEN-105,test,DRUSEN,drusen,OS,.tif,0.22642871737480164
DRUSEN/105/011_Drusen.tif,DRUSEN-105,val,DRUSEN,drusen,OS,.tif,0.3192136883735657
DRUSEN/105/012_Drusen.tif,DRUSEN-105,test,DRUSEN,drusen,OS,.tif,0.3462214171886444
DRUSEN/105/013_Drusen.tif,DRUSEN-105,val,DRUSEN,drusen,OS,.tif,0.22482365369796753
DRUSEN/105/014_Drusen.tif,DRUSEN-105,test,DRUSEN,drusen,OS,.tif,0.17493851482868195
DRUSEN/105/015_Drusen.tif,DRUSEN-105,test,DRUSEN,drusen,OS,.tif,0.13543644547462463
DRUSEN/105/016_Drusen.tif,DRUSEN-105,test,DRUSEN,drusen,OS,.tif,0.1800004541873932
DRUSEN/105/017_Drusen.tif,DRUSEN-105,test,DRUSEN,drusen,OS,.tif,0.15189813077449799
DRUSEN/105/018_Drusen.tif,DRUSEN-105,test,DRUSEN,drusen,OS,.tif,0.21340453624725342
DRUSEN/105/019_Drusen.tif,DRUSEN-105,val,DRUSEN,drusen,OS,.tif,0.14186827838420868
DRUSEN/105/020_Drusen.tif,DRUSEN-105,val,DRUSEN,drusen,OS,.tif,0.1620209962129593
DRUSEN/105/021_Drusen.tif,DRUSEN-105,val,DRUSEN,drusen,OS,.tif,0.1969183087348938
DRUSEN/105/022_Drusen.tif,DRUSEN-105,val,DRUSEN,drusen,OS,.tif,0.2298339158296585
DRUSEN/105/023_Drusen.tif,DRUSEN-105,test,DRUSEN,drusen,OS,.tif,0.17265155911445618
DRUSEN/105/024_Drusen.tif,DRUSEN-105,val,DRUSEN,drusen,OS,.tif,0.15600994229316711
DRUSEN/106/OD/000_Drusen.tif,DRUSEN-106,val,DRUSEN,drusen,OD,.tif,0.11127574741840363
DRUSEN/106/OD/001_Drusen.tif,DRUSEN-106,val,DRUSEN,drusen,OD,.tif,0.1833374798297882
DRUSEN/106/OD/002_Drusen.tif,DRUSEN-106,test,DRUSEN,drusen,OD,.tif,0.17606356739997864
DRUSEN/106/OD/003_Drusen.tif,DRUSEN-106,val,DRUSEN,drusen,OD,.tif,0.1795451045036316
DRUSEN/106/OD/004_Normal.tif,DRUSEN-106,test,DRUSEN,normal,OD,.tif,0.1466103196144104
DRUSEN/106/OD/005_Normal.tif,DRUSEN-106,test,DRUSEN,normal,OD,.tif,0.13969439268112183
DRUSEN/106/OD/006_Normal.tif,DRUSEN-106,val,DRUSEN,normal,OD,.tif,0.11559753119945526
DRUSEN/106/OD/007_Normal.tif,DRUSEN-106,test,DRUSEN,normal,OD,.tif,0.11370667815208435
DRUSEN/106/OD/008_Drusen.tif,DRUSEN-106,val,DRUSEN,drusen,OD,.tif,0.1148652657866478
DRUSEN/106/OD/009_Drusen.tif,DRUSEN-106,test,DRUSEN,drusen,OD,.tif,0.10302869975566864
DRUSEN/106/OD/010_Drusen.tif,DRUSEN-106,test,DRUSEN,drusen,OD,.tif,0.10691094398498535
DRUSEN/106/OD/011_Normal.tif,DRUSEN-106,val,DRUSEN,normal,OD,.tif,0.12053070217370987
DRUSEN/106/OD/012_Normal.tif,DRUSEN-106,test,DRUSEN,normal,OD,.tif,0.1373862326145172
DRUSEN/106/OD/013_Normal.tif,DRUSEN-106,test,DRUSEN,normal,OD,.tif,0.11500246822834015
DRUSEN/106/OD/014_Drusen.tif,DRUSEN-106,test,DRUSEN,drusen,OD,.tif,0.20142850279808044
DRUSEN/106/OD/015_Drusen.tif,DRUSEN-106,val,DRUSEN,drusen,OD,.tif,0.16139835119247437
DRUSEN/106/OD/016_Drusen.tif,DRUSEN-106,test,DRUSEN,drusen,OD,.tif,0.17563796043395996
DRUSEN/106/OD/017_Drusen.tif,DRUSEN-106,test,DRUSEN,drusen,OD,.tif,0.1643982231616974
DRUSEN/106/OD/018_Drusen.tif,DRUSEN-106,test,DRUSEN,drusen,OD,.tif,0.16470620036125183
DRUSEN/106/OD/019_Drusen.tif,DRUSEN-106,val,DRUSEN,drusen,OD,.tif,0.11058926582336426
DRUSEN/106/OD/020_Drusen.tif,DRUSEN-106,test,DRUSEN,drusen,OD,.tif,0.1176082044839859
DRUSEN/106/OD/021_Drusen.tif,DRUSEN-106,val,DRUSEN,drusen,OD,.tif,0.14076749980449677
DRUSEN/106/OD/022_Drusen.tif,DRUSEN-106,val,DRUSEN,drusen,OD,.tif,0.10709019005298615
DRUSEN/106/OD/023_Drusen.tif,DRUSEN-106,val,DRUSEN,drusen,OD,.tif,0.18381649255752563
DRUSEN/106/OD/024_Drusen.tif,DRUSEN-106,val,DRUSEN,drusen,OD,.tif,0.23584705591201782
DRUSEN/106/OD/025_Drusen.tif,DRUSEN-106,test,DRUSEN,drusen,OD,.tif,0.17608731985092163
DRUSEN/106/OD/026_Drusen.tif,DRUSEN-106,val,DRUSEN,drusen,OD,.tif,0.18154016137123108
DRUSEN/106/OD/027_Drusen.tif,DRUSEN-106,val,DRUSEN,drusen,OD,.tif,0.21162550151348114
DRUSEN/106/OD/028_Drusen.tif,DRUSEN-106,val,DRUSEN,drusen,OD,.tif,0.18010246753692627
DRUSEN/106/OD/029_Drusen.tif,DRUSEN-106,val,DRUSEN,drusen,OD,.tif,0.15986651182174683
DRUSEN/106/OD/030_Drusen.tif,DRUSEN-106,test,DRUSEN,drusen,OD,.tif,0.16801466047763824
DRUSEN/106/OS/000_Drusen.tif,DRUSEN-106,test,DRUSEN,drusen,OS,.tif,0.16032159328460693
DRUSEN/106/OS/001_Drusen.tif,DRUSEN-106,test,DRUSEN,drusen,OS,.tif,0.2018136829137802
DRUSEN/106/OS/002_Drusen.tif,DRUSEN-106,test,DRUSEN,drusen,OS,.tif,0.16025447845458984
DRUSEN/106/OS/003_Drusen.tif,DRUSEN-106,test,DRUSEN,drusen,OS,.tif,0.21030551195144653
DRUSEN/106/OS/004_Normal.tif,DRUSEN-106,val,DRUSEN,normal,OS,.tif,0.17793166637420654
DRUSEN/106/OS/005_Normal.tif,DRUSEN-106,val,DRUSEN,normal,OS,.tif,0.1726093739271164
DRUSEN/106/OS/006_Drusen.tif,DRUSEN-106,val,DRUSEN,drusen,OS,.tif,0.17452099919319153
DRUSEN/106/OS/007_Normal.tif,DRUSEN-106,test,DRUSEN,normal,OS,.tif,0.20735418796539307
DRUSEN/106/OS/008_Drusen.tif,DRUSEN-106,test,DRUSEN,drusen,OS,.tif,0.1513388603925705
DRUSEN/106/OS/009_Drusen.tif,DRUSEN-106,test,DRUSEN,drusen,OS,.tif,0.11899737268686295
DRUSEN/106/OS/010_Drusen.tif,DRUSEN-106,test,DRUSEN,drusen,OS,.tif,0.11936306208372116
DRUSEN/106/OS/011_Drusen.tif,DRUSEN-106,val,DRUSEN,drusen,OS,.tif,0.11387414485216141
DRUSEN/106/OS/012_Drusen.tif,DRUSEN-106,val,DRUSEN,drusen,OS,.tif,0.13340717554092407
DRUSEN/106/OS/013_Drusen.tif,DRUSEN-106,test,DRUSEN,drusen,OS,.tif,0.1537739783525467
DRUSEN/106/OS/014_Drusen.tif,DRUSEN-106,test,DRUSEN,drusen,OS,.tif,0.2230221927165985
DRUSEN/106/OS/015_Drusen.tif,DRUSEN-106,test,DRUSEN,drusen,OS,.tif,0.1913665533065796
DRUSEN/106/OS/016_Drusen.tif,DRUSEN-106,val,DRUSEN,drusen,OS,.tif,0.17428076267242432
DRUSEN/106/OS/017_Drusen.tif,DRUSEN-106,test,DRUSEN,drusen,OS,.tif,0.1387309730052948
DRUSEN/106/OS/018_Drusen.tif,DRUSEN-106,test,DRUSEN,drusen,OS,.tif,0.11703046411275864
DRUSEN/106/OS/019_Drusen.tif,DRUSEN-106,val,DRUSEN,drusen,OS,.tif,0.1112796738743782
DRUSEN/106/OS/020_Drusen.tif,DRUSEN-106,val,DRUSEN,drusen,OS,.tif,0.12762847542762756
DRUSEN/106/OS/021_Drusen.tif,DRUSEN-106,val,DRUSEN,drusen,OS,.tif,0.15711289644241333
DRUSEN/106/OS/022_Drusen.tif,DRUSEN-106,test,DRUSEN,drusen,OS,.tif,0.146585613489151
DRUSEN/106/OS/023_Drusen.tif,DRUSEN-106,val,DRUSEN,drusen,OS,.tif,0.09992768615484238
DRUSEN/106/OS/024_Drusen.tif,DRUSEN-106,val,DRUSEN,drusen,OS,.tif,0.12191017717123032
DRUSEN/106/OS/025_Drusen.tif,DRUSEN-106,test,DRUSEN,drusen,OS,.tif,0.12076915800571442
DRUSEN/106/OS/026_Drusen.tif,DRUSEN-106,test,DRUSEN,drusen,OS,.tif,0.1433953046798706
DRUSEN/106/OS/027_Drusen.tif,DRUSEN-106,test,DRUSEN,drusen,OS,.tif,0.15505066514015198
DRUSEN/106/OS/028_Drusen.tif,DRUSEN-106,test,DRUSEN,drusen,OS,.tif,0.19447198510169983
DRUSEN/106/OS/029_Drusen.tif,DRUSEN-106,test,DRUSEN,drusen,OS,.tif,0.1789136826992035
DRUSEN/106/OS/030_Drusen.tif,DRUSEN-106,test,DRUSEN,drusen,OS,.tif,0.20940715074539185
DRUSEN/107/OD/000_Normal.tif,DRUSEN-107,test,DRUSEN,normal,OD,.tif,0.14792586863040924
DRUSEN/107/OD/001_Normal.tif,DRUSEN-107,test,DRUSEN,normal,OD,.tif,0.195652037858963
DRUSEN/107/OD/002_Normal.tif,DRUSEN-107,test,DRUSEN,normal,OD,.tif,0.18166843056678772
DRUSEN/107/OD/003_Normal.tif,DRUSEN-107,val,DRUSEN,normal,OD,.tif,0.1220923364162445
DRUSEN/107/OD/004_Normal.tif,DRUSEN-107,val,DRUSEN,normal,OD,.tif,0.147671639919281
DRUSEN/107/OD/005_Normal.tif,DRUSEN-107,val,DRUSEN,normal,OD,.tif,0.15284740924835205
DRUSEN/107/OD/006_Normal.tif,DRUSEN-107,val,DRUSEN,normal,OD,.tif,0.16047868132591248
DRUSEN/107/OD/007_Normal.tif,DRUSEN-107,test,DRUSEN,normal,OD,.tif,0.1710818111896515
DRUSEN/107/OD/008_Normal.tif,DRUSEN-107,test,DRUSEN,normal,OD,.tif,0.1313898116350174
DRUSEN/107/OD/009_Normal.tif,DRUSEN-107,test,DRUSEN,normal,OD,.tif,0.1239066943526268
DRUSEN/107/OD/010_Normal.tif,DRUSEN-107,test,DRUSEN,normal,OD,.tif,0.14867521822452545
DRUSEN/107/OD/011_Normal.tif,DRUSEN-107,val,DRUSEN,normal,OD,.tif,0.11962394416332245
DRUSEN/107/OD/012_Normal.tif,DRUSEN-107,val,DRUSEN,normal,OD,.tif,0.09279489517211914
DRUSEN/107/OD/013_Normal.tif,DRUSEN-107,val,DRUSEN,normal,OD,.tif,0.13464176654815674
DRUSEN/107/OD/014_Normal.tif,DRUSEN-107,val,DRUSEN,normal,OD,.tif,0.18466022610664368
DRUSEN/107/OD/015_Normal.tif,DRUSEN-107,test,DRUSEN,normal,OD,.tif,0.19696643948554993
DRUSEN/107/OD/016_Normal.tif,DRUSEN-107,val,DRUSEN,normal,OD,.tif,0.19449347257614136
DRUSEN/107/OD/017_Normal.tif,DRUSEN-107,test,DRUSEN,normal,OD,.tif,0.16180206835269928
DRUSEN/107/OD/018_Normal.tif,DRUSEN-107,test,DRUSEN,normal,OD,.tif,0.11599935591220856
DRUSEN/107/OD/019_Normal.tif,DRUSEN-107,val,DRUSEN,normal,OD,.tif,0.09190266579389572
DRUSEN/107/OD/020_Normal.tif,DRUSEN-107,test,DRUSEN,normal,OD,.tif,0.1466173529624939
DRUSEN/107/OD/021_Normal.tif,DRUSEN-107,test,DRUSEN,normal,OD,.tif,0.12286396324634552
DRUSEN/107/OD/022_Normal.tif,DRUSEN-107,val,DRUSEN,normal,OD,.tif,0.13700361549854279
DRUSEN/107/OD/023_Normal.tif,DRUSEN-107,test,DRUSEN,normal,OD,.tif,0.10257206857204437
DRUSEN/107/OD/024_Normal.tif,DRUSEN-107,val,DRUSEN,normal,OD,.tif,0.15017424523830414
DRUSEN/107/OD/025_Drusen.tif,DRUSEN-107,val,DRUSEN,drusen,OD,.tif,0.12408396601676941
DRUSEN/107/OD/026_Normal.tif,DRUSEN-107,val,DRUSEN,normal,OD,.tif,0.14142966270446777
DRUSEN/107/OD/027_Drusen.tif,DRUSEN-107,test,DRUSEN,drusen,OD,.tif,0.13778053224086761
DRUSEN/107/OD/028_Drusen.tif,DRUSEN-107,val,DRUSEN,drusen,OD,.tif,0.1131134033203125
DRUSEN/107/OD/029_Normal.tif,DRUSEN-107,val,DRUSEN,normal,OD,.tif,0.10232361406087875
DRUSEN/107/OD/030_Normal.tif,DRUSEN-107,test,DRUSEN,normal,OD,.tif,0.1000012531876564
DRUSEN/107/OS/000_Normal.tif,DRUSEN-107,test,DRUSEN,normal,OS,.tif,0.09584589302539825
DRUSEN/107/OS/001_Normal.tif,DRUSEN-107,test,DRUSEN,normal,OS,.tif,0.09409268200397491
DRUSEN/107/OS/002_Normal.tif,DRUSEN-107,test,DRUSEN,normal,OS,.tif,0.09158226102590561
DRUSEN/107/OS/003_Normal.tif,DRUSEN-107,test,DRUSEN,normal,OS,.tif,0.10162964463233948
DRUSEN/107/OS/004_Normal.tif,DRUSEN-107,test,DRUSEN,normal,OS,.tif,0.0935458093881607
DRUSEN/107/OS/005_Normal.tif,DRUSEN-107,test,DRUSEN,normal,OS,.tif,0.12583810091018677
DRUSEN/107/OS/006_Normal.tif,DRUSEN-107,test,DRUSEN,normal,OS,.tif,0.1296287178993225
DRUSEN/107/OS/007_Normal.tif,DRUSEN-107,test,DRUSEN,normal,OS,.tif,0.13413062691688538
DRUSEN/107/OS/008_Normal.tif,DRUSEN-107,val,DRUSEN,normal,OS,.tif,0.13243705034255981
DRUSEN/107/OS/009_Normal.tif,DRUSEN-107,test,DRUSEN,normal,OS,.tif,0.13202416896820068
DRUSEN/107/OS/010_Normal.tif,DRUSEN-107,test,DRUSEN,normal,OS,.tif,0.113522969186306
DRUSEN/107/OS/011_Normal.tif,DRUSEN-107,val,DRUSEN,normal,OS,.tif,0.12858203053474426
DRUSEN/107/OS/012_Normal.tif,DRUSEN-107,test,DRUSEN,normal,OS,.tif,0.11076801270246506
DRUSEN/107/OS/013_Normal.tif,DRUSEN-107,val,DRUSEN,normal,OS,.tif,0.12458355724811554
DRUSEN/107/OS/014_Drusen.tif,DRUSEN-107,test,DRUSEN,drusen,OS,.tif,0.14098580181598663
DRUSEN/107/OS/015_Drusen.tif,DRUSEN-107,test,DRUSEN,drusen,OS,.tif,0.1446687877178192
DRUSEN/107/OS/016_Normal.tif,DRUSEN-107,test,DRUSEN,normal,OS,.tif,0.13692572712898254
DRUSEN/107/OS/017_Normal.tif,DRUSEN-107,test,DRUSEN,normal,OS,.tif,0.1455191671848297
DRUSEN/107/OS/018_Normal.tif,DRUSEN-107,test,DRUSEN,normal,OS,.tif,0.11678618937730789
DRUSEN/107/OS/019_Normal.tif,DRUSEN-107,test,DRUSEN,normal,OS,.tif,0.15979664027690887
DRUSEN/107/OS/020_Normal.tif,DRUSEN-107,test,DRUSEN,normal,OS,.tif,0.17223170399665833
DRUSEN/107/OS/021_Normal.tif,DRUSEN-107,test,DRUSEN,normal,OS,.tif,0.19462449848651886
DRUSEN/107/OS/022_Normal.tif,DRUSEN-107,test,DRUSEN,normal,OS,.tif,0.16392084956169128
DRUSEN/107/OS/023_Drusen.tif,DRUSEN-107,test,DRUSEN,drusen,OS,.tif,0.15616139769554138
DRUSEN/107/OS/024_Drusen.tif,DRUSEN-107,val,DRUSEN,drusen,OS,.tif,0.15636101365089417
DRUSEN/107/OS/025_Drusen.tif,DRUSEN-107,test,DRUSEN,drusen,OS,.tif,0.16792674362659454
DRUSEN/107/OS/026_Drusen.tif,DRUSEN-107,test,DRUSEN,drusen,OS,.tif,0.16613644361495972
DRUSEN/107/OS/027_Normal.tif,DRUSEN-107,val,DRUSEN,normal,OS,.tif,0.16976574063301086
DRUSEN/107/OS/028_Normal.tif,DRUSEN-107,val,DRUSEN,normal,OS,.tif,0.16998229920864105
DRUSEN/107/OS/029_Normal.tif,DRUSEN-107,val,DRUSEN,normal,OS,.tif,0.16670385003089905
DRUSEN/107/OS/030_Normal.tif,DRUSEN-107,test,DRUSEN,normal,OS,.tif,0.1540263444185257
DRUSEN/108/000_Normal.tif,DRUSEN-108,val,DRUSEN,normal,OD,.tif,0.17314788699150085
DRUSEN/108/001_Normal.tif,DRUSEN-108,test,DRUSEN,normal,OD,.tif,0.202150359749794
DRUSEN/108/002_Normal.tif,DRUSEN-108,val,DRUSEN,normal,OD,.tif,0.18828067183494568
DRUSEN/108/003_Normal.tif,DRUSEN-108,test,DRUSEN,normal,OD,.tif,0.17286929488182068
DRUSEN/108/004_Normal.tif,DRUSEN-108,test,DRUSEN,normal,OD,.tif,0.18268150091171265
DRUSEN/108/005_Normal.tif,DRUSEN-108,val,DRUSEN,normal,OD,.tif,0.16175362467765808
DRUSEN/108/006_Normal.tif,DRUSEN-108,val,DRUSEN,normal,OD,.tif,0.15043199062347412
DRUSEN/108/007_Normal.tif,DRUSEN-108,test,DRUSEN,normal,OD,.tif,0.1997140347957611
DRUSEN/108/008_Drusen.tif,DRUSEN-108,test,DRUSEN,drusen,OD,.tif,0.16042079031467438
DRUSEN/108/009_Normal.tif,DRUSEN-108,test,DRUSEN,normal,OD,.tif,0.1190505400300026
DRUSEN/108/010_Drusen.tif,DRUSEN-108,val,DRUSEN,drusen,OD,.tif,0.10904200375080109
DRUSEN/108/011_Drusen.tif,DRUSEN-108,test,DRUSEN,drusen,OD,.tif,0.0986035019159317
DRUSEN/108/012_Drusen.tif,DRUSEN-108,val,DRUSEN,drusen,OD,.tif,0.1124109998345375
DRUSEN/108/013_Drusen.tif,DRUSEN-108,test,DRUSEN,drusen,OD,.tif,0.10599515587091446
DRUSEN/108/014_Normal.tif,DRUSEN-108,test,DRUSEN,normal,OD,.tif,0.2043658196926117
DRUSEN/108/015_Drusen.tif,DRUSEN-108,test,DRUSEN,drusen,OD,.tif,0.23002031445503235
DRUSEN/108/016_Drusen.tif,DRUSEN-108,test,DRUSEN,drusen,OD,.tif,0.20285969972610474
DRUSEN/108/017_Drusen.tif,DRUSEN-108,test,DRUSEN,drusen,OD,.tif,0.1539686769247055
DRUSEN/108/018_Drusen.tif,DRUSEN-108,test,DRUSEN,drusen,OD,.tif,0.11747817695140839
DRUSEN/108/019_Drusen.tif,DRUSEN-108,test,DRUSEN,drusen,OD,.tif,0.12400560081005096
DRUSEN/108/020_Drusen.tif,DRUSEN-108,val,DRUSEN,drusen,OD,.tif,0.1338629424571991
DRUSEN/108/021_Drusen.tif,DRUSEN-108,test,DRUSEN,drusen,OD,.tif,0.1227431446313858
DRUSEN/108/022_Drusen.tif,DRUSEN-108,test,DRUSEN,drusen,OD,.tif,0.11226022988557816
DRUSEN/108/023_Drusen.tif,DRUSEN-108,test,DRUSEN,drusen,OD,.tif,0.12744726240634918
DRUSEN/108/024_Normal.tif,DRUSEN-108,test,DRUSEN,normal,OD,.tif,0.14538362622261047
DRUSEN/108/025_Normal.tif,DRUSEN-108,test,DRUSEN,normal,OD,.tif,0.1334732174873352
DRUSEN/108/026_Normal.tif,DRUSEN-108,test,DRUSEN,normal,OD,.tif,0.13829252123832703
DRUSEN/108/027_Normal.tif,DRUSEN-108,test,DRUSEN,normal,OD,.tif,0.12330949306488037
DRUSEN/108/028_Normal.tif,DRUSEN-108,val,DRUSEN,normal,OD,.tif,0.1485232710838318
DRUSEN/108/029_Drusen.tif,DRUSEN-108,test,DRUSEN,drusen,OD,.tif,0.14002032577991486
DRUSEN/108/030_Drusen.tif,DRUSEN-108,val,DRUSEN,drusen,OD,.tif,0.191170334815979
DRUSEN/109/000_Drusen.jpg,DRUSEN-109,test,DRUSEN,drusen,OD,.jpg,0.1529078632593155
DRUSEN/109/001_Drusen.jpg,DRUSEN-109,val,DRUSEN,drusen,OD,.jpg,0.1314326524734497
DRUSEN/109/002_Drusen.jpg,DRUSEN-109,val,DRUSEN,drusen,OD,.jpg,0.16661006212234497
DRUSEN/109/003_Drusen.jpg,DRUSEN-109,test,DRUSEN,drusen,OD,.jpg,0.14185534417629242
DRUSEN/109/004_Drusen.jpg,DRUSEN-109,test,DRUSEN,drusen,OD,.jpg,0.1652061641216278
DRUSEN/109/005_Drusen.jpg,DRUSEN-109,test,DRUSEN,drusen,OD,.jpg,0.1457812488079071
DRUSEN/109/006_Drusen.jpg,DRUSEN-109,test,DRUSEN,drusen,OD,.jpg,0.14440347254276276
DRUSEN/109/007_Drusen.jpg,DRUSEN-109,test,DRUSEN,drusen,OD,.jpg,0.11635744571685791
DRUSEN/109/008_Drusen.jpg,DRUSEN-109,test,DRUSEN,drusen,OD,.jpg,0.09470227360725403
DRUSEN/109/009_Drusen.jpg,DRUSEN-109,val,DRUSEN,drusen,OD,.jpg,0.11730681359767914
DRUSEN/109/010_Drusen.jpg,DRUSEN-109,test,DRUSEN,drusen,OD,.jpg,0.10630328953266144
DRUSEN/109/011_Drusen.jpg,DRUSEN-109,test,DRUSEN,drusen,OD,.jpg,0.11504054069519043
DRUSEN/109/012_Drusen.jpg,DRUSEN-109,val,DRUSEN,drusen,OD,.jpg,0.11712490767240524
DRUSEN/109/013_Drusen.jpg,DRUSEN-109,val,DRUSEN,drusen,OD,.jpg,0.12060530483722687
DRUSEN/109/014_Drusen.jpg,DRUSEN-109,test,DRUSEN,drusen,OD,.jpg,0.15856251120567322
DRUSEN/109/015_Drusen.jpg,DRUSEN-109,test,DRUSEN,drusen,OD,.jpg,0.21191680431365967
DRUSEN/109/016_Drusen.jpg,DRUSEN-109,val,DRUSEN,drusen,OD,.jpg,0.20120298862457275
DRUSEN/109/017_Drusen.jpg,DRUSEN-109,test,DRUSEN,drusen,OD,.jpg,0.1393912136554718
DRUSEN/109/018_Drusen.jpg,DRUSEN-109,test,DRUSEN,drusen,OD,.jpg,0.16364121437072754
DRUSEN/109/019_Drusen.jpg,DRUSEN-109,test,DRUSEN,drusen,OD,.jpg,0.15090855956077576
DRUSEN/109/020_Drusen.jpg,DRUSEN-109,test,DRUSEN,drusen,OD,.jpg,0.12075595557689667
DRUSEN/109/021_Drusen.jpg,DRUSEN-109,val,DRUSEN,drusen,OD,.jpg,0.12777841091156006
DRUSEN/109/022_Drusen.jpg,DRUSEN-109,test,DRUSEN,drusen,OD,.jpg,0.12074092775583267
DRUSEN/109/023_Drusen.jpg,DRUSEN-109,val,DRUSEN,drusen,OD,.jpg,0.11098145693540573
DRUSEN/109/024_Drusen.jpg,DRUSEN-109,val,DRUSEN,drusen,OD,.jpg,0.10974426567554474
DRUSEN/109/025_Drusen.jpg,DRUSEN-109,val,DRUSEN,drusen,OD,.jpg,0.1397034227848053
DRUSEN/109/026_Drusen.jpg,DRUSEN-109,val,DRUSEN,drusen,OD,.jpg,0.1413874626159668
DRUSEN/109/027_Drusen.jpg,DRUSEN-109,test,DRUSEN,drusen,OD,.jpg,0.14774304628372192
DRUSEN/109/028_Drusen.jpg,DRUSEN-109,test,DRUSEN,drusen,OD,.jpg,0.13638201355934143
DRUSEN/109/029_Drusen.jpg,DRUSEN-109,test,DRUSEN,drusen,OD,.jpg,0.1596265733242035
DRUSEN/109/030_Drusen.jpg,DRUSEN-109,test,DRUSEN,drusen,OD,.jpg,0.1382267028093338
DRUSEN/112/000_Drusen.tif,DRUSEN-112,val,DRUSEN,drusen,OD,.tif,0.1329369843006134
DRUSEN/112/001_Normal.tif,DRUSEN-112,val,DRUSEN,normal,OD,.tif,0.15776723623275757
DRUSEN/112/002_Normal.tif,DRUSEN-112,test,DRUSEN,normal,OD,.tif,0.1569150686264038
DRUSEN/112/003_Normal.tif,DRUSEN-112,val,DRUSEN,normal,OD,.tif,0.16305968165397644
DRUSEN/112/004_Normal.tif,DRUSEN-112,val,DRUSEN,normal,OD,.tif,0.1133870929479599
DRUSEN/112/005_Normal.tif,DRUSEN-112,test,DRUSEN,normal,OD,.tif,0.1095481663942337
DRUSEN/112/006_Normal.tif,DRUSEN-112,test,DRUSEN,normal,OD,.tif,0.1367887258529663
DRUSEN/112/007_Drusen.tif,DRUSEN-112,val,DRUSEN,drusen,OD,.tif,0.09604354202747345
DRUSEN/112/008_Drusen.tif,DRUSEN-112,test,DRUSEN,drusen,OD,.tif,0.11314563453197479
DRUSEN/112/009_Drusen.tif,DRUSEN-112,test,DRUSEN,drusen,OD,.tif,0.13833604753017426
DRUSEN/112/010_Drusen.tif,DRUSEN-112,test,DRUSEN,drusen,OD,.tif,0.11254449933767319
DRUSEN/112/011_Drusen.tif,DRUSEN-112,val,DRUSEN,drusen,OD,.tif,0.10413792729377747
DRUSEN/112/012_Drusen.tif,DRUSEN-112,val,DRUSEN,drusen,OD,.tif,0.1232883632183075
DRUSEN/112/013_Drusen.tif,DRUSEN-112,test,DRUSEN,drusen,OD,.tif,0.16503307223320007
DRUSEN/112/014_Drusen.tif,DRUSEN-112,val,DRUSEN,drusen,OD,.tif,0.16274692118167877
DRUSEN/112/015_Drusen.tif,DRUSEN-112,test,DRUSEN,drusen,OD,.tif,0.24616432189941406
DRUSEN/112/016_Drusen.tif,DRUSEN-112,test,DRUSEN,drusen,OD,.tif,0.14223387837409973
DRUSEN/112/017_Drusen.tif,DRUSEN-112,test,DRUSEN,drusen,OD,.tif,0.1518804430961609
DRUSEN/112/018_Drusen.tif,DRUSEN-112,val,DRUSEN,drusen,OD,.tif,0.1587229073047638
DRUSEN/112/019_Drusen.tif,DRUSEN-112,val,DRUSEN,drusen,OD,.tif,0.10404358059167862
DRUSEN/112/020_Drusen.tif,DRUSEN-112,test,DRUSEN,drusen,OD,.tif,0.11726155877113342
DRUSEN/112/021_Drusen.tif,DRUSEN-112,test,DRUSEN,drusen,OD,.tif,0.11917385458946228
DRUSEN/112/022_Drusen.tif,DRUSEN-112,test,DRUSEN,drusen,OD,.tif,0.19742664694786072
DRUSEN/112/023_Drusen.tif,DRUSEN-112,test,DRUSEN,drusen,OD,.tif,0.16335266828536987
DRUSEN/112/024_Normal.tif,DRUSEN-112,val,DRUSEN,normal,OD,.tif,0.13104844093322754
DRUSEN/112/025_Normal.tif,DRUSEN-112,val,DRUSEN,normal,OD,.tif,0.14556361734867096
DRUSEN/112/026_Normal.tif,DRUSEN-112,val,DRUSEN,normal,OD,.tif,0.1550522744655609
DRUSEN/112/027_Normal.tif,DRUSEN-112,test,DRUSEN,normal,OD,.tif,0.12232735753059387
DRUSEN/112/028_Drusen.tif,DRUSEN-112,test,DRUSEN,drusen,OD,.tif,0.1251934915781021
DRUSEN/112/029_Normal.tif,DRUSEN-112,test,DRUSEN,normal,OD,.tif,0.1269124448299408
DRUSEN/112/030_Normal.tif,DRUSEN-112,test,DRUSEN,normal,OD,.tif,0.13002043962478638
DRUSEN/113/OD/000_Drusen.tif,DRUSEN-113,test,DRUSEN,drusen,OD,.tif,0.19730357825756073
DRUSEN/113/OD/001_Drusen.tif,DRUSEN-113,test,DRUSEN,drusen,OD,.tif,0.19645540416240692
DRUSEN/113/OD/002_Drusen.tif,DRUSEN-113,test,DRUSEN,drusen,OD,.tif,0.19706612825393677
DRUSEN/113/OD/003_Drusen.tif,DRUSEN-113,val,DRUSEN,drusen,OD,.tif,0.18634554743766785
DRUSEN/113/OD/004_Drusen.tif,DRUSEN-113,val,DRUSEN,drusen,OD,.tif,0.15271592140197754
DRUSEN/113/OD/005_Drusen.tif,DRUSEN-113,test,DRUSEN,drusen,OD,.tif,0.1365831047296524
DRUSEN/113/OD/006_Drusen.tif,DRUSEN-113,test,DRUSEN,drusen,OD,.tif,0.14311403036117554
DRUSEN/113/OD/007_Drusen.tif,DRUSEN-113,test,DRUSEN,drusen,OD,.tif,0.19070082902908325
DRUSEN/113/OD/008_Drusen.tif,DRUSEN-113,val,DRUSEN,drusen,OD,.tif,0.17050406336784363
DRUSEN/113/OD/009_Drusen.tif,DRUSEN-113,test,DRUSEN,drusen,OD,.tif,0.1725938469171524
DRUSEN/113/OD/010_Drusen.tif,DRUSEN-113,test,DRUSEN,drusen,OD,.tif,0.2266218364238739
DRUSEN/113/OD/011_Drusen.tif,DRUSEN-113,test,DRUSEN,drusen,OD,.tif,0.22486549615859985
DRUSEN/113/OD/012_Drusen.tif,DRUSEN-113,test,DRUSEN,drusen,OD,.tif,0.2009052187204361
DRUSEN/113/OD/013_Drusen.tif,DRUSEN-113,test,DRUSEN,drusen,OD,.tif,0.19191250205039978
DRUSEN/113/OD/014_Drusen.tif,DRUSEN-113,test,DRUSEN,drusen,OD,.tif,0.22376319766044617
DRUSEN/113/OD/015_Drusen.tif,DRUSEN-113,test,DRUSEN,drusen,OD,.tif,0.25055670738220215
DRUSEN/113/OD/016_Drusen.tif,DRUSEN-113,test,DRUSEN,drusen,OD,.tif,0.1303439438343048
DRUSEN/113/OD/017_Drusen.tif,DRUSEN-113,val,DRUSEN,drusen,OD,.tif,0.15174919366836548
DRUSEN/113/OD/018_Drusen.tif,DRUSEN-113,test,DRUSEN,drusen,OD,.tif,0.141826331615448
DRUSEN/113/OD/019_Drusen.tif,DRUSEN-113,test,DRUSEN,drusen,OD,.tif,0.14400416612625122
DRUSEN/113/OD/020_Drusen.tif,DRUSEN-113,test,DRUSEN,drusen,OD,.tif,0.12179826200008392
DRUSEN/113/OD/021_Drusen.tif,DRUSEN-113,val,DRUSEN,drusen,OD,.tif,0.11150946468114853
DRUSEN/113/OD/022_Drusen.tif,DRUSEN-113,val,DRUSEN,drusen,OD,.tif,0.16846616566181183
DRUSEN/113/OD/023_Drusen.tif,DRUSEN-113,test,DRUSEN,drusen,OD,.tif,0.16714033484458923
DRUSEN/113/OD/024_Drusen.tif,DRUSEN-113,test,DRUSEN,drusen,OD,.tif,0.12790890038013458
DRUSEN/113/OD/025_Drusen.tif,DRUSEN-113,test,DRUSEN,drusen,OD,.tif,0.10306369513273239
DRUSEN/113/OD/026_Drusen.tif,DRUSEN-113,test,DRUSEN,drusen,OD,.tif,0.11541218310594559
DRUSEN/113/OD/027_Drusen.tif,DRUSEN-113,val,DRUSEN,drusen,OD,.tif,0.131568044424057
DRUSEN/113/OD/028_Drusen.tif,DRUSEN-113,val,DRUSEN,drusen,OD,.tif,0.15612605214118958
DRUSEN/113/OD/029_Drusen.tif,DRUSEN-113,test,DRUSEN,drusen,OD,.tif,0.14493227005004883
DRUSEN/113/OD/030_Drusen.tif,DRUSEN-113,test,DRUSEN,drusen,OD,.tif,0.13528604805469513
DRUSEN/113/OS/000_Drusen.tif,DRUSEN-113,val,DRUSEN,drusen,OS,.tif,0.17236439883708954
DRUSEN/113/OS/001_Drusen.tif,DRUSEN-113,test,DRUSEN,drusen,OS,.tif,0.1894514262676239
DRUSEN/113/OS/002_Drusen.tif,DRUSEN-113,test,DRUSEN,drusen,OS,.tif,0.13112616539001465
DRUSEN/113/OS/003_Drusen.tif,DRUSEN-113,test,DRUSEN,drusen,OS,.tif,0.1305188089609146
DRUSEN/113/OS/004_Drusen.tif,DRUSEN-113,test,DRUSEN,drusen,OS,.tif,0.1582256555557251
DRUSEN/113/OS/005_Drusen.tif,DRUSEN-113,val,DRUSEN,drusen,OS,.tif,0.1246141865849495
DRUSEN/113/OS/006_Drusen.tif,DRUSEN-113,test,DRUSEN,drusen,OS,.tif,0.1547364890575409
DRUSEN/113/OS/007_Drusen.tif,DRUSEN-113,val,DRUSEN,drusen,OS,.tif,0.1538824886083603
DRUSEN/113/OS/008_Drusen.tif,DRUSEN-113,test,DRUSEN,drusen,OS,.tif,0.12977862358093262
DRUSEN/113/OS/009_Drusen.tif,DRUSEN-113,test,DRUSEN,drusen,OS,.tif,0.1305578202009201
DRUSEN/113/OS/010_Drusen.tif,DRUSEN-113,test,DRUSEN,drusen,OS,.tif,0.11499236524105072
DRUSEN/113/OS/011_Drusen.tif,DRUSEN-113,val,DRUSEN,drusen,OS,.tif,0.12391726672649384
DRUSEN/113/OS/012_Drusen.tif,DRUSEN-113,test,DRUSEN,drusen,OS,.tif,0.13076774775981903
DRUSEN/113/OS/013_Drusen.tif,DRUSEN-113,val,DRUSEN,drusen,OS,.tif,0.13850700855255127
DRUSEN/113/OS/014_Drusen.tif,DRUSEN-113,test,DRUSEN,drusen,OS,.tif,0.15246117115020752
DRUSEN/113/OS/015_Drusen.tif,DRUSEN-113,test,DRUSEN,drusen,OS,.tif,0.15048612654209137
DRUSEN/113/OS/016_Drusen.tif,DRUSEN-113,test,DRUSEN,drusen,OS,.tif,0.13613905012607574
DRUSEN/113/OS/017_Drusen.tif,DRUSEN-113,test,DRUSEN,drusen,OS,.tif,0.10560105741024017
DRUSEN/113/OS/018_Drusen.tif,DRUSEN-113,val,DRUSEN,drusen,OS,.tif,0.12766174972057343
DRUSEN/113/OS/019_Drusen.tif,DRUSEN-113,test,DRUSEN,drusen,OS,.tif,0.16276350617408752
DRUSEN/113/OS/020_Drusen.tif,DRUSEN-113,test,DRUSEN,drusen,OS,.tif,0.12894776463508606
DRUSEN/113/OS/021_Drusen.tif,DRUSEN-113,test,DRUSEN,drusen,OS,.tif,0.13800349831581116
DRUSEN/113/OS/022_Drusen.tif,DRUSEN-113,test,DRUSEN,drusen,OS,.tif,0.18417787551879883
DRUSEN/113/OS/023_Drusen.tif,DRUSEN-113,test,DRUSEN,drusen,OS,.tif,0.14526806771755219
DRUSEN/113/OS/024_Drusen.tif,DRUSEN-113,val,DRUSEN,drusen,OS,.tif,0.16268624365329742
DRUSEN/113/OS/025_Drusen.tif,DRUSEN-113,val,DRUSEN,drusen,OS,.tif,0.16074618697166443
DRUSEN/113/OS/026_Drusen.tif,DRUSEN-113,val,DRUSEN,drusen,OS,.tif,0.17870435118675232
DRUSEN/113/OS/027_Drusen.tif,DRUSEN-113,test,DRUSEN,drusen,OS,.tif,0.1540401577949524
DRUSEN/113/OS/028_Drusen.tif,DRUSEN-113,test,DRUSEN,drusen,OS,.tif,0.17225943505764008
DRUSEN/113/OS/029_Drusen.tif,DRUSEN-113,val,DRUSEN,drusen,OS,.tif,0.1698472499847412
DRUSEN/113/OS/030_Drusen.tif,DRUSEN-113,test,DRUSEN,drusen,OS,.tif,0.1450417935848236
DRUSEN/115/000_Drusen.tif,DRUSEN-115,test,DRUSEN,drusen,OD,.tif,0.15351352095603943
DRUSEN/115/001_Normal.tif,DRUSEN-115,test,DRUSEN,normal,OD,.tif,0.1283588856458664
DRUSEN/115/002_Normal.tif,DRUSEN-115,test,DRUSEN,normal,OD,.tif,0.16563257575035095
DRUSEN/115/003_Normal.tif,DRUSEN-115,val,DRUSEN,normal,OD,.tif,0.155177041888237
DRUSEN/115/004_Normal.tif,DRUSEN-115,test,DRUSEN,normal,OD,.tif,0.18219369649887085
DRUSEN/115/005_Normal.tif,DRUSEN-115,test,DRUSEN,normal,OD,.tif,0.14445510506629944
DRUSEN/115/006_Normal.tif,DRUSEN-115,test,DRUSEN,normal,OD,.tif,0.13075892627239227
DRUSEN/115/007_Normal.tif,DRUSEN-115,test,DRUSEN,normal,OD,.tif,0.1679931879043579
DRUSEN/115/008_Normal.tif,DRUSEN-115,val,DRUSEN,normal,OD,.tif,0.17869234085083008
DRUSEN/115/009_Normal.tif,DRUSEN-115,test,DRUSEN,normal,OD,.tif,0.11729639768600464
DRUSEN/115/010_Normal.tif,DRUSEN-115,val,DRUSEN,normal,OD,.tif,0.150888592004776
DRUSEN/115/011_Normal.tif,DRUSEN-115,test,DRUSEN,normal,OD,.tif,0.11521181464195251
DRUSEN/115/012_Drusen.tif,DRUSEN-115,test,DRUSEN,drusen,OD,.tif,0.1065102219581604
DRUSEN/115/013_Drusen.tif,DRUSEN-115,test,DRUSEN,drusen,OD,.tif,0.14190582931041718
DRUSEN/115/014_Drusen.tif,DRUSEN-115,test,DRUSEN,drusen,OD,.tif,0.11559753119945526
DRUSEN/115/015_Drusen.tif,DRUSEN-115,test,DRUSEN,drusen,OD,.tif,0.17504088580608368
DRUSEN/115/016_Drusen.tif,DRUSEN-115,val,DRUSEN,drusen,OD,.tif,0.12999793887138367
DRUSEN/115/017_Drusen.tif,DRUSEN-115,test,DRUSEN,drusen,OD,.tif,0.12238922715187073
DRUSEN/115/018_Drusen.tif,DRUSEN-115,test,DRUSEN,drusen,OD,.tif,0.14835168421268463
DRUSEN/115/019_Normal.tif,DRUSEN-115,test,DRUSEN,normal,OD,.tif,0.11909180134534836
DRUSEN/115/020_Normal.tif,DRUSEN-115,val,DRUSEN,normal,OD,.tif,0.1156458705663681
DRUSEN/115/021_Normal.tif,DRUSEN-115,val,DRUSEN,normal,OD,.tif,0.1139814704656601
DRUSEN/115/022_Normal.tif,DRUSEN-115,test,DRUSEN,normal,OD,.tif,0.16994158923625946
DRUSEN/115/023_Normal.tif,DRUSEN-115,val,DRUSEN,normal,OD,.tif,0.2100830227136612
DRUSEN/115/024_Normal.tif,DRUSEN-115,test,DRUSEN,normal,OD,.tif,0.12485487014055252
DRUSEN/115/025_Normal.tif,DRUSEN-115,test,DRUSEN,normal,OD,.tif,0.0972348004579544
DRUSEN/115/026_Normal.tif,DRUSEN-115,test,DRUSEN,normal,OD,.tif,0.10021209716796875
DRUSEN/115/027_Normal.tif,DRUSEN-115,test,DRUSEN,normal,OD,.tif,0.11063437908887863
DRUSEN/115/028_Normal.tif,DRUSEN-115,val,DRUSEN,normal,OD,.tif,0.1139649748802185
DRUSEN/115/029_Normal.tif,DRUSEN-115,test,DRUSEN,normal,OD,.tif,0.09816469252109528
DRUSEN/115/030_Normal.tif,DRUSEN-115,test,DRUSEN,normal,OD,.tif,0.13894790410995483
DRUSEN/116/OD/000_Normal.tif,DRUSEN-116,val,DRUSEN,normal,OD,.tif,0.16749602556228638
DRUSEN/116/OD/001_Normal.tif,DRUSEN-116,test,DRUSEN,normal,OD,.tif,0.10895563662052155
DRUSEN/116/OD/002_Normal.tif,DRUSEN-116,test,DRUSEN,normal,OD,.tif,0.14768019318580627
DRUSEN/116/OD/003_Normal.tif,DRUSEN-116,val,DRUSEN,normal,OD,.tif,0.1577967405319214
DRUSEN/116/OD/004_Normal.tif,DRUSEN-116,val,DRUSEN,normal,OD,.tif,0.14836695790290833
DRUSEN/116/OD/005_Normal.tif,DRUSEN-116,test,DRUSEN,normal,OD,.tif,0.14267170429229736
DRUSEN/116/OD/006_Normal.tif,DRUSEN-116,test,DRUSEN,normal,OD,.tif,0.11608360707759857
DRUSEN/116/OD/007_Normal.tif,DRUSEN-116,test,DRUSEN,normal,OD,.tif,0.12838029861450195
DRUSEN/116/OD/008_Drusen.tif,DRUSEN-116,test,DRUSEN,drusen,OD,.tif,0.10420999675989151
DRUSEN/116/OD/009_Drusen.tif,DRUSEN-116,test,DRUSEN,drusen,OD,.tif,0.10729655623435974
DRUSEN/116/OD/010_Normal.tif,DRUSEN-116,val,DRUSEN,normal,OD,.tif,0.13267195224761963
DRUSEN/116/OD/011_Normal.tif,DRUSEN-116,test,DRUSEN,normal,OD,.tif,0.1632809340953827
DRUSEN/116/OD/012_Drusen.tif,DRUSEN-116,val,DRUSEN,drusen,OD,.tif,0.1861056387424469
DRUSEN/116/OD/013_Drusen.tif,DRUSEN-116,test,DRUSEN,drusen,OD,.tif,0.2269354909658432
DRUSEN/116/OD/014_Drusen.tif,DRUSEN-116,test,DRUSEN,drusen,OD,.tif,0.2149960696697235
DRUSEN/116/OD/015_Drusen.tif,DRUSEN-116,test,DRUSEN,drusen,OD,.tif,0.27915918827056885
DRUSEN/116/OD/016_Drusen.tif,DRUSEN-116,test,DRUSEN,drusen,OD,.tif,0.24388372898101807
DRUSEN/116/OD/017_Drusen.tif,DRUSEN-116,test,DRUSEN,drusen,OD,.tif,0.20212304592132568
DRUSEN/116/OD/018_Drusen.tif,DRUSEN-116,test,DRUSEN,drusen,OD,.tif,0.20634683966636658
DRUSEN/116/OD/019_Drusen.tif,DRUSEN-116,val,DRUSEN,drusen,OD,.tif,0.15212512016296387
DRUSEN/116/OD/020_Drusen.tif,DRUSEN-116,test,DRUSEN,drusen,OD,.tif,0.09891489148139954
DRUSEN/116/OD/021_Normal.tif,DRUSEN-116,val,DRUSEN,normal,OD,.tif,0.09927397221326828
DRUSEN/116/OD/022_Normal.tif,DRUSEN-116,val,DRUSEN,normal,OD,.tif,0.1622927337884903
DRUSEN/116/OD/023_Normal.tif,DRUSEN-116,val,DRUSEN,normal,OD,.tif,0.13632848858833313
DRUSEN/116/OD/024_Normal.tif,DRUSEN-116,val,DRUSEN,normal,OD,.tif,0.14626988768577576
DRUSEN/116/OD/025_Drusen.tif,DRUSEN-116,test,DRUSEN,drusen,OD,.tif,0.16763417422771454
DRUSEN/116/OD/026_Normal.tif,DRUSEN-116,test,DRUSEN,normal,OD,.tif,0.1244131326675415
DRUSEN/116/OD/027_Normal.tif,DRUSEN-116,test,DRUSEN,normal,OD,.tif,0.14427846670150757
DRUSEN/116/OD/028_Normal.tif,DRUSEN-116,val,DRUSEN,normal,OD,.tif,0.13844913244247437
DRUSEN/116/OD/029_Normal.tif,DRUSEN-116,test,DRUSEN,normal,OD,.tif,0.12889617681503296
DRUSEN/116/OD/030_Normal.tif,DRUSEN-116,test,DRUSEN,normal,OD,.tif,0.14461153745651245
DRUSEN/116/OS/000_Normal.tif,DRUSEN-116,val,DRUSEN,normal,OS,.tif,0.18400663137435913
DRUSEN/116/OS/001_Normal.tif,DRUSEN-116,test,DRUSEN,normal,OS,.tif,0.19549168646335602
DRUSEN/116/OS/002_Normal.tif,DRUSEN-116,test,DRUSEN,normal,OS,.tif,0.2295939177274704
DRUSEN/116/OS/003_Normal.tif,DRUSEN-116,test,DRUSEN,normal,OS,.tif,0.1877152919769287
DRUSEN/116/OS/004_Normal.tif,DRUSEN-116,test,DRUSEN,normal,OS,.tif,0.16389918327331543
DRUSEN/116/OS/005_Normal.tif,DRUSEN-116,val,DRUSEN,normal,OS,.tif,0.17845900356769562
DRUSEN/116/OS/006_Normal.tif,DRUSEN-116,val,DRUSEN,normal,OS,.tif,0.15283456444740295
DRUSEN/116/OS/007_Drusen.tif,DRUSEN-116,test,DRUSEN,drusen,OS,.tif,0.1726921796798706
DRUSEN/116/OS/008_Normal.tif,DRUSEN-116,val,DRUSEN,normal,OS,.tif,0.18912538886070251
DRUSEN/116/OS/009_Drusen.tif,DRUSEN-116,test,DRUSEN,drusen,OS,.tif,0.1946333944797516
DRUSEN/116/OS/010_Drusen.tif,DRUSEN-116,test,DRUSEN,drusen,OS,.tif,0.1701851785182953
DRUSEN/116/OS/011_Normal.tif,DRUSEN-116,test,DRUSEN,normal,OS,.tif,0.1899920403957367
DRUSEN/116/OS/012_Normal.tif,DRUSEN-116,test,DRUSEN,normal,OS,.tif,0.24279096722602844
DRUSEN/116/OS/013_Normal.tif,DRUSEN-116,test,DRUSEN,normal,OS,.tif,0.20324286818504333
DRUSEN/116/OS/014_Normal.tif,DRUSEN-116,test,DRUSEN,normal,OS,.tif,0.21434709429740906
DRUSEN/116/OS/015_Drusen.tif,DRUSEN-116,test,DRUSEN,drusen,OS,.tif,0.28636717796325684
DRUSEN/116/OS/016_Drusen.tif,DRUSEN-116,test,DRUSEN,drusen,OS,.tif,0.22982658445835114
DRUSEN/116/OS/017_Drusen.tif,DRUSEN-116,test,DRUSEN,drusen,OS,.tif,0.2453349232673645
DRUSEN/116/OS/018_Drusen.tif,DRUSEN-116,test,DRUSEN,drusen,OS,.tif,0.19246523082256317
DRUSEN/116/OS/019_Normal.tif,DRUSEN-116,val,DRUSEN,normal,OS,.tif,0.17759883403778076
DRUSEN/116/OS/020_Normal.tif,DRUSEN-116,test,DRUSEN,normal,OS,.tif,0.14550435543060303
DRUSEN/116/OS/021_Normal.tif,DRUSEN-116,val,DRUSEN,normal,OS,.tif,0.10156262665987015
DRUSEN/116/OS/022_Normal.tif,DRUSEN-116,val,DRUSEN,normal,OS,.tif,0.14574143290519714
DRUSEN/116/OS/023_Normal.tif,DRUSEN-116,test,DRUSEN,normal,OS,.tif,0.13836728036403656
DRUSEN/116/OS/024_Normal.tif,DRUSEN-116,test,DRUSEN,normal,OS,.tif,0.16414564847946167
DRUSEN/116/OS/025_Normal.tif,DRUSEN-116,test,DRUSEN,normal,OS,.tif,0.10389560461044312
DRUSEN/116/OS/026_Normal.tif,DRUSEN-116,test,DRUSEN,normal,OS,.tif,0.1407756209373474
DRUSEN/116/OS/027_Normal.tif,DRUSEN-116,val,DRUSEN,normal,OS,.tif,0.12629468739032745
DRUSEN/116/OS/028_Normal.tif,DRUSEN-116,test,DRUSEN,normal,OS,.tif,0.12662369012832642
DRUSEN/116/OS/029_Normal.tif,DRUSEN-116,test,DRUSEN,normal,OS,.tif,0.16820862889289856
DRUSEN/116/OS/030_Normal.tif,DRUSEN-116,val,DRUSEN,normal,OS,.tif,0.1698809713125229
DRUSEN/117/000_Normal.tif,DRUSEN-117,val,DRUSEN,normal,OS,.tif,0.12459242343902588
DRUSEN/117/001_Normal.tif,DRUSEN-117,test,DRUSEN,normal,OS,.tif,0.15884163975715637
DRUSEN/117/002_Normal.tif,DRUSEN-117,test,DRUSEN,normal,OS,.tif,0.1559821367263794
DRUSEN/117/003_Normal.tif,DRUSEN-117,test,DRUSEN,normal,OS,.tif,0.15704329311847687
DRUSEN/117/004_Normal.tif,DRUSEN-117,test,DRUSEN,normal,OS,.tif,0.16939884424209595
DRUSEN/117/005_Normal.tif,DRUSEN-117,test,DRUSEN,normal,OS,.tif,0.16017650067806244
DRUSEN/117/006_Drusen.tif,DRUSEN-117,test,DRUSEN,drusen,OS,.tif,0.18337002396583557
DRUSEN/117/007_Drusen.tif,DRUSEN-117,val,DRUSEN,drusen,OS,.tif,0.14558705687522888
DRUSEN/117/008_Drusen.tif,DRUSEN-117,test,DRUSEN,drusen,OS,.tif,0.1565985381603241
DRUSEN/117/009_Drusen.tif,DRUSEN-117,test,DRUSEN,drusen,OS,.tif,0.15383237600326538
DRUSEN/117/010_Drusen.tif,DRUSEN-117,val,DRUSEN,drusen,OS,.tif,0.14179369807243347
DRUSEN/117/011_Drusen.tif,DRUSEN-117,test,DRUSEN,drusen,OS,.tif,0.1425938755273819
DRUSEN/117/012_Drusen.tif,DRUSEN-117,test,DRUSEN,drusen,OS,.tif,0.16150636970996857
DRUSEN/117/013_Drusen.tif,DRUSEN-117,val,DRUSEN,drusen,OS,.tif,0.14818307757377625
DRUSEN/117/014_Drusen.tif,DRUSEN-117,test,DRUSEN,drusen,OS,.tif,0.1907288134098053
DRUSEN/117/015_Drusen.tif,DRUSEN-117,val,DRUSEN,drusen,OS,.tif,0.24535293877124786
DRUSEN/117/016_Drusen.tif,DRUSEN-117,val,DRUSEN,drusen,OS,.tif,0.19753628969192505
DRUSEN/117/017_Drusen.tif,DRUSEN-117,val,DRUSEN,drusen,OS,.tif,0.19797325134277344
DRUSEN/117/018_Drusen.tif,DRUSEN-117,test,DRUSEN,drusen,OS,.tif,0.1798563003540039
DRUSEN/117/019_Drusen.tif,DRUSEN-117,test,DRUSEN,drusen,OS,.tif,0.17045006155967712
DRUSEN/117/020_Drusen.tif,DRUSEN-117,val,DRUSEN,drusen,OS,.tif,0.14151647686958313
DRUSEN/117/021_Drusen.tif,DRUSEN-117,test,DRUSEN,drusen,OS,.tif,0.13473346829414368
DRUSEN/117/022_Drusen.tif,DRUSEN-117,test,DRUSEN,drusen,OS,.tif,0.12964686751365662
DRUSEN/117/023_Drusen.tif,DRUSEN-117,val,DRUSEN,drusen,OS,.tif,0.19336654245853424
DRUSEN/117/024_Drusen.tif,DRUSEN-117,test,DRUSEN,drusen,OS,.tif,0.20380449295043945
DRUSEN/117/025_Drusen.tif,DRUSEN-117,val,DRUSEN,drusen,OS,.tif,0.18679729104042053
DRUSEN/117/026_Drusen.tif,DRUSEN-117,test,DRUSEN,drusen,OS,.tif,0.16565018892288208
DRUSEN/117/027_Drusen.tif,DRUSEN-117,test,DRUSEN,drusen,OS,.tif,0.17016573250293732
DRUSEN/117/028_Drusen.tif,DRUSEN-117,val,DRUSEN,drusen,OS,.tif,0.19020792841911316
DRUSEN/117/029_Drusen.tif,DRUSEN-117,val,DRUSEN,drusen,OS,.tif,0.17691466212272644
DRUSEN/117/030_Drusen.tif,DRUSEN-117,test,DRUSEN,drusen,OS,.tif,0.13787661492824554
DRUSEN/118/000_Normal.tif,DRUSEN-118,test,DRUSEN,normal,OD,.tif,0.11900947988033295
DRUSEN/118/001_Normal.tif,DRUSEN-118,test,DRUSEN,normal,OD,.tif,0.13217489421367645
DRUSEN/118/002_Normal.tif,DRUSEN-118,test,DRUSEN,normal,OD,.tif,0.1603749692440033
DRUSEN/118/003_Normal.tif,DRUSEN-118,test,DRUSEN,normal,OD,.tif,0.11622976511716843
DRUSEN/118/004_Normal.tif,DRUSEN-118,test,DRUSEN,normal,OD,.tif,0.1676027774810791
DRUSEN/118/005_Normal.tif,DRUSEN-118,test,DRUSEN,normal,OD,.tif,0.14660930633544922
DRUSEN/118/006_Normal.tif,DRUSEN-118,test,DRUSEN,normal,OD,.tif,0.18367788195610046
DRUSEN/118/007_Normal.tif,DRUSEN-118,test,DRUSEN,normal,OD,.tif,0.16294750571250916
DRUSEN/118/008_Normal.tif,DRUSEN-118,test,DRUSEN,normal,OD,.tif,0.11319904774427414
DRUSEN/118/009_Normal.tif,DRUSEN-118,test,DRUSEN,normal,OD,.tif,0.10954080522060394
DRUSEN/118/010_Normal.tif,DRUSEN-118,test,DRUSEN,normal,OD,.tif,0.11823662370443344
DRUSEN/118/011_Normal.tif,DRUSEN-118,test,DRUSEN,normal,OD,.tif,0.15859323740005493
DRUSEN/118/012_Normal.tif,DRUSEN-118,val,DRUSEN,normal,OD,.tif,0.18270090222358704
DRUSEN/118/013_Normal.tif,DRUSEN-118,val,DRUSEN,normal,OD,.tif,0.18805581331253052
DRUSEN/118/014_Drusen.tif,DRUSEN-118,test,DRUSEN,drusen,OD,.tif,0.20740243792533875
DRUSEN/118/015_Drusen.tif,DRUSEN-118,test,DRUSEN,drusen,OD,.tif,0.2170906811952591
DRUSEN/118/016_Drusen.tif,DRUSEN-118,test,DRUSEN,drusen,OD,.tif,0.1528725028038025
DRUSEN/118/017_Drusen.tif,DRUSEN-118,test,DRUSEN,drusen,OD,.tif,0.2306569218635559
DRUSEN/118/018_Drusen.tif,DRUSEN-118,val,DRUSEN,drusen,OD,.tif,0.20082828402519226
DRUSEN/118/019_Drusen.tif,DRUSEN-118,test,DRUSEN,drusen,OD,.tif,0.1938360035419464
DRUSEN/118/020_Normal.tif,DRUSEN-118,test,DRUSEN,normal,OD,.tif,0.21975713968276978
DRUSEN/118/021_Normal.tif,DRUSEN-118,val,DRUSEN,normal,OD,.tif,0.1711772382259369
DRUSEN/118/022_Normal.tif,DRUSEN-118,test,DRUSEN,normal,OD,.tif,0.18927177786827087
DRUSEN/118/023_Normal.tif,DRUSEN-118,test,DRUSEN,normal,OD,.tif,0.15232239663600922
DRUSEN/118/024_Normal.tif,DRUSEN-118,val,DRUSEN,normal,OD,.tif,0.15539640188217163
DRUSEN/118/025_Normal.tif,DRUSEN-118,test,DRUSEN,normal,OD,.tif,0.17860227823257446
DRUSEN/118/026_Normal.tif,DRUSEN-118,val,DRUSEN,normal,OD,.tif,0.18294253945350647
DRUSEN/118/027_Normal.tif,DRUSEN-118,test,DRUSEN,normal,OD,.tif,0.15431758761405945
DRUSEN/118/028_Normal.tif,DRUSEN-118,test,DRUSEN,normal,OD,.tif,0.17424748837947845
DRUSEN/118/029_Normal.tif,DRUSEN-118,val,DRUSEN,normal,OD,.tif,0.23644259572029114
DRUSEN/118/030_Normal.tif,DRUSEN-118,test,DRUSEN,normal,OD,.tif,0.18434712290763855
DRUSEN/119/000_Drusen.tif,DRUSEN-119,test,DRUSEN,drusen,OS,.tif,0.13586053252220154
DRUSEN/119/001_Drusen.tif,DRUSEN-119,test,DRUSEN,drusen,OS,.tif,0.11450262367725372
DRUSEN/119/002_Drusen.tif,DRUSEN-119,test,DRUSEN,drusen,OS,.tif,0.11506897956132889
DRUSEN/119/003_Drusen.tif,DRUSEN-119,val,DRUSEN,drusen,OS,.tif,0.2268005907535553
DRUSEN/119/004_Drusen.tif,DRUSEN-119,val,DRUSEN,drusen,OS,.tif,0.13438352942466736
DRUSEN/119/005_Drusen.tif,DRUSEN-119,test,DRUSEN,drusen,OS,.tif,0.11724299192428589
DRUSEN/119/006_Drusen.tif,DRUSEN-119,val,DRUSEN,drusen,OS,.tif,0.11310487985610962
DRUSEN/119/007_Drusen.tif,DRUSEN-119,test,DRUSEN,drusen,OS,.tif,0.11023540794849396
DRUSEN/119/008_Drusen.tif,DRUSEN-119,test,DRUSEN,drusen,OS,.tif,0.11827407032251358
DRUSEN/119/009_Drusen.tif,DRUSEN-119,val,DRUSEN,drusen,OS,.tif,0.14229652285575867
DRUSEN/119/010_Drusen.tif,DRUSEN-119,test,DRUSEN,drusen,OS,.tif,0.10332835465669632
DRUSEN/119/011_Drusen.tif,DRUSEN-119,test,DRUSEN,drusen,OS,.tif,0.12241625785827637
DRUSEN/119/012_Drusen.tif,DRUSEN-119,val,DRUSEN,drusen,OS,.tif,0.13074448704719543
DRUSEN/119/013_Drusen.tif,DRUSEN-119,test,DRUSEN,drusen,OS,.tif,0.14392419159412384
DRUSEN/119/014_Drusen.tif,DRUSEN-119,test,DRUSEN,drusen,OS,.tif,0.1886494755744934
DRUSEN/119/015_Drusen.tif,DRUSEN-119,test,DRUSEN,drusen,OS,.tif,0.22185489535331726
DRUSEN/119/016_Drusen.tif,DRUSEN-119,test,DRUSEN,drusen,OS,.tif,0.18770939111709595
DRUSEN/119/017_Drusen.tif,DRUSEN-119,test,DRUSEN,drusen,OS,.tif,0.14192184805870056
DRUSEN/119/018_Drusen.tif,DRUSEN-119,test,DRUSEN,drusen,OS,.tif,0.13179221749305725
DRUSEN/119/019_Drusen.tif,DRUSEN-119,val,DRUSEN,drusen,OS,.tif,0.13113348186016083
DRUSEN/119/020_Drusen.tif,DRUSEN-119,test,DRUSEN,drusen,OS,.tif,0.14306208491325378
DRUSEN/119/021_Drusen.tif,DRUSEN-119,test,DRUSEN,drusen,OS,.tif,0.14466162025928497
DRUSEN/119/022_Drusen.tif,DRUSEN-119,val,DRUSEN,drusen,OS,.tif,0.14849334955215454
DRUSEN/119/023_Drusen.tif,DRUSEN-119,test,DRUSEN,drusen,OS,.tif,0.16048894822597504
DRUSEN/119/024_Drusen.tif,DRUSEN-119,test,DRUSEN,drusen,OS,.tif,0.13979652523994446
DRUSEN/119/025_Drusen.tif,DRUSEN-119,test,DRUSEN,drusen,OS,.tif,0.18003681302070618
DRUSEN/119/026_Drusen.tif,DRUSEN-119,val,DRUSEN,drusen,OS,.tif,0.1498074233531952
DRUSEN/119/027_Drusen.tif,DRUSEN-119,test,DRUSEN,drusen,OS,.tif,0.18358296155929565
DRUSEN/119/028_Drusen.tif,DRUSEN-119,val,DRUSEN,drusen,OS,.tif,0.15111157298088074
DRUSEN/119/029_Drusen.tif,DRUSEN-119,test,DRUSEN,drusen,OS,.tif,0.14316615462303162
DRUSEN/119/030_Drusen.tif,DRUSEN-119,val,DRUSEN,drusen,OS,.tif,0.15068639814853668
DRUSEN/121/000_Normal.jpg,DRUSEN-121,test,DRUSEN,normal,OD,.jpg,0.24176841974258423
DRUSEN/121/001_Normal.jpg,DRUSEN-121,val,DRUSEN,normal,OD,.jpg,0.1889750361442566
DRUSEN/121/002_Normal.jpg,DRUSEN-121,test,DRUSEN,normal,OD,.jpg,0.24667565524578094
DRUSEN/121/003_Normal.jpg,DRUSEN-121,test,DRUSEN,normal,OD,.jpg,0.24011465907096863
DRUSEN/121/004_Normal.jpg,DRUSEN-121,test,DRUSEN,normal,OD,.jpg,0.1987825334072113
DRUSEN/121/005_Normal.jpg,DRUSEN-121,test,DRUSEN,normal,OD,.jpg,0.20470044016838074
DRUSEN/121/006_Normal.jpg,DRUSEN-121,test,DRUSEN,normal,OD,.jpg,0.24787107110023499
DRUSEN/121/007_Normal.jpg,DRUSEN-121,val,DRUSEN,normal,OD,.jpg,0.22953251004219055
DRUSEN/121/008_Normal.jpg,DRUSEN-121,val,DRUSEN,normal,OD,.jpg,0.2179436981678009
DRUSEN/121/009_Normal.jpg,DRUSEN-121,test,DRUSEN,normal,OD,.jpg,0.1942908763885498
DRUSEN/121/010_Normal.jpg,DRUSEN-121,val,DRUSEN,normal,OD,.jpg,0.19357115030288696
DRUSEN/121/011_Normal.jpg,DRUSEN-121,test,DRUSEN,normal,OD,.jpg,0.2301231324672699
DRUSEN/121/012_Normal.jpg,DRUSEN-121,test,DRUSEN,normal,OD,.jpg,0.20380899310112
DRUSEN/121/013_Normal.jpg,DRUSEN-121,test,DRUSEN,normal,OD,.jpg,0.18018968403339386
DRUSEN/121/014_Normal.jpg,DRUSEN-121,test,DRUSEN,normal,OD,.jpg,0.284953773021698
DRUSEN/121/015_Normal.jpg,DRUSEN-121,test,DRUSEN,normal,OD,.jpg,0.24863186478614807
DRUSEN/121/016_Normal.jpg,DRUSEN-121,test,DRUSEN,normal,OD,.jpg,0.21986383199691772
DRUSEN/121/017_Normal.jpg,DRUSEN-121,test,DRUSEN,normal,OD,.jpg,0.15759311616420746
DRUSEN/121/018_Normal.jpg,DRUSEN-121,test,DRUSEN,normal,OD,.jpg,0.14782321453094482
DRUSEN/121/019_Drusen.jpg,DRUSEN-121,test,DRUSEN,drusen,OD,.jpg,0.13559940457344055
DRUSEN/121/020_Drusen.jpg,DRUSEN-121,test,DRUSEN,drusen,OD,.jpg,0.11962996423244476
DRUSEN/121/021_Drusen.jpg,DRUSEN-121,val,DRUSEN,drusen,OD,.jpg,0.11137223988771439
DRUSEN/121/022_Drusen.jpg,DRUSEN-121,test,DRUSEN,drusen,OD,.jpg,0.13104794919490814
DRUSEN/121/023_Normal.jpg,DRUSEN-121,test,DRUSEN,normal,OD,.jpg,0.12747415900230408
DRUSEN/121/024_Normal.jpg,DRUSEN-121,test,DRUSEN,normal,OD,.jpg,0.15702418982982635
DRUSEN/121/025_Normal.jpg,DRUSEN-121,test,DRUSEN,normal,OD,.jpg,0.1327207386493683
DRUSEN/121/026_Normal.jpg,DRUSEN-121,val,DRUSEN,normal,OD,.jpg,0.16353197395801544
DRUSEN/121/027_Normal.jpg,DRUSEN-121,val,DRUSEN,normal,OD,.jpg,0.1279911994934082
DRUSEN/121/028_Normal.jpg,DRUSEN-121,test,DRUSEN,normal,OD,.jpg,0.17935112118721008
DRUSEN/121/029_Normal.jpg,DRUSEN-121,test,DRUSEN,normal,OD,.jpg,0.2294643521308899
DRUSEN/121/030_Normal.jpg,DRUSEN-121,test,DRUSEN,normal,OD,.jpg,0.16713890433311462
DRUSEN/122/000_Drusen.tif,DRUSEN-122,val,DRUSEN,drusen,OS,.tif,0.13206231594085693
DRUSEN/122/001_Drusen.tif,DRUSEN-122,val,DRUSEN,drusen,OS,.tif,0.15567179024219513
DRUSEN/122/002_Drusen.tif,DRUSEN-122,test,DRUSEN,drusen,OS,.tif,0.12083011120557785
DRUSEN/122/003_Drusen.tif,DRUSEN-122,test,DRUSEN,drusen,OS,.tif,0.14849813282489777
DRUSEN/122/004_Drusen.tif,DRUSEN-122,val,DRUSEN,drusen,OS,.tif,0.16635948419570923
DRUSEN/122/005_Drusen.tif,DRUSEN-122,test,DRUSEN,drusen,OS,.tif,0.17095345258712769
DRUSEN/122/006_Drusen.tif,DRUSEN-122,test,DRUSEN,drusen,OS,.tif,0.1327865719795227
DRUSEN/122/007_Drusen.tif,DRUSEN-122,test,DRUSEN,drusen,OS,.tif,0.14750096201896667
DRUSEN/122/008_Drusen.tif,DRUSEN-122,test,DRUSEN,drusen,OS,.tif,0.15029200911521912
DRUSEN/122/009_Drusen.tif,DRUSEN-122,test,DRUSEN,drusen,OS,.tif,0.1612526774406433
DRUSEN/122/010_Drusen.tif,DRUSEN-122,val,DRUSEN,drusen,OS,.tif,0.23499703407287598
DRUSEN/122/011_Drusen.tif,DRUSEN-122,val,DRUSEN,drusen,OS,.tif,0.19331109523773193
DRUSEN/122/012_Drusen.tif,DRUSEN-122,test,DRUSEN,drusen,OS,.tif,0.1626031994819641
DRUSEN/122/013_Drusen.tif,DRUSEN-122,val,DRUSEN,drusen,OS,.tif,0.14994831383228302
DRUSEN/122/014_Drusen.tif,DRUSEN-122,test,DRUSEN,drusen,OS,.tif,0.20208454132080078
DRUSEN/122/015_Drusen.tif,DRUSEN-122,test,DRUSEN,drusen,OS,.tif,0.2220790684223175
DRUSEN/122/016_Drusen.tif,DRUSEN-122,test,DRUSEN,drusen,OS,.tif,0.20795224606990814
DRUSEN/122/017_Drusen.tif,DRUSEN-122,val,DRUSEN,drusen,OS,.tif,0.16112454235553741
DRUSEN/122/018_Drusen.tif,DRUSEN-122,val,DRUSEN,drusen,OS,.tif,0.1388014256954193
DRUSEN/122/019_Drusen.tif,DRUSEN-122,val,DRUSEN,drusen,OS,.tif,0.14853638410568237
DRUSEN/122/020_Drusen.tif,DRUSEN-122,test,DRUSEN,drusen,OS,.tif,0.17355386912822723
DRUSEN/122/021_Drusen.tif,DRUSEN-122,val,DRUSEN,drusen,OS,.tif,0.14812001585960388
DRUSEN/122/022_Drusen.tif,DRUSEN-122,test,DRUSEN,drusen,OS,.tif,0.1432056427001953
DRUSEN/122/023_Drusen.tif,DRUSEN-122,test,DRUSEN,drusen,OS,.tif,0.14758086204528809
DRUSEN/122/024_Drusen.tif,DRUSEN-122,val,DRUSEN,drusen,OS,.tif,0.1370810866355896
DRUSEN/122/025_Drusen.tif,DRUSEN-122,test,DRUSEN,drusen,OS,.tif,0.13417422771453857
DRUSEN/122/026_Drusen.tif,DRUSEN-122,val,DRUSEN,drusen,OS,.tif,0.129277303814888
DRUSEN/122/027_Drusen.tif,DRUSEN-122,test,DRUSEN,drusen,OS,.tif,0.1365235447883606
DRUSEN/122/028_Drusen.tif,DRUSEN-122,test,DRUSEN,drusen,OS,.tif,0.15697693824768066
DRUSEN/122/029_Drusen.tif,DRUSEN-122,test,DRUSEN,drusen,OS,.tif,0.48561590909957886
DRUSEN/122/030_Drusen.tif,DRUSEN-122,test,DRUSEN,drusen,OS,.tif,0.19224494695663452
DRUSEN/123/OD/000_Drusen.tif,DRUSEN-123,test,DRUSEN,drusen,OD,.tif,0.2010927051305771
DRUSEN/123/OD/001_Drusen.tif,DRUSEN-123,test,DRUSEN,drusen,OD,.tif,0.1719169020652771
DRUSEN/123/OD/002_Drusen.tif,DRUSEN-123,val,DRUSEN,drusen,OD,.tif,0.17327463626861572
DRUSEN/123/OD/003_Drusen.tif,DRUSEN-123,val,DRUSEN,drusen,OD,.tif,0.1646789312362671
DRUSEN/123/OD/004_Drusen.tif,DRUSEN-123,test,DRUSEN,drusen,OD,.tif,0.17666861414909363
DRUSEN/123/OD/005_Drusen.tif,DRUSEN-123,test,DRUSEN,drusen,OD,.tif,0.20678400993347168
DRUSEN/123/OD/006_Drusen.tif,DRUSEN-123,val,DRUSEN,drusen,OD,.tif,0.1800535023212433
DRUSEN/123/OD/007_Drusen.tif,DRUSEN-123,test,DRUSEN,drusen,OD,.tif,0.2570773959159851
DRUSEN/123/OD/008_Drusen.tif,DRUSEN-123,test,DRUSEN,drusen,OD,.tif,0.30385297536849976
DRUSEN/123/OD/009_Drusen.tif,DRUSEN-123,test,DRUSEN,drusen,OD,.tif,0.2776956856250763
DRUSEN/123/OD/010_Drusen.tif,DRUSEN-123,test,DRUSEN,drusen,OD,.tif,0.26412633061408997
DRUSEN/123/OD/011_Drusen.tif,DRUSEN-123,test,DRUSEN,drusen,OD,.tif,0.2640784978866577
DRUSEN/123/OD/012_Drusen.tif,DRUSEN-123,test,DRUSEN,drusen,OD,.tif,0.29457661509513855
DRUSEN/123/OD/013_Drusen.tif,DRUSEN-123,test,DRUSEN,drusen,OD,.tif,0.26226645708084106
DRUSEN/123/OD/014_Drusen.tif,DRUSEN-123,val,DRUSEN,drusen,OD,.tif,0.2543012499809265
DRUSEN/123/OD/015_Drusen.tif,DRUSEN-123,test,DRUSEN,drusen,OD,.tif,0.23555684089660645
DRUSEN/123/OD/016_Drusen.tif,DRUSEN-123,test,DRUSEN,drusen,OD,.tif,0.18857163190841675
DRUSEN/123/OD/017_Drusen.tif,DRUSEN-123,test,DRUSEN,drusen,OD,.tif,0.21083296835422516
DRUSEN/123/OD/018_Drusen.tif,DRUSEN-123,test,DRUSEN,drusen,OD,.tif,0.17103639245033264
DRUSEN/123/OD/019_Drusen.tif,DRUSEN-123,val,DRUSEN,drusen,OD,.tif,0.1615426242351532
DRUSEN/123/OD/020_Drusen.tif,DRUSEN-123,test,DRUSEN,drusen,OD,.tif,0.14814449846744537
DRUSEN/123/OD/021_Drusen.tif,DRUSEN-123,val,DRUSEN,drusen,OD,.tif,0.14061135053634644
DRUSEN/123/OD/022_Drusen.tif,DRUSEN-123,test,DRUSEN,drusen,OD,.tif,0.16838368773460388
DRUSEN/123/OD/023_Drusen.tif,DRUSEN-123,test,DRUSEN,drusen,OD,.tif,0.20917488634586334
DRUSEN/123/OD/024_Drusen.tif,DRUSEN-123,test,DRUSEN,drusen,OD,.tif,0.20869240164756775
DRUSEN/123/OS/000_Drusen.tif,DRUSEN-123,test,DRUSEN,drusen,OS,.tif,0.2216174602508545
DRUSEN/123/OS/001_Drusen.tif,DRUSEN-123,test,DRUSEN,drusen,OS,.tif,0.18078121542930603
DRUSEN/123/OS/002_Drusen.tif,DRUSEN-123,test,DRUSEN,drusen,OS,.tif,0.17977465689182281
DRUSEN/123/OS/003_Drusen.tif,DRUSEN-123,test,DRUSEN,drusen,OS,.tif,0.20463836193084717
DRUSEN/123/OS/004_Drusen.tif,DRUSEN-123,val,DRUSEN,drusen,OS,.tif,0.1790502667427063
DRUSEN/123/OS/005_Drusen.tif,DRUSEN-123,test,DRUSEN,drusen,OS,.tif,0.1817600578069687
DRUSEN/123/OS/006_Drusen.tif,DRUSEN-123,test,DRUSEN,drusen,OS,.tif,0.16057266294956207
DRUSEN/123/OS/007_Drusen.tif,DRUSEN-123,val,DRUSEN,drusen,OS,.tif,0.18979336321353912
DRUSEN/123/OS/008_Drusen.tif,DRUSEN-123,test,DRUSEN,drusen,OS,.tif,0.15734848380088806
DRUSEN/123/OS/009_Drusen.tif,DRUSEN-123,val,DRUSEN,drusen,OS,.tif,0.19132909178733826
DRUSEN/123/OS/010_Drusen.tif,DRUSEN-123,test,DRUSEN,drusen,OS,.tif,0.20223331451416016
DRUSEN/123/OS/011_Drusen.tif,DRUSEN-123,test,DRUSEN,drusen,OS,.tif,0.17946083843708038
DRUSEN/123/OS/012_Drusen.tif,DRUSEN-123,test,DRUSEN,drusen,OS,.tif,0.25582391023635864
DRUSEN/123/OS/013_Drusen.tif,DRUSEN-123,val,DRUSEN,drusen,OS,.tif,0.21852032840251923
DRUSEN/123/OS/014_Drusen.tif,DRUSEN-123,val,DRUSEN,drusen,OS,.tif,0.24225610494613647
DRUSEN/123/OS/015_Drusen.tif,DRUSEN-123,val,DRUSEN,drusen,OS,.tif,0.25284069776535034
DRUSEN/123/OS/016_Drusen.tif,DRUSEN-123,test,DRUSEN,drusen,OS,.tif,0.2586853802204132
DRUSEN/123/OS/017_Drusen.tif,DRUSEN-123,test,DRUSEN,drusen,OS,.tif,0.24262602627277374
DRUSEN/123/OS/018_Drusen.tif,DRUSEN-123,test,DRUSEN,drusen,OS,.tif,0.193962961435318
DRUSEN/123/OS/019_Drusen.tif,DRUSEN-123,test,DRUSEN,drusen,OS,.tif,0.19449788331985474
DRUSEN/123/OS/020_Drusen.tif,DRUSEN-123,test,DRUSEN,drusen,OS,.tif,0.1766299307346344
DRUSEN/123/OS/021_Drusen.tif,DRUSEN-123,test,DRUSEN,drusen,OS,.tif,0.17852920293807983
DRUSEN/123/OS/022_Drusen.tif,DRUSEN-123,test,DRUSEN,drusen,OS,.tif,0.13509467244148254
DRUSEN/123/OS/023_Drusen.tif,DRUSEN-123,val,DRUSEN,drusen,OS,.tif,0.13390424847602844
DRUSEN/123/OS/024_Drusen.tif,DRUSEN-123,test,DRUSEN,drusen,OS,.tif,0.14685267210006714
DRUSEN/123/OS/025_Drusen.tif,DRUSEN-123,test,DRUSEN,drusen,OS,.tif,0.14142832159996033
DRUSEN/123/OS/026_Drusen.tif,DRUSEN-123,test,DRUSEN,drusen,OS,.tif,0.13132351636886597
DRUSEN/123/OS/027_Drusen.tif,DRUSEN-123,test,DRUSEN,drusen,OS,.tif,0.144245445728302
DRUSEN/123/OS/028_Drusen.tif,DRUSEN-123,val,DRUSEN,drusen,OS,.tif,0.1856372356414795
DRUSEN/123/OS/029_Drusen.tif,DRUSEN-123,test,DRUSEN,drusen,OS,.tif,0.13994839787483215
DRUSEN/123/OS/030_Drusen.tif,DRUSEN-123,val,DRUSEN,drusen,OS,.tif,0.17304794490337372
DRUSEN/124/000_Normal.tif,DRUSEN-124,test,DRUSEN,normal,OD,.tif,0.18493986129760742
DRUSEN/124/001_Drusen.tif,DRUSEN-124,val,DRUSEN,drusen,OD,.tif,0.19374272227287292
DRUSEN/124/002_Drusen.tif,DRUSEN-124,val,DRUSEN,drusen,OD,.tif,0.17753243446350098
DRUSEN/124/003_Drusen.tif,DRUSEN-124,test,DRUSEN,drusen,OD,.tif,0.1787082850933075
DRUSEN/124/004_Drusen.tif,DRUSEN-124,val,DRUSEN,drusen,OD,.tif,0.1857708841562271
DRUSEN/124/005_Drusen.tif,DRUSEN-124,test,DRUSEN,drusen,OD,.tif,0.15216189622879028
DRUSEN/124/006_Drusen.tif,DRUSEN-124,test,DRUSEN,drusen,OD,.tif,0.1707170456647873
DRUSEN/124/007_Drusen.tif,DRUSEN-124,val,DRUSEN,drusen,OD,.tif,0.1488252580165863
DRUSEN/124/008_Drusen.tif,DRUSEN-124,test,DRUSEN,drusen,OD,.tif,0.14458152651786804
DRUSEN/124/009_Drusen.tif,DRUSEN-124,test,DRUSEN,drusen,OD,.tif,0.1576886922121048
DRUSEN/124/010_Drusen.tif,DRUSEN-124,test,DRUSEN,drusen,OD,.tif,0.12466307729482651
DRUSEN/124/011_Drusen.tif,DRUSEN-124,test,DRUSEN,drusen,OD,.tif,0.16237792372703552
DRUSEN/124/012_Drusen.tif,DRUSEN-124,test,DRUSEN,drusen,OD,.tif,0.18357524275779724
DRUSEN/124/013_Drusen.tif,DRUSEN-124,test,DRUSEN,drusen,OD,.tif,0.21838931739330292
DRUSEN/124/014_Drusen.tif,DRUSEN-124,test,DRUSEN,drusen,OD,.tif,0.2156340777873993
DRUSEN/124/015_Drusen.tif,DRUSEN-124,val,DRUSEN,drusen,OD,.tif,0.18580162525177002
DRUSEN/124/016_Drusen.tif,DRUSEN-124,test,DRUSEN,drusen,OD,.tif,0.20490843057632446
DRUSEN/124/017_Drusen.tif,DRUSEN-124,test,DRUSEN,drusen,OD,.tif,0.19927659630775452
DRUSEN/124/018_Drusen.tif,DRUSEN-124,test,DRUSEN,drusen,OD,.tif,0.15226002037525177
DRUSEN/124/019_Drusen.tif,DRUSEN-124,test,DRUSEN,drusen,OD,.tif,0.1830066740512848
DRUSEN/124/020_Drusen.tif,DRUSEN-124,test,DRUSEN,drusen,OD,.tif,0.13155752420425415
DRUSEN/124/021_Drusen.tif,DRUSEN-124,test,DRUSEN,drusen,OD,.tif,0.12689615786075592
DRUSEN/124/022_Drusen.tif,DRUSEN-124,val,DRUSEN,drusen,OD,.tif,0.13838735222816467
DRUSEN/124/023_Drusen.tif,DRUSEN-124,test,DRUSEN,drusen,OD,.tif,0.12926989793777466
DRUSEN/124/024_Drusen.tif,DRUSEN-124,test,DRUSEN,drusen,OD,.tif,0.15277031064033508
DRUSEN/124/025_Drusen.tif,DRUSEN-124,test,DRUSEN,drusen,OD,.tif,0.11492248624563217
DRUSEN/124/026_Drusen.tif,DRUSEN-124,val,DRUSEN,drusen,OD,.tif,0.11147686839103699
DRUSEN/124/027_Drusen.tif,DRUSEN-124,val,DRUSEN,drusen,OD,.tif,0.1181238442659378
DRUSEN/124/028_Drusen.tif,DRUSEN-124,val,DRUSEN,drusen,OD,.tif,0.12704269587993622
DRUSEN/124/029_Normal.tif,DRUSEN-124,test,DRUSEN,normal,OD,.tif,0.12792044878005981
DRUSEN/124/030_Drusen.tif,DRUSEN-124,val,DRUSEN,drusen,OD,.tif,0.15491506457328796
DRUSEN/125/000_Drusen.tif,DRUSEN-125,val,DRUSEN,drusen,OD,.tif,0.25369590520858765
DRUSEN/125/001_Drusen.tif,DRUSEN-125,test,DRUSEN,drusen,OD,.tif,0.18251624703407288
DRUSEN/125/002_Drusen.tif,DRUSEN-125,test,DRUSEN,drusen,OD,.tif,0.14804667234420776
DRUSEN/125/003_Drusen.tif,DRUSEN-125,val,DRUSEN,drusen,OD,.tif,0.2064458429813385
DRUSEN/125/004_Drusen.tif,DRUSEN-125,test,DRUSEN,drusen,OD,.tif,0.15110793709754944
DRUSEN/125/005_Drusen.tif,DRUSEN-125,val,DRUSEN,drusen,OD,.tif,0.10177748650312424
DRUSEN/125/006_Drusen.tif,DRUSEN-125,test,DRUSEN,drusen,OD,.tif,0.13177764415740967
DRUSEN/125/007_Drusen.tif,DRUSEN-125,test,DRUSEN,drusen,OD,.tif,0.12496252357959747
DRUSEN/125/008_Drusen.tif,DRUSEN-125,val,DRUSEN,drusen,OD,.tif,0.11560170352458954
DRUSEN/125/009_Drusen.tif,DRUSEN-125,test,DRUSEN,drusen,OD,.tif,0.11136209964752197
DRUSEN/125/010_Drusen.tif,DRUSEN-125,test,DRUSEN,drusen,OD,.tif,0.1172398254275322
DRUSEN/125/011_Drusen.tif,DRUSEN-125,test,DRUSEN,drusen,OD,.tif,0.11353906989097595
DRUSEN/125/012_Drusen.tif,DRUSEN-125,val,DRUSEN,drusen,OD,.tif,0.12393161654472351
DRUSEN/125/013_Drusen.tif,DRUSEN-125,test,DRUSEN,drusen,OD,.tif,0.14328356087207794
DRUSEN/125/014_Drusen.tif,DRUSEN-125,test,DRUSEN,drusen,OD,.tif,0.160598486661911
DRUSEN/125/015_Drusen.tif,DRUSEN-125,test,DRUSEN,drusen,OD,.tif,0.2656092941761017
DRUSEN/125/016_Drusen.tif,DRUSEN-125,test,DRUSEN,drusen,OD,.tif,0.22006523609161377
DRUSEN/125/017_Drusen.tif,DRUSEN-125,val,DRUSEN,drusen,OD,.tif,0.1948522925376892
DRUSEN/125/018_Drusen.tif,DRUSEN-125,test,DRUSEN,drusen,OD,.tif,0.16141441464424133
DRUSEN/125/019_Drusen.tif,DRUSEN-125,val,DRUSEN,drusen,OD,.tif,0.1658792942762375
DRUSEN/125/020_Drusen.tif,DRUSEN-125,val,DRUSEN,drusen,OD,.tif,0.14393213391304016
DRUSEN/125/021_Drusen.tif,DRUSEN-125,test,DRUSEN,drusen,OD,.tif,0.1416347175836563
DRUSEN/125/022_Drusen.tif,DRUSEN-125,test,DRUSEN,drusen,OD,.tif,0.13349543511867523
DRUSEN/125/023_Drusen.tif,DRUSEN-125,test,DRUSEN,drusen,OD,.tif,0.11737027764320374
DRUSEN/125/024_Drusen.tif,DRUSEN-125,test,DRUSEN,drusen,OD,.tif,0.15763577818870544
DRUSEN/125/025_Drusen.tif,DRUSEN-125,val,DRUSEN,drusen,OD,.tif,0.13596287369728088
DRUSEN/125/026_Drusen.tif,DRUSEN-125,test,DRUSEN,drusen,OD,.tif,0.14657293260097504
DRUSEN/125/027_Drusen.tif,DRUSEN-125,test,DRUSEN,drusen,OD,.tif,0.14199551939964294
DRUSEN/125/028_Drusen.tif,DRUSEN-125,val,DRUSEN,drusen,OD,.tif,0.10889354348182678
DRUSEN/125/029_Drusen.tif,DRUSEN-125,test,DRUSEN,drusen,OD,.tif,0.11665505170822144
DRUSEN/125/030_Drusen.tif,DRUSEN-125,val,DRUSEN,drusen,OD,.tif,0.1332349181175232
DRUSEN/126/000_Drusen.tif,DRUSEN-126,val,DRUSEN,drusen,OD,.tif,0.17997336387634277
DRUSEN/126/001_Drusen.tif,DRUSEN-126,test,DRUSEN,drusen,OD,.tif,0.14565369486808777
DRUSEN/126/002_Drusen.tif,DRUSEN-126,test,DRUSEN,drusen,OD,.tif,0.1522430181503296
DRUSEN/126/003_Drusen.tif,DRUSEN-126,val,DRUSEN,drusen,OD,.tif,0.1556268036365509
DRUSEN/126/004_Drusen.tif,DRUSEN-126,test,DRUSEN,drusen,OD,.tif,0.14802555739879608
DRUSEN/126/005_Drusen.tif,DRUSEN-126,val,DRUSEN,drusen,OD,.tif,0.17113947868347168
DRUSEN/126/006_Drusen.tif,DRUSEN-126,val,DRUSEN,drusen,OD,.tif,0.1876162588596344
DRUSEN/126/007_Drusen.tif,DRUSEN-126,test,DRUSEN,drusen,OD,.tif,0.18383526802062988
DRUSEN/126/008_Drusen.tif,DRUSEN-126,val,DRUSEN,drusen,OD,.tif,0.18266543745994568
DRUSEN/126/009_Drusen.tif,DRUSEN-126,test,DRUSEN,drusen,OD,.tif,0.14921505749225616
DRUSEN/126/010_Drusen.tif,DRUSEN-126,val,DRUSEN,drusen,OD,.tif,0.16286233067512512
DRUSEN/126/011_Drusen.tif,DRUSEN-126,test,DRUSEN,drusen,OD,.tif,0.1574537456035614
DRUSEN/126/012_Drusen.tif,DRUSEN-126,test,DRUSEN,drusen,OD,.tif,0.16376611590385437
DRUSEN/126/013_Drusen.tif,DRUSEN-126,test,DRUSEN,drusen,OD,.tif,0.1943601667881012
DRUSEN/126/014_Drusen.tif,DRUSEN-126,val,DRUSEN,drusen,OD,.tif,0.19313791394233704
DRUSEN/126/015_Drusen.tif,DRUSEN-126,test,DRUSEN,drusen,OD,.tif,0.20605343580245972
DRUSEN/126/016_Drusen.tif,DRUSEN-126,val,DRUSEN,drusen,OD,.tif,0.2505638599395752
DRUSEN/126/017_Drusen.tif,DRUSEN-126,test,DRUSEN,drusen,OD,.tif,0.24058225750923157
DRUSEN/126/018_Drusen.tif,DRUSEN-126,test,DRUSEN,drusen,OD,.tif,0.17233909666538239
DRUSEN/126/019_Drusen.tif,DRUSEN-126,test,DRUSEN,drusen,OD,.tif,0.15369296073913574
DRUSEN/126/020_Drusen.tif,DRUSEN-126,test,DRUSEN,drusen,OD,.tif,0.15354633331298828
DRUSEN/126/021_Drusen.tif,DRUSEN-126,test,DRUSEN,drusen,OD,.tif,0.18005183339118958
DRUSEN/126/022_Drusen.tif,DRUSEN-126,test,DRUSEN,drusen,OD,.tif,0.13075992465019226
DRUSEN/126/023_Drusen.tif,DRUSEN-126,test,DRUSEN,drusen,OD,.tif,0.1441129744052887
DRUSEN/126/024_Drusen.tif,DRUSEN-126,val,DRUSEN,drusen,OD,.tif,0.1815991848707199
DRUSEN/126/025_Drusen.tif,DRUSEN-126,test,DRUSEN,drusen,OD,.tif,0.1530330777168274
DRUSEN/126/026_Drusen.tif,DRUSEN-126,test,DRUSEN,drusen,OD,.tif,0.16385069489479065
DRUSEN/126/027_Drusen.tif,DRUSEN-126,val,DRUSEN,drusen,OD,.tif,0.1796991527080536
DRUSEN/126/028_Drusen.tif,DRUSEN-126,test,DRUSEN,drusen,OD,.tif,0.1259029358625412
DRUSEN/126/029_Drusen.tif,DRUSEN-126,test,DRUSEN,drusen,OD,.tif,0.15616068243980408
DRUSEN/126/030_Drusen.tif,DRUSEN-126,val,DRUSEN,drusen,OD,.tif,0.16138261556625366
DRUSEN/127/000_Drusen.tif,DRUSEN-127,val,DRUSEN,drusen,OD,.tif,0.11284317076206207
DRUSEN/127/001_Drusen.tif,DRUSEN-127,test,DRUSEN,drusen,OD,.tif,0.12074632942676544
DRUSEN/127/002_Drusen.tif,DRUSEN-127,val,DRUSEN,drusen,OD,.tif,0.10240151733160019
DRUSEN/127/003_Drusen.tif,DRUSEN-127,val,DRUSEN,drusen,OD,.tif,0.11551439762115479
DRUSEN/127/004_Drusen.tif,DRUSEN-127,test,DRUSEN,drusen,OD,.tif,0.15641164779663086
DRUSEN/127/005_Drusen.tif,DRUSEN-127,test,DRUSEN,drusen,OD,.tif,0.17549531161785126
DRUSEN/127/006_Drusen.tif,DRUSEN-127,val,DRUSEN,drusen,OD,.tif,0.15817329287528992
DRUSEN/127/007_Drusen.tif,DRUSEN-127,test,DRUSEN,drusen,OD,.tif,0.19874170422554016
DRUSEN/127/008_Drusen.tif,DRUSEN-127,test,DRUSEN,drusen,OD,.tif,0.18671630322933197
DRUSEN/127/009_Drusen.tif,DRUSEN-127,val,DRUSEN,drusen,OD,.tif,0.33451077342033386
DRUSEN/127/010_Drusen.tif,DRUSEN-127,val,DRUSEN,drusen,OD,.tif,0.2209160029888153
DRUSEN/127/011_Drusen.tif,DRUSEN-127,test,DRUSEN,drusen,OD,.tif,0.24771049618721008
DRUSEN/127/012_Drusen.tif,DRUSEN-127,test,DRUSEN,drusen,OD,.tif,0.21326854825019836
DRUSEN/127/013_Drusen.tif,DRUSEN-127,test,DRUSEN,drusen,OD,.tif,0.19067619740962982
DRUSEN/127/014_Drusen.tif,DRUSEN-127,test,DRUSEN,drusen,OD,.tif,0.17876523733139038
DRUSEN/127/015_Drusen.tif,DRUSEN-127,test,DRUSEN,drusen,OD,.tif,0.14671418070793152
DRUSEN/127/016_Drusen.tif,DRUSEN-127,test,DRUSEN,drusen,OD,.tif,0.14011932909488678
DRUSEN/127/017_Drusen.tif,DRUSEN-127,test,DRUSEN,drusen,OD,.tif,0.09046907722949982
DRUSEN/127/018_Drusen.tif,DRUSEN-127,test,DRUSEN,drusen,OD,.tif,0.15040239691734314
DRUSEN/127/019_Drusen.tif,DRUSEN-127,test,DRUSEN,drusen,OD,.tif,0.15528620779514313
DRUSEN/127/020_Drusen.tif,DRUSEN-127,test,DRUSEN,drusen,OD,.tif,0.15436309576034546
DRUSEN/127/021_Drusen.tif,DRUSEN-127,val,DRUSEN,drusen,OD,.tif,0.14578601717948914
DRUSEN/127/022_Drusen.tif,DRUSEN-127,test,DRUSEN,drusen,OD,.tif,0.09019296616315842
DRUSEN/127/023_Drusen.tif,DRUSEN-127,test,DRUSEN,drusen,OD,.tif,0.11263327300548553
DRUSEN/127/024_Drusen.tif,DRUSEN-127,test,DRUSEN,drusen,OD,.tif,0.10779315233230591
DRUSEN/128/000_Drusen.tif,DRUSEN-128,val,DRUSEN,drusen,OD,.tif,0.136905699968338
DRUSEN/128/001_Drusen.tif,DRUSEN-128,val,DRUSEN,drusen,OD,.tif,0.13181018829345703
DRUSEN/128/002_Drusen.tif,DRUSEN-128,val,DRUSEN,drusen,OD,.tif,0.164887934923172
DRUSEN/128/003_Drusen.tif,DRUSEN-128,val,DRUSEN,drusen,OD,.tif,0.13194839656352997
DRUSEN/128/004_Drusen.tif,DRUSEN-128,val,DRUSEN,drusen,OD,.tif,0.1302865743637085
DRUSEN/128/005_Drusen.tif,DRUSEN-128,test,DRUSEN,drusen,OD,.tif,0.16322708129882812
DRUSEN/128/006_Drusen.tif,DRUSEN-128,test,DRUSEN,drusen,OD,.tif,0.16107363998889923
DRUSEN/128/007_Drusen.tif,DRUSEN-128,val,DRUSEN,drusen,OD,.tif,0.17157429456710815
DRUSEN/128/008_Drusen.tif,DRUSEN-128,test,DRUSEN,drusen,OD,.tif,0.15425415337085724
DRUSEN/128/009_Drusen.tif,DRUSEN-128,test,DRUSEN,drusen,OD,.tif,0.16353565454483032
DRUSEN/128/010_Drusen.tif,DRUSEN-128,test,DRUSEN,drusen,OD,.tif,0.1967664361000061
DRUSEN/128/011_Drusen.tif,DRUSEN-128,test,DRUSEN,drusen,OD,.tif,0.1487717628479004
DRUSEN/128/012_Drusen.tif,DRUSEN-128,val,DRUSEN,drusen,OD,.tif,0.17297641932964325
DRUSEN/128/013_Drusen.tif,DRUSEN-128,test,DRUSEN,drusen,OD,.tif,0.14142948389053345
DRUSEN/128/014_Drusen.tif,DRUSEN-128,test,DRUSEN,drusen,OD,.tif,0.1678745597600937
DRUSEN/128/015_Drusen.tif,DRUSEN-128,val,DRUSEN,drusen,OD,.tif,0.1667323261499405
DRUSEN/128/016_Drusen.tif,DRUSEN-128,test,DRUSEN,drusen,OD,.tif,0.16432327032089233
DRUSEN/128/017_Drusen.tif,DRUSEN-128,test,DRUSEN,drusen,OD,.tif,0.11759969592094421
DRUSEN/128/018_Drusen.tif,DRUSEN-128,test,DRUSEN,drusen,OD,.tif,0.1602919101715088
DRUSEN/128/019_Drusen.tif,DRUSEN-128,val,DRUSEN,drusen,OD,.tif,0.11656693369150162
DRUSEN/128/020_Drusen.tif,DRUSEN-128,val,DRUSEN,drusen,OD,.tif,0.13296446204185486
DRUSEN/128/021_Drusen.tif,DRUSEN-128,test,DRUSEN,drusen,OD,.tif,0.13073799014091492
DRUSEN/128/022_Drusen.tif,DRUSEN-128,test,DRUSEN,drusen,OD,.tif,0.13373737037181854
DRUSEN/128/023_Drusen.tif,DRUSEN-128,val,DRUSEN,drusen,OD,.tif,0.1476319283246994
DRUSEN/128/024_Drusen.tif,DRUSEN-128,test,DRUSEN,drusen,OD,.tif,0.18803620338439941
DRUSEN/128/025_Drusen.tif,DRUSEN-128,val,DRUSEN,drusen,OD,.tif,0.1369093507528305
DRUSEN/128/026_Drusen.tif,DRUSEN-128,test,DRUSEN,drusen,OD,.tif,0.1627887487411499
DRUSEN/128/027_Drusen.tif,DRUSEN-128,test,DRUSEN,drusen,OD,.tif,0.16021503508090973
DRUSEN/128/028_Drusen.tif,DRUSEN-128,val,DRUSEN,drusen,OD,.tif,0.16294074058532715
DRUSEN/128/029_Drusen.tif,DRUSEN-128,val,DRUSEN,drusen,OD,.tif,0.12373054772615433
DRUSEN/128/030_Drusen.tif,DRUSEN-128,test,DRUSEN,drusen,OD,.tif,0.12994161248207092
DRUSEN/129/000_Normal.tif,DRUSEN-129,val,DRUSEN,normal,OD,.tif,0.138646200299263
DRUSEN/129/001_Drusen.tif,DRUSEN-129,val,DRUSEN,drusen,OD,.tif,0.1333434283733368
DRUSEN/129/002_Drusen.tif,DRUSEN-129,test,DRUSEN,drusen,OD,.tif,0.157699316740036
DRUSEN/129/003_Drusen.tif,DRUSEN-129,test,DRUSEN,drusen,OD,.tif,0.18952861428260803
DRUSEN/129/004_Drusen.tif,DRUSEN-129,test,DRUSEN,drusen,OD,.tif,0.18300306797027588
DRUSEN/129/005_Drusen.tif,DRUSEN-129,test,DRUSEN,drusen,OD,.tif,0.14681102335453033
DRUSEN/129/006_Drusen.tif,DRUSEN-129,val,DRUSEN,drusen,OD,.tif,0.12387602031230927
DRUSEN/129/007_Drusen.tif,DRUSEN-129,test,DRUSEN,drusen,OD,.tif,0.13206592202186584
DRUSEN/129/008_Drusen.tif,DRUSEN-129,test,DRUSEN,drusen,OD,.tif,0.1432403028011322
DRUSEN/129/009_Drusen.tif,DRUSEN-129,test,DRUSEN,drusen,OD,.tif,0.09741322696208954
DRUSEN/129/010_Drusen.tif,DRUSEN-129,val,DRUSEN,drusen,OD,.tif,0.14740018546581268
DRUSEN/129/011_Drusen.tif,DRUSEN-129,val,DRUSEN,drusen,OD,.tif,0.17599515616893768
DRUSEN/129/012_Drusen.tif,DRUSEN-129,test,DRUSEN,drusen,OD,.tif,0.17550541460514069
DRUSEN/129/013_Drusen.tif,DRUSEN-129,test,DRUSEN,drusen,OD,.tif,0.16897033154964447
DRUSEN/129/014_Drusen.tif,DRUSEN-129,val,DRUSEN,drusen,OD,.tif,0.22224631905555725
DRUSEN/129/015_Drusen.tif,DRUSEN-129,test,DRUSEN,drusen,OD,.tif,0.28010743856430054
DRUSEN/129/016_Drusen.tif,DRUSEN-129,test,DRUSEN,drusen,OD,.tif,0.250465989112854
DRUSEN/129/017_Drusen.tif,DRUSEN-129,val,DRUSEN,drusen,OD,.tif,0.20927393436431885
DRUSEN/129/018_Drusen.tif,DRUSEN-129,test,DRUSEN,drusen,OD,.tif,0.18681442737579346
DRUSEN/129/019_Drusen.tif,DRUSEN-129,val,DRUSEN,drusen,OD,.tif,0.15004903078079224
DRUSEN/129/020_Drusen.tif,DRUSEN-129,test,DRUSEN,drusen,OD,.tif,0.15378855168819427
DRUSEN/129/021_Drusen.tif,DRUSEN-129,test,DRUSEN,drusen,OD,.tif,0.15342165529727936
DRUSEN/129/022_Drusen.tif,DRUSEN-129,test,DRUSEN,drusen,OD,.tif,0.14999905228614807
DRUSEN/129/023_Drusen.tif,DRUSEN-129,test,DRUSEN,drusen,OD,.tif,0.12064871191978455
DRUSEN/129/024_Drusen.tif,DRUSEN-129,val,DRUSEN,drusen,OD,.tif,0.13112787902355194
DRUSEN/129/025_Drusen.tif,DRUSEN-129,val,DRUSEN,drusen,OD,.tif,0.14198818802833557
DRUSEN/129/026_Drusen.tif,DRUSEN-129,test,DRUSEN,drusen,OD,.tif,0.13728991150856018
DRUSEN/129/027_Drusen.tif,DRUSEN-129,val,DRUSEN,drusen,OD,.tif,0.14482742547988892
DRUSEN/129/028_Drusen.tif,DRUSEN-129,test,DRUSEN,drusen,OD,.tif,0.15216435492038727
DRUSEN/129/029_Drusen.tif,DRUSEN-129,val,DRUSEN,drusen,OD,.tif,0.16072189807891846
DRUSEN/129/030_Drusen.tif,DRUSEN-129,test,DRUSEN,drusen,OD,.tif,0.1611260622739792
DRUSEN/130/000_Drusen.tif,DRUSEN-130,val,DRUSEN,drusen,OS,.tif,0.18222996592521667
DRUSEN/130/001_Drusen.tif,DRUSEN-130,test,DRUSEN,drusen,OS,.tif,0.22846142947673798
DRUSEN/130/002_Drusen.tif,DRUSEN-130,test,DRUSEN,drusen,OS,.tif,0.1833389848470688
DRUSEN/130/003_Drusen.tif,DRUSEN-130,val,DRUSEN,drusen,OS,.tif,0.2057487666606903
DRUSEN/130/004_Drusen.tif,DRUSEN-130,test,DRUSEN,drusen,OS,.tif,0.18699806928634644
DRUSEN/130/005_Drusen.tif,DRUSEN-130,test,DRUSEN,drusen,OS,.tif,0.1770835816860199
DRUSEN/130/006_Drusen.tif,DRUSEN-130,val,DRUSEN,drusen,OS,.tif,0.20048123598098755
DRUSEN/130/007_Drusen.tif,DRUSEN-130,test,DRUSEN,drusen,OS,.tif,0.21570050716400146
DRUSEN/130/008_Drusen.tif,DRUSEN-130,test,DRUSEN,drusen,OS,.tif,0.2211105227470398
DRUSEN/130/009_Drusen.tif,DRUSEN-130,test,DRUSEN,drusen,OS,.tif,0.25894075632095337
DRUSEN/130/010_Drusen.tif,DRUSEN-130,test,DRUSEN,drusen,OS,.tif,0.22737210988998413
DRUSEN/130/011_Drusen.tif,DRUSEN-130,val,DRUSEN,drusen,OS,.tif,0.2132365107536316
DRUSEN/130/012_Drusen.tif,DRUSEN-130,test,DRUSEN,drusen,OS,.tif,0.1841924786567688
DRUSEN/130/013_Drusen.tif,DRUSEN-130,val,DRUSEN,drusen,OS,.tif,0.20325937867164612
DRUSEN/130/014_Drusen.tif,DRUSEN-130,test,DRUSEN,drusen,OS,.tif,0.22999951243400574
DRUSEN/130/015_Drusen.tif,DRUSEN-130,test,DRUSEN,drusen,OS,.tif,0.25591063499450684
DRUSEN/130/016_Drusen.tif,DRUSEN-130,test,DRUSEN,drusen,OS,.tif,0.2639073133468628
DRUSEN/130/017_Drusen.tif,DRUSEN-130,test,DRUSEN,drusen,OS,.tif,0.33314263820648193
DRUSEN/130/018_Drusen.tif,DRUSEN-130,test,DRUSEN,drusen,OS,.tif,0.2772071361541748
DRUSEN/130/019_Drusen.tif,DRUSEN-130,val,DRUSEN,drusen,OS,.tif,0.2540002167224884
DRUSEN/130/020_Drusen.tif,DRUSEN-130,val,DRUSEN,drusen,OS,.tif,0.24829739332199097
DRUSEN/130/021_Drusen.tif,DRUSEN-130,test,DRUSEN,drusen,OS,.tif,0.2381199449300766
DRUSEN/130/022_Drusen.tif,DRUSEN-130,test,DRUSEN,drusen,OS,.tif,0.21585217118263245
DRUSEN/130/023_Drusen.tif,DRUSEN-130,val,DRUSEN,drusen,OS,.tif,0.14443928003311157
DRUSEN/130/024_Drusen.tif,DRUSEN-130,test,DRUSEN,drusen,OS,.tif,0.2213176190853119
DRUSEN/131/000_Drusen.tif,DRUSEN-131,test,DRUSEN,drusen,OD,.tif,0.1947300285100937
DRUSEN/131/001_Drusen.tif,DRUSEN-131,test,DRUSEN,drusen,OD,.tif,0.14111918210983276
DRUSEN/131/002_Drusen.tif,DRUSEN-131,val,DRUSEN,drusen,OD,.tif,0.12403294444084167
DRUSEN/131/003_Drusen.tif,DRUSEN-131,test,DRUSEN,drusen,OD,.tif,0.14375951886177063
DRUSEN/131/004_Drusen.tif,DRUSEN-131,test,DRUSEN,drusen,OD,.tif,0.10914187133312225
DRUSEN/131/005_Drusen.tif,DRUSEN-131,test,DRUSEN,drusen,OD,.tif,0.12473555654287338
DRUSEN/131/006_Drusen.tif,DRUSEN-131,val,DRUSEN,drusen,OD,.tif,0.12904098629951477
DRUSEN/131/007_Drusen.tif,DRUSEN-131,test,DRUSEN,drusen,OD,.tif,0.10789943486452103
DRUSEN/131/008_Drusen.tif,DRUSEN-131,test,DRUSEN,drusen,OD,.tif,0.13126279413700104
DRUSEN/131/009_Drusen.tif,DRUSEN-131,val,DRUSEN,drusen,OD,.tif,0.17616228759288788
DRUSEN/131/010_Drusen.tif,DRUSEN-131,test,DRUSEN,drusen,OD,.tif,0.172174870967865
DRUSEN/131/011_Drusen.tif,DRUSEN-131,test,DRUSEN,drusen,OD,.tif,0.1976509988307953
DRUSEN/131/012_Drusen.tif,DRUSEN-131,val,DRUSEN,drusen,OD,.tif,0.2536463737487793
DRUSEN/131/013_Drusen.tif,DRUSEN-131,test,DRUSEN,drusen,OD,.tif,0.3074571192264557
DRUSEN/131/014_Drusen.tif,DRUSEN-131,val,DRUSEN,drusen,OD,.tif,0.30835744738578796
DRUSEN/131/015_Drusen.tif,DRUSEN-131,val,DRUSEN,drusen,OD,.tif,0.33371248841285706
DRUSEN/131/016_Drusen.tif,DRUSEN-131,test,DRUSEN,drusen,OD,.tif,0.33996933698654175
DRUSEN/131/017_Drusen.tif,DRUSEN-131,val,DRUSEN,drusen,OD,.tif,0.2714773118495941
DRUSEN/131/018_Drusen.tif,DRUSEN-131,test,DRUSEN,drusen,OD,.tif,0.2051464319229126
DRUSEN/131/019_Drusen.tif,DRUSEN-131,test,DRUSEN,drusen,OD,.tif,0.22937706112861633
DRUSEN/131/020_Drusen.tif,DRUSEN-131,val,DRUSEN,drusen,OD,.tif,0.18543890118598938
DRUSEN/131/021_Drusen.tif,DRUSEN-131,val,DRUSEN,drusen,OD,.tif,0.11949742585420609
DRUSEN/131/022_Drusen.tif,DRUSEN-131,test,DRUSEN,drusen,OD,.tif,0.15578387677669525
DRUSEN/131/023_Drusen.tif,DRUSEN-131,test,DRUSEN,drusen,OD,.tif,0.09932958334684372
DRUSEN/131/024_Drusen.tif,DRUSEN-131,test,DRUSEN,drusen,OD,.tif,0.13494998216629028
DRUSEN/131/025_Drusen.tif,DRUSEN-131,test,DRUSEN,drusen,OD,.tif,0.1368034929037094
DRUSEN/131/026_Drusen.tif,DRUSEN-131,val,DRUSEN,drusen,OD,.tif,0.1870783269405365
DRUSEN/131/027_Drusen.tif,DRUSEN-131,test,DRUSEN,drusen,OD,.tif,0.1365068256855011
DRUSEN/131/028_Drusen.tif,DRUSEN-131,val,DRUSEN,drusen,OD,.tif,0.1667645275592804
DRUSEN/131/029_Drusen.tif,DRUSEN-131,test,DRUSEN,drusen,OD,.tif,0.133385568857193
DRUSEN/131/030_Drusen.tif,DRUSEN-131,val,DRUSEN,drusen,OD,.tif,0.13161061704158783
DRUSEN/132/000_Normal.tif,DRUSEN-132,val,DRUSEN,normal,OS,.tif,0.23337151110172272
DRUSEN/132/001_Drusen.tif,DRUSEN-132,test,DRUSEN,drusen,OS,.tif,0.1981004923582077
DRUSEN/132/002_Drusen.tif,DRUSEN-132,val,DRUSEN,drusen,OS,.tif,0.1804974377155304
DRUSEN/132/003_Drusen.tif,DRUSEN-132,test,DRUSEN,drusen,OS,.tif,0.19664894044399261
DRUSEN/132/004_Drusen.tif,DRUSEN-132,test,DRUSEN,drusen,OS,.tif,0.1545911729335785
DRUSEN/132/005_Drusen.tif,DRUSEN-132,val,DRUSEN,drusen,OS,.tif,0.12648969888687134
DRUSEN/132/006_Drusen.tif,DRUSEN-132,val,DRUSEN,drusen,OS,.tif,0.1607685089111328
DRUSEN/132/007_Drusen.tif,DRUSEN-132,test,DRUSEN,drusen,OS,.tif,0.10127411037683487
DRUSEN/132/008_Drusen.tif,DRUSEN-132,test,DRUSEN,drusen,OS,.tif,0.09322398900985718
DRUSEN/132/009_Drusen.tif,DRUSEN-132,test,DRUSEN,drusen,OS,.tif,0.09532888233661652
DRUSEN/132/010_Drusen.tif,DRUSEN-132,test,DRUSEN,drusen,OS,.tif,0.10886070132255554
DRUSEN/132/011_Drusen.tif,DRUSEN-132,test,DRUSEN,drusen,OS,.tif,0.10452999919652939
DRUSEN/132/012_Drusen.tif,DRUSEN-132,val,DRUSEN,drusen,OS,.tif,0.1403515338897705
DRUSEN/132/013_Drusen.tif,DRUSEN-132,test,DRUSEN,drusen,OS,.tif,0.1431027203798294
DRUSEN/132/014_Drusen.tif,DRUSEN-132,test,DRUSEN,drusen,OS,.tif,0.18080469965934753
DRUSEN/132/015_Drusen.tif,DRUSEN-132,test,DRUSEN,drusen,OS,.tif,0.17945441603660583
DRUSEN/132/016_Drusen.tif,DRUSEN-132,test,DRUSEN,drusen,OS,.tif,0.1463024914264679
DRUSEN/132/017_Drusen.tif,DRUSEN-132,val,DRUSEN,drusen,OS,.tif,0.18051978945732117
DRUSEN/132/018_Drusen.tif,DRUSEN-132,test,DRUSEN,drusen,OS,.tif,0.13620294630527496
DRUSEN/132/019_Drusen.tif,DRUSEN-132,test,DRUSEN,drusen,OS,.tif,0.09414791315793991
DRUSEN/132/020_Drusen.tif,DRUSEN-132,val,DRUSEN,drusen,OS,.tif,0.08713923394680023
DRUSEN/132/021_Drusen.tif,DRUSEN-132,val,DRUSEN,drusen,OS,.tif,0.08500164747238159
DRUSEN/132/022_Drusen.tif,DRUSEN-132,test,DRUSEN,drusen,OS,.tif,0.1012350469827652
DRUSEN/132/023_Drusen.tif,DRUSEN-132,test,DRUSEN,drusen,OS,.tif,0.1479804962873459
DRUSEN/132/024_Drusen.tif,DRUSEN-132,test,DRUSEN,drusen,OS,.tif,0.13694128394126892
DRUSEN/132/025_Drusen.tif,DRUSEN-132,val,DRUSEN,drusen,OS,.tif,0.13925303518772125
DRUSEN/132/026_Drusen.tif,DRUSEN-132,test,DRUSEN,drusen,OS,.tif,0.1442650556564331
DRUSEN/132/027_Drusen.tif,DRUSEN-132,val,DRUSEN,drusen,OS,.tif,0.12619975209236145
DRUSEN/132/028_Drusen.tif,DRUSEN-132,test,DRUSEN,drusen,OS,.tif,0.14547494053840637
DRUSEN/132/029_Drusen.tif,DRUSEN-132,test,DRUSEN,drusen,OS,.tif,0.14495445787906647
DRUSEN/132/030_Drusen.tif,DRUSEN-132,val,DRUSEN,drusen,OS,.tif,0.11953534185886383
DRUSEN/133/OD/000_Normal.tif,DRUSEN-133,test,DRUSEN,normal,OD,.tif,0.12252167612314224
DRUSEN/133/OD/001_Normal.tif,DRUSEN-133,test,DRUSEN,normal,OD,.tif,0.15192285180091858
DRUSEN/133/OD/002_Normal.tif,DRUSEN-133,val,DRUSEN,normal,OD,.tif,0.10459423810243607
DRUSEN/133/OD/003_Normal.tif,DRUSEN-133,test,DRUSEN,normal,OD,.tif,0.14902856945991516
DRUSEN/133/OD/004_Normal.tif,DRUSEN-133,test,DRUSEN,normal,OD,.tif,0.12568308413028717
DRUSEN/133/OD/005_Normal.tif,DRUSEN-133,test,DRUSEN,normal,OD,.tif,0.16471366584300995
DRUSEN/133/OD/006_Normal.tif,DRUSEN-133,val,DRUSEN,normal,OD,.tif,0.1625984013080597
DRUSEN/133/OD/007_Normal.tif,DRUSEN-133,test,DRUSEN,normal,OD,.tif,0.17223429679870605
DRUSEN/133/OD/008_Normal.tif,DRUSEN-133,test,DRUSEN,normal,OD,.tif,0.1475600004196167
DRUSEN/133/OD/009_Drusen.tif,DRUSEN-133,val,DRUSEN,drusen,OD,.tif,0.13231101632118225
DRUSEN/133/OD/010_Drusen.tif,DRUSEN-133,val,DRUSEN,drusen,OD,.tif,0.1772744357585907
DRUSEN/133/OD/011_Drusen.tif,DRUSEN-133,test,DRUSEN,drusen,OD,.tif,0.1623300313949585
DRUSEN/133/OD/012_Drusen.tif,DRUSEN-133,test,DRUSEN,drusen,OD,.tif,0.23990973830223083
DRUSEN/133/OD/013_Drusen.tif,DRUSEN-133,val,DRUSEN,drusen,OD,.tif,0.22455264627933502
DRUSEN/133/OD/014_Drusen.tif,DRUSEN-133,val,DRUSEN,drusen,OD,.tif,0.2732190191745758
DRUSEN/133/OD/015_Drusen.tif,DRUSEN-133,test,DRUSEN,drusen,OD,.tif,0.23933355510234833
DRUSEN/133/OD/016_Drusen.tif,DRUSEN-133,val,DRUSEN,drusen,OD,.tif,0.20992253720760345
DRUSEN/133/OD/017_Drusen.tif,DRUSEN-133,val,DRUSEN,drusen,OD,.tif,0.17494788765907288
DRUSEN/133/OD/018_Drusen.tif,DRUSEN-133,val,DRUSEN,drusen,OD,.tif,0.1611950546503067
DRUSEN/133/OD/019_Drusen.tif,DRUSEN-133,test,DRUSEN,drusen,OD,.tif,0.1531406044960022
DRUSEN/133/OD/020_Drusen.tif,DRUSEN-133,test,DRUSEN,drusen,OD,.tif,0.15206435322761536
DRUSEN/133/OD/021_Drusen.tif,DRUSEN-133,test,DRUSEN,drusen,OD,.tif,0.1360515058040619
DRUSEN/133/OD/022_Drusen.tif,DRUSEN-133,test,DRUSEN,drusen,OD,.tif,0.1242903620004654
DRUSEN/133/OD/023_Drusen.tif,DRUSEN-133,val,DRUSEN,drusen,OD,.tif,0.14784234762191772
DRUSEN/133/OD/024_Drusen.tif,DRUSEN-133,test,DRUSEN,drusen,OD,.tif,0.23740485310554504
DRUSEN/133/OD/025_Normal.tif,DRUSEN-133,val,DRUSEN,normal,OD,.tif,0.15458761155605316
DRUSEN/133/OD/026_Normal.tif,DRUSEN-133,test,DRUSEN,normal,OD,.tif,0.1406373381614685
DRUSEN/133/OD/027_Normal.tif,DRUSEN-133,test,DRUSEN,normal,OD,.tif,0.13513809442520142
DRUSEN/133/OD/028_Normal.tif,DRUSEN-133,val,DRUSEN,normal,OD,.tif,0.15210872888565063
DRUSEN/133/OD/029_Normal.tif,DRUSEN-133,test,DRUSEN,normal,OD,.tif,0.1494874805212021
DRUSEN/133/OD/030_Normal.tif,DRUSEN-133,test,DRUSEN,normal,OD,.tif,0.13647809624671936
DRUSEN/133/OS/000_Normal.tif,DRUSEN-133,test,DRUSEN,normal,OS,.tif,0.1427372694015503
DRUSEN/133/OS/001_Normal.tif,DRUSEN-133,test,DRUSEN,normal,OS,.tif,0.1644572913646698
DRUSEN/133/OS/002_Normal.tif,DRUSEN-133,val,DRUSEN,normal,OS,.tif,0.20262691378593445
DRUSEN/133/OS/003_Normal.tif,DRUSEN-133,test,DRUSEN,normal,OS,.tif,0.22864361107349396
DRUSEN/133/OS/004_Normal.tif,DRUSEN-133,test,DRUSEN,normal,OS,.tif,0.1897258311510086
DRUSEN/133/OS/005_Normal.tif,DRUSEN-133,val,DRUSEN,normal,OS,.tif,0.15974855422973633
DRUSEN/133/OS/006_Normal.tif,DRUSEN-133,test,DRUSEN,normal,OS,.tif,0.1999378651380539
DRUSEN/133/OS/007_Normal.tif,DRUSEN-133,val,DRUSEN,normal,OS,.tif,0.17627078294754028
DRUSEN/133/OS/008_Drusen.tif,DRUSEN-133,test,DRUSEN,drusen,OS,.tif,0.14373841881752014
DRUSEN/133/OS/009_Drusen.tif,DRUSEN-133,test,DRUSEN,drusen,OS,.tif,0.2060868889093399
DRUSEN/133/OS/010_Drusen.tif,DRUSEN-133,test,DRUSEN,drusen,OS,.tif,0.23890870809555054
DRUSEN/133/OS/011_Drusen.tif,DRUSEN-133,val,DRUSEN,drusen,OS,.tif,0.14469382166862488
DRUSEN/133/OS/012_Drusen.tif,DRUSEN-133,val,DRUSEN,drusen,OS,.tif,0.15976497530937195
DRUSEN/133/OS/013_Drusen.tif,DRUSEN-133,val,DRUSEN,drusen,OS,.tif,0.22177064418792725
DRUSEN/133/OS/014_Drusen.tif,DRUSEN-133,val,DRUSEN,drusen,OS,.tif,0.2505509853363037
DRUSEN/133/OS/015_Drusen.tif,DRUSEN-133,val,DRUSEN,drusen,OS,.tif,0.27563947439193726
DRUSEN/133/OS/016_Drusen.tif,DRUSEN-133,test,DRUSEN,drusen,OS,.tif,0.2260211855173111
DRUSEN/133/OS/017_Drusen.tif,DRUSEN-133,test,DRUSEN,drusen,OS,.tif,0.22816187143325806
DRUSEN/133/OS/018_Drusen.tif,DRUSEN-133,test,DRUSEN,drusen,OS,.tif,0.29083722829818726
DRUSEN/133/OS/019_Drusen.tif,DRUSEN-133,test,DRUSEN,drusen,OS,.tif,0.3222499489784241
DRUSEN/133/OS/020_Drusen.tif,DRUSEN-133,test,DRUSEN,drusen,OS,.tif,0.2733973264694214
DRUSEN/133/OS/021_Drusen.tif,DRUSEN-133,test,DRUSEN,drusen,OS,.tif,0.19056546688079834
DRUSEN/133/OS/022_Drusen.tif,DRUSEN-133,val,DRUSEN,drusen,OS,.tif,0.19289398193359375
DRUSEN/133/OS/023_Drusen.tif,DRUSEN-133,val,DRUSEN,drusen,OS,.tif,0.19720575213432312
DRUSEN/133/OS/024_Drusen.tif,DRUSEN-133,test,DRUSEN,drusen,OS,.tif,0.19838261604309082
DRUSEN/133/OS/025_Drusen.tif,DRUSEN-133,test,DRUSEN,drusen,OS,.tif,0.1865900456905365
DRUSEN/133/OS/026_Drusen.tif,DRUSEN-133,val,DRUSEN,drusen,OS,.tif,0.2322993278503418
DRUSEN/133/OS/027_Drusen.tif,DRUSEN-133,test,DRUSEN,drusen,OS,.tif,0.20060819387435913
DRUSEN/133/OS/028_Normal.tif,DRUSEN-133,test,DRUSEN,normal,OS,.tif,0.18988998234272003
DRUSEN/133/OS/029_Normal.tif,DRUSEN-133,test,DRUSEN,normal,OS,.tif,0.14644797146320343
DRUSEN/133/OS/030_Normal.tif,DRUSEN-133,val,DRUSEN,normal,OS,.tif,0.23631048202514648
DRUSEN/134/000_Drusen.tif,DRUSEN-134,val,DRUSEN,drusen,OS,.tif,0.1877087950706482
DRUSEN/134/001_Drusen.tif,DRUSEN-134,test,DRUSEN,drusen,OS,.tif,0.20053166151046753
DRUSEN/134/002_Drusen.tif,DRUSEN-134,test,DRUSEN,drusen,OS,.tif,0.15757933259010315
DRUSEN/134/003_Drusen.tif,DRUSEN-134,val,DRUSEN,drusen,OS,.tif,0.15710997581481934
DRUSEN/134/004_Normal.tif,DRUSEN-134,test,DRUSEN,normal,OS,.tif,0.20708969235420227
DRUSEN/134/005_Drusen.tif,DRUSEN-134,test,DRUSEN,drusen,OS,.tif,0.2024415284395218
DRUSEN/134/006_Normal.tif,DRUSEN-134,test,DRUSEN,normal,OS,.tif,0.18734055757522583
DRUSEN/134/007_Normal.tif,DRUSEN-134,test,DRUSEN,normal,OS,.tif,0.18111732602119446
DRUSEN/134/008_Normal.tif,DRUSEN-134,val,DRUSEN,normal,OS,.tif,0.1636609435081482
DRUSEN/134/009_Normal.tif,DRUSEN-134,test,DRUSEN,normal,OS,.tif,0.1995205283164978
DRUSEN/134/010_Drusen.tif,DRUSEN-134,test,DRUSEN,drusen,OS,.tif,0.2255708873271942
DRUSEN/134/011_Normal.tif,DRUSEN-134,test,DRUSEN,normal,OS,.tif,0.25583282113075256
DRUSEN/134/012_Normal.tif,DRUSEN-134,test,DRUSEN,normal,OS,.tif,0.25946885347366333
DRUSEN/134/013_Normal.tif,DRUSEN-134,test,DRUSEN,normal,OS,.tif,0.23713836073875427
DRUSEN/134/014_Normal.tif,DRUSEN-134,test,DRUSEN,normal,OS,.tif,0.2537163197994232
DRUSEN/134/015_Normal.tif,DRUSEN-134,test,DRUSEN,normal,OS,.tif,0.19587275385856628
DRUSEN/134/016_Drusen.tif,DRUSEN-134,val,DRUSEN,drusen,OS,.tif,0.15455317497253418
DRUSEN/134/017_Normal.tif,DRUSEN-134,test,DRUSEN,normal,OS,.tif,0.13253003358840942
DRUSEN/134/018_Drusen.tif,DRUSEN-134,test,DRUSEN,drusen,OS,.tif,0.11984534561634064
DRUSEN/134/019_Drusen.tif,DRUSEN-134,val,DRUSEN,drusen,OS,.tif,0.1036163792014122
DRUSEN/134/020_Drusen.tif,DRUSEN-134,test,DRUSEN,drusen,OS,.tif,0.171113058924675
DRUSEN/134/021_Drusen.tif,DRUSEN-134,val,DRUSEN,drusen,OS,.tif,0.14756789803504944
DRUSEN/134/022_Drusen.tif,DRUSEN-134,test,DRUSEN,drusen,OS,.tif,0.16350343823432922
DRUSEN/134/023_Drusen.tif,DRUSEN-134,test,DRUSEN,drusen,OS,.tif,0.14017710089683533
DRUSEN/134/024_Normal.tif,DRUSEN-134,val,DRUSEN,normal,OS,.tif,0.1517554223537445
DRUSEN/134/025_Normal.tif,DRUSEN-134,val,DRUSEN,normal,OS,.tif,0.14551280438899994
DRUSEN/134/026_Normal.tif,DRUSEN-134,val,DRUSEN,normal,OS,.tif,0.16274861991405487
DRUSEN/135/000_Drusen.tif,DRUSEN-135,val,DRUSEN,drusen,OD,.tif,0.20260220766067505
DRUSEN/135/001_Drusen.tif,DRUSEN-135,val,DRUSEN,drusen,OD,.tif,0.1979442536830902
DRUSEN/135/002_Drusen.tif,DRUSEN-135,test,DRUSEN,drusen,OD,.tif,0.20732896029949188
DRUSEN/135/003_Drusen.tif,DRUSEN-135,test,DRUSEN,drusen,OD,.tif,0.20857733488082886
DRUSEN/135/004_Drusen.tif,DRUSEN-135,test,DRUSEN,drusen,OD,.tif,0.18842147290706635
DRUSEN/135/005_Drusen.tif,DRUSEN-135,val,DRUSEN,drusen,OD,.tif,0.1658257246017456
DRUSEN/135/006_Drusen.tif,DRUSEN-135,test,DRUSEN,drusen,OD,.tif,0.1871737539768219
DRUSEN/135/007_Drusen.tif,DRUSEN-135,test,DRUSEN,drusen,OD,.tif,0.17376641929149628
DRUSEN/135/008_Drusen.tif,DRUSEN-135,test,DRUSEN,drusen,OD,.tif,0.19753578305244446
DRUSEN/135/009_Drusen.tif,DRUSEN-135,test,DRUSEN,drusen,OD,.tif,0.19015556573867798
DRUSEN/135/010_Drusen.tif,DRUSEN-135,test,DRUSEN,drusen,OD,.tif,0.19968673586845398
DRUSEN/135/011_Drusen.tif,DRUSEN-135,test,DRUSEN,drusen,OD,.tif,0.26594215631484985
DRUSEN/135/012_Drusen.tif,DRUSEN-135,test,DRUSEN,drusen,OD,.tif,0.32605087757110596
DRUSEN/135/013_Drusen.tif,DRUSEN-135,test,DRUSEN,drusen,OD,.tif,0.3348149359226227
DRUSEN/135/014_Drusen.tif,DRUSEN-135,test,DRUSEN,drusen,OD,.tif,0.34312838315963745
DRUSEN/135/015_Drusen.tif,DRUSEN-135,test,DRUSEN,drusen,OD,.tif,0.2641960382461548
DRUSEN/135/016_Drusen.tif,DRUSEN-135,test,DRUSEN,drusen,OD,.tif,0.24436816573143005
DRUSEN/135/017_Drusen.tif,DRUSEN-135,val,DRUSEN,drusen,OD,.tif,0.255193829536438
DRUSEN/135/018_Drusen.tif,DRUSEN-135,val,DRUSEN,drusen,OD,.tif,0.15789207816123962
DRUSEN/135/019_Drusen.tif,DRUSEN-135,test,DRUSEN,drusen,OD,.tif,0.2305355966091156
DRUSEN/135/020_Drusen.tif,DRUSEN-135,test,DRUSEN,drusen,OD,.tif,0.2152533382177353
DRUSEN/135/021_Drusen.tif,DRUSEN-135,test,DRUSEN,drusen,OD,.tif,0.16148194670677185
DRUSEN/135/022_Drusen.tif,DRUSEN-135,test,DRUSEN,drusen,OD,.tif,0.21244165301322937
DRUSEN/135/023_Drusen.tif,DRUSEN-135,test,DRUSEN,drusen,OD,.tif,0.18109072744846344
DRUSEN/135/024_Drusen.tif,DRUSEN-135,val,DRUSEN,drusen,OD,.tif,0.17541128396987915
DRUSEN/135/025_Drusen.tif,DRUSEN-135,test,DRUSEN,drusen,OD,.tif,0.1455431878566742
DRUSEN/135/026_Drusen.tif,DRUSEN-135,test,DRUSEN,drusen,OD,.tif,0.18021848797798157
DRUSEN/135/027_Drusen.tif,DRUSEN-135,test,DRUSEN,drusen,OD,.tif,0.16161629557609558
DRUSEN/135/028_Drusen.tif,DRUSEN-135,test,DRUSEN,drusen,OD,.tif,0.20954063534736633
DRUSEN/135/029_Drusen.tif,DRUSEN-135,test,DRUSEN,drusen,OD,.tif,0.18507200479507446
DRUSEN/135/030_Drusen.tif,DRUSEN-135,test,DRUSEN,drusen,OD,.tif,0.16663655638694763
DRUSEN/136/OD/000_Normal.tif,DRUSEN-136,test,DRUSEN,normal,OD,.tif,0.2197897732257843
DRUSEN/136/OD/001_Normal.tif,DRUSEN-136,test,DRUSEN,normal,OD,.tif,0.20219296216964722
DRUSEN/136/OD/002_Normal.tif,DRUSEN-136,val,DRUSEN,normal,OD,.tif,0.21582674980163574
DRUSEN/136/OD/003_Normal.tif,DRUSEN-136,test,DRUSEN,normal,OD,.tif,0.20342233777046204
DRUSEN/136/OD/004_Normal.tif,DRUSEN-136,test,DRUSEN,normal,OD,.tif,0.21985504031181335
DRUSEN/136/OD/005_Normal.tif,DRUSEN-136,val,DRUSEN,normal,OD,.tif,0.19117751717567444
DRUSEN/136/OD/006_Normal.tif,DRUSEN-136,val,DRUSEN,normal,OD,.tif,0.14683853089809418
DRUSEN/136/OD/007_Normal.tif,DRUSEN-136,test,DRUSEN,normal,OD,.tif,0.14750416576862335
DRUSEN/136/OD/008_Normal.tif,DRUSEN-136,val,DRUSEN,normal,OD,.tif,0.13555701076984406
DRUSEN/136/OD/009_Normal.tif,DRUSEN-136,test,DRUSEN,normal,OD,.tif,0.16660350561141968
DRUSEN/136/OD/010_Normal.tif,DRUSEN-136,val,DRUSEN,normal,OD,.tif,0.17018228769302368
DRUSEN/136/OD/011_Drusen.tif,DRUSEN-136,test,DRUSEN,drusen,OD,.tif,0.16136488318443298
DRUSEN/136/OD/012_Drusen.tif,DRUSEN-136,test,DRUSEN,drusen,OD,.tif,0.1703701615333557
DRUSEN/136/OD/013_Drusen.tif,DRUSEN-136,val,DRUSEN,drusen,OD,.tif,0.20743107795715332
DRUSEN/136/OD/014_Drusen.tif,DRUSEN-136,test,DRUSEN,drusen,OD,.tif,0.21731935441493988
DRUSEN/136/OD/015_Drusen.tif,DRUSEN-136,test,DRUSEN,drusen,OD,.tif,0.26308590173721313
DRUSEN/136/OD/016_Drusen.tif,DRUSEN-136,test,DRUSEN,drusen,OD,.tif,0.26891446113586426
DRUSEN/136/OD/017_Drusen.tif,DRUSEN-136,test,DRUSEN,drusen,OD,.tif,0.21259057521820068
DRUSEN/136/OD/018_Drusen.tif,DRUSEN-136,test,DRUSEN,drusen,OD,.tif,0.16008859872817993
DRUSEN/136/OD/019_Drusen.tif,DRUSEN-136,test,DRUSEN,drusen,OD,.tif,0.14666298031806946
DRUSEN/136/OD/020_Normal.tif,DRUSEN-136,test,DRUSEN,normal,OD,.tif,0.11435293406248093
DRUSEN/136/OD/021_Normal.tif,DRUSEN-136,test,DRUSEN,normal,OD,.tif,0.10972794890403748
DRUSEN/136/OD/022_Normal.tif,DRUSEN-136,val,DRUSEN,normal,OD,.tif,0.12524276971817017
DRUSEN/136/OD/023_Normal.tif,DRUSEN-136,test,DRUSEN,normal,OD,.tif,0.13632947206497192
DRUSEN/136/OD/024_Normal.tif,DRUSEN-136,test,DRUSEN,normal,OD,.tif,0.14407120645046234
DRUSEN/136/OD/025_Normal.tif,DRUSEN-136,test,DRUSEN,normal,OD,.tif,0.1296067088842392
DRUSEN/136/OD/026_Normal.tif,DRUSEN-136,test,DRUSEN,normal,OD,.tif,0.1685052216053009
DRUSEN/136/OD/027_Normal.tif,DRUSEN-136,test,DRUSEN,normal,OD,.tif,0.1514504849910736
DRUSEN/136/OD/028_Normal.tif,DRUSEN-136,test,DRUSEN,normal,OD,.tif,0.13561952114105225
DRUSEN/136/OD/029_Normal.tif,DRUSEN-136,test,DRUSEN,normal,OD,.tif,0.1400219202041626
DRUSEN/136/OD/030_Normal.tif,DRUSEN-136,test,DRUSEN,normal,OD,.tif,0.16071495413780212
DRUSEN/136/OS/000_Normal.tif,DRUSEN-136,test,DRUSEN,normal,OS,.tif,0.1715378612279892
DRUSEN/136/OS/001_Normal.tif,DRUSEN-136,val,DRUSEN,normal,OS,.tif,0.18607720732688904
DRUSEN/136/OS/002_Normal.tif,DRUSEN-136,test,DRUSEN,normal,OS,.tif,0.17469529807567596
DRUSEN/136/OS/003_Normal.tif,DRUSEN-136,test,DRUSEN,normal,OS,.tif,0.1760391741991043
DRUSEN/136/OS/004_Normal.tif,DRUSEN-136,val,DRUSEN,normal,OS,.tif,0.15799030661582947
DRUSEN/136/OS/005_Normal.tif,DRUSEN-136,test,DRUSEN,normal,OS,.tif,0.13498356938362122
DRUSEN/136/OS/006_Normal.tif,DRUSEN-136,test,DRUSEN,normal,OS,.tif,0.12678515911102295
DRUSEN/136/OS/007_Normal.tif,DRUSEN-136,test,DRUSEN,normal,OS,.tif,0.13216829299926758
DRUSEN/136/OS/008_Normal.tif,DRUSEN-136,val,DRUSEN,normal,OS,.tif,0.15540868043899536
DRUSEN/136/OS/009_Normal.tif,DRUSEN-136,test,DRUSEN,normal,OS,.tif,0.11761723458766937
DRUSEN/136/OS/010_Normal.tif,DRUSEN-136,test,DRUSEN,normal,OS,.tif,0.11460010707378387
DRUSEN/136/OS/011_Drusen.tif,DRUSEN-136,test,DRUSEN,drusen,OS,.tif,0.11265432834625244
DRUSEN/136/OS/012_Drusen.tif,DRUSEN-136,test,DRUSEN,drusen,OS,.tif,0.09996923804283142
DRUSEN/136/OS/013_Drusen.tif,DRUSEN-136,val,DRUSEN,drusen,OS,.tif,0.10428646206855774
DRUSEN/136/OS/014_Drusen.tif,DRUSEN-136,test,DRUSEN,drusen,OS,.tif,0.1226322203874588
DRUSEN/136/OS/015_Drusen.tif,DRUSEN-136,val,DRUSEN,drusen,OS,.tif,0.12476015836000443
DRUSEN/136/OS/016_Drusen.tif,DRUSEN-136,val,DRUSEN,drusen,OS,.tif,0.12703466415405273
DRUSEN/136/OS/017_Drusen.tif,DRUSEN-136,test,DRUSEN,drusen,OS,.tif,0.11636434495449066
DRUSEN/136/OS/018_Drusen.tif,DRUSEN-136,test,DRUSEN,drusen,OS,.tif,0.13288334012031555
DRUSEN/136/OS/019_Drusen.tif,DRUSEN-136,val,DRUSEN,drusen,OS,.tif,0.12736991047859192
DRUSEN/136/OS/020_Drusen.tif,DRUSEN-136,test,DRUSEN,drusen,OS,.tif,0.09552367031574249
DRUSEN/136/OS/021_Drusen.tif,DRUSEN-136,val,DRUSEN,drusen,OS,.tif,0.11874265968799591
DRUSEN/136/OS/022_Normal.tif,DRUSEN-136,test,DRUSEN,normal,OS,.tif,0.13394922018051147
DRUSEN/136/OS/023_Normal.tif,DRUSEN-136,test,DRUSEN,normal,OS,.tif,0.17908455431461334
DRUSEN/136/OS/024_Normal.tif,DRUSEN-136,val,DRUSEN,normal,OS,.tif,0.21111281216144562
DRUSEN/136/OS/025_Normal.tif,DRUSEN-136,val,DRUSEN,normal,OS,.tif,0.23132658004760742
DRUSEN/136/OS/026_Normal.tif,DRUSEN-136,val,DRUSEN,normal,OS,.tif,0.2637210786342621
DRUSEN/136/OS/027_Normal.tif,DRUSEN-136,test,DRUSEN,normal,OS,.tif,0.2648075819015503
DRUSEN/136/OS/028_Normal.tif,DRUSEN-136,test,DRUSEN,normal,OS,.tif,0.2583398222923279
DRUSEN/136/OS/029_Normal.tif,DRUSEN-136,test,DRUSEN,normal,OS,.tif,0.2812272310256958
DRUSEN/136/OS/030_Normal.tif,DRUSEN-136,test,DRUSEN,normal,OS,.tif,0.26520514488220215
DRUSEN/138/000_Normal.tif,DRUSEN-138,test,DRUSEN,normal,OD,.tif,0.19427132606506348
DRUSEN/138/001_Normal.tif,DRUSEN-138,val,DRUSEN,normal,OD,.tif,0.1591874659061432
DRUSEN/138/002_Normal.tif,DRUSEN-138,test,DRUSEN,normal,OD,.tif,0.13120950758457184
DRUSEN/138/003_Normal.tif,DRUSEN-138,test,DRUSEN,normal,OD,.tif,0.12708869576454163
DRUSEN/138/004_Normal.tif,DRUSEN-138,val,DRUSEN,normal,OD,.tif,0.13670186698436737
DRUSEN/138/005_Normal.tif,DRUSEN-138,test,DRUSEN,normal,OD,.tif,0.15751507878303528
DRUSEN/138/006_Normal.tif,DRUSEN-138,test,DRUSEN,normal,OD,.tif,0.12074293196201324
DRUSEN/138/007_Normal.tif,DRUSEN-138,val,DRUSEN,normal,OD,.tif,0.12511944770812988
DRUSEN/138/008_Normal.tif,DRUSEN-138,test,DRUSEN,normal,OD,.tif,0.1292368769645691
DRUSEN/138/009_Normal.tif,DRUSEN-138,test,DRUSEN,normal,OD,.tif,0.1140902116894722
DRUSEN/138/010_Normal.tif,DRUSEN-138,val,DRUSEN,normal,OD,.tif,0.10821060091257095
DRUSEN/138/011_Normal.tif,DRUSEN-138,val,DRUSEN,normal,OD,.tif,0.13452830910682678
DRUSEN/138/012_Drusen.tif,DRUSEN-138,val,DRUSEN,drusen,OD,.tif,0.08902488648891449
DRUSEN/138/013_Drusen.tif,DRUSEN-138,val,DRUSEN,drusen,OD,.tif,0.13059568405151367
DRUSEN/138/014_Drusen.tif,DRUSEN-138,val,DRUSEN,drusen,OD,.tif,0.11302025616168976
DRUSEN/138/015_Drusen.tif,DRUSEN-138,test,DRUSEN,drusen,OD,.tif,0.19365766644477844
DRUSEN/138/016_Drusen.tif,DRUSEN-138,val,DRUSEN,drusen,OD,.tif,0.19709482789039612
DRUSEN/138/017_Drusen.tif,DRUSEN-138,test,DRUSEN,drusen,OD,.tif,0.20097896456718445
DRUSEN/138/018_Drusen.tif,DRUSEN-138,test,DRUSEN,drusen,OD,.tif,0.18359443545341492
DRUSEN/138/019_Normal.tif,DRUSEN-138,test,DRUSEN,normal,OD,.tif,0.1538984626531601
DRUSEN/138/020_Normal.tif,DRUSEN-138,val,DRUSEN,normal,OD,.tif,0.1346081793308258
DRUSEN/138/021_Normal.tif,DRUSEN-138,test,DRUSEN,normal,OD,.tif,0.11224471032619476
DRUSEN/138/022_Normal.tif,DRUSEN-138,val,DRUSEN,normal,OD,.tif,0.09551830589771271
DRUSEN/138/023_Normal.tif,DRUSEN-138,test,DRUSEN,normal,OD,.tif,0.1067456305027008
DRUSEN/138/024_Drusen.tif,DRUSEN-138,val,DRUSEN,drusen,OD,.tif,0.11009044200181961
DRUSEN/138/025_Drusen.tif,DRUSEN-138,val,DRUSEN,drusen,OD,.tif,0.12016641348600388
DRUSEN/138/026_Drusen.tif,DRUSEN-138,val,DRUSEN,drusen,OD,.tif,0.12488791346549988
DRUSEN/138/027_Drusen.tif,DRUSEN-138,test,DRUSEN,drusen,OD,.tif,0.11424495279788971
DRUSEN/138/028_Normal.tif,DRUSEN-138,test,DRUSEN,normal,OD,.tif,0.13739484548568726
DRUSEN/138/029_Normal.tif,DRUSEN-138,test,DRUSEN,normal,OD,.tif,0.12515640258789062
DRUSEN/138/030_Normal.tif,DRUSEN-138,val,DRUSEN,normal,OD,.tif,0.1412011981010437
DRUSEN/139/000_Drusen.tif,DRUSEN-139,test,DRUSEN,drusen,OD,.tif,0.18799693882465363
DRUSEN/139/001_Drusen.tif,DRUSEN-139,test,DRUSEN,drusen,OD,.tif,0.1375846415758133
DRUSEN/139/002_Drusen.tif,DRUSEN-139,test,DRUSEN,drusen,OD,.tif,0.1346157193183899
DRUSEN/139/003_Drusen.tif,DRUSEN-139,test,DRUSEN,drusen,OD,.tif,0.16258957982063293
DRUSEN/139/004_Drusen.tif,DRUSEN-139,val,DRUSEN,drusen,OD,.tif,0.15784025192260742
DRUSEN/139/005_Drusen.tif,DRUSEN-139,test,DRUSEN,drusen,OD,.tif,0.16945138573646545
DRUSEN/139/006_Drusen.tif,DRUSEN-139,test,DRUSEN,drusen,OD,.tif,0.14000359177589417
DRUSEN/139/007_Drusen.tif,DRUSEN-139,val,DRUSEN,drusen,OD,.tif,0.13128116726875305
DRUSEN/139/008_Drusen.tif,DRUSEN-139,test,DRUSEN,drusen,OD,.tif,0.13954678177833557
DRUSEN/139/009_Drusen.tif,DRUSEN-139,val,DRUSEN,drusen,OD,.tif,0.1252659261226654
DRUSEN/139/010_Drusen.tif,DRUSEN-139,val,DRUSEN,drusen,OD,.tif,0.12751154601573944
DRUSEN/139/011_Drusen.tif,DRUSEN-139,val,DRUSEN,drusen,OD,.tif,0.13146091997623444
DRUSEN/139/012_Drusen.tif,DRUSEN-139,test,DRUSEN,drusen,OD,.tif,0.12070615589618683
DRUSEN/139/013_Drusen.tif,DRUSEN-139,val,DRUSEN,drusen,OD,.tif,0.2490464448928833
DRUSEN/139/014_Drusen.tif,DRUSEN-139,test,DRUSEN,drusen,OD,.tif,0.3254493474960327
DRUSEN/139/015_Drusen.tif,DRUSEN-139,test,DRUSEN,drusen,OD,.tif,0.23071831464767456
DRUSEN/139/016_Drusen.tif,DRUSEN-139,test,DRUSEN,drusen,OD,.tif,0.1880764365196228
DRUSEN/139/017_Drusen.tif,DRUSEN-139,val,DRUSEN,drusen,OD,.tif,0.16138583421707153
DRUSEN/139/018_Drusen.tif,DRUSEN-139,test,DRUSEN,drusen,OD,.tif,0.12183339893817902
DRUSEN/139/019_Drusen.tif,DRUSEN-139,test,DRUSEN,drusen,OD,.tif,0.1303601861000061
DRUSEN/139/020_Drusen.tif,DRUSEN-139,val,DRUSEN,drusen,OD,.tif,0.18050731718540192
DRUSEN/139/021_Drusen.tif,DRUSEN-139,val,DRUSEN,drusen,OD,.tif,0.16677668690681458
DRUSEN/139/022_Drusen.tif,DRUSEN-139,test,DRUSEN,drusen,OD,.tif,0.1433345377445221
DRUSEN/139/023_Drusen.tif,DRUSEN-139,test,DRUSEN,drusen,OD,.tif,0.1521933376789093
DRUSEN/139/024_Drusen.tif,DRUSEN-139,test,DRUSEN,drusen,OD,.tif,0.1820395141839981
DRUSEN/139/025_Drusen.tif,DRUSEN-139,val,DRUSEN,drusen,OD,.tif,0.16567179560661316
DRUSEN/139/026_Drusen.tif,DRUSEN-139,test,DRUSEN,drusen,OD,.tif,0.179067924618721
DRUSEN/139/027_Drusen.tif,DRUSEN-139,test,DRUSEN,drusen,OD,.tif,0.22377166152000427
DRUSEN/139/028_Drusen.tif,DRUSEN-139,test,DRUSEN,drusen,OD,.tif,0.18741388618946075
DRUSEN/139/029_Drusen.tif,DRUSEN-139,test,DRUSEN,drusen,OD,.tif,0.17866554856300354
DRUSEN/139/030_Drusen.tif,DRUSEN-139,test,DRUSEN,drusen,OD,.tif,0.14851659536361694
DRUSEN/143/000_Normal.tif,DRUSEN-143,test,DRUSEN,normal,OS,.tif,0.1426936388015747
DRUSEN/143/001_Normal.tif,DRUSEN-143,val,DRUSEN,normal,OS,.tif,0.14731767773628235
DRUSEN/143/002_Normal.tif,DRUSEN-143,test,DRUSEN,normal,OS,.tif,0.13285943865776062
DRUSEN/143/003_Normal.tif,DRUSEN-143,val,DRUSEN,normal,OS,.tif,0.12380868196487427
DRUSEN/143/004_Normal.tif,DRUSEN-143,val,DRUSEN,normal,OS,.tif,0.11432769149541855
DRUSEN/143/005_Normal.tif,DRUSEN-143,test,DRUSEN,normal,OS,.tif,0.09013479202985764
DRUSEN/143/006_Normal.tif,DRUSEN-143,test,DRUSEN,normal,OS,.tif,0.10851728916168213
DRUSEN/143/007_Normal.tif,DRUSEN-143,test,DRUSEN,normal,OS,.tif,0.11639480292797089
DRUSEN/143/008_Normal.tif,DRUSEN-143,test,DRUSEN,normal,OS,.tif,0.11190817505121231
DRUSEN/143/009_Normal.tif,DRUSEN-143,val,DRUSEN,normal,OS,.tif,0.1068076640367508
DRUSEN/143/010_Normal.tif,DRUSEN-143,val,DRUSEN,normal,OS,.tif,0.09419050812721252
DRUSEN/143/011_Normal.tif,DRUSEN-143,test,DRUSEN,normal,OS,.tif,0.12314635515213013
DRUSEN/143/012_Normal.tif,DRUSEN-143,test,DRUSEN,normal,OS,.tif,0.12914691865444183
DRUSEN/143/013_Normal.tif,DRUSEN-143,val,DRUSEN,normal,OS,.tif,0.10409124195575714
DRUSEN/143/014_Normal.tif,DRUSEN-143,test,DRUSEN,normal,OS,.tif,0.10426252335309982
DRUSEN/143/015_Normal.tif,DRUSEN-143,test,DRUSEN,normal,OS,.tif,0.12882736325263977
DRUSEN/143/016_Normal.tif,DRUSEN-143,val,DRUSEN,normal,OS,.tif,0.155722975730896
DRUSEN/143/017_Normal.tif,DRUSEN-143,test,DRUSEN,normal,OS,.tif,0.13348820805549622
DRUSEN/143/018_Normal.tif,DRUSEN-143,test,DRUSEN,normal,OS,.tif,0.13591523468494415
DRUSEN/143/019_Normal.tif,DRUSEN-143,test,DRUSEN,normal,OS,.tif,0.1281391680240631
DRUSEN/143/020_Normal.tif,DRUSEN-143,test,DRUSEN,normal,OS,.tif,0.15029162168502808
DRUSEN/143/021_Normal.tif,DRUSEN-143,test,DRUSEN,normal,OS,.tif,0.13365530967712402
DRUSEN/143/022_Normal.tif,DRUSEN-143,val,DRUSEN,normal,OS,.tif,0.10898831486701965
DRUSEN/143/023_Normal.tif,DRUSEN-143,test,DRUSEN,normal,OS,.tif,0.13131120800971985
DRUSEN/143/024_Drusen.tif,DRUSEN-143,test,DRUSEN,drusen,OS,.tif,0.11576080322265625
DRUSEN/143/025_Drusen.tif,DRUSEN-143,test,DRUSEN,drusen,OS,.tif,0.1478748619556427
DRUSEN/143/026_Drusen.tif,DRUSEN-143,test,DRUSEN,drusen,OS,.tif,0.12782005965709686
DRUSEN/143/027_Drusen.tif,DRUSEN-143,test,DRUSEN,drusen,OS,.tif,0.11565271019935608
DRUSEN/143/028_Drusen.tif,DRUSEN-143,val,DRUSEN,drusen,OS,.tif,0.11951611936092377
DRUSEN/143/029_Normal.tif,DRUSEN-143,val,DRUSEN,normal,OS,.tif,0.15184460580348969
DRUSEN/143/030_Drusen.tif,DRUSEN-143,val,DRUSEN,drusen,OS,.tif,0.161850705742836
DRUSEN/146/000_Drusen.tif,DRUSEN-146,val,DRUSEN,drusen,OD,.tif,0.16173848509788513
DRUSEN/146/001_Drusen.tif,DRUSEN-146,test,DRUSEN,drusen,OD,.tif,0.12316110730171204
DRUSEN/146/002_Drusen.tif,DRUSEN-146,test,DRUSEN,drusen,OD,.tif,0.14631453156471252
DRUSEN/146/003_Drusen.tif,DRUSEN-146,val,DRUSEN,drusen,OD,.tif,0.12568853795528412
DRUSEN/146/004_Drusen.tif,DRUSEN-146,test,DRUSEN,drusen,OD,.tif,0.19930638372898102
DRUSEN/146/005_Normal.tif,DRUSEN-146,test,DRUSEN,normal,OD,.tif,0.18348397314548492
DRUSEN/146/006_Drusen.tif,DRUSEN-146,test,DRUSEN,drusen,OD,.tif,0.15697535872459412
DRUSEN/146/007_Normal.tif,DRUSEN-146,test,DRUSEN,normal,OD,.tif,0.1227911114692688
DRUSEN/146/008_Drusen.tif,DRUSEN-146,test,DRUSEN,drusen,OD,.tif,0.13401055335998535
DRUSEN/146/009_Drusen.tif,DRUSEN-146,val,DRUSEN,drusen,OD,.tif,0.17475053668022156
DRUSEN/146/010_Drusen.tif,DRUSEN-146,val,DRUSEN,drusen,OD,.tif,0.16595089435577393
DRUSEN/146/011_Drusen.tif,DRUSEN-146,val,DRUSEN,drusen,OD,.tif,0.14130215346813202
DRUSEN/146/012_Drusen.tif,DRUSEN-146,test,DRUSEN,drusen,OD,.tif,0.1336148977279663
DRUSEN/146/013_Drusen.tif,DRUSEN-146,test,DRUSEN,drusen,OD,.tif,0.15063300728797913
DRUSEN/146/014_Drusen.tif,DRUSEN-146,test,DRUSEN,drusen,OD,.tif,0.1583714634180069
DRUSEN/146/015_Drusen.tif,DRUSEN-146,val,DRUSEN,drusen,OD,.tif,0.11890175938606262
DRUSEN/146/016_Drusen.tif,DRUSEN-146,test,DRUSEN,drusen,OD,.tif,0.12107212841510773
DRUSEN/146/017_Drusen.tif,DRUSEN-146,val,DRUSEN,drusen,OD,.tif,0.14796139299869537
DRUSEN/146/018_Drusen.tif,DRUSEN-146,val,DRUSEN,drusen,OD,.tif,0.14613237977027893
DRUSEN/146/019_Drusen.tif,DRUSEN-146,test,DRUSEN,drusen,OD,.tif,0.11958129703998566
DRUSEN/146/020_Drusen.tif,DRUSEN-146,test,DRUSEN,drusen,OD,.tif,0.12144681066274643
DRUSEN/146/021_Drusen.tif,DRUSEN-146,test,DRUSEN,drusen,OD,.tif,0.1721445620059967
DRUSEN/146/022_Drusen.tif,DRUSEN-146,test,DRUSEN,drusen,OD,.tif,0.1746830940246582
DRUSEN/146/023_Drusen.tif,DRUSEN-146,val,DRUSEN,drusen,OD,.tif,0.14513589441776276
DRUSEN/146/024_Drusen.tif,DRUSEN-146,test,DRUSEN,drusen,OD,.tif,0.1441524624824524
DRUSEN/146/025_Drusen.tif,DRUSEN-146,val,DRUSEN,drusen,OD,.tif,0.13398700952529907
DRUSEN/146/026_Drusen.tif,DRUSEN-146,test,DRUSEN,drusen,OD,.tif,0.1511031836271286
DRUSEN/146/027_Drusen.tif,DRUSEN-146,test,DRUSEN,drusen,OD,.tif,0.16728034615516663
DRUSEN/146/028_Drusen.tif,DRUSEN-146,test,DRUSEN,drusen,OD,.tif,0.1927388459444046
DRUSEN/146/029_Drusen.tif,DRUSEN-146,test,DRUSEN,drusen,OD,.tif,0.17295590043067932
DRUSEN/146/030_Drusen.tif,DRUSEN-146,test,DRUSEN,drusen,OD,.tif,0.1865892857313156
DRUSEN/147/000_Normal.tif,DRUSEN-147,val,DRUSEN,normal,OD,.tif,0.1320887804031372
DRUSEN/147/001_Normal.tif,DRUSEN-147,test,DRUSEN,normal,OD,.tif,0.12550732493400574
DRUSEN/147/002_Normal.tif,DRUSEN-147,test,DRUSEN,normal,OD,.tif,0.12284914404153824
DRUSEN/147/003_Normal.tif,DRUSEN-147,val,DRUSEN,normal,OD,.tif,0.11455662548542023
DRUSEN/147/004_Normal.tif,DRUSEN-147,test,DRUSEN,normal,OD,.tif,0.11778460443019867
DRUSEN/147/005_Normal.tif,DRUSEN-147,val,DRUSEN,normal,OD,.tif,0.1426970362663269
DRUSEN/147/006_Normal.tif,DRUSEN-147,val,DRUSEN,normal,OD,.tif,0.133944571018219
DRUSEN/147/007_Normal.tif,DRUSEN-147,test,DRUSEN,normal,OD,.tif,0.10079823434352875
DRUSEN/147/008_Drusen.tif,DRUSEN-147,test,DRUSEN,drusen,OD,.tif,0.11654655635356903
DRUSEN/147/009_Drusen.tif,DRUSEN-147,test,DRUSEN,drusen,OD,.tif,0.11373086273670197
DRUSEN/147/010_Drusen.tif,DRUSEN-147,test,DRUSEN,drusen,OD,.tif,0.10691569745540619
DRUSEN/147/011_Drusen.tif,DRUSEN-147,test,DRUSEN,drusen,OD,.tif,0.1625014692544937
DRUSEN/147/012_Drusen.tif,DRUSEN-147,test,DRUSEN,drusen,OD,.tif,0.21595385670661926
DRUSEN/147/013_Drusen.tif,DRUSEN-147,test,DRUSEN,drusen,OD,.tif,0.17862340807914734
DRUSEN/147/014_Drusen.tif,DRUSEN-147,val,DRUSEN,drusen,OD,.tif,0.21139977872371674
DRUSEN/147/015_Drusen.tif,DRUSEN-147,val,DRUSEN,drusen,OD,.tif,0.24570554494857788
DRUSEN/147/016_Drusen.tif,DRUSEN-147,test,DRUSEN,drusen,OD,.tif,0.15937930345535278
DRUSEN/147/017_Drusen.tif,DRUSEN-147,val,DRUSEN,drusen,OD,.tif,0.11372106522321701
DRUSEN/147/018_Drusen.tif,DRUSEN-147,val,DRUSEN,drusen,OD,.tif,0.13163556158542633
DRUSEN/147/019_Drusen.tif,DRUSEN-147,test,DRUSEN,drusen,OD,.tif,0.1168857216835022
DRUSEN/147/020_Normal.tif,DRUSEN-147,test,DRUSEN,normal,OD,.tif,0.11122327297925949
DRUSEN/147/021_Normal.tif,DRUSEN-147,test,DRUSEN,normal,OD,.tif,0.1254999339580536
DRUSEN/147/022_Normal.tif,DRUSEN-147,test,DRUSEN,normal,OD,.tif,0.1403428167104721
DRUSEN/147/023_Normal.tif,DRUSEN-147,val,DRUSEN,normal,OD,.tif,0.15810582041740417
DRUSEN/147/024_Drusen.tif,DRUSEN-147,val,DRUSEN,drusen,OD,.tif,0.1596977859735489
DRUSEN/147/025_Normal.tif,DRUSEN-147,val,DRUSEN,normal,OD,.tif,0.14058780670166016
DRUSEN/147/026_Normal.tif,DRUSEN-147,val,DRUSEN,normal,OD,.tif,0.14554162323474884
DRUSEN/147/027_Normal.tif,DRUSEN-147,test,DRUSEN,normal,OD,.tif,0.1336485892534256
DRUSEN/147/028_Normal.tif,DRUSEN-147,test,DRUSEN,normal,OD,.tif,0.1395764797925949
DRUSEN/147/029_Normal.tif,DRUSEN-147,test,DRUSEN,normal,OD,.tif,0.11468054354190826
DRUSEN/147/030_Normal.tif,DRUSEN-147,val,DRUSEN,normal,OD,.tif,0.1180548444390297
DRUSEN/148/000_Normal.tif,DRUSEN-148,test,DRUSEN,normal,OS,.tif,0.19296367466449738
DRUSEN/148/001_Normal.tif,DRUSEN-148,test,DRUSEN,normal,OS,.tif,0.17930984497070312
DRUSEN/148/002_Normal.tif,DRUSEN-148,test,DRUSEN,normal,OS,.tif,0.18909478187561035
DRUSEN/148/003_Normal.tif,DRUSEN-148,test,DRUSEN,normal,OS,.tif,0.19872450828552246
DRUSEN/148/004_Normal.tif,DRUSEN-148,val,DRUSEN,normal,OS,.tif,0.2203976958990097
DRUSEN/148/005_Normal.tif,DRUSEN-148,val,DRUSEN,normal,OS,.tif,0.272625207901001
DRUSEN/148/006_Normal.tif,DRUSEN-148,test,DRUSEN,normal,OS,.tif,0.305519163608551
DRUSEN/148/007_Drusen.tif,DRUSEN-148,test,DRUSEN,drusen,OS,.tif,0.29526597261428833
DRUSEN/148/008_Drusen.tif,DRUSEN-148,test,DRUSEN,drusen,OS,.tif,0.2816646993160248
DRUSEN/148/009_Drusen.tif,DRUSEN-148,test,DRUSEN,drusen,OS,.tif,0.22870303690433502
DRUSEN/148/010_Drusen.tif,DRUSEN-148,val,DRUSEN,drusen,OS,.tif,0.2026890218257904
DRUSEN/148/011_Drusen.tif,DRUSEN-148,test,DRUSEN,drusen,OS,.tif,0.27106988430023193
DRUSEN/148/012_Drusen.tif,DRUSEN-148,test,DRUSEN,drusen,OS,.tif,0.24462321400642395
DRUSEN/148/013_Drusen.tif,DRUSEN-148,val,DRUSEN,drusen,OS,.tif,0.2763921320438385
DRUSEN/148/014_Drusen.tif,DRUSEN-148,val,DRUSEN,drusen,OS,.tif,0.34581828117370605
DRUSEN/148/015_Drusen.tif,DRUSEN-148,test,DRUSEN,drusen,OS,.tif,0.3518926799297333
DRUSEN/148/016_Drusen.tif,DRUSEN-148,test,DRUSEN,drusen,OS,.tif,0.34696489572525024
DRUSEN/148/017_Drusen.tif,DRUSEN-148,val,DRUSEN,drusen,OS,.tif,0.34306061267852783
DRUSEN/148/018_Drusen.tif,DRUSEN-148,test,DRUSEN,drusen,OS,.tif,0.2838239371776581
DRUSEN/148/019_Drusen.tif,DRUSEN-148,val,DRUSEN,drusen,OS,.tif,0.2828172445297241
DRUSEN/148/020_Drusen.tif,DRUSEN-148,val,DRUSEN,drusen,OS,.tif,0.22620439529418945
DRUSEN/148/021_Drusen.tif,DRUSEN-148,test,DRUSEN,drusen,OS,.tif,0.19123268127441406
DRUSEN/148/022_Drusen.tif,DRUSEN-148,val,DRUSEN,drusen,OS,.tif,0.19640883803367615
DRUSEN/148/023_Normal.tif,DRUSEN-148,val,DRUSEN,normal,OS,.tif,0.18442940711975098
DRUSEN/148/024_Normal.tif,DRUSEN-148,test,DRUSEN,normal,OS,.tif,0.17968253791332245
DRUSEN/148/025_Normal.tif,DRUSEN-148,val,DRUSEN,normal,OS,.tif,0.1532631516456604
DRUSEN/148/026_Normal.tif,DRUSEN-148,test,DRUSEN,normal,OS,.tif,0.15779492259025574
DRUSEN/148/027_Normal.tif,DRUSEN-148,test,DRUSEN,normal,OS,.tif,0.16043920814990997
DRUSEN/148/028_Normal.tif,DRUSEN-148,test,DRUSEN,normal,OS,.tif,0.1903049796819687
DRUSEN/148/029_Normal.tif,DRUSEN-148,test,DRUSEN,normal,OS,.tif,0.1984993815422058
DRUSEN/148/030_Normal.tif,DRUSEN-148,val,DRUSEN,normal,OS,.tif,0.19006012380123138
DRUSEN/149/OD/000_Normal.tif,DRUSEN-149,test,DRUSEN,normal,OD,.tif,0.12204355001449585
DRUSEN/149/OD/001_Normal.tif,DRUSEN-149,test,DRUSEN,normal,OD,.tif,0.11433053016662598
DRUSEN/149/OD/002_Drusen.tif,DRUSEN-149,val,DRUSEN,drusen,OD,.tif,0.10161983966827393
DRUSEN/149/OD/003_Drusen.tif,DRUSEN-149,test,DRUSEN,drusen,OD,.tif,0.10676484555006027
DRUSEN/149/OD/004_Drusen.tif,DRUSEN-149,val,DRUSEN,drusen,OD,.tif,0.12835681438446045
DRUSEN/149/OD/005_Drusen.tif,DRUSEN-149,test,DRUSEN,drusen,OD,.tif,0.15503013134002686
DRUSEN/149/OD/006_Drusen.tif,DRUSEN-149,test,DRUSEN,drusen,OD,.tif,0.1280035674571991
DRUSEN/149/OD/007_Drusen.tif,DRUSEN-149,test,DRUSEN,drusen,OD,.tif,0.1405455321073532
DRUSEN/149/OD/008_Drusen.tif,DRUSEN-149,val,DRUSEN,drusen,OD,.tif,0.1572026014328003
DRUSEN/149/OD/009_Drusen.tif,DRUSEN-149,test,DRUSEN,drusen,OD,.tif,0.17656245827674866
DRUSEN/149/OD/010_Drusen.tif,DRUSEN-149,val,DRUSEN,drusen,OD,.tif,0.20442329347133636
DRUSEN/149/OD/011_Drusen.tif,DRUSEN-149,val,DRUSEN,drusen,OD,.tif,0.19617173075675964
DRUSEN/149/OD/012_Drusen.tif,DRUSEN-149,test,DRUSEN,drusen,OD,.tif,0.22150839865207672
DRUSEN/149/OD/013_Drusen.tif,DRUSEN-149,test,DRUSEN,drusen,OD,.tif,0.25752466917037964
DRUSEN/149/OD/014_Drusen.tif,DRUSEN-149,test,DRUSEN,drusen,OD,.tif,0.25538092851638794
DRUSEN/149/OD/015_Drusen.tif,DRUSEN-149,test,DRUSEN,drusen,OD,.tif,0.2853046953678131
DRUSEN/149/OD/016_Drusen.tif,DRUSEN-149,test,DRUSEN,drusen,OD,.tif,0.23652511835098267
DRUSEN/149/OD/017_Drusen.tif,DRUSEN-149,test,DRUSEN,drusen,OD,.tif,0.2261061668395996
DRUSEN/149/OD/018_Drusen.tif,DRUSEN-149,test,DRUSEN,drusen,OD,.tif,0.14341196417808533
DRUSEN/149/OD/019_Drusen.tif,DRUSEN-149,val,DRUSEN,drusen,OD,.tif,0.13659673929214478
DRUSEN/149/OD/020_Drusen.tif,DRUSEN-149,test,DRUSEN,drusen,OD,.tif,0.17878121137619019
DRUSEN/149/OD/021_Drusen.tif,DRUSEN-149,val,DRUSEN,drusen,OD,.tif,0.24975356459617615
DRUSEN/149/OD/022_Drusen.tif,DRUSEN-149,test,DRUSEN,drusen,OD,.tif,0.21741126477718353
DRUSEN/149/OD/023_Drusen.tif,DRUSEN-149,test,DRUSEN,drusen,OD,.tif,0.18574951589107513
DRUSEN/149/OD/024_Drusen.tif,DRUSEN-149,test,DRUSEN,drusen,OD,.tif,0.14585958421230316
DRUSEN/149/OD/025_Drusen.tif,DRUSEN-149,test,DRUSEN,drusen,OD,.tif,0.11570317298173904
DRUSEN/149/OD/026_Drusen.tif,DRUSEN-149,test,DRUSEN,drusen,OD,.tif,0.15713411569595337
DRUSEN/149/OD/027_Drusen.tif,DRUSEN-149,test,DRUSEN,drusen,OD,.tif,0.13026487827301025
DRUSEN/149/OD/028_Drusen.tif,DRUSEN-149,val,DRUSEN,drusen,OD,.tif,0.17579609155654907
DRUSEN/149/OD/029_Drusen.tif,DRUSEN-149,test,DRUSEN,drusen,OD,.tif,0.18450641632080078
DRUSEN/149/OD/030_Drusen.tif,DRUSEN-149,test,DRUSEN,drusen,OD,.tif,0.22564581036567688
DRUSEN/149/OS/000_Normal.tif,DRUSEN-149,val,DRUSEN,normal,OS,.tif,0.14910025894641876
DRUSEN/149/OS/001_Normal.tif,DRUSEN-149,val,DRUSEN,normal,OS,.tif,0.14050820469856262
DRUSEN/149/OS/002_Normal.tif,DRUSEN-149,test,DRUSEN,normal,OS,.tif,0.11749173700809479
DRUSEN/149/OS/003_Drusen.tif,DRUSEN-149,test,DRUSEN,drusen,OS,.tif,0.11045369505882263
DRUSEN/149/OS/004_Drusen.tif,DRUSEN-149,test,DRUSEN,drusen,OS,.tif,0.13519656658172607
DRUSEN/149/OS/005_Drusen.tif,DRUSEN-149,val,DRUSEN,drusen,OS,.tif,0.132287859916687
DRUSEN/149/OS/006_Drusen.tif,DRUSEN-149,test,DRUSEN,drusen,OS,.tif,0.14021217823028564
DRUSEN/149/OS/007_Drusen.tif,DRUSEN-149,test,DRUSEN,drusen,OS,.tif,0.12602803111076355
DRUSEN/149/OS/008_Drusen.tif,DRUSEN-149,test,DRUSEN,drusen,OS,.tif,0.18330714106559753
DRUSEN/149/OS/009_Drusen.tif,DRUSEN-149,test,DRUSEN,drusen,OS,.tif,0.21450716257095337
DRUSEN/149/OS/010_Drusen.tif,DRUSEN-149,val,DRUSEN,drusen,OS,.tif,0.20378565788269043
DRUSEN/149/OS/011_Drusen.tif,DRUSEN-149,val,DRUSEN,drusen,OS,.tif,0.16924849152565002
DRUSEN/149/OS/012_Drusen.tif,DRUSEN-149,val,DRUSEN,drusen,OS,.tif,0.20656000077724457
DRUSEN/149/OS/013_Drusen.tif,DRUSEN-149,test,DRUSEN,drusen,OS,.tif,0.1805557906627655
DRUSEN/149/OS/014_Drusen.tif,DRUSEN-149,test,DRUSEN,drusen,OS,.tif,0.252701997756958
DRUSEN/149/OS/015_Drusen.tif,DRUSEN-149,val,DRUSEN,drusen,OS,.tif,0.19437766075134277
DRUSEN/149/OS/016_Drusen.tif,DRUSEN-149,test,DRUSEN,drusen,OS,.tif,0.17879703640937805
DRUSEN/149/OS/017_Drusen.tif,DRUSEN-149,test,DRUSEN,drusen,OS,.tif,0.16827097535133362
DRUSEN/149/OS/018_Drusen.tif,DRUSEN-149,test,DRUSEN,drusen,OS,.tif,0.13534846901893616
DRUSEN/149/OS/019_Drusen.tif,DRUSEN-149,test,DRUSEN,drusen,OS,.tif,0.1301535964012146
DRUSEN/149/OS/020_Drusen.tif,DRUSEN-149,test,DRUSEN,drusen,OS,.tif,0.1447456181049347
DRUSEN/149/OS/021_Drusen.tif,DRUSEN-149,test,DRUSEN,drusen,OS,.tif,0.1554739773273468
DRUSEN/149/OS/022_Drusen.tif,DRUSEN-149,test,DRUSEN,drusen,OS,.tif,0.1288640797138214
DRUSEN/149/OS/023_Drusen.tif,DRUSEN-149,test,DRUSEN,drusen,OS,.tif,0.12644129991531372
DRUSEN/149/OS/024_Drusen.tif,DRUSEN-149,test,DRUSEN,drusen,OS,.tif,0.12122005224227905
DRUSEN/149/OS/025_Drusen.tif,DRUSEN-149,test,DRUSEN,drusen,OS,.tif,0.14022019505500793
DRUSEN/149/OS/026_Drusen.tif,DRUSEN-149,val,DRUSEN,drusen,OS,.tif,0.12871693074703217
DRUSEN/149/OS/027_Drusen.tif,DRUSEN-149,test,DRUSEN,drusen,OS,.tif,0.14640429615974426
DRUSEN/149/OS/028_Drusen.tif,DRUSEN-149,test,DRUSEN,drusen,OS,.tif,0.1384609490633011
DRUSEN/149/OS/029_Drusen.tif,DRUSEN-149,val,DRUSEN,drusen,OS,.tif,0.11161817610263824
DRUSEN/149/OS/030_Drusen.tif,DRUSEN-149,test,DRUSEN,drusen,OS,.tif,0.13403460383415222
DRUSEN/150/000_Normal.tif,DRUSEN-150,test,DRUSEN,normal,OD,.tif,0.2027585208415985
DRUSEN/150/001_Normal.tif,DRUSEN-150,test,DRUSEN,normal,OD,.tif,0.2055741250514984
DRUSEN/150/002_Normal.tif,DRUSEN-150,test,DRUSEN,normal,OD,.tif,0.18590721487998962
DRUSEN/150/003_Normal.tif,DRUSEN-150,test,DRUSEN,normal,OD,.tif,0.21616867184638977
DRUSEN/150/004_Normal.tif,DRUSEN-150,val,DRUSEN,normal,OD,.tif,0.22554412484169006
DRUSEN/150/005_Normal.tif,DRUSEN-150,test,DRUSEN,normal,OD,.tif,0.23040740191936493
DRUSEN/150/006_Normal.tif,DRUSEN-150,test,DRUSEN,normal,OD,.tif,0.22976016998291016
DRUSEN/150/007_Normal.tif,DRUSEN-150,test,DRUSEN,normal,OD,.tif,0.16958452761173248
DRUSEN/150/008_Normal.tif,DRUSEN-150,test,DRUSEN,normal,OD,.tif,0.21560966968536377
DRUSEN/150/010_Drusen.tif,DRUSEN-150,test,DRUSEN,drusen,OD,.tif,0.15591397881507874
DRUSEN/150/011_Drusen.tif,DRUSEN-150,test,DRUSEN,drusen,OD,.tif,0.2276424765586853
DRUSEN/150/012_Drusen.tif,DRUSEN-150,val,DRUSEN,drusen,OD,.tif,0.2333315908908844
DRUSEN/150/013_Drusen.tif,DRUSEN-150,val,DRUSEN,drusen,OD,.tif,0.22461310029029846
DRUSEN/150/014_Drusen.tif,DRUSEN-150,test,DRUSEN,drusen,OD,.tif,0.18417520821094513
DRUSEN/150/015_Drusen.tif,DRUSEN-150,test,DRUSEN,drusen,OD,.tif,0.22589480876922607
DRUSEN/150/016_Drusen.tif,DRUSEN-150,test,DRUSEN,drusen,OD,.tif,0.18500861525535583
DRUSEN/150/017_Drusen.tif,DRUSEN-150,test,DRUSEN,drusen,OD,.tif,0.17312107980251312
DRUSEN/150/018_Drusen.tif,DRUSEN-150,test,DRUSEN,drusen,OD,.tif,0.19505473971366882
DRUSEN/150/019_Drusen.tif,DRUSEN-150,test,DRUSEN,drusen,OD,.tif,0.19373521208763123
DRUSEN/150/020_Drusen.tif,DRUSEN-150,test,DRUSEN,drusen,OD,.tif,0.16273611783981323
DRUSEN/150/021_Normal.tif,DRUSEN-150,test,DRUSEN,normal,OD,.tif,0.2229696661233902
DRUSEN/150/022_Normal.tif,DRUSEN-150,val,DRUSEN,normal,OD,.tif,0.235316663980484
DRUSEN/150/023_Normal.tif,DRUSEN-150,val,DRUSEN,normal,OD,.tif,0.20074325799942017
DRUSEN/150/024_Normal.tif,DRUSEN-150,test,DRUSEN,normal,OD,.tif,0.2185843288898468
DRUSEN/150/025_Normal.tif,DRUSEN-150,test,DRUSEN,normal,OD,.tif,0.2355082631111145
DRUSEN/150/026_Normal.tif,DRUSEN-150,test,DRUSEN,normal,OD,.tif,0.1902662068605423
DRUSEN/150/027_Normal.tif,DRUSEN-150,val,DRUSEN,normal,OD,.tif,0.16453604400157928
DRUSEN/150/028_Normal.tif,DRUSEN-150,test,DRUSEN,normal,OD,.tif,0.1802961528301239
DRUSEN/150/029_Normal.tif,DRUSEN-150,val,DRUSEN,normal,OD,.tif,0.21852397918701172
DRUSEN/150/030_Normal.tif,DRUSEN-150,val,DRUSEN,normal,OD,.tif,0.2305571436882019
DRUSEN/151/OD/000_Drusen.tif,DRUSEN-151,test,DRUSEN,drusen,OD,.tif,0.15000401437282562
DRUSEN/151/OD/001_Drusen.tif,DRUSEN-151,test,DRUSEN,drusen,OD,.tif,0.158598393201828
DRUSEN/151/OD/002_Drusen.tif,DRUSEN-151,test,DRUSEN,drusen,OD,.tif,0.17244543135166168
DRUSEN/151/OD/003_Drusen.tif,DRUSEN-151,val,DRUSEN,drusen,OD,.tif,0.1460413932800293
DRUSEN/151/OD/004_Normal.tif,DRUSEN-151,test,DRUSEN,normal,OD,.tif,0.1385042667388916
DRUSEN/151/OD/005_Drusen.tif,DRUSEN-151,test,DRUSEN,drusen,OD,.tif,0.14381363987922668
DRUSEN/151/OD/006_Drusen.tif,DRUSEN-151,val,DRUSEN,drusen,OD,.tif,0.15200722217559814
DRUSEN/151/OD/007_Drusen.tif,DRUSEN-151,val,DRUSEN,drusen,OD,.tif,0.10292591154575348
DRUSEN/151/OD/008_Drusen.tif,DRUSEN-151,test,DRUSEN,drusen,OD,.tif,0.1340988278388977
DRUSEN/151/OD/009_Drusen.tif,DRUSEN-151,val,DRUSEN,drusen,OD,.tif,0.14097151160240173
DRUSEN/151/OD/010_Drusen.tif,DRUSEN-151,test,DRUSEN,drusen,OD,.tif,0.14833639562129974
DRUSEN/151/OD/011_Drusen.tif,DRUSEN-151,val,DRUSEN,drusen,OD,.tif,0.11643895506858826
DRUSEN/151/OD/012_Drusen.tif,DRUSEN-151,test,DRUSEN,drusen,OD,.tif,0.1984202265739441
DRUSEN/151/OD/013_Drusen.tif,DRUSEN-151,test,DRUSEN,drusen,OD,.tif,0.17679643630981445
DRUSEN/151/OD/014_Drusen.tif,DRUSEN-151,val,DRUSEN,drusen,OD,.tif,0.2391364872455597
DRUSEN/151/OD/015_Drusen.tif,DRUSEN-151,val,DRUSEN,drusen,OD,.tif,0.2497672438621521
DRUSEN/151/OD/016_Drusen.tif,DRUSEN-151,val,DRUSEN,drusen,OD,.tif,0.24816158413887024
DRUSEN/151/OD/017_Drusen.tif,DRUSEN-151,test,DRUSEN,drusen,OD,.tif,0.18931972980499268
DRUSEN/151/OD/018_Drusen.tif,DRUSEN-151,val,DRUSEN,drusen,OD,.tif,0.16538375616073608
DRUSEN/151/OD/019_Drusen.tif,DRUSEN-151,test,DRUSEN,drusen,OD,.tif,0.15629726648330688
DRUSEN/151/OD/020_Drusen.tif,DRUSEN-151,val,DRUSEN,drusen,OD,.tif,0.14688116312026978
DRUSEN/151/OD/021_Drusen.tif,DRUSEN-151,test,DRUSEN,drusen,OD,.tif,0.16848668456077576
DRUSEN/151/OD/022_Drusen.tif,DRUSEN-151,test,DRUSEN,drusen,OD,.tif,0.15708479285240173
DRUSEN/151/OD/023_Drusen.tif,DRUSEN-151,test,DRUSEN,drusen,OD,.tif,0.12770189344882965
DRUSEN/151/OD/024_Drusen.tif,DRUSEN-151,test,DRUSEN,drusen,OD,.tif,0.1576792597770691
DRUSEN/151/OD/025_Drusen.tif,DRUSEN-151,test,DRUSEN,drusen,OD,.tif,0.1288369596004486
DRUSEN/151/OD/026_Drusen.tif,DRUSEN-151,val,DRUSEN,drusen,OD,.tif,0.11624039709568024
DRUSEN/151/OD/027_Drusen.tif,DRUSEN-151,test,DRUSEN,drusen,OD,.tif,0.17643475532531738
DRUSEN/151/OD/028_Drusen.tif,DRUSEN-151,test,DRUSEN,drusen,OD,.tif,0.24211633205413818
DRUSEN/151/OD/029_Drusen.tif,DRUSEN-151,test,DRUSEN,drusen,OD,.tif,0.2024119645357132
DRUSEN/151/OD/030_Drusen.tif,DRUSEN-151,test,DRUSEN,drusen,OD,.tif,0.16638773679733276
DRUSEN/151/OS/000_Normal.tif,DRUSEN-151,val,DRUSEN,normal,OS,.tif,0.2033393383026123
DRUSEN/151/OS/001_Normal.tif,DRUSEN-151,test,DRUSEN,normal,OS,.tif,0.22664320468902588
DRUSEN/151/OS/002_Normal.tif,DRUSEN-151,val,DRUSEN,normal,OS,.tif,0.23023805022239685
DRUSEN/151/OS/003_Drusen.tif,DRUSEN-151,test,DRUSEN,drusen,OS,.tif,0.19113227725028992
DRUSEN/151/OS/004_Drusen.tif,DRUSEN-151,test,DRUSEN,drusen,OS,.tif,0.17093037068843842
DRUSEN/151/OS/005_Drusen.tif,DRUSEN-151,val,DRUSEN,drusen,OS,.tif,0.1605719029903412
DRUSEN/151/OS/006_Drusen.tif,DRUSEN-151,val,DRUSEN,drusen,OS,.tif,0.16173452138900757
DRUSEN/151/OS/007_Drusen.tif,DRUSEN-151,test,DRUSEN,drusen,OS,.tif,0.16654931008815765
DRUSEN/151/OS/008_Drusen.tif,DRUSEN-151,val,DRUSEN,drusen,OS,.tif,0.15141738951206207
DRUSEN/151/OS/009_Drusen.tif,DRUSEN-151,test,DRUSEN,drusen,OS,.tif,0.16255153715610504
DRUSEN/151/OS/010_Drusen.tif,DRUSEN-151,test,DRUSEN,drusen,OS,.tif,0.14981546998023987
DRUSEN/151/OS/011_Drusen.tif,DRUSEN-151,test,DRUSEN,drusen,OS,.tif,0.18165229260921478
DRUSEN/151/OS/012_Drusen.tif,DRUSEN-151,test,DRUSEN,drusen,OS,.tif,0.2114722728729248
DRUSEN/151/OS/013_Drusen.tif,DRUSEN-151,test,DRUSEN,drusen,OS,.tif,0.21036067605018616
DRUSEN/151/OS/014_Drusen.tif,DRUSEN-151,test,DRUSEN,drusen,OS,.tif,0.290105938911438
DRUSEN/151/OS/015_Drusen.tif,DRUSEN-151,test,DRUSEN,drusen,OS,.tif,0.36038392782211304
DRUSEN/151/OS/016_Drusen.tif,DRUSEN-151,test,DRUSEN,drusen,OS,.tif,0.253673255443573
DRUSEN/151/OS/017_Drusen.tif,DRUSEN-151,test,DRUSEN,drusen,OS,.tif,0.20261594653129578
DRUSEN/151/OS/018_Drusen.tif,DRUSEN-151,test,DRUSEN,drusen,OS,.tif,0.16029968857765198
DRUSEN/151/OS/019_Drusen.tif,DRUSEN-151,test,DRUSEN,drusen,OS,.tif,0.15379545092582703
DRUSEN/151/OS/020_Drusen.tif,DRUSEN-151,test,DRUSEN,drusen,OS,.tif,0.16250842809677124
DRUSEN/151/OS/021_Drusen.tif,DRUSEN-151,val,DRUSEN,drusen,OS,.tif,0.16387775540351868
DRUSEN/151/OS/022_Drusen.tif,DRUSEN-151,test,DRUSEN,drusen,OS,.tif,0.17437924444675446
DRUSEN/151/OS/023_Drusen.tif,DRUSEN-151,test,DRUSEN,drusen,OS,.tif,0.13186883926391602
DRUSEN/151/OS/024_Drusen.tif,DRUSEN-151,val,DRUSEN,drusen,OS,.tif,0.14942827820777893
DRUSEN/151/OS/025_Drusen.tif,DRUSEN-151,test,DRUSEN,drusen,OS,.tif,0.1428365409374237
DRUSEN/151/OS/026_Drusen.tif,DRUSEN-151,val,DRUSEN,drusen,OS,.tif,0.15302032232284546
DRUSEN/151/OS/027_Drusen.tif,DRUSEN-151,val,DRUSEN,drusen,OS,.tif,0.17596247792243958
DRUSEN/151/OS/028_Drusen.tif,DRUSEN-151,val,DRUSEN,drusen,OS,.tif,0.17183122038841248
DRUSEN/151/OS/029_Drusen.tif,DRUSEN-151,test,DRUSEN,drusen,OS,.tif,0.1482788622379303
DRUSEN/151/OS/030_Drusen.tif,DRUSEN-151,test,DRUSEN,drusen,OS,.tif,0.1569606363773346
DRUSEN/152/000_Normal.tif,DRUSEN-152,val,DRUSEN,normal,OD,.tif,0.21292544901371002
DRUSEN/152/001_Normal.tif,DRUSEN-152,test,DRUSEN,normal,OD,.tif,0.21977326273918152
DRUSEN/152/002_Normal.tif,DRUSEN-152,test,DRUSEN,normal,OD,.tif,0.2320006787776947
DRUSEN/152/003_Normal.tif,DRUSEN-152,test,DRUSEN,normal,OD,.tif,0.24202802777290344
DRUSEN/152/004_Normal.tif,DRUSEN-152,test,DRUSEN,normal,OD,.tif,0.23247861862182617
DRUSEN/152/005_Normal.tif,DRUSEN-152,test,DRUSEN,normal,OD,.tif,0.2545567750930786
DRUSEN/152/006_Normal.tif,DRUSEN-152,test,DRUSEN,normal,OD,.tif,0.23808343708515167
DRUSEN/152/007_Normal.tif,DRUSEN-152,val,DRUSEN,normal,OD,.tif,0.20756347477436066
DRUSEN/152/008_Normal.tif,DRUSEN-152,val,DRUSEN,normal,OD,.tif,0.1852853000164032
DRUSEN/152/009_Normal.tif,DRUSEN-152,test,DRUSEN,normal,OD,.tif,0.19580350816249847
DRUSEN/152/010_Normal.tif,DRUSEN-152,val,DRUSEN,normal,OD,.tif,0.16158071160316467
DRUSEN/152/011_Normal.tif,DRUSEN-152,test,DRUSEN,normal,OD,.tif,0.18176689743995667
DRUSEN/152/012_Drusen.tif,DRUSEN-152,test,DRUSEN,drusen,OD,.tif,0.24498619139194489
DRUSEN/152/013_Drusen.tif,DRUSEN-152,test,DRUSEN,drusen,OD,.tif,0.2523331940174103
DRUSEN/152/014_Drusen.tif,DRUSEN-152,test,DRUSEN,drusen,OD,.tif,0.24787701666355133
DRUSEN/152/015_Drusen.tif,DRUSEN-152,val,DRUSEN,drusen,OD,.tif,0.2720930576324463
DRUSEN/152/016_Drusen.tif,DRUSEN-152,val,DRUSEN,drusen,OD,.tif,0.21222539246082306
DRUSEN/152/017_Normal.tif,DRUSEN-152,test,DRUSEN,normal,OD,.tif,0.21178901195526123
DRUSEN/152/018_Normal.tif,DRUSEN-152,test,DRUSEN,normal,OD,.tif,0.1666741967201233
DRUSEN/152/019_Normal.tif,DRUSEN-152,val,DRUSEN,normal,OD,.tif,0.12537771463394165
DRUSEN/152/020_Normal.tif,DRUSEN-152,test,DRUSEN,normal,OD,.tif,0.13676786422729492
DRUSEN/152/021_Normal.tif,DRUSEN-152,test,DRUSEN,normal,OD,.tif,0.1588016152381897
DRUSEN/152/022_Normal.tif,DRUSEN-152,test,DRUSEN,normal,OD,.tif,0.17199096083641052
DRUSEN/152/023_Normal.tif,DRUSEN-152,test,DRUSEN,normal,OD,.tif,0.1370054930448532
DRUSEN/152/024_Normal.tif,DRUSEN-152,test,DRUSEN,normal,OD,.tif,0.1396157443523407
DRUSEN/152/025_Normal.tif,DRUSEN-152,test,DRUSEN,normal,OD,.tif,0.12571367621421814
DRUSEN/152/026_Normal.tif,DRUSEN-152,test,DRUSEN,normal,OD,.tif,0.12718302011489868
DRUSEN/152/027_Normal.tif,DRUSEN-152,test,DRUSEN,normal,OD,.tif,0.13323336839675903
DRUSEN/152/028_Normal.tif,DRUSEN-152,test,DRUSEN,normal,OD,.tif,0.12890392541885376
DRUSEN/152/029_Normal.tif,DRUSEN-152,test,DRUSEN,normal,OD,.tif,0.143393412232399
DRUSEN/152/030_Normal.tif,DRUSEN-152,val,DRUSEN,normal,OD,.tif,0.15954896807670593
DRUSEN/153/OD/003_Normal.tif,DRUSEN-153,val,DRUSEN,normal,OD,.tif,0.20470832288265228
DRUSEN/153/OD/004_Normal.tif,DRUSEN-153,test,DRUSEN,normal,OD,.tif,0.1254177689552307
DRUSEN/153/OD/005_Normal.tif,DRUSEN-153,test,DRUSEN,normal,OD,.tif,0.12729886174201965
DRUSEN/153/OD/006_Drusen.tif,DRUSEN-153,test,DRUSEN,drusen,OD,.tif,0.10985897481441498
DRUSEN/153/OD/007_Drusen.tif,DRUSEN-153,val,DRUSEN,drusen,OD,.tif,0.1623414158821106
DRUSEN/153/OD/008_Drusen.tif,DRUSEN-153,val,DRUSEN,drusen,OD,.tif,0.170112743973732
DRUSEN/153/OD/009_Drusen.tif,DRUSEN-153,test,DRUSEN,drusen,OD,.tif,0.11794407665729523
DRUSEN/153/OD/010_Drusen.tif,DRUSEN-153,val,DRUSEN,drusen,OD,.tif,0.11778885126113892
DRUSEN/153/OD/011_Drusen.tif,DRUSEN-153,val,DRUSEN,drusen,OD,.tif,0.12476091086864471
DRUSEN/153/OD/012_Drusen.tif,DRUSEN-153,test,DRUSEN,drusen,OD,.tif,0.1168595403432846
DRUSEN/153/OD/013_Drusen.tif,DRUSEN-153,test,DRUSEN,drusen,OD,.tif,0.15348324179649353
DRUSEN/153/OD/014_Drusen.tif,DRUSEN-153,test,DRUSEN,drusen,OD,.tif,0.22183597087860107
DRUSEN/153/OD/015_Drusen.tif,DRUSEN-153,val,DRUSEN,drusen,OD,.tif,0.21835929155349731
DRUSEN/153/OD/016_Drusen.tif,DRUSEN-153,test,DRUSEN,drusen,OD,.tif,0.2629382014274597
DRUSEN/153/OD/017_Drusen.tif,DRUSEN-153,test,DRUSEN,drusen,OD,.tif,0.15977925062179565
DRUSEN/153/OD/018_Drusen.tif,DRUSEN-153,test,DRUSEN,drusen,OD,.tif,0.21944580972194672
DRUSEN/153/OD/019_Drusen.tif,DRUSEN-153,test,DRUSEN,drusen,OD,.tif,0.16252362728118896
DRUSEN/153/OD/020_Drusen.tif,DRUSEN-153,test,DRUSEN,drusen,OD,.tif,0.1422944962978363
DRUSEN/153/OD/021_Drusen.tif,DRUSEN-153,test,DRUSEN,drusen,OD,.tif,0.13650447130203247
DRUSEN/153/OD/022_Drusen.tif,DRUSEN-153,test,DRUSEN,drusen,OD,.tif,0.1700257658958435
DRUSEN/153/OD/023_Normal.tif,DRUSEN-153,test,DRUSEN,normal,OD,.tif,0.14273697137832642
DRUSEN/153/OD/024_Drusen.tif,DRUSEN-153,test,DRUSEN,drusen,OD,.tif,0.20346394181251526
DRUSEN/153/OD/025_Normal.tif,DRUSEN-153,test,DRUSEN,normal,OD,.tif,0.17470389604568481
DRUSEN/153/OD/026_Normal.tif,DRUSEN-153,val,DRUSEN,normal,OD,.tif,0.21422763168811798
DRUSEN/153/OD/027_Normal.tif,DRUSEN-153,val,DRUSEN,normal,OD,.tif,0.21560409665107727
DRUSEN/153/OD/028_Normal.tif,DRUSEN-153,val,DRUSEN,normal,OD,.tif,0.22202451527118683
DRUSEN/153/OD/029_Normal.tif,DRUSEN-153,test,DRUSEN,normal,OD,.tif,0.25785768032073975
DRUSEN/153/OD/030_Normal.tif,DRUSEN-153,val,DRUSEN,normal,OD,.tif,0.21681000292301178
DRUSEN/153/OS/003_Drusen.tif,DRUSEN-153,test,DRUSEN,drusen,OS,.tif,0.16250276565551758
DRUSEN/153/OS/004_Normal.tif,DRUSEN-153,test,DRUSEN,normal,OS,.tif,0.1696203649044037
DRUSEN/153/OS/005_Normal.tif,DRUSEN-153,test,DRUSEN,normal,OS,.tif,0.17000806331634521
DRUSEN/153/OS/006_Drusen.tif,DRUSEN-153,test,DRUSEN,drusen,OS,.tif,0.15782546997070312
DRUSEN/153/OS/007_Drusen.tif,DRUSEN-153,test,DRUSEN,drusen,OS,.tif,0.1422048807144165
DRUSEN/153/OS/008_Drusen.tif,DRUSEN-153,test,DRUSEN,drusen,OS,.tif,0.14596803486347198
DRUSEN/153/OS/009_Drusen.tif,DRUSEN-153,test,DRUSEN,drusen,OS,.tif,0.12763534486293793
DRUSEN/153/OS/010_Drusen.tif,DRUSEN-153,test,DRUSEN,drusen,OS,.tif,0.13874205946922302
DRUSEN/153/OS/011_Drusen.tif,DRUSEN-153,test,DRUSEN,drusen,OS,.tif,0.1613636314868927
DRUSEN/153/OS/012_Drusen.tif,DRUSEN-153,val,DRUSEN,drusen,OS,.tif,0.18252164125442505
DRUSEN/153/OS/013_Drusen.tif,DRUSEN-153,val,DRUSEN,drusen,OS,.tif,0.21495063602924347
DRUSEN/153/OS/014_Drusen.tif,DRUSEN-153,val,DRUSEN,drusen,OS,.tif,0.2388480305671692
DRUSEN/153/OS/015_Drusen.tif,DRUSEN-153,test,DRUSEN,drusen,OS,.tif,0.2746884524822235
DRUSEN/153/OS/016_Drusen.tif,DRUSEN-153,test,DRUSEN,drusen,OS,.tif,0.25617367029190063
DRUSEN/153/OS/017_Drusen.tif,DRUSEN-153,val,DRUSEN,drusen,OS,.tif,0.22357994318008423
DRUSEN/153/OS/018_Drusen.tif,DRUSEN-153,test,DRUSEN,drusen,OS,.tif,0.16891565918922424
DRUSEN/153/OS/019_Drusen.tif,DRUSEN-153,test,DRUSEN,drusen,OS,.tif,0.13826003670692444
DRUSEN/153/OS/020_Drusen.tif,DRUSEN-153,val,DRUSEN,drusen,OS,.tif,0.15281394124031067
DRUSEN/153/OS/021_Drusen.tif,DRUSEN-153,val,DRUSEN,drusen,OS,.tif,0.16663867235183716
DRUSEN/153/OS/022_Drusen.tif,DRUSEN-153,val,DRUSEN,drusen,OS,.tif,0.17309094965457916
DRUSEN/153/OS/023_Drusen.tif,DRUSEN-153,test,DRUSEN,drusen,OS,.tif,0.16548216342926025
DRUSEN/153/OS/024_Normal.tif,DRUSEN-153,val,DRUSEN,normal,OS,.tif,0.1693849414587021
DRUSEN/153/OS/025_Normal.tif,DRUSEN-153,val,DRUSEN,normal,OS,.tif,0.18198968470096588
DRUSEN/153/OS/026_Drusen.tif,DRUSEN-153,test,DRUSEN,drusen,OS,.tif,0.16443884372711182
DRUSEN/153/OS/027_Drusen.tif,DRUSEN-153,test,DRUSEN,drusen,OS,.tif,0.1458549201488495
DRUSEN/153/OS/028_Drusen.tif,DRUSEN-153,test,DRUSEN,drusen,OS,.tif,0.20013035833835602
DRUSEN/153/OS/029_Drusen.tif,DRUSEN-153,test,DRUSEN,drusen,OS,.tif,0.21423277258872986
DRUSEN/153/OS/030_Drusen.tif,DRUSEN-153,test,DRUSEN,drusen,OS,.tif,0.2172601968050003
DRUSEN/154/000_Drusen.tif,DRUSEN-154,test,DRUSEN,drusen,OD,.tif,0.11725284159183502
DRUSEN/154/001_Drusen.tif,DRUSEN-154,test,DRUSEN,drusen,OD,.tif,0.14429299533367157
DRUSEN/154/002_Drusen.tif,DRUSEN-154,val,DRUSEN,drusen,OD,.tif,0.1157904788851738
DRUSEN/154/003_Drusen.tif,DRUSEN-154,test,DRUSEN,drusen,OD,.tif,0.10589459538459778
DRUSEN/154/004_Drusen.tif,DRUSEN-154,test,DRUSEN,drusen,OD,.tif,0.09918621182441711
DRUSEN/154/005_Drusen.tif,DRUSEN-154,test,DRUSEN,drusen,OD,.tif,0.14437969028949738
DRUSEN/154/006_Drusen.tif,DRUSEN-154,test,DRUSEN,drusen,OD,.tif,0.10692636668682098
DRUSEN/154/007_Drusen.tif,DRUSEN-154,val,DRUSEN,drusen,OD,.tif,0.10828372836112976
DRUSEN/154/008_Drusen.tif,DRUSEN-154,test,DRUSEN,drusen,OD,.tif,0.11356779932975769
DRUSEN/154/009_Drusen.tif,DRUSEN-154,val,DRUSEN,drusen,OD,.tif,0.12295884639024734
DRUSEN/154/010_Drusen.tif,DRUSEN-154,val,DRUSEN,drusen,OD,.tif,0.1295577585697174
DRUSEN/154/011_Drusen.tif,DRUSEN-154,test,DRUSEN,drusen,OD,.tif,0.13334760069847107
DRUSEN/154/012_Drusen.tif,DRUSEN-154,val,DRUSEN,drusen,OD,.tif,0.10552182793617249
DRUSEN/154/013_Drusen.tif,DRUSEN-154,test,DRUSEN,drusen,OD,.tif,0.1799144148826599
DRUSEN/154/014_Drusen.tif,DRUSEN-154,test,DRUSEN,drusen,OD,.tif,0.2158472239971161
DRUSEN/154/015_Drusen.tif,DRUSEN-154,test,DRUSEN,drusen,OD,.tif,0.17815227806568146
DRUSEN/154/016_Drusen.tif,DRUSEN-154,test,DRUSEN,drusen,OD,.tif,0.15299497544765472
DRUSEN/154/017_Drusen.tif,DRUSEN-154,test,DRUSEN,drusen,OD,.tif,0.10340938717126846
DRUSEN/154/018_Drusen.tif,DRUSEN-154,test,DRUSEN,drusen,OD,.tif,0.15111877024173737
DRUSEN/154/019_Drusen.tif,DRUSEN-154,val,DRUSEN,drusen,OD,.tif,0.19295451045036316
DRUSEN/154/020_Drusen.tif,DRUSEN-154,test,DRUSEN,drusen,OD,.tif,0.14338117837905884
DRUSEN/154/021_Drusen.tif,DRUSEN-154,test,DRUSEN,drusen,OD,.tif,0.17373910546302795
DRUSEN/154/022_Drusen.tif,DRUSEN-154,test,DRUSEN,drusen,OD,.tif,0.17320966720581055
DRUSEN/154/023_Drusen.tif,DRUSEN-154,val,DRUSEN,drusen,OD,.tif,0.17577797174453735
DRUSEN/154/024_Drusen.tif,DRUSEN-154,test,DRUSEN,drusen,OD,.tif,0.15154790878295898
DRUSEN/154/025_Drusen.tif,DRUSEN-154,test,DRUSEN,drusen,OD,.tif,0.15099334716796875
DRUSEN/154/026_Drusen.tif,DRUSEN-154,test,DRUSEN,drusen,OD,.tif,0.15697751939296722
DRUSEN/154/027_Drusen.tif,DRUSEN-154,test,DRUSEN,drusen,OD,.tif,0.21276360750198364
DRUSEN/154/028_Drusen.tif,DRUSEN-154,test,DRUSEN,drusen,OD,.tif,0.2051887810230255
DRUSEN/154/029_Drusen.tif,DRUSEN-154,test,DRUSEN,drusen,OD,.tif,0.1703702211380005
DRUSEN/154/030_Drusen.tif,DRUSEN-154,test,DRUSEN,drusen,OD,.tif,0.166969433426857
DRUSEN/155/000_Normal.tif,DRUSEN-155,test,DRUSEN,normal,OD,.tif,0.2641217112541199
DRUSEN/155/001_Normal.tif,DRUSEN-155,val,DRUSEN,normal,OD,.tif,0.182345911860466
DRUSEN/155/002_Normal.tif,DRUSEN-155,val,DRUSEN,normal,OD,.tif,0.17654983699321747
DRUSEN/155/003_Normal.tif,DRUSEN-155,test,DRUSEN,normal,OD,.tif,0.20749883353710175
DRUSEN/155/004_Normal.tif,DRUSEN-155,test,DRUSEN,normal,OD,.tif,0.16793440282344818
DRUSEN/155/005_Normal.tif,DRUSEN-155,test,DRUSEN,normal,OD,.tif,0.18810108304023743
DRUSEN/155/006_Normal.tif,DRUSEN-155,test,DRUSEN,normal,OD,.tif,0.23319591581821442
DRUSEN/155/007_Normal.tif,DRUSEN-155,test,DRUSEN,normal,OD,.tif,0.21756766736507416
DRUSEN/155/008_Normal.tif,DRUSEN-155,val,DRUSEN,normal,OD,.tif,0.17446424067020416
DRUSEN/155/009_Normal.tif,DRUSEN-155,test,DRUSEN,normal,OD,.tif,0.17354869842529297
DRUSEN/155/010_Normal.tif,DRUSEN-155,val,DRUSEN,normal,OD,.tif,0.14911195635795593
DRUSEN/155/011_Normal.tif,DRUSEN-155,test,DRUSEN,normal,OD,.tif,0.19094587862491608
DRUSEN/155/012_Normal.tif,DRUSEN-155,test,DRUSEN,normal,OD,.tif,0.15220309793949127
DRUSEN/155/013_Normal.tif,DRUSEN-155,test,DRUSEN,normal,OD,.tif,0.21263635158538818
DRUSEN/155/014_Drusen.tif,DRUSEN-155,test,DRUSEN,drusen,OD,.tif,0.26626482605934143
DRUSEN/155/015_Drusen.tif,DRUSEN-155,test,DRUSEN,drusen,OD,.tif,0.30291786789894104
DRUSEN/155/016_Drusen.tif,DRUSEN-155,val,DRUSEN,drusen,OD,.tif,0.2653995156288147
DRUSEN/155/017_Normal.tif,DRUSEN-155,val,DRUSEN,normal,OD,.tif,0.24322226643562317
DRUSEN/155/018_Drusen.tif,DRUSEN-155,test,DRUSEN,drusen,OD,.tif,0.2375553548336029
DRUSEN/155/019_Drusen.tif,DRUSEN-155,test,DRUSEN,drusen,OD,.tif,0.21359556913375854
DRUSEN/155/020_Drusen.tif,DRUSEN-155,val,DRUSEN,drusen,OD,.tif,0.21768474578857422
DRUSEN/155/021_Drusen.tif,DRUSEN-155,test,DRUSEN,drusen,OD,.tif,0.17925532162189484
DRUSEN/155/022_Drusen.tif,DRUSEN-155,test,DRUSEN,drusen,OD,.tif,0.21391916275024414
DRUSEN/155/023_Drusen.tif,DRUSEN-155,test,DRUSEN,drusen,OD,.tif,0.17790265381336212
DRUSEN/155/024_Drusen.tif,DRUSEN-155,val,DRUSEN,drusen,OD,.tif,0.23731090128421783
DRUSEN/155/025_Drusen.tif,DRUSEN-155,test,DRUSEN,drusen,OD,.tif,0.2032897174358368
DRUSEN/155/026_Drusen.tif,DRUSEN-155,test,DRUSEN,drusen,OD,.tif,0.15235130488872528
DRUSEN/155/027_Drusen.tif,DRUSEN-155,val,DRUSEN,drusen,OD,.tif,0.1864534318447113
DRUSEN/155/028_Drusen.tif,DRUSEN-155,test,DRUSEN,drusen,OD,.tif,0.17777615785598755
DRUSEN/155/029_Drusen.tif,DRUSEN-155,test,DRUSEN,drusen,OD,.tif,0.18973588943481445
DRUSEN/155/030_Drusen.tif,DRUSEN-155,test,DRUSEN,drusen,OD,.tif,0.17633727192878723
DRUSEN/156/000_Drusen.tif,DRUSEN-156,test,DRUSEN,drusen,OD,.tif,0.15957264602184296
DRUSEN/156/001_Normal.tif,DRUSEN-156,test,DRUSEN,normal,OD,.tif,0.1325850784778595
DRUSEN/156/002_Normal.tif,DRUSEN-156,val,DRUSEN,normal,OD,.tif,0.12252514064311981
DRUSEN/156/003_Normal.tif,DRUSEN-156,test,DRUSEN,normal,OD,.tif,0.08948676288127899
DRUSEN/156/004_Drusen.tif,DRUSEN-156,val,DRUSEN,drusen,OD,.tif,0.09987209737300873
DRUSEN/156/005_Drusen.tif,DRUSEN-156,test,DRUSEN,drusen,OD,.tif,0.11674961447715759
DRUSEN/156/006_Drusen.tif,DRUSEN-156,val,DRUSEN,drusen,OD,.tif,0.1158318817615509
DRUSEN/156/007_Drusen.tif,DRUSEN-156,test,DRUSEN,drusen,OD,.tif,0.08985959738492966
DRUSEN/156/008_Drusen.tif,DRUSEN-156,val,DRUSEN,drusen,OD,.tif,0.09746457636356354
DRUSEN/156/009_Drusen.tif,DRUSEN-156,test,DRUSEN,drusen,OD,.tif,0.08385273814201355
DRUSEN/156/010_Drusen.tif,DRUSEN-156,test,DRUSEN,drusen,OD,.tif,0.09509710967540741
DRUSEN/156/011_Drusen.tif,DRUSEN-156,test,DRUSEN,drusen,OD,.tif,0.12182058393955231
DRUSEN/156/012_Drusen.tif,DRUSEN-156,val,DRUSEN,drusen,OD,.tif,0.15543311834335327
DRUSEN/156/013_Drusen.tif,DRUSEN-156,val,DRUSEN,drusen,OD,.tif,0.18706989288330078
DRUSEN/156/014_Drusen.tif,DRUSEN-156,val,DRUSEN,drusen,OD,.tif,0.2735641896724701
DRUSEN/156/015_Drusen.tif,DRUSEN-156,test,DRUSEN,drusen,OD,.tif,0.21540522575378418
DRUSEN/156/016_Drusen.tif,DRUSEN-156,test,DRUSEN,drusen,OD,.tif,0.21336039900779724
DRUSEN/156/017_Drusen.tif,DRUSEN-156,test,DRUSEN,drusen,OD,.tif,0.21537277102470398
DRUSEN/156/018_Drusen.tif,DRUSEN-156,val,DRUSEN,drusen,OD,.tif,0.2251736968755722
DRUSEN/156/019_Drusen.tif,DRUSEN-156,test,DRUSEN,drusen,OD,.tif,0.19096574187278748
DRUSEN/156/020_Drusen.tif,DRUSEN-156,test,DRUSEN,drusen,OD,.tif,0.14268390834331512
DRUSEN/156/021_Drusen.tif,DRUSEN-156,val,DRUSEN,drusen,OD,.tif,0.16356348991394043
DRUSEN/156/022_Drusen.tif,DRUSEN-156,val,DRUSEN,drusen,OD,.tif,0.15959203243255615
DRUSEN/156/023_Drusen.tif,DRUSEN-156,test,DRUSEN,drusen,OD,.tif,0.13663318753242493
DRUSEN/156/024_Drusen.tif,DRUSEN-156,val,DRUSEN,drusen,OD,.tif,0.1462855339050293
DRUSEN/156/025_Drusen.tif,DRUSEN-156,val,DRUSEN,drusen,OD,.tif,0.11597304046154022
DRUSEN/156/026_Drusen.tif,DRUSEN-156,test,DRUSEN,drusen,OD,.tif,0.1819288730621338
DRUSEN/156/027_Drusen.tif,DRUSEN-156,test,DRUSEN,drusen,OD,.tif,0.18087612092494965
DRUSEN/156/028_Drusen.tif,DRUSEN-156,val,DRUSEN,drusen,OD,.tif,0.17372232675552368
DRUSEN/156/029_Drusen.tif,DRUSEN-156,test,DRUSEN,drusen,OD,.tif,0.1600009799003601
DRUSEN/156/030_Drusen.tif,DRUSEN-156,test,DRUSEN,drusen,OD,.tif,0.1126403957605362
NORMAL/1/OD/000_normal.jpg,NORMAL-001,val,NORMAL,normal,OD,.jpg,0.1688302904367447
NORMAL/1/OD/002_normal.jpg,NORMAL-001,val,NORMAL,normal,OD,.jpg,0.1717555671930313
NORMAL/1/OD/005_normal.jpg,NORMAL-001,test,NORMAL,normal,OD,.jpg,0.13504904508590698
NORMAL/1/OD/006_normal.jpg,NORMAL-001,val,NORMAL,normal,OD,.jpg,0.09883689135313034
NORMAL/1/OD/007_normal.jpg,NORMAL-001,test,NORMAL,normal,OD,.jpg,0.14016206562519073
NORMAL/1/OD/014_normal.jpg,NORMAL-001,val,NORMAL,normal,OD,.jpg,0.17098505795001984
NORMAL/1/OD/020_normal.jpg,NORMAL-001,val,NORMAL,normal,OD,.jpg,0.18768653273582458
NORMAL/1/OD/022_normal.jpg,NORMAL-001,test,NORMAL,normal,OD,.jpg,0.11865493655204773
NORMAL/1/OD/023_normal.jpg,NORMAL-001,val,NORMAL,normal,OD,.jpg,0.11601635813713074
NORMAL/1/OD/025_normal.jpg,NORMAL-001,val,NORMAL,normal,OD,.jpg,0.10529352724552155
NORMAL/1/OD/027_normal.jpg,NORMAL-001,test,NORMAL,normal,OD,.jpg,0.1054801195859909
NORMAL/1/OS/002_normal.jpg,NORMAL-001,val,NORMAL,normal,OS,.jpg,0.16148614883422852
NORMAL/1/OS/004_normal.jpg,NORMAL-001,val,NORMAL,normal,OS,.jpg,0.1212046667933464
NORMAL/1/OS/005_normal.jpg,NORMAL-001,val,NORMAL,normal,OS,.jpg,0.14426615834236145
NORMAL/1/OS/009_normal.jpg,NORMAL-001,val,NORMAL,normal,OS,.jpg,0.18632325530052185
NORMAL/1/OS/013_normal.jpg,NORMAL-001,val,NORMAL,normal,OS,.jpg,0.18123815953731537
NORMAL/1/OS/015_normal.jpg,NORMAL-001,test,NORMAL,normal,OS,.jpg,0.21049225330352783
NORMAL/1/OS/018_normal.jpg,NORMAL-001,test,NORMAL,normal,OS,.jpg,0.302659273147583
NORMAL/1/OS/021_normal.jpg,NORMAL-001,test,NORMAL,normal,OS,.jpg,0.2079918384552002
NORMAL/1/OS/027_normal.jpg,NORMAL-001,test,NORMAL,normal,OS,.jpg,0.09415170550346375
NORMAL/1/OS/030_normal.jpg,NORMAL-001,val,NORMAL,normal,OS,.jpg,0.16241121292114258
NORMAL/2/000_Normal.jpg,NORMAL-002,val,NORMAL,normal,OD,.jpg,0.17007431387901306
NORMAL/2/003_Normal.jpg,NORMAL-002,test,NORMAL,normal,OD,.jpg,0.12304387241601944
NORMAL/2/009_Normal.jpg,NORMAL-002,val,NORMAL,normal,OD,.jpg,0.12705682218074799
NORMAL/2/012_Normal.jpg,NORMAL-002,test,NORMAL,normal,OD,.jpg,0.11434429883956909
NORMAL/2/014_Normal.jpg,NORMAL-002,val,NORMAL,normal,OD,.jpg,0.19106948375701904
NORMAL/2/017_Normal.jpg,NORMAL-002,test,NORMAL,normal,OD,.jpg,0.16959528625011444
NORMAL/2/019_Normal.jpg,NORMAL-002,test,NORMAL,normal,OD,.jpg,0.14747080206871033
NORMAL/2/023_Normal.jpg,NORMAL-002,test,NORMAL,normal,OD,.jpg,0.10660344362258911
NORMAL/3/OD/000_Normal.jpg,NORMAL-003,test,NORMAL,normal,OD,.jpg,0.13143199682235718
NORMAL/3/OD/002_Normal.jpg,NORMAL-003,test,NORMAL,normal,OD,.jpg,0.11997979879379272
NORMAL/3/OD/004_Normal.jpg,NORMAL-003,val,NORMAL,normal,OD,.jpg,0.13529247045516968
NORMAL/3/OD/011_Normal.jpg,NORMAL-003,test,NORMAL,normal,OD,.jpg,0.1754412055015564
NORMAL/3/OD/012_Normal.jpg,NORMAL-003,test,NORMAL,normal,OD,.jpg,0.19811280071735382
NORMAL/3/OD/014_Normal.jpg,NORMAL-003,val,NORMAL,normal,OD,.jpg,0.15602171421051025
NORMAL/3/OD/017_Normal.jpg,NORMAL-003,val,NORMAL,normal,OD,.jpg,0.19275107979774475
NORMAL/3/OD/018_Normal.jpg,NORMAL-003,val,NORMAL,normal,OD,.jpg,0.1739995777606964
NORMAL/3/OD/019_Normal.jpg,NORMAL-003,val,NORMAL,normal,OD,.jpg,0.1790572553873062
NORMAL/3/OD/025_Normal.jpg,NORMAL-003,test,NORMAL,normal,OD,.jpg,0.11617536842823029
NORMAL/3/OD/028_Normal.jpg,NORMAL-003,test,NORMAL,normal,OD,.jpg,0.15171906352043152
NORMAL/3/OS/000_Normal.jpg,NORMAL-003,test,NORMAL,normal,OS,.jpg,0.14333228766918182
NORMAL/3/OS/004_Normal.jpg,NORMAL-003,val,NORMAL,normal,OS,.jpg,0.0981527790427208
NORMAL/3/OS/012_Normal.jpg,NORMAL-003,val,NORMAL,normal,OS,.jpg,0.1228705570101738
NORMAL/3/OS/021_Normal.jpg,NORMAL-003,test,NORMAL,normal,OS,.jpg,0.14960840344429016
NORMAL/3/OS/025_Normal.jpg,NORMAL-003,test,NORMAL,normal,OS,.jpg,0.16072054207324982
NORMAL/4/004_Normal.jpg,NORMAL-004,test,NORMAL,normal,OD,.jpg,0.12372344732284546
NORMAL/4/005_Normal.jpg,NORMAL-004,test,NORMAL,normal,OD,.jpg,0.15347836911678314
NORMAL/4/016_Normal.jpg,NORMAL-004,val,NORMAL,normal,OD,.jpg,0.2420368194580078
NORMAL/4/024_Normal.jpg,NORMAL-004,val,NORMAL,normal,OD,.jpg,0.09132754802703857
NORMAL/4/027_Normal.jpg,NORMAL-004,test,NORMAL,normal,OD,.jpg,0.11257775127887726
NORMAL/4/028_Normal.jpg,NORMAL-004,test,NORMAL,normal,OD,.jpg,0.14410266280174255
NORMAL/5/OD/001_Normal.jpg,NORMAL-005,val,NORMAL,normal,OD,.jpg,0.13830220699310303
NORMAL/5/OD/002_Normal.jpg,NORMAL-005,test,NORMAL,normal,OD,.jpg,0.13891267776489258
NORMAL/5/OD/003_Normal.jpg,NORMAL-005,val,NORMAL,normal,OD,.jpg,0.13488176465034485
NORMAL/5/OD/004_Normal.jpg,NORMAL-005,test,NORMAL,normal,OD,.jpg,0.12452466040849686
NORMAL/5/OD/007_Normal.jpg,NORMAL-005,val,NORMAL,normal,OD,.jpg,0.16763544082641602
NORMAL/5/OD/008_Normal.jpg,NORMAL-005,test,NORMAL,normal,OD,.jpg,0.1232227236032486
NORMAL/5/OD/011_Normal.jpg,NORMAL-005,val,NORMAL,normal,OD,.jpg,0.1417451798915863
NORMAL/5/OD/014_Normal.jpg,NORMAL-005,val,NORMAL,normal,OD,.jpg,0.18845918774604797
NORMAL/5/OD/015_Normal.jpg,NORMAL-005,test,NORMAL,normal,OD,.jpg,0.19155123829841614
NORMAL/5/OD/018_Normal.jpg,NORMAL-005,test,NORMAL,normal,OD,.jpg,0.1256289780139923
NORMAL/5/OD/019_Normal.jpg,NORMAL-005,test,NORMAL,normal,OD,.jpg,0.11791659146547318
NORMAL/5/OD/020_Normal.jpg,NORMAL-005,test,NORMAL,normal,OD,.jpg,0.12397982180118561
NORMAL/5/OS/000_Normal.jpg,NORMAL-005,val,NORMAL,normal,OS,.jpg,0.11423538625240326
NORMAL/5/OS/001_Normal.jpg,NORMAL-005,val,NORMAL,normal,OS,.jpg,0.16684883832931519
NORMAL/5/OS/007_Normal.jpg,NORMAL-005,test,NORMAL,normal,OS,.jpg,0.13554394245147705
NORMAL/5/OS/009_Normal.jpg,NORMAL-005,val,NORMAL,normal,OS,.jpg,0.1436770111322403
NORMAL/5/OS/010_Normal.jpg,NORMAL-005,test,NORMAL,normal,OS,.jpg,0.14950156211853027
NORMAL/5/OS/012_Normal.jpg,NORMAL-005,val,NORMAL,normal,OS,.jpg,0.12185901403427124
NORMAL/5/OS/018_Normal.jpg,NORMAL-005,val,NORMAL,normal,OS,.jpg,0.13136595487594604
NORMAL/5/OS/026_Normal.jpg,NORMAL-005,val,NORMAL,normal,OS,.jpg,0.15053483843803406
NORMAL/5/OS/030_Normal.jpg,NORMAL-005,test,NORMAL,normal,OS,.jpg,0.13430672883987427
NORMAL/6/OD/008_normal.jpg,NORMAL-006,test,NORMAL,normal,OD,.jpg,0.29661303758621216
NORMAL/6/OD/011_normal.jpg,NORMAL-006,val,NORMAL,normal,OD,.jpg,0.40878546237945557
NORMAL/6/OD/013_normal.jpg,NORMAL-006,test,NORMAL,normal,OD,.jpg,0.38042396306991577
NORMAL/6/OD/014_normal.jpg,NORMAL-006,test,NORMAL,normal,OD,.jpg,0.4354790151119232
NORMAL/6/OD/022_normal.jpg,NORMAL-006,test,NORMAL,normal,OD,.jpg,0.3537161350250244
NORMAL/6/OD/029_normal.jpg,NORMAL-006,test,NORMAL,normal,OD,.jpg,0.3306630849838257
NORMAL/6/OS/000_normal.jpg,NORMAL-006,test,NORMAL,normal,OS,.jpg,0.18014825880527496
NORMAL/6/OS/008_normal.jpg,NORMAL-006,test,NORMAL,normal,OS,.jpg,0.16818121075630188
NORMAL/6/OS/015_normal.jpg,NORMAL-006,test,NORMAL,normal,OS,.jpg,0.2764554023742676
NORMAL/6/OS/016_normal.jpg,NORMAL-006,val,NORMAL,normal,OS,.jpg,0.27616456151008606
NORMAL/6/OS/018_normal.jpg,NORMAL-006,val,NORMAL,normal,OS,.jpg,0.29194459319114685
NORMAL/6/OS/020_normal.jpg,NORMAL-006,test,NORMAL,normal,OS,.jpg,0.2349073886871338
NORMAL/6/OS/022_normal.jpg,NORMAL-006,test,NORMAL,normal,OS,.jpg,0.2889602780342102
NORMAL/6/OS/023_normal.jpg,NORMAL-006,val,NORMAL,normal,OS,.jpg,0.2439364343881607
NORMAL/6/OS/027_normal.jpg,NORMAL-006,val,NORMAL,normal,OS,.jpg,0.2683168947696686
NORMAL/6/OS/028_normal.jpg,NORMAL-006,val,NORMAL,normal,OS,.jpg,0.29968875646591187
NORMAL/6/OS/029_normal.jpg,NORMAL-006,val,NORMAL,normal,OS,.jpg,0.34851235151290894
NORMAL/7/004_Normal.jpg,NORMAL-007,test,NORMAL,normal,OS,.jpg,0.24934151768684387
NORMAL/7/005_Normal.jpg,NORMAL-007,val,NORMAL,normal,OS,.jpg,0.22479504346847534
NORMAL/7/006_Normal.jpg,NORMAL-007,test,NORMAL,normal,OS,.jpg,0.21156039834022522
NORMAL/7/013_Normal.jpg,NORMAL-007,test,NORMAL,normal,OS,.jpg,0.2270568162202835
NORMAL/7/015_Normal.jpg,NORMAL-007,test,NORMAL,normal,OS,.jpg,0.30290359258651733
NORMAL/7/017_Normal.jpg,NORMAL-007,test,NORMAL,normal,OS,.jpg,0.2980041801929474
NORMAL/7/018_Normal.jpg,NORMAL-007,test,NORMAL,normal,OS,.jpg,0.2583145797252655
NORMAL/7/023_Normal.jpg,NORMAL-007,test,NORMAL,normal,OS,.jpg,0.19564703106880188
NORMAL/7/024_Normal.jpg,NORMAL-007,val,NORMAL,normal,OS,.jpg,0.23403479158878326
NORMAL/7/025_Normal.jpg,NORMAL-007,val,NORMAL,normal,OS,.jpg,0.19679701328277588
NORMAL/7/030_Normal.jpg,NORMAL-007,val,NORMAL,normal,OS,.jpg,0.17350612580776215
NORMAL/8/OD/004_Normal.jpg,NORMAL-008,test,NORMAL,normal,OD,.jpg,0.1448010802268982
NORMAL/8/OD/005_Normal.jpg,NORMAL-008,val,NORMAL,normal,OD,.jpg,0.13235515356063843
NORMAL/8/OD/010_Normal.jpg,NORMAL-008,test,NORMAL,normal,OD,.jpg,0.11817358434200287
NORMAL/8/OD/017_Normal.jpg,NORMAL-008,val,NORMAL,normal,OD,.jpg,0.14036595821380615
NORMAL/8/OD/019_Normal.jpg,NORMAL-008,test,NORMAL,normal,OD,.jpg,0.12603142857551575
NORMAL/8/OD/022_Normal.jpg,NORMAL-008,val,NORMAL,normal,OD,.jpg,0.13313239812850952
NORMAL/8/OD/023_Normal.jpg,NORMAL-008,val,NORMAL,normal,OD,.jpg,0.11962148547172546
NORMAL/8/OS/002_Normal.jpg,NORMAL-008,test,NORMAL,normal,OS,.jpg,0.13330678641796112
NORMAL/8/OS/003_Normal.jpg,NORMAL-008,test,NORMAL,normal,OS,.jpg,0.14721207320690155
NORMAL/8/OS/008_Normal.jpg,NORMAL-008,val,NORMAL,normal,OS,.jpg,0.1238371729850769
NORMAL/8/OS/010_Normal.jpg,NORMAL-008,val,NORMAL,normal,OS,.jpg,0.20487701892852783
NORMAL/8/OS/014_Normal.jpg,NORMAL-008,test,NORMAL,normal,OS,.jpg,0.19232520461082458
NORMAL/8/OS/016_Normal.jpg,NORMAL-008,val,NORMAL,normal,OS,.jpg,0.13362759351730347
NORMAL/8/OS/017_Normal.jpg,NORMAL-008,val,NORMAL,normal,OS,.jpg,0.12403257936239243
NORMAL/8/OS/019_Normal.jpg,NORMAL-008,val,NORMAL,normal,OS,.jpg,0.10972943156957626
NORMAL/8/OS/022_Normal.jpg,NORMAL-008,val,NORMAL,normal,OS,.jpg,0.16032829880714417
NORMAL/9/000_Normal.jpg,NORMAL-009,val,NORMAL,normal,OD,.jpg,0.17200206220149994
NORMAL/9/002_Normal.jpg,NORMAL-009,test,NORMAL,normal,OD,.jpg,0.17195937037467957
NORMAL/9/004_Normal.jpg,NORMAL-009,test,NORMAL,normal,OD,.jpg,0.1853979229927063
NORMAL/9/006_Normal.jpg,NORMAL-009,test,NORMAL,normal,OD,.jpg,0.1997283697128296
NORMAL/9/013_Normal.jpg,NORMAL-009,val,NORMAL,normal,OD,.jpg,0.19414961338043213
NORMAL/9/017_Normal.jpg,NORMAL-009,test,NORMAL,normal,OD,.jpg,0.20865024626255035
NORMAL/9/020_Normal.jpg,NORMAL-009,test,NORMAL,normal,OD,.jpg,0.15393641591072083
NORMAL/9/026_Normal.jpg,NORMAL-009,test,NORMAL,normal,OD,.jpg,0.14484265446662903
NORMAL/9/029_Normal.jpg,NORMAL-009,val,NORMAL,normal,OD,.jpg,0.1497083157300949
NORMAL/10/004_Normal.jpg,NORMAL-010,test,NORMAL,normal,OD,.jpg,0.13836553692817688
NORMAL/10/009_Normal.jpg,NORMAL-010,test,NORMAL,normal,OD,.jpg,0.1666465401649475
NORMAL/10/010_Normal.jpg,NORMAL-010,test,NORMAL,normal,OD,.jpg,0.1635158360004425
NORMAL/10/012_Normal.jpg,NORMAL-010,test,NORMAL,normal,OD,.jpg,0.27949437499046326
NORMAL/10/014_Normal.jpg,NORMAL-010,test,NORMAL,normal,OD,.jpg,0.22109095752239227
NORMAL/10/017_Normal.jpg,NORMAL-010,val,NORMAL,normal,OD,.jpg,0.12860211730003357
NORMAL/10/018_Normal.jpg,NORMAL-010,test,NORMAL,normal,OD,.jpg,0.11815519630908966
NORMAL/10/019_Normal.jpg,NORMAL-010,test,NORMAL,normal,OD,.jpg,0.13594314455986023
NORMAL/10/022_Normal.jpg,NORMAL-010,test,NORMAL,normal,OD,.jpg,0.15907585620880127
NORMAL/11/006_Normal.jpg,NORMAL-011,test,NORMAL,normal,OS,.jpg,0.1697632074356079
NORMAL/11/007_Normal.jpg,NORMAL-011,val,NORMAL,normal,OS,.jpg,0.15518184006214142
NORMAL/11/014_Normal.jpg,NORMAL-011,val,NORMAL,normal,OS,.jpg,0.25083139538764954
NORMAL/11/015_Normal.jpg,NORMAL-011,test,NORMAL,normal,OS,.jpg,0.24204953014850616
NORMAL/11/018_Normal.jpg,NORMAL-011,val,NORMAL,normal,OS,.jpg,0.17269578576087952
NORMAL/11/021_Normal.jpg,NORMAL-011,val,NORMAL,normal,OS,.jpg,0.16127166152000427
NORMAL/11/025_Normal.jpg,NORMAL-011,test,NORMAL,normal,OS,.jpg,0.13132694363594055
NORMAL/11/029_Normal.jpg,NORMAL-011,test,NORMAL,normal,OS,.jpg,0.125582754611969
NORMAL/12/OD/000_Normal.jpg,NORMAL-012,val,NORMAL,normal,OD,.jpg,0.17977102100849152
NORMAL/12/OD/001_Normal.jpg,NORMAL-012,test,NORMAL,normal,OD,.jpg,0.16683778166770935
NORMAL/12/OD/005_Normal.jpg,NORMAL-012,val,NORMAL,normal,OD,.jpg,0.20948843657970428
NORMAL/12/OD/007_Normal.jpg,NORMAL-012,test,NORMAL,normal,OD,.jpg,0.19203677773475647
NORMAL/12/OD/009_Normal.jpg,NORMAL-012,val,NORMAL,normal,OD,.jpg,0.19866248965263367
NORMAL/12/OD/010_Normal.jpg,NORMAL-012,test,NORMAL,normal,OD,.jpg,0.18744444847106934
NORMAL/12/OD/019_Normal.jpg,NORMAL-012,test,NORMAL,normal,OD,.jpg,0.22921651601791382
NORMAL/12/OD/024_Normal.jpg,NORMAL-012,val,NORMAL,normal,OD,.jpg,0.14575347304344177
NORMAL/12/OS/000_Normal.jpg,NORMAL-012,test,NORMAL,normal,OS,.jpg,0.2620357275009155
NORMAL/12/OS/005_Normal.jpg,NORMAL-012,val,NORMAL,normal,OS,.jpg,0.14595605432987213
NORMAL/12/OS/006_Normal.jpg,NORMAL-012,val,NORMAL,normal,OS,.jpg,0.14969325065612793
NORMAL/12/OS/009_Normal.jpg,NORMAL-012,val,NORMAL,normal,OS,.jpg,0.16928015649318695
NORMAL/12/OS/013_Normal.jpg,NORMAL-012,test,NORMAL,normal,OS,.jpg,0.24744820594787598
NORMAL/12/OS/018_Normal.jpg,NORMAL-012,val,NORMAL,normal,OS,.jpg,0.2638339698314667
NORMAL/12/OS/019_Normal.jpg,NORMAL-012,val,NORMAL,normal,OS,.jpg,0.290958046913147
NORMAL/12/OS/027_Normal.jpg,NORMAL-012,val,NORMAL,normal,OS,.jpg,0.16484659910202026
NORMAL/13/003_Normal.jpg,NORMAL-013,val,NORMAL,normal,OD,.jpg,0.20779255032539368
NORMAL/13/004_Normal.jpg,NORMAL-013,val,NORMAL,normal,OD,.jpg,0.17231547832489014
NORMAL/13/009_Normal.jpg,NORMAL-013,test,NORMAL,normal,OD,.jpg,0.13508126139640808
NORMAL/13/012_Normal.jpg,NORMAL-013,val,NORMAL,normal,OD,.jpg,0.17691445350646973
NORMAL/13/015_Normal.jpg,NORMAL-013,val,NORMAL,normal,OD,.jpg,0.22802409529685974
NORMAL/13/016_Normal.jpg,NORMAL-013,test,NORMAL,normal,OD,.jpg,0.24401511251926422
NORMAL/13/020_Normal.jpg,NORMAL-013,val,NORMAL,normal,OD,.jpg,0.1673101782798767
NORMAL/13/024_Normal.jpg,NORMAL-013,test,NORMAL,normal,OD,.jpg,0.10747827589511871
NORMAL/13/025_Normal.jpg,NORMAL-013,val,NORMAL,normal,OD,.jpg,0.10689017176628113
NORMAL/13/028_Normal.jpg,NORMAL-013,test,NORMAL,normal,OD,.jpg,0.13739046454429626
NORMAL/13/030_Normal.jpg,NORMAL-013,test,NORMAL,normal,OD,.jpg,0.13502952456474304
NORMAL/14/OD/000_Normal.jpg,NORMAL-014,test,NORMAL,normal,OD,.jpg,0.1965770125389099
NORMAL/14/OD/002_Normal.jpg,NORMAL-014,val,NORMAL,normal,OD,.jpg,0.18737412989139557
NORMAL/14/OD/006_Normal.jpg,NORMAL-014,val,NORMAL,normal,OD,.jpg,0.22333818674087524
NORMAL/14/OD/007_Normal.jpg,NORMAL-014,test,NORMAL,normal,OD,.jpg,0.1839239001274109
NORMAL/14/OD/011_Normal.jpg,NORMAL-014,val,NORMAL,normal,OD,.jpg,0.14609433710575104
NORMAL/14/OD/012_Normal.jpg,NORMAL-014,test,NORMAL,normal,OD,.jpg,0.17051240801811218
NORMAL/14/OD/013_Normal.jpg,NORMAL-014,val,NORMAL,normal,OD,.jpg,0.1574970930814743
NORMAL/14/OD/018_Normal.jpg,NORMAL-014,val,NORMAL,normal,OD,.jpg,0.2049788534641266
NORMAL/14/OD/020_Normal.jpg,NORMAL-014,test,NORMAL,normal,OD,.jpg,0.12801334261894226
NORMAL/14/OD/022_Normal.jpg,NORMAL-014,val,NORMAL,normal,OD,.jpg,0.10949824005365372
NORMAL/14/OD/028_Normal.jpg,NORMAL-014,val,NORMAL,normal,OD,.jpg,0.15436133742332458
NORMAL/14/OD/029_Normal.jpg,NORMAL-014,val,NORMAL,normal,OD,.jpg,0.14652201533317566
NORMAL/14/OS/005_Normal.jpg,NORMAL-014,val,NORMAL,normal,OS,.jpg,0.16999150812625885
NORMAL/14/OS/010_Normal.jpg,NORMAL-014,val,NORMAL,normal,OS,.jpg,0.19938939809799194
NORMAL/14/OS/012_Normal.jpg,NORMAL-014,test,NORMAL,normal,OS,.jpg,0.23777149617671967
NORMAL/14/OS/019_Normal.jpg,NORMAL-014,test,NORMAL,normal,OS,.jpg,0.22623369097709656
NORMAL/14/OS/026_Normal.jpg,NORMAL-014,test,NORMAL,normal,OS,.jpg,0.1558835804462433
NORMAL/14/OS/028_Normal.jpg,NORMAL-014,val,NORMAL,normal,OS,.jpg,0.17943446338176727
NORMAL/15/OD/003_Normal.jpg,NORMAL-015,test,NORMAL,normal,OD,.jpg,0.20587089657783508
NORMAL/15/OD/005_Normal.jpg,NORMAL-015,test,NORMAL,normal,OD,.jpg,0.15229961276054382
NORMAL/15/OD/006_Normal.jpg,NORMAL-015,test,NORMAL,normal,OD,.jpg,0.14803168177604675
NORMAL/15/OD/007_Normal.jpg,NORMAL-015,test,NORMAL,normal,OD,.jpg,0.12302213907241821
NORMAL/15/OD/008_Normal.jpg,NORMAL-015,val,NORMAL,normal,OD,.jpg,0.14830422401428223
NORMAL/15/OD/009_Normal.jpg,NORMAL-015,val,NORMAL,normal,OD,.jpg,0.18780776858329773
NORMAL/15/OD/011_Normal.jpg,NORMAL-015,test,NORMAL,normal,OD,.jpg,0.12670952081680298
NORMAL/15/OD/025_Normal.jpg,NORMAL-015,val,NORMAL,normal,OD,.jpg,0.14514298737049103
NORMAL/15/OD/028_Normal.jpg,NORMAL-015,test,NORMAL,normal,OD,.jpg,0.1306501179933548
NORMAL/15/OD/030_Normal.jpg,NORMAL-015,test,NORMAL,normal,OD,.jpg,0.11328718811273575
NORMAL/15/OS/001_Normal.jpg,NORMAL-015,test,NORMAL,normal,OS,.jpg,0.21629339456558228
NORMAL/15/OS/003_Normal.jpg,NORMAL-015,val,NORMAL,normal,OS,.jpg,0.23622240126132965
NORMAL/15/OS/005_Normal.jpg,NORMAL-015,test,NORMAL,normal,OS,.jpg,0.1536092758178711
NORMAL/15/OS/008_Normal.jpg,NORMAL-015,test,NORMAL,normal,OS,.jpg,0.12168371677398682
NORMAL/15/OS/018_Normal.jpg,NORMAL-015,val,NORMAL,normal,OS,.jpg,0.15767072141170502
NORMAL/15/OS/019_Normal.jpg,NORMAL-015,test,NORMAL,normal,OS,.jpg,0.09966950118541718
NORMAL/15/OS/020_Normal.jpg,NORMAL-015,test,NORMAL,normal,OS,.jpg,0.14303356409072876
NORMAL/15/OS/024_Normal.jpg,NORMAL-015,val,NORMAL,normal,OS,.jpg,0.12336106598377228
NORMAL/15/OS/028_Normal.jpg,NORMAL-015,val,NORMAL,normal,OS,.jpg,0.16183030605316162
NORMAL/15/OS/030_Normal.jpg,NORMAL-015,test,NORMAL,normal,OS,.jpg,0.1798919141292572
NORMAL/16/OD/003_Normal.jpg,NORMAL-016,test,NORMAL,normal,OD,.jpg,0.12144958972930908
NORMAL/16/OD/006_Normal.jpg,NORMAL-016,test,NORMAL,normal,OD,.jpg,0.11796015501022339
NORMAL/16/OD/010_Normal.jpg,NORMAL-016,val,NORMAL,normal,OD,.jpg,0.1794377863407135
NORMAL/16/OD/013_Normal.jpg,NORMAL-016,test,NORMAL,normal,OD,.jpg,0.23305031657218933
NORMAL/16/OD/015_Normal.jpg,NORMAL-016,val,NORMAL,normal,OD,.jpg,0.22353723645210266
NORMAL/16/OD/016_Normal.jpg,NORMAL-016,val,NORMAL,normal,OD,.jpg,0.18736252188682556
NORMAL/16/OD/017_Normal.jpg,NORMAL-016,test,NORMAL,normal,OD,.jpg,0.17424118518829346
NORMAL/16/OD/020_Normal.jpg,NORMAL-016,test,NORMAL,normal,OD,.jpg,0.13214653730392456
NORMAL/16/OD/021_Normal.jpg,NORMAL-016,val,NORMAL,normal,OD,.jpg,0.12719283998012543
NORMAL/16/OD/024_Normal.jpg,NORMAL-016,val,NORMAL,normal,OD,.jpg,0.15344779193401337
NORMAL/16/OD/026_Normal.jpg,NORMAL-016,val,NORMAL,normal,OD,.jpg,0.13907930254936218
NORMAL/16/OD/030_Normal.jpg,NORMAL-016,test,NORMAL,normal,OD,.jpg,0.15132370591163635
NORMAL/16/OS/000_Normal.jpg,NORMAL-016,test,NORMAL,normal,OS,.jpg,0.11832010746002197
NORMAL/16/OS/004_Normal.jpg,NORMAL-016,val,NORMAL,normal,OS,.jpg,0.1807727813720703
NORMAL/16/OS/009_Normal.jpg,NORMAL-016,val,NORMAL,normal,OS,.jpg,0.13832500576972961
NORMAL/16/OS/014_Normal.jpg,NORMAL-016,test,NORMAL,normal,OS,.jpg,0.20662721991539001
NORMAL/16/OS/017_Normal.jpg,NORMAL-016,test,NORMAL,normal,OS,.jpg,0.19758214056491852
NORMAL/16/OS/018_Normal.jpg,NORMAL-016,val,NORMAL,normal,OS,.jpg,0.174778550863266
NORMAL/16/OS/020_Normal.jpg,NORMAL-016,test,NORMAL,normal,OS,.jpg,0.12418176233768463
NORMAL/16/OS/021_Normal.jpg,NORMAL-016,val,NORMAL,normal,OS,.jpg,0.14535470306873322
NORMAL/16/OS/023_Normal.jpg,NORMAL-016,val,NORMAL,normal,OS,.jpg,0.1400012969970703
NORMAL/16/OS/026_Normal.jpg,NORMAL-016,test,NORMAL,normal,OS,.jpg,0.2085496187210083
NORMAL/16/OS/028_Normal.jpg,NORMAL-016,test,NORMAL,normal,OS,.jpg,0.24210241436958313
NORMAL/17/OD/001_normal.jpg,NORMAL-017,test,NORMAL,normal,OD,.jpg,0.14985348284244537
NORMAL/17/OD/018_normal.jpg,NORMAL-017,test,NORMAL,normal,OD,.jpg,0.1475272923707962
NORMAL/17/OD/027_normal.jpg,NORMAL-017,val,NORMAL,normal,OD,.jpg,0.07949043810367584
NORMAL/17/OS/000_normal.jpg,NORMAL-017,test,NORMAL,normal,OS,.jpg,0.14325854182243347
NORMAL/17/OS/007_normal.jpg,NORMAL-017,test,NORMAL,normal,OS,.jpg,0.16280785202980042
NORMAL/17/OS/011_normal.jpg,NORMAL-017,test,NORMAL,normal,OS,.jpg,0.17783677577972412
NORMAL/17/OS/014_normal.jpg,NORMAL-017,val,NORMAL,normal,OS,.jpg,0.16784392297267914
NORMAL/17/OS/015_normal.jpg,NORMAL-017,test,NORMAL,normal,OS,.jpg,0.183549165725708
NORMAL/17/OS/017_normal.jpg,NORMAL-017,val,NORMAL,normal,OS,.jpg,0.19441771507263184
NORMAL/17/OS/020_normal.jpg,NORMAL-017,test,NORMAL,normal,OS,.jpg,0.12569862604141235
NORMAL/17/OS/023_normal.jpg,NORMAL-017,val,NORMAL,normal,OS,.jpg,0.15011802315711975
NORMAL/17/OS/028_normal.jpg,NORMAL-017,test,NORMAL,normal,OS,.jpg,0.16062656044960022
NORMAL/17/OS/030_normal.jpg,NORMAL-017,val,NORMAL,normal,OS,.jpg,0.20164854824543
NORMAL/18/002_Normal.jpg,NORMAL-018,test,NORMAL,normal,OS,.jpg,0.15700465440750122
NORMAL/18/005_Normal.jpg,NORMAL-018,test,NORMAL,normal,OS,.jpg,0.1734391450881958
NORMAL/18/006_Normal.jpg,NORMAL-018,val,NORMAL,normal,OS,.jpg,0.12547460198402405
NORMAL/18/008_Normal.jpg,NORMAL-018,val,NORMAL,normal,OS,.jpg,0.1599653661251068
NORMAL/18/011_Normal.jpg,NORMAL-018,test,NORMAL,normal,OS,.jpg,0.14686435461044312
NORMAL/18/013_Normal.jpg,NORMAL-018,test,NORMAL,normal,OS,.jpg,0.12232401967048645
NORMAL/18/015_Normal.jpg,NORMAL-018,test,NORMAL,normal,OS,.jpg,0.20729690790176392
NORMAL/18/017_Normal.jpg,NORMAL-018,test,NORMAL,normal,OS,.jpg,0.13585934042930603
NORMAL/18/025_Normal.jpg,NORMAL-018,val,NORMAL,normal,OS,.jpg,0.17914509773254395
NORMAL/18/027_Normal.jpg,NORMAL-018,val,NORMAL,normal,OS,.jpg,0.15051931142807007
NORMAL/19/OD/000_Normal.jpg,NORMAL-019,test,NORMAL,normal,OD,.jpg,0.20940259099006653
NORMAL/19/OD/002_Normal.jpg,NORMAL-019,val,NORMAL,normal,OD,.jpg,0.17528295516967773
NORMAL/19/OD/005_Normal.jpg,NORMAL-019,test,NORMAL,normal,OD,.jpg,0.17067712545394897
NORMAL/19/OD/011_Normal.jpg,NORMAL-019,test,NORMAL,normal,OD,.jpg,0.17046085000038147
NORMAL/19/OD/012_Normal.jpg,NORMAL-019,val,NORMAL,normal,OD,.jpg,0.22556453943252563
NORMAL/19/OD/019_Normal.jpg,NORMAL-019,val,NORMAL,normal,OD,.jpg,0.20673608779907227
NORMAL/19/OD/025_Normal.jpg,NORMAL-019,val,NORMAL,normal,OD,.jpg,0.14304938912391663
NORMAL/19/OD/026_Normal.jpg,NORMAL-019,val,NORMAL,normal,OD,.jpg,0.1827615201473236
NORMAL/19/OD/030_Normal.jpg,NORMAL-019,test,NORMAL,normal,OD,.jpg,0.19907359778881073
NORMAL/19/OS/000_Normal.jpg,NORMAL-019,test,NORMAL,normal,OS,.jpg,0.16348007321357727
NORMAL/19/OS/001_Normal.jpg,NORMAL-019,test,NORMAL,normal,OS,.jpg,0.16744408011436462
NORMAL/19/OS/004_Normal.jpg,NORMAL-019,test,NORMAL,normal,OS,.jpg,0.15579542517662048
NORMAL/19/OS/012_Normal.jpg,NORMAL-019,val,NORMAL,normal,OS,.jpg,0.22211997210979462
NORMAL/19/OS/014_Normal.jpg,NORMAL-019,test,NORMAL,normal,OS,.jpg,0.26072216033935547
NORMAL/19/OS/018_Normal.jpg,NORMAL-019,val,NORMAL,normal,OS,.jpg,0.21866440773010254
NORMAL/19/OS/019_Normal.jpg,NORMAL-019,val,NORMAL,normal,OS,.jpg,0.16479749977588654
NORMAL/19/OS/021_Normal.jpg,NORMAL-019,val,NORMAL,normal,OS,.jpg,0.14534437656402588
NORMAL/19/OS/025_Normal.jpg,NORMAL-019,val,NORMAL,normal,OS,.jpg,0.17464351654052734
NORMAL/20/005_Normal.jpg,NORMAL-020,val,NORMAL,normal,OD,.jpg,0.13887158036231995
NORMAL/20/006_Normal.jpg,NORMAL-020,val,NORMAL,normal,OD,.jpg,0.13043519854545593
NORMAL/20/008_Normal.jpg,NORMAL-020,val,NORMAL,normal,OD,.jpg,0.1136581152677536
NORMAL/20/013_Normal.jpg,NORMAL-020,val,NORMAL,normal,OD,.jpg,0.17445099353790283
NORMAL/20/016_Normal.jpg,NORMAL-020,val,NORMAL,normal,OD,.jpg,0.26561933755874634
NORMAL/20/021_Normal.jpg,NORMAL-020,val,NORMAL,normal,OD,.jpg,0.1214148998260498
NORMAL/20/030_Normal.jpg,NORMAL-020,test,NORMAL,normal,OD,.jpg,0.13084378838539124
NORMAL/21/OD/001_Normal.tif,NORMAL-021,val,NORMAL,normal,OD,.tif,0.15275727212429047
NORMAL/21/OD/003_Normal.tif,NORMAL-021,test,NORMAL,normal,OD,.tif,0.15193119645118713
NORMAL/21/OD/009_Normal.tif,NORMAL-021,test,NORMAL,normal,OD,.tif,0.1170448586344719
NORMAL/21/OD/010_Normal.tif,NORMAL-021,val,NORMAL,normal,OD,.tif,0.1457602083683014
NORMAL/21/OD/013_Normal.tif,NORMAL-021,test,NORMAL,normal,OD,.tif,0.11650432646274567
NORMAL/21/OD/017_Normal.tif,NORMAL-021,test,NORMAL,normal,OD,.tif,0.14371371269226074
NORMAL/21/OD/018_Normal.tif,NORMAL-021,val,NORMAL,normal,OD,.tif,0.12848657369613647
NORMAL/21/OD/019_Normal.tif,NORMAL-021,val,NORMAL,normal,OD,.tif,0.1091223955154419
NORMAL/21/OD/021_Normal.tif,NORMAL-021,val,NORMAL,normal,OD,.tif,0.1016465499997139
NORMAL/21/OD/024_Normal.tif,NORMAL-021,test,NORMAL,normal,OD,.tif,0.10899536311626434
NORMAL/21/OD/027_Normal.tif,NORMAL-021,val,NORMAL,normal,OD,.tif,0.11586926132440567
NORMAL/21/OD/029_Normal.tif,NORMAL-021,test,NORMAL,normal,OD,.tif,0.14427340030670166
NORMAL/21/OD/030_Normal.tif,NORMAL-021,val,NORMAL,normal,OD,.tif,0.15765860676765442
NORMAL/21/OS/001_Normal.tif,NORMAL-021,val,NORMAL,normal,OS,.tif,0.14979740977287292
NORMAL/21/OS/007_Normal.tif,NORMAL-021,test,NORMAL,normal,OS,.tif,0.1491418480873108
NORMAL/21/OS/008_Normal.tif,NORMAL-021,val,NORMAL,normal,OS,.tif,0.14609679579734802
NORMAL/21/OS/009_Normal.tif,NORMAL-021,test,NORMAL,normal,OS,.tif,0.17291459441184998
NORMAL/21/OS/017_Normal.tif,NORMAL-021,val,NORMAL,normal,OS,.tif,0.16895560920238495
NORMAL/21/OS/018_Normal.tif,NORMAL-021,test,NORMAL,normal,OS,.tif,0.19817517697811127
NORMAL/21/OS/019_Normal.tif,NORMAL-021,val,NORMAL,normal,OS,.tif,0.16431757807731628
NORMAL/21/OS/022_Normal.tif,NORMAL-021,test,NORMAL,normal,OS,.tif,0.10997791588306427
NORMAL/21/OS/026_Normal.tif,NORMAL-021,val,NORMAL,normal,OS,.tif,0.17015185952186584
NORMAL/21/OS/027_Normal.tif,NORMAL-021,test,NORMAL,normal,OS,.tif,0.15829074382781982
NORMAL/22/002_Normal.tif,NORMAL-022,test,NORMAL,normal,OD,.tif,0.13658863306045532
NORMAL/22/004_Normal.tif,NORMAL-022,test,NORMAL,normal,OD,.tif,0.11215623468160629
NORMAL/22/005_Normal.tif,NORMAL-022,val,NORMAL,normal,OD,.tif,0.11190034449100494
NORMAL/22/008_Normal.tif,NORMAL-022,test,NORMAL,normal,OD,.tif,0.11208346486091614
NORMAL/22/012_Normal.tif,NORMAL-022,test,NORMAL,normal,OD,.tif,0.09265772253274918
NORMAL/22/013_Normal.tif,NORMAL-022,val,NORMAL,normal,OD,.tif,0.11753195524215698
NORMAL/22/017_Normal.tif,NORMAL-022,test,NORMAL,normal,OD,.tif,0.16386929154396057
NORMAL/22/026_Normal.tif,NORMAL-022,test,NORMAL,normal,OD,.tif,0.1308557540178299
NORMAL/22/028_Normal.tif,NORMAL-022,test,NORMAL,normal,OD,.tif,0.12835904955863953
NORMAL/22/030_Normal.tif,NORMAL-022,test,NORMAL,normal,OD,.tif,0.17826257646083832
NORMAL/23/000_Normal.jpg,NORMAL-023,test,NORMAL,normal,OD,.jpg,0.11204377561807632
NORMAL/23/004_Normal.jpg,NORMAL-023,test,NORMAL,normal,OD,.jpg,0.10511118918657303
NORMAL/23/014_Normal.jpg,NORMAL-023,test,NORMAL,normal,OD,.jpg,0.1562364548444748
NORMAL/23/016_Normal.jpg,NORMAL-023,test,NORMAL,normal,OD,.jpg,0.17396771907806396
NORMAL/23/019_Normal.jpg,NORMAL-023,val,NORMAL,normal,OD,.jpg,0.15093174576759338
NORMAL/23/026_Normal.jpg,NORMAL-023,test,NORMAL,normal,OD,.jpg,0.11294441670179367
NORMAL/24/003_Normal.jpg,NORMAL-024,val,NORMAL,normal,OD,.jpg,0.11385922878980637
NORMAL/24/006_Normal.jpg,NORMAL-024,val,NORMAL,normal,OD,.jpg,0.15633997321128845
NORMAL/24/007_Normal.jpg,NORMAL-024,val,NORMAL,normal,OD,.jpg,0.13079425692558289
NORMAL/24/008_Normal.jpg,NORMAL-024,test,NORMAL,normal,OD,.jpg,0.1404266655445099
NORMAL/24/017_Normal.jpg,NORMAL-024,val,NORMAL,normal,OD,.jpg,0.14226582646369934
NORMAL/24/018_Normal.jpg,NORMAL-024,val,NORMAL,normal,OD,.jpg,0.13451385498046875
NORMAL/24/021_Normal.jpg,NORMAL-024,test,NORMAL,normal,OD,.jpg,0.17201805114746094
NORMAL/24/025_Normal.jpg,NORMAL-024,val,NORMAL,normal,OD,.jpg,0.16326066851615906
NORMAL/24/029_Normal.jpg,NORMAL-024,val,NORMAL,normal,OD,.jpg,0.1366662234067917
NORMAL/25/OD/004_Normal.jpg,NORMAL-025,val,NORMAL,normal,OD,.jpg,0.17450827360153198
NORMAL/25/OD/007_Normal.jpg,NORMAL-025,val,NORMAL,normal,OD,.jpg,0.18404263257980347
NORMAL/25/OD/010_Normal.jpg,NORMAL-025,test,NORMAL,normal,OD,.jpg,0.13003036379814148
NORMAL/25/OD/011_Normal.jpg,NORMAL-025,val,NORMAL,normal,OD,.jpg,0.19578567147254944
NORMAL/25/OD/013_Normal.jpg,NORMAL-025,test,NORMAL,normal,OD,.jpg,0.18941520154476166
NORMAL/25/OD/019_Normal.jpg,NORMAL-025,test,NORMAL,normal,OD,.jpg,0.16098067164421082
NORMAL/25/OD/021_Normal.jpg,NORMAL-025,val,NORMAL,normal,OD,.jpg,0.16276049613952637
NORMAL/25/OD/026_Normal.jpg,NORMAL-025,val,NORMAL,normal,OD,.jpg,0.19578388333320618
NORMAL/25/OS/001_Normal.jpg,NORMAL-025,test,NORMAL,normal,OS,.jpg,0.22601953148841858
NORMAL/25/OS/002_Normal.jpg,NORMAL-025,test,NORMAL,normal,OS,.jpg,0.21793533861637115
NORMAL/25/OS/004_Normal.jpg,NORMAL-025,val,NORMAL,normal,OS,.jpg,0.22955222427845
NORMAL/25/OS/007_Normal.jpg,NORMAL-025,test,NORMAL,normal,OS,.jpg,0.120309978723526
NORMAL/25/OS/011_Normal.jpg,NORMAL-025,test,NORMAL,normal,OS,.jpg,0.12473419308662415
NORMAL/25/OS/018_Normal.jpg,NORMAL-025,val,NORMAL,normal,OS,.jpg,0.17557428777217865
NORMAL/25/OS/019_Normal.jpg,NORMAL-025,val,NORMAL,normal,OS,.jpg,0.18868669867515564
NORMAL/25/OS/021_Normal.jpg,NORMAL-025,val,NORMAL,normal,OS,.jpg,0.2346617579460144
NORMAL/25/OS/024_Normal.jpg,NORMAL-025,val,NORMAL,normal,OS,.jpg,0.19297529757022858
NORMAL/25/OS/027_Normal.jpg,NORMAL-025,val,NORMAL,normal,OS,.jpg,0.12137925624847412
NORMAL/26/OD/003_Normal.jpg,NORMAL-026,val,NORMAL,normal,OD,.jpg,0.12823046743869781
NORMAL/26/OD/007_Normal.jpg,NORMAL-026,test,NORMAL,normal,OD,.jpg,0.1302492618560791
NORMAL/26/OD/013_Normal.jpg,NORMAL-026,test,NORMAL,normal,OD,.jpg,0.10843735933303833
NORMAL/26/OD/015_Normal.jpg,NORMAL-026,test,NORMAL,normal,OD,.jpg,0.17952340841293335
NORMAL/26/OD/016_Normal.jpg,NORMAL-026,test,NORMAL,normal,OD,.jpg,0.14608407020568848
NORMAL/26/OD/018_Normal.jpg,NORMAL-026,val,NORMAL,normal,OD,.jpg,0.13473094999790192
NORMAL/26/OD/023_Normal.jpg,NORMAL-026,val,NORMAL,normal,OD,.jpg,0.11873229593038559
NORMAL/26/OD/026_Normal.jpg,NORMAL-026,val,NORMAL,normal,OD,.jpg,0.15926387906074524
NORMAL/26/OD/027_Normal.jpg,NORMAL-026,test,NORMAL,normal,OD,.jpg,0.16590720415115356
NORMAL/26/OD/028_Normal.jpg,NORMAL-026,test,NORMAL,normal,OD,.jpg,0.1439526230096817
NORMAL/26/OS/000_Normal.jpg,NORMAL-026,val,NORMAL,normal,OS,.jpg,0.1314111053943634
NORMAL/26/OS/003_Normal.jpg,NORMAL-026,test,NORMAL,normal,OS,.jpg,0.15549007058143616
NORMAL/26/OS/005_Normal.jpg,NORMAL-026,val,NORMAL,normal,OS,.jpg,0.16417917609214783
NORMAL/26/OS/013_Normal.jpg,NORMAL-026,val,NORMAL,normal,OS,.jpg,0.12688866257667542
NORMAL/26/OS/017_Normal.jpg,NORMAL-026,test,NORMAL,normal,OS,.jpg,0.1621243953704834
NORMAL/26/OS/019_Normal.jpg,NORMAL-026,val,NORMAL,normal,OS,.jpg,0.14435076713562012
NORMAL/26/OS/022_Normal.jpg,NORMAL-026,test,NORMAL,normal,OS,.jpg,0.12808926403522491
NORMAL/27/001_Normal.jpg,NORMAL-027,test,NORMAL,normal,OS,.jpg,0.17600567638874054
NORMAL/27/004_Normal.jpg,NORMAL-027,test,NORMAL,normal,OS,.jpg,0.10592037439346313
NORMAL/27/005_Normal.jpg,NORMAL-027,test,NORMAL,normal,OS,.jpg,0.10964207351207733
NORMAL/27/006_Normal.jpg,NORMAL-027,val,NORMAL,normal,OS,.jpg,0.11891339719295502
NORMAL/27/012_Normal.jpg,NORMAL-027,test,NORMAL,normal,OS,.jpg,0.25129351019859314
NORMAL/27/014_Normal.jpg,NORMAL-027,val,NORMAL,normal,OS,.jpg,0.2761416435241699
NORMAL/27/017_Normal.jpg,NORMAL-027,test,NORMAL,normal,OS,.jpg,0.15755213797092438
NORMAL/27/021_Normal.jpg,NORMAL-027,test,NORMAL,normal,OS,.jpg,0.1542627215385437
NORMAL/27/024_Normal.jpg,NORMAL-027,test,NORMAL,normal,OS,.jpg,0.13215523958206177
NORMAL/27/025_Normal.jpg,NORMAL-027,test,NORMAL,normal,OS,.jpg,0.14446234703063965
NORMAL/27/030_Normal.jpg,NORMAL-027,test,NORMAL,normal,OS,.jpg,0.13389942049980164
NORMAL/28/OD/000_Normal.tif,NORMAL-028,test,NORMAL,normal,OD,.tif,0.1472921371459961
NORMAL/28/OD/016_Normal.tif,NORMAL-028,test,NORMAL,normal,OD,.tif,0.18443158268928528
NORMAL/28/OD/022_Normal.tif,NORMAL-028,test,NORMAL,normal,OD,.tif,0.09606558084487915
NORMAL/28/OD/026_Normal.tif,NORMAL-028,val,NORMAL,normal,OD,.tif,0.14937694370746613
NORMAL/28/OD/028_Normal.tif,NORMAL-028,test,NORMAL,normal,OD,.tif,0.13492751121520996
NORMAL/28/OD/029_Normal.tif,NORMAL-028,val,NORMAL,normal,OD,.tif,0.13530084490776062
NORMAL/28/OS/002_Normal.tif,NORMAL-028,val,NORMAL,normal,OS,.tif,0.12015208601951599
NORMAL/28/OS/004_Normal.tif,NORMAL-028,test,NORMAL,normal,OS,.tif,0.12860262393951416
NORMAL/28/OS/005_Normal.tif,NORMAL-028,val,NORMAL,normal,OS,.tif,0.14989130198955536
NORMAL/28/OS/006_Normal.tif,NORMAL-028,test,NORMAL,normal,OS,.tif,0.14357668161392212
NORMAL/28/OS/008_Normal.tif,NORMAL-028,test,NORMAL,normal,OS,.tif,0.18295376002788544
NORMAL/28/OS/010_Normal.tif,NORMAL-028,test,NORMAL,normal,OS,.tif,0.15986230969429016
NORMAL/28/OS/011_Normal.tif,NORMAL-028,val,NORMAL,normal,OS,.tif,0.19155991077423096
NORMAL/28/OS/020_Normal.tif,NORMAL-028,test,NORMAL,normal,OS,.tif,0.12197718024253845
NORMAL/28/OS/021_Normal.tif,NORMAL-028,val,NORMAL,normal,OS,.tif,0.10574649274349213
NORMAL/29/000_Normal.jpg,NORMAL-029,val,NORMAL,normal,OS,.jpg,0.14108720421791077
NORMAL/29/001_Normal.jpg,NORMAL-029,val,NORMAL,normal,OS,.jpg,0.11691451072692871
NORMAL/29/002_Normal.jpg,NORMAL-029,val,NORMAL,normal,OS,.jpg,0.12396891415119171
NORMAL/29/004_Normal.jpg,NORMAL-029,val,NORMAL,normal,OS,.jpg,0.11455691605806351
NORMAL/29/005_Normal.jpg,NORMAL-029,val,NORMAL,normal,OS,.jpg,0.14450594782829285
NORMAL/29/007_Normal.jpg,NORMAL-029,val,NORMAL,normal,OS,.jpg,0.11214850097894669
NORMAL/29/021_Normal.jpg,NORMAL-029,val,NORMAL,normal,OS,.jpg,0.1027955636382103
NORMAL/29/028_Normal.jpg,NORMAL-029,test,NORMAL,normal,OS,.jpg,0.1392918974161148
NORMAL/29/029_Normal.jpg,NORMAL-029,val,NORMAL,normal,OS,.jpg,0.17788109183311462
NORMAL/30/001_Normal.tif,NORMAL-030,val,NORMAL,normal,OS,.tif,0.13957121968269348
NORMAL/30/003_Normal.tif,NORMAL-030,test,NORMAL,normal,OS,.tif,0.12035276740789413
NORMAL/30/005_Normal.tif,NORMAL-030,test,NORMAL,normal,OS,.tif,0.16469234228134155
NORMAL/30/014_Normal.tif,NORMAL-030,val,NORMAL,normal,OS,.tif,0.1487037092447281
NORMAL/30/020_Normal.tif,NORMAL-030,test,NORMAL,normal,OS,.tif,0.17887650430202484
NORMAL/30/022_Normal.tif,NORMAL-030,val,NORMAL,normal,OS,.tif,0.22867657244205475
NORMAL/30/023_Normal.tif,NORMAL-030,val,NORMAL,normal,OS,.tif,0.18125402927398682
NORMAL/30/024_Normal.tif,NORMAL-030,val,NORMAL,normal,OS,.tif,0.16743451356887817
NORMAL/30/025_Normal.tif,NORMAL-030,test,NORMAL,normal,OS,.tif,0.16681824624538422
NORMAL/31/000_Normal.tif,NORMAL-031,test,NORMAL,normal,OD,.tif,0.1871974766254425
NORMAL/31/002_Normal.tif,NORMAL-031,test,NORMAL,normal,OD,.tif,0.1840139478445053
NORMAL/31/004_Normal.tif,NORMAL-031,test,NORMAL,normal,OD,.tif,0.21662858128547668
NORMAL/31/006_Normal.tif,NORMAL-031,test,NORMAL,normal,OD,.tif,0.1969825029373169
NORMAL/31/010_Normal.tif,NORMAL-031,val,NORMAL,normal,OD,.tif,0.14559829235076904
NORMAL/31/016_Normal.tif,NORMAL-031,test,NORMAL,normal,OD,.tif,0.17266333103179932
NORMAL/31/017_Normal.tif,NORMAL-031,test,NORMAL,normal,OD,.tif,0.15824176371097565
NORMAL/31/021_Normal.tif,NORMAL-031,val,NORMAL,normal,OD,.tif,0.24244023859500885
NORMAL/32/OD/000_Normal.jpg,NORMAL-032,test,NORMAL,normal,OD,.jpg,0.16498681902885437
NORMAL/32/OD/002_Normal.jpg,NORMAL-032,test,NORMAL,normal,OD,.jpg,0.1404765546321869
NORMAL/32/OD/012_Normal.jpg,NORMAL-032,test,NORMAL,normal,OD,.jpg,0.27781128883361816
NORMAL/32/OD/015_Normal.jpg,NORMAL-032,val,NORMAL,normal,OD,.jpg,0.21984586119651794
NORMAL/32/OD/016_Normal.jpg,NORMAL-032,val,NORMAL,normal,OD,.jpg,0.23292981088161469
NORMAL/32/OD/017_Normal.jpg,NORMAL-032,val,NORMAL,normal,OD,.jpg,0.18780919909477234
NORMAL/32/OD/018_Normal.jpg,NORMAL-032,val,NORMAL,normal,OD,.jpg,0.13781757652759552
NORMAL/32/OD/024_Normal.jpg,NORMAL-032,val,NORMAL,normal,OD,.jpg,0.19728010892868042
NORMAL/32/OS/009_Normal.jpg,NORMAL-032,val,NORMAL,normal,OS,.jpg,0.150415301322937
NORMAL/32/OS/014_Normal.jpg,NORMAL-032,test,NORMAL,normal,OS,.jpg,0.17789477109909058
NORMAL/32/OS/015_Normal.jpg,NORMAL-032,test,NORMAL,normal,OS,.jpg,0.19181415438652039
NORMAL/32/OS/020_Normal.jpg,NORMAL-032,val,NORMAL,normal,OS,.jpg,0.19444938004016876
NORMAL/32/OS/021_Normal.jpg,NORMAL-032,val,NORMAL,normal,OS,.jpg,0.15256726741790771
NORMAL/33/016_Normal.jpg,NORMAL-033,val,NORMAL,normal,OD,.jpg,0.32639071345329285
NORMAL/33/021_Normal.jpg,NORMAL-033,val,NORMAL,normal,OD,.jpg,0.1515301913022995
NORMAL/33/022_Normal.jpg,NORMAL-033,val,NORMAL,normal,OD,.jpg,0.1515103280544281
NORMAL/33/024_Normal.jpg,NORMAL-033,val,NORMAL,normal,OD,.jpg,0.11338528990745544
NORMAL/33/026_Normal.jpg,NORMAL-033,test,NORMAL,normal,OD,.jpg,0.14532481133937836
NORMAL/33/028_Normal.jpg,NORMAL-033,test,NORMAL,normal,OD,.jpg,0.17816954851150513
NORMAL/33/030_Normal.jpg,NORMAL-033,val,NORMAL,normal,OD,.jpg,0.13513225317001343
NORMAL/34/008_Normal.tif,NORMAL-034,val,NORMAL,normal,OD,.tif,0.16257405281066895
NORMAL/34/010_Normal.tif,NORMAL-034,test,NORMAL,normal,OD,.tif,0.11502262949943542
NORMAL/34/011_Normal.tif,NORMAL-034,val,NORMAL,normal,OD,.tif,0.13391534984111786
NORMAL/34/012_Drusen.tif,NORMAL-034,val,NORMAL,drusen,OD,.tif,0.16383953392505646
NORMAL/34/016_Drusen.tif,NORMAL-034,val,NORMAL,drusen,OD,.tif,0.16903437674045563
NORMAL/34/017_Drusen.tif,NORMAL-034,val,NORMAL,drusen,OD,.tif,0.15445232391357422
NORMAL/34/019_Drusen.tif,NORMAL-034,test,NORMAL,drusen,OD,.tif,0.16630280017852783
NORMAL/34/021_Drusen.tif,NORMAL-034,val,NORMAL,drusen,OD,.tif,0.1581820398569107
NORMAL/34/024_Drusen.tif,NORMAL-034,test,NORMAL,drusen,OD,.tif,0.1414054036140442
NORMAL/34/026_Drusen.tif,NORMAL-034,test,NORMAL,drusen,OD,.tif,0.18721915781497955
NORMAL/34/027_Drusen.tif,NORMAL-034,val,NORMAL,drusen,OD,.tif,0.17301426827907562
NORMAL/35/OD/001_Normal.jpg,NORMAL-035,val,NORMAL,normal,OD,.jpg,0.12149640172719955
NORMAL/35/OD/002_Normal.jpg,NORMAL-035,val,NORMAL,normal,OD,.jpg,0.13854444026947021
NORMAL/35/OD/003_Normal.jpg,NORMAL-035,val,NORMAL,normal,OD,.jpg,0.11643078923225403
NORMAL/35/OD/004_Normal.jpg,NORMAL-035,test,NORMAL,normal,OD,.jpg,0.12517322599887848
NORMAL/35/OD/006_Normal.jpg,NORMAL-035,test,NORMAL,normal,OD,.jpg,0.12589487433433533
NORMAL/35/OD/010_Normal.jpg,NORMAL-035,val,NORMAL,normal,OD,.jpg,0.14495472609996796
NORMAL/35/OD/012_Normal.jpg,NORMAL-035,test,NORMAL,normal,OD,.jpg,0.17287054657936096
NORMAL/35/OD/016_Normal.jpg,NORMAL-035,val,NORMAL,normal,OD,.jpg,0.23422552645206451
NORMAL/35/OD/020_Normal.jpg,NORMAL-035,test,NORMAL,normal,OD,.jpg,0.18333978950977325
NORMAL/35/OD/021_Normal.jpg,NORMAL-035,val,NORMAL,normal,OD,.jpg,0.14028942584991455
NORMAL/35/OD/024_Normal.jpg,NORMAL-035,val,NORMAL,normal,OD,.jpg,0.16844886541366577
NORMAL/35/OD/025_Normal.jpg,NORMAL-035,test,NORMAL,normal,OD,.jpg,0.14543604850769043
NORMAL/35/OD/027_Normal.jpg,NORMAL-035,test,NORMAL,normal,OD,.jpg,0.16341723501682281
NORMAL/35/OD/029_Normal.jpg,NORMAL-035,test,NORMAL,normal,OD,.jpg,0.15052077174186707
NORMAL/35/OD/030_Normal.jpg,NORMAL-035,val,NORMAL,normal,OD,.jpg,0.1602749079465866
NORMAL/35/OS/002_Normal.jpg,NORMAL-035,val,NORMAL,normal,OS,.jpg,0.14486221969127655
NORMAL/35/OS/004_Normal.jpg,NORMAL-035,val,NORMAL,normal,OS,.jpg,0.16982872784137726
NORMAL/35/OS/005_Normal.jpg,NORMAL-035,test,NORMAL,normal,OS,.jpg,0.16820907592773438
NORMAL/35/OS/009_Normal.jpg,NORMAL-035,val,NORMAL,normal,OS,.jpg,0.11991468071937561
NORMAL/35/OS/011_Normal.jpg,NORMAL-035,test,NORMAL,normal,OS,.jpg,0.1113852858543396
NORMAL/35/OS/013_Normal.jpg,NORMAL-035,test,NORMAL,normal,OS,.jpg,0.1374438852071762
NORMAL/35/OS/014_Normal.jpg,NORMAL-035,test,NORMAL,normal,OS,.jpg,0.17303332686424255
NORMAL/35/OS/016_Normal.jpg,NORMAL-035,test,NORMAL,normal,OS,.jpg,0.2170776128768921
NORMAL/35/OS/018_Normal.jpg,NORMAL-035,test,NORMAL,normal,OS,.jpg,0.19087429344654083
NORMAL/35/OS/020_Normal.jpg,NORMAL-035,val,NORMAL,normal,OS,.jpg,0.2628072500228882
NORMAL/35/OS/022_Normal.jpg,NORMAL-035,test,NORMAL,normal,OS,.jpg,0.13824649155139923
NORMAL/35/OS/025_Normal.jpg,NORMAL-035,test,NORMAL,normal,OS,.jpg,0.08262106776237488
NORMAL/35/OS/026_Normal.jpg,NORMAL-035,val,NORMAL,normal,OS,.jpg,0.1706249862909317
NORMAL/35/OS/027_Normal.jpg,NORMAL-035,test,NORMAL,normal,OS,.jpg,0.26205694675445557
NORMAL/35/OS/028_Normal.jpg,NORMAL-035,test,NORMAL,normal,OS,.jpg,0.1541041135787964
NORMAL/35/OS/030_Normal.jpg,NORMAL-035,val,NORMAL,normal,OS,.jpg,0.19813945889472961
NORMAL/36/002_Normal.jpg,NORMAL-036,test,NORMAL,normal,OS,.jpg,0.17254404723644257
NORMAL/36/009_Normal.jpg,NORMAL-036,test,NORMAL,normal,OS,.jpg,0.15070535242557526
NORMAL/36/013_Normal.jpg,NORMAL-036,test,NORMAL,normal,OS,.jpg,0.14535963535308838
NORMAL/36/014_Normal.jpg,NORMAL-036,test,NORMAL,normal,OS,.jpg,0.16363611817359924
NORMAL/36/018_Normal.jpg,NORMAL-036,val,NORMAL,normal,OS,.jpg,0.09044323116540909
NORMAL/36/020_Normal.jpg,NORMAL-036,test,NORMAL,normal,OS,.jpg,0.1152229905128479
NORMAL/36/021_Normal.jpg,NORMAL-036,val,NORMAL,normal,OS,.jpg,0.15598759055137634
NORMAL/37/OD/003_Normal.jpg,NORMAL-037,val,NORMAL,normal,OD,.jpg,0.1588100790977478
NORMAL/37/OD/007_Normal.jpg,NORMAL-037,val,NORMAL,normal,OD,.jpg,0.08873507380485535
NORMAL/37/OD/009_Normal.jpg,NORMAL-037,test,NORMAL,normal,OD,.jpg,0.10465189069509506
NORMAL/37/OD/012_Normal.jpg,NORMAL-037,val,NORMAL,normal,OD,.jpg,0.13700199127197266
NORMAL/37/OD/014_Normal.jpg,NORMAL-037,test,NORMAL,normal,OD,.jpg,0.1694021224975586
NORMAL/37/OD/016_Normal.jpg,NORMAL-037,test,NORMAL,normal,OD,.jpg,0.1527077853679657
NORMAL/37/OD/018_Normal.jpg,NORMAL-037,val,NORMAL,normal,OD,.jpg,0.13179618120193481
NORMAL/37/OD/019_Normal.jpg,NORMAL-037,test,NORMAL,normal,OD,.jpg,0.15580961108207703
NORMAL/37/OD/022_Normal.jpg,NORMAL-037,val,NORMAL,normal,OD,.jpg,0.08126690983772278
NORMAL/37/OD/023_Normal.jpg,NORMAL-037,test,NORMAL,normal,OD,.jpg,0.09925638884305954
NORMAL/37/OD/024_Normal.jpg,NORMAL-037,test,NORMAL,normal,OD,.jpg,0.12953735888004303
NORMAL/37/OS/002_Normal.jpg,NORMAL-037,val,NORMAL,normal,OS,.jpg,0.15604236721992493
NORMAL/37/OS/011_Normal.jpg,NORMAL-037,test,NORMAL,normal,OS,.jpg,0.14930619299411774
NORMAL/37/OS/018_Normal.jpg,NORMAL-037,test,NORMAL,normal,OS,.jpg,0.1349416971206665
NORMAL/37/OS/020_Normal.jpg,NORMAL-037,test,NORMAL,normal,OS,.jpg,0.1223561093211174
NORMAL/37/OS/023_Normal.jpg,NORMAL-037,test,NORMAL,normal,OS,.jpg,0.08595927059650421
NORMAL/38/000_Normal.jpg,NORMAL-038,test,NORMAL,normal,OD,.jpg,0.19327709078788757
NORMAL/38/002_Normal.jpg,NORMAL-038,val,NORMAL,normal,OD,.jpg,0.18256616592407227
NORMAL/38/003_Normal.jpg,NORMAL-038,test,NORMAL,normal,OD,.jpg,0.1745370328426361
NORMAL/38/005_Normal.jpg,NORMAL-038,test,NORMAL,normal,OD,.jpg,0.15965022146701813
NORMAL/38/007_Normal.jpg,NORMAL-038,val,NORMAL,normal,OD,.jpg,0.17453457415103912
NORMAL/38/010_Normal.jpg,NORMAL-038,test,NORMAL,normal,OD,.jpg,0.17319920659065247
NORMAL/38/014_Normal.jpg,NORMAL-038,val,NORMAL,normal,OD,.jpg,0.21378709375858307
NORMAL/38/018_Normal.jpg,NORMAL-038,val,NORMAL,normal,OD,.jpg,0.17457684874534607
NORMAL/38/028_Normal.jpg,NORMAL-038,val,NORMAL,normal,OD,.jpg,0.17524570226669312
NORMAL/39/OD/009_Normal.jpg,NORMAL-039,test,NORMAL,normal,OD,.jpg,0.24265839159488678
NORMAL/39/OD/010_Normal.jpg,NORMAL-039,val,NORMAL,normal,OD,.jpg,0.2186141014099121
NORMAL/39/OD/021_Normal.jpg,NORMAL-039,val,NORMAL,normal,OD,.jpg,0.2082209289073944
NORMAL/39/OD/024_Normal.jpg,NORMAL-039,val,NORMAL,normal,OD,.jpg,0.23052361607551575
NORMAL/39/OD/029_Normal.jpg,NORMAL-039,val,NORMAL,normal,OD,.jpg,0.18024849891662598
NORMAL/39/OS/001_Normal.jpg,NORMAL-039,test,NORMAL,normal,OS,.jpg,0.2358398735523224
NORMAL/39/OS/003_Normal.jpg,NORMAL-039,test,NORMAL,normal,OS,.jpg,0.17731237411499023
NORMAL/39/OS/004_Normal.jpg,NORMAL-039,test,NORMAL,normal,OS,.jpg,0.21937166154384613
NORMAL/39/OS/006_Normal.jpg,NORMAL-039,test,NORMAL,normal,OS,.jpg,0.2115587741136551
NORMAL/39/OS/008_Normal.jpg,NORMAL-039,val,NORMAL,normal,OS,.jpg,0.25812870264053345
NORMAL/39/OS/009_Normal.jpg,NORMAL-039,val,NORMAL,normal,OS,.jpg,0.2445262223482132
NORMAL/39/OS/010_Normal.jpg,NORMAL-039,val,NORMAL,normal,OS,.jpg,0.2867777943611145
NORMAL/39/OS/011_Normal.jpg,NORMAL-039,test,NORMAL,normal,OS,.jpg,0.2775556445121765
NORMAL/39/OS/015_Normal.jpg,NORMAL-039,test,NORMAL,normal,OS,.jpg,0.31689661741256714
NORMAL/39/OS/020_Normal.jpg,NORMAL-039,test,NORMAL,normal,OS,.jpg,0.31507980823516846
NORMAL/39/OS/022_Normal.jpg,NORMAL-039,test,NORMAL,normal,OS,.jpg,0.3019990921020508
NORMAL/39/OS/023_Normal.jpg,NORMAL-039,val,NORMAL,normal,OS,.jpg,0.2904163599014282
NORMAL/39/OS/024_Normal.jpg,NORMAL-039,test,NORMAL,normal,OS,.jpg,0.277319073677063
NORMAL/39/OS/025_Normal.jpg,NORMAL-039,test,NORMAL,normal,OS,.jpg,0.3066655099391937
NORMAL/40/OD/002_Normal.tif,NORMAL-040,val,NORMAL,normal,OD,.tif,0.13617904484272003
NORMAL/40/OD/006_Normal.tif,NORMAL-040,val,NORMAL,normal,OD,.tif,0.15635564923286438
NORMAL/40/OD/013_Normal.tif,NORMAL-040,test,NORMAL,normal,OD,.tif,0.21361172199249268
NORMAL/40/OD/025_Normal.tif,NORMAL-040,val,NORMAL,normal,OD,.tif,0.1736421138048172
NORMAL/40/OD/028_Normal.tif,NORMAL-040,val,NORMAL,normal,OD,.tif,0.13799914717674255
NORMAL/40/OS/002_Normal.tif,NORMAL-040,test,NORMAL,normal,OS,.tif,0.14105169475078583
NORMAL/40/OS/004_Normal.tif,NORMAL-040,val,NORMAL,normal,OS,.tif,0.1677321493625641
NORMAL/40/OS/007_Normal.tif,NORMAL-040,val,NORMAL,normal,OS,.tif,0.19473430514335632
NORMAL/40/OS/009_Normal.tif,NORMAL-040,test,NORMAL,normal,OS,.tif,0.16712833940982819
NORMAL/40/OS/012_Normal.tif,NORMAL-040,test,NORMAL,normal,OS,.tif,0.2422778606414795
NORMAL/40/OS/014_Normal.tif,NORMAL-040,val,NORMAL,normal,OS,.tif,0.21371102333068848
NORMAL/40/OS/016_Normal.tif,NORMAL-040,val,NORMAL,normal,OS,.tif,0.2263796031475067
NORMAL/40/OS/017_Normal.tif,NORMAL-040,test,NORMAL,normal,OS,.tif,0.2200728952884674
NORMAL/40/OS/021_Normal.tif,NORMAL-040,val,NORMAL,normal,OS,.tif,0.19791698455810547
NORMAL/40/OS/022_Normal.tif,NORMAL-040,test,NORMAL,normal,OS,.tif,0.13818423449993134
NORMAL/40/OS/024_Normal.tif,NORMAL-040,val,NORMAL,normal,OS,.tif,0.217828631401062
NORMAL/41/000_Normal.tif,NORMAL-041,test,NORMAL,normal,OD,.tif,0.166833758354187
NORMAL/41/003_Normal.tif,NORMAL-041,test,NORMAL,normal,OD,.tif,0.0912676751613617
NORMAL/41/005_Normal.tif,NORMAL-041,val,NORMAL,normal,OD,.tif,0.1388273686170578
NORMAL/41/007_Normal.tif,NORMAL-041,val,NORMAL,normal,OD,.tif,0.09774235635995865
NORMAL/41/008_Normal.tif,NORMAL-041,val,NORMAL,normal,OD,.tif,0.09594371914863586
NORMAL/41/011_Normal.tif,NORMAL-041,test,NORMAL,normal,OD,.tif,0.10724497586488724
NORMAL/41/012_Normal.tif,NORMAL-041,test,NORMAL,normal,OD,.tif,0.11314601451158524
NORMAL/41/014_Normal.tif,NORMAL-041,val,NORMAL,normal,OD,.tif,0.1327439248561859
NORMAL/41/017_Normal.tif,NORMAL-041,test,NORMAL,normal,OD,.tif,0.13143250346183777
NORMAL/41/021_Normal.tif,NORMAL-041,val,NORMAL,normal,OD,.tif,0.1160820871591568
NORMAL/41/022_Normal.tif,NORMAL-041,val,NORMAL,normal,OD,.tif,0.11731370538473129
NORMAL/41/024_Normal.tif,NORMAL-041,val,NORMAL,normal,OD,.tif,0.15198326110839844
NORMAL/41/027_Normal.tif,NORMAL-041,val,NORMAL,normal,OD,.tif,0.1402604728937149
NORMAL/42/003_Normal.tif,NORMAL-042,test,NORMAL,normal,OD,.tif,0.09778286516666412
NORMAL/42/006_Normal.tif,NORMAL-042,test,NORMAL,normal,OD,.tif,0.1364140808582306
NORMAL/42/008_Normal.tif,NORMAL-042,test,NORMAL,normal,OD,.tif,0.15082979202270508
NORMAL/42/016_Normal.tif,NORMAL-042,val,NORMAL,normal,OD,.tif,0.15879914164543152
NORMAL/42/023_Normal.tif,NORMAL-042,test,NORMAL,normal,OD,.tif,0.14301657676696777
NORMAL/42/027_Normal.tif,NORMAL-042,val,NORMAL,normal,OD,.tif,0.16923756897449493
NORMAL/42/028_Normal.tif,NORMAL-042,val,NORMAL,normal,OD,.tif,0.14256617426872253
NORMAL/42/030_Normal.tif,NORMAL-042,test,NORMAL,normal,OD,.tif,0.14353851974010468
NORMAL/43/000_Normal.tif,NORMAL-043,val,NORMAL,normal,OD,.tif,0.25640183687210083
NORMAL/43/001_Normal.tif,NORMAL-043,val,NORMAL,normal,OD,.tif,0.266929566860199
NORMAL/43/007_Normal.tif,NORMAL-043,val,NORMAL,normal,OD,.tif,0.18593430519104004
NORMAL/43/011_Normal.tif,NORMAL-043,test,NORMAL,normal,OD,.tif,0.2559874653816223
NORMAL/43/014_Normal.tif,NORMAL-043,test,NORMAL,normal,OD,.tif,0.17510589957237244
NORMAL/43/015_Normal.tif,NORMAL-043,test,NORMAL,normal,OD,.tif,0.21944975852966309
NORMAL/43/016_Normal.tif,NORMAL-043,test,NORMAL,normal,OD,.tif,0.18342649936676025
NORMAL/43/021_Normal.tif,NORMAL-043,val,NORMAL,normal,OD,.tif,0.1519099473953247
NORMAL/43/022_Normal.tif,NORMAL-043,val,NORMAL,normal,OD,.tif,0.12184689939022064
NORMAL/43/025_Normal.tif,NORMAL-043,test,NORMAL,normal,OD,.tif,0.13571836054325104
NORMAL/43/027_Normal.tif,NORMAL-043,val,NORMAL,normal,OD,.tif,0.1288975328207016
NORMAL/44/006_NOrmal.tif,NORMAL-044,test,NORMAL,normal,OS,.tif,0.1540381908416748
NORMAL/44/011_Drusen.tif,NORMAL-044,val,NORMAL,drusen,OS,.tif,0.160407155752182
NORMAL/44/014_NOrmal.tif,NORMAL-044,val,NORMAL,normal,OS,.tif,0.1651277393102646
NORMAL/44/015_NOrmal.tif,NORMAL-044,test,NORMAL,normal,OS,.tif,0.2249642312526703
NORMAL/44/020_NOrmal.tif,NORMAL-044,test,NORMAL,normal,OS,.tif,0.11831249296665192
NORMAL/44/024_NOrmal.tif,NORMAL-044,test,NORMAL,normal,OS,.tif,0.13040144741535187
NORMAL/44/025_NOrmal.tif,NORMAL-044,test,NORMAL,normal,OS,.tif,0.1504666805267334
NORMAL/45/002_Normal.tif,NORMAL-045,test,NORMAL,normal,OD,.tif,0.1079750508069992
NORMAL/45/004_Normal.tif,NORMAL-045,test,NORMAL,normal,OD,.tif,0.11421893537044525
NORMAL/45/006_Normal.tif,NORMAL-045,val,NORMAL,normal,OD,.tif,0.0888701006770134
NORMAL/45/007_Normal.tif,NORMAL-045,val,NORMAL,normal,OD,.tif,0.08891578018665314
NORMAL/45/008_Normal.tif,NORMAL-045,test,NORMAL,normal,OD,.tif,0.08946220576763153
NORMAL/45/019_Normal.tif,NORMAL-045,test,NORMAL,normal,OD,.tif,0.17207998037338257
NORMAL/45/022_Normal.tif,NORMAL-045,test,NORMAL,normal,OD,.tif,0.1103980541229248
NORMAL/45/023_Normal.tif,NORMAL-045,val,NORMAL,normal,OD,.tif,0.15559199452400208
NORMAL/45/026_Normal.tif,NORMAL-045,val,NORMAL,normal,OD,.tif,0.12373599410057068
NORMAL/45/029_Normal.tif,NORMAL-045,val,NORMAL,normal,OD,.tif,0.1270049661397934
NORMAL/46/009_Normal.tif,NORMAL-046,test,NORMAL,normal,OD,.tif,0.1234624832868576
NORMAL/46/013_Normal.tif,NORMAL-046,val,NORMAL,normal,OD,.tif,0.16889458894729614
NORMAL/46/021_Normal.tif,NORMAL-046,val,NORMAL,normal,OD,.tif,0.14246147871017456
NORMAL/46/023_Normal.tif,NORMAL-046,test,NORMAL,normal,OD,.tif,0.12863962352275848
NORMAL/47/OD/003_Normal.tif,NORMAL-047,test,NORMAL,normal,OD,.tif,0.21262535452842712
NORMAL/47/OD/006_Normal.tif,NORMAL-047,val,NORMAL,normal,OD,.tif,0.16320142149925232
NORMAL/47/OD/008_Normal.tif,NORMAL-047,val,NORMAL,normal,OD,.tif,0.15948434174060822
NORMAL/47/OD/016_Normal.tif,NORMAL-047,val,NORMAL,normal,OD,.tif,0.21819621324539185
NORMAL/47/OD/020_Normal.tif,NORMAL-047,val,NORMAL,normal,OD,.tif,0.21517369151115417
NORMAL/47/OD/021_Normal.tif,NORMAL-047,val,NORMAL,normal,OD,.tif,0.19337931275367737
NORMAL/47/OS/000_Normal.tif,NORMAL-047,test,NORMAL,normal,OS,.tif,0.2147403061389923
NORMAL/47/OS/003_Normal.tif,NORMAL-047,val,NORMAL,normal,OS,.tif,0.28111207485198975
NORMAL/47/OS/008_Normal.tif,NORMAL-047,val,NORMAL,normal,OS,.tif,0.13206855952739716
NORMAL/47/OS/011_Normal.tif,NORMAL-047,test,NORMAL,normal,OS,.tif,0.1517637073993683
NORMAL/47/OS/015_Normal.tif,NORMAL-047,val,NORMAL,normal,OS,.tif,0.24230137467384338
NORMAL/47/OS/020_Normal.tif,NORMAL-047,val,NORMAL,normal,OS,.tif,0.17830197513103485
NORMAL/47/OS/027_Normal.tif,NORMAL-047,val,NORMAL,normal,OS,.tif,0.13062700629234314
NORMAL/48/000_Normal.tif,NORMAL-048,test,NORMAL,normal,OS,.tif,0.17775313556194305
NORMAL/48/004_Normal.tif,NORMAL-048,test,NORMAL,normal,OS,.tif,0.10478556156158447
NORMAL/48/009_Normal.tif,NORMAL-048,val,NORMAL,normal,OS,.tif,0.11944115161895752
NORMAL/48/012_Normal.tif,NORMAL-048,val,NORMAL,normal,OS,.tif,0.09883889555931091
NORMAL/48/014_Normal.tif,NORMAL-048,test,NORMAL,normal,OS,.tif,0.13104528188705444
NORMAL/48/019_Normal.tif,NORMAL-048,test,NORMAL,normal,OS,.tif,0.11774156987667084
NORMAL/48/022_Normal.tif,NORMAL-048,val,NORMAL,normal,OS,.tif,0.10057173669338226
NORMAL/49/002_NOrmal.tif,NORMAL-049,val,NORMAL,normal,OS,.tif,0.14913934469223022
NORMAL/49/004_NOrmal.tif,NORMAL-049,val,NORMAL,normal,OS,.tif,0.14752712845802307
NORMAL/49/005_NOrmal.tif,NORMAL-049,test,NORMAL,normal,OS,.tif,0.12280605733394623
NORMAL/49/006_NOrmal.tif,NORMAL-049,val,NORMAL,normal,OS,.tif,0.14040489494800568
NORMAL/49/007_NOrmal.tif,NORMAL-049,test,NORMAL,normal,OS,.tif,0.14644159376621246
NORMAL/49/009_NOrmal.tif,NORMAL-049,test,NORMAL,normal,OS,.tif,0.16703328490257263
NORMAL/49/019_NOrmal.tif,NORMAL-049,val,NORMAL,normal,OS,.tif,0.1880621761083603
NORMAL/49/020_NOrmal.tif,NORMAL-049,val,NORMAL,normal,OS,.tif,0.18964308500289917
NORMAL/49/022_NOrmal.tif,NORMAL-049,val,NORMAL,normal,OS,.tif,0.19726693630218506
NORMAL/49/024_NOrmal.tif,NORMAL-049,test,NORMAL,normal,OS,.tif,0.1945652812719345
NORMAL/49/025_NOrmal.tif,NORMAL-049,val,NORMAL,normal,OS,.tif,0.16120092570781708
NORMAL/50/002_Normal.tif,NORMAL-050,val,NORMAL,normal,OD,.tif,0.14955560863018036
NORMAL/50/004_Normal.tif,NORMAL-050,test,NORMAL,normal,OD,.tif,0.14145097136497498
NORMAL/50/009_Normal.tif,NORMAL-050,test,NORMAL,normal,OD,.tif,0.12780743837356567
NORMAL/50/010_Normal.tif,NORMAL-050,val,NORMAL,normal,OD,.tif,0.1396217942237854
NORMAL/50/013_Normal.tif,NORMAL-050,test,NORMAL,normal,OD,.tif,0.14059868454933167
NORMAL/50/014_Normal.tif,NORMAL-050,val,NORMAL,normal,OD,.tif,0.20749826729297638
NORMAL/50/024_Normal.tif,NORMAL-050,val,NORMAL,normal,OD,.tif,0.20438143610954285
NORMAL/50/025_Normal.tif,NORMAL-050,test,NORMAL,normal,OD,.tif,0.16353961825370789
NORMAL/50/028_Normal.tif,NORMAL-050,test,NORMAL,normal,OD,.tif,0.15478497743606567
NORMAL/50/029_Normal.tif,NORMAL-050,test,NORMAL,normal,OD,.tif,0.21821944415569305
NORMAL/51/OD/004_Normal.tif,NORMAL-051,test,NORMAL,normal,OD,.tif,0.10988593101501465
NORMAL/51/OD/006_Normal.tif,NORMAL-051,test,NORMAL,normal,OD,.tif,0.09063020348548889
NORMAL/51/OD/009_Normal.tif,NORMAL-051,val,NORMAL,normal,OD,.tif,0.10885123908519745
NORMAL/51/OD/010_Normal.tif,NORMAL-051,test,NORMAL,normal,OD,.tif,0.09579326957464218
NORMAL/51/OD/011_Normal.tif,NORMAL-051,test,NORMAL,normal,OD,.tif,0.10284220427274704
NORMAL/51/OD/016_Normal.tif,NORMAL-051,val,NORMAL,normal,OD,.tif,0.17853906750679016
NORMAL/51/OD/028_Normal.tif,NORMAL-051,test,NORMAL,normal,OD,.tif,0.1720423400402069
NORMAL/51/OD/030_Normal.tif,NORMAL-051,test,NORMAL,normal,OD,.tif,0.14403536915779114
NORMAL/51/OS/001_Normal.tif,NORMAL-051,val,NORMAL,normal,OS,.tif,0.13076306879520416
NORMAL/51/OS/002_Normal.tif,NORMAL-051,val,NORMAL,normal,OS,.tif,0.11793164163827896
NORMAL/51/OS/009_Normal.tif,NORMAL-051,val,NORMAL,normal,OS,.tif,0.14498350024223328
NORMAL/51/OS/011_Normal.tif,NORMAL-051,test,NORMAL,normal,OS,.tif,0.10960777848958969
NORMAL/51/OS/017_Drusen.tif,NORMAL-051,test,NORMAL,drusen,OS,.tif,0.15283197164535522
NORMAL/51/OS/018_Drusen.tif,NORMAL-051,val,NORMAL,drusen,OS,.tif,0.1626328080892563
NORMAL/51/OS/023_Normal.tif,NORMAL-051,test,NORMAL,normal,OS,.tif,0.1368822157382965
NORMAL/51/OS/025_Normal.tif,NORMAL-051,test,NORMAL,normal,OS,.tif,0.11663322150707245
NORMAL/51/OS/028_Normal.tif,NORMAL-051,test,NORMAL,normal,OS,.tif,0.11989307403564453
NORMAL/51/OS/029_Normal.tif,NORMAL-051,val,NORMAL,normal,OS,.tif,0.13040632009506226
NORMAL/52/OD/003_Normal.tif,NORMAL-052,val,NORMAL,normal,OD,.tif,0.1814471185207367
NORMAL/52/OD/004_Normal.tif,NORMAL-052,test,NORMAL,normal,OD,.tif,0.1652962565422058
NORMAL/52/OD/005_Normal.tif,NORMAL-052,test,NORMAL,normal,OD,.tif,0.15263095498085022
NORMAL/52/OD/008_Normal.tif,NORMAL-052,test,NORMAL,normal,OD,.tif,0.1499953269958496
NORMAL/52/OD/015_Normal.tif,NORMAL-052,test,NORMAL,normal,OD,.tif,0.21322032809257507
NORMAL/52/OD/016_Normal.tif,NORMAL-052,test,NORMAL,normal,OD,.tif,0.19863753020763397
NORMAL/52/OD/018_Normal.tif,NORMAL-052,test,NORMAL,normal,OD,.tif,0.20438188314437866
NORMAL/52/OD/020_Normal.tif,NORMAL-052,val,NORMAL,normal,OD,.tif,0.16553857922554016
NORMAL/52/OD/024_Normal.tif,NORMAL-052,val,NORMAL,normal,OD,.tif,0.13078871369361877
NORMAL/52/OD/027_Normal.tif,NORMAL-052,test,NORMAL,normal,OD,.tif,0.2013390213251114
NORMAL/52/OD/029_Normal.tif,NORMAL-052,test,NORMAL,normal,OD,.tif,0.1723555326461792
NORMAL/52/OS/000_Normal.tif,NORMAL-052,val,NORMAL,normal,OS,.tif,0.17578533291816711
NORMAL/52/OS/003_Normal.tif,NORMAL-052,test,NORMAL,normal,OS,.tif,0.17655615508556366
NORMAL/52/OS/006_Normal.tif,NORMAL-052,test,NORMAL,normal,OS,.tif,0.12072714418172836
NORMAL/52/OS/008_Normal.tif,NORMAL-052,test,NORMAL,normal,OS,.tif,0.10862806439399719
NORMAL/52/OS/011_Normal.tif,NORMAL-052,test,NORMAL,normal,OS,.tif,0.10907668620347977
NORMAL/52/OS/013_Normal.tif,NORMAL-052,val,NORMAL,normal,OS,.tif,0.12846361100673676
NORMAL/52/OS/015_Normal.tif,NORMAL-052,val,NORMAL,normal,OS,.tif,0.1689056009054184
NORMAL/52/OS/016_Normal.tif,NORMAL-052,val,NORMAL,normal,OS,.tif,0.1382903754711151
NORMAL/52/OS/023_Normal.tif,NORMAL-052,test,NORMAL,normal,OS,.tif,0.124542236328125
NORMAL/52/OS/024_Normal.tif,NORMAL-052,test,NORMAL,normal,OS,.tif,0.16157574951648712
NORMAL/52/OS/027_Normal.tif,NORMAL-052,val,NORMAL,normal,OS,.tif,0.1304740309715271
NORMAL/52/OS/029_Normal.tif,NORMAL-052,val,NORMAL,normal,OS,.tif,0.10792705416679382
NORMAL/53/007_Normal.tif,NORMAL-053,test,NORMAL,normal,OS,.tif,0.15713433921337128
NORMAL/53/008_Normal.tif,NORMAL-053,val,NORMAL,normal,OS,.tif,0.18721947073936462
NORMAL/53/011_Normal.tif,NORMAL-053,test,NORMAL,normal,OS,.tif,0.13273203372955322
NORMAL/53/014_Normal.tif,NORMAL-053,test,NORMAL,normal,OS,.tif,0.16922883689403534
NORMAL/53/016_Normal.tif,NORMAL-053,test,NORMAL,normal,OS,.tif,0.17265646159648895
NORMAL/53/020_Normal.tif,NORMAL-053,val,NORMAL,normal,OS,.tif,0.09906080365180969
NORMAL/53/023_Normal.tif,NORMAL-053,val,NORMAL,normal,OS,.tif,0.12768380343914032
NORMAL/53/029_Normal.tif,NORMAL-053,val,NORMAL,normal,OS,.tif,0.14821411669254303
NORMAL/53/030_Normal.tif,NORMAL-053,val,NORMAL,normal,OS,.tif,0.11459953337907791
NORMAL/54/OD/000_Normal.tif,NORMAL-054,test,NORMAL,normal,OD,.tif,0.11286844313144684
NORMAL/54/OD/001_Normal.tif,NORMAL-054,val,NORMAL,normal,OD,.tif,0.11499541997909546
NORMAL/54/OD/004_Normal.tif,NORMAL-054,test,NORMAL,normal,OD,.tif,0.17081597447395325
NORMAL/54/OD/005_Normal.tif,NORMAL-054,val,NORMAL,normal,OD,.tif,0.1804920732975006
NORMAL/54/OD/006_Normal.tif,NORMAL-054,val,NORMAL,normal,OD,.tif,0.12035565823316574
NORMAL/54/OD/015_Normal.tif,NORMAL-054,val,NORMAL,normal,OD,.tif,0.16707585752010345
NORMAL/54/OD/020_Normal.tif,NORMAL-054,val,NORMAL,normal,OD,.tif,0.10937535762786865
NORMAL/54/OD/021_Normal.tif,NORMAL-054,test,NORMAL,normal,OD,.tif,0.16653183102607727
NORMAL/54/OD/022_Normal.tif,NORMAL-054,test,NORMAL,normal,OD,.tif,0.1693274825811386
NORMAL/54/OS/005_Normal.tif,NORMAL-054,test,NORMAL,normal,OS,.tif,0.15629273653030396
NORMAL/54/OS/015_Normal.tif,NORMAL-054,val,NORMAL,normal,OS,.tif,0.17610102891921997
NORMAL/54/OS/017_Normal.tif,NORMAL-054,val,NORMAL,normal,OS,.tif,0.1468583047389984
NORMAL/54/OS/019_Normal.tif,NORMAL-054,val,NORMAL,normal,OS,.tif,0.113053098320961
NORMAL/54/OS/020_Normal.tif,NORMAL-054,test,NORMAL,normal,OS,.tif,0.14352279901504517
NORMAL/54/OS/022_Normal.tif,NORMAL-054,test,NORMAL,normal,OS,.tif,0.20500469207763672
NORMAL/55/000_Normal.tif,NORMAL-055,val,NORMAL,normal,OD,.tif,0.19420529901981354
NORMAL/55/002_Normal.tif,NORMAL-055,test,NORMAL,normal,OD,.tif,0.22123469412326813
NORMAL/55/005_Normal.tif,NORMAL-055,val,NORMAL,normal,OD,.tif,0.1489507257938385
NORMAL/55/007_Normal.tif,NORMAL-055,val,NORMAL,normal,OD,.tif,0.12541504204273224
NORMAL/55/013_Normal.tif,NORMAL-055,test,NORMAL,normal,OD,.tif,0.10731646418571472
NORMAL/55/014_Normal.tif,NORMAL-055,test,NORMAL,normal,OD,.tif,0.14580875635147095
NORMAL/55/016_Normal.tif,NORMAL-055,val,NORMAL,normal,OD,.tif,0.154545396566391
NORMAL/55/019_Normal.tif,NORMAL-055,test,NORMAL,normal,OD,.tif,0.19541293382644653
NORMAL/55/023_Normal.tif,NORMAL-055,val,NORMAL,normal,OD,.tif,0.15318365395069122
NORMAL/56/OD/001_Normal.tif,NORMAL-056,test,NORMAL,normal,OD,.tif,0.23523932695388794
NORMAL/56/OD/006_Normal.tif,NORMAL-056,val,NORMAL,normal,OD,.tif,0.1438029557466507
NORMAL/56/OD/008_Normal.tif,NORMAL-056,val,NORMAL,normal,OD,.tif,0.13130056858062744
NORMAL/56/OD/012_Normal.tif,NORMAL-056,test,NORMAL,normal,OD,.tif,0.17411473393440247
NORMAL/56/OD/017_Normal.tif,NORMAL-056,test,NORMAL,normal,OD,.tif,0.14570219814777374
NORMAL/56/OD/019_Normal.tif,NORMAL-056,val,NORMAL,normal,OD,.tif,0.17694664001464844
NORMAL/56/OD/021_Normal.tif,NORMAL-056,val,NORMAL,normal,OD,.tif,0.160060852766037
NORMAL/56/OD/025_Normal.tif,NORMAL-056,test,NORMAL,normal,OD,.tif,0.15520700812339783
NORMAL/56/OD/026_Normal.tif,NORMAL-056,test,NORMAL,normal,OD,.tif,0.15110403299331665
NORMAL/56/OD/028_Normal.tif,NORMAL-056,test,NORMAL,normal,OD,.tif,0.1327987015247345
NORMAL/56/OS/001_Normal.tif,NORMAL-056,val,NORMAL,normal,OS,.tif,0.14996853470802307
NORMAL/56/OS/005_Normal.tif,NORMAL-056,test,NORMAL,normal,OS,.tif,0.2273876965045929
NORMAL/56/OS/015_Normal.tif,NORMAL-056,test,NORMAL,normal,OS,.tif,0.1961846649646759
NORMAL/56/OS/024_Normal.tif,NORMAL-056,test,NORMAL,normal,OS,.tif,0.13404472172260284
NORMAL/56/OS/025_Normal.tif,NORMAL-056,test,NORMAL,normal,OS,.tif,0.15121054649353027
NORMAL/56/OS/027_Normal.tif,NORMAL-056,test,NORMAL,normal,OS,.tif,0.13687533140182495
NORMAL/56/OS/028_Normal.tif,NORMAL-056,test,NORMAL,normal,OS,.tif,0.15633276104927063
NORMAL/56/OS/030_Normal.tif,NORMAL-056,test,NORMAL,normal,OS,.tif,0.1336357444524765
NORMAL/57/OD/001_Normal.tif,NORMAL-057,test,NORMAL,normal,OD,.tif,0.199555903673172
NORMAL/57/OD/003_Normal.tif,NORMAL-057,test,NORMAL,normal,OD,.tif,0.18347397446632385
NORMAL/57/OD/006_Normal.tif,NORMAL-057,val,NORMAL,normal,OD,.tif,0.21617712080478668
NORMAL/57/OD/008_Normal.tif,NORMAL-057,val,NORMAL,normal,OD,.tif,0.19074523448944092
NORMAL/57/OD/020_Normal.tif,NORMAL-057,test,NORMAL,normal,OD,.tif,0.11036644876003265
NORMAL/57/OD/022_Normal.tif,NORMAL-057,val,NORMAL,normal,OD,.tif,0.13086578249931335
NORMAL/57/OS/001_Normal.tif,NORMAL-057,test,NORMAL,normal,OS,.tif,0.15914711356163025
NORMAL/57/OS/002_Normal.tif,NORMAL-057,test,NORMAL,normal,OS,.tif,0.1410123109817505
NORMAL/57/OS/003_Normal.tif,NORMAL-057,val,NORMAL,normal,OS,.tif,0.1623186469078064
NORMAL/57/OS/004_Normal.tif,NORMAL-057,test,NORMAL,normal,OS,.tif,0.15989796817302704
NORMAL/57/OS/007_Normal.tif,NORMAL-057,val,NORMAL,normal,OS,.tif,0.19101782143115997
NORMAL/57/OS/008_Normal.tif,NORMAL-057,val,NORMAL,normal,OS,.tif,0.15282174944877625
NORMAL/57/OS/009_Normal.tif,NORMAL-057,val,NORMAL,normal,OS,.tif,0.15841764211654663
NORMAL/57/OS/012_Normal.tif,NORMAL-057,test,NORMAL,normal,OS,.tif,0.1567261964082718
NORMAL/57/OS/013_Normal.tif,NORMAL-057,test,NORMAL,normal,OS,.tif,0.16710077226161957
NORMAL/57/OS/014_Normal.tif,NORMAL-057,val,NORMAL,normal,OS,.tif,0.19331911206245422
NORMAL/57/OS/023_Normal.tif,NORMAL-057,val,NORMAL,normal,OS,.tif,0.10383577644824982
NORMAL/57/OS/025_Normal.tif,NORMAL-057,test,NORMAL,normal,OS,.tif,0.105963796377182
NORMAL/57/OS/026_Normal.tif,NORMAL-057,test,NORMAL,normal,OS,.tif,0.13454121351242065
NORMAL/58/002_NOrmal.tif,NORMAL-058,val,NORMAL,normal,OS,.tif,0.17642585933208466
NORMAL/58/004_NOrmal.tif,NORMAL-058,val,NORMAL,normal,OS,.tif,0.1368616819381714
NORMAL/58/007_NOrmal.tif,NORMAL-058,val,NORMAL,normal,OS,.tif,0.1390014886856079
NORMAL/58/008_NOrmal.tif,NORMAL-058,val,NORMAL,normal,OS,.tif,0.1470385640859604
NORMAL/58/010_NOrmal.tif,NORMAL-058,test,NORMAL,normal,OS,.tif,0.14353182911872864
NORMAL/58/011_NOrmal.tif,NORMAL-058,test,NORMAL,normal,OS,.tif,0.13031449913978577
NORMAL/58/016_NOrmal.tif,NORMAL-058,test,NORMAL,normal,OS,.tif,0.18997086584568024
NORMAL/58/017_NOrmal.tif,NORMAL-058,test,NORMAL,normal,OS,.tif,0.1555270552635193
NORMAL/58/018_NOrmal.tif,NORMAL-058,val,NORMAL,normal,OS,.tif,0.14989808201789856
NORMAL/58/022_NOrmal.tif,NORMAL-058,val,NORMAL,normal,OS,.tif,0.15166634321212769
NORMAL/58/023_NOrmal.tif,NORMAL-058,val,NORMAL,normal,OS,.tif,0.12041513621807098
NORMAL/58/027_NOrmal.tif,NORMAL-058,test,NORMAL,normal,OS,.tif,0.14449670910835266
NORMAL/58/028_NOrmal.tif,NORMAL-058,test,NORMAL,normal,OS,.tif,0.101478710770607
NORMAL/59/000_Normal.tif,NORMAL-059,val,NORMAL,normal,OD,.tif,0.15777508914470673
NORMAL/59/003_Normal.tif,NORMAL-059,val,NORMAL,normal,OD,.tif,0.20411765575408936
NORMAL/59/007_Normal.tif,NORMAL-059,val,NORMAL,normal,OD,.tif,0.19494397938251495
NORMAL/59/011_Normal.tif,NORMAL-059,test,NORMAL,normal,OD,.tif,0.1494165062904358
NORMAL/59/013_Normal.tif,NORMAL-059,val,NORMAL,normal,OD,.tif,0.17230509221553802
NORMAL/59/019_Normal.tif,NORMAL-059,val,NORMAL,normal,OD,.tif,0.10441669076681137
NORMAL/59/021_Normal.tif,NORMAL-059,val,NORMAL,normal,OD,.tif,0.11568880081176758
NORMAL/59/023_Normal.tif,NORMAL-059,test,NORMAL,normal,OD,.tif,0.13165834546089172
NORMAL/59/028_Normal.tif,NORMAL-059,val,NORMAL,normal,OD,.tif,0.14205238223075867
NORMAL/60/OD/003_Normal.tif,NORMAL-060,val,NORMAL,normal,OD,.tif,0.13645438849925995
NORMAL/60/OD/005_Normal.tif,NORMAL-060,val,NORMAL,normal,OD,.tif,0.12973111867904663
NORMAL/60/OD/008_Normal.tif,NORMAL-060,test,NORMAL,normal,OD,.tif,0.13015107810497284
NORMAL/60/OD/011_Normal.tif,NORMAL-060,val,NORMAL,normal,OD,.tif,0.1259707659482956
NORMAL/60/OD/018_Normal.tif,NORMAL-060,val,NORMAL,normal,OD,.tif,0.170313760638237
NORMAL/60/OD/024_Normal.tif,NORMAL-060,val,NORMAL,normal,OD,.tif,0.13674849271774292
NORMAL/60/OD/026_Normal.tif,NORMAL-060,val,NORMAL,normal,OD,.tif,0.14310257136821747
NORMAL/60/OD/027_Normal.tif,NORMAL-060,test,NORMAL,normal,OD,.tif,0.13120946288108826
NORMAL/60/OD/028_Normal.tif,NORMAL-060,test,NORMAL,normal,OD,.tif,0.14067207276821136
NORMAL/60/OS/001_Normal.tif,NORMAL-060,val,NORMAL,normal,OS,.tif,0.10586614161729813
NORMAL/60/OS/005_Normal.tif,NORMAL-060,test,NORMAL,normal,OS,.tif,0.11329888552427292
NORMAL/60/OS/006_Normal.tif,NORMAL-060,test,NORMAL,normal,OS,.tif,0.11177496612071991
NORMAL/60/OS/011_Normal.tif,NORMAL-060,test,NORMAL,normal,OS,.tif,0.12651096284389496
NORMAL/60/OS/012_Normal.tif,NORMAL-060,test,NORMAL,normal,OS,.tif,0.11149097979068756
NORMAL/60/OS/017_Normal.tif,NORMAL-060,val,NORMAL,normal,OS,.tif,0.15436190366744995
NORMAL/60/OS/021_Normal.tif,NORMAL-060,test,NORMAL,normal,OS,.tif,0.10744823515415192
NORMAL/60/OS/023_Normal.tif,NORMAL-060,test,NORMAL,normal,OS,.tif,0.1382787525653839
NORMAL/60/OS/024_Normal.tif,NORMAL-060,test,NORMAL,normal,OS,.tif,0.10399729013442993
NORMAL/61/OD/000_Normal.tif,NORMAL-061,test,NORMAL,normal,OD,.tif,0.14786170423030853
NORMAL/61/OD/003_Normal.tif,NORMAL-061,test,NORMAL,normal,OD,.tif,0.16530932486057281
NORMAL/61/OD/006_Normal.tif,NORMAL-061,test,NORMAL,normal,OD,.tif,0.09483305364847183
NORMAL/61/OD/007_Normal.tif,NORMAL-061,val,NORMAL,normal,OD,.tif,0.09890876710414886
NORMAL/61/OD/011_Normal.tif,NORMAL-061,val,NORMAL,normal,OD,.tif,0.13052774965763092
NORMAL/61/OD/020_Normal.tif,NORMAL-061,val,NORMAL,normal,OD,.tif,0.12138085812330246
NORMAL/61/OD/023_Normal.tif,NORMAL-061,test,NORMAL,normal,OD,.tif,0.10414798557758331
NORMAL/61/OD/024_Normal.tif,NORMAL-061,val,NORMAL,normal,OD,.tif,0.14043986797332764
NORMAL/61/OD/027_Normal.tif,NORMAL-061,test,NORMAL,normal,OD,.tif,0.11230292916297913
NORMAL/61/OD/029_Normal.tif,NORMAL-061,test,NORMAL,normal,OD,.tif,0.1348469853401184
NORMAL/61/OS/000_Normal.tif,NORMAL-061,val,NORMAL,normal,OS,.tif,0.11504089087247849
NORMAL/61/OS/004_Normal.tif,NORMAL-061,test,NORMAL,normal,OS,.tif,0.1188361644744873
NORMAL/61/OS/007_Normal.tif,NORMAL-061,val,NORMAL,normal,OS,.tif,0.11865124106407166
NORMAL/61/OS/012_Normal.tif,NORMAL-061,test,NORMAL,normal,OS,.tif,0.13642634451389313
NORMAL/61/OS/013_Normal.tif,NORMAL-061,test,NORMAL,normal,OS,.tif,0.12792417407035828
NORMAL/61/OS/016_Normal.tif,NORMAL-061,val,NORMAL,normal,OS,.tif,0.15821944177150726
NORMAL/61/OS/020_Normal.tif,NORMAL-061,test,NORMAL,normal,OS,.tif,0.13102419674396515
NORMAL/61/OS/021_Normal.tif,NORMAL-061,test,NORMAL,normal,OS,.tif,0.10626836121082306
NORMAL/61/OS/022_Normal.tif,NORMAL-061,val,NORMAL,normal,OS,.tif,0.12090256810188293
NORMAL/61/OS/023_Normal.tif,NORMAL-061,val,NORMAL,normal,OS,.tif,0.09192386269569397
NORMAL/61/OS/024_Normal.tif,NORMAL-061,test,NORMAL,normal,OS,.tif,0.10123150050640106
NORMAL/61/OS/025_Normal.tif,NORMAL-061,test,NORMAL,normal,OS,.tif,0.10669523477554321
NORMAL/61/OS/027_Normal.tif,NORMAL-061,test,NORMAL,normal,OS,.tif,0.12494797259569168
NORMAL/62/OD/002_Normal.tif,NORMAL-062,test,NORMAL,normal,OD,.tif,0.10463033616542816
NORMAL/62/OD/006_Normal.tif,NORMAL-062,val,NORMAL,normal,OD,.tif,0.10099546611309052
NORMAL/62/OD/011_Normal.tif,NORMAL-062,test,NORMAL,normal,OD,.tif,0.15520285069942474
NORMAL/62/OD/016_Normal.tif,NORMAL-062,test,NORMAL,normal,OD,.tif,0.14969086647033691
NORMAL/62/OD/020_Normal.tif,NORMAL-062,val,NORMAL,normal,OD,.tif,0.11795777827501297
NORMAL/62/OS/008_Normal.tif,NORMAL-062,val,NORMAL,normal,OS,.tif,0.118648461997509
NORMAL/62/OS/014_Normal.tif,NORMAL-062,test,NORMAL,normal,OS,.tif,0.18906661868095398
NORMAL/62/OS/023_Normal.tif,NORMAL-062,val,NORMAL,normal,OS,.tif,0.17063356935977936
NORMAL/62/OS/024_Normal.tif,NORMAL-062,val,NORMAL,normal,OS,.tif,0.11279551684856415
NORMAL/63/000_Normal.tif,NORMAL-063,test,NORMAL,normal,OS,.tif,0.13037526607513428
NORMAL/63/002_Normal.tif,NORMAL-063,val,NORMAL,normal,OS,.tif,0.14032194018363953
NORMAL/63/008_Normal.tif,NORMAL-063,test,NORMAL,normal,OS,.tif,0.12334664911031723
NORMAL/63/015_Normal.tif,NORMAL-063,test,NORMAL,normal,OS,.tif,0.21134351193904877
NORMAL/63/021_Normal.tif,NORMAL-063,test,NORMAL,normal,OS,.tif,0.1384125053882599
NORMAL/63/024_Normal.tif,NORMAL-063,test,NORMAL,normal,OS,.tif,0.13229244947433472
NORMAL/64/000_Normal.tif,NORMAL-064,val,NORMAL,normal,OS,.tif,0.19722674787044525
NORMAL/64/003_Normal.tif,NORMAL-064,test,NORMAL,normal,OS,.tif,0.2097190022468567
NORMAL/64/007_Normal.tif,NORMAL-064,val,NORMAL,normal,OS,.tif,0.22177544236183167
NORMAL/64/008_Normal.tif,NORMAL-064,val,NORMAL,normal,OS,.tif,0.21963711082935333
NORMAL/64/013_Normal.tif,NORMAL-064,test,NORMAL,normal,OS,.tif,0.20573483407497406
NORMAL/64/015_Normal.tif,NORMAL-064,test,NORMAL,normal,OS,.tif,0.1539340317249298
NORMAL/64/016_Normal.tif,NORMAL-064,val,NORMAL,normal,OS,.tif,0.13697165250778198
NORMAL/64/018_Normal.tif,NORMAL-064,val,NORMAL,normal,OS,.tif,0.12978163361549377
NORMAL/64/019_Normal.tif,NORMAL-064,val,NORMAL,normal,OS,.tif,0.15551277995109558
NORMAL/64/020_Normal.tif,NORMAL-064,val,NORMAL,normal,OS,.tif,0.13213571906089783
NORMAL/64/022_Normal.tif,NORMAL-064,val,NORMAL,normal,OS,.tif,0.12611716985702515
NORMAL/65/OD/000_Normal.tif,NORMAL-065,val,NORMAL,normal,OD,.tif,0.12455163896083832
NORMAL/65/OD/002_Normal.tif,NORMAL-065,val,NORMAL,normal,OD,.tif,0.15028539299964905
NORMAL/65/OD/004_Normal.tif,NORMAL-065,val,NORMAL,normal,OD,.tif,0.12974813580513
NORMAL/65/OD/007_Normal.tif,NORMAL-065,test,NORMAL,normal,OD,.tif,0.1459970772266388
NORMAL/65/OD/008_Normal.tif,NORMAL-065,test,NORMAL,normal,OD,.tif,0.14173220098018646
NORMAL/65/OD/017_Normal.tif,NORMAL-065,test,NORMAL,normal,OD,.tif,0.13183334469795227
NORMAL/65/OD/020_Normal.tif,NORMAL-065,test,NORMAL,normal,OD,.tif,0.1058139055967331
NORMAL/65/OD/022_Normal.tif,NORMAL-065,val,NORMAL,normal,OD,.tif,0.12401622533798218
NORMAL/65/OD/026_Normal.tif,NORMAL-065,test,NORMAL,normal,OD,.tif,0.10924911499023438
NORMAL/65/OD/029_Normal.tif,NORMAL-065,val,NORMAL,normal,OD,.tif,0.10766357183456421
NORMAL/65/OS/005_Normal.tif,NORMAL-065,test,NORMAL,normal,OS,.tif,0.14484107494354248
NORMAL/65/OS/012_Normal.tif,NORMAL-065,test,NORMAL,normal,OS,.tif,0.1461348533630371
NORMAL/65/OS/015_Normal.tif,NORMAL-065,val,NORMAL,normal,OS,.tif,0.17612996697425842
NORMAL/65/OS/022_Normal.tif,NORMAL-065,test,NORMAL,normal,OS,.tif,0.15257272124290466
NORMAL/65/OS/025_Normal.tif,NORMAL-065,val,NORMAL,normal,OS,.tif,0.14265501499176025
NORMAL/65/OS/027_Normal.tif,NORMAL-065,test,NORMAL,normal,OS,.tif,0.24495606124401093
NORMAL/65/OS/028_Normal.tif,NORMAL-065,test,NORMAL,normal,OS,.tif,0.2752322554588318
NORMAL/66/OD/001_Normal.tif,NORMAL-066,test,NORMAL,normal,OD,.tif,0.13712339103221893
NORMAL/66/OD/003_Normal.tif,NORMAL-066,val,NORMAL,normal,OD,.tif,0.1707908809185028
NORMAL/66/OD/005_Normal.tif,NORMAL-066,val,NORMAL,normal,OD,.tif,0.19690391421318054
NORMAL/66/OD/006_Normal.tif,NORMAL-066,val,NORMAL,normal,OD,.tif,0.1789642572402954
NORMAL/66/OD/010_Normal.tif,NORMAL-066,test,NORMAL,normal,OD,.tif,0.1438649296760559
NORMAL/66/OD/013_Normal.tif,NORMAL-066,val,NORMAL,normal,OD,.tif,0.17278799414634705
NORMAL/66/OD/019_Normal.tif,NORMAL-066,val,NORMAL,normal,OD,.tif,0.20010629296302795
NORMAL/66/OD/022_Normal.tif,NORMAL-066,test,NORMAL,normal,OD,.tif,0.2351284623146057
NORMAL/66/OD/025_Normal.tif,NORMAL-066,test,NORMAL,normal,OD,.tif,0.2014133781194687
NORMAL/66/OS/000_Normal.tif,NORMAL-066,test,NORMAL,normal,OS,.tif,0.14046670496463776
NORMAL/66/OS/005_Normal.tif,NORMAL-066,val,NORMAL,normal,OS,.tif,0.22028860449790955
NORMAL/66/OS/006_Normal.tif,NORMAL-066,val,NORMAL,normal,OS,.tif,0.166752427816391
NORMAL/66/OS/007_Normal.tif,NORMAL-066,val,NORMAL,normal,OS,.tif,0.12259392440319061
NORMAL/66/OS/009_Normal.tif,NORMAL-066,val,NORMAL,normal,OS,.tif,0.13907384872436523
NORMAL/66/OS/010_Normal.tif,NORMAL-066,val,NORMAL,normal,OS,.tif,0.13019399344921112
NORMAL/66/OS/014_Normal.tif,NORMAL-066,test,NORMAL,normal,OS,.tif,0.21424256265163422
NORMAL/66/OS/016_Normal.tif,NORMAL-066,val,NORMAL,normal,OS,.tif,0.1769207864999771
NORMAL/66/OS/018_Normal.tif,NORMAL-066,val,NORMAL,normal,OS,.tif,0.1462538093328476
NORMAL/66/OS/019_Normal.tif,NORMAL-066,val,NORMAL,normal,OS,.tif,0.1626136600971222
NORMAL/66/OS/020_Normal.tif,NORMAL-066,val,NORMAL,normal,OS,.tif,0.16020993888378143
NORMAL/66/OS/026_Normal.tif,NORMAL-066,val,NORMAL,normal,OS,.tif,0.15089593827724457
NORMAL/67/OD/003_Normal.tif,NORMAL-067,test,NORMAL,normal,OD,.tif,0.19938598573207855
NORMAL/67/OD/007_Normal.tif,NORMAL-067,test,NORMAL,normal,OD,.tif,0.16374941170215607
NORMAL/67/OD/008_Normal.tif,NORMAL-067,test,NORMAL,normal,OD,.tif,0.14711518585681915
NORMAL/67/OD/010_Normal.tif,NORMAL-067,val,NORMAL,normal,OD,.tif,0.1469745635986328
NORMAL/67/OD/014_Normal.tif,NORMAL-067,val,NORMAL,normal,OD,.tif,0.13364532589912415
NORMAL/67/OD/023_Normal.tif,NORMAL-067,val,NORMAL,normal,OD,.tif,0.17732200026512146
NORMAL/67/OD/024_Normal.tif,NORMAL-067,val,NORMAL,normal,OD,.tif,0.16580235958099365
NORMAL/67/OD/026_Normal.tif,NORMAL-067,val,NORMAL,normal,OD,.tif,0.15427720546722412
NORMAL/67/OD/027_Normal.tif,NORMAL-067,test,NORMAL,normal,OD,.tif,0.14135780930519104
NORMAL/67/OD/030_Normal.tif,NORMAL-067,test,NORMAL,normal,OD,.tif,0.11901801824569702
NORMAL/67/OS/000_Normal.tif,NORMAL-067,val,NORMAL,normal,OS,.tif,0.15961411595344543
NORMAL/67/OS/001_Normal.tif,NORMAL-067,test,NORMAL,normal,OS,.tif,0.16686922311782837
NORMAL/67/OS/006_Normal.tif,NORMAL-067,val,NORMAL,normal,OS,.tif,0.19291594624519348
NORMAL/67/OS/018_Normal.tif,NORMAL-067,val,NORMAL,normal,OS,.tif,0.19559116661548615
NORMAL/67/OS/026_Normal.tif,NORMAL-067,test,NORMAL,normal,OS,.tif,0.1658410280942917
NORMAL/67/OS/027_Normal.tif,NORMAL-067,test,NORMAL,normal,OS,.tif,0.1125694215297699
NORMAL/67/OS/029_Normal.tif,NORMAL-067,val,NORMAL,normal,OS,.tif,0.14379900693893433
NORMAL/68/004_Normal.tif,NORMAL-068,val,NORMAL,normal,OD,.tif,0.18981364369392395
NORMAL/68/005_Normal.tif,NORMAL-068,val,NORMAL,normal,OD,.tif,0.17619526386260986
NORMAL/68/007_Normal.tif,NORMAL-068,test,NORMAL,normal,OD,.tif,0.19530144333839417
NORMAL/68/010_Normal.tif,NORMAL-068,val,NORMAL,normal,OD,.tif,0.19309478998184204
NORMAL/68/011_Normal.tif,NORMAL-068,val,NORMAL,normal,OD,.tif,0.2047736942768097
NORMAL/68/013_Normal.tif,NORMAL-068,test,NORMAL,normal,OD,.tif,0.16755986213684082
NORMAL/68/015_Normal.tif,NORMAL-068,test,NORMAL,normal,OD,.tif,0.24039743840694427
NORMAL/68/027_Normal.tif,NORMAL-068,test,NORMAL,normal,OD,.tif,0.22218114137649536
NORMAL/69/OD/000_Normal.jpg,NORMAL-069,test,NORMAL,normal,OD,.jpg,0.20282144844532013
NORMAL/69/OD/001_Normal.jpg,NORMAL-069,val,NORMAL,normal,OD,.jpg,0.19761288166046143
NORMAL/69/OD/002_Normal.jpg,NORMAL-069,val,NORMAL,normal,OD,.jpg,0.218476340174675
NORMAL/69/OD/009_Normal.jpg,NORMAL-069,test,NORMAL,normal,OD,.jpg,0.13516855239868164
NORMAL/69/OD/010_Normal.jpg,NORMAL-069,val,NORMAL,normal,OD,.jpg,0.12633341550827026
NORMAL/69/OD/011_Normal.jpg,NORMAL-069,test,NORMAL,normal,OD,.jpg,0.15707534551620483
NORMAL/69/OD/017_Normal.jpg,NORMAL-069,test,NORMAL,normal,OD,.jpg,0.1295238733291626
NORMAL/69/OD/019_Normal.jpg,NORMAL-069,val,NORMAL,normal,OD,.jpg,0.14228975772857666
NORMAL/69/OD/020_Normal.jpg,NORMAL-069,val,NORMAL,normal,OD,.jpg,0.1129254400730133
NORMAL/69/OD/026_Normal.jpg,NORMAL-069,val,NORMAL,normal,OD,.jpg,0.19028019905090332
NORMAL/69/OD/029_Normal.jpg,NORMAL-069,test,NORMAL,normal,OD,.jpg,0.1468103528022766
NORMAL/69/OD/030_Normal.jpg,NORMAL-069,test,NORMAL,normal,OD,.jpg,0.19418038427829742
NORMAL/69/OS/005_Normal.jpg,NORMAL-069,test,NORMAL,normal,OS,.jpg,0.23307488858699799
NORMAL/69/OS/008_Normal.jpg,NORMAL-069,test,NORMAL,normal,OS,.jpg,0.13447140157222748
NORMAL/69/OS/009_Normal.jpg,NORMAL-069,test,NORMAL,normal,OS,.jpg,0.1251816600561142
NORMAL/69/OS/012_Normal.jpg,NORMAL-069,val,NORMAL,normal,OS,.jpg,0.11838510632514954
NORMAL/69/OS/016_Normal.jpg,NORMAL-069,val,NORMAL,normal,OS,.jpg,0.12244030833244324
NORMAL/69/OS/018_Normal.jpg,NORMAL-069,test,NORMAL,normal,OS,.jpg,0.1624213457107544
NORMAL/69/OS/025_Normal.jpg,NORMAL-069,val,NORMAL,normal,OS,.jpg,0.1374625265598297
NORMAL/69/OS/027_Normal.jpg,NORMAL-069,test,NORMAL,normal,OS,.jpg,0.10718236863613129
NORMAL/69/OS/029_Normal.jpg,NORMAL-069,test,NORMAL,normal,OS,.jpg,0.13409854471683502
NORMAL/70/001_Normal.tif,NORMAL-070,val,NORMAL,normal,OS,.tif,0.1205526739358902
NORMAL/70/006_Normal.tif,NORMAL-070,val,NORMAL,normal,OS,.tif,0.16213083267211914
NORMAL/70/007_Normal.tif,NORMAL-070,test,NORMAL,normal,OS,.tif,0.14875704050064087
NORMAL/70/012_Normal.tif,NORMAL-070,val,NORMAL,normal,OS,.tif,0.2281249463558197
NORMAL/70/023_Normal.tif,NORMAL-070,test,NORMAL,normal,OS,.tif,0.11221721768379211
NORMAL/70/024_Normal.tif,NORMAL-070,val,NORMAL,normal,OS,.tif,0.12700499594211578
NORMAL/70/025_Normal.tif,NORMAL-070,val,NORMAL,normal,OS,.tif,0.10533116012811661
NORMAL/71/002_Normal.jpg,NORMAL-071,test,NORMAL,normal,OS,.jpg,0.16698527336120605
NORMAL/71/004_Normal.jpg,NORMAL-071,test,NORMAL,normal,OS,.jpg,0.16828230023384094
NORMAL/71/009_Normal.jpg,NORMAL-071,test,NORMAL,normal,OS,.jpg,0.1715119481086731
NORMAL/71/014_Normal.jpg,NORMAL-071,test,NORMAL,normal,OS,.jpg,0.13509982824325562
NORMAL/71/015_Normal.jpg,NORMAL-071,test,NORMAL,normal,OS,.jpg,0.14659000933170319
NORMAL/71/019_Normal.jpg,NORMAL-071,test,NORMAL,normal,OS,.jpg,0.20058034360408783
NORMAL/71/021_Normal.jpg,NORMAL-071,val,NORMAL,normal,OS,.jpg,0.16729936003684998
NORMAL/71/022_Normal.jpg,NORMAL-071,test,NORMAL,normal,OS,.jpg,0.1919293999671936
NORMAL/71/026_Normal.jpg,NORMAL-071,val,NORMAL,normal,OS,.jpg,0.23355096578598022
NORMAL/71/028_Normal.jpg,NORMAL-071,test,NORMAL,normal,OS,.jpg,0.1967712938785553
NORMAL/72/OD/003_Normal.tif,NORMAL-072,val,NORMAL,normal,OD,.tif,0.17461010813713074
NORMAL/72/OD/008_Normal.tif,NORMAL-072,val,NORMAL,normal,OD,.tif,0.1700456738471985
NORMAL/72/OD/010_Normal.tif,NORMAL-072,test,NORMAL,normal,OD,.tif,0.15273314714431763
NORMAL/72/OD/015_Normal.tif,NORMAL-072,test,NORMAL,normal,OD,.tif,0.2472129911184311
NORMAL/72/OD/021_Normal.tif,NORMAL-072,val,NORMAL,normal,OD,.tif,0.15380537509918213
NORMAL/72/OD/028_Normal.tif,NORMAL-072,test,NORMAL,normal,OD,.tif,0.11569386720657349
NORMAL/72/OS/003_Normal.tif,NORMAL-072,test,NORMAL,normal,OS,.tif,0.12728925049304962
NORMAL/72/OS/004_Normal.tif,NORMAL-072,test,NORMAL,normal,OS,.tif,0.09471818804740906
NORMAL/72/OS/005_Normal.tif,NORMAL-072,val,NORMAL,normal,OS,.tif,0.10496346652507782
NORMAL/72/OS/013_Normal.tif,NORMAL-072,val,NORMAL,normal,OS,.tif,0.177705317735672
NORMAL/72/OS/016_Normal.tif,NORMAL-072,val,NORMAL,normal,OS,.tif,0.23010118305683136
NORMAL/73/OD/002_Normal.tif,NORMAL-073,val,NORMAL,normal,OD,.tif,0.13056547939777374
NORMAL/73/OD/005_Normal.tif,NORMAL-073,test,NORMAL,normal,OD,.tif,0.1500377058982849
NORMAL/73/OD/006_Normal.tif,NORMAL-073,val,NORMAL,normal,OD,.tif,0.1554819643497467
NORMAL/73/OD/008_Normal.tif,NORMAL-073,val,NORMAL,normal,OD,.tif,0.20512282848358154
NORMAL/73/OD/010_Normal.tif,NORMAL-073,test,NORMAL,normal,OD,.tif,0.21390095353126526
NORMAL/73/OD/015_Normal.tif,NORMAL-073,test,NORMAL,normal,OD,.tif,0.29237136244773865
NORMAL/73/OD/017_Normal.tif,NORMAL-073,val,NORMAL,normal,OD,.tif,0.2721154987812042
NORMAL/73/OD/018_Normal.tif,NORMAL-073,val,NORMAL,normal,OD,.tif,0.25989392399787903
NORMAL/73/OD/021_Normal.tif,NORMAL-073,test,NORMAL,normal,OD,.tif,0.15906670689582825
NORMAL/73/OD/025_Normal.tif,NORMAL-073,val,NORMAL,normal,OD,.tif,0.15744495391845703
NORMAL/73/OD/027_Normal.tif,NORMAL-073,test,NORMAL,normal,OD,.tif,0.16871947050094604
NORMAL/73/OD/029_Normal.tif,NORMAL-073,test,NORMAL,normal,OD,.tif,0.18590477108955383
NORMAL/73/OS/007_Normal.tif,NORMAL-073,test,NORMAL,normal,OS,.tif,0.2091892510652542
NORMAL/73/OS/012_Normal.tif,NORMAL-073,test,NORMAL,normal,OS,.tif,0.23662421107292175
NORMAL/73/OS/018_Normal.tif,NORMAL-073,test,NORMAL,normal,OS,.tif,0.2401629090309143
NORMAL/73/OS/030_Normal.tif,NORMAL-073,val,NORMAL,normal,OS,.tif,0.1525668203830719
NORMAL/74/000_Normal.tif,NORMAL-074,test,NORMAL,normal,OS,.tif,0.17689839005470276
NORMAL/74/003_Normal.tif,NORMAL-074,val,NORMAL,normal,OS,.tif,0.1201474517583847
NORMAL/74/006_Normal.tif,NORMAL-074,val,NORMAL,normal,OS,.tif,0.10607367753982544
NORMAL/74/008_Normal.tif,NORMAL-074,test,NORMAL,normal,OS,.tif,0.08741553872823715
NORMAL/74/009_Normal.tif,NORMAL-074,test,NORMAL,normal,OS,.tif,0.13445627689361572
NORMAL/74/011_Normal.tif,NORMAL-074,test,NORMAL,normal,OS,.tif,0.09935958683490753
NORMAL/74/012_Normal.tif,NORMAL-074,val,NORMAL,normal,OS,.tif,0.14664843678474426
NORMAL/74/015_Normal.tif,NORMAL-074,val,NORMAL,normal,OS,.tif,0.1549302041530609
NORMAL/74/016_Normal.tif,NORMAL-074,test,NORMAL,normal,OS,.tif,0.13246342539787292
NORMAL/74/017_Normal.tif,NORMAL-074,val,NORMAL,normal,OS,.tif,0.13935637474060059
NORMAL/74/019_Normal.tif,NORMAL-074,val,NORMAL,normal,OS,.tif,0.1193372830748558
NORMAL/75/OD/001_Normal.tif,NORMAL-075,test,NORMAL,normal,OD,.tif,0.19708037376403809
NORMAL/75/OD/005_Normal.tif,NORMAL-075,val,NORMAL,normal,OD,.tif,0.21484991908073425
NORMAL/75/OD/010_Normal.tif,NORMAL-075,val,NORMAL,normal,OD,.tif,0.18679191172122955
NORMAL/75/OD/020_Normal.tif,NORMAL-075,val,NORMAL,normal,OD,.tif,0.15903855860233307
NORMAL/75/OD/024_Normal.tif,NORMAL-075,val,NORMAL,normal,OD,.tif,0.17180070281028748
NORMAL/75/OD/027_Normal.tif,NORMAL-075,val,NORMAL,normal,OD,.tif,0.21144354343414307
NORMAL/75/OD/028_Normal.tif,NORMAL-075,test,NORMAL,normal,OD,.tif,0.2047688513994217
NORMAL/75/OD/030_Normal.tif,NORMAL-075,test,NORMAL,normal,OD,.tif,0.17736539244651794
NORMAL/75/OS/001_Normal.tif,NORMAL-075,test,NORMAL,normal,OS,.tif,0.2682151794433594
NORMAL/75/OS/002_Normal.tif,NORMAL-075,val,NORMAL,normal,OS,.tif,0.24418213963508606
NORMAL/75/OS/005_Normal.tif,NORMAL-075,test,NORMAL,normal,OS,.tif,0.2475406974554062
NORMAL/75/OS/010_Normal.tif,NORMAL-075,test,NORMAL,normal,OS,.tif,0.15885064005851746
NORMAL/75/OS/014_Normal.tif,NORMAL-075,val,NORMAL,normal,OS,.tif,0.28266793489456177
NORMAL/75/OS/016_Normal.tif,NORMAL-075,test,NORMAL,normal,OS,.tif,0.2991313338279724
NORMAL/75/OS/020_Normal.tif,NORMAL-075,test,NORMAL,normal,OS,.tif,0.20938077569007874
NORMAL/75/OS/022_Normal.tif,NORMAL-075,val,NORMAL,normal,OS,.tif,0.1846591681241989
NORMAL/75/OS/025_Normal.tif,NORMAL-075,test,NORMAL,normal,OS,.tif,0.23079681396484375
NORMAL/75/OS/028_Normal.tif,NORMAL-075,test,NORMAL,normal,OS,.tif,0.2032625526189804
NORMAL/75/OS/029_Normal.tif,NORMAL-075,test,NORMAL,normal,OS,.tif,0.22297798097133636
NORMAL/76/OD/004_NOrmal.tif,NORMAL-076,val,NORMAL,normal,OD,.tif,0.11541370302438736
NORMAL/76/OD/008_NOrmal.tif,NORMAL-076,test,NORMAL,normal,OD,.tif,0.10561379045248032
NORMAL/76/OD/015_NOrmal.tif,NORMAL-076,test,NORMAL,normal,OD,.tif,0.1644315868616104
NORMAL/76/OD/017_NOrmal.tif,NORMAL-076,val,NORMAL,normal,OD,.tif,0.14979787170886993
NORMAL/76/OD/018_NOrmal.tif,NORMAL-076,val,NORMAL,normal,OD,.tif,0.1382584571838379
NORMAL/76/OD/024_NOrmal.tif,NORMAL-076,test,NORMAL,normal,OD,.tif,0.14395299553871155
NORMAL/76/OD/030_NOrmal.tif,NORMAL-076,test,NORMAL,normal,OD,.tif,0.16794046759605408
NORMAL/76/OS/005_Normal.tif,NORMAL-076,val,NORMAL,normal,OS,.tif,0.1507825255393982
NORMAL/76/OS/006_Normal.tif,NORMAL-076,val,NORMAL,normal,OS,.tif,0.12140549719333649
NORMAL/76/OS/011_Normal.tif,NORMAL-076,test,NORMAL,normal,OS,.tif,0.15004131197929382
NORMAL/76/OS/012_Normal.tif,NORMAL-076,val,NORMAL,normal,OS,.tif,0.16063286364078522
NORMAL/76/OS/015_Normal.tif,NORMAL-076,test,NORMAL,normal,OS,.tif,0.21469977498054504
NORMAL/76/OS/023_Normal.tif,NORMAL-076,test,NORMAL,normal,OS,.tif,0.1320093870162964
NORMAL/76/OS/029_Normal.tif,NORMAL-076,val,NORMAL,normal,OS,.tif,0.1915004849433899
NORMAL/77/OD/001_Normal.tif,NORMAL-077,val,NORMAL,normal,OD,.tif,0.09692859649658203
NORMAL/77/OD/003_Normal.tif,NORMAL-077,test,NORMAL,normal,OD,.tif,0.12268196046352386
NORMAL/77/OD/004_Normal.tif,NORMAL-077,val,NORMAL,normal,OD,.tif,0.11973132938146591
NORMAL/77/OD/021_Normal.tif,NORMAL-077,val,NORMAL,normal,OD,.tif,0.11680234968662262
NORMAL/77/OD/025_Normal.tif,NORMAL-077,test,NORMAL,normal,OD,.tif,0.10400933027267456
NORMAL/77/OS/001_Normal.tif,NORMAL-077,test,NORMAL,normal,OS,.tif,0.1620749831199646
NORMAL/77/OS/012_Normal.tif,NORMAL-077,test,NORMAL,normal,OS,.tif,0.14814849197864532
NORMAL/77/OS/019_Normal.tif,NORMAL-077,test,NORMAL,normal,OS,.tif,0.17271943390369415
NORMAL/77/OS/022_Normal.tif,NORMAL-077,test,NORMAL,normal,OS,.tif,0.12214255332946777
NORMAL/77/OS/024_Normal.tif,NORMAL-077,test,NORMAL,normal,OS,.tif,0.13025468587875366
NORMAL/77/OS/025_Normal.tif,NORMAL-077,val,NORMAL,normal,OS,.tif,0.1375523805618286
NORMAL/78/000_NOrmal.tif,NORMAL-078,val,NORMAL,normal,OS,.tif,0.1708192527294159
NORMAL/78/002_NOrmal.tif,NORMAL-078,test,NORMAL,normal,OS,.tif,0.18741515278816223
NORMAL/78/005_NOrmal.tif,NORMAL-078,test,NORMAL,normal,OS,.tif,0.14727666974067688
NORMAL/78/012_NOrmal.tif,NORMAL-078,test,NORMAL,normal,OS,.tif,0.08014600723981857
NORMAL/78/014_NOrmal.tif,NORMAL-078,val,NORMAL,normal,OS,.tif,0.1684994101524353
NORMAL/78/015_NOrmal.tif,NORMAL-078,val,NORMAL,normal,OS,.tif,0.14953193068504333
NORMAL/78/020_NOrmal.tif,NORMAL-078,test,NORMAL,normal,OS,.tif,0.09026417881250381
NORMAL/78/022_NOrmal.tif,NORMAL-078,test,NORMAL,normal,OS,.tif,0.11039988696575165
NORMAL/78/023_NOrmal.tif,NORMAL-078,test,NORMAL,normal,OS,.tif,0.09659120440483093
NORMAL/78/024_NOrmal.tif,NORMAL-078,test,NORMAL,normal,OS,.tif,0.1634194552898407
NORMAL/78/027_NOrmal.tif,NORMAL-078,val,NORMAL,normal,OS,.tif,0.173441544175148
NORMAL/79/001_Normal.tif,NORMAL-079,val,NORMAL,normal,OD,.tif,0.17289534211158752
NORMAL/79/010_Normal.tif,NORMAL-079,val,NORMAL,normal,OD,.tif,0.1479502022266388
NORMAL/79/011_Normal.tif,NORMAL-079,val,NORMAL,normal,OD,.tif,0.2393612414598465
NORMAL/79/012_Normal.tif,NORMAL-079,test,NORMAL,normal,OD,.tif,0.26588380336761475
NORMAL/79/014_Normal.tif,NORMAL-079,test,NORMAL,normal,OD,.tif,0.23803715407848358
NORMAL/79/015_Normal.tif,NORMAL-079,test,NORMAL,normal,OD,.tif,0.24409593641757965
NORMAL/79/016_Normal.tif,NORMAL-079,val,NORMAL,normal,OD,.tif,0.23996657133102417
NORMAL/79/020_Normal.tif,NORMAL-079,val,NORMAL,normal,OD,.tif,0.14810559153556824
NORMAL/79/024_Normal.tif,NORMAL-079,test,NORMAL,normal,OD,.tif,0.14399605989456177
NORMAL/79/025_Normal.tif,NORMAL-079,val,NORMAL,normal,OD,.tif,0.11939902603626251
NORMAL/80/001_Normal.tif,NORMAL-080,test,NORMAL,normal,OD,.tif,0.16026249527931213
NORMAL/80/005_Normal.tif,NORMAL-080,val,NORMAL,normal,OD,.tif,0.17339923977851868
NORMAL/80/007_Normal.tif,NORMAL-080,val,NORMAL,normal,OD,.tif,0.16571290791034698
NORMAL/80/013_Normal.tif,NORMAL-080,test,NORMAL,normal,OD,.tif,0.14362365007400513
NORMAL/80/014_Normal.tif,NORMAL-080,test,NORMAL,normal,OD,.tif,0.16951867938041687
NORMAL/80/018_Normal.tif,NORMAL-080,val,NORMAL,normal,OD,.tif,0.23414307832717896
NORMAL/80/022_Normal.tif,NORMAL-080,val,NORMAL,normal,OD,.tif,0.11057642102241516
NORMAL/80/023_Normal.tif,NORMAL-080,val,NORMAL,normal,OD,.tif,0.1583998203277588
NORMAL/80/029_Normal.tif,NORMAL-080,val,NORMAL,normal,OD,.tif,0.12489895522594452
NORMAL/80/030_Normal.tif,NORMAL-080,test,NORMAL,normal,OD,.tif,0.15800730884075165
NORMAL/81/OD/001_Normal.tif,NORMAL-081,test,NORMAL,normal,OD,.tif,0.14927300810813904
NORMAL/81/OD/002_Normal.tif,NORMAL-081,test,NORMAL,normal,OD,.tif,0.14613091945648193
NORMAL/81/OD/005_Normal.tif,NORMAL-081,test,NORMAL,normal,OD,.tif,0.17015479505062103
NORMAL/81/OD/009_Normal.tif,NORMAL-081,test,NORMAL,normal,OD,.tif,0.12371900677680969
NORMAL/81/OD/012_Normal.tif,NORMAL-081,val,NORMAL,normal,OD,.tif,0.1342480331659317
NORMAL/81/OD/013_Normal.tif,NORMAL-081,val,NORMAL,normal,OD,.tif,0.14016176760196686
NORMAL/81/OD/014_Normal.tif,NORMAL-081,test,NORMAL,normal,OD,.tif,0.18776878714561462
NORMAL/81/OD/015_Normal.tif,NORMAL-081,test,NORMAL,normal,OD,.tif,0.16479450464248657
NORMAL/81/OD/018_Normal.tif,NORMAL-081,val,NORMAL,normal,OD,.tif,0.21658894419670105
NORMAL/81/OD/020_Normal.tif,NORMAL-081,test,NORMAL,normal,OD,.tif,0.15597811341285706
NORMAL/81/OD/021_Normal.tif,NORMAL-081,test,NORMAL,normal,OD,.tif,0.15445148944854736
NORMAL/81/OD/025_Normal.tif,NORMAL-081,val,NORMAL,normal,OD,.tif,0.15826678276062012
NORMAL/81/OD/026_Normal.tif,NORMAL-081,test,NORMAL,normal,OD,.tif,0.13344120979309082
NORMAL/81/OD/028_Normal.tif,NORMAL-081,test,NORMAL,normal,OD,.tif,0.1360168159008026
NORMAL/81/OS/000_Normal.tif,NORMAL-081,test,NORMAL,normal,OS,.tif,0.1599850207567215
NORMAL/81/OS/003_Normal.tif,NORMAL-081,val,NORMAL,normal,OS,.tif,0.20588724315166473
NORMAL/81/OS/004_Normal.tif,NORMAL-081,test,NORMAL,normal,OS,.tif,0.1851390302181244
NORMAL/81/OS/005_Normal.tif,NORMAL-081,val,NORMAL,normal,OS,.tif,0.21463817358016968
NORMAL/81/OS/016_Normal.tif,NORMAL-081,val,NORMAL,normal,OS,.tif,0.27885740995407104
NORMAL/81/OS/017_Normal.tif,NORMAL-081,val,NORMAL,normal,OS,.tif,0.2563730478286743
NORMAL/81/OS/019_Normal.tif,NORMAL-081,val,NORMAL,normal,OS,.tif,0.21807953715324402
NORMAL/81/OS/026_Normal.tif,NORMAL-081,test,NORMAL,normal,OS,.tif,0.1982739269733429
NORMAL/81/OS/028_Normal.tif,NORMAL-081,test,NORMAL,normal,OS,.tif,0.219203382730484
NORMAL/82/OD/000_Normal.tif,NORMAL-082,val,NORMAL,normal,OD,.tif,0.13708630204200745
NORMAL/82/OD/003_Normal.tif,NORMAL-082,val,NORMAL,normal,OD,.tif,0.11679664254188538
NORMAL/82/OD/004_Normal.tif,NORMAL-082,val,NORMAL,normal,OD,.tif,0.12385348975658417
NORMAL/82/OD/012_Normal.tif,NORMAL-082,test,NORMAL,normal,OD,.tif,0.15645210444927216
NORMAL/82/OD/014_Normal.tif,NORMAL-082,test,NORMAL,normal,OD,.tif,0.2131669521331787
NORMAL/82/OD/020_Normal.tif,NORMAL-082,val,NORMAL,normal,OD,.tif,0.15368378162384033
NORMAL/82/OD/021_Normal.tif,NORMAL-082,val,NORMAL,normal,OD,.tif,0.14450722932815552
NORMAL/82/OD/023_Normal.tif,NORMAL-082,val,NORMAL,normal,OD,.tif,0.13468638062477112
NORMAL/82/OD/025_Normal.tif,NORMAL-082,val,NORMAL,normal,OD,.tif,0.15257835388183594
NORMAL/82/OD/026_Normal.tif,NORMAL-082,val,NORMAL,normal,OD,.tif,0.12831169366836548
NORMAL/82/OS/002_Normal.tif,NORMAL-082,val,NORMAL,normal,OS,.tif,0.15835091471672058
NORMAL/82/OS/013_Normal.tif,NORMAL-082,test,NORMAL,normal,OS,.tif,0.15986748039722443
NORMAL/82/OS/019_Normal.tif,NORMAL-082,test,NORMAL,normal,OS,.tif,0.18905401229858398
NORMAL/82/OS/020_Normal.tif,NORMAL-082,val,NORMAL,normal,OS,.tif,0.13873927295207977
NORMAL/82/OS/021_Normal.tif,NORMAL-082,val,NORMAL,normal,OS,.tif,0.12278144061565399
NORMAL/82/OS/022_Normal.tif,NORMAL-082,test,NORMAL,normal,OS,.tif,0.14172565937042236
NORMAL/82/OS/023_Normal.tif,NORMAL-082,val,NORMAL,normal,OS,.tif,0.14177477359771729
NORMAL/82/OS/026_Normal.tif,NORMAL-082,val,NORMAL,normal,OS,.tif,0.12211412191390991
NORMAL/82/OS/028_Normal.tif,NORMAL-082,val,NORMAL,normal,OS,.tif,0.13743168115615845
NORMAL/82/OS/030_Normal.tif,NORMAL-082,val,NORMAL,normal,OS,.tif,0.15467801690101624
NORMAL/83/OD/000_Normal.tif,NORMAL-083,val,NORMAL,normal,OD,.tif,0.18081967532634735
NORMAL/83/OD/002_Normal.tif,NORMAL-083,val,NORMAL,normal,OD,.tif,0.16083316504955292
NORMAL/83/OD/011_Normal.tif,NORMAL-083,test,NORMAL,normal,OD,.tif,0.1551288366317749
NORMAL/83/OD/012_Normal.tif,NORMAL-083,val,NORMAL,normal,OD,.tif,0.12732158601284027
NORMAL/83/OD/014_Normal.tif,NORMAL-083,test,NORMAL,normal,OD,.tif,0.18318352103233337
NORMAL/83/OD/022_Normal.tif,NORMAL-083,test,NORMAL,normal,OD,.tif,0.18028154969215393
NORMAL/83/OD/026_Normal.tif,NORMAL-083,val,NORMAL,normal,OD,.tif,0.13896001875400543
NORMAL/83/OD/029_Normal.tif,NORMAL-083,val,NORMAL,normal,OD,.tif,0.16134721040725708
NORMAL/83/OS/001_Normal.tif,NORMAL-083,val,NORMAL,normal,OS,.tif,0.16620653867721558
NORMAL/83/OS/002_Normal.tif,NORMAL-083,test,NORMAL,normal,OS,.tif,0.15514251589775085
NORMAL/83/OS/005_Normal.tif,NORMAL-083,val,NORMAL,normal,OS,.tif,0.1583711802959442
NORMAL/83/OS/007_Normal.tif,NORMAL-083,val,NORMAL,normal,OS,.tif,0.16188159584999084
NORMAL/83/OS/009_Normal.tif,NORMAL-083,val,NORMAL,normal,OS,.tif,0.14426809549331665
NORMAL/83/OS/012_Normal.tif,NORMAL-083,val,NORMAL,normal,OS,.tif,0.10734228789806366
NORMAL/83/OS/020_Normal.tif,NORMAL-083,test,NORMAL,normal,OS,.tif,0.12005247175693512
NORMAL/83/OS/021_Normal.tif,NORMAL-083,test,NORMAL,normal,OS,.tif,0.1875014454126358
NORMAL/83/OS/027_Normal.tif,NORMAL-083,test,NORMAL,normal,OS,.tif,0.1566750556230545
NORMAL/84/OD/000_Normal.tif,NORMAL-084,test,NORMAL,normal,OD,.tif,0.17162436246871948
NORMAL/84/OD/009_Normal.tif,NORMAL-084,val,NORMAL,normal,OD,.tif,0.29580485820770264
NORMAL/84/OD/011_Normal.tif,NORMAL-084,test,NORMAL,normal,OD,.tif,0.24050135910511017
NORMAL/84/OD/014_Normal.tif,NORMAL-084,test,NORMAL,normal,OD,.tif,0.27007582783699036
NORMAL/84/OD/015_Normal.tif,NORMAL-084,val,NORMAL,normal,OD,.tif,0.25643882155418396
NORMAL/84/OD/017_Normal.tif,NORMAL-084,test,NORMAL,normal,OD,.tif,0.2936955690383911
NORMAL/84/OD/020_Normal.tif,NORMAL-084,test,NORMAL,normal,OD,.tif,0.20396137237548828
NORMAL/84/OD/021_Normal.tif,NORMAL-084,val,NORMAL,normal,OD,.tif,0.23423680663108826
NORMAL/84/OD/022_Normal.tif,NORMAL-084,val,NORMAL,normal,OD,.tif,0.14340966939926147
NORMAL/84/OD/024_Normal.tif,NORMAL-084,test,NORMAL,normal,OD,.tif,0.17160575091838837
NORMAL/84/OD/025_Normal.tif,NORMAL-084,val,NORMAL,normal,OD,.tif,0.16076423227787018
NORMAL/84/OS/000_Normal.tif,NORMAL-084,test,NORMAL,normal,OS,.tif,0.22318756580352783
NORMAL/84/OS/004_Normal.tif,NORMAL-084,test,NORMAL,normal,OS,.tif,0.23454834520816803
NORMAL/84/OS/005_Normal.tif,NORMAL-084,test,NORMAL,normal,OS,.tif,0.2636246681213379
NORMAL/84/OS/007_Normal.tif,NORMAL-084,test,NORMAL,normal,OS,.tif,0.24634136259555817
NORMAL/84/OS/015_Normal.tif,NORMAL-084,test,NORMAL,normal,OS,.tif,0.23426538705825806
NORMAL/84/OS/016_Normal.tif,NORMAL-084,val,NORMAL,normal,OS,.tif,0.28757888078689575
NORMAL/84/OS/018_Normal.tif,NORMAL-084,val,NORMAL,normal,OS,.tif,0.1879674792289734
NORMAL/84/OS/024_Normal.tif,NORMAL-084,val,NORMAL,normal,OS,.tif,0.16157807409763336
NORMAL/85/OD/005_Normal.tif,NORMAL-085,val,NORMAL,normal,OD,.tif,0.16022273898124695
NORMAL/85/OD/011_Normal.tif,NORMAL-085,test,NORMAL,normal,OD,.tif,0.18095830082893372
NORMAL/85/OD/013_Normal.tif,NORMAL-085,val,NORMAL,normal,OD,.tif,0.17989513278007507
NORMAL/85/OD/017_Normal.tif,NORMAL-085,val,NORMAL,normal,OD,.tif,0.21525903046131134
NORMAL/85/OD/021_Normal.tif,NORMAL-085,test,NORMAL,normal,OD,.tif,0.1807701289653778
NORMAL/85/OD/023_Normal.tif,NORMAL-085,val,NORMAL,normal,OD,.tif,0.1521923840045929
NORMAL/85/OD/024_Normal.tif,NORMAL-085,test,NORMAL,normal,OD,.tif,0.14908255636692047
NORMAL/85/OD/028_Normal.tif,NORMAL-085,test,NORMAL,normal,OD,.tif,0.14195182919502258
NORMAL/85/OS/007_normal.tif,NORMAL-085,val,NORMAL,normal,OS,.tif,0.16626104712486267
NORMAL/85/OS/009_normal.tif,NORMAL-085,test,NORMAL,normal,OS,.tif,0.11814337968826294
NORMAL/85/OS/015_normal.tif,NORMAL-085,test,NORMAL,normal,OS,.tif,0.2584126591682434
NORMAL/85/OS/017_normal.tif,NORMAL-085,val,NORMAL,normal,OS,.tif,0.17172405123710632
NORMAL/85/OS/022_normal.tif,NORMAL-085,test,NORMAL,normal,OS,.tif,0.17777514457702637
NORMAL/85/OS/028_normal.tif,NORMAL-085,val,NORMAL,normal,OS,.tif,0.14882192015647888
NORMAL/85/OS/030_normal.tif,NORMAL-085,test,NORMAL,normal,OS,.tif,0.21155419945716858
NORMAL/86/OD/006_Normal.tif,NORMAL-086,val,NORMAL,normal,OD,.tif,0.12641558051109314
NORMAL/86/OD/009_Normal.tif,NORMAL-086,val,NORMAL,normal,OD,.tif,0.14603328704833984
NORMAL/86/OD/013_Normal.tif,NORMAL-086,val,NORMAL,normal,OD,.tif,0.15793290734291077
NORMAL/86/OD/015_Normal.tif,NORMAL-086,test,NORMAL,normal,OD,.tif,0.19418349862098694
NORMAL/86/OD/016_Normal.tif,NORMAL-086,test,NORMAL,normal,OD,.tif,0.19033177196979523
NORMAL/86/OD/017_Normal.tif,NORMAL-086,val,NORMAL,normal,OD,.tif,0.1355462372303009
NORMAL/86/OD/023_Normal.tif,NORMAL-086,val,NORMAL,normal,OD,.tif,0.1282913088798523
NORMAL/86/OD/024_Normal.tif,NORMAL-086,test,NORMAL,normal,OD,.tif,0.1279970109462738
NORMAL/86/OD/025_Normal.tif,NORMAL-086,test,NORMAL,normal,OD,.tif,0.1286390870809555
NORMAL/86/OD/027_Normal.tif,NORMAL-086,val,NORMAL,normal,OD,.tif,0.14095717668533325
NORMAL/86/OD/028_Normal.tif,NORMAL-086,val,NORMAL,normal,OD,.tif,0.18373827636241913
NORMAL/86/OD/029_Normal.tif,NORMAL-086,val,NORMAL,normal,OD,.tif,0.15820711851119995
NORMAL/86/OS/002_Normal.tif,NORMAL-086,val,NORMAL,normal,OS,.tif,0.20637832581996918
NORMAL/86/OS/005_Normal.tif,NORMAL-086,test,NORMAL,normal,OS,.tif,0.1523922234773636
NORMAL/86/OS/010_Normal.tif,NORMAL-086,test,NORMAL,normal,OS,.tif,0.18867209553718567
NORMAL/86/OS/013_Normal.tif,NORMAL-086,test,NORMAL,normal,OS,.tif,0.16674655675888062
NORMAL/86/OS/015_Normal.tif,NORMAL-086,val,NORMAL,normal,OS,.tif,0.18004637956619263
NORMAL/86/OS/020_Normal.tif,NORMAL-086,val,NORMAL,normal,OS,.tif,0.10618609189987183
NORMAL/86/OS/030_Normal.tif,NORMAL-086,val,NORMAL,normal,OS,.tif,0.14117012917995453
NORMAL/87/OD/000_Normal.tif,NORMAL-087,test,NORMAL,normal,OD,.tif,0.1250988245010376
NORMAL/87/OD/001_Normal.tif,NORMAL-087,test,NORMAL,normal,OD,.tif,0.14721912145614624
NORMAL/87/OD/002_Normal.tif,NORMAL-087,test,NORMAL,normal,OD,.tif,0.14090842008590698
NORMAL/87/OD/007_Normal.tif,NORMAL-087,test,NORMAL,normal,OD,.tif,0.12282636016607285
NORMAL/87/OD/014_Normal.tif,NORMAL-087,test,NORMAL,normal,OD,.tif,0.1722540706396103
NORMAL/87/OD/022_Normal.tif,NORMAL-087,val,NORMAL,normal,OD,.tif,0.11559389531612396
NORMAL/87/OD/028_Normal.tif,NORMAL-087,val,NORMAL,normal,OD,.tif,0.13865935802459717
NORMAL/87/OD/030_Normal.tif,NORMAL-087,val,NORMAL,normal,OD,.tif,0.15406106412410736
NORMAL/87/OS/006_Normal.tif,NORMAL-087,val,NORMAL,normal,OS,.tif,0.165705144405365
NORMAL/87/OS/009_Normal.tif,NORMAL-087,val,NORMAL,normal,OS,.tif,0.14981213212013245
NORMAL/87/OS/013_Normal.tif,NORMAL-087,test,NORMAL,normal,OS,.tif,0.11654426157474518
NORMAL/87/OS/019_Normal.tif,NORMAL-087,val,NORMAL,normal,OS,.tif,0.1566106081008911
NORMAL/88/OD/004_Normal.tif,NORMAL-088,test,NORMAL,normal,OD,.tif,0.1630578339099884
NORMAL/88/OD/005_Normal.tif,NORMAL-088,test,NORMAL,normal,OD,.tif,0.15613307058811188
NORMAL/88/OD/008_Normal.tif,NORMAL-088,val,NORMAL,normal,OD,.tif,0.13391460478305817
NORMAL/88/OD/009_Normal.tif,NORMAL-088,val,NORMAL,normal,OD,.tif,0.16638755798339844
NORMAL/88/OD/013_Normal.tif,NORMAL-088,test,NORMAL,normal,OD,.tif,0.16087469458580017
NORMAL/88/OD/014_Normal.tif,NORMAL-088,test,NORMAL,normal,OD,.tif,0.1839657425880432
NORMAL/88/OD/017_Normal.tif,NORMAL-088,test,NORMAL,normal,OD,.tif,0.1337733119726181
NORMAL/88/OD/018_Normal.tif,NORMAL-088,val,NORMAL,normal,OD,.tif,0.17386263608932495
NORMAL/88/OD/026_Normal.tif,NORMAL-088,val,NORMAL,normal,OD,.tif,0.11557485163211823
NORMAL/88/OS/002_Normal.tif,NORMAL-088,test,NORMAL,normal,OS,.tif,0.181166410446167
NORMAL/88/OS/005_Normal.tif,NORMAL-088,test,NORMAL,normal,OS,.tif,0.16924981772899628
NORMAL/88/OS/010_Normal.tif,NORMAL-088,val,NORMAL,normal,OS,.tif,0.1125648096203804
NORMAL/88/OS/011_Normal.tif,NORMAL-088,test,NORMAL,normal,OS,.tif,0.09340527653694153
NORMAL/88/OS/013_Normal.tif,NORMAL-088,val,NORMAL,normal,OS,.tif,0.14955371618270874
NORMAL/88/OS/014_Normal.tif,NORMAL-088,test,NORMAL,normal,OS,.tif,0.1513945460319519
NORMAL/88/OS/015_Normal.tif,NORMAL-088,val,NORMAL,normal,OS,.tif,0.1866183876991272
NORMAL/88/OS/020_Normal.tif,NORMAL-088,val,NORMAL,normal,OS,.tif,0.11940716207027435
NORMAL/88/OS/022_Normal.tif,NORMAL-088,test,NORMAL,normal,OS,.tif,0.12281147390604019
NORMAL/88/OS/024_Normal.tif,NORMAL-088,test,NORMAL,normal,OS,.tif,0.10053974390029907
NORMAL/88/OS/028_Normal.tif,NORMAL-088,val,NORMAL,normal,OS,.tif,0.11806674301624298
NORMAL/89/OD/003_Normal.jpg,NORMAL-089,val,NORMAL,normal,OD,.jpg,0.11602078378200531
NORMAL/89/OD/004_Normal.jpg,NORMAL-089,test,NORMAL,normal,OD,.jpg,0.09670966863632202
NORMAL/89/OD/009_Normal.jpg,NORMAL-089,test,NORMAL,normal,OD,.jpg,0.12277647852897644
NORMAL/89/OD/013_Normal.jpg,NORMAL-089,val,NORMAL,normal,OD,.jpg,0.12923040986061096
NORMAL/89/OD/015_Normal.jpg,NORMAL-089,val,NORMAL,normal,OD,.jpg,0.22433733940124512
NORMAL/89/OD/017_Normal.jpg,NORMAL-089,test,NORMAL,normal,OD,.jpg,0.2177920937538147
NORMAL/89/OD/019_Normal.jpg,NORMAL-089,val,NORMAL,normal,OD,.jpg,0.13439911603927612
NORMAL/89/OD/021_Normal.jpg,NORMAL-089,val,NORMAL,normal,OD,.jpg,0.11536244302988052
NORMAL/89/OD/022_Normal.jpg,NORMAL-089,val,NORMAL,normal,OD,.jpg,0.12243006378412247
NORMAL/89/OS/001_Normal.jpg,NORMAL-089,val,NORMAL,normal,OS,.jpg,0.11646626889705658
NORMAL/89/OS/003_Normal.jpg,NORMAL-089,test,NORMAL,normal,OS,.jpg,0.11905614286661148
NORMAL/89/OS/005_Normal.jpg,NORMAL-089,val,NORMAL,normal,OS,.jpg,0.13842687010765076
NORMAL/89/OS/006_Normal.jpg,NORMAL-089,val,NORMAL,normal,OS,.jpg,0.1445300579071045
NORMAL/89/OS/007_Normal.jpg,NORMAL-089,test,NORMAL,normal,OS,.jpg,0.1058187410235405
NORMAL/89/OS/013_Normal.jpg,NORMAL-089,val,NORMAL,normal,OS,.jpg,0.10561439394950867
NORMAL/89/OS/015_Normal.jpg,NORMAL-089,val,NORMAL,normal,OS,.jpg,0.19273290038108826
NORMAL/89/OS/018_Normal.jpg,NORMAL-089,test,NORMAL,normal,OS,.jpg,0.16799022257328033
NORMAL/89/OS/026_Normal.jpg,NORMAL-089,val,NORMAL,normal,OS,.jpg,0.14360250532627106
NORMAL/90/OD/000_Normal.jpg,NORMAL-090,test,NORMAL,normal,OD,.jpg,0.14643748104572296
NORMAL/90/OD/002_Normal.jpg,NORMAL-090,val,NORMAL,normal,OD,.jpg,0.15607956051826477
NORMAL/90/OD/004_Normal.jpg,NORMAL-090,test,NORMAL,normal,OD,.jpg,0.16007868945598602
NORMAL/90/OD/005_Normal.jpg,NORMAL-090,test,NORMAL,normal,OD,.jpg,0.19072309136390686
NORMAL/90/OD/006_Normal.jpg,NORMAL-090,val,NORMAL,normal,OD,.jpg,0.18557074666023254
NORMAL/90/OD/016_Normal.jpg,NORMAL-090,val,NORMAL,normal,OD,.jpg,0.1475762128829956
NORMAL/90/OD/017_Normal.jpg,NORMAL-090,test,NORMAL,normal,OD,.jpg,0.12052685022354126
NORMAL/90/OD/020_Normal.jpg,NORMAL-090,val,NORMAL,normal,OD,.jpg,0.13497841358184814
NORMAL/90/OD/021_Normal.jpg,NORMAL-090,test,NORMAL,normal,OD,.jpg,0.11755888164043427
NORMAL/90/OD/022_Normal.jpg,NORMAL-090,test,NORMAL,normal,OD,.jpg,0.13854236900806427
NORMAL/90/OD/023_Normal.jpg,NORMAL-090,val,NORMAL,normal,OD,.jpg,0.1292399764060974
NORMAL/90/OD/024_Normal.jpg,NORMAL-090,val,NORMAL,normal,OD,.jpg,0.14384472370147705
NORMAL/90/OD/026_Normal.jpg,NORMAL-090,test,NORMAL,normal,OD,.jpg,0.1268034726381302
NORMAL/90/OD/027_Normal.jpg,NORMAL-090,test,NORMAL,normal,OD,.jpg,0.12314476072788239
NORMAL/90/OD/029_Normal.jpg,NORMAL-090,val,NORMAL,normal,OD,.jpg,0.1176256388425827
NORMAL/90/OS/004_Normal.jpg,NORMAL-090,test,NORMAL,normal,OS,.jpg,0.15379780530929565
NORMAL/90/OS/008_Normal.jpg,NORMAL-090,test,NORMAL,normal,OS,.jpg,0.17608538269996643
NORMAL/90/OS/013_Normal.jpg,NORMAL-090,val,NORMAL,normal,OS,.jpg,0.1892782747745514
NORMAL/90/OS/017_Normal.jpg,NORMAL-090,val,NORMAL,normal,OS,.jpg,0.17105209827423096
NORMAL/90/OS/021_Normal.jpg,NORMAL-090,test,NORMAL,normal,OS,.jpg,0.10791583359241486
NORMAL/90/OS/023_Normal.jpg,NORMAL-090,val,NORMAL,normal,OS,.jpg,0.11839044094085693
NORMAL/90/OS/024_Normal.jpg,NORMAL-090,test,NORMAL,normal,OS,.jpg,0.17439459264278412
NORMAL/90/OS/025_Normal.jpg,NORMAL-090,val,NORMAL,normal,OS,.jpg,0.13826444745063782
NORMAL/90/OS/027_Normal.jpg,NORMAL-090,val,NORMAL,normal,OS,.jpg,0.15790851414203644
NORMAL/90/OS/028_Normal.jpg,NORMAL-090,val,NORMAL,normal,OS,.jpg,0.16605544090270996
NORMAL/91/010_Normal.tif,NORMAL-091,val,NORMAL,normal,OS,.tif,0.1190120056271553
NORMAL/91/013_Normal.tif,NORMAL-091,val,NORMAL,normal,OS,.tif,0.17921440303325653
NORMAL/91/015_Normal.tif,NORMAL-091,test,NORMAL,normal,OS,.tif,0.11239121854305267
NORMAL/91/018_Normal.tif,NORMAL-091,val,NORMAL,normal,OS,.tif,0.13094237446784973
NORMAL/92/OD/002_Normal.tif,NORMAL-092,val,NORMAL,normal,OD,.tif,0.16417036950588226
NORMAL/92/OD/013_Normal.tif,NORMAL-092,test,NORMAL,normal,OD,.tif,0.11675499379634857
NORMAL/92/OD/014_Normal.tif,NORMAL-092,val,NORMAL,normal,OD,.tif,0.15984126925468445
NORMAL/92/OD/015_Normal.tif,NORMAL-092,val,NORMAL,normal,OD,.tif,0.18415966629981995
NORMAL/92/OS/000_Normal.tif,NORMAL-092,test,NORMAL,normal,OS,.tif,0.132337749004364
NORMAL/92/OS/001_Normal.tif,NORMAL-092,val,NORMAL,normal,OS,.tif,0.14129036664962769
NORMAL/92/OS/006_Normal.tif,NORMAL-092,test,NORMAL,normal,OS,.tif,0.14952310919761658
NORMAL/92/OS/007_Normal.tif,NORMAL-092,test,NORMAL,normal,OS,.tif,0.13360950350761414
NORMAL/92/OS/008_Normal.tif,NORMAL-092,test,NORMAL,normal,OS,.tif,0.16075420379638672
NORMAL/92/OS/009_Normal.tif,NORMAL-092,test,NORMAL,normal,OS,.tif,0.12137863785028458
NORMAL/92/OS/012_Normal.tif,NORMAL-092,test,NORMAL,normal,OS,.tif,0.13110943138599396
NORMAL/92/OS/017_Normal.tif,NORMAL-092,val,NORMAL,normal,OS,.tif,0.12759682536125183
NORMAL/92/OS/018_Normal.tif,NORMAL-092,val,NORMAL,normal,OS,.tif,0.12707367539405823
NORMAL/92/OS/028_Normal.tif,NORMAL-092,val,NORMAL,normal,OS,.tif,0.12286896258592606
NORMAL/93/000_Normal.tif,NORMAL-093,val,NORMAL,normal,OS,.tif,0.16089805960655212
NORMAL/93/009_Normal.tif,NORMAL-093,val,NORMAL,normal,OS,.tif,0.14281529188156128
NORMAL/93/010_Normal.tif,NORMAL-093,test,NORMAL,normal,OS,.tif,0.12742915749549866
NORMAL/93/011_Normal.tif,NORMAL-093,val,NORMAL,normal,OS,.tif,0.15596242249011993
NORMAL/93/013_Normal.tif,NORMAL-093,test,NORMAL,normal,OS,.tif,0.14350676536560059
NORMAL/93/021_Normal.tif,NORMAL-093,test,NORMAL,normal,OS,.tif,0.14544203877449036
NORMAL/93/024_Normal.tif,NORMAL-093,val,NORMAL,normal,OS,.tif,0.14232049882411957
NORMAL/93/025_Normal.tif,NORMAL-093,test,NORMAL,normal,OS,.tif,0.14009153842926025
NORMAL/93/027_Normal.tif,NORMAL-093,val,NORMAL,normal,OS,.tif,0.1322198361158371
NORMAL/94/004_Normal.tif,NORMAL-094,test,NORMAL,normal,OS,.tif,0.0891781747341156
NORMAL/94/005_Normal.tif,NORMAL-094,val,NORMAL,normal,OS,.tif,0.10531885921955109
NORMAL/94/008_Normal.tif,NORMAL-094,val,NORMAL,normal,OS,.tif,0.14818495512008667
NORMAL/94/011_Normal.tif,NORMAL-094,val,NORMAL,normal,OS,.tif,0.07223887741565704
NORMAL/94/019_Normal.tif,NORMAL-094,val,NORMAL,normal,OS,.tif,0.12606030702590942
NORMAL/94/021_Normal.tif,NORMAL-094,val,NORMAL,normal,OS,.tif,0.11380727589130402
NORMAL/94/023_Normal.tif,NORMAL-094,test,NORMAL,normal,OS,.tif,0.10564786195755005
NORMAL/94/027_Normal.tif,NORMAL-094,val,NORMAL,normal,OS,.tif,0.14099398255348206
NORMAL/94/028_Normal.tif,NORMAL-094,val,NORMAL,normal,OS,.tif,0.19667696952819824
NORMAL/95/OD/001_Normal.tif,NORMAL-095,val,NORMAL,normal,OD,.tif,0.18311946094036102
NORMAL/95/OD/003_Normal.tif,NORMAL-095,test,NORMAL,normal,OD,.tif,0.22172319889068604
NORMAL/95/OD/005_Normal.tif,NORMAL-095,val,NORMAL,normal,OD,.tif,0.20377972722053528
NORMAL/95/OD/016_Normal.tif,NORMAL-095,test,NORMAL,normal,OD,.tif,0.1370668113231659
NORMAL/95/OD/021_Normal.tif,NORMAL-095,val,NORMAL,normal,OD,.tif,0.21212905645370483
NORMAL/95/OD/022_Normal.tif,NORMAL-095,test,NORMAL,normal,OD,.tif,0.1999831646680832
NORMAL/95/OD/023_Normal.tif,NORMAL-095,test,NORMAL,normal,OD,.tif,0.13153484463691711
NORMAL/95/OD/024_Normal.tif,NORMAL-095,test,NORMAL,normal,OD,.tif,0.1852322518825531
NORMAL/95/OD/025_Normal.tif,NORMAL-095,val,NORMAL,normal,OD,.tif,0.15494365990161896
NORMAL/95/OD/027_Normal.tif,NORMAL-095,test,NORMAL,normal,OD,.tif,0.16080652177333832
NORMAL/95/OD/030_Normal.tif,NORMAL-095,val,NORMAL,normal,OD,.tif,0.12403923273086548
NORMAL/95/OS/007_Normal.tif,NORMAL-095,test,NORMAL,normal,OS,.tif,0.14882877469062805
NORMAL/95/OS/008_Normal.tif,NORMAL-095,val,NORMAL,normal,OS,.tif,0.1290641874074936
NORMAL/95/OS/011_Normal.tif,NORMAL-095,test,NORMAL,normal,OS,.tif,0.13616350293159485
NORMAL/95/OS/012_Normal.tif,NORMAL-095,test,NORMAL,normal,OS,.tif,0.1579534113407135
NORMAL/95/OS/013_Normal.tif,NORMAL-095,val,NORMAL,normal,OS,.tif,0.1240406334400177
NORMAL/95/OS/015_Normal.tif,NORMAL-095,test,NORMAL,normal,OS,.tif,0.2005677968263626
NORMAL/95/OS/016_Normal.tif,NORMAL-095,test,NORMAL,normal,OS,.tif,0.20556405186653137
NORMAL/95/OS/018_Normal.tif,NORMAL-095,test,NORMAL,normal,OS,.tif,0.20179115235805511
NORMAL/95/OS/026_Normal.tif,NORMAL-095,val,NORMAL,normal,OS,.tif,0.22416549921035767
NORMAL/96/OD/001_Normal.tif,NORMAL-096,val,NORMAL,normal,OD,.tif,0.16732493042945862
NORMAL/96/OD/004_Normal.tif,NORMAL-096,test,NORMAL,normal,OD,.tif,0.12888209521770477
NORMAL/96/OD/007_Normal.tif,NORMAL-096,val,NORMAL,normal,OD,.tif,0.08809173107147217
NORMAL/96/OD/010_Normal.tif,NORMAL-096,test,NORMAL,normal,OD,.tif,0.11640329658985138
NORMAL/96/OD/012_Normal.tif,NORMAL-096,val,NORMAL,normal,OD,.tif,0.0989997461438179
NORMAL/96/OD/014_Normal.tif,NORMAL-096,val,NORMAL,normal,OD,.tif,0.185932457447052
NORMAL/96/OD/016_Normal.tif,NORMAL-096,test,NORMAL,normal,OD,.tif,0.12938125431537628
NORMAL/96/OD/023_Normal.tif,NORMAL-096,val,NORMAL,normal,OD,.tif,0.1350070834159851
NORMAL/96/OD/029_Normal.tif,NORMAL-096,test,NORMAL,normal,OD,.tif,0.1552649736404419
NORMAL/96/OS/000_Normal.tif,NORMAL-096,test,NORMAL,normal,OS,.tif,0.13645073771476746
NORMAL/96/OS/008_Normal.tif,NORMAL-096,test,NORMAL,normal,OS,.tif,0.10323747992515564
NORMAL/96/OS/014_Normal.tif,NORMAL-096,test,NORMAL,normal,OS,.tif,0.15367639064788818
NORMAL/96/OS/017_Normal.tif,NORMAL-096,test,NORMAL,normal,OS,.tif,0.11769270896911621
NORMAL/96/OS/018_Normal.tif,NORMAL-096,test,NORMAL,normal,OS,.tif,0.1094256341457367
NORMAL/96/OS/023_Normal.tif,NORMAL-096,test,NORMAL,normal,OS,.tif,0.11520162224769592
NORMAL/96/OS/025_Normal.tif,NORMAL-096,test,NORMAL,normal,OS,.tif,0.1064845621585846
NORMAL/96/OS/027_Normal.tif,NORMAL-096,val,NORMAL,normal,OS,.tif,0.12711939215660095
NORMAL/96/OS/028_Normal.tif,NORMAL-096,val,NORMAL,normal,OS,.tif,0.11677617579698563
NORMAL/97/001_Normal.tif,NORMAL-097,test,NORMAL,normal,OS,.tif,0.1375226378440857
NORMAL/97/004_Normal.tif,NORMAL-097,val,NORMAL,normal,OS,.tif,0.1472463756799698
NORMAL/97/019_Normal.tif,NORMAL-097,test,NORMAL,normal,OS,.tif,0.200131356716156
NORMAL/97/024_Normal.tif,NORMAL-097,val,NORMAL,normal,OS,.tif,0.15744167566299438
NORMAL/97/025_Normal.tif,NORMAL-097,test,NORMAL,normal,OS,.tif,0.1488756686449051
NORMAL/97/026_Normal.tif,NORMAL-097,test,NORMAL,normal,OS,.tif,0.1477915644645691
NORMAL/97/028_Normal.tif,NORMAL-097,val,NORMAL,normal,OS,.tif,0.2256016731262207
NORMAL/98/OD/004_Normal.tif,NORMAL-098,val,NORMAL,normal,OD,.tif,0.2034895122051239
NORMAL/98/OD/007_Normal.tif,NORMAL-098,test,NORMAL,normal,OD,.tif,0.2043425291776657
NORMAL/98/OD/011_Normal.tif,NORMAL-098,val,NORMAL,normal,OD,.tif,0.19063815474510193
NORMAL/98/OD/014_Normal.tif,NORMAL-098,test,NORMAL,normal,OD,.tif,0.16640281677246094
NORMAL/98/OD/015_Normal.tif,NORMAL-098,val,NORMAL,normal,OD,.tif,0.2112669050693512
NORMAL/98/OD/017_Normal.tif,NORMAL-098,val,NORMAL,normal,OD,.tif,0.19105352461338043
NORMAL/98/OD/018_Normal.tif,NORMAL-098,val,NORMAL,normal,OD,.tif,0.21237145364284515
NORMAL/98/OD/022_Normal.tif,NORMAL-098,val,NORMAL,normal,OD,.tif,0.1959916204214096
NORMAL/98/OD/025_Normal.tif,NORMAL-098,test,NORMAL,normal,OD,.tif,0.20248399674892426
NORMAL/98/OD/028_Normal.tif,NORMAL-098,val,NORMAL,normal,OD,.tif,0.21459625661373138
NORMAL/98/OD/029_Normal.tif,NORMAL-098,val,NORMAL,normal,OD,.tif,0.1909395307302475
NORMAL/98/OS/005_Normal.tif,NORMAL-098,test,NORMAL,normal,OS,.tif,0.1831962764263153
NORMAL/98/OS/008_Normal.tif,NORMAL-098,test,NORMAL,normal,OS,.tif,0.1585688591003418
NORMAL/98/OS/009_Normal.tif,NORMAL-098,val,NORMAL,normal,OS,.tif,0.1418839395046234
NORMAL/98/OS/013_Normal.tif,NORMAL-098,val,NORMAL,normal,OS,.tif,0.17741957306861877
NORMAL/98/OS/014_Normal.tif,NORMAL-098,val,NORMAL,normal,OS,.tif,0.15917491912841797
NORMAL/98/OS/019_Normal.tif,NORMAL-098,val,NORMAL,normal,OS,.tif,0.19927184283733368
NORMAL/98/OS/022_Normal.tif,NORMAL-098,test,NORMAL,normal,OS,.tif,0.161436527967453
NORMAL/98/OS/023_Normal.tif,NORMAL-098,val,NORMAL,normal,OS,.tif,0.18289704620838165
NORMAL/98/OS/024_Normal.tif,NORMAL-098,test,NORMAL,normal,OS,.tif,0.19668880105018616
NORMAL/98/OS/028_Normal.tif,NORMAL-098,test,NORMAL,normal,OS,.tif,0.20034188032150269
NORMAL/99/010_Normal.tif,NORMAL-099,val,NORMAL,normal,OD,.tif,0.1393052041530609
NORMAL/99/023_Normal.tif,NORMAL-099,test,NORMAL,normal,OD,.tif,0.12403476983308792
NORMAL/99/025_Normal.tif,NORMAL-099,test,NORMAL,normal,OD,.tif,0.11626990139484406
NORMAL/100/000_Normal.tif,NORMAL-100,test,NORMAL,normal,OD,.tif,0.14178775250911713
NORMAL/100/003_Normal.tif,NORMAL-100,test,NORMAL,normal,OD,.tif,0.11512026935815811
NORMAL/100/009_Normal.tif,NORMAL-100,val,NORMAL,normal,OD,.tif,0.10158580541610718
NORMAL/100/011_Normal.tif,NORMAL-100,val,NORMAL,normal,OD,.tif,0.10099442303180695
NORMAL/100/016_Normal.tif,NORMAL-100,val,NORMAL,normal,OD,.tif,0.16384592652320862
NORMAL/100/021_Normal.tif,NORMAL-100,test,NORMAL,normal,OD,.tif,0.1203860342502594
NORMAL/100/025_Normal.tif,NORMAL-100,test,NORMAL,normal,OD,.tif,0.14468219876289368
NORMAL/100/027_Normal.tif,NORMAL-100,val,NORMAL,normal,OD,.tif,0.130568727850914
NORMAL/100/029_Normal.tif,NORMAL-100,test,NORMAL,normal,OD,.tif,0.1208781749010086
NORMAL/100/030_Normal.tif,NORMAL-100,test,NORMAL,normal,OD,.tif,0.0993940681219101
NORMAL/101/OD/000_Normal.tif,NORMAL-101,test,NORMAL,normal,OD,.tif,0.2444150149822235
NORMAL/101/OD/001_Normal.tif,NORMAL-101,test,NORMAL,normal,OD,.tif,0.24387426674365997
NORMAL/101/OD/006_Normal.tif,NORMAL-101,test,NORMAL,normal,OD,.tif,0.1297849863767624
NORMAL/101/OD/007_Normal.tif,NORMAL-101,test,NORMAL,normal,OD,.tif,0.11204171925783157
NORMAL/101/OD/008_Normal.tif,NORMAL-101,test,NORMAL,normal,OD,.tif,0.12139222025871277
NORMAL/101/OD/010_Normal.tif,NORMAL-101,val,NORMAL,normal,OD,.tif,0.16407710313796997
NORMAL/101/OD/013_Normal.tif,NORMAL-101,test,NORMAL,normal,OD,.tif,0.173092782497406
NORMAL/101/OD/018_Normal.tif,NORMAL-101,test,NORMAL,normal,OD,.tif,0.20088978111743927
NORMAL/101/OD/025_Normal.tif,NORMAL-101,val,NORMAL,normal,OD,.tif,0.14823713898658752
NORMAL/101/OS/001_Normal.tif,NORMAL-101,test,NORMAL,normal,OS,.tif,0.17687352001667023
NORMAL/101/OS/002_Normal.tif,NORMAL-101,val,NORMAL,normal,OS,.tif,0.14738845825195312
NORMAL/101/OS/004_Normal.tif,NORMAL-101,val,NORMAL,normal,OS,.tif,0.12041711062192917
NORMAL/101/OS/005_Normal.tif,NORMAL-101,val,NORMAL,normal,OS,.tif,0.17088963091373444
NORMAL/101/OS/006_Normal.tif,NORMAL-101,test,NORMAL,normal,OS,.tif,0.13087956607341766
NORMAL/101/OS/007_Normal.tif,NORMAL-101,test,NORMAL,normal,OS,.tif,0.16239652037620544
NORMAL/101/OS/012_Normal.tif,NORMAL-101,test,NORMAL,normal,OS,.tif,0.08997257053852081
NORMAL/101/OS/018_Normal.tif,NORMAL-101,val,NORMAL,normal,OS,.tif,0.13295674324035645
NORMAL/101/OS/021_Normal.tif,NORMAL-101,val,NORMAL,normal,OS,.tif,0.10791949927806854
NORMAL/101/OS/024_Normal.tif,NORMAL-101,test,NORMAL,normal,OS,.tif,0.11770715564489365
NORMAL/101/OS/027_Normal.tif,NORMAL-101,val,NORMAL,normal,OS,.tif,0.13997167348861694
NORMAL/101/OS/029_Normal.tif,NORMAL-101,val,NORMAL,normal,OS,.tif,0.11363071203231812
NORMAL/101/OS/030_Normal.tif,NORMAL-101,test,NORMAL,normal,OS,.tif,0.13501225411891937
NORMAL/102/OD/002_Normal.tif,NORMAL-102,val,NORMAL,normal,OD,.tif,0.1220274269580841
NORMAL/102/OD/005_Normal.tif,NORMAL-102,val,NORMAL,normal,OD,.tif,0.11741308867931366
NORMAL/102/OD/010_Normal.tif,NORMAL-102,val,NORMAL,normal,OD,.tif,0.11384917795658112
NORMAL/102/OD/011_Normal.tif,NORMAL-102,val,NORMAL,normal,OD,.tif,0.09889683127403259
NORMAL/102/OD/014_Normal.tif,NORMAL-102,val,NORMAL,normal,OD,.tif,0.20225414633750916
NORMAL/102/OD/015_Normal.tif,NORMAL-102,test,NORMAL,normal,OD,.tif,0.20370084047317505
NORMAL/102/OD/016_Normal.tif,NORMAL-102,test,NORMAL,normal,OD,.tif,0.1824633777141571
NORMAL/102/OD/022_Normal.tif,NORMAL-102,val,NORMAL,normal,OD,.tif,0.1277635246515274
NORMAL/102/OD/025_Normal.tif,NORMAL-102,val,NORMAL,normal,OD,.tif,0.10781928896903992
NORMAL/102/OD/027_Normal.tif,NORMAL-102,test,NORMAL,normal,OD,.tif,0.11978021264076233
NORMAL/102/OD/030_Normal.tif,NORMAL-102,val,NORMAL,normal,OD,.tif,0.12235170602798462
NORMAL/102/OS/001_Normal.tif,NORMAL-102,val,NORMAL,normal,OS,.tif,0.15359781682491302
NORMAL/102/OS/009_Normal.tif,NORMAL-102,val,NORMAL,normal,OS,.tif,0.15105116367340088
NORMAL/102/OS/012_Normal.tif,NORMAL-102,val,NORMAL,normal,OS,.tif,0.15340135991573334
NORMAL/102/OS/013_Normal.tif,NORMAL-102,test,NORMAL,normal,OS,.tif,0.2135223150253296
NORMAL/102/OS/015_Normal.tif,NORMAL-102,test,NORMAL,normal,OS,.tif,0.2059958428144455
NORMAL/102/OS/017_Normal.tif,NORMAL-102,val,NORMAL,normal,OS,.tif,0.22498062252998352
NORMAL/102/OS/021_Normal.tif,NORMAL-102,test,NORMAL,normal,OS,.tif,0.16216710209846497
NORMAL/103/OD/001_Normal.jpg,NORMAL-103,test,NORMAL,normal,OD,.jpg,0.18723684549331665
NORMAL/103/OD/002_Normal.jpg,NORMAL-103,val,NORMAL,normal,OD,.jpg,0.14898715913295746
NORMAL/103/OD/003_Normal.jpg,NORMAL-103,val,NORMAL,normal,OD,.jpg,0.18970926105976105
NORMAL/103/OD/004_Normal.jpg,NORMAL-103,val,NORMAL,normal,OD,.jpg,0.1638079434633255
NORMAL/103/OD/010_Normal.jpg,NORMAL-103,test,NORMAL,normal,OD,.jpg,0.13399150967597961
NORMAL/103/OD/017_Normal.jpg,NORMAL-103,val,NORMAL,normal,OD,.jpg,0.2143036425113678
NORMAL/103/OD/026_Normal.jpg,NORMAL-103,val,NORMAL,normal,OD,.jpg,0.12319931387901306
NORMAL/103/OD/029_Normal.jpg,NORMAL-103,val,NORMAL,normal,OD,.jpg,0.17611728608608246
NORMAL/103/OS/000_Normal.jpg,NORMAL-103,val,NORMAL,normal,OS,.jpg,0.14489006996154785
NORMAL/103/OS/001_Normal.jpg,NORMAL-103,val,NORMAL,normal,OS,.jpg,0.1215127557516098
NORMAL/103/OS/004_Normal.jpg,NORMAL-103,val,NORMAL,normal,OS,.jpg,0.13313257694244385
NORMAL/103/OS/005_Normal.jpg,NORMAL-103,test,NORMAL,normal,OS,.jpg,0.14181117713451385
NORMAL/103/OS/007_Normal.jpg,NORMAL-103,test,NORMAL,normal,OS,.jpg,0.18819037079811096
NORMAL/103/OS/016_Normal.jpg,NORMAL-103,val,NORMAL,normal,OS,.jpg,0.22135180234909058
NORMAL/103/OS/017_Normal.jpg,NORMAL-103,val,NORMAL,normal,OS,.jpg,0.23692139983177185
NORMAL/103/OS/019_Normal.jpg,NORMAL-103,val,NORMAL,normal,OS,.jpg,0.24605503678321838
NORMAL/103/OS/023_Normal.jpg,NORMAL-103,val,NORMAL,normal,OS,.jpg,0.24671976268291473
NORMAL/103/OS/024_Normal.jpg,NORMAL-103,test,NORMAL,normal,OS,.jpg,0.17263828217983246
NORMAL/103/OS/025_Normal.jpg,NORMAL-103,test,NORMAL,normal,OS,.jpg,0.16538205742835999
NORMAL/103/OS/026_Normal.jpg,NORMAL-103,test,NORMAL,normal,OS,.jpg,0.14661313593387604
NORMAL/104/OD/001_Normal.tif,NORMAL-104,val,NORMAL,normal,OD,.tif,0.13353955745697021
NORMAL/104/OD/005_Normal.tif,NORMAL-104,test,NORMAL,normal,OD,.tif,0.1339937448501587
NORMAL/104/OD/007_Normal.tif,NORMAL-104,val,NORMAL,normal,OD,.tif,0.13850919902324677
NORMAL/104/OD/008_Normal.tif,NORMAL-104,val,NORMAL,normal,OD,.tif,0.1531747579574585
NORMAL/104/OD/012_Normal.tif,NORMAL-104,test,NORMAL,normal,OD,.tif,0.1054145097732544
NORMAL/104/OD/015_Normal.tif,NORMAL-104,val,NORMAL,normal,OD,.tif,0.1787910908460617
NORMAL/104/OD/022_Normal.tif,NORMAL-104,test,NORMAL,normal,OD,.tif,0.12943992018699646
NORMAL/104/OD/023_Normal.tif,NORMAL-104,test,NORMAL,normal,OD,.tif,0.1155024990439415
NORMAL/104/OD/025_Normal.tif,NORMAL-104,val,NORMAL,normal,OD,.tif,0.13245239853858948
NORMAL/104/OD/026_Normal.tif,NORMAL-104,val,NORMAL,normal,OD,.tif,0.10699643194675446
NORMAL/104/OD/027_Normal.tif,NORMAL-104,test,NORMAL,normal,OD,.tif,0.11844616383314133
NORMAL/104/OS/002_Normal.tif,NORMAL-104,test,NORMAL,normal,OS,.tif,0.1908465027809143
NORMAL/104/OS/004_Normal.tif,NORMAL-104,val,NORMAL,normal,OS,.tif,0.1721116602420807
NORMAL/104/OS/009_Normal.tif,NORMAL-104,test,NORMAL,normal,OS,.tif,0.12689164280891418
NORMAL/104/OS/013_Normal.tif,NORMAL-104,test,NORMAL,normal,OS,.tif,0.12590688467025757
NORMAL/104/OS/014_Normal.tif,NORMAL-104,val,NORMAL,normal,OS,.tif,0.1336822807788849
NORMAL/104/OS/016_Normal.tif,NORMAL-104,val,NORMAL,normal,OS,.tif,0.16011559963226318
NORMAL/104/OS/021_Normal.tif,NORMAL-104,test,NORMAL,normal,OS,.tif,0.16911724209785461
NORMAL/104/OS/026_Normal.tif,NORMAL-104,val,NORMAL,normal,OS,.tif,0.12734569609165192
NORMAL/104/OS/027_Normal.tif,NORMAL-104,val,NORMAL,normal,OS,.tif,0.12475443631410599
NORMAL/104/OS/028_Normal.tif,NORMAL-104,val,NORMAL,normal,OS,.tif,0.14839068055152893
NORMAL/105/OD/002_Normal.tif,NORMAL-105,test,NORMAL,normal,OD,.tif,0.11002084612846375
NORMAL/105/OD/003_Normal.tif,NORMAL-105,test,NORMAL,normal,OD,.tif,0.098415806889534
NORMAL/105/OD/010_Normal.tif,NORMAL-105,val,NORMAL,normal,OD,.tif,0.16467663645744324
NORMAL/105/OD/012_Normal.tif,NORMAL-105,test,NORMAL,normal,OD,.tif,0.2132531702518463
NORMAL/105/OD/015_Normal.tif,NORMAL-105,val,NORMAL,normal,OD,.tif,0.2535512447357178
NORMAL/105/OD/020_Normal.tif,NORMAL-105,val,NORMAL,normal,OD,.tif,0.1590576469898224
NORMAL/105/OD/023_Normal.tif,NORMAL-105,test,NORMAL,normal,OD,.tif,0.1414150893688202
NORMAL/105/OS/001_Normal.tif,NORMAL-105,test,NORMAL,normal,OS,.tif,0.1387278139591217
NORMAL/105/OS/002_Normal.tif,NORMAL-105,val,NORMAL,normal,OS,.tif,0.13830575346946716
NORMAL/105/OS/008_Normal.tif,NORMAL-105,test,NORMAL,normal,OS,.tif,0.13233332335948944
NORMAL/105/OS/010_Normal.tif,NORMAL-105,test,NORMAL,normal,OS,.tif,0.14449474215507507
NORMAL/105/OS/011_Normal.tif,NORMAL-105,val,NORMAL,normal,OS,.tif,0.14494557678699493
NORMAL/105/OS/014_Normal.tif,NORMAL-105,test,NORMAL,normal,OS,.tif,0.15930074453353882
NORMAL/105/OS/016_Normal.tif,NORMAL-105,val,NORMAL,normal,OS,.tif,0.1450912058353424
NORMAL/105/OS/018_Normal.tif,NORMAL-105,test,NORMAL,normal,OS,.tif,0.17284172773361206
NORMAL/105/OS/019_Normal.tif,NORMAL-105,val,NORMAL,normal,OS,.tif,0.18817661702632904
NORMAL/105/OS/020_Normal.tif,NORMAL-105,test,NORMAL,normal,OS,.tif,0.13967002928256989
NORMAL/105/OS/022_Normal.tif,NORMAL-105,test,NORMAL,normal,OS,.tif,0.12673793733119965
NORMAL/105/OS/023_Normal.tif,NORMAL-105,val,NORMAL,normal,OS,.tif,0.08876919746398926
NORMAL/105/OS/026_Normal.tif,NORMAL-105,test,NORMAL,normal,OS,.tif,0.1757321059703827
NORMAL/105/OS/028_Normal.tif,NORMAL-105,val,NORMAL,normal,OS,.tif,0.16235096752643585
NORMAL/106/006_Normal.tif,NORMAL-106,val,NORMAL,normal,OS,.tif,0.2020539492368698
NORMAL/106/007_Normal.tif,NORMAL-106,test,NORMAL,normal,OS,.tif,0.1662493646144867
NORMAL/106/010_Normal.tif,NORMAL-106,val,NORMAL,normal,OS,.tif,0.14047014713287354
NORMAL/106/014_Normal.tif,NORMAL-106,test,NORMAL,normal,OS,.tif,0.1871185302734375
NORMAL/106/017_Normal.tif,NORMAL-106,val,NORMAL,normal,OS,.tif,0.20042011141777039
NORMAL/106/025_Normal.tif,NORMAL-106,test,NORMAL,normal,OS,.tif,0.21177667379379272
NORMAL/106/028_Normal.tif,NORMAL-106,val,NORMAL,normal,OS,.tif,0.2455628663301468
NORMAL/107/OD/002_Normal.tif,NORMAL-107,test,NORMAL,normal,OD,.tif,0.1472400426864624
NORMAL/107/OD/005_Normal.tif,NORMAL-107,test,NORMAL,normal,OD,.tif,0.16340233385562897
NORMAL/107/OD/006_Normal.tif,NORMAL-107,val,NORMAL,normal,OD,.tif,0.16973629593849182
NORMAL/107/OD/015_Normal.tif,NORMAL-107,test,NORMAL,normal,OD,.tif,0.19434204697608948
NORMAL/107/OD/018_Normal.tif,NORMAL-107,test,NORMAL,normal,OD,.tif,0.09625551104545593
NORMAL/107/OD/019_Normal.tif,NORMAL-107,val,NORMAL,normal,OD,.tif,0.09369489550590515
NORMAL/107/OD/025_Normal.tif,NORMAL-107,test,NORMAL,normal,OD,.tif,0.14529621601104736
NORMAL/107/OD/029_Normal.tif,NORMAL-107,test,NORMAL,normal,OD,.tif,0.13112878799438477
NORMAL/107/OS/004_Normal.tif,NORMAL-107,test,NORMAL,normal,OS,.tif,0.1063290536403656
NORMAL/107/OS/005_Normal.tif,NORMAL-107,test,NORMAL,normal,OS,.tif,0.1284012794494629
NORMAL/107/OS/009_Normal.tif,NORMAL-107,test,NORMAL,normal,OS,.tif,0.11570979654788971
NORMAL/107/OS/016_Normal.tif,NORMAL-107,test,NORMAL,normal,OS,.tif,0.11133023351430893
NORMAL/107/OS/022_Normal.tif,NORMAL-107,val,NORMAL,normal,OS,.tif,0.11903119087219238
NORMAL/107/OS/025_Normal.tif,NORMAL-107,val,NORMAL,normal,OS,.tif,0.13030371069908142
NORMAL/107/OS/027_Normal.tif,NORMAL-107,test,NORMAL,normal,OS,.tif,0.16378828883171082
NORMAL/107/OS/028_Normal.tif,NORMAL-107,val,NORMAL,normal,OS,.tif,0.1413656771183014
NORMAL/108/OD/000_Normal.tif,NORMAL-108,test,NORMAL,normal,OD,.tif,0.1836678385734558
NORMAL/108/OD/002_Normal.tif,NORMAL-108,test,NORMAL,normal,OD,.tif,0.1396051049232483
NORMAL/108/OD/005_Normal.tif,NORMAL-108,val,NORMAL,normal,OD,.tif,0.16147789359092712
NORMAL/108/OD/008_Normal.tif,NORMAL-108,test,NORMAL,normal,OD,.tif,0.17129282653331757
NORMAL/108/OD/009_Normal.tif,NORMAL-108,val,NORMAL,normal,OD,.tif,0.1827976405620575
NORMAL/108/OD/010_Normal.tif,NORMAL-108,val,NORMAL,normal,OD,.tif,0.1970493495464325
NORMAL/108/OD/011_Normal.tif,NORMAL-108,test,NORMAL,normal,OD,.tif,0.11815420538187027
NORMAL/108/OD/012_Normal.tif,NORMAL-108,val,NORMAL,normal,OD,.tif,0.1273229420185089
NORMAL/108/OD/018_Normal.tif,NORMAL-108,val,NORMAL,normal,OD,.tif,0.21430589258670807
NORMAL/108/OD/019_Normal.tif,NORMAL-108,test,NORMAL,normal,OD,.tif,0.17415794730186462
NORMAL/108/OD/021_Normal.tif,NORMAL-108,val,NORMAL,normal,OD,.tif,0.13912051916122437
NORMAL/108/OD/025_Normal.tif,NORMAL-108,val,NORMAL,normal,OD,.tif,0.1316932737827301
NORMAL/108/OD/030_Normal.tif,NORMAL-108,val,NORMAL,normal,OD,.tif,0.1288732886314392
NORMAL/108/OS/000_Normal.tif,NORMAL-108,test,NORMAL,normal,OS,.tif,0.1342160701751709
NORMAL/108/OS/014_Normal.tif,NORMAL-108,val,NORMAL,normal,OS,.tif,0.17658723890781403
NORMAL/108/OS/016_Normal.tif,NORMAL-108,test,NORMAL,normal,OS,.tif,0.18897508084774017
NORMAL/108/OS/017_Normal.tif,NORMAL-108,val,NORMAL,normal,OS,.tif,0.15771085023880005
NORMAL/108/OS/021_Normal.tif,NORMAL-108,test,NORMAL,normal,OS,.tif,0.12134887278079987
NORMAL/108/OS/023_Normal.tif,NORMAL-108,test,NORMAL,normal,OS,.tif,0.09729086607694626
NORMAL/108/OS/025_Normal.tif,NORMAL-108,test,NORMAL,normal,OS,.tif,0.15636707842350006
NORMAL/108/OS/026_Normal.tif,NORMAL-108,val,NORMAL,normal,OS,.tif,0.17912736535072327
NORMAL/108/OS/029_Normal.tif,NORMAL-108,test,NORMAL,normal,OS,.tif,0.1232367604970932
NORMAL/108/OS/030_Normal.tif,NORMAL-108,val,NORMAL,normal,OS,.tif,0.13651105761528015
NORMAL/109/OD/003_Normal.tif,NORMAL-109,test,NORMAL,normal,OD,.tif,0.1635793298482895
NORMAL/109/OD/007_Normal.tif,NORMAL-109,test,NORMAL,normal,OD,.tif,0.14413611590862274
NORMAL/109/OD/010_Normal.tif,NORMAL-109,val,NORMAL,normal,OD,.tif,0.16689902544021606
NORMAL/109/OD/011_Normal.tif,NORMAL-109,val,NORMAL,normal,OD,.tif,0.16770684719085693
NORMAL/109/OD/012_Normal.tif,NORMAL-109,val,NORMAL,normal,OD,.tif,0.1434389054775238
NORMAL/109/OD/013_Normal.tif,NORMAL-109,val,NORMAL,normal,OD,.tif,0.1336117386817932
NORMAL/109/OD/014_Normal.tif,NORMAL-109,val,NORMAL,normal,OD,.tif,0.15520504117012024
NORMAL/109/OD/016_Normal.tif,NORMAL-109,test,NORMAL,normal,OD,.tif,0.14936327934265137
NORMAL/109/OD/017_Normal.tif,NORMAL-109,val,NORMAL,normal,OD,.tif,0.14967505633831024
NORMAL/109/OD/018_Normal.tif,NORMAL-109,val,NORMAL,normal,OD,.tif,0.10328654944896698
NORMAL/109/OD/019_Normal.tif,NORMAL-109,test,NORMAL,normal,OD,.tif,0.09438090026378632
NORMAL/109/OD/021_Normal.tif,NORMAL-109,test,NORMAL,normal,OD,.tif,0.1399705410003662
NORMAL/109/OD/025_Normal.tif,NORMAL-109,val,NORMAL,normal,OD,.tif,0.12665046751499176
NORMAL/109/OD/026_Normal.tif,NORMAL-109,test,NORMAL,normal,OD,.tif,0.1416633427143097
NORMAL/109/OD/030_Normal.tif,NORMAL-109,test,NORMAL,normal,OD,.tif,0.1350231170654297
NORMAL/109/OS/007_Normal.tif,NORMAL-109,test,NORMAL,normal,OS,.tif,0.11976216733455658
NORMAL/109/OS/009_Normal.tif,NORMAL-109,test,NORMAL,normal,OS,.tif,0.14889901876449585
NORMAL/109/OS/015_Normal.tif,NORMAL-109,test,NORMAL,normal,OS,.tif,0.17886614799499512
NORMAL/109/OS/018_Normal.tif,NORMAL-109,test,NORMAL,normal,OS,.tif,0.08288674056529999
NORMAL/109/OS/020_Normal.tif,NORMAL-109,val,NORMAL,normal,OS,.tif,0.1231943666934967
NORMAL/109/OS/027_Normal.tif,NORMAL-109,test,NORMAL,normal,OS,.tif,0.14084410667419434
NORMAL/109/OS/028_Normal.tif,NORMAL-109,test,NORMAL,normal,OS,.tif,0.14654697477817535
NORMAL/110/OD/001_Normal.tif,NORMAL-110,test,NORMAL,normal,OD,.tif,0.2588289976119995
NORMAL/110/OD/002_Normal.tif,NORMAL-110,test,NORMAL,normal,OD,.tif,0.22183716297149658
NORMAL/110/OD/003_Normal.tif,NORMAL-110,val,NORMAL,normal,OD,.tif,0.23270809650421143
NORMAL/110/OD/005_Normal.tif,NORMAL-110,val,NORMAL,normal,OD,.tif,0.19650717079639435
NORMAL/110/OD/011_Normal.tif,NORMAL-110,test,NORMAL,normal,OD,.tif,0.1758023500442505
NORMAL/110/OS/003_Normal.tif,NORMAL-110,test,NORMAL,normal,OS,.tif,0.1903083622455597
NORMAL/110/OS/004_Normal.tif,NORMAL-110,val,NORMAL,normal,OS,.tif,0.17693594098091125
NORMAL/110/OS/006_Normal.tif,NORMAL-110,test,NORMAL,normal,OS,.tif,0.17224104702472687
NORMAL/110/OS/010_Normal.tif,NORMAL-110,test,NORMAL,normal,OS,.tif,0.18729281425476074
NORMAL/110/OS/013_Normal.tif,NORMAL-110,test,NORMAL,normal,OS,.tif,0.2038760483264923
NORMAL/110/OS/020_Normal.tif,NORMAL-110,test,NORMAL,normal,OS,.tif,0.22114205360412598
NORMAL/111/OD/000_Normal.tif,NORMAL-111,val,NORMAL,normal,OD,.tif,0.18796378374099731
NORMAL/111/OD/010_Normal.tif,NORMAL-111,val,NORMAL,normal,OD,.tif,0.1787404716014862
NORMAL/111/OD/015_Normal.tif,NORMAL-111,test,NORMAL,normal,OD,.tif,0.2860953211784363
NORMAL/111/OD/018_Normal.tif,NORMAL-111,val,NORMAL,normal,OD,.tif,0.30716952681541443
NORMAL/111/OD/019_Normal.tif,NORMAL-111,test,NORMAL,normal,OD,.tif,0.22284692525863647
NORMAL/111/OD/021_Normal.tif,NORMAL-111,test,NORMAL,normal,OD,.tif,0.19442376494407654
NORMAL/111/OD/023_Normal.tif,NORMAL-111,test,NORMAL,normal,OD,.tif,0.23987233638763428
NORMAL/111/OD/030_Normal.tif,NORMAL-111,val,NORMAL,normal,OD,.tif,0.2199137955904007
NORMAL/111/OS/002_Normal.tif,NORMAL-111,val,NORMAL,normal,OS,.tif,0.09545950591564178
NORMAL/111/OS/010_Normal.tif,NORMAL-111,test,NORMAL,normal,OS,.tif,0.15590256452560425
NORMAL/111/OS/012_Normal.tif,NORMAL-111,test,NORMAL,normal,OS,.tif,0.16315637528896332
NORMAL/111/OS/023_Normal.tif,NORMAL-111,test,NORMAL,normal,OS,.tif,0.16267842054367065
NORMAL/111/OS/026_Normal.tif,NORMAL-111,test,NORMAL,normal,OS,.tif,0.1626722812652588
NORMAL/111/OS/027_Normal.tif,NORMAL-111,test,NORMAL,normal,OS,.tif,0.17636287212371826
NORMAL/111/OS/030_Normal.tif,NORMAL-111,val,NORMAL,normal,OS,.tif,0.17247304320335388
NORMAL/112/010_Normal.jpg,NORMAL-112,val,NORMAL,normal,OS,.jpg,0.24551922082901
NORMAL/112/017_Normal.jpg,NORMAL-112,test,NORMAL,normal,OS,.jpg,0.22737547755241394
NORMAL/112/020_Normal.jpg,NORMAL-112,test,NORMAL,normal,OS,.jpg,0.21100689470767975
NORMAL/112/023_Normal.jpg,NORMAL-112,val,NORMAL,normal,OS,.jpg,0.1869986653327942
NORMAL/112/029_Normal.jpg,NORMAL-112,test,NORMAL,normal,OS,.jpg,0.1948307603597641
NORMAL/112/030_Normal.jpg,NORMAL-112,val,NORMAL,normal,OS,.jpg,0.2604020833969116
NORMAL/113/000_Normal.tif,NORMAL-113,test,NORMAL,normal,OD,.tif,0.17776569724082947
NORMAL/113/002_Normal.tif,NORMAL-113,test,NORMAL,normal,OD,.tif,0.14214341342449188
NORMAL/113/010_Normal.tif,NORMAL-113,val,NORMAL,normal,OD,.tif,0.19075432419776917
NORMAL/113/013_Normal.tif,NORMAL-113,test,NORMAL,normal,OD,.tif,0.18267878890037537
NORMAL/113/014_Normal.tif,NORMAL-113,test,NORMAL,normal,OD,.tif,0.1802876591682434
NORMAL/113/016_Normal.tif,NORMAL-113,test,NORMAL,normal,OD,.tif,0.18948310613632202
NORMAL/113/023_Normal.tif,NORMAL-113,val,NORMAL,normal,OD,.tif,0.23387254774570465
NORMAL/114/005_Normal.tif,NORMAL-114,val,NORMAL,normal,OS,.tif,0.14749446511268616
NORMAL/114/008_Normal.tif,NORMAL-114,val,NORMAL,normal,OS,.tif,0.14344891905784607
NORMAL/114/010_Normal.tif,NORMAL-114,test,NORMAL,normal,OS,.tif,0.13770490884780884
NORMAL/114/017_Normal.tif,NORMAL-114,test,NORMAL,normal,OS,.tif,0.24831753969192505
NORMAL/114/019_Normal.tif,NORMAL-114,val,NORMAL,normal,OS,.tif,0.23316572606563568
NORMAL/114/021_Normal.tif,NORMAL-114,test,NORMAL,normal,OS,.tif,0.19440314173698425
NORMAL/114/023_Normal.tif,NORMAL-114,val,NORMAL,normal,OS,.tif,0.1938246190547943
NORMAL/114/030_Normal.tif,NORMAL-114,val,NORMAL,normal,OS,.tif,0.28674617409706116
NORMAL/115/OD/011_Normal.tif,NORMAL-115,test,NORMAL,normal,OD,.tif,0.1250232756137848
NORMAL/115/OD/013_Normal.tif,NORMAL-115,test,NORMAL,normal,OD,.tif,0.0981205478310585
NORMAL/115/OD/016_Normal.tif,NORMAL-115,test,NORMAL,normal,OD,.tif,0.13965658843517303
NORMAL/115/OD/019_Normal.tif,NORMAL-115,test,NORMAL,normal,OD,.tif,0.09514504671096802
NORMAL/115/OD/020_Normal.tif,NORMAL-115,test,NORMAL,normal,OD,.tif,0.10332570225000381
NORMAL/115/OD/023_Normal.tif,NORMAL-115,val,NORMAL,normal,OD,.tif,0.10422523319721222
NORMAL/115/OD/029_Normal.tif,NORMAL-115,test,NORMAL,normal,OD,.tif,0.14622625708580017
NORMAL/115/OS/005_Normal.tif,NORMAL-115,test,NORMAL,normal,OS,.tif,0.13088096678256989
NORMAL/115/OS/011_Normal.tif,NORMAL-115,val,NORMAL,normal,OS,.tif,0.1301814466714859
NORMAL/115/OS/015_Normal.tif,NORMAL-115,val,NORMAL,normal,OS,.tif,0.17920246720314026
NORMAL/115/OS/017_Normal.tif,NORMAL-115,test,NORMAL,normal,OS,.tif,0.12018615007400513
NORMAL/115/OS/019_Normal.tif,NORMAL-115,val,NORMAL,normal,OS,.tif,0.12825916707515717
NORMAL/115/OS/022_Normal.tif,NORMAL-115,val,NORMAL,normal,OS,.tif,0.1319824755191803
NORMAL/115/OS/025_Normal.tif,NORMAL-115,test,NORMAL,normal,OS,.tif,0.18415376543998718
NORMAL/115/OS/026_Normal.tif,NORMAL-115,test,NORMAL,normal,OS,.tif,0.17420533299446106
NORMAL/115/OS/027_Normal.tif,NORMAL-115,val,NORMAL,normal,OS,.tif,0.18326345086097717
NORMAL/115/OS/028_Normal.tif,NORMAL-115,test,NORMAL,normal,OS,.tif,0.19200347363948822
NORMAL/115/OS/029_Normal.tif,NORMAL-115,val,NORMAL,normal,OS,.tif,0.21223008632659912
NORMAL/116/003_Normal.tif,NORMAL-116,test,NORMAL,normal,OD,.tif,0.14545834064483643
NORMAL/116/016_Normal.tif,NORMAL-116,test,NORMAL,normal,OD,.tif,0.16580629348754883
NORMAL/116/021_Normal.tif,NORMAL-116,test,NORMAL,normal,OD,.tif,0.09554929286241531
NORMAL/116/024_Normal.tif,NORMAL-116,val,NORMAL,normal,OD,.tif,0.1330205500125885
NORMAL/116/028_Normal.tif,NORMAL-116,val,NORMAL,normal,OD,.tif,0.20694518089294434
NORMAL/117/OD/001_Normal.tif,NORMAL-117,test,NORMAL,normal,OD,.tif,0.15168848633766174
NORMAL/117/OD/003_Normal.tif,NORMAL-117,test,NORMAL,normal,OD,.tif,0.1289244145154953
NORMAL/117/OD/004_Normal.tif,NORMAL-117,test,NORMAL,normal,OD,.tif,0.15724122524261475
NORMAL/117/OD/005_Normal.tif,NORMAL-117,val,NORMAL,normal,OD,.tif,0.1489911675453186
NORMAL/117/OD/008_Normal.tif,NORMAL-117,test,NORMAL,normal,OD,.tif,0.16214430332183838
NORMAL/117/OD/010_Normal.tif,NORMAL-117,val,NORMAL,normal,OD,.tif,0.13523024320602417
NORMAL/117/OD/011_Normal.tif,NORMAL-117,test,NORMAL,normal,OD,.tif,0.13492080569267273
NORMAL/117/OD/013_Normal.tif,NORMAL-117,test,NORMAL,normal,OD,.tif,0.17035993933677673
NORMAL/117/OD/014_Normal.tif,NORMAL-117,val,NORMAL,normal,OD,.tif,0.19141598045825958
NORMAL/117/OD/019_Normal.tif,NORMAL-117,test,NORMAL,normal,OD,.tif,0.112582266330719
NORMAL/117/OD/021_Normal.tif,NORMAL-117,test,NORMAL,normal,OD,.tif,0.1348475068807602
NORMAL/117/OD/026_Normal.tif,NORMAL-117,test,NORMAL,normal,OD,.tif,0.09182153642177582
NORMAL/117/OS/000_Normal.tif,NORMAL-117,val,NORMAL,normal,OS,.tif,0.1265115737915039
NORMAL/117/OS/004_Normal.tif,NORMAL-117,val,NORMAL,normal,OS,.tif,0.18947972357273102
NORMAL/117/OS/005_Normal.tif,NORMAL-117,val,NORMAL,normal,OS,.tif,0.16134092211723328
NORMAL/117/OS/014_Normal.tif,NORMAL-117,test,NORMAL,normal,OS,.tif,0.1841718852519989
NORMAL/117/OS/025_Normal.tif,NORMAL-117,test,NORMAL,normal,OS,.tif,0.13159364461898804
NORMAL/117/OS/026_Normal.tif,NORMAL-117,test,NORMAL,normal,OS,.tif,0.11361304670572281
NORMAL/117/OS/030_Normal.tif,NORMAL-117,test,NORMAL,normal,OS,.tif,0.11533964425325394
NORMAL/118/OD/000_Normal.tif,NORMAL-118,test,NORMAL,normal,OD,.tif,0.13740462064743042
NORMAL/118/OD/009_Normal.tif,NORMAL-118,test,NORMAL,normal,OD,.tif,0.09616043418645859
NORMAL/118/OD/011_Normal.tif,NORMAL-118,val,NORMAL,normal,OD,.tif,0.12245406955480576
NORMAL/118/OD/012_Normal.tif,NORMAL-118,val,NORMAL,normal,OD,.tif,0.14822432398796082
NORMAL/118/OD/016_Normal.tif,NORMAL-118,test,NORMAL,normal,OD,.tif,0.18726980686187744
NORMAL/118/OD/020_Normal.tif,NORMAL-118,test,NORMAL,normal,OD,.tif,0.13627208769321442
NORMAL/118/OD/022_Normal.tif,NORMAL-118,test,NORMAL,normal,OD,.tif,0.10752357542514801
NORMAL/118/OD/026_Normal.tif,NORMAL-118,test,NORMAL,normal,OD,.tif,0.09755115211009979
NORMAL/118/OD/030_Normal.tif,NORMAL-118,test,NORMAL,normal,OD,.tif,0.12128902226686478
NORMAL/118/OS/001_Normal.tif,NORMAL-118,val,NORMAL,normal,OS,.tif,0.10642433166503906
NORMAL/118/OS/007_Normal.tif,NORMAL-118,val,NORMAL,normal,OS,.tif,0.1219257190823555
NORMAL/118/OS/009_Normal.tif,NORMAL-118,val,NORMAL,normal,OS,.tif,0.0995728150010109
NORMAL/118/OS/010_Normal.tif,NORMAL-118,test,NORMAL,normal,OS,.tif,0.11749863624572754
NORMAL/118/OS/012_Normal.tif,NORMAL-118,test,NORMAL,normal,OS,.tif,0.1150912195444107
NORMAL/118/OS/013_Normal.tif,NORMAL-118,test,NORMAL,normal,OS,.tif,0.11355001479387283
NORMAL/118/OS/015_Normal.tif,NORMAL-118,val,NORMAL,normal,OS,.tif,0.15390628576278687
NORMAL/118/OS/022_Normal.tif,NORMAL-118,test,NORMAL,normal,OS,.tif,0.10458077490329742
NORMAL/118/OS/025_Normal.tif,NORMAL-118,test,NORMAL,normal,OS,.tif,0.16578200459480286
NORMAL/118/OS/026_Normal.tif,NORMAL-118,val,NORMAL,normal,OS,.tif,0.13605350255966187
NORMAL/118/OS/027_Normal.tif,NORMAL-118,val,NORMAL,normal,OS,.tif,0.14348182082176208
NORMAL/118/OS/028_Normal.tif,NORMAL-118,test,NORMAL,normal,OS,.tif,0.10392150282859802
NORMAL/118/OS/030_Normal.tif,NORMAL-118,val,NORMAL,normal,OS,.tif,0.12660165131092072
NORMAL/119/OD/000_Normal.tif,NORMAL-119,val,NORMAL,normal,OD,.tif,0.16077187657356262
NORMAL/119/OD/004_Normal.tif,NORMAL-119,val,NORMAL,normal,OD,.tif,0.203778475522995
NORMAL/119/OD/007_Normal.tif,NORMAL-119,test,NORMAL,normal,OD,.tif,0.1793573647737503
NORMAL/119/OD/011_Normal.tif,NORMAL-119,test,NORMAL,normal,OD,.tif,0.14301486313343048
NORMAL/119/OD/017_Normal.tif,NORMAL-119,val,NORMAL,normal,OD,.tif,0.12869790196418762
NORMAL/119/OD/023_Normal.tif,NORMAL-119,test,NORMAL,normal,OD,.tif,0.19846093654632568
NORMAL/119/OD/027_Normal.tif,NORMAL-119,val,NORMAL,normal,OD,.tif,0.15077224373817444
NORMAL/119/OS/010_Normal.tif,NORMAL-119,val,NORMAL,normal,OS,.tif,0.1315566897392273
NORMAL/119/OS/014_Normal.tif,NORMAL-119,val,NORMAL,normal,OS,.tif,0.1414717137813568
NORMAL/119/OS/015_Normal.tif,NORMAL-119,val,NORMAL,normal,OS,.tif,0.15430977940559387
NORMAL/119/OS/020_Normal.tif,NORMAL-119,test,NORMAL,normal,OS,.tif,0.15791063010692596
NORMAL/119/OS/023_Normal.tif,NORMAL-119,val,NORMAL,normal,OS,.tif,0.17456069588661194
NORMAL/119/OS/026_Normal.tif,NORMAL-119,val,NORMAL,normal,OS,.tif,0.16121749579906464
NORMAL/119/OS/028_Normal.tif,NORMAL-119,test,NORMAL,normal,OS,.tif,0.19328634440898895
NORMAL/119/OS/029_Normal.tif,NORMAL-119,val,NORMAL,normal,OS,.tif,0.1581680178642273
NORMAL/120/OD/002_Normal.tif,NORMAL-120,val,NORMAL,normal,OD,.tif,0.21815361082553864
NORMAL/120/OD/003_Normal.tif,NORMAL-120,val,NORMAL,normal,OD,.tif,0.2300352156162262
NORMAL/120/OD/005_Normal.tif,NORMAL-120,test,NORMAL,normal,OD,.tif,0.17006123065948486
NORMAL/120/OD/009_Normal.tif,NORMAL-120,test,NORMAL,normal,OD,.tif,0.1721169501543045
NORMAL/120/OD/012_Normal.tif,NORMAL-120,test,NORMAL,normal,OD,.tif,0.15440742671489716
NORMAL/120/OD/014_Normal.tif,NORMAL-120,val,NORMAL,normal,OD,.tif,0.17712873220443726
NORMAL/120/OD/022_Normal.tif,NORMAL-120,val,NORMAL,normal,OD,.tif,0.15594086050987244
NORMAL/120/OD/023_Normal.tif,NORMAL-120,val,NORMAL,normal,OD,.tif,0.15779078006744385
NORMAL/120/OD/027_Normal.tif,NORMAL-120,test,NORMAL,normal,OD,.tif,0.14631441235542297
NORMAL/120/OS/000_Normal.tif,NORMAL-120,test,NORMAL,normal,OS,.tif,0.2621075510978699
NORMAL/120/OS/002_Normal.tif,NORMAL-120,test,NORMAL,normal,OS,.tif,0.24966856837272644
NORMAL/120/OS/003_Normal.tif,NORMAL-120,test,NORMAL,normal,OS,.tif,0.26689210534095764
NORMAL/120/OS/004_Normal.tif,NORMAL-120,val,NORMAL,normal,OS,.tif,0.23001441359519958
NORMAL/120/OS/006_Normal.tif,NORMAL-120,test,NORMAL,normal,OS,.tif,0.15417532622814178
NORMAL/120/OS/013_Normal.tif,NORMAL-120,val,NORMAL,normal,OS,.tif,0.15295790135860443
NORMAL/120/OS/017_Normal.tif,NORMAL-120,val,NORMAL,normal,OS,.tif,0.21071979403495789
NORMAL/120/OS/019_Normal.tif,NORMAL-120,test,NORMAL,normal,OS,.tif,0.1983514130115509
NORMAL/120/OS/021_Normal.tif,NORMAL-120,val,NORMAL,normal,OS,.tif,0.14692606031894684
NORMAL/120/OS/022_Normal.tif,NORMAL-120,test,NORMAL,normal,OS,.tif,0.17923367023468018
NORMAL/120/OS/024_Normal.tif,NORMAL-120,val,NORMAL,normal,OS,.tif,0.2127823531627655
