image_path,patient_id,split,class_folder,bscan_label,eye,ext,score
CNV/3/OD/000_CNV.jpg,CNV-003,val,CNV,cnv,OD,.jpg,2.1742544174194336
CNV/3/OD/001_CNV.jpg,CNV-003,val,CNV,cnv,OD,.jpg,2.2607030868530273
CNV/3/OD/002_CNV.jpg,CNV-003,val,CNV,cnv,OD,.jpg,2.2415685653686523
CNV/3/OD/003_CNV.jpg,CNV-003,val,CNV,cnv,OD,.jpg,2.146660804748535
CNV/3/OD/004_CNV.jpg,CNV-003,val,CNV,cnv,OD,.jpg,2.145016670227051
CNV/3/OD/005_CNV.jpg,CNV-003,val,CNV,cnv,OD,.jpg,2.156485080718994
CNV/3/OD/006_CNV.jpg,CNV-003,val,CNV,cnv,OD,.jpg,2.1497483253479004
CNV/3/OD/007_CNV.jpg,CNV-003,val,CNV,cnv,OD,.jpg,2.2676422595977783
CNV/3/OD/008_CNV.jpg,CNV-003,val,CNV,cnv,OD,.jpg,2.238499879837036
CNV/3/OD/009_CNV.jpg,CNV-003,val,CNV,cnv,OD,.jpg,2.5496926307678223
CNV/3/OD/010_CNV.jpg,CNV-003,val,CNV,cnv,OD,.jpg,2.7009217739105225
CNV/3/OD/011_CNV.jpg,CNV-003,val,CNV,cnv,OD,.jpg,2.6833324432373047
CNV/3/OD/012_CNV.jpg,CNV-003,val,CNV,cnv,OD,.jpg,2.8013269901275635
CNV/3/OD/013_CNV.jpg,CNV-003,val,CNV,cnv,OD,.jpg,2.9306514263153076
CNV/3/OD/014_CNV.jpg,CNV-003,val,CNV,cnv,OD,.jpg,3.1336898803710938
CNV/3/OD/015_CNV.jpg,CNV-003,val,CNV,cnv,OD,.jpg,2.945281982421875
CNV/3/OD/016_CNV.jpg,CNV-003,val,CNV,cnv,OD,.jpg,2.663717269897461
CNV/3/OD/017_CNV.jpg,CNV-003,val,CNV,cnv,OD,.jpg,2.7182984352111816
CNV/3/OD/018_CNV.jpg,CNV-003,val,CNV,cnv,OD,.jpg,2.5220751762390137
CNV/3/OD/019_CNV.jpg,CNV-003,val,CNV,cnv,OD,.jpg,2.33085560798645
CNV/3/OD/020_CNV.jpg,CNV-003,val,CNV,cnv,OD,.jpg,2.165415048599243
CNV/3/OD/021_CNV.jpg,CNV-003,val,CNV,cnv,OD,.jpg,2.0467629432678223
CNV/3/OD/022_CNV.jpg,CNV-003,val,CNV,cnv,OD,.jpg,2.0012128353118896
CNV/3/OD/023_CNV.jpg,CNV-003,val,CNV,cnv,OD,.jpg,1.8213385343551636
CNV/3/OD/024_CNV.jpg,CNV-003,val,CNV,cnv,OD,.jpg,1.8667713403701782
CNV/3/OD/025_CNV.jpg,CNV-003,val,CNV,cnv,OD,.jpg,1.8149839639663696
CNV/3/OD/026_CNV.jpg,CNV-003,val,CNV,cnv,OD,.jpg,1.785670518875122
CNV/3/OD/027_CNV.jpg,CNV-003,val,CNV,cnv,OD,.jpg,1.696528673171997
CNV/3/OD/028_CNV.jpg,CNV-003,val,CNV,cnv,OD,.jpg,1.8669830560684204
CNV/3/OD/029_CNV.jpg,CNV-003,val,CNV,cnv,OD,.jpg,1.7422924041748047
CNV/3/OD/030_CNV.jpg,CNV-003,val,CNV,cnv,OD,.jpg,1.6326007843017578
CNV/3/OS/000_CNV.jpg,CNV-003,val,CNV,cnv,OS,.jpg,1.9131817817687988
CNV/3/OS/001_CNV.jpg,CNV-003,val,CNV,cnv,OS,.jpg,2.044255256652832
CNV/3/OS/002_CNV.jpg,CNV-003,val,CNV,cnv,OS,.jpg,2.0041918754577637
CNV/3/OS/003_CNV.jpg,CNV-003,val,CNV,cnv,OS,.jpg,1.9149764776229858
CNV/3/OS/004_CNV.jpg,CNV-003,val,CNV,cnv,OS,.jpg,2.006479263305664
CNV/3/OS/005_CNV.jpg,CNV-003,val,CNV,cnv,OS,.jpg,2.0449273586273193
CNV/3/OS/006_CNV.jpg,CNV-003,val,CNV,cnv,OS,.jpg,2.1751105785369873
CNV/3/OS/007_CNV.jpg,CNV-003,val,CNV,cnv,OS,.jpg,2.183274984359741
CNV/3/OS/008_CNV.jpg,CNV-003,val,CNV,cnv,OS,.jpg,2.205259323120117
CNV/3/OS/009_CNV.jpg,CNV-003,val,CNV,cnv,OS,.jpg,2.388291597366333
CNV/3/OS/010_CNV.jpg,CNV-003,val,CNV,cnv,OS,.jpg,2.7899329662323
CNV/3/OS/011_CNV.jpg,CNV-003,val,CNV,cnv,OS,.jpg,2.733830451965332
CNV/3/OS/012_CNV.jpg,CNV-003,val,CNV,cnv,OS,.jpg,2.7216575145721436
CNV/3/OS/013_CNV.jpg,CNV-003,val,CNV,cnv,OS,.jpg,2.6129395961761475
CNV/3/OS/014_CNV.jpg,CNV-003,val,CNV,cnv,OS,.jpg,2.7653050422668457
CNV/3/OS/015_CNV.jpg,CNV-003,val,CNV,cnv,OS,.jpg,2.530716896057129
CNV/3/OS/016_CNV.jpg,CNV-003,val,CNV,cnv,OS,.jpg,2.3562746047973633
CNV/3/OS/017_CNV.jpg,CNV-003,val,CNV,cnv,OS,.jpg,2.4683990478515625
CNV/3/OS/018_CNV.jpg,CNV-003,val,CNV,cnv,OS,.jpg,2.34269118309021
CNV/3/OS/019_CNV.jpg,CNV-003,val,CNV,cnv,OS,.jpg,2.3448023796081543
CNV/3/OS/020_CNV.jpg,CNV-003,val,CNV,cnv,OS,.jpg,2.3386623859405518
CNV/3/OS/021_CNV.jpg,CNV-003,val,CNV,cnv,OS,.jpg,2.268958806991577
CNV/3/OS/022_CNV.jpg,CNV-003,val,CNV,cnv,OS,.jpg,2.33579158782959
CNV/3/OS/023_CNV.jpg,CNV-003,val,CNV,cnv,OS,.jpg,2.5944604873657227
CNV/3/OS/024_CNV.jpg,CNV-003,val,CNV,cnv,OS,.jpg,2.8043673038482666
CNV/3/OS/025_CNV.jpg,CNV-003,val,CNV,cnv,OS,.jpg,3.1643614768981934
CNV/3/OS/026_CNV.jpg,CNV-003,val,CNV,cnv,OS,.jpg,2.786550283432007
CNV/3/OS/027_CNV.jpg,CNV-003,val,CNV,cnv,OS,.jpg,2.7855868339538574
CNV/3/OS/028_CNV.jpg,CNV-003,val,CNV,cnv,OS,.jpg,2.34759259223938
CNV/4/000_Drusen.jpg,CNV-004,val,CNV,drusen,OD,.jpg,1.5884310007095337
CNV/4/001_Normal.jpg,CNV-004,val,CNV,normal,OD,.jpg,1.5281355381011963
CNV/4/002_Normal.jpg,CNV-004,val,CNV,normal,OD,.jpg,1.499929666519165
CNV/4/003_Normal.jpg,CNV-004,val,CNV,normal,OD,.jpg,1.6376631259918213
CNV/4/004_Normal.jpg,CNV-004,val,CNV,normal,OD,.jpg,1.501739263534546
CNV/4/005_Normal.jpg,CNV-004,val,CNV,normal,OD,.jpg,1.6599851846694946
CNV/4/006_Normal.jpg,CNV-004,val,CNV,normal,OD,.jpg,1.6687721014022827
CNV/4/007_Normal.jpg,CNV-004,val,CNV,normal,OD,.jpg,1.7335312366485596
CNV/4/008_Normal.jpg,CNV-004,val,CNV,normal,OD,.jpg,1.592159628868103
CNV/4/009_Drusen.jpg,CNV-004,val,CNV,drusen,OD,.jpg,1.6882047653198242
CNV/4/010_CNV.jpg,CNV-004,val,CNV,cnv,OD,.jpg,1.7736501693725586
CNV/4/011_CNV.jpg,CNV-004,val,CNV,cnv,OD,.jpg,1.6729482412338257
CNV/4/012_CNV.jpg,CNV-004,val,CNV,cnv,OD,.jpg,1.8375098705291748
CNV/4/013_CNV.jpg,CNV-004,val,CNV,cnv,OD,.jpg,1.732809066772461
CNV/4/014_CNV.jpg,CNV-004,val,CNV,cnv,OD,.jpg,1.7301349639892578
CNV/4/015_Drusen.jpg,CNV-004,val,CNV,drusen,OD,.jpg,1.79226815700531
CNV/4/016_Drusen.jpg,CNV-004,val,CNV,drusen,OD,.jpg,2.099769115447998
CNV/4/017_Drusen.jpg,CNV-004,val,CNV,drusen,OD,.jpg,1.9920815229415894
CNV/4/018_Drusen.jpg,CNV-004,val,CNV,drusen,OD,.jpg,1.8666026592254639
CNV/4/019_Drusen.jpg,CNV-004,val,CNV,drusen,OD,.jpg,1.869239091873169
CNV/4/020_Drusen.jpg,CNV-004,val,CNV,drusen,OD,.jpg,1.6854937076568604
CNV/4/021_Drusen.jpg,CNV-004,val,CNV,drusen,OD,.jpg,1.7232006788253784
CNV/4/022_Drusen.jpg,CNV-004,val,CNV,drusen,OD,.jpg,1.6905913352966309
CNV/4/023_Drusen.jpg,CNV-004,val,CNV,drusen,OD,.jpg,1.6886718273162842
CNV/4/024_Normal.jpg,CNV-004,val,CNV,normal,OD,.jpg,1.7171252965927124
CNV/4/025_Normal.jpg,CNV-004,val,CNV,normal,OD,.jpg,1.7431228160858154
CNV/4/026_Drusen.jpg,CNV-004,val,CNV,drusen,OD,.jpg,1.7486387491226196
CNV/4/027_Drusen.jpg,CNV-004,val,CNV,drusen,OD,.jpg,1.756714105606079
CNV/4/028_Drusen.jpg,CNV-004,val,CNV,drusen,OD,.jpg,1.7438628673553467
CNV/4/029_Drusen.jpg,CNV-004,val,CNV,drusen,OD,.jpg,1.6846331357955933
CNV/4/030_Normal.jpg,CNV-004,val,CNV,normal,OD,.jpg,1.7084871530532837
CNV/5/000_Normal.tif,CNV-005,val,CNV,normal,OD,.tif,1.493177056312561
CNV/5/001_Normal.tif,CNV-005,val,CNV,normal,OD,.tif,1.5472526550292969
CNV/5/002_Normal.tif,CNV-005,val,CNV,normal,OD,.tif,1.723527193069458
CNV/5/003_Normal.tif,CNV-005,val,CNV,normal,OD,.tif,1.673945426940918
CNV/5/004_Normal.tif,CNV-005,val,CNV,normal,OD,.tif,1.6918070316314697
CNV/5/005_Normal.tif,CNV-005,val,CNV,normal,OD,.tif,1.7826213836669922
CNV/5/006_Drusen.tif,CNV-005,val,CNV,drusen,OD,.tif,1.6466295719146729
CNV/5/007_Drusen.tif,CNV-005,val,CNV,drusen,OD,.tif,1.6423437595367432
CNV/5/008_CNV.tif,CNV-005,val,CNV,cnv,OD,.tif,1.8745509386062622
CNV/5/009_CNV.tif,CNV-005,val,CNV,cnv,OD,.tif,2.0051608085632324
CNV/5/010_CNV.tif,CNV-005,val,CNV,cnv,OD,.tif,2.2079010009765625
CNV/5/011_CNV.tif,CNV-005,val,CNV,cnv,OD,.tif,2.3340673446655273
CNV/5/012_CNV.tif,CNV-005,val,CNV,cnv,OD,.tif,2.4377329349517822
CNV/5/013_CNV.tif,CNV-005,val,CNV,cnv,OD,.tif,2.520456314086914
CNV/5/014_CNV.tif,CNV-005,val,CNV,cnv,OD,.tif,2.587656259536743
CNV/5/015_CNV.tif,CNV-005,val,CNV,cnv,OD,.tif,2.6343820095062256
CNV/5/016_CNV.tif,CNV-005,val,CNV,cnv,OD,.tif,2.763625144958496
CNV/5/017_CNV.tif,CNV-005,val,CNV,cnv,OD,.tif,2.1832163333892822
CNV/5/018_CNV.tif,CNV-005,val,CNV,cnv,OD,.tif,1.9104559421539307
CNV/5/019_CNV.tif,CNV-005,val,CNV,cnv,OD,.tif,1.8011858463287354
CNV/5/020_Drusen.tif,CNV-005,val,CNV,drusen,OD,.tif,1.9748624563217163
CNV/5/021_Normal.tif,CNV-005,val,CNV,normal,OD,.tif,1.8145090341567993
CNV/5/022_Normal.tif,CNV-005,val,CNV,normal,OD,.tif,1.9068689346313477
CNV/5/023_Normal.tif,CNV-005,val,CNV,normal,OD,.tif,1.8456894159317017
CNV/5/024_Normal.tif,CNV-005,val,CNV,normal,OD,.tif,1.7886707782745361
CNV/5/025_Normal.tif,CNV-005,val,CNV,normal,OD,.tif,1.8705487251281738
CNV/5/026_Normal.tif,CNV-005,val,CNV,normal,OD,.tif,1.7070388793945312
CNV/5/027_Normal.tif,CNV-005,val,CNV,normal,OD,.tif,1.7322747707366943
CNV/5/028_Normal.tif,CNV-005,val,CNV,normal,OD,.tif,1.784960150718689
CNV/5/029_Normal.tif,CNV-005,val,CNV,normal,OD,.tif,1.7412563562393188
CNV/5/030_Normal.tif,CNV-005,val,CNV,normal,OD,.tif,1.7612366676330566
CNV/8/000_Drusen.tif,CNV-008,val,CNV,drusen,OS,.tif,1.7679991722106934
CNV/8/001_Drusen.tif,CNV-008,val,CNV,drusen,OS,.tif,1.6848242282867432
CNV/8/002_Normal.tif,CNV-008,val,CNV,normal,OS,.tif,1.8825592994689941
CNV/8/003_Normal.tif,CNV-008,val,CNV,normal,OS,.tif,1.9350929260253906
CNV/8/004_Normal.tif,CNV-008,val,CNV,normal,OS,.tif,1.9715899229049683
CNV/8/005_Normal.tif,CNV-008,val,CNV,normal,OS,.tif,1.6615383625030518
CNV/8/006_Normal.tif,CNV-008,val,CNV,normal,OS,.tif,1.622239351272583
CNV/8/007_Drusen.tif,CNV-008,val,CNV,drusen,OS,.tif,1.737565279006958
CNV/8/008_Drusen.tif,CNV-008,val,CNV,drusen,OS,.tif,1.7560639381408691
CNV/8/009_Drusen.tif,CNV-008,val,CNV,drusen,OS,.tif,1.9023199081420898
CNV/8/010_Drusen.tif,CNV-008,val,CNV,drusen,OS,.tif,1.9095009565353394
CNV/8/011_Drusen.tif,CNV-008,val,CNV,drusen,OS,.tif,2.0913338661193848
CNV/8/012_Drusen.tif,CNV-008,val,CNV,drusen,OS,.tif,2.024714231491089
CNV/8/013_CNV.tif,CNV-008,val,CNV,cnv,OS,.tif,2.106915235519409
CNV/8/014_Drusen.tif,CNV-008,val,CNV,drusen,OS,.tif,1.8060508966445923
CNV/8/015_Drusen.tif,CNV-008,val,CNV,drusen,OS,.tif,2.1095757484436035
CNV/8/016_Drusen.tif,CNV-008,val,CNV,drusen,OS,.tif,2.2252020835876465
CNV/8/017_Drusen.tif,CNV-008,val,CNV,drusen,OS,.tif,1.97922945022583
CNV/8/018_Drusen.tif,CNV-008,val,CNV,drusen,OS,.tif,1.9857177734375
CNV/8/019_Drusen.tif,CNV-008,val,CNV,drusen,OS,.tif,1.8714362382888794
CNV/8/020_Drusen.tif,CNV-008,val,CNV,drusen,OS,.tif,1.9238595962524414
CNV/8/021_Drusen.tif,CNV-008,val,CNV,drusen,OS,.tif,2.0891525745391846
CNV/8/022_CNV.tif,CNV-008,val,CNV,cnv,OS,.tif,2.116060733795166
CNV/8/023_CNV.tif,CNV-008,val,CNV,cnv,OS,.tif,2.2941901683807373
CNV/8/024_CNV.tif,CNV-008,val,CNV,cnv,OS,.tif,2.102970600128174
CNV/8/025_CNV.tif,CNV-008,val,CNV,cnv,OS,.tif,2.2136313915252686
CNV/8/026_CNV.tif,CNV-008,val,CNV,cnv,OS,.tif,2.445977210998535
CNV/8/027_CNV.tif,CNV-008,val,CNV,cnv,OS,.tif,2.5043764114379883
CNV/8/028_CNV.tif,CNV-008,val,CNV,cnv,OS,.tif,2.4809460639953613
CNV/8/029_Drusen.tif,CNV-008,val,CNV,drusen,OS,.tif,2.4229776859283447
CNV/8/030_Drusen.tif,CNV-008,val,CNV,drusen,OS,.tif,2.13774037361145
CNV/9/000_Drusen.tif,CNV-009,val,CNV,drusen,OS,.tif,2.403477191925049
CNV/9/001_Drusen.tif,CNV-009,val,CNV,drusen,OS,.tif,2.415621280670166
CNV/9/002_Drusen.tif,CNV-009,val,CNV,drusen,OS,.tif,2.5426876544952393
CNV/9/003_Drusen.tif,CNV-009,val,CNV,drusen,OS,.tif,2.4390993118286133
CNV/9/004_Drusen.tif,CNV-009,val,CNV,drusen,OS,.tif,2.3734869956970215
CNV/9/005_Drusen.tif,CNV-009,val,CNV,drusen,OS,.tif,2.527320146560669
CNV/9/006_CNV.tif,CNV-009,val,CNV,cnv,OS,.tif,1.88341224193573
CNV/9/007_CNV.tif,CNV-009,val,CNV,cnv,OS,.tif,2.320054292678833
CNV/9/008_CNV.tif,CNV-009,val,CNV,cnv,OS,.tif,2.737015962600708
CNV/9/009_CNV.tif,CNV-009,val,CNV,cnv,OS,.tif,2.990330219268799
CNV/9/010_CNV.tif,CNV-009,val,CNV,cnv,OS,.tif,3.0347001552581787
CNV/9/011_CNV.tif,CNV-009,val,CNV,cnv,OS,.tif,3.2895569801330566
CNV/9/012_CNV.tif,CNV-009,val,CNV,cnv,OS,.tif,3.4703292846679688
CNV/9/013_CNV.tif,CNV-009,val,CNV,cnv,OS,.tif,3.321871519088745
CNV/9/014_CNV.tif,CNV-009,val,CNV,cnv,OS,.tif,3.30393648147583
CNV/9/015_CNV.tif,CNV-009,val,CNV,cnv,OS,.tif,3.390645742416382
CNV/9/016_CNV.tif,CNV-009,val,CNV,cnv,OS,.tif,2.6877570152282715
CNV/9/017_CNV.tif,CNV-009,val,CNV,cnv,OS,.tif,2.216729164123535
CNV/9/018_CNV.tif,CNV-009,val,CNV,cnv,OS,.tif,2.3370437622070312
CNV/9/019_CNV.tif,CNV-009,val,CNV,cnv,OS,.tif,2.177739143371582
CNV/9/020_Drusen.tif,CNV-009,val,CNV,drusen,OS,.tif,2.1107563972473145
CNV/9/021_Drusen.tif,CNV-009,val,CNV,drusen,OS,.tif,2.064523458480835
CNV/9/022_Drusen.tif,CNV-009,val,CNV,drusen,OS,.tif,2.1970958709716797
CNV/9/023_Drusen.tif,CNV-009,val,CNV,drusen,OS,.tif,2.367248773574829
CNV/9/024_Drusen.tif,CNV-009,val,CNV,drusen,OS,.tif,2.311602830886841
CNV/9/025_Drusen.tif,CNV-009,val,CNV,drusen,OS,.tif,2.1961071491241455
CNV/9/026_Drusen.tif,CNV-009,val,CNV,drusen,OS,.tif,2.120335578918457
CNV/9/027_Drusen.tif,CNV-009,val,CNV,drusen,OS,.tif,2.3618083000183105
CNV/9/028_Drusen.tif,CNV-009,val,CNV,drusen,OS,.tif,2.4256651401519775
CNV/9/029_Drusen.tif,CNV-009,val,CNV,drusen,OS,.tif,2.222747802734375
CNV/9/030_Drusen.tif,CNV-009,val,CNV,drusen,OS,.tif,2.360649347305298
CNV/10/OD/000_Normal.tif,CNV-010,val,CNV,normal,OD,.tif,1.6620432138442993
CNV/10/OD/001_Normal.tif,CNV-010,val,CNV,normal,OD,.tif,1.666235327720642
CNV/10/OD/002_Normal.tif,CNV-010,val,CNV,normal,OD,.tif,1.475486397743225
CNV/10/OD/003_Normal.tif,CNV-010,val,CNV,normal,OD,.tif,1.5835771560668945
CNV/10/OD/004_Normal.tif,CNV-010,val,CNV,normal,OD,.tif,1.5063023567199707
CNV/10/OD/005_Normal.tif,CNV-010,val,CNV,normal,OD,.tif,1.5946213006973267
CNV/10/OD/006_Normal.tif,CNV-010,val,CNV,normal,OD,.tif,1.5666989088058472
CNV/10/OD/007_Normal.tif,CNV-010,val,CNV,normal,OD,.tif,1.431351900100708
CNV/10/OD/008_Normal.tif,CNV-010,val,CNV,normal,OD,.tif,1.5284883975982666
CNV/10/OD/009_Drusen.tif,CNV-010,val,CNV,drusen,OD,.tif,1.654327630996704
CNV/10/OD/010_Drusen.tif,CNV-010,val,CNV,drusen,OD,.tif,1.6479040384292603
CNV/10/OD/011_Drusen.tif,CNV-010,val,CNV,drusen,OD,.tif,1.5942108631134033
CNV/10/OD/012_Drusen.tif,CNV-010,val,CNV,drusen,OD,.tif,1.7033406496047974
CNV/10/OD/013_Drusen.tif,CNV-010,val,CNV,drusen,OD,.tif,1.7298110723495483
CNV/10/OD/014_Drusen.tif,CNV-010,val,CNV,drusen,OD,.tif,1.7785465717315674
CNV/10/OD/015_Drusen.tif,CNV-010,val,CNV,drusen,OD,.tif,1.94504976272583
CNV/10/OD/016_Drusen.tif,CNV-010,val,CNV,drusen,OD,.tif,1.9816774129867554
CNV/10/OD/017_Drusen.tif,CNV-010,val,CNV,drusen,OD,.tif,1.801660418510437
CNV/10/OD/018_Drusen.tif,CNV-010,val,CNV,drusen,OD,.tif,1.6601921319961548
CNV/10/OD/019_Drusen.tif,CNV-010,val,CNV,drusen,OD,.tif,1.73593270778656
CNV/10/OD/020_CNV.tif,CNV-010,val,CNV,cnv,OD,.tif,1.488527774810791
CNV/10/OD/021_CNV.tif,CNV-010,val,CNV,cnv,OD,.tif,1.74399995803833
CNV/10/OD/022_CNV.tif,CNV-010,val,CNV,cnv,OD,.tif,1.6443265676498413
CNV/10/OD/023_CNV.tif,CNV-010,val,CNV,cnv,OD,.tif,1.7721161842346191
CNV/10/OD/024_CNV.tif,CNV-010,val,CNV,cnv,OD,.tif,1.8437591791152954
CNV/10/OD/025_CNV.tif,CNV-010,val,CNV,cnv,OD,.tif,1.7374546527862549
CNV/10/OD/026_CNV.tif,CNV-010,val,CNV,cnv,OD,.tif,1.7012789249420166
CNV/10/OD/027_CNV.tif,CNV-010,val,CNV,cnv,OD,.tif,1.6011611223220825
CNV/10/OD/028_CNV.tif,CNV-010,val,CNV,cnv,OD,.tif,1.6676517724990845
CNV/10/OD/029_Drusen.tif,CNV-010,val,CNV,drusen,OD,.tif,1.43986177444458
CNV/10/OD/030_Normal.tif,CNV-010,val,CNV,normal,OD,.tif,1.615416169166565
CNV/10/OS/000_Normal.tif,CNV-010,val,CNV,normal,OS,.tif,1.6350404024124146
CNV/10/OS/001_Normal.tif,CNV-010,val,CNV,normal,OS,.tif,1.6634860038757324
CNV/10/OS/002_Normal.tif,CNV-010,val,CNV,normal,OS,.tif,1.496537446975708
CNV/10/OS/003_Normal.tif,CNV-010,val,CNV,normal,OS,.tif,1.7330989837646484
CNV/10/OS/004_Normal.tif,CNV-010,val,CNV,normal,OS,.tif,1.692132592201233
CNV/10/OS/005_Normal.tif,CNV-010,val,CNV,normal,OS,.tif,1.6257836818695068
CNV/10/OS/006_Normal.tif,CNV-010,val,CNV,normal,OS,.tif,1.7897474765777588
CNV/10/OS/007_Normal.tif,CNV-010,val,CNV,normal,OS,.tif,1.7722707986831665
CNV/10/OS/008_Normal.tif,CNV-010,val,CNV,normal,OS,.tif,1.852497935295105
CNV/10/OS/009_CNV.tif,CNV-010,val,CNV,cnv,OS,.tif,1.8905264139175415
CNV/10/OS/010_CNV.tif,CNV-010,val,CNV,cnv,OS,.tif,1.8777717351913452
CNV/10/OS/011_CNV.tif,CNV-010,val,CNV,cnv,OS,.tif,1.8589791059494019
CNV/10/OS/012_CNV.tif,CNV-010,val,CNV,cnv,OS,.tif,1.850215196609497
CNV/10/OS/013_CNV.tif,CNV-010,val,CNV,cnv,OS,.tif,1.842147946357727
CNV/10/OS/014_CNV.tif,CNV-010,val,CNV,cnv,OS,.tif,2.0136356353759766
CNV/10/OS/015_CNV.tif,CNV-010,val,CNV,cnv,OS,.tif,1.8776218891143799
CNV/10/OS/016_CNV.tif,CNV-010,val,CNV,cnv,OS,.tif,1.9641033411026
CNV/10/OS/017_CNV.tif,CNV-010,val,CNV,cnv,OS,.tif,2.0707290172576904
CNV/10/OS/018_CNV.tif,CNV-010,val,CNV,cnv,OS,.tif,2.066103935241699
CNV/10/OS/019_CNV.tif,CNV-010,val,CNV,cnv,OS,.tif,1.8995188474655151
CNV/10/OS/020_CNV.tif,CNV-010,val,CNV,cnv,OS,.tif,1.7740364074707031
CNV/10/OS/021_CNV.tif,CNV-010,val,CNV,cnv,OS,.tif,1.9344998598098755
CNV/10/OS/022_CNV.tif,CNV-010,val,CNV,cnv,OS,.tif,1.9110808372497559
CNV/10/OS/023_Normal.tif,CNV-010,val,CNV,normal,OS,.tif,1.9020870923995972
CNV/10/OS/024_Normal.tif,CNV-010,val,CNV,normal,OS,.tif,1.7345776557922363
CNV/10/OS/025_Normal.tif,CNV-010,val,CNV,normal,OS,.tif,2.1965525150299072
CNV/10/OS/026_Normal.tif,CNV-010,val,CNV,normal,OS,.tif,1.8092914819717407
CNV/10/OS/027_Normal.tif,CNV-010,val,CNV,normal,OS,.tif,1.7694897651672363
CNV/10/OS/028_Normal.tif,CNV-010,val,CNV,normal,OS,.tif,1.8880342245101929
CNV/10/OS/029_Normal.tif,CNV-010,val,CNV,normal,OS,.tif,1.9069039821624756
CNV/10/OS/030_Normal.tif,CNV-010,val,CNV,normal,OS,.tif,2.1033053398132324
CNV/21/000_CNV.tif,CNV-021,val,CNV,cnv,OD,.tif,1.9413403272628784
CNV/21/001_CNV.tif,CNV-021,val,CNV,cnv,OD,.tif,1.9194865226745605
CNV/21/002_CNV.tif,CNV-021,val,CNV,cnv,OD,.tif,2.155109167098999
CNV/21/003_CNV.tif,CNV-021,val,CNV,cnv,OD,.tif,2.1964945793151855
CNV/21/004_CNV.tif,CNV-021,val,CNV,cnv,OD,.tif,2.115154266357422
CNV/21/005_CNV.tif,CNV-021,val,CNV,cnv,OD,.tif,2.2585504055023193
CNV/21/006_CNV.tif,CNV-021,val,CNV,cnv,OD,.tif,2.115091323852539
CNV/21/007_CNV.tif,CNV-021,val,CNV,cnv,OD,.tif,2.1866843700408936
CNV/21/008_CNV.tif,CNV-021,val,CNV,cnv,OD,.tif,2.266589879989624
CNV/21/009_CNV.tif,CNV-021,val,CNV,cnv,OD,.tif,2.171070098876953
CNV/21/010_CNV.tif,CNV-021,val,CNV,cnv,OD,.tif,2.1032676696777344
CNV/21/011_CNV.tif,CNV-021,val,CNV,cnv,OD,.tif,2.096238613128662
CNV/21/012_CNV.tif,CNV-021,val,CNV,cnv,OD,.tif,2.102163553237915
CNV/21/013_CNV.tif,CNV-021,val,CNV,cnv,OD,.tif,2.048830270767212
CNV/21/014_CNV.tif,CNV-021,val,CNV,cnv,OD,.tif,2.117664098739624
CNV/21/015_CNV.tif,CNV-021,val,CNV,cnv,OD,.tif,2.159597396850586
CNV/21/016_CNV.tif,CNV-021,val,CNV,cnv,OD,.tif,2.200766086578369
CNV/21/017_CNV.tif,CNV-021,val,CNV,cnv,OD,.tif,2.3384552001953125
CNV/21/018_CNV.tif,CNV-021,val,CNV,cnv,OD,.tif,2.5909054279327393
CNV/21/019_CNV.tif,CNV-021,val,CNV,cnv,OD,.tif,2.544584274291992
CNV/21/020_CNV.tif,CNV-021,val,CNV,cnv,OD,.tif,2.485844612121582
CNV/21/021_CNV.tif,CNV-021,val,CNV,cnv,OD,.tif,2.642153024673462
CNV/21/022_CNV.tif,CNV-021,val,CNV,cnv,OD,.tif,2.556173801422119
CNV/21/023_CNV.tif,CNV-021,val,CNV,cnv,OD,.tif,2.685497522354126
CNV/21/024_CNV.tif,CNV-021,val,CNV,cnv,OD,.tif,2.7752504348754883
CNV/21/025_CNV.tif,CNV-021,val,CNV,cnv,OD,.tif,2.4445371627807617
CNV/21/026_CNV.tif,CNV-021,val,CNV,cnv,OD,.tif,2.4935810565948486
CNV/21/027_CNV.tif,CNV-021,val,CNV,cnv,OD,.tif,2.2320926189422607
CNV/21/028_CNV.tif,CNV-021,val,CNV,cnv,OD,.tif,2.1545300483703613
CNV/21/029_CNV.tif,CNV-021,val,CNV,cnv,OD,.tif,2.090254545211792
CNV/21/030_CNV.tif,CNV-021,val,CNV,cnv,OD,.tif,2.1831369400024414
CNV/25/000_Normal.tif,CNV-025,val,CNV,normal,OS,.tif,1.753124475479126
CNV/25/001_Normal.tif,CNV-025,val,CNV,normal,OS,.tif,1.7909936904907227
CNV/25/002_Normal.tif,CNV-025,val,CNV,normal,OS,.tif,1.781784176826477
CNV/25/003_Normal.tif,CNV-025,val,CNV,normal,OS,.tif,1.881729006767273
CNV/25/004_Normal.tif,CNV-025,val,CNV,normal,OS,.tif,1.8218344449996948
CNV/25/005_Normal.tif,CNV-025,val,CNV,normal,OS,.tif,1.9283181428909302
CNV/25/006_Normal.tif,CNV-025,val,CNV,normal,OS,.tif,1.841361403465271
CNV/25/007_Normal.tif,CNV-025,val,CNV,normal,OS,.tif,1.932104229927063
CNV/25/008_Normal.tif,CNV-025,val,CNV,normal,OS,.tif,1.9038804769515991
CNV/25/009_Normal.tif,CNV-025,val,CNV,normal,OS,.tif,1.884911060333252
CNV/25/010_Normal.tif,CNV-025,val,CNV,normal,OS,.tif,1.8006049394607544
CNV/25/011_Drusen.tif,CNV-025,val,CNV,drusen,OS,.tif,1.833453893661499
CNV/25/012_Drusen.tif,CNV-025,val,CNV,drusen,OS,.tif,1.8600921630859375
CNV/25/013_Drusen.tif,CNV-025,val,CNV,drusen,OS,.tif,1.800801396369934
CNV/25/014_Drusen.tif,CNV-025,val,CNV,drusen,OS,.tif,1.873518466949463
CNV/25/015_Drusen.tif,CNV-025,val,CNV,drusen,OS,.tif,1.8606477975845337
CNV/25/016_CNV.tif,CNV-025,val,CNV,cnv,OS,.tif,1.855650782585144
CNV/25/017_CNV.tif,CNV-025,val,CNV,cnv,OS,.tif,1.9829775094985962
CNV/25/018_CNV.tif,CNV-025,val,CNV,cnv,OS,.tif,1.9128949642181396
CNV/25/019_CNV.tif,CNV-025,val,CNV,cnv,OS,.tif,1.7419861555099487
CNV/25/020_CNV.tif,CNV-025,val,CNV,cnv,OS,.tif,1.6971032619476318
CNV/25/021_CNV.tif,CNV-025,val,CNV,cnv,OS,.tif,1.6000474691390991
CNV/25/022_Drusen.tif,CNV-025,val,CNV,drusen,OS,.tif,1.5566824674606323
CNV/25/023_Drusen.tif,CNV-025,val,CNV,drusen,OS,.tif,1.6210505962371826
CNV/25/024_Normal.tif,CNV-025,val,CNV,normal,OS,.tif,1.5084365606307983
CNV/25/025_Normal.tif,CNV-025,val,CNV,normal,OS,.tif,1.6478180885314941
CNV/25/026_Normal.tif,CNV-025,val,CNV,normal,OS,.tif,1.636452317237854
CNV/25/027_Normal.tif,CNV-025,val,CNV,normal,OS,.tif,1.56285560131073
CNV/25/028_Normal.tif,CNV-025,val,CNV,normal,OS,.tif,1.8483867645263672
CNV/25/029_Normal.tif,CNV-025,val,CNV,normal,OS,.tif,1.7639625072479248
CNV/25/030_Normal.tif,CNV-025,val,CNV,normal,OS,.tif,1.8331290483474731
CNV/26/000_Drusen.tif,CNV-026,val,CNV,drusen,OD,.tif,1.7725844383239746
CNV/26/001_Drusen.tif,CNV-026,val,CNV,drusen,OD,.tif,1.8103677034378052
CNV/26/002_Drusen.tif,CNV-026,val,CNV,drusen,OD,.tif,1.753525733947754
CNV/26/003_Drusen.tif,CNV-026,val,CNV,drusen,OD,.tif,1.684120535850525
CNV/26/004_Drusen.tif,CNV-026,val,CNV,drusen,OD,.tif,1.7550004720687866
CNV/26/005_Drusen.tif,CNV-026,val,CNV,drusen,OD,.tif,1.7247947454452515
CNV/26/006_Drusen.tif,CNV-026,val,CNV,drusen,OD,.tif,1.6569242477416992
CNV/26/007_Drusen.tif,CNV-026,val,CNV,drusen,OD,.tif,1.6380724906921387
CNV/26/008_Drusen.tif,CNV-026,val,CNV,drusen,OD,.tif,1.6820417642593384
CNV/26/009_Drusen.tif,CNV-026,val,CNV,drusen,OD,.tif,1.5997182130813599
CNV/26/010_Drusen.tif,CNV-026,val,CNV,drusen,OD,.tif,1.6487871408462524
CNV/26/011_CNV.tif,CNV-026,val,CNV,cnv,OD,.tif,1.7806670665740967
CNV/26/012_CNV.tif,CNV-026,val,CNV,cnv,OD,.tif,1.7879068851470947
CNV/26/013_CNV.tif,CNV-026,val,CNV,cnv,OD,.tif,1.856249213218689
CNV/26/014_CNV.tif,CNV-026,val,CNV,cnv,OD,.tif,1.997907280921936
CNV/26/015_CNV.tif,CNV-026,val,CNV,cnv,OD,.tif,2.1193439960479736
CNV/26/016_CNV.tif,CNV-026,val,CNV,cnv,OD,.tif,2.143596887588501
CNV/26/017_CNV.tif,CNV-026,val,CNV,cnv,OD,.tif,2.2451884746551514
CNV/26/018_CNV.tif,CNV-026,val,CNV,cnv,OD,.tif,2.00260591506958
CNV/26/019_CNV.tif,CNV-026,val,CNV,cnv,OD,.tif,1.7925211191177368
CNV/26/020_CNV.tif,CNV-026,val,CNV,cnv,OD,.tif,1.9033023118972778
CNV/26/021_CNV.tif,CNV-026,val,CNV,cnv,OD,.tif,1.8588993549346924
CNV/26/022_CNV.tif,CNV-026,val,CNV,cnv,OD,.tif,1.8113510608673096
CNV/26/023_Drusen.tif,CNV-026,val,CNV,drusen,OD,.tif,1.848184585571289
CNV/26/024_Drusen.tif,CNV-026,val,CNV,drusen,OD,.tif,1.7861968278884888
CNV/26/025_Drusen.tif,CNV-026,val,CNV,drusen,OD,.tif,1.8478562831878662
CNV/26/026_Drusen.tif,CNV-026,val,CNV,drusen,OD,.tif,1.7574673891067505
CNV/26/027_Drusen.tif,CNV-026,val,CNV,drusen,OD,.tif,1.717979073524475
CNV/26/028_Drusen.tif,CNV-026,val,CNV,drusen,OD,.tif,1.8083128929138184
CNV/26/029_Drusen.tif,CNV-026,val,CNV,drusen,OD,.tif,1.8433119058609009
CNV/26/030_Drusen.tif,CNV-026,val,CNV,drusen,OD,.tif,1.7935165166854858
CNV/34/000_Normal.tif,CNV-034,val,CNV,normal,OS,.tif,1.7590020895004272
CNV/34/001_Normal.tif,CNV-034,val,CNV,normal,OS,.tif,1.925278902053833
CNV/34/002_Normal.tif,CNV-034,val,CNV,normal,OS,.tif,1.9778271913528442
CNV/34/003_Normal.tif,CNV-034,val,CNV,normal,OS,.tif,1.9351954460144043
CNV/34/004_Normal.tif,CNV-034,val,CNV,normal,OS,.tif,1.941899299621582
CNV/34/005_Normal.tif,CNV-034,val,CNV,normal,OS,.tif,2.1325039863586426
CNV/34/006_Normal.tif,CNV-034,val,CNV,normal,OS,.tif,1.9399293661117554
CNV/34/007_Normal.tif,CNV-034,val,CNV,normal,OS,.tif,1.9174189567565918
CNV/34/008_Normal.tif,CNV-034,val,CNV,normal,OS,.tif,1.9502077102661133
CNV/34/009_Normal.tif,CNV-034,val,CNV,normal,OS,.tif,1.9322410821914673
CNV/34/010_Drusen.tif,CNV-034,val,CNV,drusen,OS,.tif,1.9879937171936035
CNV/34/011_Drusen.tif,CNV-034,val,CNV,drusen,OS,.tif,2.0603585243225098
CNV/34/012_CNV.tif,CNV-034,val,CNV,cnv,OS,.tif,1.9995720386505127
CNV/34/013_CNV.tif,CNV-034,val,CNV,cnv,OS,.tif,2.1846296787261963
CNV/34/014_CNV.tif,CNV-034,val,CNV,cnv,OS,.tif,2.357569694519043
CNV/34/015_CNV.tif,CNV-034,val,CNV,cnv,OS,.tif,2.2181508541107178
CNV/34/016_CNV.tif,CNV-034,val,CNV,cnv,OS,.tif,2.2268433570861816
CNV/34/017_CNV.tif,CNV-034,val,CNV,cnv,OS,.tif,1.94721257686615
CNV/34/018_CNV.tif,CNV-034,val,CNV,cnv,OS,.tif,1.858818531036377
CNV/34/019_CNV.tif,CNV-034,val,CNV,cnv,OS,.tif,1.8112050294876099
CNV/34/020_Drusen.tif,CNV-034,val,CNV,drusen,OS,.tif,1.6693462133407593
CNV/34/021_Drusen.tif,CNV-034,val,CNV,drusen,OS,.tif,1.6756477355957031
CNV/34/022_Drusen.tif,CNV-034,val,CNV,drusen,OS,.tif,1.7285826206207275
CNV/34/023_Drusen.tif,CNV-034,val,CNV,drusen,OS,.tif,1.617078185081482
CNV/34/024_Drusen.tif,CNV-034,val,CNV,drusen,OS,.tif,1.6511867046356201
CNV/34/025_Drusen.tif,CNV-034,val,CNV,drusen,OS,.tif,1.787393569946289
CNV/34/026_Drusen.tif,CNV-034,val,CNV,drusen,OS,.tif,1.798264741897583
CNV/34/027_Normal.tif,CNV-034,val,CNV,normal,OS,.tif,1.87779700756073
CNV/34/028_Normal.tif,CNV-034,val,CNV,normal,OS,.tif,1.9558311700820923
CNV/34/029_Normal.tif,CNV-034,val,CNV,normal,OS,.tif,1.9349175691604614
CNV/34/030_Normal.tif,CNV-034,val,CNV,normal,OS,.tif,2.0765721797943115
CNV/38/000_CNV.tif,CNV-038,val,CNV,cnv,OD,.tif,1.8648890256881714
CNV/38/001_CNV.tif,CNV-038,val,CNV,cnv,OD,.tif,2.030475378036499
CNV/38/002_CNV.tif,CNV-038,val,CNV,cnv,OD,.tif,1.9554390907287598
CNV/38/003_CNV.tif,CNV-038,val,CNV,cnv,OD,.tif,1.9291692972183228
CNV/38/004_CNV.tif,CNV-038,val,CNV,cnv,OD,.tif,2.1043856143951416
CNV/38/005_CNV.tif,CNV-038,val,CNV,cnv,OD,.tif,2.178842544555664
CNV/38/006_CNV.tif,CNV-038,val,CNV,cnv,OD,.tif,2.229888916015625
CNV/38/007_CNV.tif,CNV-038,val,CNV,cnv,OD,.tif,2.3959271907806396
CNV/38/008_CNV.tif,CNV-038,val,CNV,cnv,OD,.tif,2.3790714740753174
CNV/38/009_CNV.tif,CNV-038,val,CNV,cnv,OD,.tif,2.462216377258301
CNV/38/010_CNV.tif,CNV-038,val,CNV,cnv,OD,.tif,2.4103963375091553
CNV/38/011_CNV.tif,CNV-038,val,CNV,cnv,OD,.tif,2.56235671043396
CNV/38/012_CNV.tif,CNV-038,val,CNV,cnv,OD,.tif,2.685572862625122
CNV/38/013_CNV.tif,CNV-038,val,CNV,cnv,OD,.tif,2.8189899921417236
CNV/38/014_CNV.tif,CNV-038,val,CNV,cnv,OD,.tif,3.262282133102417
CNV/38/015_CNV.tif,CNV-038,val,CNV,cnv,OD,.tif,3.057448148727417
CNV/38/016_CNV.tif,CNV-038,val,CNV,cnv,OD,.tif,2.9747860431671143
CNV/38/017_CNV.tif,CNV-038,val,CNV,cnv,OD,.tif,2.734381675720215
CNV/38/018_CNV.tif,CNV-038,val,CNV,cnv,OD,.tif,2.5800375938415527
CNV/38/019_CNV.tif,CNV-038,val,CNV,cnv,OD,.tif,2.607677698135376
CNV/38/020_CNV.tif,CNV-038,val,CNV,cnv,OD,.tif,2.206986904144287
CNV/38/021_CNV.tif,CNV-038,val,CNV,cnv,OD,.tif,2.056368350982666
CNV/38/022_CNV.tif,CNV-038,val,CNV,cnv,OD,.tif,2.3220701217651367
CNV/38/023_CNV.tif,CNV-038,val,CNV,cnv,OD,.tif,2.2066967487335205
CNV/38/024_Drusen.tif,CNV-038,val,CNV,drusen,OD,.tif,2.138535737991333
CNV/39/000_Normal.tif,CNV-039,val,CNV,normal,OD,.tif,1.7617683410644531
CNV/39/001_Normal.tif,CNV-039,val,CNV,normal,OD,.tif,1.7003421783447266
CNV/39/002_Normal.tif,CNV-039,val,CNV,normal,OD,.tif,1.669979453086853
CNV/39/003_Normal.tif,CNV-039,val,CNV,normal,OD,.tif,1.6179245710372925
CNV/39/004_Normal.tif,CNV-039,val,CNV,normal,OD,.tif,1.5802717208862305
CNV/39/005_Normal.tif,CNV-039,val,CNV,normal,OD,.tif,1.631034016609192
CNV/39/006_Normal.tif,CNV-039,val,CNV,normal,OD,.tif,1.6771610975265503
CNV/39/007_Normal.tif,CNV-039,val,CNV,normal,OD,.tif,1.7382962703704834
CNV/39/008_CNV.tif,CNV-039,val,CNV,cnv,OD,.tif,1.7388577461242676
CNV/39/009_CNV.tif,CNV-039,val,CNV,cnv,OD,.tif,1.6994608640670776
CNV/39/010_CNV.tif,CNV-039,val,CNV,cnv,OD,.tif,1.7958741188049316
CNV/39/011_CNV.tif,CNV-039,val,CNV,cnv,OD,.tif,1.7362858057022095
CNV/39/012_CNV.tif,CNV-039,val,CNV,cnv,OD,.tif,1.8784126043319702
CNV/39/013_CNV.tif,CNV-039,val,CNV,cnv,OD,.tif,2.04367733001709
CNV/39/014_CNV.tif,CNV-039,val,CNV,cnv,OD,.tif,2.0411784648895264
CNV/39/015_CNV.tif,CNV-039,val,CNV,cnv,OD,.tif,2.1249828338623047
CNV/39/016_CNV.tif,CNV-039,val,CNV,cnv,OD,.tif,2.2115328311920166
CNV/39/017_CNV.tif,CNV-039,val,CNV,cnv,OD,.tif,2.186976432800293
CNV/39/018_CNV.tif,CNV-039,val,CNV,cnv,OD,.tif,2.0830109119415283
CNV/39/019_CNV.tif,CNV-039,val,CNV,cnv,OD,.tif,1.8195252418518066
CNV/39/020_CNV.tif,CNV-039,val,CNV,cnv,OD,.tif,1.8282748460769653
CNV/39/021_Drusen.tif,CNV-039,val,CNV,drusen,OD,.tif,1.8308722972869873
CNV/39/022_Drusen.tif,CNV-039,val,CNV,drusen,OD,.tif,1.7654248476028442
CNV/39/023_Drusen.tif,CNV-039,val,CNV,drusen,OD,.tif,1.8044211864471436
CNV/39/024_Normal.tif,CNV-039,val,CNV,normal,OD,.tif,1.7031166553497314
CNV/39/025_Normal.tif,CNV-039,val,CNV,normal,OD,.tif,1.8372774124145508
CNV/39/026_Normal.tif,CNV-039,val,CNV,normal,OD,.tif,1.826705813407898
CNV/39/027_Normal.tif,CNV-039,val,CNV,normal,OD,.tif,1.8030035495758057
CNV/39/028_Drusen.tif,CNV-039,val,CNV,drusen,OD,.tif,1.805245041847229
CNV/39/029_Normal.tif,CNV-039,val,CNV,normal,OD,.tif,1.7603062391281128
CNV/39/030_Normal.tif,CNV-039,val,CNV,normal,OD,.tif,1.8263803720474243
CNV/47/000_Normal.tif,CNV-047,val,CNV,normal,OS,.tif,2.3269710540771484
CNV/47/001_Normal.tif,CNV-047,val,CNV,normal,OS,.tif,2.243337392807007
CNV/47/002_Normal.tif,CNV-047,val,CNV,normal,OS,.tif,2.3881630897521973
CNV/47/003_Normal.tif,CNV-047,val,CNV,normal,OS,.tif,2.198228120803833
CNV/47/004_Normal.tif,CNV-047,val,CNV,normal,OS,.tif,2.1982717514038086
CNV/47/005_Drusen.tif,CNV-047,val,CNV,drusen,OS,.tif,2.169934034347534
CNV/47/006_Drusen.tif,CNV-047,val,CNV,drusen,OS,.tif,2.108945608139038
CNV/47/007_CNV.tif,CNV-047,val,CNV,cnv,OS,.tif,2.1215670108795166
CNV/47/008_CNV.tif,CNV-047,val,CNV,cnv,OS,.tif,2.30385684967041
CNV/47/009_CNV.tif,CNV-047,val,CNV,cnv,OS,.tif,2.345797300338745
CNV/47/010_CNV.tif,CNV-047,val,CNV,cnv,OS,.tif,2.681241989135742
CNV/47/011_CNV.tif,CNV-047,val,CNV,cnv,OS,.tif,2.490386724472046
CNV/47/012_CNV.tif,CNV-047,val,CNV,cnv,OS,.tif,2.6237425804138184
CNV/47/013_CNV.tif,CNV-047,val,CNV,cnv,OS,.tif,2.4662742614746094
CNV/47/014_CNV.tif,CNV-047,val,CNV,cnv,OS,.tif,2.756495714187622
CNV/47/015_CNV.tif,CNV-047,val,CNV,cnv,OS,.tif,2.651301622390747
CNV/47/016_CNV.tif,CNV-047,val,CNV,cnv,OS,.tif,2.546159029006958
CNV/47/017_CNV.tif,CNV-047,val,CNV,cnv,OS,.tif,2.5100693702697754
CNV/47/018_CNV.tif,CNV-047,val,CNV,cnv,OS,.tif,2.293823719024658
CNV/47/019_CNV.tif,CNV-047,val,CNV,cnv,OS,.tif,2.3590774536132812
CNV/47/020_CNV.tif,CNV-047,val,CNV,cnv,OS,.tif,2.297299861907959
CNV/47/021_CNV.tif,CNV-047,val,CNV,cnv,OS,.tif,2.290909767150879
CNV/47/022_CNV.tif,CNV-047,val,CNV,cnv,OS,.tif,2.045480251312256
CNV/47/023_CNV.tif,CNV-047,val,CNV,cnv,OS,.tif,2.3522274494171143
CNV/47/024_Drusen.tif,CNV-047,val,CNV,drusen,OS,.tif,2.329496145248413
CNV/47/025_Normal.tif,CNV-047,val,CNV,normal,OS,.tif,2.716708183288574
CNV/47/026_Normal.tif,CNV-047,val,CNV,normal,OS,.tif,2.6309404373168945
CNV/47/027_Normal.tif,CNV-047,val,CNV,normal,OS,.tif,2.1249542236328125
CNV/47/028_Normal.tif,CNV-047,val,CNV,normal,OS,.tif,2.166856527328491
CNV/47/029_Normal.tif,CNV-047,val,CNV,normal,OS,.tif,2.3019351959228516
CNV/47/030_Normal.tif,CNV-047,val,CNV,normal,OS,.tif,2.3999853134155273
CNV/51/000_Drusen.tif,CNV-051,val,CNV,drusen,OD,.tif,1.871019959449768
CNV/51/001_Drusen.tif,CNV-051,val,CNV,drusen,OD,.tif,1.9748280048370361
CNV/51/002_Drusen.tif,CNV-051,val,CNV,drusen,OD,.tif,2.0055837631225586
CNV/51/003_Drusen.tif,CNV-051,val,CNV,drusen,OD,.tif,1.745607614517212
CNV/51/004_Drusen.tif,CNV-051,val,CNV,drusen,OD,.tif,1.6214995384216309
CNV/51/005_Drusen.tif,CNV-051,val,CNV,drusen,OD,.tif,1.4988980293273926
CNV/51/006_Drusen.tif,CNV-051,val,CNV,drusen,OD,.tif,1.4409288167953491
CNV/51/007_Drusen.tif,CNV-051,val,CNV,drusen,OD,.tif,1.5407415628433228
CNV/51/008_CNV.tif,CNV-051,val,CNV,cnv,OD,.tif,1.5181881189346313
CNV/51/009_CNV.tif,CNV-051,val,CNV,cnv,OD,.tif,1.5541629791259766
CNV/51/010_CNV.tif,CNV-051,val,CNV,cnv,OD,.tif,1.7585747241973877
CNV/51/011_CNV.tif,CNV-051,val,CNV,cnv,OD,.tif,1.9496276378631592
CNV/51/012_CNV.tif,CNV-051,val,CNV,cnv,OD,.tif,2.1227192878723145
CNV/51/013_CNV.tif,CNV-051,val,CNV,cnv,OD,.tif,2.3023250102996826
CNV/51/014_CNV.tif,CNV-051,val,CNV,cnv,OD,.tif,2.6459193229675293
CNV/51/015_CNV.tif,CNV-051,val,CNV,cnv,OD,.tif,2.778578758239746
CNV/51/016_CNV.tif,CNV-051,val,CNV,cnv,OD,.tif,2.8947885036468506
CNV/51/017_CNV.tif,CNV-051,val,CNV,cnv,OD,.tif,2.6894421577453613
CNV/51/018_CNV.tif,CNV-051,val,CNV,cnv,OD,.tif,2.6898016929626465
CNV/51/019_CNV.tif,CNV-051,val,CNV,cnv,OD,.tif,2.2908687591552734
CNV/51/020_CNV.tif,CNV-051,val,CNV,cnv,OD,.tif,2.222829580307007
CNV/51/021_CNV.tif,CNV-051,val,CNV,cnv,OD,.tif,2.1063365936279297
CNV/51/022_CNV.tif,CNV-051,val,CNV,cnv,OD,.tif,2.0104057788848877
CNV/51/023_CNV.tif,CNV-051,val,CNV,cnv,OD,.tif,2.0363805294036865
CNV/51/024_CNV.tif,CNV-051,val,CNV,cnv,OD,.tif,1.8877586126327515
CNV/51/025_CNV.tif,CNV-051,val,CNV,cnv,OD,.tif,1.9242730140686035
CNV/51/026_CNV.tif,CNV-051,val,CNV,cnv,OD,.tif,1.856691598892212
CNV/51/027_CNV.tif,CNV-051,val,CNV,cnv,OD,.tif,1.8027418851852417
CNV/51/028_CNV.tif,CNV-051,val,CNV,cnv,OD,.tif,1.7115870714187622
CNV/51/029_Drusen.tif,CNV-051,val,CNV,drusen,OD,.tif,1.733338713645935
CNV/51/030_Drusen.tif,CNV-051,val,CNV,drusen,OD,.tif,1.6601606607437134
CNV/53/OD/000_Normal.tif,CNV-053,val,CNV,normal,OD,.tif,1.865742802619934
CNV/53/OD/001_Drusen.tif,CNV-053,val,CNV,drusen,OD,.tif,1.7115355730056763
CNV/53/OD/002_Drusen.tif,CNV-053,val,CNV,drusen,OD,.tif,1.6581475734710693
CNV/53/OD/003_Drusen.tif,CNV-053,val,CNV,drusen,OD,.tif,1.6096081733703613
CNV/53/OD/004_Drusen.tif,CNV-053,val,CNV,drusen,OD,.tif,1.6179537773132324
CNV/53/OD/005_Drusen.tif,CNV-053,val,CNV,drusen,OD,.tif,1.5586541891098022
CNV/53/OD/006_Drusen.tif,CNV-053,val,CNV,drusen,OD,.tif,1.589446783065796
CNV/53/OD/007_Drusen.tif,CNV-053,val,CNV,drusen,OD,.tif,1.6883121728897095
CNV/53/OD/008_Drusen.tif,CNV-053,val,CNV,drusen,OD,.tif,1.6681567430496216
CNV/53/OD/009_CNV.tif,CNV-053,val,CNV,cnv,OD,.tif,1.898443341255188
CNV/53/OD/010_CNV.tif,CNV-053,val,CNV,cnv,OD,.tif,1.821751356124878
CNV/53/OD/011_CNV.tif,CNV-053,val,CNV,cnv,OD,.tif,1.9259536266326904
CNV/53/OD/012_CNV.tif,CNV-053,val,CNV,cnv,OD,.tif,2.1805899143218994
CNV/53/OD/013_CNV.tif,CNV-053,val,CNV,cnv,OD,.tif,2.130140781402588
CNV/53/OD/014_CNV.tif,CNV-053,val,CNV,cnv,OD,.tif,2.0231258869171143
CNV/53/OD/015_CNV.tif,CNV-053,val,CNV,cnv,OD,.tif,1.9653396606445312
CNV/53/OD/016_CNV.tif,CNV-053,val,CNV,cnv,OD,.tif,1.9976797103881836
CNV/53/OD/017_CNV.tif,CNV-053,val,CNV,cnv,OD,.tif,1.8975441455841064
CNV/53/OD/018_Drusen.tif,CNV-053,val,CNV,drusen,OD,.tif,1.632829189300537
CNV/53/OD/019_Drusen.tif,CNV-053,val,CNV,drusen,OD,.tif,1.5975539684295654
CNV/53/OD/020_Drusen.tif,CNV-053,val,CNV,drusen,OD,.tif,1.7333240509033203
CNV/53/OD/021_Drusen.tif,CNV-053,val,CNV,drusen,OD,.tif,1.5762758255004883
CNV/53/OD/022_Drusen.tif,CNV-053,val,CNV,drusen,OD,.tif,1.5728647708892822
CNV/53/OD/023_Drusen.tif,CNV-053,val,CNV,drusen,OD,.tif,1.612943172454834
CNV/53/OD/024_Drusen.tif,CNV-053,val,CNV,drusen,OD,.tif,1.541856288909912
CNV/53/OD/025_Drusen.tif,CNV-053,val,CNV,drusen,OD,.tif,1.5164768695831299
CNV/53/OD/026_Drusen.tif,CNV-053,val,CNV,drusen,OD,.tif,1.573094367980957
CNV/53/OD/027_Drusen.tif,CNV-053,val,CNV,drusen,OD,.tif,1.5960818529129028
CNV/53/OD/028_Drusen.tif,CNV-053,val,CNV,drusen,OD,.tif,1.6366268396377563
CNV/53/OD/029_Normal.tif,CNV-053,val,CNV,normal,OD,.tif,1.6462842226028442
CNV/53/OD/030_Normal.tif,CNV-053,val,CNV,normal,OD,.tif,1.6968135833740234
CNV/53/OS/000_Normal.tif,CNV-053,val,CNV,normal,OS,.tif,1.8814386129379272
CNV/53/OS/001_Normal.tif,CNV-053,val,CNV,normal,OS,.tif,1.8893407583236694
CNV/53/OS/002_Drusen.tif,CNV-053,val,CNV,drusen,OS,.tif,1.9457889795303345
CNV/53/OS/003_Drusen.tif,CNV-053,val,CNV,drusen,OS,.tif,1.8262819051742554
CNV/53/OS/004_Drusen.tif,CNV-053,val,CNV,drusen,OS,.tif,1.7979735136032104
CNV/53/OS/005_Drusen.tif,CNV-053,val,CNV,drusen,OS,.tif,1.7698723077774048
CNV/53/OS/006_Drusen.tif,CNV-053,val,CNV,drusen,OS,.tif,1.6881250143051147
CNV/53/OS/007_Drusen.tif,CNV-053,val,CNV,drusen,OS,.tif,1.67593252658844
CNV/53/OS/008_Drusen.tif,CNV-053,val,CNV,drusen,OS,.tif,1.67538321018219
CNV/53/OS/009_CNV.tif,CNV-053,val,CNV,cnv,OS,.tif,1.699669361114502
CNV/53/OS/010_CNV.tif,CNV-053,val,CNV,cnv,OS,.tif,1.7042460441589355
CNV/53/OS/011_CNV.tif,CNV-053,val,CNV,cnv,OS,.tif,1.8723678588867188
CNV/53/OS/012_CNV.tif,CNV-053,val,CNV,cnv,OS,.tif,1.9957778453826904
CNV/53/OS/013_CNV.tif,CNV-053,val,CNV,cnv,OS,.tif,2.107982635498047
CNV/53/OS/014_CNV.tif,CNV-053,val,CNV,cnv,OS,.tif,2.1585965156555176
CNV/53/OS/015_CNV.tif,CNV-053,val,CNV,cnv,OS,.tif,2.2825469970703125
CNV/53/OS/016_CNV.tif,CNV-053,val,CNV,cnv,OS,.tif,2.3606274127960205
CNV/53/OS/017_CNV.tif,CNV-053,val,CNV,cnv,OS,.tif,2.0764291286468506
CNV/53/OS/018_CNV.tif,CNV-053,val,CNV,cnv,OS,.tif,1.9886882305145264
CNV/53/OS/019_CNV.tif,CNV-053,val,CNV,cnv,OS,.tif,1.8095262050628662
CNV/53/OS/020_Drusen.tif,CNV-053,val,CNV,drusen,OS,.tif,1.769498586654663
CNV/53/OS/021_Drusen.tif,CNV-053,val,CNV,drusen,OS,.tif,1.7144012451171875
CNV/53/OS/022_Drusen.tif,CNV-053,val,CNV,drusen,OS,.tif,1.7454981803894043
CNV/53/OS/023_Drusen.tif,CNV-053,val,CNV,drusen,OS,.tif,1.7224390506744385
CNV/53/OS/024_Drusen.tif,CNV-053,val,CNV,drusen,OS,.tif,1.7284857034683228
CNV/53/OS/025_Drusen.tif,CNV-053,val,CNV,drusen,OS,.tif,1.6584686040878296
CNV/53/OS/026_Normal.tif,CNV-053,val,CNV,normal,OS,.tif,1.8140125274658203
CNV/53/OS/027_Drusen.tif,CNV-053,val,CNV,drusen,OS,.tif,1.7840901613235474
CNV/53/OS/028_Drusen.tif,CNV-053,val,CNV,drusen,OS,.tif,1.8632762432098389
CNV/53/OS/029_Normal.tif,CNV-053,val,CNV,normal,OS,.tif,1.7986643314361572
CNV/53/OS/030_Drusen.tif,CNV-053,val,CNV,drusen,OS,.tif,1.767953634262085
CNV/57/000_Drusen.tif,CNV-057,val,CNV,drusen,OD,.tif,1.6463078260421753
CNV/57/001_Drusen.tif,CNV-057,val,CNV,drusen,OD,.tif,1.5754406452178955
CNV/57/002_CNV.tif,CNV-057,val,CNV,cnv,OD,.tif,1.7032548189163208
CNV/57/003_CNV.tif,CNV-057,val,CNV,cnv,OD,.tif,1.8757132291793823
CNV/57/004_CNV.tif,CNV-057,val,CNV,cnv,OD,.tif,1.9681174755096436
CNV/57/005_CNV.tif,CNV-057,val,CNV,cnv,OD,.tif,2.186840534210205
CNV/57/006_CNV.tif,CNV-057,val,CNV,cnv,OD,.tif,2.1209945678710938
CNV/57/007_CNV.tif,CNV-057,val,CNV,cnv,OD,.tif,2.3787577152252197
CNV/57/008_CNV.tif,CNV-057,val,CNV,cnv,OD,.tif,2.2858967781066895
CNV/57/009_CNV.tif,CNV-057,val,CNV,cnv,OD,.tif,2.2046172618865967
CNV/57/010_CNV.tif,CNV-057,val,CNV,cnv,OD,.tif,2.9009146690368652
CNV/57/011_CNV.tif,CNV-057,val,CNV,cnv,OD,.tif,2.8131682872772217
CNV/57/012_CNV.tif,CNV-057,val,CNV,cnv,OD,.tif,2.619877576828003
CNV/57/013_CNV.tif,CNV-057,val,CNV,cnv,OD,.tif,2.39876651763916
CNV/57/014_CNV.tif,CNV-057,val,CNV,cnv,OD,.tif,2.577579975128174
CNV/57/015_CNV.tif,CNV-057,val,CNV,cnv,OD,.tif,2.5737977027893066
CNV/57/016_CNV.tif,CNV-057,val,CNV,cnv,OD,.tif,2.6667637825012207
CNV/57/017_CNV.tif,CNV-057,val,CNV,cnv,OD,.tif,2.5846803188323975
CNV/57/018_CNV.tif,CNV-057,val,CNV,cnv,OD,.tif,2.542147636413574
CNV/57/019_CNV.tif,CNV-057,val,CNV,cnv,OD,.tif,2.645716905593872
CNV/57/020_CNV.tif,CNV-057,val,CNV,cnv,OD,.tif,2.5572118759155273
CNV/57/021_CNV.tif,CNV-057,val,CNV,cnv,OD,.tif,2.323246717453003
CNV/57/022_CNV.tif,CNV-057,val,CNV,cnv,OD,.tif,2.00439715385437
CNV/57/023_CNV.tif,CNV-057,val,CNV,cnv,OD,.tif,1.9717868566513062
CNV/57/024_CNV.tif,CNV-057,val,CNV,cnv,OD,.tif,1.783871054649353
CNV/57/025_CNV.tif,CNV-057,val,CNV,cnv,OD,.tif,1.844374656677246
CNV/57/026_CNV.tif,CNV-057,val,CNV,cnv,OD,.tif,1.8534539937973022
CNV/57/027_CNV.tif,CNV-057,val,CNV,cnv,OD,.tif,1.7368450164794922
CNV/57/028_Drusen.tif,CNV-057,val,CNV,drusen,OD,.tif,1.491921067237854
CNV/57/029_Drusen.tif,CNV-057,val,CNV,drusen,OD,.tif,1.5453273057937622
CNV/57/030_Drusen.tif,CNV-057,val,CNV,drusen,OD,.tif,1.4904024600982666
CNV/63/000_Normal.tif,CNV-063,val,CNV,normal,OS,.tif,2.136079788208008
CNV/63/001_Normal.tif,CNV-063,val,CNV,normal,OS,.tif,2.012913465499878
CNV/63/002_Normal.tif,CNV-063,val,CNV,normal,OS,.tif,2.0116612911224365
CNV/63/003_Drusen.tif,CNV-063,val,CNV,drusen,OS,.tif,2.2257132530212402
CNV/63/004_Drusen.tif,CNV-063,val,CNV,drusen,OS,.tif,2.1065785884857178
CNV/63/005_Drusen.tif,CNV-063,val,CNV,drusen,OS,.tif,2.0095577239990234
CNV/63/006_Drusen.tif,CNV-063,val,CNV,drusen,OS,.tif,2.1097874641418457
CNV/63/007_Drusen.tif,CNV-063,val,CNV,drusen,OS,.tif,2.1342146396636963
CNV/63/008_Drusen.tif,CNV-063,val,CNV,drusen,OS,.tif,2.2325284481048584
CNV/63/009_Drusen.tif,CNV-063,val,CNV,drusen,OS,.tif,2.1406285762786865
CNV/63/010_Drusen.tif,CNV-063,val,CNV,drusen,OS,.tif,2.403346538543701
CNV/63/011_Drusen.tif,CNV-063,val,CNV,drusen,OS,.tif,2.4159750938415527
CNV/63/012_Drusen.tif,CNV-063,val,CNV,drusen,OS,.tif,2.3505070209503174
CNV/63/013_Drusen.tif,CNV-063,val,CNV,drusen,OS,.tif,2.456599473953247
CNV/63/014_CNV.tif,CNV-063,val,CNV,cnv,OS,.tif,2.3500351905822754
CNV/63/015_CNV.tif,CNV-063,val,CNV,cnv,OS,.tif,2.669088363647461
CNV/63/016_CNV.tif,CNV-063,val,CNV,cnv,OS,.tif,2.7847893238067627
CNV/63/017_CNV.tif,CNV-063,val,CNV,cnv,OS,.tif,2.7818961143493652
CNV/63/018_CNV.tif,CNV-063,val,CNV,cnv,OS,.tif,2.9390861988067627
CNV/63/019_CNV.tif,CNV-063,val,CNV,cnv,OS,.tif,3.3172600269317627
CNV/63/020_CNV.tif,CNV-063,val,CNV,cnv,OS,.tif,2.7918684482574463
CNV/63/021_CNV.tif,CNV-063,val,CNV,cnv,OS,.tif,2.4202189445495605
CNV/63/022_CNV.tif,CNV-063,val,CNV,cnv,OS,.tif,1.984891653060913
CNV/63/023_CNV.tif,CNV-063,val,CNV,cnv,OS,.tif,1.8599828481674194
CNV/63/024_CNV.tif,CNV-063,val,CNV,cnv,OS,.tif,2.4772303104400635
CNV/63/025_CNV.tif,CNV-063,val,CNV,cnv,OS,.tif,2.4571118354797363
CNV/63/026_Drusen.tif,CNV-063,val,CNV,drusen,OS,.tif,2.691540002822876
CNV/63/027_Drusen.tif,CNV-063,val,CNV,drusen,OS,.tif,2.7067723274230957
CNV/63/028_Drusen.tif,CNV-063,val,CNV,drusen,OS,.tif,2.670384168624878
CNV/63/029_Drusen.tif,CNV-063,val,CNV,drusen,OS,.tif,2.5007920265197754
CNV/63/030_Drusen.tif,CNV-063,val,CNV,drusen,OS,.tif,2.433990716934204
CNV/71/000_Normal.jpg,CNV-071,val,CNV,normal,OD,.jpg,1.7519053220748901
CNV/71/001_Normal.jpg,CNV-071,val,CNV,normal,OD,.jpg,1.8336454629898071
CNV/71/002_Normal.jpg,CNV-071,val,CNV,normal,OD,.jpg,1.6500235795974731
CNV/71/003_Drusen.jpg,CNV-071,val,CNV,drusen,OD,.jpg,1.8751964569091797
CNV/71/004_Drusen.jpg,CNV-071,val,CNV,drusen,OD,.jpg,1.9580657482147217
CNV/71/005_Drusen.jpg,CNV-071,val,CNV,drusen,OD,.jpg,1.9584232568740845
CNV/71/006_Drusen.jpg,CNV-071,val,CNV,drusen,OD,.jpg,1.7602617740631104
CNV/71/007_Drusen.jpg,CNV-071,val,CNV,drusen,OD,.jpg,1.5899553298950195
CNV/71/008_Drusen.jpg,CNV-071,val,CNV,drusen,OD,.jpg,1.6494789123535156
CNV/71/009_Drusen.jpg,CNV-071,val,CNV,drusen,OD,.jpg,1.5542998313903809
CNV/71/010_CNV.jpg,CNV-071,val,CNV,cnv,OD,.jpg,1.6111286878585815
CNV/71/011_CNV.jpg,CNV-071,val,CNV,cnv,OD,.jpg,1.6101233959197998
CNV/71/012_CNV.jpg,CNV-071,val,CNV,cnv,OD,.jpg,1.66230046749115
CNV/71/013_CNV.jpg,CNV-071,val,CNV,cnv,OD,.jpg,1.8255432844161987
CNV/71/014_CNV.jpg,CNV-071,val,CNV,cnv,OD,.jpg,1.9883100986480713
CNV/71/015_CNV.jpg,CNV-071,val,CNV,cnv,OD,.jpg,1.864356517791748
CNV/71/016_CNV.jpg,CNV-071,val,CNV,cnv,OD,.jpg,1.8025420904159546
CNV/71/017_CNV.jpg,CNV-071,val,CNV,cnv,OD,.jpg,1.9408425092697144
CNV/71/018_CNV.jpg,CNV-071,val,CNV,cnv,OD,.jpg,2.058332920074463
CNV/71/019_CNV.jpg,CNV-071,val,CNV,cnv,OD,.jpg,1.6777448654174805
CNV/71/020_Normal.jpg,CNV-071,val,CNV,normal,OD,.jpg,1.466239333152771
CNV/71/021_Drusen.jpg,CNV-071,val,CNV,drusen,OD,.jpg,1.5345863103866577
CNV/71/022_Drusen.jpg,CNV-071,val,CNV,drusen,OD,.jpg,1.7220518589019775
CNV/71/023_Drusen.jpg,CNV-071,val,CNV,drusen,OD,.jpg,1.5731651782989502
CNV/71/024_Drusen.jpg,CNV-071,val,CNV,drusen,OD,.jpg,1.570586919784546
CNV/71/025_Normal.jpg,CNV-071,val,CNV,normal,OD,.jpg,1.5552043914794922
CNV/71/026_Normal.jpg,CNV-071,val,CNV,normal,OD,.jpg,1.6268504858016968
CNV/71/027_Normal.jpg,CNV-071,val,CNV,normal,OD,.jpg,1.572759985923767
CNV/71/028_Normal.jpg,CNV-071,val,CNV,normal,OD,.jpg,1.7188864946365356
CNV/71/029_Drusen.jpg,CNV-071,val,CNV,drusen,OD,.jpg,1.6380783319473267
CNV/71/030_Drusen.jpg,CNV-071,val,CNV,drusen,OD,.jpg,1.7561147212982178
CNV/82/000_Normal.jpg,CNV-082,val,CNV,normal,OS,.jpg,1.8608033657073975
CNV/82/001_Normal.jpg,CNV-082,val,CNV,normal,OS,.jpg,1.9218049049377441
CNV/82/002_Normal.jpg,CNV-082,val,CNV,normal,OS,.jpg,2.150754928588867
CNV/82/003_Normal.jpg,CNV-082,val,CNV,normal,OS,.jpg,2.095961809158325
CNV/82/004_CNV.jpg,CNV-082,val,CNV,cnv,OS,.jpg,2.221923589706421
CNV/82/005_CNV.jpg,CNV-082,val,CNV,cnv,OS,.jpg,2.3888986110687256
CNV/82/006_CNV.jpg,CNV-082,val,CNV,cnv,OS,.jpg,2.332463026046753
CNV/82/007_CNV.jpg,CNV-082,val,CNV,cnv,OS,.jpg,2.167517900466919
CNV/82/008_CNV.jpg,CNV-082,val,CNV,cnv,OS,.jpg,2.2676541805267334
CNV/82/009_CNV.jpg,CNV-082,val,CNV,cnv,OS,.jpg,2.569030284881592
CNV/82/010_CNV.jpg,CNV-082,val,CNV,cnv,OS,.jpg,2.5811095237731934
CNV/82/011_CNV.jpg,CNV-082,val,CNV,cnv,OS,.jpg,2.737895965576172
CNV/82/012_CNV.jpg,CNV-082,val,CNV,cnv,OS,.jpg,2.6546919345855713
CNV/82/013_CNV.jpg,CNV-082,val,CNV,cnv,OS,.jpg,2.5992655754089355
CNV/82/014_CNV.jpg,CNV-082,val,CNV,cnv,OS,.jpg,2.7099199295043945
CNV/82/015_CNV.jpg,CNV-082,val,CNV,cnv,OS,.jpg,3.150233268737793
CNV/82/016_CNV.jpg,CNV-082,val,CNV,cnv,OS,.jpg,3.0287158489227295
CNV/82/017_CNV.jpg,CNV-082,val,CNV,cnv,OS,.jpg,3.098722219467163
CNV/82/018_CNV.jpg,CNV-082,val,CNV,cnv,OS,.jpg,2.923936367034912
CNV/82/019_CNV.jpg,CNV-082,val,CNV,cnv,OS,.jpg,2.5943069458007812
CNV/82/020_CNV.jpg,CNV-082,val,CNV,cnv,OS,.jpg,2.669985294342041
CNV/82/021_CNV.jpg,CNV-082,val,CNV,cnv,OS,.jpg,2.405710458755493
CNV/82/022_CNV.jpg,CNV-082,val,CNV,cnv,OS,.jpg,2.1767525672912598
CNV/82/023_CNV.jpg,CNV-082,val,CNV,cnv,OS,.jpg,2.002293586730957
CNV/82/024_CNV.jpg,CNV-082,val,CNV,cnv,OS,.jpg,2.011263132095337
CNV/82/025_CNV.jpg,CNV-082,val,CNV,cnv,OS,.jpg,1.87504243850708
CNV/82/026_CNV.jpg,CNV-082,val,CNV,cnv,OS,.jpg,1.9888495206832886
CNV/82/027_CNV.jpg,CNV-082,val,CNV,cnv,OS,.jpg,2.0367138385772705
CNV/82/028_CNV.jpg,CNV-082,val,CNV,cnv,OS,.jpg,1.652673602104187
CNV/82/029_Drusen.jpg,CNV-082,val,CNV,drusen,OS,.jpg,1.8078398704528809
CNV/82/030_Drusen.jpg,CNV-082,val,CNV,drusen,OS,.jpg,1.6797387599945068
CNV/86/000_CNV.tif,CNV-086,val,CNV,cnv,OD,.tif,2.3029754161834717
CNV/86/001_CNV.tif,CNV-086,val,CNV,cnv,OD,.tif,2.377078056335449
CNV/86/002_CNV.tif,CNV-086,val,CNV,cnv,OD,.tif,2.680344343185425
CNV/86/003_CNV.tif,CNV-086,val,CNV,cnv,OD,.tif,2.618567705154419
CNV/86/004_CNV.tif,CNV-086,val,CNV,cnv,OD,.tif,2.759629011154175
CNV/86/005_CNV.tif,CNV-086,val,CNV,cnv,OD,.tif,2.6561009883880615
CNV/86/006_CNV.tif,CNV-086,val,CNV,cnv,OD,.tif,2.607529878616333
CNV/86/007_CNV.tif,CNV-086,val,CNV,cnv,OD,.tif,3.060661554336548
CNV/86/008_CNV.tif,CNV-086,val,CNV,cnv,OD,.tif,3.064859390258789
CNV/86/009_CNV.tif,CNV-086,val,CNV,cnv,OD,.tif,2.8625433444976807
CNV/86/010_CNV.tif,CNV-086,val,CNV,cnv,OD,.tif,2.701817274093628
CNV/86/011_CNV.tif,CNV-086,val,CNV,cnv,OD,.tif,2.7367331981658936
CNV/86/012_CNV.tif,CNV-086,val,CNV,cnv,OD,.tif,2.954371690750122
CNV/86/013_CNV.tif,CNV-086,val,CNV,cnv,OD,.tif,3.1593000888824463
CNV/86/014_CNV.tif,CNV-086,val,CNV,cnv,OD,.tif,3.3254287242889404
CNV/86/015_CNV.tif,CNV-086,val,CNV,cnv,OD,.tif,3.201249599456787
CNV/86/016_CNV.tif,CNV-086,val,CNV,cnv,OD,.tif,3.038668155670166
CNV/86/017_CNV.tif,CNV-086,val,CNV,cnv,OD,.tif,3.124253988265991
CNV/86/018_CNV.tif,CNV-086,val,CNV,cnv,OD,.tif,3.2425873279571533
CNV/86/019_CNV.tif,CNV-086,val,CNV,cnv,OD,.tif,2.882112503051758
CNV/86/020_CNV.tif,CNV-086,val,CNV,cnv,OD,.tif,2.7066330909729004
CNV/86/021_CNV.tif,CNV-086,val,CNV,cnv,OD,.tif,2.320406913757324
CNV/86/022_CNV.tif,CNV-086,val,CNV,cnv,OD,.tif,2.4331512451171875
CNV/86/023_CNV.tif,CNV-086,val,CNV,cnv,OD,.tif,2.0732827186584473
CNV/86/024_CNV.tif,CNV-086,val,CNV,cnv,OD,.tif,1.952175498008728
CNV/86/025_CNV.tif,CNV-086,val,CNV,cnv,OD,.tif,1.8729932308197021
CNV/86/026_CNV.tif,CNV-086,val,CNV,cnv,OD,.tif,1.950629711151123
CNV/86/027_Normal.tif,CNV-086,val,CNV,normal,OD,.tif,1.7826733589172363
CNV/86/028_Normal.tif,CNV-086,val,CNV,normal,OD,.tif,1.8329144716262817
CNV/86/029_Normal.tif,CNV-086,val,CNV,normal,OD,.tif,1.7685481309890747
CNV/86/030_Normal.tif,CNV-086,val,CNV,normal,OD,.tif,1.8864644765853882
CNV/93/000_CNV.jpg,CNV-093,val,CNV,cnv,OS,.jpg,1.769551396369934
CNV/93/001_CNV.jpg,CNV-093,val,CNV,cnv,OS,.jpg,1.7077651023864746
CNV/93/002_CNV.jpg,CNV-093,val,CNV,cnv,OS,.jpg,1.8156981468200684
CNV/93/003_CNV.jpg,CNV-093,val,CNV,cnv,OS,.jpg,2.0630815029144287
CNV/93/004_CNV.jpg,CNV-093,val,CNV,cnv,OS,.jpg,2.010423421859741
CNV/93/005_CNV.jpg,CNV-093,val,CNV,cnv,OS,.jpg,1.93374764919281
CNV/93/006_CNV.jpg,CNV-093,val,CNV,cnv,OS,.jpg,1.9249168634414673
CNV/93/007_CNV.jpg,CNV-093,val,CNV,cnv,OS,.jpg,2.106689214706421
CNV/93/008_CNV.jpg,CNV-093,val,CNV,cnv,OS,.jpg,1.9144612550735474
CNV/93/009_CNV.jpg,CNV-093,val,CNV,cnv,OS,.jpg,2.0169100761413574
CNV/93/010_CNV.jpg,CNV-093,val,CNV,cnv,OS,.jpg,2.2388923168182373
CNV/93/011_CNV.jpg,CNV-093,val,CNV,cnv,OS,.jpg,2.3025312423706055
CNV/93/012_CNV.jpg,CNV-093,val,CNV,cnv,OS,.jpg,2.386889934539795
CNV/93/013_CNV.jpg,CNV-093,val,CNV,cnv,OS,.jpg,2.5141077041625977
CNV/93/014_CNV.jpg,CNV-093,val,CNV,cnv,OS,.jpg,2.5607316493988037
CNV/93/015_CNV.jpg,CNV-093,val,CNV,cnv,OS,.jpg,2.3916454315185547
CNV/93/016_CNV.jpg,CNV-093,val,CNV,cnv,OS,.jpg,2.5655980110168457
CNV/93/017_CNV.jpg,CNV-093,val,CNV,cnv,OS,.jpg,2.078610420227051
CNV/93/018_CNV.jpg,CNV-093,val,CNV,cnv,OS,.jpg,2.0692665576934814
CNV/93/019_CNV.jpg,CNV-093,val,CNV,cnv,OS,.jpg,2.091172456741333
CNV/93/020_CNV.jpg,CNV-093,val,CNV,cnv,OS,.jpg,2.189323902130127
CNV/93/021_Normal.jpg,CNV-093,val,CNV,normal,OS,.jpg,2.0795505046844482
CNV/93/022_Normal.jpg,CNV-093,val,CNV,normal,OS,.jpg,1.8475500345230103
CNV/93/023_Normal.jpg,CNV-093,val,CNV,normal,OS,.jpg,1.9441981315612793
CNV/93/024_Normal.jpg,CNV-093,val,CNV,normal,OS,.jpg,1.8354991674423218
CNV/94/000_Normal.tif,CNV-094,val,CNV,normal,OD,.tif,1.714747667312622
CNV/94/001_Normal.tif,CNV-094,val,CNV,normal,OD,.tif,1.6796050071716309
CNV/94/002_Normal.tif,CNV-094,val,CNV,normal,OD,.tif,1.7203664779663086
CNV/94/003_Normal.tif,CNV-094,val,CNV,normal,OD,.tif,1.5856460332870483
CNV/94/004_Normal.tif,CNV-094,val,CNV,normal,OD,.tif,1.5596119165420532
CNV/94/005_Normal.tif,CNV-094,val,CNV,normal,OD,.tif,1.4604097604751587
CNV/94/006_Normal.tif,CNV-094,val,CNV,normal,OD,.tif,1.5247807502746582
CNV/94/007_Drusen.tif,CNV-094,val,CNV,drusen,OD,.tif,1.5810009241104126
CNV/94/008_Drusen.tif,CNV-094,val,CNV,drusen,OD,.tif,1.700453758239746
CNV/94/009_Drusen.tif,CNV-094,val,CNV,drusen,OD,.tif,1.611609935760498
CNV/94/010_Drusen.tif,CNV-094,val,CNV,drusen,OD,.tif,1.6252626180648804
CNV/94/011_Drusen.tif,CNV-094,val,CNV,drusen,OD,.tif,1.7571141719818115
CNV/94/012_Drusen.tif,CNV-094,val,CNV,drusen,OD,.tif,1.7735908031463623
CNV/94/013_Drusen.tif,CNV-094,val,CNV,drusen,OD,.tif,1.6647576093673706
CNV/94/014_Drusen.tif,CNV-094,val,CNV,drusen,OD,.tif,1.7160892486572266
CNV/94/015_CNV.tif,CNV-094,val,CNV,cnv,OD,.tif,1.8303776979446411
CNV/94/016_CNV.tif,CNV-094,val,CNV,cnv,OD,.tif,1.813215970993042
CNV/94/017_Drusen.tif,CNV-094,val,CNV,drusen,OD,.tif,1.8932584524154663
CNV/94/018_Drusen.tif,CNV-094,val,CNV,drusen,OD,.tif,1.805462121963501
CNV/94/019_Drusen.tif,CNV-094,val,CNV,drusen,OD,.tif,1.7163993120193481
CNV/94/020_Drusen.tif,CNV-094,val,CNV,drusen,OD,.tif,1.622259497642517
CNV/94/021_Drusen.tif,CNV-094,val,CNV,drusen,OD,.tif,1.6249842643737793
CNV/94/022_Drusen.tif,CNV-094,val,CNV,drusen,OD,.tif,1.5471428632736206
CNV/94/023_Drusen.tif,CNV-094,val,CNV,drusen,OD,.tif,1.4670076370239258
CNV/94/024_Drusen.tif,CNV-094,val,CNV,drusen,OD,.tif,1.524473786354065
CNV/94/025_Drusen.tif,CNV-094,val,CNV,drusen,OD,.tif,1.5409486293792725
CNV/94/026_Drusen.tif,CNV-094,val,CNV,drusen,OD,.tif,1.7203963994979858
CNV/94/027_Drusen.tif,CNV-094,val,CNV,drusen,OD,.tif,1.8028028011322021
CNV/94/028_Normal.tif,CNV-094,val,CNV,normal,OD,.tif,1.6972603797912598
CNV/94/029_Normal.tif,CNV-094,val,CNV,normal,OD,.tif,1.611429214477539
CNV/94/030_Normal.tif,CNV-094,val,CNV,normal,OD,.tif,1.5822285413742065
CNV/97/000_CNV.tif,CNV-097,val,CNV,cnv,OS,.tif,1.9407894611358643
CNV/97/001_CNV.tif,CNV-097,val,CNV,cnv,OS,.tif,1.8231797218322754
CNV/97/002_CNV.tif,CNV-097,val,CNV,cnv,OS,.tif,1.949174404144287
CNV/97/003_CNV.tif,CNV-097,val,CNV,cnv,OS,.tif,2.067234754562378
CNV/97/004_CNV.tif,CNV-097,val,CNV,cnv,OS,.tif,2.0329816341400146
CNV/97/005_CNV.tif,CNV-097,val,CNV,cnv,OS,.tif,2.1604459285736084
CNV/97/006_CNV.tif,CNV-097,val,CNV,cnv,OS,.tif,2.099663496017456
CNV/97/007_CNV.tif,CNV-097,val,CNV,cnv,OS,.tif,2.392702102661133
CNV/97/008_CNV.tif,CNV-097,val,CNV,cnv,OS,.tif,2.4409308433532715
CNV/97/009_CNV.tif,CNV-097,val,CNV,cnv,OS,.tif,2.4121522903442383
CNV/97/010_CNV.tif,CNV-097,val,CNV,cnv,OS,.tif,2.498185873031616
CNV/97/011_CNV.tif,CNV-097,val,CNV,cnv,OS,.tif,2.6543943881988525
CNV/97/012_CNV.tif,CNV-097,val,CNV,cnv,OS,.tif,2.584873676300049
CNV/97/013_CNV.tif,CNV-097,val,CNV,cnv,OS,.tif,2.565168619155884
CNV/97/014_CNV.tif,CNV-097,val,CNV,cnv,OS,.tif,2.61008882522583
CNV/97/015_CNV.tif,CNV-097,val,CNV,cnv,OS,.tif,2.405994176864624
CNV/97/016_CNV.tif,CNV-097,val,CNV,cnv,OS,.tif,2.548092842102051
CNV/97/017_CNV.tif,CNV-097,val,CNV,cnv,OS,.tif,2.719437599182129
CNV/97/018_CNV.tif,CNV-097,val,CNV,cnv,OS,.tif,2.58003830909729
CNV/97/019_CNV.tif,CNV-097,val,CNV,cnv,OS,.tif,2.237516164779663
CNV/97/020_CNV.tif,CNV-097,val,CNV,cnv,OS,.tif,2.252528667449951
CNV/97/021_Drusen.tif,CNV-097,val,CNV,drusen,OS,.tif,2.336052417755127
CNV/97/022_Drusen.tif,CNV-097,val,CNV,drusen,OS,.tif,2.421233892440796
CNV/97/023_Drusen.tif,CNV-097,val,CNV,drusen,OS,.tif,2.1963603496551514
CNV/97/024_Drusen.tif,CNV-097,val,CNV,drusen,OS,.tif,2.4209604263305664
CNV/97/025_Drusen.tif,CNV-097,val,CNV,drusen,OS,.tif,2.308624029159546
CNV/97/026_Drusen.tif,CNV-097,val,CNV,drusen,OS,.tif,2.1696460247039795
CNV/97/027_Normal.tif,CNV-097,val,CNV,normal,OS,.tif,2.278271436691284
CNV/97/028_Normal.tif,CNV-097,val,CNV,normal,OS,.tif,2.190351724624634
CNV/97/029_Normal.tif,CNV-097,val,CNV,normal,OS,.tif,2.2447829246520996
CNV/97/030_Normal.tif,CNV-097,val,CNV,normal,OS,.tif,2.0314066410064697
CNV/104/000_Normal.tif,CNV-104,val,CNV,normal,OD,.tif,1.9202343225479126
CNV/104/001_Normal.tif,CNV-104,val,CNV,normal,OD,.tif,1.9314022064208984
CNV/104/002_Normal.tif,CNV-104,val,CNV,normal,OD,.tif,1.8614680767059326
CNV/104/003_Drusen.tif,CNV-104,val,CNV,drusen,OD,.tif,1.8433421850204468
CNV/104/004_Drusen.tif,CNV-104,val,CNV,drusen,OD,.tif,1.8930033445358276
CNV/104/005_Drusen.tif,CNV-104,val,CNV,drusen,OD,.tif,1.868196964263916
CNV/104/006_Drusen.tif,CNV-104,val,CNV,drusen,OD,.tif,1.8971688747406006
CNV/104/007_Drusen.tif,CNV-104,val,CNV,drusen,OD,.tif,1.8939369916915894
CNV/104/008_Drusen.tif,CNV-104,val,CNV,drusen,OD,.tif,2.004343271255493
CNV/104/009_Drusen.tif,CNV-104,val,CNV,drusen,OD,.tif,2.0783796310424805
CNV/104/010_CNV.tif,CNV-104,val,CNV,cnv,OD,.tif,2.0248146057128906
CNV/104/011_CNV.tif,CNV-104,val,CNV,cnv,OD,.tif,2.279057741165161
CNV/104/012_CNV.tif,CNV-104,val,CNV,cnv,OD,.tif,2.5369882583618164
CNV/104/013_CNV.tif,CNV-104,val,CNV,cnv,OD,.tif,2.596344470977783
CNV/104/014_CNV.tif,CNV-104,val,CNV,cnv,OD,.tif,2.9737493991851807
CNV/104/015_CNV.tif,CNV-104,val,CNV,cnv,OD,.tif,2.7486889362335205
CNV/104/016_CNV.tif,CNV-104,val,CNV,cnv,OD,.tif,3.0023605823516846
CNV/104/017_CNV.tif,CNV-104,val,CNV,cnv,OD,.tif,3.3313095569610596
CNV/104/018_CNV.tif,CNV-104,val,CNV,cnv,OD,.tif,3.1913373470306396
CNV/104/019_CNV.tif,CNV-104,val,CNV,cnv,OD,.tif,3.4899752140045166
CNV/104/020_CNV.tif,CNV-104,val,CNV,cnv,OD,.tif,3.346407651901245
CNV/104/021_CNV.tif,CNV-104,val,CNV,cnv,OD,.tif,3.510420322418213
CNV/104/022_CNV.tif,CNV-104,val,CNV,cnv,OD,.tif,3.197641611099243
CNV/104/023_CNV.tif,CNV-104,val,CNV,cnv,OD,.tif,2.8635804653167725
CNV/104/024_CNV.tif,CNV-104,val,CNV,cnv,OD,.tif,2.2515757083892822
CNV/104/025_CNV.tif,CNV-104,val,CNV,cnv,OD,.tif,2.0116238594055176
CNV/104/026_CNV.tif,CNV-104,val,CNV,cnv,OD,.tif,1.911460041999817
CNV/104/027_Drusen.tif,CNV-104,val,CNV,drusen,OD,.tif,1.7648882865905762
CNV/104/028_Drusen.tif,CNV-104,val,CNV,drusen,OD,.tif,1.8374178409576416
CNV/104/029_Drusen.tif,CNV-104,val,CNV,drusen,OD,.tif,1.720338225364685
CNV/104/030_Drusen.tif,CNV-104,val,CNV,drusen,OD,.tif,1.7528496980667114
CNV/105/000_CNV.tif,CNV-105,val,CNV,cnv,OD,.tif,2.0290732383728027
CNV/105/001_CNV.tif,CNV-105,val,CNV,cnv,OD,.tif,2.175523519515991
CNV/105/002_CNV.tif,CNV-105,val,CNV,cnv,OD,.tif,2.152195930480957
CNV/105/003_CNV.tif,CNV-105,val,CNV,cnv,OD,.tif,2.2773337364196777
CNV/105/004_CNV.tif,CNV-105,val,CNV,cnv,OD,.tif,2.169020891189575
CNV/105/005_CNV.tif,CNV-105,val,CNV,cnv,OD,.tif,2.1553056240081787
CNV/105/006_CNV.tif,CNV-105,val,CNV,cnv,OD,.tif,2.3075876235961914
CNV/105/007_CNV.tif,CNV-105,val,CNV,cnv,OD,.tif,2.269306182861328
CNV/105/008_CNV.tif,CNV-105,val,CNV,cnv,OD,.tif,2.29557728767395
CNV/105/009_CNV.tif,CNV-105,val,CNV,cnv,OD,.tif,2.2849535942077637
CNV/105/010_CNV.tif,CNV-105,val,CNV,cnv,OD,.tif,2.4898040294647217
CNV/105/011_CNV.tif,CNV-105,val,CNV,cnv,OD,.tif,2.337331771850586
CNV/105/012_CNV.tif,CNV-105,val,CNV,cnv,OD,.tif,2.353153705596924
CNV/105/013_CNV.tif,CNV-105,val,CNV,cnv,OD,.tif,2.4306833744049072
CNV/105/014_CNV.tif,CNV-105,val,CNV,cnv,OD,.tif,2.469867706298828
CNV/105/015_CNV.tif,CNV-105,val,CNV,cnv,OD,.tif,2.4374070167541504
CNV/105/016_CNV.tif,CNV-105,val,CNV,cnv,OD,.tif,2.6014084815979004
CNV/105/017_CNV.tif,CNV-105,val,CNV,cnv,OD,.tif,2.6476197242736816
CNV/105/018_CNV.tif,CNV-105,val,CNV,cnv,OD,.tif,2.3240764141082764
CNV/105/019_CNV.tif,CNV-105,val,CNV,cnv,OD,.tif,2.319396495819092
CNV/105/020_CNV.tif,CNV-105,val,CNV,cnv,OD,.tif,2.120152235031128
CNV/105/021_CNV.tif,CNV-105,val,CNV,cnv,OD,.tif,1.9633008241653442
CNV/105/022_CNV.tif,CNV-105,val,CNV,cnv,OD,.tif,1.8471869230270386
CNV/105/023_CNV.tif,CNV-105,val,CNV,cnv,OD,.tif,1.6529937982559204
CNV/105/024_Normal.tif,CNV-105,val,CNV,normal,OD,.tif,1.643627643585205
CNV/105/025_Normal.tif,CNV-105,val,CNV,normal,OD,.tif,1.6071332693099976
CNV/105/026_Normal.tif,CNV-105,val,CNV,normal,OD,.tif,1.7827731370925903
CNV/105/027_Normal.tif,CNV-105,val,CNV,normal,OD,.tif,1.7246431112289429
CNV/105/028_Normal.tif,CNV-105,val,CNV,normal,OD,.tif,1.7518514394760132
CNV/105/029_Normal.tif,CNV-105,val,CNV,normal,OD,.tif,1.8937057256698608
CNV/105/030_Normal.tif,CNV-105,val,CNV,normal,OD,.tif,1.9840329885482788
CNV/112/000_CNV.tif,CNV-112,val,CNV,cnv,OD,.tif,2.3247411251068115
CNV/112/001_CNV.tif,CNV-112,val,CNV,cnv,OD,.tif,2.485759973526001
CNV/112/002_CNV.tif,CNV-112,val,CNV,cnv,OD,.tif,2.4598541259765625
CNV/112/003_CNV.tif,CNV-112,val,CNV,cnv,OD,.tif,2.5180373191833496
CNV/112/004_CNV.tif,CNV-112,val,CNV,cnv,OD,.tif,2.5519320964813232
CNV/112/005_CNV.tif,CNV-112,val,CNV,cnv,OD,.tif,2.523423910140991
CNV/112/006_CNV.tif,CNV-112,val,CNV,cnv,OD,.tif,2.5653696060180664
CNV/112/007_CNV.tif,CNV-112,val,CNV,cnv,OD,.tif,2.3744404315948486
CNV/112/008_CNV.tif,CNV-112,val,CNV,cnv,OD,.tif,2.4180548191070557
CNV/112/009_CNV.tif,CNV-112,val,CNV,cnv,OD,.tif,2.3443119525909424
CNV/112/010_CNV.tif,CNV-112,val,CNV,cnv,OD,.tif,2.4999611377716064
CNV/112/011_CNV.tif,CNV-112,val,CNV,cnv,OD,.tif,2.3318870067596436
CNV/112/012_CNV.tif,CNV-112,val,CNV,cnv,OD,.tif,2.3181886672973633
CNV/112/013_CNV.tif,CNV-112,val,CNV,cnv,OD,.tif,2.345557451248169
CNV/112/014_CNV.tif,CNV-112,val,CNV,cnv,OD,.tif,2.1969785690307617
CNV/112/015_CNV.tif,CNV-112,val,CNV,cnv,OD,.tif,2.2188162803649902
CNV/112/016_CNV.tif,CNV-112,val,CNV,cnv,OD,.tif,2.15618634223938
CNV/112/017_CNV.tif,CNV-112,val,CNV,cnv,OD,.tif,2.0890450477600098
CNV/112/018_CNV.tif,CNV-112,val,CNV,cnv,OD,.tif,1.9948965311050415
CNV/112/019_CNV.tif,CNV-112,val,CNV,cnv,OD,.tif,1.855953335762024
CNV/112/020_CNV.tif,CNV-112,val,CNV,cnv,OD,.tif,1.9110538959503174
CNV/112/021_CNV.tif,CNV-112,val,CNV,cnv,OD,.tif,1.8253570795059204
CNV/112/022_Drusen.tif,CNV-112,val,CNV,drusen,OD,.tif,1.816373586654663
CNV/112/023_Drusen.tif,CNV-112,val,CNV,drusen,OD,.tif,1.7581300735473633
CNV/112/024_Drusen.tif,CNV-112,val,CNV,drusen,OD,.tif,1.8013179302215576
CNV/113/000_Drusen.tif,CNV-113,val,CNV,drusen,OS,.tif,1.722225546836853
CNV/113/001_Drusen.tif,CNV-113,val,CNV,drusen,OS,.tif,1.6321617364883423
CNV/113/002_Drusen.tif,CNV-113,val,CNV,drusen,OS,.tif,1.6717909574508667
CNV/113/003_Drusen.tif,CNV-113,val,CNV,drusen,OS,.tif,1.7045878171920776
CNV/113/004_Drusen.tif,CNV-113,val,CNV,drusen,OS,.tif,1.6167354583740234
CNV/113/005_Drusen.tif,CNV-113,val,CNV,drusen,OS,.tif,1.634409785270691
CNV/113/006_Drusen.tif,CNV-113,val,CNV,drusen,OS,.tif,1.6578238010406494
CNV/113/007_Drusen.tif,CNV-113,val,CNV,drusen,OS,.tif,1.9015586376190186
CNV/113/008_Drusen.tif,CNV-113,val,CNV,drusen,OS,.tif,1.8138737678527832
CNV/113/009_Drusen.tif,CNV-113,val,CNV,drusen,OS,.tif,1.8301531076431274
CNV/113/010_Drusen.tif,CNV-113,val,CNV,drusen,OS,.tif,1.971693992614746
CNV/113/011_Drusen.tif,CNV-113,val,CNV,drusen,OS,.tif,1.9582533836364746
CNV/113/012_Drusen.tif,CNV-113,val,CNV,drusen,OS,.tif,2.07391619682312
CNV/113/013_CNV.tif,CNV-113,val,CNV,cnv,OS,.tif,2.2000529766082764
CNV/113/014_CNV.tif,CNV-113,val,CNV,cnv,OS,.tif,2.4732718467712402
CNV/113/015_CNV.tif,CNV-113,val,CNV,cnv,OS,.tif,2.4627349376678467
CNV/113/016_CNV.tif,CNV-113,val,CNV,cnv,OS,.tif,2.6012158393859863
CNV/113/017_CNV.tif,CNV-113,val,CNV,cnv,OS,.tif,2.223787546157837
CNV/113/018_CNV.tif,CNV-113,val,CNV,cnv,OS,.tif,2.1542012691497803
CNV/113/019_Drusen.tif,CNV-113,val,CNV,drusen,OS,.tif,2.245692729949951
CNV/113/020_Drusen.tif,CNV-113,val,CNV,drusen,OS,.tif,2.2357640266418457
CNV/113/021_Drusen.tif,CNV-113,val,CNV,drusen,OS,.tif,2.1709630489349365
CNV/113/022_Drusen.tif,CNV-113,val,CNV,drusen,OS,.tif,2.2442121505737305
CNV/113/023_Drusen.tif,CNV-113,val,CNV,drusen,OS,.tif,2.0401206016540527
CNV/113/024_Drusen.tif,CNV-113,val,CNV,drusen,OS,.tif,2.078606128692627
CNV/113/025_Drusen.tif,CNV-113,val,CNV,drusen,OS,.tif,1.9491363763809204
CNV/113/026_Drusen.tif,CNV-113,val,CNV,drusen,OS,.tif,1.904845952987671
CNV/113/027_Drusen.tif,CNV-113,val,CNV,drusen,OS,.tif,1.9399571418762207
CNV/113/028_Drusen.tif,CNV-113,val,CNV,drusen,OS,.tif,1.9117188453674316
CNV/113/029_Drusen.tif,CNV-113,val,CNV,drusen,OS,.tif,1.8999650478363037
CNV/113/030_Drusen.tif,CNV-113,val,CNV,drusen,OS,.tif,1.7928199768066406
CNV/115/000_Normal.tif,CNV-115,val,CNV,normal,OD,.tif,1.8576972484588623
CNV/115/001_Normal.tif,CNV-115,val,CNV,normal,OD,.tif,1.834640622138977
CNV/115/002_Normal.tif,CNV-115,val,CNV,normal,OD,.tif,1.9172821044921875
CNV/115/003_Normal.tif,CNV-115,val,CNV,normal,OD,.tif,1.823174238204956
CNV/115/004_Normal.tif,CNV-115,val,CNV,normal,OD,.tif,1.7901368141174316
CNV/115/005_Normal.tif,CNV-115,val,CNV,normal,OD,.tif,1.878546953201294
CNV/115/006_Normal.tif,CNV-115,val,CNV,normal,OD,.tif,1.8861716985702515
CNV/115/007_Normal.tif,CNV-115,val,CNV,normal,OD,.tif,1.8714752197265625
CNV/115/008_Normal.tif,CNV-115,val,CNV,normal,OD,.tif,1.9333802461624146
CNV/115/009_Normal.tif,CNV-115,val,CNV,normal,OD,.tif,1.9815335273742676
CNV/115/010_Normal.tif,CNV-115,val,CNV,normal,OD,.tif,1.9599655866622925
CNV/115/011_Normal.tif,CNV-115,val,CNV,normal,OD,.tif,2.0433642864227295
CNV/115/012_CNV.tif,CNV-115,val,CNV,cnv,OD,.tif,2.1109766960144043
CNV/115/013_CNV.tif,CNV-115,val,CNV,cnv,OD,.tif,2.312609910964966
CNV/115/014_CNV.tif,CNV-115,val,CNV,cnv,OD,.tif,2.645120143890381
CNV/115/015_CNV.tif,CNV-115,val,CNV,cnv,OD,.tif,2.994767189025879
CNV/115/016_CNV.tif,CNV-115,val,CNV,cnv,OD,.tif,2.786066770553589
CNV/115/017_CNV.tif,CNV-115,val,CNV,cnv,OD,.tif,2.6759684085845947
CNV/115/018_CNV.tif,CNV-115,val,CNV,cnv,OD,.tif,2.4064416885375977
CNV/115/019_CNV.tif,CNV-115,val,CNV,cnv,OD,.tif,2.075129270553589
CNV/115/020_Normal.tif,CNV-115,val,CNV,normal,OD,.tif,2.0088512897491455
CNV/115/021_Normal.tif,CNV-115,val,CNV,normal,OD,.tif,2.0729479789733887
CNV/115/022_Normal.tif,CNV-115,val,CNV,normal,OD,.tif,1.8012419939041138
CNV/115/023_Normal.tif,CNV-115,val,CNV,normal,OD,.tif,2.005668878555298
CNV/115/024_Normal.tif,CNV-115,val,CNV,normal,OD,.tif,1.9655449390411377
CNV/115/025_Normal.tif,CNV-115,val,CNV,normal,OD,.tif,2.169509172439575
CNV/115/026_Normal.tif,CNV-115,val,CNV,normal,OD,.tif,1.8769022226333618
CNV/115/027_Normal.tif,CNV-115,val,CNV,normal,OD,.tif,1.8330641984939575
CNV/115/028_Normal.tif,CNV-115,val,CNV,normal,OD,.tif,1.8829741477966309
CNV/115/029_Drusen.tif,CNV-115,val,CNV,drusen,OD,.tif,1.8312369585037231
CNV/115/030_Normal.tif,CNV-115,val,CNV,normal,OD,.tif,1.8441038131713867
CNV/116/000_Drusen.tif,CNV-116,val,CNV,drusen,OD,.tif,1.7288028001785278
CNV/116/001_Drusen.tif,CNV-116,val,CNV,drusen,OD,.tif,1.6170406341552734
CNV/116/002_Drusen.tif,CNV-116,val,CNV,drusen,OD,.tif,1.6644763946533203
CNV/116/003_Drusen.tif,CNV-116,val,CNV,drusen,OD,.tif,1.5976508855819702
CNV/116/004_Drusen.tif,CNV-116,val,CNV,drusen,OD,.tif,1.7138441801071167
CNV/116/005_CNV.tif,CNV-116,val,CNV,cnv,OD,.tif,1.8734049797058105
CNV/116/006_CNV.tif,CNV-116,val,CNV,cnv,OD,.tif,1.9021016359329224
CNV/116/007_CNV.tif,CNV-116,val,CNV,cnv,OD,.tif,1.8999897241592407
CNV/116/008_CNV.tif,CNV-116,val,CNV,cnv,OD,.tif,1.91941237449646
CNV/116/009_CNV.tif,CNV-116,val,CNV,cnv,OD,.tif,1.8825396299362183
CNV/116/010_CNV.tif,CNV-116,val,CNV,cnv,OD,.tif,2.0022828578948975
CNV/116/011_CNV.tif,CNV-116,val,CNV,cnv,OD,.tif,2.0249547958374023
CNV/116/012_CNV.tif,CNV-116,val,CNV,cnv,OD,.tif,2.0686752796173096
CNV/116/013_CNV.tif,CNV-116,val,CNV,cnv,OD,.tif,1.9299328327178955
CNV/116/014_CNV.tif,CNV-116,val,CNV,cnv,OD,.tif,1.9615529775619507
CNV/116/015_CNV.tif,CNV-116,val,CNV,cnv,OD,.tif,2.074415683746338
CNV/116/016_CNV.tif,CNV-116,val,CNV,cnv,OD,.tif,1.8961210250854492
CNV/116/017_CNV.tif,CNV-116,val,CNV,cnv,OD,.tif,1.9641443490982056
CNV/116/018_CNV.tif,CNV-116,val,CNV,cnv,OD,.tif,1.7562469244003296
CNV/116/019_CNV.tif,CNV-116,val,CNV,cnv,OD,.tif,1.7828131914138794
CNV/116/020_CNV.tif,CNV-116,val,CNV,cnv,OD,.tif,1.8013513088226318
CNV/116/021_CNV.tif,CNV-116,val,CNV,cnv,OD,.tif,1.7583335638046265
CNV/116/022_CNV.tif,CNV-116,val,CNV,cnv,OD,.tif,1.710456132888794
CNV/116/023_CNV.tif,CNV-116,val,CNV,cnv,OD,.tif,1.7243220806121826
CNV/116/024_Drusen.tif,CNV-116,val,CNV,drusen,OD,.tif,1.7617701292037964
CNV/116/025_Drusen.tif,CNV-116,val,CNV,drusen,OD,.tif,1.7014621496200562
CNV/116/026_Drusen.tif,CNV-116,val,CNV,drusen,OD,.tif,1.6509063243865967
CNV/116/027_Drusen.tif,CNV-116,val,CNV,drusen,OD,.tif,1.8137445449829102
CNV/116/028_Drusen.tif,CNV-116,val,CNV,drusen,OD,.tif,1.7899527549743652
CNV/116/029_Drusen.tif,CNV-116,val,CNV,drusen,OD,.tif,1.7952547073364258
CNV/116/030_Drusen.tif,CNV-116,val,CNV,drusen,OD,.tif,1.677834153175354
CNV/120/000_CNV.tif,CNV-120,val,CNV,cnv,OS,.tif,1.8901324272155762
CNV/120/001_CNV.tif,CNV-120,val,CNV,cnv,OS,.tif,1.9206708669662476
CNV/120/002_CNV.tif,CNV-120,val,CNV,cnv,OS,.tif,1.9409689903259277
CNV/120/003_CNV.tif,CNV-120,val,CNV,cnv,OS,.tif,1.92905855178833
CNV/120/004_CNV.tif,CNV-120,val,CNV,cnv,OS,.tif,2.272627592086792
CNV/120/005_CNV.tif,CNV-120,val,CNV,cnv,OS,.tif,2.271549701690674
CNV/120/006_CNV.tif,CNV-120,val,CNV,cnv,OS,.tif,2.294454574584961
CNV/120/007_CNV.tif,CNV-120,val,CNV,cnv,OS,.tif,2.5572509765625
CNV/120/008_CNV.tif,CNV-120,val,CNV,cnv,OS,.tif,2.6130902767181396
CNV/120/009_CNV.tif,CNV-120,val,CNV,cnv,OS,.tif,2.7963039875030518
CNV/120/010_CNV.tif,CNV-120,val,CNV,cnv,OS,.tif,2.8520402908325195
CNV/120/011_CNV.tif,CNV-120,val,CNV,cnv,OS,.tif,2.8727805614471436
CNV/120/012_CNV.tif,CNV-120,val,CNV,cnv,OS,.tif,2.8028924465179443
CNV/120/013_CNV.tif,CNV-120,val,CNV,cnv,OS,.tif,2.9012606143951416
CNV/120/014_CNV.tif,CNV-120,val,CNV,cnv,OS,.tif,2.9283852577209473
CNV/120/015_CNV.tif,CNV-120,val,CNV,cnv,OS,.tif,3.0484347343444824
CNV/120/016_CNV.tif,CNV-120,val,CNV,cnv,OS,.tif,2.710678815841675
CNV/120/017_CNV.tif,CNV-120,val,CNV,cnv,OS,.tif,2.759000539779663
CNV/120/018_CNV.tif,CNV-120,val,CNV,cnv,OS,.tif,2.6052234172821045
CNV/120/019_CNV.tif,CNV-120,val,CNV,cnv,OS,.tif,2.5745255947113037
CNV/120/020_CNV.tif,CNV-120,val,CNV,cnv,OS,.tif,2.414294481277466
CNV/120/021_CNV.tif,CNV-120,val,CNV,cnv,OS,.tif,2.4905474185943604
CNV/120/022_CNV.tif,CNV-120,val,CNV,cnv,OS,.tif,2.4159996509552
CNV/120/023_CNV.tif,CNV-120,val,CNV,cnv,OS,.tif,2.3866207599639893
CNV/120/024_CNV.tif,CNV-120,val,CNV,cnv,OS,.tif,2.2417519092559814
CNV/122/000_NOrmal.tif,CNV-122,val,CNV,normal,OD,.tif,1.8709595203399658
CNV/122/001_NOrmal.tif,CNV-122,val,CNV,normal,OD,.tif,1.8272625207901
CNV/122/002_NOrmal.tif,CNV-122,val,CNV,normal,OD,.tif,1.8648008108139038
CNV/122/003_NOrmal.tif,CNV-122,val,CNV,normal,OD,.tif,1.9267377853393555
CNV/122/004_NOrmal.tif,CNV-122,val,CNV,normal,OD,.tif,1.7831201553344727
CNV/122/005_NOrmal.tif,CNV-122,val,CNV,normal,OD,.tif,1.8790637254714966
CNV/122/006_NOrmal.tif,CNV-122,val,CNV,normal,OD,.tif,1.9453716278076172
CNV/122/007_NOrmal.tif,CNV-122,val,CNV,normal,OD,.tif,1.8199597597122192
CNV/122/008_NOrmal.tif,CNV-122,val,CNV,normal,OD,.tif,1.7824914455413818
CNV/122/009_NOrmal.tif,CNV-122,val,CNV,normal,OD,.tif,1.8142576217651367
CNV/122/010_NOrmal.tif,CNV-122,val,CNV,normal,OD,.tif,1.6943391561508179
CNV/122/011_Drusen.tif,CNV-122,val,CNV,drusen,OD,.tif,1.675065040588379
CNV/122/012_CNV.tif,CNV-122,val,CNV,cnv,OD,.tif,1.994697093963623
CNV/122/013_CNV.tif,CNV-122,val,CNV,cnv,OD,.tif,2.1395928859710693
CNV/122/014_CNV.tif,CNV-122,val,CNV,cnv,OD,.tif,2.0740206241607666
CNV/122/015_CNV.tif,CNV-122,val,CNV,cnv,OD,.tif,2.198251485824585
CNV/122/016_CNV.tif,CNV-122,val,CNV,cnv,OD,.tif,1.9671635627746582
CNV/122/017_CNV.tif,CNV-122,val,CNV,cnv,OD,.tif,1.8306370973587036
CNV/122/018_CNV.tif,CNV-122,val,CNV,cnv,OD,.tif,1.746760606765747
CNV/122/019_NOrmal.tif,CNV-122,val,CNV,normal,OD,.tif,1.7677695751190186
CNV/122/020_NOrmal.tif,CNV-122,val,CNV,normal,OD,.tif,1.7825889587402344
CNV/122/021_NOrmal.tif,CNV-122,val,CNV,normal,OD,.tif,1.7352148294448853
CNV/122/022_NOrmal.tif,CNV-122,val,CNV,normal,OD,.tif,1.6628532409667969
CNV/122/023_NOrmal.tif,CNV-122,val,CNV,normal,OD,.tif,1.6954506635665894
CNV/122/024_NOrmal.tif,CNV-122,val,CNV,normal,OD,.tif,1.8910245895385742
CNV/122/025_NOrmal.tif,CNV-122,val,CNV,normal,OD,.tif,1.877809762954712
CNV/122/026_NOrmal.tif,CNV-122,val,CNV,normal,OD,.tif,1.8436264991760254
CNV/122/027_NOrmal.tif,CNV-122,val,CNV,normal,OD,.tif,2.0791406631469727
CNV/122/028_NOrmal.tif,CNV-122,val,CNV,normal,OD,.tif,2.135497570037842
CNV/122/029_NOrmal.tif,CNV-122,val,CNV,normal,OD,.tif,2.016688108444214
CNV/122/030_NOrmal.tif,CNV-122,val,CNV,normal,OD,.tif,2.0586130619049072
CNV/127/000_CNV.tif,CNV-127,val,CNV,cnv,OD,.tif,1.9303538799285889
CNV/127/001_CNV.tif,CNV-127,val,CNV,cnv,OD,.tif,1.9166827201843262
CNV/127/002_CNV.tif,CNV-127,val,CNV,cnv,OD,.tif,2.035153388977051
CNV/127/003_CNV.tif,CNV-127,val,CNV,cnv,OD,.tif,2.1714255809783936
CNV/127/004_CNV.tif,CNV-127,val,CNV,cnv,OD,.tif,2.291415214538574
CNV/127/005_CNV.tif,CNV-127,val,CNV,cnv,OD,.tif,2.1345643997192383
CNV/127/006_CNV.tif,CNV-127,val,CNV,cnv,OD,.tif,2.1677730083465576
CNV/127/007_CNV.tif,CNV-127,val,CNV,cnv,OD,.tif,2.3590548038482666
CNV/127/008_CNV.tif,CNV-127,val,CNV,cnv,OD,.tif,2.3420519828796387
CNV/127/009_CNV.tif,CNV-127,val,CNV,cnv,OD,.tif,2.3496546745300293
CNV/127/010_CNV.tif,CNV-127,val,CNV,cnv,OD,.tif,2.4461846351623535
CNV/127/011_CNV.tif,CNV-127,val,CNV,cnv,OD,.tif,2.3786582946777344
CNV/127/012_CNV.tif,CNV-127,val,CNV,cnv,OD,.tif,2.3648149967193604
CNV/127/013_CNV.tif,CNV-127,val,CNV,cnv,OD,.tif,2.6453230381011963
CNV/127/014_CNV.tif,CNV-127,val,CNV,cnv,OD,.tif,2.7953710556030273
CNV/127/015_CNV.tif,CNV-127,val,CNV,cnv,OD,.tif,2.7388110160827637
CNV/127/016_CNV.tif,CNV-127,val,CNV,cnv,OD,.tif,2.8258278369903564
CNV/127/017_CNV.tif,CNV-127,val,CNV,cnv,OD,.tif,2.6809427738189697
CNV/127/018_CNV.tif,CNV-127,val,CNV,cnv,OD,.tif,2.399834394454956
CNV/127/019_CNV.tif,CNV-127,val,CNV,cnv,OD,.tif,2.067452907562256
CNV/127/020_CNV.tif,CNV-127,val,CNV,cnv,OD,.tif,2.042418956756592
CNV/127/021_CNV.tif,CNV-127,val,CNV,cnv,OD,.tif,1.8959770202636719
CNV/127/022_CNV.tif,CNV-127,val,CNV,cnv,OD,.tif,2.02026104927063
CNV/127/023_CNV.tif,CNV-127,val,CNV,cnv,OD,.tif,2.068904161453247
CNV/127/024_CNV.tif,CNV-127,val,CNV,cnv,OD,.tif,2.1340043544769287
CNV/127/025_CNV.tif,CNV-127,val,CNV,cnv,OD,.tif,2.138152837753296
CNV/127/026_CNV.tif,CNV-127,val,CNV,cnv,OD,.tif,2.179166793823242
CNV/127/027_CNV.tif,CNV-127,val,CNV,cnv,OD,.tif,2.1062304973602295
CNV/127/028_CNV.tif,CNV-127,val,CNV,cnv,OD,.tif,2.3421192169189453
CNV/127/029_CNV.tif,CNV-127,val,CNV,cnv,OD,.tif,2.244926929473877
CNV/127/030_CNV.tif,CNV-127,val,CNV,cnv,OD,.tif,2.073761463165283
CNV/128/000_Normal.tif,CNV-128,val,CNV,normal,OS,.tif,2.1063241958618164
CNV/128/001_Normal.tif,CNV-128,val,CNV,normal,OS,.tif,2.080765724182129
CNV/128/002_Normal.tif,CNV-128,val,CNV,normal,OS,.tif,2.0371828079223633
CNV/128/003_Drusen.tif,CNV-128,val,CNV,drusen,OS,.tif,1.9933809041976929
CNV/128/004_Drusen.tif,CNV-128,val,CNV,drusen,OS,.tif,1.9966740608215332
CNV/128/005_Drusen.tif,CNV-128,val,CNV,drusen,OS,.tif,2.1680688858032227
CNV/128/006_Drusen.tif,CNV-128,val,CNV,drusen,OS,.tif,2.042553424835205
CNV/128/007_Drusen.tif,CNV-128,val,CNV,drusen,OS,.tif,2.325221300125122
CNV/128/008_CNV.tif,CNV-128,val,CNV,cnv,OS,.tif,2.1902525424957275
CNV/128/009_CNV.tif,CNV-128,val,CNV,cnv,OS,.tif,2.0972678661346436
CNV/128/010_CNV.tif,CNV-128,val,CNV,cnv,OS,.tif,2.215193033218384
CNV/128/011_CNV.tif,CNV-128,val,CNV,cnv,OS,.tif,2.094747304916382
CNV/128/012_CNV.tif,CNV-128,val,CNV,cnv,OS,.tif,2.2078094482421875
CNV/128/013_CNV.tif,CNV-128,val,CNV,cnv,OS,.tif,2.382868528366089
CNV/128/014_CNV.tif,CNV-128,val,CNV,cnv,OS,.tif,2.4847347736358643
CNV/128/015_CNV.tif,CNV-128,val,CNV,cnv,OS,.tif,3.031702995300293
CNV/128/016_CNV.tif,CNV-128,val,CNV,cnv,OS,.tif,2.923166513442993
CNV/128/017_CNV.tif,CNV-128,val,CNV,cnv,OS,.tif,2.8022396564483643
CNV/128/018_CNV.tif,CNV-128,val,CNV,cnv,OS,.tif,2.457793712615967
CNV/128/019_CNV.tif,CNV-128,val,CNV,cnv,OS,.tif,2.6638383865356445
CNV/128/020_CNV.tif,CNV-128,val,CNV,cnv,OS,.tif,2.7966747283935547
CNV/128/021_CNV.tif,CNV-128,val,CNV,cnv,OS,.tif,2.8295977115631104
CNV/128/022_CNV.tif,CNV-128,val,CNV,cnv,OS,.tif,2.5921123027801514
CNV/128/023_CNV.tif,CNV-128,val,CNV,cnv,OS,.tif,2.602341890335083
CNV/128/024_CNV.tif,CNV-128,val,CNV,cnv,OS,.tif,2.386923313140869
CNV/128/025_CNV.tif,CNV-128,val,CNV,cnv,OS,.tif,2.2311551570892334
CNV/128/026_CNV.tif,CNV-128,val,CNV,cnv,OS,.tif,2.226787805557251
CNV/128/027_CNV.tif,CNV-128,val,CNV,cnv,OS,.tif,1.8955286741256714
CNV/128/028_CNV.tif,CNV-128,val,CNV,cnv,OS,.tif,1.8350528478622437
CNV/128/029_CNV.tif,CNV-128,val,CNV,cnv,OS,.tif,1.7745389938354492
CNV/128/030_CNV.tif,CNV-128,val,CNV,cnv,OS,.tif,1.8221627473831177
CNV/129/000_CNV.tif,CNV-129,val,CNV,cnv,OD,.tif,2.0736026763916016
CNV/129/001_CNV.tif,CNV-129,val,CNV,cnv,OD,.tif,1.8453786373138428
CNV/129/002_CNV.tif,CNV-129,val,CNV,cnv,OD,.tif,2.0083720684051514
CNV/129/003_CNV.tif,CNV-129,val,CNV,cnv,OD,.tif,1.92044198513031
CNV/129/004_CNV.tif,CNV-129,val,CNV,cnv,OD,.tif,1.7407723665237427
CNV/129/005_CNV.tif,CNV-129,val,CNV,cnv,OD,.tif,1.8238730430603027
CNV/129/006_CNV.tif,CNV-129,val,CNV,cnv,OD,.tif,1.6591836214065552
CNV/129/007_CNV.tif,CNV-129,val,CNV,cnv,OD,.tif,1.705074667930603
CNV/129/008_CNV.tif,CNV-129,val,CNV,cnv,OD,.tif,1.5878671407699585
CNV/129/009_CNV.tif,CNV-129,val,CNV,cnv,OD,.tif,1.762221336364746
CNV/129/010_CNV.tif,CNV-129,val,CNV,cnv,OD,.tif,1.8314472436904907
CNV/129/011_CNV.tif,CNV-129,val,CNV,cnv,OD,.tif,1.7479543685913086
CNV/129/012_CNV.tif,CNV-129,val,CNV,cnv,OD,.tif,1.7333528995513916
CNV/129/013_CNV.tif,CNV-129,val,CNV,cnv,OD,.tif,1.8105275630950928
CNV/129/014_CNV.tif,CNV-129,val,CNV,cnv,OD,.tif,1.8474093675613403
CNV/129/015_CNV.tif,CNV-129,val,CNV,cnv,OD,.tif,2.014653205871582
CNV/129/016_CNV.tif,CNV-129,val,CNV,cnv,OD,.tif,2.032989263534546
CNV/129/017_CNV.tif,CNV-129,val,CNV,cnv,OD,.tif,2.0765888690948486
CNV/129/018_CNV.tif,CNV-129,val,CNV,cnv,OD,.tif,2.0656769275665283
CNV/129/019_CNV.tif,CNV-129,val,CNV,cnv,OD,.tif,2.1867408752441406
CNV/129/020_CNV.tif,CNV-129,val,CNV,cnv,OD,.tif,2.2646801471710205
CNV/129/021_CNV.tif,CNV-129,val,CNV,cnv,OD,.tif,2.0774078369140625
CNV/129/022_CNV.tif,CNV-129,val,CNV,cnv,OD,.tif,2.0541739463806152
CNV/129/023_CNV.tif,CNV-129,val,CNV,cnv,OD,.tif,2.1711456775665283
CNV/129/024_CNV.tif,CNV-129,val,CNV,cnv,OD,.tif,2.2452759742736816
CNV/129/025_CNV.tif,CNV-129,val,CNV,cnv,OD,.tif,2.2205564975738525
CNV/129/026_CNV.tif,CNV-129,val,CNV,cnv,OD,.tif,2.442223310470581
CNV/129/027_CNV.tif,CNV-129,val,CNV,cnv,OD,.tif,2.569371223449707
CNV/129/028_CNV.tif,CNV-129,val,CNV,cnv,OD,.tif,2.467567205429077
CNV/129/029_CNV.tif,CNV-129,val,CNV,cnv,OD,.tif,2.5131523609161377
CNV/129/030_CNV.tif,CNV-129,val,CNV,cnv,OD,.tif,2.256978988647461
CNV/130/000_Drusen.tif,CNV-130,val,CNV,drusen,OS,.tif,1.8477294445037842
CNV/130/001_Drusen.tif,CNV-130,val,CNV,drusen,OS,.tif,2.043505907058716
CNV/130/002_Drusen.tif,CNV-130,val,CNV,drusen,OS,.tif,1.8468358516693115
CNV/130/003_CNV.tif,CNV-130,val,CNV,cnv,OS,.tif,1.7897796630859375
CNV/130/004_CNV.tif,CNV-130,val,CNV,cnv,OS,.tif,2.0947844982147217
CNV/130/005_CNV.tif,CNV-130,val,CNV,cnv,OS,.tif,2.1690714359283447
CNV/130/006_CNV.tif,CNV-130,val,CNV,cnv,OS,.tif,2.2896149158477783
CNV/130/007_CNV.tif,CNV-130,val,CNV,cnv,OS,.tif,2.223137855529785
CNV/130/008_CNV.tif,CNV-130,val,CNV,cnv,OS,.tif,2.3466811180114746
CNV/130/009_CNV.tif,CNV-130,val,CNV,cnv,OS,.tif,2.4340264797210693
CNV/130/010_CNV.tif,CNV-130,val,CNV,cnv,OS,.tif,2.4270825386047363
CNV/130/011_CNV.tif,CNV-130,val,CNV,cnv,OS,.tif,2.340428590774536
CNV/130/012_CNV.tif,CNV-130,val,CNV,cnv,OS,.tif,2.12768292427063
CNV/130/013_CNV.tif,CNV-130,val,CNV,cnv,OS,.tif,2.118957042694092
CNV/130/014_CNV.tif,CNV-130,val,CNV,cnv,OS,.tif,2.4451487064361572
CNV/130/015_CNV.tif,CNV-130,val,CNV,cnv,OS,.tif,2.643202781677246
CNV/130/016_CNV.tif,CNV-130,val,CNV,cnv,OS,.tif,2.5773963928222656
CNV/130/017_CNV.tif,CNV-130,val,CNV,cnv,OS,.tif,2.6525537967681885
CNV/130/018_CNV.tif,CNV-130,val,CNV,cnv,OS,.tif,2.9091267585754395
CNV/130/019_CNV.tif,CNV-130,val,CNV,cnv,OS,.tif,3.0702390670776367
CNV/130/020_CNV.tif,CNV-130,val,CNV,cnv,OS,.tif,2.5647799968719482
CNV/130/021_CNV.tif,CNV-130,val,CNV,cnv,OS,.tif,2.6680080890655518
CNV/130/022_CNV.tif,CNV-130,val,CNV,cnv,OS,.tif,2.4392950534820557
CNV/130/023_CNV.tif,CNV-130,val,CNV,cnv,OS,.tif,2.3093912601470947
CNV/130/024_CNV.tif,CNV-130,val,CNV,cnv,OS,.tif,2.2963244915008545
CNV/130/025_CNV.tif,CNV-130,val,CNV,cnv,OS,.tif,2.167104482650757
CNV/130/026_CNV.tif,CNV-130,val,CNV,cnv,OS,.tif,2.116783380508423
CNV/130/027_CNV.tif,CNV-130,val,CNV,cnv,OS,.tif,2.0161609649658203
CNV/130/028_CNV.tif,CNV-130,val,CNV,cnv,OS,.tif,1.9433536529541016
CNV/130/029_CNV.tif,CNV-130,val,CNV,cnv,OS,.tif,1.9249835014343262
CNV/131/000_CNV.tif,CNV-131,val,CNV,cnv,OS,.tif,2.1502513885498047
CNV/131/001_CNV.tif,CNV-131,val,CNV,cnv,OS,.tif,2.1501612663269043
CNV/131/002_CNV.tif,CNV-131,val,CNV,cnv,OS,.tif,2.4305317401885986
CNV/131/003_CNV.tif,CNV-131,val,CNV,cnv,OS,.tif,2.1927731037139893
CNV/131/004_CNV.tif,CNV-131,val,CNV,cnv,OS,.tif,2.10493540763855
CNV/131/005_CNV.tif,CNV-131,val,CNV,cnv,OS,.tif,2.1250524520874023
CNV/131/006_CNV.tif,CNV-131,val,CNV,cnv,OS,.tif,2.1592016220092773
CNV/131/007_CNV.tif,CNV-131,val,CNV,cnv,OS,.tif,2.369485855102539
CNV/131/008_CNV.tif,CNV-131,val,CNV,cnv,OS,.tif,2.3423030376434326
CNV/131/009_CNV.tif,CNV-131,val,CNV,cnv,OS,.tif,2.295445442199707
CNV/131/010_CNV.tif,CNV-131,val,CNV,cnv,OS,.tif,2.4948067665100098
CNV/131/011_CNV.tif,CNV-131,val,CNV,cnv,OS,.tif,2.5390713214874268
CNV/131/012_CNV.tif,CNV-131,val,CNV,cnv,OS,.tif,2.67159104347229
CNV/131/013_CNV.tif,CNV-131,val,CNV,cnv,OS,.tif,2.44087815284729
CNV/131/014_CNV.tif,CNV-131,val,CNV,cnv,OS,.tif,2.6393649578094482
CNV/131/015_CNV.tif,CNV-131,val,CNV,cnv,OS,.tif,2.63601016998291
CNV/131/016_CNV.tif,CNV-131,val,CNV,cnv,OS,.tif,2.899155378341675
CNV/131/017_CNV.tif,CNV-131,val,CNV,cnv,OS,.tif,3.031097173690796
CNV/131/018_CNV.tif,CNV-131,val,CNV,cnv,OS,.tif,3.064269542694092
CNV/131/019_CNV.tif,CNV-131,val,CNV,cnv,OS,.tif,3.0475218296051025
CNV/131/020_CNV.tif,CNV-131,val,CNV,cnv,OS,.tif,2.9598400592803955
CNV/131/021_CNV.tif,CNV-131,val,CNV,cnv,OS,.tif,2.7840499877929688
CNV/131/022_CNV.tif,CNV-131,val,CNV,cnv,OS,.tif,2.8953866958618164
CNV/131/023_CNV.tif,CNV-131,val,CNV,cnv,OS,.tif,2.771557092666626
CNV/131/024_CNV.tif,CNV-131,val,CNV,cnv,OS,.tif,2.7650208473205566
CNV/131/025_CNV.tif,CNV-131,val,CNV,cnv,OS,.tif,2.731520891189575
CNV/131/026_CNV.tif,CNV-131,val,CNV,cnv,OS,.tif,2.484863519668579
CNV/131/027_CNV.tif,CNV-131,val,CNV,cnv,OS,.tif,2.211130380630493
CNV/131/028_CNV.tif,CNV-131,val,CNV,cnv,OS,.tif,2.2827162742614746
CNV/131/029_CNV.tif,CNV-131,val,CNV,cnv,OS,.tif,2.1936354637145996
CNV/131/030_CNV.tif,CNV-131,val,CNV,cnv,OS,.tif,2.237297773361206
CNV/150/000_Drusen.tif,CNV-150,val,CNV,drusen,OS,.tif,2.1135177612304688
CNV/150/001_Drusen.tif,CNV-150,val,CNV,drusen,OS,.tif,2.24505352973938
CNV/150/002_Drusen.tif,CNV-150,val,CNV,drusen,OS,.tif,2.119523048400879
CNV/150/003_Drusen.tif,CNV-150,val,CNV,drusen,OS,.tif,2.219395160675049
CNV/150/004_Drusen.tif,CNV-150,val,CNV,drusen,OS,.tif,2.087839365005493
CNV/150/005_Drusen.tif,CNV-150,val,CNV,drusen,OS,.tif,2.0608160495758057
CNV/150/006_CNV.tif,CNV-150,val,CNV,cnv,OS,.tif,2.0877301692962646
CNV/150/007_CNV.tif,CNV-150,val,CNV,cnv,OS,.tif,2.425088405609131
CNV/150/008_CNV.tif,CNV-150,val,CNV,cnv,OS,.tif,2.2548141479492188
CNV/150/009_CNV.tif,CNV-150,val,CNV,cnv,OS,.tif,2.71466326713562
CNV/150/010_CNV.tif,CNV-150,val,CNV,cnv,OS,.tif,3.125185012817383
CNV/150/011_CNV.tif,CNV-150,val,CNV,cnv,OS,.tif,3.1443824768066406
CNV/150/012_CNV.tif,CNV-150,val,CNV,cnv,OS,.tif,2.6070282459259033
CNV/150/013_CNV.tif,CNV-150,val,CNV,cnv,OS,.tif,2.6293129920959473
CNV/150/014_CNV.tif,CNV-150,val,CNV,cnv,OS,.tif,2.6807827949523926
CNV/150/015_CNV.tif,CNV-150,val,CNV,cnv,OS,.tif,2.5888936519622803
CNV/150/016_CNV.tif,CNV-150,val,CNV,cnv,OS,.tif,2.6814632415771484
CNV/150/017_CNV.tif,CNV-150,val,CNV,cnv,OS,.tif,2.4810690879821777
CNV/150/018_CNV.tif,CNV-150,val,CNV,cnv,OS,.tif,3.209261894226074
CNV/150/019_CNV.tif,CNV-150,val,CNV,cnv,OS,.tif,2.3939783573150635
CNV/150/020_CNV.tif,CNV-150,val,CNV,cnv,OS,.tif,2.0354292392730713
CNV/150/021_Drusen.tif,CNV-150,val,CNV,drusen,OS,.tif,1.7719027996063232
CNV/150/022_Drusen.tif,CNV-150,val,CNV,drusen,OS,.tif,1.7779121398925781
CNV/150/023_Drusen.tif,CNV-150,val,CNV,drusen,OS,.tif,1.803019404411316
CNV/150/024_Drusen.tif,CNV-150,val,CNV,drusen,OS,.tif,1.8950220346450806
CNV/150/025_Drusen.tif,CNV-150,val,CNV,drusen,OS,.tif,1.9664721488952637
CNV/150/026_Drusen.tif,CNV-150,val,CNV,drusen,OS,.tif,1.9974607229232788
CNV/150/027_Drusen.tif,CNV-150,val,CNV,drusen,OS,.tif,1.9332325458526611
CNV/150/028_Drusen.tif,CNV-150,val,CNV,drusen,OS,.tif,1.8774975538253784
CNV/150/029_Drusen.tif,CNV-150,val,CNV,drusen,OS,.tif,1.9112327098846436
CNV/150/030_Drusen.tif,CNV-150,val,CNV,drusen,OS,.tif,1.9999337196350098
CNV/151/000_Drusen.tif,CNV-151,val,CNV,drusen,OD,.tif,1.675562858581543
CNV/151/001_Drusen.tif,CNV-151,val,CNV,drusen,OD,.tif,1.8180809020996094
CNV/151/002_Drusen.tif,CNV-151,val,CNV,drusen,OD,.tif,1.6949551105499268
CNV/151/003_Drusen.tif,CNV-151,val,CNV,drusen,OD,.tif,1.7184057235717773
CNV/151/004_Drusen.tif,CNV-151,val,CNV,drusen,OD,.tif,1.6351755857467651
CNV/151/005_Normal.tif,CNV-151,val,CNV,normal,OD,.tif,1.589813232421875
CNV/151/006_Normal.tif,CNV-151,val,CNV,normal,OD,.tif,1.5655465126037598
CNV/151/007_CNV.tif,CNV-151,val,CNV,cnv,OD,.tif,1.5766398906707764
CNV/151/008_CNV.tif,CNV-151,val,CNV,cnv,OD,.tif,1.9497919082641602
CNV/151/009_CNV.tif,CNV-151,val,CNV,cnv,OD,.tif,2.032224178314209
CNV/151/010_CNV.tif,CNV-151,val,CNV,cnv,OD,.tif,1.8106681108474731
CNV/151/011_CNV.tif,CNV-151,val,CNV,cnv,OD,.tif,1.9329975843429565
CNV/151/012_CNV.tif,CNV-151,val,CNV,cnv,OD,.tif,2.0593388080596924
CNV/151/013_CNV.tif,CNV-151,val,CNV,cnv,OD,.tif,2.0951414108276367
CNV/151/014_CNV.tif,CNV-151,val,CNV,cnv,OD,.tif,2.201009511947632
CNV/151/015_CNV.tif,CNV-151,val,CNV,cnv,OD,.tif,2.098916530609131
CNV/151/016_CNV.tif,CNV-151,val,CNV,cnv,OD,.tif,2.1537489891052246
CNV/151/017_CNV.tif,CNV-151,val,CNV,cnv,OD,.tif,2.1251332759857178
CNV/151/018_CNV.tif,CNV-151,val,CNV,cnv,OD,.tif,1.9875203371047974
CNV/151/019_CNV.tif,CNV-151,val,CNV,cnv,OD,.tif,2.126356840133667
CNV/151/020_CNV.tif,CNV-151,val,CNV,cnv,OD,.tif,2.0218517780303955
CNV/151/021_CNV.tif,CNV-151,val,CNV,cnv,OD,.tif,1.9114874601364136
CNV/151/022_CNV.tif,CNV-151,val,CNV,cnv,OD,.tif,1.7806042432785034
CNV/151/023_CNV.tif,CNV-151,val,CNV,cnv,OD,.tif,1.6667158603668213
CNV/151/024_CNV.tif,CNV-151,val,CNV,cnv,OD,.tif,1.614114761352539
CNV/151/025_CNV.tif,CNV-151,val,CNV,cnv,OD,.tif,1.6327557563781738
CNV/151/026_CNV.tif,CNV-151,val,CNV,cnv,OD,.tif,1.5635719299316406
CNV/151/027_Drusen.tif,CNV-151,val,CNV,drusen,OD,.tif,1.583792805671692
CNV/151/028_Drusen.tif,CNV-151,val,CNV,drusen,OD,.tif,1.5399041175842285
CNV/151/029_Drusen.tif,CNV-151,val,CNV,drusen,OD,.tif,1.5995954275131226
CNV/151/030_Drusen.tif,CNV-151,val,CNV,drusen,OD,.tif,1.6564134359359741
CNV/155/000_Normal.tif,CNV-155,val,CNV,normal,OD,.tif,1.7673609256744385
CNV/155/001_Normal.tif,CNV-155,val,CNV,normal,OD,.tif,1.6872758865356445
CNV/155/002_Normal.tif,CNV-155,val,CNV,normal,OD,.tif,1.716138243675232
CNV/155/003_Normal.tif,CNV-155,val,CNV,normal,OD,.tif,1.642778992652893
CNV/155/004_Normal.tif,CNV-155,val,CNV,normal,OD,.tif,1.7814456224441528
CNV/155/005_Normal.tif,CNV-155,val,CNV,normal,OD,.tif,1.6741832494735718
CNV/155/006_Normal.tif,CNV-155,val,CNV,normal,OD,.tif,1.6495839357376099
CNV/155/007_Normal.tif,CNV-155,val,CNV,normal,OD,.tif,1.666435956954956
CNV/155/008_CNV.tif,CNV-155,val,CNV,cnv,OD,.tif,1.5736918449401855
CNV/155/009_CNV.tif,CNV-155,val,CNV,cnv,OD,.tif,1.5501203536987305
CNV/155/010_CNV.tif,CNV-155,val,CNV,cnv,OD,.tif,1.6135942935943604
CNV/155/011_CNV.tif,CNV-155,val,CNV,cnv,OD,.tif,1.582149863243103
CNV/155/012_CNV.tif,CNV-155,val,CNV,cnv,OD,.tif,1.6247373819351196
CNV/155/013_CNV.tif,CNV-155,val,CNV,cnv,OD,.tif,1.8170487880706787
CNV/155/014_CNV.tif,CNV-155,val,CNV,cnv,OD,.tif,2.087005853652954
CNV/155/015_CNV.tif,CNV-155,val,CNV,cnv,OD,.tif,2.1190428733825684
CNV/155/016_CNV.tif,CNV-155,val,CNV,cnv,OD,.tif,2.0414469242095947
CNV/155/017_CNV.tif,CNV-155,val,CNV,cnv,OD,.tif,1.944430947303772
CNV/155/018_CNV.tif,CNV-155,val,CNV,cnv,OD,.tif,2.0555660724639893
CNV/155/019_CNV.tif,CNV-155,val,CNV,cnv,OD,.tif,1.875671625137329
CNV/155/020_CNV.tif,CNV-155,val,CNV,cnv,OD,.tif,1.8130570650100708
CNV/155/021_CNV.tif,CNV-155,val,CNV,cnv,OD,.tif,1.5321234464645386
CNV/155/022_Drusen.tif,CNV-155,val,CNV,drusen,OD,.tif,1.6777006387710571
CNV/155/023_Drusen.tif,CNV-155,val,CNV,drusen,OD,.tif,1.5958261489868164
CNV/155/024_Normal.tif,CNV-155,val,CNV,normal,OD,.tif,1.5049915313720703
CNV/155/025_Normal.tif,CNV-155,val,CNV,normal,OD,.tif,1.6543387174606323
CNV/155/026_Normal.tif,CNV-155,val,CNV,normal,OD,.tif,1.6328768730163574
CNV/155/027_Normal.tif,CNV-155,val,CNV,normal,OD,.tif,1.590240478515625
CNV/155/028_Normal.tif,CNV-155,val,CNV,normal,OD,.tif,1.6570855379104614
CNV/155/029_Normal.tif,CNV-155,val,CNV,normal,OD,.tif,2.094632863998413
CNV/155/030_Normal.tif,CNV-155,val,CNV,normal,OD,.tif,2.0045762062072754
CNV/158/000_Normal.tif,CNV-158,val,CNV,normal,OS,.tif,1.5781986713409424
CNV/158/001_Normal.tif,CNV-158,val,CNV,normal,OS,.tif,1.553005576133728
CNV/158/002_Normal.tif,CNV-158,val,CNV,normal,OS,.tif,1.5168190002441406
CNV/158/003_Normal.tif,CNV-158,val,CNV,normal,OS,.tif,1.475903034210205
CNV/158/004_Drusen.tif,CNV-158,val,CNV,drusen,OS,.tif,1.4573299884796143
CNV/158/005_Drusen.tif,CNV-158,val,CNV,drusen,OS,.tif,1.4132835865020752
CNV/158/006_Drusen.tif,CNV-158,val,CNV,drusen,OS,.tif,1.5370597839355469
CNV/158/007_Drusen.tif,CNV-158,val,CNV,drusen,OS,.tif,1.406345009803772
CNV/158/008_Drusen.tif,CNV-158,val,CNV,drusen,OS,.tif,1.482360601425171
CNV/158/009_Drusen.tif,CNV-158,val,CNV,drusen,OS,.tif,1.5088478326797485
CNV/158/010_CNV.tif,CNV-158,val,CNV,cnv,OS,.tif,1.6720901727676392
CNV/158/011_CNV.tif,CNV-158,val,CNV,cnv,OS,.tif,1.7005641460418701
CNV/158/012_CNV.tif,CNV-158,val,CNV,cnv,OS,.tif,1.8540499210357666
CNV/158/013_CNV.tif,CNV-158,val,CNV,cnv,OS,.tif,1.96477210521698
CNV/158/014_CNV.tif,CNV-158,val,CNV,cnv,OS,.tif,2.178050994873047
CNV/158/015_CNV.tif,CNV-158,val,CNV,cnv,OS,.tif,2.0971367359161377
CNV/158/016_CNV.tif,CNV-158,val,CNV,cnv,OS,.tif,1.9822841882705688
CNV/158/017_CNV.tif,CNV-158,val,CNV,cnv,OS,.tif,1.940426230430603
CNV/158/018_CNV.tif,CNV-158,val,CNV,cnv,OS,.tif,1.978560447692871
CNV/158/019_Drusen.tif,CNV-158,val,CNV,drusen,OS,.tif,1.9194031953811646
CNV/158/020_Drusen.tif,CNV-158,val,CNV,drusen,OS,.tif,1.7973532676696777
CNV/158/021_Drusen.tif,CNV-158,val,CNV,drusen,OS,.tif,1.581169843673706
CNV/158/022_Drusen.tif,CNV-158,val,CNV,drusen,OS,.tif,1.6201038360595703
CNV/158/023_Drusen.tif,CNV-158,val,CNV,drusen,OS,.tif,1.493916392326355
CNV/158/024_Drusen.tif,CNV-158,val,CNV,drusen,OS,.tif,1.5590269565582275
CNV/158/025_Drusen.tif,CNV-158,val,CNV,drusen,OS,.tif,1.5486595630645752
CNV/158/026_Drusen.tif,CNV-158,val,CNV,drusen,OS,.tif,1.6876304149627686
CNV/158/027_Drusen.tif,CNV-158,val,CNV,drusen,OS,.tif,1.5497699975967407
CNV/158/028_Drusen.tif,CNV-158,val,CNV,drusen,OS,.tif,1.4947044849395752
CNV/158/029_Drusen.tif,CNV-158,val,CNV,drusen,OS,.tif,1.687392234802246
CNV/158/030_Drusen.tif,CNV-158,val,CNV,drusen,OS,.tif,1.571242332458496
DRUSEN/3/000_Drusen.jpg,DRUSEN-003,val,DRUSEN,drusen,OD,.jpg,1.6201180219650269
DRUSEN/3/001_Drusen.jpg,DRUSEN-003,val,DRUSEN,drusen,OD,.jpg,1.486758828163147
DRUSEN/3/002_Drusen.jpg,DRUSEN-003,val,DRUSEN,drusen,OD,.jpg,1.5927050113677979
DRUSEN/3/003_Drusen.jpg,DRUSEN-003,val,DRUSEN,drusen,OD,.jpg,1.5625858306884766
DRUSEN/3/004_Drusen.jpg,DRUSEN-003,val,DRUSEN,drusen,OD,.jpg,1.6356167793273926
DRUSEN/3/005_Drusen.jpg,DRUSEN-003,val,DRUSEN,drusen,OD,.jpg,1.5683536529541016
DRUSEN/3/006_Drusen.jpg,DRUSEN-003,val,DRUSEN,drusen,OD,.jpg,1.6783708333969116
DRUSEN/3/007_Drusen.jpg,DRUSEN-003,val,DRUSEN,drusen,OD,.jpg,1.6647168397903442
DRUSEN/3/008_Drusen.jpg,DRUSEN-003,val,DRUSEN,drusen,OD,.jpg,1.623618721961975
DRUSEN/3/009_Drusen.jpg,DRUSEN-003,val,DRUSEN,drusen,OD,.jpg,1.6310920715332031
DRUSEN/3/010_Drusen.jpg,DRUSEN-003,val,DRUSEN,drusen,OD,.jpg,1.6662964820861816
DRUSEN/3/011_Drusen.jpg,DRUSEN-003,val,DRUSEN,drusen,OD,.jpg,1.6162415742874146
DRUSEN/3/012_Drusen.jpg,DRUSEN-003,val,DRUSEN,drusen,OD,.jpg,1.6457569599151611
DRUSEN/3/013_Drusen.jpg,DRUSEN-003,val,DRUSEN,drusen,OD,.jpg,1.5308420658111572
DRUSEN/3/014_Drusen.jpg,DRUSEN-003,val,DRUSEN,drusen,OD,.jpg,1.6614865064620972
DRUSEN/3/015_Drusen.jpg,DRUSEN-003,val,DRUSEN,drusen,OD,.jpg,1.7004705667495728
DRUSEN/3/016_Drusen.jpg,DRUSEN-003,val,DRUSEN,drusen,OD,.jpg,1.6065765619277954
DRUSEN/3/017_Drusen.jpg,DRUSEN-003,val,DRUSEN,drusen,OD,.jpg,1.6203652620315552
DRUSEN/3/018_Drusen.jpg,DRUSEN-003,val,DRUSEN,drusen,OD,.jpg,1.6967332363128662
DRUSEN/3/019_Drusen.jpg,DRUSEN-003,val,DRUSEN,drusen,OD,.jpg,1.5978087186813354
DRUSEN/3/020_Drusen.jpg,DRUSEN-003,val,DRUSEN,drusen,OD,.jpg,1.5540798902511597
DRUSEN/3/021_Drusen.jpg,DRUSEN-003,val,DRUSEN,drusen,OD,.jpg,1.5252985954284668
DRUSEN/3/022_Drusen.jpg,DRUSEN-003,val,DRUSEN,drusen,OD,.jpg,1.5805813074111938
DRUSEN/3/023_Drusen.jpg,DRUSEN-003,val,DRUSEN,drusen,OD,.jpg,1.6304292678833008
DRUSEN/3/024_Drusen.jpg,DRUSEN-003,val,DRUSEN,drusen,OD,.jpg,1.6529731750488281
DRUSEN/3/025_Drusen.jpg,DRUSEN-003,val,DRUSEN,drusen,OD,.jpg,1.5873585939407349
DRUSEN/3/026_Drusen.jpg,DRUSEN-003,val,DRUSEN,drusen,OD,.jpg,1.5838521718978882
DRUSEN/3/027_Drusen.jpg,DRUSEN-003,val,DRUSEN,drusen,OD,.jpg,1.6841964721679688
DRUSEN/3/028_Drusen.jpg,DRUSEN-003,val,DRUSEN,drusen,OD,.jpg,1.7361562252044678
DRUSEN/3/029_Drusen.jpg,DRUSEN-003,val,DRUSEN,drusen,OD,.jpg,1.8133169412612915
DRUSEN/3/030_Drusen.jpg,DRUSEN-003,val,DRUSEN,drusen,OD,.jpg,1.8904486894607544
DRUSEN/4/000_Normal.jpg,DRUSEN-004,val,DRUSEN,normal,OS,.jpg,1.5698671340942383
DRUSEN/4/001_Normal.jpg,DRUSEN-004,val,DRUSEN,normal,OS,.jpg,1.6569169759750366
DRUSEN/4/002_Normal.jpg,DRUSEN-004,val,DRUSEN,normal,OS,.jpg,1.6151748895645142
DRUSEN/4/003_Normal.jpg,DRUSEN-004,val,DRUSEN,normal,OS,.jpg,1.609653115272522
DRUSEN/4/004_Normal.jpg,DRUSEN-004,val,DRUSEN,normal,OS,.jpg,1.5944418907165527
DRUSEN/4/005_Normal.jpg,DRUSEN-004,val,DRUSEN,normal,OS,.jpg,1.556795358657837
DRUSEN/4/006_Normal.jpg,DRUSEN-004,val,DRUSEN,normal,OS,.jpg,1.5946629047393799
DRUSEN/4/007_Normal.jpg,DRUSEN-004,val,DRUSEN,normal,OS,.jpg,1.602921724319458
DRUSEN/4/008_Normal.jpg,DRUSEN-004,val,DRUSEN,normal,OS,.jpg,1.6076734066009521
DRUSEN/4/009_Normal.jpg,DRUSEN-004,val,DRUSEN,normal,OS,.jpg,1.6260108947753906
DRUSEN/4/010_Normal.jpg,DRUSEN-004,val,DRUSEN,normal,OS,.jpg,1.6083875894546509
DRUSEN/4/011_Drusen.jpg,DRUSEN-004,val,DRUSEN,drusen,OS,.jpg,1.601057767868042
DRUSEN/4/012_Normal.jpg,DRUSEN-004,val,DRUSEN,normal,OS,.jpg,1.661911964416504
DRUSEN/4/013_Normal.jpg,DRUSEN-004,val,DRUSEN,normal,OS,.jpg,1.7313683032989502
DRUSEN/4/014_Normal.jpg,DRUSEN-004,val,DRUSEN,normal,OS,.jpg,1.7818024158477783
DRUSEN/4/015_Drusen.jpg,DRUSEN-004,val,DRUSEN,drusen,OS,.jpg,1.9340827465057373
DRUSEN/4/016_Normal.jpg,DRUSEN-004,val,DRUSEN,normal,OS,.jpg,1.9526978731155396
DRUSEN/4/017_Drusen.jpg,DRUSEN-004,val,DRUSEN,drusen,OS,.jpg,2.039062261581421
DRUSEN/4/018_Normal.jpg,DRUSEN-004,val,DRUSEN,normal,OS,.jpg,1.7489356994628906
DRUSEN/4/019_Normal.jpg,DRUSEN-004,val,DRUSEN,normal,OS,.jpg,1.6724178791046143
DRUSEN/4/020_Normal.jpg,DRUSEN-004,val,DRUSEN,normal,OS,.jpg,1.6047626733779907
DRUSEN/4/021_Normal.jpg,DRUSEN-004,val,DRUSEN,normal,OS,.jpg,1.557909607887268
DRUSEN/4/022_Normal.jpg,DRUSEN-004,val,DRUSEN,normal,OS,.jpg,1.5680559873580933
DRUSEN/4/023_Normal.jpg,DRUSEN-004,val,DRUSEN,normal,OS,.jpg,1.6162903308868408
DRUSEN/4/024_Normal.jpg,DRUSEN-004,val,DRUSEN,normal,OS,.jpg,1.5528753995895386
DRUSEN/4/025_Normal.jpg,DRUSEN-004,val,DRUSEN,normal,OS,.jpg,1.5234620571136475
DRUSEN/4/026_Normal.jpg,DRUSEN-004,val,DRUSEN,normal,OS,.jpg,1.61091947555542
DRUSEN/4/027_Normal.jpg,DRUSEN-004,val,DRUSEN,normal,OS,.jpg,1.773785948753357
DRUSEN/4/028_Normal.jpg,DRUSEN-004,val,DRUSEN,normal,OS,.jpg,1.5817517042160034
DRUSEN/4/029_Normal.jpg,DRUSEN-004,val,DRUSEN,normal,OS,.jpg,1.5000425577163696
DRUSEN/4/030_Normal.jpg,DRUSEN-004,val,DRUSEN,normal,OS,.jpg,1.5417124032974243
DRUSEN/5/OD/000_Normal.jpg,DRUSEN-005,val,DRUSEN,normal,OD,.jpg,1.5472081899642944
DRUSEN/5/OD/001_Normal.jpg,DRUSEN-005,val,DRUSEN,normal,OD,.jpg,1.6260442733764648
DRUSEN/5/OD/002_Normal.jpg,DRUSEN-005,val,DRUSEN,normal,OD,.jpg,1.627097487449646
DRUSEN/5/OD/003_Normal.jpg,DRUSEN-005,val,DRUSEN,normal,OD,.jpg,1.5841184854507446
DRUSEN/5/OD/004_Normal.jpg,DRUSEN-005,val,DRUSEN,normal,OD,.jpg,1.6224374771118164
DRUSEN/5/OD/005_Normal.jpg,DRUSEN-005,val,DRUSEN,normal,OD,.jpg,1.5505350828170776
DRUSEN/5/OD/006_Normal.jpg,DRUSEN-005,val,DRUSEN,normal,OD,.jpg,1.5455384254455566
DRUSEN/5/OD/007_Drusen.jpg,DRUSEN-005,val,DRUSEN,drusen,OD,.jpg,1.5441467761993408
DRUSEN/5/OD/008_Drusen.jpg,DRUSEN-005,val,DRUSEN,drusen,OD,.jpg,1.53659987449646
DRUSEN/5/OD/009_Drusen.jpg,DRUSEN-005,val,DRUSEN,drusen,OD,.jpg,1.5961345434188843
DRUSEN/5/OD/010_Normal.jpg,DRUSEN-005,val,DRUSEN,normal,OD,.jpg,1.5362437963485718
DRUSEN/5/OD/011_Drusen.jpg,DRUSEN-005,val,DRUSEN,drusen,OD,.jpg,1.4698306322097778
DRUSEN/5/OD/012_Drusen.jpg,DRUSEN-005,val,DRUSEN,drusen,OD,.jpg,1.5691083669662476
DRUSEN/5/OD/013_Drusen.jpg,DRUSEN-005,val,DRUSEN,drusen,OD,.jpg,1.502170443534851
DRUSEN/5/OD/014_Drusen.jpg,DRUSEN-005,val,DRUSEN,drusen,OD,.jpg,1.6857811212539673
DRUSEN/5/OD/015_Drusen.jpg,DRUSEN-005,val,DRUSEN,drusen,OD,.jpg,1.603233814239502
DRUSEN/5/OD/016_Drusen.jpg,DRUSEN-005,val,DRUSEN,drusen,OD,.jpg,1.5187387466430664
DRUSEN/5/OD/017_Drusen.jpg,DRUSEN-005,val,DRUSEN,drusen,OD,.jpg,1.5314768552780151
DRUSEN/5/OD/018_Drusen.jpg,DRUSEN-005,val,DRUSEN,drusen,OD,.jpg,1.558668613433838
DRUSEN/5/OD/019_Normal.jpg,DRUSEN-005,val,DRUSEN,normal,OD,.jpg,1.5134851932525635
DRUSEN/5/OD/020_Normal.jpg,DRUSEN-005,val,DRUSEN,normal,OD,.jpg,1.5335685014724731
DRUSEN/5/OD/021_Normal.jpg,DRUSEN-005,val,DRUSEN,normal,OD,.jpg,1.4794762134552002
DRUSEN/5/OD/022_Normal.jpg,DRUSEN-005,val,DRUSEN,normal,OD,.jpg,1.7183018922805786
DRUSEN/5/OD/023_Normal.jpg,DRUSEN-005,val,DRUSEN,normal,OD,.jpg,1.5794941186904907
DRUSEN/5/OD/024_Normal.jpg,DRUSEN-005,val,DRUSEN,normal,OD,.jpg,1.6478641033172607
DRUSEN/5/OD/025_Normal.jpg,DRUSEN-005,val,DRUSEN,normal,OD,.jpg,1.8078681230545044
DRUSEN/5/OD/026_Normal.jpg,DRUSEN-005,val,DRUSEN,normal,OD,.jpg,1.6817724704742432
DRUSEN/5/OD/027_Normal.jpg,DRUSEN-005,val,DRUSEN,normal,OD,.jpg,1.607017993927002
DRUSEN/5/OD/028_Normal.jpg,DRUSEN-005,val,DRUSEN,normal,OD,.jpg,1.7721306085586548
DRUSEN/5/OD/029_Normal.jpg,DRUSEN-005,val,DRUSEN,normal,OD,.jpg,1.6859701871871948
DRUSEN/5/OD/030_Normal.jpg,DRUSEN-005,val,DRUSEN,normal,OD,.jpg,1.5046684741973877
DRUSEN/5/OS/000_Normal.jpg,DRUSEN-005,val,DRUSEN,normal,OS,.jpg,1.7417124509811401
DRUSEN/5/OS/001_Normal.jpg,DRUSEN-005,val,DRUSEN,normal,OS,.jpg,1.7883048057556152
DRUSEN/5/OS/002_Normal.jpg,DRUSEN-005,val,DRUSEN,normal,OS,.jpg,1.6722354888916016
DRUSEN/5/OS/003_Normal.jpg,DRUSEN-005,val,DRUSEN,normal,OS,.jpg,1.7583712339401245
DRUSEN/5/OS/004_Drusen.jpg,DRUSEN-005,val,DRUSEN,drusen,OS,.jpg,1.8068536520004272
DRUSEN/5/OS/005_Normal.jpg,DRUSEN-005,val,DRUSEN,normal,OS,.jpg,1.8840364217758179
DRUSEN/5/OS/006_Normal.jpg,DRUSEN-005,val,DRUSEN,normal,OS,.jpg,1.820038080215454
DRUSEN/5/OS/007_Drusen.jpg,DRUSEN-005,val,DRUSEN,drusen,OS,.jpg,1.802713394165039
DRUSEN/5/OS/008_Drusen.jpg,DRUSEN-005,val,DRUSEN,drusen,OS,.jpg,1.7270129919052124
DRUSEN/5/OS/009_Normal.jpg,DRUSEN-005,val,DRUSEN,normal,OS,.jpg,1.685563564300537
DRUSEN/5/OS/010_Drusen.jpg,DRUSEN-005,val,DRUSEN,drusen,OS,.jpg,1.6850454807281494
DRUSEN/5/OS/011_Drusen.jpg,DRUSEN-005,val,DRUSEN,drusen,OS,.jpg,1.6742823123931885
DRUSEN/5/OS/012_Drusen.jpg,DRUSEN-005,val,DRUSEN,drusen,OS,.jpg,1.6954528093338013
DRUSEN/5/OS/013_Drusen.jpg,DRUSEN-005,val,DRUSEN,drusen,OS,.jpg,1.8266700506210327
DRUSEN/5/OS/014_Drusen.jpg,DRUSEN-005,val,DRUSEN,drusen,OS,.jpg,1.8423388004302979
DRUSEN/5/OS/015_Drusen.jpg,DRUSEN-005,val,DRUSEN,drusen,OS,.jpg,1.8304095268249512
DRUSEN/5/OS/016_Drusen.jpg,DRUSEN-005,val,DRUSEN,drusen,OS,.jpg,1.810850977897644
DRUSEN/5/OS/017_Drusen.jpg,DRUSEN-005,val,DRUSEN,drusen,OS,.jpg,1.7985910177230835
DRUSEN/5/OS/018_Drusen.jpg,DRUSEN-005,val,DRUSEN,drusen,OS,.jpg,1.7429155111312866
DRUSEN/5/OS/019_Normal.jpg,DRUSEN-005,val,DRUSEN,normal,OS,.jpg,1.7331072092056274
DRUSEN/5/OS/020_Normal.jpg,DRUSEN-005,val,DRUSEN,normal,OS,.jpg,1.660441517829895
DRUSEN/5/OS/021_Normal.jpg,DRUSEN-005,val,DRUSEN,normal,OS,.jpg,1.7164298295974731
DRUSEN/5/OS/022_Normal.jpg,DRUSEN-005,val,DRUSEN,normal,OS,.jpg,1.6483112573623657
DRUSEN/5/OS/023_Normal.jpg,DRUSEN-005,val,DRUSEN,normal,OS,.jpg,1.6731846332550049
DRUSEN/5/OS/024_Normal.jpg,DRUSEN-005,val,DRUSEN,normal,OS,.jpg,1.7014859914779663
DRUSEN/5/OS/025_Normal.jpg,DRUSEN-005,val,DRUSEN,normal,OS,.jpg,1.7109025716781616
DRUSEN/5/OS/026_Normal.jpg,DRUSEN-005,val,DRUSEN,normal,OS,.jpg,1.7224665880203247
DRUSEN/5/OS/027_Normal.jpg,DRUSEN-005,val,DRUSEN,normal,OS,.jpg,1.7763340473175049
DRUSEN/5/OS/028_Normal.jpg,DRUSEN-005,val,DRUSEN,normal,OS,.jpg,1.7011079788208008
DRUSEN/5/OS/029_Normal.jpg,DRUSEN-005,val,DRUSEN,normal,OS,.jpg,1.813011884689331
DRUSEN/5/OS/030_Normal.jpg,DRUSEN-005,val,DRUSEN,normal,OS,.jpg,1.7094717025756836
DRUSEN/8/000_normal.jpg,DRUSEN-008,val,DRUSEN,normal,OS,.jpg,2.0218617916107178
DRUSEN/8/001_Normal.jpg,DRUSEN-008,val,DRUSEN,normal,OS,.jpg,1.9713081121444702
DRUSEN/8/002_normal.jpg,DRUSEN-008,val,DRUSEN,normal,OS,.jpg,2.09609317779541
DRUSEN/8/003_normal.jpg,DRUSEN-008,val,DRUSEN,normal,OS,.jpg,2.0456879138946533
DRUSEN/8/004_Normal.jpg,DRUSEN-008,val,DRUSEN,normal,OS,.jpg,2.0721094608306885
DRUSEN/8/005_Normal.jpg,DRUSEN-008,val,DRUSEN,normal,OS,.jpg,1.9180891513824463
DRUSEN/8/006_Normal.jpg,DRUSEN-008,val,DRUSEN,normal,OS,.jpg,1.8852839469909668
DRUSEN/8/007_Normal.jpg,DRUSEN-008,val,DRUSEN,normal,OS,.jpg,1.9989970922470093
DRUSEN/8/008_Normal.jpg,DRUSEN-008,val,DRUSEN,normal,OS,.jpg,1.973624587059021
DRUSEN/8/009_Normal.jpg,DRUSEN-008,val,DRUSEN,normal,OS,.jpg,2.0704712867736816
DRUSEN/8/010_Normal.jpg,DRUSEN-008,val,DRUSEN,normal,OS,.jpg,1.994382619857788
DRUSEN/8/011_Normal.jpg,DRUSEN-008,val,DRUSEN,normal,OS,.jpg,2.0389373302459717
DRUSEN/8/012_Normal.jpg,DRUSEN-008,val,DRUSEN,normal,OS,.jpg,2.0792083740234375
DRUSEN/8/013_Drusen.jpg,DRUSEN-008,val,DRUSEN,drusen,OS,.jpg,2.0794715881347656
DRUSEN/8/014_Drusen.jpg,DRUSEN-008,val,DRUSEN,drusen,OS,.jpg,2.0528557300567627
DRUSEN/8/015_Drusen.jpg,DRUSEN-008,val,DRUSEN,drusen,OS,.jpg,2.0986642837524414
DRUSEN/8/016_Drusen.jpg,DRUSEN-008,val,DRUSEN,drusen,OS,.jpg,2.030815362930298
DRUSEN/8/017_Drusen.jpg,DRUSEN-008,val,DRUSEN,drusen,OS,.jpg,2.1095468997955322
DRUSEN/8/018_Normal.jpg,DRUSEN-008,val,DRUSEN,normal,OS,.jpg,2.1637730598449707
DRUSEN/8/019_Normal.jpg,DRUSEN-008,val,DRUSEN,normal,OS,.jpg,2.1651504039764404
DRUSEN/8/020_Normal.jpg,DRUSEN-008,val,DRUSEN,normal,OS,.jpg,2.061847448348999
DRUSEN/8/021_Normal.jpg,DRUSEN-008,val,DRUSEN,normal,OS,.jpg,2.0431535243988037
DRUSEN/8/022_Normal.jpg,DRUSEN-008,val,DRUSEN,normal,OS,.jpg,2.0844743251800537
DRUSEN/8/023_Normal.jpg,DRUSEN-008,val,DRUSEN,normal,OS,.jpg,1.955438256263733
DRUSEN/8/024_Normal.jpg,DRUSEN-008,val,DRUSEN,normal,OS,.jpg,2.008423328399658
DRUSEN/8/025_Normal.jpg,DRUSEN-008,val,DRUSEN,normal,OS,.jpg,2.0651872158050537
DRUSEN/8/026_Normal.jpg,DRUSEN-008,val,DRUSEN,normal,OS,.jpg,2.1589627265930176
DRUSEN/8/027_Normal.jpg,DRUSEN-008,val,DRUSEN,normal,OS,.jpg,2.2454819679260254
DRUSEN/8/028_Normal.jpg,DRUSEN-008,val,DRUSEN,normal,OS,.jpg,2.200538158416748
DRUSEN/8/029_Normal.jpg,DRUSEN-008,val,DRUSEN,normal,OS,.jpg,2.13509202003479
DRUSEN/8/030_Normal.jpg,DRUSEN-008,val,DRUSEN,normal,OS,.jpg,2.247225761413574
DRUSEN/9/OD/000_Drusen.jpg,DRUSEN-009,val,DRUSEN,drusen,OD,.jpg,1.601076602935791
DRUSEN/9/OD/001_Drusen.jpg,DRUSEN-009,val,DRUSEN,drusen,OD,.jpg,1.6351611614227295
DRUSEN/9/OD/002_Drusen.jpg,DRUSEN-009,val,DRUSEN,drusen,OD,.jpg,1.770301103591919
DRUSEN/9/OD/003_Drusen.jpg,DRUSEN-009,val,DRUSEN,drusen,OD,.jpg,1.6239888668060303
DRUSEN/9/OD/004_Drusen.jpg,DRUSEN-009,val,DRUSEN,drusen,OD,.jpg,1.489129662513733
DRUSEN/9/OD/005_Drusen.jpg,DRUSEN-009,val,DRUSEN,drusen,OD,.jpg,1.4278485774993896
DRUSEN/9/OD/006_Drusen.jpg,DRUSEN-009,val,DRUSEN,drusen,OD,.jpg,1.4176716804504395
DRUSEN/9/OD/007_Drusen.jpg,DRUSEN-009,val,DRUSEN,drusen,OD,.jpg,1.5136935710906982
DRUSEN/9/OD/008_Drusen.jpg,DRUSEN-009,val,DRUSEN,drusen,OD,.jpg,1.490064263343811
DRUSEN/9/OD/009_Drusen.jpg,DRUSEN-009,val,DRUSEN,drusen,OD,.jpg,1.5464050769805908
DRUSEN/9/OD/010_Drusen.jpg,DRUSEN-009,val,DRUSEN,drusen,OD,.jpg,1.4715408086776733
DRUSEN/9/OD/011_Drusen.jpg,DRUSEN-009,val,DRUSEN,drusen,OD,.jpg,1.5784673690795898
DRUSEN/9/OD/012_Drusen.jpg,DRUSEN-009,val,DRUSEN,drusen,OD,.jpg,1.622680425643921
DRUSEN/9/OD/013_Drusen.jpg,DRUSEN-009,val,DRUSEN,drusen,OD,.jpg,1.5481215715408325
DRUSEN/9/OD/014_Drusen.jpg,DRUSEN-009,val,DRUSEN,drusen,OD,.jpg,1.6563156843185425
DRUSEN/9/OD/015_Drusen.jpg,DRUSEN-009,val,DRUSEN,drusen,OD,.jpg,1.6079319715499878
DRUSEN/9/OD/016_Drusen.jpg,DRUSEN-009,val,DRUSEN,drusen,OD,.jpg,1.5664490461349487
DRUSEN/9/OD/017_Drusen.jpg,DRUSEN-009,val,DRUSEN,drusen,OD,.jpg,1.7178128957748413
DRUSEN/9/OD/018_Drusen.jpg,DRUSEN-009,val,DRUSEN,drusen,OD,.jpg,1.6045706272125244
DRUSEN/9/OD/019_Drusen.jpg,DRUSEN-009,val,DRUSEN,drusen,OD,.jpg,1.5654278993606567
DRUSEN/9/OD/020_Drusen.jpg,DRUSEN-009,val,DRUSEN,drusen,OD,.jpg,1.603015422821045
DRUSEN/9/OD/021_Drusen.jpg,DRUSEN-009,val,DRUSEN,drusen,OD,.jpg,1.485094666481018
DRUSEN/9/OD/022_Drusen.jpg,DRUSEN-009,val,DRUSEN,drusen,OD,.jpg,1.5570721626281738
DRUSEN/9/OD/023_Drusen.jpg,DRUSEN-009,val,DRUSEN,drusen,OD,.jpg,1.6468327045440674
DRUSEN/9/OD/024_Drusen.jpg,DRUSEN-009,val,DRUSEN,drusen,OD,.jpg,1.5525403022766113
DRUSEN/9/OD/025_Drusen.jpg,DRUSEN-009,val,DRUSEN,drusen,OD,.jpg,1.5954231023788452
DRUSEN/9/OD/026_Drusen.jpg,DRUSEN-009,val,DRUSEN,drusen,OD,.jpg,1.590840458869934
DRUSEN/9/OD/027_Drusen.jpg,DRUSEN-009,val,DRUSEN,drusen,OD,.jpg,1.6345394849777222
DRUSEN/9/OD/028_Drusen.jpg,DRUSEN-009,val,DRUSEN,drusen,OD,.jpg,1.619017481803894
DRUSEN/9/OD/029_Drusen.jpg,DRUSEN-009,val,DRUSEN,drusen,OD,.jpg,1.695141315460205
DRUSEN/9/OD/030_Drusen.jpg,DRUSEN-009,val,DRUSEN,drusen,OD,.jpg,1.6730536222457886
DRUSEN/9/OS/000_Drusen.jpg,DRUSEN-009,val,DRUSEN,drusen,OS,.jpg,1.458109974861145
DRUSEN/9/OS/001_Drusen.jpg,DRUSEN-009,val,DRUSEN,drusen,OS,.jpg,1.3933799266815186
DRUSEN/9/OS/002_Drusen.jpg,DRUSEN-009,val,DRUSEN,drusen,OS,.jpg,1.4652235507965088
DRUSEN/9/OS/003_Drusen.jpg,DRUSEN-009,val,DRUSEN,drusen,OS,.jpg,1.5484952926635742
DRUSEN/9/OS/004_Normal.jpg,DRUSEN-009,val,DRUSEN,normal,OS,.jpg,1.6024452447891235
DRUSEN/9/OS/005_Drusen.jpg,DRUSEN-009,val,DRUSEN,drusen,OS,.jpg,1.5059500932693481
DRUSEN/9/OS/006_Drusen.jpg,DRUSEN-009,val,DRUSEN,drusen,OS,.jpg,1.51231050491333
DRUSEN/9/OS/007_Drusen.jpg,DRUSEN-009,val,DRUSEN,drusen,OS,.jpg,1.6305415630340576
DRUSEN/9/OS/008_Drusen.jpg,DRUSEN-009,val,DRUSEN,drusen,OS,.jpg,1.6027706861495972
DRUSEN/9/OS/009_Drusen.jpg,DRUSEN-009,val,DRUSEN,drusen,OS,.jpg,1.5959500074386597
DRUSEN/9/OS/010_Drusen.jpg,DRUSEN-009,val,DRUSEN,drusen,OS,.jpg,1.5483732223510742
DRUSEN/9/OS/011_Drusen.jpg,DRUSEN-009,val,DRUSEN,drusen,OS,.jpg,1.6606414318084717
DRUSEN/9/OS/012_Drusen.jpg,DRUSEN-009,val,DRUSEN,drusen,OS,.jpg,1.6852490901947021
DRUSEN/9/OS/013_Drusen.jpg,DRUSEN-009,val,DRUSEN,drusen,OS,.jpg,1.6688671112060547
DRUSEN/9/OS/014_Drusen.jpg,DRUSEN-009,val,DRUSEN,drusen,OS,.jpg,1.8504098653793335
DRUSEN/9/OS/015_Drusen.jpg,DRUSEN-009,val,DRUSEN,drusen,OS,.jpg,1.8202985525131226
DRUSEN/9/OS/016_Drusen.jpg,DRUSEN-009,val,DRUSEN,drusen,OS,.jpg,1.9014960527420044
DRUSEN/9/OS/017_Drusen.jpg,DRUSEN-009,val,DRUSEN,drusen,OS,.jpg,1.7083462476730347
DRUSEN/9/OS/018_Drusen.jpg,DRUSEN-009,val,DRUSEN,drusen,OS,.jpg,1.778106689453125
DRUSEN/9/OS/019_Drusen.jpg,DRUSEN-009,val,DRUSEN,drusen,OS,.jpg,1.7299195528030396
DRUSEN/9/OS/020_Drusen.jpg,DRUSEN-009,val,DRUSEN,drusen,OS,.jpg,1.9085978269577026
DRUSEN/9/OS/021_Drusen.jpg,DRUSEN-009,val,DRUSEN,drusen,OS,.jpg,1.8768681287765503
DRUSEN/9/OS/022_Drusen.jpg,DRUSEN-009,val,DRUSEN,drusen,OS,.jpg,1.6785155534744263
DRUSEN/9/OS/023_Drusen.jpg,DRUSEN-009,val,DRUSEN,drusen,OS,.jpg,1.7816694974899292
DRUSEN/9/OS/024_Drusen.jpg,DRUSEN-009,val,DRUSEN,drusen,OS,.jpg,1.6661454439163208
DRUSEN/9/OS/025_Drusen.jpg,DRUSEN-009,val,DRUSEN,drusen,OS,.jpg,1.7217726707458496
DRUSEN/9/OS/026_Drusen.jpg,DRUSEN-009,val,DRUSEN,drusen,OS,.jpg,1.7037723064422607
DRUSEN/9/OS/027_Drusen.jpg,DRUSEN-009,val,DRUSEN,drusen,OS,.jpg,1.6979475021362305
DRUSEN/9/OS/028_Drusen.jpg,DRUSEN-009,val,DRUSEN,drusen,OS,.jpg,1.7419500350952148
DRUSEN/9/OS/029_Drusen.jpg,DRUSEN-009,val,DRUSEN,drusen,OS,.jpg,1.7891764640808105
DRUSEN/9/OS/030_Drusen.jpg,DRUSEN-009,val,DRUSEN,drusen,OS,.jpg,1.8415310382843018
DRUSEN/13/OD/000_Normal.jpg,DRUSEN-013,val,DRUSEN,normal,OD,.jpg,1.5221346616744995
DRUSEN/13/OD/001_Normal.jpg,DRUSEN-013,val,DRUSEN,normal,OD,.jpg,1.5084400177001953
DRUSEN/13/OD/002_Normal.jpg,DRUSEN-013,val,DRUSEN,normal,OD,.jpg,1.5526103973388672
DRUSEN/13/OD/003_Normal.jpg,DRUSEN-013,val,DRUSEN,normal,OD,.jpg,1.557051658630371
DRUSEN/13/OD/004_Normal.jpg,DRUSEN-013,val,DRUSEN,normal,OD,.jpg,1.500551700592041
DRUSEN/13/OD/005_Normal.jpg,DRUSEN-013,val,DRUSEN,normal,OD,.jpg,1.5333830118179321
DRUSEN/13/OD/006_Normal.jpg,DRUSEN-013,val,DRUSEN,normal,OD,.jpg,1.541883111000061
DRUSEN/13/OD/007_Normal.jpg,DRUSEN-013,val,DRUSEN,normal,OD,.jpg,1.5622793436050415
DRUSEN/13/OD/008_Normal.jpg,DRUSEN-013,val,DRUSEN,normal,OD,.jpg,1.6064599752426147
DRUSEN/13/OD/009_Normal.jpg,DRUSEN-013,val,DRUSEN,normal,OD,.jpg,1.6531652212142944
DRUSEN/13/OD/010_Normal.jpg,DRUSEN-013,val,DRUSEN,normal,OD,.jpg,1.6636475324630737
DRUSEN/13/OD/011_Normal.jpg,DRUSEN-013,val,DRUSEN,normal,OD,.jpg,1.581191897392273
DRUSEN/13/OD/012_Normal.jpg,DRUSEN-013,val,DRUSEN,normal,OD,.jpg,1.5655192136764526
DRUSEN/13/OD/013_Drusen.jpg,DRUSEN-013,val,DRUSEN,drusen,OD,.jpg,1.71451735496521
DRUSEN/13/OD/014_Normal.jpg,DRUSEN-013,val,DRUSEN,normal,OD,.jpg,1.57816743850708
DRUSEN/13/OD/015_Normal.jpg,DRUSEN-013,val,DRUSEN,normal,OD,.jpg,1.703447699546814
DRUSEN/13/OD/016_Drusen.jpg,DRUSEN-013,val,DRUSEN,drusen,OD,.jpg,1.7782924175262451
DRUSEN/13/OD/017_Drusen.jpg,DRUSEN-013,val,DRUSEN,drusen,OD,.jpg,1.790100336074829
DRUSEN/13/OD/018_Drusen.jpg,DRUSEN-013,val,DRUSEN,drusen,OD,.jpg,1.6851202249526978
DRUSEN/13/OD/019_Drusen.jpg,DRUSEN-013,val,DRUSEN,drusen,OD,.jpg,1.6633604764938354
DRUSEN/13/OD/020_Drusen.jpg,DRUSEN-013,val,DRUSEN,drusen,OD,.jpg,1.6798338890075684
DRUSEN/13/OD/021_Drusen.jpg,DRUSEN-013,val,DRUSEN,drusen,OD,.jpg,1.7151662111282349
DRUSEN/13/OD/022_Drusen.jpg,DRUSEN-013,val,DRUSEN,drusen,OD,.jpg,1.7882682085037231
DRUSEN/13/OD/023_Drusen.jpg,DRUSEN-013,val,DRUSEN,drusen,OD,.jpg,1.6646207571029663
DRUSEN/13/OD/024_Drusen.jpg,DRUSEN-013,val,DRUSEN,drusen,OD,.jpg,1.7138478755950928
DRUSEN/13/OD/025_Normal.jpg,DRUSEN-013,val,DRUSEN,normal,OD,.jpg,1.6607387065887451
DRUSEN/13/OD/026_Normal.jpg,DRUSEN-013,val,DRUSEN,normal,OD,.jpg,1.5997624397277832
DRUSEN/13/OD/027_Normal.jpg,DRUSEN-013,val,DRUSEN,normal,OD,.jpg,1.5651099681854248
DRUSEN/13/OD/028_Normal.jpg,DRUSEN-013,val,DRUSEN,normal,OD,.jpg,1.6310133934020996
DRUSEN/13/OD/029_Normal.jpg,DRUSEN-013,val,DRUSEN,normal,OD,.jpg,1.614149570465088
DRUSEN/13/OD/030_Normal.jpg,DRUSEN-013,val,DRUSEN,normal,OD,.jpg,1.6642519235610962
DRUSEN/13/OS/000_Normal.jpg,DRUSEN-013,val,DRUSEN,normal,OS,.jpg,1.5710331201553345
DRUSEN/13/OS/001_Normal.jpg,DRUSEN-013,val,DRUSEN,normal,OS,.jpg,1.4689855575561523
DRUSEN/13/OS/002_Normal.jpg,DRUSEN-013,val,DRUSEN,normal,OS,.jpg,1.590695858001709
DRUSEN/13/OS/003_Normal.jpg,DRUSEN-013,val,DRUSEN,normal,OS,.jpg,1.4647276401519775
DRUSEN/13/OS/004_Normal.jpg,DRUSEN-013,val,DRUSEN,normal,OS,.jpg,1.4686577320098877
DRUSEN/13/OS/005_Normal.jpg,DRUSEN-013,val,DRUSEN,normal,OS,.jpg,1.4811205863952637
DRUSEN/13/OS/006_Normal.jpg,DRUSEN-013,val,DRUSEN,normal,OS,.jpg,1.4189420938491821
DRUSEN/13/OS/007_Normal.jpg,DRUSEN-013,val,DRUSEN,normal,OS,.jpg,1.4616038799285889
DRUSEN/13/OS/008_Normal.jpg,DRUSEN-013,val,DRUSEN,normal,OS,.jpg,1.5323185920715332
DRUSEN/13/OS/009_Normal.jpg,DRUSEN-013,val,DRUSEN,normal,OS,.jpg,1.5435787439346313
DRUSEN/13/OS/010_Drusen.jpg,DRUSEN-013,val,DRUSEN,drusen,OS,.jpg,1.5437208414077759
DRUSEN/13/OS/011_Drusen.jpg,DRUSEN-013,val,DRUSEN,drusen,OS,.jpg,1.4503045082092285
DRUSEN/13/OS/012_Drusen.jpg,DRUSEN-013,val,DRUSEN,drusen,OS,.jpg,1.5297071933746338
DRUSEN/13/OS/013_Drusen.jpg,DRUSEN-013,val,DRUSEN,drusen,OS,.jpg,1.5298000574111938
DRUSEN/13/OS/014_Drusen.jpg,DRUSEN-013,val,DRUSEN,drusen,OS,.jpg,1.5172311067581177
DRUSEN/13/OS/015_Drusen.jpg,DRUSEN-013,val,DRUSEN,drusen,OS,.jpg,1.5976530313491821
DRUSEN/13/OS/016_Drusen.jpg,DRUSEN-013,val,DRUSEN,drusen,OS,.jpg,1.7264270782470703
DRUSEN/13/OS/017_Drusen.jpg,DRUSEN-013,val,DRUSEN,drusen,OS,.jpg,1.5345633029937744
DRUSEN/13/OS/018_Drusen.jpg,DRUSEN-013,val,DRUSEN,drusen,OS,.jpg,1.6811788082122803
DRUSEN/13/OS/019_Drusen.jpg,DRUSEN-013,val,DRUSEN,drusen,OS,.jpg,1.5575143098831177
DRUSEN/13/OS/020_Drusen.jpg,DRUSEN-013,val,DRUSEN,drusen,OS,.jpg,1.5679068565368652
DRUSEN/13/OS/021_Drusen.jpg,DRUSEN-013,val,DRUSEN,drusen,OS,.jpg,1.6279337406158447
DRUSEN/13/OS/022_Drusen.jpg,DRUSEN-013,val,DRUSEN,drusen,OS,.jpg,1.6179512739181519
DRUSEN/13/OS/023_Drusen.jpg,DRUSEN-013,val,DRUSEN,drusen,OS,.jpg,1.6539323329925537
DRUSEN/13/OS/024_Drusen.jpg,DRUSEN-013,val,DRUSEN,drusen,OS,.jpg,1.568810224533081
DRUSEN/13/OS/025_Normal.jpg,DRUSEN-013,val,DRUSEN,normal,OS,.jpg,1.5441138744354248
DRUSEN/13/OS/026_Normal.jpg,DRUSEN-013,val,DRUSEN,normal,OS,.jpg,1.7012323141098022
DRUSEN/13/OS/027_Normal.jpg,DRUSEN-013,val,DRUSEN,normal,OS,.jpg,1.6572544574737549
DRUSEN/13/OS/028_Normal.jpg,DRUSEN-013,val,DRUSEN,normal,OS,.jpg,1.662145733833313
DRUSEN/13/OS/029_Normal.jpg,DRUSEN-013,val,DRUSEN,normal,OS,.jpg,1.6500788927078247
DRUSEN/13/OS/030_Normal.jpg,DRUSEN-013,val,DRUSEN,normal,OS,.jpg,1.7350189685821533
DRUSEN/21/000_Normal.tif,DRUSEN-021,val,DRUSEN,normal,OD,.tif,1.8532723188400269
DRUSEN/21/001_Normal.tif,DRUSEN-021,val,DRUSEN,normal,OD,.tif,1.8548518419265747
DRUSEN/21/002_Normal.tif,DRUSEN-021,val,DRUSEN,normal,OD,.tif,1.8543765544891357
DRUSEN/21/003_Normal.tif,DRUSEN-021,val,DRUSEN,normal,OD,.tif,2.02889084815979
DRUSEN/21/004_Drusen.tif,DRUSEN-021,val,DRUSEN,drusen,OD,.tif,2.0393197536468506
DRUSEN/21/005_Drusen.tif,DRUSEN-021,val,DRUSEN,drusen,OD,.tif,2.0010769367218018
DRUSEN/21/006_Drusen.tif,DRUSEN-021,val,DRUSEN,drusen,OD,.tif,2.054567575454712
DRUSEN/21/007_Drusen.tif,DRUSEN-021,val,DRUSEN,drusen,OD,.tif,2.1549160480499268
DRUSEN/21/008_Drusen.tif,DRUSEN-021,val,DRUSEN,drusen,OD,.tif,2.0850048065185547
DRUSEN/21/009_Drusen.tif,DRUSEN-021,val,DRUSEN,drusen,OD,.tif,2.1491692066192627
DRUSEN/21/010_Drusen.tif,DRUSEN-021,val,DRUSEN,drusen,OD,.tif,2.1392557621002197
DRUSEN/21/011_Drusen.tif,DRUSEN-021,val,DRUSEN,drusen,OD,.tif,2.212998628616333
DRUSEN/21/012_Drusen.tif,DRUSEN-021,val,DRUSEN,drusen,OD,.tif,2.2565979957580566
DRUSEN/21/013_Drusen.tif,DRUSEN-021,val,DRUSEN,drusen,OD,.tif,2.2496724128723145
DRUSEN/21/014_Drusen.tif,DRUSEN-021,val,DRUSEN,drusen,OD,.tif,2.3923630714416504
DRUSEN/21/015_Normal.tif,DRUSEN-021,val,DRUSEN,normal,OD,.tif,2.4628584384918213
DRUSEN/21/016_Normal.tif,DRUSEN-021,val,DRUSEN,normal,OD,.tif,2.3091816902160645
DRUSEN/21/017_Drusen.tif,DRUSEN-021,val,DRUSEN,drusen,OD,.tif,2.3576207160949707
DRUSEN/21/018_Drusen.tif,DRUSEN-021,val,DRUSEN,drusen,OD,.tif,2.319645404815674
DRUSEN/21/019_Drusen.tif,DRUSEN-021,val,DRUSEN,drusen,OD,.tif,2.326099157333374
DRUSEN/21/020_Normal.tif,DRUSEN-021,val,DRUSEN,normal,OD,.tif,2.1223223209381104
DRUSEN/21/021_Normal.tif,DRUSEN-021,val,DRUSEN,normal,OD,.tif,2.237532377243042
DRUSEN/21/022_Normal.tif,DRUSEN-021,val,DRUSEN,normal,OD,.tif,2.303769111633301
DRUSEN/21/023_Normal.tif,DRUSEN-021,val,DRUSEN,normal,OD,.tif,2.1720590591430664
DRUSEN/21/024_Normal.tif,DRUSEN-021,val,DRUSEN,normal,OD,.tif,2.1501548290252686
DRUSEN/21/025_Normal.tif,DRUSEN-021,val,DRUSEN,normal,OD,.tif,2.1264901161193848
DRUSEN/21/026_Normal.tif,DRUSEN-021,val,DRUSEN,normal,OD,.tif,2.157322883605957
DRUSEN/21/027_Normal.tif,DRUSEN-021,val,DRUSEN,normal,OD,.tif,2.141404867172241
DRUSEN/21/028_Normal.tif,DRUSEN-021,val,DRUSEN,normal,OD,.tif,2.1060285568237305
DRUSEN/21/029_Normal.tif,DRUSEN-021,val,DRUSEN,normal,OD,.tif,2.04443359375
DRUSEN/21/030_Normal.tif,DRUSEN-021,val,DRUSEN,normal,OD,.tif,2.0117111206054688
DRUSEN/25/000_Normal.tif,DRUSEN-025,val,DRUSEN,normal,OS,.tif,1.8060016632080078
DRUSEN/25/001_Normal.tif,DRUSEN-025,val,DRUSEN,normal,OS,.tif,1.7597362995147705
DRUSEN/25/002_Normal.tif,DRUSEN-025,val,DRUSEN,normal,OS,.tif,1.6737197637557983
DRUSEN/25/003_Normal.tif,DRUSEN-025,val,DRUSEN,normal,OS,.tif,1.6726964712142944
DRUSEN/25/004_Normal.tif,DRUSEN-025,val,DRUSEN,normal,OS,.tif,1.6079283952713013
DRUSEN/25/005_Drusen.tif,DRUSEN-025,val,DRUSEN,drusen,OS,.tif,1.5862354040145874
DRUSEN/25/006_Normal.tif,DRUSEN-025,val,DRUSEN,normal,OS,.tif,1.5951507091522217
DRUSEN/25/007_Normal.tif,DRUSEN-025,val,DRUSEN,normal,OS,.tif,1.6141152381896973
DRUSEN/25/008_Normal.tif,DRUSEN-025,val,DRUSEN,normal,OS,.tif,1.640081763267517
DRUSEN/25/009_Normal.tif,DRUSEN-025,val,DRUSEN,normal,OS,.tif,1.6879140138626099
DRUSEN/25/010_Normal.tif,DRUSEN-025,val,DRUSEN,normal,OS,.tif,1.718327522277832
DRUSEN/25/011_Normal.tif,DRUSEN-025,val,DRUSEN,normal,OS,.tif,1.6547024250030518
DRUSEN/25/012_Normal.tif,DRUSEN-025,val,DRUSEN,normal,OS,.tif,1.6107850074768066
DRUSEN/25/013_Normal.tif,DRUSEN-025,val,DRUSEN,normal,OS,.tif,1.6506260633468628
DRUSEN/25/014_Normal.tif,DRUSEN-025,val,DRUSEN,normal,OS,.tif,1.6581662893295288
DRUSEN/25/015_Drusen.tif,DRUSEN-025,val,DRUSEN,drusen,OS,.tif,1.653376817703247
DRUSEN/25/016_Normal.tif,DRUSEN-025,val,DRUSEN,normal,OS,.tif,1.7022454738616943
DRUSEN/25/017_Normal.tif,DRUSEN-025,val,DRUSEN,normal,OS,.tif,1.7013459205627441
DRUSEN/25/018_Normal.tif,DRUSEN-025,val,DRUSEN,normal,OS,.tif,1.8272753953933716
DRUSEN/25/019_Normal.tif,DRUSEN-025,val,DRUSEN,normal,OS,.tif,1.8707032203674316
DRUSEN/25/020_Drusen.tif,DRUSEN-025,val,DRUSEN,drusen,OS,.tif,1.8856309652328491
DRUSEN/25/021_Drusen.tif,DRUSEN-025,val,DRUSEN,drusen,OS,.tif,2.0126936435699463
DRUSEN/25/022_Drusen.tif,DRUSEN-025,val,DRUSEN,drusen,OS,.tif,1.8790644407272339
DRUSEN/25/023_Drusen.tif,DRUSEN-025,val,DRUSEN,drusen,OS,.tif,1.8267015218734741
DRUSEN/25/024_Drusen.tif,DRUSEN-025,val,DRUSEN,drusen,OS,.tif,1.7546148300170898
DRUSEN/25/025_Drusen.tif,DRUSEN-025,val,DRUSEN,drusen,OS,.tif,1.8065921068191528
DRUSEN/25/026_Drusen.tif,DRUSEN-025,val,DRUSEN,drusen,OS,.tif,1.7917898893356323
DRUSEN/25/027_Drusen.tif,DRUSEN-025,val,DRUSEN,drusen,OS,.tif,1.7590423822402954
DRUSEN/25/028_Drusen.tif,DRUSEN-025,val,DRUSEN,drusen,OS,.tif,1.8826568126678467
DRUSEN/25/029_Drusen.tif,DRUSEN-025,val,DRUSEN,drusen,OS,.tif,1.8315598964691162
DRUSEN/25/030_Drusen.tif,DRUSEN-025,val,DRUSEN,drusen,OS,.tif,1.9641469717025757
DRUSEN/26/000_Drusen.tif,DRUSEN-026,val,DRUSEN,drusen,OS,.tif,2.216390609741211
DRUSEN/26/001_Drusen.tif,DRUSEN-026,val,DRUSEN,drusen,OS,.tif,2.1334030628204346
DRUSEN/26/002_Drusen.tif,DRUSEN-026,val,DRUSEN,drusen,OS,.tif,2.154710531234741
DRUSEN/26/003_Drusen.tif,DRUSEN-026,val,DRUSEN,drusen,OS,.tif,2.069967031478882
DRUSEN/26/004_Drusen.tif,DRUSEN-026,val,DRUSEN,drusen,OS,.tif,2.155097484588623
DRUSEN/26/005_Drusen.tif,DRUSEN-026,val,DRUSEN,drusen,OS,.tif,2.113292694091797
DRUSEN/26/006_Drusen.tif,DRUSEN-026,val,DRUSEN,drusen,OS,.tif,2.18506121635437
DRUSEN/26/007_Drusen.tif,DRUSEN-026,val,DRUSEN,drusen,OS,.tif,2.2587811946868896
DRUSEN/26/008_Drusen.tif,DRUSEN-026,val,DRUSEN,drusen,OS,.tif,2.2414379119873047
DRUSEN/26/009_Drusen.tif,DRUSEN-026,val,DRUSEN,drusen,OS,.tif,2.343984365463257
DRUSEN/26/010_Drusen.tif,DRUSEN-026,val,DRUSEN,drusen,OS,.tif,2.131251096725464
DRUSEN/26/011_Drusen.tif,DRUSEN-026,val,DRUSEN,drusen,OS,.tif,2.061476230621338
DRUSEN/26/012_Drusen.tif,DRUSEN-026,val,DRUSEN,drusen,OS,.tif,1.996549129486084
DRUSEN/26/013_Drusen.tif,DRUSEN-026,val,DRUSEN,drusen,OS,.tif,1.9639973640441895
DRUSEN/26/014_Drusen.tif,DRUSEN-026,val,DRUSEN,drusen,OS,.tif,2.1646759510040283
DRUSEN/26/015_Drusen.tif,DRUSEN-026,val,DRUSEN,drusen,OS,.tif,1.9802879095077515
DRUSEN/26/016_Drusen.tif,DRUSEN-026,val,DRUSEN,drusen,OS,.tif,1.952568531036377
DRUSEN/26/017_Drusen.tif,DRUSEN-026,val,DRUSEN,drusen,OS,.tif,2.1456968784332275
DRUSEN/26/018_Drusen.tif,DRUSEN-026,val,DRUSEN,drusen,OS,.tif,2.2218592166900635
DRUSEN/26/019_Drusen.tif,DRUSEN-026,val,DRUSEN,drusen,OS,.tif,2.392587184906006
DRUSEN/26/020_Drusen.tif,DRUSEN-026,val,DRUSEN,drusen,OS,.tif,2.319180488586426
DRUSEN/26/021_Drusen.tif,DRUSEN-026,val,DRUSEN,drusen,OS,.tif,2.27201509475708
DRUSEN/26/022_Drusen.tif,DRUSEN-026,val,DRUSEN,drusen,OS,.tif,2.1864004135131836
DRUSEN/26/023_Drusen.tif,DRUSEN-026,val,DRUSEN,drusen,OS,.tif,2.3195316791534424
DRUSEN/26/024_Drusen.tif,DRUSEN-026,val,DRUSEN,drusen,OS,.tif,2.0880813598632812
DRUSEN/26/025_Drusen.tif,DRUSEN-026,val,DRUSEN,drusen,OS,.tif,2.2303688526153564
DRUSEN/26/026_Drusen.tif,DRUSEN-026,val,DRUSEN,drusen,OS,.tif,2.20467472076416
DRUSEN/26/027_Drusen.tif,DRUSEN-026,val,DRUSEN,drusen,OS,.tif,2.115042209625244
DRUSEN/26/028_Drusen.tif,DRUSEN-026,val,DRUSEN,drusen,OS,.tif,1.8879737854003906
DRUSEN/34/OD/000_Drusen.tif,DRUSEN-034,val,DRUSEN,drusen,OD,.tif,2.012025833129883
DRUSEN/34/OD/001_Drusen.tif,DRUSEN-034,val,DRUSEN,drusen,OD,.tif,1.9892349243164062
DRUSEN/34/OD/002_Drusen.tif,DRUSEN-034,val,DRUSEN,drusen,OD,.tif,1.9593358039855957
DRUSEN/34/OD/003_Normal.tif,DRUSEN-034,val,DRUSEN,normal,OD,.tif,2.0214734077453613
DRUSEN/34/OD/004_Drusen.tif,DRUSEN-034,val,DRUSEN,drusen,OD,.tif,1.963957667350769
DRUSEN/34/OD/005_Normal.tif,DRUSEN-034,val,DRUSEN,normal,OD,.tif,2.0137274265289307
DRUSEN/34/OD/006_Drusen.tif,DRUSEN-034,val,DRUSEN,drusen,OD,.tif,2.0344746112823486
DRUSEN/34/OD/007_Drusen.tif,DRUSEN-034,val,DRUSEN,drusen,OD,.tif,1.9677339792251587
DRUSEN/34/OD/008_Normal.tif,DRUSEN-034,val,DRUSEN,normal,OD,.tif,1.9214013814926147
DRUSEN/34/OD/009_Drusen.tif,DRUSEN-034,val,DRUSEN,drusen,OD,.tif,2.047773838043213
DRUSEN/34/OD/010_Normal.tif,DRUSEN-034,val,DRUSEN,normal,OD,.tif,1.8562679290771484
DRUSEN/34/OD/011_Normal.tif,DRUSEN-034,val,DRUSEN,normal,OD,.tif,1.945349097251892
DRUSEN/34/OD/012_Drusen.tif,DRUSEN-034,val,DRUSEN,drusen,OD,.tif,1.9497588872909546
DRUSEN/34/OD/013_Drusen.tif,DRUSEN-034,val,DRUSEN,drusen,OD,.tif,2.0191826820373535
DRUSEN/34/OD/014_Drusen.tif,DRUSEN-034,val,DRUSEN,drusen,OD,.tif,2.26668643951416
DRUSEN/34/OD/015_Drusen.tif,DRUSEN-034,val,DRUSEN,drusen,OD,.tif,2.1253414154052734
DRUSEN/34/OD/016_Drusen.tif,DRUSEN-034,val,DRUSEN,drusen,OD,.tif,2.045072078704834
DRUSEN/34/OD/017_Drusen.tif,DRUSEN-034,val,DRUSEN,drusen,OD,.tif,2.232717752456665
DRUSEN/34/OD/018_Drusen.tif,DRUSEN-034,val,DRUSEN,drusen,OD,.tif,2.0098092555999756
DRUSEN/34/OD/019_Drusen.tif,DRUSEN-034,val,DRUSEN,drusen,OD,.tif,2.0102522373199463
DRUSEN/34/OD/020_Drusen.tif,DRUSEN-034,val,DRUSEN,drusen,OD,.tif,1.8527851104736328
DRUSEN/34/OD/021_Drusen.tif,DRUSEN-034,val,DRUSEN,drusen,OD,.tif,2.017658233642578
DRUSEN/34/OD/022_Drusen.tif,DRUSEN-034,val,DRUSEN,drusen,OD,.tif,1.9721169471740723
DRUSEN/34/OD/023_Drusen.tif,DRUSEN-034,val,DRUSEN,drusen,OD,.tif,1.9430681467056274
DRUSEN/34/OD/024_Normal.tif,DRUSEN-034,val,DRUSEN,normal,OD,.tif,2.001784563064575
DRUSEN/34/OD/025_Normal.tif,DRUSEN-034,val,DRUSEN,normal,OD,.tif,1.8684072494506836
DRUSEN/34/OD/026_Normal.tif,DRUSEN-034,val,DRUSEN,normal,OD,.tif,1.9590823650360107
DRUSEN/34/OD/027_Normal.tif,DRUSEN-034,val,DRUSEN,normal,OD,.tif,1.9893951416015625
DRUSEN/34/OD/028_Normal.tif,DRUSEN-034,val,DRUSEN,normal,OD,.tif,1.9439537525177002
DRUSEN/34/OD/029_Normal.tif,DRUSEN-034,val,DRUSEN,normal,OD,.tif,1.9118999242782593
DRUSEN/34/OD/030_Drusen.tif,DRUSEN-034,val,DRUSEN,drusen,OD,.tif,2.0648093223571777
DRUSEN/34/OS/000_Drusen.tif,DRUSEN-034,val,DRUSEN,drusen,OS,.tif,2.1922595500946045
DRUSEN/34/OS/001_Drusen.tif,DRUSEN-034,val,DRUSEN,drusen,OS,.tif,2.201716661453247
DRUSEN/34/OS/002_Drusen.tif,DRUSEN-034,val,DRUSEN,drusen,OS,.tif,2.172617197036743
DRUSEN/34/OS/003_Normal.tif,DRUSEN-034,val,DRUSEN,normal,OS,.tif,2.0139639377593994
DRUSEN/34/OS/004_Drusen.tif,DRUSEN-034,val,DRUSEN,drusen,OS,.tif,2.021146059036255
DRUSEN/34/OS/005_Drusen.tif,DRUSEN-034,val,DRUSEN,drusen,OS,.tif,2.039943218231201
DRUSEN/34/OS/006_Drusen.tif,DRUSEN-034,val,DRUSEN,drusen,OS,.tif,2.14847993850708
DRUSEN/34/OS/007_Normal.tif,DRUSEN-034,val,DRUSEN,normal,OS,.tif,2.056612491607666
DRUSEN/34/OS/008_Drusen.tif,DRUSEN-034,val,DRUSEN,drusen,OS,.tif,1.9927150011062622
DRUSEN/34/OS/009_Normal.tif,DRUSEN-034,val,DRUSEN,normal,OS,.tif,2.015141725540161
DRUSEN/34/OS/010_Normal.tif,DRUSEN-034,val,DRUSEN,normal,OS,.tif,2.0326080322265625
DRUSEN/34/OS/011_Normal.tif,DRUSEN-034,val,DRUSEN,normal,OS,.tif,2.112563371658325
DRUSEN/34/OS/012_Normal.tif,DRUSEN-034,val,DRUSEN,normal,OS,.tif,2.1224138736724854
DRUSEN/34/OS/013_Drusen.tif,DRUSEN-034,val,DRUSEN,drusen,OS,.tif,1.9682621955871582
DRUSEN/34/OS/014_Drusen.tif,DRUSEN-034,val,DRUSEN,drusen,OS,.tif,2.0116500854492188
DRUSEN/34/OS/015_Drusen.tif,DRUSEN-034,val,DRUSEN,drusen,OS,.tif,2.082463264465332
DRUSEN/34/OS/016_Drusen.tif,DRUSEN-034,val,DRUSEN,drusen,OS,.tif,2.306380271911621
DRUSEN/34/OS/017_Drusen.tif,DRUSEN-034,val,DRUSEN,drusen,OS,.tif,2.140828847885132
DRUSEN/34/OS/018_Drusen.tif,DRUSEN-034,val,DRUSEN,drusen,OS,.tif,2.3503293991088867
DRUSEN/34/OS/019_Drusen.tif,DRUSEN-034,val,DRUSEN,drusen,OS,.tif,2.204685688018799
DRUSEN/34/OS/020_Drusen.tif,DRUSEN-034,val,DRUSEN,drusen,OS,.tif,2.2417917251586914
DRUSEN/34/OS/021_Drusen.tif,DRUSEN-034,val,DRUSEN,drusen,OS,.tif,2.091097593307495
DRUSEN/34/OS/022_Drusen.tif,DRUSEN-034,val,DRUSEN,drusen,OS,.tif,2.0718772411346436
DRUSEN/34/OS/023_Drusen.tif,DRUSEN-034,val,DRUSEN,drusen,OS,.tif,1.9866288900375366
DRUSEN/34/OS/024_Drusen.tif,DRUSEN-034,val,DRUSEN,drusen,OS,.tif,2.008695363998413
DRUSEN/34/OS/025_Drusen.tif,DRUSEN-034,val,DRUSEN,drusen,OS,.tif,1.9711695909500122
DRUSEN/34/OS/026_Drusen.tif,DRUSEN-034,val,DRUSEN,drusen,OS,.tif,2.067946434020996
DRUSEN/34/OS/027_Normal.tif,DRUSEN-034,val,DRUSEN,normal,OS,.tif,2.0302467346191406
DRUSEN/34/OS/028_Normal.tif,DRUSEN-034,val,DRUSEN,normal,OS,.tif,2.070605754852295
DRUSEN/34/OS/029_Normal.tif,DRUSEN-034,val,DRUSEN,normal,OS,.tif,2.0925252437591553
DRUSEN/34/OS/030_Normal.tif,DRUSEN-034,val,DRUSEN,normal,OS,.tif,2.0790622234344482
DRUSEN/38/OD/000_Normal.jpg,DRUSEN-038,val,DRUSEN,normal,OD,.jpg,1.7405145168304443
DRUSEN/38/OD/001_Normal.jpg,DRUSEN-038,val,DRUSEN,normal,OD,.jpg,1.624549150466919
DRUSEN/38/OD/002_Normal.jpg,DRUSEN-038,val,DRUSEN,normal,OD,.jpg,1.6777061223983765
DRUSEN/38/OD/003_Normal.jpg,DRUSEN-038,val,DRUSEN,normal,OD,.jpg,1.697539210319519
DRUSEN/38/OD/004_Normal.jpg,DRUSEN-038,val,DRUSEN,normal,OD,.jpg,1.7297343015670776
DRUSEN/38/OD/005_Normal.jpg,DRUSEN-038,val,DRUSEN,normal,OD,.jpg,1.6726089715957642
DRUSEN/38/OD/006_Normal.jpg,DRUSEN-038,val,DRUSEN,normal,OD,.jpg,1.7232900857925415
DRUSEN/38/OD/007_Normal.jpg,DRUSEN-038,val,DRUSEN,normal,OD,.jpg,1.7492209672927856
DRUSEN/38/OD/008_Normal.jpg,DRUSEN-038,val,DRUSEN,normal,OD,.jpg,1.780626654624939
DRUSEN/38/OD/009_Drusen.jpg,DRUSEN-038,val,DRUSEN,drusen,OD,.jpg,1.8261016607284546
DRUSEN/38/OD/010_Drusen.jpg,DRUSEN-038,val,DRUSEN,drusen,OD,.jpg,1.7378889322280884
DRUSEN/38/OD/011_Drusen.jpg,DRUSEN-038,val,DRUSEN,drusen,OD,.jpg,1.7581517696380615
DRUSEN/38/OD/012_Drusen.jpg,DRUSEN-038,val,DRUSEN,drusen,OD,.jpg,1.7297171354293823
DRUSEN/38/OD/013_Drusen.jpg,DRUSEN-038,val,DRUSEN,drusen,OD,.jpg,1.8457386493682861
DRUSEN/38/OD/014_Drusen.jpg,DRUSEN-038,val,DRUSEN,drusen,OD,.jpg,1.7827279567718506
DRUSEN/38/OD/015_Drusen.jpg,DRUSEN-038,val,DRUSEN,drusen,OD,.jpg,1.8407758474349976
DRUSEN/38/OD/016_Drusen.jpg,DRUSEN-038,val,DRUSEN,drusen,OD,.jpg,1.801961898803711
DRUSEN/38/OD/017_Drusen.jpg,DRUSEN-038,val,DRUSEN,drusen,OD,.jpg,1.7101340293884277
DRUSEN/38/OD/018_Drusen.jpg,DRUSEN-038,val,DRUSEN,drusen,OD,.jpg,1.7932040691375732
DRUSEN/38/OD/019_Drusen.jpg,DRUSEN-038,val,DRUSEN,drusen,OD,.jpg,1.7774906158447266
DRUSEN/38/OD/020_Drusen.jpg,DRUSEN-038,val,DRUSEN,drusen,OD,.jpg,1.6495212316513062
DRUSEN/38/OD/021_Normal.jpg,DRUSEN-038,val,DRUSEN,normal,OD,.jpg,1.7260922193527222
DRUSEN/38/OD/022_Normal.jpg,DRUSEN-038,val,DRUSEN,normal,OD,.jpg,1.7816821336746216
DRUSEN/38/OD/023_Normal.jpg,DRUSEN-038,val,DRUSEN,normal,OD,.jpg,1.6494978666305542
DRUSEN/38/OD/024_Normal.jpg,DRUSEN-038,val,DRUSEN,normal,OD,.jpg,1.6200075149536133
DRUSEN/38/OD/025_Normal.jpg,DRUSEN-038,val,DRUSEN,normal,OD,.jpg,1.8545823097229004
DRUSEN/38/OD/026_Normal.jpg,DRUSEN-038,val,DRUSEN,normal,OD,.jpg,1.683546781539917
DRUSEN/38/OD/027_Normal.jpg,DRUSEN-038,val,DRUSEN,normal,OD,.jpg,1.6969903707504272
DRUSEN/38/OD/028_Normal.jpg,DRUSEN-038,val,DRUSEN,normal,OD,.jpg,1.810583472251892
DRUSEN/38/OD/029_Normal.jpg,DRUSEN-038,val,DRUSEN,normal,OD,.jpg,1.7377055883407593
DRUSEN/38/OD/030_Normal.jpg,DRUSEN-038,val,DRUSEN,normal,OD,.jpg,1.710857629776001
DRUSEN/38/OS/000_Normal.jpg,DRUSEN-038,val,DRUSEN,normal,OS,.jpg,1.899855375289917
DRUSEN/38/OS/001_Normal.jpg,DRUSEN-038,val,DRUSEN,normal,OS,.jpg,1.8901276588439941
DRUSEN/38/OS/002_Normal.jpg,DRUSEN-038,val,DRUSEN,normal,OS,.jpg,1.786723017692566
DRUSEN/38/OS/003_Normal.jpg,DRUSEN-038,val,DRUSEN,normal,OS,.jpg,1.8225290775299072
DRUSEN/38/OS/004_Normal.jpg,DRUSEN-038,val,DRUSEN,normal,OS,.jpg,1.794448971748352
DRUSEN/38/OS/005_Normal.jpg,DRUSEN-038,val,DRUSEN,normal,OS,.jpg,1.7694824934005737
DRUSEN/38/OS/006_Normal.jpg,DRUSEN-038,val,DRUSEN,normal,OS,.jpg,1.7515801191329956
DRUSEN/38/OS/007_Normal.jpg,DRUSEN-038,val,DRUSEN,normal,OS,.jpg,1.6598396301269531
DRUSEN/38/OS/008_Normal.jpg,DRUSEN-038,val,DRUSEN,normal,OS,.jpg,1.7055628299713135
DRUSEN/38/OS/009_Normal.jpg,DRUSEN-038,val,DRUSEN,normal,OS,.jpg,1.6651264429092407
DRUSEN/38/OS/010_Normal.jpg,DRUSEN-038,val,DRUSEN,normal,OS,.jpg,1.6615631580352783
DRUSEN/38/OS/011_Drusen.jpg,DRUSEN-038,val,DRUSEN,drusen,OS,.jpg,1.6680634021759033
DRUSEN/38/OS/012_Drusen.jpg,DRUSEN-038,val,DRUSEN,drusen,OS,.jpg,1.6513856649398804
DRUSEN/38/OS/013_Drusen.jpg,DRUSEN-038,val,DRUSEN,drusen,OS,.jpg,1.6799577474594116
DRUSEN/38/OS/014_Drusen.jpg,DRUSEN-038,val,DRUSEN,drusen,OS,.jpg,1.6629027128219604
DRUSEN/38/OS/015_Drusen.jpg,DRUSEN-038,val,DRUSEN,drusen,OS,.jpg,1.7771412134170532
DRUSEN/38/OS/016_Drusen.jpg,DRUSEN-038,val,DRUSEN,drusen,OS,.jpg,1.801053524017334
DRUSEN/38/OS/017_Drusen.jpg,DRUSEN-038,val,DRUSEN,drusen,OS,.jpg,1.8212109804153442
DRUSEN/38/OS/018_Drusen.jpg,DRUSEN-038,val,DRUSEN,drusen,OS,.jpg,1.892594337463379
DRUSEN/38/OS/019_Drusen.jpg,DRUSEN-038,val,DRUSEN,drusen,OS,.jpg,1.7628417015075684
DRUSEN/38/OS/020_Drusen.jpg,DRUSEN-038,val,DRUSEN,drusen,OS,.jpg,1.7024083137512207
DRUSEN/38/OS/021_Normal.jpg,DRUSEN-038,val,DRUSEN,normal,OS,.jpg,1.7044031620025635
DRUSEN/38/OS/022_Normal.jpg,DRUSEN-038,val,DRUSEN,normal,OS,.jpg,1.6478312015533447
DRUSEN/38/OS/023_Normal.jpg,DRUSEN-038,val,DRUSEN,normal,OS,.jpg,1.739392876625061
DRUSEN/38/OS/024_Normal.jpg,DRUSEN-038,val,DRUSEN,normal,OS,.jpg,1.7776482105255127
DRUSEN/38/OS/025_Normal.jpg,DRUSEN-038,val,DRUSEN,normal,OS,.jpg,1.7811086177825928
DRUSEN/38/OS/026_Normal.jpg,DRUSEN-038,val,DRUSEN,normal,OS,.jpg,1.868690848350525
DRUSEN/38/OS/027_Normal.jpg,DRUSEN-038,val,DRUSEN,normal,OS,.jpg,1.8775043487548828
DRUSEN/38/OS/028_Normal.jpg,DRUSEN-038,val,DRUSEN,normal,OS,.jpg,1.8185316324234009
DRUSEN/38/OS/029_Normal.jpg,DRUSEN-038,val,DRUSEN,normal,OS,.jpg,1.9691203832626343
DRUSEN/38/OS/030_Normal.jpg,DRUSEN-038,val,DRUSEN,normal,OS,.jpg,1.9565343856811523
DRUSEN/39/000_Normal.jpg,DRUSEN-039,val,DRUSEN,normal,OS,.jpg,1.6038230657577515
DRUSEN/39/001_Drusen.jpg,DRUSEN-039,val,DRUSEN,drusen,OS,.jpg,1.597063660621643
DRUSEN/39/002_Drusen.jpg,DRUSEN-039,val,DRUSEN,drusen,OS,.jpg,1.5969890356063843
DRUSEN/39/003_Drusen.jpg,DRUSEN-039,val,DRUSEN,drusen,OS,.jpg,1.6734130382537842
DRUSEN/39/004_Drusen.jpg,DRUSEN-039,val,DRUSEN,drusen,OS,.jpg,1.7740164995193481
DRUSEN/39/005_Drusen.jpg,DRUSEN-039,val,DRUSEN,drusen,OS,.jpg,1.7484886646270752
DRUSEN/39/006_Drusen.jpg,DRUSEN-039,val,DRUSEN,drusen,OS,.jpg,1.9428346157073975
DRUSEN/39/007_Drusen.jpg,DRUSEN-039,val,DRUSEN,drusen,OS,.jpg,1.8648595809936523
DRUSEN/39/008_Drusen.jpg,DRUSEN-039,val,DRUSEN,drusen,OS,.jpg,1.9783626794815063
DRUSEN/39/009_Drusen.jpg,DRUSEN-039,val,DRUSEN,drusen,OS,.jpg,1.9107332229614258
DRUSEN/39/010_Drusen.jpg,DRUSEN-039,val,DRUSEN,drusen,OS,.jpg,1.9009474515914917
DRUSEN/39/011_Drusen.jpg,DRUSEN-039,val,DRUSEN,drusen,OS,.jpg,1.8270021677017212
DRUSEN/39/012_Drusen.jpg,DRUSEN-039,val,DRUSEN,drusen,OS,.jpg,1.9393926858901978
DRUSEN/39/013_Drusen.jpg,DRUSEN-039,val,DRUSEN,drusen,OS,.jpg,1.8970580101013184
DRUSEN/39/014_Drusen.jpg,DRUSEN-039,val,DRUSEN,drusen,OS,.jpg,1.9017163515090942
DRUSEN/39/015_Drusen.jpg,DRUSEN-039,val,DRUSEN,drusen,OS,.jpg,1.8716717958450317
DRUSEN/39/016_Drusen.jpg,DRUSEN-039,val,DRUSEN,drusen,OS,.jpg,1.91986083984375
DRUSEN/39/017_Drusen.jpg,DRUSEN-039,val,DRUSEN,drusen,OS,.jpg,1.9004459381103516
DRUSEN/39/018_Drusen.jpg,DRUSEN-039,val,DRUSEN,drusen,OS,.jpg,1.916181206703186
DRUSEN/39/019_Drusen.jpg,DRUSEN-039,val,DRUSEN,drusen,OS,.jpg,1.9468551874160767
DRUSEN/39/020_Drusen.jpg,DRUSEN-039,val,DRUSEN,drusen,OS,.jpg,1.8660399913787842
DRUSEN/39/021_Drusen.jpg,DRUSEN-039,val,DRUSEN,drusen,OS,.jpg,1.8162893056869507
DRUSEN/39/022_Drusen.jpg,DRUSEN-039,val,DRUSEN,drusen,OS,.jpg,1.7520923614501953
DRUSEN/39/023_Drusen.jpg,DRUSEN-039,val,DRUSEN,drusen,OS,.jpg,1.7529829740524292
DRUSEN/39/024_Drusen.jpg,DRUSEN-039,val,DRUSEN,drusen,OS,.jpg,1.7879117727279663
DRUSEN/47/000_Normal.tif,DRUSEN-047,val,DRUSEN,normal,OS,.tif,1.9784200191497803
DRUSEN/47/001_Normal.tif,DRUSEN-047,val,DRUSEN,normal,OS,.tif,1.9570621252059937
DRUSEN/47/002_Normal.tif,DRUSEN-047,val,DRUSEN,normal,OS,.tif,1.8155486583709717
DRUSEN/47/003_Normal.tif,DRUSEN-047,val,DRUSEN,normal,OS,.tif,1.7351492643356323
DRUSEN/47/004_Normal.tif,DRUSEN-047,val,DRUSEN,normal,OS,.tif,1.739568829536438
DRUSEN/47/005_Normal.tif,DRUSEN-047,val,DRUSEN,normal,OS,.tif,1.8041465282440186
DRUSEN/47/006_Normal.tif,DRUSEN-047,val,DRUSEN,normal,OS,.tif,1.8814390897750854
DRUSEN/47/007_Normal.tif,DRUSEN-047,val,DRUSEN,normal,OS,.tif,1.9234081506729126
DRUSEN/47/008_Normal.tif,DRUSEN-047,val,DRUSEN,normal,OS,.tif,1.8582383394241333
DRUSEN/47/009_Normal.tif,DRUSEN-047,val,DRUSEN,normal,OS,.tif,1.8806967735290527
DRUSEN/47/010_Normal.tif,DRUSEN-047,val,DRUSEN,normal,OS,.tif,1.9097057580947876
DRUSEN/47/011_Normal.tif,DRUSEN-047,val,DRUSEN,normal,OS,.tif,2.1773393154144287
DRUSEN/47/012_Normal.tif,DRUSEN-047,val,DRUSEN,normal,OS,.tif,2.1533432006835938
DRUSEN/47/013_Normal.tif,DRUSEN-047,val,DRUSEN,normal,OS,.tif,2.164402723312378
DRUSEN/47/014_Drusen.tif,DRUSEN-047,val,DRUSEN,drusen,OS,.tif,2.4935972690582275
DRUSEN/47/015_Drusen.tif,DRUSEN-047,val,DRUSEN,drusen,OS,.tif,2.1141974925994873
DRUSEN/47/016_Drusen.tif,DRUSEN-047,val,DRUSEN,drusen,OS,.tif,2.0082035064697266
DRUSEN/47/017_Drusen.tif,DRUSEN-047,val,DRUSEN,drusen,OS,.tif,2.0976338386535645
DRUSEN/47/018_Normal.tif,DRUSEN-047,val,DRUSEN,normal,OS,.tif,2.0812876224517822
DRUSEN/47/019_Drusen.tif,DRUSEN-047,val,DRUSEN,drusen,OS,.tif,2.3757989406585693
DRUSEN/47/020_Normal.tif,DRUSEN-047,val,DRUSEN,normal,OS,.tif,1.9775071144104004
DRUSEN/47/021_Normal.tif,DRUSEN-047,val,DRUSEN,normal,OS,.tif,1.967117428779602
DRUSEN/47/022_Normal.tif,DRUSEN-047,val,DRUSEN,normal,OS,.tif,1.8556426763534546
DRUSEN/47/023_Normal.tif,DRUSEN-047,val,DRUSEN,normal,OS,.tif,1.89944326877594
DRUSEN/47/024_Normal.tif,DRUSEN-047,val,DRUSEN,normal,OS,.tif,1.8479053974151611
DRUSEN/47/025_Normal.tif,DRUSEN-047,val,DRUSEN,normal,OS,.tif,1.94517183303833
DRUSEN/47/026_Normal.tif,DRUSEN-047,val,DRUSEN,normal,OS,.tif,1.900527000427246
DRUSEN/47/027_Normal.tif,DRUSEN-047,val,DRUSEN,normal,OS,.tif,1.9336024522781372
DRUSEN/47/028_Normal.tif,DRUSEN-047,val,DRUSEN,normal,OS,.tif,1.9508874416351318
DRUSEN/47/029_Normal.tif,DRUSEN-047,val,DRUSEN,normal,OS,.tif,1.9946311712265015
DRUSEN/47/030_Normal.tif,DRUSEN-047,val,DRUSEN,normal,OS,.tif,2.025097370147705
DRUSEN/51/000_Normal.tif,DRUSEN-051,val,DRUSEN,normal,OD,.tif,1.4898780584335327
DRUSEN/51/001_Normal.tif,DRUSEN-051,val,DRUSEN,normal,OD,.tif,1.5439858436584473
DRUSEN/51/002_Normal.tif,DRUSEN-051,val,DRUSEN,normal,OD,.tif,1.579727053642273
DRUSEN/51/003_Drusen.tif,DRUSEN-051,val,DRUSEN,drusen,OD,.tif,1.7031843662261963
DRUSEN/51/004_Drusen.tif,DRUSEN-051,val,DRUSEN,drusen,OD,.tif,2.2973475456237793
DRUSEN/51/005_Drusen.tif,DRUSEN-051,val,DRUSEN,drusen,OD,.tif,2.0537540912628174
DRUSEN/51/006_Drusen.tif,DRUSEN-051,val,DRUSEN,drusen,OD,.tif,1.8967429399490356
DRUSEN/51/007_Drusen.tif,DRUSEN-051,val,DRUSEN,drusen,OD,.tif,1.8827176094055176
DRUSEN/51/008_Drusen.tif,DRUSEN-051,val,DRUSEN,drusen,OD,.tif,1.7738828659057617
DRUSEN/51/009_Drusen.tif,DRUSEN-051,val,DRUSEN,drusen,OD,.tif,1.791763186454773
DRUSEN/51/010_Drusen.tif,DRUSEN-051,val,DRUSEN,drusen,OD,.tif,1.9020671844482422
DRUSEN/51/011_Drusen.tif,DRUSEN-051,val,DRUSEN,drusen,OD,.tif,1.909590721130371
DRUSEN/51/012_Drusen.tif,DRUSEN-051,val,DRUSEN,drusen,OD,.tif,1.9812878370285034
DRUSEN/51/013_Drusen.tif,DRUSEN-051,val,DRUSEN,drusen,OD,.tif,1.8052761554718018
DRUSEN/51/014_Drusen.tif,DRUSEN-051,val,DRUSEN,drusen,OD,.tif,1.9279727935791016
DRUSEN/51/015_Drusen.tif,DRUSEN-051,val,DRUSEN,drusen,OD,.tif,1.843174695968628
DRUSEN/51/016_Drusen.tif,DRUSEN-051,val,DRUSEN,drusen,OD,.tif,1.9561940431594849
DRUSEN/51/017_Drusen.tif,DRUSEN-051,val,DRUSEN,drusen,OD,.tif,1.9391522407531738
DRUSEN/51/018_Drusen.tif,DRUSEN-051,val,DRUSEN,drusen,OD,.tif,1.9239521026611328
DRUSEN/51/019_Drusen.tif,DRUSEN-051,val,DRUSEN,drusen,OD,.tif,1.9711652994155884
DRUSEN/51/020_Drusen.tif,DRUSEN-051,val,DRUSEN,drusen,OD,.tif,1.816739797592163
DRUSEN/51/021_Drusen.tif,DRUSEN-051,val,DRUSEN,drusen,OD,.tif,1.7279775142669678
DRUSEN/51/022_Drusen.tif,DRUSEN-051,val,DRUSEN,drusen,OD,.tif,1.6614540815353394
DRUSEN/51/023_Drusen.tif,DRUSEN-051,val,DRUSEN,drusen,OD,.tif,1.767189383506775
DRUSEN/51/024_Drusen.tif,DRUSEN-051,val,DRUSEN,drusen,OD,.tif,1.5820249319076538
DRUSEN/51/025_Drusen.tif,DRUSEN-051,val,DRUSEN,drusen,OD,.tif,1.7221394777297974
DRUSEN/51/026_Drusen.tif,DRUSEN-051,val,DRUSEN,drusen,OD,.tif,1.7726984024047852
DRUSEN/51/027_Drusen.tif,DRUSEN-051,val,DRUSEN,drusen,OD,.tif,1.7538143396377563
DRUSEN/51/028_Drusen.tif,DRUSEN-051,val,DRUSEN,drusen,OD,.tif,1.8110102415084839
DRUSEN/51/029_Drusen.tif,DRUSEN-051,val,DRUSEN,drusen,OD,.tif,1.9193589687347412
DRUSEN/51/030_Drusen.tif,DRUSEN-051,val,DRUSEN,drusen,OD,.tif,1.8003641366958618
DRUSEN/53/000_Drusen.tif,DRUSEN-053,val,DRUSEN,drusen,OS,.tif,2.061943531036377
DRUSEN/53/001_Normal.tif,DRUSEN-053,val,DRUSEN,normal,OS,.tif,2.166700601577759
DRUSEN/53/002_Normal.tif,DRUSEN-053,val,DRUSEN,normal,OS,.tif,1.9320622682571411
DRUSEN/53/003_Normal.tif,DRUSEN-053,val,DRUSEN,normal,OS,.tif,1.8319082260131836
DRUSEN/53/004_Normal.tif,DRUSEN-053,val,DRUSEN,normal,OS,.tif,1.719933271408081
DRUSEN/53/005_Normal.tif,DRUSEN-053,val,DRUSEN,normal,OS,.tif,1.952378511428833
DRUSEN/53/006_Normal.tif,DRUSEN-053,val,DRUSEN,normal,OS,.tif,1.8742952346801758
DRUSEN/53/007_Normal.tif,DRUSEN-053,val,DRUSEN,normal,OS,.tif,2.029644012451172
DRUSEN/53/008_Normal.tif,DRUSEN-053,val,DRUSEN,normal,OS,.tif,2.074815273284912
DRUSEN/53/009_Normal.tif,DRUSEN-053,val,DRUSEN,normal,OS,.tif,1.9110268354415894
DRUSEN/53/010_Normal.tif,DRUSEN-053,val,DRUSEN,normal,OS,.tif,1.7662341594696045
DRUSEN/53/011_Normal.tif,DRUSEN-053,val,DRUSEN,normal,OS,.tif,1.916513442993164
DRUSEN/53/012_Normal.tif,DRUSEN-053,val,DRUSEN,normal,OS,.tif,1.9110565185546875
DRUSEN/53/013_Drusen.tif,DRUSEN-053,val,DRUSEN,drusen,OS,.tif,1.989028811454773
DRUSEN/53/014_Drusen.tif,DRUSEN-053,val,DRUSEN,drusen,OS,.tif,1.994246244430542
DRUSEN/53/015_Drusen.tif,DRUSEN-053,val,DRUSEN,drusen,OS,.tif,1.9081528186798096
DRUSEN/53/016_Drusen.tif,DRUSEN-053,val,DRUSEN,drusen,OS,.tif,1.8350197076797485
DRUSEN/53/017_Drusen.tif,DRUSEN-053,val,DRUSEN,drusen,OS,.tif,1.9249818325042725
DRUSEN/53/018_Drusen.tif,DRUSEN-053,val,DRUSEN,drusen,OS,.tif,2.1011195182800293
DRUSEN/53/019_Drusen.tif,DRUSEN-053,val,DRUSEN,drusen,OS,.tif,1.9216718673706055
DRUSEN/53/020_Drusen.tif,DRUSEN-053,val,DRUSEN,drusen,OS,.tif,2.3099284172058105
DRUSEN/53/021_Drusen.tif,DRUSEN-053,val,DRUSEN,drusen,OS,.tif,2.4507691860198975
DRUSEN/53/022_Drusen.tif,DRUSEN-053,val,DRUSEN,drusen,OS,.tif,2.254878044128418
DRUSEN/53/023_Drusen.tif,DRUSEN-053,val,DRUSEN,drusen,OS,.tif,2.2018284797668457
DRUSEN/53/024_Drusen.tif,DRUSEN-053,val,DRUSEN,drusen,OS,.tif,2.342913866043091
DRUSEN/53/025_Drusen.tif,DRUSEN-053,val,DRUSEN,drusen,OS,.tif,2.314885377883911
DRUSEN/55/000_Normal.tif,DRUSEN-055,val,DRUSEN,normal,OD,.tif,1.5646936893463135
DRUSEN/55/001_Normal.tif,DRUSEN-055,val,DRUSEN,normal,OD,.tif,1.5335438251495361
DRUSEN/55/002_Normal.tif,DRUSEN-055,val,DRUSEN,normal,OD,.tif,1.6000925302505493
DRUSEN/55/003_Normal.tif,DRUSEN-055,val,DRUSEN,normal,OD,.tif,1.5864098072052002
DRUSEN/55/004_Normal.tif,DRUSEN-055,val,DRUSEN,normal,OD,.tif,1.4621734619140625
DRUSEN/55/005_Normal.tif,DRUSEN-055,val,DRUSEN,normal,OD,.tif,1.392250657081604
DRUSEN/55/006_Normal.tif,DRUSEN-055,val,DRUSEN,normal,OD,.tif,1.4303404092788696
DRUSEN/55/007_Normal.tif,DRUSEN-055,val,DRUSEN,normal,OD,.tif,1.5191552639007568
DRUSEN/55/008_Normal.tif,DRUSEN-055,val,DRUSEN,normal,OD,.tif,1.5338796377182007
DRUSEN/55/009_Normal.tif,DRUSEN-055,val,DRUSEN,normal,OD,.tif,1.4902980327606201
DRUSEN/55/010_Drusen.tif,DRUSEN-055,val,DRUSEN,drusen,OD,.tif,1.4529510736465454
DRUSEN/55/011_Drusen.tif,DRUSEN-055,val,DRUSEN,drusen,OD,.tif,1.4053630828857422
DRUSEN/55/012_Drusen.tif,DRUSEN-055,val,DRUSEN,drusen,OD,.tif,1.461828351020813
DRUSEN/55/013_Drusen.tif,DRUSEN-055,val,DRUSEN,drusen,OD,.tif,1.6410256624221802
DRUSEN/55/014_Normal.tif,DRUSEN-055,val,DRUSEN,normal,OD,.tif,1.608915090560913
DRUSEN/55/015_Normal.tif,DRUSEN-055,val,DRUSEN,normal,OD,.tif,1.4896659851074219
DRUSEN/55/016_Normal.tif,DRUSEN-055,val,DRUSEN,normal,OD,.tif,1.4457639455795288
DRUSEN/55/017_Normal.tif,DRUSEN-055,val,DRUSEN,normal,OD,.tif,1.3530725240707397
DRUSEN/55/018_Normal.tif,DRUSEN-055,val,DRUSEN,normal,OD,.tif,1.401512622833252
DRUSEN/55/019_Normal.tif,DRUSEN-055,val,DRUSEN,normal,OD,.tif,1.3807836771011353
DRUSEN/55/020_Normal.tif,DRUSEN-055,val,DRUSEN,normal,OD,.tif,1.4214764833450317
DRUSEN/55/021_Normal.tif,DRUSEN-055,val,DRUSEN,normal,OD,.tif,1.363128900527954
DRUSEN/55/022_Normal.tif,DRUSEN-055,val,DRUSEN,normal,OD,.tif,1.428781270980835
DRUSEN/55/023_Normal.tif,DRUSEN-055,val,DRUSEN,normal,OD,.tif,1.3960511684417725
DRUSEN/55/024_Normal.tif,DRUSEN-055,val,DRUSEN,normal,OD,.tif,1.4930894374847412
DRUSEN/55/025_Normal.tif,DRUSEN-055,val,DRUSEN,normal,OD,.tif,1.4713152647018433
DRUSEN/55/026_Normal.tif,DRUSEN-055,val,DRUSEN,normal,OD,.tif,1.5356149673461914
DRUSEN/55/027_Normal.tif,DRUSEN-055,val,DRUSEN,normal,OD,.tif,1.566062092781067
DRUSEN/55/028_Normal.tif,DRUSEN-055,val,DRUSEN,normal,OD,.tif,1.5208487510681152
DRUSEN/55/029_Normal.tif,DRUSEN-055,val,DRUSEN,normal,OD,.tif,1.5714877843856812
DRUSEN/55/030_Normal.tif,DRUSEN-055,val,DRUSEN,normal,OD,.tif,1.739109992980957
DRUSEN/57/000_Normal.tif,DRUSEN-057,val,DRUSEN,normal,OS,.tif,1.8767969608306885
DRUSEN/57/001_Normal.tif,DRUSEN-057,val,DRUSEN,normal,OS,.tif,1.9162837266921997
DRUSEN/57/002_Normal.tif,DRUSEN-057,val,DRUSEN,normal,OS,.tif,1.8013455867767334
DRUSEN/57/003_Normal.tif,DRUSEN-057,val,DRUSEN,normal,OS,.tif,1.987898588180542
DRUSEN/57/004_Drusen.tif,DRUSEN-057,val,DRUSEN,drusen,OS,.tif,1.9281691312789917
DRUSEN/57/005_Normal.tif,DRUSEN-057,val,DRUSEN,normal,OS,.tif,1.915915846824646
DRUSEN/57/006_Normal.tif,DRUSEN-057,val,DRUSEN,normal,OS,.tif,1.865717887878418
DRUSEN/57/007_Normal.tif,DRUSEN-057,val,DRUSEN,normal,OS,.tif,1.9728422164916992
DRUSEN/57/008_Normal.tif,DRUSEN-057,val,DRUSEN,normal,OS,.tif,1.9531306028366089
DRUSEN/57/009_Normal.tif,DRUSEN-057,val,DRUSEN,normal,OS,.tif,1.8529952764511108
DRUSEN/57/010_Normal.tif,DRUSEN-057,val,DRUSEN,normal,OS,.tif,1.9567303657531738
DRUSEN/57/011_Drusen.tif,DRUSEN-057,val,DRUSEN,drusen,OS,.tif,1.8288602828979492
DRUSEN/57/012_Normal.tif,DRUSEN-057,val,DRUSEN,normal,OS,.tif,1.8156676292419434
DRUSEN/57/013_Drusen.tif,DRUSEN-057,val,DRUSEN,drusen,OS,.tif,1.8718942403793335
DRUSEN/57/014_Drusen.tif,DRUSEN-057,val,DRUSEN,drusen,OS,.tif,1.958070158958435
DRUSEN/57/015_Drusen.tif,DRUSEN-057,val,DRUSEN,drusen,OS,.tif,2.0124523639678955
DRUSEN/57/016_Drusen.tif,DRUSEN-057,val,DRUSEN,drusen,OS,.tif,1.985100269317627
DRUSEN/57/017_Drusen.tif,DRUSEN-057,val,DRUSEN,drusen,OS,.tif,2.039663791656494
DRUSEN/57/018_Drusen.tif,DRUSEN-057,val,DRUSEN,drusen,OS,.tif,2.0617005825042725
DRUSEN/57/019_Drusen.tif,DRUSEN-057,val,DRUSEN,drusen,OS,.tif,2.1600747108459473
DRUSEN/57/020_Drusen.tif,DRUSEN-057,val,DRUSEN,drusen,OS,.tif,2.1064281463623047
DRUSEN/57/021_Normal.tif,DRUSEN-057,val,DRUSEN,normal,OS,.tif,2.087979555130005
DRUSEN/57/022_Normal.tif,DRUSEN-057,val,DRUSEN,normal,OS,.tif,1.8896610736846924
DRUSEN/57/023_Normal.tif,DRUSEN-057,val,DRUSEN,normal,OS,.tif,2.1086654663085938
DRUSEN/57/024_Normal.tif,DRUSEN-057,val,DRUSEN,normal,OS,.tif,1.9268288612365723
DRUSEN/57/025_Normal.tif,DRUSEN-057,val,DRUSEN,normal,OS,.tif,1.86188542842865
DRUSEN/57/026_Normal.tif,DRUSEN-057,val,DRUSEN,normal,OS,.tif,1.8390705585479736
DRUSEN/57/027_Normal.tif,DRUSEN-057,val,DRUSEN,normal,OS,.tif,1.8781448602676392
DRUSEN/57/028_Normal.tif,DRUSEN-057,val,DRUSEN,normal,OS,.tif,1.9541887044906616
DRUSEN/57/029_Normal.tif,DRUSEN-057,val,DRUSEN,normal,OS,.tif,1.9405933618545532
DRUSEN/57/030_Normal.tif,DRUSEN-057,val,DRUSEN,normal,OS,.tif,1.906722068786621
DRUSEN/63/000_Normal.tif,DRUSEN-063,val,DRUSEN,normal,OD,.tif,1.8636382818222046
DRUSEN/63/001_Normal.tif,DRUSEN-063,val,DRUSEN,normal,OD,.tif,1.9223841428756714
DRUSEN/63/002_Normal.tif,DRUSEN-063,val,DRUSEN,normal,OD,.tif,1.9354709386825562
DRUSEN/63/003_Normal.tif,DRUSEN-063,val,DRUSEN,normal,OD,.tif,1.9057079553604126
DRUSEN/63/004_Drusen.tif,DRUSEN-063,val,DRUSEN,drusen,OD,.tif,1.9741235971450806
DRUSEN/63/005_Drusen.tif,DRUSEN-063,val,DRUSEN,drusen,OD,.tif,1.798761010169983
DRUSEN/63/006_Drusen.tif,DRUSEN-063,val,DRUSEN,drusen,OD,.tif,1.9681166410446167
DRUSEN/63/007_Drusen.tif,DRUSEN-063,val,DRUSEN,drusen,OD,.tif,1.9490915536880493
DRUSEN/63/008_Drusen.tif,DRUSEN-063,val,DRUSEN,drusen,OD,.tif,2.0671496391296387
DRUSEN/63/009_Drusen.tif,DRUSEN-063,val,DRUSEN,drusen,OD,.tif,1.841711163520813
DRUSEN/63/010_Drusen.tif,DRUSEN-063,val,DRUSEN,drusen,OD,.tif,1.8015352487564087
DRUSEN/63/011_Drusen.tif,DRUSEN-063,val,DRUSEN,drusen,OD,.tif,1.8410815000534058
DRUSEN/63/012_Drusen.tif,DRUSEN-063,val,DRUSEN,drusen,OD,.tif,1.8431923389434814
DRUSEN/63/013_Drusen.tif,DRUSEN-063,val,DRUSEN,drusen,OD,.tif,2.1580123901367188
DRUSEN/63/014_Drusen.tif,DRUSEN-063,val,DRUSEN,drusen,OD,.tif,1.6430597305297852
DRUSEN/63/015_Drusen.tif,DRUSEN-063,val,DRUSEN,drusen,OD,.tif,1.8748670816421509
DRUSEN/63/016_Drusen.tif,DRUSEN-063,val,DRUSEN,drusen,OD,.tif,1.5015519857406616
DRUSEN/63/017_Drusen.tif,DRUSEN-063,val,DRUSEN,drusen,OD,.tif,1.6346865892410278
DRUSEN/63/018_Drusen.tif,DRUSEN-063,val,DRUSEN,drusen,OD,.tif,1.7369166612625122
DRUSEN/63/019_Drusen.tif,DRUSEN-063,val,DRUSEN,drusen,OD,.tif,1.5757384300231934
DRUSEN/63/020_Drusen.tif,DRUSEN-063,val,DRUSEN,drusen,OD,.tif,1.6609495878219604
DRUSEN/63/021_Drusen.tif,DRUSEN-063,val,DRUSEN,drusen,OD,.tif,1.6201952695846558
DRUSEN/63/022_Drusen.tif,DRUSEN-063,val,DRUSEN,drusen,OD,.tif,1.6203179359436035
DRUSEN/63/023_Drusen.tif,DRUSEN-063,val,DRUSEN,drusen,OD,.tif,1.6749542951583862
DRUSEN/63/024_Drusen.tif,DRUSEN-063,val,DRUSEN,drusen,OD,.tif,1.7343469858169556
DRUSEN/63/025_Drusen.tif,DRUSEN-063,val,DRUSEN,drusen,OD,.tif,1.648014783859253
DRUSEN/63/026_Drusen.tif,DRUSEN-063,val,DRUSEN,drusen,OD,.tif,1.8295512199401855
DRUSEN/67/000_Drusen.tif,DRUSEN-067,val,DRUSEN,drusen,OD,.tif,1.6529583930969238
DRUSEN/67/001_Drusen.tif,DRUSEN-067,val,DRUSEN,drusen,OD,.tif,1.6445434093475342
DRUSEN/67/002_Drusen.tif,DRUSEN-067,val,DRUSEN,drusen,OD,.tif,1.6579501628875732
DRUSEN/67/003_Drusen.tif,DRUSEN-067,val,DRUSEN,drusen,OD,.tif,1.717197060585022
DRUSEN/67/004_Drusen.tif,DRUSEN-067,val,DRUSEN,drusen,OD,.tif,1.715914249420166
DRUSEN/67/005_Drusen.tif,DRUSEN-067,val,DRUSEN,drusen,OD,.tif,1.768192172050476
DRUSEN/67/006_Drusen.tif,DRUSEN-067,val,DRUSEN,drusen,OD,.tif,1.873255968093872
DRUSEN/67/007_Drusen.tif,DRUSEN-067,val,DRUSEN,drusen,OD,.tif,2.038062810897827
DRUSEN/67/008_Drusen.tif,DRUSEN-067,val,DRUSEN,drusen,OD,.tif,2.0674662590026855
DRUSEN/67/009_Drusen.tif,DRUSEN-067,val,DRUSEN,drusen,OD,.tif,1.9331042766571045
DRUSEN/67/010_Drusen.tif,DRUSEN-067,val,DRUSEN,drusen,OD,.tif,1.6675364971160889
DRUSEN/67/011_Drusen.tif,DRUSEN-067,val,DRUSEN,drusen,OD,.tif,1.7095263004302979
DRUSEN/67/012_Drusen.tif,DRUSEN-067,val,DRUSEN,drusen,OD,.tif,1.7292444705963135
DRUSEN/67/013_Drusen.tif,DRUSEN-067,val,DRUSEN,drusen,OD,.tif,1.7570431232452393
DRUSEN/67/014_Drusen.tif,DRUSEN-067,val,DRUSEN,drusen,OD,.tif,1.8044770956039429
DRUSEN/67/015_Drusen.tif,DRUSEN-067,val,DRUSEN,drusen,OD,.tif,1.7376375198364258
DRUSEN/67/016_Drusen.tif,DRUSEN-067,val,DRUSEN,drusen,OD,.tif,1.7068394422531128
DRUSEN/67/017_Drusen.tif,DRUSEN-067,val,DRUSEN,drusen,OD,.tif,1.6469699144363403
DRUSEN/67/018_Drusen.tif,DRUSEN-067,val,DRUSEN,drusen,OD,.tif,1.7167205810546875
DRUSEN/67/019_Drusen.tif,DRUSEN-067,val,DRUSEN,drusen,OD,.tif,1.7519385814666748
DRUSEN/67/020_Drusen.tif,DRUSEN-067,val,DRUSEN,drusen,OD,.tif,1.7942394018173218
DRUSEN/67/021_Drusen.tif,DRUSEN-067,val,DRUSEN,drusen,OD,.tif,1.790754795074463
DRUSEN/67/022_Drusen.tif,DRUSEN-067,val,DRUSEN,drusen,OD,.tif,1.7556958198547363
DRUSEN/67/023_Drusen.tif,DRUSEN-067,val,DRUSEN,drusen,OD,.tif,1.7721879482269287
DRUSEN/67/024_Drusen.tif,DRUSEN-067,val,DRUSEN,drusen,OD,.tif,1.7764599323272705
DRUSEN/67/025_Drusen.tif,DRUSEN-067,val,DRUSEN,drusen,OD,.tif,1.7519443035125732
DRUSEN/67/026_Drusen.tif,DRUSEN-067,val,DRUSEN,drusen,OD,.tif,1.7182846069335938
DRUSEN/67/027_Drusen.tif,DRUSEN-067,val,DRUSEN,drusen,OD,.tif,1.7111252546310425
DRUSEN/67/028_Drusen.tif,DRUSEN-067,val,DRUSEN,drusen,OD,.tif,1.6511459350585938
DRUSEN/67/029_Drusen.tif,DRUSEN-067,val,DRUSEN,drusen,OD,.tif,1.6509912014007568
DRUSEN/67/030_Drusen.tif,DRUSEN-067,val,DRUSEN,drusen,OD,.tif,1.561997413635254
DRUSEN/69/000_Normal.tif,DRUSEN-069,val,DRUSEN,normal,OD,.tif,2.296985387802124
DRUSEN/69/001_Normal.tif,DRUSEN-069,val,DRUSEN,normal,OD,.tif,2.6642866134643555
DRUSEN/69/002_Normal.tif,DRUSEN-069,val,DRUSEN,normal,OD,.tif,2.5997421741485596
DRUSEN/69/003_Normal.tif,DRUSEN-069,val,DRUSEN,normal,OD,.tif,2.758409261703491
DRUSEN/69/004_Normal.tif,DRUSEN-069,val,DRUSEN,normal,OD,.tif,2.6018190383911133
DRUSEN/69/005_Drusen.tif,DRUSEN-069,val,DRUSEN,drusen,OD,.tif,2.639601945877075
DRUSEN/69/006_Drusen.tif,DRUSEN-069,val,DRUSEN,drusen,OD,.tif,2.835073232650757
DRUSEN/69/007_Drusen.tif,DRUSEN-069,val,DRUSEN,drusen,OD,.tif,2.5629630088806152
DRUSEN/69/008_Drusen.tif,DRUSEN-069,val,DRUSEN,drusen,OD,.tif,2.4010937213897705
DRUSEN/69/009_Drusen.tif,DRUSEN-069,val,DRUSEN,drusen,OD,.tif,2.3948025703430176
DRUSEN/69/010_Drusen.tif,DRUSEN-069,val,DRUSEN,drusen,OD,.tif,2.375551462173462
DRUSEN/69/011_Drusen.tif,DRUSEN-069,val,DRUSEN,drusen,OD,.tif,2.2729098796844482
DRUSEN/69/012_Drusen.tif,DRUSEN-069,val,DRUSEN,drusen,OD,.tif,1.9851000308990479
DRUSEN/69/013_Drusen.tif,DRUSEN-069,val,DRUSEN,drusen,OD,.tif,2.0185606479644775
DRUSEN/69/014_Drusen.tif,DRUSEN-069,val,DRUSEN,drusen,OD,.tif,2.0407466888427734
DRUSEN/69/015_Drusen.tif,DRUSEN-069,val,DRUSEN,drusen,OD,.tif,2.0010645389556885
DRUSEN/69/016_Drusen.tif,DRUSEN-069,val,DRUSEN,drusen,OD,.tif,2.0183913707733154
DRUSEN/69/017_Drusen.tif,DRUSEN-069,val,DRUSEN,drusen,OD,.tif,1.8245553970336914
DRUSEN/69/018_Drusen.tif,DRUSEN-069,val,DRUSEN,drusen,OD,.tif,1.9559820890426636
DRUSEN/69/019_Drusen.tif,DRUSEN-069,val,DRUSEN,drusen,OD,.tif,1.9526405334472656
DRUSEN/69/020_Drusen.tif,DRUSEN-069,val,DRUSEN,drusen,OD,.tif,1.784886360168457
DRUSEN/69/021_Drusen.tif,DRUSEN-069,val,DRUSEN,drusen,OD,.tif,1.850158929824829
DRUSEN/69/022_Drusen.tif,DRUSEN-069,val,DRUSEN,drusen,OD,.tif,1.7904455661773682
DRUSEN/69/023_Drusen.tif,DRUSEN-069,val,DRUSEN,drusen,OD,.tif,1.8883466720581055
DRUSEN/69/024_Drusen.tif,DRUSEN-069,val,DRUSEN,drusen,OD,.tif,2.2114627361297607
DRUSEN/69/025_Drusen.tif,DRUSEN-069,val,DRUSEN,drusen,OD,.tif,1.916899561882019
DRUSEN/69/026_Drusen.tif,DRUSEN-069,val,DRUSEN,drusen,OD,.tif,2.031503200531006
DRUSEN/69/027_Drusen.tif,DRUSEN-069,val,DRUSEN,drusen,OD,.tif,1.9116151332855225
DRUSEN/69/028_Drusen.tif,DRUSEN-069,val,DRUSEN,drusen,OD,.tif,1.9891715049743652
DRUSEN/69/029_Drusen.tif,DRUSEN-069,val,DRUSEN,drusen,OD,.tif,2.015904664993286
DRUSEN/69/030_Drusen.tif,DRUSEN-069,val,DRUSEN,drusen,OD,.tif,2.0169427394866943
DRUSEN/82/OD/000_Normal.tif,DRUSEN-082,val,DRUSEN,normal,OD,.tif,1.9043192863464355
DRUSEN/82/OD/001_Normal.tif,DRUSEN-082,val,DRUSEN,normal,OD,.tif,1.7942566871643066
DRUSEN/82/OD/002_Normal.tif,DRUSEN-082,val,DRUSEN,normal,OD,.tif,1.7912631034851074
DRUSEN/82/OD/003_Normal.tif,DRUSEN-082,val,DRUSEN,normal,OD,.tif,1.7484019994735718
DRUSEN/82/OD/004_Normal.tif,DRUSEN-082,val,DRUSEN,normal,OD,.tif,1.8559114933013916
DRUSEN/82/OD/005_Normal.tif,DRUSEN-082,val,DRUSEN,normal,OD,.tif,1.9113491773605347
DRUSEN/82/OD/006_Normal.tif,DRUSEN-082,val,DRUSEN,normal,OD,.tif,1.8379240036010742
DRUSEN/82/OD/007_Normal.tif,DRUSEN-082,val,DRUSEN,normal,OD,.tif,1.963104248046875
DRUSEN/82/OD/008_Normal.tif,DRUSEN-082,val,DRUSEN,normal,OD,.tif,1.896286964416504
DRUSEN/82/OD/009_Normal.tif,DRUSEN-082,val,DRUSEN,normal,OD,.tif,1.79860258102417
DRUSEN/82/OD/010_Drusen.tif,DRUSEN-082,val,DRUSEN,drusen,OD,.tif,1.7821974754333496
DRUSEN/82/OD/011_Drusen.tif,DRUSEN-082,val,DRUSEN,drusen,OD,.tif,1.906619668006897
DRUSEN/82/OD/012_Drusen.tif,DRUSEN-082,val,DRUSEN,drusen,OD,.tif,1.8814449310302734
DRUSEN/82/OD/013_Drusen.tif,DRUSEN-082,val,DRUSEN,drusen,OD,.tif,2.014838457107544
DRUSEN/82/OD/014_Drusen.tif,DRUSEN-082,val,DRUSEN,drusen,OD,.tif,2.096755266189575
DRUSEN/82/OD/015_Drusen.tif,DRUSEN-082,val,DRUSEN,drusen,OD,.tif,2.1418018341064453
DRUSEN/82/OD/016_Drusen.tif,DRUSEN-082,val,DRUSEN,drusen,OD,.tif,2.2911486625671387
DRUSEN/82/OD/017_Drusen.tif,DRUSEN-082,val,DRUSEN,drusen,OD,.tif,2.15801739692688
DRUSEN/82/OD/018_Drusen.tif,DRUSEN-082,val,DRUSEN,drusen,OD,.tif,2.1828339099884033
DRUSEN/82/OD/019_Drusen.tif,DRUSEN-082,val,DRUSEN,drusen,OD,.tif,1.995089054107666
DRUSEN/82/OD/020_Drusen.tif,DRUSEN-082,val,DRUSEN,drusen,OD,.tif,1.919371247291565
DRUSEN/82/OD/021_Drusen.tif,DRUSEN-082,val,DRUSEN,drusen,OD,.tif,1.8568811416625977
DRUSEN/82/OD/022_Normal.tif,DRUSEN-082,val,DRUSEN,normal,OD,.tif,1.8041647672653198
DRUSEN/82/OD/023_Normal.tif,DRUSEN-082,val,DRUSEN,normal,OD,.tif,1.8134756088256836
DRUSEN/82/OD/024_Normal.tif,DRUSEN-082,val,DRUSEN,normal,OD,.tif,1.7654472589492798
DRUSEN/82/OD/025_Normal.tif,DRUSEN-082,val,DRUSEN,normal,OD,.tif,1.8285176753997803
DRUSEN/82/OD/026_Normal.tif,DRUSEN-082,val,DRUSEN,normal,OD,.tif,1.9202669858932495
DRUSEN/82/OD/027_Normal.tif,DRUSEN-082,val,DRUSEN,normal,OD,.tif,1.9581515789031982
DRUSEN/82/OS/000_Normal.tif,DRUSEN-082,val,DRUSEN,normal,OS,.tif,1.5420156717300415
DRUSEN/82/OS/001_Normal.tif,DRUSEN-082,val,DRUSEN,normal,OS,.tif,1.5874842405319214
DRUSEN/82/OS/002_Normal.tif,DRUSEN-082,val,DRUSEN,normal,OS,.tif,1.5418163537979126
DRUSEN/82/OS/003_Normal.tif,DRUSEN-082,val,DRUSEN,normal,OS,.tif,1.5187387466430664
DRUSEN/82/OS/004_Normal.tif,DRUSEN-082,val,DRUSEN,normal,OS,.tif,1.5978864431381226
DRUSEN/82/OS/005_Normal.tif,DRUSEN-082,val,DRUSEN,normal,OS,.tif,1.5317435264587402
DRUSEN/82/OS/006_Normal.tif,DRUSEN-082,val,DRUSEN,normal,OS,.tif,1.5884976387023926
DRUSEN/82/OS/007_Normal.tif,DRUSEN-082,val,DRUSEN,normal,OS,.tif,1.6625338792800903
DRUSEN/82/OS/008_Normal.tif,DRUSEN-082,val,DRUSEN,normal,OS,.tif,1.944020390510559
DRUSEN/82/OS/009_Drusen.tif,DRUSEN-082,val,DRUSEN,drusen,OS,.tif,1.6532502174377441
DRUSEN/82/OS/010_Normal.tif,DRUSEN-082,val,DRUSEN,normal,OS,.tif,1.5802830457687378
DRUSEN/82/OS/011_Drusen.tif,DRUSEN-082,val,DRUSEN,drusen,OS,.tif,1.6512718200683594
DRUSEN/82/OS/012_Drusen.tif,DRUSEN-082,val,DRUSEN,drusen,OS,.tif,1.7079343795776367
DRUSEN/82/OS/013_Drusen.tif,DRUSEN-082,val,DRUSEN,drusen,OS,.tif,1.8118983507156372
DRUSEN/82/OS/014_Drusen.tif,DRUSEN-082,val,DRUSEN,drusen,OS,.tif,1.655981183052063
DRUSEN/82/OS/015_Drusen.tif,DRUSEN-082,val,DRUSEN,drusen,OS,.tif,1.6979941129684448
DRUSEN/82/OS/016_Drusen.tif,DRUSEN-082,val,DRUSEN,drusen,OS,.tif,1.7024608850479126
DRUSEN/82/OS/017_Drusen.tif,DRUSEN-082,val,DRUSEN,drusen,OS,.tif,1.7708557844161987
DRUSEN/82/OS/018_Drusen.tif,DRUSEN-082,val,DRUSEN,drusen,OS,.tif,1.8125026226043701
DRUSEN/82/OS/019_Drusen.tif,DRUSEN-082,val,DRUSEN,drusen,OS,.tif,1.7879164218902588
DRUSEN/82/OS/020_Drusen.tif,DRUSEN-082,val,DRUSEN,drusen,OS,.tif,1.8388426303863525
DRUSEN/82/OS/021_Normal.tif,DRUSEN-082,val,DRUSEN,normal,OS,.tif,1.8226282596588135
DRUSEN/82/OS/022_Normal.tif,DRUSEN-082,val,DRUSEN,normal,OS,.tif,1.720749020576477
DRUSEN/82/OS/023_Drusen.tif,DRUSEN-082,val,DRUSEN,drusen,OS,.tif,1.6556094884872437
DRUSEN/82/OS/024_Normal.tif,DRUSEN-082,val,DRUSEN,normal,OS,.tif,1.7427964210510254
DRUSEN/82/OS/025_Normal.tif,DRUSEN-082,val,DRUSEN,normal,OS,.tif,1.6473561525344849
DRUSEN/82/OS/026_Normal.tif,DRUSEN-082,val,DRUSEN,normal,OS,.tif,1.7353719472885132
DRUSEN/82/OS/027_Normal.tif,DRUSEN-082,val,DRUSEN,normal,OS,.tif,1.6136127710342407
DRUSEN/82/OS/028_Normal.tif,DRUSEN-082,val,DRUSEN,normal,OS,.tif,1.7083444595336914
DRUSEN/82/OS/029_Normal.tif,DRUSEN-082,val,DRUSEN,normal,OS,.tif,1.7287776470184326
DRUSEN/82/OS/030_Normal.tif,DRUSEN-082,val,DRUSEN,normal,OS,.tif,1.6508322954177856
DRUSEN/89/000_Drusen.tif,DRUSEN-089,val,DRUSEN,drusen,OS,.tif,1.6712539196014404
DRUSEN/89/001_Drusen.tif,DRUSEN-089,val,DRUSEN,drusen,OS,.tif,1.689670205116272
DRUSEN/89/002_Drusen.tif,DRUSEN-089,val,DRUSEN,drusen,OS,.tif,1.7711503505706787
DRUSEN/89/003_Drusen.tif,DRUSEN-089,val,DRUSEN,drusen,OS,.tif,1.6013679504394531
DRUSEN/89/004_Drusen.tif,DRUSEN-089,val,DRUSEN,drusen,OS,.tif,1.5434484481811523
DRUSEN/89/005_Drusen.tif,DRUSEN-089,val,DRUSEN,drusen,OS,.tif,1.5879710912704468
DRUSEN/89/006_Drusen.tif,DRUSEN-089,val,DRUSEN,drusen,OS,.tif,1.6880881786346436
DRUSEN/89/007_Drusen.tif,DRUSEN-089,val,DRUSEN,drusen,OS,.tif,1.6399948596954346
DRUSEN/89/008_Drusen.tif,DRUSEN-089,val,DRUSEN,drusen,OS,.tif,1.621868371963501
DRUSEN/89/009_Drusen.tif,DRUSEN-089,val,DRUSEN,drusen,OS,.tif,1.6513078212738037
DRUSEN/89/010_Drusen.tif,DRUSEN-089,val,DRUSEN,drusen,OS,.tif,1.5828328132629395
DRUSEN/89/011_Drusen.tif,DRUSEN-089,val,DRUSEN,drusen,OS,.tif,1.6267590522766113
DRUSEN/89/012_Drusen.tif,DRUSEN-089,val,DRUSEN,drusen,OS,.tif,1.5377622842788696
DRUSEN/89/013_Drusen.tif,DRUSEN-089,val,DRUSEN,drusen,OS,.tif,1.6163115501403809
DRUSEN/89/014_Drusen.tif,DRUSEN-089,val,DRUSEN,drusen,OS,.tif,1.6319704055786133
DRUSEN/89/015_Drusen.tif,DRUSEN-089,val,DRUSEN,drusen,OS,.tif,1.6774555444717407
DRUSEN/89/016_Drusen.tif,DRUSEN-089,val,DRUSEN,drusen,OS,.tif,1.5622754096984863
DRUSEN/89/017_Drusen.tif,DRUSEN-089,val,DRUSEN,drusen,OS,.tif,1.5286535024642944
DRUSEN/89/018_Drusen.tif,DRUSEN-089,val,DRUSEN,drusen,OS,.tif,1.5671473741531372
DRUSEN/89/019_Drusen.tif,DRUSEN-089,val,DRUSEN,drusen,OS,.tif,1.6647895574569702
DRUSEN/89/020_Drusen.tif,DRUSEN-089,val,DRUSEN,drusen,OS,.tif,1.7157833576202393
DRUSEN/89/021_Drusen.tif,DRUSEN-089,val,DRUSEN,drusen,OS,.tif,1.6077238321304321
DRUSEN/89/022_Drusen.tif,DRUSEN-089,val,DRUSEN,drusen,OS,.tif,1.748016357421875
DRUSEN/89/023_Drusen.tif,DRUSEN-089,val,DRUSEN,drusen,OS,.tif,1.7827367782592773
DRUSEN/89/024_Drusen.tif,DRUSEN-089,val,DRUSEN,drusen,OS,.tif,1.6350542306900024
DRUSEN/89/025_Drusen.tif,DRUSEN-089,val,DRUSEN,drusen,OS,.tif,1.7959800958633423
DRUSEN/89/026_Drusen.tif,DRUSEN-089,val,DRUSEN,drusen,OS,.tif,1.6610583066940308
DRUSEN/89/027_Drusen.tif,DRUSEN-089,val,DRUSEN,drusen,OS,.tif,1.738829255104065
DRUSEN/89/028_Drusen.tif,DRUSEN-089,val,DRUSEN,drusen,OS,.tif,1.7060766220092773
DRUSEN/89/029_Drusen.tif,DRUSEN-089,val,DRUSEN,drusen,OS,.tif,1.7568256855010986
DRUSEN/89/030_Drusen.tif,DRUSEN-089,val,DRUSEN,drusen,OS,.tif,1.6955243349075317
DRUSEN/91/000_Normal.tif,DRUSEN-091,val,DRUSEN,normal,OS,.tif,1.8265407085418701
DRUSEN/91/001_Normal.tif,DRUSEN-091,val,DRUSEN,normal,OS,.tif,1.770014762878418
DRUSEN/91/002_Normal.tif,DRUSEN-091,val,DRUSEN,normal,OS,.tif,1.6915990114212036
DRUSEN/91/003_Normal.tif,DRUSEN-091,val,DRUSEN,normal,OS,.tif,1.721435308456421
DRUSEN/91/004_Normal.tif,DRUSEN-091,val,DRUSEN,normal,OS,.tif,1.616882562637329
DRUSEN/91/005_Normal.tif,DRUSEN-091,val,DRUSEN,normal,OS,.tif,1.8440301418304443
DRUSEN/91/006_Normal.tif,DRUSEN-091,val,DRUSEN,normal,OS,.tif,1.762070655822754
DRUSEN/91/007_Drusen.tif,DRUSEN-091,val,DRUSEN,drusen,OS,.tif,1.640731930732727
DRUSEN/91/008_Drusen.tif,DRUSEN-091,val,DRUSEN,drusen,OS,.tif,1.6039953231811523
DRUSEN/91/009_Drusen.tif,DRUSEN-091,val,DRUSEN,drusen,OS,.tif,1.8094664812088013
DRUSEN/91/010_Drusen.tif,DRUSEN-091,val,DRUSEN,drusen,OS,.tif,1.7052143812179565
DRUSEN/91/011_Drusen.tif,DRUSEN-091,val,DRUSEN,drusen,OS,.tif,1.7645554542541504
DRUSEN/91/012_Drusen.tif,DRUSEN-091,val,DRUSEN,drusen,OS,.tif,1.7757415771484375
DRUSEN/91/013_Drusen.tif,DRUSEN-091,val,DRUSEN,drusen,OS,.tif,1.8008183240890503
DRUSEN/91/014_Drusen.tif,DRUSEN-091,val,DRUSEN,drusen,OS,.tif,1.7422738075256348
DRUSEN/91/015_Drusen.tif,DRUSEN-091,val,DRUSEN,drusen,OS,.tif,1.7515602111816406
DRUSEN/91/016_Drusen.tif,DRUSEN-091,val,DRUSEN,drusen,OS,.tif,1.9442280530929565
DRUSEN/91/017_Drusen.tif,DRUSEN-091,val,DRUSEN,drusen,OS,.tif,2.0580103397369385
DRUSEN/91/018_Drusen.tif,DRUSEN-091,val,DRUSEN,drusen,OS,.tif,2.0167977809906006
DRUSEN/91/019_Drusen.tif,DRUSEN-091,val,DRUSEN,drusen,OS,.tif,1.8073961734771729
DRUSEN/91/020_Drusen.tif,DRUSEN-091,val,DRUSEN,drusen,OS,.tif,1.7737278938293457
DRUSEN/91/021_Drusen.tif,DRUSEN-091,val,DRUSEN,drusen,OS,.tif,1.6454824209213257
DRUSEN/91/022_Drusen.tif,DRUSEN-091,val,DRUSEN,drusen,OS,.tif,1.5122630596160889
DRUSEN/91/023_Drusen.tif,DRUSEN-091,val,DRUSEN,drusen,OS,.tif,1.514265537261963
DRUSEN/91/024_Drusen.tif,DRUSEN-091,val,DRUSEN,drusen,OS,.tif,1.6625440120697021
DRUSEN/91/025_Drusen.tif,DRUSEN-091,val,DRUSEN,drusen,OS,.tif,1.9240511655807495
DRUSEN/91/026_Drusen.tif,DRUSEN-091,val,DRUSEN,drusen,OS,.tif,1.6629564762115479
DRUSEN/91/027_Drusen.tif,DRUSEN-091,val,DRUSEN,drusen,OS,.tif,1.7420616149902344
DRUSEN/91/028_Drusen.tif,DRUSEN-091,val,DRUSEN,drusen,OS,.tif,1.6999355554580688
DRUSEN/91/029_Normal.tif,DRUSEN-091,val,DRUSEN,normal,OS,.tif,1.6905322074890137
DRUSEN/91/030_Normal.tif,DRUSEN-091,val,DRUSEN,normal,OS,.tif,1.6144132614135742
DRUSEN/94/000_Normal.tif,DRUSEN-094,val,DRUSEN,normal,OS,.tif,1.7367632389068604
DRUSEN/94/001_Normal.tif,DRUSEN-094,val,DRUSEN,normal,OS,.tif,1.8395440578460693
DRUSEN/94/002_Normal.tif,DRUSEN-094,val,DRUSEN,normal,OS,.tif,1.867828369140625
DRUSEN/94/003_Normal.tif,DRUSEN-094,val,DRUSEN,normal,OS,.tif,1.8483657836914062
DRUSEN/94/004_Normal.tif,DRUSEN-094,val,DRUSEN,normal,OS,.tif,1.7829172611236572
DRUSEN/94/005_Drusen.tif,DRUSEN-094,val,DRUSEN,drusen,OS,.tif,1.7868564128875732
DRUSEN/94/006_Normal.tif,DRUSEN-094,val,DRUSEN,normal,OS,.tif,1.7214839458465576
DRUSEN/94/007_Drusen.tif,DRUSEN-094,val,DRUSEN,drusen,OS,.tif,1.695253610610962
DRUSEN/94/008_Drusen.tif,DRUSEN-094,val,DRUSEN,drusen,OS,.tif,1.8294668197631836
DRUSEN/94/009_Drusen.tif,DRUSEN-094,val,DRUSEN,drusen,OS,.tif,1.7194933891296387
DRUSEN/94/010_Drusen.tif,DRUSEN-094,val,DRUSEN,drusen,OS,.tif,1.8384482860565186
DRUSEN/94/011_Drusen.tif,DRUSEN-094,val,DRUSEN,drusen,OS,.tif,1.834761381149292
DRUSEN/94/012_Drusen.tif,DRUSEN-094,val,DRUSEN,drusen,OS,.tif,1.930029273033142
DRUSEN/94/013_Drusen.tif,DRUSEN-094,val,DRUSEN,drusen,OS,.tif,1.9925330877304077
DRUSEN/94/014_Drusen.tif,DRUSEN-094,val,DRUSEN,drusen,OS,.tif,2.1327364444732666
DRUSEN/94/015_Drusen.tif,DRUSEN-094,val,DRUSEN,drusen,OS,.tif,2.2234184741973877
DRUSEN/94/016_Drusen.tif,DRUSEN-094,val,DRUSEN,drusen,OS,.tif,2.1262261867523193
DRUSEN/94/017_Drusen.tif,DRUSEN-094,val,DRUSEN,drusen,OS,.tif,2.1726620197296143
DRUSEN/94/018_Drusen.tif,DRUSEN-094,val,DRUSEN,drusen,OS,.tif,1.9382725954055786
DRUSEN/94/019_Drusen.tif,DRUSEN-094,val,DRUSEN,drusen,OS,.tif,1.9426591396331787
DRUSEN/94/020_Drusen.tif,DRUSEN-094,val,DRUSEN,drusen,OS,.tif,1.860650658607483
DRUSEN/94/021_Drusen.tif,DRUSEN-094,val,DRUSEN,drusen,OS,.tif,2.0066542625427246
DRUSEN/94/022_Drusen.tif,DRUSEN-094,val,DRUSEN,drusen,OS,.tif,1.9001413583755493
DRUSEN/94/023_Drusen.tif,DRUSEN-094,val,DRUSEN,drusen,OS,.tif,1.7470567226409912
DRUSEN/94/024_Drusen.tif,DRUSEN-094,val,DRUSEN,drusen,OS,.tif,1.829810380935669
DRUSEN/94/025_Drusen.tif,DRUSEN-094,val,DRUSEN,drusen,OS,.tif,1.8963483572006226
DRUSEN/94/026_Drusen.tif,DRUSEN-094,val,DRUSEN,drusen,OS,.tif,2.0539255142211914
DRUSEN/94/027_Drusen.tif,DRUSEN-094,val,DRUSEN,drusen,OS,.tif,1.854633092880249
DRUSEN/94/028_Drusen.tif,DRUSEN-094,val,DRUSEN,drusen,OS,.tif,1.7827777862548828
DRUSEN/94/029_Normal.tif,DRUSEN-094,val,DRUSEN,normal,OS,.tif,1.951748013496399
DRUSEN/94/030_Normal.tif,DRUSEN-094,val,DRUSEN,normal,OS,.tif,2.0742416381835938
DRUSEN/97/000_Normal.tif,DRUSEN-097,val,DRUSEN,normal,OS,.tif,2.511453866958618
DRUSEN/97/001_Normal.tif,DRUSEN-097,val,DRUSEN,normal,OS,.tif,2.2401328086853027
DRUSEN/97/002_Drusen.tif,DRUSEN-097,val,DRUSEN,drusen,OS,.tif,2.1659114360809326
DRUSEN/97/003_Drusen.tif,DRUSEN-097,val,DRUSEN,drusen,OS,.tif,1.9266595840454102
DRUSEN/97/004_Drusen.tif,DRUSEN-097,val,DRUSEN,drusen,OS,.tif,1.9089223146438599
DRUSEN/97/005_Drusen.tif,DRUSEN-097,val,DRUSEN,drusen,OS,.tif,1.872421383857727
DRUSEN/97/006_Drusen.tif,DRUSEN-097,val,DRUSEN,drusen,OS,.tif,1.731243371963501
DRUSEN/97/007_Drusen.tif,DRUSEN-097,val,DRUSEN,drusen,OS,.tif,1.7674518823623657
DRUSEN/97/008_Drusen.tif,DRUSEN-097,val,DRUSEN,drusen,OS,.tif,1.8319416046142578
DRUSEN/97/009_Drusen.tif,DRUSEN-097,val,DRUSEN,drusen,OS,.tif,1.7488332986831665
DRUSEN/97/010_Drusen.tif,DRUSEN-097,val,DRUSEN,drusen,OS,.tif,1.7887113094329834
DRUSEN/97/011_Drusen.tif,DRUSEN-097,val,DRUSEN,drusen,OS,.tif,1.6762189865112305
DRUSEN/97/012_Drusen.tif,DRUSEN-097,val,DRUSEN,drusen,OS,.tif,1.6216356754302979
DRUSEN/97/013_Drusen.tif,DRUSEN-097,val,DRUSEN,drusen,OS,.tif,1.7276149988174438
DRUSEN/97/014_Drusen.tif,DRUSEN-097,val,DRUSEN,drusen,OS,.tif,1.9158892631530762
DRUSEN/97/015_Drusen.tif,DRUSEN-097,val,DRUSEN,drusen,OS,.tif,1.924556851387024
DRUSEN/97/016_Drusen.tif,DRUSEN-097,val,DRUSEN,drusen,OS,.tif,1.8765431642532349
DRUSEN/97/017_Drusen.tif,DRUSEN-097,val,DRUSEN,drusen,OS,.tif,1.7933026552200317
DRUSEN/97/018_Drusen.tif,DRUSEN-097,val,DRUSEN,drusen,OS,.tif,1.7886319160461426
DRUSEN/97/019_Drusen.tif,DRUSEN-097,val,DRUSEN,drusen,OS,.tif,1.7049533128738403
DRUSEN/97/020_Drusen.tif,DRUSEN-097,val,DRUSEN,drusen,OS,.tif,1.6584208011627197
DRUSEN/97/021_Drusen.tif,DRUSEN-097,val,DRUSEN,drusen,OS,.tif,1.7671735286712646
DRUSEN/97/022_Drusen.tif,DRUSEN-097,val,DRUSEN,drusen,OS,.tif,1.7665550708770752
DRUSEN/97/023_Drusen.tif,DRUSEN-097,val,DRUSEN,drusen,OS,.tif,1.7335413694381714
DRUSEN/97/024_Drusen.tif,DRUSEN-097,val,DRUSEN,drusen,OS,.tif,1.6279083490371704
DRUSEN/97/025_Drusen.tif,DRUSEN-097,val,DRUSEN,drusen,OS,.tif,1.965962290763855
DRUSEN/97/026_Drusen.tif,DRUSEN-097,val,DRUSEN,drusen,OS,.tif,1.812368631362915
DRUSEN/97/027_Drusen.tif,DRUSEN-097,val,DRUSEN,drusen,OS,.tif,1.668460488319397
DRUSEN/97/028_Drusen.tif,DRUSEN-097,val,DRUSEN,drusen,OS,.tif,1.9464423656463623
DRUSEN/97/029_Drusen.tif,DRUSEN-097,val,DRUSEN,drusen,OS,.tif,1.9798309803009033
DRUSEN/97/030_Drusen.tif,DRUSEN-097,val,DRUSEN,drusen,OS,.tif,1.8799304962158203
DRUSEN/102/000_Normal.jpg,DRUSEN-102,val,DRUSEN,normal,OS,.jpg,1.6012375354766846
DRUSEN/102/001_Normal.jpg,DRUSEN-102,val,DRUSEN,normal,OS,.jpg,1.6557179689407349
DRUSEN/102/002_Normal.jpg,DRUSEN-102,val,DRUSEN,normal,OS,.jpg,1.5557529926300049
DRUSEN/102/003_Normal.jpg,DRUSEN-102,val,DRUSEN,normal,OS,.jpg,1.5622673034667969
DRUSEN/102/004_Normal.jpg,DRUSEN-102,val,DRUSEN,normal,OS,.jpg,1.6349378824234009
DRUSEN/102/005_Normal.jpg,DRUSEN-102,val,DRUSEN,normal,OS,.jpg,1.6756479740142822
DRUSEN/102/006_Normal.jpg,DRUSEN-102,val,DRUSEN,normal,OS,.jpg,1.7096959352493286
DRUSEN/102/007_Normal.jpg,DRUSEN-102,val,DRUSEN,normal,OS,.jpg,1.6490895748138428
DRUSEN/102/008_Drusen.jpg,DRUSEN-102,val,DRUSEN,drusen,OS,.jpg,1.6384254693984985
DRUSEN/102/009_Drusen.jpg,DRUSEN-102,val,DRUSEN,drusen,OS,.jpg,1.795097827911377
DRUSEN/102/010_Normal.jpg,DRUSEN-102,val,DRUSEN,normal,OS,.jpg,1.975103735923767
DRUSEN/102/011_Drusen.jpg,DRUSEN-102,val,DRUSEN,drusen,OS,.jpg,1.7305868864059448
DRUSEN/102/012_Drusen.jpg,DRUSEN-102,val,DRUSEN,drusen,OS,.jpg,1.7207993268966675
DRUSEN/102/013_Drusen.jpg,DRUSEN-102,val,DRUSEN,drusen,OS,.jpg,1.9021847248077393
DRUSEN/102/014_Drusen.jpg,DRUSEN-102,val,DRUSEN,drusen,OS,.jpg,2.185281753540039
DRUSEN/102/015_Drusen.jpg,DRUSEN-102,val,DRUSEN,drusen,OS,.jpg,2.125822067260742
DRUSEN/102/016_Drusen.jpg,DRUSEN-102,val,DRUSEN,drusen,OS,.jpg,1.8738858699798584
DRUSEN/102/017_Drusen.jpg,DRUSEN-102,val,DRUSEN,drusen,OS,.jpg,1.7536537647247314
DRUSEN/102/018_Drusen.jpg,DRUSEN-102,val,DRUSEN,drusen,OS,.jpg,1.5956662893295288
DRUSEN/102/019_Drusen.jpg,DRUSEN-102,val,DRUSEN,drusen,OS,.jpg,1.5994346141815186
DRUSEN/102/020_Normal.jpg,DRUSEN-102,val,DRUSEN,normal,OS,.jpg,1.7016443014144897
DRUSEN/102/021_Normal.jpg,DRUSEN-102,val,DRUSEN,normal,OS,.jpg,1.660003662109375
DRUSEN/102/022_Normal.jpg,DRUSEN-102,val,DRUSEN,normal,OS,.jpg,1.6873505115509033
DRUSEN/102/023_Normal.jpg,DRUSEN-102,val,DRUSEN,normal,OS,.jpg,1.7771726846694946
DRUSEN/102/024_Normal.jpg,DRUSEN-102,val,DRUSEN,normal,OS,.jpg,1.7597386837005615
DRUSEN/102/025_Normal.jpg,DRUSEN-102,val,DRUSEN,normal,OS,.jpg,1.7726796865463257
DRUSEN/102/026_Normal.jpg,DRUSEN-102,val,DRUSEN,normal,OS,.jpg,1.7625516653060913
DRUSEN/102/027_Normal.jpg,DRUSEN-102,val,DRUSEN,normal,OS,.jpg,1.6988481283187866
DRUSEN/102/028_Normal.jpg,DRUSEN-102,val,DRUSEN,normal,OS,.jpg,1.6886540651321411
DRUSEN/102/029_Normal.jpg,DRUSEN-102,val,DRUSEN,normal,OS,.jpg,1.8012698888778687
DRUSEN/102/030_Normal.jpg,DRUSEN-102,val,DRUSEN,normal,OS,.jpg,1.6992344856262207
DRUSEN/108/000_Normal.tif,DRUSEN-108,val,DRUSEN,normal,OD,.tif,1.8337273597717285
DRUSEN/108/001_Normal.tif,DRUSEN-108,val,DRUSEN,normal,OD,.tif,1.7400623559951782
DRUSEN/108/002_Normal.tif,DRUSEN-108,val,DRUSEN,normal,OD,.tif,1.847283959388733
DRUSEN/108/003_Normal.tif,DRUSEN-108,val,DRUSEN,normal,OD,.tif,1.87857186794281
DRUSEN/108/004_Normal.tif,DRUSEN-108,val,DRUSEN,normal,OD,.tif,1.7629081010818481
DRUSEN/108/005_Normal.tif,DRUSEN-108,val,DRUSEN,normal,OD,.tif,1.8010804653167725
DRUSEN/108/006_Normal.tif,DRUSEN-108,val,DRUSEN,normal,OD,.tif,1.9281260967254639
DRUSEN/108/007_Normal.tif,DRUSEN-108,val,DRUSEN,normal,OD,.tif,2.0357778072357178
DRUSEN/108/008_Drusen.tif,DRUSEN-108,val,DRUSEN,drusen,OD,.tif,1.9351940155029297
DRUSEN/108/009_Normal.tif,DRUSEN-108,val,DRUSEN,normal,OD,.tif,1.8889122009277344
DRUSEN/108/010_Drusen.tif,DRUSEN-108,val,DRUSEN,drusen,OD,.tif,1.9707679748535156
DRUSEN/108/011_Drusen.tif,DRUSEN-108,val,DRUSEN,drusen,OD,.tif,1.895789384841919
DRUSEN/108/012_Drusen.tif,DRUSEN-108,val,DRUSEN,drusen,OD,.tif,2.0544750690460205
DRUSEN/108/013_Drusen.tif,DRUSEN-108,val,DRUSEN,drusen,OD,.tif,2.023552417755127
DRUSEN/108/014_Normal.tif,DRUSEN-108,val,DRUSEN,normal,OD,.tif,2.213409185409546
DRUSEN/108/015_Drusen.tif,DRUSEN-108,val,DRUSEN,drusen,OD,.tif,2.2334320545196533
DRUSEN/108/016_Drusen.tif,DRUSEN-108,val,DRUSEN,drusen,OD,.tif,2.20645809173584
DRUSEN/108/017_Drusen.tif,DRUSEN-108,val,DRUSEN,drusen,OD,.tif,1.9815400838851929
DRUSEN/108/018_Drusen.tif,DRUSEN-108,val,DRUSEN,drusen,OD,.tif,1.7440956830978394
DRUSEN/108/019_Drusen.tif,DRUSEN-108,val,DRUSEN,drusen,OD,.tif,1.9370267391204834
DRUSEN/108/020_Drusen.tif,DRUSEN-108,val,DRUSEN,drusen,OD,.tif,1.9226337671279907
DRUSEN/108/021_Drusen.tif,DRUSEN-108,val,DRUSEN,drusen,OD,.tif,1.7912098169326782
DRUSEN/108/022_Drusen.tif,DRUSEN-108,val,DRUSEN,drusen,OD,.tif,1.8487564325332642
DRUSEN/108/023_Drusen.tif,DRUSEN-108,val,DRUSEN,drusen,OD,.tif,1.946502685546875
DRUSEN/108/024_Normal.tif,DRUSEN-108,val,DRUSEN,normal,OD,.tif,1.8597803115844727
DRUSEN/108/025_Normal.tif,DRUSEN-108,val,DRUSEN,normal,OD,.tif,1.9310487508773804
DRUSEN/108/026_Normal.tif,DRUSEN-108,val,DRUSEN,normal,OD,.tif,2.032191514968872
DRUSEN/108/027_Normal.tif,DRUSEN-108,val,DRUSEN,normal,OD,.tif,1.946527361869812
DRUSEN/108/028_Normal.tif,DRUSEN-108,val,DRUSEN,normal,OD,.tif,1.9072009325027466
DRUSEN/108/029_Drusen.tif,DRUSEN-108,val,DRUSEN,drusen,OD,.tif,1.916928768157959
DRUSEN/108/030_Drusen.tif,DRUSEN-108,val,DRUSEN,drusen,OD,.tif,1.9044173955917358
DRUSEN/109/000_Drusen.jpg,DRUSEN-109,val,DRUSEN,drusen,OD,.jpg,1.7301117181777954
DRUSEN/109/001_Drusen.jpg,DRUSEN-109,val,DRUSEN,drusen,OD,.jpg,1.7201144695281982
DRUSEN/109/002_Drusen.jpg,DRUSEN-109,val,DRUSEN,drusen,OD,.jpg,1.768765926361084
DRUSEN/109/003_Drusen.jpg,DRUSEN-109,val,DRUSEN,drusen,OD,.jpg,1.8063530921936035
DRUSEN/109/004_Drusen.jpg,DRUSEN-109,val,DRUSEN,drusen,OD,.jpg,1.6258089542388916
DRUSEN/109/005_Drusen.jpg,DRUSEN-109,val,DRUSEN,drusen,OD,.jpg,1.7200448513031006
DRUSEN/109/006_Drusen.jpg,DRUSEN-109,val,DRUSEN,drusen,OD,.jpg,1.550134301185608
DRUSEN/109/007_Drusen.jpg,DRUSEN-109,val,DRUSEN,drusen,OD,.jpg,1.5346039533615112
DRUSEN/109/008_Drusen.jpg,DRUSEN-109,val,DRUSEN,drusen,OD,.jpg,1.4982064962387085
DRUSEN/109/009_Drusen.jpg,DRUSEN-109,val,DRUSEN,drusen,OD,.jpg,1.498089075088501
DRUSEN/109/010_Drusen.jpg,DRUSEN-109,val,DRUSEN,drusen,OD,.jpg,1.5821913480758667
DRUSEN/109/011_Drusen.jpg,DRUSEN-109,val,DRUSEN,drusen,OD,.jpg,1.5352647304534912
DRUSEN/109/012_Drusen.jpg,DRUSEN-109,val,DRUSEN,drusen,OD,.jpg,1.5804294347763062
DRUSEN/109/013_Drusen.jpg,DRUSEN-109,val,DRUSEN,drusen,OD,.jpg,1.6478602886199951
DRUSEN/109/014_Drusen.jpg,DRUSEN-109,val,DRUSEN,drusen,OD,.jpg,1.523878812789917
DRUSEN/109/015_Drusen.jpg,DRUSEN-109,val,DRUSEN,drusen,OD,.jpg,1.5641101598739624
DRUSEN/109/016_Drusen.jpg,DRUSEN-109,val,DRUSEN,drusen,OD,.jpg,1.5158783197402954
DRUSEN/109/017_Drusen.jpg,DRUSEN-109,val,DRUSEN,drusen,OD,.jpg,1.5874404907226562
DRUSEN/109/018_Drusen.jpg,DRUSEN-109,val,DRUSEN,drusen,OD,.jpg,1.5174988508224487
DRUSEN/109/019_Drusen.jpg,DRUSEN-109,val,DRUSEN,drusen,OD,.jpg,1.5975441932678223
DRUSEN/109/020_Drusen.jpg,DRUSEN-109,val,DRUSEN,drusen,OD,.jpg,1.7207111120224
DRUSEN/109/021_Drusen.jpg,DRUSEN-109,val,DRUSEN,drusen,OD,.jpg,1.6163567304611206
DRUSEN/109/022_Drusen.jpg,DRUSEN-109,val,DRUSEN,drusen,OD,.jpg,1.5997394323349
DRUSEN/109/023_Drusen.jpg,DRUSEN-109,val,DRUSEN,drusen,OD,.jpg,1.5035594701766968
DRUSEN/109/024_Drusen.jpg,DRUSEN-109,val,DRUSEN,drusen,OD,.jpg,1.6950005292892456
DRUSEN/109/025_Drusen.jpg,DRUSEN-109,val,DRUSEN,drusen,OD,.jpg,1.6212255954742432
DRUSEN/109/026_Drusen.jpg,DRUSEN-109,val,DRUSEN,drusen,OD,.jpg,1.6672865152359009
DRUSEN/109/027_Drusen.jpg,DRUSEN-109,val,DRUSEN,drusen,OD,.jpg,1.6279540061950684
DRUSEN/109/028_Drusen.jpg,DRUSEN-109,val,DRUSEN,drusen,OD,.jpg,1.5705393552780151
DRUSEN/109/029_Drusen.jpg,DRUSEN-109,val,DRUSEN,drusen,OD,.jpg,1.6138254404067993
DRUSEN/109/030_Drusen.jpg,DRUSEN-109,val,DRUSEN,drusen,OD,.jpg,1.7161964178085327
DRUSEN/112/000_Drusen.tif,DRUSEN-112,val,DRUSEN,drusen,OD,.tif,1.8194066286087036
DRUSEN/112/001_Normal.tif,DRUSEN-112,val,DRUSEN,normal,OD,.tif,2.0063681602478027
DRUSEN/112/002_Normal.tif,DRUSEN-112,val,DRUSEN,normal,OD,.tif,1.8808915615081787
DRUSEN/112/003_Normal.tif,DRUSEN-112,val,DRUSEN,normal,OD,.tif,1.9752229452133179
DRUSEN/112/004_Normal.tif,DRUSEN-112,val,DRUSEN,normal,OD,.tif,1.7847750186920166
DRUSEN/112/005_Normal.tif,DRUSEN-112,val,DRUSEN,normal,OD,.tif,1.7971112728118896
DRUSEN/112/006_Normal.tif,DRUSEN-112,val,DRUSEN,normal,OD,.tif,1.8858917951583862
DRUSEN/112/007_Drusen.tif,DRUSEN-112,val,DRUSEN,drusen,OD,.tif,1.8531712293624878
DRUSEN/112/008_Drusen.tif,DRUSEN-112,val,DRUSEN,drusen,OD,.tif,1.9578924179077148
DRUSEN/112/009_Drusen.tif,DRUSEN-112,val,DRUSEN,drusen,OD,.tif,2.036630392074585
DRUSEN/112/010_Drusen.tif,DRUSEN-112,val,DRUSEN,drusen,OD,.tif,1.9518691301345825
DRUSEN/112/011_Drusen.tif,DRUSEN-112,val,DRUSEN,drusen,OD,.tif,1.8471826314926147
DRUSEN/112/012_Drusen.tif,DRUSEN-112,val,DRUSEN,drusen,OD,.tif,1.888085961341858
DRUSEN/112/013_Drusen.tif,DRUSEN-112,val,DRUSEN,drusen,OD,.tif,1.9915274381637573
DRUSEN/112/014_Drusen.tif,DRUSEN-112,val,DRUSEN,drusen,OD,.tif,2.018085479736328
DRUSEN/112/015_Drusen.tif,DRUSEN-112,val,DRUSEN,drusen,OD,.tif,2.0964128971099854
DRUSEN/112/016_Drusen.tif,DRUSEN-112,val,DRUSEN,drusen,OD,.tif,2.030637264251709
DRUSEN/112/017_Drusen.tif,DRUSEN-112,val,DRUSEN,drusen,OD,.tif,1.854008674621582
DRUSEN/112/018_Drusen.tif,DRUSEN-112,val,DRUSEN,drusen,OD,.tif,1.9886749982833862
DRUSEN/112/019_Drusen.tif,DRUSEN-112,val,DRUSEN,drusen,OD,.tif,1.7745909690856934
DRUSEN/112/020_Drusen.tif,DRUSEN-112,val,DRUSEN,drusen,OD,.tif,1.8831287622451782
DRUSEN/112/021_Drusen.tif,DRUSEN-112,val,DRUSEN,drusen,OD,.tif,1.977516770362854
DRUSEN/112/022_Drusen.tif,DRUSEN-112,val,DRUSEN,drusen,OD,.tif,1.7979809045791626
DRUSEN/112/023_Drusen.tif,DRUSEN-112,val,DRUSEN,drusen,OD,.tif,1.8903809785842896
DRUSEN/112/024_Normal.tif,DRUSEN-112,val,DRUSEN,normal,OD,.tif,1.7268949747085571
DRUSEN/112/025_Normal.tif,DRUSEN-112,val,DRUSEN,normal,OD,.tif,1.6755690574645996
DRUSEN/112/026_Normal.tif,DRUSEN-112,val,DRUSEN,normal,OD,.tif,1.938632607460022
DRUSEN/112/027_Normal.tif,DRUSEN-112,val,DRUSEN,normal,OD,.tif,1.8028266429901123
DRUSEN/112/028_Drusen.tif,DRUSEN-112,val,DRUSEN,drusen,OD,.tif,1.6920591592788696
DRUSEN/112/029_Normal.tif,DRUSEN-112,val,DRUSEN,normal,OD,.tif,1.7340571880340576
DRUSEN/112/030_Normal.tif,DRUSEN-112,val,DRUSEN,normal,OD,.tif,1.6511099338531494
DRUSEN/115/000_Drusen.tif,DRUSEN-115,val,DRUSEN,drusen,OD,.tif,1.6122634410858154
DRUSEN/115/001_Normal.tif,DRUSEN-115,val,DRUSEN,normal,OD,.tif,1.7159785032272339
DRUSEN/115/002_Normal.tif,DRUSEN-115,val,DRUSEN,normal,OD,.tif,1.64061439037323
DRUSEN/115/003_Normal.tif,DRUSEN-115,val,DRUSEN,normal,OD,.tif,1.5069537162780762
DRUSEN/115/004_Normal.tif,DRUSEN-115,val,DRUSEN,normal,OD,.tif,1.5288455486297607
DRUSEN/115/005_Normal.tif,DRUSEN-115,val,DRUSEN,normal,OD,.tif,1.4671436548233032
DRUSEN/115/006_Normal.tif,DRUSEN-115,val,DRUSEN,normal,OD,.tif,1.529449701309204
DRUSEN/115/007_Normal.tif,DRUSEN-115,val,DRUSEN,normal,OD,.tif,1.5857138633728027
DRUSEN/115/008_Normal.tif,DRUSEN-115,val,DRUSEN,normal,OD,.tif,1.6636260747909546
DRUSEN/115/009_Normal.tif,DRUSEN-115,val,DRUSEN,normal,OD,.tif,1.6156582832336426
DRUSEN/115/010_Normal.tif,DRUSEN-115,val,DRUSEN,normal,OD,.tif,1.5870977640151978
DRUSEN/115/011_Normal.tif,DRUSEN-115,val,DRUSEN,normal,OD,.tif,1.4533809423446655
DRUSEN/115/012_Drusen.tif,DRUSEN-115,val,DRUSEN,drusen,OD,.tif,1.4878407716751099
DRUSEN/115/013_Drusen.tif,DRUSEN-115,val,DRUSEN,drusen,OD,.tif,1.384804606437683
DRUSEN/115/014_Drusen.tif,DRUSEN-115,val,DRUSEN,drusen,OD,.tif,1.5898361206054688
DRUSEN/115/015_Drusen.tif,DRUSEN-115,val,DRUSEN,drusen,OD,.tif,1.5755144357681274
DRUSEN/115/016_Drusen.tif,DRUSEN-115,val,DRUSEN,drusen,OD,.tif,1.5563360452651978
DRUSEN/115/017_Drusen.tif,DRUSEN-115,val,DRUSEN,drusen,OD,.tif,1.4703283309936523
DRUSEN/115/018_Drusen.tif,DRUSEN-115,val,DRUSEN,drusen,OD,.tif,1.5262397527694702
DRUSEN/115/019_Normal.tif,DRUSEN-115,val,DRUSEN,normal,OD,.tif,1.415996789932251
DRUSEN/115/020_Normal.tif,DRUSEN-115,val,DRUSEN,normal,OD,.tif,1.4560437202453613
DRUSEN/115/021_Normal.tif,DRUSEN-115,val,DRUSEN,normal,OD,.tif,1.4949411153793335
DRUSEN/115/022_Normal.tif,DRUSEN-115,val,DRUSEN,normal,OD,.tif,1.5172088146209717
DRUSEN/115/023_Normal.tif,DRUSEN-115,val,DRUSEN,normal,OD,.tif,1.5198256969451904
DRUSEN/115/024_Normal.tif,DRUSEN-115,val,DRUSEN,normal,OD,.tif,1.4676517248153687
DRUSEN/115/025_Normal.tif,DRUSEN-115,val,DRUSEN,normal,OD,.tif,1.421927809715271
DRUSEN/115/026_Normal.tif,DRUSEN-115,val,DRUSEN,normal,OD,.tif,1.4964288473129272
DRUSEN/115/027_Normal.tif,DRUSEN-115,val,DRUSEN,normal,OD,.tif,1.4410988092422485
DRUSEN/115/028_Normal.tif,DRUSEN-115,val,DRUSEN,normal,OD,.tif,1.491530418395996
DRUSEN/115/029_Normal.tif,DRUSEN-115,val,DRUSEN,normal,OD,.tif,1.5382384061813354
DRUSEN/115/030_Normal.tif,DRUSEN-115,val,DRUSEN,normal,OD,.tif,1.3760807514190674
DRUSEN/116/OD/000_Normal.tif,DRUSEN-116,val,DRUSEN,normal,OD,.tif,1.7944239377975464
DRUSEN/116/OD/001_Normal.tif,DRUSEN-116,val,DRUSEN,normal,OD,.tif,1.6821420192718506
DRUSEN/116/OD/002_Normal.tif,DRUSEN-116,val,DRUSEN,normal,OD,.tif,1.7765225172042847
DRUSEN/116/OD/003_Normal.tif,DRUSEN-116,val,DRUSEN,normal,OD,.tif,1.8600711822509766
DRUSEN/116/OD/004_Normal.tif,DRUSEN-116,val,DRUSEN,normal,OD,.tif,1.6761631965637207
DRUSEN/116/OD/005_Normal.tif,DRUSEN-116,val,DRUSEN,normal,OD,.tif,1.5477087497711182
DRUSEN/116/OD/006_Normal.tif,DRUSEN-116,val,DRUSEN,normal,OD,.tif,1.629416823387146
DRUSEN/116/OD/007_Normal.tif,DRUSEN-116,val,DRUSEN,normal,OD,.tif,1.6392884254455566
DRUSEN/116/OD/008_Drusen.tif,DRUSEN-116,val,DRUSEN,drusen,OD,.tif,1.6607766151428223
DRUSEN/116/OD/009_Drusen.tif,DRUSEN-116,val,DRUSEN,drusen,OD,.tif,1.5833163261413574
DRUSEN/116/OD/010_Normal.tif,DRUSEN-116,val,DRUSEN,normal,OD,.tif,1.5418462753295898
DRUSEN/116/OD/011_Normal.tif,DRUSEN-116,val,DRUSEN,normal,OD,.tif,1.6557412147521973
DRUSEN/116/OD/012_Drusen.tif,DRUSEN-116,val,DRUSEN,drusen,OD,.tif,1.6000758409500122
DRUSEN/116/OD/013_Drusen.tif,DRUSEN-116,val,DRUSEN,drusen,OD,.tif,1.6636508703231812
DRUSEN/116/OD/014_Drusen.tif,DRUSEN-116,val,DRUSEN,drusen,OD,.tif,1.8810179233551025
DRUSEN/116/OD/015_Drusen.tif,DRUSEN-116,val,DRUSEN,drusen,OD,.tif,2.047053575515747
DRUSEN/116/OD/016_Drusen.tif,DRUSEN-116,val,DRUSEN,drusen,OD,.tif,2.009273052215576
DRUSEN/116/OD/017_Drusen.tif,DRUSEN-116,val,DRUSEN,drusen,OD,.tif,1.8875731229782104
DRUSEN/116/OD/018_Drusen.tif,DRUSEN-116,val,DRUSEN,drusen,OD,.tif,1.7341784238815308
DRUSEN/116/OD/019_Drusen.tif,DRUSEN-116,val,DRUSEN,drusen,OD,.tif,1.621602177619934
DRUSEN/116/OD/020_Drusen.tif,DRUSEN-116,val,DRUSEN,drusen,OD,.tif,1.5284028053283691
DRUSEN/116/OD/021_Normal.tif,DRUSEN-116,val,DRUSEN,normal,OD,.tif,1.6290922164916992
DRUSEN/116/OD/022_Normal.tif,DRUSEN-116,val,DRUSEN,normal,OD,.tif,1.617360234260559
DRUSEN/116/OD/023_Normal.tif,DRUSEN-116,val,DRUSEN,normal,OD,.tif,1.554877519607544
DRUSEN/116/OD/024_Normal.tif,DRUSEN-116,val,DRUSEN,normal,OD,.tif,1.665966510772705
DRUSEN/116/OD/025_Drusen.tif,DRUSEN-116,val,DRUSEN,drusen,OD,.tif,1.588632583618164
DRUSEN/116/OD/026_Normal.tif,DRUSEN-116,val,DRUSEN,normal,OD,.tif,1.5363410711288452
DRUSEN/116/OD/027_Normal.tif,DRUSEN-116,val,DRUSEN,normal,OD,.tif,1.5475616455078125
DRUSEN/116/OD/028_Normal.tif,DRUSEN-116,val,DRUSEN,normal,OD,.tif,1.6421629190444946
DRUSEN/116/OD/029_Normal.tif,DRUSEN-116,val,DRUSEN,normal,OD,.tif,1.7792954444885254
DRUSEN/116/OD/030_Normal.tif,DRUSEN-116,val,DRUSEN,normal,OD,.tif,1.6867222785949707
DRUSEN/116/OS/000_Normal.tif,DRUSEN-116,val,DRUSEN,normal,OS,.tif,1.7993069887161255
DRUSEN/116/OS/001_Normal.tif,DRUSEN-116,val,DRUSEN,normal,OS,.tif,1.7996076345443726
DRUSEN/116/OS/002_Normal.tif,DRUSEN-116,val,DRUSEN,normal,OS,.tif,1.8431390523910522
DRUSEN/116/OS/003_Normal.tif,DRUSEN-116,val,DRUSEN,normal,OS,.tif,1.7646844387054443
DRUSEN/116/OS/004_Normal.tif,DRUSEN-116,val,DRUSEN,normal,OS,.tif,1.7933415174484253
DRUSEN/116/OS/005_Normal.tif,DRUSEN-116,val,DRUSEN,normal,OS,.tif,1.7890691757202148
DRUSEN/116/OS/006_Normal.tif,DRUSEN-116,val,DRUSEN,normal,OS,.tif,1.6801321506500244
DRUSEN/116/OS/007_Drusen.tif,DRUSEN-116,val,DRUSEN,drusen,OS,.tif,1.6380183696746826
DRUSEN/116/OS/008_Normal.tif,DRUSEN-116,val,DRUSEN,normal,OS,.tif,1.6257492303848267
DRUSEN/116/OS/009_Drusen.tif,DRUSEN-116,val,DRUSEN,drusen,OS,.tif,1.621490716934204
DRUSEN/116/OS/010_Drusen.tif,DRUSEN-116,val,DRUSEN,drusen,OS,.tif,1.5638740062713623
DRUSEN/116/OS/011_Normal.tif,DRUSEN-116,val,DRUSEN,normal,OS,.tif,1.5807733535766602
DRUSEN/116/OS/012_Normal.tif,DRUSEN-116,val,DRUSEN,normal,OS,.tif,1.6022471189498901
DRUSEN/116/OS/013_Normal.tif,DRUSEN-116,val,DRUSEN,normal,OS,.tif,1.5763744115829468
DRUSEN/116/OS/014_Normal.tif,DRUSEN-116,val,DRUSEN,normal,OS,.tif,1.5937167406082153
DRUSEN/116/OS/015_Drusen.tif,DRUSEN-116,val,DRUSEN,drusen,OS,.tif,1.6932613849639893
DRUSEN/116/OS/016_Drusen.tif,DRUSEN-116,val,DRUSEN,drusen,OS,.tif,1.6882357597351074
DRUSEN/116/OS/017_Drusen.tif,DRUSEN-116,val,DRUSEN,drusen,OS,.tif,1.9786889553070068
DRUSEN/116/OS/018_Drusen.tif,DRUSEN-116,val,DRUSEN,drusen,OS,.tif,1.9199949502944946
DRUSEN/116/OS/019_Normal.tif,DRUSEN-116,val,DRUSEN,normal,OS,.tif,2.053513765335083
DRUSEN/116/OS/020_Normal.tif,DRUSEN-116,val,DRUSEN,normal,OS,.tif,1.7041724920272827
DRUSEN/116/OS/021_Normal.tif,DRUSEN-116,val,DRUSEN,normal,OS,.tif,1.6362357139587402
DRUSEN/116/OS/022_Normal.tif,DRUSEN-116,val,DRUSEN,normal,OS,.tif,1.6695542335510254
DRUSEN/116/OS/023_Normal.tif,DRUSEN-116,val,DRUSEN,normal,OS,.tif,1.7028456926345825
DRUSEN/116/OS/024_Normal.tif,DRUSEN-116,val,DRUSEN,normal,OS,.tif,1.6530965566635132
DRUSEN/116/OS/025_Normal.tif,DRUSEN-116,val,DRUSEN,normal,OS,.tif,1.637601375579834
DRUSEN/116/OS/026_Normal.tif,DRUSEN-116,val,DRUSEN,normal,OS,.tif,1.5731117725372314
DRUSEN/116/OS/027_Normal.tif,DRUSEN-116,val,DRUSEN,normal,OS,.tif,1.5983232259750366
DRUSEN/116/OS/028_Normal.tif,DRUSEN-116,val,DRUSEN,normal,OS,.tif,1.7650179862976074
DRUSEN/116/OS/029_Normal.tif,DRUSEN-116,val,DRUSEN,normal,OS,.tif,1.7915401458740234
DRUSEN/116/OS/030_Normal.tif,DRUSEN-116,val,DRUSEN,normal,OS,.tif,1.7942585945129395
DRUSEN/118/000_Normal.tif,DRUSEN-118,val,DRUSEN,normal,OD,.tif,1.5491554737091064
DRUSEN/118/001_Normal.tif,DRUSEN-118,val,DRUSEN,normal,OD,.tif,1.6419529914855957
DRUSEN/118/002_Normal.tif,DRUSEN-118,val,DRUSEN,normal,OD,.tif,1.791945457458496
DRUSEN/118/003_Normal.tif,DRUSEN-118,val,DRUSEN,normal,OD,.tif,1.7058254480361938
DRUSEN/118/004_Normal.tif,DRUSEN-118,val,DRUSEN,normal,OD,.tif,1.6417350769042969
DRUSEN/118/005_Normal.tif,DRUSEN-118,val,DRUSEN,normal,OD,.tif,1.6002280712127686
DRUSEN/118/006_Normal.tif,DRUSEN-118,val,DRUSEN,normal,OD,.tif,1.7268483638763428
DRUSEN/118/007_Normal.tif,DRUSEN-118,val,DRUSEN,normal,OD,.tif,1.526125192642212
DRUSEN/118/008_Normal.tif,DRUSEN-118,val,DRUSEN,normal,OD,.tif,1.675539493560791
DRUSEN/118/009_Normal.tif,DRUSEN-118,val,DRUSEN,normal,OD,.tif,1.5964100360870361
DRUSEN/118/010_Normal.tif,DRUSEN-118,val,DRUSEN,normal,OD,.tif,1.6646190881729126
DRUSEN/118/011_Normal.tif,DRUSEN-118,val,DRUSEN,normal,OD,.tif,1.5971951484680176
DRUSEN/118/012_Normal.tif,DRUSEN-118,val,DRUSEN,normal,OD,.tif,1.6448571681976318
DRUSEN/118/013_Normal.tif,DRUSEN-118,val,DRUSEN,normal,OD,.tif,1.7127758264541626
DRUSEN/118/014_Drusen.tif,DRUSEN-118,val,DRUSEN,drusen,OD,.tif,1.8362735509872437
DRUSEN/118/015_Drusen.tif,DRUSEN-118,val,DRUSEN,drusen,OD,.tif,1.8377418518066406
DRUSEN/118/016_Drusen.tif,DRUSEN-118,val,DRUSEN,drusen,OD,.tif,1.7595754861831665
DRUSEN/118/017_Drusen.tif,DRUSEN-118,val,DRUSEN,drusen,OD,.tif,1.7479549646377563
DRUSEN/118/018_Drusen.tif,DRUSEN-118,val,DRUSEN,drusen,OD,.tif,1.6229355335235596
DRUSEN/118/019_Drusen.tif,DRUSEN-118,val,DRUSEN,drusen,OD,.tif,1.6362509727478027
DRUSEN/118/020_Normal.tif,DRUSEN-118,val,DRUSEN,normal,OD,.tif,1.6585510969161987
DRUSEN/118/021_Normal.tif,DRUSEN-118,val,DRUSEN,normal,OD,.tif,1.698890209197998
DRUSEN/118/022_Normal.tif,DRUSEN-118,val,DRUSEN,normal,OD,.tif,1.595738172531128
DRUSEN/118/023_Normal.tif,DRUSEN-118,val,DRUSEN,normal,OD,.tif,1.5415235757827759
DRUSEN/118/024_Normal.tif,DRUSEN-118,val,DRUSEN,normal,OD,.tif,1.7650959491729736
DRUSEN/118/025_Normal.tif,DRUSEN-118,val,DRUSEN,normal,OD,.tif,1.5753698348999023
DRUSEN/118/026_Normal.tif,DRUSEN-118,val,DRUSEN,normal,OD,.tif,1.6279515027999878
DRUSEN/118/027_Normal.tif,DRUSEN-118,val,DRUSEN,normal,OD,.tif,1.6998546123504639
DRUSEN/118/028_Normal.tif,DRUSEN-118,val,DRUSEN,normal,OD,.tif,1.7136565446853638
DRUSEN/118/029_Normal.tif,DRUSEN-118,val,DRUSEN,normal,OD,.tif,1.8817483186721802
DRUSEN/118/030_Normal.tif,DRUSEN-118,val,DRUSEN,normal,OD,.tif,1.81427800655365
DRUSEN/123/OD/000_Drusen.tif,DRUSEN-123,val,DRUSEN,drusen,OD,.tif,2.0652520656585693
DRUSEN/123/OD/001_Drusen.tif,DRUSEN-123,val,DRUSEN,drusen,OD,.tif,1.9953402280807495
DRUSEN/123/OD/002_Drusen.tif,DRUSEN-123,val,DRUSEN,drusen,OD,.tif,1.9031001329421997
DRUSEN/123/OD/003_Drusen.tif,DRUSEN-123,val,DRUSEN,drusen,OD,.tif,2.023390054702759
DRUSEN/123/OD/004_Drusen.tif,DRUSEN-123,val,DRUSEN,drusen,OD,.tif,1.9222686290740967
DRUSEN/123/OD/005_Drusen.tif,DRUSEN-123,val,DRUSEN,drusen,OD,.tif,2.122974395751953
DRUSEN/123/OD/006_Drusen.tif,DRUSEN-123,val,DRUSEN,drusen,OD,.tif,1.9664100408554077
DRUSEN/123/OD/007_Drusen.tif,DRUSEN-123,val,DRUSEN,drusen,OD,.tif,2.1088955402374268
DRUSEN/123/OD/008_Drusen.tif,DRUSEN-123,val,DRUSEN,drusen,OD,.tif,2.0576605796813965
DRUSEN/123/OD/009_Drusen.tif,DRUSEN-123,val,DRUSEN,drusen,OD,.tif,1.9811640977859497
DRUSEN/123/OD/010_Drusen.tif,DRUSEN-123,val,DRUSEN,drusen,OD,.tif,2.1055376529693604
DRUSEN/123/OD/011_Drusen.tif,DRUSEN-123,val,DRUSEN,drusen,OD,.tif,2.155649423599243
DRUSEN/123/OD/012_Drusen.tif,DRUSEN-123,val,DRUSEN,drusen,OD,.tif,2.167393684387207
DRUSEN/123/OD/013_Drusen.tif,DRUSEN-123,val,DRUSEN,drusen,OD,.tif,2.1116514205932617
DRUSEN/123/OD/014_Drusen.tif,DRUSEN-123,val,DRUSEN,drusen,OD,.tif,2.0818302631378174
DRUSEN/123/OD/015_Drusen.tif,DRUSEN-123,val,DRUSEN,drusen,OD,.tif,2.103196382522583
DRUSEN/123/OD/016_Drusen.tif,DRUSEN-123,val,DRUSEN,drusen,OD,.tif,1.9834587574005127
DRUSEN/123/OD/017_Drusen.tif,DRUSEN-123,val,DRUSEN,drusen,OD,.tif,1.888359785079956
DRUSEN/123/OD/018_Drusen.tif,DRUSEN-123,val,DRUSEN,drusen,OD,.tif,1.903809905052185
DRUSEN/123/OD/019_Drusen.tif,DRUSEN-123,val,DRUSEN,drusen,OD,.tif,1.8560068607330322
DRUSEN/123/OD/020_Drusen.tif,DRUSEN-123,val,DRUSEN,drusen,OD,.tif,1.8409452438354492
DRUSEN/123/OD/021_Drusen.tif,DRUSEN-123,val,DRUSEN,drusen,OD,.tif,1.8450356721878052
DRUSEN/123/OD/022_Drusen.tif,DRUSEN-123,val,DRUSEN,drusen,OD,.tif,1.905568242073059
DRUSEN/123/OD/023_Drusen.tif,DRUSEN-123,val,DRUSEN,drusen,OD,.tif,1.950482964515686
DRUSEN/123/OD/024_Drusen.tif,DRUSEN-123,val,DRUSEN,drusen,OD,.tif,2.034316301345825
DRUSEN/123/OS/000_Drusen.tif,DRUSEN-123,val,DRUSEN,drusen,OS,.tif,1.7944490909576416
DRUSEN/123/OS/001_Drusen.tif,DRUSEN-123,val,DRUSEN,drusen,OS,.tif,1.7726123332977295
DRUSEN/123/OS/002_Drusen.tif,DRUSEN-123,val,DRUSEN,drusen,OS,.tif,1.820261001586914
DRUSEN/123/OS/003_Drusen.tif,DRUSEN-123,val,DRUSEN,drusen,OS,.tif,1.8165810108184814
DRUSEN/123/OS/004_Drusen.tif,DRUSEN-123,val,DRUSEN,drusen,OS,.tif,1.7495986223220825
DRUSEN/123/OS/005_Drusen.tif,DRUSEN-123,val,DRUSEN,drusen,OS,.tif,1.8075294494628906
DRUSEN/123/OS/006_Drusen.tif,DRUSEN-123,val,DRUSEN,drusen,OS,.tif,1.8727750778198242
DRUSEN/123/OS/007_Drusen.tif,DRUSEN-123,val,DRUSEN,drusen,OS,.tif,1.8039557933807373
DRUSEN/123/OS/008_Drusen.tif,DRUSEN-123,val,DRUSEN,drusen,OS,.tif,1.75038480758667
DRUSEN/123/OS/009_Drusen.tif,DRUSEN-123,val,DRUSEN,drusen,OS,.tif,1.8501135110855103
DRUSEN/123/OS/010_Drusen.tif,DRUSEN-123,val,DRUSEN,drusen,OS,.tif,1.9232646226882935
DRUSEN/123/OS/011_Drusen.tif,DRUSEN-123,val,DRUSEN,drusen,OS,.tif,1.9265198707580566
DRUSEN/123/OS/012_Drusen.tif,DRUSEN-123,val,DRUSEN,drusen,OS,.tif,2.002934217453003
DRUSEN/123/OS/013_Drusen.tif,DRUSEN-123,val,DRUSEN,drusen,OS,.tif,2.033284902572632
DRUSEN/123/OS/014_Drusen.tif,DRUSEN-123,val,DRUSEN,drusen,OS,.tif,1.959075689315796
DRUSEN/123/OS/015_Drusen.tif,DRUSEN-123,val,DRUSEN,drusen,OS,.tif,1.9850372076034546
DRUSEN/123/OS/016_Drusen.tif,DRUSEN-123,val,DRUSEN,drusen,OS,.tif,1.9720196723937988
DRUSEN/123/OS/017_Drusen.tif,DRUSEN-123,val,DRUSEN,drusen,OS,.tif,1.923531413078308
DRUSEN/123/OS/018_Drusen.tif,DRUSEN-123,val,DRUSEN,drusen,OS,.tif,1.8828439712524414
DRUSEN/123/OS/019_Drusen.tif,DRUSEN-123,val,DRUSEN,drusen,OS,.tif,1.7954729795455933
DRUSEN/123/OS/020_Drusen.tif,DRUSEN-123,val,DRUSEN,drusen,OS,.tif,1.8153135776519775
DRUSEN/123/OS/021_Drusen.tif,DRUSEN-123,val,DRUSEN,drusen,OS,.tif,1.8448576927185059
DRUSEN/123/OS/022_Drusen.tif,DRUSEN-123,val,DRUSEN,drusen,OS,.tif,1.842286229133606
DRUSEN/123/OS/023_Drusen.tif,DRUSEN-123,val,DRUSEN,drusen,OS,.tif,1.7786451578140259
DRUSEN/123/OS/024_Drusen.tif,DRUSEN-123,val,DRUSEN,drusen,OS,.tif,1.8144971132278442
DRUSEN/123/OS/025_Drusen.tif,DRUSEN-123,val,DRUSEN,drusen,OS,.tif,1.9155702590942383
DRUSEN/123/OS/026_Drusen.tif,DRUSEN-123,val,DRUSEN,drusen,OS,.tif,1.996683955192566
DRUSEN/123/OS/027_Drusen.tif,DRUSEN-123,val,DRUSEN,drusen,OS,.tif,1.9630013704299927
DRUSEN/123/OS/028_Drusen.tif,DRUSEN-123,val,DRUSEN,drusen,OS,.tif,2.008639097213745
DRUSEN/123/OS/029_Drusen.tif,DRUSEN-123,val,DRUSEN,drusen,OS,.tif,1.948763370513916
DRUSEN/123/OS/030_Drusen.tif,DRUSEN-123,val,DRUSEN,drusen,OS,.tif,1.8644508123397827
DRUSEN/124/000_Normal.tif,DRUSEN-124,val,DRUSEN,normal,OD,.tif,1.984110951423645
DRUSEN/124/001_Drusen.tif,DRUSEN-124,val,DRUSEN,drusen,OD,.tif,1.9453747272491455
DRUSEN/124/002_Drusen.tif,DRUSEN-124,val,DRUSEN,drusen,OD,.tif,2.1021742820739746
DRUSEN/124/003_Drusen.tif,DRUSEN-124,val,DRUSEN,drusen,OD,.tif,2.0699985027313232
DRUSEN/124/004_Drusen.tif,DRUSEN-124,val,DRUSEN,drusen,OD,.tif,2.1841721534729004
DRUSEN/124/005_Drusen.tif,DRUSEN-124,val,DRUSEN,drusen,OD,.tif,2.182030200958252
DRUSEN/124/006_Drusen.tif,DRUSEN-124,val,DRUSEN,drusen,OD,.tif,2.2529296875
DRUSEN/124/007_Drusen.tif,DRUSEN-124,val,DRUSEN,drusen,OD,.tif,2.1925246715545654
DRUSEN/124/008_Drusen.tif,DRUSEN-124,val,DRUSEN,drusen,OD,.tif,2.061446189880371
DRUSEN/124/009_Drusen.tif,DRUSEN-124,val,DRUSEN,drusen,OD,.tif,1.9076807498931885
DRUSEN/124/010_Drusen.tif,DRUSEN-124,val,DRUSEN,drusen,OD,.tif,2.0567922592163086
DRUSEN/124/011_Drusen.tif,DRUSEN-124,val,DRUSEN,drusen,OD,.tif,2.096243381500244
DRUSEN/124/012_Drusen.tif,DRUSEN-124,val,DRUSEN,drusen,OD,.tif,2.1475276947021484
DRUSEN/124/013_Drusen.tif,DRUSEN-124,val,DRUSEN,drusen,OD,.tif,1.9813780784606934
DRUSEN/124/014_Drusen.tif,DRUSEN-124,val,DRUSEN,drusen,OD,.tif,2.051128625869751
DRUSEN/124/015_Drusen.tif,DRUSEN-124,val,DRUSEN,drusen,OD,.tif,2.190636157989502
DRUSEN/124/016_Drusen.tif,DRUSEN-124,val,DRUSEN,drusen,OD,.tif,2.1990983486175537
DRUSEN/124/017_Drusen.tif,DRUSEN-124,val,DRUSEN,drusen,OD,.tif,2.1607065200805664
DRUSEN/124/018_Drusen.tif,DRUSEN-124,val,DRUSEN,drusen,OD,.tif,2.326570510864258
DRUSEN/124/019_Drusen.tif,DRUSEN-124,val,DRUSEN,drusen,OD,.tif,2.278313636779785
DRUSEN/124/020_Drusen.tif,DRUSEN-124,val,DRUSEN,drusen,OD,.tif,2.4849040508270264
DRUSEN/124/021_Drusen.tif,DRUSEN-124,val,DRUSEN,drusen,OD,.tif,2.188133716583252
DRUSEN/124/022_Drusen.tif,DRUSEN-124,val,DRUSEN,drusen,OD,.tif,2.17044734954834
DRUSEN/124/023_Drusen.tif,DRUSEN-124,val,DRUSEN,drusen,OD,.tif,2.160895586013794
DRUSEN/124/024_Drusen.tif,DRUSEN-124,val,DRUSEN,drusen,OD,.tif,2.180225372314453
DRUSEN/124/025_Drusen.tif,DRUSEN-124,val,DRUSEN,drusen,OD,.tif,2.177196979522705
DRUSEN/124/026_Drusen.tif,DRUSEN-124,val,DRUSEN,drusen,OD,.tif,2.097808837890625
DRUSEN/124/027_Drusen.tif,DRUSEN-124,val,DRUSEN,drusen,OD,.tif,2.0327608585357666
DRUSEN/124/028_Drusen.tif,DRUSEN-124,val,DRUSEN,drusen,OD,.tif,2.119394063949585
DRUSEN/124/029_Normal.tif,DRUSEN-124,val,DRUSEN,normal,OD,.tif,2.007171869277954
DRUSEN/124/030_Drusen.tif,DRUSEN-124,val,DRUSEN,drusen,OD,.tif,1.9797205924987793
DRUSEN/125/000_Drusen.tif,DRUSEN-125,val,DRUSEN,drusen,OD,.tif,1.9418429136276245
DRUSEN/125/001_Drusen.tif,DRUSEN-125,val,DRUSEN,drusen,OD,.tif,1.7991493940353394
DRUSEN/125/002_Drusen.tif,DRUSEN-125,val,DRUSEN,drusen,OD,.tif,1.667464256286621
DRUSEN/125/003_Drusen.tif,DRUSEN-125,val,DRUSEN,drusen,OD,.tif,1.9346362352371216
DRUSEN/125/004_Drusen.tif,DRUSEN-125,val,DRUSEN,drusen,OD,.tif,2.09639310836792
DRUSEN/125/005_Drusen.tif,DRUSEN-125,val,DRUSEN,drusen,OD,.tif,2.0210678577423096
DRUSEN/125/006_Drusen.tif,DRUSEN-125,val,DRUSEN,drusen,OD,.tif,1.9751638174057007
DRUSEN/125/007_Drusen.tif,DRUSEN-125,val,DRUSEN,drusen,OD,.tif,1.9602400064468384
DRUSEN/125/008_Drusen.tif,DRUSEN-125,val,DRUSEN,drusen,OD,.tif,1.9884029626846313
DRUSEN/125/009_Drusen.tif,DRUSEN-125,val,DRUSEN,drusen,OD,.tif,1.8311127424240112
DRUSEN/125/010_Drusen.tif,DRUSEN-125,val,DRUSEN,drusen,OD,.tif,1.9388148784637451
DRUSEN/125/011_Drusen.tif,DRUSEN-125,val,DRUSEN,drusen,OD,.tif,1.8221194744110107
DRUSEN/125/012_Drusen.tif,DRUSEN-125,val,DRUSEN,drusen,OD,.tif,1.9461861848831177
DRUSEN/125/013_Drusen.tif,DRUSEN-125,val,DRUSEN,drusen,OD,.tif,1.9067881107330322
DRUSEN/125/014_Drusen.tif,DRUSEN-125,val,DRUSEN,drusen,OD,.tif,2.1095328330993652
DRUSEN/125/015_Drusen.tif,DRUSEN-125,val,DRUSEN,drusen,OD,.tif,2.350579023361206
DRUSEN/125/016_Drusen.tif,DRUSEN-125,val,DRUSEN,drusen,OD,.tif,2.356889009475708
DRUSEN/125/017_Drusen.tif,DRUSEN-125,val,DRUSEN,drusen,OD,.tif,2.345827102661133
DRUSEN/125/018_Drusen.tif,DRUSEN-125,val,DRUSEN,drusen,OD,.tif,2.340855360031128
DRUSEN/125/019_Drusen.tif,DRUSEN-125,val,DRUSEN,drusen,OD,.tif,2.136521816253662
DRUSEN/125/020_Drusen.tif,DRUSEN-125,val,DRUSEN,drusen,OD,.tif,1.9676998853683472
DRUSEN/125/021_Drusen.tif,DRUSEN-125,val,DRUSEN,drusen,OD,.tif,1.9912693500518799
DRUSEN/125/022_Drusen.tif,DRUSEN-125,val,DRUSEN,drusen,OD,.tif,1.9675873517990112
DRUSEN/125/023_Drusen.tif,DRUSEN-125,val,DRUSEN,drusen,OD,.tif,1.9539852142333984
DRUSEN/125/024_Drusen.tif,DRUSEN-125,val,DRUSEN,drusen,OD,.tif,1.9047844409942627
DRUSEN/125/025_Drusen.tif,DRUSEN-125,val,DRUSEN,drusen,OD,.tif,1.974961757659912
DRUSEN/125/026_Drusen.tif,DRUSEN-125,val,DRUSEN,drusen,OD,.tif,1.8810955286026
DRUSEN/125/027_Drusen.tif,DRUSEN-125,val,DRUSEN,drusen,OD,.tif,2.0848658084869385
DRUSEN/125/028_Drusen.tif,DRUSEN-125,val,DRUSEN,drusen,OD,.tif,2.1756885051727295
DRUSEN/125/029_Drusen.tif,DRUSEN-125,val,DRUSEN,drusen,OD,.tif,1.9668904542922974
DRUSEN/125/030_Drusen.tif,DRUSEN-125,val,DRUSEN,drusen,OD,.tif,1.9958178997039795
DRUSEN/135/000_Drusen.tif,DRUSEN-135,val,DRUSEN,drusen,OD,.tif,1.5941143035888672
DRUSEN/135/001_Drusen.tif,DRUSEN-135,val,DRUSEN,drusen,OD,.tif,1.494033932685852
DRUSEN/135/002_Drusen.tif,DRUSEN-135,val,DRUSEN,drusen,OD,.tif,1.474306583404541
DRUSEN/135/003_Drusen.tif,DRUSEN-135,val,DRUSEN,drusen,OD,.tif,1.508003830909729
DRUSEN/135/004_Drusen.tif,DRUSEN-135,val,DRUSEN,drusen,OD,.tif,1.463962435722351
DRUSEN/135/005_Drusen.tif,DRUSEN-135,val,DRUSEN,drusen,OD,.tif,1.5972721576690674
DRUSEN/135/006_Drusen.tif,DRUSEN-135,val,DRUSEN,drusen,OD,.tif,1.6607539653778076
DRUSEN/135/007_Drusen.tif,DRUSEN-135,val,DRUSEN,drusen,OD,.tif,1.600556492805481
DRUSEN/135/008_Drusen.tif,DRUSEN-135,val,DRUSEN,drusen,OD,.tif,1.7491406202316284
DRUSEN/135/009_Drusen.tif,DRUSEN-135,val,DRUSEN,drusen,OD,.tif,1.5413380861282349
DRUSEN/135/010_Drusen.tif,DRUSEN-135,val,DRUSEN,drusen,OD,.tif,1.607729434967041
DRUSEN/135/011_Drusen.tif,DRUSEN-135,val,DRUSEN,drusen,OD,.tif,1.7184454202651978
DRUSEN/135/012_Drusen.tif,DRUSEN-135,val,DRUSEN,drusen,OD,.tif,1.8698183298110962
DRUSEN/135/013_Drusen.tif,DRUSEN-135,val,DRUSEN,drusen,OD,.tif,1.6325948238372803
DRUSEN/135/014_Drusen.tif,DRUSEN-135,val,DRUSEN,drusen,OD,.tif,1.7995238304138184
DRUSEN/135/015_Drusen.tif,DRUSEN-135,val,DRUSEN,drusen,OD,.tif,1.8590056896209717
DRUSEN/135/016_Drusen.tif,DRUSEN-135,val,DRUSEN,drusen,OD,.tif,1.654478669166565
DRUSEN/135/017_Drusen.tif,DRUSEN-135,val,DRUSEN,drusen,OD,.tif,1.6698064804077148
DRUSEN/135/018_Drusen.tif,DRUSEN-135,val,DRUSEN,drusen,OD,.tif,1.5862252712249756
DRUSEN/135/019_Drusen.tif,DRUSEN-135,val,DRUSEN,drusen,OD,.tif,1.8945422172546387
DRUSEN/135/020_Drusen.tif,DRUSEN-135,val,DRUSEN,drusen,OD,.tif,1.6713913679122925
DRUSEN/135/021_Drusen.tif,DRUSEN-135,val,DRUSEN,drusen,OD,.tif,1.5069364309310913
DRUSEN/135/022_Drusen.tif,DRUSEN-135,val,DRUSEN,drusen,OD,.tif,1.597212314605713
DRUSEN/135/023_Drusen.tif,DRUSEN-135,val,DRUSEN,drusen,OD,.tif,1.5623384714126587
DRUSEN/135/024_Drusen.tif,DRUSEN-135,val,DRUSEN,drusen,OD,.tif,1.5526536703109741
DRUSEN/135/025_Drusen.tif,DRUSEN-135,val,DRUSEN,drusen,OD,.tif,1.5491482019424438
DRUSEN/135/026_Drusen.tif,DRUSEN-135,val,DRUSEN,drusen,OD,.tif,1.5151792764663696
DRUSEN/135/027_Drusen.tif,DRUSEN-135,val,DRUSEN,drusen,OD,.tif,1.4416773319244385
DRUSEN/135/028_Drusen.tif,DRUSEN-135,val,DRUSEN,drusen,OD,.tif,1.6674474477767944
DRUSEN/135/029_Drusen.tif,DRUSEN-135,val,DRUSEN,drusen,OD,.tif,1.6757925748825073
DRUSEN/135/030_Drusen.tif,DRUSEN-135,val,DRUSEN,drusen,OD,.tif,1.617066740989685
DRUSEN/148/000_Normal.tif,DRUSEN-148,val,DRUSEN,normal,OS,.tif,1.723763346672058
DRUSEN/148/001_Normal.tif,DRUSEN-148,val,DRUSEN,normal,OS,.tif,1.7160054445266724
DRUSEN/148/002_Normal.tif,DRUSEN-148,val,DRUSEN,normal,OS,.tif,1.833682656288147
DRUSEN/148/003_Normal.tif,DRUSEN-148,val,DRUSEN,normal,OS,.tif,1.7830106019973755
DRUSEN/148/004_Normal.tif,DRUSEN-148,val,DRUSEN,normal,OS,.tif,1.8001638650894165
DRUSEN/148/005_Normal.tif,DRUSEN-148,val,DRUSEN,normal,OS,.tif,1.8702751398086548
DRUSEN/148/006_Normal.tif,DRUSEN-148,val,DRUSEN,normal,OS,.tif,1.8713432550430298
DRUSEN/148/007_Drusen.tif,DRUSEN-148,val,DRUSEN,drusen,OS,.tif,2.0346577167510986
DRUSEN/148/008_Drusen.tif,DRUSEN-148,val,DRUSEN,drusen,OS,.tif,2.111471176147461
DRUSEN/148/009_Drusen.tif,DRUSEN-148,val,DRUSEN,drusen,OS,.tif,1.9730710983276367
DRUSEN/148/010_Drusen.tif,DRUSEN-148,val,DRUSEN,drusen,OS,.tif,1.933759093284607
DRUSEN/148/011_Drusen.tif,DRUSEN-148,val,DRUSEN,drusen,OS,.tif,2.036858081817627
DRUSEN/148/012_Drusen.tif,DRUSEN-148,val,DRUSEN,drusen,OS,.tif,2.066073417663574
DRUSEN/148/013_Drusen.tif,DRUSEN-148,val,DRUSEN,drusen,OS,.tif,2.096247673034668
DRUSEN/148/014_Drusen.tif,DRUSEN-148,val,DRUSEN,drusen,OS,.tif,2.167431116104126
DRUSEN/148/015_Drusen.tif,DRUSEN-148,val,DRUSEN,drusen,OS,.tif,2.4207699298858643
DRUSEN/148/016_Drusen.tif,DRUSEN-148,val,DRUSEN,drusen,OS,.tif,2.1752076148986816
DRUSEN/148/017_Drusen.tif,DRUSEN-148,val,DRUSEN,drusen,OS,.tif,2.2719409465789795
DRUSEN/148/018_Drusen.tif,DRUSEN-148,val,DRUSEN,drusen,OS,.tif,2.166637897491455
DRUSEN/148/019_Drusen.tif,DRUSEN-148,val,DRUSEN,drusen,OS,.tif,2.0324928760528564
DRUSEN/148/020_Drusen.tif,DRUSEN-148,val,DRUSEN,drusen,OS,.tif,2.1153416633605957
DRUSEN/148/021_Drusen.tif,DRUSEN-148,val,DRUSEN,drusen,OS,.tif,2.1453142166137695
DRUSEN/148/022_Drusen.tif,DRUSEN-148,val,DRUSEN,drusen,OS,.tif,2.04923677444458
DRUSEN/148/023_Normal.tif,DRUSEN-148,val,DRUSEN,normal,OS,.tif,2.031130313873291
DRUSEN/148/024_Normal.tif,DRUSEN-148,val,DRUSEN,normal,OS,.tif,2.141242027282715
DRUSEN/148/025_Normal.tif,DRUSEN-148,val,DRUSEN,normal,OS,.tif,2.061828851699829
DRUSEN/148/026_Normal.tif,DRUSEN-148,val,DRUSEN,normal,OS,.tif,2.0721962451934814
DRUSEN/148/027_Normal.tif,DRUSEN-148,val,DRUSEN,normal,OS,.tif,2.1224780082702637
DRUSEN/148/028_Normal.tif,DRUSEN-148,val,DRUSEN,normal,OS,.tif,2.0924768447875977
DRUSEN/148/029_Normal.tif,DRUSEN-148,val,DRUSEN,normal,OS,.tif,2.0842583179473877
DRUSEN/148/030_Normal.tif,DRUSEN-148,val,DRUSEN,normal,OS,.tif,2.1158862113952637
DRUSEN/149/OD/000_Normal.tif,DRUSEN-149,val,DRUSEN,normal,OD,.tif,1.7516226768493652
DRUSEN/149/OD/001_Normal.tif,DRUSEN-149,val,DRUSEN,normal,OD,.tif,1.7746371030807495
DRUSEN/149/OD/002_Drusen.tif,DRUSEN-149,val,DRUSEN,drusen,OD,.tif,1.763340711593628
DRUSEN/149/OD/003_Drusen.tif,DRUSEN-149,val,DRUSEN,drusen,OD,.tif,1.7167733907699585
DRUSEN/149/OD/004_Drusen.tif,DRUSEN-149,val,DRUSEN,drusen,OD,.tif,1.7371933460235596
DRUSEN/149/OD/005_Drusen.tif,DRUSEN-149,val,DRUSEN,drusen,OD,.tif,1.9081019163131714
DRUSEN/149/OD/006_Drusen.tif,DRUSEN-149,val,DRUSEN,drusen,OD,.tif,1.8177745342254639
DRUSEN/149/OD/007_Drusen.tif,DRUSEN-149,val,DRUSEN,drusen,OD,.tif,1.9023176431655884
DRUSEN/149/OD/008_Drusen.tif,DRUSEN-149,val,DRUSEN,drusen,OD,.tif,2.050750494003296
DRUSEN/149/OD/009_Drusen.tif,DRUSEN-149,val,DRUSEN,drusen,OD,.tif,2.206528902053833
DRUSEN/149/OD/010_Drusen.tif,DRUSEN-149,val,DRUSEN,drusen,OD,.tif,2.037187099456787
DRUSEN/149/OD/011_Drusen.tif,DRUSEN-149,val,DRUSEN,drusen,OD,.tif,2.1763100624084473
DRUSEN/149/OD/012_Drusen.tif,DRUSEN-149,val,DRUSEN,drusen,OD,.tif,2.1020944118499756
DRUSEN/149/OD/013_Drusen.tif,DRUSEN-149,val,DRUSEN,drusen,OD,.tif,2.301982879638672
DRUSEN/149/OD/014_Drusen.tif,DRUSEN-149,val,DRUSEN,drusen,OD,.tif,2.346505641937256
DRUSEN/149/OD/015_Drusen.tif,DRUSEN-149,val,DRUSEN,drusen,OD,.tif,2.483839988708496
DRUSEN/149/OD/016_Drusen.tif,DRUSEN-149,val,DRUSEN,drusen,OD,.tif,1.964028000831604
DRUSEN/149/OD/017_Drusen.tif,DRUSEN-149,val,DRUSEN,drusen,OD,.tif,2.2929751873016357
DRUSEN/149/OD/018_Drusen.tif,DRUSEN-149,val,DRUSEN,drusen,OD,.tif,2.07757830619812
DRUSEN/149/OD/019_Drusen.tif,DRUSEN-149,val,DRUSEN,drusen,OD,.tif,2.199389934539795
DRUSEN/149/OD/020_Drusen.tif,DRUSEN-149,val,DRUSEN,drusen,OD,.tif,2.243940830230713
DRUSEN/149/OD/021_Drusen.tif,DRUSEN-149,val,DRUSEN,drusen,OD,.tif,2.2811710834503174
DRUSEN/149/OD/022_Drusen.tif,DRUSEN-149,val,DRUSEN,drusen,OD,.tif,2.4748423099517822
DRUSEN/149/OD/023_Drusen.tif,DRUSEN-149,val,DRUSEN,drusen,OD,.tif,2.266375780105591
DRUSEN/149/OD/024_Drusen.tif,DRUSEN-149,val,DRUSEN,drusen,OD,.tif,2.0313963890075684
DRUSEN/149/OD/025_Drusen.tif,DRUSEN-149,val,DRUSEN,drusen,OD,.tif,1.9685304164886475
DRUSEN/149/OD/026_Drusen.tif,DRUSEN-149,val,DRUSEN,drusen,OD,.tif,1.9485870599746704
DRUSEN/149/OD/027_Drusen.tif,DRUSEN-149,val,DRUSEN,drusen,OD,.tif,2.1506853103637695
DRUSEN/149/OD/028_Drusen.tif,DRUSEN-149,val,DRUSEN,drusen,OD,.tif,2.1479239463806152
DRUSEN/149/OD/029_Drusen.tif,DRUSEN-149,val,DRUSEN,drusen,OD,.tif,1.9901155233383179
DRUSEN/149/OD/030_Drusen.tif,DRUSEN-149,val,DRUSEN,drusen,OD,.tif,1.8018972873687744
DRUSEN/149/OS/000_Normal.tif,DRUSEN-149,val,DRUSEN,normal,OS,.tif,1.86966872215271
DRUSEN/149/OS/001_Normal.tif,DRUSEN-149,val,DRUSEN,normal,OS,.tif,1.782217025756836
DRUSEN/149/OS/002_Normal.tif,DRUSEN-149,val,DRUSEN,normal,OS,.tif,1.852451205253601
DRUSEN/149/OS/003_Drusen.tif,DRUSEN-149,val,DRUSEN,drusen,OS,.tif,1.945839524269104
DRUSEN/149/OS/004_Drusen.tif,DRUSEN-149,val,DRUSEN,drusen,OS,.tif,1.9374431371688843
DRUSEN/149/OS/005_Drusen.tif,DRUSEN-149,val,DRUSEN,drusen,OS,.tif,2.0365946292877197
DRUSEN/149/OS/006_Drusen.tif,DRUSEN-149,val,DRUSEN,drusen,OS,.tif,1.9476490020751953
DRUSEN/149/OS/007_Drusen.tif,DRUSEN-149,val,DRUSEN,drusen,OS,.tif,1.9703562259674072
DRUSEN/149/OS/008_Drusen.tif,DRUSEN-149,val,DRUSEN,drusen,OS,.tif,2.283883810043335
DRUSEN/149/OS/009_Drusen.tif,DRUSEN-149,val,DRUSEN,drusen,OS,.tif,2.178936243057251
DRUSEN/149/OS/010_Drusen.tif,DRUSEN-149,val,DRUSEN,drusen,OS,.tif,2.0994322299957275
DRUSEN/149/OS/011_Drusen.tif,DRUSEN-149,val,DRUSEN,drusen,OS,.tif,2.1473166942596436
DRUSEN/149/OS/012_Drusen.tif,DRUSEN-149,val,DRUSEN,drusen,OS,.tif,2.0023202896118164
DRUSEN/149/OS/013_Drusen.tif,DRUSEN-149,val,DRUSEN,drusen,OS,.tif,2.037374258041382
DRUSEN/149/OS/014_Drusen.tif,DRUSEN-149,val,DRUSEN,drusen,OS,.tif,1.9496402740478516
DRUSEN/149/OS/015_Drusen.tif,DRUSEN-149,val,DRUSEN,drusen,OS,.tif,2.009916305541992
DRUSEN/149/OS/016_Drusen.tif,DRUSEN-149,val,DRUSEN,drusen,OS,.tif,2.1625607013702393
DRUSEN/149/OS/017_Drusen.tif,DRUSEN-149,val,DRUSEN,drusen,OS,.tif,2.0147948265075684
DRUSEN/149/OS/018_Drusen.tif,DRUSEN-149,val,DRUSEN,drusen,OS,.tif,1.965062141418457
DRUSEN/149/OS/019_Drusen.tif,DRUSEN-149,val,DRUSEN,drusen,OS,.tif,1.8796920776367188
DRUSEN/149/OS/020_Drusen.tif,DRUSEN-149,val,DRUSEN,drusen,OS,.tif,1.9015789031982422
DRUSEN/149/OS/021_Drusen.tif,DRUSEN-149,val,DRUSEN,drusen,OS,.tif,1.8363759517669678
DRUSEN/149/OS/022_Drusen.tif,DRUSEN-149,val,DRUSEN,drusen,OS,.tif,1.9033262729644775
DRUSEN/149/OS/023_Drusen.tif,DRUSEN-149,val,DRUSEN,drusen,OS,.tif,2.0254971981048584
DRUSEN/149/OS/024_Drusen.tif,DRUSEN-149,val,DRUSEN,drusen,OS,.tif,2.0016062259674072
DRUSEN/149/OS/025_Drusen.tif,DRUSEN-149,val,DRUSEN,drusen,OS,.tif,2.0203588008880615
DRUSEN/149/OS/026_Drusen.tif,DRUSEN-149,val,DRUSEN,drusen,OS,.tif,2.0068137645721436
DRUSEN/149/OS/027_Drusen.tif,DRUSEN-149,val,DRUSEN,drusen,OS,.tif,1.9726626873016357
DRUSEN/149/OS/028_Drusen.tif,DRUSEN-149,val,DRUSEN,drusen,OS,.tif,2.013725996017456
DRUSEN/149/OS/029_Drusen.tif,DRUSEN-149,val,DRUSEN,drusen,OS,.tif,2.101357936859131
DRUSEN/149/OS/030_Drusen.tif,DRUSEN-149,val,DRUSEN,drusen,OS,.tif,2.148210287094116
DRUSEN/151/OD/000_Drusen.tif,DRUSEN-151,val,DRUSEN,drusen,OD,.tif,2.4258995056152344
DRUSEN/151/OD/001_Drusen.tif,DRUSEN-151,val,DRUSEN,drusen,OD,.tif,2.559277057647705
DRUSEN/151/OD/002_Drusen.tif,DRUSEN-151,val,DRUSEN,drusen,OD,.tif,2.4665398597717285
DRUSEN/151/OD/003_Drusen.tif,DRUSEN-151,val,DRUSEN,drusen,OD,.tif,2.3352279663085938
DRUSEN/151/OD/004_Normal.tif,DRUSEN-151,val,DRUSEN,normal,OD,.tif,2.3700857162475586
DRUSEN/151/OD/005_Drusen.tif,DRUSEN-151,val,DRUSEN,drusen,OD,.tif,2.4541432857513428
DRUSEN/151/OD/006_Drusen.tif,DRUSEN-151,val,DRUSEN,drusen,OD,.tif,2.275820732116699
DRUSEN/151/OD/007_Drusen.tif,DRUSEN-151,val,DRUSEN,drusen,OD,.tif,1.9323089122772217
DRUSEN/151/OD/008_Drusen.tif,DRUSEN-151,val,DRUSEN,drusen,OD,.tif,2.073782444000244
DRUSEN/151/OD/009_Drusen.tif,DRUSEN-151,val,DRUSEN,drusen,OD,.tif,2.061563014984131
DRUSEN/151/OD/010_Drusen.tif,DRUSEN-151,val,DRUSEN,drusen,OD,.tif,2.114333391189575
DRUSEN/151/OD/011_Drusen.tif,DRUSEN-151,val,DRUSEN,drusen,OD,.tif,2.141017436981201
DRUSEN/151/OD/012_Drusen.tif,DRUSEN-151,val,DRUSEN,drusen,OD,.tif,2.1100544929504395
DRUSEN/151/OD/013_Drusen.tif,DRUSEN-151,val,DRUSEN,drusen,OD,.tif,2.07698655128479
DRUSEN/151/OD/014_Drusen.tif,DRUSEN-151,val,DRUSEN,drusen,OD,.tif,2.3393747806549072
DRUSEN/151/OD/015_Drusen.tif,DRUSEN-151,val,DRUSEN,drusen,OD,.tif,2.460523843765259
DRUSEN/151/OD/016_Drusen.tif,DRUSEN-151,val,DRUSEN,drusen,OD,.tif,2.2716305255889893
DRUSEN/151/OD/017_Drusen.tif,DRUSEN-151,val,DRUSEN,drusen,OD,.tif,2.2014808654785156
DRUSEN/151/OD/018_Drusen.tif,DRUSEN-151,val,DRUSEN,drusen,OD,.tif,2.2176260948181152
DRUSEN/151/OD/019_Drusen.tif,DRUSEN-151,val,DRUSEN,drusen,OD,.tif,2.2402596473693848
DRUSEN/151/OD/020_Drusen.tif,DRUSEN-151,val,DRUSEN,drusen,OD,.tif,2.0631349086761475
DRUSEN/151/OD/021_Drusen.tif,DRUSEN-151,val,DRUSEN,drusen,OD,.tif,2.1148672103881836
DRUSEN/151/OD/022_Drusen.tif,DRUSEN-151,val,DRUSEN,drusen,OD,.tif,1.9868736267089844
DRUSEN/151/OD/023_Drusen.tif,DRUSEN-151,val,DRUSEN,drusen,OD,.tif,2.1122381687164307
DRUSEN/151/OD/024_Drusen.tif,DRUSEN-151,val,DRUSEN,drusen,OD,.tif,2.258272886276245
DRUSEN/151/OD/025_Drusen.tif,DRUSEN-151,val,DRUSEN,drusen,OD,.tif,2.1457736492156982
DRUSEN/151/OD/026_Drusen.tif,DRUSEN-151,val,DRUSEN,drusen,OD,.tif,2.0848312377929688
DRUSEN/151/OD/027_Drusen.tif,DRUSEN-151,val,DRUSEN,drusen,OD,.tif,2.3346428871154785
DRUSEN/151/OD/028_Drusen.tif,DRUSEN-151,val,DRUSEN,drusen,OD,.tif,2.3929555416107178
DRUSEN/151/OD/029_Drusen.tif,DRUSEN-151,val,DRUSEN,drusen,OD,.tif,2.4207098484039307
DRUSEN/151/OD/030_Drusen.tif,DRUSEN-151,val,DRUSEN,drusen,OD,.tif,2.1150894165039062
DRUSEN/151/OS/000_Normal.tif,DRUSEN-151,val,DRUSEN,normal,OS,.tif,2.546567916870117
DRUSEN/151/OS/001_Normal.tif,DRUSEN-151,val,DRUSEN,normal,OS,.tif,2.8411293029785156
DRUSEN/151/OS/002_Normal.tif,DRUSEN-151,val,DRUSEN,normal,OS,.tif,2.683764696121216
DRUSEN/151/OS/003_Drusen.tif,DRUSEN-151,val,DRUSEN,drusen,OS,.tif,2.494318723678589
DRUSEN/151/OS/004_Drusen.tif,DRUSEN-151,val,DRUSEN,drusen,OS,.tif,2.7084527015686035
DRUSEN/151/OS/005_Drusen.tif,DRUSEN-151,val,DRUSEN,drusen,OS,.tif,2.40327525138855
DRUSEN/151/OS/006_Drusen.tif,DRUSEN-151,val,DRUSEN,drusen,OS,.tif,2.4678163528442383
DRUSEN/151/OS/007_Drusen.tif,DRUSEN-151,val,DRUSEN,drusen,OS,.tif,2.4129586219787598
DRUSEN/151/OS/008_Drusen.tif,DRUSEN-151,val,DRUSEN,drusen,OS,.tif,2.269608974456787
DRUSEN/151/OS/009_Drusen.tif,DRUSEN-151,val,DRUSEN,drusen,OS,.tif,2.4956130981445312
DRUSEN/151/OS/010_Drusen.tif,DRUSEN-151,val,DRUSEN,drusen,OS,.tif,2.414698839187622
DRUSEN/151/OS/011_Drusen.tif,DRUSEN-151,val,DRUSEN,drusen,OS,.tif,2.496429443359375
DRUSEN/151/OS/012_Drusen.tif,DRUSEN-151,val,DRUSEN,drusen,OS,.tif,2.2659988403320312
DRUSEN/151/OS/013_Drusen.tif,DRUSEN-151,val,DRUSEN,drusen,OS,.tif,2.2776026725769043
DRUSEN/151/OS/014_Drusen.tif,DRUSEN-151,val,DRUSEN,drusen,OS,.tif,2.1936047077178955
DRUSEN/151/OS/015_Drusen.tif,DRUSEN-151,val,DRUSEN,drusen,OS,.tif,2.5444517135620117
DRUSEN/151/OS/016_Drusen.tif,DRUSEN-151,val,DRUSEN,drusen,OS,.tif,2.3929524421691895
DRUSEN/151/OS/017_Drusen.tif,DRUSEN-151,val,DRUSEN,drusen,OS,.tif,2.4663825035095215
DRUSEN/151/OS/018_Drusen.tif,DRUSEN-151,val,DRUSEN,drusen,OS,.tif,2.315481185913086
DRUSEN/151/OS/019_Drusen.tif,DRUSEN-151,val,DRUSEN,drusen,OS,.tif,2.3372344970703125
DRUSEN/151/OS/020_Drusen.tif,DRUSEN-151,val,DRUSEN,drusen,OS,.tif,2.4791688919067383
DRUSEN/151/OS/021_Drusen.tif,DRUSEN-151,val,DRUSEN,drusen,OS,.tif,2.417543649673462
DRUSEN/151/OS/022_Drusen.tif,DRUSEN-151,val,DRUSEN,drusen,OS,.tif,2.4294111728668213
DRUSEN/151/OS/023_Drusen.tif,DRUSEN-151,val,DRUSEN,drusen,OS,.tif,2.3835289478302
DRUSEN/151/OS/024_Drusen.tif,DRUSEN-151,val,DRUSEN,drusen,OS,.tif,2.52781343460083
DRUSEN/151/OS/025_Drusen.tif,DRUSEN-151,val,DRUSEN,drusen,OS,.tif,2.3033487796783447
DRUSEN/151/OS/026_Drusen.tif,DRUSEN-151,val,DRUSEN,drusen,OS,.tif,2.3088908195495605
DRUSEN/151/OS/027_Drusen.tif,DRUSEN-151,val,DRUSEN,drusen,OS,.tif,2.4454524517059326
DRUSEN/151/OS/028_Drusen.tif,DRUSEN-151,val,DRUSEN,drusen,OS,.tif,2.4193973541259766
DRUSEN/151/OS/029_Drusen.tif,DRUSEN-151,val,DRUSEN,drusen,OS,.tif,2.276357889175415
DRUSEN/151/OS/030_Drusen.tif,DRUSEN-151,val,DRUSEN,drusen,OS,.tif,2.3964717388153076
DRUSEN/153/OD/003_Normal.tif,DRUSEN-153,val,DRUSEN,normal,OD,.tif,1.881966471672058
DRUSEN/153/OD/004_Normal.tif,DRUSEN-153,val,DRUSEN,normal,OD,.tif,1.5696464776992798
DRUSEN/153/OD/005_Normal.tif,DRUSEN-153,val,DRUSEN,normal,OD,.tif,1.6319960355758667
DRUSEN/153/OD/006_Drusen.tif,DRUSEN-153,val,DRUSEN,drusen,OD,.tif,1.6899460554122925
DRUSEN/153/OD/007_Drusen.tif,DRUSEN-153,val,DRUSEN,drusen,OD,.tif,1.7691690921783447
DRUSEN/153/OD/008_Drusen.tif,DRUSEN-153,val,DRUSEN,drusen,OD,.tif,1.7169575691223145
DRUSEN/153/OD/009_Drusen.tif,DRUSEN-153,val,DRUSEN,drusen,OD,.tif,1.7405407428741455
DRUSEN/153/OD/010_Drusen.tif,DRUSEN-153,val,DRUSEN,drusen,OD,.tif,1.6935898065567017
DRUSEN/153/OD/011_Drusen.tif,DRUSEN-153,val,DRUSEN,drusen,OD,.tif,1.7409191131591797
DRUSEN/153/OD/012_Drusen.tif,DRUSEN-153,val,DRUSEN,drusen,OD,.tif,1.697621464729309
DRUSEN/153/OD/013_Drusen.tif,DRUSEN-153,val,DRUSEN,drusen,OD,.tif,1.773300051689148
DRUSEN/153/OD/014_Drusen.tif,DRUSEN-153,val,DRUSEN,drusen,OD,.tif,1.8715734481811523
DRUSEN/153/OD/015_Drusen.tif,DRUSEN-153,val,DRUSEN,drusen,OD,.tif,2.0289971828460693
DRUSEN/153/OD/016_Drusen.tif,DRUSEN-153,val,DRUSEN,drusen,OD,.tif,1.9015071392059326
DRUSEN/153/OD/017_Drusen.tif,DRUSEN-153,val,DRUSEN,drusen,OD,.tif,1.8346996307373047
DRUSEN/153/OD/018_Drusen.tif,DRUSEN-153,val,DRUSEN,drusen,OD,.tif,1.7453151941299438
DRUSEN/153/OD/019_Drusen.tif,DRUSEN-153,val,DRUSEN,drusen,OD,.tif,1.6951837539672852
DRUSEN/153/OD/020_Drusen.tif,DRUSEN-153,val,DRUSEN,drusen,OD,.tif,1.7792878150939941
DRUSEN/153/OD/021_Drusen.tif,DRUSEN-153,val,DRUSEN,drusen,OD,.tif,1.6517521142959595
DRUSEN/153/OD/022_Drusen.tif,DRUSEN-153,val,DRUSEN,drusen,OD,.tif,1.7872785329818726
DRUSEN/153/OD/023_Normal.tif,DRUSEN-153,val,DRUSEN,normal,OD,.tif,1.7659075260162354
DRUSEN/153/OD/024_Drusen.tif,DRUSEN-153,val,DRUSEN,drusen,OD,.tif,1.8345855474472046
DRUSEN/153/OD/025_Normal.tif,DRUSEN-153,val,DRUSEN,normal,OD,.tif,1.8553571701049805
DRUSEN/153/OD/026_Normal.tif,DRUSEN-153,val,DRUSEN,normal,OD,.tif,1.9682552814483643
DRUSEN/153/OD/027_Normal.tif,DRUSEN-153,val,DRUSEN,normal,OD,.tif,1.9726510047912598
DRUSEN/153/OD/028_Normal.tif,DRUSEN-153,val,DRUSEN,normal,OD,.tif,1.9902775287628174
DRUSEN/153/OD/029_Normal.tif,DRUSEN-153,val,DRUSEN,normal,OD,.tif,1.9457100629806519
DRUSEN/153/OD/030_Normal.tif,DRUSEN-153,val,DRUSEN,normal,OD,.tif,2.1278698444366455
DRUSEN/153/OS/003_Drusen.tif,DRUSEN-153,val,DRUSEN,drusen,OS,.tif,1.9017025232315063
DRUSEN/153/OS/004_Normal.tif,DRUSEN-153,val,DRUSEN,normal,OS,.tif,1.7599111795425415
DRUSEN/153/OS/005_Normal.tif,DRUSEN-153,val,DRUSEN,normal,OS,.tif,1.8406754732131958
DRUSEN/153/OS/006_Drusen.tif,DRUSEN-153,val,DRUSEN,drusen,OS,.tif,1.8369196653366089
DRUSEN/153/OS/007_Drusen.tif,DRUSEN-153,val,DRUSEN,drusen,OS,.tif,1.877481460571289
DRUSEN/153/OS/008_Drusen.tif,DRUSEN-153,val,DRUSEN,drusen,OS,.tif,1.83696711063385
DRUSEN/153/OS/009_Drusen.tif,DRUSEN-153,val,DRUSEN,drusen,OS,.tif,1.9720882177352905
DRUSEN/153/OS/010_Drusen.tif,DRUSEN-153,val,DRUSEN,drusen,OS,.tif,1.838356852531433
DRUSEN/153/OS/011_Drusen.tif,DRUSEN-153,val,DRUSEN,drusen,OS,.tif,1.89295494556427
DRUSEN/153/OS/012_Drusen.tif,DRUSEN-153,val,DRUSEN,drusen,OS,.tif,1.8943933248519897
DRUSEN/153/OS/013_Drusen.tif,DRUSEN-153,val,DRUSEN,drusen,OS,.tif,1.8601956367492676
DRUSEN/153/OS/014_Drusen.tif,DRUSEN-153,val,DRUSEN,drusen,OS,.tif,1.8165377378463745
DRUSEN/153/OS/015_Drusen.tif,DRUSEN-153,val,DRUSEN,drusen,OS,.tif,1.897856593132019
DRUSEN/153/OS/016_Drusen.tif,DRUSEN-153,val,DRUSEN,drusen,OS,.tif,1.9682942628860474
DRUSEN/153/OS/017_Drusen.tif,DRUSEN-153,val,DRUSEN,drusen,OS,.tif,1.8705658912658691
DRUSEN/153/OS/018_Drusen.tif,DRUSEN-153,val,DRUSEN,drusen,OS,.tif,2.0021684169769287
DRUSEN/153/OS/019_Drusen.tif,DRUSEN-153,val,DRUSEN,drusen,OS,.tif,1.9573382139205933
DRUSEN/153/OS/020_Drusen.tif,DRUSEN-153,val,DRUSEN,drusen,OS,.tif,1.8237944841384888
DRUSEN/153/OS/021_Drusen.tif,DRUSEN-153,val,DRUSEN,drusen,OS,.tif,1.8302454948425293
DRUSEN/153/OS/022_Drusen.tif,DRUSEN-153,val,DRUSEN,drusen,OS,.tif,1.8267734050750732
DRUSEN/153/OS/023_Drusen.tif,DRUSEN-153,val,DRUSEN,drusen,OS,.tif,1.8105847835540771
DRUSEN/153/OS/024_Normal.tif,DRUSEN-153,val,DRUSEN,normal,OS,.tif,1.895706057548523
DRUSEN/153/OS/025_Normal.tif,DRUSEN-153,val,DRUSEN,normal,OS,.tif,1.934206485748291
DRUSEN/153/OS/026_Drusen.tif,DRUSEN-153,val,DRUSEN,drusen,OS,.tif,1.9163272380828857
DRUSEN/153/OS/027_Drusen.tif,DRUSEN-153,val,DRUSEN,drusen,OS,.tif,1.90585196018219
DRUSEN/153/OS/028_Drusen.tif,DRUSEN-153,val,DRUSEN,drusen,OS,.tif,2.0188114643096924
DRUSEN/153/OS/029_Drusen.tif,DRUSEN-153,val,DRUSEN,drusen,OS,.tif,2.067058801651001
DRUSEN/153/OS/030_Drusen.tif,DRUSEN-153,val,DRUSEN,drusen,OS,.tif,2.120718002319336
NORMAL/7/000_Normal.jpg,NORMAL-007,val,NORMAL,normal,OS,.jpg,2.0962743759155273
NORMAL/7/001_Normal.jpg,NORMAL-007,val,NORMAL,normal,OS,.jpg,2.2223634719848633
NORMAL/7/002_Normal.jpg,NORMAL-007,val,NORMAL,normal,OS,.jpg,1.9696271419525146
NORMAL/7/003_Normal.jpg,NORMAL-007,val,NORMAL,normal,OS,.jpg,2.087639570236206
NORMAL/7/004_Normal.jpg,NORMAL-007,val,NORMAL,normal,OS,.jpg,2.1568171977996826
NORMAL/7/005_Normal.jpg,NORMAL-007,val,NORMAL,normal,OS,.jpg,2.0366122722625732
NORMAL/7/006_Normal.jpg,NORMAL-007,val,NORMAL,normal,OS,.jpg,2.059055805206299
NORMAL/7/007_Normal.jpg,NORMAL-007,val,NORMAL,normal,OS,.jpg,2.1218855381011963
NORMAL/7/008_Normal.jpg,NORMAL-007,val,NORMAL,normal,OS,.jpg,2.2328529357910156
NORMAL/7/009_Normal.jpg,NORMAL-007,val,NORMAL,normal,OS,.jpg,2.1805460453033447
NORMAL/7/010_Normal.jpg,NORMAL-007,val,NORMAL,normal,OS,.jpg,2.1953790187835693
NORMAL/7/011_Normal.jpg,NORMAL-007,val,NORMAL,normal,OS,.jpg,2.106297254562378
NORMAL/7/012_Normal.jpg,NORMAL-007,val,NORMAL,normal,OS,.jpg,1.9811105728149414
NORMAL/7/013_Normal.jpg,NORMAL-007,val,NORMAL,normal,OS,.jpg,2.062472343444824
NORMAL/7/014_Normal.jpg,NORMAL-007,val,NORMAL,normal,OS,.jpg,2.2081406116485596
NORMAL/7/015_Normal.jpg,NORMAL-007,val,NORMAL,normal,OS,.jpg,2.3034393787384033
NORMAL/7/016_Normal.jpg,NORMAL-007,val,NORMAL,normal,OS,.jpg,2.3037731647491455
NORMAL/7/017_Normal.jpg,NORMAL-007,val,NORMAL,normal,OS,.jpg,2.3715877532958984
NORMAL/7/018_Normal.jpg,NORMAL-007,val,NORMAL,normal,OS,.jpg,2.4816551208496094
NORMAL/7/019_Normal.jpg,NORMAL-007,val,NORMAL,normal,OS,.jpg,2.5301055908203125
NORMAL/7/020_Normal.jpg,NORMAL-007,val,NORMAL,normal,OS,.jpg,2.541044235229492
NORMAL/7/021_Normal.jpg,NORMAL-007,val,NORMAL,normal,OS,.jpg,2.126908540725708
NORMAL/7/022_Normal.jpg,NORMAL-007,val,NORMAL,normal,OS,.jpg,2.244387149810791
NORMAL/7/023_Normal.jpg,NORMAL-007,val,NORMAL,normal,OS,.jpg,2.1601614952087402
NORMAL/7/024_Normal.jpg,NORMAL-007,val,NORMAL,normal,OS,.jpg,2.3126726150512695
NORMAL/7/025_Normal.jpg,NORMAL-007,val,NORMAL,normal,OS,.jpg,2.3056111335754395
NORMAL/7/026_Normal.jpg,NORMAL-007,val,NORMAL,normal,OS,.jpg,2.147986650466919
NORMAL/7/027_Normal.jpg,NORMAL-007,val,NORMAL,normal,OS,.jpg,2.008638858795166
NORMAL/7/028_Normal.jpg,NORMAL-007,val,NORMAL,normal,OS,.jpg,2.044851064682007
NORMAL/7/029_Normal.jpg,NORMAL-007,val,NORMAL,normal,OS,.jpg,1.9806697368621826
NORMAL/7/030_Normal.jpg,NORMAL-007,val,NORMAL,normal,OS,.jpg,2.015416383743286
NORMAL/12/OD/000_Normal.jpg,NORMAL-012,val,NORMAL,normal,OD,.jpg,1.6415218114852905
NORMAL/12/OD/001_Normal.jpg,NORMAL-012,val,NORMAL,normal,OD,.jpg,1.4080123901367188
NORMAL/12/OD/002_Normal.jpg,NORMAL-012,val,NORMAL,normal,OD,.jpg,1.630473256111145
NORMAL/12/OD/003_Normal.jpg,NORMAL-012,val,NORMAL,normal,OD,.jpg,1.5675355195999146
NORMAL/12/OD/004_Normal.jpg,NORMAL-012,val,NORMAL,normal,OD,.jpg,1.613438367843628
NORMAL/12/OD/005_Normal.jpg,NORMAL-012,val,NORMAL,normal,OD,.jpg,1.5357913970947266
NORMAL/12/OD/006_Normal.jpg,NORMAL-012,val,NORMAL,normal,OD,.jpg,1.4268449544906616
NORMAL/12/OD/007_Normal.jpg,NORMAL-012,val,NORMAL,normal,OD,.jpg,1.5192875862121582
NORMAL/12/OD/008_Normal.jpg,NORMAL-012,val,NORMAL,normal,OD,.jpg,1.4906306266784668
NORMAL/12/OD/009_Normal.jpg,NORMAL-012,val,NORMAL,normal,OD,.jpg,1.5451624393463135
NORMAL/12/OD/010_Normal.jpg,NORMAL-012,val,NORMAL,normal,OD,.jpg,1.5069938898086548
NORMAL/12/OD/011_Normal.jpg,NORMAL-012,val,NORMAL,normal,OD,.jpg,1.5987398624420166
NORMAL/12/OD/012_Normal.jpg,NORMAL-012,val,NORMAL,normal,OD,.jpg,1.542567253112793
NORMAL/12/OD/013_Normal.jpg,NORMAL-012,val,NORMAL,normal,OD,.jpg,1.601583480834961
NORMAL/12/OD/014_Normal.jpg,NORMAL-012,val,NORMAL,normal,OD,.jpg,1.6377710103988647
NORMAL/12/OD/015_Normal.jpg,NORMAL-012,val,NORMAL,normal,OD,.jpg,1.5803709030151367
NORMAL/12/OD/016_Normal.jpg,NORMAL-012,val,NORMAL,normal,OD,.jpg,1.536620855331421
NORMAL/12/OD/017_Normal.jpg,NORMAL-012,val,NORMAL,normal,OD,.jpg,1.6122474670410156
NORMAL/12/OD/018_Normal.jpg,NORMAL-012,val,NORMAL,normal,OD,.jpg,1.713714361190796
NORMAL/12/OD/019_Normal.jpg,NORMAL-012,val,NORMAL,normal,OD,.jpg,1.7082619667053223
NORMAL/12/OD/020_Normal.jpg,NORMAL-012,val,NORMAL,normal,OD,.jpg,1.6333482265472412
NORMAL/12/OD/021_Normal.jpg,NORMAL-012,val,NORMAL,normal,OD,.jpg,1.8200803995132446
NORMAL/12/OD/022_Normal.jpg,NORMAL-012,val,NORMAL,normal,OD,.jpg,1.7889827489852905
NORMAL/12/OD/023_Normal.jpg,NORMAL-012,val,NORMAL,normal,OD,.jpg,1.6670869588851929
NORMAL/12/OD/024_Normal.jpg,NORMAL-012,val,NORMAL,normal,OD,.jpg,1.680267572402954
NORMAL/12/OD/025_Normal.jpg,NORMAL-012,val,NORMAL,normal,OD,.jpg,1.6556222438812256
NORMAL/12/OD/026_Normal.jpg,NORMAL-012,val,NORMAL,normal,OD,.jpg,1.6068311929702759
NORMAL/12/OD/027_Normal.jpg,NORMAL-012,val,NORMAL,normal,OD,.jpg,1.7800827026367188
NORMAL/12/OD/028_Normal.jpg,NORMAL-012,val,NORMAL,normal,OD,.jpg,1.8240314722061157
NORMAL/12/OD/029_Normal.jpg,NORMAL-012,val,NORMAL,normal,OD,.jpg,1.763022780418396
NORMAL/12/OD/030_Normal.jpg,NORMAL-012,val,NORMAL,normal,OD,.jpg,1.767581582069397
NORMAL/12/OS/000_Normal.jpg,NORMAL-012,val,NORMAL,normal,OS,.jpg,2.1527647972106934
NORMAL/12/OS/001_Normal.jpg,NORMAL-012,val,NORMAL,normal,OS,.jpg,2.1442296504974365
NORMAL/12/OS/002_Normal.jpg,NORMAL-012,val,NORMAL,normal,OS,.jpg,2.0366275310516357
NORMAL/12/OS/003_Normal.jpg,NORMAL-012,val,NORMAL,normal,OS,.jpg,1.6656389236450195
NORMAL/12/OS/004_Normal.jpg,NORMAL-012,val,NORMAL,normal,OS,.jpg,1.703295111656189
NORMAL/12/OS/005_Normal.jpg,NORMAL-012,val,NORMAL,normal,OS,.jpg,1.7597379684448242
NORMAL/12/OS/006_Normal.jpg,NORMAL-012,val,NORMAL,normal,OS,.jpg,1.6066339015960693
NORMAL/12/OS/007_Normal.jpg,NORMAL-012,val,NORMAL,normal,OS,.jpg,1.6379950046539307
NORMAL/12/OS/008_Normal.jpg,NORMAL-012,val,NORMAL,normal,OS,.jpg,1.588956594467163
NORMAL/12/OS/009_Normal.jpg,NORMAL-012,val,NORMAL,normal,OS,.jpg,1.6389648914337158
NORMAL/12/OS/010_Normal.jpg,NORMAL-012,val,NORMAL,normal,OS,.jpg,1.5866317749023438
NORMAL/12/OS/011_Normal.jpg,NORMAL-012,val,NORMAL,normal,OS,.jpg,1.5648363828659058
NORMAL/12/OS/012_Normal.jpg,NORMAL-012,val,NORMAL,normal,OS,.jpg,1.5590245723724365
NORMAL/12/OS/013_Normal.jpg,NORMAL-012,val,NORMAL,normal,OS,.jpg,1.5883818864822388
NORMAL/12/OS/014_Normal.jpg,NORMAL-012,val,NORMAL,normal,OS,.jpg,1.6025563478469849
NORMAL/12/OS/015_Normal.jpg,NORMAL-012,val,NORMAL,normal,OS,.jpg,1.7231440544128418
NORMAL/12/OS/016_Normal.jpg,NORMAL-012,val,NORMAL,normal,OS,.jpg,1.7751085758209229
NORMAL/12/OS/017_Normal.jpg,NORMAL-012,val,NORMAL,normal,OS,.jpg,1.8258754014968872
NORMAL/12/OS/018_Normal.jpg,NORMAL-012,val,NORMAL,normal,OS,.jpg,1.7820454835891724
NORMAL/12/OS/019_Normal.jpg,NORMAL-012,val,NORMAL,normal,OS,.jpg,1.595674753189087
NORMAL/12/OS/020_Normal.jpg,NORMAL-012,val,NORMAL,normal,OS,.jpg,1.6057536602020264
NORMAL/12/OS/021_Normal.jpg,NORMAL-012,val,NORMAL,normal,OS,.jpg,1.7699286937713623
NORMAL/12/OS/022_Normal.jpg,NORMAL-012,val,NORMAL,normal,OS,.jpg,1.4460946321487427
NORMAL/12/OS/023_Normal.jpg,NORMAL-012,val,NORMAL,normal,OS,.jpg,1.708630084991455
NORMAL/12/OS/024_Normal.jpg,NORMAL-012,val,NORMAL,normal,OS,.jpg,1.6494395732879639
NORMAL/12/OS/025_Normal.jpg,NORMAL-012,val,NORMAL,normal,OS,.jpg,1.7877600193023682
NORMAL/12/OS/026_Normal.jpg,NORMAL-012,val,NORMAL,normal,OS,.jpg,1.7157210111618042
NORMAL/12/OS/027_Normal.jpg,NORMAL-012,val,NORMAL,normal,OS,.jpg,1.8334101438522339
NORMAL/12/OS/028_Normal.jpg,NORMAL-012,val,NORMAL,normal,OS,.jpg,1.6866607666015625
NORMAL/12/OS/029_Normal.jpg,NORMAL-012,val,NORMAL,normal,OS,.jpg,1.635398507118225
NORMAL/12/OS/030_Normal.jpg,NORMAL-012,val,NORMAL,normal,OS,.jpg,1.6602556705474854
NORMAL/17/OD/000_normal.jpg,NORMAL-017,val,NORMAL,normal,OD,.jpg,1.5093131065368652
NORMAL/17/OD/001_normal.jpg,NORMAL-017,val,NORMAL,normal,OD,.jpg,1.3710191249847412
NORMAL/17/OD/002_normal.jpg,NORMAL-017,val,NORMAL,normal,OD,.jpg,1.2994682788848877
NORMAL/17/OD/003_normal.jpg,NORMAL-017,val,NORMAL,normal,OD,.jpg,1.303003191947937
NORMAL/17/OD/004_normal.jpg,NORMAL-017,val,NORMAL,normal,OD,.jpg,1.2861450910568237
NORMAL/17/OD/005_normal.jpg,NORMAL-017,val,NORMAL,normal,OD,.jpg,1.2873022556304932
NORMAL/17/OD/006_normal.jpg,NORMAL-017,val,NORMAL,normal,OD,.jpg,1.2748608589172363
NORMAL/17/OD/007_normal.jpg,NORMAL-017,val,NORMAL,normal,OD,.jpg,1.2519713640213013
NORMAL/17/OD/008_normal.jpg,NORMAL-017,val,NORMAL,normal,OD,.jpg,1.3073419332504272
NORMAL/17/OD/009_normal.jpg,NORMAL-017,val,NORMAL,normal,OD,.jpg,1.253652811050415
NORMAL/17/OD/010_normal.jpg,NORMAL-017,val,NORMAL,normal,OD,.jpg,1.2449088096618652
NORMAL/17/OD/011_normal.jpg,NORMAL-017,val,NORMAL,normal,OD,.jpg,1.296190857887268
NORMAL/17/OD/012_normal.jpg,NORMAL-017,val,NORMAL,normal,OD,.jpg,1.2669117450714111
NORMAL/17/OD/013_normal.jpg,NORMAL-017,val,NORMAL,normal,OD,.jpg,1.3577860593795776
NORMAL/17/OD/014_normal.jpg,NORMAL-017,val,NORMAL,normal,OD,.jpg,1.3290554285049438
NORMAL/17/OD/015_normal.jpg,NORMAL-017,val,NORMAL,normal,OD,.jpg,1.3324483633041382
NORMAL/17/OD/016_normal.jpg,NORMAL-017,val,NORMAL,normal,OD,.jpg,1.440656065940857
NORMAL/17/OD/017_normal.jpg,NORMAL-017,val,NORMAL,normal,OD,.jpg,1.5019731521606445
NORMAL/17/OD/018_normal.jpg,NORMAL-017,val,NORMAL,normal,OD,.jpg,1.4629744291305542
NORMAL/17/OD/019_normal.jpg,NORMAL-017,val,NORMAL,normal,OD,.jpg,1.5191655158996582
NORMAL/17/OD/020_normal.jpg,NORMAL-017,val,NORMAL,normal,OD,.jpg,1.5808457136154175
NORMAL/17/OD/021_normal.jpg,NORMAL-017,val,NORMAL,normal,OD,.jpg,1.5092614889144897
NORMAL/17/OD/022_normal.jpg,NORMAL-017,val,NORMAL,normal,OD,.jpg,1.538252353668213
NORMAL/17/OD/023_normal.jpg,NORMAL-017,val,NORMAL,normal,OD,.jpg,1.5105239152908325
NORMAL/17/OD/024_normal.jpg,NORMAL-017,val,NORMAL,normal,OD,.jpg,1.5057315826416016
NORMAL/17/OD/025_normal.jpg,NORMAL-017,val,NORMAL,normal,OD,.jpg,1.4461239576339722
NORMAL/17/OD/026_normal.jpg,NORMAL-017,val,NORMAL,normal,OD,.jpg,1.4216363430023193
NORMAL/17/OD/027_normal.jpg,NORMAL-017,val,NORMAL,normal,OD,.jpg,1.4123656749725342
NORMAL/17/OD/028_normal.jpg,NORMAL-017,val,NORMAL,normal,OD,.jpg,1.4125995635986328
NORMAL/17/OD/029_normal.jpg,NORMAL-017,val,NORMAL,normal,OD,.jpg,1.5526901483535767
NORMAL/17/OD/030_normal.jpg,NORMAL-017,val,NORMAL,normal,OD,.jpg,1.5982306003570557
NORMAL/17/OS/000_normal.jpg,NORMAL-017,val,NORMAL,normal,OS,.jpg,1.7493194341659546
NORMAL/17/OS/001_normal.jpg,NORMAL-017,val,NORMAL,normal,OS,.jpg,1.6928483247756958
NORMAL/17/OS/002_normal.jpg,NORMAL-017,val,NORMAL,normal,OS,.jpg,1.6865506172180176
NORMAL/17/OS/003_normal.jpg,NORMAL-017,val,NORMAL,normal,OS,.jpg,1.7845298051834106
NORMAL/17/OS/004_normal.jpg,NORMAL-017,val,NORMAL,normal,OS,.jpg,1.7396907806396484
NORMAL/17/OS/005_normal.jpg,NORMAL-017,val,NORMAL,normal,OS,.jpg,1.8386434316635132
NORMAL/17/OS/006_normal.jpg,NORMAL-017,val,NORMAL,normal,OS,.jpg,1.875659465789795
NORMAL/17/OS/007_normal.jpg,NORMAL-017,val,NORMAL,normal,OS,.jpg,1.8328243494033813
NORMAL/17/OS/008_normal.jpg,NORMAL-017,val,NORMAL,normal,OS,.jpg,1.78665292263031
NORMAL/17/OS/009_normal.jpg,NORMAL-017,val,NORMAL,normal,OS,.jpg,1.8391079902648926
NORMAL/17/OS/010_normal.jpg,NORMAL-017,val,NORMAL,normal,OS,.jpg,1.7471404075622559
NORMAL/17/OS/011_normal.jpg,NORMAL-017,val,NORMAL,normal,OS,.jpg,1.7999693155288696
NORMAL/17/OS/012_normal.jpg,NORMAL-017,val,NORMAL,normal,OS,.jpg,1.8865435123443604
NORMAL/17/OS/013_normal.jpg,NORMAL-017,val,NORMAL,normal,OS,.jpg,1.9170546531677246
NORMAL/17/OS/014_normal.jpg,NORMAL-017,val,NORMAL,normal,OS,.jpg,1.8412505388259888
NORMAL/17/OS/015_normal.jpg,NORMAL-017,val,NORMAL,normal,OS,.jpg,1.8563810586929321
NORMAL/17/OS/016_normal.jpg,NORMAL-017,val,NORMAL,normal,OS,.jpg,1.8275238275527954
NORMAL/17/OS/017_normal.jpg,NORMAL-017,val,NORMAL,normal,OS,.jpg,1.805116891860962
NORMAL/17/OS/018_normal.jpg,NORMAL-017,val,NORMAL,normal,OS,.jpg,1.891042947769165
NORMAL/17/OS/019_normal.jpg,NORMAL-017,val,NORMAL,normal,OS,.jpg,1.8137397766113281
NORMAL/17/OS/020_normal.jpg,NORMAL-017,val,NORMAL,normal,OS,.jpg,1.8516662120819092
NORMAL/17/OS/021_normal.jpg,NORMAL-017,val,NORMAL,normal,OS,.jpg,1.706225037574768
NORMAL/17/OS/022_normal.jpg,NORMAL-017,val,NORMAL,normal,OS,.jpg,1.7840094566345215
NORMAL/17/OS/023_normal.jpg,NORMAL-017,val,NORMAL,normal,OS,.jpg,1.7279552221298218
NORMAL/17/OS/024_normal.jpg,NORMAL-017,val,NORMAL,normal,OS,.jpg,1.8506321907043457
NORMAL/17/OS/025_normal.jpg,NORMAL-017,val,NORMAL,normal,OS,.jpg,1.9281973838806152
NORMAL/17/OS/026_normal.jpg,NORMAL-017,val,NORMAL,normal,OS,.jpg,1.9776705503463745
NORMAL/17/OS/027_normal.jpg,NORMAL-017,val,NORMAL,normal,OS,.jpg,1.8691604137420654
NORMAL/17/OS/028_normal.jpg,NORMAL-017,val,NORMAL,normal,OS,.jpg,1.850954294204712
NORMAL/17/OS/029_normal.jpg,NORMAL-017,val,NORMAL,normal,OS,.jpg,1.7601977586746216
NORMAL/17/OS/030_normal.jpg,NORMAL-017,val,NORMAL,normal,OS,.jpg,1.7305234670639038
NORMAL/31/000_Normal.tif,NORMAL-031,val,NORMAL,normal,OD,.tif,2.114391565322876
NORMAL/31/001_Normal.tif,NORMAL-031,val,NORMAL,normal,OD,.tif,2.0995113849639893
NORMAL/31/002_Normal.tif,NORMAL-031,val,NORMAL,normal,OD,.tif,2.204759359359741
NORMAL/31/003_Normal.tif,NORMAL-031,val,NORMAL,normal,OD,.tif,2.2687175273895264
NORMAL/31/004_Normal.tif,NORMAL-031,val,NORMAL,normal,OD,.tif,2.149756669998169
NORMAL/31/005_Normal.tif,NORMAL-031,val,NORMAL,normal,OD,.tif,1.9994757175445557
NORMAL/31/006_Normal.tif,NORMAL-031,val,NORMAL,normal,OD,.tif,2.160135507583618
NORMAL/31/007_Normal.tif,NORMAL-031,val,NORMAL,normal,OD,.tif,2.246098518371582
NORMAL/31/008_Normal.tif,NORMAL-031,val,NORMAL,normal,OD,.tif,1.94926118850708
NORMAL/31/009_Normal.tif,NORMAL-031,val,NORMAL,normal,OD,.tif,2.046111822128296
NORMAL/31/010_Normal.tif,NORMAL-031,val,NORMAL,normal,OD,.tif,2.0219476222991943
NORMAL/31/011_Normal.tif,NORMAL-031,val,NORMAL,normal,OD,.tif,2.0700197219848633
NORMAL/31/012_Normal.tif,NORMAL-031,val,NORMAL,normal,OD,.tif,1.9696879386901855
NORMAL/31/013_Normal.tif,NORMAL-031,val,NORMAL,normal,OD,.tif,1.9646812677383423
NORMAL/31/014_Normal.tif,NORMAL-031,val,NORMAL,normal,OD,.tif,1.8752094507217407
NORMAL/31/015_Normal.tif,NORMAL-031,val,NORMAL,normal,OD,.tif,1.9383434057235718
NORMAL/31/016_Normal.tif,NORMAL-031,val,NORMAL,normal,OD,.tif,2.0067265033721924
NORMAL/31/017_Normal.tif,NORMAL-031,val,NORMAL,normal,OD,.tif,2.085779905319214
NORMAL/31/018_Normal.tif,NORMAL-031,val,NORMAL,normal,OD,.tif,1.9018113613128662
NORMAL/31/019_Normal.tif,NORMAL-031,val,NORMAL,normal,OD,.tif,1.8975054025650024
NORMAL/31/020_Normal.tif,NORMAL-031,val,NORMAL,normal,OD,.tif,1.8821414709091187
NORMAL/31/021_Normal.tif,NORMAL-031,val,NORMAL,normal,OD,.tif,2.158379554748535
NORMAL/31/022_Normal.tif,NORMAL-031,val,NORMAL,normal,OD,.tif,1.9612842798233032
NORMAL/31/023_Normal.tif,NORMAL-031,val,NORMAL,normal,OD,.tif,2.0307135581970215
NORMAL/31/024_Normal.tif,NORMAL-031,val,NORMAL,normal,OD,.tif,2.1078529357910156
NORMAL/31/025_Normal.tif,NORMAL-031,val,NORMAL,normal,OD,.tif,2.0905020236968994
NORMAL/31/026_Normal.tif,NORMAL-031,val,NORMAL,normal,OD,.tif,2.210200071334839
NORMAL/31/027_Normal.tif,NORMAL-031,val,NORMAL,normal,OD,.tif,2.2609450817108154
NORMAL/31/028_Normal.tif,NORMAL-031,val,NORMAL,normal,OD,.tif,2.2961297035217285
NORMAL/31/029_Normal.tif,NORMAL-031,val,NORMAL,normal,OD,.tif,2.3418490886688232
NORMAL/31/030_Normal.tif,NORMAL-031,val,NORMAL,normal,OD,.tif,2.4362637996673584
NORMAL/32/OD/000_Normal.jpg,NORMAL-032,val,NORMAL,normal,OD,.jpg,1.7542314529418945
NORMAL/32/OD/001_Normal.jpg,NORMAL-032,val,NORMAL,normal,OD,.jpg,1.7213438749313354
NORMAL/32/OD/002_Normal.jpg,NORMAL-032,val,NORMAL,normal,OD,.jpg,1.8261798620224
NORMAL/32/OD/003_Normal.jpg,NORMAL-032,val,NORMAL,normal,OD,.jpg,1.8342621326446533
NORMAL/32/OD/004_Normal.jpg,NORMAL-032,val,NORMAL,normal,OD,.jpg,1.926452398300171
NORMAL/32/OD/005_Normal.jpg,NORMAL-032,val,NORMAL,normal,OD,.jpg,1.9038249254226685
NORMAL/32/OD/006_Normal.jpg,NORMAL-032,val,NORMAL,normal,OD,.jpg,1.889800786972046
NORMAL/32/OD/007_Normal.jpg,NORMAL-032,val,NORMAL,normal,OD,.jpg,1.791871428489685
NORMAL/32/OD/008_Normal.jpg,NORMAL-032,val,NORMAL,normal,OD,.jpg,1.8423895835876465
NORMAL/32/OD/009_Normal.jpg,NORMAL-032,val,NORMAL,normal,OD,.jpg,1.931455135345459
NORMAL/32/OD/010_Normal.jpg,NORMAL-032,val,NORMAL,normal,OD,.jpg,1.867565393447876
NORMAL/32/OD/011_Normal.jpg,NORMAL-032,val,NORMAL,normal,OD,.jpg,1.963537573814392
NORMAL/32/OD/012_Normal.jpg,NORMAL-032,val,NORMAL,normal,OD,.jpg,2.121156692504883
NORMAL/32/OD/013_Normal.jpg,NORMAL-032,val,NORMAL,normal,OD,.jpg,1.9462618827819824
NORMAL/32/OD/014_Normal.jpg,NORMAL-032,val,NORMAL,normal,OD,.jpg,1.9351106882095337
NORMAL/32/OD/015_Normal.jpg,NORMAL-032,val,NORMAL,normal,OD,.jpg,2.087442636489868
NORMAL/32/OD/016_Normal.jpg,NORMAL-032,val,NORMAL,normal,OD,.jpg,2.0852770805358887
NORMAL/32/OD/017_Normal.jpg,NORMAL-032,val,NORMAL,normal,OD,.jpg,2.0223400592803955
NORMAL/32/OD/018_Normal.jpg,NORMAL-032,val,NORMAL,normal,OD,.jpg,1.8751360177993774
NORMAL/32/OD/019_Normal.jpg,NORMAL-032,val,NORMAL,normal,OD,.jpg,1.941622018814087
NORMAL/32/OD/020_Normal.jpg,NORMAL-032,val,NORMAL,normal,OD,.jpg,1.9806792736053467
NORMAL/32/OD/021_Normal.jpg,NORMAL-032,val,NORMAL,normal,OD,.jpg,2.0250508785247803
NORMAL/32/OD/022_Normal.jpg,NORMAL-032,val,NORMAL,normal,OD,.jpg,1.9736510515213013
NORMAL/32/OD/023_Normal.jpg,NORMAL-032,val,NORMAL,normal,OD,.jpg,1.948425054550171
NORMAL/32/OD/024_Normal.jpg,NORMAL-032,val,NORMAL,normal,OD,.jpg,1.9297196865081787
NORMAL/32/OS/000_Normal.jpg,NORMAL-032,val,NORMAL,normal,OS,.jpg,1.7318204641342163
NORMAL/32/OS/001_Normal.jpg,NORMAL-032,val,NORMAL,normal,OS,.jpg,1.5891424417495728
NORMAL/32/OS/002_Normal.jpg,NORMAL-032,val,NORMAL,normal,OS,.jpg,1.6866791248321533
NORMAL/32/OS/003_Normal.jpg,NORMAL-032,val,NORMAL,normal,OS,.jpg,1.6352832317352295
NORMAL/32/OS/004_Normal.jpg,NORMAL-032,val,NORMAL,normal,OS,.jpg,1.7499123811721802
NORMAL/32/OS/005_Normal.jpg,NORMAL-032,val,NORMAL,normal,OS,.jpg,1.7321631908416748
NORMAL/32/OS/006_Normal.jpg,NORMAL-032,val,NORMAL,normal,OS,.jpg,1.9152824878692627
NORMAL/32/OS/007_Normal.jpg,NORMAL-032,val,NORMAL,normal,OS,.jpg,1.8558562994003296
NORMAL/32/OS/008_Normal.jpg,NORMAL-032,val,NORMAL,normal,OS,.jpg,1.7849231958389282
NORMAL/32/OS/009_Normal.jpg,NORMAL-032,val,NORMAL,normal,OS,.jpg,1.8176615238189697
NORMAL/32/OS/010_Normal.jpg,NORMAL-032,val,NORMAL,normal,OS,.jpg,1.8435150384902954
NORMAL/32/OS/011_Normal.jpg,NORMAL-032,val,NORMAL,normal,OS,.jpg,1.8993840217590332
NORMAL/32/OS/012_Normal.jpg,NORMAL-032,val,NORMAL,normal,OS,.jpg,1.9855353832244873
NORMAL/32/OS/013_Normal.jpg,NORMAL-032,val,NORMAL,normal,OS,.jpg,1.8645076751708984
NORMAL/32/OS/014_Normal.jpg,NORMAL-032,val,NORMAL,normal,OS,.jpg,1.8260337114334106
NORMAL/32/OS/015_Normal.jpg,NORMAL-032,val,NORMAL,normal,OS,.jpg,1.886976957321167
NORMAL/32/OS/016_Normal.jpg,NORMAL-032,val,NORMAL,normal,OS,.jpg,1.8672902584075928
NORMAL/32/OS/017_Normal.jpg,NORMAL-032,val,NORMAL,normal,OS,.jpg,1.8471442461013794
NORMAL/32/OS/018_Normal.jpg,NORMAL-032,val,NORMAL,normal,OS,.jpg,1.8879460096359253
NORMAL/32/OS/019_Normal.jpg,NORMAL-032,val,NORMAL,normal,OS,.jpg,1.9588077068328857
NORMAL/32/OS/020_Normal.jpg,NORMAL-032,val,NORMAL,normal,OS,.jpg,1.8866664171218872
NORMAL/32/OS/021_Normal.jpg,NORMAL-032,val,NORMAL,normal,OS,.jpg,1.9290332794189453
NORMAL/32/OS/022_Normal.jpg,NORMAL-032,val,NORMAL,normal,OS,.jpg,1.804330825805664
NORMAL/32/OS/023_Normal.jpg,NORMAL-032,val,NORMAL,normal,OS,.jpg,1.7551530599594116
NORMAL/32/OS/024_Normal.jpg,NORMAL-032,val,NORMAL,normal,OS,.jpg,1.7692348957061768
NORMAL/35/OD/000_Normal.jpg,NORMAL-035,val,NORMAL,normal,OD,.jpg,1.602357268333435
NORMAL/35/OD/001_Normal.jpg,NORMAL-035,val,NORMAL,normal,OD,.jpg,1.603288173675537
NORMAL/35/OD/002_Normal.jpg,NORMAL-035,val,NORMAL,normal,OD,.jpg,1.6583019495010376
NORMAL/35/OD/003_Normal.jpg,NORMAL-035,val,NORMAL,normal,OD,.jpg,1.5930674076080322
NORMAL/35/OD/004_Normal.jpg,NORMAL-035,val,NORMAL,normal,OD,.jpg,1.5896371603012085
NORMAL/35/OD/005_Normal.jpg,NORMAL-035,val,NORMAL,normal,OD,.jpg,1.4799331426620483
NORMAL/35/OD/006_Normal.jpg,NORMAL-035,val,NORMAL,normal,OD,.jpg,1.4862629175186157
NORMAL/35/OD/007_Normal.jpg,NORMAL-035,val,NORMAL,normal,OD,.jpg,1.5874191522598267
NORMAL/35/OD/008_Normal.jpg,NORMAL-035,val,NORMAL,normal,OD,.jpg,1.5402977466583252
NORMAL/35/OD/009_Normal.jpg,NORMAL-035,val,NORMAL,normal,OD,.jpg,1.553038477897644
NORMAL/35/OD/010_Normal.jpg,NORMAL-035,val,NORMAL,normal,OD,.jpg,1.5678884983062744
NORMAL/35/OD/011_Normal.jpg,NORMAL-035,val,NORMAL,normal,OD,.jpg,1.5102366209030151
NORMAL/35/OD/012_Normal.jpg,NORMAL-035,val,NORMAL,normal,OD,.jpg,1.6472302675247192
NORMAL/35/OD/013_Normal.jpg,NORMAL-035,val,NORMAL,normal,OD,.jpg,1.6164993047714233
NORMAL/35/OD/014_Normal.jpg,NORMAL-035,val,NORMAL,normal,OD,.jpg,1.744047999382019
NORMAL/35/OD/015_Normal.jpg,NORMAL-035,val,NORMAL,normal,OD,.jpg,1.5997925996780396
NORMAL/35/OD/016_Normal.jpg,NORMAL-035,val,NORMAL,normal,OD,.jpg,1.6230278015136719
NORMAL/35/OD/017_Normal.jpg,NORMAL-035,val,NORMAL,normal,OD,.jpg,1.6869932413101196
NORMAL/35/OD/018_Normal.jpg,NORMAL-035,val,NORMAL,normal,OD,.jpg,1.8105441331863403
NORMAL/35/OD/019_Normal.jpg,NORMAL-035,val,NORMAL,normal,OD,.jpg,1.8315500020980835
NORMAL/35/OD/020_Normal.jpg,NORMAL-035,val,NORMAL,normal,OD,.jpg,1.9110286235809326
NORMAL/35/OD/021_Normal.jpg,NORMAL-035,val,NORMAL,normal,OD,.jpg,1.8267908096313477
NORMAL/35/OD/022_Normal.jpg,NORMAL-035,val,NORMAL,normal,OD,.jpg,1.6716655492782593
NORMAL/35/OD/023_Normal.jpg,NORMAL-035,val,NORMAL,normal,OD,.jpg,1.717569351196289
NORMAL/35/OD/024_Normal.jpg,NORMAL-035,val,NORMAL,normal,OD,.jpg,1.9836978912353516
NORMAL/35/OD/025_Normal.jpg,NORMAL-035,val,NORMAL,normal,OD,.jpg,1.8525751829147339
NORMAL/35/OD/026_Normal.jpg,NORMAL-035,val,NORMAL,normal,OD,.jpg,1.980013132095337
NORMAL/35/OD/027_Normal.jpg,NORMAL-035,val,NORMAL,normal,OD,.jpg,1.7731884717941284
NORMAL/35/OD/028_Normal.jpg,NORMAL-035,val,NORMAL,normal,OD,.jpg,1.8129384517669678
NORMAL/35/OD/029_Normal.jpg,NORMAL-035,val,NORMAL,normal,OD,.jpg,1.6960309743881226
NORMAL/35/OD/030_Normal.jpg,NORMAL-035,val,NORMAL,normal,OD,.jpg,1.6039501428604126
NORMAL/35/OS/000_Normal.jpg,NORMAL-035,val,NORMAL,normal,OS,.jpg,1.7551792860031128
NORMAL/35/OS/001_Normal.jpg,NORMAL-035,val,NORMAL,normal,OS,.jpg,1.7065237760543823
NORMAL/35/OS/002_Normal.jpg,NORMAL-035,val,NORMAL,normal,OS,.jpg,1.6844462156295776
NORMAL/35/OS/003_Normal.jpg,NORMAL-035,val,NORMAL,normal,OS,.jpg,1.6293675899505615
NORMAL/35/OS/004_Normal.jpg,NORMAL-035,val,NORMAL,normal,OS,.jpg,1.683858036994934
NORMAL/35/OS/005_Normal.jpg,NORMAL-035,val,NORMAL,normal,OS,.jpg,1.7469966411590576
NORMAL/35/OS/006_Normal.jpg,NORMAL-035,val,NORMAL,normal,OS,.jpg,1.8787773847579956
NORMAL/35/OS/007_Normal.jpg,NORMAL-035,val,NORMAL,normal,OS,.jpg,1.8327200412750244
NORMAL/35/OS/008_Normal.jpg,NORMAL-035,val,NORMAL,normal,OS,.jpg,1.7664881944656372
NORMAL/35/OS/009_Normal.jpg,NORMAL-035,val,NORMAL,normal,OS,.jpg,1.918847918510437
NORMAL/35/OS/010_Normal.jpg,NORMAL-035,val,NORMAL,normal,OS,.jpg,1.9590225219726562
NORMAL/35/OS/011_Normal.jpg,NORMAL-035,val,NORMAL,normal,OS,.jpg,1.8079817295074463
NORMAL/35/OS/012_Normal.jpg,NORMAL-035,val,NORMAL,normal,OS,.jpg,1.6403295993804932
NORMAL/35/OS/013_Normal.jpg,NORMAL-035,val,NORMAL,normal,OS,.jpg,1.753172755241394
NORMAL/35/OS/014_Normal.jpg,NORMAL-035,val,NORMAL,normal,OS,.jpg,1.86011803150177
NORMAL/35/OS/015_Normal.jpg,NORMAL-035,val,NORMAL,normal,OS,.jpg,1.9572956562042236
NORMAL/35/OS/016_Normal.jpg,NORMAL-035,val,NORMAL,normal,OS,.jpg,2.190995216369629
NORMAL/35/OS/017_Normal.jpg,NORMAL-035,val,NORMAL,normal,OS,.jpg,1.8245162963867188
NORMAL/35/OS/018_Normal.jpg,NORMAL-035,val,NORMAL,normal,OS,.jpg,1.8403825759887695
NORMAL/35/OS/019_Normal.jpg,NORMAL-035,val,NORMAL,normal,OS,.jpg,1.8855504989624023
NORMAL/35/OS/020_Normal.jpg,NORMAL-035,val,NORMAL,normal,OS,.jpg,2.0978610515594482
NORMAL/35/OS/021_Normal.jpg,NORMAL-035,val,NORMAL,normal,OS,.jpg,1.9361693859100342
NORMAL/35/OS/022_Normal.jpg,NORMAL-035,val,NORMAL,normal,OS,.jpg,1.8371678590774536
NORMAL/35/OS/023_Normal.jpg,NORMAL-035,val,NORMAL,normal,OS,.jpg,1.7121365070343018
NORMAL/35/OS/024_Normal.jpg,NORMAL-035,val,NORMAL,normal,OS,.jpg,1.7153892517089844
NORMAL/35/OS/025_Normal.jpg,NORMAL-035,val,NORMAL,normal,OS,.jpg,1.7642377614974976
NORMAL/35/OS/026_Normal.jpg,NORMAL-035,val,NORMAL,normal,OS,.jpg,2.1557133197784424
NORMAL/35/OS/027_Normal.jpg,NORMAL-035,val,NORMAL,normal,OS,.jpg,2.4834864139556885
NORMAL/35/OS/028_Normal.jpg,NORMAL-035,val,NORMAL,normal,OS,.jpg,2.0551745891571045
NORMAL/35/OS/029_Normal.jpg,NORMAL-035,val,NORMAL,normal,OS,.jpg,1.9686164855957031
NORMAL/35/OS/030_Normal.jpg,NORMAL-035,val,NORMAL,normal,OS,.jpg,1.6707935333251953
NORMAL/45/000_Normal.tif,NORMAL-045,val,NORMAL,normal,OD,.tif,1.5458459854125977
NORMAL/45/001_Normal.tif,NORMAL-045,val,NORMAL,normal,OD,.tif,1.3558006286621094
NORMAL/45/002_Normal.tif,NORMAL-045,val,NORMAL,normal,OD,.tif,1.4572855234146118
NORMAL/45/003_Normal.tif,NORMAL-045,val,NORMAL,normal,OD,.tif,1.4331285953521729
NORMAL/45/004_Normal.tif,NORMAL-045,val,NORMAL,normal,OD,.tif,1.3181113004684448
NORMAL/45/005_Normal.tif,NORMAL-045,val,NORMAL,normal,OD,.tif,1.4724681377410889
NORMAL/45/006_Normal.tif,NORMAL-045,val,NORMAL,normal,OD,.tif,1.5871247053146362
NORMAL/45/007_Normal.tif,NORMAL-045,val,NORMAL,normal,OD,.tif,1.6380157470703125
NORMAL/45/008_Normal.tif,NORMAL-045,val,NORMAL,normal,OD,.tif,1.6126925945281982
NORMAL/45/009_Normal.tif,NORMAL-045,val,NORMAL,normal,OD,.tif,1.598882794380188
NORMAL/45/010_Normal.tif,NORMAL-045,val,NORMAL,normal,OD,.tif,1.732204794883728
NORMAL/45/011_Normal.tif,NORMAL-045,val,NORMAL,normal,OD,.tif,1.7821406126022339
NORMAL/45/012_Normal.tif,NORMAL-045,val,NORMAL,normal,OD,.tif,1.7777178287506104
NORMAL/45/013_Normal.tif,NORMAL-045,val,NORMAL,normal,OD,.tif,1.5433690547943115
NORMAL/45/014_Normal.tif,NORMAL-045,val,NORMAL,normal,OD,.tif,1.4698811769485474
NORMAL/45/015_Normal.tif,NORMAL-045,val,NORMAL,normal,OD,.tif,1.6470832824707031
NORMAL/45/016_Normal.tif,NORMAL-045,val,NORMAL,normal,OD,.tif,1.677497386932373
NORMAL/45/017_Normal.tif,NORMAL-045,val,NORMAL,normal,OD,.tif,1.619462251663208
NORMAL/45/018_Normal.tif,NORMAL-045,val,NORMAL,normal,OD,.tif,1.713240146636963
NORMAL/45/019_Normal.tif,NORMAL-045,val,NORMAL,normal,OD,.tif,1.8095550537109375
NORMAL/45/020_Normal.tif,NORMAL-045,val,NORMAL,normal,OD,.tif,1.8588312864303589
NORMAL/45/021_Normal.tif,NORMAL-045,val,NORMAL,normal,OD,.tif,1.589278221130371
NORMAL/45/022_Normal.tif,NORMAL-045,val,NORMAL,normal,OD,.tif,1.4496915340423584
NORMAL/45/023_Normal.tif,NORMAL-045,val,NORMAL,normal,OD,.tif,1.398732304573059
NORMAL/45/024_Normal.tif,NORMAL-045,val,NORMAL,normal,OD,.tif,1.509789228439331
NORMAL/45/025_Normal.tif,NORMAL-045,val,NORMAL,normal,OD,.tif,1.5623774528503418
NORMAL/45/026_Normal.tif,NORMAL-045,val,NORMAL,normal,OD,.tif,1.5711588859558105
NORMAL/45/027_Normal.tif,NORMAL-045,val,NORMAL,normal,OD,.tif,1.6409990787506104
NORMAL/45/028_Normal.tif,NORMAL-045,val,NORMAL,normal,OD,.tif,1.5539114475250244
NORMAL/45/029_Normal.tif,NORMAL-045,val,NORMAL,normal,OD,.tif,1.7086337804794312
NORMAL/45/030_Normal.tif,NORMAL-045,val,NORMAL,normal,OD,.tif,1.6535760164260864
NORMAL/50/000_Normal.tif,NORMAL-050,val,NORMAL,normal,OD,.tif,1.4648104906082153
NORMAL/50/001_Normal.tif,NORMAL-050,val,NORMAL,normal,OD,.tif,1.5587114095687866
NORMAL/50/002_Normal.tif,NORMAL-050,val,NORMAL,normal,OD,.tif,1.5821146965026855
NORMAL/50/003_Normal.tif,NORMAL-050,val,NORMAL,normal,OD,.tif,1.3823649883270264
NORMAL/50/004_Normal.tif,NORMAL-050,val,NORMAL,normal,OD,.tif,1.3861982822418213
NORMAL/50/005_Normal.tif,NORMAL-050,val,NORMAL,normal,OD,.tif,1.3842042684555054
NORMAL/50/006_Normal.tif,NORMAL-050,val,NORMAL,normal,OD,.tif,1.5211551189422607
NORMAL/50/007_Normal.tif,NORMAL-050,val,NORMAL,normal,OD,.tif,1.3541462421417236
NORMAL/50/008_Normal.tif,NORMAL-050,val,NORMAL,normal,OD,.tif,1.442607045173645
NORMAL/50/009_Normal.tif,NORMAL-050,val,NORMAL,normal,OD,.tif,1.430480718612671
NORMAL/50/010_Normal.tif,NORMAL-050,val,NORMAL,normal,OD,.tif,1.4056106805801392
NORMAL/50/011_Normal.tif,NORMAL-050,val,NORMAL,normal,OD,.tif,1.4165654182434082
NORMAL/50/012_Normal.tif,NORMAL-050,val,NORMAL,normal,OD,.tif,1.3908017873764038
NORMAL/50/013_Normal.tif,NORMAL-050,val,NORMAL,normal,OD,.tif,1.3734607696533203
NORMAL/50/014_Normal.tif,NORMAL-050,val,NORMAL,normal,OD,.tif,1.5858452320098877
NORMAL/50/015_Normal.tif,NORMAL-050,val,NORMAL,normal,OD,.tif,1.6694118976593018
NORMAL/50/016_Normal.tif,NORMAL-050,val,NORMAL,normal,OD,.tif,1.542173147201538
NORMAL/50/017_Normal.tif,NORMAL-050,val,NORMAL,normal,OD,.tif,1.5397882461547852
NORMAL/50/018_Normal.tif,NORMAL-050,val,NORMAL,normal,OD,.tif,1.508111596107483
NORMAL/50/019_Normal.tif,NORMAL-050,val,NORMAL,normal,OD,.tif,1.469580054283142
NORMAL/50/020_Normal.tif,NORMAL-050,val,NORMAL,normal,OD,.tif,1.4646565914154053
NORMAL/50/021_Normal.tif,NORMAL-050,val,NORMAL,normal,OD,.tif,1.483949065208435
NORMAL/50/022_Normal.tif,NORMAL-050,val,NORMAL,normal,OD,.tif,1.4200241565704346
NORMAL/50/023_Normal.tif,NORMAL-050,val,NORMAL,normal,OD,.tif,1.5232831239700317
NORMAL/50/024_Normal.tif,NORMAL-050,val,NORMAL,normal,OD,.tif,1.3587380647659302
NORMAL/50/025_Normal.tif,NORMAL-050,val,NORMAL,normal,OD,.tif,1.604543685913086
NORMAL/50/026_Normal.tif,NORMAL-050,val,NORMAL,normal,OD,.tif,1.5842764377593994
NORMAL/50/027_Normal.tif,NORMAL-050,val,NORMAL,normal,OD,.tif,1.5815601348876953
NORMAL/50/028_Normal.tif,NORMAL-050,val,NORMAL,normal,OD,.tif,1.597662329673767
NORMAL/50/029_Normal.tif,NORMAL-050,val,NORMAL,normal,OD,.tif,1.585023283958435
NORMAL/50/030_Normal.tif,NORMAL-050,val,NORMAL,normal,OD,.tif,1.53023362159729
NORMAL/55/000_Normal.tif,NORMAL-055,val,NORMAL,normal,OD,.tif,1.5588406324386597
NORMAL/55/001_Normal.tif,NORMAL-055,val,NORMAL,normal,OD,.tif,1.574262022972107
NORMAL/55/002_Normal.tif,NORMAL-055,val,NORMAL,normal,OD,.tif,1.6387487649917603
NORMAL/55/003_Normal.tif,NORMAL-055,val,NORMAL,normal,OD,.tif,1.6471279859542847
NORMAL/55/004_Normal.tif,NORMAL-055,val,NORMAL,normal,OD,.tif,1.6680428981781006
NORMAL/55/005_Normal.tif,NORMAL-055,val,NORMAL,normal,OD,.tif,1.5506949424743652
NORMAL/55/006_Normal.tif,NORMAL-055,val,NORMAL,normal,OD,.tif,1.5945407152175903
NORMAL/55/007_Normal.tif,NORMAL-055,val,NORMAL,normal,OD,.tif,1.6022886037826538
NORMAL/55/008_Normal.tif,NORMAL-055,val,NORMAL,normal,OD,.tif,1.5990166664123535
NORMAL/55/009_Normal.tif,NORMAL-055,val,NORMAL,normal,OD,.tif,1.5969936847686768
NORMAL/55/010_Normal.tif,NORMAL-055,val,NORMAL,normal,OD,.tif,1.6277320384979248
NORMAL/55/011_Normal.tif,NORMAL-055,val,NORMAL,normal,OD,.tif,1.6314245462417603
NORMAL/55/012_Normal.tif,NORMAL-055,val,NORMAL,normal,OD,.tif,1.6818617582321167
NORMAL/55/013_Normal.tif,NORMAL-055,val,NORMAL,normal,OD,.tif,1.7247858047485352
NORMAL/55/014_Normal.tif,NORMAL-055,val,NORMAL,normal,OD,.tif,1.689033031463623
NORMAL/55/015_Normal.tif,NORMAL-055,val,NORMAL,normal,OD,.tif,1.836288571357727
NORMAL/55/016_Normal.tif,NORMAL-055,val,NORMAL,normal,OD,.tif,1.8393852710723877
NORMAL/55/017_Normal.tif,NORMAL-055,val,NORMAL,normal,OD,.tif,1.8187240362167358
NORMAL/55/018_Normal.tif,NORMAL-055,val,NORMAL,normal,OD,.tif,1.7475749254226685
NORMAL/55/019_Normal.tif,NORMAL-055,val,NORMAL,normal,OD,.tif,1.7615611553192139
NORMAL/55/020_Normal.tif,NORMAL-055,val,NORMAL,normal,OD,.tif,1.610823392868042
NORMAL/55/021_Normal.tif,NORMAL-055,val,NORMAL,normal,OD,.tif,1.7628732919692993
NORMAL/55/022_Normal.tif,NORMAL-055,val,NORMAL,normal,OD,.tif,1.6783828735351562
NORMAL/55/023_Normal.tif,NORMAL-055,val,NORMAL,normal,OD,.tif,1.816612958908081
NORMAL/55/024_Normal.tif,NORMAL-055,val,NORMAL,normal,OD,.tif,1.7047001123428345
NORMAL/55/025_Normal.tif,NORMAL-055,val,NORMAL,normal,OD,.tif,1.7631644010543823
NORMAL/55/026_Normal.tif,NORMAL-055,val,NORMAL,normal,OD,.tif,1.716245412826538
NORMAL/55/027_Normal.tif,NORMAL-055,val,NORMAL,normal,OD,.tif,1.8608856201171875
NORMAL/55/028_Normal.tif,NORMAL-055,val,NORMAL,normal,OD,.tif,1.7152469158172607
NORMAL/55/029_Normal.tif,NORMAL-055,val,NORMAL,normal,OD,.tif,1.6511704921722412
NORMAL/55/030_Normal.tif,NORMAL-055,val,NORMAL,normal,OD,.tif,1.6994394063949585
NORMAL/59/000_Normal.tif,NORMAL-059,val,NORMAL,normal,OD,.tif,2.1437957286834717
NORMAL/59/001_Normal.tif,NORMAL-059,val,NORMAL,normal,OD,.tif,2.0534591674804688
NORMAL/59/002_Normal.tif,NORMAL-059,val,NORMAL,normal,OD,.tif,2.1247360706329346
NORMAL/59/003_Normal.tif,NORMAL-059,val,NORMAL,normal,OD,.tif,2.0947105884552
NORMAL/59/004_Normal.tif,NORMAL-059,val,NORMAL,normal,OD,.tif,2.0744593143463135
NORMAL/59/005_Normal.tif,NORMAL-059,val,NORMAL,normal,OD,.tif,2.095221757888794
NORMAL/59/006_Normal.tif,NORMAL-059,val,NORMAL,normal,OD,.tif,1.9657623767852783
NORMAL/59/007_Normal.tif,NORMAL-059,val,NORMAL,normal,OD,.tif,2.0254862308502197
NORMAL/59/008_Normal.tif,NORMAL-059,val,NORMAL,normal,OD,.tif,1.9550739526748657
NORMAL/59/009_Normal.tif,NORMAL-059,val,NORMAL,normal,OD,.tif,1.9135016202926636
NORMAL/59/010_Normal.tif,NORMAL-059,val,NORMAL,normal,OD,.tif,1.9564534425735474
NORMAL/59/011_Normal.tif,NORMAL-059,val,NORMAL,normal,OD,.tif,1.838719367980957
NORMAL/59/012_Normal.tif,NORMAL-059,val,NORMAL,normal,OD,.tif,1.9590392112731934
NORMAL/59/013_Normal.tif,NORMAL-059,val,NORMAL,normal,OD,.tif,1.9299407005310059
NORMAL/59/014_Normal.tif,NORMAL-059,val,NORMAL,normal,OD,.tif,1.978497862815857
NORMAL/59/015_Normal.tif,NORMAL-059,val,NORMAL,normal,OD,.tif,2.0551319122314453
NORMAL/59/016_Normal.tif,NORMAL-059,val,NORMAL,normal,OD,.tif,1.9703847169876099
NORMAL/59/017_Normal.tif,NORMAL-059,val,NORMAL,normal,OD,.tif,1.8466815948486328
NORMAL/59/018_Normal.tif,NORMAL-059,val,NORMAL,normal,OD,.tif,1.816884994506836
NORMAL/59/019_Normal.tif,NORMAL-059,val,NORMAL,normal,OD,.tif,1.659133791923523
NORMAL/59/020_Normal.tif,NORMAL-059,val,NORMAL,normal,OD,.tif,1.634217619895935
NORMAL/59/021_Normal.tif,NORMAL-059,val,NORMAL,normal,OD,.tif,1.6138207912445068
NORMAL/59/022_Normal.tif,NORMAL-059,val,NORMAL,normal,OD,.tif,1.741882085800171
NORMAL/59/023_Normal.tif,NORMAL-059,val,NORMAL,normal,OD,.tif,1.7624999284744263
NORMAL/59/024_Normal.tif,NORMAL-059,val,NORMAL,normal,OD,.tif,1.7416374683380127
NORMAL/59/025_Normal.tif,NORMAL-059,val,NORMAL,normal,OD,.tif,1.8156065940856934
NORMAL/59/026_Normal.tif,NORMAL-059,val,NORMAL,normal,OD,.tif,1.8293392658233643
NORMAL/59/027_Normal.tif,NORMAL-059,val,NORMAL,normal,OD,.tif,1.755444049835205
NORMAL/59/028_Normal.tif,NORMAL-059,val,NORMAL,normal,OD,.tif,1.7153269052505493
NORMAL/59/029_Normal.tif,NORMAL-059,val,NORMAL,normal,OD,.tif,1.7400624752044678
NORMAL/59/030_Normal.tif,NORMAL-059,val,NORMAL,normal,OD,.tif,1.6403908729553223
NORMAL/63/000_Normal.tif,NORMAL-063,val,NORMAL,normal,OS,.tif,2.166536569595337
NORMAL/63/001_Normal.tif,NORMAL-063,val,NORMAL,normal,OS,.tif,2.281759738922119
NORMAL/63/002_Normal.tif,NORMAL-063,val,NORMAL,normal,OS,.tif,2.1046855449676514
NORMAL/63/003_Normal.tif,NORMAL-063,val,NORMAL,normal,OS,.tif,2.0781373977661133
NORMAL/63/004_Normal.tif,NORMAL-063,val,NORMAL,normal,OS,.tif,2.1313235759735107
NORMAL/63/005_Normal.tif,NORMAL-063,val,NORMAL,normal,OS,.tif,2.1538498401641846
NORMAL/63/006_Normal.tif,NORMAL-063,val,NORMAL,normal,OS,.tif,2.1086337566375732
NORMAL/63/007_Normal.tif,NORMAL-063,val,NORMAL,normal,OS,.tif,2.1442251205444336
NORMAL/63/008_Normal.tif,NORMAL-063,val,NORMAL,normal,OS,.tif,2.124267578125
NORMAL/63/009_Normal.tif,NORMAL-063,val,NORMAL,normal,OS,.tif,2.266857624053955
NORMAL/63/010_Normal.tif,NORMAL-063,val,NORMAL,normal,OS,.tif,2.238147258758545
NORMAL/63/011_Normal.tif,NORMAL-063,val,NORMAL,normal,OS,.tif,2.3317840099334717
NORMAL/63/012_Normal.tif,NORMAL-063,val,NORMAL,normal,OS,.tif,2.389970064163208
NORMAL/63/013_Normal.tif,NORMAL-063,val,NORMAL,normal,OS,.tif,2.484567642211914
NORMAL/63/014_Normal.tif,NORMAL-063,val,NORMAL,normal,OS,.tif,2.476457357406616
NORMAL/63/015_Normal.tif,NORMAL-063,val,NORMAL,normal,OS,.tif,2.3860886096954346
NORMAL/63/016_Normal.tif,NORMAL-063,val,NORMAL,normal,OS,.tif,2.5203206539154053
NORMAL/63/017_Normal.tif,NORMAL-063,val,NORMAL,normal,OS,.tif,2.437448024749756
NORMAL/63/018_Normal.tif,NORMAL-063,val,NORMAL,normal,OS,.tif,2.300527572631836
NORMAL/63/019_Normal.tif,NORMAL-063,val,NORMAL,normal,OS,.tif,2.1690330505371094
NORMAL/63/020_Normal.tif,NORMAL-063,val,NORMAL,normal,OS,.tif,2.1464390754699707
NORMAL/63/021_Normal.tif,NORMAL-063,val,NORMAL,normal,OS,.tif,2.1396279335021973
NORMAL/63/022_Normal.tif,NORMAL-063,val,NORMAL,normal,OS,.tif,2.095252513885498
NORMAL/63/023_Normal.tif,NORMAL-063,val,NORMAL,normal,OS,.tif,2.1635355949401855
NORMAL/63/024_Normal.tif,NORMAL-063,val,NORMAL,normal,OS,.tif,2.104670524597168
NORMAL/63/025_Normal.tif,NORMAL-063,val,NORMAL,normal,OS,.tif,2.0807642936706543
NORMAL/63/026_Normal.tif,NORMAL-063,val,NORMAL,normal,OS,.tif,2.1420819759368896
NORMAL/63/027_Normal.tif,NORMAL-063,val,NORMAL,normal,OS,.tif,2.229067325592041
NORMAL/63/028_Normal.tif,NORMAL-063,val,NORMAL,normal,OS,.tif,2.0800814628601074
NORMAL/63/029_Normal.tif,NORMAL-063,val,NORMAL,normal,OS,.tif,2.0192787647247314
NORMAL/63/030_Normal.tif,NORMAL-063,val,NORMAL,normal,OS,.tif,2.142624616622925
NORMAL/68/000_Normal.tif,NORMAL-068,val,NORMAL,normal,OD,.tif,1.8278076648712158
NORMAL/68/001_Normal.tif,NORMAL-068,val,NORMAL,normal,OD,.tif,1.7766038179397583
NORMAL/68/002_Normal.tif,NORMAL-068,val,NORMAL,normal,OD,.tif,1.8593183755874634
NORMAL/68/003_Normal.tif,NORMAL-068,val,NORMAL,normal,OD,.tif,1.8063935041427612
NORMAL/68/004_Normal.tif,NORMAL-068,val,NORMAL,normal,OD,.tif,1.8089622259140015
NORMAL/68/005_Normal.tif,NORMAL-068,val,NORMAL,normal,OD,.tif,1.8132076263427734
NORMAL/68/006_Normal.tif,NORMAL-068,val,NORMAL,normal,OD,.tif,2.0188698768615723
NORMAL/68/007_Normal.tif,NORMAL-068,val,NORMAL,normal,OD,.tif,1.8954336643218994
NORMAL/68/008_Normal.tif,NORMAL-068,val,NORMAL,normal,OD,.tif,1.9734416007995605
NORMAL/68/009_Normal.tif,NORMAL-068,val,NORMAL,normal,OD,.tif,1.9663856029510498
NORMAL/68/010_Normal.tif,NORMAL-068,val,NORMAL,normal,OD,.tif,2.0005671977996826
NORMAL/68/011_Normal.tif,NORMAL-068,val,NORMAL,normal,OD,.tif,1.9180456399917603
NORMAL/68/012_Normal.tif,NORMAL-068,val,NORMAL,normal,OD,.tif,1.929121732711792
NORMAL/68/013_Normal.tif,NORMAL-068,val,NORMAL,normal,OD,.tif,1.8915826082229614
NORMAL/68/014_Normal.tif,NORMAL-068,val,NORMAL,normal,OD,.tif,1.908037543296814
NORMAL/68/015_Normal.tif,NORMAL-068,val,NORMAL,normal,OD,.tif,1.9285061359405518
NORMAL/68/016_Normal.tif,NORMAL-068,val,NORMAL,normal,OD,.tif,1.9317706823349
NORMAL/68/017_Normal.tif,NORMAL-068,val,NORMAL,normal,OD,.tif,1.829155683517456
NORMAL/68/018_Normal.tif,NORMAL-068,val,NORMAL,normal,OD,.tif,1.8116291761398315
NORMAL/68/019_Normal.tif,NORMAL-068,val,NORMAL,normal,OD,.tif,1.8225784301757812
NORMAL/68/020_Normal.tif,NORMAL-068,val,NORMAL,normal,OD,.tif,1.8082644939422607
NORMAL/68/021_Normal.tif,NORMAL-068,val,NORMAL,normal,OD,.tif,1.789628267288208
NORMAL/68/022_Normal.tif,NORMAL-068,val,NORMAL,normal,OD,.tif,1.8320244550704956
NORMAL/68/023_Normal.tif,NORMAL-068,val,NORMAL,normal,OD,.tif,1.828300952911377
NORMAL/68/024_Normal.tif,NORMAL-068,val,NORMAL,normal,OD,.tif,1.7605308294296265
NORMAL/68/025_Normal.tif,NORMAL-068,val,NORMAL,normal,OD,.tif,1.8137571811676025
NORMAL/68/026_Normal.tif,NORMAL-068,val,NORMAL,normal,OD,.tif,1.7817213535308838
NORMAL/68/027_Normal.tif,NORMAL-068,val,NORMAL,normal,OD,.tif,1.744741439819336
NORMAL/68/028_Normal.tif,NORMAL-068,val,NORMAL,normal,OD,.tif,1.9718387126922607
NORMAL/68/029_Normal.tif,NORMAL-068,val,NORMAL,normal,OD,.tif,1.898171067237854
NORMAL/68/030_Normal.tif,NORMAL-068,val,NORMAL,normal,OD,.tif,1.88625967502594
NORMAL/75/OD/000_Normal.tif,NORMAL-075,val,NORMAL,normal,OD,.tif,1.5978477001190186
NORMAL/75/OD/001_Normal.tif,NORMAL-075,val,NORMAL,normal,OD,.tif,1.7003992795944214
NORMAL/75/OD/002_Normal.tif,NORMAL-075,val,NORMAL,normal,OD,.tif,1.722043514251709
NORMAL/75/OD/003_Normal.tif,NORMAL-075,val,NORMAL,normal,OD,.tif,1.7140837907791138
NORMAL/75/OD/004_Normal.tif,NORMAL-075,val,NORMAL,normal,OD,.tif,1.6523710489273071
NORMAL/75/OD/005_Normal.tif,NORMAL-075,val,NORMAL,normal,OD,.tif,1.6693581342697144
NORMAL/75/OD/006_Normal.tif,NORMAL-075,val,NORMAL,normal,OD,.tif,1.6502174139022827
NORMAL/75/OD/007_Normal.tif,NORMAL-075,val,NORMAL,normal,OD,.tif,1.8915488719940186
NORMAL/75/OD/008_Normal.tif,NORMAL-075,val,NORMAL,normal,OD,.tif,1.800971269607544
NORMAL/75/OD/009_Normal.tif,NORMAL-075,val,NORMAL,normal,OD,.tif,1.7189525365829468
NORMAL/75/OD/010_Normal.tif,NORMAL-075,val,NORMAL,normal,OD,.tif,1.8074769973754883
NORMAL/75/OD/011_Normal.tif,NORMAL-075,val,NORMAL,normal,OD,.tif,1.7693740129470825
NORMAL/75/OD/012_Normal.tif,NORMAL-075,val,NORMAL,normal,OD,.tif,1.748512625694275
NORMAL/75/OD/013_Normal.tif,NORMAL-075,val,NORMAL,normal,OD,.tif,1.8445838689804077
NORMAL/75/OD/014_Normal.tif,NORMAL-075,val,NORMAL,normal,OD,.tif,1.809613823890686
NORMAL/75/OD/015_Normal.tif,NORMAL-075,val,NORMAL,normal,OD,.tif,2.0034356117248535
NORMAL/75/OD/016_Normal.tif,NORMAL-075,val,NORMAL,normal,OD,.tif,2.0250155925750732
NORMAL/75/OD/017_Normal.tif,NORMAL-075,val,NORMAL,normal,OD,.tif,1.9571802616119385
NORMAL/75/OD/018_Normal.tif,NORMAL-075,val,NORMAL,normal,OD,.tif,1.9822534322738647
NORMAL/75/OD/019_Normal.tif,NORMAL-075,val,NORMAL,normal,OD,.tif,1.9512704610824585
NORMAL/75/OD/020_Normal.tif,NORMAL-075,val,NORMAL,normal,OD,.tif,1.8733134269714355
NORMAL/75/OD/021_Normal.tif,NORMAL-075,val,NORMAL,normal,OD,.tif,1.8271046876907349
NORMAL/75/OD/022_Normal.tif,NORMAL-075,val,NORMAL,normal,OD,.tif,1.829168438911438
NORMAL/75/OD/023_Normal.tif,NORMAL-075,val,NORMAL,normal,OD,.tif,1.8121895790100098
NORMAL/75/OD/024_Normal.tif,NORMAL-075,val,NORMAL,normal,OD,.tif,1.9583661556243896
NORMAL/75/OD/025_Normal.tif,NORMAL-075,val,NORMAL,normal,OD,.tif,1.8299837112426758
NORMAL/75/OD/026_Normal.tif,NORMAL-075,val,NORMAL,normal,OD,.tif,1.8583900928497314
NORMAL/75/OD/027_Normal.tif,NORMAL-075,val,NORMAL,normal,OD,.tif,1.8491113185882568
NORMAL/75/OD/028_Normal.tif,NORMAL-075,val,NORMAL,normal,OD,.tif,1.9374161958694458
NORMAL/75/OD/029_Normal.tif,NORMAL-075,val,NORMAL,normal,OD,.tif,1.8018077611923218
NORMAL/75/OD/030_Normal.tif,NORMAL-075,val,NORMAL,normal,OD,.tif,1.604304552078247
NORMAL/75/OS/000_Normal.tif,NORMAL-075,val,NORMAL,normal,OS,.tif,2.1175315380096436
NORMAL/75/OS/001_Normal.tif,NORMAL-075,val,NORMAL,normal,OS,.tif,2.011631727218628
NORMAL/75/OS/002_Normal.tif,NORMAL-075,val,NORMAL,normal,OS,.tif,1.9196332693099976
NORMAL/75/OS/003_Normal.tif,NORMAL-075,val,NORMAL,normal,OS,.tif,1.8716108798980713
NORMAL/75/OS/004_Normal.tif,NORMAL-075,val,NORMAL,normal,OS,.tif,1.8587013483047485
NORMAL/75/OS/005_Normal.tif,NORMAL-075,val,NORMAL,normal,OS,.tif,1.8072211742401123
NORMAL/75/OS/006_Normal.tif,NORMAL-075,val,NORMAL,normal,OS,.tif,1.9294025897979736
NORMAL/75/OS/007_Normal.tif,NORMAL-075,val,NORMAL,normal,OS,.tif,1.887444019317627
NORMAL/75/OS/008_Normal.tif,NORMAL-075,val,NORMAL,normal,OS,.tif,1.7799708843231201
NORMAL/75/OS/009_Normal.tif,NORMAL-075,val,NORMAL,normal,OS,.tif,1.8451199531555176
NORMAL/75/OS/010_Normal.tif,NORMAL-075,val,NORMAL,normal,OS,.tif,1.7741504907608032
NORMAL/75/OS/011_Normal.tif,NORMAL-075,val,NORMAL,normal,OS,.tif,1.850175380706787
NORMAL/75/OS/012_Normal.tif,NORMAL-075,val,NORMAL,normal,OS,.tif,1.7372334003448486
NORMAL/75/OS/013_Normal.tif,NORMAL-075,val,NORMAL,normal,OS,.tif,1.772732138633728
NORMAL/75/OS/014_Normal.tif,NORMAL-075,val,NORMAL,normal,OS,.tif,1.906633734703064
NORMAL/75/OS/015_Normal.tif,NORMAL-075,val,NORMAL,normal,OS,.tif,2.0185325145721436
NORMAL/75/OS/016_Normal.tif,NORMAL-075,val,NORMAL,normal,OS,.tif,2.03224515914917
NORMAL/75/OS/017_Normal.tif,NORMAL-075,val,NORMAL,normal,OS,.tif,1.9997056722640991
NORMAL/75/OS/018_Normal.tif,NORMAL-075,val,NORMAL,normal,OS,.tif,2.258323907852173
NORMAL/75/OS/019_Normal.tif,NORMAL-075,val,NORMAL,normal,OS,.tif,2.080221652984619
NORMAL/75/OS/020_Normal.tif,NORMAL-075,val,NORMAL,normal,OS,.tif,1.9912620782852173
NORMAL/75/OS/021_Normal.tif,NORMAL-075,val,NORMAL,normal,OS,.tif,1.9871731996536255
NORMAL/75/OS/022_Normal.tif,NORMAL-075,val,NORMAL,normal,OS,.tif,1.9982737302780151
NORMAL/75/OS/023_Normal.tif,NORMAL-075,val,NORMAL,normal,OS,.tif,2.0273308753967285
NORMAL/75/OS/024_Normal.tif,NORMAL-075,val,NORMAL,normal,OS,.tif,2.054276704788208
NORMAL/75/OS/025_Normal.tif,NORMAL-075,val,NORMAL,normal,OS,.tif,2.035615921020508
NORMAL/75/OS/026_Normal.tif,NORMAL-075,val,NORMAL,normal,OS,.tif,2.1446025371551514
NORMAL/75/OS/027_Normal.tif,NORMAL-075,val,NORMAL,normal,OS,.tif,2.0871310234069824
NORMAL/75/OS/028_Normal.tif,NORMAL-075,val,NORMAL,normal,OS,.tif,1.8424540758132935
NORMAL/75/OS/029_Normal.tif,NORMAL-075,val,NORMAL,normal,OS,.tif,1.8697932958602905
NORMAL/75/OS/030_Normal.tif,NORMAL-075,val,NORMAL,normal,OS,.tif,2.02803111076355
NORMAL/91/000_Normal.tif,NORMAL-091,val,NORMAL,normal,OS,.tif,1.7443443536758423
NORMAL/91/001_Normal.tif,NORMAL-091,val,NORMAL,normal,OS,.tif,1.6662802696228027
NORMAL/91/002_Normal.tif,NORMAL-091,val,NORMAL,normal,OS,.tif,1.7950501441955566
NORMAL/91/003_Normal.tif,NORMAL-091,val,NORMAL,normal,OS,.tif,1.9044028520584106
NORMAL/91/004_Normal.tif,NORMAL-091,val,NORMAL,normal,OS,.tif,1.713657259941101
NORMAL/91/005_Normal.tif,NORMAL-091,val,NORMAL,normal,OS,.tif,1.677531123161316
NORMAL/91/006_Normal.tif,NORMAL-091,val,NORMAL,normal,OS,.tif,1.7076870203018188
NORMAL/91/007_Normal.tif,NORMAL-091,val,NORMAL,normal,OS,.tif,1.6519206762313843
NORMAL/91/008_Normal.tif,NORMAL-091,val,NORMAL,normal,OS,.tif,1.8592010736465454
NORMAL/91/009_Normal.tif,NORMAL-091,val,NORMAL,normal,OS,.tif,1.783220887184143
NORMAL/91/010_Normal.tif,NORMAL-091,val,NORMAL,normal,OS,.tif,1.853959560394287
NORMAL/91/011_Normal.tif,NORMAL-091,val,NORMAL,normal,OS,.tif,2.003758668899536
NORMAL/91/012_Normal.tif,NORMAL-091,val,NORMAL,normal,OS,.tif,1.9495316743850708
NORMAL/91/013_Normal.tif,NORMAL-091,val,NORMAL,normal,OS,.tif,1.941771149635315
NORMAL/91/014_Normal.tif,NORMAL-091,val,NORMAL,normal,OS,.tif,1.92628812789917
NORMAL/91/015_Normal.tif,NORMAL-091,val,NORMAL,normal,OS,.tif,1.9514589309692383
NORMAL/91/016_Normal.tif,NORMAL-091,val,NORMAL,normal,OS,.tif,1.8455146551132202
NORMAL/91/017_Normal.tif,NORMAL-091,val,NORMAL,normal,OS,.tif,1.8908637762069702
NORMAL/91/018_Normal.tif,NORMAL-091,val,NORMAL,normal,OS,.tif,1.9053553342819214
NORMAL/91/019_Normal.tif,NORMAL-091,val,NORMAL,normal,OS,.tif,1.827906847000122
NORMAL/91/020_Normal.tif,NORMAL-091,val,NORMAL,normal,OS,.tif,1.8261189460754395
NORMAL/91/021_Normal.tif,NORMAL-091,val,NORMAL,normal,OS,.tif,1.9716339111328125
NORMAL/91/022_Normal.tif,NORMAL-091,val,NORMAL,normal,OS,.tif,1.9293938875198364
NORMAL/91/023_Normal.tif,NORMAL-091,val,NORMAL,normal,OS,.tif,1.9560210704803467
NORMAL/91/024_Normal.tif,NORMAL-091,val,NORMAL,normal,OS,.tif,1.83645761013031
NORMAL/101/OD/000_Normal.tif,NORMAL-101,val,NORMAL,normal,OD,.tif,2.0676755905151367
NORMAL/101/OD/001_Normal.tif,NORMAL-101,val,NORMAL,normal,OD,.tif,2.1113996505737305
NORMAL/101/OD/002_Normal.tif,NORMAL-101,val,NORMAL,normal,OD,.tif,1.9359946250915527
NORMAL/101/OD/003_Normal.tif,NORMAL-101,val,NORMAL,normal,OD,.tif,1.939592957496643
NORMAL/101/OD/004_Normal.tif,NORMAL-101,val,NORMAL,normal,OD,.tif,1.9106446504592896
NORMAL/101/OD/005_Normal.tif,NORMAL-101,val,NORMAL,normal,OD,.tif,1.7874585390090942
NORMAL/101/OD/006_Normal.tif,NORMAL-101,val,NORMAL,normal,OD,.tif,1.6566513776779175
NORMAL/101/OD/007_Normal.tif,NORMAL-101,val,NORMAL,normal,OD,.tif,1.6386405229568481
NORMAL/101/OD/008_Normal.tif,NORMAL-101,val,NORMAL,normal,OD,.tif,1.5952047109603882
NORMAL/101/OD/009_Normal.tif,NORMAL-101,val,NORMAL,normal,OD,.tif,1.56864595413208
NORMAL/101/OD/010_Normal.tif,NORMAL-101,val,NORMAL,normal,OD,.tif,1.742806077003479
NORMAL/101/OD/011_Normal.tif,NORMAL-101,val,NORMAL,normal,OD,.tif,1.6285535097122192
NORMAL/101/OD/012_Normal.tif,NORMAL-101,val,NORMAL,normal,OD,.tif,1.6618455648422241
NORMAL/101/OD/013_Normal.tif,NORMAL-101,val,NORMAL,normal,OD,.tif,1.6890066862106323
NORMAL/101/OD/014_Normal.tif,NORMAL-101,val,NORMAL,normal,OD,.tif,1.705222487449646
NORMAL/101/OD/015_Normal.tif,NORMAL-101,val,NORMAL,normal,OD,.tif,1.8158149719238281
NORMAL/101/OD/016_Normal.tif,NORMAL-101,val,NORMAL,normal,OD,.tif,1.9033476114273071
NORMAL/101/OD/017_Normal.tif,NORMAL-101,val,NORMAL,normal,OD,.tif,1.9050689935684204
NORMAL/101/OD/018_Normal.tif,NORMAL-101,val,NORMAL,normal,OD,.tif,1.9638986587524414
NORMAL/101/OD/019_Normal.tif,NORMAL-101,val,NORMAL,normal,OD,.tif,1.8462036848068237
NORMAL/101/OD/020_Normal.tif,NORMAL-101,val,NORMAL,normal,OD,.tif,1.6289211511611938
NORMAL/101/OD/021_Normal.tif,NORMAL-101,val,NORMAL,normal,OD,.tif,1.5955491065979004
NORMAL/101/OD/022_Normal.tif,NORMAL-101,val,NORMAL,normal,OD,.tif,1.6365208625793457
NORMAL/101/OD/023_Normal.tif,NORMAL-101,val,NORMAL,normal,OD,.tif,1.655134677886963
NORMAL/101/OD/024_Normal.tif,NORMAL-101,val,NORMAL,normal,OD,.tif,1.6729742288589478
NORMAL/101/OD/025_Normal.tif,NORMAL-101,val,NORMAL,normal,OD,.tif,1.7122502326965332
NORMAL/101/OD/026_Normal.tif,NORMAL-101,val,NORMAL,normal,OD,.tif,1.7399585247039795
NORMAL/101/OD/027_Normal.tif,NORMAL-101,val,NORMAL,normal,OD,.tif,1.7134448289871216
NORMAL/101/OD/028_Normal.tif,NORMAL-101,val,NORMAL,normal,OD,.tif,1.6911503076553345
NORMAL/101/OD/029_Normal.tif,NORMAL-101,val,NORMAL,normal,OD,.tif,1.7339630126953125
NORMAL/101/OD/030_Normal.tif,NORMAL-101,val,NORMAL,normal,OD,.tif,1.684207558631897
NORMAL/101/OS/000_Normal.tif,NORMAL-101,val,NORMAL,normal,OS,.tif,1.952809453010559
NORMAL/101/OS/001_Normal.tif,NORMAL-101,val,NORMAL,normal,OS,.tif,1.8723188638687134
NORMAL/101/OS/002_Normal.tif,NORMAL-101,val,NORMAL,normal,OS,.tif,1.7529244422912598
NORMAL/101/OS/003_Normal.tif,NORMAL-101,val,NORMAL,normal,OS,.tif,1.7709577083587646
NORMAL/101/OS/004_Normal.tif,NORMAL-101,val,NORMAL,normal,OS,.tif,1.7346750497817993
NORMAL/101/OS/005_Normal.tif,NORMAL-101,val,NORMAL,normal,OS,.tif,1.7160608768463135
NORMAL/101/OS/006_Normal.tif,NORMAL-101,val,NORMAL,normal,OS,.tif,1.7412456274032593
NORMAL/101/OS/007_Normal.tif,NORMAL-101,val,NORMAL,normal,OS,.tif,1.6363346576690674
NORMAL/101/OS/008_Normal.tif,NORMAL-101,val,NORMAL,normal,OS,.tif,1.6121906042099
NORMAL/101/OS/009_Normal.tif,NORMAL-101,val,NORMAL,normal,OS,.tif,1.6060870885849
NORMAL/101/OS/010_Normal.tif,NORMAL-101,val,NORMAL,normal,OS,.tif,1.5549402236938477
NORMAL/101/OS/011_Normal.tif,NORMAL-101,val,NORMAL,normal,OS,.tif,1.5169779062271118
NORMAL/101/OS/012_Normal.tif,NORMAL-101,val,NORMAL,normal,OS,.tif,1.4775313138961792
NORMAL/101/OS/013_Normal.tif,NORMAL-101,val,NORMAL,normal,OS,.tif,1.4729779958724976
NORMAL/101/OS/014_Normal.tif,NORMAL-101,val,NORMAL,normal,OS,.tif,1.5667973756790161
NORMAL/101/OS/015_Normal.tif,NORMAL-101,val,NORMAL,normal,OS,.tif,1.7070986032485962
NORMAL/101/OS/016_Normal.tif,NORMAL-101,val,NORMAL,normal,OS,.tif,1.683289885520935
NORMAL/101/OS/017_Normal.tif,NORMAL-101,val,NORMAL,normal,OS,.tif,1.6009118556976318
NORMAL/101/OS/018_Normal.tif,NORMAL-101,val,NORMAL,normal,OS,.tif,1.579996109008789
NORMAL/101/OS/019_Normal.tif,NORMAL-101,val,NORMAL,normal,OS,.tif,1.600420355796814
NORMAL/101/OS/020_Normal.tif,NORMAL-101,val,NORMAL,normal,OS,.tif,1.6218520402908325
NORMAL/101/OS/021_Normal.tif,NORMAL-101,val,NORMAL,normal,OS,.tif,1.5164029598236084
NORMAL/101/OS/022_Normal.tif,NORMAL-101,val,NORMAL,normal,OS,.tif,1.4657808542251587
NORMAL/101/OS/023_Normal.tif,NORMAL-101,val,NORMAL,normal,OS,.tif,1.5170711278915405
NORMAL/101/OS/024_Normal.tif,NORMAL-101,val,NORMAL,normal,OS,.tif,1.617279052734375
NORMAL/101/OS/025_Normal.tif,NORMAL-101,val,NORMAL,normal,OS,.tif,1.6915407180786133
NORMAL/101/OS/026_Normal.tif,NORMAL-101,val,NORMAL,normal,OS,.tif,1.7584447860717773
NORMAL/101/OS/027_Normal.tif,NORMAL-101,val,NORMAL,normal,OS,.tif,1.7622499465942383
NORMAL/101/OS/028_Normal.tif,NORMAL-101,val,NORMAL,normal,OS,.tif,1.8206210136413574
NORMAL/101/OS/029_Normal.tif,NORMAL-101,val,NORMAL,normal,OS,.tif,1.7879823446273804
NORMAL/101/OS/030_Normal.tif,NORMAL-101,val,NORMAL,normal,OS,.tif,1.9529979228973389
NORMAL/107/OD/000_Normal.tif,NORMAL-107,val,NORMAL,normal,OD,.tif,2.123772621154785
NORMAL/107/OD/001_Normal.tif,NORMAL-107,val,NORMAL,normal,OD,.tif,1.9658156633377075
NORMAL/107/OD/002_Normal.tif,NORMAL-107,val,NORMAL,normal,OD,.tif,2.1029655933380127
NORMAL/107/OD/003_Normal.tif,NORMAL-107,val,NORMAL,normal,OD,.tif,1.9057544469833374
NORMAL/107/OD/004_Normal.tif,NORMAL-107,val,NORMAL,normal,OD,.tif,2.041609525680542
NORMAL/107/OD/005_Normal.tif,NORMAL-107,val,NORMAL,normal,OD,.tif,1.9370166063308716
NORMAL/107/OD/006_Normal.tif,NORMAL-107,val,NORMAL,normal,OD,.tif,1.9469630718231201
NORMAL/107/OD/007_Normal.tif,NORMAL-107,val,NORMAL,normal,OD,.tif,1.8201509714126587
NORMAL/107/OD/008_Normal.tif,NORMAL-107,val,NORMAL,normal,OD,.tif,1.734483242034912
NORMAL/107/OD/009_Normal.tif,NORMAL-107,val,NORMAL,normal,OD,.tif,1.7254135608673096
NORMAL/107/OD/010_Normal.tif,NORMAL-107,val,NORMAL,normal,OD,.tif,1.746153473854065
NORMAL/107/OD/011_Normal.tif,NORMAL-107,val,NORMAL,normal,OD,.tif,1.696889042854309
NORMAL/107/OD/012_Normal.tif,NORMAL-107,val,NORMAL,normal,OD,.tif,1.6645911931991577
NORMAL/107/OD/013_Normal.tif,NORMAL-107,val,NORMAL,normal,OD,.tif,1.669747233390808
NORMAL/107/OD/014_Normal.tif,NORMAL-107,val,NORMAL,normal,OD,.tif,1.8352978229522705
NORMAL/107/OD/015_Normal.tif,NORMAL-107,val,NORMAL,normal,OD,.tif,1.9089317321777344
NORMAL/107/OD/016_Normal.tif,NORMAL-107,val,NORMAL,normal,OD,.tif,1.8155630826950073
NORMAL/107/OD/017_Normal.tif,NORMAL-107,val,NORMAL,normal,OD,.tif,1.6415150165557861
NORMAL/107/OD/018_Normal.tif,NORMAL-107,val,NORMAL,normal,OD,.tif,1.541861891746521
NORMAL/107/OD/019_Normal.tif,NORMAL-107,val,NORMAL,normal,OD,.tif,1.5296435356140137
NORMAL/107/OD/020_Normal.tif,NORMAL-107,val,NORMAL,normal,OD,.tif,1.5502040386199951
NORMAL/107/OD/021_Normal.tif,NORMAL-107,val,NORMAL,normal,OD,.tif,1.5412540435791016
NORMAL/107/OD/022_Normal.tif,NORMAL-107,val,NORMAL,normal,OD,.tif,1.6352335214614868
NORMAL/107/OD/023_Normal.tif,NORMAL-107,val,NORMAL,normal,OD,.tif,1.536033034324646
NORMAL/107/OD/024_Normal.tif,NORMAL-107,val,NORMAL,normal,OD,.tif,1.5491392612457275
NORMAL/107/OD/025_Normal.tif,NORMAL-107,val,NORMAL,normal,OD,.tif,1.4727708101272583
NORMAL/107/OD/026_Normal.tif,NORMAL-107,val,NORMAL,normal,OD,.tif,1.5842173099517822
NORMAL/107/OD/027_Normal.tif,NORMAL-107,val,NORMAL,normal,OD,.tif,1.6669931411743164
NORMAL/107/OD/028_Normal.tif,NORMAL-107,val,NORMAL,normal,OD,.tif,1.5918810367584229
NORMAL/107/OD/029_Normal.tif,NORMAL-107,val,NORMAL,normal,OD,.tif,1.639472246170044
NORMAL/107/OD/030_Normal.tif,NORMAL-107,val,NORMAL,normal,OD,.tif,1.675806999206543
NORMAL/107/OS/000_Normal.tif,NORMAL-107,val,NORMAL,normal,OS,.tif,1.616142749786377
NORMAL/107/OS/001_Normal.tif,NORMAL-107,val,NORMAL,normal,OS,.tif,1.6451753377914429
NORMAL/107/OS/002_Normal.tif,NORMAL-107,val,NORMAL,normal,OS,.tif,1.5122783184051514
NORMAL/107/OS/003_Normal.tif,NORMAL-107,val,NORMAL,normal,OS,.tif,1.5947624444961548
NORMAL/107/OS/004_Normal.tif,NORMAL-107,val,NORMAL,normal,OS,.tif,1.516716480255127
NORMAL/107/OS/005_Normal.tif,NORMAL-107,val,NORMAL,normal,OS,.tif,1.61888587474823
NORMAL/107/OS/006_Normal.tif,NORMAL-107,val,NORMAL,normal,OS,.tif,1.5211154222488403
NORMAL/107/OS/007_Normal.tif,NORMAL-107,val,NORMAL,normal,OS,.tif,1.569042444229126
NORMAL/107/OS/008_Normal.tif,NORMAL-107,val,NORMAL,normal,OS,.tif,1.5873353481292725
NORMAL/107/OS/009_Normal.tif,NORMAL-107,val,NORMAL,normal,OS,.tif,1.5640219449996948
NORMAL/107/OS/010_Normal.tif,NORMAL-107,val,NORMAL,normal,OS,.tif,1.5662587881088257
NORMAL/107/OS/011_Normal.tif,NORMAL-107,val,NORMAL,normal,OS,.tif,1.6145628690719604
NORMAL/107/OS/012_Normal.tif,NORMAL-107,val,NORMAL,normal,OS,.tif,1.5925297737121582
NORMAL/107/OS/013_Normal.tif,NORMAL-107,val,NORMAL,normal,OS,.tif,1.6316548585891724
NORMAL/107/OS/014_Normal.tif,NORMAL-107,val,NORMAL,normal,OS,.tif,1.527669072151184
NORMAL/107/OS/015_Normal.tif,NORMAL-107,val,NORMAL,normal,OS,.tif,1.6132009029388428
NORMAL/107/OS/016_Normal.tif,NORMAL-107,val,NORMAL,normal,OS,.tif,1.594940185546875
NORMAL/107/OS/017_Normal.tif,NORMAL-107,val,NORMAL,normal,OS,.tif,1.6926558017730713
NORMAL/107/OS/018_Normal.tif,NORMAL-107,val,NORMAL,normal,OS,.tif,1.8523187637329102
NORMAL/107/OS/019_Normal.tif,NORMAL-107,val,NORMAL,normal,OS,.tif,1.8438475131988525
NORMAL/107/OS/020_Normal.tif,NORMAL-107,val,NORMAL,normal,OS,.tif,1.8328578472137451
NORMAL/107/OS/021_Normal.tif,NORMAL-107,val,NORMAL,normal,OS,.tif,1.6806738376617432
NORMAL/107/OS/022_Normal.tif,NORMAL-107,val,NORMAL,normal,OS,.tif,1.6650975942611694
NORMAL/107/OS/023_Normal.tif,NORMAL-107,val,NORMAL,normal,OS,.tif,1.644281029701233
NORMAL/107/OS/024_Normal.tif,NORMAL-107,val,NORMAL,normal,OS,.tif,1.5994670391082764
NORMAL/107/OS/025_Normal.tif,NORMAL-107,val,NORMAL,normal,OS,.tif,1.5839393138885498
NORMAL/107/OS/026_Normal.tif,NORMAL-107,val,NORMAL,normal,OS,.tif,1.6241947412490845
NORMAL/107/OS/027_Normal.tif,NORMAL-107,val,NORMAL,normal,OS,.tif,1.7586051225662231
NORMAL/107/OS/028_Normal.tif,NORMAL-107,val,NORMAL,normal,OS,.tif,1.6560229063034058
NORMAL/107/OS/029_Normal.tif,NORMAL-107,val,NORMAL,normal,OS,.tif,1.5485823154449463
NORMAL/107/OS/030_Normal.tif,NORMAL-107,val,NORMAL,normal,OS,.tif,1.6432744264602661
NORMAL/109/OD/000_Normal.tif,NORMAL-109,val,NORMAL,normal,OD,.tif,1.8556605577468872
NORMAL/109/OD/001_Normal.tif,NORMAL-109,val,NORMAL,normal,OD,.tif,1.97893488407135
NORMAL/109/OD/002_Normal.tif,NORMAL-109,val,NORMAL,normal,OD,.tif,1.9691678285598755
NORMAL/109/OD/003_Normal.tif,NORMAL-109,val,NORMAL,normal,OD,.tif,2.0638980865478516
NORMAL/109/OD/004_Normal.tif,NORMAL-109,val,NORMAL,normal,OD,.tif,1.9591501951217651
NORMAL/109/OD/005_Normal.tif,NORMAL-109,val,NORMAL,normal,OD,.tif,1.9178303480148315
NORMAL/109/OD/006_Normal.tif,NORMAL-109,val,NORMAL,normal,OD,.tif,1.89658784866333
NORMAL/109/OD/007_Normal.tif,NORMAL-109,val,NORMAL,normal,OD,.tif,1.8871386051177979
NORMAL/109/OD/008_Normal.tif,NORMAL-109,val,NORMAL,normal,OD,.tif,1.9691534042358398
NORMAL/109/OD/009_Normal.tif,NORMAL-109,val,NORMAL,normal,OD,.tif,1.9223246574401855
NORMAL/109/OD/010_Normal.tif,NORMAL-109,val,NORMAL,normal,OD,.tif,1.9276851415634155
NORMAL/109/OD/011_Normal.tif,NORMAL-109,val,NORMAL,normal,OD,.tif,1.9307448863983154
NORMAL/109/OD/012_Normal.tif,NORMAL-109,val,NORMAL,normal,OD,.tif,2.0384366512298584
NORMAL/109/OD/013_Normal.tif,NORMAL-109,val,NORMAL,normal,OD,.tif,2.0232417583465576
NORMAL/109/OD/014_Normal.tif,NORMAL-109,val,NORMAL,normal,OD,.tif,2.0102686882019043
NORMAL/109/OD/015_Normal.tif,NORMAL-109,val,NORMAL,normal,OD,.tif,2.1203784942626953
NORMAL/109/OD/016_Normal.tif,NORMAL-109,val,NORMAL,normal,OD,.tif,1.9939661026000977
NORMAL/109/OD/017_Normal.tif,NORMAL-109,val,NORMAL,normal,OD,.tif,1.8622055053710938
NORMAL/109/OD/018_Normal.tif,NORMAL-109,val,NORMAL,normal,OD,.tif,1.8185635805130005
NORMAL/109/OD/019_Normal.tif,NORMAL-109,val,NORMAL,normal,OD,.tif,1.8327269554138184
NORMAL/109/OD/020_Normal.tif,NORMAL-109,val,NORMAL,normal,OD,.tif,2.1696572303771973
NORMAL/109/OD/021_Normal.tif,NORMAL-109,val,NORMAL,normal,OD,.tif,2.2666540145874023
NORMAL/109/OD/022_Normal.tif,NORMAL-109,val,NORMAL,normal,OD,.tif,2.3378634452819824
NORMAL/109/OD/023_Normal.tif,NORMAL-109,val,NORMAL,normal,OD,.tif,2.2379953861236572
NORMAL/109/OD/024_Normal.tif,NORMAL-109,val,NORMAL,normal,OD,.tif,2.242759943008423
NORMAL/109/OD/025_Normal.tif,NORMAL-109,val,NORMAL,normal,OD,.tif,2.2684690952301025
NORMAL/109/OD/026_Normal.tif,NORMAL-109,val,NORMAL,normal,OD,.tif,2.224989414215088
NORMAL/109/OD/027_Normal.tif,NORMAL-109,val,NORMAL,normal,OD,.tif,2.174454927444458
NORMAL/109/OD/028_Normal.tif,NORMAL-109,val,NORMAL,normal,OD,.tif,2.13655161857605
NORMAL/109/OD/029_Normal.tif,NORMAL-109,val,NORMAL,normal,OD,.tif,1.974105715751648
NORMAL/109/OD/030_Normal.tif,NORMAL-109,val,NORMAL,normal,OD,.tif,1.9489771127700806
NORMAL/109/OS/000_Normal.tif,NORMAL-109,val,NORMAL,normal,OS,.tif,1.669134497642517
NORMAL/109/OS/001_Normal.tif,NORMAL-109,val,NORMAL,normal,OS,.tif,1.744554877281189
NORMAL/109/OS/002_Normal.tif,NORMAL-109,val,NORMAL,normal,OS,.tif,1.6551581621170044
NORMAL/109/OS/003_Normal.tif,NORMAL-109,val,NORMAL,normal,OS,.tif,1.8060786724090576
NORMAL/109/OS/004_Normal.tif,NORMAL-109,val,NORMAL,normal,OS,.tif,1.7059739828109741
NORMAL/109/OS/005_Normal.tif,NORMAL-109,val,NORMAL,normal,OS,.tif,1.756417155265808
NORMAL/109/OS/006_Normal.tif,NORMAL-109,val,NORMAL,normal,OS,.tif,1.834447979927063
NORMAL/109/OS/007_Normal.tif,NORMAL-109,val,NORMAL,normal,OS,.tif,1.9657018184661865
NORMAL/109/OS/008_Normal.tif,NORMAL-109,val,NORMAL,normal,OS,.tif,1.7623980045318604
NORMAL/109/OS/009_Normal.tif,NORMAL-109,val,NORMAL,normal,OS,.tif,1.9204485416412354
NORMAL/109/OS/010_Normal.tif,NORMAL-109,val,NORMAL,normal,OS,.tif,1.9721912145614624
NORMAL/109/OS/011_Normal.tif,NORMAL-109,val,NORMAL,normal,OS,.tif,1.8689414262771606
NORMAL/109/OS/012_Normal.tif,NORMAL-109,val,NORMAL,normal,OS,.tif,1.8836538791656494
NORMAL/109/OS/013_Normal.tif,NORMAL-109,val,NORMAL,normal,OS,.tif,1.9218071699142456
NORMAL/109/OS/014_Normal.tif,NORMAL-109,val,NORMAL,normal,OS,.tif,2.046595335006714
NORMAL/109/OS/015_Normal.tif,NORMAL-109,val,NORMAL,normal,OS,.tif,2.082075595855713
NORMAL/109/OS/016_Normal.tif,NORMAL-109,val,NORMAL,normal,OS,.tif,2.026860475540161
NORMAL/109/OS/017_Normal.tif,NORMAL-109,val,NORMAL,normal,OS,.tif,2.112328290939331
NORMAL/109/OS/018_Normal.tif,NORMAL-109,val,NORMAL,normal,OS,.tif,2.1974568367004395
NORMAL/109/OS/019_Normal.tif,NORMAL-109,val,NORMAL,normal,OS,.tif,2.1067323684692383
NORMAL/109/OS/020_Normal.tif,NORMAL-109,val,NORMAL,normal,OS,.tif,2.1744384765625
NORMAL/109/OS/021_Normal.tif,NORMAL-109,val,NORMAL,normal,OS,.tif,2.1603384017944336
NORMAL/109/OS/022_Normal.tif,NORMAL-109,val,NORMAL,normal,OS,.tif,2.1088767051696777
NORMAL/109/OS/023_Normal.tif,NORMAL-109,val,NORMAL,normal,OS,.tif,2.0861170291900635
NORMAL/109/OS/024_Normal.tif,NORMAL-109,val,NORMAL,normal,OS,.tif,2.123344898223877
NORMAL/109/OS/025_Normal.tif,NORMAL-109,val,NORMAL,normal,OS,.tif,2.0841033458709717
NORMAL/109/OS/026_Normal.tif,NORMAL-109,val,NORMAL,normal,OS,.tif,2.206664800643921
NORMAL/109/OS/027_Normal.tif,NORMAL-109,val,NORMAL,normal,OS,.tif,2.152146339416504
NORMAL/109/OS/028_Normal.tif,NORMAL-109,val,NORMAL,normal,OS,.tif,2.169166326522827
NORMAL/109/OS/029_Normal.tif,NORMAL-109,val,NORMAL,normal,OS,.tif,2.200570821762085
NORMAL/109/OS/030_Normal.tif,NORMAL-109,val,NORMAL,normal,OS,.tif,2.1491823196411133
NORMAL/119/OD/000_Normal.tif,NORMAL-119,val,NORMAL,normal,OD,.tif,1.6241475343704224
NORMAL/119/OD/001_Normal.tif,NORMAL-119,val,NORMAL,normal,OD,.tif,1.6919454336166382
NORMAL/119/OD/002_Normal.tif,NORMAL-119,val,NORMAL,normal,OD,.tif,1.636387825012207
NORMAL/119/OD/003_Normal.tif,NORMAL-119,val,NORMAL,normal,OD,.tif,1.6935807466506958
NORMAL/119/OD/004_Normal.tif,NORMAL-119,val,NORMAL,normal,OD,.tif,1.6658354997634888
NORMAL/119/OD/005_Normal.tif,NORMAL-119,val,NORMAL,normal,OD,.tif,1.6641637086868286
NORMAL/119/OD/006_Normal.tif,NORMAL-119,val,NORMAL,normal,OD,.tif,1.63174307346344
NORMAL/119/OD/007_Normal.tif,NORMAL-119,val,NORMAL,normal,OD,.tif,1.616125464439392
NORMAL/119/OD/008_Normal.tif,NORMAL-119,val,NORMAL,normal,OD,.tif,1.5133675336837769
NORMAL/119/OD/009_Normal.tif,NORMAL-119,val,NORMAL,normal,OD,.tif,1.5916746854782104
NORMAL/119/OD/010_Normal.tif,NORMAL-119,val,NORMAL,normal,OD,.tif,1.6015753746032715
NORMAL/119/OD/011_Normal.tif,NORMAL-119,val,NORMAL,normal,OD,.tif,1.5562427043914795
NORMAL/119/OD/012_Normal.tif,NORMAL-119,val,NORMAL,normal,OD,.tif,1.59128999710083
NORMAL/119/OD/013_Normal.tif,NORMAL-119,val,NORMAL,normal,OD,.tif,1.593340516090393
NORMAL/119/OD/014_Normal.tif,NORMAL-119,val,NORMAL,normal,OD,.tif,1.6050851345062256
NORMAL/119/OD/015_Normal.tif,NORMAL-119,val,NORMAL,normal,OD,.tif,1.9402981996536255
NORMAL/119/OD/016_Normal.tif,NORMAL-119,val,NORMAL,normal,OD,.tif,1.895646572113037
NORMAL/119/OD/017_Normal.tif,NORMAL-119,val,NORMAL,normal,OD,.tif,1.8425238132476807
NORMAL/119/OD/018_Normal.tif,NORMAL-119,val,NORMAL,normal,OD,.tif,1.6474697589874268
NORMAL/119/OD/019_Normal.tif,NORMAL-119,val,NORMAL,normal,OD,.tif,1.676619529724121
NORMAL/119/OD/020_Normal.tif,NORMAL-119,val,NORMAL,normal,OD,.tif,1.5300452709197998
NORMAL/119/OD/021_Normal.tif,NORMAL-119,val,NORMAL,normal,OD,.tif,1.6416661739349365
NORMAL/119/OD/022_Normal.tif,NORMAL-119,val,NORMAL,normal,OD,.tif,1.5022457838058472
NORMAL/119/OD/023_Normal.tif,NORMAL-119,val,NORMAL,normal,OD,.tif,1.6628282070159912
NORMAL/119/OD/024_Normal.tif,NORMAL-119,val,NORMAL,normal,OD,.tif,1.641050100326538
NORMAL/119/OD/025_Normal.tif,NORMAL-119,val,NORMAL,normal,OD,.tif,1.5892826318740845
NORMAL/119/OD/026_Normal.tif,NORMAL-119,val,NORMAL,normal,OD,.tif,1.7260109186172485
NORMAL/119/OD/027_Normal.tif,NORMAL-119,val,NORMAL,normal,OD,.tif,1.5854077339172363
NORMAL/119/OD/028_Normal.tif,NORMAL-119,val,NORMAL,normal,OD,.tif,1.6479778289794922
NORMAL/119/OD/029_Normal.tif,NORMAL-119,val,NORMAL,normal,OD,.tif,1.6110954284667969
NORMAL/119/OD/030_Normal.tif,NORMAL-119,val,NORMAL,normal,OD,.tif,1.6348540782928467
NORMAL/119/OS/000_Normal.tif,NORMAL-119,val,NORMAL,normal,OS,.tif,1.6742515563964844
NORMAL/119/OS/001_Normal.tif,NORMAL-119,val,NORMAL,normal,OS,.tif,1.557663083076477
NORMAL/119/OS/002_Normal.tif,NORMAL-119,val,NORMAL,normal,OS,.tif,1.5936204195022583
NORMAL/119/OS/003_Normal.tif,NORMAL-119,val,NORMAL,normal,OS,.tif,1.703141450881958
NORMAL/119/OS/004_Normal.tif,NORMAL-119,val,NORMAL,normal,OS,.tif,1.6914485692977905
NORMAL/119/OS/005_Normal.tif,NORMAL-119,val,NORMAL,normal,OS,.tif,1.7308484315872192
NORMAL/119/OS/006_Normal.tif,NORMAL-119,val,NORMAL,normal,OS,.tif,1.847989797592163
NORMAL/119/OS/007_Normal.tif,NORMAL-119,val,NORMAL,normal,OS,.tif,1.671390414237976
NORMAL/119/OS/008_Normal.tif,NORMAL-119,val,NORMAL,normal,OS,.tif,1.7513920068740845
NORMAL/119/OS/009_Normal.tif,NORMAL-119,val,NORMAL,normal,OS,.tif,1.760627031326294
NORMAL/119/OS/010_Normal.tif,NORMAL-119,val,NORMAL,normal,OS,.tif,1.8384854793548584
NORMAL/119/OS/011_Normal.tif,NORMAL-119,val,NORMAL,normal,OS,.tif,1.5303176641464233
NORMAL/119/OS/012_Normal.tif,NORMAL-119,val,NORMAL,normal,OS,.tif,1.5791442394256592
NORMAL/119/OS/013_Normal.tif,NORMAL-119,val,NORMAL,normal,OS,.tif,1.5845730304718018
NORMAL/119/OS/014_Normal.tif,NORMAL-119,val,NORMAL,normal,OS,.tif,1.6062986850738525
NORMAL/119/OS/015_Normal.tif,NORMAL-119,val,NORMAL,normal,OS,.tif,1.7559008598327637
NORMAL/119/OS/016_Normal.tif,NORMAL-119,val,NORMAL,normal,OS,.tif,1.7604681253433228
NORMAL/119/OS/017_Normal.tif,NORMAL-119,val,NORMAL,normal,OS,.tif,1.7641454935073853
NORMAL/119/OS/018_Normal.tif,NORMAL-119,val,NORMAL,normal,OS,.tif,1.788722276687622
NORMAL/119/OS/019_Normal.tif,NORMAL-119,val,NORMAL,normal,OS,.tif,1.9243748188018799
NORMAL/119/OS/020_Normal.tif,NORMAL-119,val,NORMAL,normal,OS,.tif,1.8786647319793701
NORMAL/119/OS/021_Normal.tif,NORMAL-119,val,NORMAL,normal,OS,.tif,1.8740297555923462
NORMAL/119/OS/022_Normal.tif,NORMAL-119,val,NORMAL,normal,OS,.tif,1.8941541910171509
NORMAL/119/OS/023_Normal.tif,NORMAL-119,val,NORMAL,normal,OS,.tif,1.7860212326049805
NORMAL/119/OS/024_Normal.tif,NORMAL-119,val,NORMAL,normal,OS,.tif,1.8356400728225708
NORMAL/119/OS/025_Normal.tif,NORMAL-119,val,NORMAL,normal,OS,.tif,1.8115644454956055
NORMAL/119/OS/026_Normal.tif,NORMAL-119,val,NORMAL,normal,OS,.tif,1.9235469102859497
NORMAL/119/OS/027_Normal.tif,NORMAL-119,val,NORMAL,normal,OS,.tif,1.7483223676681519
NORMAL/119/OS/028_Normal.tif,NORMAL-119,val,NORMAL,normal,OS,.tif,1.9125781059265137
NORMAL/119/OS/029_Normal.tif,NORMAL-119,val,NORMAL,normal,OS,.tif,1.7697653770446777
NORMAL/119/OS/030_Normal.tif,NORMAL-119,val,NORMAL,normal,OS,.tif,1.8473987579345703
CNV/1/000_Drusen.jpg,CNV-001,test,CNV,drusen,OS,.jpg,1.7281529903411865
CNV/1/001_Drusen.jpg,CNV-001,test,CNV,drusen,OS,.jpg,1.7868664264678955
CNV/1/002_Drusen.jpg,CNV-001,test,CNV,drusen,OS,.jpg,1.961987018585205
CNV/1/003_Normal.jpg,CNV-001,test,CNV,normal,OS,.jpg,1.6006901264190674
CNV/1/004_Normal.jpg,CNV-001,test,CNV,normal,OS,.jpg,1.8154689073562622
CNV/1/005_Drusen.jpg,CNV-001,test,CNV,drusen,OS,.jpg,1.7427716255187988
CNV/1/006_Normal.jpg,CNV-001,test,CNV,normal,OS,.jpg,1.6788125038146973
CNV/1/007_Normal.jpg,CNV-001,test,CNV,normal,OS,.jpg,1.5904897451400757
CNV/1/008_Drusen.jpg,CNV-001,test,CNV,drusen,OS,.jpg,1.9001234769821167
CNV/1/009_Drusen.jpg,CNV-001,test,CNV,drusen,OS,.jpg,1.7851738929748535
CNV/1/010_Drusen.jpg,CNV-001,test,CNV,drusen,OS,.jpg,1.801332712173462
CNV/1/011_CNV.jpg,CNV-001,test,CNV,cnv,OS,.jpg,2.1134424209594727
CNV/1/012_CNV.jpg,CNV-001,test,CNV,cnv,OS,.jpg,1.849571704864502
CNV/1/013_CNV.jpg,CNV-001,test,CNV,cnv,OS,.jpg,1.9689357280731201
CNV/1/014_CNV.jpg,CNV-001,test,CNV,cnv,OS,.jpg,2.0656282901763916
CNV/1/015_CNV.jpg,CNV-001,test,CNV,cnv,OS,.jpg,2.122037649154663
CNV/1/016_CNV.jpg,CNV-001,test,CNV,cnv,OS,.jpg,2.123063087463379
CNV/1/017_CNV.jpg,CNV-001,test,CNV,cnv,OS,.jpg,2.1980957984924316
CNV/1/018_CNV.jpg,CNV-001,test,CNV,cnv,OS,.jpg,2.192863941192627
CNV/1/019_CNV.jpg,CNV-001,test,CNV,cnv,OS,.jpg,1.9117809534072876
CNV/1/020_CNV.jpg,CNV-001,test,CNV,cnv,OS,.jpg,1.8628230094909668
CNV/1/021_Drusen.jpg,CNV-001,test,CNV,drusen,OS,.jpg,1.8523681163787842
CNV/1/022_Drusen.jpg,CNV-001,test,CNV,drusen,OS,.jpg,1.7694092988967896
CNV/1/023_Normal.jpg,CNV-001,test,CNV,normal,OS,.jpg,1.670135259628296
CNV/1/024_Normal.jpg,CNV-001,test,CNV,normal,OS,.jpg,1.6286109685897827
CNV/1/025_Normal.jpg,CNV-001,test,CNV,normal,OS,.jpg,1.660135269165039
CNV/1/026_Normal.jpg,CNV-001,test,CNV,normal,OS,.jpg,1.5439443588256836
CNV/1/027_Normal.jpg,CNV-001,test,CNV,normal,OS,.jpg,1.5842218399047852
CNV/1/028_Normal.jpg,CNV-001,test,CNV,normal,OS,.jpg,1.5220876932144165
CNV/1/029_Normal.jpg,CNV-001,test,CNV,normal,OS,.jpg,1.733438491821289
CNV/1/030_Normal.jpg,CNV-001,test,CNV,normal,OS,.jpg,1.6159241199493408
CNV/2/000_Normal.jpg,CNV-002,test,CNV,normal,OD,.jpg,1.9563730955123901
CNV/2/001_CNV.jpg,CNV-002,test,CNV,cnv,OD,.jpg,1.8644524812698364
CNV/2/002_CNV.jpg,CNV-002,test,CNV,cnv,OD,.jpg,1.805696964263916
CNV/2/003_CNV.jpg,CNV-002,test,CNV,cnv,OD,.jpg,1.9012748003005981
CNV/2/004_CNV.jpg,CNV-002,test,CNV,cnv,OD,.jpg,1.9761486053466797
CNV/2/005_CNV.jpg,CNV-002,test,CNV,cnv,OD,.jpg,2.0078861713409424
CNV/2/006_CNV.jpg,CNV-002,test,CNV,cnv,OD,.jpg,1.9005663394927979
CNV/2/007_CNV.jpg,CNV-002,test,CNV,cnv,OD,.jpg,1.894584059715271
CNV/2/008_CNV.jpg,CNV-002,test,CNV,cnv,OD,.jpg,2.0768370628356934
CNV/2/009_CNV.jpg,CNV-002,test,CNV,cnv,OD,.jpg,1.8877172470092773
CNV/2/010_CNV.jpg,CNV-002,test,CNV,cnv,OD,.jpg,1.8605443239212036
CNV/2/011_CNV.jpg,CNV-002,test,CNV,cnv,OD,.jpg,2.078169822692871
CNV/2/012_CNV.jpg,CNV-002,test,CNV,cnv,OD,.jpg,1.982637882232666
CNV/2/013_CNV.jpg,CNV-002,test,CNV,cnv,OD,.jpg,2.124528169631958
CNV/2/014_CNV.jpg,CNV-002,test,CNV,cnv,OD,.jpg,2.026500701904297
CNV/2/015_CNV.jpg,CNV-002,test,CNV,cnv,OD,.jpg,1.7652244567871094
CNV/2/016_CNV.jpg,CNV-002,test,CNV,cnv,OD,.jpg,1.667328119277954
CNV/2/017_CNV.jpg,CNV-002,test,CNV,cnv,OD,.jpg,1.7131497859954834
CNV/2/018_CNV.jpg,CNV-002,test,CNV,cnv,OD,.jpg,1.6013824939727783
CNV/2/019_Drusen.jpg,CNV-002,test,CNV,drusen,OD,.jpg,1.6569088697433472
CNV/2/020_Drusen.jpg,CNV-002,test,CNV,drusen,OD,.jpg,1.6153947114944458
CNV/2/021_Drusen.jpg,CNV-002,test,CNV,drusen,OD,.jpg,1.6904757022857666
CNV/2/022_Normal.jpg,CNV-002,test,CNV,normal,OD,.jpg,1.6735283136367798
CNV/2/023_Normal.jpg,CNV-002,test,CNV,normal,OD,.jpg,1.7402822971343994
CNV/2/024_Normal.jpg,CNV-002,test,CNV,normal,OD,.jpg,1.784084677696228
CNV/6/000_Normal.jpg,CNV-006,test,CNV,normal,OS,.jpg,1.6905509233474731
CNV/6/001_Normal.jpg,CNV-006,test,CNV,normal,OS,.jpg,1.7235760688781738
CNV/6/002_Normal.jpg,CNV-006,test,CNV,normal,OS,.jpg,1.7096973657608032
CNV/6/003_Normal.jpg,CNV-006,test,CNV,normal,OS,.jpg,1.6648870706558228
CNV/6/004_Normal.jpg,CNV-006,test,CNV,normal,OS,.jpg,1.6728118658065796
CNV/6/005_Normal.jpg,CNV-006,test,CNV,normal,OS,.jpg,1.6084576845169067
CNV/6/006_Normal.jpg,CNV-006,test,CNV,normal,OS,.jpg,1.600540041923523
CNV/6/007_Normal.jpg,CNV-006,test,CNV,normal,OS,.jpg,1.6438398361206055
CNV/6/008_Normal.jpg,CNV-006,test,CNV,normal,OS,.jpg,1.638204574584961
CNV/6/009_Drusen.jpg,CNV-006,test,CNV,drusen,OS,.jpg,1.7784991264343262
CNV/6/010_CNV.jpg,CNV-006,test,CNV,cnv,OS,.jpg,1.9201356172561646
CNV/6/011_CNV.jpg,CNV-006,test,CNV,cnv,OS,.jpg,2.0226712226867676
CNV/6/012_CNV.jpg,CNV-006,test,CNV,cnv,OS,.jpg,2.414389133453369
CNV/6/013_CNV.jpg,CNV-006,test,CNV,cnv,OS,.jpg,2.4303805828094482
CNV/6/014_CNV.jpg,CNV-006,test,CNV,cnv,OS,.jpg,2.6652615070343018
CNV/6/015_CNV.jpg,CNV-006,test,CNV,cnv,OS,.jpg,2.607914447784424
CNV/6/016_CNV.jpg,CNV-006,test,CNV,cnv,OS,.jpg,2.3923113346099854
CNV/6/017_CNV.jpg,CNV-006,test,CNV,cnv,OS,.jpg,2.2775893211364746
CNV/6/018_CNV.jpg,CNV-006,test,CNV,cnv,OS,.jpg,2.4667537212371826
CNV/6/019_CNV.jpg,CNV-006,test,CNV,cnv,OS,.jpg,2.233978033065796
CNV/6/020_CNV.jpg,CNV-006,test,CNV,cnv,OS,.jpg,1.9067622423171997
CNV/6/021_CNV.jpg,CNV-006,test,CNV,cnv,OS,.jpg,1.8333516120910645
CNV/6/022_CNV.jpg,CNV-006,test,CNV,cnv,OS,.jpg,1.7394869327545166
CNV/6/023_Normal.jpg,CNV-006,test,CNV,normal,OS,.jpg,1.9277719259262085
CNV/6/024_Normal.jpg,CNV-006,test,CNV,normal,OS,.jpg,1.9371660947799683
CNV/6/025_Normal.jpg,CNV-006,test,CNV,normal,OS,.jpg,1.8410428762435913
CNV/6/026_Normal.jpg,CNV-006,test,CNV,normal,OS,.jpg,1.8837968111038208
CNV/6/027_Normal.jpg,CNV-006,test,CNV,normal,OS,.jpg,1.8738713264465332
CNV/6/028_Normal.jpg,CNV-006,test,CNV,normal,OS,.jpg,1.7807737588882446
CNV/6/029_Normal.jpg,CNV-006,test,CNV,normal,OS,.jpg,1.6431623697280884
CNV/6/030_Normal.jpg,CNV-006,test,CNV,normal,OS,.jpg,1.7918516397476196
CNV/11/000_Normal.tif,CNV-011,test,CNV,normal,OD,.tif,1.8019224405288696
CNV/11/001_Normal.tif,CNV-011,test,CNV,normal,OD,.tif,1.7013671398162842
CNV/11/002_Normal.tif,CNV-011,test,CNV,normal,OD,.tif,1.5300343036651611
CNV/11/003_Normal.tif,CNV-011,test,CNV,normal,OD,.tif,1.6547327041625977
CNV/11/004_Drusen.tif,CNV-011,test,CNV,drusen,OD,.tif,1.6860183477401733
CNV/11/005_Drusen.tif,CNV-011,test,CNV,drusen,OD,.tif,1.5731819868087769
CNV/11/006_Drusen.tif,CNV-011,test,CNV,drusen,OD,.tif,1.5753223896026611
CNV/11/007_CNV.tif,CNV-011,test,CNV,cnv,OD,.tif,1.6750893592834473
CNV/11/008_CNV.tif,CNV-011,test,CNV,cnv,OD,.tif,1.7896095514297485
CNV/11/009_CNV.tif,CNV-011,test,CNV,cnv,OD,.tif,1.8156296014785767
CNV/11/010_CNV.tif,CNV-011,test,CNV,cnv,OD,.tif,1.8437262773513794
CNV/11/011_CNV.tif,CNV-011,test,CNV,cnv,OD,.tif,1.803529143333435
CNV/11/012_CNV.tif,CNV-011,test,CNV,cnv,OD,.tif,2.023594379425049
CNV/11/013_CNV.tif,CNV-011,test,CNV,cnv,OD,.tif,2.0673904418945312
CNV/11/014_CNV.tif,CNV-011,test,CNV,cnv,OD,.tif,2.015843152999878
CNV/11/015_CNV.tif,CNV-011,test,CNV,cnv,OD,.tif,2.0685789585113525
CNV/11/016_CNV.tif,CNV-011,test,CNV,cnv,OD,.tif,1.9947344064712524
CNV/11/017_CNV.tif,CNV-011,test,CNV,cnv,OD,.tif,1.8828531503677368
CNV/11/018_CNV.tif,CNV-011,test,CNV,cnv,OD,.tif,1.806454062461853
CNV/11/019_CNV.tif,CNV-011,test,CNV,cnv,OD,.tif,1.9389853477478027
CNV/11/020_CNV.tif,CNV-011,test,CNV,cnv,OD,.tif,1.962208867073059
CNV/11/021_CNV.tif,CNV-011,test,CNV,cnv,OD,.tif,1.8273066282272339
CNV/11/022_CNV.tif,CNV-011,test,CNV,cnv,OD,.tif,1.756574034690857
CNV/11/023_CNV.tif,CNV-011,test,CNV,cnv,OD,.tif,1.7925992012023926
CNV/11/024_CNV.tif,CNV-011,test,CNV,cnv,OD,.tif,1.7149386405944824
CNV/11/025_CNV.tif,CNV-011,test,CNV,cnv,OD,.tif,1.6144860982894897
CNV/11/026_CNV.tif,CNV-011,test,CNV,cnv,OD,.tif,1.6683119535446167
CNV/11/027_CNV.tif,CNV-011,test,CNV,cnv,OD,.tif,1.5992076396942139
CNV/11/028_CNV.tif,CNV-011,test,CNV,cnv,OD,.tif,1.7005188465118408
CNV/11/029_CNV.tif,CNV-011,test,CNV,cnv,OD,.tif,1.6742422580718994
CNV/11/030_CNV.tif,CNV-011,test,CNV,cnv,OD,.tif,1.732159972190857
CNV/12/000_CNV.tif,CNV-012,test,CNV,cnv,OS,.tif,2.5213639736175537
CNV/12/001_CNV.tif,CNV-012,test,CNV,cnv,OS,.tif,2.4868826866149902
CNV/12/002_CNV.tif,CNV-012,test,CNV,cnv,OS,.tif,2.5900096893310547
CNV/12/003_CNV.tif,CNV-012,test,CNV,cnv,OS,.tif,2.9210405349731445
CNV/12/004_CNV.tif,CNV-012,test,CNV,cnv,OS,.tif,2.5642027854919434
CNV/12/005_CNV.tif,CNV-012,test,CNV,cnv,OS,.tif,2.830453395843506
CNV/12/006_CNV.tif,CNV-012,test,CNV,cnv,OS,.tif,2.7444658279418945
CNV/12/007_CNV.tif,CNV-012,test,CNV,cnv,OS,.tif,2.7935590744018555
CNV/12/008_CNV.tif,CNV-012,test,CNV,cnv,OS,.tif,2.558790683746338
CNV/12/009_CNV.tif,CNV-012,test,CNV,cnv,OS,.tif,3.1098241806030273
CNV/12/010_CNV.tif,CNV-012,test,CNV,cnv,OS,.tif,3.1922311782836914
CNV/12/011_CNV.tif,CNV-012,test,CNV,cnv,OS,.tif,3.133979558944702
CNV/12/012_CNV.tif,CNV-012,test,CNV,cnv,OS,.tif,3.1287758350372314
CNV/12/013_CNV.tif,CNV-012,test,CNV,cnv,OS,.tif,3.1547675132751465
CNV/12/014_CNV.tif,CNV-012,test,CNV,cnv,OS,.tif,3.1770663261413574
CNV/12/015_CNV.tif,CNV-012,test,CNV,cnv,OS,.tif,3.2219655513763428
CNV/12/016_CNV.tif,CNV-012,test,CNV,cnv,OS,.tif,3.0663278102874756
CNV/12/017_CNV.tif,CNV-012,test,CNV,cnv,OS,.tif,3.0456857681274414
CNV/12/018_CNV.tif,CNV-012,test,CNV,cnv,OS,.tif,2.8091635704040527
CNV/12/019_CNV.tif,CNV-012,test,CNV,cnv,OS,.tif,3.0539498329162598
CNV/12/020_CNV.tif,CNV-012,test,CNV,cnv,OS,.tif,3.0179240703582764
CNV/12/021_CNV.tif,CNV-012,test,CNV,cnv,OS,.tif,2.5107345581054688
CNV/12/022_CNV.tif,CNV-012,test,CNV,cnv,OS,.tif,2.700704336166382
CNV/12/023_CNV.tif,CNV-012,test,CNV,cnv,OS,.tif,2.465324878692627
CNV/12/024_CNV.tif,CNV-012,test,CNV,cnv,OS,.tif,2.2882275581359863
CNV/12/025_CNV.tif,CNV-012,test,CNV,cnv,OS,.tif,2.2683959007263184
CNV/12/026_CNV.tif,CNV-012,test,CNV,cnv,OS,.tif,2.135300636291504
CNV/12/027_CNV.tif,CNV-012,test,CNV,cnv,OS,.tif,2.1387102603912354
CNV/12/028_Drusen.tif,CNV-012,test,CNV,drusen,OS,.tif,2.2204625606536865
CNV/12/029_Normal.tif,CNV-012,test,CNV,normal,OS,.tif,2.203852891921997
CNV/12/030_Normal.tif,CNV-012,test,CNV,normal,OS,.tif,2.7063205242156982
CNV/13/000_Normal.tif,CNV-013,test,CNV,normal,OD,.tif,1.8668498992919922
CNV/13/001_Normal.tif,CNV-013,test,CNV,normal,OD,.tif,1.8412187099456787
CNV/13/002_Normal.tif,CNV-013,test,CNV,normal,OD,.tif,1.756555438041687
CNV/13/003_Normal.tif,CNV-013,test,CNV,normal,OD,.tif,1.5704525709152222
CNV/13/004_Normal.tif,CNV-013,test,CNV,normal,OD,.tif,1.9313613176345825
CNV/13/005_Normal.tif,CNV-013,test,CNV,normal,OD,.tif,1.8512539863586426
CNV/13/006_Normal.tif,CNV-013,test,CNV,normal,OD,.tif,1.800559401512146
CNV/13/007_Normal.tif,CNV-013,test,CNV,normal,OD,.tif,1.787237286567688
CNV/13/008_Normal.tif,CNV-013,test,CNV,normal,OD,.tif,1.8014057874679565
CNV/13/009_Normal.tif,CNV-013,test,CNV,normal,OD,.tif,1.8014880418777466
CNV/13/010_Normal.tif,CNV-013,test,CNV,normal,OD,.tif,1.8305455446243286
CNV/13/011_Normal.tif,CNV-013,test,CNV,normal,OD,.tif,1.7148751020431519
CNV/13/012_Normal.tif,CNV-013,test,CNV,normal,OD,.tif,1.8975169658660889
CNV/13/013_Normal.tif,CNV-013,test,CNV,normal,OD,.tif,1.8969569206237793
CNV/13/014_Normal.tif,CNV-013,test,CNV,normal,OD,.tif,1.964311122894287
CNV/13/015_CNV.tif,CNV-013,test,CNV,cnv,OD,.tif,2.065080404281616
CNV/13/016_CNV.tif,CNV-013,test,CNV,cnv,OD,.tif,2.2363667488098145
CNV/13/017_CNV.tif,CNV-013,test,CNV,cnv,OD,.tif,2.244621992111206
CNV/13/018_CNV.tif,CNV-013,test,CNV,cnv,OD,.tif,2.3618085384368896
CNV/13/019_CNV.tif,CNV-013,test,CNV,cnv,OD,.tif,2.0373027324676514
CNV/13/020_Normal.tif,CNV-013,test,CNV,normal,OD,.tif,1.8508094549179077
CNV/13/021_Normal.tif,CNV-013,test,CNV,normal,OD,.tif,2.084834337234497
CNV/13/022_Normal.tif,CNV-013,test,CNV,normal,OD,.tif,1.9561699628829956
CNV/13/023_Normal.tif,CNV-013,test,CNV,normal,OD,.tif,1.8878778219223022
CNV/13/024_Normal.tif,CNV-013,test,CNV,normal,OD,.tif,1.9815709590911865
CNV/13/025_Normal.tif,CNV-013,test,CNV,normal,OD,.tif,2.139846086502075
CNV/13/026_Normal.tif,CNV-013,test,CNV,normal,OD,.tif,2.3050637245178223
CNV/13/027_Normal.tif,CNV-013,test,CNV,normal,OD,.tif,1.9348310232162476
CNV/13/028_Normal.tif,CNV-013,test,CNV,normal,OD,.tif,1.8912066221237183
CNV/13/029_Normal.tif,CNV-013,test,CNV,normal,OD,.tif,2.0523080825805664
CNV/13/030_Normal.tif,CNV-013,test,CNV,normal,OD,.tif,2.0770466327667236
CNV/14/000_CNV.tif,CNV-014,test,CNV,cnv,OS,.tif,2.038482189178467
CNV/14/001_CNV.tif,CNV-014,test,CNV,cnv,OS,.tif,2.011716365814209
CNV/14/002_CNV.tif,CNV-014,test,CNV,cnv,OS,.tif,1.9293996095657349
CNV/14/003_CNV.tif,CNV-014,test,CNV,cnv,OS,.tif,1.9480047225952148
CNV/14/004_CNV.tif,CNV-014,test,CNV,cnv,OS,.tif,2.0124456882476807
CNV/14/005_CNV.tif,CNV-014,test,CNV,cnv,OS,.tif,2.028179168701172
CNV/14/006_CNV.tif,CNV-014,test,CNV,cnv,OS,.tif,2.2786977291107178
CNV/14/007_CNV.tif,CNV-014,test,CNV,cnv,OS,.tif,2.2349202632904053
CNV/14/008_CNV.tif,CNV-014,test,CNV,cnv,OS,.tif,2.2796826362609863
CNV/14/009_CNV.tif,CNV-014,test,CNV,cnv,OS,.tif,2.453429698944092
CNV/14/010_CNV.tif,CNV-014,test,CNV,cnv,OS,.tif,2.391894817352295
CNV/14/011_CNV.tif,CNV-014,test,CNV,cnv,OS,.tif,2.5823655128479004
CNV/14/012_CNV.tif,CNV-014,test,CNV,cnv,OS,.tif,2.708981990814209
CNV/14/013_CNV.tif,CNV-014,test,CNV,cnv,OS,.tif,2.8450815677642822
CNV/14/014_CNV.tif,CNV-014,test,CNV,cnv,OS,.tif,2.386890172958374
CNV/14/015_CNV.tif,CNV-014,test,CNV,cnv,OS,.tif,2.521294355392456
CNV/14/016_CNV.tif,CNV-014,test,CNV,cnv,OS,.tif,2.589240074157715
CNV/14/017_CNV.tif,CNV-014,test,CNV,cnv,OS,.tif,2.3530867099761963
CNV/14/018_CNV.tif,CNV-014,test,CNV,cnv,OS,.tif,2.4707753658294678
CNV/14/019_CNV.tif,CNV-014,test,CNV,cnv,OS,.tif,2.3481552600860596
CNV/14/020_CNV.tif,CNV-014,test,CNV,cnv,OS,.tif,2.2285196781158447
CNV/14/021_CNV.tif,CNV-014,test,CNV,cnv,OS,.tif,2.1126749515533447
CNV/14/022_CNV.tif,CNV-014,test,CNV,cnv,OS,.tif,2.0184669494628906
CNV/14/023_Drusen.tif,CNV-014,test,CNV,drusen,OS,.tif,1.9752554893493652
CNV/14/024_Normal.tif,CNV-014,test,CNV,normal,OS,.tif,1.8311938047409058
CNV/14/025_Normal.tif,CNV-014,test,CNV,normal,OS,.tif,1.8397819995880127
CNV/14/026_Normal.tif,CNV-014,test,CNV,normal,OS,.tif,1.9128684997558594
CNV/14/027_Normal.tif,CNV-014,test,CNV,normal,OS,.tif,2.0324552059173584
CNV/14/028_Normal.tif,CNV-014,test,CNV,normal,OS,.tif,2.0779693126678467
CNV/14/029_Normal.tif,CNV-014,test,CNV,normal,OS,.tif,2.097867488861084
CNV/14/030_Normal.tif,CNV-014,test,CNV,normal,OS,.tif,2.108189105987549
CNV/18/OD/000_CNV.tif,CNV-018,test,CNV,cnv,OD,.tif,1.9038968086242676
CNV/18/OD/001_CNV.tif,CNV-018,test,CNV,cnv,OD,.tif,1.9582422971725464
CNV/18/OD/002_CNV.tif,CNV-018,test,CNV,cnv,OD,.tif,2.0281050205230713
CNV/18/OD/003_CNV.tif,CNV-018,test,CNV,cnv,OD,.tif,2.1733689308166504
CNV/18/OD/004_CNV.tif,CNV-018,test,CNV,cnv,OD,.tif,2.317662239074707
CNV/18/OD/005_CNV.tif,CNV-018,test,CNV,cnv,OD,.tif,2.079136848449707
CNV/18/OD/006_CNV.tif,CNV-018,test,CNV,cnv,OD,.tif,2.1221983432769775
CNV/18/OD/007_CNV.tif,CNV-018,test,CNV,cnv,OD,.tif,2.357178211212158
CNV/18/OD/008_CNV.tif,CNV-018,test,CNV,cnv,OD,.tif,2.402517080307007
CNV/18/OD/009_CNV.tif,CNV-018,test,CNV,cnv,OD,.tif,2.314741373062134
CNV/18/OD/010_CNV.tif,CNV-018,test,CNV,cnv,OD,.tif,2.4805803298950195
CNV/18/OD/011_CNV.tif,CNV-018,test,CNV,cnv,OD,.tif,2.3361976146698
CNV/18/OD/012_CNV.tif,CNV-018,test,CNV,cnv,OD,.tif,2.3825480937957764
CNV/18/OD/013_CNV.tif,CNV-018,test,CNV,cnv,OD,.tif,2.704188108444214
CNV/18/OD/014_CNV.tif,CNV-018,test,CNV,cnv,OD,.tif,2.8080763816833496
CNV/18/OD/015_CNV.tif,CNV-018,test,CNV,cnv,OD,.tif,2.7776825428009033
CNV/18/OD/016_CNV.tif,CNV-018,test,CNV,cnv,OD,.tif,2.8585569858551025
CNV/18/OD/017_CNV.tif,CNV-018,test,CNV,cnv,OD,.tif,2.688974142074585
CNV/18/OD/018_CNV.tif,CNV-018,test,CNV,cnv,OD,.tif,2.4393692016601562
CNV/18/OD/019_CNV.tif,CNV-018,test,CNV,cnv,OD,.tif,2.1109085083007812
CNV/18/OD/020_CNV.tif,CNV-018,test,CNV,cnv,OD,.tif,2.060292959213257
CNV/18/OD/021_CNV.tif,CNV-018,test,CNV,cnv,OD,.tif,2.010643482208252
CNV/18/OD/022_CNV.tif,CNV-018,test,CNV,cnv,OD,.tif,2.031238079071045
CNV/18/OD/023_CNV.tif,CNV-018,test,CNV,cnv,OD,.tif,2.0684943199157715
CNV/18/OD/024_CNV.tif,CNV-018,test,CNV,cnv,OD,.tif,2.1754672527313232
CNV/18/OD/025_CNV.tif,CNV-018,test,CNV,cnv,OD,.tif,2.1710469722747803
CNV/18/OD/026_CNV.tif,CNV-018,test,CNV,cnv,OD,.tif,2.3739216327667236
CNV/18/OD/027_CNV.tif,CNV-018,test,CNV,cnv,OD,.tif,2.191833972930908
CNV/18/OD/028_CNV.tif,CNV-018,test,CNV,cnv,OD,.tif,2.361018657684326
CNV/18/OD/029_CNV.tif,CNV-018,test,CNV,cnv,OD,.tif,2.2780416011810303
CNV/18/OD/030_CNV.tif,CNV-018,test,CNV,cnv,OD,.tif,2.043766975402832
CNV/18/OS/000_Drusen.tif,CNV-018,test,CNV,drusen,OS,.tif,1.9049086570739746
CNV/18/OS/001_Drusen.tif,CNV-018,test,CNV,drusen,OS,.tif,1.9172190427780151
CNV/18/OS/002_Drusen.tif,CNV-018,test,CNV,drusen,OS,.tif,1.8488112688064575
CNV/18/OS/003_Drusen.tif,CNV-018,test,CNV,drusen,OS,.tif,1.8103190660476685
CNV/18/OS/004_Drusen.tif,CNV-018,test,CNV,drusen,OS,.tif,1.8340685367584229
CNV/18/OS/005_Drusen.tif,CNV-018,test,CNV,drusen,OS,.tif,1.839910864830017
CNV/18/OS/006_Drusen.tif,CNV-018,test,CNV,drusen,OS,.tif,1.7612130641937256
CNV/18/OS/007_Drusen.tif,CNV-018,test,CNV,drusen,OS,.tif,1.81594979763031
CNV/18/OS/008_CNV.tif,CNV-018,test,CNV,cnv,OS,.tif,1.9124668836593628
CNV/18/OS/009_CNV.tif,CNV-018,test,CNV,cnv,OS,.tif,1.9848802089691162
CNV/18/OS/010_CNV.tif,CNV-018,test,CNV,cnv,OS,.tif,2.0521223545074463
CNV/18/OS/011_Drusen.tif,CNV-018,test,CNV,drusen,OS,.tif,1.9802756309509277
CNV/18/OS/012_Drusen.tif,CNV-018,test,CNV,drusen,OS,.tif,1.9071341753005981
CNV/18/OS/013_Drusen.tif,CNV-018,test,CNV,drusen,OS,.tif,1.9777617454528809
CNV/18/OS/014_Drusen.tif,CNV-018,test,CNV,drusen,OS,.tif,2.027517557144165
CNV/18/OS/015_Drusen.tif,CNV-018,test,CNV,drusen,OS,.tif,2.095202922821045
CNV/18/OS/016_Drusen.tif,CNV-018,test,CNV,drusen,OS,.tif,2.106309175491333
CNV/18/OS/017_Drusen.tif,CNV-018,test,CNV,drusen,OS,.tif,2.0688302516937256
CNV/18/OS/018_Drusen.tif,CNV-018,test,CNV,drusen,OS,.tif,2.087082862854004
CNV/18/OS/019_Drusen.tif,CNV-018,test,CNV,drusen,OS,.tif,2.1309010982513428
CNV/18/OS/020_Drusen.tif,CNV-018,test,CNV,drusen,OS,.tif,2.224332332611084
CNV/18/OS/021_Drusen.tif,CNV-018,test,CNV,drusen,OS,.tif,1.9936047792434692
CNV/18/OS/022_Drusen.tif,CNV-018,test,CNV,drusen,OS,.tif,1.9863189458847046
CNV/18/OS/023_Drusen.tif,CNV-018,test,CNV,drusen,OS,.tif,1.931387186050415
CNV/18/OS/024_Drusen.tif,CNV-018,test,CNV,drusen,OS,.tif,1.9467283487319946
CNV/18/OS/025_Drusen.tif,CNV-018,test,CNV,drusen,OS,.tif,1.8766311407089233
CNV/18/OS/026_Drusen.tif,CNV-018,test,CNV,drusen,OS,.tif,1.9254928827285767
CNV/18/OS/027_Drusen.tif,CNV-018,test,CNV,drusen,OS,.tif,2.045114040374756
CNV/18/OS/028_Drusen.tif,CNV-018,test,CNV,drusen,OS,.tif,2.0457987785339355
CNV/18/OS/029_Drusen.tif,CNV-018,test,CNV,drusen,OS,.tif,2.0730185508728027
CNV/18/OS/030_Drusen.tif,CNV-018,test,CNV,drusen,OS,.tif,2.1844546794891357
CNV/19/000_CNV.jpg,CNV-019,test,CNV,cnv,OS,.jpg,1.774111032485962
CNV/19/001_CNV.jpg,CNV-019,test,CNV,cnv,OS,.jpg,1.9013861417770386
CNV/19/002_CNV.jpg,CNV-019,test,CNV,cnv,OS,.jpg,1.9141919612884521
CNV/19/003_CNV.jpg,CNV-019,test,CNV,cnv,OS,.jpg,1.9420366287231445
CNV/19/004_CNV.jpg,CNV-019,test,CNV,cnv,OS,.jpg,2.070957660675049
CNV/19/005_CNV.jpg,CNV-019,test,CNV,cnv,OS,.jpg,1.798141360282898
CNV/19/006_CNV.jpg,CNV-019,test,CNV,cnv,OS,.jpg,1.964046835899353
CNV/19/007_CNV.jpg,CNV-019,test,CNV,cnv,OS,.jpg,1.7716631889343262
CNV/19/008_CNV.jpg,CNV-019,test,CNV,cnv,OS,.jpg,1.976567029953003
CNV/19/009_CNV.jpg,CNV-019,test,CNV,cnv,OS,.jpg,1.8868635892868042
CNV/19/010_CNV.jpg,CNV-019,test,CNV,cnv,OS,.jpg,2.0556740760803223
CNV/19/011_CNV.jpg,CNV-019,test,CNV,cnv,OS,.jpg,1.945930004119873
CNV/19/012_CNV.jpg,CNV-019,test,CNV,cnv,OS,.jpg,2.0813705921173096
CNV/19/013_CNV.jpg,CNV-019,test,CNV,cnv,OS,.jpg,2.3692634105682373
CNV/19/014_CNV.jpg,CNV-019,test,CNV,cnv,OS,.jpg,2.102252244949341
CNV/19/015_CNV.jpg,CNV-019,test,CNV,cnv,OS,.jpg,2.2729098796844482
CNV/19/016_CNV.jpg,CNV-019,test,CNV,cnv,OS,.jpg,2.188149929046631
CNV/19/017_CNV.jpg,CNV-019,test,CNV,cnv,OS,.jpg,2.0891106128692627
CNV/19/018_CNV.jpg,CNV-019,test,CNV,cnv,OS,.jpg,1.934756875038147
CNV/19/019_CNV.jpg,CNV-019,test,CNV,cnv,OS,.jpg,1.789437174797058
CNV/19/020_CNV.jpg,CNV-019,test,CNV,cnv,OS,.jpg,1.6858150959014893
CNV/19/021_Normal.jpg,CNV-019,test,CNV,normal,OS,.jpg,1.8437477350234985
CNV/19/022_Normal.jpg,CNV-019,test,CNV,normal,OS,.jpg,1.8671437501907349
CNV/19/023_Normal.jpg,CNV-019,test,CNV,normal,OS,.jpg,1.702258825302124
CNV/19/024_Normal.jpg,CNV-019,test,CNV,normal,OS,.jpg,1.7739847898483276
CNV/22/000_Normal.tif,CNV-022,test,CNV,normal,OS,.tif,2.296985387802124
CNV/22/001_Normal.tif,CNV-022,test,CNV,normal,OS,.tif,2.6642866134643555
CNV/22/002_Normal.tif,CNV-022,test,CNV,normal,OS,.tif,2.5997421741485596
CNV/22/003_Normal.tif,CNV-022,test,CNV,normal,OS,.tif,2.758409261703491
CNV/22/004_Normal.tif,CNV-022,test,CNV,normal,OS,.tif,2.6018190383911133
CNV/22/005_Normal.tif,CNV-022,test,CNV,normal,OS,.tif,2.639601945877075
CNV/22/006_Normal.tif,CNV-022,test,CNV,normal,OS,.tif,2.835073232650757
CNV/22/007_Normal.tif,CNV-022,test,CNV,normal,OS,.tif,2.5629630088806152
CNV/22/008_CNV.tif,CNV-022,test,CNV,cnv,OS,.tif,2.4010937213897705
CNV/22/009_CNV.tif,CNV-022,test,CNV,cnv,OS,.tif,2.3948025703430176
CNV/22/010_CNV.tif,CNV-022,test,CNV,cnv,OS,.tif,2.375551462173462
CNV/22/011_CNV.tif,CNV-022,test,CNV,cnv,OS,.tif,2.2729098796844482
CNV/22/012_CNV.tif,CNV-022,test,CNV,cnv,OS,.tif,1.9851000308990479
CNV/22/013_CNV.tif,CNV-022,test,CNV,cnv,OS,.tif,2.0185606479644775
CNV/22/014_CNV.tif,CNV-022,test,CNV,cnv,OS,.tif,2.0407466888427734
CNV/22/015_CNV.tif,CNV-022,test,CNV,cnv,OS,.tif,2.0010645389556885
CNV/22/016_CNV.tif,CNV-022,test,CNV,cnv,OS,.tif,2.0183913707733154
CNV/22/017_CNV.tif,CNV-022,test,CNV,cnv,OS,.tif,1.8245553970336914
CNV/22/018_CNV.tif,CNV-022,test,CNV,cnv,OS,.tif,1.9559820890426636
CNV/22/019_CNV.tif,CNV-022,test,CNV,cnv,OS,.tif,1.9526405334472656
CNV/22/020_CNV.tif,CNV-022,test,CNV,cnv,OS,.tif,1.784886360168457
CNV/22/021_CNV.tif,CNV-022,test,CNV,cnv,OS,.tif,1.850158929824829
CNV/22/022_CNV.tif,CNV-022,test,CNV,cnv,OS,.tif,1.7904455661773682
CNV/22/023_CNV.tif,CNV-022,test,CNV,cnv,OS,.tif,1.8883466720581055
CNV/22/024_CNV.tif,CNV-022,test,CNV,cnv,OS,.tif,2.2114627361297607
CNV/22/025_CNV.tif,CNV-022,test,CNV,cnv,OS,.tif,1.916899561882019
CNV/22/026_CNV.tif,CNV-022,test,CNV,cnv,OS,.tif,2.031503200531006
CNV/22/027_Drusen.tif,CNV-022,test,CNV,drusen,OS,.tif,1.9116151332855225
CNV/22/028_Drusen.tif,CNV-022,test,CNV,drusen,OS,.tif,1.9891715049743652
CNV/22/029_Drusen.tif,CNV-022,test,CNV,drusen,OS,.tif,2.015904664993286
CNV/22/030_Drusen.tif,CNV-022,test,CNV,drusen,OS,.tif,2.0169427394866943
CNV/24/000_Normal.tif,CNV-024,test,CNV,normal,OS,.tif,1.7486642599105835
CNV/24/001_Normal.tif,CNV-024,test,CNV,normal,OS,.tif,1.7134689092636108
CNV/24/002_Normal.tif,CNV-024,test,CNV,normal,OS,.tif,1.763530969619751
CNV/24/003_Normal.tif,CNV-024,test,CNV,normal,OS,.tif,2.012420415878296
CNV/24/004_Normal.tif,CNV-024,test,CNV,normal,OS,.tif,1.9793117046356201
CNV/24/005_Drusen.tif,CNV-024,test,CNV,drusen,OS,.tif,1.935552716255188
CNV/24/006_Drusen.tif,CNV-024,test,CNV,drusen,OS,.tif,1.9463233947753906
CNV/24/007_Drusen.tif,CNV-024,test,CNV,drusen,OS,.tif,1.8944799900054932
CNV/24/008_Drusen.tif,CNV-024,test,CNV,drusen,OS,.tif,1.9035851955413818
CNV/24/009_Drusen.tif,CNV-024,test,CNV,drusen,OS,.tif,1.9024969339370728
CNV/24/010_Drusen.tif,CNV-024,test,CNV,drusen,OS,.tif,2.085998296737671
CNV/24/011_Drusen.tif,CNV-024,test,CNV,drusen,OS,.tif,2.005039930343628
CNV/24/012_Drusen.tif,CNV-024,test,CNV,drusen,OS,.tif,2.089749813079834
CNV/24/013_CNV.tif,CNV-024,test,CNV,cnv,OS,.tif,2.2036616802215576
CNV/24/014_CNV.tif,CNV-024,test,CNV,cnv,OS,.tif,2.2834746837615967
CNV/24/015_CNV.tif,CNV-024,test,CNV,cnv,OS,.tif,2.3945424556732178
CNV/24/016_CNV.tif,CNV-024,test,CNV,cnv,OS,.tif,2.4646544456481934
CNV/24/017_CNV.tif,CNV-024,test,CNV,cnv,OS,.tif,2.4486982822418213
CNV/24/018_CNV.tif,CNV-024,test,CNV,cnv,OS,.tif,2.1664669513702393
CNV/24/019_Drusen.tif,CNV-024,test,CNV,drusen,OS,.tif,2.0551111698150635
CNV/24/020_Drusen.tif,CNV-024,test,CNV,drusen,OS,.tif,2.001356601715088
CNV/24/021_Drusen.tif,CNV-024,test,CNV,drusen,OS,.tif,2.0401430130004883
CNV/24/022_Drusen.tif,CNV-024,test,CNV,drusen,OS,.tif,2.126397132873535
CNV/24/023_Drusen.tif,CNV-024,test,CNV,drusen,OS,.tif,2.200202703475952
CNV/24/024_Drusen.tif,CNV-024,test,CNV,drusen,OS,.tif,1.956681489944458
CNV/24/025_Drusen.tif,CNV-024,test,CNV,drusen,OS,.tif,2.052206516265869
CNV/24/026_Drusen.tif,CNV-024,test,CNV,drusen,OS,.tif,2.237948417663574
CNV/24/027_Drusen.tif,CNV-024,test,CNV,drusen,OS,.tif,2.0574779510498047
CNV/24/028_Drusen.tif,CNV-024,test,CNV,drusen,OS,.tif,1.9880222082138062
CNV/24/029_Drusen.tif,CNV-024,test,CNV,drusen,OS,.tif,1.8975259065628052
CNV/24/030_Drusen.tif,CNV-024,test,CNV,drusen,OS,.tif,1.9210246801376343
CNV/27/000_Drusen.tif,CNV-027,test,CNV,drusen,OS,.tif,1.6637461185455322
CNV/27/001_Drusen.tif,CNV-027,test,CNV,drusen,OS,.tif,1.7465145587921143
CNV/27/002_Drusen.tif,CNV-027,test,CNV,drusen,OS,.tif,1.7348248958587646
CNV/27/003_Drusen.tif,CNV-027,test,CNV,drusen,OS,.tif,1.5970104932785034
CNV/27/004_Drusen.tif,CNV-027,test,CNV,drusen,OS,.tif,1.71077561378479
CNV/27/005_Drusen.tif,CNV-027,test,CNV,drusen,OS,.tif,1.9296215772628784
CNV/27/006_Drusen.tif,CNV-027,test,CNV,drusen,OS,.tif,1.7354416847229004
CNV/27/007_Drusen.tif,CNV-027,test,CNV,drusen,OS,.tif,1.7336311340332031
CNV/27/008_Drusen.tif,CNV-027,test,CNV,drusen,OS,.tif,1.9565385580062866
CNV/27/009_Drusen.tif,CNV-027,test,CNV,drusen,OS,.tif,1.7646551132202148
CNV/27/010_Drusen.tif,CNV-027,test,CNV,drusen,OS,.tif,1.7233895063400269
CNV/27/011_Drusen.tif,CNV-027,test,CNV,drusen,OS,.tif,1.809500813484192
CNV/27/012_CNV.tif,CNV-027,test,CNV,cnv,OS,.tif,1.8385454416275024
CNV/27/013_CNV.tif,CNV-027,test,CNV,cnv,OS,.tif,1.9159218072891235
CNV/27/014_CNV.tif,CNV-027,test,CNV,cnv,OS,.tif,1.9088929891586304
CNV/27/015_CNV.tif,CNV-027,test,CNV,cnv,OS,.tif,2.1290221214294434
CNV/27/016_CNV.tif,CNV-027,test,CNV,cnv,OS,.tif,2.149461269378662
CNV/27/017_CNV.tif,CNV-027,test,CNV,cnv,OS,.tif,1.894696831703186
CNV/27/018_CNV.tif,CNV-027,test,CNV,cnv,OS,.tif,1.9155861139297485
CNV/27/019_CNV.tif,CNV-027,test,CNV,cnv,OS,.tif,2.1346445083618164
CNV/27/020_CNV.tif,CNV-027,test,CNV,cnv,OS,.tif,2.1318554878234863
CNV/27/021_Drusen.tif,CNV-027,test,CNV,drusen,OS,.tif,1.7612743377685547
CNV/27/022_Drusen.tif,CNV-027,test,CNV,drusen,OS,.tif,1.947105050086975
CNV/27/023_Drusen.tif,CNV-027,test,CNV,drusen,OS,.tif,2.0000829696655273
CNV/27/024_Drusen.tif,CNV-027,test,CNV,drusen,OS,.tif,1.8282911777496338
CNV/27/025_Drusen.tif,CNV-027,test,CNV,drusen,OS,.tif,1.7105742692947388
CNV/27/026_Drusen.tif,CNV-027,test,CNV,drusen,OS,.tif,1.6967194080352783
CNV/27/027_Drusen.tif,CNV-027,test,CNV,drusen,OS,.tif,1.8158788681030273
CNV/27/028_Drusen.tif,CNV-027,test,CNV,drusen,OS,.tif,1.806756854057312
CNV/27/029_Drusen.tif,CNV-027,test,CNV,drusen,OS,.tif,1.7980002164840698
CNV/27/030_Drusen.tif,CNV-027,test,CNV,drusen,OS,.tif,1.933891773223877
CNV/28/000_Normal.tif,CNV-028,test,CNV,normal,OS,.tif,1.9931360483169556
CNV/28/001_Normal.tif,CNV-028,test,CNV,normal,OS,.tif,1.9654947519302368
CNV/28/002_Normal.tif,CNV-028,test,CNV,normal,OS,.tif,2.031829595565796
CNV/28/003_CNV.tif,CNV-028,test,CNV,cnv,OS,.tif,2.0512356758117676
CNV/28/004_CNV.tif,CNV-028,test,CNV,cnv,OS,.tif,2.0916435718536377
CNV/28/005_CNV.tif,CNV-028,test,CNV,cnv,OS,.tif,2.1927640438079834
CNV/28/006_CNV.tif,CNV-028,test,CNV,cnv,OS,.tif,2.420016288757324
CNV/28/007_CNV.tif,CNV-028,test,CNV,cnv,OS,.tif,2.2380857467651367
CNV/28/008_CNV.tif,CNV-028,test,CNV,cnv,OS,.tif,2.354471445083618
CNV/28/009_CNV.tif,CNV-028,test,CNV,cnv,OS,.tif,2.2459750175476074
CNV/28/010_CNV.tif,CNV-028,test,CNV,cnv,OS,.tif,2.1380975246429443
CNV/28/011_CNV.tif,CNV-028,test,CNV,cnv,OS,.tif,2.230618715286255
CNV/28/012_CNV.tif,CNV-028,test,CNV,cnv,OS,.tif,2.0969347953796387
CNV/28/013_CNV.tif,CNV-028,test,CNV,cnv,OS,.tif,1.9997001886367798
CNV/28/014_CNV.tif,CNV-028,test,CNV,cnv,OS,.tif,1.9234987497329712
CNV/28/015_CNV.tif,CNV-028,test,CNV,cnv,OS,.tif,2.031163215637207
CNV/28/016_CNV.tif,CNV-028,test,CNV,cnv,OS,.tif,1.8396735191345215
CNV/28/017_CNV.tif,CNV-028,test,CNV,cnv,OS,.tif,2.047382354736328
CNV/28/018_Drusen.tif,CNV-028,test,CNV,drusen,OS,.tif,2.060678720474243
CNV/28/019_Drusen.tif,CNV-028,test,CNV,drusen,OS,.tif,1.9511382579803467
CNV/28/020_Drusen.tif,CNV-028,test,CNV,drusen,OS,.tif,1.8898385763168335
CNV/28/021_Drusen.tif,CNV-028,test,CNV,drusen,OS,.tif,1.923588514328003
CNV/28/022_Drusen.tif,CNV-028,test,CNV,drusen,OS,.tif,1.802072286605835
CNV/28/023_Drusen.tif,CNV-028,test,CNV,drusen,OS,.tif,2.0441317558288574
CNV/28/024_Drusen.tif,CNV-028,test,CNV,drusen,OS,.tif,2.0082859992980957
CNV/28/025_Drusen.tif,CNV-028,test,CNV,drusen,OS,.tif,2.038271427154541
CNV/28/026_Drusen.tif,CNV-028,test,CNV,drusen,OS,.tif,1.931442141532898
CNV/28/027_Drusen.tif,CNV-028,test,CNV,drusen,OS,.tif,1.959610104560852
CNV/28/028_Drusen.tif,CNV-028,test,CNV,drusen,OS,.tif,1.8498311042785645
CNV/28/029_Drusen.tif,CNV-028,test,CNV,drusen,OS,.tif,1.820829153060913
CNV/28/030_Normal.tif,CNV-028,test,CNV,normal,OS,.tif,1.7230794429779053
CNV/29/000_Drusen.tif,CNV-029,test,CNV,drusen,OD,.tif,1.5228699445724487
CNV/29/001_Drusen.tif,CNV-029,test,CNV,drusen,OD,.tif,1.5628526210784912
CNV/29/002_Drusen.tif,CNV-029,test,CNV,drusen,OD,.tif,1.5634359121322632
CNV/29/003_CNV.tif,CNV-029,test,CNV,cnv,OD,.tif,1.6705328226089478
CNV/29/004_CNV.tif,CNV-029,test,CNV,cnv,OD,.tif,1.8249015808105469
CNV/29/005_CNV.tif,CNV-029,test,CNV,cnv,OD,.tif,2.2112531661987305
CNV/29/006_CNV.tif,CNV-029,test,CNV,cnv,OD,.tif,2.2179818153381348
CNV/29/007_CNV.tif,CNV-029,test,CNV,cnv,OD,.tif,2.520951271057129
CNV/29/008_CNV.tif,CNV-029,test,CNV,cnv,OD,.tif,2.421874761581421
CNV/29/009_CNV.tif,CNV-029,test,CNV,cnv,OD,.tif,2.8354074954986572
CNV/29/010_CNV.tif,CNV-029,test,CNV,cnv,OD,.tif,3.021893262863159
CNV/29/011_CNV.tif,CNV-029,test,CNV,cnv,OD,.tif,3.2372806072235107
CNV/29/012_CNV.tif,CNV-029,test,CNV,cnv,OD,.tif,3.2076776027679443
CNV/29/013_CNV.tif,CNV-029,test,CNV,cnv,OD,.tif,3.084226369857788
CNV/29/014_CNV.tif,CNV-029,test,CNV,cnv,OD,.tif,3.1531214714050293
CNV/29/015_CNV.tif,CNV-029,test,CNV,cnv,OD,.tif,3.0493545532226562
CNV/29/016_CNV.tif,CNV-029,test,CNV,cnv,OD,.tif,3.3197388648986816
CNV/29/017_CNV.tif,CNV-029,test,CNV,cnv,OD,.tif,2.866523265838623
CNV/29/018_CNV.tif,CNV-029,test,CNV,cnv,OD,.tif,3.017913579940796
CNV/29/019_CNV.tif,CNV-029,test,CNV,cnv,OD,.tif,2.8351194858551025
CNV/29/020_CNV.tif,CNV-029,test,CNV,cnv,OD,.tif,2.5104782581329346
CNV/29/021_CNV.tif,CNV-029,test,CNV,cnv,OD,.tif,2.360649824142456
CNV/29/022_CNV.tif,CNV-029,test,CNV,cnv,OD,.tif,1.9615246057510376
CNV/29/023_Drusen.tif,CNV-029,test,CNV,drusen,OD,.tif,1.660133719444275
CNV/29/024_Drusen.tif,CNV-029,test,CNV,drusen,OD,.tif,1.7653707265853882
CNV/29/025_Drusen.tif,CNV-029,test,CNV,drusen,OD,.tif,1.7128113508224487
CNV/29/026_Drusen.tif,CNV-029,test,CNV,drusen,OD,.tif,1.7395375967025757
CNV/29/027_Drusen.tif,CNV-029,test,CNV,drusen,OD,.tif,1.659273386001587
CNV/29/028_Drusen.tif,CNV-029,test,CNV,drusen,OD,.tif,1.6747876405715942
CNV/29/029_Drusen.tif,CNV-029,test,CNV,drusen,OD,.tif,1.81975257396698
CNV/29/030_Drusen.tif,CNV-029,test,CNV,drusen,OD,.tif,1.8387138843536377
CNV/30/000_CNV.tif,CNV-030,test,CNV,cnv,OD,.tif,2.2694365978240967
CNV/30/001_CNV.tif,CNV-030,test,CNV,cnv,OD,.tif,2.189162254333496
CNV/30/002_CNV.tif,CNV-030,test,CNV,cnv,OD,.tif,2.2201106548309326
CNV/30/003_CNV.tif,CNV-030,test,CNV,cnv,OD,.tif,2.410858392715454
CNV/30/004_CNV.tif,CNV-030,test,CNV,cnv,OD,.tif,2.1604197025299072
CNV/30/005_CNV.tif,CNV-030,test,CNV,cnv,OD,.tif,2.1798605918884277
CNV/30/006_CNV.tif,CNV-030,test,CNV,cnv,OD,.tif,2.2434685230255127
CNV/30/007_CNV.tif,CNV-030,test,CNV,cnv,OD,.tif,2.538573741912842
CNV/30/008_CNV.tif,CNV-030,test,CNV,cnv,OD,.tif,2.663599729537964
CNV/30/009_CNV.tif,CNV-030,test,CNV,cnv,OD,.tif,2.6934220790863037
CNV/30/010_CNV.tif,CNV-030,test,CNV,cnv,OD,.tif,2.5755789279937744
CNV/30/011_CNV.tif,CNV-030,test,CNV,cnv,OD,.tif,2.6908416748046875
CNV/30/012_CNV.tif,CNV-030,test,CNV,cnv,OD,.tif,2.7173144817352295
CNV/30/013_CNV.tif,CNV-030,test,CNV,cnv,OD,.tif,2.561143636703491
CNV/30/014_CNV.tif,CNV-030,test,CNV,cnv,OD,.tif,2.4570510387420654
CNV/30/015_CNV.tif,CNV-030,test,CNV,cnv,OD,.tif,2.556981086730957
CNV/30/016_CNV.tif,CNV-030,test,CNV,cnv,OD,.tif,2.571068286895752
CNV/30/017_CNV.tif,CNV-030,test,CNV,cnv,OD,.tif,2.4908347129821777
CNV/30/018_CNV.tif,CNV-030,test,CNV,cnv,OD,.tif,2.637615919113159
CNV/30/019_CNV.tif,CNV-030,test,CNV,cnv,OD,.tif,2.6486318111419678
CNV/30/020_CNV.tif,CNV-030,test,CNV,cnv,OD,.tif,2.3524467945098877
CNV/30/021_CNV.tif,CNV-030,test,CNV,cnv,OD,.tif,2.1655356884002686
CNV/30/022_CNV.tif,CNV-030,test,CNV,cnv,OD,.tif,2.013843059539795
CNV/30/023_Drusen.tif,CNV-030,test,CNV,drusen,OD,.tif,1.9159139394760132
CNV/30/024_Drusen.tif,CNV-030,test,CNV,drusen,OD,.tif,2.0004472732543945
CNV/30/025_Drusen.tif,CNV-030,test,CNV,drusen,OD,.tif,1.9172911643981934
CNV/30/026_Drusen.tif,CNV-030,test,CNV,drusen,OD,.tif,1.923600196838379
CNV/30/027_Drusen.tif,CNV-030,test,CNV,drusen,OD,.tif,1.764460563659668
CNV/30/028_Drusen.tif,CNV-030,test,CNV,drusen,OD,.tif,1.8774924278259277
CNV/30/029_Drusen.tif,CNV-030,test,CNV,drusen,OD,.tif,1.9572385549545288
CNV/30/030_Drusen.tif,CNV-030,test,CNV,drusen,OD,.tif,1.8234249353408813
CNV/33/000_Drusen.tif,CNV-033,test,CNV,drusen,OS,.tif,1.8075536489486694
CNV/33/001_Drusen.tif,CNV-033,test,CNV,drusen,OS,.tif,1.8994427919387817
CNV/33/002_Drusen.tif,CNV-033,test,CNV,drusen,OS,.tif,1.8738330602645874
CNV/33/003_Drusen.tif,CNV-033,test,CNV,drusen,OS,.tif,1.7822414636611938
CNV/33/004_Drusen.tif,CNV-033,test,CNV,drusen,OS,.tif,1.8807873725891113
CNV/33/005_Drusen.tif,CNV-033,test,CNV,drusen,OS,.tif,1.8397194147109985
CNV/33/006_Drusen.tif,CNV-033,test,CNV,drusen,OS,.tif,1.879508137702942
CNV/33/007_Drusen.tif,CNV-033,test,CNV,drusen,OS,.tif,1.8268201351165771
CNV/33/008_Drusen.tif,CNV-033,test,CNV,drusen,OS,.tif,1.9349915981292725
CNV/33/009_CNV.tif,CNV-033,test,CNV,cnv,OS,.tif,1.8156323432922363
CNV/33/010_CNV.tif,CNV-033,test,CNV,cnv,OS,.tif,1.7474751472473145
CNV/33/011_CNV.tif,CNV-033,test,CNV,cnv,OS,.tif,1.8843214511871338
CNV/33/012_CNV.tif,CNV-033,test,CNV,cnv,OS,.tif,1.8695982694625854
CNV/33/013_CNV.tif,CNV-033,test,CNV,cnv,OS,.tif,1.9670650959014893
CNV/33/014_CNV.tif,CNV-033,test,CNV,cnv,OS,.tif,1.9344054460525513
CNV/33/015_CNV.tif,CNV-033,test,CNV,cnv,OS,.tif,1.8944377899169922
CNV/33/016_CNV.tif,CNV-033,test,CNV,cnv,OS,.tif,1.763165831565857
CNV/33/017_CNV.tif,CNV-033,test,CNV,cnv,OS,.tif,1.7692347764968872
CNV/33/018_CNV.tif,CNV-033,test,CNV,cnv,OS,.tif,1.7772703170776367
CNV/33/019_Drusen.tif,CNV-033,test,CNV,drusen,OS,.tif,1.7789902687072754
CNV/33/020_Drusen.tif,CNV-033,test,CNV,drusen,OS,.tif,1.8420090675354004
CNV/33/021_Drusen.tif,CNV-033,test,CNV,drusen,OS,.tif,1.8578442335128784
CNV/33/022_Drusen.tif,CNV-033,test,CNV,drusen,OS,.tif,1.901313066482544
CNV/33/023_Drusen.tif,CNV-033,test,CNV,drusen,OS,.tif,1.8173128366470337
CNV/33/024_Drusen.tif,CNV-033,test,CNV,drusen,OS,.tif,1.8190466165542603
CNV/33/025_Drusen.tif,CNV-033,test,CNV,drusen,OS,.tif,1.777478814125061
CNV/33/026_Drusen.tif,CNV-033,test,CNV,drusen,OS,.tif,1.787556767463684
CNV/33/027_Drusen.tif,CNV-033,test,CNV,drusen,OS,.tif,1.8445409536361694
CNV/33/028_Drusen.tif,CNV-033,test,CNV,drusen,OS,.tif,1.7945352792739868
CNV/33/029_Drusen.tif,CNV-033,test,CNV,drusen,OS,.tif,1.8147997856140137
CNV/33/030_Drusen.tif,CNV-033,test,CNV,drusen,OS,.tif,1.7488913536071777
CNV/40/000_Normal.tif,CNV-040,test,CNV,normal,OD,.tif,1.5012692213058472
CNV/40/001_Normal.tif,CNV-040,test,CNV,normal,OD,.tif,1.5403329133987427
CNV/40/002_Normal.tif,CNV-040,test,CNV,normal,OD,.tif,1.375098466873169
CNV/40/003_Drusen.tif,CNV-040,test,CNV,drusen,OD,.tif,1.8581751585006714
CNV/40/004_Drusen.tif,CNV-040,test,CNV,drusen,OD,.tif,1.4584935903549194
CNV/40/005_Drusen.tif,CNV-040,test,CNV,drusen,OD,.tif,1.546738862991333
CNV/40/006_Drusen.tif,CNV-040,test,CNV,drusen,OD,.tif,1.3873324394226074
CNV/40/007_Drusen.tif,CNV-040,test,CNV,drusen,OD,.tif,1.3915079832077026
CNV/40/008_Drusen.tif,CNV-040,test,CNV,drusen,OD,.tif,1.4461389780044556
CNV/40/009_Drusen.tif,CNV-040,test,CNV,drusen,OD,.tif,1.5568528175354004
CNV/40/010_Drusen.tif,CNV-040,test,CNV,drusen,OD,.tif,1.3640687465667725
CNV/40/011_Drusen.tif,CNV-040,test,CNV,drusen,OD,.tif,1.4114657640457153
CNV/40/012_Drusen.tif,CNV-040,test,CNV,drusen,OD,.tif,1.4110625982284546
CNV/40/013_CNV.tif,CNV-040,test,CNV,cnv,OD,.tif,1.506718397140503
CNV/40/014_CNV.tif,CNV-040,test,CNV,cnv,OD,.tif,1.7796757221221924
CNV/40/015_CNV.tif,CNV-040,test,CNV,cnv,OD,.tif,1.6966907978057861
CNV/40/016_CNV.tif,CNV-040,test,CNV,cnv,OD,.tif,1.8066636323928833
CNV/40/017_CNV.tif,CNV-040,test,CNV,cnv,OD,.tif,1.661267876625061
CNV/40/018_CNV.tif,CNV-040,test,CNV,cnv,OD,.tif,1.5474979877471924
CNV/40/019_Drusen.tif,CNV-040,test,CNV,drusen,OD,.tif,1.4581868648529053
CNV/40/020_Drusen.tif,CNV-040,test,CNV,drusen,OD,.tif,1.5519882440567017
CNV/40/021_Drusen.tif,CNV-040,test,CNV,drusen,OD,.tif,1.6221139430999756
CNV/40/022_Drusen.tif,CNV-040,test,CNV,drusen,OD,.tif,1.5956372022628784
CNV/40/023_Drusen.tif,CNV-040,test,CNV,drusen,OD,.tif,1.6017682552337646
CNV/40/024_Drusen.tif,CNV-040,test,CNV,drusen,OD,.tif,1.5247052907943726
CNV/40/025_Drusen.tif,CNV-040,test,CNV,drusen,OD,.tif,1.3948256969451904
CNV/40/026_Drusen.tif,CNV-040,test,CNV,drusen,OD,.tif,1.6382343769073486
CNV/40/027_Drusen.tif,CNV-040,test,CNV,drusen,OD,.tif,1.4590636491775513
CNV/40/028_Drusen.tif,CNV-040,test,CNV,drusen,OD,.tif,1.6018091440200806
CNV/40/029_Drusen.tif,CNV-040,test,CNV,drusen,OD,.tif,1.5782043933868408
CNV/40/030_Drusen.tif,CNV-040,test,CNV,drusen,OD,.tif,1.6638976335525513
CNV/41/000_Drusen.tif,CNV-041,test,CNV,drusen,OS,.tif,2.2843680381774902
CNV/41/001_Normal.tif,CNV-041,test,CNV,normal,OS,.tif,2.2311971187591553
CNV/41/002_Drusen.tif,CNV-041,test,CNV,drusen,OS,.tif,2.1210594177246094
CNV/41/003_Normal.tif,CNV-041,test,CNV,normal,OS,.tif,2.236426591873169
CNV/41/004_Drusen.tif,CNV-041,test,CNV,drusen,OS,.tif,2.2367093563079834
CNV/41/005_Normal.tif,CNV-041,test,CNV,normal,OS,.tif,2.178614377975464
CNV/41/006_Drusen.tif,CNV-041,test,CNV,drusen,OS,.tif,2.101351261138916
CNV/41/007_Drusen.tif,CNV-041,test,CNV,drusen,OS,.tif,2.0990054607391357
CNV/41/008_Drusen.tif,CNV-041,test,CNV,drusen,OS,.tif,2.0672128200531006
CNV/41/009_CNV.tif,CNV-041,test,CNV,cnv,OS,.tif,2.123521327972412
CNV/41/010_CNV.tif,CNV-041,test,CNV,cnv,OS,.tif,2.198967933654785
CNV/41/011_CNV.tif,CNV-041,test,CNV,cnv,OS,.tif,2.4494264125823975
CNV/41/012_CNV.tif,CNV-041,test,CNV,cnv,OS,.tif,2.777960777282715
CNV/41/013_CNV.tif,CNV-041,test,CNV,cnv,OS,.tif,2.8781800270080566
CNV/41/014_CNV.tif,CNV-041,test,CNV,cnv,OS,.tif,3.158200979232788
CNV/41/015_CNV.tif,CNV-041,test,CNV,cnv,OS,.tif,3.3261678218841553
CNV/41/016_CNV.tif,CNV-041,test,CNV,cnv,OS,.tif,3.497905969619751
CNV/41/017_CNV.tif,CNV-041,test,CNV,cnv,OS,.tif,3.7373290061950684
CNV/41/018_CNV.tif,CNV-041,test,CNV,cnv,OS,.tif,3.628459930419922
CNV/41/019_CNV.tif,CNV-041,test,CNV,cnv,OS,.tif,3.345043182373047
CNV/41/020_CNV.tif,CNV-041,test,CNV,cnv,OS,.tif,2.903848171234131
CNV/41/021_CNV.tif,CNV-041,test,CNV,cnv,OS,.tif,2.6520698070526123
CNV/41/022_CNV.tif,CNV-041,test,CNV,cnv,OS,.tif,2.4013779163360596
CNV/41/023_CNV.tif,CNV-041,test,CNV,cnv,OS,.tif,2.378408432006836
CNV/41/024_CNV.tif,CNV-041,test,CNV,cnv,OS,.tif,2.0112459659576416
CNV/41/025_Drusen.tif,CNV-041,test,CNV,drusen,OS,.tif,2.0564193725585938
CNV/41/026_Normal.tif,CNV-041,test,CNV,normal,OS,.tif,2.0934200286865234
CNV/41/027_Normal.tif,CNV-041,test,CNV,normal,OS,.tif,2.1263222694396973
CNV/41/028_Normal.tif,CNV-041,test,CNV,normal,OS,.tif,2.0436787605285645
CNV/41/029_Normal.tif,CNV-041,test,CNV,normal,OS,.tif,2.0724470615386963
CNV/41/030_Normal.tif,CNV-041,test,CNV,normal,OS,.tif,2.1155519485473633
CNV/43/000_Normal.tif,CNV-043,test,CNV,normal,OS,.tif,1.7761908769607544
CNV/43/001_Normal.tif,CNV-043,test,CNV,normal,OS,.tif,1.7016113996505737
CNV/43/002_Normal.tif,CNV-043,test,CNV,normal,OS,.tif,1.7749559879302979
CNV/43/003_Normal.tif,CNV-043,test,CNV,normal,OS,.tif,1.8384337425231934
CNV/43/004_Normal.tif,CNV-043,test,CNV,normal,OS,.tif,1.6999138593673706
CNV/43/005_CNV.tif,CNV-043,test,CNV,cnv,OS,.tif,1.7143893241882324
CNV/43/006_CNV.tif,CNV-043,test,CNV,cnv,OS,.tif,1.7132601737976074
CNV/43/007_CNV.tif,CNV-043,test,CNV,cnv,OS,.tif,1.726765513420105
CNV/43/008_CNV.tif,CNV-043,test,CNV,cnv,OS,.tif,1.8129839897155762
CNV/43/009_CNV.tif,CNV-043,test,CNV,cnv,OS,.tif,2.039902925491333
CNV/43/010_CNV.tif,CNV-043,test,CNV,cnv,OS,.tif,2.117598056793213
CNV/43/011_CNV.tif,CNV-043,test,CNV,cnv,OS,.tif,2.009006977081299
CNV/43/012_CNV.tif,CNV-043,test,CNV,cnv,OS,.tif,2.0913197994232178
CNV/43/013_CNV.tif,CNV-043,test,CNV,cnv,OS,.tif,2.0711429119110107
CNV/43/014_CNV.tif,CNV-043,test,CNV,cnv,OS,.tif,1.8244240283966064
CNV/43/015_CNV.tif,CNV-043,test,CNV,cnv,OS,.tif,1.8251153230667114
CNV/43/016_CNV.tif,CNV-043,test,CNV,cnv,OS,.tif,1.730582356452942
CNV/43/017_CNV.tif,CNV-043,test,CNV,cnv,OS,.tif,1.7129285335540771
CNV/43/018_CNV.tif,CNV-043,test,CNV,cnv,OS,.tif,1.718557357788086
CNV/43/019_Drusen.tif,CNV-043,test,CNV,drusen,OS,.tif,1.7251052856445312
CNV/43/020_Drusen.tif,CNV-043,test,CNV,drusen,OS,.tif,1.7013065814971924
CNV/43/021_Drusen.tif,CNV-043,test,CNV,drusen,OS,.tif,1.7806615829467773
CNV/43/022_Drusen.tif,CNV-043,test,CNV,drusen,OS,.tif,1.7773596048355103
CNV/43/023_Drusen.tif,CNV-043,test,CNV,drusen,OS,.tif,1.9612491130828857
CNV/43/024_Normal.tif,CNV-043,test,CNV,normal,OS,.tif,1.8091992139816284
CNV/44/000_NOrmal.tif,CNV-044,test,CNV,normal,OD,.tif,1.9371141195297241
CNV/44/001_Drusen.tif,CNV-044,test,CNV,drusen,OD,.tif,1.8326377868652344
CNV/44/002_NOrmal.tif,CNV-044,test,CNV,normal,OD,.tif,1.8245900869369507
CNV/44/003_NOrmal.tif,CNV-044,test,CNV,normal,OD,.tif,1.8386157751083374
CNV/44/004_Drusen.tif,CNV-044,test,CNV,drusen,OD,.tif,1.8481106758117676
CNV/44/005_Drusen.tif,CNV-044,test,CNV,drusen,OD,.tif,1.9290860891342163
CNV/44/006_Drusen.tif,CNV-044,test,CNV,drusen,OD,.tif,1.8558257818222046
CNV/44/007_NOrmal.tif,CNV-044,test,CNV,normal,OD,.tif,1.9130648374557495
CNV/44/008_CNV.tif,CNV-044,test,CNV,cnv,OD,.tif,1.9422030448913574
CNV/44/009_CNV.tif,CNV-044,test,CNV,cnv,OD,.tif,1.9803811311721802
CNV/44/010_CNV.tif,CNV-044,test,CNV,cnv,OD,.tif,1.9636250734329224
CNV/44/011_CNV.tif,CNV-044,test,CNV,cnv,OD,.tif,2.1142489910125732
CNV/44/012_CNV.tif,CNV-044,test,CNV,cnv,OD,.tif,2.051068067550659
CNV/44/013_CNV.tif,CNV-044,test,CNV,cnv,OD,.tif,2.084533214569092
CNV/44/014_CNV.tif,CNV-044,test,CNV,cnv,OD,.tif,2.115375280380249
CNV/44/015_CNV.tif,CNV-044,test,CNV,cnv,OD,.tif,2.3676931858062744
CNV/44/016_CNV.tif,CNV-044,test,CNV,cnv,OD,.tif,2.1357228755950928
CNV/44/017_CNV.tif,CNV-044,test,CNV,cnv,OD,.tif,1.9910035133361816
CNV/44/018_CNV.tif,CNV-044,test,CNV,cnv,OD,.tif,1.75166654586792
CNV/44/019_CNV.tif,CNV-044,test,CNV,cnv,OD,.tif,1.85916006565094
CNV/44/020_NOrmal.tif,CNV-044,test,CNV,normal,OD,.tif,1.903917670249939
CNV/44/021_NOrmal.tif,CNV-044,test,CNV,normal,OD,.tif,1.8570300340652466
CNV/44/022_NOrmal.tif,CNV-044,test,CNV,normal,OD,.tif,1.8701562881469727
CNV/44/023_NOrmal.tif,CNV-044,test,CNV,normal,OD,.tif,1.9230668544769287
CNV/44/024_NOrmal.tif,CNV-044,test,CNV,normal,OD,.tif,1.8617287874221802
CNV/44/025_NOrmal.tif,CNV-044,test,CNV,normal,OD,.tif,1.8225151300430298
CNV/44/026_NOrmal.tif,CNV-044,test,CNV,normal,OD,.tif,1.8281588554382324
CNV/44/027_NOrmal.tif,CNV-044,test,CNV,normal,OD,.tif,1.7389945983886719
CNV/44/028_NOrmal.tif,CNV-044,test,CNV,normal,OD,.tif,1.7704007625579834
CNV/44/029_NOrmal.tif,CNV-044,test,CNV,normal,OD,.tif,1.7977244853973389
CNV/44/030_NOrmal.tif,CNV-044,test,CNV,normal,OD,.tif,1.7711937427520752
CNV/46/000_Drusen.tif,CNV-046,test,CNV,drusen,OS,.tif,1.8868334293365479
CNV/46/001_Normal.tif,CNV-046,test,CNV,normal,OS,.tif,2.1196346282958984
CNV/46/002_Drusen.tif,CNV-046,test,CNV,drusen,OS,.tif,1.8665295839309692
CNV/46/003_Drusen.tif,CNV-046,test,CNV,drusen,OS,.tif,1.8027312755584717
CNV/46/004_Drusen.tif,CNV-046,test,CNV,drusen,OS,.tif,1.8286789655685425
CNV/46/005_Drusen.tif,CNV-046,test,CNV,drusen,OS,.tif,1.8679605722427368
CNV/46/006_Normal.tif,CNV-046,test,CNV,normal,OS,.tif,1.8591185808181763
CNV/46/007_Drusen.tif,CNV-046,test,CNV,drusen,OS,.tif,1.921550989151001
CNV/46/008_Drusen.tif,CNV-046,test,CNV,drusen,OS,.tif,1.8668301105499268
CNV/46/009_Drusen.tif,CNV-046,test,CNV,drusen,OS,.tif,2.087503433227539
CNV/46/010_Drusen.tif,CNV-046,test,CNV,drusen,OS,.tif,1.9359503984451294
CNV/46/011_Drusen.tif,CNV-046,test,CNV,drusen,OS,.tif,1.9283422231674194
CNV/46/012_CNV.tif,CNV-046,test,CNV,cnv,OS,.tif,1.9997754096984863
CNV/46/013_CNV.tif,CNV-046,test,CNV,cnv,OS,.tif,1.782564401626587
CNV/46/014_CNV.tif,CNV-046,test,CNV,cnv,OS,.tif,1.8209644556045532
CNV/46/015_CNV.tif,CNV-046,test,CNV,cnv,OS,.tif,1.8643537759780884
CNV/46/016_Normal.tif,CNV-046,test,CNV,normal,OS,.tif,1.9879748821258545
CNV/46/017_Normal.tif,CNV-046,test,CNV,normal,OS,.tif,1.810875415802002
CNV/46/018_Normal.tif,CNV-046,test,CNV,normal,OS,.tif,2.085059404373169
CNV/46/019_Normal.tif,CNV-046,test,CNV,normal,OS,.tif,2.1083240509033203
CNV/46/020_Normal.tif,CNV-046,test,CNV,normal,OS,.tif,1.793461561203003
CNV/46/021_Normal.tif,CNV-046,test,CNV,normal,OS,.tif,1.728360652923584
CNV/46/022_Normal.tif,CNV-046,test,CNV,normal,OS,.tif,1.6378215551376343
CNV/46/023_Normal.tif,CNV-046,test,CNV,normal,OS,.tif,1.7090520858764648
CNV/46/024_Drusen.tif,CNV-046,test,CNV,drusen,OS,.tif,1.7360680103302002
CNV/46/025_Normal.tif,CNV-046,test,CNV,normal,OS,.tif,1.8526954650878906
CNV/46/026_Normal.tif,CNV-046,test,CNV,normal,OS,.tif,1.8535857200622559
CNV/46/027_Normal.tif,CNV-046,test,CNV,normal,OS,.tif,1.8524515628814697
CNV/46/028_Normal.tif,CNV-046,test,CNV,normal,OS,.tif,1.8050479888916016
CNV/46/029_Normal.tif,CNV-046,test,CNV,normal,OS,.tif,1.8601096868515015
CNV/46/030_Normal.tif,CNV-046,test,CNV,normal,OS,.tif,1.8082280158996582
CNV/49/000_CNV.tif,CNV-049,test,CNV,cnv,OS,.tif,2.207284927368164
CNV/49/001_CNV.tif,CNV-049,test,CNV,cnv,OS,.tif,2.1227405071258545
CNV/49/002_CNV.tif,CNV-049,test,CNV,cnv,OS,.tif,1.9920734167099
CNV/49/003_CNV.tif,CNV-049,test,CNV,cnv,OS,.tif,2.138746500015259
CNV/49/004_CNV.tif,CNV-049,test,CNV,cnv,OS,.tif,2.048788547515869
CNV/49/005_CNV.tif,CNV-049,test,CNV,cnv,OS,.tif,2.018839120864868
CNV/49/006_CNV.tif,CNV-049,test,CNV,cnv,OS,.tif,2.253342628479004
CNV/49/007_CNV.tif,CNV-049,test,CNV,cnv,OS,.tif,2.3338072299957275
CNV/49/008_CNV.tif,CNV-049,test,CNV,cnv,OS,.tif,2.4515085220336914
CNV/49/009_CNV.tif,CNV-049,test,CNV,cnv,OS,.tif,2.528226852416992
CNV/49/010_CNV.tif,CNV-049,test,CNV,cnv,OS,.tif,2.493527889251709
CNV/49/011_CNV.tif,CNV-049,test,CNV,cnv,OS,.tif,2.7557876110076904
CNV/49/012_CNV.tif,CNV-049,test,CNV,cnv,OS,.tif,2.630960464477539
CNV/49/013_CNV.tif,CNV-049,test,CNV,cnv,OS,.tif,2.4913713932037354
CNV/49/014_CNV.tif,CNV-049,test,CNV,cnv,OS,.tif,2.605926036834717
CNV/49/015_CNV.tif,CNV-049,test,CNV,cnv,OS,.tif,2.2926185131073
CNV/49/016_CNV.tif,CNV-049,test,CNV,cnv,OS,.tif,2.276306390762329
CNV/49/017_CNV.tif,CNV-049,test,CNV,cnv,OS,.tif,2.2508344650268555
CNV/49/018_CNV.tif,CNV-049,test,CNV,cnv,OS,.tif,2.2407491207122803
CNV/49/019_CNV.tif,CNV-049,test,CNV,cnv,OS,.tif,2.2786777019500732
CNV/49/020_CNV.tif,CNV-049,test,CNV,cnv,OS,.tif,2.1090610027313232
CNV/49/021_CNV.tif,CNV-049,test,CNV,cnv,OS,.tif,2.0855941772460938
CNV/49/022_CNV.tif,CNV-049,test,CNV,cnv,OS,.tif,2.02081561088562
CNV/49/023_CNV.tif,CNV-049,test,CNV,cnv,OS,.tif,2.11490797996521
CNV/49/024_CNV.tif,CNV-049,test,CNV,cnv,OS,.tif,2.2208333015441895
CNV/49/025_Drusen.tif,CNV-049,test,CNV,drusen,OS,.tif,1.978990077972412
CNV/49/026_Drusen.tif,CNV-049,test,CNV,drusen,OS,.tif,1.9624000787734985
CNV/49/027_Drusen.tif,CNV-049,test,CNV,drusen,OS,.tif,2.005618095397949
CNV/49/028_Drusen.tif,CNV-049,test,CNV,drusen,OS,.tif,1.8637570142745972
CNV/49/029_Drusen.tif,CNV-049,test,CNV,drusen,OS,.tif,1.8215243816375732
CNV/49/030_Drusen.tif,CNV-049,test,CNV,drusen,OS,.tif,1.8206003904342651
CNV/52/OD/000_Normal.tif,CNV-052,test,CNV,normal,OD,.tif,2.21090030670166
CNV/52/OD/001_Normal.tif,CNV-052,test,CNV,normal,OD,.tif,2.3515031337738037
CNV/52/OD/002_Normal.tif,CNV-052,test,CNV,normal,OD,.tif,1.977609395980835
CNV/52/OD/003_Normal.tif,CNV-052,test,CNV,normal,OD,.tif,1.9094085693359375
CNV/52/OD/004_Normal.tif,CNV-052,test,CNV,normal,OD,.tif,1.6730155944824219
CNV/52/OD/005_Normal.tif,CNV-052,test,CNV,normal,OD,.tif,1.6779981851577759
CNV/52/OD/006_Normal.tif,CNV-052,test,CNV,normal,OD,.tif,1.6058670282363892
CNV/52/OD/007_Normal.tif,CNV-052,test,CNV,normal,OD,.tif,1.5639114379882812
CNV/52/OD/008_Drusen.tif,CNV-052,test,CNV,drusen,OD,.tif,1.6297438144683838
CNV/52/OD/009_Drusen.tif,CNV-052,test,CNV,drusen,OD,.tif,1.8618203401565552
CNV/52/OD/010_Drusen.tif,CNV-052,test,CNV,drusen,OD,.tif,1.9220972061157227
CNV/52/OD/011_CNV.tif,CNV-052,test,CNV,cnv,OD,.tif,1.9898971319198608
CNV/52/OD/012_CNV.tif,CNV-052,test,CNV,cnv,OD,.tif,2.022860527038574
CNV/52/OD/013_CNV.tif,CNV-052,test,CNV,cnv,OD,.tif,2.321345090866089
CNV/52/OD/014_CNV.tif,CNV-052,test,CNV,cnv,OD,.tif,2.6275382041931152
CNV/52/OD/015_CNV.tif,CNV-052,test,CNV,cnv,OD,.tif,2.4089086055755615
CNV/52/OD/016_Drusen.tif,CNV-052,test,CNV,drusen,OD,.tif,2.1659724712371826
CNV/52/OD/017_Drusen.tif,CNV-052,test,CNV,drusen,OD,.tif,2.0391957759857178
CNV/52/OD/018_Drusen.tif,CNV-052,test,CNV,drusen,OD,.tif,1.866357684135437
CNV/52/OD/019_Drusen.tif,CNV-052,test,CNV,drusen,OD,.tif,1.7526215314865112
CNV/52/OD/020_Normal.tif,CNV-052,test,CNV,normal,OD,.tif,1.6901023387908936
CNV/52/OD/021_Normal.tif,CNV-052,test,CNV,normal,OD,.tif,1.6709133386611938
CNV/52/OD/022_Normal.tif,CNV-052,test,CNV,normal,OD,.tif,1.6665706634521484
CNV/52/OD/023_Normal.tif,CNV-052,test,CNV,normal,OD,.tif,1.6312593221664429
CNV/52/OD/024_Normal.tif,CNV-052,test,CNV,normal,OD,.tif,1.6996698379516602
CNV/52/OD/025_Normal.tif,CNV-052,test,CNV,normal,OD,.tif,1.6814656257629395
CNV/52/OD/026_Normal.tif,CNV-052,test,CNV,normal,OD,.tif,1.7444709539413452
CNV/52/OD/027_Normal.tif,CNV-052,test,CNV,normal,OD,.tif,1.6602890491485596
CNV/52/OD/028_Normal.tif,CNV-052,test,CNV,normal,OD,.tif,1.7826766967773438
CNV/52/OD/029_Normal.tif,CNV-052,test,CNV,normal,OD,.tif,1.7374529838562012
CNV/52/OD/030_Normal.tif,CNV-052,test,CNV,normal,OD,.tif,1.7913118600845337
CNV/52/OS/000_Normal.tif,CNV-052,test,CNV,normal,OS,.tif,2.491353750228882
CNV/52/OS/001_Normal.tif,CNV-052,test,CNV,normal,OS,.tif,2.2441744804382324
CNV/52/OS/002_Normal.tif,CNV-052,test,CNV,normal,OS,.tif,2.319099187850952
CNV/52/OS/003_Normal.tif,CNV-052,test,CNV,normal,OS,.tif,2.324549674987793
CNV/52/OS/004_Normal.tif,CNV-052,test,CNV,normal,OS,.tif,2.391540288925171
CNV/52/OS/005_Normal.tif,CNV-052,test,CNV,normal,OS,.tif,2.2108724117279053
CNV/52/OS/006_Drusen.tif,CNV-052,test,CNV,drusen,OS,.tif,2.227450132369995
CNV/52/OS/007_CNV.tif,CNV-052,test,CNV,cnv,OS,.tif,2.2392566204071045
CNV/52/OS/008_CNV.tif,CNV-052,test,CNV,cnv,OS,.tif,2.1627867221832275
CNV/52/OS/009_CNV.tif,CNV-052,test,CNV,cnv,OS,.tif,2.285177230834961
CNV/52/OS/010_CNV.tif,CNV-052,test,CNV,cnv,OS,.tif,2.3579578399658203
CNV/52/OS/011_CNV.tif,CNV-052,test,CNV,cnv,OS,.tif,2.440276622772217
CNV/52/OS/012_CNV.tif,CNV-052,test,CNV,cnv,OS,.tif,2.791142463684082
CNV/52/OS/013_CNV.tif,CNV-052,test,CNV,cnv,OS,.tif,2.5978801250457764
CNV/52/OS/014_CNV.tif,CNV-052,test,CNV,cnv,OS,.tif,3.023646593093872
CNV/52/OS/015_CNV.tif,CNV-052,test,CNV,cnv,OS,.tif,2.810091257095337
CNV/52/OS/016_CNV.tif,CNV-052,test,CNV,cnv,OS,.tif,2.7354087829589844
CNV/52/OS/017_CNV.tif,CNV-052,test,CNV,cnv,OS,.tif,2.493481159210205
CNV/52/OS/018_CNV.tif,CNV-052,test,CNV,cnv,OS,.tif,2.251108169555664
CNV/52/OS/019_CNV.tif,CNV-052,test,CNV,cnv,OS,.tif,2.1163136959075928
CNV/52/OS/020_Normal.tif,CNV-052,test,CNV,normal,OS,.tif,1.9572664499282837
CNV/52/OS/021_Normal.tif,CNV-052,test,CNV,normal,OS,.tif,1.9972020387649536
CNV/52/OS/022_Normal.tif,CNV-052,test,CNV,normal,OS,.tif,2.019932746887207
CNV/52/OS/023_Normal.tif,CNV-052,test,CNV,normal,OS,.tif,2.0395190715789795
CNV/52/OS/024_Normal.tif,CNV-052,test,CNV,normal,OS,.tif,2.037367582321167
CNV/52/OS/025_Normal.tif,CNV-052,test,CNV,normal,OS,.tif,2.1040940284729004
CNV/52/OS/026_Normal.tif,CNV-052,test,CNV,normal,OS,.tif,2.0935792922973633
CNV/52/OS/027_Normal.tif,CNV-052,test,CNV,normal,OS,.tif,2.00942063331604
CNV/52/OS/028_Normal.tif,CNV-052,test,CNV,normal,OS,.tif,1.8182932138442993
CNV/52/OS/029_Normal.tif,CNV-052,test,CNV,normal,OS,.tif,1.8484060764312744
CNV/52/OS/030_Normal.tif,CNV-052,test,CNV,normal,OS,.tif,1.8533791303634644
CNV/54/OD/000_DRusen.tif,CNV-054,test,CNV,drusen,OD,.tif,1.6981559991836548
CNV/54/OD/001_DRusen.tif,CNV-054,test,CNV,drusen,OD,.tif,1.7820347547531128
CNV/54/OD/002_DRusen.tif,CNV-054,test,CNV,drusen,OD,.tif,1.8001238107681274
CNV/54/OD/003_DRusen.tif,CNV-054,test,CNV,drusen,OD,.tif,1.7358156442642212
CNV/54/OD/004_DRusen.tif,CNV-054,test,CNV,drusen,OD,.tif,1.8732556104660034
CNV/54/OD/005_CNV.tif,CNV-054,test,CNV,cnv,OD,.tif,2.016770124435425
CNV/54/OD/006_CNV.tif,CNV-054,test,CNV,cnv,OD,.tif,2.027484178543091
CNV/54/OD/007_CNV.tif,CNV-054,test,CNV,cnv,OD,.tif,2.1884915828704834
CNV/54/OD/008_CNV.tif,CNV-054,test,CNV,cnv,OD,.tif,2.3626620769500732
CNV/54/OD/009_CNV.tif,CNV-054,test,CNV,cnv,OD,.tif,2.297572612762451
CNV/54/OD/010_CNV.tif,CNV-054,test,CNV,cnv,OD,.tif,2.3002572059631348
CNV/54/OD/011_CNV.tif,CNV-054,test,CNV,cnv,OD,.tif,2.371023178100586
CNV/54/OD/012_CNV.tif,CNV-054,test,CNV,cnv,OD,.tif,2.406450033187866
CNV/54/OD/013_CNV.tif,CNV-054,test,CNV,cnv,OD,.tif,2.293923854827881
CNV/54/OD/014_CNV.tif,CNV-054,test,CNV,cnv,OD,.tif,2.1557304859161377
CNV/54/OD/015_CNV.tif,CNV-054,test,CNV,cnv,OD,.tif,2.0885629653930664
CNV/54/OD/016_CNV.tif,CNV-054,test,CNV,cnv,OD,.tif,2.0331201553344727
CNV/54/OD/017_CNV.tif,CNV-054,test,CNV,cnv,OD,.tif,1.9756169319152832
CNV/54/OD/018_CNV.tif,CNV-054,test,CNV,cnv,OD,.tif,2.022010087966919
CNV/54/OD/019_CNV.tif,CNV-054,test,CNV,cnv,OD,.tif,1.8434566259384155
CNV/54/OD/020_CNV.tif,CNV-054,test,CNV,cnv,OD,.tif,1.812614917755127
CNV/54/OD/021_CNV.tif,CNV-054,test,CNV,cnv,OD,.tif,1.8793140649795532
CNV/54/OD/022_CNV.tif,CNV-054,test,CNV,cnv,OD,.tif,1.7783396244049072
CNV/54/OD/023_CNV.tif,CNV-054,test,CNV,cnv,OD,.tif,1.8626253604888916
CNV/54/OD/024_CNV.tif,CNV-054,test,CNV,cnv,OD,.tif,1.7916955947875977
CNV/54/OS/000_CNV.tif,CNV-054,test,CNV,cnv,OS,.tif,1.7474054098129272
CNV/54/OS/001_CNV.tif,CNV-054,test,CNV,cnv,OS,.tif,1.9894083738327026
CNV/54/OS/002_CNV.tif,CNV-054,test,CNV,cnv,OS,.tif,1.8957349061965942
CNV/54/OS/003_CNV.tif,CNV-054,test,CNV,cnv,OS,.tif,1.9547477960586548
CNV/54/OS/004_CNV.tif,CNV-054,test,CNV,cnv,OS,.tif,2.0941150188446045
CNV/54/OS/005_CNV.tif,CNV-054,test,CNV,cnv,OS,.tif,2.106516122817993
CNV/54/OS/006_CNV.tif,CNV-054,test,CNV,cnv,OS,.tif,2.236238956451416
CNV/54/OS/007_CNV.tif,CNV-054,test,CNV,cnv,OS,.tif,2.192340135574341
CNV/54/OS/008_CNV.tif,CNV-054,test,CNV,cnv,OS,.tif,2.4210667610168457
CNV/54/OS/009_CNV.tif,CNV-054,test,CNV,cnv,OS,.tif,2.3700144290924072
CNV/54/OS/010_CNV.tif,CNV-054,test,CNV,cnv,OS,.tif,2.187053680419922
CNV/54/OS/011_CNV.tif,CNV-054,test,CNV,cnv,OS,.tif,2.160050392150879
CNV/54/OS/012_CNV.tif,CNV-054,test,CNV,cnv,OS,.tif,2.084033250808716
CNV/54/OS/013_CNV.tif,CNV-054,test,CNV,cnv,OS,.tif,2.3620400428771973
CNV/54/OS/014_CNV.tif,CNV-054,test,CNV,cnv,OS,.tif,2.233489751815796
CNV/54/OS/015_CNV.tif,CNV-054,test,CNV,cnv,OS,.tif,2.116443634033203
CNV/54/OS/016_CNV.tif,CNV-054,test,CNV,cnv,OS,.tif,2.132166862487793
CNV/54/OS/017_Drusen.tif,CNV-054,test,CNV,drusen,OS,.tif,1.905571699142456
CNV/54/OS/018_Drusen.tif,CNV-054,test,CNV,drusen,OS,.tif,1.6588873863220215
CNV/54/OS/019_Drusen.tif,CNV-054,test,CNV,drusen,OS,.tif,1.5106005668640137
CNV/54/OS/020_Drusen.tif,CNV-054,test,CNV,drusen,OS,.tif,1.69472336769104
CNV/54/OS/021_Drusen.tif,CNV-054,test,CNV,drusen,OS,.tif,1.707490086555481
CNV/54/OS/022_Drusen.tif,CNV-054,test,CNV,drusen,OS,.tif,1.6597661972045898
CNV/54/OS/023_Drusen.tif,CNV-054,test,CNV,drusen,OS,.tif,1.7561054229736328
CNV/54/OS/024_Drusen.tif,CNV-054,test,CNV,drusen,OS,.tif,1.8505706787109375
CNV/55/000_CNV.tif,CNV-055,test,CNV,cnv,OD,.tif,1.882061243057251
CNV/55/001_CNV.tif,CNV-055,test,CNV,cnv,OD,.tif,1.9379191398620605
CNV/55/002_CNV.tif,CNV-055,test,CNV,cnv,OD,.tif,1.9380524158477783
CNV/55/003_CNV.tif,CNV-055,test,CNV,cnv,OD,.tif,2.016416072845459
CNV/55/004_CNV.tif,CNV-055,test,CNV,cnv,OD,.tif,1.9404995441436768
CNV/55/005_CNV.tif,CNV-055,test,CNV,cnv,OD,.tif,1.919885516166687
CNV/55/006_CNV.tif,CNV-055,test,CNV,cnv,OD,.tif,1.8647677898406982
CNV/55/007_CNV.tif,CNV-055,test,CNV,cnv,OD,.tif,1.9707894325256348
CNV/55/008_CNV.tif,CNV-055,test,CNV,cnv,OD,.tif,2.0042731761932373
CNV/55/009_CNV.tif,CNV-055,test,CNV,cnv,OD,.tif,1.9787659645080566
CNV/55/010_CNV.tif,CNV-055,test,CNV,cnv,OD,.tif,2.000697374343872
CNV/55/011_CNV.tif,CNV-055,test,CNV,cnv,OD,.tif,2.0358567237854004
CNV/55/012_CNV.tif,CNV-055,test,CNV,cnv,OD,.tif,2.180820941925049
CNV/55/013_CNV.tif,CNV-055,test,CNV,cnv,OD,.tif,2.300894021987915
CNV/55/014_CNV.tif,CNV-055,test,CNV,cnv,OD,.tif,2.3132901191711426
CNV/55/015_CNV.tif,CNV-055,test,CNV,cnv,OD,.tif,2.393695831298828
CNV/55/016_CNV.tif,CNV-055,test,CNV,cnv,OD,.tif,2.2511844635009766
CNV/55/017_CNV.tif,CNV-055,test,CNV,cnv,OD,.tif,2.239899158477783
CNV/55/018_CNV.tif,CNV-055,test,CNV,cnv,OD,.tif,2.3029584884643555
CNV/55/019_CNV.tif,CNV-055,test,CNV,cnv,OD,.tif,2.0708155632019043
CNV/55/020_Drusen.tif,CNV-055,test,CNV,drusen,OD,.tif,1.9033998250961304
CNV/55/021_NOrmal.tif,CNV-055,test,CNV,normal,OD,.tif,1.910093069076538
CNV/55/022_Drusen.tif,CNV-055,test,CNV,drusen,OD,.tif,1.775264024734497
CNV/55/023_Drusen.tif,CNV-055,test,CNV,drusen,OD,.tif,1.8792762756347656
CNV/55/024_CNV.tif,CNV-055,test,CNV,cnv,OD,.tif,1.9172135591506958
CNV/55/025_Drusen.tif,CNV-055,test,CNV,drusen,OD,.tif,1.9331729412078857
CNV/55/026_Drusen.tif,CNV-055,test,CNV,drusen,OD,.tif,1.992316722869873
CNV/55/027_Drusen.tif,CNV-055,test,CNV,drusen,OD,.tif,1.9691638946533203
CNV/55/028_Drusen.tif,CNV-055,test,CNV,drusen,OD,.tif,2.033264636993408
CNV/55/029_Drusen.tif,CNV-055,test,CNV,drusen,OD,.tif,1.8863571882247925
CNV/55/030_CNV.tif,CNV-055,test,CNV,cnv,OD,.tif,1.8516517877578735
CNV/56/000_Normal.tif,CNV-056,test,CNV,normal,OS,.tif,1.8289247751235962
CNV/56/001_Normal.tif,CNV-056,test,CNV,normal,OS,.tif,1.7844048738479614
CNV/56/002_Normal.tif,CNV-056,test,CNV,normal,OS,.tif,1.8269397020339966
CNV/56/003_Normal.tif,CNV-056,test,CNV,normal,OS,.tif,1.838351845741272
CNV/56/004_Normal.tif,CNV-056,test,CNV,normal,OS,.tif,1.7304946184158325
CNV/56/005_Normal.tif,CNV-056,test,CNV,normal,OS,.tif,1.7479033470153809
CNV/56/006_Normal.tif,CNV-056,test,CNV,normal,OS,.tif,1.7552915811538696
CNV/56/007_Drusen.tif,CNV-056,test,CNV,drusen,OS,.tif,1.6906899213790894
CNV/56/008_Drusen.tif,CNV-056,test,CNV,drusen,OS,.tif,1.6496248245239258
CNV/56/009_Drusen.tif,CNV-056,test,CNV,drusen,OS,.tif,1.6253125667572021
CNV/56/010_Drusen.tif,CNV-056,test,CNV,drusen,OS,.tif,1.5511043071746826
CNV/56/011_Drusen.tif,CNV-056,test,CNV,drusen,OS,.tif,1.5947792530059814
CNV/56/012_Drusen.tif,CNV-056,test,CNV,drusen,OS,.tif,1.8132284879684448
CNV/56/013_CNV.tif,CNV-056,test,CNV,cnv,OS,.tif,1.9817527532577515
CNV/56/014_CNV.tif,CNV-056,test,CNV,cnv,OS,.tif,2.1813180446624756
CNV/56/015_CNV.tif,CNV-056,test,CNV,cnv,OS,.tif,2.3076608180999756
CNV/56/016_CNV.tif,CNV-056,test,CNV,cnv,OS,.tif,2.3525872230529785
CNV/56/017_CNV.tif,CNV-056,test,CNV,cnv,OS,.tif,2.523153781890869
CNV/56/018_CNV.tif,CNV-056,test,CNV,cnv,OS,.tif,2.315107822418213
CNV/56/019_CNV.tif,CNV-056,test,CNV,cnv,OS,.tif,2.114809989929199
CNV/56/020_CNV.tif,CNV-056,test,CNV,cnv,OS,.tif,2.1326520442962646
CNV/56/021_CNV.tif,CNV-056,test,CNV,cnv,OS,.tif,1.9514473676681519
CNV/56/022_Drusen.tif,CNV-056,test,CNV,drusen,OS,.tif,1.7651803493499756
CNV/56/023_Drusen.tif,CNV-056,test,CNV,drusen,OS,.tif,1.8170125484466553
CNV/56/024_Drusen.tif,CNV-056,test,CNV,drusen,OS,.tif,1.7072999477386475
CNV/56/025_Drusen.tif,CNV-056,test,CNV,drusen,OS,.tif,1.775815725326538
CNV/56/026_Drusen.tif,CNV-056,test,CNV,drusen,OS,.tif,1.658034324645996
CNV/56/027_Drusen.tif,CNV-056,test,CNV,drusen,OS,.tif,1.835798978805542
CNV/56/028_Drusen.tif,CNV-056,test,CNV,drusen,OS,.tif,1.898391842842102
CNV/56/029_Drusen.tif,CNV-056,test,CNV,drusen,OS,.tif,1.8075660467147827
CNV/56/030_Drusen.tif,CNV-056,test,CNV,drusen,OS,.tif,1.840019702911377
CNV/58/000_Normal.tif,CNV-058,test,CNV,normal,OS,.tif,2.3682444095611572
CNV/58/001_Normal.tif,CNV-058,test,CNV,normal,OS,.tif,2.3727834224700928
CNV/58/002_Normal.tif,CNV-058,test,CNV,normal,OS,.tif,2.3129312992095947
CNV/58/003_Normal.tif,CNV-058,test,CNV,normal,OS,.tif,2.3032279014587402
CNV/58/004_Normal.tif,CNV-058,test,CNV,normal,OS,.tif,2.1729726791381836
CNV/58/005_Drusen.tif,CNV-058,test,CNV,drusen,OS,.tif,2.0339086055755615
CNV/58/006_Drusen.tif,CNV-058,test,CNV,drusen,OS,.tif,1.8324365615844727
CNV/58/007_Drusen.tif,CNV-058,test,CNV,drusen,OS,.tif,1.8897849321365356
CNV/58/008_CNV.tif,CNV-058,test,CNV,cnv,OS,.tif,2.4577016830444336
CNV/58/008_Drusen.tif,CNV-058,test,CNV,drusen,OS,.tif,1.9253238439559937
CNV/58/009_CNV.tif,CNV-058,test,CNV,cnv,OS,.tif,2.5220296382904053
CNV/58/009_Normal.tif,CNV-058,test,CNV,normal,OS,.tif,1.912697434425354
CNV/58/010_CNV.tif,CNV-058,test,CNV,cnv,OS,.tif,2.5614190101623535
CNV/58/010_Normal.tif,CNV-058,test,CNV,normal,OS,.tif,1.874568223953247
CNV/58/011_CNV.tif,CNV-058,test,CNV,cnv,OS,.tif,2.5061662197113037
CNV/58/011_Drusen.tif,CNV-058,test,CNV,drusen,OS,.tif,1.8668204545974731
CNV/58/012_CNV.tif,CNV-058,test,CNV,cnv,OS,.tif,2.612687587738037
CNV/58/012_Drusen.tif,CNV-058,test,CNV,drusen,OS,.tif,2.060976266860962
CNV/58/013_CNV.tif,CNV-058,test,CNV,cnv,OS,.tif,2.58672833442688
CNV/58/013_Drusen.tif,CNV-058,test,CNV,drusen,OS,.tif,2.0231637954711914
CNV/58/014_CNV.tif,CNV-058,test,CNV,cnv,OS,.tif,2.397329330444336
CNV/58/015_CNV.tif,CNV-058,test,CNV,cnv,OS,.tif,2.357372760772705
CNV/58/016_CNV.tif,CNV-058,test,CNV,cnv,OS,.tif,2.3343565464019775
CNV/58/017_CNV.tif,CNV-058,test,CNV,cnv,OS,.tif,2.447246551513672
CNV/58/018_CNV.tif,CNV-058,test,CNV,cnv,OS,.tif,2.392954111099243
CNV/58/019_CNV.tif,CNV-058,test,CNV,cnv,OS,.tif,2.176079034805298
CNV/58/020_CNV.tif,CNV-058,test,CNV,cnv,OS,.tif,2.1566731929779053
CNV/58/020_Drusen.tif,CNV-058,test,CNV,drusen,OS,.tif,2.048579216003418
CNV/58/021_Normal.tif,CNV-058,test,CNV,normal,OS,.tif,2.2445790767669678
CNV/58/022_Normal.tif,CNV-058,test,CNV,normal,OS,.tif,2.2640600204467773
CNV/58/023_Normal.tif,CNV-058,test,CNV,normal,OS,.tif,2.306518793106079
CNV/58/024_Normal.tif,CNV-058,test,CNV,normal,OS,.tif,2.3025310039520264
CNV/58/025_Normal.tif,CNV-058,test,CNV,normal,OS,.tif,2.201838493347168
CNV/58/026_Normal.tif,CNV-058,test,CNV,normal,OS,.tif,2.373790979385376
CNV/58/027_Normal.tif,CNV-058,test,CNV,normal,OS,.tif,2.2508015632629395
CNV/58/028_Normal.tif,CNV-058,test,CNV,normal,OS,.tif,2.293686866760254
CNV/58/029_Normal.tif,CNV-058,test,CNV,normal,OS,.tif,2.2391350269317627
CNV/58/030_Normal.tif,CNV-058,test,CNV,normal,OS,.tif,2.190058708190918
CNV/60/000_CNV.tif,CNV-060,test,CNV,cnv,OS,.tif,2.0341572761535645
CNV/60/001_CNV.tif,CNV-060,test,CNV,cnv,OS,.tif,1.977519154548645
CNV/60/002_CNV.tif,CNV-060,test,CNV,cnv,OS,.tif,1.992327332496643
CNV/60/003_CNV.tif,CNV-060,test,CNV,cnv,OS,.tif,2.0907139778137207
CNV/60/004_CNV.tif,CNV-060,test,CNV,cnv,OS,.tif,2.091740846633911
CNV/60/005_CNV.tif,CNV-060,test,CNV,cnv,OS,.tif,2.361851215362549
CNV/60/006_CNV.tif,CNV-060,test,CNV,cnv,OS,.tif,2.308560848236084
CNV/60/007_CNV.tif,CNV-060,test,CNV,cnv,OS,.tif,2.6224253177642822
CNV/60/008_CNV.tif,CNV-060,test,CNV,cnv,OS,.tif,2.5807440280914307
CNV/60/009_CNV.tif,CNV-060,test,CNV,cnv,OS,.tif,2.4593560695648193
CNV/60/010_CNV.tif,CNV-060,test,CNV,cnv,OS,.tif,2.6211330890655518
CNV/60/011_CNV.tif,CNV-060,test,CNV,cnv,OS,.tif,2.993727207183838
CNV/60/012_CNV.tif,CNV-060,test,CNV,cnv,OS,.tif,2.6710643768310547
CNV/60/013_CNV.tif,CNV-060,test,CNV,cnv,OS,.tif,3.3898732662200928
CNV/60/014_CNV.tif,CNV-060,test,CNV,cnv,OS,.tif,3.295583486557007
CNV/60/015_CNV.tif,CNV-060,test,CNV,cnv,OS,.tif,3.2271535396575928
CNV/60/016_CNV.tif,CNV-060,test,CNV,cnv,OS,.tif,3.1185901165008545
CNV/60/017_CNV.tif,CNV-060,test,CNV,cnv,OS,.tif,2.713046073913574
CNV/60/018_CNV.tif,CNV-060,test,CNV,cnv,OS,.tif,2.477344036102295
CNV/60/019_CNV.tif,CNV-060,test,CNV,cnv,OS,.tif,2.625549554824829
CNV/60/020_CNV.tif,CNV-060,test,CNV,cnv,OS,.tif,2.634840488433838
CNV/60/021_CNV.tif,CNV-060,test,CNV,cnv,OS,.tif,2.675004482269287
CNV/60/022_CNV.tif,CNV-060,test,CNV,cnv,OS,.tif,2.470832586288452
CNV/60/023_CNV.tif,CNV-060,test,CNV,cnv,OS,.tif,2.6541337966918945
CNV/60/024_CNV.tif,CNV-060,test,CNV,cnv,OS,.tif,2.6366312503814697
CNV/60/025_CNV.tif,CNV-060,test,CNV,cnv,OS,.tif,2.547666311264038
CNV/60/026_CNV.tif,CNV-060,test,CNV,cnv,OS,.tif,2.5028836727142334
CNV/60/027_CNV.tif,CNV-060,test,CNV,cnv,OS,.tif,2.3274426460266113
CNV/60/028_CNV.tif,CNV-060,test,CNV,cnv,OS,.tif,2.0424647331237793
CNV/60/029_CNV.tif,CNV-060,test,CNV,cnv,OS,.tif,2.002854585647583
CNV/60/030_CNV.tif,CNV-060,test,CNV,cnv,OS,.tif,1.9325264692306519
CNV/62/000_CNV.tif,CNV-062,test,CNV,cnv,OD,.tif,2.5358924865722656
CNV/62/001_CNV.tif,CNV-062,test,CNV,cnv,OD,.tif,2.38126802444458
CNV/62/002_CNV.tif,CNV-062,test,CNV,cnv,OD,.tif,2.224069595336914
CNV/62/003_CNV.tif,CNV-062,test,CNV,cnv,OD,.tif,1.916487693786621
CNV/62/004_CNV.tif,CNV-062,test,CNV,cnv,OD,.tif,2.5507020950317383
CNV/62/005_CNV.tif,CNV-062,test,CNV,cnv,OD,.tif,2.5883820056915283
CNV/62/006_CNV.tif,CNV-062,test,CNV,cnv,OD,.tif,2.824801206588745
CNV/62/007_CNV.tif,CNV-062,test,CNV,cnv,OD,.tif,3.1256492137908936
CNV/62/008_CNV.tif,CNV-062,test,CNV,cnv,OD,.tif,3.1033952236175537
CNV/62/009_CNV.tif,CNV-062,test,CNV,cnv,OD,.tif,2.9839234352111816
CNV/62/010_CNV.tif,CNV-062,test,CNV,cnv,OD,.tif,3.246699094772339
CNV/62/011_CNV.tif,CNV-062,test,CNV,cnv,OD,.tif,3.6132314205169678
CNV/62/012_CNV.tif,CNV-062,test,CNV,cnv,OD,.tif,3.6133880615234375
CNV/62/013_CNV.tif,CNV-062,test,CNV,cnv,OD,.tif,3.0395731925964355
CNV/62/014_CNV.tif,CNV-062,test,CNV,cnv,OD,.tif,3.131887197494507
CNV/62/015_CNV.tif,CNV-062,test,CNV,cnv,OD,.tif,2.982944965362549
CNV/62/016_CNV.tif,CNV-062,test,CNV,cnv,OD,.tif,2.6730477809906006
CNV/62/017_CNV.tif,CNV-062,test,CNV,cnv,OD,.tif,2.2776150703430176
CNV/62/018_CNV.tif,CNV-062,test,CNV,cnv,OD,.tif,1.9128373861312866
CNV/62/019_CNV.tif,CNV-062,test,CNV,cnv,OD,.tif,1.9952678680419922
CNV/62/020_CNV.tif,CNV-062,test,CNV,cnv,OD,.tif,1.8058862686157227
CNV/62/021_CNV.tif,CNV-062,test,CNV,cnv,OD,.tif,1.887824296951294
CNV/62/022_CNV.tif,CNV-062,test,CNV,cnv,OD,.tif,1.9598325490951538
CNV/62/023_CNV.tif,CNV-062,test,CNV,cnv,OD,.tif,2.0763731002807617
CNV/62/024_CNV.tif,CNV-062,test,CNV,cnv,OD,.tif,2.1737585067749023
CNV/62/025_CNV.tif,CNV-062,test,CNV,cnv,OD,.tif,1.8443626165390015
CNV/62/026_CNV.tif,CNV-062,test,CNV,cnv,OD,.tif,1.9991759061813354
CNV/62/027_CNV.tif,CNV-062,test,CNV,cnv,OD,.tif,1.8346014022827148
CNV/62/028_CNV.tif,CNV-062,test,CNV,cnv,OD,.tif,1.8952453136444092
CNV/62/029_Drusen.tif,CNV-062,test,CNV,drusen,OD,.tif,1.8165946006774902
CNV/62/030_Drusen.tif,CNV-062,test,CNV,drusen,OD,.tif,1.8404972553253174
CNV/64/000_Drusen.tif,CNV-064,test,CNV,drusen,OS,.tif,1.693827509880066
CNV/64/001_Drusen.tif,CNV-064,test,CNV,drusen,OS,.tif,1.7304049730300903
CNV/64/002_Drusen.tif,CNV-064,test,CNV,drusen,OS,.tif,1.7757529020309448
CNV/64/003_Drusen.tif,CNV-064,test,CNV,drusen,OS,.tif,1.7628345489501953
CNV/64/004_CNV.tif,CNV-064,test,CNV,cnv,OS,.tif,1.7863119840621948
CNV/64/005_CNV.tif,CNV-064,test,CNV,cnv,OS,.tif,1.7386614084243774
CNV/64/006_CNV.tif,CNV-064,test,CNV,cnv,OS,.tif,1.6398779153823853
CNV/64/007_CNV.tif,CNV-064,test,CNV,cnv,OS,.tif,1.8070098161697388
CNV/64/008_CNV.tif,CNV-064,test,CNV,cnv,OS,.tif,1.9533839225769043
CNV/64/009_CNV.tif,CNV-064,test,CNV,cnv,OS,.tif,2.0234994888305664
CNV/64/010_CNV.tif,CNV-064,test,CNV,cnv,OS,.tif,2.201394557952881
CNV/64/011_CNV.tif,CNV-064,test,CNV,cnv,OS,.tif,2.2368316650390625
CNV/64/012_CNV.tif,CNV-064,test,CNV,cnv,OS,.tif,2.5450825691223145
CNV/64/013_CNV.tif,CNV-064,test,CNV,cnv,OS,.tif,2.0993971824645996
CNV/64/014_CNV.tif,CNV-064,test,CNV,cnv,OS,.tif,2.2339813709259033
CNV/64/015_CNV.tif,CNV-064,test,CNV,cnv,OS,.tif,2.2520358562469482
CNV/64/016_CNV.tif,CNV-064,test,CNV,cnv,OS,.tif,1.9616304636001587
CNV/64/017_CNV.tif,CNV-064,test,CNV,cnv,OS,.tif,1.951655387878418
CNV/64/018_CNV.tif,CNV-064,test,CNV,cnv,OS,.tif,1.9906928539276123
CNV/64/019_CNV.tif,CNV-064,test,CNV,cnv,OS,.tif,1.8838772773742676
CNV/64/020_CNV.tif,CNV-064,test,CNV,cnv,OS,.tif,1.7896654605865479
CNV/64/021_CNV.tif,CNV-064,test,CNV,cnv,OS,.tif,1.9940489530563354
CNV/64/022_CNV.tif,CNV-064,test,CNV,cnv,OS,.tif,1.91293466091156
CNV/64/023_CNV.tif,CNV-064,test,CNV,cnv,OS,.tif,2.0946741104125977
CNV/64/024_CNV.tif,CNV-064,test,CNV,cnv,OS,.tif,2.019547462463379
CNV/64/025_CNV.tif,CNV-064,test,CNV,cnv,OS,.tif,2.0628232955932617
CNV/64/026_CNV.tif,CNV-064,test,CNV,cnv,OS,.tif,2.1826443672180176
CNV/64/027_CNV.tif,CNV-064,test,CNV,cnv,OS,.tif,1.6668775081634521
CNV/64/028_CNV.tif,CNV-064,test,CNV,cnv,OS,.tif,1.923683762550354
CNV/64/029_CNV.tif,CNV-064,test,CNV,cnv,OS,.tif,1.9928619861602783
CNV/64/030_CNV.tif,CNV-064,test,CNV,cnv,OS,.tif,2.1595964431762695
CNV/66/000_Drusen.tif,CNV-066,test,CNV,drusen,OD,.tif,1.674148440361023
CNV/66/001_Drusen.tif,CNV-066,test,CNV,drusen,OD,.tif,1.4722603559494019
CNV/66/002_Drusen.tif,CNV-066,test,CNV,drusen,OD,.tif,1.5442208051681519
CNV/66/003_Drusen.tif,CNV-066,test,CNV,drusen,OD,.tif,1.510372519493103
CNV/66/004_Drusen.tif,CNV-066,test,CNV,drusen,OD,.tif,1.4808917045593262
CNV/66/005_Drusen.tif,CNV-066,test,CNV,drusen,OD,.tif,1.5908784866333008
CNV/66/006_Drusen.tif,CNV-066,test,CNV,drusen,OD,.tif,1.5594755411148071
CNV/66/007_CNV.tif,CNV-066,test,CNV,cnv,OD,.tif,1.6989083290100098
CNV/66/008_CNV.tif,CNV-066,test,CNV,cnv,OD,.tif,1.600019931793213
CNV/66/009_CNV.tif,CNV-066,test,CNV,cnv,OD,.tif,1.6930214166641235
CNV/66/010_CNV.tif,CNV-066,test,CNV,cnv,OD,.tif,1.823817253112793
CNV/66/011_CNV.tif,CNV-066,test,CNV,cnv,OD,.tif,2.0628907680511475
CNV/66/012_CNV.tif,CNV-066,test,CNV,cnv,OD,.tif,2.090116262435913
CNV/66/013_CNV.tif,CNV-066,test,CNV,cnv,OD,.tif,2.097104072570801
CNV/66/014_CNV.tif,CNV-066,test,CNV,cnv,OD,.tif,2.2977402210235596
CNV/66/015_CNV.tif,CNV-066,test,CNV,cnv,OD,.tif,2.273019790649414
CNV/66/016_CNV.tif,CNV-066,test,CNV,cnv,OD,.tif,2.2989227771759033
CNV/66/017_CNV.tif,CNV-066,test,CNV,cnv,OD,.tif,2.179495334625244
CNV/66/018_CNV.tif,CNV-066,test,CNV,cnv,OD,.tif,2.3515453338623047
CNV/66/019_CNV.tif,CNV-066,test,CNV,cnv,OD,.tif,2.6105797290802
CNV/66/020_CNV.tif,CNV-066,test,CNV,cnv,OD,.tif,2.6246867179870605
CNV/66/021_CNV.tif,CNV-066,test,CNV,cnv,OD,.tif,2.311439275741577
CNV/66/022_CNV.tif,CNV-066,test,CNV,cnv,OD,.tif,2.3150596618652344
CNV/66/023_CNV.tif,CNV-066,test,CNV,cnv,OD,.tif,2.106773614883423
CNV/66/024_CNV.tif,CNV-066,test,CNV,cnv,OD,.tif,2.172344446182251
CNV/66/025_CNV.tif,CNV-066,test,CNV,cnv,OD,.tif,2.1611874103546143
CNV/66/026_CNV.tif,CNV-066,test,CNV,cnv,OD,.tif,2.0907490253448486
CNV/66/027_CNV.tif,CNV-066,test,CNV,cnv,OD,.tif,1.9534255266189575
CNV/66/028_CNV.tif,CNV-066,test,CNV,cnv,OD,.tif,1.8940833806991577
CNV/66/029_Drusen.tif,CNV-066,test,CNV,drusen,OD,.tif,1.8917773962020874
CNV/66/030_Drusen.tif,CNV-066,test,CNV,drusen,OD,.tif,1.802384614944458
CNV/67/000_CNV.jpg,CNV-067,test,CNV,cnv,OD,.jpg,2.8700740337371826
CNV/67/001_CNV.jpg,CNV-067,test,CNV,cnv,OD,.jpg,2.3771586418151855
CNV/67/002_CNV.jpg,CNV-067,test,CNV,cnv,OD,.jpg,2.324277877807617
CNV/67/003_CNV.jpg,CNV-067,test,CNV,cnv,OD,.jpg,2.778998374938965
CNV/67/004_CNV.jpg,CNV-067,test,CNV,cnv,OD,.jpg,2.712339162826538
CNV/67/005_CNV.jpg,CNV-067,test,CNV,cnv,OD,.jpg,2.5396270751953125
CNV/67/006_CNV.jpg,CNV-067,test,CNV,cnv,OD,.jpg,2.384049654006958
CNV/67/007_CNV.jpg,CNV-067,test,CNV,cnv,OD,.jpg,2.791206121444702
CNV/67/008_CNV.jpg,CNV-067,test,CNV,cnv,OD,.jpg,2.688084363937378
CNV/67/009_CNV.jpg,CNV-067,test,CNV,cnv,OD,.jpg,2.9868226051330566
CNV/67/010_CNV.jpg,CNV-067,test,CNV,cnv,OD,.jpg,3.051792621612549
CNV/67/011_CNV.jpg,CNV-067,test,CNV,cnv,OD,.jpg,2.465135097503662
CNV/67/012_CNV.jpg,CNV-067,test,CNV,cnv,OD,.jpg,2.3264763355255127
CNV/67/013_CNV.jpg,CNV-067,test,CNV,cnv,OD,.jpg,2.6040525436401367
CNV/67/014_CNV.jpg,CNV-067,test,CNV,cnv,OD,.jpg,2.6152169704437256
CNV/67/015_CNV.jpg,CNV-067,test,CNV,cnv,OD,.jpg,2.3904755115509033
CNV/67/016_CNV.jpg,CNV-067,test,CNV,cnv,OD,.jpg,2.6128756999969482
CNV/67/017_CNV.jpg,CNV-067,test,CNV,cnv,OD,.jpg,2.358982563018799
CNV/67/018_CNV.jpg,CNV-067,test,CNV,cnv,OD,.jpg,2.280750036239624
CNV/67/019_CNV.jpg,CNV-067,test,CNV,cnv,OD,.jpg,1.9288089275360107
CNV/67/020_CNV.jpg,CNV-067,test,CNV,cnv,OD,.jpg,2.0592687129974365
CNV/67/021_CNV.jpg,CNV-067,test,CNV,cnv,OD,.jpg,2.47507381439209
CNV/67/022_CNV.jpg,CNV-067,test,CNV,cnv,OD,.jpg,2.440201759338379
CNV/67/023_CNV.jpg,CNV-067,test,CNV,cnv,OD,.jpg,2.1348114013671875
CNV/67/024_CNV.jpg,CNV-067,test,CNV,cnv,OD,.jpg,2.229457139968872
CNV/67/025_Drusen.jpg,CNV-067,test,CNV,drusen,OD,.jpg,2.223865509033203
CNV/67/026_Drusen.jpg,CNV-067,test,CNV,drusen,OD,.jpg,2.4329652786254883
CNV/67/027_Drusen.jpg,CNV-067,test,CNV,drusen,OD,.jpg,2.136500597000122
CNV/67/028_Drusen.jpg,CNV-067,test,CNV,drusen,OD,.jpg,2.2421443462371826
CNV/67/029_Drusen.jpg,CNV-067,test,CNV,drusen,OD,.jpg,2.235975980758667
CNV/67/030_Drusen.jpg,CNV-067,test,CNV,drusen,OD,.jpg,2.1446385383605957
CNV/68/OD/000_Drusen.tif,CNV-068,test,CNV,drusen,OD,.tif,1.6511369943618774
CNV/68/OD/001_Drusen.tif,CNV-068,test,CNV,drusen,OD,.tif,1.6287038326263428
CNV/68/OD/002_Drusen.tif,CNV-068,test,CNV,drusen,OD,.tif,1.7653396129608154
CNV/68/OD/003_CNV.tif,CNV-068,test,CNV,cnv,OD,.tif,1.7055244445800781
CNV/68/OD/004_CNV.tif,CNV-068,test,CNV,cnv,OD,.tif,1.7127443552017212
CNV/68/OD/005_CNV.tif,CNV-068,test,CNV,cnv,OD,.tif,1.8687318563461304
CNV/68/OD/006_CNV.tif,CNV-068,test,CNV,cnv,OD,.tif,2.103849172592163
CNV/68/OD/007_CNV.tif,CNV-068,test,CNV,cnv,OD,.tif,2.1328296661376953
CNV/68/OD/008_CNV.tif,CNV-068,test,CNV,cnv,OD,.tif,2.201474666595459
CNV/68/OD/009_CNV.tif,CNV-068,test,CNV,cnv,OD,.tif,2.1309123039245605
CNV/68/OD/010_CNV.tif,CNV-068,test,CNV,cnv,OD,.tif,2.2218055725097656
CNV/68/OD/011_CNV.tif,CNV-068,test,CNV,cnv,OD,.tif,2.386582851409912
CNV/68/OD/012_CNV.tif,CNV-068,test,CNV,cnv,OD,.tif,2.3907113075256348
CNV/68/OD/013_CNV.tif,CNV-068,test,CNV,cnv,OD,.tif,2.219085454940796
CNV/68/OD/014_CNV.tif,CNV-068,test,CNV,cnv,OD,.tif,2.2115702629089355
CNV/68/OD/015_CNV.tif,CNV-068,test,CNV,cnv,OD,.tif,2.281954765319824
CNV/68/OD/016_CNV.tif,CNV-068,test,CNV,cnv,OD,.tif,1.9663739204406738
CNV/68/OD/017_CNV.tif,CNV-068,test,CNV,cnv,OD,.tif,1.9326777458190918
CNV/68/OD/018_CNV.tif,CNV-068,test,CNV,cnv,OD,.tif,1.8357815742492676
CNV/68/OD/019_CNV.tif,CNV-068,test,CNV,cnv,OD,.tif,1.7830190658569336
CNV/68/OD/020_Drusen.tif,CNV-068,test,CNV,drusen,OD,.tif,1.6473360061645508
CNV/68/OD/021_Drusen.tif,CNV-068,test,CNV,drusen,OD,.tif,1.6108720302581787
CNV/68/OD/022_Drusen.tif,CNV-068,test,CNV,drusen,OD,.tif,1.5888073444366455
CNV/68/OD/023_Drusen.tif,CNV-068,test,CNV,drusen,OD,.tif,1.6481945514678955
CNV/68/OD/024_Drusen.tif,CNV-068,test,CNV,drusen,OD,.tif,1.6270445585250854
CNV/68/OD/025_Drusen.tif,CNV-068,test,CNV,drusen,OD,.tif,1.645636796951294
CNV/68/OD/026_Drusen.tif,CNV-068,test,CNV,drusen,OD,.tif,1.7084503173828125
CNV/68/OD/027_Drusen.tif,CNV-068,test,CNV,drusen,OD,.tif,1.699142575263977
CNV/68/OD/028_Drusen.tif,CNV-068,test,CNV,drusen,OD,.tif,1.700272560119629
CNV/68/OD/029_Drusen.tif,CNV-068,test,CNV,drusen,OD,.tif,1.708208441734314
CNV/68/OD/030_Drusen.tif,CNV-068,test,CNV,drusen,OD,.tif,1.7332087755203247
CNV/68/OS/000_Drusen.tif,CNV-068,test,CNV,drusen,OS,.tif,1.669206142425537
CNV/68/OS/001_Drusen.tif,CNV-068,test,CNV,drusen,OS,.tif,1.684720754623413
CNV/68/OS/002_Drusen.tif,CNV-068,test,CNV,drusen,OS,.tif,1.7061213254928589
CNV/68/OS/003_Drusen.tif,CNV-068,test,CNV,drusen,OS,.tif,1.623199701309204
CNV/68/OS/004_Drusen.tif,CNV-068,test,CNV,drusen,OS,.tif,1.6590980291366577
CNV/68/OS/005_Drusen.tif,CNV-068,test,CNV,drusen,OS,.tif,1.778958797454834
CNV/68/OS/006_Normal.tif,CNV-068,test,CNV,normal,OS,.tif,1.8350850343704224
CNV/68/OS/007_Normal.tif,CNV-068,test,CNV,normal,OS,.tif,1.8213984966278076
CNV/68/OS/008_Normal.tif,CNV-068,test,CNV,normal,OS,.tif,1.8830422163009644
CNV/68/OS/009_CNV.tif,CNV-068,test,CNV,cnv,OS,.tif,1.8176021575927734
CNV/68/OS/010_CNV.tif,CNV-068,test,CNV,cnv,OS,.tif,1.8602423667907715
CNV/68/OS/011_CNV.tif,CNV-068,test,CNV,cnv,OS,.tif,1.8347975015640259
CNV/68/OS/012_CNV.tif,CNV-068,test,CNV,cnv,OS,.tif,1.8592849969863892
CNV/68/OS/013_CNV.tif,CNV-068,test,CNV,cnv,OS,.tif,1.8982148170471191
CNV/68/OS/014_CNV.tif,CNV-068,test,CNV,cnv,OS,.tif,2.1702680587768555
CNV/68/OS/015_CNV.tif,CNV-068,test,CNV,cnv,OS,.tif,2.3078441619873047
CNV/68/OS/016_CNV.tif,CNV-068,test,CNV,cnv,OS,.tif,2.5686073303222656
CNV/68/OS/017_CNV.tif,CNV-068,test,CNV,cnv,OS,.tif,2.6526684761047363
CNV/68/OS/018_CNV.tif,CNV-068,test,CNV,cnv,OS,.tif,2.740952491760254
CNV/68/OS/019_CNV.tif,CNV-068,test,CNV,cnv,OS,.tif,2.6216704845428467
CNV/68/OS/020_CNV.tif,CNV-068,test,CNV,cnv,OS,.tif,2.3527960777282715
CNV/68/OS/021_CNV.tif,CNV-068,test,CNV,cnv,OS,.tif,2.327314615249634
CNV/68/OS/022_CNV.tif,CNV-068,test,CNV,cnv,OS,.tif,2.4254205226898193
CNV/68/OS/023_CNV.tif,CNV-068,test,CNV,cnv,OS,.tif,2.349250316619873
CNV/68/OS/024_CNV.tif,CNV-068,test,CNV,cnv,OS,.tif,2.398226499557495
CNV/68/OS/025_CNV.tif,CNV-068,test,CNV,cnv,OS,.tif,2.4128148555755615
CNV/68/OS/026_CNV.tif,CNV-068,test,CNV,cnv,OS,.tif,2.563546657562256
CNV/68/OS/027_CNV.tif,CNV-068,test,CNV,cnv,OS,.tif,2.440335512161255
CNV/68/OS/028_CNV.tif,CNV-068,test,CNV,cnv,OS,.tif,2.1887288093566895
CNV/68/OS/029_CNV.tif,CNV-068,test,CNV,cnv,OS,.tif,2.066579580307007
CNV/68/OS/030_CNV.tif,CNV-068,test,CNV,cnv,OS,.tif,1.8213183879852295
CNV/69/000_Drusen.tif,CNV-069,test,CNV,drusen,OS,.tif,1.8264321088790894
CNV/69/001_Drusen.tif,CNV-069,test,CNV,drusen,OS,.tif,1.7307528257369995
CNV/69/002_Drusen.tif,CNV-069,test,CNV,drusen,OS,.tif,1.7426868677139282
CNV/69/003_Drusen.tif,CNV-069,test,CNV,drusen,OS,.tif,1.7096768617630005
CNV/69/004_Drusen.tif,CNV-069,test,CNV,drusen,OS,.tif,1.8244112730026245
CNV/69/005_Drusen.tif,CNV-069,test,CNV,drusen,OS,.tif,1.697178602218628
CNV/69/006_Drusen.tif,CNV-069,test,CNV,drusen,OS,.tif,1.7542911767959595
CNV/69/007_CNV.tif,CNV-069,test,CNV,cnv,OS,.tif,1.736371397972107
CNV/69/008_CNV.tif,CNV-069,test,CNV,cnv,OS,.tif,2.061119318008423
CNV/69/009_CNV.tif,CNV-069,test,CNV,cnv,OS,.tif,2.0098464488983154
CNV/69/010_CNV.tif,CNV-069,test,CNV,cnv,OS,.tif,2.200437068939209
CNV/69/011_CNV.tif,CNV-069,test,CNV,cnv,OS,.tif,2.1462230682373047
CNV/69/012_CNV.tif,CNV-069,test,CNV,cnv,OS,.tif,2.291560649871826
CNV/69/013_CNV.tif,CNV-069,test,CNV,cnv,OS,.tif,2.543983221054077
CNV/69/014_CNV.tif,CNV-069,test,CNV,cnv,OS,.tif,2.8656880855560303
CNV/69/015_CNV.tif,CNV-069,test,CNV,cnv,OS,.tif,2.881957769393921
CNV/69/016_CNV.tif,CNV-069,test,CNV,cnv,OS,.tif,2.891587495803833
CNV/69/017_CNV.tif,CNV-069,test,CNV,cnv,OS,.tif,2.7039365768432617
CNV/69/018_CNV.tif,CNV-069,test,CNV,cnv,OS,.tif,2.2399325370788574
CNV/69/019_CNV.tif,CNV-069,test,CNV,cnv,OS,.tif,2.1911423206329346
CNV/69/020_CNV.tif,CNV-069,test,CNV,cnv,OS,.tif,2.00485897064209
CNV/69/021_CNV.tif,CNV-069,test,CNV,cnv,OS,.tif,2.0118491649627686
CNV/69/022_CNV.tif,CNV-069,test,CNV,cnv,OS,.tif,2.0132827758789062
CNV/69/023_CNV.tif,CNV-069,test,CNV,cnv,OS,.tif,2.0740346908569336
CNV/69/024_Drusen.tif,CNV-069,test,CNV,drusen,OS,.tif,2.0754032135009766
CNV/69/025_Drusen.tif,CNV-069,test,CNV,drusen,OS,.tif,2.011786699295044
CNV/69/026_Drusen.tif,CNV-069,test,CNV,drusen,OS,.tif,2.045677661895752
CNV/69/027_Drusen.tif,CNV-069,test,CNV,drusen,OS,.tif,2.0358219146728516
CNV/69/028_Drusen.tif,CNV-069,test,CNV,drusen,OS,.tif,2.121434450149536
CNV/69/029_Drusen.tif,CNV-069,test,CNV,drusen,OS,.tif,2.136509418487549
CNV/69/030_Drusen.tif,CNV-069,test,CNV,drusen,OS,.tif,2.2103655338287354
CNV/70/000_Normal.tif,CNV-070,test,CNV,normal,OD,.tif,1.541955828666687
CNV/70/001_Normal.tif,CNV-070,test,CNV,normal,OD,.tif,1.5458014011383057
CNV/70/002_Normal.tif,CNV-070,test,CNV,normal,OD,.tif,1.5693731307983398
CNV/70/003_Normal.tif,CNV-070,test,CNV,normal,OD,.tif,1.5244512557983398
CNV/70/004_Normal.tif,CNV-070,test,CNV,normal,OD,.tif,1.6438695192337036
CNV/70/005_Normal.tif,CNV-070,test,CNV,normal,OD,.tif,1.5557286739349365
CNV/70/006_Drusen.tif,CNV-070,test,CNV,drusen,OD,.tif,1.5975961685180664
CNV/70/007_Drusen.tif,CNV-070,test,CNV,drusen,OD,.tif,1.505125880241394
CNV/70/008_Drusen.tif,CNV-070,test,CNV,drusen,OD,.tif,1.5011894702911377
CNV/70/009_Drusen.tif,CNV-070,test,CNV,drusen,OD,.tif,1.5333383083343506
CNV/70/010_CNV.tif,CNV-070,test,CNV,cnv,OD,.tif,1.568814992904663
CNV/70/011_CNV.tif,CNV-070,test,CNV,cnv,OD,.tif,1.6420164108276367
CNV/70/012_CNV.tif,CNV-070,test,CNV,cnv,OD,.tif,1.7820228338241577
CNV/70/013_CNV.tif,CNV-070,test,CNV,cnv,OD,.tif,1.9022893905639648
CNV/70/014_CNV.tif,CNV-070,test,CNV,cnv,OD,.tif,2.1261212825775146
CNV/70/015_CNV.tif,CNV-070,test,CNV,cnv,OD,.tif,2.1774370670318604
CNV/70/016_CNV.tif,CNV-070,test,CNV,cnv,OD,.tif,2.249814987182617
CNV/70/017_CNV.tif,CNV-070,test,CNV,cnv,OD,.tif,2.121182441711426
CNV/70/018_CNV.tif,CNV-070,test,CNV,cnv,OD,.tif,2.000577211380005
CNV/70/019_CNV.tif,CNV-070,test,CNV,cnv,OD,.tif,1.8605096340179443
CNV/70/020_CNV.tif,CNV-070,test,CNV,cnv,OD,.tif,1.7527689933776855
CNV/70/021_CNV.tif,CNV-070,test,CNV,cnv,OD,.tif,1.5590466260910034
CNV/70/022_CNV.tif,CNV-070,test,CNV,cnv,OD,.tif,1.624527931213379
CNV/70/023_Drusen.tif,CNV-070,test,CNV,drusen,OD,.tif,1.4977291822433472
CNV/70/024_Drusen.tif,CNV-070,test,CNV,drusen,OD,.tif,1.5069315433502197
CNV/70/025_Drusen.tif,CNV-070,test,CNV,drusen,OD,.tif,1.5938658714294434
CNV/70/026_Drusen.tif,CNV-070,test,CNV,drusen,OD,.tif,1.604683756828308
CNV/70/027_Drusen.tif,CNV-070,test,CNV,drusen,OD,.tif,1.6401162147521973
CNV/70/028_Drusen.tif,CNV-070,test,CNV,drusen,OD,.tif,1.568432092666626
CNV/70/029_Drusen.tif,CNV-070,test,CNV,drusen,OD,.tif,1.5917855501174927
CNV/70/030_Drusen.tif,CNV-070,test,CNV,drusen,OD,.tif,1.5484603643417358
CNV/72/000_CNV.jpg,CNV-072,test,CNV,cnv,OS,.jpg,1.9874767065048218
CNV/72/001_CNV.jpg,CNV-072,test,CNV,cnv,OS,.jpg,2.072211503982544
CNV/72/002_CNV.jpg,CNV-072,test,CNV,cnv,OS,.jpg,2.0197880268096924
CNV/72/003_CNV.jpg,CNV-072,test,CNV,cnv,OS,.jpg,2.093160390853882
CNV/72/004_CNV.jpg,CNV-072,test,CNV,cnv,OS,.jpg,2.0594120025634766
CNV/72/005_CNV.jpg,CNV-072,test,CNV,cnv,OS,.jpg,2.1994550228118896
CNV/72/006_CNV.jpg,CNV-072,test,CNV,cnv,OS,.jpg,2.172743797302246
CNV/72/007_CNV.jpg,CNV-072,test,CNV,cnv,OS,.jpg,2.125986337661743
CNV/72/008_CNV.jpg,CNV-072,test,CNV,cnv,OS,.jpg,2.1999852657318115
CNV/72/009_CNV.jpg,CNV-072,test,CNV,cnv,OS,.jpg,2.0618581771850586
CNV/72/010_CNV.jpg,CNV-072,test,CNV,cnv,OS,.jpg,2.003891706466675
CNV/72/011_CNV.jpg,CNV-072,test,CNV,cnv,OS,.jpg,2.176621437072754
CNV/72/012_CNV.jpg,CNV-072,test,CNV,cnv,OS,.jpg,2.5704751014709473
CNV/72/013_CNV.jpg,CNV-072,test,CNV,cnv,OS,.jpg,2.4737918376922607
CNV/72/014_CNV.jpg,CNV-072,test,CNV,cnv,OS,.jpg,2.6064815521240234
CNV/72/015_CNV.jpg,CNV-072,test,CNV,cnv,OS,.jpg,2.6103498935699463
CNV/72/016_CNV.jpg,CNV-072,test,CNV,cnv,OS,.jpg,2.4483530521392822
CNV/72/017_CNV.jpg,CNV-072,test,CNV,cnv,OS,.jpg,2.5322394371032715
CNV/72/018_CNV.jpg,CNV-072,test,CNV,cnv,OS,.jpg,2.3771119117736816
CNV/72/019_CNV.jpg,CNV-072,test,CNV,cnv,OS,.jpg,2.238691568374634
CNV/72/020_CNV.jpg,CNV-072,test,CNV,cnv,OS,.jpg,2.081282615661621
CNV/72/021_Drusen.jpg,CNV-072,test,CNV,drusen,OS,.jpg,2.039827823638916
CNV/72/022_Drusen.jpg,CNV-072,test,CNV,drusen,OS,.jpg,1.9472986459732056
CNV/72/023_Drusen.jpg,CNV-072,test,CNV,drusen,OS,.jpg,1.955446481704712
CNV/72/024_Drusen.jpg,CNV-072,test,CNV,drusen,OS,.jpg,1.886924147605896
CNV/72/025_Drusen.jpg,CNV-072,test,CNV,drusen,OS,.jpg,1.7990832328796387
CNV/72/026_Drusen.jpg,CNV-072,test,CNV,drusen,OS,.jpg,1.850255012512207
CNV/72/027_Normal.jpg,CNV-072,test,CNV,normal,OS,.jpg,1.8196477890014648
CNV/72/028_Normal.jpg,CNV-072,test,CNV,normal,OS,.jpg,1.865787148475647
CNV/72/029_Normal.jpg,CNV-072,test,CNV,normal,OS,.jpg,1.8182835578918457
CNV/72/030_Normal.jpg,CNV-072,test,CNV,normal,OS,.jpg,1.7612758874893188
CNV/73/000_Normal.tif,CNV-073,test,CNV,normal,OD,.tif,1.5367555618286133
CNV/73/001_Normal.tif,CNV-073,test,CNV,normal,OD,.tif,1.585784673690796
CNV/73/002_Normal.tif,CNV-073,test,CNV,normal,OD,.tif,1.5922263860702515
CNV/73/003_Normal.tif,CNV-073,test,CNV,normal,OD,.tif,1.505097508430481
CNV/73/004_Normal.tif,CNV-073,test,CNV,normal,OD,.tif,1.663309931755066
CNV/73/005_Normal.tif,CNV-073,test,CNV,normal,OD,.tif,1.541768193244934
CNV/73/006_Normal.tif,CNV-073,test,CNV,normal,OD,.tif,1.5240768194198608
CNV/73/007_CNV.tif,CNV-073,test,CNV,cnv,OD,.tif,1.6285699605941772
CNV/73/008_CNV.tif,CNV-073,test,CNV,cnv,OD,.tif,1.760006308555603
CNV/73/009_CNV.tif,CNV-073,test,CNV,cnv,OD,.tif,1.8018263578414917
CNV/73/010_CNV.tif,CNV-073,test,CNV,cnv,OD,.tif,1.673818826675415
CNV/73/011_CNV.tif,CNV-073,test,CNV,cnv,OD,.tif,1.679640769958496
CNV/73/012_CNV.tif,CNV-073,test,CNV,cnv,OD,.tif,1.7836204767227173
CNV/73/013_CNV.tif,CNV-073,test,CNV,cnv,OD,.tif,2.094996929168701
CNV/73/014_CNV.tif,CNV-073,test,CNV,cnv,OD,.tif,2.281205892562866
CNV/73/015_CNV.tif,CNV-073,test,CNV,cnv,OD,.tif,1.9204732179641724
CNV/73/016_CNV.tif,CNV-073,test,CNV,cnv,OD,.tif,1.8275905847549438
CNV/73/017_CNV.tif,CNV-073,test,CNV,cnv,OD,.tif,1.7834279537200928
CNV/73/018_CNV.tif,CNV-073,test,CNV,cnv,OD,.tif,2.04392671585083
CNV/73/019_CNV.tif,CNV-073,test,CNV,cnv,OD,.tif,2.023587703704834
CNV/73/020_CNV.tif,CNV-073,test,CNV,cnv,OD,.tif,2.278585195541382
CNV/73/021_CNV.tif,CNV-073,test,CNV,cnv,OD,.tif,2.0695221424102783
CNV/73/022_CNV.tif,CNV-073,test,CNV,cnv,OD,.tif,1.9380592107772827
CNV/73/023_CNV.tif,CNV-073,test,CNV,cnv,OD,.tif,1.7344322204589844
CNV/73/024_CNV.tif,CNV-073,test,CNV,cnv,OD,.tif,1.6983380317687988
CNV/73/025_Drusen.tif,CNV-073,test,CNV,drusen,OD,.tif,1.6008633375167847
CNV/73/026_Drusen.tif,CNV-073,test,CNV,drusen,OD,.tif,1.6897945404052734
CNV/73/027_Drusen.tif,CNV-073,test,CNV,drusen,OD,.tif,1.7700998783111572
CNV/73/028_Drusen.tif,CNV-073,test,CNV,drusen,OD,.tif,1.771398901939392
CNV/73/029_Drusen.tif,CNV-073,test,CNV,drusen,OD,.tif,1.8912163972854614
CNV/73/030_Normal.tif,CNV-073,test,CNV,normal,OD,.tif,1.939777135848999
CNV/74/000_CNV.tif,CNV-074,test,CNV,cnv,OS,.tif,2.1943862438201904
CNV/74/001_CNV.tif,CNV-074,test,CNV,cnv,OS,.tif,2.130291700363159
CNV/74/002_CNV.tif,CNV-074,test,CNV,cnv,OS,.tif,2.2519052028656006
CNV/74/003_CNV.tif,CNV-074,test,CNV,cnv,OS,.tif,2.3001279830932617
CNV/74/004_CNV.tif,CNV-074,test,CNV,cnv,OS,.tif,2.463520050048828
CNV/74/005_CNV.tif,CNV-074,test,CNV,cnv,OS,.tif,2.5031192302703857
CNV/74/006_CNV.tif,CNV-074,test,CNV,cnv,OS,.tif,2.358955144882202
CNV/74/007_CNV.tif,CNV-074,test,CNV,cnv,OS,.tif,2.556459903717041
CNV/74/008_CNV.tif,CNV-074,test,CNV,cnv,OS,.tif,2.4791760444641113
CNV/74/009_CNV.tif,CNV-074,test,CNV,cnv,OS,.tif,2.5967857837677
CNV/74/010_CNV.tif,CNV-074,test,CNV,cnv,OS,.tif,2.919440746307373
CNV/74/011_CNV.tif,CNV-074,test,CNV,cnv,OS,.tif,2.796006202697754
CNV/74/012_CNV.tif,CNV-074,test,CNV,cnv,OS,.tif,2.662968873977661
CNV/74/013_CNV.tif,CNV-074,test,CNV,cnv,OS,.tif,2.7282259464263916
CNV/74/014_CNV.tif,CNV-074,test,CNV,cnv,OS,.tif,2.8205881118774414
CNV/74/015_CNV.tif,CNV-074,test,CNV,cnv,OS,.tif,2.8216896057128906
CNV/74/016_CNV.tif,CNV-074,test,CNV,cnv,OS,.tif,2.9450230598449707
CNV/74/017_CNV.tif,CNV-074,test,CNV,cnv,OS,.tif,2.8945350646972656
CNV/74/018_CNV.tif,CNV-074,test,CNV,cnv,OS,.tif,2.9028871059417725
CNV/74/019_CNV.tif,CNV-074,test,CNV,cnv,OS,.tif,2.7979297637939453
CNV/74/020_CNV.tif,CNV-074,test,CNV,cnv,OS,.tif,2.487218141555786
CNV/74/021_CNV.tif,CNV-074,test,CNV,cnv,OS,.tif,2.543348789215088
CNV/74/022_CNV.tif,CNV-074,test,CNV,cnv,OS,.tif,2.4587557315826416
CNV/74/023_CNV.tif,CNV-074,test,CNV,cnv,OS,.tif,2.297266721725464
CNV/74/024_CNV.tif,CNV-074,test,CNV,cnv,OS,.tif,2.1852047443389893
CNV/74/025_CNV.tif,CNV-074,test,CNV,cnv,OS,.tif,1.961213231086731
CNV/74/026_CNV.tif,CNV-074,test,CNV,cnv,OS,.tif,1.860508918762207
CNV/74/027_CNV.tif,CNV-074,test,CNV,cnv,OS,.tif,1.8112074136734009
CNV/74/028_CNV.tif,CNV-074,test,CNV,cnv,OS,.tif,1.7145112752914429
CNV/74/029_CNV.tif,CNV-074,test,CNV,cnv,OS,.tif,1.6672979593276978
CNV/74/030_CNV.tif,CNV-074,test,CNV,cnv,OS,.tif,1.6950089931488037
CNV/75/000_Normal.tif,CNV-075,test,CNV,normal,OS,.tif,1.7331783771514893
CNV/75/001_Normal.tif,CNV-075,test,CNV,normal,OS,.tif,1.603102445602417
CNV/75/002_Normal.tif,CNV-075,test,CNV,normal,OS,.tif,1.7520724534988403
CNV/75/003_Normal.tif,CNV-075,test,CNV,normal,OS,.tif,1.7262605428695679
CNV/75/004_Normal.tif,CNV-075,test,CNV,normal,OS,.tif,1.854606032371521
CNV/75/005_Normal.tif,CNV-075,test,CNV,normal,OS,.tif,1.832297444343567
CNV/75/006_Normal.tif,CNV-075,test,CNV,normal,OS,.tif,1.8386887311935425
CNV/75/007_Normal.tif,CNV-075,test,CNV,normal,OS,.tif,1.8203015327453613
CNV/75/008_Normal.tif,CNV-075,test,CNV,normal,OS,.tif,1.7610509395599365
CNV/75/009_CNV.tif,CNV-075,test,CNV,cnv,OS,.tif,1.6892727613449097
CNV/75/010_Drusen.tif,CNV-075,test,CNV,drusen,OS,.tif,1.7062336206436157
CNV/75/011_CNV.tif,CNV-075,test,CNV,cnv,OS,.tif,1.565666675567627
CNV/75/012_CNV.tif,CNV-075,test,CNV,cnv,OS,.tif,1.9371743202209473
CNV/75/013_CNV.tif,CNV-075,test,CNV,cnv,OS,.tif,1.8398910760879517
CNV/75/014_CNV.tif,CNV-075,test,CNV,cnv,OS,.tif,2.160764694213867
CNV/75/015_CNV.tif,CNV-075,test,CNV,cnv,OS,.tif,2.0487172603607178
CNV/75/016_CNV.tif,CNV-075,test,CNV,cnv,OS,.tif,1.8483316898345947
CNV/75/017_CNV.tif,CNV-075,test,CNV,cnv,OS,.tif,1.677346110343933
CNV/75/018_CNV.tif,CNV-075,test,CNV,cnv,OS,.tif,1.5001215934753418
CNV/75/019_CNV.tif,CNV-075,test,CNV,cnv,OS,.tif,1.6311101913452148
CNV/75/020_Normal.tif,CNV-075,test,CNV,normal,OS,.tif,1.6791698932647705
CNV/75/021_Normal.tif,CNV-075,test,CNV,normal,OS,.tif,1.9328256845474243
CNV/75/022_Normal.tif,CNV-075,test,CNV,normal,OS,.tif,1.8699876070022583
CNV/75/023_Drusen.tif,CNV-075,test,CNV,drusen,OS,.tif,1.780872106552124
CNV/75/024_Drusen.tif,CNV-075,test,CNV,drusen,OS,.tif,1.8758465051651
CNV/75/025_Drusen.tif,CNV-075,test,CNV,drusen,OS,.tif,1.9336024522781372
CNV/75/026_Normal.tif,CNV-075,test,CNV,normal,OS,.tif,1.8559002876281738
CNV/75/027_Drusen.tif,CNV-075,test,CNV,drusen,OS,.tif,1.7652195692062378
CNV/75/028_Drusen.tif,CNV-075,test,CNV,drusen,OS,.tif,1.8019912242889404
CNV/75/029_Normal.tif,CNV-075,test,CNV,normal,OS,.tif,1.8940796852111816
CNV/75/030_Normal.tif,CNV-075,test,CNV,normal,OS,.tif,1.962213397026062
CNV/76/000_Normal.tif,CNV-076,test,CNV,normal,OS,.tif,1.6628201007843018
CNV/76/001_Normal.tif,CNV-076,test,CNV,normal,OS,.tif,1.6912187337875366
CNV/76/002_Normal.tif,CNV-076,test,CNV,normal,OS,.tif,1.6689043045043945
CNV/76/003_Normal.tif,CNV-076,test,CNV,normal,OS,.tif,1.678869605064392
CNV/76/004_Normal.tif,CNV-076,test,CNV,normal,OS,.tif,1.643304467201233
CNV/76/005_Normal.tif,CNV-076,test,CNV,normal,OS,.tif,1.619145393371582
CNV/76/006_Normal.tif,CNV-076,test,CNV,normal,OS,.tif,1.606785774230957
CNV/76/007_CNV.tif,CNV-076,test,CNV,cnv,OS,.tif,1.7157745361328125
CNV/76/008_CNV.tif,CNV-076,test,CNV,cnv,OS,.tif,1.982172966003418
CNV/76/009_CNV.tif,CNV-076,test,CNV,cnv,OS,.tif,2.3094112873077393
CNV/76/010_CNV.tif,CNV-076,test,CNV,cnv,OS,.tif,2.6112656593322754
CNV/76/011_CNV.tif,CNV-076,test,CNV,cnv,OS,.tif,3.0339629650115967
CNV/76/012_CNV.tif,CNV-076,test,CNV,cnv,OS,.tif,3.0208988189697266
CNV/76/013_CNV.tif,CNV-076,test,CNV,cnv,OS,.tif,2.9749791622161865
CNV/76/014_CNV.tif,CNV-076,test,CNV,cnv,OS,.tif,2.8058629035949707
CNV/76/015_CNV.tif,CNV-076,test,CNV,cnv,OS,.tif,2.8307528495788574
CNV/76/016_CNV.tif,CNV-076,test,CNV,cnv,OS,.tif,2.911803960800171
CNV/76/017_CNV.tif,CNV-076,test,CNV,cnv,OS,.tif,2.5542244911193848
CNV/76/018_CNV.tif,CNV-076,test,CNV,cnv,OS,.tif,2.203748941421509
CNV/76/019_CNV.tif,CNV-076,test,CNV,cnv,OS,.tif,1.8516758680343628
CNV/76/020_Drusen.tif,CNV-076,test,CNV,drusen,OS,.tif,1.8664757013320923
CNV/76/021_Drusen.tif,CNV-076,test,CNV,drusen,OS,.tif,1.6667351722717285
CNV/76/022_Normal.tif,CNV-076,test,CNV,normal,OS,.tif,1.6472102403640747
CNV/76/023_Normal.tif,CNV-076,test,CNV,normal,OS,.tif,1.571077585220337
CNV/76/024_Normal.tif,CNV-076,test,CNV,normal,OS,.tif,1.6150519847869873
CNV/76/025_Normal.tif,CNV-076,test,CNV,normal,OS,.tif,1.6645691394805908
CNV/76/026_Normal.tif,CNV-076,test,CNV,normal,OS,.tif,1.5104941129684448
CNV/76/027_Normal.tif,CNV-076,test,CNV,normal,OS,.tif,1.754569172859192
CNV/76/028_Normal.tif,CNV-076,test,CNV,normal,OS,.tif,1.6763288974761963
CNV/76/029_Normal.tif,CNV-076,test,CNV,normal,OS,.tif,1.8344223499298096
CNV/76/030_Normal.tif,CNV-076,test,CNV,normal,OS,.tif,1.8148565292358398
CNV/77/000_Normal.tif,CNV-077,test,CNV,normal,OD,.tif,1.5136464834213257
CNV/77/001_Normal.tif,CNV-077,test,CNV,normal,OD,.tif,1.5664222240447998
CNV/77/002_Normal.tif,CNV-077,test,CNV,normal,OD,.tif,1.515051245689392
CNV/77/003_Normal.tif,CNV-077,test,CNV,normal,OD,.tif,1.589430570602417
CNV/77/004_Drusen.tif,CNV-077,test,CNV,drusen,OD,.tif,1.536481261253357
CNV/77/005_Drusen.tif,CNV-077,test,CNV,drusen,OD,.tif,1.5394103527069092
CNV/77/006_Drusen.tif,CNV-077,test,CNV,drusen,OD,.tif,1.449529767036438
CNV/77/007_Drusen.tif,CNV-077,test,CNV,drusen,OD,.tif,1.4556081295013428
CNV/77/008_Drusen.tif,CNV-077,test,CNV,drusen,OD,.tif,1.501084327697754
CNV/77/009_Drusen.tif,CNV-077,test,CNV,drusen,OD,.tif,1.4804247617721558
CNV/77/010_Drusen.tif,CNV-077,test,CNV,drusen,OD,.tif,1.6323966979980469
CNV/77/011_CNV.tif,CNV-077,test,CNV,cnv,OD,.tif,1.6405504941940308
CNV/77/012_CNV.tif,CNV-077,test,CNV,cnv,OD,.tif,1.7136197090148926
CNV/77/013_CNV.tif,CNV-077,test,CNV,cnv,OD,.tif,1.805704116821289
CNV/77/014_CNV.tif,CNV-077,test,CNV,cnv,OD,.tif,1.8018462657928467
CNV/77/015_CNV.tif,CNV-077,test,CNV,cnv,OD,.tif,1.722730040550232
CNV/77/016_CNV.tif,CNV-077,test,CNV,cnv,OD,.tif,1.9143083095550537
CNV/77/017_CNV.tif,CNV-077,test,CNV,cnv,OD,.tif,1.8828526735305786
CNV/77/018_CNV.tif,CNV-077,test,CNV,cnv,OD,.tif,1.749065637588501
CNV/77/019_Drusen.tif,CNV-077,test,CNV,drusen,OD,.tif,1.5713918209075928
CNV/77/020_Drusen.tif,CNV-077,test,CNV,drusen,OD,.tif,1.4690231084823608
CNV/77/021_Drusen.tif,CNV-077,test,CNV,drusen,OD,.tif,1.616931438446045
CNV/77/022_Drusen.tif,CNV-077,test,CNV,drusen,OD,.tif,1.599696397781372
CNV/77/023_Drusen.tif,CNV-077,test,CNV,drusen,OD,.tif,1.5879180431365967
CNV/77/024_Drusen.tif,CNV-077,test,CNV,drusen,OD,.tif,1.5058695077896118
CNV/77/025_Drusen.tif,CNV-077,test,CNV,drusen,OD,.tif,1.5673748254776
CNV/77/026_Drusen.tif,CNV-077,test,CNV,drusen,OD,.tif,1.5528379678726196
CNV/77/027_Drusen.tif,CNV-077,test,CNV,drusen,OD,.tif,1.493607521057129
CNV/77/028_Drusen.tif,CNV-077,test,CNV,drusen,OD,.tif,1.5529439449310303
CNV/77/029_Drusen.tif,CNV-077,test,CNV,drusen,OD,.tif,1.5319639444351196
CNV/77/030_Drusen.tif,CNV-077,test,CNV,drusen,OD,.tif,1.5568220615386963
CNV/79/000_Normal.jpg,CNV-079,test,CNV,normal,OS,.jpg,1.7263658046722412
CNV/79/001_Normal.jpg,CNV-079,test,CNV,normal,OS,.jpg,1.6391946077346802
CNV/79/002_Normal.jpg,CNV-079,test,CNV,normal,OS,.jpg,1.5750412940979004
CNV/79/003_Normal.jpg,CNV-079,test,CNV,normal,OS,.jpg,1.639695405960083
CNV/79/004_Normal.jpg,CNV-079,test,CNV,normal,OS,.jpg,1.5234076976776123
CNV/79/005_Normal.jpg,CNV-079,test,CNV,normal,OS,.jpg,1.4386848211288452
CNV/79/006_Drusen.jpg,CNV-079,test,CNV,drusen,OS,.jpg,1.6469300985336304
CNV/79/007_Drusen.jpg,CNV-079,test,CNV,drusen,OS,.jpg,1.5323998928070068
CNV/79/008_CNV.jpg,CNV-079,test,CNV,cnv,OS,.jpg,1.6975691318511963
CNV/79/009_CNV.jpg,CNV-079,test,CNV,cnv,OS,.jpg,1.7750461101531982
CNV/79/010_CNV.jpg,CNV-079,test,CNV,cnv,OS,.jpg,1.9483815431594849
CNV/79/011_CNV.jpg,CNV-079,test,CNV,cnv,OS,.jpg,1.7956159114837646
CNV/79/012_CNV.jpg,CNV-079,test,CNV,cnv,OS,.jpg,1.8346917629241943
CNV/79/013_CNV.jpg,CNV-079,test,CNV,cnv,OS,.jpg,1.7617641687393188
CNV/79/014_CNV.jpg,CNV-079,test,CNV,cnv,OS,.jpg,1.9930285215377808
CNV/79/015_CNV.jpg,CNV-079,test,CNV,cnv,OS,.jpg,1.9934080839157104
CNV/79/016_CNV.jpg,CNV-079,test,CNV,cnv,OS,.jpg,1.8235087394714355
CNV/79/017_CNV.jpg,CNV-079,test,CNV,cnv,OS,.jpg,1.8104277849197388
CNV/79/018_CNV.jpg,CNV-079,test,CNV,cnv,OS,.jpg,1.9440621137619019
CNV/79/019_CNV.jpg,CNV-079,test,CNV,cnv,OS,.jpg,1.803080677986145
CNV/79/020_CNV.jpg,CNV-079,test,CNV,cnv,OS,.jpg,1.8052743673324585
CNV/79/021_CNV.jpg,CNV-079,test,CNV,cnv,OS,.jpg,1.7428805828094482
CNV/79/022_CNV.jpg,CNV-079,test,CNV,cnv,OS,.jpg,1.756272792816162
CNV/79/023_Drusen.jpg,CNV-079,test,CNV,drusen,OS,.jpg,1.7285035848617554
CNV/79/024_Drusen.jpg,CNV-079,test,CNV,drusen,OS,.jpg,1.6747233867645264
CNV/80/000_CNV.jpg,CNV-080,test,CNV,cnv,OS,.jpg,1.9899702072143555
CNV/80/001_CNV.jpg,CNV-080,test,CNV,cnv,OS,.jpg,1.947286605834961
CNV/80/002_CNV.jpg,CNV-080,test,CNV,cnv,OS,.jpg,2.0101189613342285
CNV/80/003_CNV.jpg,CNV-080,test,CNV,cnv,OS,.jpg,1.6812976598739624
CNV/80/004_CNV.jpg,CNV-080,test,CNV,cnv,OS,.jpg,1.936231017112732
CNV/80/005_CNV.jpg,CNV-080,test,CNV,cnv,OS,.jpg,1.8653404712677002
CNV/80/006_CNV.jpg,CNV-080,test,CNV,cnv,OS,.jpg,1.7929139137268066
CNV/80/007_CNV.jpg,CNV-080,test,CNV,cnv,OS,.jpg,2.003857135772705
CNV/80/008_CNV.jpg,CNV-080,test,CNV,cnv,OS,.jpg,2.213869094848633
CNV/80/009_CNV.jpg,CNV-080,test,CNV,cnv,OS,.jpg,2.5370659828186035
CNV/80/010_CNV.jpg,CNV-080,test,CNV,cnv,OS,.jpg,2.691314220428467
CNV/80/011_CNV.jpg,CNV-080,test,CNV,cnv,OS,.jpg,2.6139276027679443
CNV/80/012_CNV.jpg,CNV-080,test,CNV,cnv,OS,.jpg,2.8741180896759033
CNV/80/013_CNV.jpg,CNV-080,test,CNV,cnv,OS,.jpg,2.7993905544281006
CNV/80/014_CNV.jpg,CNV-080,test,CNV,cnv,OS,.jpg,2.779836654663086
CNV/80/015_CNV.jpg,CNV-080,test,CNV,cnv,OS,.jpg,3.335148334503174
CNV/80/016_CNV.jpg,CNV-080,test,CNV,cnv,OS,.jpg,2.8889358043670654
CNV/80/017_CNV.jpg,CNV-080,test,CNV,cnv,OS,.jpg,2.5055806636810303
CNV/80/018_CNV.jpg,CNV-080,test,CNV,cnv,OS,.jpg,2.2988460063934326
CNV/80/019_CNV.jpg,CNV-080,test,CNV,cnv,OS,.jpg,2.4702014923095703
CNV/80/020_CNV.jpg,CNV-080,test,CNV,cnv,OS,.jpg,2.379653215408325
CNV/80/021_CNV.jpg,CNV-080,test,CNV,cnv,OS,.jpg,2.275604486465454
CNV/80/022_CNV.jpg,CNV-080,test,CNV,cnv,OS,.jpg,2.159991979598999
CNV/80/023_CNV.jpg,CNV-080,test,CNV,cnv,OS,.jpg,2.1427395343780518
CNV/80/024_Drusen.jpg,CNV-080,test,CNV,drusen,OS,.jpg,1.8979741334915161
CNV/80/025_Drusen.jpg,CNV-080,test,CNV,drusen,OS,.jpg,1.9364856481552124
CNV/80/026_Normal.jpg,CNV-080,test,CNV,normal,OS,.jpg,1.906400203704834
CNV/80/027_Normal.jpg,CNV-080,test,CNV,normal,OS,.jpg,1.84738028049469
CNV/80/028_Normal.jpg,CNV-080,test,CNV,normal,OS,.jpg,1.772908091545105
CNV/80/029_Normal.jpg,CNV-080,test,CNV,normal,OS,.jpg,1.858181357383728
CNV/80/030_Normal.jpg,CNV-080,test,CNV,normal,OS,.jpg,1.835183024406433
CNV/81/000_CNV.tif,CNV-081,test,CNV,cnv,OD,.tif,1.9586726427078247
CNV/81/001_CNV.tif,CNV-081,test,CNV,cnv,OD,.tif,1.9704229831695557
CNV/81/002_CNV.tif,CNV-081,test,CNV,cnv,OD,.tif,2.1430916786193848
CNV/81/003_CNV.tif,CNV-081,test,CNV,cnv,OD,.tif,2.0277438163757324
CNV/81/004_CNV.tif,CNV-081,test,CNV,cnv,OD,.tif,2.1323182582855225
CNV/81/005_CNV.tif,CNV-081,test,CNV,cnv,OD,.tif,2.0231075286865234
CNV/81/006_CNV.tif,CNV-081,test,CNV,cnv,OD,.tif,2.0258262157440186
CNV/81/007_CNV.tif,CNV-081,test,CNV,cnv,OD,.tif,2.1150927543640137
CNV/81/008_CNV.tif,CNV-081,test,CNV,cnv,OD,.tif,2.3522047996520996
CNV/81/009_CNV.tif,CNV-081,test,CNV,cnv,OD,.tif,2.3371617794036865
CNV/81/010_CNV.tif,CNV-081,test,CNV,cnv,OD,.tif,2.3582372665405273
CNV/81/011_CNV.tif,CNV-081,test,CNV,cnv,OD,.tif,2.3555917739868164
CNV/81/012_CNV.tif,CNV-081,test,CNV,cnv,OD,.tif,2.703580856323242
CNV/81/013_CNV.tif,CNV-081,test,CNV,cnv,OD,.tif,2.89493465423584
CNV/81/014_CNV.tif,CNV-081,test,CNV,cnv,OD,.tif,2.7626702785491943
CNV/81/015_CNV.tif,CNV-081,test,CNV,cnv,OD,.tif,2.60823917388916
CNV/81/016_CNV.tif,CNV-081,test,CNV,cnv,OD,.tif,2.3098011016845703
CNV/81/017_CNV.tif,CNV-081,test,CNV,cnv,OD,.tif,2.4105279445648193
CNV/81/018_CNV.tif,CNV-081,test,CNV,cnv,OD,.tif,2.5764472484588623
CNV/81/019_CNV.tif,CNV-081,test,CNV,cnv,OD,.tif,2.2657999992370605
CNV/81/020_CNV.tif,CNV-081,test,CNV,cnv,OD,.tif,2.4671835899353027
CNV/81/021_CNV.tif,CNV-081,test,CNV,cnv,OD,.tif,2.2049405574798584
CNV/81/022_CNV.tif,CNV-081,test,CNV,cnv,OD,.tif,2.413261890411377
CNV/81/023_CNV.tif,CNV-081,test,CNV,cnv,OD,.tif,2.122450828552246
CNV/81/024_CNV.tif,CNV-081,test,CNV,cnv,OD,.tif,1.8283915519714355
CNV/81/025_CNV.tif,CNV-081,test,CNV,cnv,OD,.tif,1.7611277103424072
CNV/81/026_CNV.tif,CNV-081,test,CNV,cnv,OD,.tif,1.6124080419540405
CNV/81/027_Normal.tif,CNV-081,test,CNV,normal,OD,.tif,1.6039488315582275
CNV/81/028_Normal.tif,CNV-081,test,CNV,normal,OD,.tif,1.5833040475845337
CNV/81/029_Normal.tif,CNV-081,test,CNV,normal,OD,.tif,1.5226331949234009
CNV/81/030_Normal.tif,CNV-081,test,CNV,normal,OD,.tif,1.4972505569458008
CNV/83/000_Normal.jpg,CNV-083,test,CNV,normal,OS,.jpg,1.8905481100082397
CNV/83/001_Normal.jpg,CNV-083,test,CNV,normal,OS,.jpg,1.8857512474060059
CNV/83/002_CNV.jpg,CNV-083,test,CNV,cnv,OS,.jpg,2.127772569656372
CNV/83/003_CNV.jpg,CNV-083,test,CNV,cnv,OS,.jpg,2.0814647674560547
CNV/83/004_CNV.jpg,CNV-083,test,CNV,cnv,OS,.jpg,2.1152658462524414
CNV/83/005_CNV.jpg,CNV-083,test,CNV,cnv,OS,.jpg,2.095451831817627
CNV/83/006_CNV.jpg,CNV-083,test,CNV,cnv,OS,.jpg,2.1567509174346924
CNV/83/007_CNV.jpg,CNV-083,test,CNV,cnv,OS,.jpg,2.343001127243042
CNV/83/008_CNV.jpg,CNV-083,test,CNV,cnv,OS,.jpg,2.3155293464660645
CNV/83/009_CNV.jpg,CNV-083,test,CNV,cnv,OS,.jpg,2.29453706741333
CNV/83/010_CNV.jpg,CNV-083,test,CNV,cnv,OS,.jpg,2.231339693069458
CNV/83/011_CNV.jpg,CNV-083,test,CNV,cnv,OS,.jpg,2.163640022277832
CNV/83/012_CNV.jpg,CNV-083,test,CNV,cnv,OS,.jpg,2.6053109169006348
CNV/83/013_CNV.jpg,CNV-083,test,CNV,cnv,OS,.jpg,2.471761465072632
CNV/83/014_CNV.jpg,CNV-083,test,CNV,cnv,OS,.jpg,2.4665539264678955
CNV/83/015_CNV.jpg,CNV-083,test,CNV,cnv,OS,.jpg,2.4232187271118164
CNV/83/016_CNV.jpg,CNV-083,test,CNV,cnv,OS,.jpg,2.38356351852417
CNV/83/017_CNV.jpg,CNV-083,test,CNV,cnv,OS,.jpg,2.480292797088623
CNV/83/018_CNV.jpg,CNV-083,test,CNV,cnv,OS,.jpg,2.7771999835968018
CNV/83/019_CNV.jpg,CNV-083,test,CNV,cnv,OS,.jpg,2.7272605895996094
CNV/83/020_CNV.jpg,CNV-083,test,CNV,cnv,OS,.jpg,2.673600196838379
CNV/83/021_CNV.jpg,CNV-083,test,CNV,cnv,OS,.jpg,2.564009189605713
CNV/83/022_CNV.jpg,CNV-083,test,CNV,cnv,OS,.jpg,2.3806166648864746
CNV/83/023_CNV.jpg,CNV-083,test,CNV,cnv,OS,.jpg,2.469247817993164
CNV/83/024_CNV.jpg,CNV-083,test,CNV,cnv,OS,.jpg,2.3547611236572266
CNV/84/000_CNV.jpg,CNV-084,test,CNV,cnv,OS,.jpg,1.6077899932861328
CNV/84/001_CNV.jpg,CNV-084,test,CNV,cnv,OS,.jpg,1.904936671257019
CNV/84/002_CNV.jpg,CNV-084,test,CNV,cnv,OS,.jpg,1.7021641731262207
CNV/84/003_CNV.jpg,CNV-084,test,CNV,cnv,OS,.jpg,2.0298683643341064
CNV/84/004_CNV.jpg,CNV-084,test,CNV,cnv,OS,.jpg,1.9323134422302246
CNV/84/005_CNV.jpg,CNV-084,test,CNV,cnv,OS,.jpg,2.0304789543151855
CNV/84/006_CNV.jpg,CNV-084,test,CNV,cnv,OS,.jpg,1.9023768901824951
CNV/84/007_CNV.jpg,CNV-084,test,CNV,cnv,OS,.jpg,1.847549557685852
CNV/84/008_CNV.jpg,CNV-084,test,CNV,cnv,OS,.jpg,1.9031504392623901
CNV/84/009_CNV.jpg,CNV-084,test,CNV,cnv,OS,.jpg,2.0237841606140137
CNV/84/010_CNV.jpg,CNV-084,test,CNV,cnv,OS,.jpg,2.467144012451172
CNV/84/011_CNV.jpg,CNV-084,test,CNV,cnv,OS,.jpg,2.62729811668396
CNV/84/012_CNV.jpg,CNV-084,test,CNV,cnv,OS,.jpg,2.8588314056396484
CNV/84/013_CNV.jpg,CNV-084,test,CNV,cnv,OS,.jpg,2.927220344543457
CNV/84/014_CNV.jpg,CNV-084,test,CNV,cnv,OS,.jpg,2.6742093563079834
CNV/84/015_CNV.jpg,CNV-084,test,CNV,cnv,OS,.jpg,2.986992835998535
CNV/84/016_CNV.jpg,CNV-084,test,CNV,cnv,OS,.jpg,2.732898235321045
CNV/84/017_CNV.jpg,CNV-084,test,CNV,cnv,OS,.jpg,2.4286327362060547
CNV/84/018_CNV.jpg,CNV-084,test,CNV,cnv,OS,.jpg,2.2929232120513916
CNV/84/019_CNV.jpg,CNV-084,test,CNV,cnv,OS,.jpg,2.292928457260132
CNV/84/020_CNV.jpg,CNV-084,test,CNV,cnv,OS,.jpg,2.141414165496826
CNV/84/021_CNV.jpg,CNV-084,test,CNV,cnv,OS,.jpg,2.2744736671447754
CNV/84/022_CNV.jpg,CNV-084,test,CNV,cnv,OS,.jpg,2.425180435180664
CNV/84/023_CNV.jpg,CNV-084,test,CNV,cnv,OS,.jpg,2.086430549621582
CNV/84/024_CNV.jpg,CNV-084,test,CNV,cnv,OS,.jpg,2.3957409858703613
CNV/84/025_CNV.jpg,CNV-084,test,CNV,cnv,OS,.jpg,2.166189432144165
CNV/84/026_CNV.jpg,CNV-084,test,CNV,cnv,OS,.jpg,2.2768137454986572
CNV/84/027_CNV.jpg,CNV-084,test,CNV,cnv,OS,.jpg,2.186004400253296
CNV/84/028_CNV.jpg,CNV-084,test,CNV,cnv,OS,.jpg,2.125602960586548
CNV/84/029_CNV.jpg,CNV-084,test,CNV,cnv,OS,.jpg,2.1535825729370117
CNV/84/030_CNV.jpg,CNV-084,test,CNV,cnv,OS,.jpg,2.070863962173462
CNV/85/000_Drusen.jpg,CNV-085,test,CNV,drusen,OS,.jpg,1.6952669620513916
CNV/85/001_Drusen.jpg,CNV-085,test,CNV,drusen,OS,.jpg,1.5565391778945923
CNV/85/002_Drusen.jpg,CNV-085,test,CNV,drusen,OS,.jpg,1.6048331260681152
CNV/85/003_Drusen.jpg,CNV-085,test,CNV,drusen,OS,.jpg,1.6530379056930542
CNV/85/004_Drusen.jpg,CNV-085,test,CNV,drusen,OS,.jpg,1.6856184005737305
CNV/85/005_Drusen.jpg,CNV-085,test,CNV,drusen,OS,.jpg,1.7564034461975098
CNV/85/006_Drusen.jpg,CNV-085,test,CNV,drusen,OS,.jpg,1.7195086479187012
CNV/85/007_Drusen.jpg,CNV-085,test,CNV,drusen,OS,.jpg,1.8695558309555054
CNV/85/008_Drusen.jpg,CNV-085,test,CNV,drusen,OS,.jpg,1.755048394203186
CNV/85/009_Drusen.jpg,CNV-085,test,CNV,drusen,OS,.jpg,1.8535977602005005
CNV/85/010_Drusen.jpg,CNV-085,test,CNV,drusen,OS,.jpg,1.8497318029403687
CNV/85/011_CNV.jpg,CNV-085,test,CNV,cnv,OS,.jpg,2.1067864894866943
CNV/85/012_CNV.jpg,CNV-085,test,CNV,cnv,OS,.jpg,2.03985595703125
CNV/85/013_CNV.jpg,CNV-085,test,CNV,cnv,OS,.jpg,2.0827014446258545
CNV/85/014_CNV.jpg,CNV-085,test,CNV,cnv,OS,.jpg,2.2421865463256836
CNV/85/015_CNV.jpg,CNV-085,test,CNV,cnv,OS,.jpg,2.1921300888061523
CNV/85/016_CNV.jpg,CNV-085,test,CNV,cnv,OS,.jpg,2.3010754585266113
CNV/85/017_CNV.jpg,CNV-085,test,CNV,cnv,OS,.jpg,2.1474666595458984
CNV/85/018_CNV.jpg,CNV-085,test,CNV,cnv,OS,.jpg,2.1008918285369873
CNV/85/019_CNV.jpg,CNV-085,test,CNV,cnv,OS,.jpg,2.120062828063965
CNV/85/020_CNV.jpg,CNV-085,test,CNV,cnv,OS,.jpg,2.1159725189208984
CNV/85/021_CNV.jpg,CNV-085,test,CNV,cnv,OS,.jpg,2.161196231842041
CNV/85/022_CNV.jpg,CNV-085,test,CNV,cnv,OS,.jpg,2.1585352420806885
CNV/85/023_Drusen.jpg,CNV-085,test,CNV,drusen,OS,.jpg,1.9999773502349854
CNV/85/024_Drusen.jpg,CNV-085,test,CNV,drusen,OS,.jpg,1.902103066444397
CNV/85/025_Drusen.jpg,CNV-085,test,CNV,drusen,OS,.jpg,1.854432225227356
CNV/85/026_Drusen.jpg,CNV-085,test,CNV,drusen,OS,.jpg,1.8092552423477173
CNV/85/027_Drusen.jpg,CNV-085,test,CNV,drusen,OS,.jpg,1.8502883911132812
CNV/85/028_Drusen.jpg,CNV-085,test,CNV,drusen,OS,.jpg,1.7583132982254028
CNV/85/029_Drusen.jpg,CNV-085,test,CNV,drusen,OS,.jpg,1.8360507488250732
CNV/85/030_Drusen.jpg,CNV-085,test,CNV,drusen,OS,.jpg,1.8925671577453613
CNV/87/000_Normal.tif,CNV-087,test,CNV,normal,OD,.tif,1.7992175817489624
CNV/87/001_Normal.tif,CNV-087,test,CNV,normal,OD,.tif,1.723573088645935
CNV/87/002_Normal.tif,CNV-087,test,CNV,normal,OD,.tif,1.6808497905731201
CNV/87/003_Normal.tif,CNV-087,test,CNV,normal,OD,.tif,1.7064331769943237
CNV/87/004_Normal.tif,CNV-087,test,CNV,normal,OD,.tif,1.7191460132598877
CNV/87/005_Normal.tif,CNV-087,test,CNV,normal,OD,.tif,1.5525901317596436
CNV/87/006_Normal.tif,CNV-087,test,CNV,normal,OD,.tif,1.704089879989624
CNV/87/007_Normal.tif,CNV-087,test,CNV,normal,OD,.tif,1.7111096382141113
CNV/87/008_Normal.tif,CNV-087,test,CNV,normal,OD,.tif,1.7872008085250854
CNV/87/009_Normal.tif,CNV-087,test,CNV,normal,OD,.tif,1.720279335975647
CNV/87/010_CNV.tif,CNV-087,test,CNV,cnv,OD,.tif,1.734851360321045
CNV/87/011_CNV.tif,CNV-087,test,CNV,cnv,OD,.tif,1.8823065757751465
CNV/87/012_CNV.tif,CNV-087,test,CNV,cnv,OD,.tif,1.9513224363327026
CNV/87/013_CNV.tif,CNV-087,test,CNV,cnv,OD,.tif,2.042537212371826
CNV/87/014_CNV.tif,CNV-087,test,CNV,cnv,OD,.tif,2.2253894805908203
CNV/87/015_CNV.tif,CNV-087,test,CNV,cnv,OD,.tif,2.3431904315948486
CNV/87/016_CNV.tif,CNV-087,test,CNV,cnv,OD,.tif,2.1127612590789795
CNV/87/017_CNV.tif,CNV-087,test,CNV,cnv,OD,.tif,1.9665087461471558
CNV/87/018_CNV.tif,CNV-087,test,CNV,cnv,OD,.tif,1.8053909540176392
CNV/87/019_CNV.tif,CNV-087,test,CNV,cnv,OD,.tif,1.5875855684280396
CNV/87/020_Drusen.tif,CNV-087,test,CNV,drusen,OD,.tif,1.5595035552978516
CNV/87/021_Drusen.tif,CNV-087,test,CNV,drusen,OD,.tif,1.5639877319335938
CNV/87/022_Normal.tif,CNV-087,test,CNV,normal,OD,.tif,1.51166570186615
CNV/87/023_Normal.tif,CNV-087,test,CNV,normal,OD,.tif,1.5282361507415771
CNV/87/024_Normal.tif,CNV-087,test,CNV,normal,OD,.tif,1.4814350605010986
CNV/87/025_Normal.tif,CNV-087,test,CNV,normal,OD,.tif,1.6021355390548706
CNV/87/026_Normal.tif,CNV-087,test,CNV,normal,OD,.tif,1.5689349174499512
CNV/87/027_Normal.tif,CNV-087,test,CNV,normal,OD,.tif,1.5367180109024048
CNV/87/028_Normal.tif,CNV-087,test,CNV,normal,OD,.tif,1.520362377166748
CNV/87/029_Normal.tif,CNV-087,test,CNV,normal,OD,.tif,1.6397368907928467
CNV/87/030_Normal.tif,CNV-087,test,CNV,normal,OD,.tif,1.5449033975601196
CNV/88/000_Drusen.jpg,CNV-088,test,CNV,drusen,OD,.jpg,1.7289457321166992
CNV/88/001_Drusen.jpg,CNV-088,test,CNV,drusen,OD,.jpg,1.6921075582504272
CNV/88/002_Drusen.jpg,CNV-088,test,CNV,drusen,OD,.jpg,1.6630290746688843
CNV/88/003_Drusen.jpg,CNV-088,test,CNV,drusen,OD,.jpg,1.719107985496521
CNV/88/004_CNV.jpg,CNV-088,test,CNV,cnv,OD,.jpg,1.910288691520691
CNV/88/005_CNV.jpg,CNV-088,test,CNV,cnv,OD,.jpg,1.7237871885299683
CNV/88/006_CNV.jpg,CNV-088,test,CNV,cnv,OD,.jpg,1.7411209344863892
CNV/88/007_CNV.jpg,CNV-088,test,CNV,cnv,OD,.jpg,1.7409237623214722
CNV/88/008_CNV.jpg,CNV-088,test,CNV,cnv,OD,.jpg,1.8423322439193726
CNV/88/009_CNV.jpg,CNV-088,test,CNV,cnv,OD,.jpg,1.9023977518081665
CNV/88/010_CNV.jpg,CNV-088,test,CNV,cnv,OD,.jpg,1.7982999086380005
CNV/88/011_CNV.jpg,CNV-088,test,CNV,cnv,OD,.jpg,1.8497990369796753
CNV/88/012_CNV.jpg,CNV-088,test,CNV,cnv,OD,.jpg,1.958331823348999
CNV/88/013_CNV.jpg,CNV-088,test,CNV,cnv,OD,.jpg,2.042371988296509
CNV/88/014_CNV.jpg,CNV-088,test,CNV,cnv,OD,.jpg,2.0791070461273193
CNV/88/015_CNV.jpg,CNV-088,test,CNV,cnv,OD,.jpg,1.880454182624817
CNV/88/016_CNV.jpg,CNV-088,test,CNV,cnv,OD,.jpg,1.825725793838501
CNV/88/017_CNV.jpg,CNV-088,test,CNV,cnv,OD,.jpg,1.7703704833984375
CNV/88/018_CNV.jpg,CNV-088,test,CNV,cnv,OD,.jpg,1.68973708152771
CNV/88/019_CNV.jpg,CNV-088,test,CNV,cnv,OD,.jpg,1.5957969427108765
CNV/88/020_CNV.jpg,CNV-088,test,CNV,cnv,OD,.jpg,1.7888456583023071
CNV/88/021_Drusen.jpg,CNV-088,test,CNV,drusen,OD,.jpg,1.6764565706253052
CNV/88/022_Drusen.jpg,CNV-088,test,CNV,drusen,OD,.jpg,1.8221784830093384
CNV/88/023_Drusen.jpg,CNV-088,test,CNV,drusen,OD,.jpg,1.863037109375
CNV/88/024_Drusen.jpg,CNV-088,test,CNV,drusen,OD,.jpg,1.8593610525131226
CNV/89/000_Drusen.tif,CNV-089,test,CNV,drusen,OD,.tif,1.5877567529678345
CNV/89/001_Drusen.tif,CNV-089,test,CNV,drusen,OD,.tif,1.5892726182937622
CNV/89/002_Drusen.tif,CNV-089,test,CNV,drusen,OD,.tif,1.5900031328201294
CNV/89/003_Drusen.tif,CNV-089,test,CNV,drusen,OD,.tif,1.3715496063232422
CNV/89/004_Drusen.tif,CNV-089,test,CNV,drusen,OD,.tif,1.4519648551940918
CNV/89/005_Drusen.tif,CNV-089,test,CNV,drusen,OD,.tif,1.5248690843582153
CNV/89/006_Drusen.tif,CNV-089,test,CNV,drusen,OD,.tif,1.491878867149353
CNV/89/007_Drusen.tif,CNV-089,test,CNV,drusen,OD,.tif,1.5653878450393677
CNV/89/008_Drusen.tif,CNV-089,test,CNV,drusen,OD,.tif,1.6547962427139282
CNV/89/009_CNV.tif,CNV-089,test,CNV,cnv,OD,.tif,1.697440505027771
CNV/89/010_CNV.tif,CNV-089,test,CNV,cnv,OD,.tif,1.793942928314209
CNV/89/011_CNV.tif,CNV-089,test,CNV,cnv,OD,.tif,1.8040333986282349
CNV/89/012_CNV.tif,CNV-089,test,CNV,cnv,OD,.tif,1.907870888710022
CNV/89/013_CNV.tif,CNV-089,test,CNV,cnv,OD,.tif,2.2270357608795166
CNV/89/014_CNV.tif,CNV-089,test,CNV,cnv,OD,.tif,2.3219563961029053
CNV/89/015_CNV.tif,CNV-089,test,CNV,cnv,OD,.tif,1.9337546825408936
CNV/89/016_CNV.tif,CNV-089,test,CNV,cnv,OD,.tif,2.065185785293579
CNV/89/017_CNV.tif,CNV-089,test,CNV,cnv,OD,.tif,1.901877760887146
CNV/89/018_CNV.tif,CNV-089,test,CNV,cnv,OD,.tif,1.7174198627471924
CNV/89/019_CNV.tif,CNV-089,test,CNV,cnv,OD,.tif,1.5412914752960205
CNV/89/020_CNV.tif,CNV-089,test,CNV,cnv,OD,.tif,1.7229145765304565
CNV/89/021_CNV.tif,CNV-089,test,CNV,cnv,OD,.tif,1.5997544527053833
CNV/89/022_CNV.tif,CNV-089,test,CNV,cnv,OD,.tif,1.6550037860870361
CNV/89/023_Drusen.tif,CNV-089,test,CNV,drusen,OD,.tif,1.699294090270996
CNV/89/024_Drusen.tif,CNV-089,test,CNV,drusen,OD,.tif,1.6333038806915283
CNV/89/025_Drusen.tif,CNV-089,test,CNV,drusen,OD,.tif,1.9207193851470947
CNV/89/026_Drusen.tif,CNV-089,test,CNV,drusen,OD,.tif,1.7371721267700195
CNV/89/027_Drusen.tif,CNV-089,test,CNV,drusen,OD,.tif,1.6494905948638916
CNV/89/028_Drusen.tif,CNV-089,test,CNV,drusen,OD,.tif,1.6092437505722046
CNV/89/029_Drusen.tif,CNV-089,test,CNV,drusen,OD,.tif,1.6259948015213013
CNV/89/030_Drusen.tif,CNV-089,test,CNV,drusen,OD,.tif,1.5658161640167236
CNV/90/000_Normal.tif,CNV-090,test,CNV,normal,OS,.tif,1.901279091835022
CNV/90/001_Normal.tif,CNV-090,test,CNV,normal,OS,.tif,1.8956955671310425
CNV/90/002_CNV.tif,CNV-090,test,CNV,cnv,OS,.tif,2.0453553199768066
CNV/90/003_CNV.tif,CNV-090,test,CNV,cnv,OS,.tif,2.0877137184143066
CNV/90/004_CNV.tif,CNV-090,test,CNV,cnv,OS,.tif,2.133751630783081
CNV/90/005_CNV.tif,CNV-090,test,CNV,cnv,OS,.tif,2.1790475845336914
CNV/90/006_CNV.tif,CNV-090,test,CNV,cnv,OS,.tif,2.2330071926116943
CNV/90/007_CNV.tif,CNV-090,test,CNV,cnv,OS,.tif,2.180107593536377
CNV/90/008_CNV.tif,CNV-090,test,CNV,cnv,OS,.tif,2.1687216758728027
CNV/90/009_CNV.tif,CNV-090,test,CNV,cnv,OS,.tif,2.1737282276153564
CNV/90/010_CNV.tif,CNV-090,test,CNV,cnv,OS,.tif,2.308387279510498
CNV/90/011_CNV.tif,CNV-090,test,CNV,cnv,OS,.tif,2.3686683177948
CNV/90/012_CNV.tif,CNV-090,test,CNV,cnv,OS,.tif,2.4851491451263428
CNV/90/013_CNV.tif,CNV-090,test,CNV,cnv,OS,.tif,2.671231746673584
CNV/90/014_CNV.tif,CNV-090,test,CNV,cnv,OS,.tif,2.3047142028808594
CNV/90/015_CNV.tif,CNV-090,test,CNV,cnv,OS,.tif,2.4537906646728516
CNV/90/016_CNV.tif,CNV-090,test,CNV,cnv,OS,.tif,2.2762887477874756
CNV/90/017_CNV.tif,CNV-090,test,CNV,cnv,OS,.tif,2.2533209323883057
CNV/90/018_CNV.tif,CNV-090,test,CNV,cnv,OS,.tif,2.087477207183838
CNV/90/019_CNV.tif,CNV-090,test,CNV,cnv,OS,.tif,1.959730863571167
CNV/90/020_CNV.tif,CNV-090,test,CNV,cnv,OS,.tif,1.9321534633636475
CNV/90/021_CNV.tif,CNV-090,test,CNV,cnv,OS,.tif,1.7459269762039185
CNV/90/022_Drusen.tif,CNV-090,test,CNV,drusen,OS,.tif,1.77011239528656
CNV/90/023_Drusen.tif,CNV-090,test,CNV,drusen,OS,.tif,1.7541043758392334
CNV/90/024_Drusen.tif,CNV-090,test,CNV,drusen,OS,.tif,1.7185918092727661
CNV/90/025_Drusen.tif,CNV-090,test,CNV,drusen,OS,.tif,1.779900312423706
CNV/90/026_Normal.tif,CNV-090,test,CNV,normal,OS,.tif,1.7484577894210815
CNV/90/027_Normal.tif,CNV-090,test,CNV,normal,OS,.tif,1.7714420557022095
CNV/90/028_Normal.tif,CNV-090,test,CNV,normal,OS,.tif,1.7485276460647583
CNV/90/029_Normal.tif,CNV-090,test,CNV,normal,OS,.tif,1.7540943622589111
CNV/90/030_Normal.tif,CNV-090,test,CNV,normal,OS,.tif,1.6698375940322876
CNV/91/000_Normal.tif,CNV-091,test,CNV,normal,OS,.tif,2.0121681690216064
CNV/91/001_Normal.tif,CNV-091,test,CNV,normal,OS,.tif,2.3795366287231445
CNV/91/002_Normal.tif,CNV-091,test,CNV,normal,OS,.tif,2.656578302383423
CNV/91/003_Normal.tif,CNV-091,test,CNV,normal,OS,.tif,2.3634414672851562
CNV/91/004_Normal.tif,CNV-091,test,CNV,normal,OS,.tif,2.349822759628296
CNV/91/005_Normal.tif,CNV-091,test,CNV,normal,OS,.tif,2.2263498306274414
CNV/91/006_Normal.tif,CNV-091,test,CNV,normal,OS,.tif,2.1536030769348145
CNV/91/007_Drusen.tif,CNV-091,test,CNV,drusen,OS,.tif,2.106574773788452
CNV/91/008_Drusen.tif,CNV-091,test,CNV,drusen,OS,.tif,1.9501550197601318
CNV/91/009_CNV.tif,CNV-091,test,CNV,cnv,OS,.tif,2.063115119934082
CNV/91/010_CNV.tif,CNV-091,test,CNV,cnv,OS,.tif,2.102907419204712
CNV/91/011_CNV.tif,CNV-091,test,CNV,cnv,OS,.tif,2.15000057220459
CNV/91/012_CNV.tif,CNV-091,test,CNV,cnv,OS,.tif,2.280404567718506
CNV/91/013_CNV.tif,CNV-091,test,CNV,cnv,OS,.tif,2.4343302249908447
CNV/91/014_CNV.tif,CNV-091,test,CNV,cnv,OS,.tif,2.4697318077087402
CNV/91/015_CNV.tif,CNV-091,test,CNV,cnv,OS,.tif,3.0275375843048096
CNV/91/016_CNV.tif,CNV-091,test,CNV,cnv,OS,.tif,2.7510666847229004
CNV/91/017_CNV.tif,CNV-091,test,CNV,cnv,OS,.tif,2.8396081924438477
CNV/91/018_CNV.tif,CNV-091,test,CNV,cnv,OS,.tif,3.036526918411255
CNV/91/019_CNV.tif,CNV-091,test,CNV,cnv,OS,.tif,2.5767605304718018
CNV/91/020_CNV.tif,CNV-091,test,CNV,cnv,OS,.tif,2.6877200603485107
CNV/91/021_CNV.tif,CNV-091,test,CNV,cnv,OS,.tif,2.553204298019409
CNV/91/022_CNV.tif,CNV-091,test,CNV,cnv,OS,.tif,2.2827837467193604
CNV/91/023_CNV.tif,CNV-091,test,CNV,cnv,OS,.tif,2.1641271114349365
CNV/91/024_CNV.tif,CNV-091,test,CNV,cnv,OS,.tif,2.1453402042388916
CNV/91/025_CNV.tif,CNV-091,test,CNV,cnv,OS,.tif,2.0913174152374268
CNV/91/026_CNV.tif,CNV-091,test,CNV,cnv,OS,.tif,2.014868974685669
CNV/91/027_Drusen.tif,CNV-091,test,CNV,drusen,OS,.tif,1.7676339149475098
CNV/91/028_Drusen.tif,CNV-091,test,CNV,drusen,OS,.tif,1.8666777610778809
CNV/91/029_Drusen.tif,CNV-091,test,CNV,drusen,OS,.tif,1.9043126106262207
CNV/91/030_Drusen.tif,CNV-091,test,CNV,drusen,OS,.tif,1.9937055110931396
CNV/92/000_Normal.tif,CNV-092,test,CNV,normal,OS,.tif,1.673012375831604
CNV/92/001_Normal.tif,CNV-092,test,CNV,normal,OS,.tif,1.6125885248184204
CNV/92/002_Normal.tif,CNV-092,test,CNV,normal,OS,.tif,1.5680923461914062
CNV/92/003_Normal.tif,CNV-092,test,CNV,normal,OS,.tif,1.65664803981781
CNV/92/004_CNV.tif,CNV-092,test,CNV,cnv,OS,.tif,1.8218125104904175
CNV/92/005_CNV.tif,CNV-092,test,CNV,cnv,OS,.tif,1.7890896797180176
CNV/92/006_CNV.tif,CNV-092,test,CNV,cnv,OS,.tif,1.9241881370544434
CNV/92/007_CNV.tif,CNV-092,test,CNV,cnv,OS,.tif,1.9822349548339844
CNV/92/008_CNV.tif,CNV-092,test,CNV,cnv,OS,.tif,2.07356333732605
CNV/92/009_CNV.tif,CNV-092,test,CNV,cnv,OS,.tif,2.2242140769958496
CNV/92/010_CNV.tif,CNV-092,test,CNV,cnv,OS,.tif,2.4108834266662598
CNV/92/011_CNV.tif,CNV-092,test,CNV,cnv,OS,.tif,2.4145429134368896
CNV/92/012_CNV.tif,CNV-092,test,CNV,cnv,OS,.tif,2.457440137863159
CNV/92/013_CNV.tif,CNV-092,test,CNV,cnv,OS,.tif,2.6060574054718018
CNV/92/014_CNV.tif,CNV-092,test,CNV,cnv,OS,.tif,2.7968006134033203
CNV/92/015_CNV.tif,CNV-092,test,CNV,cnv,OS,.tif,2.6802473068237305
CNV/92/016_CNV.tif,CNV-092,test,CNV,cnv,OS,.tif,2.306100845336914
CNV/92/017_CNV.tif,CNV-092,test,CNV,cnv,OS,.tif,2.108247995376587
CNV/92/018_CNV.tif,CNV-092,test,CNV,cnv,OS,.tif,1.9387537240982056
CNV/92/019_CNV.tif,CNV-092,test,CNV,cnv,OS,.tif,1.8982092142105103
CNV/92/020_CNV.tif,CNV-092,test,CNV,cnv,OS,.tif,1.7788450717926025
CNV/92/021_CNV.tif,CNV-092,test,CNV,cnv,OS,.tif,1.6473166942596436
CNV/92/022_Drusen.tif,CNV-092,test,CNV,drusen,OS,.tif,1.8106756210327148
CNV/92/023_Drusen.tif,CNV-092,test,CNV,drusen,OS,.tif,1.836748719215393
CNV/92/024_Normal.tif,CNV-092,test,CNV,normal,OS,.tif,1.7151528596878052
CNV/92/025_Normal.tif,CNV-092,test,CNV,normal,OS,.tif,1.7455147504806519
CNV/92/026_Normal.tif,CNV-092,test,CNV,normal,OS,.tif,1.715437412261963
CNV/92/027_Normal.tif,CNV-092,test,CNV,normal,OS,.tif,1.651991605758667
CNV/92/028_Normal.tif,CNV-092,test,CNV,normal,OS,.tif,1.6629021167755127
CNV/92/029_Normal.tif,CNV-092,test,CNV,normal,OS,.tif,1.67771315574646
CNV/92/030_Normal.tif,CNV-092,test,CNV,normal,OS,.tif,1.704440712928772
CNV/95/000_CNV.tif,CNV-095,test,CNV,cnv,OS,.tif,2.3501193523406982
CNV/95/001_CNV.tif,CNV-095,test,CNV,cnv,OS,.tif,2.430689573287964
CNV/95/002_CNV.tif,CNV-095,test,CNV,cnv,OS,.tif,2.318572998046875
CNV/95/003_CNV.tif,CNV-095,test,CNV,cnv,OS,.tif,2.3482718467712402
CNV/95/004_CNV.tif,CNV-095,test,CNV,cnv,OS,.tif,2.498755931854248
CNV/95/005_CNV.tif,CNV-095,test,CNV,cnv,OS,.tif,2.2639851570129395
CNV/95/006_CNV.tif,CNV-095,test,CNV,cnv,OS,.tif,2.294508218765259
CNV/95/007_CNV.tif,CNV-095,test,CNV,cnv,OS,.tif,2.351255416870117
CNV/95/008_CNV.tif,CNV-095,test,CNV,cnv,OS,.tif,2.2822461128234863
CNV/95/009_CNV.tif,CNV-095,test,CNV,cnv,OS,.tif,2.3605542182922363
CNV/95/010_CNV.tif,CNV-095,test,CNV,cnv,OS,.tif,2.2407329082489014
CNV/95/011_CNV.tif,CNV-095,test,CNV,cnv,OS,.tif,2.375480890274048
CNV/95/012_CNV.tif,CNV-095,test,CNV,cnv,OS,.tif,2.405130386352539
CNV/95/013_CNV.tif,CNV-095,test,CNV,cnv,OS,.tif,2.4249863624572754
CNV/95/014_CNV.tif,CNV-095,test,CNV,cnv,OS,.tif,2.428997278213501
CNV/95/015_CNV.tif,CNV-095,test,CNV,cnv,OS,.tif,2.350311040878296
CNV/95/016_CNV.tif,CNV-095,test,CNV,cnv,OS,.tif,2.410780668258667
CNV/95/017_CNV.tif,CNV-095,test,CNV,cnv,OS,.tif,2.369417667388916
CNV/95/018_CNV.tif,CNV-095,test,CNV,cnv,OS,.tif,2.2638566493988037
CNV/95/019_CNV.tif,CNV-095,test,CNV,cnv,OS,.tif,2.321488857269287
CNV/95/020_CNV.tif,CNV-095,test,CNV,cnv,OS,.tif,2.300635814666748
CNV/95/021_CNV.tif,CNV-095,test,CNV,cnv,OS,.tif,2.417065143585205
CNV/95/022_CNV.tif,CNV-095,test,CNV,cnv,OS,.tif,2.3262906074523926
CNV/95/023_CNV.tif,CNV-095,test,CNV,cnv,OS,.tif,2.4942514896392822
CNV/95/024_CNV.tif,CNV-095,test,CNV,cnv,OS,.tif,2.439487934112549
CNV/96/OD/000_Normal.tif,CNV-096,test,CNV,normal,OD,.tif,2.2375717163085938
CNV/96/OD/001_Normal.tif,CNV-096,test,CNV,normal,OD,.tif,2.348283290863037
CNV/96/OD/002_Normal.tif,CNV-096,test,CNV,normal,OD,.tif,2.47927188873291
CNV/96/OD/003_Normal.tif,CNV-096,test,CNV,normal,OD,.tif,2.2970311641693115
CNV/96/OD/004_Normal.tif,CNV-096,test,CNV,normal,OD,.tif,2.2678818702697754
CNV/96/OD/005_CNV.tif,CNV-096,test,CNV,cnv,OD,.tif,2.2721915245056152
CNV/96/OD/006_CNV.tif,CNV-096,test,CNV,cnv,OD,.tif,2.5402722358703613
CNV/96/OD/007_CNV.tif,CNV-096,test,CNV,cnv,OD,.tif,2.4331865310668945
CNV/96/OD/008_CNV.tif,CNV-096,test,CNV,cnv,OD,.tif,2.3822312355041504
CNV/96/OD/009_CNV.tif,CNV-096,test,CNV,cnv,OD,.tif,2.312682867050171
CNV/96/OD/010_CNV.tif,CNV-096,test,CNV,cnv,OD,.tif,2.4432430267333984
CNV/96/OD/011_CNV.tif,CNV-096,test,CNV,cnv,OD,.tif,2.4344489574432373
CNV/96/OD/012_CNV.tif,CNV-096,test,CNV,cnv,OD,.tif,2.621997356414795
CNV/96/OD/013_CNV.tif,CNV-096,test,CNV,cnv,OD,.tif,2.2438385486602783
CNV/96/OD/014_CNV.tif,CNV-096,test,CNV,cnv,OD,.tif,2.3903496265411377
CNV/96/OD/015_CNV.tif,CNV-096,test,CNV,cnv,OD,.tif,2.2783539295196533
CNV/96/OD/016_CNV.tif,CNV-096,test,CNV,cnv,OD,.tif,2.391334295272827
CNV/96/OD/017_CNV.tif,CNV-096,test,CNV,cnv,OD,.tif,2.3068549633026123
CNV/96/OD/018_CNV.tif,CNV-096,test,CNV,cnv,OD,.tif,2.1893250942230225
CNV/96/OD/019_CNV.tif,CNV-096,test,CNV,cnv,OD,.tif,2.4516241550445557
CNV/96/OD/020_CNV.tif,CNV-096,test,CNV,cnv,OD,.tif,2.240898609161377
CNV/96/OD/021_CNV.tif,CNV-096,test,CNV,cnv,OD,.tif,2.3346145153045654
CNV/96/OD/022_CNV.tif,CNV-096,test,CNV,cnv,OD,.tif,2.472734212875366
CNV/96/OD/023_CNV.tif,CNV-096,test,CNV,cnv,OD,.tif,2.4254393577575684
CNV/96/OD/024_CNV.tif,CNV-096,test,CNV,cnv,OD,.tif,2.453509569168091
CNV/96/OD/025_CNV.tif,CNV-096,test,CNV,cnv,OD,.tif,2.4998013973236084
CNV/96/OD/026_CNV.tif,CNV-096,test,CNV,cnv,OD,.tif,2.483736753463745
CNV/96/OD/027_CNV.tif,CNV-096,test,CNV,cnv,OD,.tif,2.581746816635132
CNV/96/OD/028_CNV.tif,CNV-096,test,CNV,cnv,OD,.tif,2.4016659259796143
CNV/96/OD/029_CNV.tif,CNV-096,test,CNV,cnv,OD,.tif,2.3380045890808105
CNV/96/OD/030_Normal.tif,CNV-096,test,CNV,normal,OD,.tif,2.208853244781494
CNV/96/OS/000_Drusen.tif,CNV-096,test,CNV,drusen,OS,.tif,1.8925472497940063
CNV/96/OS/001_Drusen.tif,CNV-096,test,CNV,drusen,OS,.tif,1.8981430530548096
CNV/96/OS/002_Normal.tif,CNV-096,test,CNV,normal,OS,.tif,1.8601386547088623
CNV/96/OS/003_Normal.tif,CNV-096,test,CNV,normal,OS,.tif,1.7895764112472534
CNV/96/OS/004_Normal.tif,CNV-096,test,CNV,normal,OS,.tif,1.7875221967697144
CNV/96/OS/005_Normal.tif,CNV-096,test,CNV,normal,OS,.tif,1.814113974571228
CNV/96/OS/006_Normal.tif,CNV-096,test,CNV,normal,OS,.tif,1.702176570892334
CNV/96/OS/007_CNV.tif,CNV-096,test,CNV,cnv,OS,.tif,1.7873493432998657
CNV/96/OS/008_CNV.tif,CNV-096,test,CNV,cnv,OS,.tif,1.8817734718322754
CNV/96/OS/009_CNV.tif,CNV-096,test,CNV,cnv,OS,.tif,1.8002629280090332
CNV/96/OS/010_CNV.tif,CNV-096,test,CNV,cnv,OS,.tif,1.9033441543579102
CNV/96/OS/011_CNV.tif,CNV-096,test,CNV,cnv,OS,.tif,1.973461389541626
CNV/96/OS/012_CNV.tif,CNV-096,test,CNV,cnv,OS,.tif,2.2364046573638916
CNV/96/OS/013_CNV.tif,CNV-096,test,CNV,cnv,OS,.tif,1.9884867668151855
CNV/96/OS/014_CNV.tif,CNV-096,test,CNV,cnv,OS,.tif,1.931241512298584
CNV/96/OS/015_CNV.tif,CNV-096,test,CNV,cnv,OS,.tif,1.9580883979797363
CNV/96/OS/016_CNV.tif,CNV-096,test,CNV,cnv,OS,.tif,1.9414160251617432
CNV/96/OS/017_CNV.tif,CNV-096,test,CNV,cnv,OS,.tif,1.985687494277954
CNV/96/OS/018_CNV.tif,CNV-096,test,CNV,cnv,OS,.tif,2.039123296737671
CNV/96/OS/019_CNV.tif,CNV-096,test,CNV,cnv,OS,.tif,2.035998821258545
CNV/96/OS/020_CNV.tif,CNV-096,test,CNV,cnv,OS,.tif,2.0609140396118164
CNV/96/OS/021_CNV.tif,CNV-096,test,CNV,cnv,OS,.tif,2.005120277404785
CNV/96/OS/022_Drusen.tif,CNV-096,test,CNV,drusen,OS,.tif,1.9864736795425415
CNV/96/OS/023_Drusen.tif,CNV-096,test,CNV,drusen,OS,.tif,1.7805542945861816
CNV/96/OS/024_Normal.tif,CNV-096,test,CNV,normal,OS,.tif,1.725615382194519
CNV/96/OS/025_Normal.tif,CNV-096,test,CNV,normal,OS,.tif,1.6918375492095947
CNV/96/OS/026_Normal.tif,CNV-096,test,CNV,normal,OS,.tif,1.8507144451141357
CNV/96/OS/027_Normal.tif,CNV-096,test,CNV,normal,OS,.tif,1.8090269565582275
CNV/96/OS/028_Normal.tif,CNV-096,test,CNV,normal,OS,.tif,1.7963148355484009
CNV/96/OS/029_Normal.tif,CNV-096,test,CNV,normal,OS,.tif,2.189866304397583
CNV/96/OS/030_Normal.tif,CNV-096,test,CNV,normal,OS,.tif,2.096971035003662
CNV/99/000_CNV.tif,CNV-099,test,CNV,cnv,OS,.tif,2.103304862976074
CNV/99/001_CNV.tif,CNV-099,test,CNV,cnv,OS,.tif,2.16469669342041
CNV/99/002_CNV.tif,CNV-099,test,CNV,cnv,OS,.tif,2.0789318084716797
CNV/99/003_CNV.tif,CNV-099,test,CNV,cnv,OS,.tif,2.1340830326080322
CNV/99/004_CNV.tif,CNV-099,test,CNV,cnv,OS,.tif,2.129265308380127
CNV/99/005_CNV.tif,CNV-099,test,CNV,cnv,OS,.tif,1.932481050491333
CNV/99/006_CNV.tif,CNV-099,test,CNV,cnv,OS,.tif,1.9960672855377197
CNV/99/007_CNV.tif,CNV-099,test,CNV,cnv,OS,.tif,1.8533819913864136
CNV/99/008_CNV.tif,CNV-099,test,CNV,cnv,OS,.tif,1.932801604270935
CNV/99/009_CNV.tif,CNV-099,test,CNV,cnv,OS,.tif,1.9399495124816895
CNV/99/010_CNV.tif,CNV-099,test,CNV,cnv,OS,.tif,1.946044921875
CNV/99/011_CNV.tif,CNV-099,test,CNV,cnv,OS,.tif,2.1372385025024414
CNV/99/012_CNV.tif,CNV-099,test,CNV,cnv,OS,.tif,2.3402466773986816
CNV/99/013_CNV.tif,CNV-099,test,CNV,cnv,OS,.tif,2.2621939182281494
CNV/99/014_CNV.tif,CNV-099,test,CNV,cnv,OS,.tif,2.5495336055755615
CNV/99/015_CNV.tif,CNV-099,test,CNV,cnv,OS,.tif,2.28493070602417
CNV/99/016_CNV.tif,CNV-099,test,CNV,cnv,OS,.tif,2.225900650024414
CNV/99/017_CNV.tif,CNV-099,test,CNV,cnv,OS,.tif,2.165170669555664
CNV/99/018_CNV.tif,CNV-099,test,CNV,cnv,OS,.tif,1.983391523361206
CNV/99/019_CNV.tif,CNV-099,test,CNV,cnv,OS,.tif,1.8253462314605713
CNV/99/020_CNV.tif,CNV-099,test,CNV,cnv,OS,.tif,1.8104547262191772
CNV/99/021_CNV.tif,CNV-099,test,CNV,cnv,OS,.tif,1.7696985006332397
CNV/99/022_CNV.tif,CNV-099,test,CNV,cnv,OS,.tif,1.8400956392288208
CNV/99/023_CNV.tif,CNV-099,test,CNV,cnv,OS,.tif,1.7096664905548096
CNV/99/024_CNV.tif,CNV-099,test,CNV,cnv,OS,.tif,1.7266756296157837
CNV/99/025_CNV.tif,CNV-099,test,CNV,cnv,OS,.tif,1.7816882133483887
CNV/99/026_Drusen.tif,CNV-099,test,CNV,drusen,OS,.tif,2.011013984680176
CNV/99/027_Normal.tif,CNV-099,test,CNV,normal,OS,.tif,1.7744860649108887
CNV/99/028_Normal.tif,CNV-099,test,CNV,normal,OS,.tif,1.7358202934265137
CNV/99/029_Normal.tif,CNV-099,test,CNV,normal,OS,.tif,1.7589237689971924
CNV/99/030_Normal.tif,CNV-099,test,CNV,normal,OS,.tif,1.8367830514907837
CNV/100/000_Normal.tif,CNV-100,test,CNV,normal,OD,.tif,2.7772648334503174
CNV/100/001_Normal.tif,CNV-100,test,CNV,normal,OD,.tif,2.5414352416992188
CNV/100/002_Normal.tif,CNV-100,test,CNV,normal,OD,.tif,2.280977964401245
CNV/100/003_Normal.tif,CNV-100,test,CNV,normal,OD,.tif,2.374570846557617
CNV/100/004_Normal.tif,CNV-100,test,CNV,normal,OD,.tif,2.2750802040100098
CNV/100/005_Normal.tif,CNV-100,test,CNV,normal,OD,.tif,2.3088650703430176
CNV/100/006_Normal.tif,CNV-100,test,CNV,normal,OD,.tif,2.195615530014038
CNV/100/007_Normal.tif,CNV-100,test,CNV,normal,OD,.tif,2.271474599838257
CNV/100/008_Normal.tif,CNV-100,test,CNV,normal,OD,.tif,2.2468836307525635
CNV/100/009_CNV.tif,CNV-100,test,CNV,cnv,OD,.tif,2.2041261196136475
CNV/100/010_CNV.tif,CNV-100,test,CNV,cnv,OD,.tif,2.2436232566833496
CNV/100/011_CNV.tif,CNV-100,test,CNV,cnv,OD,.tif,2.3723654747009277
CNV/100/012_CNV.tif,CNV-100,test,CNV,cnv,OD,.tif,2.3261139392852783
CNV/100/013_CNV.tif,CNV-100,test,CNV,cnv,OD,.tif,2.3588247299194336
CNV/100/014_CNV.tif,CNV-100,test,CNV,cnv,OD,.tif,2.4537601470947266
CNV/100/015_CNV.tif,CNV-100,test,CNV,cnv,OD,.tif,2.517990827560425
CNV/100/016_CNV.tif,CNV-100,test,CNV,cnv,OD,.tif,2.5626163482666016
CNV/100/017_CNV.tif,CNV-100,test,CNV,cnv,OD,.tif,2.4473538398742676
CNV/100/018_CNV.tif,CNV-100,test,CNV,cnv,OD,.tif,2.3613662719726562
CNV/100/019_CNV.tif,CNV-100,test,CNV,cnv,OD,.tif,2.1944241523742676
CNV/100/020_CNV.tif,CNV-100,test,CNV,cnv,OD,.tif,2.059966802597046
CNV/100/021_CNV.tif,CNV-100,test,CNV,cnv,OD,.tif,2.161475658416748
CNV/100/022_Drusen.tif,CNV-100,test,CNV,drusen,OD,.tif,2.0330255031585693
CNV/100/023_Drusen.tif,CNV-100,test,CNV,drusen,OD,.tif,1.9004713296890259
CNV/100/024_Drusen.tif,CNV-100,test,CNV,drusen,OD,.tif,1.918985366821289
CNV/100/025_Drusen.tif,CNV-100,test,CNV,drusen,OD,.tif,1.8621329069137573
CNV/100/026_Drusen.tif,CNV-100,test,CNV,drusen,OD,.tif,1.8965307474136353
CNV/100/027_Normal.tif,CNV-100,test,CNV,normal,OD,.tif,2.0141000747680664
CNV/100/028_Normal.tif,CNV-100,test,CNV,normal,OD,.tif,1.955958604812622
CNV/100/029_Normal.tif,CNV-100,test,CNV,normal,OD,.tif,2.168732166290283
CNV/100/030_Normal.tif,CNV-100,test,CNV,normal,OD,.tif,2.093547821044922
CNV/101/OD/000_CNV.tif,CNV-101,test,CNV,cnv,OD,.tif,2.0154290199279785
CNV/101/OD/001_CNV.tif,CNV-101,test,CNV,cnv,OD,.tif,2.1552658081054688
CNV/101/OD/002_CNV.tif,CNV-101,test,CNV,cnv,OD,.tif,2.1490111351013184
CNV/101/OD/003_CNV.tif,CNV-101,test,CNV,cnv,OD,.tif,2.0866332054138184
CNV/101/OD/004_CNV.tif,CNV-101,test,CNV,cnv,OD,.tif,2.0229570865631104
CNV/101/OD/005_CNV.tif,CNV-101,test,CNV,cnv,OD,.tif,1.9775363206863403
CNV/101/OD/006_CNV.tif,CNV-101,test,CNV,cnv,OD,.tif,1.938744306564331
CNV/101/OD/007_CNV.tif,CNV-101,test,CNV,cnv,OD,.tif,1.9849193096160889
CNV/101/OD/008_CNV.tif,CNV-101,test,CNV,cnv,OD,.tif,2.1520092487335205
CNV/101/OD/009_CNV.tif,CNV-101,test,CNV,cnv,OD,.tif,2.0706379413604736
CNV/101/OD/010_CNV.tif,CNV-101,test,CNV,cnv,OD,.tif,2.0231239795684814
CNV/101/OD/011_CNV.tif,CNV-101,test,CNV,cnv,OD,.tif,2.2538270950317383
CNV/101/OD/012_CNV.tif,CNV-101,test,CNV,cnv,OD,.tif,2.0481581687927246
CNV/101/OD/013_CNV.tif,CNV-101,test,CNV,cnv,OD,.tif,2.1074843406677246
CNV/101/OD/014_CNV.tif,CNV-101,test,CNV,cnv,OD,.tif,2.2611594200134277
CNV/101/OD/015_CNV.tif,CNV-101,test,CNV,cnv,OD,.tif,2.244722366333008
CNV/101/OD/016_CNV.tif,CNV-101,test,CNV,cnv,OD,.tif,2.1625092029571533
CNV/101/OD/017_CNV.tif,CNV-101,test,CNV,cnv,OD,.tif,1.7943344116210938
CNV/101/OD/018_CNV.tif,CNV-101,test,CNV,cnv,OD,.tif,1.9824249744415283
CNV/101/OD/019_CNV.tif,CNV-101,test,CNV,cnv,OD,.tif,1.8074623346328735
CNV/101/OD/020_CNV.tif,CNV-101,test,CNV,cnv,OD,.tif,1.601614236831665
CNV/101/OD/021_CNV.tif,CNV-101,test,CNV,cnv,OD,.tif,1.6151043176651
CNV/101/OD/022_CNV.tif,CNV-101,test,CNV,cnv,OD,.tif,1.5433151721954346
CNV/101/OD/023_Drusen.tif,CNV-101,test,CNV,drusen,OD,.tif,1.4411299228668213
CNV/101/OD/024_Drusen.tif,CNV-101,test,CNV,drusen,OD,.tif,1.5350149869918823
CNV/101/OD/025_Drusen.tif,CNV-101,test,CNV,drusen,OD,.tif,1.5503437519073486
CNV/101/OD/026_Normal.tif,CNV-101,test,CNV,normal,OD,.tif,1.5753835439682007
CNV/101/OD/027_Normal.tif,CNV-101,test,CNV,normal,OD,.tif,1.539129614830017
CNV/101/OD/028_Normal.tif,CNV-101,test,CNV,normal,OD,.tif,1.6829677820205688
CNV/101/OD/029_Normal.tif,CNV-101,test,CNV,normal,OD,.tif,1.5909568071365356
CNV/101/OD/030_Normal.tif,CNV-101,test,CNV,normal,OD,.tif,1.6096707582473755
CNV/101/OS/000_Normal.tif,CNV-101,test,CNV,normal,OS,.tif,1.9138103723526
CNV/101/OS/001_Normal.tif,CNV-101,test,CNV,normal,OS,.tif,1.9022469520568848
CNV/101/OS/002_Normal.tif,CNV-101,test,CNV,normal,OS,.tif,1.8659619092941284
CNV/101/OS/003_Normal.tif,CNV-101,test,CNV,normal,OS,.tif,1.8381879329681396
CNV/101/OS/004_Normal.tif,CNV-101,test,CNV,normal,OS,.tif,1.8155039548873901
CNV/101/OS/005_CNV.tif,CNV-101,test,CNV,cnv,OS,.tif,1.9485650062561035
CNV/101/OS/006_CNV.tif,CNV-101,test,CNV,cnv,OS,.tif,1.9278740882873535
CNV/101/OS/007_CNV.tif,CNV-101,test,CNV,cnv,OS,.tif,1.9277210235595703
CNV/101/OS/008_CNV.tif,CNV-101,test,CNV,cnv,OS,.tif,2.0030622482299805
CNV/101/OS/009_CNV.tif,CNV-101,test,CNV,cnv,OS,.tif,1.9950543642044067
CNV/101/OS/010_CNV.tif,CNV-101,test,CNV,cnv,OS,.tif,2.0849666595458984
CNV/101/OS/011_CNV.tif,CNV-101,test,CNV,cnv,OS,.tif,2.269780397415161
CNV/101/OS/012_CNV.tif,CNV-101,test,CNV,cnv,OS,.tif,2.317274570465088
CNV/101/OS/013_CNV.tif,CNV-101,test,CNV,cnv,OS,.tif,2.306457042694092
CNV/101/OS/014_CNV.tif,CNV-101,test,CNV,cnv,OS,.tif,2.1344316005706787
CNV/101/OS/015_CNV.tif,CNV-101,test,CNV,cnv,OS,.tif,2.276256799697876
CNV/101/OS/016_CNV.tif,CNV-101,test,CNV,cnv,OS,.tif,2.152043104171753
CNV/101/OS/017_CNV.tif,CNV-101,test,CNV,cnv,OS,.tif,1.963469386100769
CNV/101/OS/018_Drusen.tif,CNV-101,test,CNV,drusen,OS,.tif,1.85239839553833
CNV/101/OS/019_Drusen.tif,CNV-101,test,CNV,drusen,OS,.tif,1.8573822975158691
CNV/101/OS/020_Drusen.tif,CNV-101,test,CNV,drusen,OS,.tif,1.8713663816452026
CNV/101/OS/021_Normal.tif,CNV-101,test,CNV,normal,OS,.tif,1.9588309526443481
CNV/101/OS/022_Normal.tif,CNV-101,test,CNV,normal,OS,.tif,1.8043341636657715
CNV/101/OS/023_Normal.tif,CNV-101,test,CNV,normal,OS,.tif,1.9482213258743286
CNV/101/OS/024_Normal.tif,CNV-101,test,CNV,normal,OS,.tif,1.772164225578308
CNV/101/OS/025_Drusen.tif,CNV-101,test,CNV,drusen,OS,.tif,1.8787211179733276
CNV/101/OS/026_Normal.tif,CNV-101,test,CNV,normal,OS,.tif,1.8135143518447876
CNV/101/OS/027_Normal.tif,CNV-101,test,CNV,normal,OS,.tif,1.9210504293441772
CNV/101/OS/028_Normal.tif,CNV-101,test,CNV,normal,OS,.tif,1.863296627998352
CNV/101/OS/029_Normal.tif,CNV-101,test,CNV,normal,OS,.tif,1.6962428092956543
CNV/101/OS/030_Normal.tif,CNV-101,test,CNV,normal,OS,.tif,1.745542287826538
CNV/102/000_Drusen.tif,CNV-102,test,CNV,drusen,OS,.tif,1.9239177703857422
CNV/102/001_Drusen.tif,CNV-102,test,CNV,drusen,OS,.tif,1.9758857488632202
CNV/102/002_Drusen.tif,CNV-102,test,CNV,drusen,OS,.tif,2.0344624519348145
CNV/102/003_Drusen.tif,CNV-102,test,CNV,drusen,OS,.tif,2.0136935710906982
CNV/102/004_Drusen.tif,CNV-102,test,CNV,drusen,OS,.tif,1.8443620204925537
CNV/102/005_Drusen.tif,CNV-102,test,CNV,drusen,OS,.tif,1.9723687171936035
CNV/102/006_CNV.tif,CNV-102,test,CNV,cnv,OS,.tif,1.8325912952423096
CNV/102/007_CNV.tif,CNV-102,test,CNV,cnv,OS,.tif,1.9950600862503052
CNV/102/008_CNV.tif,CNV-102,test,CNV,cnv,OS,.tif,1.7951658964157104
CNV/102/009_CNV.tif,CNV-102,test,CNV,cnv,OS,.tif,2.06156325340271
CNV/102/010_CNV.tif,CNV-102,test,CNV,cnv,OS,.tif,2.0983290672302246
CNV/102/011_CNV.tif,CNV-102,test,CNV,cnv,OS,.tif,2.3349244594573975
CNV/102/012_CNV.tif,CNV-102,test,CNV,cnv,OS,.tif,2.4616334438323975
CNV/102/013_CNV.tif,CNV-102,test,CNV,cnv,OS,.tif,2.2726871967315674
CNV/102/014_CNV.tif,CNV-102,test,CNV,cnv,OS,.tif,2.235238552093506
CNV/102/015_CNV.tif,CNV-102,test,CNV,cnv,OS,.tif,2.036731004714966
CNV/102/016_CNV.tif,CNV-102,test,CNV,cnv,OS,.tif,1.994010329246521
CNV/102/017_Drusen.tif,CNV-102,test,CNV,drusen,OS,.tif,1.840216875076294
CNV/102/018_Drusen.tif,CNV-102,test,CNV,drusen,OS,.tif,1.89610755443573
CNV/102/019_Drusen.tif,CNV-102,test,CNV,drusen,OS,.tif,1.883863091468811
CNV/102/020_Drusen.tif,CNV-102,test,CNV,drusen,OS,.tif,1.8245201110839844
CNV/102/021_Drusen.tif,CNV-102,test,CNV,drusen,OS,.tif,2.054591178894043
CNV/102/022_Drusen.tif,CNV-102,test,CNV,drusen,OS,.tif,1.9572621583938599
CNV/102/023_Drusen.tif,CNV-102,test,CNV,drusen,OS,.tif,1.8328499794006348
CNV/102/024_Drusen.tif,CNV-102,test,CNV,drusen,OS,.tif,1.7911127805709839
CNV/102/025_Drusen.tif,CNV-102,test,CNV,drusen,OS,.tif,1.7932323217391968
CNV/102/026_Drusen.tif,CNV-102,test,CNV,drusen,OS,.tif,1.9386438131332397
CNV/102/027_Drusen.tif,CNV-102,test,CNV,drusen,OS,.tif,1.9681659936904907
CNV/102/028_Drusen.tif,CNV-102,test,CNV,drusen,OS,.tif,1.8898030519485474
CNV/102/029_Drusen.tif,CNV-102,test,CNV,drusen,OS,.tif,2.0158939361572266
CNV/102/030_Drusen.tif,CNV-102,test,CNV,drusen,OS,.tif,2.066728353500366
CNV/106/000_CNV.tif,CNV-106,test,CNV,cnv,OD,.tif,1.962597370147705
CNV/106/001_CNV.tif,CNV-106,test,CNV,cnv,OD,.tif,2.0401875972747803
CNV/106/002_CNV.tif,CNV-106,test,CNV,cnv,OD,.tif,2.0580267906188965
CNV/106/003_CNV.tif,CNV-106,test,CNV,cnv,OD,.tif,2.126002311706543
CNV/106/004_CNV.tif,CNV-106,test,CNV,cnv,OD,.tif,1.9433931112289429
CNV/106/005_CNV.tif,CNV-106,test,CNV,cnv,OD,.tif,1.9582918882369995
CNV/106/006_CNV.tif,CNV-106,test,CNV,cnv,OD,.tif,2.4150025844573975
CNV/106/007_CNV.tif,CNV-106,test,CNV,cnv,OD,.tif,2.358299970626831
CNV/106/008_CNV.tif,CNV-106,test,CNV,cnv,OD,.tif,2.570425033569336
CNV/106/009_CNV.tif,CNV-106,test,CNV,cnv,OD,.tif,2.0191590785980225
CNV/106/010_CNV.tif,CNV-106,test,CNV,cnv,OD,.tif,2.3660755157470703
CNV/106/011_CNV.tif,CNV-106,test,CNV,cnv,OD,.tif,2.6898927688598633
CNV/106/012_CNV.tif,CNV-106,test,CNV,cnv,OD,.tif,3.0180981159210205
CNV/106/013_CNV.tif,CNV-106,test,CNV,cnv,OD,.tif,2.965017318725586
CNV/106/014_CNV.tif,CNV-106,test,CNV,cnv,OD,.tif,2.7191224098205566
CNV/106/015_CNV.tif,CNV-106,test,CNV,cnv,OD,.tif,3.0059690475463867
CNV/106/016_CNV.tif,CNV-106,test,CNV,cnv,OD,.tif,2.8881120681762695
CNV/106/017_CNV.tif,CNV-106,test,CNV,cnv,OD,.tif,2.8817272186279297
CNV/106/018_CNV.tif,CNV-106,test,CNV,cnv,OD,.tif,2.456937551498413
CNV/106/019_CNV.tif,CNV-106,test,CNV,cnv,OD,.tif,2.7311880588531494
CNV/106/020_CNV.tif,CNV-106,test,CNV,cnv,OD,.tif,2.623194456100464
CNV/106/021_CNV.tif,CNV-106,test,CNV,cnv,OD,.tif,2.207049608230591
CNV/106/022_CNV.tif,CNV-106,test,CNV,cnv,OD,.tif,2.002422332763672
CNV/106/023_CNV.tif,CNV-106,test,CNV,cnv,OD,.tif,1.9392508268356323
CNV/106/024_CNV.tif,CNV-106,test,CNV,cnv,OD,.tif,2.7887229919433594
CNV/106/025_CNV.tif,CNV-106,test,CNV,cnv,OD,.tif,1.9559929370880127
CNV/106/026_CNV.tif,CNV-106,test,CNV,cnv,OD,.tif,1.7476475238800049
CNV/106/027_CNV.tif,CNV-106,test,CNV,cnv,OD,.tif,1.787829875946045
CNV/106/028_Normal.tif,CNV-106,test,CNV,normal,OD,.tif,1.7845213413238525
CNV/106/029_Normal.tif,CNV-106,test,CNV,normal,OD,.tif,1.9495371580123901
CNV/106/030_Normal.tif,CNV-106,test,CNV,normal,OD,.tif,1.7816771268844604
CNV/107/000_Drusen.tif,CNV-107,test,CNV,drusen,OD,.tif,2.052277088165283
CNV/107/001_Drusen.tif,CNV-107,test,CNV,drusen,OD,.tif,2.0343680381774902
CNV/107/002_CNV.tif,CNV-107,test,CNV,cnv,OD,.tif,1.9107933044433594
CNV/107/003_CNV.tif,CNV-107,test,CNV,cnv,OD,.tif,1.7373331785202026
CNV/107/004_CNV.tif,CNV-107,test,CNV,cnv,OD,.tif,2.188948631286621
CNV/107/005_CNV.tif,CNV-107,test,CNV,cnv,OD,.tif,2.2149240970611572
CNV/107/006_CNV.tif,CNV-107,test,CNV,cnv,OD,.tif,2.0536956787109375
CNV/107/007_CNV.tif,CNV-107,test,CNV,cnv,OD,.tif,2.0941100120544434
CNV/107/008_CNV.tif,CNV-107,test,CNV,cnv,OD,.tif,2.025130033493042
CNV/107/009_CNV.tif,CNV-107,test,CNV,cnv,OD,.tif,1.9196643829345703
CNV/107/010_CNV.tif,CNV-107,test,CNV,cnv,OD,.tif,2.3174564838409424
CNV/107/011_CNV.tif,CNV-107,test,CNV,cnv,OD,.tif,2.504845380783081
CNV/107/012_CNV.tif,CNV-107,test,CNV,cnv,OD,.tif,2.6023683547973633
CNV/107/013_CNV.tif,CNV-107,test,CNV,cnv,OD,.tif,2.363874673843384
CNV/107/014_CNV.tif,CNV-107,test,CNV,cnv,OD,.tif,2.3298697471618652
CNV/107/015_CNV.tif,CNV-107,test,CNV,cnv,OD,.tif,2.6600191593170166
CNV/107/016_CNV.tif,CNV-107,test,CNV,cnv,OD,.tif,2.515528678894043
CNV/107/017_CNV.tif,CNV-107,test,CNV,cnv,OD,.tif,2.1477441787719727
CNV/107/018_CNV.tif,CNV-107,test,CNV,cnv,OD,.tif,2.230076551437378
CNV/107/019_CNV.tif,CNV-107,test,CNV,cnv,OD,.tif,2.1012308597564697
CNV/107/020_CNV.tif,CNV-107,test,CNV,cnv,OD,.tif,1.9472368955612183
CNV/107/021_CNV.tif,CNV-107,test,CNV,cnv,OD,.tif,1.747480034828186
CNV/107/022_Drusen.tif,CNV-107,test,CNV,drusen,OD,.tif,1.5831046104431152
CNV/107/023_Drusen.tif,CNV-107,test,CNV,drusen,OD,.tif,1.5708131790161133
CNV/107/024_Drusen.tif,CNV-107,test,CNV,drusen,OD,.tif,1.5148720741271973
CNV/107/025_Drusen.tif,CNV-107,test,CNV,drusen,OD,.tif,1.54310941696167
CNV/107/026_Drusen.tif,CNV-107,test,CNV,drusen,OD,.tif,1.707147479057312
CNV/107/027_Drusen.tif,CNV-107,test,CNV,drusen,OD,.tif,1.5627505779266357
CNV/107/028_Drusen.tif,CNV-107,test,CNV,drusen,OD,.tif,1.6048320531845093
CNV/107/029_Drusen.tif,CNV-107,test,CNV,drusen,OD,.tif,1.7161678075790405
CNV/107/030_Drusen.tif,CNV-107,test,CNV,drusen,OD,.tif,1.7130929231643677
CNV/108/000_Drusen.tif,CNV-108,test,CNV,drusen,OD,.tif,1.7220548391342163
CNV/108/001_Drusen.tif,CNV-108,test,CNV,drusen,OD,.tif,1.751200556755066
CNV/108/002_Drusen.tif,CNV-108,test,CNV,drusen,OD,.tif,1.635471224784851
CNV/108/003_Drusen.tif,CNV-108,test,CNV,drusen,OD,.tif,1.647098183631897
CNV/108/004_Drusen.tif,CNV-108,test,CNV,drusen,OD,.tif,1.6770271062850952
CNV/108/005_Drusen.tif,CNV-108,test,CNV,drusen,OD,.tif,1.6398221254348755
CNV/108/006_CNV.tif,CNV-108,test,CNV,cnv,OD,.tif,1.842548131942749
CNV/108/007_CNV.tif,CNV-108,test,CNV,cnv,OD,.tif,1.9557209014892578
CNV/108/008_CNV.tif,CNV-108,test,CNV,cnv,OD,.tif,2.0314104557037354
CNV/108/009_CNV.tif,CNV-108,test,CNV,cnv,OD,.tif,2.1966469287872314
CNV/108/010_CNV.tif,CNV-108,test,CNV,cnv,OD,.tif,2.286159038543701
CNV/108/011_CNV.tif,CNV-108,test,CNV,cnv,OD,.tif,2.45595645904541
CNV/108/012_CNV.tif,CNV-108,test,CNV,cnv,OD,.tif,2.835937023162842
CNV/108/013_CNV.tif,CNV-108,test,CNV,cnv,OD,.tif,3.1281917095184326
CNV/108/014_CNV.tif,CNV-108,test,CNV,cnv,OD,.tif,3.0349645614624023
CNV/108/015_CNV.tif,CNV-108,test,CNV,cnv,OD,.tif,2.832401752471924
CNV/108/016_CNV.tif,CNV-108,test,CNV,cnv,OD,.tif,2.8084518909454346
CNV/108/017_CNV.tif,CNV-108,test,CNV,cnv,OD,.tif,2.7637126445770264
CNV/108/018_CNV.tif,CNV-108,test,CNV,cnv,OD,.tif,2.9639217853546143
CNV/108/019_CNV.tif,CNV-108,test,CNV,cnv,OD,.tif,2.7909655570983887
CNV/108/020_CNV.tif,CNV-108,test,CNV,cnv,OD,.tif,2.5510594844818115
CNV/108/021_CNV.tif,CNV-108,test,CNV,cnv,OD,.tif,2.407820463180542
CNV/108/022_CNV.tif,CNV-108,test,CNV,cnv,OD,.tif,2.172774314880371
CNV/108/023_Drusen.tif,CNV-108,test,CNV,drusen,OD,.tif,2.0371925830841064
CNV/108/024_Drusen.tif,CNV-108,test,CNV,drusen,OD,.tif,1.8484656810760498
CNV/108/025_Drusen.tif,CNV-108,test,CNV,drusen,OD,.tif,1.8971788883209229
CNV/108/026_Drusen.tif,CNV-108,test,CNV,drusen,OD,.tif,2.012346029281616
CNV/108/027_Drusen.tif,CNV-108,test,CNV,drusen,OD,.tif,1.889073371887207
CNV/108/028_Drusen.tif,CNV-108,test,CNV,drusen,OD,.tif,1.9432207345962524
CNV/108/029_Drusen.tif,CNV-108,test,CNV,drusen,OD,.tif,1.8333219289779663
CNV/108/030_Drusen.tif,CNV-108,test,CNV,drusen,OD,.tif,1.8836841583251953
CNV/109/000_Drusen.tif,CNV-109,test,CNV,drusen,OS,.tif,1.8517252206802368
CNV/109/001_Drusen.tif,CNV-109,test,CNV,drusen,OS,.tif,1.6303166151046753
CNV/109/002_Normal.tif,CNV-109,test,CNV,normal,OS,.tif,1.5876985788345337
CNV/109/003_Drusen.tif,CNV-109,test,CNV,drusen,OS,.tif,1.568968415260315
CNV/109/004_Drusen.tif,CNV-109,test,CNV,drusen,OS,.tif,1.6259905099868774
CNV/109/005_Drusen.tif,CNV-109,test,CNV,drusen,OS,.tif,1.5518789291381836
CNV/109/006_Drusen.tif,CNV-109,test,CNV,drusen,OS,.tif,1.5655114650726318
CNV/109/007_Drusen.tif,CNV-109,test,CNV,drusen,OS,.tif,1.580786943435669
CNV/109/008_Drusen.tif,CNV-109,test,CNV,drusen,OS,.tif,1.8090399503707886
CNV/109/009_Drusen.tif,CNV-109,test,CNV,drusen,OS,.tif,1.676297664642334
CNV/109/010_CNV.tif,CNV-109,test,CNV,cnv,OS,.tif,1.8730093240737915
CNV/109/011_CNV.tif,CNV-109,test,CNV,cnv,OS,.tif,1.9369531869888306
CNV/109/012_CNV.tif,CNV-109,test,CNV,cnv,OS,.tif,1.825634241104126
CNV/109/013_CNV.tif,CNV-109,test,CNV,cnv,OS,.tif,1.7917685508728027
CNV/109/014_CNV.tif,CNV-109,test,CNV,cnv,OS,.tif,1.6784745454788208
CNV/109/015_Drusen.tif,CNV-109,test,CNV,drusen,OS,.tif,1.9190418720245361
CNV/109/016_Drusen.tif,CNV-109,test,CNV,drusen,OS,.tif,1.8216300010681152
CNV/109/017_Drusen.tif,CNV-109,test,CNV,drusen,OS,.tif,1.8328547477722168
CNV/109/018_Drusen.tif,CNV-109,test,CNV,drusen,OS,.tif,1.8377790451049805
CNV/109/019_Drusen.tif,CNV-109,test,CNV,drusen,OS,.tif,1.8879436254501343
CNV/109/020_Drusen.tif,CNV-109,test,CNV,drusen,OS,.tif,1.8200000524520874
CNV/109/021_Drusen.tif,CNV-109,test,CNV,drusen,OS,.tif,1.6598737239837646
CNV/109/022_Drusen.tif,CNV-109,test,CNV,drusen,OS,.tif,1.8869450092315674
CNV/109/023_Drusen.tif,CNV-109,test,CNV,drusen,OS,.tif,1.7388544082641602
CNV/109/024_Drusen.tif,CNV-109,test,CNV,drusen,OS,.tif,1.6183918714523315
CNV/109/025_Drusen.tif,CNV-109,test,CNV,drusen,OS,.tif,1.6765004396438599
CNV/109/026_Drusen.tif,CNV-109,test,CNV,drusen,OS,.tif,1.5883797407150269
CNV/109/027_Drusen.tif,CNV-109,test,CNV,drusen,OS,.tif,1.5777617692947388
CNV/109/028_Drusen.tif,CNV-109,test,CNV,drusen,OS,.tif,1.6943861246109009
CNV/109/029_Drusen.tif,CNV-109,test,CNV,drusen,OS,.tif,1.5942684412002563
CNV/109/030_Drusen.tif,CNV-109,test,CNV,drusen,OS,.tif,1.5086450576782227
CNV/117/000_Normal.tif,CNV-117,test,CNV,normal,OS,.tif,1.7287590503692627
CNV/117/001_CNV.tif,CNV-117,test,CNV,cnv,OS,.tif,1.8332918882369995
CNV/117/002_CNV.tif,CNV-117,test,CNV,cnv,OS,.tif,2.002690076828003
CNV/117/003_CNV.tif,CNV-117,test,CNV,cnv,OS,.tif,1.9172348976135254
CNV/117/004_CNV.tif,CNV-117,test,CNV,cnv,OS,.tif,1.950612187385559
CNV/117/005_CNV.tif,CNV-117,test,CNV,cnv,OS,.tif,2.0696699619293213
CNV/117/006_CNV.tif,CNV-117,test,CNV,cnv,OS,.tif,2.0610175132751465
CNV/117/007_CNV.tif,CNV-117,test,CNV,cnv,OS,.tif,2.24027156829834
CNV/117/008_CNV.tif,CNV-117,test,CNV,cnv,OS,.tif,2.3150622844696045
CNV/117/009_CNV.tif,CNV-117,test,CNV,cnv,OS,.tif,2.155306816101074
CNV/117/010_CNV.tif,CNV-117,test,CNV,cnv,OS,.tif,2.5204524993896484
CNV/117/011_CNV.tif,CNV-117,test,CNV,cnv,OS,.tif,2.456883430480957
CNV/117/012_CNV.tif,CNV-117,test,CNV,cnv,OS,.tif,2.3837194442749023
CNV/117/013_CNV.tif,CNV-117,test,CNV,cnv,OS,.tif,2.2744531631469727
CNV/117/014_CNV.tif,CNV-117,test,CNV,cnv,OS,.tif,2.100093364715576
CNV/117/015_CNV.tif,CNV-117,test,CNV,cnv,OS,.tif,2.156942844390869
CNV/117/016_CNV.tif,CNV-117,test,CNV,cnv,OS,.tif,1.8734220266342163
CNV/117/017_CNV.tif,CNV-117,test,CNV,cnv,OS,.tif,1.8525546789169312
CNV/117/018_CNV.tif,CNV-117,test,CNV,cnv,OS,.tif,1.855548620223999
CNV/117/019_CNV.tif,CNV-117,test,CNV,cnv,OS,.tif,1.8033403158187866
CNV/117/020_CNV.tif,CNV-117,test,CNV,cnv,OS,.tif,1.8175098896026611
CNV/117/021_CNV.tif,CNV-117,test,CNV,cnv,OS,.tif,1.9195501804351807
CNV/117/022_CNV.tif,CNV-117,test,CNV,cnv,OS,.tif,1.9372293949127197
CNV/117/023_CNV.tif,CNV-117,test,CNV,cnv,OS,.tif,1.9022572040557861
CNV/117/024_CNV.tif,CNV-117,test,CNV,cnv,OS,.tif,1.8706514835357666
CNV/117/025_CNV.tif,CNV-117,test,CNV,cnv,OS,.tif,1.7619692087173462
CNV/117/026_Drusen.tif,CNV-117,test,CNV,drusen,OS,.tif,1.7378346920013428
CNV/117/027_Drusen.tif,CNV-117,test,CNV,drusen,OS,.tif,1.7531185150146484
CNV/117/028_Drusen.tif,CNV-117,test,CNV,drusen,OS,.tif,1.706913709640503
CNV/117/029_Drusen.tif,CNV-117,test,CNV,drusen,OS,.tif,1.768959403038025
CNV/117/030_Drusen.tif,CNV-117,test,CNV,drusen,OS,.tif,1.6773194074630737
CNV/118/000_Normal.tif,CNV-118,test,CNV,normal,OD,.tif,2.1197433471679688
CNV/118/001_Normal.tif,CNV-118,test,CNV,normal,OD,.tif,1.9224518537521362
CNV/118/002_Normal.tif,CNV-118,test,CNV,normal,OD,.tif,2.18041729927063
CNV/118/003_Drusen.tif,CNV-118,test,CNV,drusen,OD,.tif,1.979259729385376
CNV/118/004_Drusen.tif,CNV-118,test,CNV,drusen,OD,.tif,2.208725690841675
CNV/118/005_Drusen.tif,CNV-118,test,CNV,drusen,OD,.tif,2.1457087993621826
CNV/118/006_Normal.tif,CNV-118,test,CNV,normal,OD,.tif,2.032382011413574
CNV/118/007_Drusen.tif,CNV-118,test,CNV,drusen,OD,.tif,2.1471385955810547
CNV/118/008_CNV.tif,CNV-118,test,CNV,cnv,OD,.tif,1.9882516860961914
CNV/118/009_CNV.tif,CNV-118,test,CNV,cnv,OD,.tif,2.261916399002075
CNV/118/010_CNV.tif,CNV-118,test,CNV,cnv,OD,.tif,2.421443223953247
CNV/118/011_CNV.tif,CNV-118,test,CNV,cnv,OD,.tif,2.1861422061920166
CNV/118/012_CNV.tif,CNV-118,test,CNV,cnv,OD,.tif,2.4503607749938965
CNV/118/013_CNV.tif,CNV-118,test,CNV,cnv,OD,.tif,2.907053232192993
CNV/118/014_CNV.tif,CNV-118,test,CNV,cnv,OD,.tif,3.4414258003234863
CNV/118/015_CNV.tif,CNV-118,test,CNV,cnv,OD,.tif,3.420907497406006
CNV/118/016_CNV.tif,CNV-118,test,CNV,cnv,OD,.tif,3.1838066577911377
CNV/118/017_CNV.tif,CNV-118,test,CNV,cnv,OD,.tif,2.6527321338653564
CNV/118/018_CNV.tif,CNV-118,test,CNV,cnv,OD,.tif,2.9340569972991943
CNV/118/019_CNV.tif,CNV-118,test,CNV,cnv,OD,.tif,2.558467149734497
CNV/118/020_CNV.tif,CNV-118,test,CNV,cnv,OD,.tif,2.292788505554199
CNV/118/021_CNV.tif,CNV-118,test,CNV,cnv,OD,.tif,2.147892951965332
CNV/118/022_CNV.tif,CNV-118,test,CNV,cnv,OD,.tif,2.0557751655578613
CNV/118/023_Drusen.tif,CNV-118,test,CNV,drusen,OD,.tif,2.0031955242156982
CNV/118/024_Drusen.tif,CNV-118,test,CNV,drusen,OD,.tif,1.757063865661621
CNV/118/025_Drusen.tif,CNV-118,test,CNV,drusen,OD,.tif,1.7946722507476807
CNV/118/026_Drusen.tif,CNV-118,test,CNV,drusen,OD,.tif,2.0497403144836426
CNV/118/027_Drusen.tif,CNV-118,test,CNV,drusen,OD,.tif,2.0451266765594482
CNV/118/028_Drusen.tif,CNV-118,test,CNV,drusen,OD,.tif,2.0343332290649414
CNV/118/029_Drusen.tif,CNV-118,test,CNV,drusen,OD,.tif,1.8855911493301392
CNV/118/030_Drusen.tif,CNV-118,test,CNV,drusen,OD,.tif,1.980550765991211
CNV/119/000_Normal.tif,CNV-119,test,CNV,normal,OS,.tif,1.889420747756958
CNV/119/001_Normal.tif,CNV-119,test,CNV,normal,OS,.tif,1.8042086362838745
CNV/119/002_Normal.tif,CNV-119,test,CNV,normal,OS,.tif,1.7105625867843628
CNV/119/003_Normal.tif,CNV-119,test,CNV,normal,OS,.tif,1.8425624370574951
CNV/119/004_Normal.tif,CNV-119,test,CNV,normal,OS,.tif,1.7417720556259155
CNV/119/005_Normal.tif,CNV-119,test,CNV,normal,OS,.tif,1.7045459747314453
CNV/119/006_Normal.tif,CNV-119,test,CNV,normal,OS,.tif,1.6962981224060059
CNV/119/007_Drusen.tif,CNV-119,test,CNV,drusen,OS,.tif,1.7364178895950317
CNV/119/008_Drusen.tif,CNV-119,test,CNV,drusen,OS,.tif,1.777815341949463
CNV/119/009_Drusen.tif,CNV-119,test,CNV,drusen,OS,.tif,1.7317715883255005
CNV/119/010_Drusen.tif,CNV-119,test,CNV,drusen,OS,.tif,1.6867762804031372
CNV/119/011_Drusen.tif,CNV-119,test,CNV,drusen,OS,.tif,1.7880566120147705
CNV/119/012_Normal.tif,CNV-119,test,CNV,normal,OS,.tif,1.760169267654419
CNV/119/013_CNV.tif,CNV-119,test,CNV,cnv,OS,.tif,1.8224236965179443
CNV/119/014_CNV.tif,CNV-119,test,CNV,cnv,OS,.tif,2.148181200027466
CNV/119/015_CNV.tif,CNV-119,test,CNV,cnv,OS,.tif,2.179889678955078
CNV/119/016_CNV.tif,CNV-119,test,CNV,cnv,OS,.tif,2.1094820499420166
CNV/119/017_CNV.tif,CNV-119,test,CNV,cnv,OS,.tif,2.222505569458008
CNV/119/018_CNV.tif,CNV-119,test,CNV,cnv,OS,.tif,2.47333025932312
CNV/119/019_CNV.tif,CNV-119,test,CNV,cnv,OS,.tif,2.469345808029175
CNV/119/020_CNV.tif,CNV-119,test,CNV,cnv,OS,.tif,2.659167528152466
CNV/119/021_CNV.tif,CNV-119,test,CNV,cnv,OS,.tif,2.28890323638916
CNV/119/022_CNV.tif,CNV-119,test,CNV,cnv,OS,.tif,2.2184343338012695
CNV/119/023_CNV.tif,CNV-119,test,CNV,cnv,OS,.tif,2.016080141067505
CNV/119/024_CNV.tif,CNV-119,test,CNV,cnv,OS,.tif,1.9571800231933594
CNV/119/025_CNV.tif,CNV-119,test,CNV,cnv,OS,.tif,1.8868595361709595
CNV/119/026_Drusen.tif,CNV-119,test,CNV,drusen,OS,.tif,1.8620275259017944
CNV/119/027_Drusen.tif,CNV-119,test,CNV,drusen,OS,.tif,1.8365204334259033
CNV/119/028_Normal.tif,CNV-119,test,CNV,normal,OS,.tif,1.9540719985961914
CNV/119/029_Drusen.tif,CNV-119,test,CNV,drusen,OS,.tif,1.8495357036590576
CNV/119/030_Normal.tif,CNV-119,test,CNV,normal,OS,.tif,1.9547253847122192
CNV/121/000_CNV.tif,CNV-121,test,CNV,cnv,OD,.tif,1.9410377740859985
CNV/121/001_CNV.tif,CNV-121,test,CNV,cnv,OD,.tif,1.839544653892517
CNV/121/002_CNV.tif,CNV-121,test,CNV,cnv,OD,.tif,1.8816214799880981
CNV/121/003_CNV.tif,CNV-121,test,CNV,cnv,OD,.tif,1.8941051959991455
CNV/121/004_CNV.tif,CNV-121,test,CNV,cnv,OD,.tif,1.9666670560836792
CNV/121/005_CNV.tif,CNV-121,test,CNV,cnv,OD,.tif,1.9859187602996826
CNV/121/006_CNV.tif,CNV-121,test,CNV,cnv,OD,.tif,1.8797969818115234
CNV/121/007_CNV.tif,CNV-121,test,CNV,cnv,OD,.tif,1.9533714056015015
CNV/121/008_CNV.tif,CNV-121,test,CNV,cnv,OD,.tif,2.093441963195801
CNV/121/009_CNV.tif,CNV-121,test,CNV,cnv,OD,.tif,1.9710581302642822
CNV/121/010_CNV.tif,CNV-121,test,CNV,cnv,OD,.tif,1.9906408786773682
CNV/121/011_CNV.tif,CNV-121,test,CNV,cnv,OD,.tif,2.2220520973205566
CNV/121/012_CNV.tif,CNV-121,test,CNV,cnv,OD,.tif,2.282607316970825
CNV/121/013_CNV.tif,CNV-121,test,CNV,cnv,OD,.tif,2.2266523838043213
CNV/121/014_CNV.tif,CNV-121,test,CNV,cnv,OD,.tif,2.537776470184326
CNV/121/015_CNV.tif,CNV-121,test,CNV,cnv,OD,.tif,2.6376054286956787
CNV/121/016_CNV.tif,CNV-121,test,CNV,cnv,OD,.tif,2.9450831413269043
CNV/121/017_CNV.tif,CNV-121,test,CNV,cnv,OD,.tif,3.063882350921631
CNV/121/018_CNV.tif,CNV-121,test,CNV,cnv,OD,.tif,3.3121726512908936
CNV/121/019_CNV.tif,CNV-121,test,CNV,cnv,OD,.tif,2.9475855827331543
CNV/121/020_CNV.tif,CNV-121,test,CNV,cnv,OD,.tif,2.9133198261260986
CNV/121/021_CNV.tif,CNV-121,test,CNV,cnv,OD,.tif,2.684682607650757
CNV/121/022_CNV.tif,CNV-121,test,CNV,cnv,OD,.tif,2.5506277084350586
CNV/121/023_CNV.tif,CNV-121,test,CNV,cnv,OD,.tif,2.2660253047943115
CNV/121/024_CNV.tif,CNV-121,test,CNV,cnv,OD,.tif,1.9755505323410034
CNV/121/025_CNV.tif,CNV-121,test,CNV,cnv,OD,.tif,1.9201078414916992
CNV/121/026_Normal.tif,CNV-121,test,CNV,normal,OD,.tif,1.836610198020935
CNV/121/027_Normal.tif,CNV-121,test,CNV,normal,OD,.tif,1.7257399559020996
CNV/121/028_Normal.tif,CNV-121,test,CNV,normal,OD,.tif,1.8457149267196655
CNV/121/029_Normal.tif,CNV-121,test,CNV,normal,OD,.tif,1.8625826835632324
CNV/121/030_Normal.tif,CNV-121,test,CNV,normal,OD,.tif,1.853051781654358
CNV/123/000_Normal.tif,CNV-123,test,CNV,normal,OS,.tif,1.5483804941177368
CNV/123/001_Normal.tif,CNV-123,test,CNV,normal,OS,.tif,1.5796250104904175
CNV/123/002_Normal.tif,CNV-123,test,CNV,normal,OS,.tif,1.5714198350906372
CNV/123/003_Normal.tif,CNV-123,test,CNV,normal,OS,.tif,1.5721524953842163
CNV/123/004_Drusen.tif,CNV-123,test,CNV,drusen,OS,.tif,1.547511100769043
CNV/123/005_Drusen.tif,CNV-123,test,CNV,drusen,OS,.tif,1.5266849994659424
CNV/123/006_Normal.tif,CNV-123,test,CNV,normal,OS,.tif,1.5620614290237427
CNV/123/007_Drusen.tif,CNV-123,test,CNV,drusen,OS,.tif,1.5408014059066772
CNV/123/008_Normal.tif,CNV-123,test,CNV,normal,OS,.tif,1.4949159622192383
CNV/123/009_Normal.tif,CNV-123,test,CNV,normal,OS,.tif,1.5147916078567505
CNV/123/010_Drusen.tif,CNV-123,test,CNV,drusen,OS,.tif,1.5037901401519775
CNV/123/011_CNV.tif,CNV-123,test,CNV,cnv,OS,.tif,1.5533956289291382
CNV/123/012_CNV.tif,CNV-123,test,CNV,cnv,OS,.tif,1.6137155294418335
CNV/123/013_CNV.tif,CNV-123,test,CNV,cnv,OS,.tif,1.6513450145721436
CNV/123/014_CNV.tif,CNV-123,test,CNV,cnv,OS,.tif,1.7586116790771484
CNV/123/015_CNV.tif,CNV-123,test,CNV,cnv,OS,.tif,1.7807211875915527
CNV/123/016_CNV.tif,CNV-123,test,CNV,cnv,OS,.tif,1.7178109884262085
CNV/123/017_CNV.tif,CNV-123,test,CNV,cnv,OS,.tif,1.6503437757492065
CNV/123/018_Drusen.tif,CNV-123,test,CNV,drusen,OS,.tif,1.5652328729629517
CNV/123/019_Drusen.tif,CNV-123,test,CNV,drusen,OS,.tif,1.5427916049957275
CNV/123/020_Normal.tif,CNV-123,test,CNV,normal,OS,.tif,1.589788556098938
CNV/123/021_Normal.tif,CNV-123,test,CNV,normal,OS,.tif,1.5640615224838257
CNV/123/022_Normal.tif,CNV-123,test,CNV,normal,OS,.tif,1.606801986694336
CNV/123/023_Normal.tif,CNV-123,test,CNV,normal,OS,.tif,1.6133098602294922
CNV/123/024_Normal.tif,CNV-123,test,CNV,normal,OS,.tif,1.6291381120681763
CNV/123/025_Normal.tif,CNV-123,test,CNV,normal,OS,.tif,1.6689985990524292
CNV/123/026_Normal.tif,CNV-123,test,CNV,normal,OS,.tif,1.7089262008666992
CNV/123/027_Normal.tif,CNV-123,test,CNV,normal,OS,.tif,1.6254090070724487
CNV/123/028_Normal.tif,CNV-123,test,CNV,normal,OS,.tif,1.6773039102554321
CNV/123/029_Normal.tif,CNV-123,test,CNV,normal,OS,.tif,1.806412935256958
CNV/123/030_Normal.tif,CNV-123,test,CNV,normal,OS,.tif,1.6639090776443481
CNV/124/000_Normal.tif,CNV-124,test,CNV,normal,OS,.tif,1.8945237398147583
CNV/124/001_Normal.tif,CNV-124,test,CNV,normal,OS,.tif,1.9403016567230225
CNV/124/002_Normal.tif,CNV-124,test,CNV,normal,OS,.tif,1.7932580709457397
CNV/124/003_Drusen.tif,CNV-124,test,CNV,drusen,OS,.tif,1.8021897077560425
CNV/124/004_CNV.tif,CNV-124,test,CNV,cnv,OS,.tif,1.8910936117172241
CNV/124/005_CNV.tif,CNV-124,test,CNV,cnv,OS,.tif,2.1629586219787598
CNV/124/006_CNV.tif,CNV-124,test,CNV,cnv,OS,.tif,1.8752787113189697
CNV/124/007_CNV.tif,CNV-124,test,CNV,cnv,OS,.tif,2.217851400375366
CNV/124/008_CNV.tif,CNV-124,test,CNV,cnv,OS,.tif,2.1530580520629883
CNV/124/009_CNV.tif,CNV-124,test,CNV,cnv,OS,.tif,2.425161123275757
CNV/124/010_CNV.tif,CNV-124,test,CNV,cnv,OS,.tif,2.663527011871338
CNV/124/011_CNV.tif,CNV-124,test,CNV,cnv,OS,.tif,2.843463659286499
CNV/124/012_CNV.tif,CNV-124,test,CNV,cnv,OS,.tif,2.6893579959869385
CNV/124/013_CNV.tif,CNV-124,test,CNV,cnv,OS,.tif,2.570068836212158
CNV/124/014_CNV.tif,CNV-124,test,CNV,cnv,OS,.tif,2.755965232849121
CNV/124/015_CNV.tif,CNV-124,test,CNV,cnv,OS,.tif,2.6722095012664795
CNV/124/016_CNV.tif,CNV-124,test,CNV,cnv,OS,.tif,2.9160659313201904
CNV/124/017_CNV.tif,CNV-124,test,CNV,cnv,OS,.tif,2.668200731277466
CNV/124/018_CNV.tif,CNV-124,test,CNV,cnv,OS,.tif,2.6429202556610107
CNV/124/019_CNV.tif,CNV-124,test,CNV,cnv,OS,.tif,2.6966030597686768
CNV/124/020_CNV.tif,CNV-124,test,CNV,cnv,OS,.tif,2.3617687225341797
CNV/124/021_CNV.tif,CNV-124,test,CNV,cnv,OS,.tif,2.5761630535125732
CNV/124/022_CNV.tif,CNV-124,test,CNV,cnv,OS,.tif,2.338275909423828
CNV/124/023_CNV.tif,CNV-124,test,CNV,cnv,OS,.tif,2.133352756500244
CNV/124/024_CNV.tif,CNV-124,test,CNV,cnv,OS,.tif,1.9926434755325317
CNV/124/025_CNV.tif,CNV-124,test,CNV,cnv,OS,.tif,1.6579067707061768
CNV/124/026_Drusen.tif,CNV-124,test,CNV,drusen,OS,.tif,1.6606858968734741
CNV/124/027_Drusen.tif,CNV-124,test,CNV,drusen,OS,.tif,1.6990745067596436
CNV/125/000_CNV.tif,CNV-125,test,CNV,cnv,OD,.tif,2.228076934814453
CNV/125/001_CNV.tif,CNV-125,test,CNV,cnv,OD,.tif,2.0267724990844727
CNV/125/002_CNV.tif,CNV-125,test,CNV,cnv,OD,.tif,2.3051741123199463
CNV/125/003_CNV.tif,CNV-125,test,CNV,cnv,OD,.tif,2.3791377544403076
CNV/125/004_CNV.tif,CNV-125,test,CNV,cnv,OD,.tif,2.5170719623565674
CNV/125/005_CNV.tif,CNV-125,test,CNV,cnv,OD,.tif,2.6989922523498535
CNV/125/006_CNV.tif,CNV-125,test,CNV,cnv,OD,.tif,2.718332290649414
CNV/125/007_CNV.tif,CNV-125,test,CNV,cnv,OD,.tif,2.632244825363159
CNV/125/008_CNV.tif,CNV-125,test,CNV,cnv,OD,.tif,3.0202043056488037
CNV/125/009_CNV.tif,CNV-125,test,CNV,cnv,OD,.tif,3.054429769515991
CNV/125/010_CNV.tif,CNV-125,test,CNV,cnv,OD,.tif,3.2771832942962646
CNV/125/011_CNV.tif,CNV-125,test,CNV,cnv,OD,.tif,3.231210470199585
CNV/125/012_CNV.tif,CNV-125,test,CNV,cnv,OD,.tif,2.8187763690948486
CNV/125/013_CNV.tif,CNV-125,test,CNV,cnv,OD,.tif,3.216593027114868
CNV/125/014_CNV.tif,CNV-125,test,CNV,cnv,OD,.tif,2.9659359455108643
CNV/125/015_CNV.tif,CNV-125,test,CNV,cnv,OD,.tif,2.7736103534698486
CNV/125/016_CNV.tif,CNV-125,test,CNV,cnv,OD,.tif,2.37090802192688
CNV/125/017_CNV.tif,CNV-125,test,CNV,cnv,OD,.tif,2.58347487449646
CNV/125/018_CNV.tif,CNV-125,test,CNV,cnv,OD,.tif,2.4457530975341797
CNV/125/019_CNV.tif,CNV-125,test,CNV,cnv,OD,.tif,2.8242621421813965
CNV/125/020_CNV.tif,CNV-125,test,CNV,cnv,OD,.tif,2.722594976425171
CNV/125/021_CNV.tif,CNV-125,test,CNV,cnv,OD,.tif,2.7809271812438965
CNV/125/022_CNV.tif,CNV-125,test,CNV,cnv,OD,.tif,2.9092695713043213
CNV/125/023_CNV.tif,CNV-125,test,CNV,cnv,OD,.tif,2.9098434448242188
CNV/125/024_CNV.tif,CNV-125,test,CNV,cnv,OD,.tif,2.766108751296997
CNV/126/000_CNV.tif,CNV-126,test,CNV,cnv,OD,.tif,1.780276894569397
CNV/126/001_CNV.tif,CNV-126,test,CNV,cnv,OD,.tif,2.04703688621521
CNV/126/002_CNV.tif,CNV-126,test,CNV,cnv,OD,.tif,1.9936221837997437
CNV/126/003_CNV.tif,CNV-126,test,CNV,cnv,OD,.tif,2.065674066543579
CNV/126/004_CNV.tif,CNV-126,test,CNV,cnv,OD,.tif,2.168879747390747
CNV/126/005_CNV.tif,CNV-126,test,CNV,cnv,OD,.tif,2.253042459487915
CNV/126/006_CNV.tif,CNV-126,test,CNV,cnv,OD,.tif,2.175590753555298
CNV/126/007_CNV.tif,CNV-126,test,CNV,cnv,OD,.tif,2.6796677112579346
CNV/126/008_CNV.tif,CNV-126,test,CNV,cnv,OD,.tif,2.297914743423462
CNV/126/009_CNV.tif,CNV-126,test,CNV,cnv,OD,.tif,2.206465005874634
CNV/126/010_CNV.tif,CNV-126,test,CNV,cnv,OD,.tif,2.405020236968994
CNV/126/011_CNV.tif,CNV-126,test,CNV,cnv,OD,.tif,2.6022872924804688
CNV/126/012_CNV.tif,CNV-126,test,CNV,cnv,OD,.tif,2.6196296215057373
CNV/126/013_CNV.tif,CNV-126,test,CNV,cnv,OD,.tif,2.8058738708496094
CNV/126/014_CNV.tif,CNV-126,test,CNV,cnv,OD,.tif,2.673227548599243
CNV/126/015_CNV.tif,CNV-126,test,CNV,cnv,OD,.tif,2.503448247909546
CNV/126/016_CNV.tif,CNV-126,test,CNV,cnv,OD,.tif,2.5541303157806396
CNV/126/017_CNV.tif,CNV-126,test,CNV,cnv,OD,.tif,2.326374053955078
CNV/126/018_CNV.tif,CNV-126,test,CNV,cnv,OD,.tif,2.4795944690704346
CNV/126/019_CNV.tif,CNV-126,test,CNV,cnv,OD,.tif,2.471362590789795
CNV/126/020_CNV.tif,CNV-126,test,CNV,cnv,OD,.tif,2.314687490463257
CNV/126/021_CNV.tif,CNV-126,test,CNV,cnv,OD,.tif,1.9351978302001953
CNV/126/022_CNV.tif,CNV-126,test,CNV,cnv,OD,.tif,2.0441434383392334
CNV/126/023_CNV.tif,CNV-126,test,CNV,cnv,OD,.tif,1.8705635070800781
CNV/126/024_CNV.tif,CNV-126,test,CNV,cnv,OD,.tif,1.7640881538391113
CNV/126/025_CNV.tif,CNV-126,test,CNV,cnv,OD,.tif,1.9887855052947998
CNV/126/026_CNV.tif,CNV-126,test,CNV,cnv,OD,.tif,1.986669898033142
CNV/126/027_CNV.tif,CNV-126,test,CNV,cnv,OD,.tif,1.8257142305374146
CNV/126/028_Drusen.tif,CNV-126,test,CNV,drusen,OD,.tif,1.7051596641540527
CNV/126/029_Drusen.tif,CNV-126,test,CNV,drusen,OD,.tif,2.018171548843384
CNV/126/030_Drusen.tif,CNV-126,test,CNV,drusen,OD,.tif,1.972407341003418
CNV/132/000_CNV.tif,CNV-132,test,CNV,cnv,OD,.tif,2.224618911743164
CNV/132/001_CNV.tif,CNV-132,test,CNV,cnv,OD,.tif,2.0725903511047363
CNV/132/002_CNV.tif,CNV-132,test,CNV,cnv,OD,.tif,2.0299391746520996
CNV/132/003_CNV.tif,CNV-132,test,CNV,cnv,OD,.tif,2.211625814437866
CNV/132/004_CNV.tif,CNV-132,test,CNV,cnv,OD,.tif,2.2575018405914307
CNV/132/005_CNV.tif,CNV-132,test,CNV,cnv,OD,.tif,2.125941038131714
CNV/132/006_CNV.tif,CNV-132,test,CNV,cnv,OD,.tif,2.033980131149292
CNV/132/007_CNV.tif,CNV-132,test,CNV,cnv,OD,.tif,2.3998866081237793
CNV/132/008_CNV.tif,CNV-132,test,CNV,cnv,OD,.tif,2.4151391983032227
CNV/132/009_CNV.tif,CNV-132,test,CNV,cnv,OD,.tif,2.703676223754883
CNV/132/010_CNV.tif,CNV-132,test,CNV,cnv,OD,.tif,2.6808063983917236
CNV/132/011_CNV.tif,CNV-132,test,CNV,cnv,OD,.tif,2.742672920227051
CNV/132/012_CNV.tif,CNV-132,test,CNV,cnv,OD,.tif,2.649033784866333
CNV/132/013_CNV.tif,CNV-132,test,CNV,cnv,OD,.tif,2.50453782081604
CNV/132/014_CNV.tif,CNV-132,test,CNV,cnv,OD,.tif,2.457738161087036
CNV/132/015_CNV.tif,CNV-132,test,CNV,cnv,OD,.tif,2.3609352111816406
CNV/132/016_CNV.tif,CNV-132,test,CNV,cnv,OD,.tif,2.2827563285827637
CNV/132/017_CNV.tif,CNV-132,test,CNV,cnv,OD,.tif,2.1460201740264893
CNV/132/018_CNV.tif,CNV-132,test,CNV,cnv,OD,.tif,2.0683374404907227
CNV/132/019_CNV.tif,CNV-132,test,CNV,cnv,OD,.tif,1.8325986862182617
CNV/132/020_CNV.tif,CNV-132,test,CNV,cnv,OD,.tif,1.8981798887252808
CNV/132/021_CNV.tif,CNV-132,test,CNV,cnv,OD,.tif,1.763776183128357
CNV/132/022_CNV.tif,CNV-132,test,CNV,cnv,OD,.tif,1.7712600231170654
CNV/132/023_Drusen.tif,CNV-132,test,CNV,drusen,OD,.tif,1.8352675437927246
CNV/132/024_Normal.tif,CNV-132,test,CNV,normal,OD,.tif,1.823923945426941
CNV/132/025_Drusen.tif,CNV-132,test,CNV,drusen,OD,.tif,1.7924491167068481
CNV/132/026_Drusen.tif,CNV-132,test,CNV,drusen,OD,.tif,1.8627972602844238
CNV/132/027_Drusen.tif,CNV-132,test,CNV,drusen,OD,.tif,1.9316959381103516
CNV/132/028_Drusen.tif,CNV-132,test,CNV,drusen,OD,.tif,1.8294686079025269
CNV/132/029_Normal.tif,CNV-132,test,CNV,normal,OD,.tif,1.8845040798187256
CNV/132/030_Normal.tif,CNV-132,test,CNV,normal,OD,.tif,1.9716559648513794
CNV/134/000_CNV.tif,CNV-134,test,CNV,cnv,OS,.tif,2.174689531326294
CNV/134/001_CNV.tif,CNV-134,test,CNV,cnv,OS,.tif,2.262676239013672
CNV/134/002_CNV.tif,CNV-134,test,CNV,cnv,OS,.tif,2.982764720916748
CNV/134/003_CNV.tif,CNV-134,test,CNV,cnv,OS,.tif,2.4030561447143555
CNV/134/004_CNV.tif,CNV-134,test,CNV,cnv,OS,.tif,2.4839632511138916
CNV/134/005_CNV.tif,CNV-134,test,CNV,cnv,OS,.tif,2.8415536880493164
CNV/134/006_CNV.tif,CNV-134,test,CNV,cnv,OS,.tif,2.3451194763183594
CNV/134/007_CNV.tif,CNV-134,test,CNV,cnv,OS,.tif,3.1124701499938965
CNV/134/008_CNV.tif,CNV-134,test,CNV,cnv,OS,.tif,3.1738178730010986
CNV/134/009_CNV.tif,CNV-134,test,CNV,cnv,OS,.tif,3.0440385341644287
CNV/134/010_CNV.tif,CNV-134,test,CNV,cnv,OS,.tif,3.2200710773468018
CNV/134/011_CNV.tif,CNV-134,test,CNV,cnv,OS,.tif,3.306276321411133
CNV/134/012_CNV.tif,CNV-134,test,CNV,cnv,OS,.tif,2.9603941440582275
CNV/134/013_CNV.tif,CNV-134,test,CNV,cnv,OS,.tif,2.598113775253296
CNV/134/014_CNV.tif,CNV-134,test,CNV,cnv,OS,.tif,2.468538761138916
CNV/134/015_CNV.tif,CNV-134,test,CNV,cnv,OS,.tif,2.36431884765625
CNV/134/016_CNV.tif,CNV-134,test,CNV,cnv,OS,.tif,2.5039429664611816
CNV/134/017_CNV.tif,CNV-134,test,CNV,cnv,OS,.tif,2.3140883445739746
CNV/134/018_CNV.tif,CNV-134,test,CNV,cnv,OS,.tif,2.367924451828003
CNV/134/019_CNV.tif,CNV-134,test,CNV,cnv,OS,.tif,2.8305108547210693
CNV/134/020_CNV.tif,CNV-134,test,CNV,cnv,OS,.tif,2.6467676162719727
CNV/134/021_CNV.tif,CNV-134,test,CNV,cnv,OS,.tif,2.654656410217285
CNV/134/022_CNV.tif,CNV-134,test,CNV,cnv,OS,.tif,2.6850345134735107
CNV/134/023_CNV.tif,CNV-134,test,CNV,cnv,OS,.tif,2.5513479709625244
CNV/134/024_CNV.tif,CNV-134,test,CNV,cnv,OS,.tif,2.4528777599334717
CNV/134/025_CNV.tif,CNV-134,test,CNV,cnv,OS,.tif,2.5337133407592773
CNV/134/026_CNV.tif,CNV-134,test,CNV,cnv,OS,.tif,2.41465163230896
CNV/134/027_CNV.tif,CNV-134,test,CNV,cnv,OS,.tif,2.2259633541107178
CNV/134/028_Drusen.tif,CNV-134,test,CNV,drusen,OS,.tif,2.128037691116333
CNV/134/029_Drusen.tif,CNV-134,test,CNV,drusen,OS,.tif,2.065831184387207
CNV/134/030_Drusen.tif,CNV-134,test,CNV,drusen,OS,.tif,2.0699639320373535
CNV/135/000_Drusen.tif,CNV-135,test,CNV,drusen,OS,.tif,1.7443790435791016
CNV/135/001_Drusen.tif,CNV-135,test,CNV,drusen,OS,.tif,1.7507202625274658
CNV/135/002_Drusen.tif,CNV-135,test,CNV,drusen,OS,.tif,1.8455350399017334
CNV/135/003_Drusen.tif,CNV-135,test,CNV,drusen,OS,.tif,1.7711158990859985
CNV/135/004_Drusen.tif,CNV-135,test,CNV,drusen,OS,.tif,1.7003198862075806
CNV/135/005_Drusen.tif,CNV-135,test,CNV,drusen,OS,.tif,1.6956171989440918
CNV/135/006_Drusen.tif,CNV-135,test,CNV,drusen,OS,.tif,1.7009793519973755
CNV/135/007_Drusen.tif,CNV-135,test,CNV,drusen,OS,.tif,1.657890796661377
CNV/135/008_Drusen.tif,CNV-135,test,CNV,drusen,OS,.tif,1.6750954389572144
CNV/135/009_Drusen.tif,CNV-135,test,CNV,drusen,OS,.tif,1.6421006917953491
CNV/135/010_Drusen.tif,CNV-135,test,CNV,drusen,OS,.tif,1.6159950494766235
CNV/135/011_Drusen.tif,CNV-135,test,CNV,drusen,OS,.tif,1.5590755939483643
CNV/135/012_CNV.tif,CNV-135,test,CNV,cnv,OS,.tif,1.633126139640808
CNV/135/013_CNV.tif,CNV-135,test,CNV,cnv,OS,.tif,1.6777175664901733
CNV/135/014_CNV.tif,CNV-135,test,CNV,cnv,OS,.tif,2.0077874660491943
CNV/135/015_CNV.tif,CNV-135,test,CNV,cnv,OS,.tif,2.0201337337493896
CNV/135/016_CNV.tif,CNV-135,test,CNV,cnv,OS,.tif,2.1570160388946533
CNV/135/017_CNV.tif,CNV-135,test,CNV,cnv,OS,.tif,2.1873552799224854
CNV/135/018_CNV.tif,CNV-135,test,CNV,cnv,OS,.tif,2.0218522548675537
CNV/135/019_CNV.tif,CNV-135,test,CNV,cnv,OS,.tif,1.9950251579284668
CNV/135/020_CNV.tif,CNV-135,test,CNV,cnv,OS,.tif,2.1103124618530273
CNV/135/021_CNV.tif,CNV-135,test,CNV,cnv,OS,.tif,2.1406686305999756
CNV/135/022_Drusen.tif,CNV-135,test,CNV,drusen,OS,.tif,2.0911972522735596
CNV/135/023_Drusen.tif,CNV-135,test,CNV,drusen,OS,.tif,1.8306838274002075
CNV/135/024_Drusen.tif,CNV-135,test,CNV,drusen,OS,.tif,1.755424976348877
CNV/135/025_Drusen.tif,CNV-135,test,CNV,drusen,OS,.tif,1.633819580078125
CNV/135/026_Drusen.tif,CNV-135,test,CNV,drusen,OS,.tif,1.8440548181533813
CNV/135/027_Drusen.tif,CNV-135,test,CNV,drusen,OS,.tif,1.777470350265503
CNV/135/028_Drusen.tif,CNV-135,test,CNV,drusen,OS,.tif,1.834093451499939
CNV/135/029_Drusen.tif,CNV-135,test,CNV,drusen,OS,.tif,1.82145094871521
CNV/135/030_Drusen.tif,CNV-135,test,CNV,drusen,OS,.tif,1.75111722946167
CNV/136/000_CNV.tif,CNV-136,test,CNV,cnv,OS,.tif,1.7308533191680908
CNV/136/001_CNV.tif,CNV-136,test,CNV,cnv,OS,.tif,1.8728419542312622
CNV/136/002_CNV.tif,CNV-136,test,CNV,cnv,OS,.tif,1.8444597721099854
CNV/136/003_CNV.tif,CNV-136,test,CNV,cnv,OS,.tif,1.9608572721481323
CNV/136/004_CNV.tif,CNV-136,test,CNV,cnv,OS,.tif,1.830619215965271
CNV/136/005_CNV.tif,CNV-136,test,CNV,cnv,OS,.tif,1.9485652446746826
CNV/136/006_CNV.tif,CNV-136,test,CNV,cnv,OS,.tif,2.0072407722473145
CNV/136/007_CNV.tif,CNV-136,test,CNV,cnv,OS,.tif,2.1062018871307373
CNV/136/008_CNV.tif,CNV-136,test,CNV,cnv,OS,.tif,2.007737398147583
CNV/136/009_CNV.tif,CNV-136,test,CNV,cnv,OS,.tif,2.1280055046081543
CNV/136/010_CNV.tif,CNV-136,test,CNV,cnv,OS,.tif,2.148695945739746
CNV/136/011_CNV.tif,CNV-136,test,CNV,cnv,OS,.tif,2.1304705142974854
CNV/136/012_CNV.tif,CNV-136,test,CNV,cnv,OS,.tif,2.3847649097442627
CNV/136/013_CNV.tif,CNV-136,test,CNV,cnv,OS,.tif,2.23522686958313
CNV/136/014_CNV.tif,CNV-136,test,CNV,cnv,OS,.tif,2.1152708530426025
CNV/136/015_CNV.tif,CNV-136,test,CNV,cnv,OS,.tif,2.218837261199951
CNV/136/016_CNV.tif,CNV-136,test,CNV,cnv,OS,.tif,2.4097402095794678
CNV/136/017_CNV.tif,CNV-136,test,CNV,cnv,OS,.tif,2.2597479820251465
CNV/136/018_CNV.tif,CNV-136,test,CNV,cnv,OS,.tif,2.4286458492279053
CNV/136/019_CNV.tif,CNV-136,test,CNV,cnv,OS,.tif,2.2471795082092285
CNV/136/020_CNV.tif,CNV-136,test,CNV,cnv,OS,.tif,2.2402822971343994
CNV/136/021_CNV.tif,CNV-136,test,CNV,cnv,OS,.tif,2.05844783782959
CNV/136/022_CNV.tif,CNV-136,test,CNV,cnv,OS,.tif,1.867646336555481
CNV/136/023_CNV.tif,CNV-136,test,CNV,cnv,OS,.tif,2.033177375793457
CNV/136/024_CNV.tif,CNV-136,test,CNV,cnv,OS,.tif,2.104947090148926
CNV/136/025_CNV.tif,CNV-136,test,CNV,cnv,OS,.tif,2.184342384338379
CNV/136/026_CNV.tif,CNV-136,test,CNV,cnv,OS,.tif,2.2076363563537598
CNV/136/027_CNV.tif,CNV-136,test,CNV,cnv,OS,.tif,2.1668288707733154
CNV/136/028_CNV.tif,CNV-136,test,CNV,cnv,OS,.tif,2.0052268505096436
CNV/136/029_CNV.tif,CNV-136,test,CNV,cnv,OS,.tif,1.7518154382705688
CNV/136/030_CNV.tif,CNV-136,test,CNV,cnv,OS,.tif,2.030071496963501
CNV/138/000_Normal.tif,CNV-138,test,CNV,normal,OD,.tif,1.531554937362671
CNV/138/001_Normal.tif,CNV-138,test,CNV,normal,OD,.tif,1.624759316444397
CNV/138/002_Normal.tif,CNV-138,test,CNV,normal,OD,.tif,1.562721610069275
CNV/138/003_Drusen.tif,CNV-138,test,CNV,drusen,OD,.tif,1.7188674211502075
CNV/138/004_CNV.tif,CNV-138,test,CNV,cnv,OD,.tif,1.6181939840316772
CNV/138/005_CNV.tif,CNV-138,test,CNV,cnv,OD,.tif,1.607133388519287
CNV/138/006_CNV.tif,CNV-138,test,CNV,cnv,OD,.tif,1.7035835981369019
CNV/138/007_CNV.tif,CNV-138,test,CNV,cnv,OD,.tif,1.6192171573638916
CNV/138/008_CNV.tif,CNV-138,test,CNV,cnv,OD,.tif,1.7349231243133545
CNV/138/009_CNV.tif,CNV-138,test,CNV,cnv,OD,.tif,1.7196401357650757
CNV/138/010_CNV.tif,CNV-138,test,CNV,cnv,OD,.tif,1.7873996496200562
CNV/138/011_CNV.tif,CNV-138,test,CNV,cnv,OD,.tif,1.716473937034607
CNV/138/012_CNV.tif,CNV-138,test,CNV,cnv,OD,.tif,2.057673931121826
CNV/138/013_CNV.tif,CNV-138,test,CNV,cnv,OD,.tif,2.2205145359039307
CNV/138/014_CNV.tif,CNV-138,test,CNV,cnv,OD,.tif,2.237506866455078
CNV/138/015_CNV.tif,CNV-138,test,CNV,cnv,OD,.tif,2.176494836807251
CNV/138/016_CNV.tif,CNV-138,test,CNV,cnv,OD,.tif,2.3524303436279297
CNV/138/017_CNV.tif,CNV-138,test,CNV,cnv,OD,.tif,2.3313863277435303
CNV/138/018_CNV.tif,CNV-138,test,CNV,cnv,OD,.tif,2.4692840576171875
CNV/138/019_CNV.tif,CNV-138,test,CNV,cnv,OD,.tif,2.3047080039978027
CNV/138/020_CNV.tif,CNV-138,test,CNV,cnv,OD,.tif,2.199035167694092
CNV/138/021_CNV.tif,CNV-138,test,CNV,cnv,OD,.tif,1.9694035053253174
CNV/138/022_CNV.tif,CNV-138,test,CNV,cnv,OD,.tif,1.8458645343780518
CNV/138/023_CNV.tif,CNV-138,test,CNV,cnv,OD,.tif,1.7437183856964111
CNV/138/024_CNV.tif,CNV-138,test,CNV,cnv,OD,.tif,1.7489744424819946
CNV/138/025_CNV.tif,CNV-138,test,CNV,cnv,OD,.tif,1.7083479166030884
CNV/138/026_CNV.tif,CNV-138,test,CNV,cnv,OD,.tif,1.6668479442596436
CNV/138/027_CNV.tif,CNV-138,test,CNV,cnv,OD,.tif,1.583678960800171
CNV/138/028_CNV.tif,CNV-138,test,CNV,cnv,OD,.tif,1.651071310043335
CNV/138/029_CNV.tif,CNV-138,test,CNV,cnv,OD,.tif,1.604971170425415
CNV/138/030_Drusen.tif,CNV-138,test,CNV,drusen,OD,.tif,1.6432247161865234
CNV/139/000_Normal.tif,CNV-139,test,CNV,normal,OD,.tif,1.5526659488677979
CNV/139/001_Normal.tif,CNV-139,test,CNV,normal,OD,.tif,1.565061092376709
CNV/139/002_Normal.tif,CNV-139,test,CNV,normal,OD,.tif,1.5423405170440674
CNV/139/003_Normal.tif,CNV-139,test,CNV,normal,OD,.tif,1.5997759103775024
CNV/139/004_Normal.tif,CNV-139,test,CNV,normal,OD,.tif,1.5510746240615845
CNV/139/005_Normal.tif,CNV-139,test,CNV,normal,OD,.tif,1.5610096454620361
CNV/139/006_Normal.tif,CNV-139,test,CNV,normal,OD,.tif,1.5458898544311523
CNV/139/007_Normal.tif,CNV-139,test,CNV,normal,OD,.tif,1.586450457572937
CNV/139/008_Drusen.tif,CNV-139,test,CNV,drusen,OD,.tif,1.5682878494262695
CNV/139/009_CNV.tif,CNV-139,test,CNV,cnv,OD,.tif,1.6586166620254517
CNV/139/010_CNV.tif,CNV-139,test,CNV,cnv,OD,.tif,1.6934627294540405
CNV/139/011_CNV.tif,CNV-139,test,CNV,cnv,OD,.tif,1.7620768547058105
CNV/139/012_CNV.tif,CNV-139,test,CNV,cnv,OD,.tif,1.830165982246399
CNV/139/013_CNV.tif,CNV-139,test,CNV,cnv,OD,.tif,1.9493036270141602
CNV/139/014_CNV.tif,CNV-139,test,CNV,cnv,OD,.tif,1.8720147609710693
CNV/139/015_CNV.tif,CNV-139,test,CNV,cnv,OD,.tif,1.9385539293289185
CNV/139/016_CNV.tif,CNV-139,test,CNV,cnv,OD,.tif,1.9821407794952393
CNV/139/017_CNV.tif,CNV-139,test,CNV,cnv,OD,.tif,1.8630691766738892
CNV/139/018_CNV.tif,CNV-139,test,CNV,cnv,OD,.tif,1.8024438619613647
CNV/139/019_Drusen.tif,CNV-139,test,CNV,drusen,OD,.tif,1.6339839696884155
CNV/139/020_Normal.tif,CNV-139,test,CNV,normal,OD,.tif,1.6016955375671387
CNV/139/021_Normal.tif,CNV-139,test,CNV,normal,OD,.tif,1.6891371011734009
CNV/139/022_Drusen.tif,CNV-139,test,CNV,drusen,OD,.tif,1.6743296384811401
CNV/139/023_Drusen.tif,CNV-139,test,CNV,drusen,OD,.tif,1.6566849946975708
CNV/139/024_Drusen.tif,CNV-139,test,CNV,drusen,OD,.tif,1.5888327360153198
CNV/139/025_Normal.tif,CNV-139,test,CNV,normal,OD,.tif,1.6350922584533691
CNV/139/026_Drusen.tif,CNV-139,test,CNV,drusen,OD,.tif,1.6482871770858765
CNV/139/027_Normal.tif,CNV-139,test,CNV,normal,OD,.tif,1.563600778579712
CNV/139/028_Normal.tif,CNV-139,test,CNV,normal,OD,.tif,1.6543339490890503
CNV/139/029_Normal.tif,CNV-139,test,CNV,normal,OD,.tif,1.7834393978118896
CNV/139/030_Normal.tif,CNV-139,test,CNV,normal,OD,.tif,1.7092026472091675
CNV/143/000_Drusen.tif,CNV-143,test,CNV,drusen,OS,.tif,1.725305199623108
CNV/143/001_Drusen.tif,CNV-143,test,CNV,drusen,OS,.tif,1.580137014389038
CNV/143/002_Drusen.tif,CNV-143,test,CNV,drusen,OS,.tif,1.4995498657226562
CNV/143/003_Drusen.tif,CNV-143,test,CNV,drusen,OS,.tif,1.6400582790374756
CNV/143/004_Drusen.tif,CNV-143,test,CNV,drusen,OS,.tif,1.6515966653823853
CNV/143/005_CNV.tif,CNV-143,test,CNV,cnv,OS,.tif,1.7626789808273315
CNV/143/006_CNV.tif,CNV-143,test,CNV,cnv,OS,.tif,1.983367681503296
CNV/143/007_CNV.tif,CNV-143,test,CNV,cnv,OS,.tif,2.199808120727539
CNV/143/008_CNV.tif,CNV-143,test,CNV,cnv,OS,.tif,2.105827808380127
CNV/143/009_CNV.tif,CNV-143,test,CNV,cnv,OS,.tif,2.5917840003967285
CNV/143/010_CNV.tif,CNV-143,test,CNV,cnv,OS,.tif,2.838022232055664
CNV/143/011_CNV.tif,CNV-143,test,CNV,cnv,OS,.tif,2.6799235343933105
CNV/143/012_CNV.tif,CNV-143,test,CNV,cnv,OS,.tif,2.8020360469818115
CNV/143/013_CNV.tif,CNV-143,test,CNV,cnv,OS,.tif,2.8943872451782227
CNV/143/014_CNV.tif,CNV-143,test,CNV,cnv,OS,.tif,3.131831645965576
CNV/143/015_CNV.tif,CNV-143,test,CNV,cnv,OS,.tif,3.060600757598877
CNV/143/016_CNV.tif,CNV-143,test,CNV,cnv,OS,.tif,3.1310393810272217
CNV/143/017_CNV.tif,CNV-143,test,CNV,cnv,OS,.tif,2.589621067047119
CNV/143/018_CNV.tif,CNV-143,test,CNV,cnv,OS,.tif,2.9639501571655273
CNV/143/019_CNV.tif,CNV-143,test,CNV,cnv,OS,.tif,2.6242942810058594
CNV/143/020_CNV.tif,CNV-143,test,CNV,cnv,OS,.tif,2.386884927749634
CNV/143/021_CNV.tif,CNV-143,test,CNV,cnv,OS,.tif,2.371410369873047
CNV/143/022_CNV.tif,CNV-143,test,CNV,cnv,OS,.tif,2.165396213531494
CNV/143/023_CNV.tif,CNV-143,test,CNV,cnv,OS,.tif,2.002213954925537
CNV/143/024_CNV.tif,CNV-143,test,CNV,cnv,OS,.tif,1.7994647026062012
CNV/143/025_CNV.tif,CNV-143,test,CNV,cnv,OS,.tif,1.6049162149429321
CNV/143/026_CNV.tif,CNV-143,test,CNV,cnv,OS,.tif,1.5750432014465332
CNV/143/027_CNV.tif,CNV-143,test,CNV,cnv,OS,.tif,1.596311092376709
CNV/143/028_CNV.tif,CNV-143,test,CNV,cnv,OS,.tif,1.5200978517532349
CNV/143/029_CNV.tif,CNV-143,test,CNV,cnv,OS,.tif,1.6173076629638672
CNV/143/030_Drusen.tif,CNV-143,test,CNV,drusen,OS,.tif,1.572631597518921
CNV/144/000_Drusen.tif,CNV-144,test,CNV,drusen,OD,.tif,1.548464059829712
CNV/144/001_Drusen.tif,CNV-144,test,CNV,drusen,OD,.tif,1.578770399093628
CNV/144/002_Drusen.tif,CNV-144,test,CNV,drusen,OD,.tif,1.5056439638137817
CNV/144/003_CNV.tif,CNV-144,test,CNV,cnv,OD,.tif,1.4927234649658203
CNV/144/004_CNV.tif,CNV-144,test,CNV,cnv,OD,.tif,1.6408603191375732
CNV/144/005_CNV.tif,CNV-144,test,CNV,cnv,OD,.tif,1.6440913677215576
CNV/144/006_CNV.tif,CNV-144,test,CNV,cnv,OD,.tif,1.883067011833191
CNV/144/007_CNV.tif,CNV-144,test,CNV,cnv,OD,.tif,1.8875796794891357
CNV/144/008_CNV.tif,CNV-144,test,CNV,cnv,OD,.tif,1.944783091545105
CNV/144/009_CNV.tif,CNV-144,test,CNV,cnv,OD,.tif,2.1128122806549072
CNV/144/010_CNV.tif,CNV-144,test,CNV,cnv,OD,.tif,2.2674498558044434
CNV/144/011_CNV.tif,CNV-144,test,CNV,cnv,OD,.tif,2.2233426570892334
CNV/144/012_CNV.tif,CNV-144,test,CNV,cnv,OD,.tif,2.1247873306274414
CNV/144/013_CNV.tif,CNV-144,test,CNV,cnv,OD,.tif,2.0335400104522705
CNV/144/014_CNV.tif,CNV-144,test,CNV,cnv,OD,.tif,2.06811785697937
CNV/144/015_CNV.tif,CNV-144,test,CNV,cnv,OD,.tif,2.2671313285827637
CNV/144/016_CNV.tif,CNV-144,test,CNV,cnv,OD,.tif,2.1656696796417236
CNV/144/017_CNV.tif,CNV-144,test,CNV,cnv,OD,.tif,1.905646562576294
CNV/144/018_CNV.tif,CNV-144,test,CNV,cnv,OD,.tif,1.944707989692688
CNV/144/019_CNV.tif,CNV-144,test,CNV,cnv,OD,.tif,1.7597521543502808
CNV/144/020_CNV.tif,CNV-144,test,CNV,cnv,OD,.tif,1.7967432737350464
CNV/144/021_Drusen.tif,CNV-144,test,CNV,drusen,OD,.tif,1.7450292110443115
CNV/144/022_Drusen.tif,CNV-144,test,CNV,drusen,OD,.tif,1.7429107427597046
CNV/144/023_Drusen.tif,CNV-144,test,CNV,drusen,OD,.tif,1.8206310272216797
CNV/144/024_Drusen.tif,CNV-144,test,CNV,drusen,OD,.tif,1.788967251777649
CNV/144/025_Drusen.tif,CNV-144,test,CNV,drusen,OD,.tif,1.766902208328247
CNV/144/026_Drusen.tif,CNV-144,test,CNV,drusen,OD,.tif,1.6730751991271973
CNV/144/027_Drusen.tif,CNV-144,test,CNV,drusen,OD,.tif,1.731613039970398
CNV/144/028_Drusen.tif,CNV-144,test,CNV,drusen,OD,.tif,1.6036196947097778
CNV/144/029_Normal.tif,CNV-144,test,CNV,normal,OD,.tif,1.6571824550628662
CNV/144/030_Drusen.tif,CNV-144,test,CNV,drusen,OD,.tif,1.6142961978912354
CNV/145/000_CNV.tif,CNV-145,test,CNV,cnv,OS,.tif,1.9082919359207153
CNV/145/001_CNV.tif,CNV-145,test,CNV,cnv,OS,.tif,1.86013662815094
CNV/145/002_CNV.tif,CNV-145,test,CNV,cnv,OS,.tif,1.9334582090377808
CNV/145/003_CNV.tif,CNV-145,test,CNV,cnv,OS,.tif,2.0497946739196777
CNV/145/004_CNV.tif,CNV-145,test,CNV,cnv,OS,.tif,2.252004623413086
CNV/145/005_CNV.tif,CNV-145,test,CNV,cnv,OS,.tif,2.391634941101074
CNV/145/006_CNV.tif,CNV-145,test,CNV,cnv,OS,.tif,2.0194902420043945
CNV/145/007_CNV.tif,CNV-145,test,CNV,cnv,OS,.tif,2.344820022583008
CNV/145/008_CNV.tif,CNV-145,test,CNV,cnv,OS,.tif,2.5699007511138916
CNV/145/009_CNV.tif,CNV-145,test,CNV,cnv,OS,.tif,2.466031074523926
CNV/145/010_CNV.tif,CNV-145,test,CNV,cnv,OS,.tif,2.6521337032318115
CNV/145/011_CNV.tif,CNV-145,test,CNV,cnv,OS,.tif,2.5105156898498535
CNV/145/012_CNV.tif,CNV-145,test,CNV,cnv,OS,.tif,2.5642642974853516
CNV/145/013_CNV.tif,CNV-145,test,CNV,cnv,OS,.tif,2.5584914684295654
CNV/145/014_CNV.tif,CNV-145,test,CNV,cnv,OS,.tif,2.5113654136657715
CNV/145/015_CNV.tif,CNV-145,test,CNV,cnv,OS,.tif,2.707045793533325
CNV/145/016_CNV.tif,CNV-145,test,CNV,cnv,OS,.tif,2.289626121520996
CNV/145/017_CNV.tif,CNV-145,test,CNV,cnv,OS,.tif,2.8832263946533203
CNV/145/018_CNV.tif,CNV-145,test,CNV,cnv,OS,.tif,2.6575944423675537
CNV/145/019_CNV.tif,CNV-145,test,CNV,cnv,OS,.tif,2.6573665142059326
CNV/145/020_CNV.tif,CNV-145,test,CNV,cnv,OS,.tif,2.8200254440307617
CNV/145/021_CNV.tif,CNV-145,test,CNV,cnv,OS,.tif,2.720853567123413
CNV/145/022_CNV.tif,CNV-145,test,CNV,cnv,OS,.tif,2.581688404083252
CNV/145/023_CNV.tif,CNV-145,test,CNV,cnv,OS,.tif,2.4755165576934814
CNV/145/024_CNV.tif,CNV-145,test,CNV,cnv,OS,.tif,2.456244468688965
CNV/145/025_CNV.tif,CNV-145,test,CNV,cnv,OS,.tif,2.564171552658081
CNV/145/026_CNV.tif,CNV-145,test,CNV,cnv,OS,.tif,2.6685235500335693
CNV/145/027_CNV.tif,CNV-145,test,CNV,cnv,OS,.tif,2.243459939956665
CNV/145/028_CNV.tif,CNV-145,test,CNV,cnv,OS,.tif,2.1177115440368652
CNV/148/000_CNV.tif,CNV-148,test,CNV,cnv,OD,.tif,2.2171473503112793
CNV/148/001_CNV.tif,CNV-148,test,CNV,cnv,OD,.tif,1.970075249671936
CNV/148/002_CNV.tif,CNV-148,test,CNV,cnv,OD,.tif,2.544165849685669
CNV/148/003_CNV.tif,CNV-148,test,CNV,cnv,OD,.tif,2.0980777740478516
CNV/148/004_CNV.tif,CNV-148,test,CNV,cnv,OD,.tif,2.2090134620666504
CNV/148/005_CNV.tif,CNV-148,test,CNV,cnv,OD,.tif,2.151397943496704
CNV/148/006_CNV.tif,CNV-148,test,CNV,cnv,OD,.tif,2.107069969177246
CNV/148/007_CNV.tif,CNV-148,test,CNV,cnv,OD,.tif,2.5798230171203613
CNV/148/008_CNV.tif,CNV-148,test,CNV,cnv,OD,.tif,2.6898865699768066
CNV/148/009_CNV.tif,CNV-148,test,CNV,cnv,OD,.tif,2.816922903060913
CNV/148/010_CNV.tif,CNV-148,test,CNV,cnv,OD,.tif,2.9785749912261963
CNV/148/011_CNV.tif,CNV-148,test,CNV,cnv,OD,.tif,2.84175443649292
CNV/148/012_CNV.tif,CNV-148,test,CNV,cnv,OD,.tif,2.896921396255493
CNV/148/013_CNV.tif,CNV-148,test,CNV,cnv,OD,.tif,2.771232843399048
CNV/148/014_CNV.tif,CNV-148,test,CNV,cnv,OD,.tif,2.9520297050476074
CNV/148/015_CNV.tif,CNV-148,test,CNV,cnv,OD,.tif,2.2197458744049072
CNV/148/016_CNV.tif,CNV-148,test,CNV,cnv,OD,.tif,2.4995155334472656
CNV/148/017_CNV.tif,CNV-148,test,CNV,cnv,OD,.tif,2.465872287750244
CNV/148/018_CNV.tif,CNV-148,test,CNV,cnv,OD,.tif,2.2002556324005127
CNV/148/019_CNV.tif,CNV-148,test,CNV,cnv,OD,.tif,2.13737154006958
CNV/148/020_CNV.tif,CNV-148,test,CNV,cnv,OD,.tif,1.9327576160430908
CNV/148/021_CNV.tif,CNV-148,test,CNV,cnv,OD,.tif,1.9853777885437012
CNV/148/022_CNV.tif,CNV-148,test,CNV,cnv,OD,.tif,1.8584963083267212
CNV/148/023_CNV.tif,CNV-148,test,CNV,cnv,OD,.tif,1.6954460144042969
CNV/148/024_CNV.tif,CNV-148,test,CNV,cnv,OD,.tif,1.835972785949707
CNV/148/025_CNV.tif,CNV-148,test,CNV,cnv,OD,.tif,2.388423204421997
CNV/148/026_CNV.tif,CNV-148,test,CNV,cnv,OD,.tif,1.8967865705490112
CNV/148/027_CNV.tif,CNV-148,test,CNV,cnv,OD,.tif,1.9311991930007935
CNV/148/028_Normal.tif,CNV-148,test,CNV,normal,OD,.tif,1.879836916923523
CNV/148/029_Normal.tif,CNV-148,test,CNV,normal,OD,.tif,1.6707563400268555
CNV/148/030_Normal.tif,CNV-148,test,CNV,normal,OD,.tif,1.6841692924499512
CNV/149/000_Drusen.tif,CNV-149,test,CNV,drusen,OD,.tif,1.7317973375320435
CNV/149/001_Drusen.tif,CNV-149,test,CNV,drusen,OD,.tif,1.7841455936431885
CNV/149/002_CNV.tif,CNV-149,test,CNV,cnv,OD,.tif,1.849470853805542
CNV/149/003_CNV.tif,CNV-149,test,CNV,cnv,OD,.tif,1.8317794799804688
CNV/149/004_CNV.tif,CNV-149,test,CNV,cnv,OD,.tif,1.9370312690734863
CNV/149/005_CNV.tif,CNV-149,test,CNV,cnv,OD,.tif,2.050701379776001
CNV/149/006_CNV.tif,CNV-149,test,CNV,cnv,OD,.tif,2.1485543251037598
CNV/149/007_CNV.tif,CNV-149,test,CNV,cnv,OD,.tif,2.1664602756500244
CNV/149/008_CNV.tif,CNV-149,test,CNV,cnv,OD,.tif,2.1672987937927246
CNV/149/009_CNV.tif,CNV-149,test,CNV,cnv,OD,.tif,2.0854525566101074
CNV/149/010_CNV.tif,CNV-149,test,CNV,cnv,OD,.tif,2.161851167678833
CNV/149/011_CNV.tif,CNV-149,test,CNV,cnv,OD,.tif,2.018728256225586
CNV/149/012_CNV.tif,CNV-149,test,CNV,cnv,OD,.tif,1.9761015176773071
CNV/149/013_CNV.tif,CNV-149,test,CNV,cnv,OD,.tif,2.0557150840759277
CNV/149/014_CNV.tif,CNV-149,test,CNV,cnv,OD,.tif,2.077000141143799
CNV/149/015_CNV.tif,CNV-149,test,CNV,cnv,OD,.tif,2.234823703765869
CNV/149/016_CNV.tif,CNV-149,test,CNV,cnv,OD,.tif,2.321838855743408
CNV/149/017_CNV.tif,CNV-149,test,CNV,cnv,OD,.tif,2.701352834701538
CNV/149/018_CNV.tif,CNV-149,test,CNV,cnv,OD,.tif,2.790504217147827
CNV/149/019_CNV.tif,CNV-149,test,CNV,cnv,OD,.tif,2.8161733150482178
CNV/149/020_CNV.tif,CNV-149,test,CNV,cnv,OD,.tif,2.828911066055298
CNV/149/021_CNV.tif,CNV-149,test,CNV,cnv,OD,.tif,2.7853052616119385
CNV/149/022_CNV.tif,CNV-149,test,CNV,cnv,OD,.tif,2.4456522464752197
CNV/149/023_CNV.tif,CNV-149,test,CNV,cnv,OD,.tif,2.2691478729248047
CNV/149/024_CNV.tif,CNV-149,test,CNV,cnv,OD,.tif,2.098679780960083
CNV/149/025_CNV.tif,CNV-149,test,CNV,cnv,OD,.tif,1.9054301977157593
CNV/149/026_CNV.tif,CNV-149,test,CNV,cnv,OD,.tif,1.816112756729126
CNV/149/027_CNV.tif,CNV-149,test,CNV,cnv,OD,.tif,1.9303804636001587
CNV/149/028_CNV.tif,CNV-149,test,CNV,cnv,OD,.tif,1.668959379196167
CNV/149/029_Normal.tif,CNV-149,test,CNV,normal,OD,.tif,1.642627477645874
CNV/149/030_Normal.tif,CNV-149,test,CNV,normal,OD,.tif,1.6250890493392944
CNV/152/000_CNV.tif,CNV-152,test,CNV,cnv,OS,.tif,1.7078291177749634
CNV/152/001_CNV.tif,CNV-152,test,CNV,cnv,OS,.tif,1.6080044507980347
CNV/152/002_CNV.tif,CNV-152,test,CNV,cnv,OS,.tif,1.7054847478866577
CNV/152/003_CNV.tif,CNV-152,test,CNV,cnv,OS,.tif,1.7129993438720703
CNV/152/004_CNV.tif,CNV-152,test,CNV,cnv,OS,.tif,1.869845986366272
CNV/152/005_CNV.tif,CNV-152,test,CNV,cnv,OS,.tif,1.8268088102340698
CNV/152/006_CNV.tif,CNV-152,test,CNV,cnv,OS,.tif,2.0424513816833496
CNV/152/007_CNV.tif,CNV-152,test,CNV,cnv,OS,.tif,1.9033348560333252
CNV/152/008_CNV.tif,CNV-152,test,CNV,cnv,OS,.tif,1.9851347208023071
CNV/152/009_CNV.tif,CNV-152,test,CNV,cnv,OS,.tif,2.0578644275665283
CNV/152/010_CNV.tif,CNV-152,test,CNV,cnv,OS,.tif,2.1822738647460938
CNV/152/011_CNV.tif,CNV-152,test,CNV,cnv,OS,.tif,2.036363363265991
CNV/152/012_CNV.tif,CNV-152,test,CNV,cnv,OS,.tif,2.2223336696624756
CNV/152/013_CNV.tif,CNV-152,test,CNV,cnv,OS,.tif,2.0552849769592285
CNV/152/014_CNV.tif,CNV-152,test,CNV,cnv,OS,.tif,2.03082013130188
CNV/152/015_CNV.tif,CNV-152,test,CNV,cnv,OS,.tif,2.128556728363037
CNV/152/016_CNV.tif,CNV-152,test,CNV,cnv,OS,.tif,2.113107442855835
CNV/152/017_CNV.tif,CNV-152,test,CNV,cnv,OS,.tif,1.779968500137329
CNV/152/018_Normal.tif,CNV-152,test,CNV,normal,OS,.tif,1.7485160827636719
CNV/152/019_Normal.tif,CNV-152,test,CNV,normal,OS,.tif,1.7873613834381104
CNV/152/020_Drusen.tif,CNV-152,test,CNV,drusen,OS,.tif,1.855946660041809
CNV/152/021_Drusen.tif,CNV-152,test,CNV,drusen,OS,.tif,1.801662802696228
CNV/152/022_Normal.tif,CNV-152,test,CNV,normal,OS,.tif,1.8441849946975708
CNV/152/023_Normal.tif,CNV-152,test,CNV,normal,OS,.tif,1.8858691453933716
CNV/152/024_Normal.tif,CNV-152,test,CNV,normal,OS,.tif,2.0410449504852295
CNV/152/025_Normal.tif,CNV-152,test,CNV,normal,OS,.tif,1.8794028759002686
CNV/152/026_Normal.tif,CNV-152,test,CNV,normal,OS,.tif,1.960292935371399
CNV/152/027_Normal.tif,CNV-152,test,CNV,normal,OS,.tif,1.918420433998108
CNV/152/028_Normal.tif,CNV-152,test,CNV,normal,OS,.tif,1.9864388704299927
CNV/152/029_Normal.tif,CNV-152,test,CNV,normal,OS,.tif,1.8969353437423706
CNV/152/030_Normal.tif,CNV-152,test,CNV,normal,OS,.tif,2.1511330604553223
CNV/153/000_CNV.tif,CNV-153,test,CNV,cnv,OS,.tif,1.7961825132369995
CNV/153/001_CNV.tif,CNV-153,test,CNV,cnv,OS,.tif,1.7918922901153564
CNV/153/002_CNV.tif,CNV-153,test,CNV,cnv,OS,.tif,1.7683866024017334
CNV/153/003_CNV.tif,CNV-153,test,CNV,cnv,OS,.tif,1.5598293542861938
CNV/153/004_CNV.tif,CNV-153,test,CNV,cnv,OS,.tif,1.7558153867721558
CNV/153/005_CNV.tif,CNV-153,test,CNV,cnv,OS,.tif,1.7667924165725708
CNV/153/006_CNV.tif,CNV-153,test,CNV,cnv,OS,.tif,1.712296724319458
CNV/153/007_CNV.tif,CNV-153,test,CNV,cnv,OS,.tif,1.9036715030670166
CNV/153/008_CNV.tif,CNV-153,test,CNV,cnv,OS,.tif,2.2212135791778564
CNV/153/009_CNV.tif,CNV-153,test,CNV,cnv,OS,.tif,2.364250421524048
CNV/153/010_CNV.tif,CNV-153,test,CNV,cnv,OS,.tif,2.5473358631134033
CNV/153/011_CNV.tif,CNV-153,test,CNV,cnv,OS,.tif,2.327340602874756
CNV/153/012_CNV.tif,CNV-153,test,CNV,cnv,OS,.tif,2.199564218521118
CNV/153/013_CNV.tif,CNV-153,test,CNV,cnv,OS,.tif,2.277155637741089
CNV/153/014_CNV.tif,CNV-153,test,CNV,cnv,OS,.tif,2.162088394165039
CNV/153/015_CNV.tif,CNV-153,test,CNV,cnv,OS,.tif,2.1293909549713135
CNV/153/016_CNV.tif,CNV-153,test,CNV,cnv,OS,.tif,2.0953760147094727
CNV/153/017_CNV.tif,CNV-153,test,CNV,cnv,OS,.tif,2.0260331630706787
CNV/153/018_CNV.tif,CNV-153,test,CNV,cnv,OS,.tif,1.9856013059616089
CNV/153/019_CNV.tif,CNV-153,test,CNV,cnv,OS,.tif,2.3011865615844727
CNV/153/020_CNV.tif,CNV-153,test,CNV,cnv,OS,.tif,2.3693997859954834
CNV/153/021_CNV.tif,CNV-153,test,CNV,cnv,OS,.tif,1.855547308921814
CNV/153/022_CNV.tif,CNV-153,test,CNV,cnv,OS,.tif,1.7892613410949707
CNV/153/023_CNV.tif,CNV-153,test,CNV,cnv,OS,.tif,1.7578816413879395
CNV/153/024_Drusen.tif,CNV-153,test,CNV,drusen,OS,.tif,1.6536809206008911
CNV/153/025_Drusen.tif,CNV-153,test,CNV,drusen,OS,.tif,1.5960265398025513
CNV/153/026_Drusen.tif,CNV-153,test,CNV,drusen,OS,.tif,1.6624302864074707
CNV/153/027_Drusen.tif,CNV-153,test,CNV,drusen,OS,.tif,1.6602689027786255
CNV/153/028_Drusen.tif,CNV-153,test,CNV,drusen,OS,.tif,1.6407338380813599
CNV/153/029_Drusen.tif,CNV-153,test,CNV,drusen,OS,.tif,1.6800569295883179
CNV/153/030_Drusen.tif,CNV-153,test,CNV,drusen,OS,.tif,1.6161158084869385
CNV/154/000_Drusen.tif,CNV-154,test,CNV,drusen,OS,.tif,1.7342106103897095
CNV/154/001_Drusen.tif,CNV-154,test,CNV,drusen,OS,.tif,1.7366673946380615
CNV/154/002_Drusen.tif,CNV-154,test,CNV,drusen,OS,.tif,1.998160719871521
CNV/154/003_Drusen.tif,CNV-154,test,CNV,drusen,OS,.tif,1.9238516092300415
CNV/154/004_Drusen.tif,CNV-154,test,CNV,drusen,OS,.tif,1.6961793899536133
CNV/154/005_Drusen.tif,CNV-154,test,CNV,drusen,OS,.tif,1.8398793935775757
CNV/154/006_Drusen.tif,CNV-154,test,CNV,drusen,OS,.tif,1.7620608806610107
CNV/154/007_Drusen.tif,CNV-154,test,CNV,drusen,OS,.tif,1.8302032947540283
CNV/154/008_Drusen.tif,CNV-154,test,CNV,drusen,OS,.tif,1.9532992839813232
CNV/154/009_Drusen.tif,CNV-154,test,CNV,drusen,OS,.tif,2.014580249786377
CNV/154/010_CNV.tif,CNV-154,test,CNV,cnv,OS,.tif,1.9984350204467773
CNV/154/011_CNV.tif,CNV-154,test,CNV,cnv,OS,.tif,1.9528459310531616
CNV/154/012_CNV.tif,CNV-154,test,CNV,cnv,OS,.tif,1.9091893434524536
CNV/154/013_CNV.tif,CNV-154,test,CNV,cnv,OS,.tif,2.0754752159118652
CNV/154/014_CNV.tif,CNV-154,test,CNV,cnv,OS,.tif,2.0204875469207764
CNV/154/015_CNV.tif,CNV-154,test,CNV,cnv,OS,.tif,1.9953844547271729
CNV/154/016_CNV.tif,CNV-154,test,CNV,cnv,OS,.tif,2.042429208755493
CNV/154/017_CNV.tif,CNV-154,test,CNV,cnv,OS,.tif,2.059366226196289
CNV/154/018_CNV.tif,CNV-154,test,CNV,cnv,OS,.tif,1.9611315727233887
CNV/154/019_Drusen.tif,CNV-154,test,CNV,drusen,OS,.tif,1.871965765953064
CNV/154/020_Drusen.tif,CNV-154,test,CNV,drusen,OS,.tif,1.8106192350387573
CNV/154/021_Drusen.tif,CNV-154,test,CNV,drusen,OS,.tif,1.8265386819839478
CNV/154/022_Drusen.tif,CNV-154,test,CNV,drusen,OS,.tif,1.8942774534225464
CNV/154/023_Drusen.tif,CNV-154,test,CNV,drusen,OS,.tif,1.7743635177612305
CNV/154/024_Drusen.tif,CNV-154,test,CNV,drusen,OS,.tif,1.7918851375579834
CNV/154/025_Drusen.tif,CNV-154,test,CNV,drusen,OS,.tif,1.7403035163879395
CNV/154/026_Drusen.tif,CNV-154,test,CNV,drusen,OS,.tif,1.8637951612472534
CNV/154/027_Drusen.tif,CNV-154,test,CNV,drusen,OS,.tif,1.6857179403305054
CNV/154/028_Drusen.tif,CNV-154,test,CNV,drusen,OS,.tif,1.5743173360824585
CNV/154/029_Drusen.tif,CNV-154,test,CNV,drusen,OS,.tif,1.5517160892486572
CNV/154/030_Drusen.tif,CNV-154,test,CNV,drusen,OS,.tif,1.539048671722412
CNV/157/000_Drusen.tif,CNV-157,test,CNV,drusen,OS,.tif,1.7245161533355713
CNV/157/001_Drusen.tif,CNV-157,test,CNV,drusen,OS,.tif,1.8649929761886597
CNV/157/002_Drusen.tif,CNV-157,test,CNV,drusen,OS,.tif,1.7520414590835571
CNV/157/003_Drusen.tif,CNV-157,test,CNV,drusen,OS,.tif,1.769636631011963
CNV/157/004_Normal.tif,CNV-157,test,CNV,normal,OS,.tif,1.8620448112487793
CNV/157/005_Drusen.tif,CNV-157,test,CNV,drusen,OS,.tif,1.7127528190612793
CNV/157/006_CNV.tif,CNV-157,test,CNV,cnv,OS,.tif,1.9732006788253784
CNV/157/007_CNV.tif,CNV-157,test,CNV,cnv,OS,.tif,1.910729169845581
CNV/157/008_CNV.tif,CNV-157,test,CNV,cnv,OS,.tif,1.9272910356521606
CNV/157/009_CNV.tif,CNV-157,test,CNV,cnv,OS,.tif,2.01204252243042
CNV/157/010_CNV.tif,CNV-157,test,CNV,cnv,OS,.tif,2.0851964950561523
CNV/157/011_CNV.tif,CNV-157,test,CNV,cnv,OS,.tif,2.2052383422851562
CNV/157/012_CNV.tif,CNV-157,test,CNV,cnv,OS,.tif,2.3406999111175537
CNV/157/013_CNV.tif,CNV-157,test,CNV,cnv,OS,.tif,2.4226319789886475
CNV/157/014_CNV.tif,CNV-157,test,CNV,cnv,OS,.tif,2.3821213245391846
CNV/157/015_CNV.tif,CNV-157,test,CNV,cnv,OS,.tif,2.2390377521514893
CNV/157/016_CNV.tif,CNV-157,test,CNV,cnv,OS,.tif,2.2551660537719727
CNV/157/017_CNV.tif,CNV-157,test,CNV,cnv,OS,.tif,1.946170449256897
CNV/157/018_CNV.tif,CNV-157,test,CNV,cnv,OS,.tif,1.91233491897583
CNV/157/019_CNV.tif,CNV-157,test,CNV,cnv,OS,.tif,1.822585940361023
CNV/157/020_Drusen.tif,CNV-157,test,CNV,drusen,OS,.tif,1.8692518472671509
CNV/157/021_Drusen.tif,CNV-157,test,CNV,drusen,OS,.tif,1.752597689628601
CNV/157/022_Drusen.tif,CNV-157,test,CNV,drusen,OS,.tif,1.7077661752700806
CNV/157/023_Drusen.tif,CNV-157,test,CNV,drusen,OS,.tif,1.7233434915542603
CNV/157/024_Drusen.tif,CNV-157,test,CNV,drusen,OS,.tif,1.8330541849136353
DRUSEN/1/000_Normal.jpg,DRUSEN-001,test,DRUSEN,normal,OD,.jpg,2.616940975189209
DRUSEN/1/001_Normal.jpg,DRUSEN-001,test,DRUSEN,normal,OD,.jpg,2.407910108566284
DRUSEN/1/002_Normal.jpg,DRUSEN-001,test,DRUSEN,normal,OD,.jpg,2.583674907684326
DRUSEN/1/003_Normal.jpg,DRUSEN-001,test,DRUSEN,normal,OD,.jpg,2.417285203933716
DRUSEN/1/004_Drusen.jpg,DRUSEN-001,test,DRUSEN,drusen,OD,.jpg,2.637173652648926
DRUSEN/1/005_Drusen.jpg,DRUSEN-001,test,DRUSEN,drusen,OD,.jpg,2.452603578567505
DRUSEN/1/006_Normal.jpg,DRUSEN-001,test,DRUSEN,normal,OD,.jpg,2.2802624702453613
DRUSEN/1/007_Normal.jpg,DRUSEN-001,test,DRUSEN,normal,OD,.jpg,2.2755119800567627
DRUSEN/1/008_Normal.jpg,DRUSEN-001,test,DRUSEN,normal,OD,.jpg,2.2848856449127197
DRUSEN/1/009_Normal.jpg,DRUSEN-001,test,DRUSEN,normal,OD,.jpg,2.0213475227355957
DRUSEN/1/010_Normal.jpg,DRUSEN-001,test,DRUSEN,normal,OD,.jpg,2.0674808025360107
DRUSEN/1/011_Drusen.jpg,DRUSEN-001,test,DRUSEN,drusen,OD,.jpg,2.295015573501587
DRUSEN/1/012_Normal.jpg,DRUSEN-001,test,DRUSEN,normal,OD,.jpg,2.2827024459838867
DRUSEN/1/013_Normal.jpg,DRUSEN-001,test,DRUSEN,normal,OD,.jpg,2.3098671436309814
DRUSEN/1/014_Normal.jpg,DRUSEN-001,test,DRUSEN,normal,OD,.jpg,2.30926251411438
DRUSEN/1/015_Normal.jpg,DRUSEN-001,test,DRUSEN,normal,OD,.jpg,2.0242793560028076
DRUSEN/1/016_Normal.jpg,DRUSEN-001,test,DRUSEN,normal,OD,.jpg,1.9565024375915527
DRUSEN/1/017_Normal.jpg,DRUSEN-001,test,DRUSEN,normal,OD,.jpg,2.056523561477661
DRUSEN/1/018_Normal.jpg,DRUSEN-001,test,DRUSEN,normal,OD,.jpg,2.0299434661865234
DRUSEN/1/019_Normal.jpg,DRUSEN-001,test,DRUSEN,normal,OD,.jpg,2.080397129058838
DRUSEN/1/020_Drusen.jpg,DRUSEN-001,test,DRUSEN,drusen,OD,.jpg,2.1090943813323975
DRUSEN/1/021_Drusen.jpg,DRUSEN-001,test,DRUSEN,drusen,OD,.jpg,2.1326687335968018
DRUSEN/1/022_Normal.jpg,DRUSEN-001,test,DRUSEN,normal,OD,.jpg,2.1067888736724854
DRUSEN/1/023_Normal.jpg,DRUSEN-001,test,DRUSEN,normal,OD,.jpg,2.111142158508301
DRUSEN/1/024_Normal.jpg,DRUSEN-001,test,DRUSEN,normal,OD,.jpg,2.1009774208068848
DRUSEN/2/000_Normal.jpg,DRUSEN-002,test,DRUSEN,normal,OD,.jpg,1.6968621015548706
DRUSEN/2/001_Normal.jpg,DRUSEN-002,test,DRUSEN,normal,OD,.jpg,1.8874081373214722
DRUSEN/2/002_Normal.jpg,DRUSEN-002,test,DRUSEN,normal,OD,.jpg,1.6065882444381714
DRUSEN/2/003_Normal.jpg,DRUSEN-002,test,DRUSEN,normal,OD,.jpg,1.6008906364440918
DRUSEN/2/004_Normal.jpg,DRUSEN-002,test,DRUSEN,normal,OD,.jpg,1.6362621784210205
DRUSEN/2/005_Normal.jpg,DRUSEN-002,test,DRUSEN,normal,OD,.jpg,1.6804594993591309
DRUSEN/2/006_Normal.jpg,DRUSEN-002,test,DRUSEN,normal,OD,.jpg,1.7111743688583374
DRUSEN/2/007_Drusen.jpg,DRUSEN-002,test,DRUSEN,drusen,OD,.jpg,1.5076074600219727
DRUSEN/2/008_Drusen.jpg,DRUSEN-002,test,DRUSEN,drusen,OD,.jpg,1.4858118295669556
DRUSEN/2/009_Drusen.jpg,DRUSEN-002,test,DRUSEN,drusen,OD,.jpg,1.6015572547912598
DRUSEN/2/010_Normal.jpg,DRUSEN-002,test,DRUSEN,normal,OD,.jpg,1.5820152759552002
DRUSEN/2/011_Drusen.jpg,DRUSEN-002,test,DRUSEN,drusen,OD,.jpg,1.6154558658599854
DRUSEN/2/012_Drusen.jpg,DRUSEN-002,test,DRUSEN,drusen,OD,.jpg,1.677871823310852
DRUSEN/2/013_Drusen.jpg,DRUSEN-002,test,DRUSEN,drusen,OD,.jpg,1.7632205486297607
DRUSEN/2/014_Drusen.jpg,DRUSEN-002,test,DRUSEN,drusen,OD,.jpg,1.7515974044799805
DRUSEN/2/015_Drusen.jpg,DRUSEN-002,test,DRUSEN,drusen,OD,.jpg,1.8456238508224487
DRUSEN/2/016_Drusen.jpg,DRUSEN-002,test,DRUSEN,drusen,OD,.jpg,1.7584660053253174
DRUSEN/2/017_Drusen.jpg,DRUSEN-002,test,DRUSEN,drusen,OD,.jpg,1.6934356689453125
DRUSEN/2/018_Drusen.jpg,DRUSEN-002,test,DRUSEN,drusen,OD,.jpg,1.7380566596984863
DRUSEN/2/019_Drusen.jpg,DRUSEN-002,test,DRUSEN,drusen,OD,.jpg,1.653813362121582
DRUSEN/2/020_Drusen.jpg,DRUSEN-002,test,DRUSEN,drusen,OD,.jpg,1.6194226741790771
DRUSEN/2/021_Normal.jpg,DRUSEN-002,test,DRUSEN,normal,OD,.jpg,1.6073501110076904
DRUSEN/2/022_Drusen.jpg,DRUSEN-002,test,DRUSEN,drusen,OD,.jpg,1.7166414260864258
DRUSEN/2/023_Normal.jpg,DRUSEN-002,test,DRUSEN,normal,OD,.jpg,1.5918821096420288
DRUSEN/2/024_Normal.jpg,DRUSEN-002,test,DRUSEN,normal,OD,.jpg,1.6538026332855225
DRUSEN/2/025_Normal.jpg,DRUSEN-002,test,DRUSEN,normal,OD,.jpg,1.7081032991409302
DRUSEN/2/026_Normal.jpg,DRUSEN-002,test,DRUSEN,normal,OD,.jpg,1.727760910987854
DRUSEN/2/027_Normal.jpg,DRUSEN-002,test,DRUSEN,normal,OD,.jpg,1.5782150030136108
DRUSEN/2/028_Normal.jpg,DRUSEN-002,test,DRUSEN,normal,OD,.jpg,1.6144328117370605
DRUSEN/2/029_Normal.jpg,DRUSEN-002,test,DRUSEN,normal,OD,.jpg,1.5850799083709717
DRUSEN/2/030_Normal.jpg,DRUSEN-002,test,DRUSEN,normal,OD,.jpg,1.6214178800582886
DRUSEN/6/OD/000_Normal.jpg,DRUSEN-006,test,DRUSEN,normal,OD,.jpg,1.5262582302093506
DRUSEN/6/OD/001_Drusen.jpg,DRUSEN-006,test,DRUSEN,drusen,OD,.jpg,1.5526951551437378
DRUSEN/6/OD/002_Drusen.jpg,DRUSEN-006,test,DRUSEN,drusen,OD,.jpg,1.5576813220977783
DRUSEN/6/OD/003_Normal.jpg,DRUSEN-006,test,DRUSEN,normal,OD,.jpg,1.5787798166275024
DRUSEN/6/OD/004_Normal.jpg,DRUSEN-006,test,DRUSEN,normal,OD,.jpg,1.6460081338882446
DRUSEN/6/OD/005_Drusen.jpg,DRUSEN-006,test,DRUSEN,drusen,OD,.jpg,1.7052630186080933
DRUSEN/6/OD/006_Drusen.jpg,DRUSEN-006,test,DRUSEN,drusen,OD,.jpg,1.8105770349502563
DRUSEN/6/OD/007_Drusen.jpg,DRUSEN-006,test,DRUSEN,drusen,OD,.jpg,1.8879531621932983
DRUSEN/6/OD/008_Drusen.jpg,DRUSEN-006,test,DRUSEN,drusen,OD,.jpg,1.925039291381836
DRUSEN/6/OD/009_Normal.jpg,DRUSEN-006,test,DRUSEN,normal,OD,.jpg,2.0627732276916504
DRUSEN/6/OD/010_Drusen.jpg,DRUSEN-006,test,DRUSEN,drusen,OD,.jpg,1.9245399236679077
DRUSEN/6/OD/011_Normal.jpg,DRUSEN-006,test,DRUSEN,normal,OD,.jpg,1.9320509433746338
DRUSEN/6/OD/012_Normal.jpg,DRUSEN-006,test,DRUSEN,normal,OD,.jpg,1.909711241722107
DRUSEN/6/OD/013_Normal.jpg,DRUSEN-006,test,DRUSEN,normal,OD,.jpg,1.9538854360580444
DRUSEN/6/OD/014_Normal.jpg,DRUSEN-006,test,DRUSEN,normal,OD,.jpg,1.9421583414077759
DRUSEN/6/OD/015_Normal.jpg,DRUSEN-006,test,DRUSEN,normal,OD,.jpg,1.9002646207809448
DRUSEN/6/OD/016_Drusen.jpg,DRUSEN-006,test,DRUSEN,drusen,OD,.jpg,1.9344463348388672
DRUSEN/6/OD/017_Normal.jpg,DRUSEN-006,test,DRUSEN,normal,OD,.jpg,1.918576955795288
DRUSEN/6/OD/018_Normal.jpg,DRUSEN-006,test,DRUSEN,normal,OD,.jpg,1.894993782043457
DRUSEN/6/OD/019_Normal.jpg,DRUSEN-006,test,DRUSEN,normal,OD,.jpg,1.8780128955841064
DRUSEN/6/OD/020_Normal.jpg,DRUSEN-006,test,DRUSEN,normal,OD,.jpg,1.9060698747634888
DRUSEN/6/OD/021_Normal.jpg,DRUSEN-006,test,DRUSEN,normal,OD,.jpg,1.8776413202285767
DRUSEN/6/OD/022_Normal.jpg,DRUSEN-006,test,DRUSEN,normal,OD,.jpg,1.9236465692520142
DRUSEN/6/OD/023_Normal.jpg,DRUSEN-006,test,DRUSEN,normal,OD,.jpg,2.01200795173645
DRUSEN/6/OD/024_Drusen.jpg,DRUSEN-006,test,DRUSEN,drusen,OD,.jpg,1.9862943887710571
DRUSEN/6/OD/025_Drusen.jpg,DRUSEN-006,test,DRUSEN,drusen,OD,.jpg,2.003322124481201
DRUSEN/6/OD/026_Drusen.jpg,DRUSEN-006,test,DRUSEN,drusen,OD,.jpg,1.9631528854370117
DRUSEN/6/OD/027_Drusen.jpg,DRUSEN-006,test,DRUSEN,drusen,OD,.jpg,2.085080862045288
DRUSEN/6/OD/028_Drusen.jpg,DRUSEN-006,test,DRUSEN,drusen,OD,.jpg,2.0368447303771973
DRUSEN/6/OD/029_Drusen.jpg,DRUSEN-006,test,DRUSEN,drusen,OD,.jpg,1.957578420639038
DRUSEN/6/OD/030_Drusen.jpg,DRUSEN-006,test,DRUSEN,drusen,OD,.jpg,1.989737868309021
DRUSEN/6/OS/000_Drusen.jpg,DRUSEN-006,test,DRUSEN,drusen,OS,.jpg,1.5304535627365112
DRUSEN/6/OS/001_Drusen.jpg,DRUSEN-006,test,DRUSEN,drusen,OS,.jpg,1.4928706884384155
DRUSEN/6/OS/002_Drusen.jpg,DRUSEN-006,test,DRUSEN,drusen,OS,.jpg,1.5581073760986328
DRUSEN/6/OS/003_Drusen.jpg,DRUSEN-006,test,DRUSEN,drusen,OS,.jpg,1.590057134628296
DRUSEN/6/OS/004_Drusen.jpg,DRUSEN-006,test,DRUSEN,drusen,OS,.jpg,1.6401262283325195
DRUSEN/6/OS/005_Normal.jpg,DRUSEN-006,test,DRUSEN,normal,OS,.jpg,1.629760980606079
DRUSEN/6/OS/006_Normal.jpg,DRUSEN-006,test,DRUSEN,normal,OS,.jpg,1.6092430353164673
DRUSEN/6/OS/007_Normal.jpg,DRUSEN-006,test,DRUSEN,normal,OS,.jpg,1.7046769857406616
DRUSEN/6/OS/008_Normal.jpg,DRUSEN-006,test,DRUSEN,normal,OS,.jpg,1.7370212078094482
DRUSEN/6/OS/009_Normal.jpg,DRUSEN-006,test,DRUSEN,normal,OS,.jpg,1.7106714248657227
DRUSEN/6/OS/010_Normal.jpg,DRUSEN-006,test,DRUSEN,normal,OS,.jpg,1.7128210067749023
DRUSEN/6/OS/011_Normal.jpg,DRUSEN-006,test,DRUSEN,normal,OS,.jpg,1.6453033685684204
DRUSEN/6/OS/012_Normal.jpg,DRUSEN-006,test,DRUSEN,normal,OS,.jpg,1.6686800718307495
DRUSEN/6/OS/013_Normal.jpg,DRUSEN-006,test,DRUSEN,normal,OS,.jpg,1.5998793840408325
DRUSEN/6/OS/014_Normal.jpg,DRUSEN-006,test,DRUSEN,normal,OS,.jpg,1.6148345470428467
DRUSEN/6/OS/015_Normal.jpg,DRUSEN-006,test,DRUSEN,normal,OS,.jpg,1.716376543045044
DRUSEN/6/OS/016_Normal.jpg,DRUSEN-006,test,DRUSEN,normal,OS,.jpg,1.7542741298675537
DRUSEN/6/OS/017_Normal.jpg,DRUSEN-006,test,DRUSEN,normal,OS,.jpg,1.760705828666687
DRUSEN/6/OS/018_Normal.jpg,DRUSEN-006,test,DRUSEN,normal,OS,.jpg,1.799107313156128
DRUSEN/6/OS/019_Normal.jpg,DRUSEN-006,test,DRUSEN,normal,OS,.jpg,1.8305689096450806
DRUSEN/6/OS/020_Normal.jpg,DRUSEN-006,test,DRUSEN,normal,OS,.jpg,1.7710708379745483
DRUSEN/6/OS/021_Normal.jpg,DRUSEN-006,test,DRUSEN,normal,OS,.jpg,1.8091374635696411
DRUSEN/6/OS/022_Drusen.jpg,DRUSEN-006,test,DRUSEN,drusen,OS,.jpg,1.7882752418518066
DRUSEN/6/OS/023_Drusen.jpg,DRUSEN-006,test,DRUSEN,drusen,OS,.jpg,1.7524619102478027
DRUSEN/6/OS/024_Normal.jpg,DRUSEN-006,test,DRUSEN,normal,OS,.jpg,1.8829092979431152
DRUSEN/6/OS/025_Drusen.jpg,DRUSEN-006,test,DRUSEN,drusen,OS,.jpg,1.8214833736419678
DRUSEN/6/OS/026_Drusen.jpg,DRUSEN-006,test,DRUSEN,drusen,OS,.jpg,1.8912677764892578
DRUSEN/6/OS/027_Normal.jpg,DRUSEN-006,test,DRUSEN,normal,OS,.jpg,1.8424631357192993
DRUSEN/6/OS/028_Drusen.jpg,DRUSEN-006,test,DRUSEN,drusen,OS,.jpg,1.8642425537109375
DRUSEN/6/OS/029_Drusen.jpg,DRUSEN-006,test,DRUSEN,drusen,OS,.jpg,1.8158360719680786
DRUSEN/6/OS/030_Drusen.jpg,DRUSEN-006,test,DRUSEN,drusen,OS,.jpg,1.8691619634628296
DRUSEN/10/000_Normal.jpg,DRUSEN-010,test,DRUSEN,normal,OS,.jpg,1.762715458869934
DRUSEN/10/001_Normal.jpg,DRUSEN-010,test,DRUSEN,normal,OS,.jpg,1.828466534614563
DRUSEN/10/002_Normal.jpg,DRUSEN-010,test,DRUSEN,normal,OS,.jpg,1.8050428628921509
DRUSEN/10/003_Normal.jpg,DRUSEN-010,test,DRUSEN,normal,OS,.jpg,1.686598539352417
DRUSEN/10/004_Normal.jpg,DRUSEN-010,test,DRUSEN,normal,OS,.jpg,1.6731306314468384
DRUSEN/10/005_Normal.jpg,DRUSEN-010,test,DRUSEN,normal,OS,.jpg,1.7354384660720825
DRUSEN/10/006_Normal.jpg,DRUSEN-010,test,DRUSEN,normal,OS,.jpg,1.6349360942840576
DRUSEN/10/007_Normal.jpg,DRUSEN-010,test,DRUSEN,normal,OS,.jpg,1.699018120765686
DRUSEN/10/008_Normal.jpg,DRUSEN-010,test,DRUSEN,normal,OS,.jpg,1.618629813194275
DRUSEN/10/009_Normal.jpg,DRUSEN-010,test,DRUSEN,normal,OS,.jpg,1.659298062324524
DRUSEN/10/010_Normal.jpg,DRUSEN-010,test,DRUSEN,normal,OS,.jpg,1.6291627883911133
DRUSEN/10/011_Normal.jpg,DRUSEN-010,test,DRUSEN,normal,OS,.jpg,1.6031417846679688
DRUSEN/10/012_Drusen.jpg,DRUSEN-010,test,DRUSEN,drusen,OS,.jpg,1.5242924690246582
DRUSEN/10/013_Drusen.jpg,DRUSEN-010,test,DRUSEN,drusen,OS,.jpg,1.7044097185134888
DRUSEN/10/014_Drusen.jpg,DRUSEN-010,test,DRUSEN,drusen,OS,.jpg,1.8114962577819824
DRUSEN/10/015_Drusen.jpg,DRUSEN-010,test,DRUSEN,drusen,OS,.jpg,1.6863149404525757
DRUSEN/10/016_Drusen.jpg,DRUSEN-010,test,DRUSEN,drusen,OS,.jpg,1.6519019603729248
DRUSEN/10/017_Drusen.jpg,DRUSEN-010,test,DRUSEN,drusen,OS,.jpg,1.6865588426589966
DRUSEN/10/018_Drusen.jpg,DRUSEN-010,test,DRUSEN,drusen,OS,.jpg,1.5764347314834595
DRUSEN/10/019_Drusen.jpg,DRUSEN-010,test,DRUSEN,drusen,OS,.jpg,1.5310202836990356
DRUSEN/10/020_Normal.jpg,DRUSEN-010,test,DRUSEN,normal,OS,.jpg,1.4746509790420532
DRUSEN/10/021_Drusen.jpg,DRUSEN-010,test,DRUSEN,drusen,OS,.jpg,1.6328555345535278
DRUSEN/10/022_Drusen.jpg,DRUSEN-010,test,DRUSEN,drusen,OS,.jpg,1.549338459968567
DRUSEN/10/023_Drusen.jpg,DRUSEN-010,test,DRUSEN,drusen,OS,.jpg,1.504015564918518
DRUSEN/10/024_Drusen.jpg,DRUSEN-010,test,DRUSEN,drusen,OS,.jpg,1.6039984226226807
DRUSEN/10/025_Drusen.jpg,DRUSEN-010,test,DRUSEN,drusen,OS,.jpg,1.5545086860656738
DRUSEN/10/026_Drusen.jpg,DRUSEN-010,test,DRUSEN,drusen,OS,.jpg,1.5604101419448853
DRUSEN/10/027_Drusen.jpg,DRUSEN-010,test,DRUSEN,drusen,OS,.jpg,1.5542466640472412
DRUSEN/10/028_Drusen.jpg,DRUSEN-010,test,DRUSEN,drusen,OS,.jpg,1.5775158405303955
DRUSEN/10/029_Normal.jpg,DRUSEN-010,test,DRUSEN,normal,OS,.jpg,1.5901899337768555
DRUSEN/10/030_Normal.jpg,DRUSEN-010,test,DRUSEN,normal,OS,.jpg,1.6021745204925537
DRUSEN/11/000_Normal.jpg,DRUSEN-011,test,DRUSEN,normal,OS,.jpg,2.0144436359405518
DRUSEN/11/001_Normal.jpg,DRUSEN-011,test,DRUSEN,normal,OS,.jpg,1.7523834705352783
DRUSEN/11/002_Normal.jpg,DRUSEN-011,test,DRUSEN,normal,OS,.jpg,1.8971612453460693
DRUSEN/11/003_Normal.jpg,DRUSEN-011,test,DRUSEN,normal,OS,.jpg,1.8687020540237427
DRUSEN/11/004_Normal.jpg,DRUSEN-011,test,DRUSEN,normal,OS,.jpg,1.8784780502319336
DRUSEN/11/005_Normal.jpg,DRUSEN-011,test,DRUSEN,normal,OS,.jpg,1.7229615449905396
DRUSEN/11/006_Normal.jpg,DRUSEN-011,test,DRUSEN,normal,OS,.jpg,1.7609202861785889
DRUSEN/11/007_Normal.jpg,DRUSEN-011,test,DRUSEN,normal,OS,.jpg,1.6897372007369995
DRUSEN/11/008_Normal.jpg,DRUSEN-011,test,DRUSEN,normal,OS,.jpg,1.7814832925796509
DRUSEN/11/009_Normal.jpg,DRUSEN-011,test,DRUSEN,normal,OS,.jpg,1.6932746171951294
DRUSEN/11/010_Normal.jpg,DRUSEN-011,test,DRUSEN,normal,OS,.jpg,1.6357824802398682
DRUSEN/11/011_Drusen.jpg,DRUSEN-011,test,DRUSEN,drusen,OS,.jpg,1.628016710281372
DRUSEN/11/012_Drusen.jpg,DRUSEN-011,test,DRUSEN,drusen,OS,.jpg,1.799945592880249
DRUSEN/11/013_Normal.jpg,DRUSEN-011,test,DRUSEN,normal,OS,.jpg,1.866682529449463
DRUSEN/11/014_Normal.jpg,DRUSEN-011,test,DRUSEN,normal,OS,.jpg,1.7939194440841675
DRUSEN/11/015_Normal.jpg,DRUSEN-011,test,DRUSEN,normal,OS,.jpg,1.9159274101257324
DRUSEN/11/016_Normal.jpg,DRUSEN-011,test,DRUSEN,normal,OS,.jpg,1.6888850927352905
DRUSEN/11/017_Normal.jpg,DRUSEN-011,test,DRUSEN,normal,OS,.jpg,1.883711338043213
DRUSEN/11/018_Normal.jpg,DRUSEN-011,test,DRUSEN,normal,OS,.jpg,1.9114569425582886
DRUSEN/11/019_Normal.jpg,DRUSEN-011,test,DRUSEN,normal,OS,.jpg,1.796836495399475
DRUSEN/11/020_Normal.jpg,DRUSEN-011,test,DRUSEN,normal,OS,.jpg,1.7214924097061157
DRUSEN/11/021_Normal.jpg,DRUSEN-011,test,DRUSEN,normal,OS,.jpg,1.7663339376449585
DRUSEN/11/022_Normal.jpg,DRUSEN-011,test,DRUSEN,normal,OS,.jpg,1.652709722518921
DRUSEN/11/023_Normal.jpg,DRUSEN-011,test,DRUSEN,normal,OS,.jpg,1.6325881481170654
DRUSEN/11/024_Normal.jpg,DRUSEN-011,test,DRUSEN,normal,OS,.jpg,1.6608059406280518
DRUSEN/11/025_Normal.jpg,DRUSEN-011,test,DRUSEN,normal,OS,.jpg,1.5625516176223755
DRUSEN/11/026_Normal.jpg,DRUSEN-011,test,DRUSEN,normal,OS,.jpg,1.6385124921798706
DRUSEN/11/027_Normal.jpg,DRUSEN-011,test,DRUSEN,normal,OS,.jpg,1.5557104349136353
DRUSEN/11/028_Normal.jpg,DRUSEN-011,test,DRUSEN,normal,OS,.jpg,1.6237245798110962
DRUSEN/11/029_Normal.jpg,DRUSEN-011,test,DRUSEN,normal,OS,.jpg,1.6377203464508057
DRUSEN/11/030_Normal.jpg,DRUSEN-011,test,DRUSEN,normal,OS,.jpg,1.622795820236206
DRUSEN/12/000_Normal.jpg,DRUSEN-012,test,DRUSEN,normal,OD,.jpg,1.8548063039779663
DRUSEN/12/001_Normal.jpg,DRUSEN-012,test,DRUSEN,normal,OD,.jpg,1.8724056482315063
DRUSEN/12/002_Normal.jpg,DRUSEN-012,test,DRUSEN,normal,OD,.jpg,2.0299808979034424
DRUSEN/12/003_Normal.jpg,DRUSEN-012,test,DRUSEN,normal,OD,.jpg,1.8641901016235352
DRUSEN/12/004_Normal.jpg,DRUSEN-012,test,DRUSEN,normal,OD,.jpg,1.858665943145752
DRUSEN/12/005_Normal.jpg,DRUSEN-012,test,DRUSEN,normal,OD,.jpg,1.9758144617080688
DRUSEN/12/006_Normal.jpg,DRUSEN-012,test,DRUSEN,normal,OD,.jpg,1.933924674987793
DRUSEN/12/007_Normal.jpg,DRUSEN-012,test,DRUSEN,normal,OD,.jpg,1.9450228214263916
DRUSEN/12/008_Normal.jpg,DRUSEN-012,test,DRUSEN,normal,OD,.jpg,1.8913471698760986
DRUSEN/12/009_Drusen.jpg,DRUSEN-012,test,DRUSEN,drusen,OD,.jpg,1.8863170146942139
DRUSEN/12/010_Normal.jpg,DRUSEN-012,test,DRUSEN,normal,OD,.jpg,1.7573367357254028
DRUSEN/12/011_Normal.jpg,DRUSEN-012,test,DRUSEN,normal,OD,.jpg,1.8316514492034912
DRUSEN/12/012_Normal.jpg,DRUSEN-012,test,DRUSEN,normal,OD,.jpg,1.8559598922729492
DRUSEN/12/013_Normal.jpg,DRUSEN-012,test,DRUSEN,normal,OD,.jpg,1.8092131614685059
DRUSEN/12/014_Drusen.jpg,DRUSEN-012,test,DRUSEN,drusen,OD,.jpg,2.084930658340454
DRUSEN/12/015_Drusen.jpg,DRUSEN-012,test,DRUSEN,drusen,OD,.jpg,2.0739357471466064
DRUSEN/12/016_Normal.jpg,DRUSEN-012,test,DRUSEN,normal,OD,.jpg,1.8724970817565918
DRUSEN/12/017_Normal.jpg,DRUSEN-012,test,DRUSEN,normal,OD,.jpg,1.837692141532898
DRUSEN/12/018_Normal.jpg,DRUSEN-012,test,DRUSEN,normal,OD,.jpg,1.858581781387329
DRUSEN/12/019_Normal.jpg,DRUSEN-012,test,DRUSEN,normal,OD,.jpg,1.905574083328247
DRUSEN/12/020_Normal.jpg,DRUSEN-012,test,DRUSEN,normal,OD,.jpg,1.8051413297653198
DRUSEN/12/021_Normal.jpg,DRUSEN-012,test,DRUSEN,normal,OD,.jpg,1.9055650234222412
DRUSEN/12/022_Drusen.jpg,DRUSEN-012,test,DRUSEN,drusen,OD,.jpg,2.0231246948242188
DRUSEN/12/023_Drusen.jpg,DRUSEN-012,test,DRUSEN,drusen,OD,.jpg,2.1486709117889404
DRUSEN/12/024_Drusen.jpg,DRUSEN-012,test,DRUSEN,drusen,OD,.jpg,2.089627742767334
DRUSEN/12/025_Drusen.jpg,DRUSEN-012,test,DRUSEN,drusen,OD,.jpg,2.254741907119751
DRUSEN/12/026_Normal.jpg,DRUSEN-012,test,DRUSEN,normal,OD,.jpg,2.1764309406280518
DRUSEN/12/027_Normal.jpg,DRUSEN-012,test,DRUSEN,normal,OD,.jpg,2.2312066555023193
DRUSEN/12/028_Normal.jpg,DRUSEN-012,test,DRUSEN,normal,OD,.jpg,2.342663526535034
DRUSEN/12/029_Normal.jpg,DRUSEN-012,test,DRUSEN,normal,OD,.jpg,2.2858567237854004
DRUSEN/12/030_Normal.jpg,DRUSEN-012,test,DRUSEN,normal,OD,.jpg,2.127314805984497
DRUSEN/14/OD/000_Normal.jpg,DRUSEN-014,test,DRUSEN,normal,OD,.jpg,1.9977658987045288
DRUSEN/14/OD/001_Drusen.jpg,DRUSEN-014,test,DRUSEN,drusen,OD,.jpg,1.9163020849227905
DRUSEN/14/OD/002_Normal.jpg,DRUSEN-014,test,DRUSEN,normal,OD,.jpg,1.9784495830535889
DRUSEN/14/OD/003_Normal.jpg,DRUSEN-014,test,DRUSEN,normal,OD,.jpg,1.9310070276260376
DRUSEN/14/OD/004_Normal.jpg,DRUSEN-014,test,DRUSEN,normal,OD,.jpg,1.8862823247909546
DRUSEN/14/OD/005_Normal.jpg,DRUSEN-014,test,DRUSEN,normal,OD,.jpg,1.8781620264053345
DRUSEN/14/OD/006_Drusen.jpg,DRUSEN-014,test,DRUSEN,drusen,OD,.jpg,1.9235141277313232
DRUSEN/14/OD/007_Drusen.jpg,DRUSEN-014,test,DRUSEN,drusen,OD,.jpg,1.9491583108901978
DRUSEN/14/OD/008_Drusen.jpg,DRUSEN-014,test,DRUSEN,drusen,OD,.jpg,1.907609224319458
DRUSEN/14/OD/009_Drusen.jpg,DRUSEN-014,test,DRUSEN,drusen,OD,.jpg,1.794865608215332
DRUSEN/14/OD/010_Drusen.jpg,DRUSEN-014,test,DRUSEN,drusen,OD,.jpg,1.786386489868164
DRUSEN/14/OD/011_Drusen.jpg,DRUSEN-014,test,DRUSEN,drusen,OD,.jpg,1.7772060632705688
DRUSEN/14/OD/012_Drusen.jpg,DRUSEN-014,test,DRUSEN,drusen,OD,.jpg,1.7316678762435913
DRUSEN/14/OD/013_Drusen.jpg,DRUSEN-014,test,DRUSEN,drusen,OD,.jpg,1.722764492034912
DRUSEN/14/OD/014_Drusen.jpg,DRUSEN-014,test,DRUSEN,drusen,OD,.jpg,1.7302693128585815
DRUSEN/14/OD/015_Drusen.jpg,DRUSEN-014,test,DRUSEN,drusen,OD,.jpg,1.9078468084335327
DRUSEN/14/OD/016_Drusen.jpg,DRUSEN-014,test,DRUSEN,drusen,OD,.jpg,1.8985460996627808
DRUSEN/14/OD/017_Drusen.jpg,DRUSEN-014,test,DRUSEN,drusen,OD,.jpg,1.8801072835922241
DRUSEN/14/OD/018_Drusen.jpg,DRUSEN-014,test,DRUSEN,drusen,OD,.jpg,1.9771921634674072
DRUSEN/14/OD/019_Drusen.jpg,DRUSEN-014,test,DRUSEN,drusen,OD,.jpg,1.921125888824463
DRUSEN/14/OD/020_Drusen.jpg,DRUSEN-014,test,DRUSEN,drusen,OD,.jpg,1.8674259185791016
DRUSEN/14/OD/021_Drusen.jpg,DRUSEN-014,test,DRUSEN,drusen,OD,.jpg,1.9976152181625366
DRUSEN/14/OD/022_Drusen.jpg,DRUSEN-014,test,DRUSEN,drusen,OD,.jpg,1.7528756856918335
DRUSEN/14/OD/023_Drusen.jpg,DRUSEN-014,test,DRUSEN,drusen,OD,.jpg,1.9095641374588013
DRUSEN/14/OD/024_Drusen.jpg,DRUSEN-014,test,DRUSEN,drusen,OD,.jpg,1.9126801490783691
DRUSEN/14/OD/025_Drusen.jpg,DRUSEN-014,test,DRUSEN,drusen,OD,.jpg,2.0540988445281982
DRUSEN/14/OD/026_Drusen.jpg,DRUSEN-014,test,DRUSEN,drusen,OD,.jpg,1.903210997581482
DRUSEN/14/OD/027_Drusen.jpg,DRUSEN-014,test,DRUSEN,drusen,OD,.jpg,1.8739851713180542
DRUSEN/14/OD/028_Drusen.jpg,DRUSEN-014,test,DRUSEN,drusen,OD,.jpg,1.7623144388198853
DRUSEN/14/OD/029_Drusen.jpg,DRUSEN-014,test,DRUSEN,drusen,OD,.jpg,1.8419570922851562
DRUSEN/14/OD/030_Drusen.jpg,DRUSEN-014,test,DRUSEN,drusen,OD,.jpg,1.9022672176361084
DRUSEN/14/OS/000_Normal.jpg,DRUSEN-014,test,DRUSEN,normal,OS,.jpg,2.0266659259796143
DRUSEN/14/OS/001_Drusen.jpg,DRUSEN-014,test,DRUSEN,drusen,OS,.jpg,2.0215582847595215
DRUSEN/14/OS/002_Normal.jpg,DRUSEN-014,test,DRUSEN,normal,OS,.jpg,2.1440300941467285
DRUSEN/14/OS/003_Normal.jpg,DRUSEN-014,test,DRUSEN,normal,OS,.jpg,2.0701446533203125
DRUSEN/14/OS/004_Normal.jpg,DRUSEN-014,test,DRUSEN,normal,OS,.jpg,2.1173176765441895
DRUSEN/14/OS/005_Drusen.jpg,DRUSEN-014,test,DRUSEN,drusen,OS,.jpg,2.0850117206573486
DRUSEN/14/OS/006_Drusen.jpg,DRUSEN-014,test,DRUSEN,drusen,OS,.jpg,1.9744999408721924
DRUSEN/14/OS/007_Drusen.jpg,DRUSEN-014,test,DRUSEN,drusen,OS,.jpg,1.9859448671340942
DRUSEN/14/OS/008_Drusen.jpg,DRUSEN-014,test,DRUSEN,drusen,OS,.jpg,2.0327036380767822
DRUSEN/14/OS/009_Drusen.jpg,DRUSEN-014,test,DRUSEN,drusen,OS,.jpg,2.015808582305908
DRUSEN/14/OS/010_Drusen.jpg,DRUSEN-014,test,DRUSEN,drusen,OS,.jpg,2.0427539348602295
DRUSEN/14/OS/011_Drusen.jpg,DRUSEN-014,test,DRUSEN,drusen,OS,.jpg,2.145155429840088
DRUSEN/14/OS/012_Drusen.jpg,DRUSEN-014,test,DRUSEN,drusen,OS,.jpg,1.9908854961395264
DRUSEN/14/OS/013_Drusen.jpg,DRUSEN-014,test,DRUSEN,drusen,OS,.jpg,2.0120253562927246
DRUSEN/14/OS/014_Drusen.jpg,DRUSEN-014,test,DRUSEN,drusen,OS,.jpg,2.08463716506958
DRUSEN/14/OS/015_Drusen.jpg,DRUSEN-014,test,DRUSEN,drusen,OS,.jpg,2.18810772895813
DRUSEN/14/OS/016_Drusen.jpg,DRUSEN-014,test,DRUSEN,drusen,OS,.jpg,2.0317957401275635
DRUSEN/14/OS/017_Drusen.jpg,DRUSEN-014,test,DRUSEN,drusen,OS,.jpg,2.264317512512207
DRUSEN/14/OS/018_Drusen.jpg,DRUSEN-014,test,DRUSEN,drusen,OS,.jpg,2.0654728412628174
DRUSEN/14/OS/019_Drusen.jpg,DRUSEN-014,test,DRUSEN,drusen,OS,.jpg,2.127335548400879
DRUSEN/14/OS/020_Drusen.jpg,DRUSEN-014,test,DRUSEN,drusen,OS,.jpg,2.054119348526001
DRUSEN/14/OS/021_Drusen.jpg,DRUSEN-014,test,DRUSEN,drusen,OS,.jpg,2.075770854949951
DRUSEN/14/OS/022_Drusen.jpg,DRUSEN-014,test,DRUSEN,drusen,OS,.jpg,1.9938602447509766
DRUSEN/14/OS/023_Drusen.jpg,DRUSEN-014,test,DRUSEN,drusen,OS,.jpg,1.9395909309387207
DRUSEN/14/OS/024_Drusen.jpg,DRUSEN-014,test,DRUSEN,drusen,OS,.jpg,1.9111578464508057
DRUSEN/14/OS/025_Drusen.jpg,DRUSEN-014,test,DRUSEN,drusen,OS,.jpg,2.083101511001587
DRUSEN/14/OS/026_Drusen.jpg,DRUSEN-014,test,DRUSEN,drusen,OS,.jpg,2.0313897132873535
DRUSEN/14/OS/027_Drusen.jpg,DRUSEN-014,test,DRUSEN,drusen,OS,.jpg,2.075834035873413
DRUSEN/14/OS/028_Drusen.jpg,DRUSEN-014,test,DRUSEN,drusen,OS,.jpg,1.9542570114135742
DRUSEN/14/OS/029_Normal.jpg,DRUSEN-014,test,DRUSEN,normal,OS,.jpg,2.1168832778930664
DRUSEN/14/OS/030_Normal.jpg,DRUSEN-014,test,DRUSEN,normal,OS,.jpg,2.180912494659424
DRUSEN/18/OD/000_Normal.tif,DRUSEN-018,test,DRUSEN,normal,OD,.tif,1.7034980058670044
DRUSEN/18/OD/001_Normal.tif,DRUSEN-018,test,DRUSEN,normal,OD,.tif,1.7264975309371948
DRUSEN/18/OD/002_Normal.tif,DRUSEN-018,test,DRUSEN,normal,OD,.tif,1.9069448709487915
DRUSEN/18/OD/003_Normal.tif,DRUSEN-018,test,DRUSEN,normal,OD,.tif,1.7468104362487793
DRUSEN/18/OD/004_Normal.tif,DRUSEN-018,test,DRUSEN,normal,OD,.tif,1.778996467590332
DRUSEN/18/OD/005_Normal.tif,DRUSEN-018,test,DRUSEN,normal,OD,.tif,1.8125979900360107
DRUSEN/18/OD/006_Normal.tif,DRUSEN-018,test,DRUSEN,normal,OD,.tif,1.8635720014572144
DRUSEN/18/OD/007_Normal.tif,DRUSEN-018,test,DRUSEN,normal,OD,.tif,1.901914119720459
DRUSEN/18/OD/008_Normal.tif,DRUSEN-018,test,DRUSEN,normal,OD,.tif,1.9953910112380981
DRUSEN/18/OD/009_Normal.tif,DRUSEN-018,test,DRUSEN,normal,OD,.tif,1.959196925163269
DRUSEN/18/OD/010_Normal.tif,DRUSEN-018,test,DRUSEN,normal,OD,.tif,1.8863797187805176
DRUSEN/18/OD/011_Normal.tif,DRUSEN-018,test,DRUSEN,normal,OD,.tif,1.8804062604904175
DRUSEN/18/OD/012_Normal.tif,DRUSEN-018,test,DRUSEN,normal,OD,.tif,1.684367060661316
DRUSEN/18/OD/013_Normal.tif,DRUSEN-018,test,DRUSEN,normal,OD,.tif,1.7735285758972168
DRUSEN/18/OD/014_Drusen.tif,DRUSEN-018,test,DRUSEN,drusen,OD,.tif,1.9727445840835571
DRUSEN/18/OD/015_Drusen.tif,DRUSEN-018,test,DRUSEN,drusen,OD,.tif,2.147573471069336
DRUSEN/18/OD/016_Drusen.tif,DRUSEN-018,test,DRUSEN,drusen,OD,.tif,2.021057605743408
DRUSEN/18/OD/017_Drusen.tif,DRUSEN-018,test,DRUSEN,drusen,OD,.tif,2.092630624771118
DRUSEN/18/OD/018_Drusen.tif,DRUSEN-018,test,DRUSEN,drusen,OD,.tif,1.8413851261138916
DRUSEN/18/OD/019_Normal.tif,DRUSEN-018,test,DRUSEN,normal,OD,.tif,1.763232707977295
DRUSEN/18/OD/020_Normal.tif,DRUSEN-018,test,DRUSEN,normal,OD,.tif,1.630766749382019
DRUSEN/18/OD/021_Normal.tif,DRUSEN-018,test,DRUSEN,normal,OD,.tif,1.9539449214935303
DRUSEN/18/OD/022_Normal.tif,DRUSEN-018,test,DRUSEN,normal,OD,.tif,1.857447862625122
DRUSEN/18/OD/023_Normal.tif,DRUSEN-018,test,DRUSEN,normal,OD,.tif,1.764122486114502
DRUSEN/18/OD/024_Normal.tif,DRUSEN-018,test,DRUSEN,normal,OD,.tif,1.7901456356048584
DRUSEN/18/OD/025_Normal.tif,DRUSEN-018,test,DRUSEN,normal,OD,.tif,1.899562954902649
DRUSEN/18/OD/026_Normal.tif,DRUSEN-018,test,DRUSEN,normal,OD,.tif,1.9528779983520508
DRUSEN/18/OD/027_Normal.tif,DRUSEN-018,test,DRUSEN,normal,OD,.tif,1.888530969619751
DRUSEN/18/OD/028_Normal.tif,DRUSEN-018,test,DRUSEN,normal,OD,.tif,1.8158336877822876
DRUSEN/18/OD/029_Normal.tif,DRUSEN-018,test,DRUSEN,normal,OD,.tif,1.8672373294830322
DRUSEN/18/OD/030_Normal.tif,DRUSEN-018,test,DRUSEN,normal,OD,.tif,1.8944010734558105
DRUSEN/18/OS/000_Normal.tif,DRUSEN-018,test,DRUSEN,normal,OS,.tif,2.017840623855591
DRUSEN/18/OS/001_Normal.tif,DRUSEN-018,test,DRUSEN,normal,OS,.tif,1.9824820756912231
DRUSEN/18/OS/002_Normal.tif,DRUSEN-018,test,DRUSEN,normal,OS,.tif,2.0522103309631348
DRUSEN/18/OS/003_Normal.tif,DRUSEN-018,test,DRUSEN,normal,OS,.tif,2.064037561416626
DRUSEN/18/OS/004_Normal.tif,DRUSEN-018,test,DRUSEN,normal,OS,.tif,2.0277373790740967
DRUSEN/18/OS/005_Normal.tif,DRUSEN-018,test,DRUSEN,normal,OS,.tif,2.0712125301361084
DRUSEN/18/OS/006_Normal.tif,DRUSEN-018,test,DRUSEN,normal,OS,.tif,2.105482339859009
DRUSEN/18/OS/007_Normal.tif,DRUSEN-018,test,DRUSEN,normal,OS,.tif,2.158313274383545
DRUSEN/18/OS/008_Normal.tif,DRUSEN-018,test,DRUSEN,normal,OS,.tif,1.9906606674194336
DRUSEN/18/OS/009_Normal.tif,DRUSEN-018,test,DRUSEN,normal,OS,.tif,2.173764944076538
DRUSEN/18/OS/010_Normal.tif,DRUSEN-018,test,DRUSEN,normal,OS,.tif,2.0149948596954346
DRUSEN/18/OS/011_Normal.tif,DRUSEN-018,test,DRUSEN,normal,OS,.tif,2.0159316062927246
DRUSEN/18/OS/012_Normal.tif,DRUSEN-018,test,DRUSEN,normal,OS,.tif,2.0333921909332275
DRUSEN/18/OS/013_Normal.tif,DRUSEN-018,test,DRUSEN,normal,OS,.tif,1.9751056432724
DRUSEN/18/OS/014_Drusen.tif,DRUSEN-018,test,DRUSEN,drusen,OS,.tif,2.145381212234497
DRUSEN/18/OS/015_Normal.tif,DRUSEN-018,test,DRUSEN,normal,OS,.tif,2.084437131881714
DRUSEN/18/OS/016_Normal.tif,DRUSEN-018,test,DRUSEN,normal,OS,.tif,2.073749542236328
DRUSEN/18/OS/017_Normal.tif,DRUSEN-018,test,DRUSEN,normal,OS,.tif,1.97407865524292
DRUSEN/18/OS/018_Normal.tif,DRUSEN-018,test,DRUSEN,normal,OS,.tif,2.014812707901001
DRUSEN/18/OS/019_Normal.tif,DRUSEN-018,test,DRUSEN,normal,OS,.tif,1.916106939315796
DRUSEN/18/OS/020_Normal.tif,DRUSEN-018,test,DRUSEN,normal,OS,.tif,2.0322251319885254
DRUSEN/18/OS/021_Normal.tif,DRUSEN-018,test,DRUSEN,normal,OS,.tif,2.097661256790161
DRUSEN/18/OS/022_Normal.tif,DRUSEN-018,test,DRUSEN,normal,OS,.tif,2.1084556579589844
DRUSEN/18/OS/023_Normal.tif,DRUSEN-018,test,DRUSEN,normal,OS,.tif,2.066988229751587
DRUSEN/18/OS/024_Normal.tif,DRUSEN-018,test,DRUSEN,normal,OS,.tif,1.7993003129959106
DRUSEN/18/OS/025_Normal.tif,DRUSEN-018,test,DRUSEN,normal,OS,.tif,1.922268033027649
DRUSEN/18/OS/026_Normal.tif,DRUSEN-018,test,DRUSEN,normal,OS,.tif,1.8553962707519531
DRUSEN/18/OS/027_Normal.tif,DRUSEN-018,test,DRUSEN,normal,OS,.tif,1.963701605796814
DRUSEN/18/OS/028_Normal.tif,DRUSEN-018,test,DRUSEN,normal,OS,.tif,1.8682359457015991
DRUSEN/18/OS/029_Normal.tif,DRUSEN-018,test,DRUSEN,normal,OS,.tif,1.8060745000839233
DRUSEN/18/OS/030_Normal.tif,DRUSEN-018,test,DRUSEN,normal,OS,.tif,1.971130132675171
DRUSEN/19/000_Normal.tif,DRUSEN-019,test,DRUSEN,normal,OD,.tif,1.811070203781128
DRUSEN/19/001_Normal.tif,DRUSEN-019,test,DRUSEN,normal,OD,.tif,1.7501564025878906
DRUSEN/19/002_Normal.tif,DRUSEN-019,test,DRUSEN,normal,OD,.tif,1.711342453956604
DRUSEN/19/003_Normal.tif,DRUSEN-019,test,DRUSEN,normal,OD,.tif,1.8005328178405762
DRUSEN/19/004_Normal.tif,DRUSEN-019,test,DRUSEN,normal,OD,.tif,1.6824127435684204
DRUSEN/19/005_Normal.tif,DRUSEN-019,test,DRUSEN,normal,OD,.tif,1.7663261890411377
DRUSEN/19/006_Normal.tif,DRUSEN-019,test,DRUSEN,normal,OD,.tif,1.7993288040161133
DRUSEN/19/007_Normal.tif,DRUSEN-019,test,DRUSEN,normal,OD,.tif,1.7990789413452148
DRUSEN/19/008_Normal.tif,DRUSEN-019,test,DRUSEN,normal,OD,.tif,1.8958325386047363
DRUSEN/19/009_Normal.tif,DRUSEN-019,test,DRUSEN,normal,OD,.tif,1.9095743894577026
DRUSEN/19/010_Normal.tif,DRUSEN-019,test,DRUSEN,normal,OD,.tif,1.7022597789764404
DRUSEN/19/011_Normal.tif,DRUSEN-019,test,DRUSEN,normal,OD,.tif,1.717302680015564
DRUSEN/19/012_Normal.tif,DRUSEN-019,test,DRUSEN,normal,OD,.tif,1.736104965209961
DRUSEN/19/013_Normal.tif,DRUSEN-019,test,DRUSEN,normal,OD,.tif,1.7613141536712646
DRUSEN/19/014_Drusen.tif,DRUSEN-019,test,DRUSEN,drusen,OD,.tif,1.8659037351608276
DRUSEN/19/015_Drusen.tif,DRUSEN-019,test,DRUSEN,drusen,OD,.tif,1.8109110593795776
DRUSEN/19/016_Normal.tif,DRUSEN-019,test,DRUSEN,normal,OD,.tif,1.920646071434021
DRUSEN/19/017_Normal.tif,DRUSEN-019,test,DRUSEN,normal,OD,.tif,1.9673635959625244
DRUSEN/19/018_Normal.tif,DRUSEN-019,test,DRUSEN,normal,OD,.tif,1.958284854888916
DRUSEN/19/019_Normal.tif,DRUSEN-019,test,DRUSEN,normal,OD,.tif,1.8723479509353638
DRUSEN/19/020_Normal.tif,DRUSEN-019,test,DRUSEN,normal,OD,.tif,1.8572392463684082
DRUSEN/19/021_Drusen.tif,DRUSEN-019,test,DRUSEN,drusen,OD,.tif,1.9322768449783325
DRUSEN/19/022_Drusen.tif,DRUSEN-019,test,DRUSEN,drusen,OD,.tif,1.8716955184936523
DRUSEN/19/023_Drusen.tif,DRUSEN-019,test,DRUSEN,drusen,OD,.tif,1.7228423357009888
DRUSEN/19/024_Drusen.tif,DRUSEN-019,test,DRUSEN,drusen,OD,.tif,1.5969268083572388
DRUSEN/19/025_Drusen.tif,DRUSEN-019,test,DRUSEN,drusen,OD,.tif,1.6875834465026855
DRUSEN/19/026_Drusen.tif,DRUSEN-019,test,DRUSEN,drusen,OD,.tif,1.7114378213882446
DRUSEN/19/027_Drusen.tif,DRUSEN-019,test,DRUSEN,drusen,OD,.tif,1.6960241794586182
DRUSEN/19/028_Drusen.tif,DRUSEN-019,test,DRUSEN,drusen,OD,.tif,1.7321457862854004
DRUSEN/19/029_Normal.tif,DRUSEN-019,test,DRUSEN,normal,OD,.tif,1.7928069829940796
DRUSEN/19/030_Normal.tif,DRUSEN-019,test,DRUSEN,normal,OD,.tif,1.9040883779525757
DRUSEN/22/000_Normal.jpg,DRUSEN-022,test,DRUSEN,normal,OD,.jpg,1.8187108039855957
DRUSEN/22/001_Normal.jpg,DRUSEN-022,test,DRUSEN,normal,OD,.jpg,1.7377333641052246
DRUSEN/22/002_Drusen.jpg,DRUSEN-022,test,DRUSEN,drusen,OD,.jpg,1.6703351736068726
DRUSEN/22/003_Drusen.jpg,DRUSEN-022,test,DRUSEN,drusen,OD,.jpg,1.749342441558838
DRUSEN/22/004_Drusen.jpg,DRUSEN-022,test,DRUSEN,drusen,OD,.jpg,1.7346750497817993
DRUSEN/22/005_Drusen.jpg,DRUSEN-022,test,DRUSEN,drusen,OD,.jpg,1.746706247329712
DRUSEN/22/006_Drusen.jpg,DRUSEN-022,test,DRUSEN,drusen,OD,.jpg,1.7506394386291504
DRUSEN/22/007_Drusen.jpg,DRUSEN-022,test,DRUSEN,drusen,OD,.jpg,1.8321502208709717
DRUSEN/22/008_Drusen.jpg,DRUSEN-022,test,DRUSEN,drusen,OD,.jpg,1.768877625465393
DRUSEN/22/009_Drusen.jpg,DRUSEN-022,test,DRUSEN,drusen,OD,.jpg,1.7844316959381104
DRUSEN/22/010_Drusen.jpg,DRUSEN-022,test,DRUSEN,drusen,OD,.jpg,1.784163475036621
DRUSEN/22/011_Drusen.jpg,DRUSEN-022,test,DRUSEN,drusen,OD,.jpg,1.760912537574768
DRUSEN/22/012_Drusen.jpg,DRUSEN-022,test,DRUSEN,drusen,OD,.jpg,1.7081568241119385
DRUSEN/22/013_Drusen.jpg,DRUSEN-022,test,DRUSEN,drusen,OD,.jpg,1.9589567184448242
DRUSEN/22/014_Drusen.jpg,DRUSEN-022,test,DRUSEN,drusen,OD,.jpg,2.036353588104248
DRUSEN/22/015_Drusen.jpg,DRUSEN-022,test,DRUSEN,drusen,OD,.jpg,1.8956958055496216
DRUSEN/22/016_Drusen.jpg,DRUSEN-022,test,DRUSEN,drusen,OD,.jpg,1.9349359273910522
DRUSEN/22/017_Drusen.jpg,DRUSEN-022,test,DRUSEN,drusen,OD,.jpg,2.0367393493652344
DRUSEN/22/018_Drusen.jpg,DRUSEN-022,test,DRUSEN,drusen,OD,.jpg,1.8206515312194824
DRUSEN/22/019_Drusen.jpg,DRUSEN-022,test,DRUSEN,drusen,OD,.jpg,1.7843977212905884
DRUSEN/22/020_Drusen.jpg,DRUSEN-022,test,DRUSEN,drusen,OD,.jpg,1.902660846710205
DRUSEN/22/021_Drusen.jpg,DRUSEN-022,test,DRUSEN,drusen,OD,.jpg,1.6633596420288086
DRUSEN/22/022_Drusen.jpg,DRUSEN-022,test,DRUSEN,drusen,OD,.jpg,1.7176549434661865
DRUSEN/22/023_Drusen.jpg,DRUSEN-022,test,DRUSEN,drusen,OD,.jpg,1.627253532409668
DRUSEN/22/024_Drusen.jpg,DRUSEN-022,test,DRUSEN,drusen,OD,.jpg,1.7720067501068115
DRUSEN/24/000_Normal.tif,DRUSEN-024,test,DRUSEN,normal,OS,.tif,1.9659429788589478
DRUSEN/24/001_Normal.tif,DRUSEN-024,test,DRUSEN,normal,OS,.tif,1.966186761856079
DRUSEN/24/002_Normal.tif,DRUSEN-024,test,DRUSEN,normal,OS,.tif,1.8765814304351807
DRUSEN/24/003_Normal.tif,DRUSEN-024,test,DRUSEN,normal,OS,.tif,1.8267899751663208
DRUSEN/24/004_Normal.tif,DRUSEN-024,test,DRUSEN,normal,OS,.tif,1.7691090106964111
DRUSEN/24/005_Normal.tif,DRUSEN-024,test,DRUSEN,normal,OS,.tif,2.0033133029937744
DRUSEN/24/006_Normal.tif,DRUSEN-024,test,DRUSEN,normal,OS,.tif,1.90383780002594
DRUSEN/24/007_Drusen.tif,DRUSEN-024,test,DRUSEN,drusen,OS,.tif,1.8088884353637695
DRUSEN/24/008_Drusen.tif,DRUSEN-024,test,DRUSEN,drusen,OS,.tif,1.8256499767303467
DRUSEN/24/009_Drusen.tif,DRUSEN-024,test,DRUSEN,drusen,OS,.tif,1.6709569692611694
DRUSEN/24/010_Drusen.tif,DRUSEN-024,test,DRUSEN,drusen,OS,.tif,1.7615951299667358
DRUSEN/24/011_Drusen.tif,DRUSEN-024,test,DRUSEN,drusen,OS,.tif,1.6581679582595825
DRUSEN/24/012_Drusen.tif,DRUSEN-024,test,DRUSEN,drusen,OS,.tif,1.8314793109893799
DRUSEN/24/013_Drusen.tif,DRUSEN-024,test,DRUSEN,drusen,OS,.tif,2.0774717330932617
DRUSEN/24/014_Drusen.tif,DRUSEN-024,test,DRUSEN,drusen,OS,.tif,1.9600178003311157
DRUSEN/24/015_Drusen.tif,DRUSEN-024,test,DRUSEN,drusen,OS,.tif,2.0545520782470703
DRUSEN/24/016_Drusen.tif,DRUSEN-024,test,DRUSEN,drusen,OS,.tif,2.1906158924102783
DRUSEN/24/017_Drusen.tif,DRUSEN-024,test,DRUSEN,drusen,OS,.tif,2.123335838317871
DRUSEN/24/018_Drusen.tif,DRUSEN-024,test,DRUSEN,drusen,OS,.tif,2.1483044624328613
DRUSEN/24/019_Drusen.tif,DRUSEN-024,test,DRUSEN,drusen,OS,.tif,2.047342538833618
DRUSEN/24/020_Drusen.tif,DRUSEN-024,test,DRUSEN,drusen,OS,.tif,2.040027618408203
DRUSEN/24/021_Drusen.tif,DRUSEN-024,test,DRUSEN,drusen,OS,.tif,2.1000969409942627
DRUSEN/24/022_Drusen.tif,DRUSEN-024,test,DRUSEN,drusen,OS,.tif,2.4185283184051514
DRUSEN/24/023_Drusen.tif,DRUSEN-024,test,DRUSEN,drusen,OS,.tif,2.052812337875366
DRUSEN/24/024_Drusen.tif,DRUSEN-024,test,DRUSEN,drusen,OS,.tif,1.8263520002365112
DRUSEN/24/025_Drusen.tif,DRUSEN-024,test,DRUSEN,drusen,OS,.tif,1.9751757383346558
DRUSEN/24/026_Drusen.tif,DRUSEN-024,test,DRUSEN,drusen,OS,.tif,2.021139621734619
DRUSEN/24/027_Drusen.tif,DRUSEN-024,test,DRUSEN,drusen,OS,.tif,2.0824790000915527
DRUSEN/24/028_Drusen.tif,DRUSEN-024,test,DRUSEN,drusen,OS,.tif,1.9441149234771729
DRUSEN/24/029_Drusen.tif,DRUSEN-024,test,DRUSEN,drusen,OS,.tif,2.2367875576019287
DRUSEN/24/030_Normal.tif,DRUSEN-024,test,DRUSEN,normal,OS,.tif,2.1296818256378174
DRUSEN/27/OD/000_DRusen.tif,DRUSEN-027,test,DRUSEN,drusen,OD,.tif,1.7751356363296509
DRUSEN/27/OD/001_DRusen.tif,DRUSEN-027,test,DRUSEN,drusen,OD,.tif,1.804561734199524
DRUSEN/27/OD/002_DRusen.tif,DRUSEN-027,test,DRUSEN,drusen,OD,.tif,1.9431371688842773
DRUSEN/27/OD/003_DRusen.tif,DRUSEN-027,test,DRUSEN,drusen,OD,.tif,1.7650799751281738
DRUSEN/27/OD/004_DRusen.tif,DRUSEN-027,test,DRUSEN,drusen,OD,.tif,1.8649747371673584
DRUSEN/27/OD/005_DRusen.tif,DRUSEN-027,test,DRUSEN,drusen,OD,.tif,1.9151650667190552
DRUSEN/27/OD/006_DRusen.tif,DRUSEN-027,test,DRUSEN,drusen,OD,.tif,1.874863624572754
DRUSEN/27/OD/007_DRusen.tif,DRUSEN-027,test,DRUSEN,drusen,OD,.tif,2.049109697341919
DRUSEN/27/OD/008_DRusen.tif,DRUSEN-027,test,DRUSEN,drusen,OD,.tif,1.8768080472946167
DRUSEN/27/OD/009_DRusen.tif,DRUSEN-027,test,DRUSEN,drusen,OD,.tif,1.7516827583312988
DRUSEN/27/OD/010_DRusen.tif,DRUSEN-027,test,DRUSEN,drusen,OD,.tif,1.8079091310501099
DRUSEN/27/OD/011_DRusen.tif,DRUSEN-027,test,DRUSEN,drusen,OD,.tif,1.7201738357543945
DRUSEN/27/OD/012_DRusen.tif,DRUSEN-027,test,DRUSEN,drusen,OD,.tif,1.810855746269226
DRUSEN/27/OD/013_DRusen.tif,DRUSEN-027,test,DRUSEN,drusen,OD,.tif,1.8454444408416748
DRUSEN/27/OD/014_DRusen.tif,DRUSEN-027,test,DRUSEN,drusen,OD,.tif,2.021667242050171
DRUSEN/27/OD/015_DRusen.tif,DRUSEN-027,test,DRUSEN,drusen,OD,.tif,2.1109232902526855
DRUSEN/27/OD/016_DRusen.tif,DRUSEN-027,test,DRUSEN,drusen,OD,.tif,2.063497304916382
DRUSEN/27/OD/017_DRusen.tif,DRUSEN-027,test,DRUSEN,drusen,OD,.tif,1.9665892124176025
DRUSEN/27/OD/018_DRusen.tif,DRUSEN-027,test,DRUSEN,drusen,OD,.tif,1.7151474952697754
DRUSEN/27/OD/019_DRusen.tif,DRUSEN-027,test,DRUSEN,drusen,OD,.tif,1.67299222946167
DRUSEN/27/OD/020_DRusen.tif,DRUSEN-027,test,DRUSEN,drusen,OD,.tif,1.910563349723816
DRUSEN/27/OD/021_DRusen.tif,DRUSEN-027,test,DRUSEN,drusen,OD,.tif,1.9047712087631226
DRUSEN/27/OD/022_DRusen.tif,DRUSEN-027,test,DRUSEN,drusen,OD,.tif,1.8356001377105713
DRUSEN/27/OD/023_DRusen.tif,DRUSEN-027,test,DRUSEN,drusen,OD,.tif,1.956058144569397
DRUSEN/27/OD/024_DRusen.tif,DRUSEN-027,test,DRUSEN,drusen,OD,.tif,1.9507852792739868
DRUSEN/27/OD/025_DRusen.tif,DRUSEN-027,test,DRUSEN,drusen,OD,.tif,1.8373823165893555
DRUSEN/27/OD/026_DRusen.tif,DRUSEN-027,test,DRUSEN,drusen,OD,.tif,2.0314888954162598
DRUSEN/27/OD/027_DRusen.tif,DRUSEN-027,test,DRUSEN,drusen,OD,.tif,2.160468339920044
DRUSEN/27/OD/028_DRusen.tif,DRUSEN-027,test,DRUSEN,drusen,OD,.tif,2.2363555431365967
DRUSEN/27/OD/029_DRusen.tif,DRUSEN-027,test,DRUSEN,drusen,OD,.tif,1.9675722122192383
DRUSEN/27/OD/030_DRusen.tif,DRUSEN-027,test,DRUSEN,drusen,OD,.tif,1.9949554204940796
DRUSEN/27/OS/000_Drusen.tif,DRUSEN-027,test,DRUSEN,drusen,OS,.tif,1.8341782093048096
DRUSEN/27/OS/001_Drusen.tif,DRUSEN-027,test,DRUSEN,drusen,OS,.tif,1.8160697221755981
DRUSEN/27/OS/002_Drusen.tif,DRUSEN-027,test,DRUSEN,drusen,OS,.tif,1.6924954652786255
DRUSEN/27/OS/003_Drusen.tif,DRUSEN-027,test,DRUSEN,drusen,OS,.tif,1.7517359256744385
DRUSEN/27/OS/004_Drusen.tif,DRUSEN-027,test,DRUSEN,drusen,OS,.tif,1.7547316551208496
DRUSEN/27/OS/005_Drusen.tif,DRUSEN-027,test,DRUSEN,drusen,OS,.tif,1.7827481031417847
DRUSEN/27/OS/006_Drusen.tif,DRUSEN-027,test,DRUSEN,drusen,OS,.tif,1.7147608995437622
DRUSEN/27/OS/007_Drusen.tif,DRUSEN-027,test,DRUSEN,drusen,OS,.tif,1.673909306526184
DRUSEN/27/OS/008_Drusen.tif,DRUSEN-027,test,DRUSEN,drusen,OS,.tif,1.6815048456192017
DRUSEN/27/OS/009_Drusen.tif,DRUSEN-027,test,DRUSEN,drusen,OS,.tif,1.6715397834777832
DRUSEN/27/OS/010_Drusen.tif,DRUSEN-027,test,DRUSEN,drusen,OS,.tif,1.6644902229309082
DRUSEN/27/OS/011_Drusen.tif,DRUSEN-027,test,DRUSEN,drusen,OS,.tif,1.715468168258667
DRUSEN/27/OS/012_Drusen.tif,DRUSEN-027,test,DRUSEN,drusen,OS,.tif,1.8824647665023804
DRUSEN/27/OS/013_Drusen.tif,DRUSEN-027,test,DRUSEN,drusen,OS,.tif,1.8459067344665527
DRUSEN/27/OS/014_Drusen.tif,DRUSEN-027,test,DRUSEN,drusen,OS,.tif,1.8711762428283691
DRUSEN/27/OS/015_Drusen.tif,DRUSEN-027,test,DRUSEN,drusen,OS,.tif,1.838204026222229
DRUSEN/27/OS/016_Drusen.tif,DRUSEN-027,test,DRUSEN,drusen,OS,.tif,1.952876091003418
DRUSEN/27/OS/017_Drusen.tif,DRUSEN-027,test,DRUSEN,drusen,OS,.tif,1.899876356124878
DRUSEN/27/OS/018_Drusen.tif,DRUSEN-027,test,DRUSEN,drusen,OS,.tif,1.9450634717941284
DRUSEN/27/OS/019_Drusen.tif,DRUSEN-027,test,DRUSEN,drusen,OS,.tif,1.8435723781585693
DRUSEN/27/OS/020_Drusen.tif,DRUSEN-027,test,DRUSEN,drusen,OS,.tif,1.8668193817138672
DRUSEN/27/OS/021_Drusen.tif,DRUSEN-027,test,DRUSEN,drusen,OS,.tif,1.7414917945861816
DRUSEN/27/OS/022_Drusen.tif,DRUSEN-027,test,DRUSEN,drusen,OS,.tif,1.9121657609939575
DRUSEN/27/OS/023_Drusen.tif,DRUSEN-027,test,DRUSEN,drusen,OS,.tif,2.1247060298919678
DRUSEN/27/OS/024_Drusen.tif,DRUSEN-027,test,DRUSEN,drusen,OS,.tif,2.077158212661743
DRUSEN/27/OS/025_Drusen.tif,DRUSEN-027,test,DRUSEN,drusen,OS,.tif,2.0142486095428467
DRUSEN/27/OS/026_Drusen.tif,DRUSEN-027,test,DRUSEN,drusen,OS,.tif,2.0154964923858643
DRUSEN/27/OS/027_Drusen.tif,DRUSEN-027,test,DRUSEN,drusen,OS,.tif,2.180375814437866
DRUSEN/27/OS/028_Drusen.tif,DRUSEN-027,test,DRUSEN,drusen,OS,.tif,2.201932907104492
DRUSEN/27/OS/029_Drusen.tif,DRUSEN-027,test,DRUSEN,drusen,OS,.tif,2.2153210639953613
DRUSEN/27/OS/030_Drusen.tif,DRUSEN-027,test,DRUSEN,drusen,OS,.tif,2.179849863052368
DRUSEN/28/000_NOrmal.tif,DRUSEN-028,test,DRUSEN,normal,OD,.tif,2.3978121280670166
DRUSEN/28/001_NOrmal.tif,DRUSEN-028,test,DRUSEN,normal,OD,.tif,2.3961005210876465
DRUSEN/28/002_NOrmal.tif,DRUSEN-028,test,DRUSEN,normal,OD,.tif,2.293041944503784
DRUSEN/28/003_NOrmal.tif,DRUSEN-028,test,DRUSEN,normal,OD,.tif,2.4488227367401123
DRUSEN/28/004_NOrmal.tif,DRUSEN-028,test,DRUSEN,normal,OD,.tif,2.297053575515747
DRUSEN/28/005_NOrmal.tif,DRUSEN-028,test,DRUSEN,normal,OD,.tif,2.353696823120117
DRUSEN/28/006_NOrmal.tif,DRUSEN-028,test,DRUSEN,normal,OD,.tif,2.337888717651367
DRUSEN/28/007_NOrmal.tif,DRUSEN-028,test,DRUSEN,normal,OD,.tif,2.2841296195983887
DRUSEN/28/008_NOrmal.tif,DRUSEN-028,test,DRUSEN,normal,OD,.tif,2.228600025177002
DRUSEN/28/009_NOrmal.tif,DRUSEN-028,test,DRUSEN,normal,OD,.tif,2.147969961166382
DRUSEN/28/010_NOrmal.tif,DRUSEN-028,test,DRUSEN,normal,OD,.tif,2.082282066345215
DRUSEN/28/011_NOrmal.tif,DRUSEN-028,test,DRUSEN,normal,OD,.tif,2.088658571243286
DRUSEN/28/012_NOrmal.tif,DRUSEN-028,test,DRUSEN,normal,OD,.tif,2.16892671585083
DRUSEN/28/013_NOrmal.tif,DRUSEN-028,test,DRUSEN,normal,OD,.tif,2.208649158477783
DRUSEN/28/014_Drusen.tif,DRUSEN-028,test,DRUSEN,drusen,OD,.tif,2.1753756999969482
DRUSEN/28/015_Drusen.tif,DRUSEN-028,test,DRUSEN,drusen,OD,.tif,2.1679587364196777
DRUSEN/28/016_Drusen.tif,DRUSEN-028,test,DRUSEN,drusen,OD,.tif,2.130444288253784
DRUSEN/28/017_NOrmal.tif,DRUSEN-028,test,DRUSEN,normal,OD,.tif,2.259558916091919
DRUSEN/28/018_NOrmal.tif,DRUSEN-028,test,DRUSEN,normal,OD,.tif,2.1823818683624268
DRUSEN/28/019_NOrmal.tif,DRUSEN-028,test,DRUSEN,normal,OD,.tif,2.0810325145721436
DRUSEN/28/020_NOrmal.tif,DRUSEN-028,test,DRUSEN,normal,OD,.tif,2.214252233505249
DRUSEN/28/021_NOrmal.tif,DRUSEN-028,test,DRUSEN,normal,OD,.tif,2.3029727935791016
DRUSEN/28/022_NOrmal.tif,DRUSEN-028,test,DRUSEN,normal,OD,.tif,2.2351632118225098
DRUSEN/28/023_Drusen.tif,DRUSEN-028,test,DRUSEN,drusen,OD,.tif,2.3930468559265137
DRUSEN/28/024_Drusen.tif,DRUSEN-028,test,DRUSEN,drusen,OD,.tif,2.3462774753570557
DRUSEN/28/025_Drusen.tif,DRUSEN-028,test,DRUSEN,drusen,OD,.tif,2.5060389041900635
DRUSEN/28/026_NOrmal.tif,DRUSEN-028,test,DRUSEN,normal,OD,.tif,2.6025171279907227
DRUSEN/28/027_NOrmal.tif,DRUSEN-028,test,DRUSEN,normal,OD,.tif,2.632941484451294
DRUSEN/28/028_NOrmal.tif,DRUSEN-028,test,DRUSEN,normal,OD,.tif,2.545862913131714
DRUSEN/28/029_NOrmal.tif,DRUSEN-028,test,DRUSEN,normal,OD,.tif,2.708162784576416
DRUSEN/28/030_NOrmal.tif,DRUSEN-028,test,DRUSEN,normal,OD,.tif,2.686514377593994
DRUSEN/29/OD/000_Normal.tif,DRUSEN-029,test,DRUSEN,normal,OD,.tif,1.4606719017028809
DRUSEN/29/OD/001_Normal.tif,DRUSEN-029,test,DRUSEN,normal,OD,.tif,1.4237546920776367
DRUSEN/29/OD/002_Normal.tif,DRUSEN-029,test,DRUSEN,normal,OD,.tif,1.4276009798049927
DRUSEN/29/OD/003_Drusen.tif,DRUSEN-029,test,DRUSEN,drusen,OD,.tif,1.4026668071746826
DRUSEN/29/OD/004_Drusen.tif,DRUSEN-029,test,DRUSEN,drusen,OD,.tif,1.372018814086914
DRUSEN/29/OD/005_Drusen.tif,DRUSEN-029,test,DRUSEN,drusen,OD,.tif,1.3642799854278564
DRUSEN/29/OD/006_Normal.tif,DRUSEN-029,test,DRUSEN,normal,OD,.tif,1.3518660068511963
DRUSEN/29/OD/007_Normal.tif,DRUSEN-029,test,DRUSEN,normal,OD,.tif,1.4590169191360474
DRUSEN/29/OD/008_Normal.tif,DRUSEN-029,test,DRUSEN,normal,OD,.tif,1.4829659461975098
DRUSEN/29/OD/009_Normal.tif,DRUSEN-029,test,DRUSEN,normal,OD,.tif,1.439263105392456
DRUSEN/29/OD/010_Normal.tif,DRUSEN-029,test,DRUSEN,normal,OD,.tif,1.405466914176941
DRUSEN/29/OD/011_Normal.tif,DRUSEN-029,test,DRUSEN,normal,OD,.tif,1.3637856245040894
DRUSEN/29/OD/012_Normal.tif,DRUSEN-029,test,DRUSEN,normal,OD,.tif,1.346423625946045
DRUSEN/29/OD/013_Drusen.tif,DRUSEN-029,test,DRUSEN,drusen,OD,.tif,1.3977006673812866
DRUSEN/29/OD/014_Drusen.tif,DRUSEN-029,test,DRUSEN,drusen,OD,.tif,1.4477012157440186
DRUSEN/29/OD/015_Drusen.tif,DRUSEN-029,test,DRUSEN,drusen,OD,.tif,1.590848684310913
DRUSEN/29/OD/016_Drusen.tif,DRUSEN-029,test,DRUSEN,drusen,OD,.tif,1.680811882019043
DRUSEN/29/OD/017_Normal.tif,DRUSEN-029,test,DRUSEN,normal,OD,.tif,1.5720101594924927
DRUSEN/29/OD/018_Normal.tif,DRUSEN-029,test,DRUSEN,normal,OD,.tif,1.5588436126708984
DRUSEN/29/OD/019_Normal.tif,DRUSEN-029,test,DRUSEN,normal,OD,.tif,1.5240490436553955
DRUSEN/29/OD/020_Normal.tif,DRUSEN-029,test,DRUSEN,normal,OD,.tif,1.5513092279434204
DRUSEN/29/OD/021_Normal.tif,DRUSEN-029,test,DRUSEN,normal,OD,.tif,1.4472635984420776
DRUSEN/29/OD/022_Drusen.tif,DRUSEN-029,test,DRUSEN,drusen,OD,.tif,1.4597017765045166
DRUSEN/29/OD/023_Drusen.tif,DRUSEN-029,test,DRUSEN,drusen,OD,.tif,1.4540233612060547
DRUSEN/29/OD/024_Drusen.tif,DRUSEN-029,test,DRUSEN,drusen,OD,.tif,1.4096647500991821
DRUSEN/29/OD/025_Drusen.tif,DRUSEN-029,test,DRUSEN,drusen,OD,.tif,1.5304334163665771
DRUSEN/29/OD/026_Normal.tif,DRUSEN-029,test,DRUSEN,normal,OD,.tif,1.5168910026550293
DRUSEN/29/OD/027_Normal.tif,DRUSEN-029,test,DRUSEN,normal,OD,.tif,1.5303428173065186
DRUSEN/29/OD/028_Normal.tif,DRUSEN-029,test,DRUSEN,normal,OD,.tif,1.6298553943634033
DRUSEN/29/OD/029_Normal.tif,DRUSEN-029,test,DRUSEN,normal,OD,.tif,1.5624223947525024
DRUSEN/29/OD/030_Normal.tif,DRUSEN-029,test,DRUSEN,normal,OD,.tif,1.7047547101974487
DRUSEN/29/OS/000_Drusen.tif,DRUSEN-029,test,DRUSEN,drusen,OS,.tif,2.003253936767578
DRUSEN/29/OS/001_Drusen.tif,DRUSEN-029,test,DRUSEN,drusen,OS,.tif,1.9642620086669922
DRUSEN/29/OS/002_Drusen.tif,DRUSEN-029,test,DRUSEN,drusen,OS,.tif,1.9539079666137695
DRUSEN/29/OS/003_Drusen.tif,DRUSEN-029,test,DRUSEN,drusen,OS,.tif,1.9361401796340942
DRUSEN/29/OS/004_Normal.tif,DRUSEN-029,test,DRUSEN,normal,OS,.tif,1.8358845710754395
DRUSEN/29/OS/005_Normal.tif,DRUSEN-029,test,DRUSEN,normal,OS,.tif,1.9449658393859863
DRUSEN/29/OS/006_Normal.tif,DRUSEN-029,test,DRUSEN,normal,OS,.tif,1.8635122776031494
DRUSEN/29/OS/007_Drusen.tif,DRUSEN-029,test,DRUSEN,drusen,OS,.tif,1.87938392162323
DRUSEN/29/OS/008_Drusen.tif,DRUSEN-029,test,DRUSEN,drusen,OS,.tif,1.9160462617874146
DRUSEN/29/OS/009_Drusen.tif,DRUSEN-029,test,DRUSEN,drusen,OS,.tif,1.863632321357727
DRUSEN/29/OS/010_Drusen.tif,DRUSEN-029,test,DRUSEN,drusen,OS,.tif,1.7778140306472778
DRUSEN/29/OS/011_Drusen.tif,DRUSEN-029,test,DRUSEN,drusen,OS,.tif,1.826008677482605
DRUSEN/29/OS/012_Drusen.tif,DRUSEN-029,test,DRUSEN,drusen,OS,.tif,1.8739489316940308
DRUSEN/29/OS/013_Drusen.tif,DRUSEN-029,test,DRUSEN,drusen,OS,.tif,1.7594153881072998
DRUSEN/29/OS/014_Drusen.tif,DRUSEN-029,test,DRUSEN,drusen,OS,.tif,1.8897793292999268
DRUSEN/29/OS/015_Drusen.tif,DRUSEN-029,test,DRUSEN,drusen,OS,.tif,1.9252121448516846
DRUSEN/29/OS/016_Drusen.tif,DRUSEN-029,test,DRUSEN,drusen,OS,.tif,1.8357839584350586
DRUSEN/29/OS/017_Drusen.tif,DRUSEN-029,test,DRUSEN,drusen,OS,.tif,1.8862773180007935
DRUSEN/29/OS/018_Drusen.tif,DRUSEN-029,test,DRUSEN,drusen,OS,.tif,1.8158206939697266
DRUSEN/29/OS/019_Drusen.tif,DRUSEN-029,test,DRUSEN,drusen,OS,.tif,1.8193303346633911
DRUSEN/29/OS/020_Drusen.tif,DRUSEN-029,test,DRUSEN,drusen,OS,.tif,1.8236737251281738
DRUSEN/29/OS/021_Drusen.tif,DRUSEN-029,test,DRUSEN,drusen,OS,.tif,1.9488916397094727
DRUSEN/29/OS/022_Drusen.tif,DRUSEN-029,test,DRUSEN,drusen,OS,.tif,1.8700413703918457
DRUSEN/29/OS/023_Drusen.tif,DRUSEN-029,test,DRUSEN,drusen,OS,.tif,1.9915028810501099
DRUSEN/29/OS/024_Drusen.tif,DRUSEN-029,test,DRUSEN,drusen,OS,.tif,1.9367280006408691
DRUSEN/29/OS/025_Drusen.tif,DRUSEN-029,test,DRUSEN,drusen,OS,.tif,1.9665987491607666
DRUSEN/29/OS/026_Drusen.tif,DRUSEN-029,test,DRUSEN,drusen,OS,.tif,2.010936975479126
DRUSEN/29/OS/027_Drusen.tif,DRUSEN-029,test,DRUSEN,drusen,OS,.tif,1.7468345165252686
DRUSEN/29/OS/028_Drusen.tif,DRUSEN-029,test,DRUSEN,drusen,OS,.tif,1.6390537023544312
DRUSEN/29/OS/029_Normal.tif,DRUSEN-029,test,DRUSEN,normal,OS,.tif,1.738900899887085
DRUSEN/29/OS/030_Normal.tif,DRUSEN-029,test,DRUSEN,normal,OS,.tif,1.7489261627197266
DRUSEN/30/000_Normal.tif,DRUSEN-030,test,DRUSEN,normal,OD,.tif,2.1678788661956787
DRUSEN/30/001_Normal.tif,DRUSEN-030,test,DRUSEN,normal,OD,.tif,2.1641011238098145
DRUSEN/30/002_Normal.tif,DRUSEN-030,test,DRUSEN,normal,OD,.tif,2.165050745010376
DRUSEN/30/003_Normal.tif,DRUSEN-030,test,DRUSEN,normal,OD,.tif,2.1561379432678223
DRUSEN/30/004_Normal.tif,DRUSEN-030,test,DRUSEN,normal,OD,.tif,2.1684353351593018
DRUSEN/30/005_Normal.tif,DRUSEN-030,test,DRUSEN,normal,OD,.tif,2.178396224975586
DRUSEN/30/006_Normal.tif,DRUSEN-030,test,DRUSEN,normal,OD,.tif,2.131333112716675
DRUSEN/30/007_Normal.tif,DRUSEN-030,test,DRUSEN,normal,OD,.tif,2.3934035301208496
DRUSEN/30/008_Normal.tif,DRUSEN-030,test,DRUSEN,normal,OD,.tif,2.2202706336975098
DRUSEN/30/009_Normal.tif,DRUSEN-030,test,DRUSEN,normal,OD,.tif,2.2622931003570557
DRUSEN/30/010_Normal.tif,DRUSEN-030,test,DRUSEN,normal,OD,.tif,2.3991200923919678
DRUSEN/30/011_Normal.tif,DRUSEN-030,test,DRUSEN,normal,OD,.tif,2.2278549671173096
DRUSEN/30/012_Drusen.tif,DRUSEN-030,test,DRUSEN,drusen,OD,.tif,1.9204940795898438
DRUSEN/30/013_Drusen.tif,DRUSEN-030,test,DRUSEN,drusen,OD,.tif,1.886264443397522
DRUSEN/30/014_Drusen.tif,DRUSEN-030,test,DRUSEN,drusen,OD,.tif,1.9437053203582764
DRUSEN/30/015_Drusen.tif,DRUSEN-030,test,DRUSEN,drusen,OD,.tif,2.1250786781311035
DRUSEN/30/016_Normal.tif,DRUSEN-030,test,DRUSEN,normal,OD,.tif,2.136448860168457
DRUSEN/30/017_Drusen.tif,DRUSEN-030,test,DRUSEN,drusen,OD,.tif,2.0295615196228027
DRUSEN/30/018_Drusen.tif,DRUSEN-030,test,DRUSEN,drusen,OD,.tif,1.8889753818511963
DRUSEN/30/019_Normal.tif,DRUSEN-030,test,DRUSEN,normal,OD,.tif,2.1459455490112305
DRUSEN/30/020_Normal.tif,DRUSEN-030,test,DRUSEN,normal,OD,.tif,1.907636284828186
DRUSEN/30/021_Drusen.tif,DRUSEN-030,test,DRUSEN,drusen,OD,.tif,2.040240526199341
DRUSEN/30/022_Drusen.tif,DRUSEN-030,test,DRUSEN,drusen,OD,.tif,2.2790417671203613
DRUSEN/30/023_Normal.tif,DRUSEN-030,test,DRUSEN,normal,OD,.tif,1.9748605489730835
DRUSEN/30/024_Normal.tif,DRUSEN-030,test,DRUSEN,normal,OD,.tif,2.139186382293701
DRUSEN/30/025_Normal.tif,DRUSEN-030,test,DRUSEN,normal,OD,.tif,2.194295883178711
DRUSEN/30/026_Normal.tif,DRUSEN-030,test,DRUSEN,normal,OD,.tif,2.1461453437805176
DRUSEN/30/027_Normal.tif,DRUSEN-030,test,DRUSEN,normal,OD,.tif,2.3773553371429443
DRUSEN/30/028_Normal.tif,DRUSEN-030,test,DRUSEN,normal,OD,.tif,2.223398447036743
DRUSEN/30/029_Normal.tif,DRUSEN-030,test,DRUSEN,normal,OD,.tif,2.316526412963867
DRUSEN/30/030_Normal.tif,DRUSEN-030,test,DRUSEN,normal,OD,.tif,2.169022798538208
DRUSEN/33/000_Normal.tif,DRUSEN-033,test,DRUSEN,normal,OS,.tif,1.628825068473816
DRUSEN/33/001_Normal.tif,DRUSEN-033,test,DRUSEN,normal,OS,.tif,1.636062741279602
DRUSEN/33/002_Normal.tif,DRUSEN-033,test,DRUSEN,normal,OS,.tif,1.50421142578125
DRUSEN/33/003_Normal.tif,DRUSEN-033,test,DRUSEN,normal,OS,.tif,1.520164132118225
DRUSEN/33/004_Drusen.tif,DRUSEN-033,test,DRUSEN,drusen,OS,.tif,1.5381094217300415
DRUSEN/33/005_Normal.tif,DRUSEN-033,test,DRUSEN,normal,OS,.tif,1.7258296012878418
DRUSEN/33/006_Normal.tif,DRUSEN-033,test,DRUSEN,normal,OS,.tif,1.7911845445632935
DRUSEN/33/007_Normal.tif,DRUSEN-033,test,DRUSEN,normal,OS,.tif,1.781182050704956
DRUSEN/33/008_Normal.tif,DRUSEN-033,test,DRUSEN,normal,OS,.tif,1.6973427534103394
DRUSEN/33/009_Normal.tif,DRUSEN-033,test,DRUSEN,normal,OS,.tif,1.572482943534851
DRUSEN/33/010_Normal.tif,DRUSEN-033,test,DRUSEN,normal,OS,.tif,1.725871205329895
DRUSEN/33/011_Drusen.tif,DRUSEN-033,test,DRUSEN,drusen,OS,.tif,1.7024109363555908
DRUSEN/33/012_Normal.tif,DRUSEN-033,test,DRUSEN,normal,OS,.tif,1.6026068925857544
DRUSEN/33/013_Drusen.tif,DRUSEN-033,test,DRUSEN,drusen,OS,.tif,1.6113088130950928
DRUSEN/33/014_Normal.tif,DRUSEN-033,test,DRUSEN,normal,OS,.tif,1.7022055387496948
DRUSEN/33/015_Normal.tif,DRUSEN-033,test,DRUSEN,normal,OS,.tif,1.6977226734161377
DRUSEN/33/016_Normal.tif,DRUSEN-033,test,DRUSEN,normal,OS,.tif,1.6741985082626343
DRUSEN/33/017_Normal.tif,DRUSEN-033,test,DRUSEN,normal,OS,.tif,1.8190935850143433
DRUSEN/33/018_Normal.tif,DRUSEN-033,test,DRUSEN,normal,OS,.tif,1.7143577337265015
DRUSEN/33/019_Normal.tif,DRUSEN-033,test,DRUSEN,normal,OS,.tif,1.6813987493515015
DRUSEN/33/020_Normal.tif,DRUSEN-033,test,DRUSEN,normal,OS,.tif,1.568005084991455
DRUSEN/33/021_Normal.tif,DRUSEN-033,test,DRUSEN,normal,OS,.tif,1.4895979166030884
DRUSEN/33/022_Normal.tif,DRUSEN-033,test,DRUSEN,normal,OS,.tif,1.6037570238113403
DRUSEN/33/023_Normal.tif,DRUSEN-033,test,DRUSEN,normal,OS,.tif,1.5391918420791626
DRUSEN/33/024_Drusen.tif,DRUSEN-033,test,DRUSEN,drusen,OS,.tif,1.612820029258728
DRUSEN/33/025_Normal.tif,DRUSEN-033,test,DRUSEN,normal,OS,.tif,1.6759506464004517
DRUSEN/33/026_Drusen.tif,DRUSEN-033,test,DRUSEN,drusen,OS,.tif,1.5328935384750366
DRUSEN/33/027_Normal.tif,DRUSEN-033,test,DRUSEN,normal,OS,.tif,1.471312165260315
DRUSEN/33/028_Normal.tif,DRUSEN-033,test,DRUSEN,normal,OS,.tif,1.530191421508789
DRUSEN/33/029_Normal.tif,DRUSEN-033,test,DRUSEN,normal,OS,.tif,1.5073816776275635
DRUSEN/33/030_Normal.tif,DRUSEN-033,test,DRUSEN,normal,OS,.tif,1.4694468975067139
DRUSEN/40/OD/000_Normal.jpg,DRUSEN-040,test,DRUSEN,normal,OD,.jpg,1.7219178676605225
DRUSEN/40/OD/001_Normal.jpg,DRUSEN-040,test,DRUSEN,normal,OD,.jpg,1.8617832660675049
DRUSEN/40/OD/002_Normal.jpg,DRUSEN-040,test,DRUSEN,normal,OD,.jpg,1.6517630815505981
DRUSEN/40/OD/003_Normal.jpg,DRUSEN-040,test,DRUSEN,normal,OD,.jpg,1.684768795967102
DRUSEN/40/OD/004_Normal.jpg,DRUSEN-040,test,DRUSEN,normal,OD,.jpg,1.6583092212677002
DRUSEN/40/OD/005_Normal.jpg,DRUSEN-040,test,DRUSEN,normal,OD,.jpg,1.5924673080444336
DRUSEN/40/OD/006_Normal.jpg,DRUSEN-040,test,DRUSEN,normal,OD,.jpg,1.5310633182525635
DRUSEN/40/OD/007_Normal.jpg,DRUSEN-040,test,DRUSEN,normal,OD,.jpg,1.7126693725585938
DRUSEN/40/OD/008_Normal.jpg,DRUSEN-040,test,DRUSEN,normal,OD,.jpg,1.5851116180419922
DRUSEN/40/OD/009_Normal.jpg,DRUSEN-040,test,DRUSEN,normal,OD,.jpg,1.6472210884094238
DRUSEN/40/OD/010_Normal.jpg,DRUSEN-040,test,DRUSEN,normal,OD,.jpg,1.6596287488937378
DRUSEN/40/OD/011_Drusen.jpg,DRUSEN-040,test,DRUSEN,drusen,OD,.jpg,1.602927565574646
DRUSEN/40/OD/012_drusen.jpg,DRUSEN-040,test,DRUSEN,drusen,OD,.jpg,1.603943109512329
DRUSEN/40/OD/013_drusen.jpg,DRUSEN-040,test,DRUSEN,drusen,OD,.jpg,1.6523666381835938
DRUSEN/40/OD/014_Normal.jpg,DRUSEN-040,test,DRUSEN,normal,OD,.jpg,1.5501331090927124
DRUSEN/40/OD/015_Normal.jpg,DRUSEN-040,test,DRUSEN,normal,OD,.jpg,1.6857967376708984
DRUSEN/40/OD/016_drusen.jpg,DRUSEN-040,test,DRUSEN,drusen,OD,.jpg,1.8612465858459473
DRUSEN/40/OD/017_drusen.jpg,DRUSEN-040,test,DRUSEN,drusen,OD,.jpg,1.795274257659912
DRUSEN/40/OD/018_Normal.jpg,DRUSEN-040,test,DRUSEN,normal,OD,.jpg,1.8185769319534302
DRUSEN/40/OD/019_Drusen.jpg,DRUSEN-040,test,DRUSEN,drusen,OD,.jpg,1.7364118099212646
DRUSEN/40/OD/020_Normal.jpg,DRUSEN-040,test,DRUSEN,normal,OD,.jpg,1.6856474876403809
DRUSEN/40/OD/021_Normal.jpg,DRUSEN-040,test,DRUSEN,normal,OD,.jpg,1.636234998703003
DRUSEN/40/OD/022_Normal.jpg,DRUSEN-040,test,DRUSEN,normal,OD,.jpg,1.6683911085128784
DRUSEN/40/OD/023_Normal.jpg,DRUSEN-040,test,DRUSEN,normal,OD,.jpg,1.666993260383606
DRUSEN/40/OD/024_Normal.jpg,DRUSEN-040,test,DRUSEN,normal,OD,.jpg,1.6823993921279907
DRUSEN/40/OD/025_Normal.jpg,DRUSEN-040,test,DRUSEN,normal,OD,.jpg,1.6975321769714355
DRUSEN/40/OD/026_Normal.jpg,DRUSEN-040,test,DRUSEN,normal,OD,.jpg,1.7725639343261719
DRUSEN/40/OD/027_Normal.jpg,DRUSEN-040,test,DRUSEN,normal,OD,.jpg,1.940110683441162
DRUSEN/40/OD/028_Normal.jpg,DRUSEN-040,test,DRUSEN,normal,OD,.jpg,1.641324520111084
DRUSEN/40/OD/029_Normal.jpg,DRUSEN-040,test,DRUSEN,normal,OD,.jpg,1.6121740341186523
DRUSEN/40/OD/030_Normal.jpg,DRUSEN-040,test,DRUSEN,normal,OD,.jpg,1.6976677179336548
DRUSEN/40/OS/000_Normal.jpg,DRUSEN-040,test,DRUSEN,normal,OS,.jpg,1.5598739385604858
DRUSEN/40/OS/001_Normal.jpg,DRUSEN-040,test,DRUSEN,normal,OS,.jpg,1.6213984489440918
DRUSEN/40/OS/002_Normal.jpg,DRUSEN-040,test,DRUSEN,normal,OS,.jpg,1.6111072301864624
DRUSEN/40/OS/003_Normal.jpg,DRUSEN-040,test,DRUSEN,normal,OS,.jpg,1.6684211492538452
DRUSEN/40/OS/004_Normal.jpg,DRUSEN-040,test,DRUSEN,normal,OS,.jpg,1.574380874633789
DRUSEN/40/OS/005_Normal.jpg,DRUSEN-040,test,DRUSEN,normal,OS,.jpg,1.6058788299560547
DRUSEN/40/OS/006_Normal.jpg,DRUSEN-040,test,DRUSEN,normal,OS,.jpg,1.6076061725616455
DRUSEN/40/OS/007_Normal.jpg,DRUSEN-040,test,DRUSEN,normal,OS,.jpg,1.6656739711761475
DRUSEN/40/OS/008_Normal.jpg,DRUSEN-040,test,DRUSEN,normal,OS,.jpg,1.6629523038864136
DRUSEN/40/OS/009_Normal.jpg,DRUSEN-040,test,DRUSEN,normal,OS,.jpg,1.5784332752227783
DRUSEN/40/OS/010_Normal.jpg,DRUSEN-040,test,DRUSEN,normal,OS,.jpg,1.836638331413269
DRUSEN/40/OS/011_Normal.jpg,DRUSEN-040,test,DRUSEN,normal,OS,.jpg,1.7199108600616455
DRUSEN/40/OS/012_Normal.jpg,DRUSEN-040,test,DRUSEN,normal,OS,.jpg,1.657978892326355
DRUSEN/40/OS/013_Normal.jpg,DRUSEN-040,test,DRUSEN,normal,OS,.jpg,1.6772997379302979
DRUSEN/40/OS/014_Normal.jpg,DRUSEN-040,test,DRUSEN,normal,OS,.jpg,1.655188798904419
DRUSEN/40/OS/015_Normal.jpg,DRUSEN-040,test,DRUSEN,normal,OS,.jpg,1.7086560726165771
DRUSEN/40/OS/016_Normal.jpg,DRUSEN-040,test,DRUSEN,normal,OS,.jpg,1.8804608583450317
DRUSEN/40/OS/017_Normal.jpg,DRUSEN-040,test,DRUSEN,normal,OS,.jpg,1.7316244840621948
DRUSEN/40/OS/018_Normal.jpg,DRUSEN-040,test,DRUSEN,normal,OS,.jpg,1.8204065561294556
DRUSEN/40/OS/019_Normal.jpg,DRUSEN-040,test,DRUSEN,normal,OS,.jpg,1.6155892610549927
DRUSEN/40/OS/020_Normal.jpg,DRUSEN-040,test,DRUSEN,normal,OS,.jpg,1.6681355237960815
DRUSEN/40/OS/021_Normal.jpg,DRUSEN-040,test,DRUSEN,normal,OS,.jpg,1.5378142595291138
DRUSEN/40/OS/022_Normal.jpg,DRUSEN-040,test,DRUSEN,normal,OS,.jpg,1.6454821825027466
DRUSEN/40/OS/023_Normal.jpg,DRUSEN-040,test,DRUSEN,normal,OS,.jpg,1.5632418394088745
DRUSEN/40/OS/024_Drusen.jpg,DRUSEN-040,test,DRUSEN,drusen,OS,.jpg,1.5633108615875244
DRUSEN/40/OS/025_Normal.jpg,DRUSEN-040,test,DRUSEN,normal,OS,.jpg,1.7043383121490479
DRUSEN/40/OS/026_Normal.jpg,DRUSEN-040,test,DRUSEN,normal,OS,.jpg,1.6208049058914185
DRUSEN/40/OS/027_Normal.jpg,DRUSEN-040,test,DRUSEN,normal,OS,.jpg,1.6521435976028442
DRUSEN/40/OS/028_Normal.jpg,DRUSEN-040,test,DRUSEN,normal,OS,.jpg,1.5196391344070435
DRUSEN/40/OS/029_Normal.jpg,DRUSEN-040,test,DRUSEN,normal,OS,.jpg,1.6076740026474
DRUSEN/40/OS/030_Normal.jpg,DRUSEN-040,test,DRUSEN,normal,OS,.jpg,1.7687294483184814
DRUSEN/41/000_Normal.jpg,DRUSEN-041,test,DRUSEN,normal,OD,.jpg,1.8138939142227173
DRUSEN/41/001_Normal.jpg,DRUSEN-041,test,DRUSEN,normal,OD,.jpg,1.8416428565979004
DRUSEN/41/002_Normal.jpg,DRUSEN-041,test,DRUSEN,normal,OD,.jpg,1.8416956663131714
DRUSEN/41/003_Normal.jpg,DRUSEN-041,test,DRUSEN,normal,OD,.jpg,1.893886685371399
DRUSEN/41/004_Normal.jpg,DRUSEN-041,test,DRUSEN,normal,OD,.jpg,1.7951468229293823
DRUSEN/41/005_Normal.jpg,DRUSEN-041,test,DRUSEN,normal,OD,.jpg,1.9000754356384277
DRUSEN/41/006_Normal.jpg,DRUSEN-041,test,DRUSEN,normal,OD,.jpg,1.972651481628418
DRUSEN/41/007_Normal.jpg,DRUSEN-041,test,DRUSEN,normal,OD,.jpg,1.9384255409240723
DRUSEN/41/008_Normal.jpg,DRUSEN-041,test,DRUSEN,normal,OD,.jpg,1.9289408922195435
DRUSEN/41/009_Drusen.jpg,DRUSEN-041,test,DRUSEN,drusen,OD,.jpg,2.041685104370117
DRUSEN/41/010_Drusen.jpg,DRUSEN-041,test,DRUSEN,drusen,OD,.jpg,1.97071373462677
DRUSEN/41/011_Drusen.jpg,DRUSEN-041,test,DRUSEN,drusen,OD,.jpg,1.9902212619781494
DRUSEN/41/012_Drusen.jpg,DRUSEN-041,test,DRUSEN,drusen,OD,.jpg,1.824202537536621
DRUSEN/41/013_Drusen.jpg,DRUSEN-041,test,DRUSEN,drusen,OD,.jpg,1.948793888092041
DRUSEN/41/014_Drusen.jpg,DRUSEN-041,test,DRUSEN,drusen,OD,.jpg,2.081749439239502
DRUSEN/41/015_Drusen.jpg,DRUSEN-041,test,DRUSEN,drusen,OD,.jpg,1.9377236366271973
DRUSEN/41/016_Drusen.jpg,DRUSEN-041,test,DRUSEN,drusen,OD,.jpg,1.971406102180481
DRUSEN/41/017_Drusen.jpg,DRUSEN-041,test,DRUSEN,drusen,OD,.jpg,1.8616513013839722
DRUSEN/41/018_Drusen.jpg,DRUSEN-041,test,DRUSEN,drusen,OD,.jpg,1.6703437566757202
DRUSEN/41/019_Drusen.jpg,DRUSEN-041,test,DRUSEN,drusen,OD,.jpg,1.6816482543945312
DRUSEN/41/020_Drusen.jpg,DRUSEN-041,test,DRUSEN,drusen,OD,.jpg,1.6988955736160278
DRUSEN/41/021_Drusen.jpg,DRUSEN-041,test,DRUSEN,drusen,OD,.jpg,1.7597332000732422
DRUSEN/41/022_Drusen.jpg,DRUSEN-041,test,DRUSEN,drusen,OD,.jpg,1.8250608444213867
DRUSEN/41/023_Drusen.jpg,DRUSEN-041,test,DRUSEN,drusen,OD,.jpg,1.8145571947097778
DRUSEN/41/024_Drusen.jpg,DRUSEN-041,test,DRUSEN,drusen,OD,.jpg,1.7192227840423584
DRUSEN/41/025_Drusen.jpg,DRUSEN-041,test,DRUSEN,drusen,OD,.jpg,1.6774848699569702
DRUSEN/41/026_Normal.jpg,DRUSEN-041,test,DRUSEN,normal,OD,.jpg,1.6446341276168823
DRUSEN/41/027_Normal.jpg,DRUSEN-041,test,DRUSEN,normal,OD,.jpg,1.681728482246399
DRUSEN/41/028_Normal.jpg,DRUSEN-041,test,DRUSEN,normal,OD,.jpg,1.6188112497329712
DRUSEN/41/029_Normal.jpg,DRUSEN-041,test,DRUSEN,normal,OD,.jpg,1.576151728630066
DRUSEN/41/030_Normal.jpg,DRUSEN-041,test,DRUSEN,normal,OD,.jpg,1.6527968645095825
DRUSEN/43/000_Normal.tif,DRUSEN-043,test,DRUSEN,normal,OD,.tif,1.6225371360778809
DRUSEN/43/001_Normal.tif,DRUSEN-043,test,DRUSEN,normal,OD,.tif,1.5709419250488281
DRUSEN/43/002_Normal.tif,DRUSEN-043,test,DRUSEN,normal,OD,.tif,1.5858193635940552
DRUSEN/43/003_Normal.tif,DRUSEN-043,test,DRUSEN,normal,OD,.tif,1.4864407777786255
DRUSEN/43/004_Normal.tif,DRUSEN-043,test,DRUSEN,normal,OD,.tif,1.437370777130127
DRUSEN/43/005_Normal.tif,DRUSEN-043,test,DRUSEN,normal,OD,.tif,1.480311393737793
DRUSEN/43/006_Normal.tif,DRUSEN-043,test,DRUSEN,normal,OD,.tif,1.4259986877441406
DRUSEN/43/007_Normal.tif,DRUSEN-043,test,DRUSEN,normal,OD,.tif,1.481094241142273
DRUSEN/43/008_Normal.tif,DRUSEN-043,test,DRUSEN,normal,OD,.tif,1.5422595739364624
DRUSEN/43/009_Normal.tif,DRUSEN-043,test,DRUSEN,normal,OD,.tif,1.5487682819366455
DRUSEN/43/010_Normal.tif,DRUSEN-043,test,DRUSEN,normal,OD,.tif,1.5975357294082642
DRUSEN/43/011_Normal.tif,DRUSEN-043,test,DRUSEN,normal,OD,.tif,1.7145910263061523
DRUSEN/43/012_Normal.tif,DRUSEN-043,test,DRUSEN,normal,OD,.tif,1.60011887550354
DRUSEN/43/013_Drusen.tif,DRUSEN-043,test,DRUSEN,drusen,OD,.tif,1.7423210144042969
DRUSEN/43/014_Drusen.tif,DRUSEN-043,test,DRUSEN,drusen,OD,.tif,1.708635687828064
DRUSEN/43/015_Normal.tif,DRUSEN-043,test,DRUSEN,normal,OD,.tif,1.7069377899169922
DRUSEN/43/016_Normal.tif,DRUSEN-043,test,DRUSEN,normal,OD,.tif,1.5484468936920166
DRUSEN/43/017_Normal.tif,DRUSEN-043,test,DRUSEN,normal,OD,.tif,1.5486335754394531
DRUSEN/43/018_Normal.tif,DRUSEN-043,test,DRUSEN,normal,OD,.tif,1.5320388078689575
DRUSEN/43/019_Normal.tif,DRUSEN-043,test,DRUSEN,normal,OD,.tif,1.5057439804077148
DRUSEN/43/020_Normal.tif,DRUSEN-043,test,DRUSEN,normal,OD,.tif,1.5559468269348145
DRUSEN/43/021_Normal.tif,DRUSEN-043,test,DRUSEN,normal,OD,.tif,1.5575084686279297
DRUSEN/43/022_Normal.tif,DRUSEN-043,test,DRUSEN,normal,OD,.tif,1.4701141119003296
DRUSEN/43/023_Normal.tif,DRUSEN-043,test,DRUSEN,normal,OD,.tif,1.4782698154449463
DRUSEN/43/024_Normal.tif,DRUSEN-043,test,DRUSEN,normal,OD,.tif,1.5212740898132324
DRUSEN/43/025_Normal.tif,DRUSEN-043,test,DRUSEN,normal,OD,.tif,1.496395230293274
DRUSEN/43/026_Normal.tif,DRUSEN-043,test,DRUSEN,normal,OD,.tif,1.4188929796218872
DRUSEN/43/027_Normal.tif,DRUSEN-043,test,DRUSEN,normal,OD,.tif,1.538801670074463
DRUSEN/43/028_Normal.tif,DRUSEN-043,test,DRUSEN,normal,OD,.tif,1.505566120147705
DRUSEN/43/029_Normal.tif,DRUSEN-043,test,DRUSEN,normal,OD,.tif,1.5163817405700684
DRUSEN/43/030_Normal.tif,DRUSEN-043,test,DRUSEN,normal,OD,.tif,1.5228180885314941
DRUSEN/44/000_Normal.tif,DRUSEN-044,test,DRUSEN,normal,OS,.tif,1.6175183057785034
DRUSEN/44/001_Normal.tif,DRUSEN-044,test,DRUSEN,normal,OS,.tif,1.5684720277786255
DRUSEN/44/002_Normal.tif,DRUSEN-044,test,DRUSEN,normal,OS,.tif,1.552154541015625
DRUSEN/44/003_Normal.tif,DRUSEN-044,test,DRUSEN,normal,OS,.tif,1.6228916645050049
DRUSEN/44/004_Normal.tif,DRUSEN-044,test,DRUSEN,normal,OS,.tif,1.6701298952102661
DRUSEN/44/005_Normal.tif,DRUSEN-044,test,DRUSEN,normal,OS,.tif,1.7204833030700684
DRUSEN/44/006_Normal.tif,DRUSEN-044,test,DRUSEN,normal,OS,.tif,1.6037570238113403
DRUSEN/44/007_Normal.tif,DRUSEN-044,test,DRUSEN,normal,OS,.tif,1.7323918342590332
DRUSEN/44/008_Normal.tif,DRUSEN-044,test,DRUSEN,normal,OS,.tif,1.4348310232162476
DRUSEN/44/009_Normal.tif,DRUSEN-044,test,DRUSEN,normal,OS,.tif,1.4936760663986206
DRUSEN/44/010_Normal.tif,DRUSEN-044,test,DRUSEN,normal,OS,.tif,1.634474754333496
DRUSEN/44/011_Normal.tif,DRUSEN-044,test,DRUSEN,normal,OS,.tif,1.4932347536087036
DRUSEN/44/012_Normal.tif,DRUSEN-044,test,DRUSEN,normal,OS,.tif,1.4175806045532227
DRUSEN/44/013_Normal.tif,DRUSEN-044,test,DRUSEN,normal,OS,.tif,1.7470345497131348
DRUSEN/44/014_Normal.tif,DRUSEN-044,test,DRUSEN,normal,OS,.tif,1.7732402086257935
DRUSEN/44/015_Normal.tif,DRUSEN-044,test,DRUSEN,normal,OS,.tif,1.6002048254013062
DRUSEN/44/016_Normal.tif,DRUSEN-044,test,DRUSEN,normal,OS,.tif,1.837881088256836
DRUSEN/44/017_Drusen.tif,DRUSEN-044,test,DRUSEN,drusen,OS,.tif,1.6696877479553223
DRUSEN/44/018_Normal.tif,DRUSEN-044,test,DRUSEN,normal,OS,.tif,1.8800147771835327
DRUSEN/44/019_Normal.tif,DRUSEN-044,test,DRUSEN,normal,OS,.tif,1.948269009590149
DRUSEN/44/020_Normal.tif,DRUSEN-044,test,DRUSEN,normal,OS,.tif,1.8381575345993042
DRUSEN/44/021_Normal.tif,DRUSEN-044,test,DRUSEN,normal,OS,.tif,1.6876857280731201
DRUSEN/44/022_Normal.tif,DRUSEN-044,test,DRUSEN,normal,OS,.tif,1.7857235670089722
DRUSEN/44/023_Normal.tif,DRUSEN-044,test,DRUSEN,normal,OS,.tif,1.530890941619873
DRUSEN/44/024_Normal.tif,DRUSEN-044,test,DRUSEN,normal,OS,.tif,1.6452418565750122
DRUSEN/44/025_Normal.tif,DRUSEN-044,test,DRUSEN,normal,OS,.tif,1.7074768543243408
DRUSEN/44/026_Normal.tif,DRUSEN-044,test,DRUSEN,normal,OS,.tif,1.6283574104309082
DRUSEN/44/027_Normal.tif,DRUSEN-044,test,DRUSEN,normal,OS,.tif,1.4791457653045654
DRUSEN/44/028_Normal.tif,DRUSEN-044,test,DRUSEN,normal,OS,.tif,1.6041101217269897
DRUSEN/44/029_Normal.tif,DRUSEN-044,test,DRUSEN,normal,OS,.tif,1.683081030845642
DRUSEN/44/030_Normal.tif,DRUSEN-044,test,DRUSEN,normal,OS,.tif,1.694671630859375
DRUSEN/46/000_Normal.tif,DRUSEN-046,test,DRUSEN,normal,OD,.tif,1.6168607473373413
DRUSEN/46/001_Normal.tif,DRUSEN-046,test,DRUSEN,normal,OD,.tif,1.570043921470642
DRUSEN/46/002_Normal.tif,DRUSEN-046,test,DRUSEN,normal,OD,.tif,1.507261037826538
DRUSEN/46/003_Normal.tif,DRUSEN-046,test,DRUSEN,normal,OD,.tif,1.52165949344635
DRUSEN/46/004_Normal.tif,DRUSEN-046,test,DRUSEN,normal,OD,.tif,1.604673981666565
DRUSEN/46/005_Normal.tif,DRUSEN-046,test,DRUSEN,normal,OD,.tif,1.8118027448654175
DRUSEN/46/006_Normal.tif,DRUSEN-046,test,DRUSEN,normal,OD,.tif,1.6742717027664185
DRUSEN/46/007_Normal.tif,DRUSEN-046,test,DRUSEN,normal,OD,.tif,1.6286373138427734
DRUSEN/46/008_Normal.tif,DRUSEN-046,test,DRUSEN,normal,OD,.tif,1.7188215255737305
DRUSEN/46/009_Normal.tif,DRUSEN-046,test,DRUSEN,normal,OD,.tif,1.6173733472824097
DRUSEN/46/010_Normal.tif,DRUSEN-046,test,DRUSEN,normal,OD,.tif,1.6979197263717651
DRUSEN/46/011_Drusen.tif,DRUSEN-046,test,DRUSEN,drusen,OD,.tif,1.7203930616378784
DRUSEN/46/012_Drusen.tif,DRUSEN-046,test,DRUSEN,drusen,OD,.tif,1.605088710784912
DRUSEN/46/013_Drusen.tif,DRUSEN-046,test,DRUSEN,drusen,OD,.tif,1.7730144262313843
DRUSEN/46/014_Drusen.tif,DRUSEN-046,test,DRUSEN,drusen,OD,.tif,1.8218300342559814
DRUSEN/46/015_Drusen.tif,DRUSEN-046,test,DRUSEN,drusen,OD,.tif,1.7294598817825317
DRUSEN/46/016_Drusen.tif,DRUSEN-046,test,DRUSEN,drusen,OD,.tif,1.8304320573806763
DRUSEN/46/017_Drusen.tif,DRUSEN-046,test,DRUSEN,drusen,OD,.tif,1.749756932258606
DRUSEN/46/018_Drusen.tif,DRUSEN-046,test,DRUSEN,drusen,OD,.tif,1.586374044418335
DRUSEN/46/019_Drusen.tif,DRUSEN-046,test,DRUSEN,drusen,OD,.tif,1.5971325635910034
DRUSEN/46/020_Drusen.tif,DRUSEN-046,test,DRUSEN,drusen,OD,.tif,1.5693867206573486
DRUSEN/46/021_Normal.tif,DRUSEN-046,test,DRUSEN,normal,OD,.tif,1.585373044013977
DRUSEN/46/022_Normal.tif,DRUSEN-046,test,DRUSEN,normal,OD,.tif,1.5863916873931885
DRUSEN/46/023_Normal.tif,DRUSEN-046,test,DRUSEN,normal,OD,.tif,1.6064344644546509
DRUSEN/46/024_Normal.tif,DRUSEN-046,test,DRUSEN,normal,OD,.tif,1.5597903728485107
DRUSEN/46/025_Normal.tif,DRUSEN-046,test,DRUSEN,normal,OD,.tif,1.7059540748596191
DRUSEN/46/026_Normal.tif,DRUSEN-046,test,DRUSEN,normal,OD,.tif,1.6609821319580078
DRUSEN/46/027_Normal.tif,DRUSEN-046,test,DRUSEN,normal,OD,.tif,1.5713661909103394
DRUSEN/46/028_Normal.tif,DRUSEN-046,test,DRUSEN,normal,OD,.tif,1.6797767877578735
DRUSEN/46/029_Normal.tif,DRUSEN-046,test,DRUSEN,normal,OD,.tif,1.6554468870162964
DRUSEN/46/030_Normal.tif,DRUSEN-046,test,DRUSEN,normal,OD,.tif,1.67026948928833
DRUSEN/52/000_Drusen.tif,DRUSEN-052,test,DRUSEN,drusen,OD,.tif,1.5823222398757935
DRUSEN/52/001_Drusen.tif,DRUSEN-052,test,DRUSEN,drusen,OD,.tif,1.5539251565933228
DRUSEN/52/002_Drusen.tif,DRUSEN-052,test,DRUSEN,drusen,OD,.tif,1.585357427597046
DRUSEN/52/003_Drusen.tif,DRUSEN-052,test,DRUSEN,drusen,OD,.tif,1.673197627067566
DRUSEN/52/004_Drusen.tif,DRUSEN-052,test,DRUSEN,drusen,OD,.tif,1.716225028038025
DRUSEN/52/005_Drusen.tif,DRUSEN-052,test,DRUSEN,drusen,OD,.tif,1.5397651195526123
DRUSEN/52/006_Drusen.tif,DRUSEN-052,test,DRUSEN,drusen,OD,.tif,1.6593658924102783
DRUSEN/52/007_Drusen.tif,DRUSEN-052,test,DRUSEN,drusen,OD,.tif,1.599023461341858
DRUSEN/52/008_Drusen.tif,DRUSEN-052,test,DRUSEN,drusen,OD,.tif,1.5603405237197876
DRUSEN/52/009_Drusen.tif,DRUSEN-052,test,DRUSEN,drusen,OD,.tif,1.488376498222351
DRUSEN/52/010_Drusen.tif,DRUSEN-052,test,DRUSEN,drusen,OD,.tif,1.5163847208023071
DRUSEN/52/011_Drusen.tif,DRUSEN-052,test,DRUSEN,drusen,OD,.tif,1.3654025793075562
DRUSEN/52/012_Drusen.tif,DRUSEN-052,test,DRUSEN,drusen,OD,.tif,1.5049402713775635
DRUSEN/52/013_Drusen.tif,DRUSEN-052,test,DRUSEN,drusen,OD,.tif,1.6789559125900269
DRUSEN/52/014_Drusen.tif,DRUSEN-052,test,DRUSEN,drusen,OD,.tif,1.6743195056915283
DRUSEN/52/015_Drusen.tif,DRUSEN-052,test,DRUSEN,drusen,OD,.tif,1.7440351247787476
DRUSEN/52/016_Drusen.tif,DRUSEN-052,test,DRUSEN,drusen,OD,.tif,1.5816458463668823
DRUSEN/52/017_Drusen.tif,DRUSEN-052,test,DRUSEN,drusen,OD,.tif,1.6990671157836914
DRUSEN/52/018_Drusen.tif,DRUSEN-052,test,DRUSEN,drusen,OD,.tif,1.6643270254135132
DRUSEN/52/019_Drusen.tif,DRUSEN-052,test,DRUSEN,drusen,OD,.tif,1.6529017686843872
DRUSEN/52/020_Drusen.tif,DRUSEN-052,test,DRUSEN,drusen,OD,.tif,1.591609001159668
DRUSEN/52/021_Drusen.tif,DRUSEN-052,test,DRUSEN,drusen,OD,.tif,1.6186184883117676
DRUSEN/52/022_Drusen.tif,DRUSEN-052,test,DRUSEN,drusen,OD,.tif,1.5608326196670532
DRUSEN/52/023_Drusen.tif,DRUSEN-052,test,DRUSEN,drusen,OD,.tif,1.556605577468872
DRUSEN/52/024_Drusen.tif,DRUSEN-052,test,DRUSEN,drusen,OD,.tif,1.531795859336853
DRUSEN/52/025_Drusen.tif,DRUSEN-052,test,DRUSEN,drusen,OD,.tif,1.5017815828323364
DRUSEN/52/026_Drusen.tif,DRUSEN-052,test,DRUSEN,drusen,OD,.tif,1.6124365329742432
DRUSEN/52/027_Drusen.tif,DRUSEN-052,test,DRUSEN,drusen,OD,.tif,1.542450189590454
DRUSEN/52/028_Drusen.tif,DRUSEN-052,test,DRUSEN,drusen,OD,.tif,1.7112690210342407
DRUSEN/52/029_Drusen.tif,DRUSEN-052,test,DRUSEN,drusen,OD,.tif,1.5038561820983887
DRUSEN/52/030_Drusen.tif,DRUSEN-052,test,DRUSEN,drusen,OD,.tif,1.6114306449890137
DRUSEN/54/000_Normal.tif,DRUSEN-054,test,DRUSEN,normal,OD,.tif,1.7128987312316895
DRUSEN/54/001_Normal.tif,DRUSEN-054,test,DRUSEN,normal,OD,.tif,1.7354402542114258
DRUSEN/54/002_Normal.tif,DRUSEN-054,test,DRUSEN,normal,OD,.tif,1.873301386833191
DRUSEN/54/003_Normal.tif,DRUSEN-054,test,DRUSEN,normal,OD,.tif,1.8037217855453491
DRUSEN/54/004_Normal.tif,DRUSEN-054,test,DRUSEN,normal,OD,.tif,1.7645719051361084
DRUSEN/54/005_Drusen.tif,DRUSEN-054,test,DRUSEN,drusen,OD,.tif,1.7576326131820679
DRUSEN/54/006_Drusen.tif,DRUSEN-054,test,DRUSEN,drusen,OD,.tif,1.7519760131835938
DRUSEN/54/007_Drusen.tif,DRUSEN-054,test,DRUSEN,drusen,OD,.tif,1.7605981826782227
DRUSEN/54/008_Normal.tif,DRUSEN-054,test,DRUSEN,normal,OD,.tif,1.593436360359192
DRUSEN/54/009_Normal.tif,DRUSEN-054,test,DRUSEN,normal,OD,.tif,1.5777385234832764
DRUSEN/54/010_Normal.tif,DRUSEN-054,test,DRUSEN,normal,OD,.tif,1.5689136981964111
DRUSEN/54/011_Normal.tif,DRUSEN-054,test,DRUSEN,normal,OD,.tif,1.6410349607467651
DRUSEN/54/012_Normal.tif,DRUSEN-054,test,DRUSEN,normal,OD,.tif,1.6375235319137573
DRUSEN/54/013_Normal.tif,DRUSEN-054,test,DRUSEN,normal,OD,.tif,1.9066358804702759
DRUSEN/54/014_Normal.tif,DRUSEN-054,test,DRUSEN,normal,OD,.tif,1.7056148052215576
DRUSEN/54/015_Normal.tif,DRUSEN-054,test,DRUSEN,normal,OD,.tif,1.7540946006774902
DRUSEN/54/016_Normal.tif,DRUSEN-054,test,DRUSEN,normal,OD,.tif,1.6686069965362549
DRUSEN/54/017_Normal.tif,DRUSEN-054,test,DRUSEN,normal,OD,.tif,1.7118113040924072
DRUSEN/54/018_Normal.tif,DRUSEN-054,test,DRUSEN,normal,OD,.tif,1.6478705406188965
DRUSEN/54/019_Normal.tif,DRUSEN-054,test,DRUSEN,normal,OD,.tif,1.5858933925628662
DRUSEN/54/020_Normal.tif,DRUSEN-054,test,DRUSEN,normal,OD,.tif,1.7975071668624878
DRUSEN/54/021_Normal.tif,DRUSEN-054,test,DRUSEN,normal,OD,.tif,1.769872784614563
DRUSEN/54/022_Normal.tif,DRUSEN-054,test,DRUSEN,normal,OD,.tif,1.8925882577896118
DRUSEN/54/023_Normal.tif,DRUSEN-054,test,DRUSEN,normal,OD,.tif,1.811134934425354
DRUSEN/54/024_Normal.tif,DRUSEN-054,test,DRUSEN,normal,OD,.tif,1.8462724685668945
DRUSEN/54/025_Normal.tif,DRUSEN-054,test,DRUSEN,normal,OD,.tif,1.7721383571624756
DRUSEN/54/026_Normal.tif,DRUSEN-054,test,DRUSEN,normal,OD,.tif,1.7947897911071777
DRUSEN/54/027_Normal.tif,DRUSEN-054,test,DRUSEN,normal,OD,.tif,1.7730079889297485
DRUSEN/54/028_Normal.tif,DRUSEN-054,test,DRUSEN,normal,OD,.tif,1.9533981084823608
DRUSEN/54/029_Normal.tif,DRUSEN-054,test,DRUSEN,normal,OD,.tif,1.8717942237854004
DRUSEN/54/030_Normal.tif,DRUSEN-054,test,DRUSEN,normal,OD,.tif,1.7438498735427856
DRUSEN/56/000_Drusen.tif,DRUSEN-056,test,DRUSEN,drusen,OD,.tif,1.825170636177063
DRUSEN/56/001_Normal.tif,DRUSEN-056,test,DRUSEN,normal,OD,.tif,1.9063719511032104
DRUSEN/56/002_Normal.tif,DRUSEN-056,test,DRUSEN,normal,OD,.tif,1.7179949283599854
DRUSEN/56/003_Normal.tif,DRUSEN-056,test,DRUSEN,normal,OD,.tif,1.7269480228424072
DRUSEN/56/004_Normal.tif,DRUSEN-056,test,DRUSEN,normal,OD,.tif,1.7040866613388062
DRUSEN/56/005_Normal.tif,DRUSEN-056,test,DRUSEN,normal,OD,.tif,1.6211363077163696
DRUSEN/56/006_Normal.tif,DRUSEN-056,test,DRUSEN,normal,OD,.tif,1.599357008934021
DRUSEN/56/007_Normal.tif,DRUSEN-056,test,DRUSEN,normal,OD,.tif,1.576798439025879
DRUSEN/56/008_Normal.tif,DRUSEN-056,test,DRUSEN,normal,OD,.tif,1.479690432548523
DRUSEN/56/009_Normal.tif,DRUSEN-056,test,DRUSEN,normal,OD,.tif,1.4787914752960205
DRUSEN/56/010_Normal.tif,DRUSEN-056,test,DRUSEN,normal,OD,.tif,1.5102581977844238
DRUSEN/56/011_Drusen.tif,DRUSEN-056,test,DRUSEN,drusen,OD,.tif,1.563338279724121
DRUSEN/56/012_Drusen.tif,DRUSEN-056,test,DRUSEN,drusen,OD,.tif,1.5561310052871704
DRUSEN/56/013_Drusen.tif,DRUSEN-056,test,DRUSEN,drusen,OD,.tif,1.6697882413864136
DRUSEN/56/014_Drusen.tif,DRUSEN-056,test,DRUSEN,drusen,OD,.tif,1.8254915475845337
DRUSEN/56/015_Drusen.tif,DRUSEN-056,test,DRUSEN,drusen,OD,.tif,1.5920096635818481
DRUSEN/56/016_Drusen.tif,DRUSEN-056,test,DRUSEN,drusen,OD,.tif,1.8086737394332886
DRUSEN/56/017_Drusen.tif,DRUSEN-056,test,DRUSEN,drusen,OD,.tif,1.6034185886383057
DRUSEN/56/018_Drusen.tif,DRUSEN-056,test,DRUSEN,drusen,OD,.tif,1.642496109008789
DRUSEN/56/019_Drusen.tif,DRUSEN-056,test,DRUSEN,drusen,OD,.tif,1.534151315689087
DRUSEN/56/020_Normal.tif,DRUSEN-056,test,DRUSEN,normal,OD,.tif,1.5984697341918945
DRUSEN/56/021_Normal.tif,DRUSEN-056,test,DRUSEN,normal,OD,.tif,1.6262272596359253
DRUSEN/56/022_Normal.tif,DRUSEN-056,test,DRUSEN,normal,OD,.tif,1.5931302309036255
DRUSEN/56/023_Normal.tif,DRUSEN-056,test,DRUSEN,normal,OD,.tif,1.7401928901672363
DRUSEN/56/024_Normal.tif,DRUSEN-056,test,DRUSEN,normal,OD,.tif,1.61045241355896
DRUSEN/56/025_Normal.tif,DRUSEN-056,test,DRUSEN,normal,OD,.tif,1.6658374071121216
DRUSEN/56/026_Normal.tif,DRUSEN-056,test,DRUSEN,normal,OD,.tif,1.6375893354415894
DRUSEN/56/027_Normal.tif,DRUSEN-056,test,DRUSEN,normal,OD,.tif,1.5930604934692383
DRUSEN/56/028_Normal.tif,DRUSEN-056,test,DRUSEN,normal,OD,.tif,1.5810461044311523
DRUSEN/56/029_Normal.tif,DRUSEN-056,test,DRUSEN,normal,OD,.tif,1.6312099695205688
DRUSEN/56/030_Drusen.tif,DRUSEN-056,test,DRUSEN,drusen,OD,.tif,1.5711334943771362
DRUSEN/58/000_Normal.tif,DRUSEN-058,test,DRUSEN,normal,OD,.tif,1.6691439151763916
DRUSEN/58/001_Normal.tif,DRUSEN-058,test,DRUSEN,normal,OD,.tif,1.6541647911071777
DRUSEN/58/002_Normal.tif,DRUSEN-058,test,DRUSEN,normal,OD,.tif,1.7476942539215088
DRUSEN/58/003_Normal.tif,DRUSEN-058,test,DRUSEN,normal,OD,.tif,1.8003627061843872
DRUSEN/58/004_Normal.tif,DRUSEN-058,test,DRUSEN,normal,OD,.tif,1.6634186506271362
DRUSEN/58/005_Normal.tif,DRUSEN-058,test,DRUSEN,normal,OD,.tif,1.5982344150543213
DRUSEN/58/006_Normal.tif,DRUSEN-058,test,DRUSEN,normal,OD,.tif,1.8479664325714111
DRUSEN/58/007_Normal.tif,DRUSEN-058,test,DRUSEN,normal,OD,.tif,2.0780835151672363
DRUSEN/58/008_Normal.tif,DRUSEN-058,test,DRUSEN,normal,OD,.tif,1.6507322788238525
DRUSEN/58/009_Normal.tif,DRUSEN-058,test,DRUSEN,normal,OD,.tif,1.6295688152313232
DRUSEN/58/010_Normal.tif,DRUSEN-058,test,DRUSEN,normal,OD,.tif,1.6069581508636475
DRUSEN/58/011_Normal.tif,DRUSEN-058,test,DRUSEN,normal,OD,.tif,1.6163674592971802
DRUSEN/58/012_Normal.tif,DRUSEN-058,test,DRUSEN,normal,OD,.tif,1.8273767232894897
DRUSEN/58/013_Drusen.tif,DRUSEN-058,test,DRUSEN,drusen,OD,.tif,1.837231993675232
DRUSEN/58/014_Drusen.tif,DRUSEN-058,test,DRUSEN,drusen,OD,.tif,1.8422030210494995
DRUSEN/58/015_Drusen.tif,DRUSEN-058,test,DRUSEN,drusen,OD,.tif,1.6724553108215332
DRUSEN/58/016_Drusen.tif,DRUSEN-058,test,DRUSEN,drusen,OD,.tif,1.8158804178237915
DRUSEN/58/017_Drusen.tif,DRUSEN-058,test,DRUSEN,drusen,OD,.tif,1.6742655038833618
DRUSEN/58/018_Drusen.tif,DRUSEN-058,test,DRUSEN,drusen,OD,.tif,1.7726877927780151
DRUSEN/58/019_Drusen.tif,DRUSEN-058,test,DRUSEN,drusen,OD,.tif,1.6956104040145874
DRUSEN/58/020_Drusen.tif,DRUSEN-058,test,DRUSEN,drusen,OD,.tif,1.6834946870803833
DRUSEN/58/021_Normal.tif,DRUSEN-058,test,DRUSEN,normal,OD,.tif,1.6216624975204468
DRUSEN/58/022_Normal.tif,DRUSEN-058,test,DRUSEN,normal,OD,.tif,1.719694972038269
DRUSEN/58/023_Normal.tif,DRUSEN-058,test,DRUSEN,normal,OD,.tif,1.718650221824646
DRUSEN/58/024_Normal.tif,DRUSEN-058,test,DRUSEN,normal,OD,.tif,1.5774980783462524
DRUSEN/58/025_Normal.tif,DRUSEN-058,test,DRUSEN,normal,OD,.tif,1.7660194635391235
DRUSEN/58/026_Normal.tif,DRUSEN-058,test,DRUSEN,normal,OD,.tif,1.8573721647262573
DRUSEN/58/027_Normal.tif,DRUSEN-058,test,DRUSEN,normal,OD,.tif,1.6452187299728394
DRUSEN/58/028_Normal.tif,DRUSEN-058,test,DRUSEN,normal,OD,.tif,1.742379069328308
DRUSEN/58/029_Normal.tif,DRUSEN-058,test,DRUSEN,normal,OD,.tif,1.7534068822860718
DRUSEN/58/030_Normal.tif,DRUSEN-058,test,DRUSEN,normal,OD,.tif,1.7286897897720337
DRUSEN/60/000_Normal.tif,DRUSEN-060,test,DRUSEN,normal,OD,.tif,1.7347215414047241
DRUSEN/60/001_Normal.tif,DRUSEN-060,test,DRUSEN,normal,OD,.tif,1.5759391784667969
DRUSEN/60/002_Normal.tif,DRUSEN-060,test,DRUSEN,normal,OD,.tif,1.676429033279419
DRUSEN/60/003_Drusen.tif,DRUSEN-060,test,DRUSEN,drusen,OD,.tif,1.6330900192260742
DRUSEN/60/004_Drusen.tif,DRUSEN-060,test,DRUSEN,drusen,OD,.tif,1.6133637428283691
DRUSEN/60/005_Drusen.tif,DRUSEN-060,test,DRUSEN,drusen,OD,.tif,1.6872951984405518
DRUSEN/60/006_Drusen.tif,DRUSEN-060,test,DRUSEN,drusen,OD,.tif,1.6784067153930664
DRUSEN/60/007_Normal.tif,DRUSEN-060,test,DRUSEN,normal,OD,.tif,1.7056524753570557
DRUSEN/60/008_Drusen.tif,DRUSEN-060,test,DRUSEN,drusen,OD,.tif,1.7060071229934692
DRUSEN/60/009_Drusen.tif,DRUSEN-060,test,DRUSEN,drusen,OD,.tif,1.6046206951141357
DRUSEN/60/010_Drusen.tif,DRUSEN-060,test,DRUSEN,drusen,OD,.tif,1.6302884817123413
DRUSEN/60/011_Drusen.tif,DRUSEN-060,test,DRUSEN,drusen,OD,.tif,1.581397294998169
DRUSEN/60/012_Drusen.tif,DRUSEN-060,test,DRUSEN,drusen,OD,.tif,1.6772041320800781
DRUSEN/60/013_Drusen.tif,DRUSEN-060,test,DRUSEN,drusen,OD,.tif,1.616301417350769
DRUSEN/60/014_Drusen.tif,DRUSEN-060,test,DRUSEN,drusen,OD,.tif,1.7412503957748413
DRUSEN/60/015_Drusen.tif,DRUSEN-060,test,DRUSEN,drusen,OD,.tif,1.7081077098846436
DRUSEN/60/016_Drusen.tif,DRUSEN-060,test,DRUSEN,drusen,OD,.tif,1.7316895723342896
DRUSEN/60/017_Drusen.tif,DRUSEN-060,test,DRUSEN,drusen,OD,.tif,1.5710523128509521
DRUSEN/60/018_Drusen.tif,DRUSEN-060,test,DRUSEN,drusen,OD,.tif,1.6788139343261719
DRUSEN/60/019_Drusen.tif,DRUSEN-060,test,DRUSEN,drusen,OD,.tif,1.6538652181625366
DRUSEN/60/020_Drusen.tif,DRUSEN-060,test,DRUSEN,drusen,OD,.tif,1.6990242004394531
DRUSEN/60/021_Drusen.tif,DRUSEN-060,test,DRUSEN,drusen,OD,.tif,1.7125097513198853
DRUSEN/60/022_Drusen.tif,DRUSEN-060,test,DRUSEN,drusen,OD,.tif,1.6222141981124878
DRUSEN/60/023_Drusen.tif,DRUSEN-060,test,DRUSEN,drusen,OD,.tif,1.7193717956542969
DRUSEN/60/024_Drusen.tif,DRUSEN-060,test,DRUSEN,drusen,OD,.tif,1.5544484853744507
DRUSEN/60/025_Drusen.tif,DRUSEN-060,test,DRUSEN,drusen,OD,.tif,1.6370844841003418
DRUSEN/60/026_Normal.tif,DRUSEN-060,test,DRUSEN,normal,OD,.tif,1.5503748655319214
DRUSEN/60/027_Normal.tif,DRUSEN-060,test,DRUSEN,normal,OD,.tif,1.5119112730026245
DRUSEN/60/028_Normal.tif,DRUSEN-060,test,DRUSEN,normal,OD,.tif,1.581644892692566
DRUSEN/60/029_Normal.tif,DRUSEN-060,test,DRUSEN,normal,OD,.tif,1.5461422204971313
DRUSEN/60/030_Normal.tif,DRUSEN-060,test,DRUSEN,normal,OD,.tif,1.4539841413497925
DRUSEN/62/000_Normal.tif,DRUSEN-062,test,DRUSEN,normal,OS,.tif,2.176574230194092
DRUSEN/62/001_Normal.tif,DRUSEN-062,test,DRUSEN,normal,OS,.tif,2.083096981048584
DRUSEN/62/002_Normal.tif,DRUSEN-062,test,DRUSEN,normal,OS,.tif,1.7291104793548584
DRUSEN/62/003_Drusen.tif,DRUSEN-062,test,DRUSEN,drusen,OS,.tif,1.7123303413391113
DRUSEN/62/004_Drusen.tif,DRUSEN-062,test,DRUSEN,drusen,OS,.tif,1.8351457118988037
DRUSEN/62/005_Drusen.tif,DRUSEN-062,test,DRUSEN,drusen,OS,.tif,1.842712163925171
DRUSEN/62/006_Drusen.tif,DRUSEN-062,test,DRUSEN,drusen,OS,.tif,1.9489161968231201
DRUSEN/62/007_Drusen.tif,DRUSEN-062,test,DRUSEN,drusen,OS,.tif,1.8481731414794922
DRUSEN/62/008_Drusen.tif,DRUSEN-062,test,DRUSEN,drusen,OS,.tif,1.8290493488311768
DRUSEN/62/009_Drusen.tif,DRUSEN-062,test,DRUSEN,drusen,OS,.tif,1.742510199546814
DRUSEN/62/010_Drusen.tif,DRUSEN-062,test,DRUSEN,drusen,OS,.tif,1.665380597114563
DRUSEN/62/011_Drusen.tif,DRUSEN-062,test,DRUSEN,drusen,OS,.tif,1.687269687652588
DRUSEN/62/012_Drusen.tif,DRUSEN-062,test,DRUSEN,drusen,OS,.tif,1.7121633291244507
DRUSEN/62/013_Drusen.tif,DRUSEN-062,test,DRUSEN,drusen,OS,.tif,1.9855260848999023
DRUSEN/62/014_Drusen.tif,DRUSEN-062,test,DRUSEN,drusen,OS,.tif,1.8195817470550537
DRUSEN/62/015_Drusen.tif,DRUSEN-062,test,DRUSEN,drusen,OS,.tif,1.8888781070709229
DRUSEN/62/016_Drusen.tif,DRUSEN-062,test,DRUSEN,drusen,OS,.tif,1.8171299695968628
DRUSEN/62/017_Drusen.tif,DRUSEN-062,test,DRUSEN,drusen,OS,.tif,1.7003962993621826
DRUSEN/62/018_Drusen.tif,DRUSEN-062,test,DRUSEN,drusen,OS,.tif,1.8304637670516968
DRUSEN/62/019_Drusen.tif,DRUSEN-062,test,DRUSEN,drusen,OS,.tif,1.7459591627120972
DRUSEN/62/020_Drusen.tif,DRUSEN-062,test,DRUSEN,drusen,OS,.tif,1.8119133710861206
DRUSEN/62/021_Drusen.tif,DRUSEN-062,test,DRUSEN,drusen,OS,.tif,1.9657418727874756
DRUSEN/62/022_Drusen.tif,DRUSEN-062,test,DRUSEN,drusen,OS,.tif,1.6584666967391968
DRUSEN/62/023_Drusen.tif,DRUSEN-062,test,DRUSEN,drusen,OS,.tif,1.8526949882507324
DRUSEN/62/024_Drusen.tif,DRUSEN-062,test,DRUSEN,drusen,OS,.tif,2.135054588317871
DRUSEN/62/025_Drusen.tif,DRUSEN-062,test,DRUSEN,drusen,OS,.tif,2.02874493598938
DRUSEN/62/026_Drusen.tif,DRUSEN-062,test,DRUSEN,drusen,OS,.tif,2.0558128356933594
DRUSEN/62/027_Drusen.tif,DRUSEN-062,test,DRUSEN,drusen,OS,.tif,2.101990222930908
DRUSEN/62/028_Drusen.tif,DRUSEN-062,test,DRUSEN,drusen,OS,.tif,2.064887046813965
DRUSEN/62/029_Drusen.tif,DRUSEN-062,test,DRUSEN,drusen,OS,.tif,2.2307944297790527
DRUSEN/62/030_Drusen.tif,DRUSEN-062,test,DRUSEN,drusen,OS,.tif,2.3511574268341064
DRUSEN/64/OD/000_Drusen.tif,DRUSEN-064,test,DRUSEN,drusen,OD,.tif,1.890545129776001
DRUSEN/64/OD/001_Drusen.tif,DRUSEN-064,test,DRUSEN,drusen,OD,.tif,1.8662183284759521
DRUSEN/64/OD/002_Drusen.tif,DRUSEN-064,test,DRUSEN,drusen,OD,.tif,1.7571899890899658
DRUSEN/64/OD/003_Drusen.tif,DRUSEN-064,test,DRUSEN,drusen,OD,.tif,1.7518589496612549
DRUSEN/64/OD/004_Drusen.tif,DRUSEN-064,test,DRUSEN,drusen,OD,.tif,1.6703482866287231
DRUSEN/64/OD/005_Drusen.tif,DRUSEN-064,test,DRUSEN,drusen,OD,.tif,1.640250563621521
DRUSEN/64/OD/006_Drusen.tif,DRUSEN-064,test,DRUSEN,drusen,OD,.tif,1.6883283853530884
DRUSEN/64/OD/007_Drusen.tif,DRUSEN-064,test,DRUSEN,drusen,OD,.tif,1.770605206489563
DRUSEN/64/OD/008_Drusen.tif,DRUSEN-064,test,DRUSEN,drusen,OD,.tif,1.640788197517395
DRUSEN/64/OD/009_Drusen.tif,DRUSEN-064,test,DRUSEN,drusen,OD,.tif,1.6107977628707886
DRUSEN/64/OD/010_Drusen.tif,DRUSEN-064,test,DRUSEN,drusen,OD,.tif,1.8308663368225098
DRUSEN/64/OD/011_Drusen.tif,DRUSEN-064,test,DRUSEN,drusen,OD,.tif,1.6685175895690918
DRUSEN/64/OD/012_Drusen.tif,DRUSEN-064,test,DRUSEN,drusen,OD,.tif,1.7818584442138672
DRUSEN/64/OD/013_Drusen.tif,DRUSEN-064,test,DRUSEN,drusen,OD,.tif,1.6351555585861206
DRUSEN/64/OD/014_Drusen.tif,DRUSEN-064,test,DRUSEN,drusen,OD,.tif,1.961573600769043
DRUSEN/64/OD/015_Drusen.tif,DRUSEN-064,test,DRUSEN,drusen,OD,.tif,1.8536882400512695
DRUSEN/64/OD/016_Drusen.tif,DRUSEN-064,test,DRUSEN,drusen,OD,.tif,1.8749912977218628
DRUSEN/64/OD/017_Drusen.tif,DRUSEN-064,test,DRUSEN,drusen,OD,.tif,2.035339593887329
DRUSEN/64/OD/018_Drusen.tif,DRUSEN-064,test,DRUSEN,drusen,OD,.tif,2.0169382095336914
DRUSEN/64/OD/019_Drusen.tif,DRUSEN-064,test,DRUSEN,drusen,OD,.tif,1.8292427062988281
DRUSEN/64/OD/020_Drusen.tif,DRUSEN-064,test,DRUSEN,drusen,OD,.tif,1.802945852279663
DRUSEN/64/OD/021_Drusen.tif,DRUSEN-064,test,DRUSEN,drusen,OD,.tif,1.853401780128479
DRUSEN/64/OD/022_Drusen.tif,DRUSEN-064,test,DRUSEN,drusen,OD,.tif,1.9620221853256226
DRUSEN/64/OD/023_Drusen.tif,DRUSEN-064,test,DRUSEN,drusen,OD,.tif,1.8677130937576294
DRUSEN/64/OD/024_Drusen.tif,DRUSEN-064,test,DRUSEN,drusen,OD,.tif,1.9409352540969849
DRUSEN/64/OD/025_Drusen.tif,DRUSEN-064,test,DRUSEN,drusen,OD,.tif,1.8735843896865845
DRUSEN/64/OD/026_Drusen.tif,DRUSEN-064,test,DRUSEN,drusen,OD,.tif,1.8582144975662231
DRUSEN/64/OD/027_Drusen.tif,DRUSEN-064,test,DRUSEN,drusen,OD,.tif,1.7905254364013672
DRUSEN/64/OD/028_Drusen.tif,DRUSEN-064,test,DRUSEN,drusen,OD,.tif,1.8270386457443237
DRUSEN/64/OD/029_Drusen.tif,DRUSEN-064,test,DRUSEN,drusen,OD,.tif,1.7577507495880127
DRUSEN/64/OD/030_Drusen.tif,DRUSEN-064,test,DRUSEN,drusen,OD,.tif,1.765732765197754
DRUSEN/64/OS/000_Drusen.tif,DRUSEN-064,test,DRUSEN,drusen,OS,.tif,2.0214688777923584
DRUSEN/64/OS/001_Drusen.tif,DRUSEN-064,test,DRUSEN,drusen,OS,.tif,2.0608534812927246
DRUSEN/64/OS/002_Drusen.tif,DRUSEN-064,test,DRUSEN,drusen,OS,.tif,1.8933409452438354
DRUSEN/64/OS/003_Drusen.tif,DRUSEN-064,test,DRUSEN,drusen,OS,.tif,1.8686407804489136
DRUSEN/64/OS/004_Drusen.tif,DRUSEN-064,test,DRUSEN,drusen,OS,.tif,1.8211110830307007
DRUSEN/64/OS/005_Drusen.tif,DRUSEN-064,test,DRUSEN,drusen,OS,.tif,1.8090835809707642
DRUSEN/64/OS/006_Drusen.tif,DRUSEN-064,test,DRUSEN,drusen,OS,.tif,1.7142770290374756
DRUSEN/64/OS/007_Drusen.tif,DRUSEN-064,test,DRUSEN,drusen,OS,.tif,1.706080675125122
DRUSEN/64/OS/008_Drusen.tif,DRUSEN-064,test,DRUSEN,drusen,OS,.tif,1.7843490839004517
DRUSEN/64/OS/009_Drusen.tif,DRUSEN-064,test,DRUSEN,drusen,OS,.tif,1.8817658424377441
DRUSEN/64/OS/010_Drusen.tif,DRUSEN-064,test,DRUSEN,drusen,OS,.tif,1.928430199623108
DRUSEN/64/OS/011_Drusen.tif,DRUSEN-064,test,DRUSEN,drusen,OS,.tif,1.9209028482437134
DRUSEN/64/OS/012_Drusen.tif,DRUSEN-064,test,DRUSEN,drusen,OS,.tif,1.9816315174102783
DRUSEN/64/OS/013_Drusen.tif,DRUSEN-064,test,DRUSEN,drusen,OS,.tif,1.8375544548034668
DRUSEN/64/OS/014_Drusen.tif,DRUSEN-064,test,DRUSEN,drusen,OS,.tif,1.8662683963775635
DRUSEN/64/OS/015_Drusen.tif,DRUSEN-064,test,DRUSEN,drusen,OS,.tif,1.9651821851730347
DRUSEN/64/OS/016_Drusen.tif,DRUSEN-064,test,DRUSEN,drusen,OS,.tif,1.9071040153503418
DRUSEN/64/OS/017_Drusen.tif,DRUSEN-064,test,DRUSEN,drusen,OS,.tif,1.9096133708953857
DRUSEN/64/OS/018_Drusen.tif,DRUSEN-064,test,DRUSEN,drusen,OS,.tif,1.9315792322158813
DRUSEN/64/OS/019_Drusen.tif,DRUSEN-064,test,DRUSEN,drusen,OS,.tif,1.9799553155899048
DRUSEN/64/OS/020_Drusen.tif,DRUSEN-064,test,DRUSEN,drusen,OS,.tif,1.9728282690048218
DRUSEN/64/OS/021_Drusen.tif,DRUSEN-064,test,DRUSEN,drusen,OS,.tif,1.8889826536178589
DRUSEN/64/OS/022_Drusen.tif,DRUSEN-064,test,DRUSEN,drusen,OS,.tif,1.8698056936264038
DRUSEN/64/OS/023_Drusen.tif,DRUSEN-064,test,DRUSEN,drusen,OS,.tif,1.930509328842163
DRUSEN/64/OS/024_Drusen.tif,DRUSEN-064,test,DRUSEN,drusen,OS,.tif,1.8390064239501953
DRUSEN/64/OS/025_Drusen.tif,DRUSEN-064,test,DRUSEN,drusen,OS,.tif,1.8185341358184814
DRUSEN/64/OS/026_Drusen.tif,DRUSEN-064,test,DRUSEN,drusen,OS,.tif,1.877347707748413
DRUSEN/64/OS/027_Drusen.tif,DRUSEN-064,test,DRUSEN,drusen,OS,.tif,1.6934996843338013
DRUSEN/64/OS/028_Drusen.tif,DRUSEN-064,test,DRUSEN,drusen,OS,.tif,1.6895569562911987
DRUSEN/64/OS/029_Drusen.tif,DRUSEN-064,test,DRUSEN,drusen,OS,.tif,1.6808135509490967
DRUSEN/64/OS/030_Drusen.tif,DRUSEN-064,test,DRUSEN,drusen,OS,.tif,1.7494008541107178
DRUSEN/66/000_Normal.tif,DRUSEN-066,test,DRUSEN,normal,OS,.tif,1.5208500623703003
DRUSEN/66/001_Normal.tif,DRUSEN-066,test,DRUSEN,normal,OS,.tif,1.474714994430542
DRUSEN/66/002_Normal.tif,DRUSEN-066,test,DRUSEN,normal,OS,.tif,1.6139371395111084
DRUSEN/66/003_Normal.tif,DRUSEN-066,test,DRUSEN,normal,OS,.tif,1.5166853666305542
DRUSEN/66/004_Normal.tif,DRUSEN-066,test,DRUSEN,normal,OS,.tif,1.5530213117599487
DRUSEN/66/005_Drusen.tif,DRUSEN-066,test,DRUSEN,drusen,OS,.tif,1.4713553190231323
DRUSEN/66/006_Drusen.tif,DRUSEN-066,test,DRUSEN,drusen,OS,.tif,1.4921414852142334
DRUSEN/66/007_Drusen.tif,DRUSEN-066,test,DRUSEN,drusen,OS,.tif,1.5334789752960205
DRUSEN/66/008_Drusen.tif,DRUSEN-066,test,DRUSEN,drusen,OS,.tif,1.4874887466430664
DRUSEN/66/009_Drusen.tif,DRUSEN-066,test,DRUSEN,drusen,OS,.tif,1.560949444770813
DRUSEN/66/010_Drusen.tif,DRUSEN-066,test,DRUSEN,drusen,OS,.tif,1.4483062028884888
DRUSEN/66/011_Drusen.tif,DRUSEN-066,test,DRUSEN,drusen,OS,.tif,1.4507722854614258
DRUSEN/66/012_Drusen.tif,DRUSEN-066,test,DRUSEN,drusen,OS,.tif,1.4776169061660767
DRUSEN/66/013_Drusen.tif,DRUSEN-066,test,DRUSEN,drusen,OS,.tif,1.489405870437622
DRUSEN/66/014_Drusen.tif,DRUSEN-066,test,DRUSEN,drusen,OS,.tif,1.4640105962753296
DRUSEN/66/015_Drusen.tif,DRUSEN-066,test,DRUSEN,drusen,OS,.tif,1.4985260963439941
DRUSEN/66/016_Drusen.tif,DRUSEN-066,test,DRUSEN,drusen,OS,.tif,1.611628770828247
DRUSEN/66/017_Drusen.tif,DRUSEN-066,test,DRUSEN,drusen,OS,.tif,1.614819049835205
DRUSEN/66/018_Drusen.tif,DRUSEN-066,test,DRUSEN,drusen,OS,.tif,1.5911026000976562
DRUSEN/66/019_Drusen.tif,DRUSEN-066,test,DRUSEN,drusen,OS,.tif,1.575433611869812
DRUSEN/66/020_Drusen.tif,DRUSEN-066,test,DRUSEN,drusen,OS,.tif,1.5866882801055908
DRUSEN/66/021_Drusen.tif,DRUSEN-066,test,DRUSEN,drusen,OS,.tif,1.5595285892486572
DRUSEN/66/022_Drusen.tif,DRUSEN-066,test,DRUSEN,drusen,OS,.tif,1.7542445659637451
DRUSEN/66/023_Drusen.tif,DRUSEN-066,test,DRUSEN,drusen,OS,.tif,1.638909935951233
DRUSEN/66/024_Drusen.tif,DRUSEN-066,test,DRUSEN,drusen,OS,.tif,1.4903945922851562
DRUSEN/66/025_Drusen.tif,DRUSEN-066,test,DRUSEN,drusen,OS,.tif,1.559165596961975
DRUSEN/66/026_Drusen.tif,DRUSEN-066,test,DRUSEN,drusen,OS,.tif,1.5100029706954956
DRUSEN/66/027_Drusen.tif,DRUSEN-066,test,DRUSEN,drusen,OS,.tif,1.469068169593811
DRUSEN/66/028_Drusen.tif,DRUSEN-066,test,DRUSEN,drusen,OS,.tif,1.5091615915298462
DRUSEN/66/029_Drusen.tif,DRUSEN-066,test,DRUSEN,drusen,OS,.tif,1.5382354259490967
DRUSEN/66/030_Drusen.tif,DRUSEN-066,test,DRUSEN,drusen,OS,.tif,1.5531550645828247
DRUSEN/68/000_Normal.tif,DRUSEN-068,test,DRUSEN,normal,OS,.tif,1.6311379671096802
DRUSEN/68/001_Normal.tif,DRUSEN-068,test,DRUSEN,normal,OS,.tif,1.61002779006958
DRUSEN/68/002_Normal.tif,DRUSEN-068,test,DRUSEN,normal,OS,.tif,1.5059257745742798
DRUSEN/68/003_Normal.tif,DRUSEN-068,test,DRUSEN,normal,OS,.tif,1.5768630504608154
DRUSEN/68/004_Normal.tif,DRUSEN-068,test,DRUSEN,normal,OS,.tif,1.585657000541687
DRUSEN/68/005_Normal.tif,DRUSEN-068,test,DRUSEN,normal,OS,.tif,1.5213894844055176
DRUSEN/68/006_DRusen.tif,DRUSEN-068,test,DRUSEN,drusen,OS,.tif,1.4539546966552734
DRUSEN/68/007_DRusen.tif,DRUSEN-068,test,DRUSEN,drusen,OS,.tif,1.4990637302398682
DRUSEN/68/008_DRusen.tif,DRUSEN-068,test,DRUSEN,drusen,OS,.tif,1.477980136871338
DRUSEN/68/009_DRusen.tif,DRUSEN-068,test,DRUSEN,drusen,OS,.tif,1.4673995971679688
DRUSEN/68/010_DRusen.tif,DRUSEN-068,test,DRUSEN,drusen,OS,.tif,1.4878441095352173
DRUSEN/68/011_DRusen.tif,DRUSEN-068,test,DRUSEN,drusen,OS,.tif,1.5239185094833374
DRUSEN/68/012_DRusen.tif,DRUSEN-068,test,DRUSEN,drusen,OS,.tif,1.4784585237503052
DRUSEN/68/013_DRusen.tif,DRUSEN-068,test,DRUSEN,drusen,OS,.tif,1.5991709232330322
DRUSEN/68/014_DRusen.tif,DRUSEN-068,test,DRUSEN,drusen,OS,.tif,1.6749006509780884
DRUSEN/68/015_DRusen.tif,DRUSEN-068,test,DRUSEN,drusen,OS,.tif,1.7432337999343872
DRUSEN/68/016_DRusen.tif,DRUSEN-068,test,DRUSEN,drusen,OS,.tif,1.5301011800765991
DRUSEN/68/017_DRusen.tif,DRUSEN-068,test,DRUSEN,drusen,OS,.tif,1.498879313468933
DRUSEN/68/018_DRusen.tif,DRUSEN-068,test,DRUSEN,drusen,OS,.tif,1.6816716194152832
DRUSEN/68/019_DRusen.tif,DRUSEN-068,test,DRUSEN,drusen,OS,.tif,1.753183364868164
DRUSEN/68/020_DRusen.tif,DRUSEN-068,test,DRUSEN,drusen,OS,.tif,1.5544437170028687
DRUSEN/68/021_Normal.tif,DRUSEN-068,test,DRUSEN,normal,OS,.tif,1.5698084831237793
DRUSEN/68/022_DRusen.tif,DRUSEN-068,test,DRUSEN,drusen,OS,.tif,1.6617796421051025
DRUSEN/68/023_Normal.tif,DRUSEN-068,test,DRUSEN,normal,OS,.tif,1.6716439723968506
DRUSEN/68/024_Normal.tif,DRUSEN-068,test,DRUSEN,normal,OS,.tif,1.5562664270401
DRUSEN/68/025_DRusen.tif,DRUSEN-068,test,DRUSEN,drusen,OS,.tif,1.6394243240356445
DRUSEN/68/026_DRusen.tif,DRUSEN-068,test,DRUSEN,drusen,OS,.tif,1.6675732135772705
DRUSEN/68/027_DRusen.tif,DRUSEN-068,test,DRUSEN,drusen,OS,.tif,1.6271404027938843
DRUSEN/68/028_Normal.tif,DRUSEN-068,test,DRUSEN,normal,OS,.tif,1.7059975862503052
DRUSEN/68/029_DRusen.tif,DRUSEN-068,test,DRUSEN,drusen,OS,.tif,1.6827696561813354
DRUSEN/68/030_Normal.tif,DRUSEN-068,test,DRUSEN,normal,OS,.tif,1.64652419090271
DRUSEN/70/000_Drusen.tif,DRUSEN-070,test,DRUSEN,drusen,OS,.tif,2.0456082820892334
DRUSEN/70/001_Drusen.tif,DRUSEN-070,test,DRUSEN,drusen,OS,.tif,1.9301514625549316
DRUSEN/70/002_Drusen.tif,DRUSEN-070,test,DRUSEN,drusen,OS,.tif,2.296815872192383
DRUSEN/70/003_Drusen.tif,DRUSEN-070,test,DRUSEN,drusen,OS,.tif,1.9747545719146729
DRUSEN/70/004_Drusen.tif,DRUSEN-070,test,DRUSEN,drusen,OS,.tif,2.010607957839966
DRUSEN/70/005_Drusen.tif,DRUSEN-070,test,DRUSEN,drusen,OS,.tif,1.981044054031372
DRUSEN/70/006_Drusen.tif,DRUSEN-070,test,DRUSEN,drusen,OS,.tif,2.0306825637817383
DRUSEN/70/007_Drusen.tif,DRUSEN-070,test,DRUSEN,drusen,OS,.tif,1.93077552318573
DRUSEN/70/008_Drusen.tif,DRUSEN-070,test,DRUSEN,drusen,OS,.tif,2.016589403152466
DRUSEN/70/009_Drusen.tif,DRUSEN-070,test,DRUSEN,drusen,OS,.tif,1.909562110900879
DRUSEN/70/010_Drusen.tif,DRUSEN-070,test,DRUSEN,drusen,OS,.tif,1.976951241493225
DRUSEN/70/011_Drusen.tif,DRUSEN-070,test,DRUSEN,drusen,OS,.tif,2.027547597885132
DRUSEN/70/012_Drusen.tif,DRUSEN-070,test,DRUSEN,drusen,OS,.tif,1.9312827587127686
DRUSEN/70/013_Drusen.tif,DRUSEN-070,test,DRUSEN,drusen,OS,.tif,1.9915765523910522
DRUSEN/70/014_Drusen.tif,DRUSEN-070,test,DRUSEN,drusen,OS,.tif,1.9374711513519287
DRUSEN/70/015_Drusen.tif,DRUSEN-070,test,DRUSEN,drusen,OS,.tif,1.7217649221420288
DRUSEN/70/016_Drusen.tif,DRUSEN-070,test,DRUSEN,drusen,OS,.tif,1.896481990814209
DRUSEN/70/017_Drusen.tif,DRUSEN-070,test,DRUSEN,drusen,OS,.tif,2.0410096645355225
DRUSEN/70/018_Drusen.tif,DRUSEN-070,test,DRUSEN,drusen,OS,.tif,2.0554537773132324
DRUSEN/70/019_Drusen.tif,DRUSEN-070,test,DRUSEN,drusen,OS,.tif,1.9902929067611694
DRUSEN/70/020_Drusen.tif,DRUSEN-070,test,DRUSEN,drusen,OS,.tif,1.9626880884170532
DRUSEN/70/021_Drusen.tif,DRUSEN-070,test,DRUSEN,drusen,OS,.tif,2.1170763969421387
DRUSEN/70/022_Drusen.tif,DRUSEN-070,test,DRUSEN,drusen,OS,.tif,2.1259076595306396
DRUSEN/70/023_Drusen.tif,DRUSEN-070,test,DRUSEN,drusen,OS,.tif,2.213108777999878
DRUSEN/70/024_Drusen.tif,DRUSEN-070,test,DRUSEN,drusen,OS,.tif,2.147139310836792
DRUSEN/71/OD/000_Drusen.tif,DRUSEN-071,test,DRUSEN,drusen,OD,.tif,1.6109501123428345
DRUSEN/71/OD/001_Drusen.tif,DRUSEN-071,test,DRUSEN,drusen,OD,.tif,1.6748038530349731
DRUSEN/71/OD/002_Drusen.tif,DRUSEN-071,test,DRUSEN,drusen,OD,.tif,1.5535436868667603
DRUSEN/71/OD/003_Drusen.tif,DRUSEN-071,test,DRUSEN,drusen,OD,.tif,1.5009210109710693
DRUSEN/71/OD/004_Drusen.tif,DRUSEN-071,test,DRUSEN,drusen,OD,.tif,1.5796234607696533
DRUSEN/71/OD/005_Drusen.tif,DRUSEN-071,test,DRUSEN,drusen,OD,.tif,1.6006381511688232
DRUSEN/71/OD/006_Drusen.tif,DRUSEN-071,test,DRUSEN,drusen,OD,.tif,1.5083070993423462
DRUSEN/71/OD/007_Drusen.tif,DRUSEN-071,test,DRUSEN,drusen,OD,.tif,1.4794707298278809
DRUSEN/71/OD/008_Drusen.tif,DRUSEN-071,test,DRUSEN,drusen,OD,.tif,1.4864599704742432
DRUSEN/71/OD/009_Drusen.tif,DRUSEN-071,test,DRUSEN,drusen,OD,.tif,1.4373509883880615
DRUSEN/71/OD/010_Drusen.tif,DRUSEN-071,test,DRUSEN,drusen,OD,.tif,1.5107550621032715
DRUSEN/71/OD/011_Normal.tif,DRUSEN-071,test,DRUSEN,normal,OD,.tif,1.4429446458816528
DRUSEN/71/OD/012_Normal.tif,DRUSEN-071,test,DRUSEN,normal,OD,.tif,1.3864480257034302
DRUSEN/71/OD/013_Drusen.tif,DRUSEN-071,test,DRUSEN,drusen,OD,.tif,1.4971166849136353
DRUSEN/71/OD/014_Drusen.tif,DRUSEN-071,test,DRUSEN,drusen,OD,.tif,1.4710726737976074
DRUSEN/71/OD/015_Drusen.tif,DRUSEN-071,test,DRUSEN,drusen,OD,.tif,1.6191447973251343
DRUSEN/71/OD/016_Drusen.tif,DRUSEN-071,test,DRUSEN,drusen,OD,.tif,1.5557883977890015
DRUSEN/71/OD/017_Drusen.tif,DRUSEN-071,test,DRUSEN,drusen,OD,.tif,1.5505589246749878
DRUSEN/71/OD/018_Drusen.tif,DRUSEN-071,test,DRUSEN,drusen,OD,.tif,1.489689826965332
DRUSEN/71/OD/019_Drusen.tif,DRUSEN-071,test,DRUSEN,drusen,OD,.tif,1.5389803647994995
DRUSEN/71/OD/020_Drusen.tif,DRUSEN-071,test,DRUSEN,drusen,OD,.tif,1.491234302520752
DRUSEN/71/OD/021_Drusen.tif,DRUSEN-071,test,DRUSEN,drusen,OD,.tif,1.5834647417068481
DRUSEN/71/OD/022_Drusen.tif,DRUSEN-071,test,DRUSEN,drusen,OD,.tif,1.598775029182434
DRUSEN/71/OD/023_Drusen.tif,DRUSEN-071,test,DRUSEN,drusen,OD,.tif,1.6313105821609497
DRUSEN/71/OD/024_Drusen.tif,DRUSEN-071,test,DRUSEN,drusen,OD,.tif,1.587154507637024
DRUSEN/71/OD/025_Drusen.tif,DRUSEN-071,test,DRUSEN,drusen,OD,.tif,1.7298357486724854
DRUSEN/71/OD/026_Drusen.tif,DRUSEN-071,test,DRUSEN,drusen,OD,.tif,1.7470601797103882
DRUSEN/71/OD/027_Drusen.tif,DRUSEN-071,test,DRUSEN,drusen,OD,.tif,1.660697340965271
DRUSEN/71/OD/028_Drusen.tif,DRUSEN-071,test,DRUSEN,drusen,OD,.tif,1.7001968622207642
DRUSEN/71/OD/029_Drusen.tif,DRUSEN-071,test,DRUSEN,drusen,OD,.tif,1.7048496007919312
DRUSEN/71/OD/030_Drusen.tif,DRUSEN-071,test,DRUSEN,drusen,OD,.tif,1.8241571187973022
DRUSEN/71/OS/000_Drusen.tif,DRUSEN-071,test,DRUSEN,drusen,OS,.tif,1.784895420074463
DRUSEN/71/OS/001_Drusen.tif,DRUSEN-071,test,DRUSEN,drusen,OS,.tif,1.6149468421936035
DRUSEN/71/OS/002_Drusen.tif,DRUSEN-071,test,DRUSEN,drusen,OS,.tif,1.6293468475341797
DRUSEN/71/OS/003_Drusen.tif,DRUSEN-071,test,DRUSEN,drusen,OS,.tif,1.6259894371032715
DRUSEN/71/OS/004_Drusen.tif,DRUSEN-071,test,DRUSEN,drusen,OS,.tif,1.7343543767929077
DRUSEN/71/OS/005_Drusen.tif,DRUSEN-071,test,DRUSEN,drusen,OS,.tif,1.6508511304855347
DRUSEN/71/OS/006_Drusen.tif,DRUSEN-071,test,DRUSEN,drusen,OS,.tif,1.6554938554763794
DRUSEN/71/OS/007_Drusen.tif,DRUSEN-071,test,DRUSEN,drusen,OS,.tif,1.6014301776885986
DRUSEN/71/OS/008_Drusen.tif,DRUSEN-071,test,DRUSEN,drusen,OS,.tif,1.595656394958496
DRUSEN/71/OS/009_Drusen.tif,DRUSEN-071,test,DRUSEN,drusen,OS,.tif,1.658761739730835
DRUSEN/71/OS/010_Drusen.tif,DRUSEN-071,test,DRUSEN,drusen,OS,.tif,1.6099169254302979
DRUSEN/71/OS/011_Drusen.tif,DRUSEN-071,test,DRUSEN,drusen,OS,.tif,1.5244570970535278
DRUSEN/71/OS/012_Drusen.tif,DRUSEN-071,test,DRUSEN,drusen,OS,.tif,1.5113747119903564
DRUSEN/71/OS/013_Drusen.tif,DRUSEN-071,test,DRUSEN,drusen,OS,.tif,1.5389796495437622
DRUSEN/71/OS/014_Drusen.tif,DRUSEN-071,test,DRUSEN,drusen,OS,.tif,1.6544089317321777
DRUSEN/71/OS/015_Normal.tif,DRUSEN-071,test,DRUSEN,normal,OS,.tif,1.598259687423706
DRUSEN/71/OS/016_Drusen.tif,DRUSEN-071,test,DRUSEN,drusen,OS,.tif,1.5378892421722412
DRUSEN/71/OS/017_Drusen.tif,DRUSEN-071,test,DRUSEN,drusen,OS,.tif,1.5741465091705322
DRUSEN/71/OS/018_Drusen.tif,DRUSEN-071,test,DRUSEN,drusen,OS,.tif,1.6491079330444336
DRUSEN/71/OS/019_Drusen.tif,DRUSEN-071,test,DRUSEN,drusen,OS,.tif,1.519144058227539
DRUSEN/71/OS/020_Drusen.tif,DRUSEN-071,test,DRUSEN,drusen,OS,.tif,1.7148090600967407
DRUSEN/71/OS/021_Drusen.tif,DRUSEN-071,test,DRUSEN,drusen,OS,.tif,1.5586788654327393
DRUSEN/71/OS/022_Drusen.tif,DRUSEN-071,test,DRUSEN,drusen,OS,.tif,1.523852825164795
DRUSEN/71/OS/023_Drusen.tif,DRUSEN-071,test,DRUSEN,drusen,OS,.tif,1.6352754831314087
DRUSEN/71/OS/024_Drusen.tif,DRUSEN-071,test,DRUSEN,drusen,OS,.tif,1.6737065315246582
DRUSEN/71/OS/025_Drusen.tif,DRUSEN-071,test,DRUSEN,drusen,OS,.tif,1.7230178117752075
DRUSEN/71/OS/026_Drusen.tif,DRUSEN-071,test,DRUSEN,drusen,OS,.tif,1.7082868814468384
DRUSEN/71/OS/027_Drusen.tif,DRUSEN-071,test,DRUSEN,drusen,OS,.tif,1.6495379209518433
DRUSEN/71/OS/028_Drusen.tif,DRUSEN-071,test,DRUSEN,drusen,OS,.tif,1.5969876050949097
DRUSEN/71/OS/029_Drusen.tif,DRUSEN-071,test,DRUSEN,drusen,OS,.tif,1.6419636011123657
DRUSEN/71/OS/030_Drusen.tif,DRUSEN-071,test,DRUSEN,drusen,OS,.tif,1.586112141609192
DRUSEN/72/000_Drusen.tif,DRUSEN-072,test,DRUSEN,drusen,OS,.tif,1.5864123106002808
DRUSEN/72/001_Drusen.tif,DRUSEN-072,test,DRUSEN,drusen,OS,.tif,1.7141233682632446
DRUSEN/72/002_Drusen.tif,DRUSEN-072,test,DRUSEN,drusen,OS,.tif,1.9061205387115479
DRUSEN/72/003_Drusen.tif,DRUSEN-072,test,DRUSEN,drusen,OS,.tif,1.7391700744628906
DRUSEN/72/004_Drusen.tif,DRUSEN-072,test,DRUSEN,drusen,OS,.tif,1.7524209022521973
DRUSEN/72/005_Drusen.tif,DRUSEN-072,test,DRUSEN,drusen,OS,.tif,1.7964262962341309
DRUSEN/72/006_Drusen.tif,DRUSEN-072,test,DRUSEN,drusen,OS,.tif,1.9858542680740356
DRUSEN/72/007_Drusen.tif,DRUSEN-072,test,DRUSEN,drusen,OS,.tif,1.7120693922042847
DRUSEN/72/008_Drusen.tif,DRUSEN-072,test,DRUSEN,drusen,OS,.tif,1.6359785795211792
DRUSEN/72/009_Drusen.tif,DRUSEN-072,test,DRUSEN,drusen,OS,.tif,1.7438079118728638
DRUSEN/72/010_Drusen.tif,DRUSEN-072,test,DRUSEN,drusen,OS,.tif,1.600154161453247
DRUSEN/72/011_Drusen.tif,DRUSEN-072,test,DRUSEN,drusen,OS,.tif,1.7420462369918823
DRUSEN/72/012_Drusen.tif,DRUSEN-072,test,DRUSEN,drusen,OS,.tif,1.8089523315429688
DRUSEN/72/013_Drusen.tif,DRUSEN-072,test,DRUSEN,drusen,OS,.tif,1.954480767250061
DRUSEN/72/014_Drusen.tif,DRUSEN-072,test,DRUSEN,drusen,OS,.tif,1.805709958076477
DRUSEN/72/015_Drusen.tif,DRUSEN-072,test,DRUSEN,drusen,OS,.tif,1.8695112466812134
DRUSEN/72/016_Drusen.tif,DRUSEN-072,test,DRUSEN,drusen,OS,.tif,2.0830681324005127
DRUSEN/72/017_Drusen.tif,DRUSEN-072,test,DRUSEN,drusen,OS,.tif,1.7641178369522095
DRUSEN/72/018_Drusen.tif,DRUSEN-072,test,DRUSEN,drusen,OS,.tif,2.1276485919952393
DRUSEN/72/019_Drusen.tif,DRUSEN-072,test,DRUSEN,drusen,OS,.tif,2.0544989109039307
DRUSEN/72/020_Drusen.tif,DRUSEN-072,test,DRUSEN,drusen,OS,.tif,2.0075674057006836
DRUSEN/72/021_Drusen.tif,DRUSEN-072,test,DRUSEN,drusen,OS,.tif,1.9975659847259521
DRUSEN/72/022_Drusen.tif,DRUSEN-072,test,DRUSEN,drusen,OS,.tif,2.0719473361968994
DRUSEN/72/023_Drusen.tif,DRUSEN-072,test,DRUSEN,drusen,OS,.tif,1.9833253622055054
DRUSEN/72/024_Drusen.tif,DRUSEN-072,test,DRUSEN,drusen,OS,.tif,1.8090754747390747
DRUSEN/73/000_Drusen.tif,DRUSEN-073,test,DRUSEN,drusen,OD,.tif,1.457218885421753
DRUSEN/73/001_Drusen.tif,DRUSEN-073,test,DRUSEN,drusen,OD,.tif,1.4666814804077148
DRUSEN/73/002_Drusen.tif,DRUSEN-073,test,DRUSEN,drusen,OD,.tif,1.6008578538894653
DRUSEN/73/003_Drusen.tif,DRUSEN-073,test,DRUSEN,drusen,OD,.tif,1.5230484008789062
DRUSEN/73/004_Drusen.tif,DRUSEN-073,test,DRUSEN,drusen,OD,.tif,1.4819806814193726
DRUSEN/73/005_Drusen.tif,DRUSEN-073,test,DRUSEN,drusen,OD,.tif,1.539698600769043
DRUSEN/73/006_Drusen.tif,DRUSEN-073,test,DRUSEN,drusen,OD,.tif,1.600182294845581
DRUSEN/73/007_Drusen.tif,DRUSEN-073,test,DRUSEN,drusen,OD,.tif,1.552864670753479
DRUSEN/73/008_Drusen.tif,DRUSEN-073,test,DRUSEN,drusen,OD,.tif,1.4710063934326172
DRUSEN/73/009_Drusen.tif,DRUSEN-073,test,DRUSEN,drusen,OD,.tif,1.5061465501785278
DRUSEN/73/010_Drusen.tif,DRUSEN-073,test,DRUSEN,drusen,OD,.tif,1.4828556776046753
DRUSEN/73/011_Drusen.tif,DRUSEN-073,test,DRUSEN,drusen,OD,.tif,1.5132348537445068
DRUSEN/73/012_Drusen.tif,DRUSEN-073,test,DRUSEN,drusen,OD,.tif,1.656360149383545
DRUSEN/73/013_Drusen.tif,DRUSEN-073,test,DRUSEN,drusen,OD,.tif,1.7305201292037964
DRUSEN/73/014_Drusen.tif,DRUSEN-073,test,DRUSEN,drusen,OD,.tif,1.9048365354537964
DRUSEN/73/015_Drusen.tif,DRUSEN-073,test,DRUSEN,drusen,OD,.tif,1.9745917320251465
DRUSEN/73/016_Drusen.tif,DRUSEN-073,test,DRUSEN,drusen,OD,.tif,1.8811533451080322
DRUSEN/73/017_Drusen.tif,DRUSEN-073,test,DRUSEN,drusen,OD,.tif,1.7413614988327026
DRUSEN/73/018_Drusen.tif,DRUSEN-073,test,DRUSEN,drusen,OD,.tif,1.814691185951233
DRUSEN/73/019_Drusen.tif,DRUSEN-073,test,DRUSEN,drusen,OD,.tif,1.8675202131271362
DRUSEN/73/020_Drusen.tif,DRUSEN-073,test,DRUSEN,drusen,OD,.tif,1.7733268737792969
DRUSEN/73/021_Drusen.tif,DRUSEN-073,test,DRUSEN,drusen,OD,.tif,1.6851345300674438
DRUSEN/73/022_Drusen.tif,DRUSEN-073,test,DRUSEN,drusen,OD,.tif,1.7139250040054321
DRUSEN/73/023_Drusen.tif,DRUSEN-073,test,DRUSEN,drusen,OD,.tif,1.7393907308578491
DRUSEN/73/024_Drusen.tif,DRUSEN-073,test,DRUSEN,drusen,OD,.tif,1.6112507581710815
DRUSEN/73/025_Drusen.tif,DRUSEN-073,test,DRUSEN,drusen,OD,.tif,1.6259028911590576
DRUSEN/73/026_Drusen.tif,DRUSEN-073,test,DRUSEN,drusen,OD,.tif,1.6398276090621948
DRUSEN/73/027_Drusen.tif,DRUSEN-073,test,DRUSEN,drusen,OD,.tif,1.500456690788269
DRUSEN/73/028_Drusen.tif,DRUSEN-073,test,DRUSEN,drusen,OD,.tif,1.5881744623184204
DRUSEN/73/029_Drusen.tif,DRUSEN-073,test,DRUSEN,drusen,OD,.tif,1.627160668373108
DRUSEN/73/030_Drusen.tif,DRUSEN-073,test,DRUSEN,drusen,OD,.tif,1.6670992374420166
DRUSEN/74/000_Drusen.tif,DRUSEN-074,test,DRUSEN,drusen,OD,.tif,1.7570964097976685
DRUSEN/74/001_Drusen.tif,DRUSEN-074,test,DRUSEN,drusen,OD,.tif,1.6910932064056396
DRUSEN/74/002_Drusen.tif,DRUSEN-074,test,DRUSEN,drusen,OD,.tif,1.7321269512176514
DRUSEN/74/003_Drusen.tif,DRUSEN-074,test,DRUSEN,drusen,OD,.tif,1.8121975660324097
DRUSEN/74/004_Drusen.tif,DRUSEN-074,test,DRUSEN,drusen,OD,.tif,1.8260804414749146
DRUSEN/74/005_Drusen.tif,DRUSEN-074,test,DRUSEN,drusen,OD,.tif,1.7722901105880737
DRUSEN/74/006_Drusen.tif,DRUSEN-074,test,DRUSEN,drusen,OD,.tif,1.8125156164169312
DRUSEN/74/007_Drusen.tif,DRUSEN-074,test,DRUSEN,drusen,OD,.tif,1.8085863590240479
DRUSEN/74/008_Drusen.tif,DRUSEN-074,test,DRUSEN,drusen,OD,.tif,1.7771755456924438
DRUSEN/74/009_Drusen.tif,DRUSEN-074,test,DRUSEN,drusen,OD,.tif,1.7910772562026978
DRUSEN/74/010_Drusen.tif,DRUSEN-074,test,DRUSEN,drusen,OD,.tif,1.7899101972579956
DRUSEN/74/011_Drusen.tif,DRUSEN-074,test,DRUSEN,drusen,OD,.tif,1.7380001544952393
DRUSEN/74/012_Drusen.tif,DRUSEN-074,test,DRUSEN,drusen,OD,.tif,1.7348968982696533
DRUSEN/74/013_Drusen.tif,DRUSEN-074,test,DRUSEN,drusen,OD,.tif,1.755170226097107
DRUSEN/74/014_Drusen.tif,DRUSEN-074,test,DRUSEN,drusen,OD,.tif,1.8965739011764526
DRUSEN/74/015_Drusen.tif,DRUSEN-074,test,DRUSEN,drusen,OD,.tif,2.0030505657196045
DRUSEN/74/016_Drusen.tif,DRUSEN-074,test,DRUSEN,drusen,OD,.tif,2.086550712585449
DRUSEN/74/017_Drusen.tif,DRUSEN-074,test,DRUSEN,drusen,OD,.tif,2.0932302474975586
DRUSEN/74/018_Drusen.tif,DRUSEN-074,test,DRUSEN,drusen,OD,.tif,1.88441002368927
DRUSEN/74/019_Drusen.tif,DRUSEN-074,test,DRUSEN,drusen,OD,.tif,1.8560230731964111
DRUSEN/74/020_Drusen.tif,DRUSEN-074,test,DRUSEN,drusen,OD,.tif,1.8853046894073486
DRUSEN/74/021_Drusen.tif,DRUSEN-074,test,DRUSEN,drusen,OD,.tif,1.790033221244812
DRUSEN/74/022_Drusen.tif,DRUSEN-074,test,DRUSEN,drusen,OD,.tif,1.8267338275909424
DRUSEN/74/023_Drusen.tif,DRUSEN-074,test,DRUSEN,drusen,OD,.tif,1.874604344367981
DRUSEN/74/024_Drusen.tif,DRUSEN-074,test,DRUSEN,drusen,OD,.tif,1.6774992942810059
DRUSEN/74/025_Drusen.tif,DRUSEN-074,test,DRUSEN,drusen,OD,.tif,1.7101367712020874
DRUSEN/74/026_Drusen.tif,DRUSEN-074,test,DRUSEN,drusen,OD,.tif,1.7084075212478638
DRUSEN/74/027_Drusen.tif,DRUSEN-074,test,DRUSEN,drusen,OD,.tif,1.7119262218475342
DRUSEN/74/028_Drusen.tif,DRUSEN-074,test,DRUSEN,drusen,OD,.tif,1.6266772747039795
DRUSEN/74/029_Drusen.tif,DRUSEN-074,test,DRUSEN,drusen,OD,.tif,1.720513105392456
DRUSEN/74/030_Drusen.tif,DRUSEN-074,test,DRUSEN,drusen,OD,.tif,1.7152775526046753
DRUSEN/75/000_Drusen.tif,DRUSEN-075,test,DRUSEN,drusen,OD,.tif,1.6781277656555176
DRUSEN/75/001_Drusen.tif,DRUSEN-075,test,DRUSEN,drusen,OD,.tif,1.7572834491729736
DRUSEN/75/002_Drusen.tif,DRUSEN-075,test,DRUSEN,drusen,OD,.tif,1.685595989227295
DRUSEN/75/003_Drusen.tif,DRUSEN-075,test,DRUSEN,drusen,OD,.tif,1.6473602056503296
DRUSEN/75/004_Drusen.tif,DRUSEN-075,test,DRUSEN,drusen,OD,.tif,1.7247753143310547
DRUSEN/75/005_Drusen.tif,DRUSEN-075,test,DRUSEN,drusen,OD,.tif,1.6560388803482056
DRUSEN/75/006_Drusen.tif,DRUSEN-075,test,DRUSEN,drusen,OD,.tif,1.666759729385376
DRUSEN/75/007_Drusen.tif,DRUSEN-075,test,DRUSEN,drusen,OD,.tif,1.7016716003417969
DRUSEN/75/008_Drusen.tif,DRUSEN-075,test,DRUSEN,drusen,OD,.tif,1.6816283464431763
DRUSEN/75/009_Drusen.tif,DRUSEN-075,test,DRUSEN,drusen,OD,.tif,1.6961082220077515
DRUSEN/75/010_Drusen.tif,DRUSEN-075,test,DRUSEN,drusen,OD,.tif,1.6580458879470825
DRUSEN/75/011_Drusen.tif,DRUSEN-075,test,DRUSEN,drusen,OD,.tif,1.7168926000595093
DRUSEN/75/012_Drusen.tif,DRUSEN-075,test,DRUSEN,drusen,OD,.tif,1.7186516523361206
DRUSEN/75/013_Drusen.tif,DRUSEN-075,test,DRUSEN,drusen,OD,.tif,1.7832015752792358
DRUSEN/75/014_Drusen.tif,DRUSEN-075,test,DRUSEN,drusen,OD,.tif,1.9866660833358765
DRUSEN/75/015_Drusen.tif,DRUSEN-075,test,DRUSEN,drusen,OD,.tif,2.0793354511260986
DRUSEN/75/016_Drusen.tif,DRUSEN-075,test,DRUSEN,drusen,OD,.tif,2.237652540206909
DRUSEN/75/017_Drusen.tif,DRUSEN-075,test,DRUSEN,drusen,OD,.tif,2.213366985321045
DRUSEN/75/018_Drusen.tif,DRUSEN-075,test,DRUSEN,drusen,OD,.tif,2.0596442222595215
DRUSEN/75/019_Drusen.tif,DRUSEN-075,test,DRUSEN,drusen,OD,.tif,1.8463541269302368
DRUSEN/75/020_Drusen.tif,DRUSEN-075,test,DRUSEN,drusen,OD,.tif,1.7504277229309082
DRUSEN/75/021_Drusen.tif,DRUSEN-075,test,DRUSEN,drusen,OD,.tif,1.8268475532531738
DRUSEN/75/022_Drusen.tif,DRUSEN-075,test,DRUSEN,drusen,OD,.tif,1.7894378900527954
DRUSEN/75/023_Drusen.tif,DRUSEN-075,test,DRUSEN,drusen,OD,.tif,1.7781171798706055
DRUSEN/75/024_Drusen.tif,DRUSEN-075,test,DRUSEN,drusen,OD,.tif,1.727516531944275
DRUSEN/75/025_Drusen.tif,DRUSEN-075,test,DRUSEN,drusen,OD,.tif,1.7064242362976074
DRUSEN/75/026_Drusen.tif,DRUSEN-075,test,DRUSEN,drusen,OD,.tif,1.6578290462493896
DRUSEN/75/027_Drusen.tif,DRUSEN-075,test,DRUSEN,drusen,OD,.tif,1.6328485012054443
DRUSEN/75/028_Drusen.tif,DRUSEN-075,test,DRUSEN,drusen,OD,.tif,1.7110875844955444
DRUSEN/75/029_Drusen.tif,DRUSEN-075,test,DRUSEN,drusen,OD,.tif,1.9498168230056763
DRUSEN/75/030_Drusen.tif,DRUSEN-075,test,DRUSEN,drusen,OD,.tif,1.9204938411712646
DRUSEN/76/000_Drusen.tif,DRUSEN-076,test,DRUSEN,drusen,OS,.tif,1.5837150812149048
DRUSEN/76/001_Drusen.tif,DRUSEN-076,test,DRUSEN,drusen,OS,.tif,1.5624057054519653
DRUSEN/76/002_Drusen.tif,DRUSEN-076,test,DRUSEN,drusen,OS,.tif,1.656535267829895
DRUSEN/76/003_Drusen.tif,DRUSEN-076,test,DRUSEN,drusen,OS,.tif,1.937897801399231
DRUSEN/76/004_Drusen.tif,DRUSEN-076,test,DRUSEN,drusen,OS,.tif,1.782820701599121
DRUSEN/76/005_Drusen.tif,DRUSEN-076,test,DRUSEN,drusen,OS,.tif,1.9222785234451294
DRUSEN/76/006_Drusen.tif,DRUSEN-076,test,DRUSEN,drusen,OS,.tif,1.7815065383911133
DRUSEN/76/007_Drusen.tif,DRUSEN-076,test,DRUSEN,drusen,OS,.tif,1.708446979522705
DRUSEN/76/008_Drusen.tif,DRUSEN-076,test,DRUSEN,drusen,OS,.tif,1.6440341472625732
DRUSEN/76/009_Drusen.tif,DRUSEN-076,test,DRUSEN,drusen,OS,.tif,1.7881219387054443
DRUSEN/76/010_Drusen.tif,DRUSEN-076,test,DRUSEN,drusen,OS,.tif,1.8923871517181396
DRUSEN/76/011_Drusen.tif,DRUSEN-076,test,DRUSEN,drusen,OS,.tif,1.8757041692733765
DRUSEN/76/012_Drusen.tif,DRUSEN-076,test,DRUSEN,drusen,OS,.tif,1.9266788959503174
DRUSEN/76/013_Drusen.tif,DRUSEN-076,test,DRUSEN,drusen,OS,.tif,1.9488154649734497
DRUSEN/76/014_Drusen.tif,DRUSEN-076,test,DRUSEN,drusen,OS,.tif,2.0236244201660156
DRUSEN/76/015_Drusen.tif,DRUSEN-076,test,DRUSEN,drusen,OS,.tif,2.132650136947632
DRUSEN/76/016_Drusen.tif,DRUSEN-076,test,DRUSEN,drusen,OS,.tif,2.207524538040161
DRUSEN/76/017_Drusen.tif,DRUSEN-076,test,DRUSEN,drusen,OS,.tif,2.1182382106781006
DRUSEN/76/018_Drusen.tif,DRUSEN-076,test,DRUSEN,drusen,OS,.tif,2.0992841720581055
DRUSEN/76/019_Drusen.tif,DRUSEN-076,test,DRUSEN,drusen,OS,.tif,2.097669839859009
DRUSEN/76/020_Drusen.tif,DRUSEN-076,test,DRUSEN,drusen,OS,.tif,1.883800983428955
DRUSEN/76/021_Drusen.tif,DRUSEN-076,test,DRUSEN,drusen,OS,.tif,1.9683042764663696
DRUSEN/76/022_Drusen.tif,DRUSEN-076,test,DRUSEN,drusen,OS,.tif,2.1482155323028564
DRUSEN/76/023_Drusen.tif,DRUSEN-076,test,DRUSEN,drusen,OS,.tif,1.934215784072876
DRUSEN/76/024_Drusen.tif,DRUSEN-076,test,DRUSEN,drusen,OS,.tif,1.9047836065292358
DRUSEN/76/025_Drusen.tif,DRUSEN-076,test,DRUSEN,drusen,OS,.tif,1.9453309774398804
DRUSEN/76/026_Drusen.tif,DRUSEN-076,test,DRUSEN,drusen,OS,.tif,2.039518117904663
DRUSEN/76/027_Drusen.tif,DRUSEN-076,test,DRUSEN,drusen,OS,.tif,2.1274852752685547
DRUSEN/76/028_Drusen.tif,DRUSEN-076,test,DRUSEN,drusen,OS,.tif,1.9490078687667847
DRUSEN/76/029_Drusen.tif,DRUSEN-076,test,DRUSEN,drusen,OS,.tif,2.121943235397339
DRUSEN/76/030_Drusen.tif,DRUSEN-076,test,DRUSEN,drusen,OS,.tif,2.065884828567505
DRUSEN/77/000_Normal.tif,DRUSEN-077,test,DRUSEN,normal,OD,.tif,2.726086378097534
DRUSEN/77/001_Normal.tif,DRUSEN-077,test,DRUSEN,normal,OD,.tif,2.644653558731079
DRUSEN/77/002_Normal.tif,DRUSEN-077,test,DRUSEN,normal,OD,.tif,2.486687660217285
DRUSEN/77/003_Normal.tif,DRUSEN-077,test,DRUSEN,normal,OD,.tif,2.322751760482788
DRUSEN/77/004_Normal.tif,DRUSEN-077,test,DRUSEN,normal,OD,.tif,2.2327864170074463
DRUSEN/77/005_Normal.tif,DRUSEN-077,test,DRUSEN,normal,OD,.tif,2.4142587184906006
DRUSEN/77/006_Normal.tif,DRUSEN-077,test,DRUSEN,normal,OD,.tif,2.4602365493774414
DRUSEN/77/007_Normal.tif,DRUSEN-077,test,DRUSEN,normal,OD,.tif,2.335223913192749
DRUSEN/77/008_Normal.tif,DRUSEN-077,test,DRUSEN,normal,OD,.tif,2.1829521656036377
DRUSEN/77/009_Drusen.tif,DRUSEN-077,test,DRUSEN,drusen,OD,.tif,1.7571024894714355
DRUSEN/77/010_Drusen.tif,DRUSEN-077,test,DRUSEN,drusen,OD,.tif,1.8488889932632446
DRUSEN/77/011_Drusen.tif,DRUSEN-077,test,DRUSEN,drusen,OD,.tif,2.0123391151428223
DRUSEN/77/012_Drusen.tif,DRUSEN-077,test,DRUSEN,drusen,OD,.tif,1.988315463066101
DRUSEN/77/013_Drusen.tif,DRUSEN-077,test,DRUSEN,drusen,OD,.tif,2.006600856781006
DRUSEN/77/014_Drusen.tif,DRUSEN-077,test,DRUSEN,drusen,OD,.tif,2.1453211307525635
DRUSEN/77/015_Drusen.tif,DRUSEN-077,test,DRUSEN,drusen,OD,.tif,2.1853737831115723
DRUSEN/77/016_Drusen.tif,DRUSEN-077,test,DRUSEN,drusen,OD,.tif,2.1515891551971436
DRUSEN/77/017_Drusen.tif,DRUSEN-077,test,DRUSEN,drusen,OD,.tif,2.031005859375
DRUSEN/77/018_Drusen.tif,DRUSEN-077,test,DRUSEN,drusen,OD,.tif,1.8900796175003052
DRUSEN/77/019_Drusen.tif,DRUSEN-077,test,DRUSEN,drusen,OD,.tif,1.8235620260238647
DRUSEN/77/020_Drusen.tif,DRUSEN-077,test,DRUSEN,drusen,OD,.tif,1.7753106355667114
DRUSEN/77/021_Drusen.tif,DRUSEN-077,test,DRUSEN,drusen,OD,.tif,1.7859662771224976
DRUSEN/77/022_Drusen.tif,DRUSEN-077,test,DRUSEN,drusen,OD,.tif,1.846639633178711
DRUSEN/77/023_Drusen.tif,DRUSEN-077,test,DRUSEN,drusen,OD,.tif,1.775363802909851
DRUSEN/77/024_Drusen.tif,DRUSEN-077,test,DRUSEN,drusen,OD,.tif,1.7780840396881104
DRUSEN/77/025_Drusen.tif,DRUSEN-077,test,DRUSEN,drusen,OD,.tif,1.6979832649230957
DRUSEN/77/026_Drusen.tif,DRUSEN-077,test,DRUSEN,drusen,OD,.tif,1.7487365007400513
DRUSEN/77/027_Drusen.tif,DRUSEN-077,test,DRUSEN,drusen,OD,.tif,1.852027177810669
DRUSEN/77/028_Drusen.tif,DRUSEN-077,test,DRUSEN,drusen,OD,.tif,1.867714762687683
DRUSEN/77/029_Drusen.tif,DRUSEN-077,test,DRUSEN,drusen,OD,.tif,2.154470205307007
DRUSEN/77/030_Normal.tif,DRUSEN-077,test,DRUSEN,normal,OD,.tif,2.0061988830566406
DRUSEN/79/000_Drusen.tif,DRUSEN-079,test,DRUSEN,drusen,OD,.tif,1.8687444925308228
DRUSEN/79/001_Drusen.tif,DRUSEN-079,test,DRUSEN,drusen,OD,.tif,1.8308850526809692
DRUSEN/79/002_Drusen.tif,DRUSEN-079,test,DRUSEN,drusen,OD,.tif,1.7389025688171387
DRUSEN/79/003_Drusen.tif,DRUSEN-079,test,DRUSEN,drusen,OD,.tif,1.7793017625808716
DRUSEN/79/004_Drusen.tif,DRUSEN-079,test,DRUSEN,drusen,OD,.tif,1.7896318435668945
DRUSEN/79/005_Drusen.tif,DRUSEN-079,test,DRUSEN,drusen,OD,.tif,1.749489665031433
DRUSEN/79/006_Drusen.tif,DRUSEN-079,test,DRUSEN,drusen,OD,.tif,1.7827894687652588
DRUSEN/79/007_Drusen.tif,DRUSEN-079,test,DRUSEN,drusen,OD,.tif,1.7897030115127563
DRUSEN/79/008_Drusen.tif,DRUSEN-079,test,DRUSEN,drusen,OD,.tif,1.8175902366638184
DRUSEN/79/009_Drusen.tif,DRUSEN-079,test,DRUSEN,drusen,OD,.tif,1.775697112083435
DRUSEN/79/010_Drusen.tif,DRUSEN-079,test,DRUSEN,drusen,OD,.tif,1.7054814100265503
DRUSEN/79/011_Drusen.tif,DRUSEN-079,test,DRUSEN,drusen,OD,.tif,1.6893832683563232
DRUSEN/79/012_Drusen.tif,DRUSEN-079,test,DRUSEN,drusen,OD,.tif,1.7431318759918213
DRUSEN/79/013_Drusen.tif,DRUSEN-079,test,DRUSEN,drusen,OD,.tif,1.7067087888717651
DRUSEN/79/014_Drusen.tif,DRUSEN-079,test,DRUSEN,drusen,OD,.tif,1.746631145477295
DRUSEN/79/015_Drusen.tif,DRUSEN-079,test,DRUSEN,drusen,OD,.tif,1.7396646738052368
DRUSEN/79/016_Drusen.tif,DRUSEN-079,test,DRUSEN,drusen,OD,.tif,1.7656170129776
DRUSEN/79/017_Drusen.tif,DRUSEN-079,test,DRUSEN,drusen,OD,.tif,1.8018301725387573
DRUSEN/79/018_Drusen.tif,DRUSEN-079,test,DRUSEN,drusen,OD,.tif,1.7678945064544678
DRUSEN/79/019_Drusen.tif,DRUSEN-079,test,DRUSEN,drusen,OD,.tif,1.8649866580963135
DRUSEN/79/020_Drusen.tif,DRUSEN-079,test,DRUSEN,drusen,OD,.tif,1.7773468494415283
DRUSEN/79/021_Drusen.tif,DRUSEN-079,test,DRUSEN,drusen,OD,.tif,1.8428547382354736
DRUSEN/79/022_Drusen.tif,DRUSEN-079,test,DRUSEN,drusen,OD,.tif,1.7968347072601318
DRUSEN/79/023_Drusen.tif,DRUSEN-079,test,DRUSEN,drusen,OD,.tif,1.7961907386779785
DRUSEN/79/024_Drusen.tif,DRUSEN-079,test,DRUSEN,drusen,OD,.tif,1.7603554725646973
DRUSEN/79/025_Drusen.tif,DRUSEN-079,test,DRUSEN,drusen,OD,.tif,1.859553575515747
DRUSEN/79/026_Drusen.tif,DRUSEN-079,test,DRUSEN,drusen,OD,.tif,1.9182339906692505
DRUSEN/79/027_Drusen.tif,DRUSEN-079,test,DRUSEN,drusen,OD,.tif,1.88292396068573
DRUSEN/79/028_Drusen.tif,DRUSEN-079,test,DRUSEN,drusen,OD,.tif,1.7653790712356567
DRUSEN/79/029_Drusen.tif,DRUSEN-079,test,DRUSEN,drusen,OD,.tif,1.8066514730453491
DRUSEN/79/030_Drusen.tif,DRUSEN-079,test,DRUSEN,drusen,OD,.tif,1.8327059745788574
DRUSEN/80/000_Drusen.tif,DRUSEN-080,test,DRUSEN,drusen,OD,.tif,2.460693597793579
DRUSEN/80/001_Drusen.tif,DRUSEN-080,test,DRUSEN,drusen,OD,.tif,2.242677688598633
DRUSEN/80/002_Drusen.tif,DRUSEN-080,test,DRUSEN,drusen,OD,.tif,2.207878828048706
DRUSEN/80/003_Drusen.tif,DRUSEN-080,test,DRUSEN,drusen,OD,.tif,2.42973256111145
DRUSEN/80/004_Drusen.tif,DRUSEN-080,test,DRUSEN,drusen,OD,.tif,2.4212751388549805
DRUSEN/80/005_Drusen.tif,DRUSEN-080,test,DRUSEN,drusen,OD,.tif,2.466026782989502
DRUSEN/80/006_Drusen.tif,DRUSEN-080,test,DRUSEN,drusen,OD,.tif,2.3136355876922607
DRUSEN/80/007_Drusen.tif,DRUSEN-080,test,DRUSEN,drusen,OD,.tif,2.1542770862579346
DRUSEN/80/008_Drusen.tif,DRUSEN-080,test,DRUSEN,drusen,OD,.tif,2.1964304447174072
DRUSEN/80/009_Drusen.tif,DRUSEN-080,test,DRUSEN,drusen,OD,.tif,2.2373456954956055
DRUSEN/80/010_Drusen.tif,DRUSEN-080,test,DRUSEN,drusen,OD,.tif,2.24906063079834
DRUSEN/80/011_Drusen.tif,DRUSEN-080,test,DRUSEN,drusen,OD,.tif,2.216402292251587
DRUSEN/80/012_Drusen.tif,DRUSEN-080,test,DRUSEN,drusen,OD,.tif,2.1648635864257812
DRUSEN/80/013_Drusen.tif,DRUSEN-080,test,DRUSEN,drusen,OD,.tif,2.2160401344299316
DRUSEN/80/014_Drusen.tif,DRUSEN-080,test,DRUSEN,drusen,OD,.tif,2.3163225650787354
DRUSEN/80/015_Drusen.tif,DRUSEN-080,test,DRUSEN,drusen,OD,.tif,2.4357221126556396
DRUSEN/80/016_Drusen.tif,DRUSEN-080,test,DRUSEN,drusen,OD,.tif,2.1845405101776123
DRUSEN/80/017_Drusen.tif,DRUSEN-080,test,DRUSEN,drusen,OD,.tif,2.3660058975219727
DRUSEN/80/018_Drusen.tif,DRUSEN-080,test,DRUSEN,drusen,OD,.tif,2.2576773166656494
DRUSEN/80/019_Drusen.tif,DRUSEN-080,test,DRUSEN,drusen,OD,.tif,2.4172656536102295
DRUSEN/80/020_Drusen.tif,DRUSEN-080,test,DRUSEN,drusen,OD,.tif,2.2205631732940674
DRUSEN/80/021_Drusen.tif,DRUSEN-080,test,DRUSEN,drusen,OD,.tif,2.080150604248047
DRUSEN/80/022_Drusen.tif,DRUSEN-080,test,DRUSEN,drusen,OD,.tif,2.2923896312713623
DRUSEN/80/023_Drusen.tif,DRUSEN-080,test,DRUSEN,drusen,OD,.tif,2.0709521770477295
DRUSEN/80/024_Drusen.tif,DRUSEN-080,test,DRUSEN,drusen,OD,.tif,2.0112292766571045
DRUSEN/80/025_Drusen.tif,DRUSEN-080,test,DRUSEN,drusen,OD,.tif,1.9176621437072754
DRUSEN/80/026_Drusen.tif,DRUSEN-080,test,DRUSEN,drusen,OD,.tif,2.1467440128326416
DRUSEN/80/027_Drusen.tif,DRUSEN-080,test,DRUSEN,drusen,OD,.tif,2.197730541229248
DRUSEN/80/028_Drusen.tif,DRUSEN-080,test,DRUSEN,drusen,OD,.tif,2.0750620365142822
DRUSEN/80/029_Drusen.tif,DRUSEN-080,test,DRUSEN,drusen,OD,.tif,1.9317233562469482
DRUSEN/80/030_Drusen.tif,DRUSEN-080,test,DRUSEN,drusen,OD,.tif,2.010706663131714
DRUSEN/81/000_Drusen.tif,DRUSEN-081,test,DRUSEN,drusen,OS,.tif,1.63279128074646
DRUSEN/81/001_Drusen.tif,DRUSEN-081,test,DRUSEN,drusen,OS,.tif,1.46151864528656
DRUSEN/81/002_Drusen.tif,DRUSEN-081,test,DRUSEN,drusen,OS,.tif,1.4858438968658447
DRUSEN/81/003_Drusen.tif,DRUSEN-081,test,DRUSEN,drusen,OS,.tif,1.4859293699264526
DRUSEN/81/004_Drusen.tif,DRUSEN-081,test,DRUSEN,drusen,OS,.tif,1.5160787105560303
DRUSEN/81/005_Drusen.tif,DRUSEN-081,test,DRUSEN,drusen,OS,.tif,1.530086636543274
DRUSEN/81/006_Drusen.tif,DRUSEN-081,test,DRUSEN,drusen,OS,.tif,1.6633942127227783
DRUSEN/81/007_Drusen.tif,DRUSEN-081,test,DRUSEN,drusen,OS,.tif,1.6429345607757568
DRUSEN/81/008_Drusen.tif,DRUSEN-081,test,DRUSEN,drusen,OS,.tif,1.6773598194122314
DRUSEN/81/009_Drusen.tif,DRUSEN-081,test,DRUSEN,drusen,OS,.tif,1.687167763710022
DRUSEN/81/010_Drusen.tif,DRUSEN-081,test,DRUSEN,drusen,OS,.tif,1.9385459423065186
DRUSEN/81/011_Drusen.tif,DRUSEN-081,test,DRUSEN,drusen,OS,.tif,1.8829774856567383
DRUSEN/81/012_Drusen.tif,DRUSEN-081,test,DRUSEN,drusen,OS,.tif,2.0097837448120117
DRUSEN/81/013_Drusen.tif,DRUSEN-081,test,DRUSEN,drusen,OS,.tif,1.7097597122192383
DRUSEN/81/014_Drusen.tif,DRUSEN-081,test,DRUSEN,drusen,OS,.tif,1.771780252456665
DRUSEN/81/015_Drusen.tif,DRUSEN-081,test,DRUSEN,drusen,OS,.tif,1.7060307264328003
DRUSEN/81/016_Drusen.tif,DRUSEN-081,test,DRUSEN,drusen,OS,.tif,1.631843090057373
DRUSEN/81/017_Drusen.tif,DRUSEN-081,test,DRUSEN,drusen,OS,.tif,1.643481731414795
DRUSEN/81/018_Drusen.tif,DRUSEN-081,test,DRUSEN,drusen,OS,.tif,1.8557260036468506
DRUSEN/81/019_Drusen.tif,DRUSEN-081,test,DRUSEN,drusen,OS,.tif,1.7669848203659058
DRUSEN/81/020_Drusen.tif,DRUSEN-081,test,DRUSEN,drusen,OS,.tif,1.8377763032913208
DRUSEN/81/021_Drusen.tif,DRUSEN-081,test,DRUSEN,drusen,OS,.tif,1.9081976413726807
DRUSEN/81/022_Drusen.tif,DRUSEN-081,test,DRUSEN,drusen,OS,.tif,1.574990153312683
DRUSEN/81/023_Drusen.tif,DRUSEN-081,test,DRUSEN,drusen,OS,.tif,1.75442373752594
DRUSEN/81/024_Drusen.tif,DRUSEN-081,test,DRUSEN,drusen,OS,.tif,1.6939300298690796
DRUSEN/81/025_Drusen.tif,DRUSEN-081,test,DRUSEN,drusen,OS,.tif,1.627440094947815
DRUSEN/81/026_Drusen.tif,DRUSEN-081,test,DRUSEN,drusen,OS,.tif,1.7452284097671509
DRUSEN/81/027_Drusen.tif,DRUSEN-081,test,DRUSEN,drusen,OS,.tif,1.7181787490844727
DRUSEN/81/028_Drusen.tif,DRUSEN-081,test,DRUSEN,drusen,OS,.tif,1.759423017501831
DRUSEN/81/029_Drusen.tif,DRUSEN-081,test,DRUSEN,drusen,OS,.tif,1.6249415874481201
DRUSEN/81/030_Drusen.tif,DRUSEN-081,test,DRUSEN,drusen,OS,.tif,1.8351815938949585
DRUSEN/83/000_Normal.jpg,DRUSEN-083,test,DRUSEN,normal,OD,.jpg,1.8187108039855957
DRUSEN/83/001_Normal.jpg,DRUSEN-083,test,DRUSEN,normal,OD,.jpg,1.7377333641052246
DRUSEN/83/002_Drusen.jpg,DRUSEN-083,test,DRUSEN,drusen,OD,.jpg,1.6703351736068726
DRUSEN/83/003_Drusen.jpg,DRUSEN-083,test,DRUSEN,drusen,OD,.jpg,1.749342441558838
DRUSEN/83/004_Drusen.jpg,DRUSEN-083,test,DRUSEN,drusen,OD,.jpg,1.7346750497817993
DRUSEN/83/005_Drusen.jpg,DRUSEN-083,test,DRUSEN,drusen,OD,.jpg,1.746706247329712
DRUSEN/83/006_Drusen.jpg,DRUSEN-083,test,DRUSEN,drusen,OD,.jpg,1.7506394386291504
DRUSEN/83/007_Drusen.jpg,DRUSEN-083,test,DRUSEN,drusen,OD,.jpg,1.8321502208709717
DRUSEN/83/008_Drusen.jpg,DRUSEN-083,test,DRUSEN,drusen,OD,.jpg,1.768877625465393
DRUSEN/83/009_Drusen.jpg,DRUSEN-083,test,DRUSEN,drusen,OD,.jpg,1.7844316959381104
DRUSEN/83/010_Drusen.jpg,DRUSEN-083,test,DRUSEN,drusen,OD,.jpg,1.784163475036621
DRUSEN/83/011_Drusen.jpg,DRUSEN-083,test,DRUSEN,drusen,OD,.jpg,1.760912537574768
DRUSEN/83/012_Drusen.jpg,DRUSEN-083,test,DRUSEN,drusen,OD,.jpg,1.7081568241119385
DRUSEN/83/013_Drusen.jpg,DRUSEN-083,test,DRUSEN,drusen,OD,.jpg,1.9589567184448242
DRUSEN/83/014_Drusen.jpg,DRUSEN-083,test,DRUSEN,drusen,OD,.jpg,2.036353588104248
DRUSEN/83/015_Drusen.jpg,DRUSEN-083,test,DRUSEN,drusen,OD,.jpg,1.8956958055496216
DRUSEN/83/016_Drusen.jpg,DRUSEN-083,test,DRUSEN,drusen,OD,.jpg,1.9349359273910522
DRUSEN/83/017_Drusen.jpg,DRUSEN-083,test,DRUSEN,drusen,OD,.jpg,2.0367393493652344
DRUSEN/83/018_Drusen.jpg,DRUSEN-083,test,DRUSEN,drusen,OD,.jpg,1.8206515312194824
DRUSEN/83/019_Drusen.jpg,DRUSEN-083,test,DRUSEN,drusen,OD,.jpg,1.7843977212905884
DRUSEN/83/020_Drusen.jpg,DRUSEN-083,test,DRUSEN,drusen,OD,.jpg,1.902660846710205
DRUSEN/83/021_Drusen.jpg,DRUSEN-083,test,DRUSEN,drusen,OD,.jpg,1.6633596420288086
DRUSEN/83/022_Drusen.jpg,DRUSEN-083,test,DRUSEN,drusen,OD,.jpg,1.7176549434661865
DRUSEN/83/023_Drusen.jpg,DRUSEN-083,test,DRUSEN,drusen,OD,.jpg,1.627253532409668
DRUSEN/83/024_Drusen.jpg,DRUSEN-083,test,DRUSEN,drusen,OD,.jpg,1.7720067501068115
DRUSEN/84/000_Drusen.tif,DRUSEN-084,test,DRUSEN,drusen,OD,.tif,1.8479872941970825
DRUSEN/84/001_Drusen.tif,DRUSEN-084,test,DRUSEN,drusen,OD,.tif,1.7536284923553467
DRUSEN/84/002_Normal.tif,DRUSEN-084,test,DRUSEN,normal,OD,.tif,1.6716432571411133
DRUSEN/84/003_Normal.tif,DRUSEN-084,test,DRUSEN,normal,OD,.tif,1.7059069871902466
DRUSEN/84/004_Normal.tif,DRUSEN-084,test,DRUSEN,normal,OD,.tif,1.7015767097473145
DRUSEN/84/005_Normal.tif,DRUSEN-084,test,DRUSEN,normal,OD,.tif,1.7597795724868774
DRUSEN/84/006_Normal.tif,DRUSEN-084,test,DRUSEN,normal,OD,.tif,1.646032691001892
DRUSEN/84/007_Drusen.tif,DRUSEN-084,test,DRUSEN,drusen,OD,.tif,1.6213241815567017
DRUSEN/84/008_Drusen.tif,DRUSEN-084,test,DRUSEN,drusen,OD,.tif,1.6011050939559937
DRUSEN/84/009_Drusen.tif,DRUSEN-084,test,DRUSEN,drusen,OD,.tif,1.5864516496658325
DRUSEN/84/010_Drusen.tif,DRUSEN-084,test,DRUSEN,drusen,OD,.tif,1.6701209545135498
DRUSEN/84/011_Drusen.tif,DRUSEN-084,test,DRUSEN,drusen,OD,.tif,1.6458115577697754
DRUSEN/84/012_Drusen.tif,DRUSEN-084,test,DRUSEN,drusen,OD,.tif,1.7180944681167603
DRUSEN/84/013_Drusen.tif,DRUSEN-084,test,DRUSEN,drusen,OD,.tif,1.7566277980804443
DRUSEN/84/014_Drusen.tif,DRUSEN-084,test,DRUSEN,drusen,OD,.tif,1.7810496091842651
DRUSEN/84/015_Drusen.tif,DRUSEN-084,test,DRUSEN,drusen,OD,.tif,1.8371813297271729
DRUSEN/84/016_Drusen.tif,DRUSEN-084,test,DRUSEN,drusen,OD,.tif,1.8953547477722168
DRUSEN/84/017_Drusen.tif,DRUSEN-084,test,DRUSEN,drusen,OD,.tif,1.7789027690887451
DRUSEN/84/018_Drusen.tif,DRUSEN-084,test,DRUSEN,drusen,OD,.tif,1.743464469909668
DRUSEN/84/019_Drusen.tif,DRUSEN-084,test,DRUSEN,drusen,OD,.tif,1.622283935546875
DRUSEN/84/020_Drusen.tif,DRUSEN-084,test,DRUSEN,drusen,OD,.tif,1.6374943256378174
DRUSEN/84/021_Drusen.tif,DRUSEN-084,test,DRUSEN,drusen,OD,.tif,1.5901888608932495
DRUSEN/84/022_Drusen.tif,DRUSEN-084,test,DRUSEN,drusen,OD,.tif,1.6662209033966064
DRUSEN/84/023_Drusen.tif,DRUSEN-084,test,DRUSEN,drusen,OD,.tif,1.684227466583252
DRUSEN/84/024_Normal.tif,DRUSEN-084,test,DRUSEN,normal,OD,.tif,1.6390509605407715
DRUSEN/84/025_Normal.tif,DRUSEN-084,test,DRUSEN,normal,OD,.tif,1.6120836734771729
DRUSEN/84/026_Normal.tif,DRUSEN-084,test,DRUSEN,normal,OD,.tif,1.7226482629776
DRUSEN/84/027_Normal.tif,DRUSEN-084,test,DRUSEN,normal,OD,.tif,1.5804935693740845
DRUSEN/84/028_Normal.tif,DRUSEN-084,test,DRUSEN,normal,OD,.tif,1.6004648208618164
DRUSEN/84/029_Normal.tif,DRUSEN-084,test,DRUSEN,normal,OD,.tif,1.64397132396698
DRUSEN/84/030_Normal.tif,DRUSEN-084,test,DRUSEN,normal,OD,.tif,1.6992017030715942
DRUSEN/85/000_Drusen.tif,DRUSEN-085,test,DRUSEN,drusen,OD,.tif,1.4459823369979858
DRUSEN/85/001_Drusen.tif,DRUSEN-085,test,DRUSEN,drusen,OD,.tif,1.4894020557403564
DRUSEN/85/002_Drusen.tif,DRUSEN-085,test,DRUSEN,drusen,OD,.tif,1.4944086074829102
DRUSEN/85/003_Drusen.tif,DRUSEN-085,test,DRUSEN,drusen,OD,.tif,1.5579700469970703
DRUSEN/85/004_Drusen.tif,DRUSEN-085,test,DRUSEN,drusen,OD,.tif,1.6170591115951538
DRUSEN/85/005_Drusen.tif,DRUSEN-085,test,DRUSEN,drusen,OD,.tif,1.4852633476257324
DRUSEN/85/006_Drusen.tif,DRUSEN-085,test,DRUSEN,drusen,OD,.tif,1.5132524967193604
DRUSEN/85/007_Drusen.tif,DRUSEN-085,test,DRUSEN,drusen,OD,.tif,1.4490762948989868
DRUSEN/85/008_Drusen.tif,DRUSEN-085,test,DRUSEN,drusen,OD,.tif,1.3907312154769897
DRUSEN/85/009_Drusen.tif,DRUSEN-085,test,DRUSEN,drusen,OD,.tif,1.511228322982788
DRUSEN/85/010_Drusen.tif,DRUSEN-085,test,DRUSEN,drusen,OD,.tif,1.6033828258514404
DRUSEN/85/011_Drusen.tif,DRUSEN-085,test,DRUSEN,drusen,OD,.tif,1.5195238590240479
DRUSEN/85/012_Drusen.tif,DRUSEN-085,test,DRUSEN,drusen,OD,.tif,1.580176830291748
DRUSEN/85/013_Drusen.tif,DRUSEN-085,test,DRUSEN,drusen,OD,.tif,1.5548254251480103
DRUSEN/85/014_Drusen.tif,DRUSEN-085,test,DRUSEN,drusen,OD,.tif,1.5521736145019531
DRUSEN/85/015_Drusen.tif,DRUSEN-085,test,DRUSEN,drusen,OD,.tif,1.7395620346069336
DRUSEN/85/016_Drusen.tif,DRUSEN-085,test,DRUSEN,drusen,OD,.tif,1.651577353477478
DRUSEN/85/017_Drusen.tif,DRUSEN-085,test,DRUSEN,drusen,OD,.tif,1.5402600765228271
DRUSEN/85/018_Drusen.tif,DRUSEN-085,test,DRUSEN,drusen,OD,.tif,1.6217222213745117
DRUSEN/85/019_Drusen.tif,DRUSEN-085,test,DRUSEN,drusen,OD,.tif,1.7420963048934937
DRUSEN/85/020_Drusen.tif,DRUSEN-085,test,DRUSEN,drusen,OD,.tif,1.7400188446044922
DRUSEN/85/021_Drusen.tif,DRUSEN-085,test,DRUSEN,drusen,OD,.tif,1.7702380418777466
DRUSEN/85/022_Drusen.tif,DRUSEN-085,test,DRUSEN,drusen,OD,.tif,1.6857547760009766
DRUSEN/85/023_Drusen.tif,DRUSEN-085,test,DRUSEN,drusen,OD,.tif,1.6688371896743774
DRUSEN/85/024_Drusen.tif,DRUSEN-085,test,DRUSEN,drusen,OD,.tif,1.7161496877670288
DRUSEN/85/025_Drusen.tif,DRUSEN-085,test,DRUSEN,drusen,OD,.tif,1.6533434391021729
DRUSEN/85/026_Drusen.tif,DRUSEN-085,test,DRUSEN,drusen,OD,.tif,1.5329887866973877
DRUSEN/85/027_Drusen.tif,DRUSEN-085,test,DRUSEN,drusen,OD,.tif,1.767034888267517
DRUSEN/85/028_Drusen.tif,DRUSEN-085,test,DRUSEN,drusen,OD,.tif,1.6625210046768188
DRUSEN/85/029_Drusen.tif,DRUSEN-085,test,DRUSEN,drusen,OD,.tif,1.8046269416809082
DRUSEN/85/030_Drusen.tif,DRUSEN-085,test,DRUSEN,drusen,OD,.tif,1.671843409538269
DRUSEN/86/OD/000_DRusen.tif,DRUSEN-086,test,DRUSEN,drusen,OD,.tif,1.6410455703735352
DRUSEN/86/OD/001_DRusen.tif,DRUSEN-086,test,DRUSEN,drusen,OD,.tif,1.5712279081344604
DRUSEN/86/OD/002_DRusen.tif,DRUSEN-086,test,DRUSEN,drusen,OD,.tif,1.6773275136947632
DRUSEN/86/OD/003_DRusen.tif,DRUSEN-086,test,DRUSEN,drusen,OD,.tif,1.6841875314712524
DRUSEN/86/OD/004_DRusen.tif,DRUSEN-086,test,DRUSEN,drusen,OD,.tif,1.7275593280792236
DRUSEN/86/OD/005_DRusen.tif,DRUSEN-086,test,DRUSEN,drusen,OD,.tif,1.7432806491851807
DRUSEN/86/OD/006_DRusen.tif,DRUSEN-086,test,DRUSEN,drusen,OD,.tif,1.6838624477386475
DRUSEN/86/OD/007_DRusen.tif,DRUSEN-086,test,DRUSEN,drusen,OD,.tif,1.663106083869934
DRUSEN/86/OD/008_DRusen.tif,DRUSEN-086,test,DRUSEN,drusen,OD,.tif,1.696372389793396
DRUSEN/86/OD/009_DRusen.tif,DRUSEN-086,test,DRUSEN,drusen,OD,.tif,1.6245774030685425
DRUSEN/86/OD/010_DRusen.tif,DRUSEN-086,test,DRUSEN,drusen,OD,.tif,1.5804139375686646
DRUSEN/86/OD/011_DRusen.tif,DRUSEN-086,test,DRUSEN,drusen,OD,.tif,1.6584898233413696
DRUSEN/86/OD/012_DRusen.tif,DRUSEN-086,test,DRUSEN,drusen,OD,.tif,1.6615101099014282
DRUSEN/86/OD/013_DRusen.tif,DRUSEN-086,test,DRUSEN,drusen,OD,.tif,1.5675727128982544
DRUSEN/86/OD/014_DRusen.tif,DRUSEN-086,test,DRUSEN,drusen,OD,.tif,1.6535279750823975
DRUSEN/86/OD/015_DRusen.tif,DRUSEN-086,test,DRUSEN,drusen,OD,.tif,1.6195653676986694
DRUSEN/86/OD/016_DRusen.tif,DRUSEN-086,test,DRUSEN,drusen,OD,.tif,1.549543023109436
DRUSEN/86/OD/017_DRusen.tif,DRUSEN-086,test,DRUSEN,drusen,OD,.tif,1.510069489479065
DRUSEN/86/OD/018_DRusen.tif,DRUSEN-086,test,DRUSEN,drusen,OD,.tif,1.517680287361145
DRUSEN/86/OD/019_DRusen.tif,DRUSEN-086,test,DRUSEN,drusen,OD,.tif,1.5445605516433716
DRUSEN/86/OD/020_DRusen.tif,DRUSEN-086,test,DRUSEN,drusen,OD,.tif,1.5634063482284546
DRUSEN/86/OD/021_DRusen.tif,DRUSEN-086,test,DRUSEN,drusen,OD,.tif,1.5545928478240967
DRUSEN/86/OD/022_DRusen.tif,DRUSEN-086,test,DRUSEN,drusen,OD,.tif,1.6595882177352905
DRUSEN/86/OD/023_DRusen.tif,DRUSEN-086,test,DRUSEN,drusen,OD,.tif,1.6466952562332153
DRUSEN/86/OD/024_DRusen.tif,DRUSEN-086,test,DRUSEN,drusen,OD,.tif,1.6437281370162964
DRUSEN/86/OD/025_DRusen.tif,DRUSEN-086,test,DRUSEN,drusen,OD,.tif,1.7290444374084473
DRUSEN/86/OD/026_DRusen.tif,DRUSEN-086,test,DRUSEN,drusen,OD,.tif,1.8840124607086182
DRUSEN/86/OD/027_DRusen.tif,DRUSEN-086,test,DRUSEN,drusen,OD,.tif,1.7839646339416504
DRUSEN/86/OD/028_DRusen.tif,DRUSEN-086,test,DRUSEN,drusen,OD,.tif,1.726724624633789
DRUSEN/86/OD/029_DRusen.tif,DRUSEN-086,test,DRUSEN,drusen,OD,.tif,1.714348316192627
DRUSEN/86/OD/030_DRusen.tif,DRUSEN-086,test,DRUSEN,drusen,OD,.tif,1.6131154298782349
DRUSEN/86/OS/000_Drusen.tif,DRUSEN-086,test,DRUSEN,drusen,OS,.tif,1.6577644348144531
DRUSEN/86/OS/001_Drusen.tif,DRUSEN-086,test,DRUSEN,drusen,OS,.tif,1.5916872024536133
DRUSEN/86/OS/002_Drusen.tif,DRUSEN-086,test,DRUSEN,drusen,OS,.tif,1.5849627256393433
DRUSEN/86/OS/003_Drusen.tif,DRUSEN-086,test,DRUSEN,drusen,OS,.tif,1.5248814821243286
DRUSEN/86/OS/004_Drusen.tif,DRUSEN-086,test,DRUSEN,drusen,OS,.tif,1.52842378616333
DRUSEN/86/OS/005_Drusen.tif,DRUSEN-086,test,DRUSEN,drusen,OS,.tif,1.624503493309021
DRUSEN/86/OS/006_Drusen.tif,DRUSEN-086,test,DRUSEN,drusen,OS,.tif,1.578129768371582
DRUSEN/86/OS/007_Drusen.tif,DRUSEN-086,test,DRUSEN,drusen,OS,.tif,1.748624324798584
DRUSEN/86/OS/008_Drusen.tif,DRUSEN-086,test,DRUSEN,drusen,OS,.tif,1.6891063451766968
DRUSEN/86/OS/009_Drusen.tif,DRUSEN-086,test,DRUSEN,drusen,OS,.tif,1.6490496397018433
DRUSEN/86/OS/010_Drusen.tif,DRUSEN-086,test,DRUSEN,drusen,OS,.tif,1.582672119140625
DRUSEN/86/OS/011_Drusen.tif,DRUSEN-086,test,DRUSEN,drusen,OS,.tif,1.5246260166168213
DRUSEN/86/OS/012_Drusen.tif,DRUSEN-086,test,DRUSEN,drusen,OS,.tif,1.5471113920211792
DRUSEN/86/OS/013_Drusen.tif,DRUSEN-086,test,DRUSEN,drusen,OS,.tif,1.7179452180862427
DRUSEN/86/OS/014_Drusen.tif,DRUSEN-086,test,DRUSEN,drusen,OS,.tif,1.784525752067566
DRUSEN/86/OS/015_Drusen.tif,DRUSEN-086,test,DRUSEN,drusen,OS,.tif,1.8664051294326782
DRUSEN/86/OS/016_Drusen.tif,DRUSEN-086,test,DRUSEN,drusen,OS,.tif,1.7412382364273071
DRUSEN/86/OS/017_Drusen.tif,DRUSEN-086,test,DRUSEN,drusen,OS,.tif,1.7844650745391846
DRUSEN/86/OS/018_Drusen.tif,DRUSEN-086,test,DRUSEN,drusen,OS,.tif,1.7750086784362793
DRUSEN/86/OS/019_Drusen.tif,DRUSEN-086,test,DRUSEN,drusen,OS,.tif,1.79889976978302
DRUSEN/86/OS/020_Drusen.tif,DRUSEN-086,test,DRUSEN,drusen,OS,.tif,1.7553634643554688
DRUSEN/86/OS/021_Drusen.tif,DRUSEN-086,test,DRUSEN,drusen,OS,.tif,1.8206744194030762
DRUSEN/86/OS/022_Drusen.tif,DRUSEN-086,test,DRUSEN,drusen,OS,.tif,1.766420602798462
DRUSEN/86/OS/023_Drusen.tif,DRUSEN-086,test,DRUSEN,drusen,OS,.tif,1.6897317171096802
DRUSEN/86/OS/024_Drusen.tif,DRUSEN-086,test,DRUSEN,drusen,OS,.tif,1.6775808334350586
DRUSEN/86/OS/025_Drusen.tif,DRUSEN-086,test,DRUSEN,drusen,OS,.tif,1.76987886428833
DRUSEN/86/OS/026_Drusen.tif,DRUSEN-086,test,DRUSEN,drusen,OS,.tif,1.7113744020462036
DRUSEN/86/OS/027_Drusen.tif,DRUSEN-086,test,DRUSEN,drusen,OS,.tif,1.6516172885894775
DRUSEN/86/OS/028_Drusen.tif,DRUSEN-086,test,DRUSEN,drusen,OS,.tif,1.6214014291763306
DRUSEN/86/OS/029_Drusen.tif,DRUSEN-086,test,DRUSEN,drusen,OS,.tif,1.5838268995285034
DRUSEN/86/OS/030_Drusen.tif,DRUSEN-086,test,DRUSEN,drusen,OS,.tif,1.7537827491760254
DRUSEN/87/000_Drusen.tif,DRUSEN-087,test,DRUSEN,drusen,OD,.tif,1.6721842288970947
DRUSEN/87/001_Drusen.tif,DRUSEN-087,test,DRUSEN,drusen,OD,.tif,1.5953922271728516
DRUSEN/87/002_Drusen.tif,DRUSEN-087,test,DRUSEN,drusen,OD,.tif,1.5650471448898315
DRUSEN/87/003_Drusen.tif,DRUSEN-087,test,DRUSEN,drusen,OD,.tif,1.8428195714950562
DRUSEN/87/004_Drusen.tif,DRUSEN-087,test,DRUSEN,drusen,OD,.tif,1.97293221950531
DRUSEN/87/005_Drusen.tif,DRUSEN-087,test,DRUSEN,drusen,OD,.tif,1.8469159603118896
DRUSEN/87/006_Drusen.tif,DRUSEN-087,test,DRUSEN,drusen,OD,.tif,1.9123101234436035
DRUSEN/87/007_Drusen.tif,DRUSEN-087,test,DRUSEN,drusen,OD,.tif,1.844118595123291
DRUSEN/87/008_Drusen.tif,DRUSEN-087,test,DRUSEN,drusen,OD,.tif,1.8393828868865967
DRUSEN/87/009_Drusen.tif,DRUSEN-087,test,DRUSEN,drusen,OD,.tif,1.8311889171600342
DRUSEN/87/010_Drusen.tif,DRUSEN-087,test,DRUSEN,drusen,OD,.tif,1.724224328994751
DRUSEN/87/011_Drusen.tif,DRUSEN-087,test,DRUSEN,drusen,OD,.tif,1.7001906633377075
DRUSEN/87/012_Drusen.tif,DRUSEN-087,test,DRUSEN,drusen,OD,.tif,1.8298825025558472
DRUSEN/87/013_Drusen.tif,DRUSEN-087,test,DRUSEN,drusen,OD,.tif,2.0835537910461426
DRUSEN/87/014_Drusen.tif,DRUSEN-087,test,DRUSEN,drusen,OD,.tif,1.894541621208191
DRUSEN/87/015_Drusen.tif,DRUSEN-087,test,DRUSEN,drusen,OD,.tif,2.089386463165283
DRUSEN/87/016_Drusen.tif,DRUSEN-087,test,DRUSEN,drusen,OD,.tif,1.7740012407302856
DRUSEN/87/017_Drusen.tif,DRUSEN-087,test,DRUSEN,drusen,OD,.tif,1.8446978330612183
DRUSEN/87/018_Drusen.tif,DRUSEN-087,test,DRUSEN,drusen,OD,.tif,1.7230303287506104
DRUSEN/87/019_Drusen.tif,DRUSEN-087,test,DRUSEN,drusen,OD,.tif,1.9256175756454468
DRUSEN/87/020_Drusen.tif,DRUSEN-087,test,DRUSEN,drusen,OD,.tif,1.9046218395233154
DRUSEN/87/021_Drusen.tif,DRUSEN-087,test,DRUSEN,drusen,OD,.tif,1.8264743089675903
DRUSEN/87/022_Drusen.tif,DRUSEN-087,test,DRUSEN,drusen,OD,.tif,1.7488605976104736
DRUSEN/87/023_Drusen.tif,DRUSEN-087,test,DRUSEN,drusen,OD,.tif,1.5934549570083618
DRUSEN/87/024_Drusen.tif,DRUSEN-087,test,DRUSEN,drusen,OD,.tif,1.6622068881988525
DRUSEN/87/025_Drusen.tif,DRUSEN-087,test,DRUSEN,drusen,OD,.tif,1.8297667503356934
DRUSEN/87/026_Drusen.tif,DRUSEN-087,test,DRUSEN,drusen,OD,.tif,1.905245304107666
DRUSEN/87/027_Drusen.tif,DRUSEN-087,test,DRUSEN,drusen,OD,.tif,1.8079357147216797
DRUSEN/87/028_Drusen.tif,DRUSEN-087,test,DRUSEN,drusen,OD,.tif,1.8065742254257202
DRUSEN/87/029_Drusen.tif,DRUSEN-087,test,DRUSEN,drusen,OD,.tif,1.6865471601486206
DRUSEN/87/030_Drusen.tif,DRUSEN-087,test,DRUSEN,drusen,OD,.tif,1.8352290391921997
DRUSEN/88/000_Drusen.tif,DRUSEN-088,test,DRUSEN,drusen,OD,.tif,2.189542770385742
DRUSEN/88/001_Drusen.tif,DRUSEN-088,test,DRUSEN,drusen,OD,.tif,2.178194522857666
DRUSEN/88/002_Drusen.tif,DRUSEN-088,test,DRUSEN,drusen,OD,.tif,2.1311581134796143
DRUSEN/88/003_Drusen.tif,DRUSEN-088,test,DRUSEN,drusen,OD,.tif,2.1582846641540527
DRUSEN/88/004_Drusen.tif,DRUSEN-088,test,DRUSEN,drusen,OD,.tif,2.292782783508301
DRUSEN/88/005_Drusen.tif,DRUSEN-088,test,DRUSEN,drusen,OD,.tif,2.1402318477630615
DRUSEN/88/006_Drusen.tif,DRUSEN-088,test,DRUSEN,drusen,OD,.tif,2.037580966949463
DRUSEN/88/007_Drusen.tif,DRUSEN-088,test,DRUSEN,drusen,OD,.tif,2.184565305709839
DRUSEN/88/008_Drusen.tif,DRUSEN-088,test,DRUSEN,drusen,OD,.tif,2.2937488555908203
DRUSEN/88/009_Drusen.tif,DRUSEN-088,test,DRUSEN,drusen,OD,.tif,2.1598830223083496
DRUSEN/88/010_Drusen.tif,DRUSEN-088,test,DRUSEN,drusen,OD,.tif,2.1920909881591797
DRUSEN/88/011_Drusen.tif,DRUSEN-088,test,DRUSEN,drusen,OD,.tif,2.3140618801116943
DRUSEN/88/012_Drusen.tif,DRUSEN-088,test,DRUSEN,drusen,OD,.tif,2.225801706314087
DRUSEN/88/013_Drusen.tif,DRUSEN-088,test,DRUSEN,drusen,OD,.tif,2.346349000930786
DRUSEN/88/014_Drusen.tif,DRUSEN-088,test,DRUSEN,drusen,OD,.tif,2.2284085750579834
DRUSEN/88/015_Drusen.tif,DRUSEN-088,test,DRUSEN,drusen,OD,.tif,2.2505643367767334
DRUSEN/88/016_Drusen.tif,DRUSEN-088,test,DRUSEN,drusen,OD,.tif,2.134097099304199
DRUSEN/88/017_Drusen.tif,DRUSEN-088,test,DRUSEN,drusen,OD,.tif,2.055142402648926
DRUSEN/88/018_Drusen.tif,DRUSEN-088,test,DRUSEN,drusen,OD,.tif,2.2025370597839355
DRUSEN/88/019_Drusen.tif,DRUSEN-088,test,DRUSEN,drusen,OD,.tif,2.2516512870788574
DRUSEN/88/020_Drusen.tif,DRUSEN-088,test,DRUSEN,drusen,OD,.tif,2.002056837081909
DRUSEN/88/021_Drusen.tif,DRUSEN-088,test,DRUSEN,drusen,OD,.tif,2.1539833545684814
DRUSEN/88/022_Drusen.tif,DRUSEN-088,test,DRUSEN,drusen,OD,.tif,2.190490245819092
DRUSEN/88/023_Drusen.tif,DRUSEN-088,test,DRUSEN,drusen,OD,.tif,2.2199692726135254
DRUSEN/88/024_Drusen.tif,DRUSEN-088,test,DRUSEN,drusen,OD,.tif,2.129760980606079
DRUSEN/88/025_Drusen.tif,DRUSEN-088,test,DRUSEN,drusen,OD,.tif,2.1857352256774902
DRUSEN/88/026_Drusen.tif,DRUSEN-088,test,DRUSEN,drusen,OD,.tif,2.0109660625457764
DRUSEN/88/027_Drusen.tif,DRUSEN-088,test,DRUSEN,drusen,OD,.tif,1.9656649827957153
DRUSEN/88/028_Drusen.tif,DRUSEN-088,test,DRUSEN,drusen,OD,.tif,1.9731305837631226
DRUSEN/88/029_Drusen.tif,DRUSEN-088,test,DRUSEN,drusen,OD,.tif,1.9278620481491089
DRUSEN/88/030_Drusen.tif,DRUSEN-088,test,DRUSEN,drusen,OD,.tif,2.041226625442505
DRUSEN/90/000_Normal.jpg,DRUSEN-090,test,DRUSEN,normal,OD,.jpg,1.6401652097702026
DRUSEN/90/001_Normal.jpg,DRUSEN-090,test,DRUSEN,normal,OD,.jpg,1.5878698825836182
DRUSEN/90/002_Normal.jpg,DRUSEN-090,test,DRUSEN,normal,OD,.jpg,1.6286145448684692
DRUSEN/90/003_Normal.jpg,DRUSEN-090,test,DRUSEN,normal,OD,.jpg,1.9599553346633911
DRUSEN/90/004_Normal.jpg,DRUSEN-090,test,DRUSEN,normal,OD,.jpg,1.9500709772109985
DRUSEN/90/005_Normal.jpg,DRUSEN-090,test,DRUSEN,normal,OD,.jpg,1.8336695432662964
DRUSEN/90/006_Normal.jpg,DRUSEN-090,test,DRUSEN,normal,OD,.jpg,2.0036120414733887
DRUSEN/90/007_Normal.jpg,DRUSEN-090,test,DRUSEN,normal,OD,.jpg,1.6398975849151611
DRUSEN/90/008_Normal.jpg,DRUSEN-090,test,DRUSEN,normal,OD,.jpg,1.7761476039886475
DRUSEN/90/009_Normal.jpg,DRUSEN-090,test,DRUSEN,normal,OD,.jpg,1.924481749534607
DRUSEN/90/010_Normal.jpg,DRUSEN-090,test,DRUSEN,normal,OD,.jpg,2.010854959487915
DRUSEN/90/011_Normal.jpg,DRUSEN-090,test,DRUSEN,normal,OD,.jpg,1.9483726024627686
DRUSEN/90/012_Drusen.jpg,DRUSEN-090,test,DRUSEN,drusen,OD,.jpg,2.1133954524993896
DRUSEN/90/013_Drusen.jpg,DRUSEN-090,test,DRUSEN,drusen,OD,.jpg,2.2684309482574463
DRUSEN/90/014_Drusen.jpg,DRUSEN-090,test,DRUSEN,drusen,OD,.jpg,1.8683109283447266
DRUSEN/90/015_Drusen.jpg,DRUSEN-090,test,DRUSEN,drusen,OD,.jpg,1.957249402999878
DRUSEN/90/016_Drusen.jpg,DRUSEN-090,test,DRUSEN,drusen,OD,.jpg,1.8652466535568237
DRUSEN/90/017_Drusen.jpg,DRUSEN-090,test,DRUSEN,drusen,OD,.jpg,1.9761966466903687
DRUSEN/90/018_Drusen.jpg,DRUSEN-090,test,DRUSEN,drusen,OD,.jpg,1.8849389553070068
DRUSEN/90/019_Drusen.jpg,DRUSEN-090,test,DRUSEN,drusen,OD,.jpg,1.6157397031784058
DRUSEN/90/020_Drusen.jpg,DRUSEN-090,test,DRUSEN,drusen,OD,.jpg,1.5661965608596802
DRUSEN/90/021_Drusen.jpg,DRUSEN-090,test,DRUSEN,drusen,OD,.jpg,1.453101634979248
DRUSEN/90/022_Normal.jpg,DRUSEN-090,test,DRUSEN,normal,OD,.jpg,1.5280017852783203
DRUSEN/90/023_Drusen.jpg,DRUSEN-090,test,DRUSEN,drusen,OD,.jpg,1.5730366706848145
DRUSEN/90/024_Normal.jpg,DRUSEN-090,test,DRUSEN,normal,OD,.jpg,1.5448651313781738
DRUSEN/90/025_Normal.jpg,DRUSEN-090,test,DRUSEN,normal,OD,.jpg,1.5390762090682983
DRUSEN/90/026_Normal.jpg,DRUSEN-090,test,DRUSEN,normal,OD,.jpg,1.540061354637146
DRUSEN/90/027_Normal.jpg,DRUSEN-090,test,DRUSEN,normal,OD,.jpg,1.513110876083374
DRUSEN/90/028_Normal.jpg,DRUSEN-090,test,DRUSEN,normal,OD,.jpg,1.7076510190963745
DRUSEN/90/029_Normal.jpg,DRUSEN-090,test,DRUSEN,normal,OD,.jpg,1.607796311378479
DRUSEN/90/030_Normal.jpg,DRUSEN-090,test,DRUSEN,normal,OD,.jpg,1.7671955823898315
DRUSEN/92/000_Normal.tif,DRUSEN-092,test,DRUSEN,normal,OD,.tif,1.7125370502471924
DRUSEN/92/001_Normal.tif,DRUSEN-092,test,DRUSEN,normal,OD,.tif,1.605793833732605
DRUSEN/92/002_Normal.tif,DRUSEN-092,test,DRUSEN,normal,OD,.tif,1.6576169729232788
DRUSEN/92/003_Drusen.tif,DRUSEN-092,test,DRUSEN,drusen,OD,.tif,1.7057993412017822
DRUSEN/92/004_Drusen.tif,DRUSEN-092,test,DRUSEN,drusen,OD,.tif,1.6862127780914307
DRUSEN/92/005_Drusen.tif,DRUSEN-092,test,DRUSEN,drusen,OD,.tif,1.6260480880737305
DRUSEN/92/006_Drusen.tif,DRUSEN-092,test,DRUSEN,drusen,OD,.tif,1.5790305137634277
DRUSEN/92/007_Drusen.tif,DRUSEN-092,test,DRUSEN,drusen,OD,.tif,1.5941578149795532
DRUSEN/92/008_Drusen.tif,DRUSEN-092,test,DRUSEN,drusen,OD,.tif,1.4833378791809082
DRUSEN/92/009_Drusen.tif,DRUSEN-092,test,DRUSEN,drusen,OD,.tif,1.447727918624878
DRUSEN/92/010_Drusen.tif,DRUSEN-092,test,DRUSEN,drusen,OD,.tif,1.598557710647583
DRUSEN/92/011_Drusen.tif,DRUSEN-092,test,DRUSEN,drusen,OD,.tif,1.5492604970932007
DRUSEN/92/012_Drusen.tif,DRUSEN-092,test,DRUSEN,drusen,OD,.tif,1.5449965000152588
DRUSEN/92/013_Drusen.tif,DRUSEN-092,test,DRUSEN,drusen,OD,.tif,1.6362639665603638
DRUSEN/92/014_Drusen.tif,DRUSEN-092,test,DRUSEN,drusen,OD,.tif,1.6712802648544312
DRUSEN/92/015_Drusen.tif,DRUSEN-092,test,DRUSEN,drusen,OD,.tif,1.632898211479187
DRUSEN/92/016_Drusen.tif,DRUSEN-092,test,DRUSEN,drusen,OD,.tif,1.7696844339370728
DRUSEN/92/017_Drusen.tif,DRUSEN-092,test,DRUSEN,drusen,OD,.tif,1.7038267850875854
DRUSEN/92/018_Drusen.tif,DRUSEN-092,test,DRUSEN,drusen,OD,.tif,1.6300249099731445
DRUSEN/92/019_Drusen.tif,DRUSEN-092,test,DRUSEN,drusen,OD,.tif,1.8149069547653198
DRUSEN/92/020_Drusen.tif,DRUSEN-092,test,DRUSEN,drusen,OD,.tif,1.5842328071594238
DRUSEN/92/021_Drusen.tif,DRUSEN-092,test,DRUSEN,drusen,OD,.tif,1.6577421426773071
DRUSEN/92/022_Drusen.tif,DRUSEN-092,test,DRUSEN,drusen,OD,.tif,1.6830542087554932
DRUSEN/92/023_Drusen.tif,DRUSEN-092,test,DRUSEN,drusen,OD,.tif,1.6352849006652832
DRUSEN/92/024_Drusen.tif,DRUSEN-092,test,DRUSEN,drusen,OD,.tif,1.7161331176757812
DRUSEN/92/025_Drusen.tif,DRUSEN-092,test,DRUSEN,drusen,OD,.tif,1.6991769075393677
DRUSEN/92/026_Drusen.tif,DRUSEN-092,test,DRUSEN,drusen,OD,.tif,1.5766793489456177
DRUSEN/92/027_Drusen.tif,DRUSEN-092,test,DRUSEN,drusen,OD,.tif,1.5442415475845337
DRUSEN/92/028_Drusen.tif,DRUSEN-092,test,DRUSEN,drusen,OD,.tif,1.4898933172225952
DRUSEN/92/029_Drusen.tif,DRUSEN-092,test,DRUSEN,drusen,OD,.tif,1.724103569984436
DRUSEN/92/030_Normal.tif,DRUSEN-092,test,DRUSEN,normal,OD,.tif,1.6245657205581665
DRUSEN/93/OD/000_Normal.tif,DRUSEN-093,test,DRUSEN,normal,OD,.tif,1.5278838872909546
DRUSEN/93/OD/001_Normal.tif,DRUSEN-093,test,DRUSEN,normal,OD,.tif,1.5108660459518433
DRUSEN/93/OD/002_Normal.tif,DRUSEN-093,test,DRUSEN,normal,OD,.tif,1.5106191635131836
DRUSEN/93/OD/003_Normal.tif,DRUSEN-093,test,DRUSEN,normal,OD,.tif,1.6461495161056519
DRUSEN/93/OD/004_Normal.tif,DRUSEN-093,test,DRUSEN,normal,OD,.tif,1.6659889221191406
DRUSEN/93/OD/005_Normal.tif,DRUSEN-093,test,DRUSEN,normal,OD,.tif,1.6391751766204834
DRUSEN/93/OD/006_Normal.tif,DRUSEN-093,test,DRUSEN,normal,OD,.tif,1.5798437595367432
DRUSEN/93/OD/007_DRusen.tif,DRUSEN-093,test,DRUSEN,drusen,OD,.tif,1.6467723846435547
DRUSEN/93/OD/008_DRusen.tif,DRUSEN-093,test,DRUSEN,drusen,OD,.tif,1.61501145362854
DRUSEN/93/OD/009_DRusen.tif,DRUSEN-093,test,DRUSEN,drusen,OD,.tif,1.5891246795654297
DRUSEN/93/OD/010_DRusen.tif,DRUSEN-093,test,DRUSEN,drusen,OD,.tif,1.6158937215805054
DRUSEN/93/OD/011_DRusen.tif,DRUSEN-093,test,DRUSEN,drusen,OD,.tif,1.6878632307052612
DRUSEN/93/OD/012_DRusen.tif,DRUSEN-093,test,DRUSEN,drusen,OD,.tif,1.663394808769226
DRUSEN/93/OD/013_DRusen.tif,DRUSEN-093,test,DRUSEN,drusen,OD,.tif,1.7064647674560547
DRUSEN/93/OD/014_DRusen.tif,DRUSEN-093,test,DRUSEN,drusen,OD,.tif,1.7168011665344238
DRUSEN/93/OD/015_DRusen.tif,DRUSEN-093,test,DRUSEN,drusen,OD,.tif,1.7919107675552368
DRUSEN/93/OD/016_DRusen.tif,DRUSEN-093,test,DRUSEN,drusen,OD,.tif,1.7983126640319824
DRUSEN/93/OD/017_DRusen.tif,DRUSEN-093,test,DRUSEN,drusen,OD,.tif,1.683270812034607
DRUSEN/93/OD/018_DRusen.tif,DRUSEN-093,test,DRUSEN,drusen,OD,.tif,1.6529490947723389
DRUSEN/93/OD/019_DRusen.tif,DRUSEN-093,test,DRUSEN,drusen,OD,.tif,1.7219582796096802
DRUSEN/93/OD/020_DRusen.tif,DRUSEN-093,test,DRUSEN,drusen,OD,.tif,1.6808041334152222
DRUSEN/93/OD/021_DRusen.tif,DRUSEN-093,test,DRUSEN,drusen,OD,.tif,1.6377826929092407
DRUSEN/93/OD/022_DRusen.tif,DRUSEN-093,test,DRUSEN,drusen,OD,.tif,1.6644539833068848
DRUSEN/93/OD/023_DRusen.tif,DRUSEN-093,test,DRUSEN,drusen,OD,.tif,1.6780693531036377
DRUSEN/93/OD/024_Normal.tif,DRUSEN-093,test,DRUSEN,normal,OD,.tif,1.668296217918396
DRUSEN/93/OD/025_Normal.tif,DRUSEN-093,test,DRUSEN,normal,OD,.tif,1.7092053890228271
DRUSEN/93/OD/026_Normal.tif,DRUSEN-093,test,DRUSEN,normal,OD,.tif,1.7140007019042969
DRUSEN/93/OD/027_DRusen.tif,DRUSEN-093,test,DRUSEN,drusen,OD,.tif,1.6495105028152466
DRUSEN/93/OD/028_DRusen.tif,DRUSEN-093,test,DRUSEN,drusen,OD,.tif,1.6993314027786255
DRUSEN/93/OD/029_DRusen.tif,DRUSEN-093,test,DRUSEN,drusen,OD,.tif,1.6793920993804932
DRUSEN/93/OD/030_DRusen.tif,DRUSEN-093,test,DRUSEN,drusen,OD,.tif,1.7340984344482422
DRUSEN/93/OS/000_Normal.tif,DRUSEN-093,test,DRUSEN,normal,OS,.tif,1.6705033779144287
DRUSEN/93/OS/001_Normal.tif,DRUSEN-093,test,DRUSEN,normal,OS,.tif,1.688643455505371
DRUSEN/93/OS/002_Normal.tif,DRUSEN-093,test,DRUSEN,normal,OS,.tif,1.6003735065460205
DRUSEN/93/OS/003_Drusen.tif,DRUSEN-093,test,DRUSEN,drusen,OS,.tif,1.6165200471878052
DRUSEN/93/OS/004_Drusen.tif,DRUSEN-093,test,DRUSEN,drusen,OS,.tif,1.6262792348861694
DRUSEN/93/OS/005_Drusen.tif,DRUSEN-093,test,DRUSEN,drusen,OS,.tif,1.6286900043487549
DRUSEN/93/OS/006_Normal.tif,DRUSEN-093,test,DRUSEN,normal,OS,.tif,1.6260786056518555
DRUSEN/93/OS/007_Drusen.tif,DRUSEN-093,test,DRUSEN,drusen,OS,.tif,1.6058088541030884
DRUSEN/93/OS/008_Normal.tif,DRUSEN-093,test,DRUSEN,normal,OS,.tif,1.5136040449142456
DRUSEN/93/OS/009_Drusen.tif,DRUSEN-093,test,DRUSEN,drusen,OS,.tif,1.610803246498108
DRUSEN/93/OS/010_Drusen.tif,DRUSEN-093,test,DRUSEN,drusen,OS,.tif,1.5972498655319214
DRUSEN/93/OS/011_Drusen.tif,DRUSEN-093,test,DRUSEN,drusen,OS,.tif,1.552288293838501
DRUSEN/93/OS/012_Drusen.tif,DRUSEN-093,test,DRUSEN,drusen,OS,.tif,1.650364875793457
DRUSEN/93/OS/013_Drusen.tif,DRUSEN-093,test,DRUSEN,drusen,OS,.tif,1.6378285884857178
DRUSEN/93/OS/014_Drusen.tif,DRUSEN-093,test,DRUSEN,drusen,OS,.tif,1.6397998332977295
DRUSEN/93/OS/015_Drusen.tif,DRUSEN-093,test,DRUSEN,drusen,OS,.tif,1.6902388334274292
DRUSEN/93/OS/016_Drusen.tif,DRUSEN-093,test,DRUSEN,drusen,OS,.tif,1.6552876234054565
DRUSEN/93/OS/017_Drusen.tif,DRUSEN-093,test,DRUSEN,drusen,OS,.tif,1.7521520853042603
DRUSEN/93/OS/018_Drusen.tif,DRUSEN-093,test,DRUSEN,drusen,OS,.tif,1.697138786315918
DRUSEN/93/OS/019_Drusen.tif,DRUSEN-093,test,DRUSEN,drusen,OS,.tif,1.6031115055084229
DRUSEN/93/OS/020_Drusen.tif,DRUSEN-093,test,DRUSEN,drusen,OS,.tif,1.6548821926116943
DRUSEN/93/OS/021_Drusen.tif,DRUSEN-093,test,DRUSEN,drusen,OS,.tif,1.6351872682571411
DRUSEN/93/OS/022_Drusen.tif,DRUSEN-093,test,DRUSEN,drusen,OS,.tif,1.7100756168365479
DRUSEN/93/OS/023_Drusen.tif,DRUSEN-093,test,DRUSEN,drusen,OS,.tif,1.6029576063156128
DRUSEN/93/OS/024_Drusen.tif,DRUSEN-093,test,DRUSEN,drusen,OS,.tif,1.6413370370864868
DRUSEN/93/OS/025_Drusen.tif,DRUSEN-093,test,DRUSEN,drusen,OS,.tif,1.6809090375900269
DRUSEN/93/OS/026_Drusen.tif,DRUSEN-093,test,DRUSEN,drusen,OS,.tif,1.6687508821487427
DRUSEN/93/OS/027_Drusen.tif,DRUSEN-093,test,DRUSEN,drusen,OS,.tif,1.705252766609192
DRUSEN/93/OS/028_Drusen.tif,DRUSEN-093,test,DRUSEN,drusen,OS,.tif,1.7107590436935425
DRUSEN/93/OS/029_Drusen.tif,DRUSEN-093,test,DRUSEN,drusen,OS,.tif,1.5818815231323242
DRUSEN/93/OS/030_Drusen.tif,DRUSEN-093,test,DRUSEN,drusen,OS,.tif,1.6085233688354492
DRUSEN/95/000_Drusen.tif,DRUSEN-095,test,DRUSEN,drusen,OD,.tif,1.696259617805481
DRUSEN/95/001_Drusen.tif,DRUSEN-095,test,DRUSEN,drusen,OD,.tif,1.5763276815414429
DRUSEN/95/002_Drusen.tif,DRUSEN-095,test,DRUSEN,drusen,OD,.tif,1.6501952409744263
DRUSEN/95/003_Drusen.tif,DRUSEN-095,test,DRUSEN,drusen,OD,.tif,1.6943401098251343
DRUSEN/95/004_Drusen.tif,DRUSEN-095,test,DRUSEN,drusen,OD,.tif,1.6422390937805176
DRUSEN/95/005_Drusen.tif,DRUSEN-095,test,DRUSEN,drusen,OD,.tif,1.7419949769973755
DRUSEN/95/006_Drusen.tif,DRUSEN-095,test,DRUSEN,drusen,OD,.tif,1.805675983428955
DRUSEN/95/007_Drusen.tif,DRUSEN-095,test,DRUSEN,drusen,OD,.tif,1.762498378753662
DRUSEN/95/008_Drusen.tif,DRUSEN-095,test,DRUSEN,drusen,OD,.tif,1.6352109909057617
DRUSEN/95/009_Drusen.tif,DRUSEN-095,test,DRUSEN,drusen,OD,.tif,1.7534610033035278
DRUSEN/95/010_Drusen.tif,DRUSEN-095,test,DRUSEN,drusen,OD,.tif,1.789696216583252
DRUSEN/95/011_Drusen.tif,DRUSEN-095,test,DRUSEN,drusen,OD,.tif,1.8396010398864746
DRUSEN/95/012_Drusen.tif,DRUSEN-095,test,DRUSEN,drusen,OD,.tif,1.7702189683914185
DRUSEN/95/013_Drusen.tif,DRUSEN-095,test,DRUSEN,drusen,OD,.tif,1.5098990201950073
DRUSEN/95/014_Drusen.tif,DRUSEN-095,test,DRUSEN,drusen,OD,.tif,1.7620960474014282
DRUSEN/95/015_Drusen.tif,DRUSEN-095,test,DRUSEN,drusen,OD,.tif,1.842912197113037
DRUSEN/95/016_Drusen.tif,DRUSEN-095,test,DRUSEN,drusen,OD,.tif,1.7650055885314941
DRUSEN/95/017_Drusen.tif,DRUSEN-095,test,DRUSEN,drusen,OD,.tif,1.8169537782669067
DRUSEN/95/018_Drusen.tif,DRUSEN-095,test,DRUSEN,drusen,OD,.tif,1.6831086874008179
DRUSEN/95/019_Drusen.tif,DRUSEN-095,test,DRUSEN,drusen,OD,.tif,1.700014352798462
DRUSEN/95/020_Drusen.tif,DRUSEN-095,test,DRUSEN,drusen,OD,.tif,1.8599292039871216
DRUSEN/95/021_Drusen.tif,DRUSEN-095,test,DRUSEN,drusen,OD,.tif,1.7004610300064087
DRUSEN/95/022_Drusen.tif,DRUSEN-095,test,DRUSEN,drusen,OD,.tif,1.7946168184280396
DRUSEN/95/023_Drusen.tif,DRUSEN-095,test,DRUSEN,drusen,OD,.tif,1.8050076961517334
DRUSEN/95/024_Drusen.tif,DRUSEN-095,test,DRUSEN,drusen,OD,.tif,1.8443101644515991
DRUSEN/95/025_Drusen.tif,DRUSEN-095,test,DRUSEN,drusen,OD,.tif,1.8024824857711792
DRUSEN/95/026_Drusen.tif,DRUSEN-095,test,DRUSEN,drusen,OD,.tif,1.864696741104126
DRUSEN/95/027_Drusen.tif,DRUSEN-095,test,DRUSEN,drusen,OD,.tif,1.826802372932434
DRUSEN/95/028_Drusen.tif,DRUSEN-095,test,DRUSEN,drusen,OD,.tif,1.8596417903900146
DRUSEN/95/029_Drusen.tif,DRUSEN-095,test,DRUSEN,drusen,OD,.tif,1.6865521669387817
DRUSEN/95/030_Drusen.tif,DRUSEN-095,test,DRUSEN,drusen,OD,.tif,1.7342697381973267
DRUSEN/96/OD/000_Normal.tif,DRUSEN-096,test,DRUSEN,normal,OD,.tif,1.59955894947052
DRUSEN/96/OD/001_Normal.tif,DRUSEN-096,test,DRUSEN,normal,OD,.tif,1.611068606376648
DRUSEN/96/OD/002_Normal.tif,DRUSEN-096,test,DRUSEN,normal,OD,.tif,1.5679086446762085
DRUSEN/96/OD/003_Normal.tif,DRUSEN-096,test,DRUSEN,normal,OD,.tif,1.5297274589538574
DRUSEN/96/OD/004_Normal.tif,DRUSEN-096,test,DRUSEN,normal,OD,.tif,1.6125222444534302
DRUSEN/96/OD/005_Drusen.tif,DRUSEN-096,test,DRUSEN,drusen,OD,.tif,1.6163971424102783
DRUSEN/96/OD/006_Drusen.tif,DRUSEN-096,test,DRUSEN,drusen,OD,.tif,1.6195783615112305
DRUSEN/96/OD/007_Drusen.tif,DRUSEN-096,test,DRUSEN,drusen,OD,.tif,1.5933319330215454
DRUSEN/96/OD/008_Drusen.tif,DRUSEN-096,test,DRUSEN,drusen,OD,.tif,1.7138011455535889
DRUSEN/96/OD/009_Drusen.tif,DRUSEN-096,test,DRUSEN,drusen,OD,.tif,1.7194641828536987
DRUSEN/96/OD/010_Drusen.tif,DRUSEN-096,test,DRUSEN,drusen,OD,.tif,1.7463033199310303
DRUSEN/96/OD/011_Drusen.tif,DRUSEN-096,test,DRUSEN,drusen,OD,.tif,1.8033009767532349
DRUSEN/96/OD/012_Drusen.tif,DRUSEN-096,test,DRUSEN,drusen,OD,.tif,1.9797462224960327
DRUSEN/96/OD/013_Drusen.tif,DRUSEN-096,test,DRUSEN,drusen,OD,.tif,1.8512160778045654
DRUSEN/96/OD/014_Drusen.tif,DRUSEN-096,test,DRUSEN,drusen,OD,.tif,1.9670143127441406
DRUSEN/96/OD/015_Drusen.tif,DRUSEN-096,test,DRUSEN,drusen,OD,.tif,1.7803717851638794
DRUSEN/96/OD/016_Drusen.tif,DRUSEN-096,test,DRUSEN,drusen,OD,.tif,1.83092200756073
DRUSEN/96/OD/017_Drusen.tif,DRUSEN-096,test,DRUSEN,drusen,OD,.tif,1.9068586826324463
DRUSEN/96/OD/018_Drusen.tif,DRUSEN-096,test,DRUSEN,drusen,OD,.tif,1.9012794494628906
DRUSEN/96/OD/019_Drusen.tif,DRUSEN-096,test,DRUSEN,drusen,OD,.tif,1.7831205129623413
DRUSEN/96/OD/020_Drusen.tif,DRUSEN-096,test,DRUSEN,drusen,OD,.tif,1.688767433166504
DRUSEN/96/OD/021_Drusen.tif,DRUSEN-096,test,DRUSEN,drusen,OD,.tif,1.8716309070587158
DRUSEN/96/OD/022_Drusen.tif,DRUSEN-096,test,DRUSEN,drusen,OD,.tif,1.7456212043762207
DRUSEN/96/OD/023_Drusen.tif,DRUSEN-096,test,DRUSEN,drusen,OD,.tif,1.7931928634643555
DRUSEN/96/OD/024_Drusen.tif,DRUSEN-096,test,DRUSEN,drusen,OD,.tif,1.897627830505371
DRUSEN/96/OD/025_Drusen.tif,DRUSEN-096,test,DRUSEN,drusen,OD,.tif,1.8211958408355713
DRUSEN/96/OD/026_Drusen.tif,DRUSEN-096,test,DRUSEN,drusen,OD,.tif,1.7806637287139893
DRUSEN/96/OD/027_Drusen.tif,DRUSEN-096,test,DRUSEN,drusen,OD,.tif,1.8293322324752808
DRUSEN/96/OD/028_Drusen.tif,DRUSEN-096,test,DRUSEN,drusen,OD,.tif,1.751988410949707
DRUSEN/96/OD/029_Drusen.tif,DRUSEN-096,test,DRUSEN,drusen,OD,.tif,1.7497397661209106
DRUSEN/96/OD/030_Drusen.tif,DRUSEN-096,test,DRUSEN,drusen,OD,.tif,1.7945706844329834
DRUSEN/96/OS/000_Normal.tif,DRUSEN-096,test,DRUSEN,normal,OS,.tif,1.5762176513671875
DRUSEN/96/OS/001_Normal.tif,DRUSEN-096,test,DRUSEN,normal,OS,.tif,1.6121084690093994
DRUSEN/96/OS/002_Normal.tif,DRUSEN-096,test,DRUSEN,normal,OS,.tif,1.6800808906555176
DRUSEN/96/OS/003_Normal.tif,DRUSEN-096,test,DRUSEN,normal,OS,.tif,1.6954704523086548
DRUSEN/96/OS/004_Normal.tif,DRUSEN-096,test,DRUSEN,normal,OS,.tif,1.584110140800476
DRUSEN/96/OS/005_Normal.tif,DRUSEN-096,test,DRUSEN,normal,OS,.tif,1.6028287410736084
DRUSEN/96/OS/006_Drusen.tif,DRUSEN-096,test,DRUSEN,drusen,OS,.tif,1.6496188640594482
DRUSEN/96/OS/007_Drusen.tif,DRUSEN-096,test,DRUSEN,drusen,OS,.tif,1.7352910041809082
DRUSEN/96/OS/008_Drusen.tif,DRUSEN-096,test,DRUSEN,drusen,OS,.tif,1.6760249137878418
DRUSEN/96/OS/009_Drusen.tif,DRUSEN-096,test,DRUSEN,drusen,OS,.tif,1.829487919807434
DRUSEN/96/OS/010_Drusen.tif,DRUSEN-096,test,DRUSEN,drusen,OS,.tif,1.7625919580459595
DRUSEN/96/OS/011_Drusen.tif,DRUSEN-096,test,DRUSEN,drusen,OS,.tif,1.819736123085022
DRUSEN/96/OS/012_Drusen.tif,DRUSEN-096,test,DRUSEN,drusen,OS,.tif,1.7522614002227783
DRUSEN/96/OS/013_Drusen.tif,DRUSEN-096,test,DRUSEN,drusen,OS,.tif,1.7625950574874878
DRUSEN/96/OS/014_Drusen.tif,DRUSEN-096,test,DRUSEN,drusen,OS,.tif,1.9011539220809937
DRUSEN/96/OS/015_Drusen.tif,DRUSEN-096,test,DRUSEN,drusen,OS,.tif,2.047241687774658
DRUSEN/96/OS/016_Drusen.tif,DRUSEN-096,test,DRUSEN,drusen,OS,.tif,1.948777675628662
DRUSEN/96/OS/017_Drusen.tif,DRUSEN-096,test,DRUSEN,drusen,OS,.tif,1.9187591075897217
DRUSEN/96/OS/018_Drusen.tif,DRUSEN-096,test,DRUSEN,drusen,OS,.tif,1.8517271280288696
DRUSEN/96/OS/019_Drusen.tif,DRUSEN-096,test,DRUSEN,drusen,OS,.tif,1.8334449529647827
DRUSEN/96/OS/020_Drusen.tif,DRUSEN-096,test,DRUSEN,drusen,OS,.tif,1.7836663722991943
DRUSEN/96/OS/021_Drusen.tif,DRUSEN-096,test,DRUSEN,drusen,OS,.tif,1.6603420972824097
DRUSEN/96/OS/022_Drusen.tif,DRUSEN-096,test,DRUSEN,drusen,OS,.tif,1.6717036962509155
DRUSEN/96/OS/023_Drusen.tif,DRUSEN-096,test,DRUSEN,drusen,OS,.tif,1.5309514999389648
DRUSEN/96/OS/024_Drusen.tif,DRUSEN-096,test,DRUSEN,drusen,OS,.tif,1.6060428619384766
DRUSEN/96/OS/025_Drusen.tif,DRUSEN-096,test,DRUSEN,drusen,OS,.tif,1.5086805820465088
DRUSEN/96/OS/026_Drusen.tif,DRUSEN-096,test,DRUSEN,drusen,OS,.tif,1.5708156824111938
DRUSEN/96/OS/027_Drusen.tif,DRUSEN-096,test,DRUSEN,drusen,OS,.tif,1.6006550788879395
DRUSEN/96/OS/028_Drusen.tif,DRUSEN-096,test,DRUSEN,drusen,OS,.tif,1.674412727355957
DRUSEN/96/OS/029_Drusen.tif,DRUSEN-096,test,DRUSEN,drusen,OS,.tif,1.6359806060791016
DRUSEN/96/OS/030_Drusen.tif,DRUSEN-096,test,DRUSEN,drusen,OS,.tif,1.6648298501968384
DRUSEN/99/000_Drusen.tif,DRUSEN-099,test,DRUSEN,drusen,OS,.tif,1.5873610973358154
DRUSEN/99/001_Drusen.tif,DRUSEN-099,test,DRUSEN,drusen,OS,.tif,1.5155130624771118
DRUSEN/99/002_Drusen.tif,DRUSEN-099,test,DRUSEN,drusen,OS,.tif,1.518006443977356
DRUSEN/99/003_Drusen.tif,DRUSEN-099,test,DRUSEN,drusen,OS,.tif,1.6024061441421509
DRUSEN/99/004_Drusen.tif,DRUSEN-099,test,DRUSEN,drusen,OS,.tif,1.480478048324585
DRUSEN/99/005_Drusen.tif,DRUSEN-099,test,DRUSEN,drusen,OS,.tif,1.6008507013320923
DRUSEN/99/006_Drusen.tif,DRUSEN-099,test,DRUSEN,drusen,OS,.tif,1.6609874963760376
DRUSEN/99/007_Drusen.tif,DRUSEN-099,test,DRUSEN,drusen,OS,.tif,1.660334587097168
DRUSEN/99/008_Drusen.tif,DRUSEN-099,test,DRUSEN,drusen,OS,.tif,1.6953519582748413
DRUSEN/99/009_Drusen.tif,DRUSEN-099,test,DRUSEN,drusen,OS,.tif,1.7355314493179321
DRUSEN/99/010_Drusen.tif,DRUSEN-099,test,DRUSEN,drusen,OS,.tif,1.6657644510269165
DRUSEN/99/011_Drusen.tif,DRUSEN-099,test,DRUSEN,drusen,OS,.tif,1.7155261039733887
DRUSEN/99/012_Drusen.tif,DRUSEN-099,test,DRUSEN,drusen,OS,.tif,1.6367748975753784
DRUSEN/99/013_Drusen.tif,DRUSEN-099,test,DRUSEN,drusen,OS,.tif,1.5721004009246826
DRUSEN/99/014_Drusen.tif,DRUSEN-099,test,DRUSEN,drusen,OS,.tif,1.6360547542572021
DRUSEN/99/015_Drusen.tif,DRUSEN-099,test,DRUSEN,drusen,OS,.tif,1.4897148609161377
DRUSEN/99/016_Drusen.tif,DRUSEN-099,test,DRUSEN,drusen,OS,.tif,1.535866379737854
DRUSEN/99/017_Drusen.tif,DRUSEN-099,test,DRUSEN,drusen,OS,.tif,1.5093425512313843
DRUSEN/99/018_Drusen.tif,DRUSEN-099,test,DRUSEN,drusen,OS,.tif,1.6372485160827637
DRUSEN/99/019_Drusen.tif,DRUSEN-099,test,DRUSEN,drusen,OS,.tif,1.5021324157714844
DRUSEN/99/020_Drusen.tif,DRUSEN-099,test,DRUSEN,drusen,OS,.tif,1.5451737642288208
DRUSEN/99/021_Drusen.tif,DRUSEN-099,test,DRUSEN,drusen,OS,.tif,1.540610909461975
DRUSEN/99/022_Drusen.tif,DRUSEN-099,test,DRUSEN,drusen,OS,.tif,1.5813390016555786
DRUSEN/99/023_Drusen.tif,DRUSEN-099,test,DRUSEN,drusen,OS,.tif,1.514814019203186
DRUSEN/99/024_Drusen.tif,DRUSEN-099,test,DRUSEN,drusen,OS,.tif,1.521857500076294
DRUSEN/99/025_Drusen.tif,DRUSEN-099,test,DRUSEN,drusen,OS,.tif,1.5023950338363647
DRUSEN/99/026_Drusen.tif,DRUSEN-099,test,DRUSEN,drusen,OS,.tif,1.5035444498062134
DRUSEN/99/027_Drusen.tif,DRUSEN-099,test,DRUSEN,drusen,OS,.tif,1.4310365915298462
DRUSEN/99/028_Drusen.tif,DRUSEN-099,test,DRUSEN,drusen,OS,.tif,1.4983851909637451
DRUSEN/99/029_Drusen.tif,DRUSEN-099,test,DRUSEN,drusen,OS,.tif,1.584455132484436
DRUSEN/99/030_Drusen.tif,DRUSEN-099,test,DRUSEN,drusen,OS,.tif,1.5533044338226318
DRUSEN/100/000_Normal.tif,DRUSEN-100,test,DRUSEN,normal,OS,.tif,2.000392436981201
DRUSEN/100/001_Normal.tif,DRUSEN-100,test,DRUSEN,normal,OS,.tif,1.6540981531143188
DRUSEN/100/002_Normal.tif,DRUSEN-100,test,DRUSEN,normal,OS,.tif,1.5350041389465332
DRUSEN/100/003_Normal.tif,DRUSEN-100,test,DRUSEN,normal,OS,.tif,1.5967451333999634
DRUSEN/100/004_Drusen.tif,DRUSEN-100,test,DRUSEN,drusen,OS,.tif,1.4723166227340698
DRUSEN/100/005_Drusen.tif,DRUSEN-100,test,DRUSEN,drusen,OS,.tif,1.6037465333938599
DRUSEN/100/006_Drusen.tif,DRUSEN-100,test,DRUSEN,drusen,OS,.tif,1.5308458805084229
DRUSEN/100/007_Drusen.tif,DRUSEN-100,test,DRUSEN,drusen,OS,.tif,1.6419223546981812
DRUSEN/100/008_Drusen.tif,DRUSEN-100,test,DRUSEN,drusen,OS,.tif,1.5676870346069336
DRUSEN/100/009_Drusen.tif,DRUSEN-100,test,DRUSEN,drusen,OS,.tif,1.5905754566192627
DRUSEN/100/010_Drusen.tif,DRUSEN-100,test,DRUSEN,drusen,OS,.tif,1.6240378618240356
DRUSEN/100/011_Drusen.tif,DRUSEN-100,test,DRUSEN,drusen,OS,.tif,1.5743625164031982
DRUSEN/100/012_Drusen.tif,DRUSEN-100,test,DRUSEN,drusen,OS,.tif,1.4622931480407715
DRUSEN/100/013_Drusen.tif,DRUSEN-100,test,DRUSEN,drusen,OS,.tif,1.5510575771331787
DRUSEN/100/014_Drusen.tif,DRUSEN-100,test,DRUSEN,drusen,OS,.tif,1.5172861814498901
DRUSEN/100/015_Drusen.tif,DRUSEN-100,test,DRUSEN,drusen,OS,.tif,1.6076905727386475
DRUSEN/100/016_Drusen.tif,DRUSEN-100,test,DRUSEN,drusen,OS,.tif,1.612555980682373
DRUSEN/100/017_Drusen.tif,DRUSEN-100,test,DRUSEN,drusen,OS,.tif,1.9716686010360718
DRUSEN/100/018_Drusen.tif,DRUSEN-100,test,DRUSEN,drusen,OS,.tif,1.905666708946228
DRUSEN/100/019_Drusen.tif,DRUSEN-100,test,DRUSEN,drusen,OS,.tif,1.6428672075271606
DRUSEN/100/020_Drusen.tif,DRUSEN-100,test,DRUSEN,drusen,OS,.tif,1.4827486276626587
DRUSEN/100/021_Drusen.tif,DRUSEN-100,test,DRUSEN,drusen,OS,.tif,1.536753535270691
DRUSEN/100/022_Drusen.tif,DRUSEN-100,test,DRUSEN,drusen,OS,.tif,1.530073881149292
DRUSEN/100/023_Drusen.tif,DRUSEN-100,test,DRUSEN,drusen,OS,.tif,1.8367661237716675
DRUSEN/100/024_Drusen.tif,DRUSEN-100,test,DRUSEN,drusen,OS,.tif,1.7649062871932983
DRUSEN/100/025_Drusen.tif,DRUSEN-100,test,DRUSEN,drusen,OS,.tif,1.8886044025421143
DRUSEN/100/026_Drusen.tif,DRUSEN-100,test,DRUSEN,drusen,OS,.tif,1.853017807006836
DRUSEN/100/027_Drusen.tif,DRUSEN-100,test,DRUSEN,drusen,OS,.tif,1.8891541957855225
DRUSEN/100/028_Drusen.tif,DRUSEN-100,test,DRUSEN,drusen,OS,.tif,1.8818035125732422
DRUSEN/100/029_Drusen.tif,DRUSEN-100,test,DRUSEN,drusen,OS,.tif,1.6559932231903076
DRUSEN/100/030_Drusen.tif,DRUSEN-100,test,DRUSEN,drusen,OS,.tif,1.7422465085983276
DRUSEN/101/000_Normal.jpg,DRUSEN-101,test,DRUSEN,normal,OD,.jpg,1.7330896854400635
DRUSEN/101/001_Normal.jpg,DRUSEN-101,test,DRUSEN,normal,OD,.jpg,1.6779115200042725
DRUSEN/101/002_Normal.jpg,DRUSEN-101,test,DRUSEN,normal,OD,.jpg,1.7056386470794678
DRUSEN/101/003_Normal.jpg,DRUSEN-101,test,DRUSEN,normal,OD,.jpg,1.8060433864593506
DRUSEN/101/004_Drusen.jpg,DRUSEN-101,test,DRUSEN,drusen,OD,.jpg,1.7460607290267944
DRUSEN/101/005_Normal.jpg,DRUSEN-101,test,DRUSEN,normal,OD,.jpg,1.970062255859375
DRUSEN/101/006_Drusen.jpg,DRUSEN-101,test,DRUSEN,drusen,OD,.jpg,1.8128600120544434
DRUSEN/101/007_Drusen.jpg,DRUSEN-101,test,DRUSEN,drusen,OD,.jpg,1.7005648612976074
DRUSEN/101/008_Drusen.jpg,DRUSEN-101,test,DRUSEN,drusen,OD,.jpg,1.588144063949585
DRUSEN/101/009_Drusen.jpg,DRUSEN-101,test,DRUSEN,drusen,OD,.jpg,1.7063449621200562
DRUSEN/101/010_Drusen.jpg,DRUSEN-101,test,DRUSEN,drusen,OD,.jpg,1.4487135410308838
DRUSEN/101/011_Drusen.jpg,DRUSEN-101,test,DRUSEN,drusen,OD,.jpg,1.6770267486572266
DRUSEN/101/012_Drusen.jpg,DRUSEN-101,test,DRUSEN,drusen,OD,.jpg,1.6693521738052368
DRUSEN/101/013_Drusen.jpg,DRUSEN-101,test,DRUSEN,drusen,OD,.jpg,1.723302960395813
DRUSEN/101/014_Drusen.jpg,DRUSEN-101,test,DRUSEN,drusen,OD,.jpg,1.9221326112747192
DRUSEN/101/015_Drusen.jpg,DRUSEN-101,test,DRUSEN,drusen,OD,.jpg,2.118196725845337
DRUSEN/101/016_Drusen.jpg,DRUSEN-101,test,DRUSEN,drusen,OD,.jpg,1.9044804573059082
DRUSEN/101/017_Drusen.jpg,DRUSEN-101,test,DRUSEN,drusen,OD,.jpg,1.6067222356796265
DRUSEN/101/018_Drusen.jpg,DRUSEN-101,test,DRUSEN,drusen,OD,.jpg,1.751423954963684
DRUSEN/101/019_Drusen.jpg,DRUSEN-101,test,DRUSEN,drusen,OD,.jpg,1.6863411664962769
DRUSEN/101/020_Drusen.jpg,DRUSEN-101,test,DRUSEN,drusen,OD,.jpg,1.7292089462280273
DRUSEN/101/021_Drusen.jpg,DRUSEN-101,test,DRUSEN,drusen,OD,.jpg,1.5303640365600586
DRUSEN/101/022_Drusen.jpg,DRUSEN-101,test,DRUSEN,drusen,OD,.jpg,1.6002171039581299
DRUSEN/101/023_Normal.jpg,DRUSEN-101,test,DRUSEN,normal,OD,.jpg,1.7341930866241455
DRUSEN/101/024_Normal.jpg,DRUSEN-101,test,DRUSEN,normal,OD,.jpg,1.7762246131896973
DRUSEN/101/025_Normal.jpg,DRUSEN-101,test,DRUSEN,normal,OD,.jpg,1.6538426876068115
DRUSEN/101/026_Normal.jpg,DRUSEN-101,test,DRUSEN,normal,OD,.jpg,1.6144514083862305
DRUSEN/101/027_Drusen.jpg,DRUSEN-101,test,DRUSEN,drusen,OD,.jpg,1.52321457862854
DRUSEN/101/028_Drusen.jpg,DRUSEN-101,test,DRUSEN,drusen,OD,.jpg,1.5775114297866821
DRUSEN/101/029_Drusen.jpg,DRUSEN-101,test,DRUSEN,drusen,OD,.jpg,1.6722846031188965
DRUSEN/101/030_Drusen.jpg,DRUSEN-101,test,DRUSEN,drusen,OD,.jpg,1.8355282545089722
DRUSEN/104/OD/000_Normal.tif,DRUSEN-104,test,DRUSEN,normal,OD,.tif,2.1587255001068115
DRUSEN/104/OD/001_Normal.tif,DRUSEN-104,test,DRUSEN,normal,OD,.tif,2.0629124641418457
DRUSEN/104/OD/002_Normal.tif,DRUSEN-104,test,DRUSEN,normal,OD,.tif,2.130213499069214
DRUSEN/104/OD/003_Normal.tif,DRUSEN-104,test,DRUSEN,normal,OD,.tif,2.1290926933288574
DRUSEN/104/OD/004_Normal.tif,DRUSEN-104,test,DRUSEN,normal,OD,.tif,2.0135371685028076
DRUSEN/104/OD/005_Normal.tif,DRUSEN-104,test,DRUSEN,normal,OD,.tif,2.0281336307525635
DRUSEN/104/OD/006_Normal.tif,DRUSEN-104,test,DRUSEN,normal,OD,.tif,1.7664533853530884
DRUSEN/104/OD/007_Drusen.tif,DRUSEN-104,test,DRUSEN,drusen,OD,.tif,1.8872171640396118
DRUSEN/104/OD/008_Drusen.tif,DRUSEN-104,test,DRUSEN,drusen,OD,.tif,1.948966145515442
DRUSEN/104/OD/009_Drusen.tif,DRUSEN-104,test,DRUSEN,drusen,OD,.tif,2.010230779647827
DRUSEN/104/OD/010_Drusen.tif,DRUSEN-104,test,DRUSEN,drusen,OD,.tif,1.8134058713912964
DRUSEN/104/OD/011_Drusen.tif,DRUSEN-104,test,DRUSEN,drusen,OD,.tif,1.9452903270721436
DRUSEN/104/OD/012_Drusen.tif,DRUSEN-104,test,DRUSEN,drusen,OD,.tif,2.077669858932495
DRUSEN/104/OD/013_Drusen.tif,DRUSEN-104,test,DRUSEN,drusen,OD,.tif,2.1757726669311523
DRUSEN/104/OD/014_Drusen.tif,DRUSEN-104,test,DRUSEN,drusen,OD,.tif,2.473161458969116
DRUSEN/104/OD/015_Drusen.tif,DRUSEN-104,test,DRUSEN,drusen,OD,.tif,1.8859591484069824
DRUSEN/104/OD/016_Drusen.tif,DRUSEN-104,test,DRUSEN,drusen,OD,.tif,2.0720129013061523
DRUSEN/104/OD/017_Drusen.tif,DRUSEN-104,test,DRUSEN,drusen,OD,.tif,1.9551844596862793
DRUSEN/104/OD/018_Drusen.tif,DRUSEN-104,test,DRUSEN,drusen,OD,.tif,1.8383781909942627
DRUSEN/104/OD/019_Drusen.tif,DRUSEN-104,test,DRUSEN,drusen,OD,.tif,1.9113593101501465
DRUSEN/104/OD/020_Drusen.tif,DRUSEN-104,test,DRUSEN,drusen,OD,.tif,1.825853943824768
DRUSEN/104/OD/021_Drusen.tif,DRUSEN-104,test,DRUSEN,drusen,OD,.tif,1.7224239110946655
DRUSEN/104/OD/022_Drusen.tif,DRUSEN-104,test,DRUSEN,drusen,OD,.tif,1.8266105651855469
DRUSEN/104/OD/023_Drusen.tif,DRUSEN-104,test,DRUSEN,drusen,OD,.tif,1.7214411497116089
DRUSEN/104/OD/024_Drusen.tif,DRUSEN-104,test,DRUSEN,drusen,OD,.tif,1.7623518705368042
DRUSEN/104/OD/025_Normal.tif,DRUSEN-104,test,DRUSEN,normal,OD,.tif,1.662319540977478
DRUSEN/104/OD/026_Normal.tif,DRUSEN-104,test,DRUSEN,normal,OD,.tif,1.8693010807037354
DRUSEN/104/OD/027_Normal.tif,DRUSEN-104,test,DRUSEN,normal,OD,.tif,2.0483691692352295
DRUSEN/104/OD/028_Normal.tif,DRUSEN-104,test,DRUSEN,normal,OD,.tif,2.1961402893066406
DRUSEN/104/OD/029_Normal.tif,DRUSEN-104,test,DRUSEN,normal,OD,.tif,2.103191614151001
DRUSEN/104/OD/030_Normal.tif,DRUSEN-104,test,DRUSEN,normal,OD,.tif,2.248764753341675
DRUSEN/104/OS/000_Drusen.tif,DRUSEN-104,test,DRUSEN,drusen,OS,.tif,1.5440376996994019
DRUSEN/104/OS/001_Drusen.tif,DRUSEN-104,test,DRUSEN,drusen,OS,.tif,1.5038377046585083
DRUSEN/104/OS/002_Normal.tif,DRUSEN-104,test,DRUSEN,normal,OS,.tif,1.6045715808868408
DRUSEN/104/OS/003_Normal.tif,DRUSEN-104,test,DRUSEN,normal,OS,.tif,1.5785937309265137
DRUSEN/104/OS/004_Normal.tif,DRUSEN-104,test,DRUSEN,normal,OS,.tif,1.5578893423080444
DRUSEN/104/OS/005_Drusen.tif,DRUSEN-104,test,DRUSEN,drusen,OS,.tif,1.6295114755630493
DRUSEN/104/OS/006_Drusen.tif,DRUSEN-104,test,DRUSEN,drusen,OS,.tif,1.6280910968780518
DRUSEN/104/OS/007_Drusen.tif,DRUSEN-104,test,DRUSEN,drusen,OS,.tif,1.5598138570785522
DRUSEN/104/OS/008_Drusen.tif,DRUSEN-104,test,DRUSEN,drusen,OS,.tif,1.6848678588867188
DRUSEN/104/OS/009_Drusen.tif,DRUSEN-104,test,DRUSEN,drusen,OS,.tif,1.9418537616729736
DRUSEN/104/OS/010_Drusen.tif,DRUSEN-104,test,DRUSEN,drusen,OS,.tif,1.5898075103759766
DRUSEN/104/OS/011_Drusen.tif,DRUSEN-104,test,DRUSEN,drusen,OS,.tif,1.8210666179656982
DRUSEN/104/OS/012_Drusen.tif,DRUSEN-104,test,DRUSEN,drusen,OS,.tif,2.0043654441833496
DRUSEN/104/OS/013_Drusen.tif,DRUSEN-104,test,DRUSEN,drusen,OS,.tif,1.9949657917022705
DRUSEN/104/OS/014_Drusen.tif,DRUSEN-104,test,DRUSEN,drusen,OS,.tif,1.8081380128860474
DRUSEN/104/OS/015_Drusen.tif,DRUSEN-104,test,DRUSEN,drusen,OS,.tif,1.8467259407043457
DRUSEN/104/OS/016_Drusen.tif,DRUSEN-104,test,DRUSEN,drusen,OS,.tif,1.7305861711502075
DRUSEN/104/OS/017_Drusen.tif,DRUSEN-104,test,DRUSEN,drusen,OS,.tif,1.6930406093597412
DRUSEN/104/OS/018_Drusen.tif,DRUSEN-104,test,DRUSEN,drusen,OS,.tif,1.5094395875930786
DRUSEN/104/OS/019_Drusen.tif,DRUSEN-104,test,DRUSEN,drusen,OS,.tif,1.7335944175720215
DRUSEN/104/OS/020_Drusen.tif,DRUSEN-104,test,DRUSEN,drusen,OS,.tif,1.6975963115692139
DRUSEN/104/OS/021_Drusen.tif,DRUSEN-104,test,DRUSEN,drusen,OS,.tif,1.6221809387207031
DRUSEN/104/OS/022_Drusen.tif,DRUSEN-104,test,DRUSEN,drusen,OS,.tif,1.6615369319915771
DRUSEN/104/OS/023_Drusen.tif,DRUSEN-104,test,DRUSEN,drusen,OS,.tif,1.6763056516647339
DRUSEN/104/OS/024_Drusen.tif,DRUSEN-104,test,DRUSEN,drusen,OS,.tif,1.7302056550979614
DRUSEN/104/OS/025_Drusen.tif,DRUSEN-104,test,DRUSEN,drusen,OS,.tif,1.5376813411712646
DRUSEN/104/OS/026_Drusen.tif,DRUSEN-104,test,DRUSEN,drusen,OS,.tif,1.6428499221801758
DRUSEN/104/OS/027_Drusen.tif,DRUSEN-104,test,DRUSEN,drusen,OS,.tif,1.7427157163619995
DRUSEN/104/OS/028_Normal.tif,DRUSEN-104,test,DRUSEN,normal,OS,.tif,1.7988677024841309
DRUSEN/104/OS/029_Drusen.tif,DRUSEN-104,test,DRUSEN,drusen,OS,.tif,1.7725591659545898
DRUSEN/104/OS/030_Drusen.tif,DRUSEN-104,test,DRUSEN,drusen,OS,.tif,1.7484604120254517
DRUSEN/105/000_Normal.tif,DRUSEN-105,test,DRUSEN,normal,OS,.tif,2.129690170288086
DRUSEN/105/001_Normal.tif,DRUSEN-105,test,DRUSEN,normal,OS,.tif,1.9572821855545044
DRUSEN/105/002_Normal.tif,DRUSEN-105,test,DRUSEN,normal,OS,.tif,1.7296922206878662
DRUSEN/105/003_Normal.tif,DRUSEN-105,test,DRUSEN,normal,OS,.tif,1.8431155681610107
DRUSEN/105/004_Drusen.tif,DRUSEN-105,test,DRUSEN,drusen,OS,.tif,1.750785231590271
DRUSEN/105/005_Drusen.tif,DRUSEN-105,test,DRUSEN,drusen,OS,.tif,1.7670267820358276
DRUSEN/105/006_Drusen.tif,DRUSEN-105,test,DRUSEN,drusen,OS,.tif,1.8644317388534546
DRUSEN/105/007_Drusen.tif,DRUSEN-105,test,DRUSEN,drusen,OS,.tif,1.8464148044586182
DRUSEN/105/008_Drusen.tif,DRUSEN-105,test,DRUSEN,drusen,OS,.tif,1.8314822912216187
DRUSEN/105/009_Drusen.tif,DRUSEN-105,test,DRUSEN,drusen,OS,.tif,1.9340108633041382
DRUSEN/105/010_Drusen.tif,DRUSEN-105,test,DRUSEN,drusen,OS,.tif,2.0312864780426025
DRUSEN/105/011_Drusen.tif,DRUSEN-105,test,DRUSEN,drusen,OS,.tif,2.4653842449188232
DRUSEN/105/012_Drusen.tif,DRUSEN-105,test,DRUSEN,drusen,OS,.tif,2.1059134006500244
DRUSEN/105/013_Drusen.tif,DRUSEN-105,test,DRUSEN,drusen,OS,.tif,1.9814753532409668
DRUSEN/105/014_Drusen.tif,DRUSEN-105,test,DRUSEN,drusen,OS,.tif,1.9410068988800049
DRUSEN/105/015_Drusen.tif,DRUSEN-105,test,DRUSEN,drusen,OS,.tif,1.8426761627197266
DRUSEN/105/016_Drusen.tif,DRUSEN-105,test,DRUSEN,drusen,OS,.tif,1.8109450340270996
DRUSEN/105/017_Drusen.tif,DRUSEN-105,test,DRUSEN,drusen,OS,.tif,1.6867892742156982
DRUSEN/105/018_Drusen.tif,DRUSEN-105,test,DRUSEN,drusen,OS,.tif,1.530794382095337
DRUSEN/105/019_Drusen.tif,DRUSEN-105,test,DRUSEN,drusen,OS,.tif,1.547860026359558
DRUSEN/105/020_Drusen.tif,DRUSEN-105,test,DRUSEN,drusen,OS,.tif,1.4718252420425415
DRUSEN/105/021_Drusen.tif,DRUSEN-105,test,DRUSEN,drusen,OS,.tif,1.525985836982727
DRUSEN/105/022_Drusen.tif,DRUSEN-105,test,DRUSEN,drusen,OS,.tif,1.5005764961242676
DRUSEN/105/023_Drusen.tif,DRUSEN-105,test,DRUSEN,drusen,OS,.tif,1.5439079999923706
DRUSEN/105/024_Drusen.tif,DRUSEN-105,test,DRUSEN,drusen,OS,.tif,1.5226961374282837
DRUSEN/106/OD/000_Drusen.tif,DRUSEN-106,test,DRUSEN,drusen,OD,.tif,1.7135777473449707
DRUSEN/106/OD/001_Drusen.tif,DRUSEN-106,test,DRUSEN,drusen,OD,.tif,1.808119535446167
DRUSEN/106/OD/002_Drusen.tif,DRUSEN-106,test,DRUSEN,drusen,OD,.tif,1.7977559566497803
DRUSEN/106/OD/003_Drusen.tif,DRUSEN-106,test,DRUSEN,drusen,OD,.tif,1.7228606939315796
DRUSEN/106/OD/004_Normal.tif,DRUSEN-106,test,DRUSEN,normal,OD,.tif,1.7689138650894165
DRUSEN/106/OD/005_Normal.tif,DRUSEN-106,test,DRUSEN,normal,OD,.tif,1.8969647884368896
DRUSEN/106/OD/006_Normal.tif,DRUSEN-106,test,DRUSEN,normal,OD,.tif,1.7719638347625732
DRUSEN/106/OD/007_Normal.tif,DRUSEN-106,test,DRUSEN,normal,OD,.tif,1.6551893949508667
DRUSEN/106/OD/008_Drusen.tif,DRUSEN-106,test,DRUSEN,drusen,OD,.tif,1.7370527982711792
DRUSEN/106/OD/009_Drusen.tif,DRUSEN-106,test,DRUSEN,drusen,OD,.tif,1.66294527053833
DRUSEN/106/OD/010_Drusen.tif,DRUSEN-106,test,DRUSEN,drusen,OD,.tif,1.7508867979049683
DRUSEN/106/OD/011_Normal.tif,DRUSEN-106,test,DRUSEN,normal,OD,.tif,1.6969187259674072
DRUSEN/106/OD/012_Normal.tif,DRUSEN-106,test,DRUSEN,normal,OD,.tif,1.6761491298675537
DRUSEN/106/OD/013_Normal.tif,DRUSEN-106,test,DRUSEN,normal,OD,.tif,1.8181158304214478
DRUSEN/106/OD/014_Drusen.tif,DRUSEN-106,test,DRUSEN,drusen,OD,.tif,1.7655305862426758
DRUSEN/106/OD/015_Drusen.tif,DRUSEN-106,test,DRUSEN,drusen,OD,.tif,1.7332746982574463
DRUSEN/106/OD/016_Drusen.tif,DRUSEN-106,test,DRUSEN,drusen,OD,.tif,1.8396079540252686
DRUSEN/106/OD/017_Drusen.tif,DRUSEN-106,test,DRUSEN,drusen,OD,.tif,1.695273995399475
DRUSEN/106/OD/018_Drusen.tif,DRUSEN-106,test,DRUSEN,drusen,OD,.tif,1.792249083518982
DRUSEN/106/OD/019_Drusen.tif,DRUSEN-106,test,DRUSEN,drusen,OD,.tif,1.658315658569336
DRUSEN/106/OD/020_Drusen.tif,DRUSEN-106,test,DRUSEN,drusen,OD,.tif,1.7236911058425903
DRUSEN/106/OD/021_Drusen.tif,DRUSEN-106,test,DRUSEN,drusen,OD,.tif,1.6179134845733643
DRUSEN/106/OD/022_Drusen.tif,DRUSEN-106,test,DRUSEN,drusen,OD,.tif,1.6823478937149048
DRUSEN/106/OD/023_Drusen.tif,DRUSEN-106,test,DRUSEN,drusen,OD,.tif,1.7510606050491333
DRUSEN/106/OD/024_Drusen.tif,DRUSEN-106,test,DRUSEN,drusen,OD,.tif,1.6526700258255005
DRUSEN/106/OD/025_Drusen.tif,DRUSEN-106,test,DRUSEN,drusen,OD,.tif,1.7896850109100342
DRUSEN/106/OD/026_Drusen.tif,DRUSEN-106,test,DRUSEN,drusen,OD,.tif,1.8057355880737305
DRUSEN/106/OD/027_Drusen.tif,DRUSEN-106,test,DRUSEN,drusen,OD,.tif,1.7529014348983765
DRUSEN/106/OD/028_Drusen.tif,DRUSEN-106,test,DRUSEN,drusen,OD,.tif,1.9019986391067505
DRUSEN/106/OD/029_Drusen.tif,DRUSEN-106,test,DRUSEN,drusen,OD,.tif,1.7991626262664795
DRUSEN/106/OD/030_Drusen.tif,DRUSEN-106,test,DRUSEN,drusen,OD,.tif,1.9327988624572754
DRUSEN/106/OS/000_Drusen.tif,DRUSEN-106,test,DRUSEN,drusen,OS,.tif,1.8119679689407349
DRUSEN/106/OS/001_Drusen.tif,DRUSEN-106,test,DRUSEN,drusen,OS,.tif,1.8209228515625
DRUSEN/106/OS/002_Drusen.tif,DRUSEN-106,test,DRUSEN,drusen,OS,.tif,1.7266203165054321
DRUSEN/106/OS/003_Drusen.tif,DRUSEN-106,test,DRUSEN,drusen,OS,.tif,1.8532116413116455
DRUSEN/106/OS/004_Normal.tif,DRUSEN-106,test,DRUSEN,normal,OS,.tif,1.7047322988510132
DRUSEN/106/OS/005_Normal.tif,DRUSEN-106,test,DRUSEN,normal,OS,.tif,1.6871216297149658
DRUSEN/106/OS/006_Drusen.tif,DRUSEN-106,test,DRUSEN,drusen,OS,.tif,1.7617665529251099
DRUSEN/106/OS/007_Normal.tif,DRUSEN-106,test,DRUSEN,normal,OS,.tif,1.7799421548843384
DRUSEN/106/OS/008_Drusen.tif,DRUSEN-106,test,DRUSEN,drusen,OS,.tif,1.75044584274292
DRUSEN/106/OS/009_Drusen.tif,DRUSEN-106,test,DRUSEN,drusen,OS,.tif,1.8006653785705566
DRUSEN/106/OS/010_Drusen.tif,DRUSEN-106,test,DRUSEN,drusen,OS,.tif,1.814133644104004
DRUSEN/106/OS/011_Drusen.tif,DRUSEN-106,test,DRUSEN,drusen,OS,.tif,1.7134045362472534
DRUSEN/106/OS/012_Drusen.tif,DRUSEN-106,test,DRUSEN,drusen,OS,.tif,1.8142046928405762
DRUSEN/106/OS/013_Drusen.tif,DRUSEN-106,test,DRUSEN,drusen,OS,.tif,1.8074405193328857
DRUSEN/106/OS/014_Drusen.tif,DRUSEN-106,test,DRUSEN,drusen,OS,.tif,2.0369036197662354
DRUSEN/106/OS/015_Drusen.tif,DRUSEN-106,test,DRUSEN,drusen,OS,.tif,1.8476381301879883
DRUSEN/106/OS/016_Drusen.tif,DRUSEN-106,test,DRUSEN,drusen,OS,.tif,1.8133243322372437
DRUSEN/106/OS/017_Drusen.tif,DRUSEN-106,test,DRUSEN,drusen,OS,.tif,1.974460244178772
DRUSEN/106/OS/018_Drusen.tif,DRUSEN-106,test,DRUSEN,drusen,OS,.tif,1.8165618181228638
DRUSEN/106/OS/019_Drusen.tif,DRUSEN-106,test,DRUSEN,drusen,OS,.tif,1.8514399528503418
DRUSEN/106/OS/020_Drusen.tif,DRUSEN-106,test,DRUSEN,drusen,OS,.tif,1.6923516988754272
DRUSEN/106/OS/021_Drusen.tif,DRUSEN-106,test,DRUSEN,drusen,OS,.tif,1.747018814086914
DRUSEN/106/OS/022_Drusen.tif,DRUSEN-106,test,DRUSEN,drusen,OS,.tif,1.4930353164672852
DRUSEN/106/OS/023_Drusen.tif,DRUSEN-106,test,DRUSEN,drusen,OS,.tif,1.7089943885803223
DRUSEN/106/OS/024_Drusen.tif,DRUSEN-106,test,DRUSEN,drusen,OS,.tif,1.6755198240280151
DRUSEN/106/OS/025_Drusen.tif,DRUSEN-106,test,DRUSEN,drusen,OS,.tif,1.8286985158920288
DRUSEN/106/OS/026_Drusen.tif,DRUSEN-106,test,DRUSEN,drusen,OS,.tif,1.794981598854065
DRUSEN/106/OS/027_Drusen.tif,DRUSEN-106,test,DRUSEN,drusen,OS,.tif,1.8952529430389404
DRUSEN/106/OS/028_Drusen.tif,DRUSEN-106,test,DRUSEN,drusen,OS,.tif,1.8579827547073364
DRUSEN/106/OS/029_Drusen.tif,DRUSEN-106,test,DRUSEN,drusen,OS,.tif,2.005068302154541
DRUSEN/106/OS/030_Drusen.tif,DRUSEN-106,test,DRUSEN,drusen,OS,.tif,2.1423163414001465
DRUSEN/107/OD/000_Normal.tif,DRUSEN-107,test,DRUSEN,normal,OD,.tif,1.4995396137237549
DRUSEN/107/OD/001_Normal.tif,DRUSEN-107,test,DRUSEN,normal,OD,.tif,1.4398934841156006
DRUSEN/107/OD/002_Normal.tif,DRUSEN-107,test,DRUSEN,normal,OD,.tif,1.415850043296814
DRUSEN/107/OD/003_Normal.tif,DRUSEN-107,test,DRUSEN,normal,OD,.tif,1.419860601425171
DRUSEN/107/OD/004_Normal.tif,DRUSEN-107,test,DRUSEN,normal,OD,.tif,1.4298726320266724
DRUSEN/107/OD/005_Normal.tif,DRUSEN-107,test,DRUSEN,normal,OD,.tif,1.4848846197128296
DRUSEN/107/OD/006_Normal.tif,DRUSEN-107,test,DRUSEN,normal,OD,.tif,1.3906102180480957
DRUSEN/107/OD/007_Normal.tif,DRUSEN-107,test,DRUSEN,normal,OD,.tif,1.3300795555114746
DRUSEN/107/OD/008_Normal.tif,DRUSEN-107,test,DRUSEN,normal,OD,.tif,1.426286220550537
DRUSEN/107/OD/009_Normal.tif,DRUSEN-107,test,DRUSEN,normal,OD,.tif,1.4289724826812744
DRUSEN/107/OD/010_Normal.tif,DRUSEN-107,test,DRUSEN,normal,OD,.tif,1.4351834058761597
DRUSEN/107/OD/011_Normal.tif,DRUSEN-107,test,DRUSEN,normal,OD,.tif,1.5551635026931763
DRUSEN/107/OD/012_Normal.tif,DRUSEN-107,test,DRUSEN,normal,OD,.tif,1.4583380222320557
DRUSEN/107/OD/013_Normal.tif,DRUSEN-107,test,DRUSEN,normal,OD,.tif,1.53889799118042
DRUSEN/107/OD/014_Normal.tif,DRUSEN-107,test,DRUSEN,normal,OD,.tif,1.734570860862732
DRUSEN/107/OD/015_Normal.tif,DRUSEN-107,test,DRUSEN,normal,OD,.tif,1.8324118852615356
DRUSEN/107/OD/016_Normal.tif,DRUSEN-107,test,DRUSEN,normal,OD,.tif,1.6826688051223755
DRUSEN/107/OD/017_Normal.tif,DRUSEN-107,test,DRUSEN,normal,OD,.tif,1.5317085981369019
DRUSEN/107/OD/018_Normal.tif,DRUSEN-107,test,DRUSEN,normal,OD,.tif,1.485004186630249
DRUSEN/107/OD/019_Normal.tif,DRUSEN-107,test,DRUSEN,normal,OD,.tif,1.6022000312805176
DRUSEN/107/OD/020_Normal.tif,DRUSEN-107,test,DRUSEN,normal,OD,.tif,1.514900803565979
DRUSEN/107/OD/021_Normal.tif,DRUSEN-107,test,DRUSEN,normal,OD,.tif,1.6000542640686035
DRUSEN/107/OD/022_Normal.tif,DRUSEN-107,test,DRUSEN,normal,OD,.tif,1.4914305210113525
DRUSEN/107/OD/023_Normal.tif,DRUSEN-107,test,DRUSEN,normal,OD,.tif,1.6151034832000732
DRUSEN/107/OD/024_Normal.tif,DRUSEN-107,test,DRUSEN,normal,OD,.tif,1.5878331661224365
DRUSEN/107/OD/025_Drusen.tif,DRUSEN-107,test,DRUSEN,drusen,OD,.tif,1.6444997787475586
DRUSEN/107/OD/026_Normal.tif,DRUSEN-107,test,DRUSEN,normal,OD,.tif,1.5676355361938477
DRUSEN/107/OD/027_Drusen.tif,DRUSEN-107,test,DRUSEN,drusen,OD,.tif,1.5981063842773438
DRUSEN/107/OD/028_Drusen.tif,DRUSEN-107,test,DRUSEN,drusen,OD,.tif,1.6195322275161743
DRUSEN/107/OD/029_Normal.tif,DRUSEN-107,test,DRUSEN,normal,OD,.tif,1.619922161102295
DRUSEN/107/OD/030_Normal.tif,DRUSEN-107,test,DRUSEN,normal,OD,.tif,1.5446685552597046
DRUSEN/107/OS/000_Normal.tif,DRUSEN-107,test,DRUSEN,normal,OS,.tif,1.7824666500091553
DRUSEN/107/OS/001_Normal.tif,DRUSEN-107,test,DRUSEN,normal,OS,.tif,1.747824788093567
DRUSEN/107/OS/002_Normal.tif,DRUSEN-107,test,DRUSEN,normal,OS,.tif,1.8836511373519897
DRUSEN/107/OS/003_Normal.tif,DRUSEN-107,test,DRUSEN,normal,OS,.tif,1.7474373579025269
DRUSEN/107/OS/004_Normal.tif,DRUSEN-107,test,DRUSEN,normal,OS,.tif,1.8738503456115723
DRUSEN/107/OS/005_Normal.tif,DRUSEN-107,test,DRUSEN,normal,OS,.tif,1.790242314338684
DRUSEN/107/OS/006_Normal.tif,DRUSEN-107,test,DRUSEN,normal,OS,.tif,1.8364694118499756
DRUSEN/107/OS/007_Normal.tif,DRUSEN-107,test,DRUSEN,normal,OS,.tif,1.6769413948059082
DRUSEN/107/OS/008_Normal.tif,DRUSEN-107,test,DRUSEN,normal,OS,.tif,1.6005746126174927
DRUSEN/107/OS/009_Normal.tif,DRUSEN-107,test,DRUSEN,normal,OS,.tif,1.6402089595794678
DRUSEN/107/OS/010_Normal.tif,DRUSEN-107,test,DRUSEN,normal,OS,.tif,1.5996849536895752
DRUSEN/107/OS/011_Normal.tif,DRUSEN-107,test,DRUSEN,normal,OS,.tif,1.6065595149993896
DRUSEN/107/OS/012_Normal.tif,DRUSEN-107,test,DRUSEN,normal,OS,.tif,1.7055585384368896
DRUSEN/107/OS/013_Normal.tif,DRUSEN-107,test,DRUSEN,normal,OS,.tif,1.6663545370101929
DRUSEN/107/OS/014_Drusen.tif,DRUSEN-107,test,DRUSEN,drusen,OS,.tif,1.7274693250656128
DRUSEN/107/OS/015_Drusen.tif,DRUSEN-107,test,DRUSEN,drusen,OS,.tif,1.9271537065505981
DRUSEN/107/OS/016_Normal.tif,DRUSEN-107,test,DRUSEN,normal,OS,.tif,1.8924589157104492
DRUSEN/107/OS/017_Normal.tif,DRUSEN-107,test,DRUSEN,normal,OS,.tif,1.8167400360107422
DRUSEN/107/OS/018_Normal.tif,DRUSEN-107,test,DRUSEN,normal,OS,.tif,1.7768856287002563
DRUSEN/107/OS/019_Normal.tif,DRUSEN-107,test,DRUSEN,normal,OS,.tif,1.8428796529769897
DRUSEN/107/OS/020_Normal.tif,DRUSEN-107,test,DRUSEN,normal,OS,.tif,1.89241361618042
DRUSEN/107/OS/021_Normal.tif,DRUSEN-107,test,DRUSEN,normal,OS,.tif,1.8488134145736694
DRUSEN/107/OS/022_Normal.tif,DRUSEN-107,test,DRUSEN,normal,OS,.tif,1.6826361417770386
DRUSEN/107/OS/023_Drusen.tif,DRUSEN-107,test,DRUSEN,drusen,OS,.tif,1.8177528381347656
DRUSEN/107/OS/024_Drusen.tif,DRUSEN-107,test,DRUSEN,drusen,OS,.tif,1.819178819656372
DRUSEN/107/OS/025_Drusen.tif,DRUSEN-107,test,DRUSEN,drusen,OS,.tif,1.8275741338729858
DRUSEN/107/OS/026_Drusen.tif,DRUSEN-107,test,DRUSEN,drusen,OS,.tif,1.6911014318466187
DRUSEN/107/OS/027_Normal.tif,DRUSEN-107,test,DRUSEN,normal,OS,.tif,1.7159874439239502
DRUSEN/107/OS/028_Normal.tif,DRUSEN-107,test,DRUSEN,normal,OS,.tif,1.8262081146240234
DRUSEN/107/OS/029_Normal.tif,DRUSEN-107,test,DRUSEN,normal,OS,.tif,1.9014722108840942
DRUSEN/107/OS/030_Normal.tif,DRUSEN-107,test,DRUSEN,normal,OS,.tif,1.7765487432479858
DRUSEN/113/OD/000_Drusen.tif,DRUSEN-113,test,DRUSEN,drusen,OD,.tif,1.5003963708877563
DRUSEN/113/OD/001_Drusen.tif,DRUSEN-113,test,DRUSEN,drusen,OD,.tif,1.6778686046600342
DRUSEN/113/OD/002_Drusen.tif,DRUSEN-113,test,DRUSEN,drusen,OD,.tif,1.6481355428695679
DRUSEN/113/OD/003_Drusen.tif,DRUSEN-113,test,DRUSEN,drusen,OD,.tif,1.5918809175491333
DRUSEN/113/OD/004_Drusen.tif,DRUSEN-113,test,DRUSEN,drusen,OD,.tif,1.5764565467834473
DRUSEN/113/OD/005_Drusen.tif,DRUSEN-113,test,DRUSEN,drusen,OD,.tif,1.5742628574371338
DRUSEN/113/OD/006_Drusen.tif,DRUSEN-113,test,DRUSEN,drusen,OD,.tif,1.5876014232635498
DRUSEN/113/OD/007_Drusen.tif,DRUSEN-113,test,DRUSEN,drusen,OD,.tif,1.6675693988800049
DRUSEN/113/OD/008_Drusen.tif,DRUSEN-113,test,DRUSEN,drusen,OD,.tif,1.6111942529678345
DRUSEN/113/OD/009_Drusen.tif,DRUSEN-113,test,DRUSEN,drusen,OD,.tif,1.613186001777649
DRUSEN/113/OD/010_Drusen.tif,DRUSEN-113,test,DRUSEN,drusen,OD,.tif,1.5471738576889038
DRUSEN/113/OD/011_Drusen.tif,DRUSEN-113,test,DRUSEN,drusen,OD,.tif,1.5542528629302979
DRUSEN/113/OD/012_Drusen.tif,DRUSEN-113,test,DRUSEN,drusen,OD,.tif,1.646141529083252
DRUSEN/113/OD/013_Drusen.tif,DRUSEN-113,test,DRUSEN,drusen,OD,.tif,1.6419645547866821
DRUSEN/113/OD/014_Drusen.tif,DRUSEN-113,test,DRUSEN,drusen,OD,.tif,1.8563339710235596
DRUSEN/113/OD/015_Drusen.tif,DRUSEN-113,test,DRUSEN,drusen,OD,.tif,1.7330743074417114
DRUSEN/113/OD/016_Drusen.tif,DRUSEN-113,test,DRUSEN,drusen,OD,.tif,1.7399919033050537
DRUSEN/113/OD/017_Drusen.tif,DRUSEN-113,test,DRUSEN,drusen,OD,.tif,1.758381962776184
DRUSEN/113/OD/018_Drusen.tif,DRUSEN-113,test,DRUSEN,drusen,OD,.tif,1.7066819667816162
DRUSEN/113/OD/019_Drusen.tif,DRUSEN-113,test,DRUSEN,drusen,OD,.tif,1.7991230487823486
DRUSEN/113/OD/020_Drusen.tif,DRUSEN-113,test,DRUSEN,drusen,OD,.tif,1.7838516235351562
DRUSEN/113/OD/021_Drusen.tif,DRUSEN-113,test,DRUSEN,drusen,OD,.tif,1.6884256601333618
DRUSEN/113/OD/022_Drusen.tif,DRUSEN-113,test,DRUSEN,drusen,OD,.tif,1.8038362264633179
DRUSEN/113/OD/023_Drusen.tif,DRUSEN-113,test,DRUSEN,drusen,OD,.tif,1.6952444314956665
DRUSEN/113/OD/024_Drusen.tif,DRUSEN-113,test,DRUSEN,drusen,OD,.tif,1.5539544820785522
DRUSEN/113/OD/025_Drusen.tif,DRUSEN-113,test,DRUSEN,drusen,OD,.tif,1.538057565689087
DRUSEN/113/OD/026_Drusen.tif,DRUSEN-113,test,DRUSEN,drusen,OD,.tif,1.6054128408432007
DRUSEN/113/OD/027_Drusen.tif,DRUSEN-113,test,DRUSEN,drusen,OD,.tif,1.6189669370651245
DRUSEN/113/OD/028_Drusen.tif,DRUSEN-113,test,DRUSEN,drusen,OD,.tif,1.6268739700317383
DRUSEN/113/OD/029_Drusen.tif,DRUSEN-113,test,DRUSEN,drusen,OD,.tif,1.6084352731704712
DRUSEN/113/OD/030_Drusen.tif,DRUSEN-113,test,DRUSEN,drusen,OD,.tif,1.6204469203948975
DRUSEN/113/OS/000_Drusen.tif,DRUSEN-113,test,DRUSEN,drusen,OS,.tif,1.7601968050003052
DRUSEN/113/OS/001_Drusen.tif,DRUSEN-113,test,DRUSEN,drusen,OS,.tif,1.7853758335113525
DRUSEN/113/OS/002_Drusen.tif,DRUSEN-113,test,DRUSEN,drusen,OS,.tif,1.768589973449707
DRUSEN/113/OS/003_Drusen.tif,DRUSEN-113,test,DRUSEN,drusen,OS,.tif,1.7763051986694336
DRUSEN/113/OS/004_Drusen.tif,DRUSEN-113,test,DRUSEN,drusen,OS,.tif,1.6865142583847046
DRUSEN/113/OS/005_Drusen.tif,DRUSEN-113,test,DRUSEN,drusen,OS,.tif,1.637895107269287
DRUSEN/113/OS/006_Drusen.tif,DRUSEN-113,test,DRUSEN,drusen,OS,.tif,1.594329833984375
DRUSEN/113/OS/007_Drusen.tif,DRUSEN-113,test,DRUSEN,drusen,OS,.tif,1.5973907709121704
DRUSEN/113/OS/008_Drusen.tif,DRUSEN-113,test,DRUSEN,drusen,OS,.tif,1.6240354776382446
DRUSEN/113/OS/009_Drusen.tif,DRUSEN-113,test,DRUSEN,drusen,OS,.tif,1.5355942249298096
DRUSEN/113/OS/010_Drusen.tif,DRUSEN-113,test,DRUSEN,drusen,OS,.tif,1.7151567935943604
DRUSEN/113/OS/011_Drusen.tif,DRUSEN-113,test,DRUSEN,drusen,OS,.tif,1.824394941329956
DRUSEN/113/OS/012_Drusen.tif,DRUSEN-113,test,DRUSEN,drusen,OS,.tif,1.7214164733886719
DRUSEN/113/OS/013_Drusen.tif,DRUSEN-113,test,DRUSEN,drusen,OS,.tif,1.7728471755981445
DRUSEN/113/OS/014_Drusen.tif,DRUSEN-113,test,DRUSEN,drusen,OS,.tif,1.6165961027145386
DRUSEN/113/OS/015_Drusen.tif,DRUSEN-113,test,DRUSEN,drusen,OS,.tif,1.6896958351135254
DRUSEN/113/OS/016_Drusen.tif,DRUSEN-113,test,DRUSEN,drusen,OS,.tif,1.66526198387146
DRUSEN/113/OS/017_Drusen.tif,DRUSEN-113,test,DRUSEN,drusen,OS,.tif,1.580198049545288
DRUSEN/113/OS/018_Drusen.tif,DRUSEN-113,test,DRUSEN,drusen,OS,.tif,1.6689386367797852
DRUSEN/113/OS/019_Drusen.tif,DRUSEN-113,test,DRUSEN,drusen,OS,.tif,1.8210327625274658
DRUSEN/113/OS/020_Drusen.tif,DRUSEN-113,test,DRUSEN,drusen,OS,.tif,1.814146637916565
DRUSEN/113/OS/021_Drusen.tif,DRUSEN-113,test,DRUSEN,drusen,OS,.tif,1.7795841693878174
DRUSEN/113/OS/022_Drusen.tif,DRUSEN-113,test,DRUSEN,drusen,OS,.tif,1.7308763265609741
DRUSEN/113/OS/023_Drusen.tif,DRUSEN-113,test,DRUSEN,drusen,OS,.tif,1.8084999322891235
DRUSEN/113/OS/024_Drusen.tif,DRUSEN-113,test,DRUSEN,drusen,OS,.tif,1.642673373222351
DRUSEN/113/OS/025_Drusen.tif,DRUSEN-113,test,DRUSEN,drusen,OS,.tif,1.6757361888885498
DRUSEN/113/OS/026_Drusen.tif,DRUSEN-113,test,DRUSEN,drusen,OS,.tif,1.636094570159912
DRUSEN/113/OS/027_Drusen.tif,DRUSEN-113,test,DRUSEN,drusen,OS,.tif,1.6268415451049805
DRUSEN/113/OS/028_Drusen.tif,DRUSEN-113,test,DRUSEN,drusen,OS,.tif,1.6504887342453003
DRUSEN/113/OS/029_Drusen.tif,DRUSEN-113,test,DRUSEN,drusen,OS,.tif,1.5418909788131714
DRUSEN/113/OS/030_Drusen.tif,DRUSEN-113,test,DRUSEN,drusen,OS,.tif,1.4816675186157227
DRUSEN/117/000_Normal.tif,DRUSEN-117,test,DRUSEN,normal,OS,.tif,1.7627588510513306
DRUSEN/117/001_Normal.tif,DRUSEN-117,test,DRUSEN,normal,OS,.tif,1.780594825744629
DRUSEN/117/002_Normal.tif,DRUSEN-117,test,DRUSEN,normal,OS,.tif,1.7936086654663086
DRUSEN/117/003_Normal.tif,DRUSEN-117,test,DRUSEN,normal,OS,.tif,2.05778169631958
DRUSEN/117/004_Normal.tif,DRUSEN-117,test,DRUSEN,normal,OS,.tif,2.0427908897399902
DRUSEN/117/005_Normal.tif,DRUSEN-117,test,DRUSEN,normal,OS,.tif,1.9228366613388062
DRUSEN/117/006_Drusen.tif,DRUSEN-117,test,DRUSEN,drusen,OS,.tif,1.9865869283676147
DRUSEN/117/007_Drusen.tif,DRUSEN-117,test,DRUSEN,drusen,OS,.tif,2.0569725036621094
DRUSEN/117/008_Drusen.tif,DRUSEN-117,test,DRUSEN,drusen,OS,.tif,2.0602126121520996
DRUSEN/117/009_Drusen.tif,DRUSEN-117,test,DRUSEN,drusen,OS,.tif,1.8719143867492676
DRUSEN/117/010_Drusen.tif,DRUSEN-117,test,DRUSEN,drusen,OS,.tif,1.7351205348968506
DRUSEN/117/011_Drusen.tif,DRUSEN-117,test,DRUSEN,drusen,OS,.tif,1.674423336982727
DRUSEN/117/012_Drusen.tif,DRUSEN-117,test,DRUSEN,drusen,OS,.tif,1.7137354612350464
DRUSEN/117/013_Drusen.tif,DRUSEN-117,test,DRUSEN,drusen,OS,.tif,1.5417842864990234
DRUSEN/117/014_Drusen.tif,DRUSEN-117,test,DRUSEN,drusen,OS,.tif,1.7496356964111328
DRUSEN/117/015_Drusen.tif,DRUSEN-117,test,DRUSEN,drusen,OS,.tif,2.0524134635925293
DRUSEN/117/016_Drusen.tif,DRUSEN-117,test,DRUSEN,drusen,OS,.tif,1.8715466260910034
DRUSEN/117/017_Drusen.tif,DRUSEN-117,test,DRUSEN,drusen,OS,.tif,1.8096307516098022
DRUSEN/117/018_Drusen.tif,DRUSEN-117,test,DRUSEN,drusen,OS,.tif,1.7345495223999023
DRUSEN/117/019_Drusen.tif,DRUSEN-117,test,DRUSEN,drusen,OS,.tif,1.5651317834854126
DRUSEN/117/020_Drusen.tif,DRUSEN-117,test,DRUSEN,drusen,OS,.tif,1.6835285425186157
DRUSEN/117/021_Drusen.tif,DRUSEN-117,test,DRUSEN,drusen,OS,.tif,1.6611124277114868
DRUSEN/117/022_Drusen.tif,DRUSEN-117,test,DRUSEN,drusen,OS,.tif,1.6549447774887085
DRUSEN/117/023_Drusen.tif,DRUSEN-117,test,DRUSEN,drusen,OS,.tif,1.4627076387405396
DRUSEN/117/024_Drusen.tif,DRUSEN-117,test,DRUSEN,drusen,OS,.tif,1.5430147647857666
DRUSEN/117/025_Drusen.tif,DRUSEN-117,test,DRUSEN,drusen,OS,.tif,1.608041524887085
DRUSEN/117/026_Drusen.tif,DRUSEN-117,test,DRUSEN,drusen,OS,.tif,1.8870189189910889
DRUSEN/117/027_Drusen.tif,DRUSEN-117,test,DRUSEN,drusen,OS,.tif,1.9916168451309204
DRUSEN/117/028_Drusen.tif,DRUSEN-117,test,DRUSEN,drusen,OS,.tif,1.9827991724014282
DRUSEN/117/029_Drusen.tif,DRUSEN-117,test,DRUSEN,drusen,OS,.tif,2.0484464168548584
DRUSEN/117/030_Drusen.tif,DRUSEN-117,test,DRUSEN,drusen,OS,.tif,2.0573978424072266
DRUSEN/119/000_Drusen.tif,DRUSEN-119,test,DRUSEN,drusen,OS,.tif,2.027125120162964
DRUSEN/119/001_Drusen.tif,DRUSEN-119,test,DRUSEN,drusen,OS,.tif,2.126840829849243
DRUSEN/119/002_Drusen.tif,DRUSEN-119,test,DRUSEN,drusen,OS,.tif,1.903252363204956
DRUSEN/119/003_Drusen.tif,DRUSEN-119,test,DRUSEN,drusen,OS,.tif,2.1679317951202393
DRUSEN/119/004_Drusen.tif,DRUSEN-119,test,DRUSEN,drusen,OS,.tif,2.1522467136383057
DRUSEN/119/005_Drusen.tif,DRUSEN-119,test,DRUSEN,drusen,OS,.tif,2.0112555027008057
DRUSEN/119/006_Drusen.tif,DRUSEN-119,test,DRUSEN,drusen,OS,.tif,2.0363717079162598
DRUSEN/119/007_Drusen.tif,DRUSEN-119,test,DRUSEN,drusen,OS,.tif,2.217726945877075
DRUSEN/119/008_Drusen.tif,DRUSEN-119,test,DRUSEN,drusen,OS,.tif,1.9874063730239868
DRUSEN/119/009_Drusen.tif,DRUSEN-119,test,DRUSEN,drusen,OS,.tif,2.0252113342285156
DRUSEN/119/010_Drusen.tif,DRUSEN-119,test,DRUSEN,drusen,OS,.tif,1.9880684614181519
DRUSEN/119/011_Drusen.tif,DRUSEN-119,test,DRUSEN,drusen,OS,.tif,2.2416350841522217
DRUSEN/119/012_Drusen.tif,DRUSEN-119,test,DRUSEN,drusen,OS,.tif,2.240417957305908
DRUSEN/119/013_Drusen.tif,DRUSEN-119,test,DRUSEN,drusen,OS,.tif,1.8284244537353516
DRUSEN/119/014_Drusen.tif,DRUSEN-119,test,DRUSEN,drusen,OS,.tif,1.6412602663040161
DRUSEN/119/015_Drusen.tif,DRUSEN-119,test,DRUSEN,drusen,OS,.tif,2.08211612701416
DRUSEN/119/016_Drusen.tif,DRUSEN-119,test,DRUSEN,drusen,OS,.tif,2.0913712978363037
DRUSEN/119/017_Drusen.tif,DRUSEN-119,test,DRUSEN,drusen,OS,.tif,1.9932852983474731
DRUSEN/119/018_Drusen.tif,DRUSEN-119,test,DRUSEN,drusen,OS,.tif,1.9434361457824707
DRUSEN/119/019_Drusen.tif,DRUSEN-119,test,DRUSEN,drusen,OS,.tif,1.7353579998016357
DRUSEN/119/020_Drusen.tif,DRUSEN-119,test,DRUSEN,drusen,OS,.tif,1.9425021409988403
DRUSEN/119/021_Drusen.tif,DRUSEN-119,test,DRUSEN,drusen,OS,.tif,2.0081229209899902
DRUSEN/119/022_Drusen.tif,DRUSEN-119,test,DRUSEN,drusen,OS,.tif,1.935027837753296
DRUSEN/119/023_Drusen.tif,DRUSEN-119,test,DRUSEN,drusen,OS,.tif,1.8628342151641846
DRUSEN/119/024_Drusen.tif,DRUSEN-119,test,DRUSEN,drusen,OS,.tif,1.6707673072814941
DRUSEN/119/025_Drusen.tif,DRUSEN-119,test,DRUSEN,drusen,OS,.tif,1.8585580587387085
DRUSEN/119/026_Drusen.tif,DRUSEN-119,test,DRUSEN,drusen,OS,.tif,1.8751473426818848
DRUSEN/119/027_Drusen.tif,DRUSEN-119,test,DRUSEN,drusen,OS,.tif,1.6837483644485474
DRUSEN/119/028_Drusen.tif,DRUSEN-119,test,DRUSEN,drusen,OS,.tif,1.6183911561965942
DRUSEN/119/029_Drusen.tif,DRUSEN-119,test,DRUSEN,drusen,OS,.tif,1.656479001045227
DRUSEN/119/030_Drusen.tif,DRUSEN-119,test,DRUSEN,drusen,OS,.tif,1.8948596715927124
DRUSEN/121/000_Normal.jpg,DRUSEN-121,test,DRUSEN,normal,OD,.jpg,1.9395664930343628
DRUSEN/121/001_Normal.jpg,DRUSEN-121,test,DRUSEN,normal,OD,.jpg,2.0248541831970215
DRUSEN/121/002_Normal.jpg,DRUSEN-121,test,DRUSEN,normal,OD,.jpg,1.9107822179794312
DRUSEN/121/003_Normal.jpg,DRUSEN-121,test,DRUSEN,normal,OD,.jpg,2.003239393234253
DRUSEN/121/004_Normal.jpg,DRUSEN-121,test,DRUSEN,normal,OD,.jpg,2.0129010677337646
DRUSEN/121/005_Normal.jpg,DRUSEN-121,test,DRUSEN,normal,OD,.jpg,2.0572266578674316
DRUSEN/121/006_Normal.jpg,DRUSEN-121,test,DRUSEN,normal,OD,.jpg,1.9641900062561035
DRUSEN/121/007_Normal.jpg,DRUSEN-121,test,DRUSEN,normal,OD,.jpg,2.1073949337005615
DRUSEN/121/008_Normal.jpg,DRUSEN-121,test,DRUSEN,normal,OD,.jpg,1.9278372526168823
DRUSEN/121/009_Normal.jpg,DRUSEN-121,test,DRUSEN,normal,OD,.jpg,1.871956467628479
DRUSEN/121/010_Normal.jpg,DRUSEN-121,test,DRUSEN,normal,OD,.jpg,1.7945516109466553
DRUSEN/121/011_Normal.jpg,DRUSEN-121,test,DRUSEN,normal,OD,.jpg,1.7501170635223389
DRUSEN/121/012_Normal.jpg,DRUSEN-121,test,DRUSEN,normal,OD,.jpg,2.1990184783935547
DRUSEN/121/013_Normal.jpg,DRUSEN-121,test,DRUSEN,normal,OD,.jpg,2.269867420196533
DRUSEN/121/014_Normal.jpg,DRUSEN-121,test,DRUSEN,normal,OD,.jpg,2.1802611351013184
DRUSEN/121/015_Normal.jpg,DRUSEN-121,test,DRUSEN,normal,OD,.jpg,2.3239073753356934
DRUSEN/121/016_Normal.jpg,DRUSEN-121,test,DRUSEN,normal,OD,.jpg,2.225964069366455
DRUSEN/121/017_Normal.jpg,DRUSEN-121,test,DRUSEN,normal,OD,.jpg,2.03507137298584
DRUSEN/121/018_Normal.jpg,DRUSEN-121,test,DRUSEN,normal,OD,.jpg,2.1090965270996094
DRUSEN/121/019_Drusen.jpg,DRUSEN-121,test,DRUSEN,drusen,OD,.jpg,1.8829522132873535
DRUSEN/121/020_Drusen.jpg,DRUSEN-121,test,DRUSEN,drusen,OD,.jpg,2.060267686843872
DRUSEN/121/021_Drusen.jpg,DRUSEN-121,test,DRUSEN,drusen,OD,.jpg,1.8822377920150757
DRUSEN/121/022_Drusen.jpg,DRUSEN-121,test,DRUSEN,drusen,OD,.jpg,1.7976672649383545
DRUSEN/121/023_Normal.jpg,DRUSEN-121,test,DRUSEN,normal,OD,.jpg,1.9328186511993408
DRUSEN/121/024_Normal.jpg,DRUSEN-121,test,DRUSEN,normal,OD,.jpg,1.9379112720489502
DRUSEN/121/025_Normal.jpg,DRUSEN-121,test,DRUSEN,normal,OD,.jpg,1.990263819694519
DRUSEN/121/026_Normal.jpg,DRUSEN-121,test,DRUSEN,normal,OD,.jpg,1.9446214437484741
DRUSEN/121/027_Normal.jpg,DRUSEN-121,test,DRUSEN,normal,OD,.jpg,1.9075050354003906
DRUSEN/121/028_Normal.jpg,DRUSEN-121,test,DRUSEN,normal,OD,.jpg,1.9158399105072021
DRUSEN/121/029_Normal.jpg,DRUSEN-121,test,DRUSEN,normal,OD,.jpg,2.095862865447998
DRUSEN/121/030_Normal.jpg,DRUSEN-121,test,DRUSEN,normal,OD,.jpg,1.8748888969421387
DRUSEN/122/000_Drusen.tif,DRUSEN-122,test,DRUSEN,drusen,OS,.tif,1.64640212059021
DRUSEN/122/001_Drusen.tif,DRUSEN-122,test,DRUSEN,drusen,OS,.tif,1.744416356086731
DRUSEN/122/002_Drusen.tif,DRUSEN-122,test,DRUSEN,drusen,OS,.tif,1.6596735715866089
DRUSEN/122/003_Drusen.tif,DRUSEN-122,test,DRUSEN,drusen,OS,.tif,1.7134339809417725
DRUSEN/122/004_Drusen.tif,DRUSEN-122,test,DRUSEN,drusen,OS,.tif,1.7697210311889648
DRUSEN/122/005_Drusen.tif,DRUSEN-122,test,DRUSEN,drusen,OS,.tif,1.7410200834274292
DRUSEN/122/006_Drusen.tif,DRUSEN-122,test,DRUSEN,drusen,OS,.tif,1.7592079639434814
DRUSEN/122/007_Drusen.tif,DRUSEN-122,test,DRUSEN,drusen,OS,.tif,1.764274001121521
DRUSEN/122/008_Drusen.tif,DRUSEN-122,test,DRUSEN,drusen,OS,.tif,1.8111721277236938
DRUSEN/122/009_Drusen.tif,DRUSEN-122,test,DRUSEN,drusen,OS,.tif,1.7649848461151123
DRUSEN/122/010_Drusen.tif,DRUSEN-122,test,DRUSEN,drusen,OS,.tif,2.036717653274536
DRUSEN/122/011_Drusen.tif,DRUSEN-122,test,DRUSEN,drusen,OS,.tif,2.051321029663086
DRUSEN/122/012_Drusen.tif,DRUSEN-122,test,DRUSEN,drusen,OS,.tif,1.8860018253326416
DRUSEN/122/013_Drusen.tif,DRUSEN-122,test,DRUSEN,drusen,OS,.tif,1.7793434858322144
DRUSEN/122/014_Drusen.tif,DRUSEN-122,test,DRUSEN,drusen,OS,.tif,1.8335751295089722
DRUSEN/122/015_Drusen.tif,DRUSEN-122,test,DRUSEN,drusen,OS,.tif,1.8278443813323975
DRUSEN/122/016_Drusen.tif,DRUSEN-122,test,DRUSEN,drusen,OS,.tif,2.0481369495391846
DRUSEN/122/017_Drusen.tif,DRUSEN-122,test,DRUSEN,drusen,OS,.tif,1.8572083711624146
DRUSEN/122/018_Drusen.tif,DRUSEN-122,test,DRUSEN,drusen,OS,.tif,1.8140747547149658
DRUSEN/122/019_Drusen.tif,DRUSEN-122,test,DRUSEN,drusen,OS,.tif,1.800047755241394
DRUSEN/122/020_Drusen.tif,DRUSEN-122,test,DRUSEN,drusen,OS,.tif,1.9479612112045288
DRUSEN/122/021_Drusen.tif,DRUSEN-122,test,DRUSEN,drusen,OS,.tif,1.7724153995513916
DRUSEN/122/022_Drusen.tif,DRUSEN-122,test,DRUSEN,drusen,OS,.tif,1.7750390768051147
DRUSEN/122/023_Drusen.tif,DRUSEN-122,test,DRUSEN,drusen,OS,.tif,1.8330529928207397
DRUSEN/122/024_Drusen.tif,DRUSEN-122,test,DRUSEN,drusen,OS,.tif,1.874735713005066
DRUSEN/122/025_Drusen.tif,DRUSEN-122,test,DRUSEN,drusen,OS,.tif,1.7595025300979614
DRUSEN/122/026_Drusen.tif,DRUSEN-122,test,DRUSEN,drusen,OS,.tif,1.6730934381484985
DRUSEN/122/027_Drusen.tif,DRUSEN-122,test,DRUSEN,drusen,OS,.tif,1.6415531635284424
DRUSEN/122/028_Drusen.tif,DRUSEN-122,test,DRUSEN,drusen,OS,.tif,1.6553921699523926
DRUSEN/122/029_Drusen.tif,DRUSEN-122,test,DRUSEN,drusen,OS,.tif,1.2194831371307373
DRUSEN/122/030_Drusen.tif,DRUSEN-122,test,DRUSEN,drusen,OS,.tif,1.7034978866577148
DRUSEN/126/000_Drusen.tif,DRUSEN-126,test,DRUSEN,drusen,OD,.tif,1.6938974857330322
DRUSEN/126/001_Drusen.tif,DRUSEN-126,test,DRUSEN,drusen,OD,.tif,1.95579993724823
DRUSEN/126/002_Drusen.tif,DRUSEN-126,test,DRUSEN,drusen,OD,.tif,1.8837865591049194
DRUSEN/126/003_Drusen.tif,DRUSEN-126,test,DRUSEN,drusen,OD,.tif,1.998612642288208
DRUSEN/126/004_Drusen.tif,DRUSEN-126,test,DRUSEN,drusen,OD,.tif,1.9903991222381592
DRUSEN/126/005_Drusen.tif,DRUSEN-126,test,DRUSEN,drusen,OD,.tif,1.9730383157730103
DRUSEN/126/006_Drusen.tif,DRUSEN-126,test,DRUSEN,drusen,OD,.tif,1.8327635526657104
DRUSEN/126/007_Drusen.tif,DRUSEN-126,test,DRUSEN,drusen,OD,.tif,2.0470123291015625
DRUSEN/126/008_Drusen.tif,DRUSEN-126,test,DRUSEN,drusen,OD,.tif,1.9255616664886475
DRUSEN/126/009_Drusen.tif,DRUSEN-126,test,DRUSEN,drusen,OD,.tif,1.8392000198364258
DRUSEN/126/010_Drusen.tif,DRUSEN-126,test,DRUSEN,drusen,OD,.tif,1.909057855606079
DRUSEN/126/011_Drusen.tif,DRUSEN-126,test,DRUSEN,drusen,OD,.tif,1.900799036026001
DRUSEN/126/012_Drusen.tif,DRUSEN-126,test,DRUSEN,drusen,OD,.tif,1.8895659446716309
DRUSEN/126/013_Drusen.tif,DRUSEN-126,test,DRUSEN,drusen,OD,.tif,1.5141265392303467
DRUSEN/126/014_Drusen.tif,DRUSEN-126,test,DRUSEN,drusen,OD,.tif,1.5960768461227417
DRUSEN/126/015_Drusen.tif,DRUSEN-126,test,DRUSEN,drusen,OD,.tif,1.7297757863998413
DRUSEN/126/016_Drusen.tif,DRUSEN-126,test,DRUSEN,drusen,OD,.tif,2.0128040313720703
DRUSEN/126/017_Drusen.tif,DRUSEN-126,test,DRUSEN,drusen,OD,.tif,1.9181461334228516
DRUSEN/126/018_Drusen.tif,DRUSEN-126,test,DRUSEN,drusen,OD,.tif,1.8434125185012817
DRUSEN/126/019_Drusen.tif,DRUSEN-126,test,DRUSEN,drusen,OD,.tif,1.8108631372451782
DRUSEN/126/020_Drusen.tif,DRUSEN-126,test,DRUSEN,drusen,OD,.tif,2.0388641357421875
DRUSEN/126/021_Drusen.tif,DRUSEN-126,test,DRUSEN,drusen,OD,.tif,1.8768935203552246
DRUSEN/126/022_Drusen.tif,DRUSEN-126,test,DRUSEN,drusen,OD,.tif,1.791735053062439
DRUSEN/126/023_Drusen.tif,DRUSEN-126,test,DRUSEN,drusen,OD,.tif,1.9152907133102417
DRUSEN/126/024_Drusen.tif,DRUSEN-126,test,DRUSEN,drusen,OD,.tif,1.8834282159805298
DRUSEN/126/025_Drusen.tif,DRUSEN-126,test,DRUSEN,drusen,OD,.tif,1.955548882484436
DRUSEN/126/026_Drusen.tif,DRUSEN-126,test,DRUSEN,drusen,OD,.tif,1.9431248903274536
DRUSEN/126/027_Drusen.tif,DRUSEN-126,test,DRUSEN,drusen,OD,.tif,1.9341450929641724
DRUSEN/126/028_Drusen.tif,DRUSEN-126,test,DRUSEN,drusen,OD,.tif,1.7668482065200806
DRUSEN/126/029_Drusen.tif,DRUSEN-126,test,DRUSEN,drusen,OD,.tif,1.8095234632492065
DRUSEN/126/030_Drusen.tif,DRUSEN-126,test,DRUSEN,drusen,OD,.tif,1.8717817068099976
DRUSEN/127/000_Drusen.tif,DRUSEN-127,test,DRUSEN,drusen,OD,.tif,1.5167548656463623
DRUSEN/127/001_Drusen.tif,DRUSEN-127,test,DRUSEN,drusen,OD,.tif,1.7844678163528442
DRUSEN/127/002_Drusen.tif,DRUSEN-127,test,DRUSEN,drusen,OD,.tif,1.966124176979065
DRUSEN/127/003_Drusen.tif,DRUSEN-127,test,DRUSEN,drusen,OD,.tif,1.7877918481826782
DRUSEN/127/004_Drusen.tif,DRUSEN-127,test,DRUSEN,drusen,OD,.tif,1.6084809303283691
DRUSEN/127/005_Drusen.tif,DRUSEN-127,test,DRUSEN,drusen,OD,.tif,1.754550576210022
DRUSEN/127/006_Drusen.tif,DRUSEN-127,test,DRUSEN,drusen,OD,.tif,1.6861783266067505
DRUSEN/127/007_Drusen.tif,DRUSEN-127,test,DRUSEN,drusen,OD,.tif,1.5849964618682861
DRUSEN/127/008_Drusen.tif,DRUSEN-127,test,DRUSEN,drusen,OD,.tif,1.6502913236618042
DRUSEN/127/009_Drusen.tif,DRUSEN-127,test,DRUSEN,drusen,OD,.tif,1.871461033821106
DRUSEN/127/010_Drusen.tif,DRUSEN-127,test,DRUSEN,drusen,OD,.tif,1.9091744422912598
DRUSEN/127/011_Drusen.tif,DRUSEN-127,test,DRUSEN,drusen,OD,.tif,1.9097962379455566
DRUSEN/127/012_Drusen.tif,DRUSEN-127,test,DRUSEN,drusen,OD,.tif,1.82993745803833
DRUSEN/127/013_Drusen.tif,DRUSEN-127,test,DRUSEN,drusen,OD,.tif,1.8145426511764526
DRUSEN/127/014_Drusen.tif,DRUSEN-127,test,DRUSEN,drusen,OD,.tif,1.8111910820007324
DRUSEN/127/015_Drusen.tif,DRUSEN-127,test,DRUSEN,drusen,OD,.tif,1.813689112663269
DRUSEN/127/016_Drusen.tif,DRUSEN-127,test,DRUSEN,drusen,OD,.tif,1.9135633707046509
DRUSEN/127/017_Drusen.tif,DRUSEN-127,test,DRUSEN,drusen,OD,.tif,1.967979073524475
DRUSEN/127/018_Drusen.tif,DRUSEN-127,test,DRUSEN,drusen,OD,.tif,1.7784574031829834
DRUSEN/127/019_Drusen.tif,DRUSEN-127,test,DRUSEN,drusen,OD,.tif,2.1491684913635254
DRUSEN/127/020_Drusen.tif,DRUSEN-127,test,DRUSEN,drusen,OD,.tif,2.1644067764282227
DRUSEN/127/021_Drusen.tif,DRUSEN-127,test,DRUSEN,drusen,OD,.tif,2.2597687244415283
DRUSEN/127/022_Drusen.tif,DRUSEN-127,test,DRUSEN,drusen,OD,.tif,2.216114044189453
DRUSEN/127/023_Drusen.tif,DRUSEN-127,test,DRUSEN,drusen,OD,.tif,2.194571018218994
DRUSEN/127/024_Drusen.tif,DRUSEN-127,test,DRUSEN,drusen,OD,.tif,1.8814945220947266
DRUSEN/128/000_Drusen.tif,DRUSEN-128,test,DRUSEN,drusen,OD,.tif,1.8160793781280518
DRUSEN/128/001_Drusen.tif,DRUSEN-128,test,DRUSEN,drusen,OD,.tif,1.7957515716552734
DRUSEN/128/002_Drusen.tif,DRUSEN-128,test,DRUSEN,drusen,OD,.tif,1.9917689561843872
DRUSEN/128/003_Drusen.tif,DRUSEN-128,test,DRUSEN,drusen,OD,.tif,1.9800467491149902
DRUSEN/128/004_Drusen.tif,DRUSEN-128,test,DRUSEN,drusen,OD,.tif,1.9178434610366821
DRUSEN/128/005_Drusen.tif,DRUSEN-128,test,DRUSEN,drusen,OD,.tif,1.8419430255889893
DRUSEN/128/006_Drusen.tif,DRUSEN-128,test,DRUSEN,drusen,OD,.tif,1.918898582458496
DRUSEN/128/007_Drusen.tif,DRUSEN-128,test,DRUSEN,drusen,OD,.tif,1.985579013824463
DRUSEN/128/008_Drusen.tif,DRUSEN-128,test,DRUSEN,drusen,OD,.tif,1.866146206855774
DRUSEN/128/009_Drusen.tif,DRUSEN-128,test,DRUSEN,drusen,OD,.tif,1.9050214290618896
DRUSEN/128/010_Drusen.tif,DRUSEN-128,test,DRUSEN,drusen,OD,.tif,1.8902925252914429
DRUSEN/128/011_Drusen.tif,DRUSEN-128,test,DRUSEN,drusen,OD,.tif,1.8928931951522827
DRUSEN/128/012_Drusen.tif,DRUSEN-128,test,DRUSEN,drusen,OD,.tif,1.947891354560852
DRUSEN/128/013_Drusen.tif,DRUSEN-128,test,DRUSEN,drusen,OD,.tif,2.03141450881958
DRUSEN/128/014_Drusen.tif,DRUSEN-128,test,DRUSEN,drusen,OD,.tif,1.9932820796966553
DRUSEN/128/015_Drusen.tif,DRUSEN-128,test,DRUSEN,drusen,OD,.tif,1.9611119031906128
DRUSEN/128/016_Drusen.tif,DRUSEN-128,test,DRUSEN,drusen,OD,.tif,1.8845620155334473
DRUSEN/128/017_Drusen.tif,DRUSEN-128,test,DRUSEN,drusen,OD,.tif,1.9698736667633057
DRUSEN/128/018_Drusen.tif,DRUSEN-128,test,DRUSEN,drusen,OD,.tif,1.9788146018981934
DRUSEN/128/019_Drusen.tif,DRUSEN-128,test,DRUSEN,drusen,OD,.tif,1.9269428253173828
DRUSEN/128/020_Drusen.tif,DRUSEN-128,test,DRUSEN,drusen,OD,.tif,2.013321876525879
DRUSEN/128/021_Drusen.tif,DRUSEN-128,test,DRUSEN,drusen,OD,.tif,1.9833979606628418
DRUSEN/128/022_Drusen.tif,DRUSEN-128,test,DRUSEN,drusen,OD,.tif,2.1578314304351807
DRUSEN/128/023_Drusen.tif,DRUSEN-128,test,DRUSEN,drusen,OD,.tif,2.0642733573913574
DRUSEN/128/024_Drusen.tif,DRUSEN-128,test,DRUSEN,drusen,OD,.tif,1.772810697555542
DRUSEN/128/025_Drusen.tif,DRUSEN-128,test,DRUSEN,drusen,OD,.tif,2.0654830932617188
DRUSEN/128/026_Drusen.tif,DRUSEN-128,test,DRUSEN,drusen,OD,.tif,2.0259339809417725
DRUSEN/128/027_Drusen.tif,DRUSEN-128,test,DRUSEN,drusen,OD,.tif,2.1158342361450195
DRUSEN/128/028_Drusen.tif,DRUSEN-128,test,DRUSEN,drusen,OD,.tif,2.040471315383911
DRUSEN/128/029_Drusen.tif,DRUSEN-128,test,DRUSEN,drusen,OD,.tif,2.110595703125
DRUSEN/128/030_Drusen.tif,DRUSEN-128,test,DRUSEN,drusen,OD,.tif,1.9198755025863647
DRUSEN/129/000_Normal.tif,DRUSEN-129,test,DRUSEN,normal,OD,.tif,1.6902797222137451
DRUSEN/129/001_Drusen.tif,DRUSEN-129,test,DRUSEN,drusen,OD,.tif,1.8407058715820312
DRUSEN/129/002_Drusen.tif,DRUSEN-129,test,DRUSEN,drusen,OD,.tif,1.8257957696914673
DRUSEN/129/003_Drusen.tif,DRUSEN-129,test,DRUSEN,drusen,OD,.tif,1.793378472328186
DRUSEN/129/004_Drusen.tif,DRUSEN-129,test,DRUSEN,drusen,OD,.tif,1.8357433080673218
DRUSEN/129/005_Drusen.tif,DRUSEN-129,test,DRUSEN,drusen,OD,.tif,1.7755800485610962
DRUSEN/129/006_Drusen.tif,DRUSEN-129,test,DRUSEN,drusen,OD,.tif,1.7861101627349854
DRUSEN/129/007_Drusen.tif,DRUSEN-129,test,DRUSEN,drusen,OD,.tif,1.7681341171264648
DRUSEN/129/008_Drusen.tif,DRUSEN-129,test,DRUSEN,drusen,OD,.tif,1.8761301040649414
DRUSEN/129/009_Drusen.tif,DRUSEN-129,test,DRUSEN,drusen,OD,.tif,1.9343080520629883
DRUSEN/129/010_Drusen.tif,DRUSEN-129,test,DRUSEN,drusen,OD,.tif,1.90101158618927
DRUSEN/129/011_Drusen.tif,DRUSEN-129,test,DRUSEN,drusen,OD,.tif,2.0517377853393555
DRUSEN/129/012_Drusen.tif,DRUSEN-129,test,DRUSEN,drusen,OD,.tif,1.8753628730773926
DRUSEN/129/013_Drusen.tif,DRUSEN-129,test,DRUSEN,drusen,OD,.tif,1.797738790512085
DRUSEN/129/014_Drusen.tif,DRUSEN-129,test,DRUSEN,drusen,OD,.tif,2.199230909347534
DRUSEN/129/015_Drusen.tif,DRUSEN-129,test,DRUSEN,drusen,OD,.tif,2.2982070446014404
DRUSEN/129/016_Drusen.tif,DRUSEN-129,test,DRUSEN,drusen,OD,.tif,2.3642423152923584
DRUSEN/129/017_Drusen.tif,DRUSEN-129,test,DRUSEN,drusen,OD,.tif,2.460608720779419
DRUSEN/129/018_Drusen.tif,DRUSEN-129,test,DRUSEN,drusen,OD,.tif,2.279486656188965
DRUSEN/129/019_Drusen.tif,DRUSEN-129,test,DRUSEN,drusen,OD,.tif,2.134138345718384
DRUSEN/129/020_Drusen.tif,DRUSEN-129,test,DRUSEN,drusen,OD,.tif,2.027056932449341
DRUSEN/129/021_Drusen.tif,DRUSEN-129,test,DRUSEN,drusen,OD,.tif,1.8437000513076782
DRUSEN/129/022_Drusen.tif,DRUSEN-129,test,DRUSEN,drusen,OD,.tif,1.856723427772522
DRUSEN/129/023_Drusen.tif,DRUSEN-129,test,DRUSEN,drusen,OD,.tif,1.9378520250320435
DRUSEN/129/024_Drusen.tif,DRUSEN-129,test,DRUSEN,drusen,OD,.tif,2.002133846282959
DRUSEN/129/025_Drusen.tif,DRUSEN-129,test,DRUSEN,drusen,OD,.tif,1.965440273284912
DRUSEN/129/026_Drusen.tif,DRUSEN-129,test,DRUSEN,drusen,OD,.tif,1.876711130142212
DRUSEN/129/027_Drusen.tif,DRUSEN-129,test,DRUSEN,drusen,OD,.tif,1.8327809572219849
DRUSEN/129/028_Drusen.tif,DRUSEN-129,test,DRUSEN,drusen,OD,.tif,1.8478436470031738
DRUSEN/129/029_Drusen.tif,DRUSEN-129,test,DRUSEN,drusen,OD,.tif,1.9042683839797974
DRUSEN/129/030_Drusen.tif,DRUSEN-129,test,DRUSEN,drusen,OD,.tif,1.922428011894226
DRUSEN/130/000_Drusen.tif,DRUSEN-130,test,DRUSEN,drusen,OS,.tif,1.7096717357635498
DRUSEN/130/001_Drusen.tif,DRUSEN-130,test,DRUSEN,drusen,OS,.tif,1.773702621459961
DRUSEN/130/002_Drusen.tif,DRUSEN-130,test,DRUSEN,drusen,OS,.tif,1.8404661417007446
DRUSEN/130/003_Drusen.tif,DRUSEN-130,test,DRUSEN,drusen,OS,.tif,1.9637833833694458
DRUSEN/130/004_Drusen.tif,DRUSEN-130,test,DRUSEN,drusen,OS,.tif,2.0515880584716797
DRUSEN/130/005_Drusen.tif,DRUSEN-130,test,DRUSEN,drusen,OS,.tif,2.0431668758392334
DRUSEN/130/006_Drusen.tif,DRUSEN-130,test,DRUSEN,drusen,OS,.tif,2.1464662551879883
DRUSEN/130/007_Drusen.tif,DRUSEN-130,test,DRUSEN,drusen,OS,.tif,2.1171875
DRUSEN/130/008_Drusen.tif,DRUSEN-130,test,DRUSEN,drusen,OS,.tif,2.0230698585510254
DRUSEN/130/009_Drusen.tif,DRUSEN-130,test,DRUSEN,drusen,OS,.tif,2.120884895324707
DRUSEN/130/010_Drusen.tif,DRUSEN-130,test,DRUSEN,drusen,OS,.tif,2.0937118530273438
DRUSEN/130/011_Drusen.tif,DRUSEN-130,test,DRUSEN,drusen,OS,.tif,2.2006990909576416
DRUSEN/130/012_Drusen.tif,DRUSEN-130,test,DRUSEN,drusen,OS,.tif,2.304065465927124
DRUSEN/130/013_Drusen.tif,DRUSEN-130,test,DRUSEN,drusen,OS,.tif,2.059802532196045
DRUSEN/130/014_Drusen.tif,DRUSEN-130,test,DRUSEN,drusen,OS,.tif,2.480013132095337
DRUSEN/130/015_Drusen.tif,DRUSEN-130,test,DRUSEN,drusen,OS,.tif,2.5213897228240967
DRUSEN/130/016_Drusen.tif,DRUSEN-130,test,DRUSEN,drusen,OS,.tif,2.751267194747925
DRUSEN/130/017_Drusen.tif,DRUSEN-130,test,DRUSEN,drusen,OS,.tif,2.551197052001953
DRUSEN/130/018_Drusen.tif,DRUSEN-130,test,DRUSEN,drusen,OS,.tif,2.5690903663635254
DRUSEN/130/019_Drusen.tif,DRUSEN-130,test,DRUSEN,drusen,OS,.tif,2.2211904525756836
DRUSEN/130/020_Drusen.tif,DRUSEN-130,test,DRUSEN,drusen,OS,.tif,2.165154457092285
DRUSEN/130/021_Drusen.tif,DRUSEN-130,test,DRUSEN,drusen,OS,.tif,2.3385066986083984
DRUSEN/130/022_Drusen.tif,DRUSEN-130,test,DRUSEN,drusen,OS,.tif,2.1816561222076416
DRUSEN/130/023_Drusen.tif,DRUSEN-130,test,DRUSEN,drusen,OS,.tif,2.23899507522583
DRUSEN/130/024_Drusen.tif,DRUSEN-130,test,DRUSEN,drusen,OS,.tif,2.286407947540283
DRUSEN/131/000_Drusen.tif,DRUSEN-131,test,DRUSEN,drusen,OD,.tif,1.4547995328903198
DRUSEN/131/001_Drusen.tif,DRUSEN-131,test,DRUSEN,drusen,OD,.tif,1.7604038715362549
DRUSEN/131/002_Drusen.tif,DRUSEN-131,test,DRUSEN,drusen,OD,.tif,1.6707442998886108
DRUSEN/131/003_Drusen.tif,DRUSEN-131,test,DRUSEN,drusen,OD,.tif,1.6488052606582642
DRUSEN/131/004_Drusen.tif,DRUSEN-131,test,DRUSEN,drusen,OD,.tif,1.6545590162277222
DRUSEN/131/005_Drusen.tif,DRUSEN-131,test,DRUSEN,drusen,OD,.tif,1.6458662748336792
DRUSEN/131/006_Drusen.tif,DRUSEN-131,test,DRUSEN,drusen,OD,.tif,1.8816158771514893
DRUSEN/131/007_Drusen.tif,DRUSEN-131,test,DRUSEN,drusen,OD,.tif,1.6628180742263794
DRUSEN/131/008_Drusen.tif,DRUSEN-131,test,DRUSEN,drusen,OD,.tif,1.5973961353302002
DRUSEN/131/009_Drusen.tif,DRUSEN-131,test,DRUSEN,drusen,OD,.tif,1.8651138544082642
DRUSEN/131/010_Drusen.tif,DRUSEN-131,test,DRUSEN,drusen,OD,.tif,1.669386625289917
DRUSEN/131/011_Drusen.tif,DRUSEN-131,test,DRUSEN,drusen,OD,.tif,1.634507417678833
DRUSEN/131/012_Drusen.tif,DRUSEN-131,test,DRUSEN,drusen,OD,.tif,1.8204982280731201
DRUSEN/131/013_Drusen.tif,DRUSEN-131,test,DRUSEN,drusen,OD,.tif,1.6939352750778198
DRUSEN/131/014_Drusen.tif,DRUSEN-131,test,DRUSEN,drusen,OD,.tif,1.7526774406433105
DRUSEN/131/015_Drusen.tif,DRUSEN-131,test,DRUSEN,drusen,OD,.tif,1.858304738998413
DRUSEN/131/016_Drusen.tif,DRUSEN-131,test,DRUSEN,drusen,OD,.tif,1.951012372970581
DRUSEN/131/017_Drusen.tif,DRUSEN-131,test,DRUSEN,drusen,OD,.tif,1.9298045635223389
DRUSEN/131/018_Drusen.tif,DRUSEN-131,test,DRUSEN,drusen,OD,.tif,1.9136943817138672
DRUSEN/131/019_Drusen.tif,DRUSEN-131,test,DRUSEN,drusen,OD,.tif,1.8183677196502686
DRUSEN/131/020_Drusen.tif,DRUSEN-131,test,DRUSEN,drusen,OD,.tif,1.7071073055267334
DRUSEN/131/021_Drusen.tif,DRUSEN-131,test,DRUSEN,drusen,OD,.tif,1.6880223751068115
DRUSEN/131/022_Drusen.tif,DRUSEN-131,test,DRUSEN,drusen,OD,.tif,1.86528742313385
DRUSEN/131/023_Drusen.tif,DRUSEN-131,test,DRUSEN,drusen,OD,.tif,1.6515878438949585
DRUSEN/131/024_Drusen.tif,DRUSEN-131,test,DRUSEN,drusen,OD,.tif,1.6782872676849365
DRUSEN/131/025_Drusen.tif,DRUSEN-131,test,DRUSEN,drusen,OD,.tif,1.7429695129394531
DRUSEN/131/026_Drusen.tif,DRUSEN-131,test,DRUSEN,drusen,OD,.tif,1.8534400463104248
DRUSEN/131/027_Drusen.tif,DRUSEN-131,test,DRUSEN,drusen,OD,.tif,1.659426212310791
DRUSEN/131/028_Drusen.tif,DRUSEN-131,test,DRUSEN,drusen,OD,.tif,1.7634141445159912
DRUSEN/131/029_Drusen.tif,DRUSEN-131,test,DRUSEN,drusen,OD,.tif,1.6512285470962524
DRUSEN/131/030_Drusen.tif,DRUSEN-131,test,DRUSEN,drusen,OD,.tif,1.6346774101257324
DRUSEN/132/000_Normal.tif,DRUSEN-132,test,DRUSEN,normal,OS,.tif,1.8308324813842773
DRUSEN/132/001_Drusen.tif,DRUSEN-132,test,DRUSEN,drusen,OS,.tif,1.7046668529510498
DRUSEN/132/002_Drusen.tif,DRUSEN-132,test,DRUSEN,drusen,OS,.tif,1.817301630973816
DRUSEN/132/003_Drusen.tif,DRUSEN-132,test,DRUSEN,drusen,OS,.tif,1.8032015562057495
DRUSEN/132/004_Drusen.tif,DRUSEN-132,test,DRUSEN,drusen,OS,.tif,1.8211257457733154
DRUSEN/132/005_Drusen.tif,DRUSEN-132,test,DRUSEN,drusen,OS,.tif,1.916628122329712
DRUSEN/132/006_Drusen.tif,DRUSEN-132,test,DRUSEN,drusen,OS,.tif,1.95916748046875
DRUSEN/132/007_Drusen.tif,DRUSEN-132,test,DRUSEN,drusen,OS,.tif,1.8959600925445557
DRUSEN/132/008_Drusen.tif,DRUSEN-132,test,DRUSEN,drusen,OS,.tif,1.690245509147644
DRUSEN/132/009_Drusen.tif,DRUSEN-132,test,DRUSEN,drusen,OS,.tif,1.6658395528793335
DRUSEN/132/010_Drusen.tif,DRUSEN-132,test,DRUSEN,drusen,OS,.tif,1.771782636642456
DRUSEN/132/011_Drusen.tif,DRUSEN-132,test,DRUSEN,drusen,OS,.tif,1.7246416807174683
DRUSEN/132/012_Drusen.tif,DRUSEN-132,test,DRUSEN,drusen,OS,.tif,1.6918902397155762
DRUSEN/132/013_Drusen.tif,DRUSEN-132,test,DRUSEN,drusen,OS,.tif,1.6538537740707397
DRUSEN/132/014_Drusen.tif,DRUSEN-132,test,DRUSEN,drusen,OS,.tif,1.7088061571121216
DRUSEN/132/015_Drusen.tif,DRUSEN-132,test,DRUSEN,drusen,OS,.tif,1.5954629182815552
DRUSEN/132/016_Drusen.tif,DRUSEN-132,test,DRUSEN,drusen,OS,.tif,1.6565778255462646
DRUSEN/132/017_Drusen.tif,DRUSEN-132,test,DRUSEN,drusen,OS,.tif,1.6825908422470093
DRUSEN/132/018_Drusen.tif,DRUSEN-132,test,DRUSEN,drusen,OS,.tif,1.8498384952545166
DRUSEN/132/019_Drusen.tif,DRUSEN-132,test,DRUSEN,drusen,OS,.tif,1.723253607749939
DRUSEN/132/020_Drusen.tif,DRUSEN-132,test,DRUSEN,drusen,OS,.tif,1.6355658769607544
DRUSEN/132/021_Drusen.tif,DRUSEN-132,test,DRUSEN,drusen,OS,.tif,1.771496057510376
DRUSEN/132/022_Drusen.tif,DRUSEN-132,test,DRUSEN,drusen,OS,.tif,1.7633566856384277
DRUSEN/132/023_Drusen.tif,DRUSEN-132,test,DRUSEN,drusen,OS,.tif,1.8352142572402954
DRUSEN/132/024_Drusen.tif,DRUSEN-132,test,DRUSEN,drusen,OS,.tif,1.7655646800994873
DRUSEN/132/025_Drusen.tif,DRUSEN-132,test,DRUSEN,drusen,OS,.tif,1.8278297185897827
DRUSEN/132/026_Drusen.tif,DRUSEN-132,test,DRUSEN,drusen,OS,.tif,1.7639198303222656
DRUSEN/132/027_Drusen.tif,DRUSEN-132,test,DRUSEN,drusen,OS,.tif,1.7657628059387207
DRUSEN/132/028_Drusen.tif,DRUSEN-132,test,DRUSEN,drusen,OS,.tif,1.7830274105072021
DRUSEN/132/029_Drusen.tif,DRUSEN-132,test,DRUSEN,drusen,OS,.tif,1.7100893259048462
DRUSEN/132/030_Drusen.tif,DRUSEN-132,test,DRUSEN,drusen,OS,.tif,1.6426185369491577
DRUSEN/133/OD/000_Normal.tif,DRUSEN-133,test,DRUSEN,normal,OD,.tif,1.9366687536239624
DRUSEN/133/OD/001_Normal.tif,DRUSEN-133,test,DRUSEN,normal,OD,.tif,1.9440451860427856
DRUSEN/133/OD/002_Normal.tif,DRUSEN-133,test,DRUSEN,normal,OD,.tif,2.0286173820495605
DRUSEN/133/OD/003_Normal.tif,DRUSEN-133,test,DRUSEN,normal,OD,.tif,2.1315090656280518
DRUSEN/133/OD/004_Normal.tif,DRUSEN-133,test,DRUSEN,normal,OD,.tif,2.1004421710968018
DRUSEN/133/OD/005_Normal.tif,DRUSEN-133,test,DRUSEN,normal,OD,.tif,1.7897270917892456
DRUSEN/133/OD/006_Normal.tif,DRUSEN-133,test,DRUSEN,normal,OD,.tif,2.036663055419922
DRUSEN/133/OD/007_Normal.tif,DRUSEN-133,test,DRUSEN,normal,OD,.tif,2.2101571559906006
DRUSEN/133/OD/008_Normal.tif,DRUSEN-133,test,DRUSEN,normal,OD,.tif,2.031656503677368
DRUSEN/133/OD/009_Drusen.tif,DRUSEN-133,test,DRUSEN,drusen,OD,.tif,2.0750482082366943
DRUSEN/133/OD/010_Drusen.tif,DRUSEN-133,test,DRUSEN,drusen,OD,.tif,1.966944932937622
DRUSEN/133/OD/011_Drusen.tif,DRUSEN-133,test,DRUSEN,drusen,OD,.tif,1.9015742540359497
DRUSEN/133/OD/012_Drusen.tif,DRUSEN-133,test,DRUSEN,drusen,OD,.tif,2.0295567512512207
DRUSEN/133/OD/013_Drusen.tif,DRUSEN-133,test,DRUSEN,drusen,OD,.tif,2.0007855892181396
DRUSEN/133/OD/014_Drusen.tif,DRUSEN-133,test,DRUSEN,drusen,OD,.tif,2.052790641784668
DRUSEN/133/OD/015_Drusen.tif,DRUSEN-133,test,DRUSEN,drusen,OD,.tif,1.9926389455795288
DRUSEN/133/OD/016_Drusen.tif,DRUSEN-133,test,DRUSEN,drusen,OD,.tif,2.134385585784912
DRUSEN/133/OD/017_Drusen.tif,DRUSEN-133,test,DRUSEN,drusen,OD,.tif,1.900679111480713
DRUSEN/133/OD/018_Drusen.tif,DRUSEN-133,test,DRUSEN,drusen,OD,.tif,1.9435489177703857
DRUSEN/133/OD/019_Drusen.tif,DRUSEN-133,test,DRUSEN,drusen,OD,.tif,1.8385621309280396
DRUSEN/133/OD/020_Drusen.tif,DRUSEN-133,test,DRUSEN,drusen,OD,.tif,1.7872591018676758
DRUSEN/133/OD/021_Drusen.tif,DRUSEN-133,test,DRUSEN,drusen,OD,.tif,1.8853224515914917
DRUSEN/133/OD/022_Drusen.tif,DRUSEN-133,test,DRUSEN,drusen,OD,.tif,1.8594164848327637
DRUSEN/133/OD/023_Drusen.tif,DRUSEN-133,test,DRUSEN,drusen,OD,.tif,1.8525805473327637
DRUSEN/133/OD/024_Drusen.tif,DRUSEN-133,test,DRUSEN,drusen,OD,.tif,1.9630080461502075
DRUSEN/133/OD/025_Normal.tif,DRUSEN-133,test,DRUSEN,normal,OD,.tif,1.8495453596115112
DRUSEN/133/OD/026_Normal.tif,DRUSEN-133,test,DRUSEN,normal,OD,.tif,1.8036352396011353
DRUSEN/133/OD/027_Normal.tif,DRUSEN-133,test,DRUSEN,normal,OD,.tif,1.921340823173523
DRUSEN/133/OD/028_Normal.tif,DRUSEN-133,test,DRUSEN,normal,OD,.tif,1.966896414756775
DRUSEN/133/OD/029_Normal.tif,DRUSEN-133,test,DRUSEN,normal,OD,.tif,1.9626656770706177
DRUSEN/133/OD/030_Normal.tif,DRUSEN-133,test,DRUSEN,normal,OD,.tif,1.8973146677017212
DRUSEN/133/OS/000_Normal.tif,DRUSEN-133,test,DRUSEN,normal,OS,.tif,1.9363148212432861
DRUSEN/133/OS/001_Normal.tif,DRUSEN-133,test,DRUSEN,normal,OS,.tif,1.9900562763214111
DRUSEN/133/OS/002_Normal.tif,DRUSEN-133,test,DRUSEN,normal,OS,.tif,2.1632800102233887
DRUSEN/133/OS/003_Normal.tif,DRUSEN-133,test,DRUSEN,normal,OS,.tif,2.2417800426483154
DRUSEN/133/OS/004_Normal.tif,DRUSEN-133,test,DRUSEN,normal,OS,.tif,2.058873414993286
DRUSEN/133/OS/005_Normal.tif,DRUSEN-133,test,DRUSEN,normal,OS,.tif,2.0947680473327637
DRUSEN/133/OS/006_Normal.tif,DRUSEN-133,test,DRUSEN,normal,OS,.tif,2.1101303100585938
DRUSEN/133/OS/007_Normal.tif,DRUSEN-133,test,DRUSEN,normal,OS,.tif,2.037144422531128
DRUSEN/133/OS/008_Drusen.tif,DRUSEN-133,test,DRUSEN,drusen,OS,.tif,1.893707513809204
DRUSEN/133/OS/009_Drusen.tif,DRUSEN-133,test,DRUSEN,drusen,OS,.tif,2.161505937576294
DRUSEN/133/OS/010_Drusen.tif,DRUSEN-133,test,DRUSEN,drusen,OS,.tif,1.9712884426116943
DRUSEN/133/OS/011_Drusen.tif,DRUSEN-133,test,DRUSEN,drusen,OS,.tif,1.9180513620376587
DRUSEN/133/OS/012_Drusen.tif,DRUSEN-133,test,DRUSEN,drusen,OS,.tif,1.8977972269058228
DRUSEN/133/OS/013_Drusen.tif,DRUSEN-133,test,DRUSEN,drusen,OS,.tif,2.010402202606201
DRUSEN/133/OS/014_Drusen.tif,DRUSEN-133,test,DRUSEN,drusen,OS,.tif,1.9693942070007324
DRUSEN/133/OS/015_Drusen.tif,DRUSEN-133,test,DRUSEN,drusen,OS,.tif,2.1632373332977295
DRUSEN/133/OS/016_Drusen.tif,DRUSEN-133,test,DRUSEN,drusen,OS,.tif,2.3089487552642822
DRUSEN/133/OS/017_Drusen.tif,DRUSEN-133,test,DRUSEN,drusen,OS,.tif,2.2341620922088623
DRUSEN/133/OS/018_Drusen.tif,DRUSEN-133,test,DRUSEN,drusen,OS,.tif,2.1097230911254883
DRUSEN/133/OS/019_Drusen.tif,DRUSEN-133,test,DRUSEN,drusen,OS,.tif,1.8967667818069458
DRUSEN/133/OS/020_Drusen.tif,DRUSEN-133,test,DRUSEN,drusen,OS,.tif,1.9135288000106812
DRUSEN/133/OS/021_Drusen.tif,DRUSEN-133,test,DRUSEN,drusen,OS,.tif,1.990475058555603
DRUSEN/133/OS/022_Drusen.tif,DRUSEN-133,test,DRUSEN,drusen,OS,.tif,1.8432711362838745
DRUSEN/133/OS/023_Drusen.tif,DRUSEN-133,test,DRUSEN,drusen,OS,.tif,1.746757984161377
DRUSEN/133/OS/024_Drusen.tif,DRUSEN-133,test,DRUSEN,drusen,OS,.tif,1.8138490915298462
DRUSEN/133/OS/025_Drusen.tif,DRUSEN-133,test,DRUSEN,drusen,OS,.tif,1.8912477493286133
DRUSEN/133/OS/026_Drusen.tif,DRUSEN-133,test,DRUSEN,drusen,OS,.tif,1.9034209251403809
DRUSEN/133/OS/027_Drusen.tif,DRUSEN-133,test,DRUSEN,drusen,OS,.tif,1.856582522392273
DRUSEN/133/OS/028_Normal.tif,DRUSEN-133,test,DRUSEN,normal,OS,.tif,1.9520645141601562
DRUSEN/133/OS/029_Normal.tif,DRUSEN-133,test,DRUSEN,normal,OS,.tif,2.1262824535369873
DRUSEN/133/OS/030_Normal.tif,DRUSEN-133,test,DRUSEN,normal,OS,.tif,1.8920519351959229
DRUSEN/134/000_Drusen.tif,DRUSEN-134,test,DRUSEN,drusen,OS,.tif,1.9828583002090454
DRUSEN/134/001_Drusen.tif,DRUSEN-134,test,DRUSEN,drusen,OS,.tif,2.0393924713134766
DRUSEN/134/002_Drusen.tif,DRUSEN-134,test,DRUSEN,drusen,OS,.tif,2.0889625549316406
DRUSEN/134/003_Drusen.tif,DRUSEN-134,test,DRUSEN,drusen,OS,.tif,1.9343931674957275
DRUSEN/134/004_Normal.tif,DRUSEN-134,test,DRUSEN,normal,OS,.tif,1.9598523378372192
DRUSEN/134/005_Drusen.tif,DRUSEN-134,test,DRUSEN,drusen,OS,.tif,1.9769370555877686
DRUSEN/134/006_Normal.tif,DRUSEN-134,test,DRUSEN,normal,OS,.tif,1.8109073638916016
DRUSEN/134/007_Normal.tif,DRUSEN-134,test,DRUSEN,normal,OS,.tif,2.063304901123047
DRUSEN/134/008_Normal.tif,DRUSEN-134,test,DRUSEN,normal,OS,.tif,1.90646231174469
DRUSEN/134/009_Normal.tif,DRUSEN-134,test,DRUSEN,normal,OS,.tif,2.1017606258392334
DRUSEN/134/010_Drusen.tif,DRUSEN-134,test,DRUSEN,drusen,OS,.tif,2.1522157192230225
DRUSEN/134/011_Normal.tif,DRUSEN-134,test,DRUSEN,normal,OS,.tif,2.2093327045440674
DRUSEN/134/012_Normal.tif,DRUSEN-134,test,DRUSEN,normal,OS,.tif,2.131533145904541
DRUSEN/134/013_Normal.tif,DRUSEN-134,test,DRUSEN,normal,OS,.tif,2.4156298637390137
DRUSEN/134/014_Normal.tif,DRUSEN-134,test,DRUSEN,normal,OS,.tif,2.097109794616699
DRUSEN/134/015_Normal.tif,DRUSEN-134,test,DRUSEN,normal,OS,.tif,2.2760322093963623
DRUSEN/134/016_Drusen.tif,DRUSEN-134,test,DRUSEN,drusen,OS,.tif,2.0675761699676514
DRUSEN/134/017_Normal.tif,DRUSEN-134,test,DRUSEN,normal,OS,.tif,1.7419452667236328
DRUSEN/134/018_Drusen.tif,DRUSEN-134,test,DRUSEN,drusen,OS,.tif,1.7394582033157349
DRUSEN/134/019_Drusen.tif,DRUSEN-134,test,DRUSEN,drusen,OS,.tif,1.5990948677062988
DRUSEN/134/020_Drusen.tif,DRUSEN-134,test,DRUSEN,drusen,OS,.tif,1.9259324073791504
DRUSEN/134/021_Drusen.tif,DRUSEN-134,test,DRUSEN,drusen,OS,.tif,1.9445242881774902
DRUSEN/134/022_Drusen.tif,DRUSEN-134,test,DRUSEN,drusen,OS,.tif,1.7297520637512207
DRUSEN/134/023_Drusen.tif,DRUSEN-134,test,DRUSEN,drusen,OS,.tif,1.9206677675247192
DRUSEN/134/024_Normal.tif,DRUSEN-134,test,DRUSEN,normal,OS,.tif,1.910332441329956
DRUSEN/134/025_Normal.tif,DRUSEN-134,test,DRUSEN,normal,OS,.tif,1.8636553287506104
DRUSEN/134/026_Normal.tif,DRUSEN-134,test,DRUSEN,normal,OS,.tif,2.0544142723083496
DRUSEN/136/OD/000_Normal.tif,DRUSEN-136,test,DRUSEN,normal,OD,.tif,2.5064313411712646
DRUSEN/136/OD/001_Normal.tif,DRUSEN-136,test,DRUSEN,normal,OD,.tif,2.4707541465759277
DRUSEN/136/OD/002_Normal.tif,DRUSEN-136,test,DRUSEN,normal,OD,.tif,2.531632900238037
DRUSEN/136/OD/003_Normal.tif,DRUSEN-136,test,DRUSEN,normal,OD,.tif,2.600743532180786
DRUSEN/136/OD/004_Normal.tif,DRUSEN-136,test,DRUSEN,normal,OD,.tif,2.5243937969207764
DRUSEN/136/OD/005_Normal.tif,DRUSEN-136,test,DRUSEN,normal,OD,.tif,2.432593822479248
DRUSEN/136/OD/006_Normal.tif,DRUSEN-136,test,DRUSEN,normal,OD,.tif,2.4692771434783936
DRUSEN/136/OD/007_Normal.tif,DRUSEN-136,test,DRUSEN,normal,OD,.tif,2.4825830459594727
DRUSEN/136/OD/008_Normal.tif,DRUSEN-136,test,DRUSEN,normal,OD,.tif,2.339369297027588
DRUSEN/136/OD/009_Normal.tif,DRUSEN-136,test,DRUSEN,normal,OD,.tif,2.208014965057373
DRUSEN/136/OD/010_Normal.tif,DRUSEN-136,test,DRUSEN,normal,OD,.tif,2.1758363246917725
DRUSEN/136/OD/011_Drusen.tif,DRUSEN-136,test,DRUSEN,drusen,OD,.tif,1.9191828966140747
DRUSEN/136/OD/012_Drusen.tif,DRUSEN-136,test,DRUSEN,drusen,OD,.tif,1.878599762916565
DRUSEN/136/OD/013_Drusen.tif,DRUSEN-136,test,DRUSEN,drusen,OD,.tif,1.9046882390975952
DRUSEN/136/OD/014_Drusen.tif,DRUSEN-136,test,DRUSEN,drusen,OD,.tif,1.9618239402770996
DRUSEN/136/OD/015_Drusen.tif,DRUSEN-136,test,DRUSEN,drusen,OD,.tif,2.0643362998962402
DRUSEN/136/OD/016_Drusen.tif,DRUSEN-136,test,DRUSEN,drusen,OD,.tif,1.9442790746688843
DRUSEN/136/OD/017_Drusen.tif,DRUSEN-136,test,DRUSEN,drusen,OD,.tif,1.9205065965652466
DRUSEN/136/OD/018_Drusen.tif,DRUSEN-136,test,DRUSEN,drusen,OD,.tif,1.9783605337142944
DRUSEN/136/OD/019_Drusen.tif,DRUSEN-136,test,DRUSEN,drusen,OD,.tif,1.7968499660491943
DRUSEN/136/OD/020_Normal.tif,DRUSEN-136,test,DRUSEN,normal,OD,.tif,1.5952485799789429
DRUSEN/136/OD/021_Normal.tif,DRUSEN-136,test,DRUSEN,normal,OD,.tif,1.6313903331756592
DRUSEN/136/OD/022_Normal.tif,DRUSEN-136,test,DRUSEN,normal,OD,.tif,1.599876046180725
DRUSEN/136/OD/023_Normal.tif,DRUSEN-136,test,DRUSEN,normal,OD,.tif,1.6288317441940308
DRUSEN/136/OD/024_Normal.tif,DRUSEN-136,test,DRUSEN,normal,OD,.tif,1.635692834854126
DRUSEN/136/OD/025_Normal.tif,DRUSEN-136,test,DRUSEN,normal,OD,.tif,1.6174402236938477
DRUSEN/136/OD/026_Normal.tif,DRUSEN-136,test,DRUSEN,normal,OD,.tif,1.6226431131362915
DRUSEN/136/OD/027_Normal.tif,DRUSEN-136,test,DRUSEN,normal,OD,.tif,1.5852113962173462
DRUSEN/136/OD/028_Normal.tif,DRUSEN-136,test,DRUSEN,normal,OD,.tif,1.5650023221969604
DRUSEN/136/OD/029_Normal.tif,DRUSEN-136,test,DRUSEN,normal,OD,.tif,1.6161229610443115
DRUSEN/136/OD/030_Normal.tif,DRUSEN-136,test,DRUSEN,normal,OD,.tif,1.5963246822357178
DRUSEN/136/OS/000_Normal.tif,DRUSEN-136,test,DRUSEN,normal,OS,.tif,1.958113193511963
DRUSEN/136/OS/001_Normal.tif,DRUSEN-136,test,DRUSEN,normal,OS,.tif,2.0405080318450928
DRUSEN/136/OS/002_Normal.tif,DRUSEN-136,test,DRUSEN,normal,OS,.tif,1.9695703983306885
DRUSEN/136/OS/003_Normal.tif,DRUSEN-136,test,DRUSEN,normal,OS,.tif,1.8692032098770142
DRUSEN/136/OS/004_Normal.tif,DRUSEN-136,test,DRUSEN,normal,OS,.tif,1.981345295906067
DRUSEN/136/OS/005_Normal.tif,DRUSEN-136,test,DRUSEN,normal,OS,.tif,1.8471317291259766
DRUSEN/136/OS/006_Normal.tif,DRUSEN-136,test,DRUSEN,normal,OS,.tif,1.8436551094055176
DRUSEN/136/OS/007_Normal.tif,DRUSEN-136,test,DRUSEN,normal,OS,.tif,1.7546939849853516
DRUSEN/136/OS/008_Normal.tif,DRUSEN-136,test,DRUSEN,normal,OS,.tif,1.7821511030197144
DRUSEN/136/OS/009_Normal.tif,DRUSEN-136,test,DRUSEN,normal,OS,.tif,1.7395312786102295
DRUSEN/136/OS/010_Normal.tif,DRUSEN-136,test,DRUSEN,normal,OS,.tif,1.7948691844940186
DRUSEN/136/OS/011_Drusen.tif,DRUSEN-136,test,DRUSEN,drusen,OS,.tif,1.7633130550384521
DRUSEN/136/OS/012_Drusen.tif,DRUSEN-136,test,DRUSEN,drusen,OS,.tif,1.7700437307357788
DRUSEN/136/OS/013_Drusen.tif,DRUSEN-136,test,DRUSEN,drusen,OS,.tif,1.7452912330627441
DRUSEN/136/OS/014_Drusen.tif,DRUSEN-136,test,DRUSEN,drusen,OS,.tif,1.8309954404830933
DRUSEN/136/OS/015_Drusen.tif,DRUSEN-136,test,DRUSEN,drusen,OS,.tif,1.9693772792816162
DRUSEN/136/OS/016_Drusen.tif,DRUSEN-136,test,DRUSEN,drusen,OS,.tif,1.9728246927261353
DRUSEN/136/OS/017_Drusen.tif,DRUSEN-136,test,DRUSEN,drusen,OS,.tif,1.9061434268951416
DRUSEN/136/OS/018_Drusen.tif,DRUSEN-136,test,DRUSEN,drusen,OS,.tif,1.9720385074615479
DRUSEN/136/OS/019_Drusen.tif,DRUSEN-136,test,DRUSEN,drusen,OS,.tif,1.803917407989502
DRUSEN/136/OS/020_Drusen.tif,DRUSEN-136,test,DRUSEN,drusen,OS,.tif,1.8102420568466187
DRUSEN/136/OS/021_Drusen.tif,DRUSEN-136,test,DRUSEN,drusen,OS,.tif,1.8531043529510498
DRUSEN/136/OS/022_Normal.tif,DRUSEN-136,test,DRUSEN,normal,OS,.tif,1.70151686668396
DRUSEN/136/OS/023_Normal.tif,DRUSEN-136,test,DRUSEN,normal,OS,.tif,1.658229112625122
DRUSEN/136/OS/024_Normal.tif,DRUSEN-136,test,DRUSEN,normal,OS,.tif,1.5630675554275513
DRUSEN/136/OS/025_Normal.tif,DRUSEN-136,test,DRUSEN,normal,OS,.tif,1.603961706161499
DRUSEN/136/OS/026_Normal.tif,DRUSEN-136,test,DRUSEN,normal,OS,.tif,1.6434845924377441
DRUSEN/136/OS/027_Normal.tif,DRUSEN-136,test,DRUSEN,normal,OS,.tif,1.7039083242416382
DRUSEN/136/OS/028_Normal.tif,DRUSEN-136,test,DRUSEN,normal,OS,.tif,1.8034530878067017
DRUSEN/136/OS/029_Normal.tif,DRUSEN-136,test,DRUSEN,normal,OS,.tif,1.770043134689331
DRUSEN/136/OS/030_Normal.tif,DRUSEN-136,test,DRUSEN,normal,OS,.tif,1.736677885055542
DRUSEN/138/000_Normal.tif,DRUSEN-138,test,DRUSEN,normal,OD,.tif,1.6179996728897095
DRUSEN/138/001_Normal.tif,DRUSEN-138,test,DRUSEN,normal,OD,.tif,1.6366785764694214
DRUSEN/138/002_Normal.tif,DRUSEN-138,test,DRUSEN,normal,OD,.tif,1.5850540399551392
DRUSEN/138/003_Normal.tif,DRUSEN-138,test,DRUSEN,normal,OD,.tif,1.5504841804504395
DRUSEN/138/004_Normal.tif,DRUSEN-138,test,DRUSEN,normal,OD,.tif,1.5735909938812256
DRUSEN/138/005_Normal.tif,DRUSEN-138,test,DRUSEN,normal,OD,.tif,1.5388591289520264
DRUSEN/138/006_Normal.tif,DRUSEN-138,test,DRUSEN,normal,OD,.tif,1.5413423776626587
DRUSEN/138/007_Normal.tif,DRUSEN-138,test,DRUSEN,normal,OD,.tif,1.5916260480880737
DRUSEN/138/008_Normal.tif,DRUSEN-138,test,DRUSEN,normal,OD,.tif,1.6197315454483032
DRUSEN/138/009_Normal.tif,DRUSEN-138,test,DRUSEN,normal,OD,.tif,1.5956251621246338
DRUSEN/138/010_Normal.tif,DRUSEN-138,test,DRUSEN,normal,OD,.tif,1.4907162189483643
DRUSEN/138/011_Normal.tif,DRUSEN-138,test,DRUSEN,normal,OD,.tif,1.5204789638519287
DRUSEN/138/012_Drusen.tif,DRUSEN-138,test,DRUSEN,drusen,OD,.tif,1.4958312511444092
DRUSEN/138/013_Drusen.tif,DRUSEN-138,test,DRUSEN,drusen,OD,.tif,1.4985945224761963
DRUSEN/138/014_Drusen.tif,DRUSEN-138,test,DRUSEN,drusen,OD,.tif,1.491084098815918
DRUSEN/138/015_Drusen.tif,DRUSEN-138,test,DRUSEN,drusen,OD,.tif,1.6596457958221436
DRUSEN/138/016_Drusen.tif,DRUSEN-138,test,DRUSEN,drusen,OD,.tif,1.8180782794952393
DRUSEN/138/017_Drusen.tif,DRUSEN-138,test,DRUSEN,drusen,OD,.tif,1.7700618505477905
DRUSEN/138/018_Drusen.tif,DRUSEN-138,test,DRUSEN,drusen,OD,.tif,1.7002147436141968
DRUSEN/138/019_Normal.tif,DRUSEN-138,test,DRUSEN,normal,OD,.tif,1.7119743824005127
DRUSEN/138/020_Normal.tif,DRUSEN-138,test,DRUSEN,normal,OD,.tif,1.7632545232772827
DRUSEN/138/021_Normal.tif,DRUSEN-138,test,DRUSEN,normal,OD,.tif,1.6655042171478271
DRUSEN/138/022_Normal.tif,DRUSEN-138,test,DRUSEN,normal,OD,.tif,1.7357101440429688
DRUSEN/138/023_Normal.tif,DRUSEN-138,test,DRUSEN,normal,OD,.tif,1.6880968809127808
DRUSEN/138/024_Drusen.tif,DRUSEN-138,test,DRUSEN,drusen,OD,.tif,1.758780598640442
DRUSEN/138/025_Drusen.tif,DRUSEN-138,test,DRUSEN,drusen,OD,.tif,1.8350937366485596
DRUSEN/138/026_Drusen.tif,DRUSEN-138,test,DRUSEN,drusen,OD,.tif,1.8627371788024902
DRUSEN/138/027_Drusen.tif,DRUSEN-138,test,DRUSEN,drusen,OD,.tif,1.8536174297332764
DRUSEN/138/028_Normal.tif,DRUSEN-138,test,DRUSEN,normal,OD,.tif,1.8955224752426147
DRUSEN/138/029_Normal.tif,DRUSEN-138,test,DRUSEN,normal,OD,.tif,1.9145976305007935
DRUSEN/138/030_Normal.tif,DRUSEN-138,test,DRUSEN,normal,OD,.tif,1.9230880737304688
DRUSEN/139/000_Drusen.tif,DRUSEN-139,test,DRUSEN,drusen,OD,.tif,1.8566099405288696
DRUSEN/139/001_Drusen.tif,DRUSEN-139,test,DRUSEN,drusen,OD,.tif,1.7645936012268066
DRUSEN/139/002_Drusen.tif,DRUSEN-139,test,DRUSEN,drusen,OD,.tif,1.965762734413147
DRUSEN/139/003_Drusen.tif,DRUSEN-139,test,DRUSEN,drusen,OD,.tif,2.1087634563446045
DRUSEN/139/004_Drusen.tif,DRUSEN-139,test,DRUSEN,drusen,OD,.tif,2.0318188667297363
DRUSEN/139/005_Drusen.tif,DRUSEN-139,test,DRUSEN,drusen,OD,.tif,2.080656051635742
DRUSEN/139/006_Drusen.tif,DRUSEN-139,test,DRUSEN,drusen,OD,.tif,2.1266586780548096
DRUSEN/139/007_Drusen.tif,DRUSEN-139,test,DRUSEN,drusen,OD,.tif,2.0512969493865967
DRUSEN/139/008_Drusen.tif,DRUSEN-139,test,DRUSEN,drusen,OD,.tif,2.224552869796753
DRUSEN/139/009_Drusen.tif,DRUSEN-139,test,DRUSEN,drusen,OD,.tif,2.074073076248169
DRUSEN/139/010_Drusen.tif,DRUSEN-139,test,DRUSEN,drusen,OD,.tif,2.189347505569458
DRUSEN/139/011_Drusen.tif,DRUSEN-139,test,DRUSEN,drusen,OD,.tif,2.103726863861084
DRUSEN/139/012_Drusen.tif,DRUSEN-139,test,DRUSEN,drusen,OD,.tif,2.1326050758361816
DRUSEN/139/013_Drusen.tif,DRUSEN-139,test,DRUSEN,drusen,OD,.tif,2.228142023086548
DRUSEN/139/014_Drusen.tif,DRUSEN-139,test,DRUSEN,drusen,OD,.tif,2.449390172958374
DRUSEN/139/015_Drusen.tif,DRUSEN-139,test,DRUSEN,drusen,OD,.tif,2.248103141784668
DRUSEN/139/016_Drusen.tif,DRUSEN-139,test,DRUSEN,drusen,OD,.tif,2.243861436843872
DRUSEN/139/017_Drusen.tif,DRUSEN-139,test,DRUSEN,drusen,OD,.tif,2.215703248977661
DRUSEN/139/018_Drusen.tif,DRUSEN-139,test,DRUSEN,drusen,OD,.tif,2.3170278072357178
DRUSEN/139/019_Drusen.tif,DRUSEN-139,test,DRUSEN,drusen,OD,.tif,2.17472505569458
DRUSEN/139/020_Drusen.tif,DRUSEN-139,test,DRUSEN,drusen,OD,.tif,2.1269311904907227
DRUSEN/139/021_Drusen.tif,DRUSEN-139,test,DRUSEN,drusen,OD,.tif,2.1854844093322754
DRUSEN/139/022_Drusen.tif,DRUSEN-139,test,DRUSEN,drusen,OD,.tif,2.044393301010132
DRUSEN/139/023_Drusen.tif,DRUSEN-139,test,DRUSEN,drusen,OD,.tif,2.0881474018096924
DRUSEN/139/024_Drusen.tif,DRUSEN-139,test,DRUSEN,drusen,OD,.tif,2.2147581577301025
DRUSEN/139/025_Drusen.tif,DRUSEN-139,test,DRUSEN,drusen,OD,.tif,2.0607352256774902
DRUSEN/139/026_Drusen.tif,DRUSEN-139,test,DRUSEN,drusen,OD,.tif,2.009953022003174
DRUSEN/139/027_Drusen.tif,DRUSEN-139,test,DRUSEN,drusen,OD,.tif,2.002971649169922
DRUSEN/139/028_Drusen.tif,DRUSEN-139,test,DRUSEN,drusen,OD,.tif,1.9047738313674927
DRUSEN/139/029_Drusen.tif,DRUSEN-139,test,DRUSEN,drusen,OD,.tif,1.973568320274353
DRUSEN/139/030_Drusen.tif,DRUSEN-139,test,DRUSEN,drusen,OD,.tif,2.025156259536743
DRUSEN/143/000_Normal.tif,DRUSEN-143,test,DRUSEN,normal,OS,.tif,1.634907603263855
DRUSEN/143/001_Normal.tif,DRUSEN-143,test,DRUSEN,normal,OS,.tif,1.5861666202545166
DRUSEN/143/002_Normal.tif,DRUSEN-143,test,DRUSEN,normal,OS,.tif,1.5386781692504883
DRUSEN/143/003_Normal.tif,DRUSEN-143,test,DRUSEN,normal,OS,.tif,1.6313649415969849
DRUSEN/143/004_Normal.tif,DRUSEN-143,test,DRUSEN,normal,OS,.tif,1.5959627628326416
DRUSEN/143/005_Normal.tif,DRUSEN-143,test,DRUSEN,normal,OS,.tif,1.7342028617858887
DRUSEN/143/006_Normal.tif,DRUSEN-143,test,DRUSEN,normal,OS,.tif,1.6596254110336304
DRUSEN/143/007_Normal.tif,DRUSEN-143,test,DRUSEN,normal,OS,.tif,1.5887668132781982
DRUSEN/143/008_Normal.tif,DRUSEN-143,test,DRUSEN,normal,OS,.tif,1.6765538454055786
DRUSEN/143/009_Normal.tif,DRUSEN-143,test,DRUSEN,normal,OS,.tif,1.7554126977920532
DRUSEN/143/010_Normal.tif,DRUSEN-143,test,DRUSEN,normal,OS,.tif,1.5748332738876343
DRUSEN/143/011_Normal.tif,DRUSEN-143,test,DRUSEN,normal,OS,.tif,1.633670449256897
DRUSEN/143/012_Normal.tif,DRUSEN-143,test,DRUSEN,normal,OS,.tif,1.5188837051391602
DRUSEN/143/013_Normal.tif,DRUSEN-143,test,DRUSEN,normal,OS,.tif,1.4713928699493408
DRUSEN/143/014_Normal.tif,DRUSEN-143,test,DRUSEN,normal,OS,.tif,1.4664857387542725
DRUSEN/143/015_Normal.tif,DRUSEN-143,test,DRUSEN,normal,OS,.tif,1.5886116027832031
DRUSEN/143/016_Normal.tif,DRUSEN-143,test,DRUSEN,normal,OS,.tif,1.6154652833938599
DRUSEN/143/017_Normal.tif,DRUSEN-143,test,DRUSEN,normal,OS,.tif,1.6287336349487305
DRUSEN/143/018_Normal.tif,DRUSEN-143,test,DRUSEN,normal,OS,.tif,1.6412222385406494
DRUSEN/143/019_Normal.tif,DRUSEN-143,test,DRUSEN,normal,OS,.tif,1.5527881383895874
DRUSEN/143/020_Normal.tif,DRUSEN-143,test,DRUSEN,normal,OS,.tif,1.710828185081482
DRUSEN/143/021_Normal.tif,DRUSEN-143,test,DRUSEN,normal,OS,.tif,1.6178442239761353
DRUSEN/143/022_Normal.tif,DRUSEN-143,test,DRUSEN,normal,OS,.tif,1.4348106384277344
DRUSEN/143/023_Normal.tif,DRUSEN-143,test,DRUSEN,normal,OS,.tif,1.428491473197937
DRUSEN/143/024_Drusen.tif,DRUSEN-143,test,DRUSEN,drusen,OS,.tif,1.5318547487258911
DRUSEN/143/025_Drusen.tif,DRUSEN-143,test,DRUSEN,drusen,OS,.tif,1.4833495616912842
DRUSEN/143/026_Drusen.tif,DRUSEN-143,test,DRUSEN,drusen,OS,.tif,1.520188331604004
DRUSEN/143/027_Drusen.tif,DRUSEN-143,test,DRUSEN,drusen,OS,.tif,1.6082149744033813
DRUSEN/143/028_Drusen.tif,DRUSEN-143,test,DRUSEN,drusen,OS,.tif,1.5627857446670532
DRUSEN/143/029_Normal.tif,DRUSEN-143,test,DRUSEN,normal,OS,.tif,1.7728437185287476
DRUSEN/143/030_Drusen.tif,DRUSEN-143,test,DRUSEN,drusen,OS,.tif,1.7235159873962402
DRUSEN/146/000_Drusen.tif,DRUSEN-146,test,DRUSEN,drusen,OD,.tif,1.5374191999435425
DRUSEN/146/001_Drusen.tif,DRUSEN-146,test,DRUSEN,drusen,OD,.tif,1.6330617666244507
DRUSEN/146/002_Drusen.tif,DRUSEN-146,test,DRUSEN,drusen,OD,.tif,1.5013700723648071
DRUSEN/146/003_Drusen.tif,DRUSEN-146,test,DRUSEN,drusen,OD,.tif,1.5969159603118896
DRUSEN/146/004_Drusen.tif,DRUSEN-146,test,DRUSEN,drusen,OD,.tif,1.5154314041137695
DRUSEN/146/005_Normal.tif,DRUSEN-146,test,DRUSEN,normal,OD,.tif,1.5590710639953613
DRUSEN/146/006_Drusen.tif,DRUSEN-146,test,DRUSEN,drusen,OD,.tif,1.5634194612503052
DRUSEN/146/007_Normal.tif,DRUSEN-146,test,DRUSEN,normal,OD,.tif,1.568125605583191
DRUSEN/146/008_Drusen.tif,DRUSEN-146,test,DRUSEN,drusen,OD,.tif,1.5827116966247559
DRUSEN/146/009_Drusen.tif,DRUSEN-146,test,DRUSEN,drusen,OD,.tif,1.552415132522583
DRUSEN/146/010_Drusen.tif,DRUSEN-146,test,DRUSEN,drusen,OD,.tif,1.556578516960144
DRUSEN/146/011_Drusen.tif,DRUSEN-146,test,DRUSEN,drusen,OD,.tif,1.5634195804595947
DRUSEN/146/012_Drusen.tif,DRUSEN-146,test,DRUSEN,drusen,OD,.tif,1.5621707439422607
DRUSEN/146/013_Drusen.tif,DRUSEN-146,test,DRUSEN,drusen,OD,.tif,1.5977975130081177
DRUSEN/146/014_Drusen.tif,DRUSEN-146,test,DRUSEN,drusen,OD,.tif,1.6723755598068237
DRUSEN/146/015_Drusen.tif,DRUSEN-146,test,DRUSEN,drusen,OD,.tif,1.5998384952545166
DRUSEN/146/016_Drusen.tif,DRUSEN-146,test,DRUSEN,drusen,OD,.tif,1.713487982749939
DRUSEN/146/017_Drusen.tif,DRUSEN-146,test,DRUSEN,drusen,OD,.tif,1.754685640335083
DRUSEN/146/018_Drusen.tif,DRUSEN-146,test,DRUSEN,drusen,OD,.tif,1.7200793027877808
DRUSEN/146/019_Drusen.tif,DRUSEN-146,test,DRUSEN,drusen,OD,.tif,1.7355477809906006
DRUSEN/146/020_Drusen.tif,DRUSEN-146,test,DRUSEN,drusen,OD,.tif,1.7686101198196411
DRUSEN/146/021_Drusen.tif,DRUSEN-146,test,DRUSEN,drusen,OD,.tif,1.8430620431900024
DRUSEN/146/022_Drusen.tif,DRUSEN-146,test,DRUSEN,drusen,OD,.tif,1.9798840284347534
DRUSEN/146/023_Drusen.tif,DRUSEN-146,test,DRUSEN,drusen,OD,.tif,1.894155502319336
DRUSEN/146/024_Drusen.tif,DRUSEN-146,test,DRUSEN,drusen,OD,.tif,1.8054002523422241
DRUSEN/146/025_Drusen.tif,DRUSEN-146,test,DRUSEN,drusen,OD,.tif,1.8471508026123047
DRUSEN/146/026_Drusen.tif,DRUSEN-146,test,DRUSEN,drusen,OD,.tif,1.7705121040344238
DRUSEN/146/027_Drusen.tif,DRUSEN-146,test,DRUSEN,drusen,OD,.tif,1.6915881633758545
DRUSEN/146/028_Drusen.tif,DRUSEN-146,test,DRUSEN,drusen,OD,.tif,1.61763596534729
DRUSEN/146/029_Drusen.tif,DRUSEN-146,test,DRUSEN,drusen,OD,.tif,1.5643316507339478
DRUSEN/146/030_Drusen.tif,DRUSEN-146,test,DRUSEN,drusen,OD,.tif,1.579883098602295
DRUSEN/147/000_Normal.tif,DRUSEN-147,test,DRUSEN,normal,OD,.tif,1.7006841897964478
DRUSEN/147/001_Normal.tif,DRUSEN-147,test,DRUSEN,normal,OD,.tif,1.677597999572754
DRUSEN/147/002_Normal.tif,DRUSEN-147,test,DRUSEN,normal,OD,.tif,1.707399606704712
DRUSEN/147/003_Normal.tif,DRUSEN-147,test,DRUSEN,normal,OD,.tif,1.5306497812271118
DRUSEN/147/004_Normal.tif,DRUSEN-147,test,DRUSEN,normal,OD,.tif,1.4924167394638062
DRUSEN/147/005_Normal.tif,DRUSEN-147,test,DRUSEN,normal,OD,.tif,1.5814733505249023
DRUSEN/147/006_Normal.tif,DRUSEN-147,test,DRUSEN,normal,OD,.tif,1.5681418180465698
DRUSEN/147/007_Normal.tif,DRUSEN-147,test,DRUSEN,normal,OD,.tif,1.5909615755081177
DRUSEN/147/008_Drusen.tif,DRUSEN-147,test,DRUSEN,drusen,OD,.tif,1.570542335510254
DRUSEN/147/009_Drusen.tif,DRUSEN-147,test,DRUSEN,drusen,OD,.tif,1.5670051574707031
DRUSEN/147/010_Drusen.tif,DRUSEN-147,test,DRUSEN,drusen,OD,.tif,1.5402406454086304
DRUSEN/147/011_Drusen.tif,DRUSEN-147,test,DRUSEN,drusen,OD,.tif,1.7237266302108765
DRUSEN/147/012_Drusen.tif,DRUSEN-147,test,DRUSEN,drusen,OD,.tif,1.881564736366272
DRUSEN/147/013_Drusen.tif,DRUSEN-147,test,DRUSEN,drusen,OD,.tif,1.9821780920028687
DRUSEN/147/014_Drusen.tif,DRUSEN-147,test,DRUSEN,drusen,OD,.tif,1.8622077703475952
DRUSEN/147/015_Drusen.tif,DRUSEN-147,test,DRUSEN,drusen,OD,.tif,1.7554266452789307
DRUSEN/147/016_Drusen.tif,DRUSEN-147,test,DRUSEN,drusen,OD,.tif,1.870834469795227
DRUSEN/147/017_Drusen.tif,DRUSEN-147,test,DRUSEN,drusen,OD,.tif,1.6467021703720093
DRUSEN/147/018_Drusen.tif,DRUSEN-147,test,DRUSEN,drusen,OD,.tif,1.6338727474212646
DRUSEN/147/019_Drusen.tif,DRUSEN-147,test,DRUSEN,drusen,OD,.tif,1.6595966815948486
DRUSEN/147/020_Normal.tif,DRUSEN-147,test,DRUSEN,normal,OD,.tif,1.628540277481079
DRUSEN/147/021_Normal.tif,DRUSEN-147,test,DRUSEN,normal,OD,.tif,1.8103276491165161
DRUSEN/147/022_Normal.tif,DRUSEN-147,test,DRUSEN,normal,OD,.tif,1.616378664970398
DRUSEN/147/023_Normal.tif,DRUSEN-147,test,DRUSEN,normal,OD,.tif,1.6220782995224
DRUSEN/147/024_Drusen.tif,DRUSEN-147,test,DRUSEN,drusen,OD,.tif,1.6708190441131592
DRUSEN/147/025_Normal.tif,DRUSEN-147,test,DRUSEN,normal,OD,.tif,1.6079281568527222
DRUSEN/147/026_Normal.tif,DRUSEN-147,test,DRUSEN,normal,OD,.tif,1.7084089517593384
DRUSEN/147/027_Normal.tif,DRUSEN-147,test,DRUSEN,normal,OD,.tif,1.697603464126587
DRUSEN/147/028_Normal.tif,DRUSEN-147,test,DRUSEN,normal,OD,.tif,1.664542317390442
DRUSEN/147/029_Normal.tif,DRUSEN-147,test,DRUSEN,normal,OD,.tif,1.6958128213882446
DRUSEN/147/030_Normal.tif,DRUSEN-147,test,DRUSEN,normal,OD,.tif,1.7295490503311157
DRUSEN/150/000_Normal.tif,DRUSEN-150,test,DRUSEN,normal,OD,.tif,1.432358741760254
DRUSEN/150/001_Normal.tif,DRUSEN-150,test,DRUSEN,normal,OD,.tif,1.4112815856933594
DRUSEN/150/002_Normal.tif,DRUSEN-150,test,DRUSEN,normal,OD,.tif,1.487500548362732
DRUSEN/150/003_Normal.tif,DRUSEN-150,test,DRUSEN,normal,OD,.tif,1.5342447757720947
DRUSEN/150/004_Normal.tif,DRUSEN-150,test,DRUSEN,normal,OD,.tif,1.506386399269104
DRUSEN/150/005_Normal.tif,DRUSEN-150,test,DRUSEN,normal,OD,.tif,1.4797134399414062
DRUSEN/150/006_Normal.tif,DRUSEN-150,test,DRUSEN,normal,OD,.tif,1.5090010166168213
DRUSEN/150/007_Normal.tif,DRUSEN-150,test,DRUSEN,normal,OD,.tif,1.56864595413208
DRUSEN/150/008_Normal.tif,DRUSEN-150,test,DRUSEN,normal,OD,.tif,1.5924681425094604
DRUSEN/150/010_Drusen.tif,DRUSEN-150,test,DRUSEN,drusen,OD,.tif,1.594136118888855
DRUSEN/150/011_Drusen.tif,DRUSEN-150,test,DRUSEN,drusen,OD,.tif,1.4098968505859375
DRUSEN/150/012_Drusen.tif,DRUSEN-150,test,DRUSEN,drusen,OD,.tif,1.6295042037963867
DRUSEN/150/013_Drusen.tif,DRUSEN-150,test,DRUSEN,drusen,OD,.tif,1.6740591526031494
DRUSEN/150/014_Drusen.tif,DRUSEN-150,test,DRUSEN,drusen,OD,.tif,1.776550531387329
DRUSEN/150/015_Drusen.tif,DRUSEN-150,test,DRUSEN,drusen,OD,.tif,1.6815992593765259
DRUSEN/150/016_Drusen.tif,DRUSEN-150,test,DRUSEN,drusen,OD,.tif,1.6505441665649414
DRUSEN/150/017_Drusen.tif,DRUSEN-150,test,DRUSEN,drusen,OD,.tif,1.6370484828948975
DRUSEN/150/018_Drusen.tif,DRUSEN-150,test,DRUSEN,drusen,OD,.tif,1.6097815036773682
DRUSEN/150/019_Drusen.tif,DRUSEN-150,test,DRUSEN,drusen,OD,.tif,1.5533874034881592
DRUSEN/150/020_Drusen.tif,DRUSEN-150,test,DRUSEN,drusen,OD,.tif,1.4559061527252197
DRUSEN/150/021_Normal.tif,DRUSEN-150,test,DRUSEN,normal,OD,.tif,1.5114719867706299
DRUSEN/150/022_Normal.tif,DRUSEN-150,test,DRUSEN,normal,OD,.tif,1.5366995334625244
DRUSEN/150/023_Normal.tif,DRUSEN-150,test,DRUSEN,normal,OD,.tif,1.5957409143447876
DRUSEN/150/024_Normal.tif,DRUSEN-150,test,DRUSEN,normal,OD,.tif,1.5499643087387085
DRUSEN/150/025_Normal.tif,DRUSEN-150,test,DRUSEN,normal,OD,.tif,1.4419976472854614
DRUSEN/150/026_Normal.tif,DRUSEN-150,test,DRUSEN,normal,OD,.tif,1.4970974922180176
DRUSEN/150/027_Normal.tif,DRUSEN-150,test,DRUSEN,normal,OD,.tif,1.4266067743301392
DRUSEN/150/028_Normal.tif,DRUSEN-150,test,DRUSEN,normal,OD,.tif,1.4929208755493164
DRUSEN/150/029_Normal.tif,DRUSEN-150,test,DRUSEN,normal,OD,.tif,1.4869749546051025
DRUSEN/150/030_Normal.tif,DRUSEN-150,test,DRUSEN,normal,OD,.tif,1.4269671440124512
DRUSEN/152/000_Normal.tif,DRUSEN-152,test,DRUSEN,normal,OD,.tif,2.1340184211730957
DRUSEN/152/001_Normal.tif,DRUSEN-152,test,DRUSEN,normal,OD,.tif,2.073245048522949
DRUSEN/152/002_Normal.tif,DRUSEN-152,test,DRUSEN,normal,OD,.tif,2.1421585083007812
DRUSEN/152/003_Normal.tif,DRUSEN-152,test,DRUSEN,normal,OD,.tif,2.256976366043091
DRUSEN/152/004_Normal.tif,DRUSEN-152,test,DRUSEN,normal,OD,.tif,2.3392884731292725
DRUSEN/152/005_Normal.tif,DRUSEN-152,test,DRUSEN,normal,OD,.tif,2.275315523147583
DRUSEN/152/006_Normal.tif,DRUSEN-152,test,DRUSEN,normal,OD,.tif,2.2871387004852295
DRUSEN/152/007_Normal.tif,DRUSEN-152,test,DRUSEN,normal,OD,.tif,2.0891711711883545
DRUSEN/152/008_Normal.tif,DRUSEN-152,test,DRUSEN,normal,OD,.tif,2.1643950939178467
DRUSEN/152/009_Normal.tif,DRUSEN-152,test,DRUSEN,normal,OD,.tif,2.1562321186065674
DRUSEN/152/010_Normal.tif,DRUSEN-152,test,DRUSEN,normal,OD,.tif,2.057654857635498
DRUSEN/152/011_Normal.tif,DRUSEN-152,test,DRUSEN,normal,OD,.tif,2.006967782974243
DRUSEN/152/012_Drusen.tif,DRUSEN-152,test,DRUSEN,drusen,OD,.tif,2.0101661682128906
DRUSEN/152/013_Drusen.tif,DRUSEN-152,test,DRUSEN,drusen,OD,.tif,2.1050641536712646
DRUSEN/152/014_Drusen.tif,DRUSEN-152,test,DRUSEN,drusen,OD,.tif,1.953701138496399
DRUSEN/152/015_Drusen.tif,DRUSEN-152,test,DRUSEN,drusen,OD,.tif,1.9699666500091553
DRUSEN/152/016_Drusen.tif,DRUSEN-152,test,DRUSEN,drusen,OD,.tif,2.0753653049468994
DRUSEN/152/017_Normal.tif,DRUSEN-152,test,DRUSEN,normal,OD,.tif,1.935219168663025
DRUSEN/152/018_Normal.tif,DRUSEN-152,test,DRUSEN,normal,OD,.tif,1.7923429012298584
DRUSEN/152/019_Normal.tif,DRUSEN-152,test,DRUSEN,normal,OD,.tif,1.7993364334106445
DRUSEN/152/020_Normal.tif,DRUSEN-152,test,DRUSEN,normal,OD,.tif,1.8016831874847412
DRUSEN/152/021_Normal.tif,DRUSEN-152,test,DRUSEN,normal,OD,.tif,1.8787707090377808
DRUSEN/152/022_Normal.tif,DRUSEN-152,test,DRUSEN,normal,OD,.tif,1.8216875791549683
DRUSEN/152/023_Normal.tif,DRUSEN-152,test,DRUSEN,normal,OD,.tif,1.8716257810592651
DRUSEN/152/024_Normal.tif,DRUSEN-152,test,DRUSEN,normal,OD,.tif,1.9304072856903076
DRUSEN/152/025_Normal.tif,DRUSEN-152,test,DRUSEN,normal,OD,.tif,2.0476295948028564
DRUSEN/152/026_Normal.tif,DRUSEN-152,test,DRUSEN,normal,OD,.tif,1.9402797222137451
DRUSEN/152/027_Normal.tif,DRUSEN-152,test,DRUSEN,normal,OD,.tif,1.8468239307403564
DRUSEN/152/028_Normal.tif,DRUSEN-152,test,DRUSEN,normal,OD,.tif,1.8819259405136108
DRUSEN/152/029_Normal.tif,DRUSEN-152,test,DRUSEN,normal,OD,.tif,1.8646736145019531
DRUSEN/152/030_Normal.tif,DRUSEN-152,test,DRUSEN,normal,OD,.tif,1.8303874731063843
DRUSEN/154/000_Drusen.tif,DRUSEN-154,test,DRUSEN,drusen,OD,.tif,1.7796003818511963
DRUSEN/154/001_Drusen.tif,DRUSEN-154,test,DRUSEN,drusen,OD,.tif,1.8340437412261963
DRUSEN/154/002_Drusen.tif,DRUSEN-154,test,DRUSEN,drusen,OD,.tif,1.749319076538086
DRUSEN/154/003_Drusen.tif,DRUSEN-154,test,DRUSEN,drusen,OD,.tif,1.8773915767669678
DRUSEN/154/004_Drusen.tif,DRUSEN-154,test,DRUSEN,drusen,OD,.tif,1.9444996118545532
DRUSEN/154/005_Drusen.tif,DRUSEN-154,test,DRUSEN,drusen,OD,.tif,2.0980029106140137
DRUSEN/154/006_Drusen.tif,DRUSEN-154,test,DRUSEN,drusen,OD,.tif,2.0325427055358887
DRUSEN/154/007_Drusen.tif,DRUSEN-154,test,DRUSEN,drusen,OD,.tif,1.9597790241241455
DRUSEN/154/008_Drusen.tif,DRUSEN-154,test,DRUSEN,drusen,OD,.tif,1.86724054813385
DRUSEN/154/009_Drusen.tif,DRUSEN-154,test,DRUSEN,drusen,OD,.tif,1.5584825277328491
DRUSEN/154/010_Drusen.tif,DRUSEN-154,test,DRUSEN,drusen,OD,.tif,1.7312700748443604
DRUSEN/154/011_Drusen.tif,DRUSEN-154,test,DRUSEN,drusen,OD,.tif,1.7467858791351318
DRUSEN/154/012_Drusen.tif,DRUSEN-154,test,DRUSEN,drusen,OD,.tif,1.829785943031311
DRUSEN/154/013_Drusen.tif,DRUSEN-154,test,DRUSEN,drusen,OD,.tif,1.7085918188095093
DRUSEN/154/014_Drusen.tif,DRUSEN-154,test,DRUSEN,drusen,OD,.tif,1.8419629335403442
DRUSEN/154/015_Drusen.tif,DRUSEN-154,test,DRUSEN,drusen,OD,.tif,1.8261650800704956
DRUSEN/154/016_Drusen.tif,DRUSEN-154,test,DRUSEN,drusen,OD,.tif,1.6892073154449463
DRUSEN/154/017_Drusen.tif,DRUSEN-154,test,DRUSEN,drusen,OD,.tif,1.6161566972732544
DRUSEN/154/018_Drusen.tif,DRUSEN-154,test,DRUSEN,drusen,OD,.tif,1.6069207191467285
DRUSEN/154/019_Drusen.tif,DRUSEN-154,test,DRUSEN,drusen,OD,.tif,1.81271493434906
DRUSEN/154/020_Drusen.tif,DRUSEN-154,test,DRUSEN,drusen,OD,.tif,1.9714051485061646
DRUSEN/154/021_Drusen.tif,DRUSEN-154,test,DRUSEN,drusen,OD,.tif,1.9311232566833496
DRUSEN/154/022_Drusen.tif,DRUSEN-154,test,DRUSEN,drusen,OD,.tif,1.8894147872924805
DRUSEN/154/023_Drusen.tif,DRUSEN-154,test,DRUSEN,drusen,OD,.tif,1.9730660915374756
DRUSEN/154/024_Drusen.tif,DRUSEN-154,test,DRUSEN,drusen,OD,.tif,1.8804948329925537
DRUSEN/154/025_Drusen.tif,DRUSEN-154,test,DRUSEN,drusen,OD,.tif,1.6919944286346436
DRUSEN/154/026_Drusen.tif,DRUSEN-154,test,DRUSEN,drusen,OD,.tif,1.8175160884857178
DRUSEN/154/027_Drusen.tif,DRUSEN-154,test,DRUSEN,drusen,OD,.tif,1.8740334510803223
DRUSEN/154/028_Drusen.tif,DRUSEN-154,test,DRUSEN,drusen,OD,.tif,1.6950329542160034
DRUSEN/154/029_Drusen.tif,DRUSEN-154,test,DRUSEN,drusen,OD,.tif,1.713465929031372
DRUSEN/154/030_Drusen.tif,DRUSEN-154,test,DRUSEN,drusen,OD,.tif,1.6580884456634521
DRUSEN/155/000_Normal.tif,DRUSEN-155,test,DRUSEN,normal,OD,.tif,2.0657715797424316
DRUSEN/155/001_Normal.tif,DRUSEN-155,test,DRUSEN,normal,OD,.tif,1.944092869758606
DRUSEN/155/002_Normal.tif,DRUSEN-155,test,DRUSEN,normal,OD,.tif,1.877192735671997
DRUSEN/155/003_Normal.tif,DRUSEN-155,test,DRUSEN,normal,OD,.tif,1.805591106414795
DRUSEN/155/004_Normal.tif,DRUSEN-155,test,DRUSEN,normal,OD,.tif,1.831560730934143
DRUSEN/155/005_Normal.tif,DRUSEN-155,test,DRUSEN,normal,OD,.tif,1.8741552829742432
DRUSEN/155/006_Normal.tif,DRUSEN-155,test,DRUSEN,normal,OD,.tif,1.8123947381973267
DRUSEN/155/007_Normal.tif,DRUSEN-155,test,DRUSEN,normal,OD,.tif,1.8004026412963867
DRUSEN/155/008_Normal.tif,DRUSEN-155,test,DRUSEN,normal,OD,.tif,1.7586394548416138
DRUSEN/155/009_Normal.tif,DRUSEN-155,test,DRUSEN,normal,OD,.tif,1.6595669984817505
DRUSEN/155/010_Normal.tif,DRUSEN-155,test,DRUSEN,normal,OD,.tif,1.616600513458252
DRUSEN/155/011_Normal.tif,DRUSEN-155,test,DRUSEN,normal,OD,.tif,1.7144817113876343
DRUSEN/155/012_Normal.tif,DRUSEN-155,test,DRUSEN,normal,OD,.tif,1.6650009155273438
DRUSEN/155/013_Normal.tif,DRUSEN-155,test,DRUSEN,normal,OD,.tif,1.5810686349868774
DRUSEN/155/014_Drusen.tif,DRUSEN-155,test,DRUSEN,drusen,OD,.tif,1.7099756002426147
DRUSEN/155/015_Drusen.tif,DRUSEN-155,test,DRUSEN,drusen,OD,.tif,1.7890536785125732
DRUSEN/155/016_Drusen.tif,DRUSEN-155,test,DRUSEN,drusen,OD,.tif,1.7294172048568726
DRUSEN/155/017_Normal.tif,DRUSEN-155,test,DRUSEN,normal,OD,.tif,1.7305315732955933
DRUSEN/155/018_Drusen.tif,DRUSEN-155,test,DRUSEN,drusen,OD,.tif,1.6749532222747803
DRUSEN/155/019_Drusen.tif,DRUSEN-155,test,DRUSEN,drusen,OD,.tif,1.7109118700027466
DRUSEN/155/020_Drusen.tif,DRUSEN-155,test,DRUSEN,drusen,OD,.tif,1.67275869846344
DRUSEN/155/021_Drusen.tif,DRUSEN-155,test,DRUSEN,drusen,OD,.tif,1.7456872463226318
DRUSEN/155/022_Drusen.tif,DRUSEN-155,test,DRUSEN,drusen,OD,.tif,1.8227639198303223
DRUSEN/155/023_Drusen.tif,DRUSEN-155,test,DRUSEN,drusen,OD,.tif,1.7961586713790894
DRUSEN/155/024_Drusen.tif,DRUSEN-155,test,DRUSEN,drusen,OD,.tif,1.899417757987976
DRUSEN/155/025_Drusen.tif,DRUSEN-155,test,DRUSEN,drusen,OD,.tif,1.8973865509033203
DRUSEN/155/026_Drusen.tif,DRUSEN-155,test,DRUSEN,drusen,OD,.tif,1.8068660497665405
DRUSEN/155/027_Drusen.tif,DRUSEN-155,test,DRUSEN,drusen,OD,.tif,1.7473208904266357
DRUSEN/155/028_Drusen.tif,DRUSEN-155,test,DRUSEN,drusen,OD,.tif,1.6921461820602417
DRUSEN/155/029_Drusen.tif,DRUSEN-155,test,DRUSEN,drusen,OD,.tif,1.6469775438308716
DRUSEN/155/030_Drusen.tif,DRUSEN-155,test,DRUSEN,drusen,OD,.tif,1.7278252840042114
DRUSEN/156/000_Drusen.tif,DRUSEN-156,test,DRUSEN,drusen,OD,.tif,1.5941582918167114
DRUSEN/156/001_Normal.tif,DRUSEN-156,test,DRUSEN,normal,OD,.tif,1.6049796342849731
DRUSEN/156/002_Normal.tif,DRUSEN-156,test,DRUSEN,normal,OD,.tif,1.5753858089447021
DRUSEN/156/003_Normal.tif,DRUSEN-156,test,DRUSEN,normal,OD,.tif,1.5969172716140747
DRUSEN/156/004_Drusen.tif,DRUSEN-156,test,DRUSEN,drusen,OD,.tif,1.5784200429916382
DRUSEN/156/005_Drusen.tif,DRUSEN-156,test,DRUSEN,drusen,OD,.tif,1.626896619796753
DRUSEN/156/006_Drusen.tif,DRUSEN-156,test,DRUSEN,drusen,OD,.tif,1.6241544485092163
DRUSEN/156/007_Drusen.tif,DRUSEN-156,test,DRUSEN,drusen,OD,.tif,1.717255711555481
DRUSEN/156/008_Drusen.tif,DRUSEN-156,test,DRUSEN,drusen,OD,.tif,1.5534898042678833
DRUSEN/156/009_Drusen.tif,DRUSEN-156,test,DRUSEN,drusen,OD,.tif,1.533219337463379
DRUSEN/156/010_Drusen.tif,DRUSEN-156,test,DRUSEN,drusen,OD,.tif,1.626586675643921
DRUSEN/156/011_Drusen.tif,DRUSEN-156,test,DRUSEN,drusen,OD,.tif,1.6094211339950562
DRUSEN/156/012_Drusen.tif,DRUSEN-156,test,DRUSEN,drusen,OD,.tif,1.7278028726577759
DRUSEN/156/013_Drusen.tif,DRUSEN-156,test,DRUSEN,drusen,OD,.tif,1.6664189100265503
DRUSEN/156/014_Drusen.tif,DRUSEN-156,test,DRUSEN,drusen,OD,.tif,1.9312846660614014
DRUSEN/156/015_Drusen.tif,DRUSEN-156,test,DRUSEN,drusen,OD,.tif,1.9625920057296753
DRUSEN/156/016_Drusen.tif,DRUSEN-156,test,DRUSEN,drusen,OD,.tif,1.8064483404159546
DRUSEN/156/017_Drusen.tif,DRUSEN-156,test,DRUSEN,drusen,OD,.tif,1.6778908967971802
DRUSEN/156/018_Drusen.tif,DRUSEN-156,test,DRUSEN,drusen,OD,.tif,1.5416913032531738
DRUSEN/156/019_Drusen.tif,DRUSEN-156,test,DRUSEN,drusen,OD,.tif,1.5190463066101074
DRUSEN/156/020_Drusen.tif,DRUSEN-156,test,DRUSEN,drusen,OD,.tif,1.5514402389526367
DRUSEN/156/021_Drusen.tif,DRUSEN-156,test,DRUSEN,drusen,OD,.tif,1.558152198791504
DRUSEN/156/022_Drusen.tif,DRUSEN-156,test,DRUSEN,drusen,OD,.tif,1.5637333393096924
DRUSEN/156/023_Drusen.tif,DRUSEN-156,test,DRUSEN,drusen,OD,.tif,1.4942152500152588
DRUSEN/156/024_Drusen.tif,DRUSEN-156,test,DRUSEN,drusen,OD,.tif,1.5774636268615723
DRUSEN/156/025_Drusen.tif,DRUSEN-156,test,DRUSEN,drusen,OD,.tif,1.766007900238037
DRUSEN/156/026_Drusen.tif,DRUSEN-156,test,DRUSEN,drusen,OD,.tif,1.64846932888031
DRUSEN/156/027_Drusen.tif,DRUSEN-156,test,DRUSEN,drusen,OD,.tif,1.6802468299865723
DRUSEN/156/028_Drusen.tif,DRUSEN-156,test,DRUSEN,drusen,OD,.tif,1.5342463254928589
DRUSEN/156/029_Drusen.tif,DRUSEN-156,test,DRUSEN,drusen,OD,.tif,1.6525930166244507
DRUSEN/156/030_Drusen.tif,DRUSEN-156,test,DRUSEN,drusen,OD,.tif,1.6349443197250366
NORMAL/9/000_Normal.jpg,NORMAL-009,test,NORMAL,normal,OD,.jpg,1.9087659120559692
NORMAL/9/001_Normal.jpg,NORMAL-009,test,NORMAL,normal,OD,.jpg,1.9584137201309204
NORMAL/9/002_Normal.jpg,NORMAL-009,test,NORMAL,normal,OD,.jpg,1.9822287559509277
NORMAL/9/003_Normal.jpg,NORMAL-009,test,NORMAL,normal,OD,.jpg,2.020575761795044
NORMAL/9/004_Normal.jpg,NORMAL-009,test,NORMAL,normal,OD,.jpg,2.0511584281921387
NORMAL/9/005_Normal.jpg,NORMAL-009,test,NORMAL,normal,OD,.jpg,1.9431179761886597
NORMAL/9/006_Normal.jpg,NORMAL-009,test,NORMAL,normal,OD,.jpg,2.0254979133605957
NORMAL/9/007_Normal.jpg,NORMAL-009,test,NORMAL,normal,OD,.jpg,1.9221816062927246
NORMAL/9/008_Normal.jpg,NORMAL-009,test,NORMAL,normal,OD,.jpg,1.9469505548477173
NORMAL/9/009_Normal.jpg,NORMAL-009,test,NORMAL,normal,OD,.jpg,1.957669973373413
NORMAL/9/010_Normal.jpg,NORMAL-009,test,NORMAL,normal,OD,.jpg,1.870036005973816
NORMAL/9/011_Normal.jpg,NORMAL-009,test,NORMAL,normal,OD,.jpg,1.908849835395813
NORMAL/9/012_Normal.jpg,NORMAL-009,test,NORMAL,normal,OD,.jpg,1.9092286825180054
NORMAL/9/013_Normal.jpg,NORMAL-009,test,NORMAL,normal,OD,.jpg,1.9772162437438965
NORMAL/9/014_Normal.jpg,NORMAL-009,test,NORMAL,normal,OD,.jpg,2.0066394805908203
NORMAL/9/015_Normal.jpg,NORMAL-009,test,NORMAL,normal,OD,.jpg,2.0026907920837402
NORMAL/9/016_Normal.jpg,NORMAL-009,test,NORMAL,normal,OD,.jpg,2.0260884761810303
NORMAL/9/017_Normal.jpg,NORMAL-009,test,NORMAL,normal,OD,.jpg,2.0938780307769775
NORMAL/9/018_Normal.jpg,NORMAL-009,test,NORMAL,normal,OD,.jpg,2.0923588275909424
NORMAL/9/019_Normal.jpg,NORMAL-009,test,NORMAL,normal,OD,.jpg,1.9747320413589478
NORMAL/9/020_Normal.jpg,NORMAL-009,test,NORMAL,normal,OD,.jpg,2.0626533031463623
NORMAL/9/021_Normal.jpg,NORMAL-009,test,NORMAL,normal,OD,.jpg,1.9403365850448608
NORMAL/9/022_Normal.jpg,NORMAL-009,test,NORMAL,normal,OD,.jpg,1.9820506572723389
NORMAL/9/023_Normal.jpg,NORMAL-009,test,NORMAL,normal,OD,.jpg,1.9752229452133179
NORMAL/9/024_Normal.jpg,NORMAL-009,test,NORMAL,normal,OD,.jpg,2.054917335510254
NORMAL/9/025_Normal.jpg,NORMAL-009,test,NORMAL,normal,OD,.jpg,1.9524400234222412
NORMAL/9/026_Normal.jpg,NORMAL-009,test,NORMAL,normal,OD,.jpg,2.0327627658843994
NORMAL/9/027_Normal.jpg,NORMAL-009,test,NORMAL,normal,OD,.jpg,2.0698165893554688
NORMAL/9/028_Normal.jpg,NORMAL-009,test,NORMAL,normal,OD,.jpg,1.9857946634292603
NORMAL/9/029_Normal.jpg,NORMAL-009,test,NORMAL,normal,OD,.jpg,2.09737229347229
NORMAL/9/030_Normal.jpg,NORMAL-009,test,NORMAL,normal,OD,.jpg,1.9736582040786743
NORMAL/13/000_Normal.jpg,NORMAL-013,test,NORMAL,normal,OD,.jpg,2.1404922008514404
NORMAL/13/001_Normal.jpg,NORMAL-013,test,NORMAL,normal,OD,.jpg,1.8572258949279785
NORMAL/13/002_Normal.jpg,NORMAL-013,test,NORMAL,normal,OD,.jpg,1.931317687034607
NORMAL/13/003_Normal.jpg,NORMAL-013,test,NORMAL,normal,OD,.jpg,1.9452784061431885
NORMAL/13/004_Normal.jpg,NORMAL-013,test,NORMAL,normal,OD,.jpg,1.9865802526474
NORMAL/13/005_Normal.jpg,NORMAL-013,test,NORMAL,normal,OD,.jpg,1.8822647333145142
NORMAL/13/006_Normal.jpg,NORMAL-013,test,NORMAL,normal,OD,.jpg,1.8039274215698242
NORMAL/13/007_Normal.jpg,NORMAL-013,test,NORMAL,normal,OD,.jpg,1.842857003211975
NORMAL/13/008_Normal.jpg,NORMAL-013,test,NORMAL,normal,OD,.jpg,1.620382308959961
NORMAL/13/009_Normal.jpg,NORMAL-013,test,NORMAL,normal,OD,.jpg,1.8328683376312256
NORMAL/13/010_Normal.jpg,NORMAL-013,test,NORMAL,normal,OD,.jpg,1.698876142501831
NORMAL/13/011_Normal.jpg,NORMAL-013,test,NORMAL,normal,OD,.jpg,1.7839202880859375
NORMAL/13/012_Normal.jpg,NORMAL-013,test,NORMAL,normal,OD,.jpg,1.8586591482162476
NORMAL/13/013_Normal.jpg,NORMAL-013,test,NORMAL,normal,OD,.jpg,1.7646301984786987
NORMAL/13/014_Normal.jpg,NORMAL-013,test,NORMAL,normal,OD,.jpg,1.747002363204956
NORMAL/13/015_Normal.jpg,NORMAL-013,test,NORMAL,normal,OD,.jpg,1.8328830003738403
NORMAL/13/016_Normal.jpg,NORMAL-013,test,NORMAL,normal,OD,.jpg,1.9699974060058594
NORMAL/13/017_Normal.jpg,NORMAL-013,test,NORMAL,normal,OD,.jpg,1.899800419807434
NORMAL/13/018_Normal.jpg,NORMAL-013,test,NORMAL,normal,OD,.jpg,1.9136227369308472
NORMAL/13/019_Normal.jpg,NORMAL-013,test,NORMAL,normal,OD,.jpg,1.7568391561508179
NORMAL/13/020_Normal.jpg,NORMAL-013,test,NORMAL,normal,OD,.jpg,1.7277944087982178
NORMAL/13/021_Normal.jpg,NORMAL-013,test,NORMAL,normal,OD,.jpg,1.7191096544265747
NORMAL/13/022_Normal.jpg,NORMAL-013,test,NORMAL,normal,OD,.jpg,1.6703194379806519
NORMAL/13/023_Normal.jpg,NORMAL-013,test,NORMAL,normal,OD,.jpg,1.6871360540390015
NORMAL/13/024_Normal.jpg,NORMAL-013,test,NORMAL,normal,OD,.jpg,1.6204980611801147
NORMAL/13/025_Normal.jpg,NORMAL-013,test,NORMAL,normal,OD,.jpg,1.6292760372161865
NORMAL/13/026_Normal.jpg,NORMAL-013,test,NORMAL,normal,OD,.jpg,1.7101709842681885
NORMAL/13/027_Normal.jpg,NORMAL-013,test,NORMAL,normal,OD,.jpg,1.5950089693069458
NORMAL/13/028_Normal.jpg,NORMAL-013,test,NORMAL,normal,OD,.jpg,1.6670085191726685
NORMAL/13/029_Normal.jpg,NORMAL-013,test,NORMAL,normal,OD,.jpg,1.596056580543518
NORMAL/13/030_Normal.jpg,NORMAL-013,test,NORMAL,normal,OD,.jpg,1.5231797695159912
NORMAL/14/OD/000_Normal.jpg,NORMAL-014,test,NORMAL,normal,OD,.jpg,1.7228971719741821
NORMAL/14/OD/001_Normal.jpg,NORMAL-014,test,NORMAL,normal,OD,.jpg,1.7270495891571045
NORMAL/14/OD/002_Normal.jpg,NORMAL-014,test,NORMAL,normal,OD,.jpg,1.908556342124939
NORMAL/14/OD/003_Normal.jpg,NORMAL-014,test,NORMAL,normal,OD,.jpg,1.9256095886230469
NORMAL/14/OD/004_Normal.jpg,NORMAL-014,test,NORMAL,normal,OD,.jpg,2.0028178691864014
NORMAL/14/OD/005_Normal.jpg,NORMAL-014,test,NORMAL,normal,OD,.jpg,2.04250431060791
NORMAL/14/OD/006_Normal.jpg,NORMAL-014,test,NORMAL,normal,OD,.jpg,1.992875576019287
NORMAL/14/OD/007_Normal.jpg,NORMAL-014,test,NORMAL,normal,OD,.jpg,2.023196220397949
NORMAL/14/OD/008_Normal.jpg,NORMAL-014,test,NORMAL,normal,OD,.jpg,1.8692169189453125
NORMAL/14/OD/009_Normal.jpg,NORMAL-014,test,NORMAL,normal,OD,.jpg,1.830680251121521
NORMAL/14/OD/010_Normal.jpg,NORMAL-014,test,NORMAL,normal,OD,.jpg,1.8390920162200928
NORMAL/14/OD/011_Normal.jpg,NORMAL-014,test,NORMAL,normal,OD,.jpg,1.8487426042556763
NORMAL/14/OD/012_Normal.jpg,NORMAL-014,test,NORMAL,normal,OD,.jpg,1.9221301078796387
NORMAL/14/OD/013_Normal.jpg,NORMAL-014,test,NORMAL,normal,OD,.jpg,1.9882614612579346
NORMAL/14/OD/014_Normal.jpg,NORMAL-014,test,NORMAL,normal,OD,.jpg,2.0869970321655273
NORMAL/14/OD/015_Normal.jpg,NORMAL-014,test,NORMAL,normal,OD,.jpg,2.2353553771972656
NORMAL/14/OD/016_Normal.jpg,NORMAL-014,test,NORMAL,normal,OD,.jpg,2.1721134185791016
NORMAL/14/OD/017_Normal.jpg,NORMAL-014,test,NORMAL,normal,OD,.jpg,2.02781343460083
NORMAL/14/OD/018_Normal.jpg,NORMAL-014,test,NORMAL,normal,OD,.jpg,1.9156142473220825
NORMAL/14/OD/019_Normal.jpg,NORMAL-014,test,NORMAL,normal,OD,.jpg,1.8666123151779175
NORMAL/14/OD/020_Normal.jpg,NORMAL-014,test,NORMAL,normal,OD,.jpg,1.8493989706039429
NORMAL/14/OD/021_Normal.jpg,NORMAL-014,test,NORMAL,normal,OD,.jpg,1.8989300727844238
NORMAL/14/OD/022_Normal.jpg,NORMAL-014,test,NORMAL,normal,OD,.jpg,1.898781180381775
NORMAL/14/OD/023_Normal.jpg,NORMAL-014,test,NORMAL,normal,OD,.jpg,1.9866881370544434
NORMAL/14/OD/024_Normal.jpg,NORMAL-014,test,NORMAL,normal,OD,.jpg,2.136307716369629
NORMAL/14/OD/025_Normal.jpg,NORMAL-014,test,NORMAL,normal,OD,.jpg,2.147421360015869
NORMAL/14/OD/026_Normal.jpg,NORMAL-014,test,NORMAL,normal,OD,.jpg,2.2000131607055664
NORMAL/14/OD/027_Normal.jpg,NORMAL-014,test,NORMAL,normal,OD,.jpg,2.3998007774353027
NORMAL/14/OD/028_Normal.jpg,NORMAL-014,test,NORMAL,normal,OD,.jpg,2.4057776927948
NORMAL/14/OD/029_Normal.jpg,NORMAL-014,test,NORMAL,normal,OD,.jpg,2.241882562637329
NORMAL/14/OD/030_Normal.jpg,NORMAL-014,test,NORMAL,normal,OD,.jpg,2.1488230228424072
NORMAL/14/OS/000_Normal.jpg,NORMAL-014,test,NORMAL,normal,OS,.jpg,1.9756721258163452
NORMAL/14/OS/001_Normal.jpg,NORMAL-014,test,NORMAL,normal,OS,.jpg,2.0654685497283936
NORMAL/14/OS/002_Normal.jpg,NORMAL-014,test,NORMAL,normal,OS,.jpg,2.1616666316986084
NORMAL/14/OS/003_Normal.jpg,NORMAL-014,test,NORMAL,normal,OS,.jpg,2.0341756343841553
NORMAL/14/OS/004_Normal.jpg,NORMAL-014,test,NORMAL,normal,OS,.jpg,2.016366720199585
NORMAL/14/OS/005_Normal.jpg,NORMAL-014,test,NORMAL,normal,OS,.jpg,1.9288560152053833
NORMAL/14/OS/006_Normal.jpg,NORMAL-014,test,NORMAL,normal,OS,.jpg,2.0019803047180176
NORMAL/14/OS/007_Normal.jpg,NORMAL-014,test,NORMAL,normal,OS,.jpg,1.9712506532669067
NORMAL/14/OS/008_Normal.jpg,NORMAL-014,test,NORMAL,normal,OS,.jpg,2.0582973957061768
NORMAL/14/OS/009_Normal.jpg,NORMAL-014,test,NORMAL,normal,OS,.jpg,2.197758674621582
NORMAL/14/OS/010_Normal.jpg,NORMAL-014,test,NORMAL,normal,OS,.jpg,2.0806021690368652
NORMAL/14/OS/011_Normal.jpg,NORMAL-014,test,NORMAL,normal,OS,.jpg,2.0152854919433594
NORMAL/14/OS/012_Normal.jpg,NORMAL-014,test,NORMAL,normal,OS,.jpg,2.036419153213501
NORMAL/14/OS/013_Normal.jpg,NORMAL-014,test,NORMAL,normal,OS,.jpg,2.1328446865081787
NORMAL/14/OS/014_Normal.jpg,NORMAL-014,test,NORMAL,normal,OS,.jpg,2.161604642868042
NORMAL/14/OS/015_Normal.jpg,NORMAL-014,test,NORMAL,normal,OS,.jpg,2.1278345584869385
NORMAL/14/OS/016_Normal.jpg,NORMAL-014,test,NORMAL,normal,OS,.jpg,2.151299476623535
NORMAL/14/OS/017_Normal.jpg,NORMAL-014,test,NORMAL,normal,OS,.jpg,2.2359166145324707
NORMAL/14/OS/018_Normal.jpg,NORMAL-014,test,NORMAL,normal,OS,.jpg,2.156121253967285
NORMAL/14/OS/019_Normal.jpg,NORMAL-014,test,NORMAL,normal,OS,.jpg,2.178159236907959
NORMAL/14/OS/020_Normal.jpg,NORMAL-014,test,NORMAL,normal,OS,.jpg,2.1660847663879395
NORMAL/14/OS/021_Normal.jpg,NORMAL-014,test,NORMAL,normal,OS,.jpg,2.160510301589966
NORMAL/14/OS/022_Normal.jpg,NORMAL-014,test,NORMAL,normal,OS,.jpg,2.0406267642974854
NORMAL/14/OS/023_Normal.jpg,NORMAL-014,test,NORMAL,normal,OS,.jpg,2.1215057373046875
NORMAL/14/OS/024_Normal.jpg,NORMAL-014,test,NORMAL,normal,OS,.jpg,2.119023323059082
NORMAL/14/OS/025_Normal.jpg,NORMAL-014,test,NORMAL,normal,OS,.jpg,1.9977749586105347
NORMAL/14/OS/026_Normal.jpg,NORMAL-014,test,NORMAL,normal,OS,.jpg,2.0293807983398438
NORMAL/14/OS/027_Normal.jpg,NORMAL-014,test,NORMAL,normal,OS,.jpg,1.9715001583099365
NORMAL/14/OS/028_Normal.jpg,NORMAL-014,test,NORMAL,normal,OS,.jpg,2.1021535396575928
NORMAL/14/OS/029_Normal.jpg,NORMAL-014,test,NORMAL,normal,OS,.jpg,1.9566082954406738
NORMAL/14/OS/030_Normal.jpg,NORMAL-014,test,NORMAL,normal,OS,.jpg,2.0341923236846924
NORMAL/15/OD/000_Normal.jpg,NORMAL-015,test,NORMAL,normal,OD,.jpg,1.793561577796936
NORMAL/15/OD/001_Normal.jpg,NORMAL-015,test,NORMAL,normal,OD,.jpg,1.8650894165039062
NORMAL/15/OD/002_Normal.jpg,NORMAL-015,test,NORMAL,normal,OD,.jpg,1.9304512739181519
NORMAL/15/OD/003_Normal.jpg,NORMAL-015,test,NORMAL,normal,OD,.jpg,1.9277409315109253
NORMAL/15/OD/004_Normal.jpg,NORMAL-015,test,NORMAL,normal,OD,.jpg,1.9749501943588257
NORMAL/15/OD/005_Normal.jpg,NORMAL-015,test,NORMAL,normal,OD,.jpg,2.0069777965545654
NORMAL/15/OD/006_Normal.jpg,NORMAL-015,test,NORMAL,normal,OD,.jpg,2.0081334114074707
NORMAL/15/OD/007_Normal.jpg,NORMAL-015,test,NORMAL,normal,OD,.jpg,1.9676188230514526
NORMAL/15/OD/008_Normal.jpg,NORMAL-015,test,NORMAL,normal,OD,.jpg,2.001734733581543
NORMAL/15/OD/009_Normal.jpg,NORMAL-015,test,NORMAL,normal,OD,.jpg,2.122776508331299
NORMAL/15/OD/010_Normal.jpg,NORMAL-015,test,NORMAL,normal,OD,.jpg,2.037916421890259
NORMAL/15/OD/011_Normal.jpg,NORMAL-015,test,NORMAL,normal,OD,.jpg,1.9553898572921753
NORMAL/15/OD/012_Normal.jpg,NORMAL-015,test,NORMAL,normal,OD,.jpg,1.9916571378707886
NORMAL/15/OD/013_Normal.jpg,NORMAL-015,test,NORMAL,normal,OD,.jpg,1.9924800395965576
NORMAL/15/OD/014_Normal.jpg,NORMAL-015,test,NORMAL,normal,OD,.jpg,2.021723747253418
NORMAL/15/OD/015_Normal.jpg,NORMAL-015,test,NORMAL,normal,OD,.jpg,1.9891269207000732
NORMAL/15/OD/016_Normal.jpg,NORMAL-015,test,NORMAL,normal,OD,.jpg,1.9454745054244995
NORMAL/15/OD/017_Normal.jpg,NORMAL-015,test,NORMAL,normal,OD,.jpg,2.020874500274658
NORMAL/15/OD/018_Normal.jpg,NORMAL-015,test,NORMAL,normal,OD,.jpg,2.094054937362671
NORMAL/15/OD/019_Normal.jpg,NORMAL-015,test,NORMAL,normal,OD,.jpg,1.8653926849365234
NORMAL/15/OD/020_Normal.jpg,NORMAL-015,test,NORMAL,normal,OD,.jpg,1.9359493255615234
NORMAL/15/OD/021_Normal.jpg,NORMAL-015,test,NORMAL,normal,OD,.jpg,2.092910051345825
NORMAL/15/OD/022_Normal.jpg,NORMAL-015,test,NORMAL,normal,OD,.jpg,2.0762903690338135
NORMAL/15/OD/023_Normal.jpg,NORMAL-015,test,NORMAL,normal,OD,.jpg,2.0926713943481445
NORMAL/15/OD/024_Normal.jpg,NORMAL-015,test,NORMAL,normal,OD,.jpg,2.0821547508239746
NORMAL/15/OD/025_Normal.jpg,NORMAL-015,test,NORMAL,normal,OD,.jpg,2.1098477840423584
NORMAL/15/OD/026_Normal.jpg,NORMAL-015,test,NORMAL,normal,OD,.jpg,2.182602643966675
NORMAL/15/OD/027_Normal.jpg,NORMAL-015,test,NORMAL,normal,OD,.jpg,2.061979293823242
NORMAL/15/OD/028_Normal.jpg,NORMAL-015,test,NORMAL,normal,OD,.jpg,2.022693395614624
NORMAL/15/OD/029_Normal.jpg,NORMAL-015,test,NORMAL,normal,OD,.jpg,1.9635732173919678
NORMAL/15/OD/030_Normal.jpg,NORMAL-015,test,NORMAL,normal,OD,.jpg,2.0088679790496826
NORMAL/15/OS/000_Normal.jpg,NORMAL-015,test,NORMAL,normal,OS,.jpg,1.699564814567566
NORMAL/15/OS/001_Normal.jpg,NORMAL-015,test,NORMAL,normal,OS,.jpg,1.84498131275177
NORMAL/15/OS/002_Normal.jpg,NORMAL-015,test,NORMAL,normal,OS,.jpg,1.873375415802002
NORMAL/15/OS/003_Normal.jpg,NORMAL-015,test,NORMAL,normal,OS,.jpg,1.9627647399902344
NORMAL/15/OS/004_Normal.jpg,NORMAL-015,test,NORMAL,normal,OS,.jpg,1.9479353427886963
NORMAL/15/OS/005_Normal.jpg,NORMAL-015,test,NORMAL,normal,OS,.jpg,1.9033781290054321
NORMAL/15/OS/006_Normal.jpg,NORMAL-015,test,NORMAL,normal,OS,.jpg,1.756765604019165
NORMAL/15/OS/007_Normal.jpg,NORMAL-015,test,NORMAL,normal,OS,.jpg,1.8012324571609497
NORMAL/15/OS/008_Normal.jpg,NORMAL-015,test,NORMAL,normal,OS,.jpg,1.7454886436462402
NORMAL/15/OS/009_Normal.jpg,NORMAL-015,test,NORMAL,normal,OS,.jpg,1.7487858533859253
NORMAL/15/OS/010_Normal.jpg,NORMAL-015,test,NORMAL,normal,OS,.jpg,1.7068485021591187
NORMAL/15/OS/011_Normal.jpg,NORMAL-015,test,NORMAL,normal,OS,.jpg,1.7523213624954224
NORMAL/15/OS/012_Normal.jpg,NORMAL-015,test,NORMAL,normal,OS,.jpg,1.7355430126190186
NORMAL/15/OS/013_Normal.jpg,NORMAL-015,test,NORMAL,normal,OS,.jpg,1.7455615997314453
NORMAL/15/OS/014_Normal.jpg,NORMAL-015,test,NORMAL,normal,OS,.jpg,1.742286205291748
NORMAL/15/OS/015_Normal.jpg,NORMAL-015,test,NORMAL,normal,OS,.jpg,1.753393292427063
NORMAL/15/OS/016_Normal.jpg,NORMAL-015,test,NORMAL,normal,OS,.jpg,1.9043676853179932
NORMAL/15/OS/017_Normal.jpg,NORMAL-015,test,NORMAL,normal,OS,.jpg,1.831254005432129
NORMAL/15/OS/018_Normal.jpg,NORMAL-015,test,NORMAL,normal,OS,.jpg,2.006208896636963
NORMAL/15/OS/019_Normal.jpg,NORMAL-015,test,NORMAL,normal,OS,.jpg,1.9588937759399414
NORMAL/15/OS/020_Normal.jpg,NORMAL-015,test,NORMAL,normal,OS,.jpg,2.0250205993652344
NORMAL/15/OS/021_Normal.jpg,NORMAL-015,test,NORMAL,normal,OS,.jpg,2.0849802494049072
NORMAL/15/OS/022_Normal.jpg,NORMAL-015,test,NORMAL,normal,OS,.jpg,2.0704939365386963
NORMAL/15/OS/023_Normal.jpg,NORMAL-015,test,NORMAL,normal,OS,.jpg,2.014134645462036
NORMAL/15/OS/024_Normal.jpg,NORMAL-015,test,NORMAL,normal,OS,.jpg,2.0468153953552246
NORMAL/15/OS/025_Normal.jpg,NORMAL-015,test,NORMAL,normal,OS,.jpg,2.1579689979553223
NORMAL/15/OS/026_Normal.jpg,NORMAL-015,test,NORMAL,normal,OS,.jpg,1.9909600019454956
NORMAL/15/OS/027_Normal.jpg,NORMAL-015,test,NORMAL,normal,OS,.jpg,2.1028010845184326
NORMAL/15/OS/028_Normal.jpg,NORMAL-015,test,NORMAL,normal,OS,.jpg,2.158240795135498
NORMAL/15/OS/029_Normal.jpg,NORMAL-015,test,NORMAL,normal,OS,.jpg,2.183612585067749
NORMAL/15/OS/030_Normal.jpg,NORMAL-015,test,NORMAL,normal,OS,.jpg,2.2097082138061523
NORMAL/20/000_Normal.jpg,NORMAL-020,test,NORMAL,normal,OD,.jpg,1.666269063949585
NORMAL/20/001_Normal.jpg,NORMAL-020,test,NORMAL,normal,OD,.jpg,1.5678120851516724
NORMAL/20/002_Normal.jpg,NORMAL-020,test,NORMAL,normal,OD,.jpg,1.5839723348617554
NORMAL/20/003_Normal.jpg,NORMAL-020,test,NORMAL,normal,OD,.jpg,1.6093162298202515
NORMAL/20/004_Normal.jpg,NORMAL-020,test,NORMAL,normal,OD,.jpg,1.6498098373413086
NORMAL/20/005_Normal.jpg,NORMAL-020,test,NORMAL,normal,OD,.jpg,1.594307541847229
NORMAL/20/006_Normal.jpg,NORMAL-020,test,NORMAL,normal,OD,.jpg,1.5604671239852905
NORMAL/20/007_Normal.jpg,NORMAL-020,test,NORMAL,normal,OD,.jpg,1.578726887702942
NORMAL/20/008_Normal.jpg,NORMAL-020,test,NORMAL,normal,OD,.jpg,1.6391708850860596
NORMAL/20/009_Normal.jpg,NORMAL-020,test,NORMAL,normal,OD,.jpg,1.6606483459472656
NORMAL/20/010_Normal.jpg,NORMAL-020,test,NORMAL,normal,OD,.jpg,1.571855068206787
NORMAL/20/011_Normal.jpg,NORMAL-020,test,NORMAL,normal,OD,.jpg,1.6008682250976562
NORMAL/20/012_Normal.jpg,NORMAL-020,test,NORMAL,normal,OD,.jpg,1.502482295036316
NORMAL/20/013_Normal.jpg,NORMAL-020,test,NORMAL,normal,OD,.jpg,1.5377979278564453
NORMAL/20/014_Normal.jpg,NORMAL-020,test,NORMAL,normal,OD,.jpg,1.5989192724227905
NORMAL/20/015_Normal.jpg,NORMAL-020,test,NORMAL,normal,OD,.jpg,1.602919578552246
NORMAL/20/016_Normal.jpg,NORMAL-020,test,NORMAL,normal,OD,.jpg,1.6343363523483276
NORMAL/20/017_Normal.jpg,NORMAL-020,test,NORMAL,normal,OD,.jpg,1.664048194885254
NORMAL/20/018_Normal.jpg,NORMAL-020,test,NORMAL,normal,OD,.jpg,1.5645759105682373
NORMAL/20/019_Normal.jpg,NORMAL-020,test,NORMAL,normal,OD,.jpg,1.622078776359558
NORMAL/20/020_Normal.jpg,NORMAL-020,test,NORMAL,normal,OD,.jpg,1.5064620971679688
NORMAL/20/021_Normal.jpg,NORMAL-020,test,NORMAL,normal,OD,.jpg,1.615535855293274
NORMAL/20/022_Normal.jpg,NORMAL-020,test,NORMAL,normal,OD,.jpg,1.6187702417373657
NORMAL/20/023_Normal.jpg,NORMAL-020,test,NORMAL,normal,OD,.jpg,1.6102405786514282
NORMAL/20/024_Normal.jpg,NORMAL-020,test,NORMAL,normal,OD,.jpg,1.5968900918960571
NORMAL/20/025_Normal.jpg,NORMAL-020,test,NORMAL,normal,OD,.jpg,1.6753771305084229
NORMAL/20/026_Normal.jpg,NORMAL-020,test,NORMAL,normal,OD,.jpg,1.823901891708374
NORMAL/20/027_Normal.jpg,NORMAL-020,test,NORMAL,normal,OD,.jpg,1.8130677938461304
NORMAL/20/028_Normal.jpg,NORMAL-020,test,NORMAL,normal,OD,.jpg,1.820630431175232
NORMAL/20/029_Normal.jpg,NORMAL-020,test,NORMAL,normal,OD,.jpg,1.7926808595657349
NORMAL/20/030_Normal.jpg,NORMAL-020,test,NORMAL,normal,OD,.jpg,1.826160192489624
NORMAL/23/000_Normal.jpg,NORMAL-023,test,NORMAL,normal,OD,.jpg,1.5355640649795532
NORMAL/23/001_Normal.jpg,NORMAL-023,test,NORMAL,normal,OD,.jpg,1.5670619010925293
NORMAL/23/002_Normal.jpg,NORMAL-023,test,NORMAL,normal,OD,.jpg,1.5943015813827515
NORMAL/23/003_Normal.jpg,NORMAL-023,test,NORMAL,normal,OD,.jpg,1.6089051961898804
NORMAL/23/004_Normal.jpg,NORMAL-023,test,NORMAL,normal,OD,.jpg,1.541806936264038
NORMAL/23/005_Normal.jpg,NORMAL-023,test,NORMAL,normal,OD,.jpg,1.5895496606826782
NORMAL/23/006_Normal.jpg,NORMAL-023,test,NORMAL,normal,OD,.jpg,1.4938368797302246
NORMAL/23/007_Normal.jpg,NORMAL-023,test,NORMAL,normal,OD,.jpg,1.5091309547424316
NORMAL/23/008_Normal.jpg,NORMAL-023,test,NORMAL,normal,OD,.jpg,1.4956262111663818
NORMAL/23/009_Normal.jpg,NORMAL-023,test,NORMAL,normal,OD,.jpg,1.3954544067382812
NORMAL/23/010_Normal.jpg,NORMAL-023,test,NORMAL,normal,OD,.jpg,1.476586103439331
NORMAL/23/011_Normal.jpg,NORMAL-023,test,NORMAL,normal,OD,.jpg,1.4740673303604126
NORMAL/23/012_Normal.jpg,NORMAL-023,test,NORMAL,normal,OD,.jpg,1.5399664640426636
NORMAL/23/013_Normal.jpg,NORMAL-023,test,NORMAL,normal,OD,.jpg,1.5081897974014282
NORMAL/23/014_Normal.jpg,NORMAL-023,test,NORMAL,normal,OD,.jpg,1.6132980585098267
NORMAL/23/015_Normal.jpg,NORMAL-023,test,NORMAL,normal,OD,.jpg,1.6087265014648438
NORMAL/23/016_Normal.jpg,NORMAL-023,test,NORMAL,normal,OD,.jpg,1.649625301361084
NORMAL/23/017_Normal.jpg,NORMAL-023,test,NORMAL,normal,OD,.jpg,1.5739859342575073
NORMAL/23/018_Normal.jpg,NORMAL-023,test,NORMAL,normal,OD,.jpg,1.571131944656372
NORMAL/23/019_Normal.jpg,NORMAL-023,test,NORMAL,normal,OD,.jpg,1.6370630264282227
NORMAL/23/020_Normal.jpg,NORMAL-023,test,NORMAL,normal,OD,.jpg,1.4879707098007202
NORMAL/23/021_Normal.jpg,NORMAL-023,test,NORMAL,normal,OD,.jpg,1.5626674890518188
NORMAL/23/022_Normal.jpg,NORMAL-023,test,NORMAL,normal,OD,.jpg,1.6385164260864258
NORMAL/23/023_Normal.jpg,NORMAL-023,test,NORMAL,normal,OD,.jpg,1.7034680843353271
NORMAL/23/024_Normal.jpg,NORMAL-023,test,NORMAL,normal,OD,.jpg,1.7596346139907837
NORMAL/23/025_Normal.jpg,NORMAL-023,test,NORMAL,normal,OD,.jpg,1.654567003250122
NORMAL/23/026_Normal.jpg,NORMAL-023,test,NORMAL,normal,OD,.jpg,1.5715408325195312
NORMAL/23/027_Normal.jpg,NORMAL-023,test,NORMAL,normal,OD,.jpg,1.607180118560791
NORMAL/23/028_Normal.jpg,NORMAL-023,test,NORMAL,normal,OD,.jpg,1.5953162908554077
NORMAL/23/029_Normal.jpg,NORMAL-023,test,NORMAL,normal,OD,.jpg,1.6330907344818115
NORMAL/23/030_Normal.jpg,NORMAL-023,test,NORMAL,normal,OD,.jpg,1.6815556287765503
NORMAL/36/000_Normal.jpg,NORMAL-036,test,NORMAL,normal,OS,.jpg,1.9333853721618652
NORMAL/36/001_Normal.jpg,NORMAL-036,test,NORMAL,normal,OS,.jpg,1.708383560180664
NORMAL/36/002_Normal.jpg,NORMAL-036,test,NORMAL,normal,OS,.jpg,1.624062418937683
NORMAL/36/003_Normal.jpg,NORMAL-036,test,NORMAL,normal,OS,.jpg,1.8053950071334839
NORMAL/36/004_Normal.jpg,NORMAL-036,test,NORMAL,normal,OS,.jpg,1.8248380422592163
NORMAL/36/005_Normal.jpg,NORMAL-036,test,NORMAL,normal,OS,.jpg,1.957139015197754
NORMAL/36/006_Normal.jpg,NORMAL-036,test,NORMAL,normal,OS,.jpg,2.026336669921875
NORMAL/36/007_Normal.jpg,NORMAL-036,test,NORMAL,normal,OS,.jpg,2.0710301399230957
NORMAL/36/008_Normal.jpg,NORMAL-036,test,NORMAL,normal,OS,.jpg,2.09796404838562
NORMAL/36/009_Normal.jpg,NORMAL-036,test,NORMAL,normal,OS,.jpg,2.0486409664154053
NORMAL/36/010_Normal.jpg,NORMAL-036,test,NORMAL,normal,OS,.jpg,2.116826057434082
NORMAL/36/011_Normal.jpg,NORMAL-036,test,NORMAL,normal,OS,.jpg,1.9933687448501587
NORMAL/36/012_Normal.jpg,NORMAL-036,test,NORMAL,normal,OS,.jpg,1.9690479040145874
NORMAL/36/013_Normal.jpg,NORMAL-036,test,NORMAL,normal,OS,.jpg,2.0268163681030273
NORMAL/36/014_Normal.jpg,NORMAL-036,test,NORMAL,normal,OS,.jpg,1.8230162858963013
NORMAL/36/015_Normal.jpg,NORMAL-036,test,NORMAL,normal,OS,.jpg,1.7676599025726318
NORMAL/36/016_Normal.jpg,NORMAL-036,test,NORMAL,normal,OS,.jpg,1.776917815208435
NORMAL/36/017_Normal.jpg,NORMAL-036,test,NORMAL,normal,OS,.jpg,1.7058565616607666
NORMAL/36/018_Normal.jpg,NORMAL-036,test,NORMAL,normal,OS,.jpg,1.730037808418274
NORMAL/36/019_Normal.jpg,NORMAL-036,test,NORMAL,normal,OS,.jpg,1.707571268081665
NORMAL/36/020_Normal.jpg,NORMAL-036,test,NORMAL,normal,OS,.jpg,1.6579216718673706
NORMAL/36/021_Normal.jpg,NORMAL-036,test,NORMAL,normal,OS,.jpg,1.7855439186096191
NORMAL/36/022_Normal.jpg,NORMAL-036,test,NORMAL,normal,OS,.jpg,1.9122955799102783
NORMAL/36/023_Normal.jpg,NORMAL-036,test,NORMAL,normal,OS,.jpg,1.942260980606079
NORMAL/36/024_Normal.jpg,NORMAL-036,test,NORMAL,normal,OS,.jpg,1.9078774452209473
NORMAL/37/OD/000_Normal.jpg,NORMAL-037,test,NORMAL,normal,OD,.jpg,1.505998969078064
NORMAL/37/OD/001_Normal.jpg,NORMAL-037,test,NORMAL,normal,OD,.jpg,1.4658167362213135
NORMAL/37/OD/002_Normal.jpg,NORMAL-037,test,NORMAL,normal,OD,.jpg,1.3614526987075806
NORMAL/37/OD/003_Normal.jpg,NORMAL-037,test,NORMAL,normal,OD,.jpg,1.3776658773422241
NORMAL/37/OD/004_Normal.jpg,NORMAL-037,test,NORMAL,normal,OD,.jpg,1.4048452377319336
NORMAL/37/OD/005_Normal.jpg,NORMAL-037,test,NORMAL,normal,OD,.jpg,1.3129487037658691
NORMAL/37/OD/006_Normal.jpg,NORMAL-037,test,NORMAL,normal,OD,.jpg,1.5586576461791992
NORMAL/37/OD/007_Normal.jpg,NORMAL-037,test,NORMAL,normal,OD,.jpg,1.5000149011611938
NORMAL/37/OD/008_Normal.jpg,NORMAL-037,test,NORMAL,normal,OD,.jpg,1.425345540046692
NORMAL/37/OD/009_Normal.jpg,NORMAL-037,test,NORMAL,normal,OD,.jpg,1.4283467531204224
NORMAL/37/OD/010_Normal.jpg,NORMAL-037,test,NORMAL,normal,OD,.jpg,1.327631950378418
NORMAL/37/OD/011_Normal.jpg,NORMAL-037,test,NORMAL,normal,OD,.jpg,1.46186101436615
NORMAL/37/OD/012_Normal.jpg,NORMAL-037,test,NORMAL,normal,OD,.jpg,1.3367395401000977
NORMAL/37/OD/013_Normal.jpg,NORMAL-037,test,NORMAL,normal,OD,.jpg,1.528059720993042
NORMAL/37/OD/014_Normal.jpg,NORMAL-037,test,NORMAL,normal,OD,.jpg,1.486014485359192
NORMAL/37/OD/015_Normal.jpg,NORMAL-037,test,NORMAL,normal,OD,.jpg,1.376035213470459
NORMAL/37/OD/016_Normal.jpg,NORMAL-037,test,NORMAL,normal,OD,.jpg,1.5206091403961182
NORMAL/37/OD/017_Normal.jpg,NORMAL-037,test,NORMAL,normal,OD,.jpg,1.4146887063980103
NORMAL/37/OD/018_Normal.jpg,NORMAL-037,test,NORMAL,normal,OD,.jpg,1.5284347534179688
NORMAL/37/OD/019_Normal.jpg,NORMAL-037,test,NORMAL,normal,OD,.jpg,1.4341254234313965
NORMAL/37/OD/020_Normal.jpg,NORMAL-037,test,NORMAL,normal,OD,.jpg,1.6705303192138672
NORMAL/37/OD/021_Normal.jpg,NORMAL-037,test,NORMAL,normal,OD,.jpg,1.4954997301101685
NORMAL/37/OD/022_Normal.jpg,NORMAL-037,test,NORMAL,normal,OD,.jpg,1.5148752927780151
NORMAL/37/OD/023_Normal.jpg,NORMAL-037,test,NORMAL,normal,OD,.jpg,1.5171475410461426
NORMAL/37/OD/024_Normal.jpg,NORMAL-037,test,NORMAL,normal,OD,.jpg,1.5215309858322144
NORMAL/37/OD/025_Normal.jpg,NORMAL-037,test,NORMAL,normal,OD,.jpg,1.409661054611206
NORMAL/37/OD/026_Normal.jpg,NORMAL-037,test,NORMAL,normal,OD,.jpg,1.3990933895111084
NORMAL/37/OD/027_Normal.jpg,NORMAL-037,test,NORMAL,normal,OD,.jpg,1.5012362003326416
NORMAL/37/OD/028_Normal.jpg,NORMAL-037,test,NORMAL,normal,OD,.jpg,1.3661240339279175
NORMAL/37/OD/029_Normal.jpg,NORMAL-037,test,NORMAL,normal,OD,.jpg,1.4856932163238525
NORMAL/37/OD/030_Normal.jpg,NORMAL-037,test,NORMAL,normal,OD,.jpg,1.4910094738006592
NORMAL/37/OS/000_Normal.jpg,NORMAL-037,test,NORMAL,normal,OS,.jpg,1.5179861783981323
NORMAL/37/OS/001_Normal.jpg,NORMAL-037,test,NORMAL,normal,OS,.jpg,1.4358004331588745
NORMAL/37/OS/002_Normal.jpg,NORMAL-037,test,NORMAL,normal,OS,.jpg,1.464988112449646
NORMAL/37/OS/003_Normal.jpg,NORMAL-037,test,NORMAL,normal,OS,.jpg,1.4890646934509277
NORMAL/37/OS/004_Normal.jpg,NORMAL-037,test,NORMAL,normal,OS,.jpg,1.4315203428268433
NORMAL/37/OS/005_Normal.jpg,NORMAL-037,test,NORMAL,normal,OS,.jpg,1.466652274131775
NORMAL/37/OS/006_Normal.jpg,NORMAL-037,test,NORMAL,normal,OS,.jpg,1.6168586015701294
NORMAL/37/OS/007_Normal.jpg,NORMAL-037,test,NORMAL,normal,OS,.jpg,1.6924389600753784
NORMAL/37/OS/008_Normal.jpg,NORMAL-037,test,NORMAL,normal,OS,.jpg,1.7817658185958862
NORMAL/37/OS/009_Normal.jpg,NORMAL-037,test,NORMAL,normal,OS,.jpg,1.6231566667556763
NORMAL/37/OS/010_Normal.jpg,NORMAL-037,test,NORMAL,normal,OS,.jpg,1.5503695011138916
NORMAL/37/OS/011_Normal.jpg,NORMAL-037,test,NORMAL,normal,OS,.jpg,1.61794912815094
NORMAL/37/OS/012_Normal.jpg,NORMAL-037,test,NORMAL,normal,OS,.jpg,1.632383108139038
NORMAL/37/OS/013_Normal.jpg,NORMAL-037,test,NORMAL,normal,OS,.jpg,1.599515676498413
NORMAL/37/OS/014_Normal.jpg,NORMAL-037,test,NORMAL,normal,OS,.jpg,1.7060320377349854
NORMAL/37/OS/015_Normal.jpg,NORMAL-037,test,NORMAL,normal,OS,.jpg,1.7802060842514038
NORMAL/37/OS/016_Normal.jpg,NORMAL-037,test,NORMAL,normal,OS,.jpg,1.7973729372024536
NORMAL/37/OS/017_Normal.jpg,NORMAL-037,test,NORMAL,normal,OS,.jpg,1.6260263919830322
NORMAL/37/OS/018_Normal.jpg,NORMAL-037,test,NORMAL,normal,OS,.jpg,1.6210761070251465
NORMAL/37/OS/019_Normal.jpg,NORMAL-037,test,NORMAL,normal,OS,.jpg,1.5886770486831665
NORMAL/37/OS/020_Normal.jpg,NORMAL-037,test,NORMAL,normal,OS,.jpg,1.6731740236282349
NORMAL/37/OS/021_Normal.jpg,NORMAL-037,test,NORMAL,normal,OS,.jpg,1.6608192920684814
NORMAL/37/OS/022_Normal.jpg,NORMAL-037,test,NORMAL,normal,OS,.jpg,1.8113505840301514
NORMAL/37/OS/023_Normal.jpg,NORMAL-037,test,NORMAL,normal,OS,.jpg,1.6722601652145386
NORMAL/37/OS/024_Normal.jpg,NORMAL-037,test,NORMAL,normal,OS,.jpg,1.5969784259796143
NORMAL/37/OS/025_Normal.jpg,NORMAL-037,test,NORMAL,normal,OS,.jpg,1.6715798377990723
NORMAL/37/OS/026_Normal.jpg,NORMAL-037,test,NORMAL,normal,OS,.jpg,1.699156641960144
NORMAL/37/OS/027_Normal.jpg,NORMAL-037,test,NORMAL,normal,OS,.jpg,1.6497604846954346
NORMAL/37/OS/028_Normal.jpg,NORMAL-037,test,NORMAL,normal,OS,.jpg,1.68385648727417
NORMAL/37/OS/029_Normal.jpg,NORMAL-037,test,NORMAL,normal,OS,.jpg,1.8144536018371582
NORMAL/37/OS/030_Normal.jpg,NORMAL-037,test,NORMAL,normal,OS,.jpg,1.6320432424545288
NORMAL/42/000_Normal.tif,NORMAL-042,test,NORMAL,normal,OD,.tif,1.70806884765625
NORMAL/42/001_Normal.tif,NORMAL-042,test,NORMAL,normal,OD,.tif,1.7990572452545166
NORMAL/42/002_Normal.tif,NORMAL-042,test,NORMAL,normal,OD,.tif,1.9597738981246948
NORMAL/42/003_Normal.tif,NORMAL-042,test,NORMAL,normal,OD,.tif,2.1099841594696045
NORMAL/42/004_Normal.tif,NORMAL-042,test,NORMAL,normal,OD,.tif,1.90933358669281
NORMAL/42/005_Normal.tif,NORMAL-042,test,NORMAL,normal,OD,.tif,1.867685317993164
NORMAL/42/006_Normal.tif,NORMAL-042,test,NORMAL,normal,OD,.tif,1.6975882053375244
NORMAL/42/007_Normal.tif,NORMAL-042,test,NORMAL,normal,OD,.tif,1.7128655910491943
NORMAL/42/008_Normal.tif,NORMAL-042,test,NORMAL,normal,OD,.tif,1.8498485088348389
NORMAL/42/009_Normal.tif,NORMAL-042,test,NORMAL,normal,OD,.tif,1.8329836130142212
NORMAL/42/010_Normal.tif,NORMAL-042,test,NORMAL,normal,OD,.tif,2.024585485458374
NORMAL/42/011_Normal.tif,NORMAL-042,test,NORMAL,normal,OD,.tif,2.1080729961395264
NORMAL/42/012_Normal.tif,NORMAL-042,test,NORMAL,normal,OD,.tif,2.0096261501312256
NORMAL/42/013_Normal.tif,NORMAL-042,test,NORMAL,normal,OD,.tif,2.111929178237915
NORMAL/42/014_Normal.tif,NORMAL-042,test,NORMAL,normal,OD,.tif,2.2652993202209473
NORMAL/42/015_Normal.tif,NORMAL-042,test,NORMAL,normal,OD,.tif,2.2541050910949707
NORMAL/42/016_Normal.tif,NORMAL-042,test,NORMAL,normal,OD,.tif,2.174940347671509
NORMAL/42/017_Normal.tif,NORMAL-042,test,NORMAL,normal,OD,.tif,2.1736419200897217
NORMAL/42/018_Normal.tif,NORMAL-042,test,NORMAL,normal,OD,.tif,2.0142710208892822
NORMAL/42/019_Normal.tif,NORMAL-042,test,NORMAL,normal,OD,.tif,2.083625316619873
NORMAL/42/020_Normal.tif,NORMAL-042,test,NORMAL,normal,OD,.tif,2.101689338684082
NORMAL/42/021_Normal.tif,NORMAL-042,test,NORMAL,normal,OD,.tif,2.193589925765991
NORMAL/42/022_Normal.tif,NORMAL-042,test,NORMAL,normal,OD,.tif,1.9798718690872192
NORMAL/42/023_Normal.tif,NORMAL-042,test,NORMAL,normal,OD,.tif,2.029573440551758
NORMAL/42/024_Normal.tif,NORMAL-042,test,NORMAL,normal,OD,.tif,1.915277361869812
NORMAL/42/025_Normal.tif,NORMAL-042,test,NORMAL,normal,OD,.tif,1.9274591207504272
NORMAL/42/026_Normal.tif,NORMAL-042,test,NORMAL,normal,OD,.tif,2.1487295627593994
NORMAL/42/027_Normal.tif,NORMAL-042,test,NORMAL,normal,OD,.tif,2.018822193145752
NORMAL/42/028_Normal.tif,NORMAL-042,test,NORMAL,normal,OD,.tif,1.9772645235061646
NORMAL/42/029_Normal.tif,NORMAL-042,test,NORMAL,normal,OD,.tif,1.77850341796875
NORMAL/42/030_Normal.tif,NORMAL-042,test,NORMAL,normal,OD,.tif,1.919198989868164
NORMAL/48/000_Normal.tif,NORMAL-048,test,NORMAL,normal,OS,.tif,2.3489675521850586
NORMAL/48/001_Normal.tif,NORMAL-048,test,NORMAL,normal,OS,.tif,2.211467742919922
NORMAL/48/002_Normal.tif,NORMAL-048,test,NORMAL,normal,OS,.tif,2.14359188079834
NORMAL/48/003_Normal.tif,NORMAL-048,test,NORMAL,normal,OS,.tif,2.312905788421631
NORMAL/48/004_Normal.tif,NORMAL-048,test,NORMAL,normal,OS,.tif,2.1540486812591553
NORMAL/48/005_Normal.tif,NORMAL-048,test,NORMAL,normal,OS,.tif,2.074523687362671
NORMAL/48/006_Normal.tif,NORMAL-048,test,NORMAL,normal,OS,.tif,2.0567121505737305
NORMAL/48/007_Normal.tif,NORMAL-048,test,NORMAL,normal,OS,.tif,2.056245803833008
NORMAL/48/008_Normal.tif,NORMAL-048,test,NORMAL,normal,OS,.tif,1.9772220849990845
NORMAL/48/009_Normal.tif,NORMAL-048,test,NORMAL,normal,OS,.tif,2.033474922180176
NORMAL/48/010_Normal.tif,NORMAL-048,test,NORMAL,normal,OS,.tif,1.7293925285339355
NORMAL/48/011_Normal.tif,NORMAL-048,test,NORMAL,normal,OS,.tif,1.700692057609558
NORMAL/48/012_Normal.tif,NORMAL-048,test,NORMAL,normal,OS,.tif,1.5682343244552612
NORMAL/48/013_Normal.tif,NORMAL-048,test,NORMAL,normal,OS,.tif,1.6105996370315552
NORMAL/48/014_Normal.tif,NORMAL-048,test,NORMAL,normal,OS,.tif,1.669778823852539
NORMAL/48/015_Normal.tif,NORMAL-048,test,NORMAL,normal,OS,.tif,1.721390724182129
NORMAL/48/016_Normal.tif,NORMAL-048,test,NORMAL,normal,OS,.tif,1.9655648469924927
NORMAL/48/017_Normal.tif,NORMAL-048,test,NORMAL,normal,OS,.tif,1.7673624753952026
NORMAL/48/018_Normal.tif,NORMAL-048,test,NORMAL,normal,OS,.tif,1.7494909763336182
NORMAL/48/019_Normal.tif,NORMAL-048,test,NORMAL,normal,OS,.tif,1.7522592544555664
NORMAL/48/020_Normal.tif,NORMAL-048,test,NORMAL,normal,OS,.tif,1.8563790321350098
NORMAL/48/021_Normal.tif,NORMAL-048,test,NORMAL,normal,OS,.tif,1.8287255764007568
NORMAL/48/022_Normal.tif,NORMAL-048,test,NORMAL,normal,OS,.tif,1.9436010122299194
NORMAL/48/023_Normal.tif,NORMAL-048,test,NORMAL,normal,OS,.tif,1.8508615493774414
NORMAL/48/024_Normal.tif,NORMAL-048,test,NORMAL,normal,OS,.tif,1.8771438598632812
NORMAL/48/025_Normal.tif,NORMAL-048,test,NORMAL,normal,OS,.tif,1.9282902479171753
NORMAL/48/026_Normal.tif,NORMAL-048,test,NORMAL,normal,OS,.tif,1.8816211223602295
NORMAL/48/027_Normal.tif,NORMAL-048,test,NORMAL,normal,OS,.tif,1.9311881065368652
NORMAL/48/028_Normal.tif,NORMAL-048,test,NORMAL,normal,OS,.tif,1.9446775913238525
NORMAL/48/029_Normal.tif,NORMAL-048,test,NORMAL,normal,OS,.tif,1.9536702632904053
NORMAL/48/030_Normal.tif,NORMAL-048,test,NORMAL,normal,OS,.tif,2.056474447250366
NORMAL/54/OD/000_Normal.tif,NORMAL-054,test,NORMAL,normal,OD,.tif,1.8024423122406006
NORMAL/54/OD/001_Normal.tif,NORMAL-054,test,NORMAL,normal,OD,.tif,1.7435317039489746
NORMAL/54/OD/002_Normal.tif,NORMAL-054,test,NORMAL,normal,OD,.tif,1.8813287019729614
NORMAL/54/OD/003_Normal.tif,NORMAL-054,test,NORMAL,normal,OD,.tif,1.9336471557617188
NORMAL/54/OD/004_Normal.tif,NORMAL-054,test,NORMAL,normal,OD,.tif,1.8775737285614014
NORMAL/54/OD/005_Normal.tif,NORMAL-054,test,NORMAL,normal,OD,.tif,1.886352300643921
NORMAL/54/OD/006_Normal.tif,NORMAL-054,test,NORMAL,normal,OD,.tif,1.7173362970352173
NORMAL/54/OD/007_Normal.tif,NORMAL-054,test,NORMAL,normal,OD,.tif,1.7328503131866455
NORMAL/54/OD/008_Normal.tif,NORMAL-054,test,NORMAL,normal,OD,.tif,1.621606469154358
NORMAL/54/OD/009_Normal.tif,NORMAL-054,test,NORMAL,normal,OD,.tif,1.6698212623596191
NORMAL/54/OD/010_Normal.tif,NORMAL-054,test,NORMAL,normal,OD,.tif,1.63998544216156
NORMAL/54/OD/011_Normal.tif,NORMAL-054,test,NORMAL,normal,OD,.tif,1.7178491353988647
NORMAL/54/OD/012_Normal.tif,NORMAL-054,test,NORMAL,normal,OD,.tif,1.9352319240570068
NORMAL/54/OD/013_Normal.tif,NORMAL-054,test,NORMAL,normal,OD,.tif,1.8093265295028687
NORMAL/54/OD/014_Normal.tif,NORMAL-054,test,NORMAL,normal,OD,.tif,1.7920308113098145
NORMAL/54/OD/015_Normal.tif,NORMAL-054,test,NORMAL,normal,OD,.tif,1.8481647968292236
NORMAL/54/OD/016_Normal.tif,NORMAL-054,test,NORMAL,normal,OD,.tif,1.7538721561431885
NORMAL/54/OD/017_Normal.tif,NORMAL-054,test,NORMAL,normal,OD,.tif,1.84871506690979
NORMAL/54/OD/018_Normal.tif,NORMAL-054,test,NORMAL,normal,OD,.tif,1.7244526147842407
NORMAL/54/OD/019_Normal.tif,NORMAL-054,test,NORMAL,normal,OD,.tif,1.9542399644851685
NORMAL/54/OD/020_Normal.tif,NORMAL-054,test,NORMAL,normal,OD,.tif,1.7743263244628906
NORMAL/54/OD/021_Normal.tif,NORMAL-054,test,NORMAL,normal,OD,.tif,1.7639350891113281
NORMAL/54/OD/022_Normal.tif,NORMAL-054,test,NORMAL,normal,OD,.tif,1.9523667097091675
NORMAL/54/OD/023_Normal.tif,NORMAL-054,test,NORMAL,normal,OD,.tif,1.767591953277588
NORMAL/54/OD/024_Normal.tif,NORMAL-054,test,NORMAL,normal,OD,.tif,2.032457113265991
NORMAL/54/OS/000_Normal.tif,NORMAL-054,test,NORMAL,normal,OS,.tif,1.7134579420089722
NORMAL/54/OS/001_Normal.tif,NORMAL-054,test,NORMAL,normal,OS,.tif,1.8331650495529175
NORMAL/54/OS/002_Normal.tif,NORMAL-054,test,NORMAL,normal,OS,.tif,1.8131037950515747
NORMAL/54/OS/003_Normal.tif,NORMAL-054,test,NORMAL,normal,OS,.tif,1.8529390096664429
NORMAL/54/OS/004_Normal.tif,NORMAL-054,test,NORMAL,normal,OS,.tif,1.7591801881790161
NORMAL/54/OS/005_Normal.tif,NORMAL-054,test,NORMAL,normal,OS,.tif,1.756561279296875
NORMAL/54/OS/006_Normal.tif,NORMAL-054,test,NORMAL,normal,OS,.tif,1.7601420879364014
NORMAL/54/OS/007_Normal.tif,NORMAL-054,test,NORMAL,normal,OS,.tif,1.7305740118026733
NORMAL/54/OS/008_Normal.tif,NORMAL-054,test,NORMAL,normal,OS,.tif,1.7210369110107422
NORMAL/54/OS/009_Normal.tif,NORMAL-054,test,NORMAL,normal,OS,.tif,1.7159265279769897
NORMAL/54/OS/010_Normal.tif,NORMAL-054,test,NORMAL,normal,OS,.tif,1.6796921491622925
NORMAL/54/OS/011_Normal.tif,NORMAL-054,test,NORMAL,normal,OS,.tif,1.5918264389038086
NORMAL/54/OS/012_Normal.tif,NORMAL-054,test,NORMAL,normal,OS,.tif,1.6415945291519165
NORMAL/54/OS/013_Normal.tif,NORMAL-054,test,NORMAL,normal,OS,.tif,1.6726510524749756
NORMAL/54/OS/014_Normal.tif,NORMAL-054,test,NORMAL,normal,OS,.tif,1.6537389755249023
NORMAL/54/OS/015_Normal.tif,NORMAL-054,test,NORMAL,normal,OS,.tif,1.6729469299316406
NORMAL/54/OS/016_Normal.tif,NORMAL-054,test,NORMAL,normal,OS,.tif,1.7213225364685059
NORMAL/54/OS/017_Normal.tif,NORMAL-054,test,NORMAL,normal,OS,.tif,1.6819932460784912
NORMAL/54/OS/018_Normal.tif,NORMAL-054,test,NORMAL,normal,OS,.tif,1.6870425939559937
NORMAL/54/OS/019_Normal.tif,NORMAL-054,test,NORMAL,normal,OS,.tif,1.6285789012908936
NORMAL/54/OS/020_Normal.tif,NORMAL-054,test,NORMAL,normal,OS,.tif,1.7193403244018555
NORMAL/54/OS/021_Normal.tif,NORMAL-054,test,NORMAL,normal,OS,.tif,1.703336238861084
NORMAL/54/OS/022_Normal.tif,NORMAL-054,test,NORMAL,normal,OS,.tif,1.697655439376831
NORMAL/54/OS/023_Normal.tif,NORMAL-054,test,NORMAL,normal,OS,.tif,1.7099993228912354
NORMAL/54/OS/024_Normal.tif,NORMAL-054,test,NORMAL,normal,OS,.tif,1.6440457105636597
NORMAL/65/OD/000_Normal.tif,NORMAL-065,test,NORMAL,normal,OD,.tif,1.837263584136963
NORMAL/65/OD/001_Normal.tif,NORMAL-065,test,NORMAL,normal,OD,.tif,1.6579736471176147
NORMAL/65/OD/002_Normal.tif,NORMAL-065,test,NORMAL,normal,OD,.tif,1.6570477485656738
NORMAL/65/OD/003_Normal.tif,NORMAL-065,test,NORMAL,normal,OD,.tif,1.7388304471969604
NORMAL/65/OD/004_Normal.tif,NORMAL-065,test,NORMAL,normal,OD,.tif,1.6586421728134155
NORMAL/65/OD/005_Normal.tif,NORMAL-065,test,NORMAL,normal,OD,.tif,1.708808422088623
NORMAL/65/OD/006_Normal.tif,NORMAL-065,test,NORMAL,normal,OD,.tif,1.6167302131652832
NORMAL/65/OD/007_Normal.tif,NORMAL-065,test,NORMAL,normal,OD,.tif,1.617089033126831
NORMAL/65/OD/008_Normal.tif,NORMAL-065,test,NORMAL,normal,OD,.tif,1.6345070600509644
NORMAL/65/OD/009_Normal.tif,NORMAL-065,test,NORMAL,normal,OD,.tif,1.6694581508636475
NORMAL/65/OD/010_Normal.tif,NORMAL-065,test,NORMAL,normal,OD,.tif,1.6990373134613037
NORMAL/65/OD/011_Normal.tif,NORMAL-065,test,NORMAL,normal,OD,.tif,1.709999442100525
NORMAL/65/OD/012_Normal.tif,NORMAL-065,test,NORMAL,normal,OD,.tif,1.6618187427520752
NORMAL/65/OD/013_Normal.tif,NORMAL-065,test,NORMAL,normal,OD,.tif,1.736665964126587
NORMAL/65/OD/014_Normal.tif,NORMAL-065,test,NORMAL,normal,OD,.tif,1.9639339447021484
NORMAL/65/OD/015_Normal.tif,NORMAL-065,test,NORMAL,normal,OD,.tif,1.909392237663269
NORMAL/65/OD/016_Normal.tif,NORMAL-065,test,NORMAL,normal,OD,.tif,1.824767827987671
NORMAL/65/OD/017_Normal.tif,NORMAL-065,test,NORMAL,normal,OD,.tif,1.5759141445159912
NORMAL/65/OD/018_Normal.tif,NORMAL-065,test,NORMAL,normal,OD,.tif,1.566323161125183
NORMAL/65/OD/019_Normal.tif,NORMAL-065,test,NORMAL,normal,OD,.tif,1.7103328704833984
NORMAL/65/OD/020_Normal.tif,NORMAL-065,test,NORMAL,normal,OD,.tif,1.709523320198059
NORMAL/65/OD/021_Normal.tif,NORMAL-065,test,NORMAL,normal,OD,.tif,1.686956524848938
NORMAL/65/OD/022_Normal.tif,NORMAL-065,test,NORMAL,normal,OD,.tif,1.8359204530715942
NORMAL/65/OD/023_Normal.tif,NORMAL-065,test,NORMAL,normal,OD,.tif,1.9144445657730103
NORMAL/65/OD/024_Normal.tif,NORMAL-065,test,NORMAL,normal,OD,.tif,1.7465239763259888
NORMAL/65/OD/025_Normal.tif,NORMAL-065,test,NORMAL,normal,OD,.tif,1.7563220262527466
NORMAL/65/OD/026_Normal.tif,NORMAL-065,test,NORMAL,normal,OD,.tif,1.7514708042144775
NORMAL/65/OD/027_Normal.tif,NORMAL-065,test,NORMAL,normal,OD,.tif,1.7917088270187378
NORMAL/65/OD/028_Normal.tif,NORMAL-065,test,NORMAL,normal,OD,.tif,1.9873076677322388
NORMAL/65/OD/029_Normal.tif,NORMAL-065,test,NORMAL,normal,OD,.tif,1.8940144777297974
NORMAL/65/OD/030_Normal.tif,NORMAL-065,test,NORMAL,normal,OD,.tif,1.7383874654769897
NORMAL/65/OS/000_Normal.tif,NORMAL-065,test,NORMAL,normal,OS,.tif,1.782103180885315
NORMAL/65/OS/001_Normal.tif,NORMAL-065,test,NORMAL,normal,OS,.tif,1.8074915409088135
NORMAL/65/OS/002_Normal.tif,NORMAL-065,test,NORMAL,normal,OS,.tif,1.7381725311279297
NORMAL/65/OS/003_Normal.tif,NORMAL-065,test,NORMAL,normal,OS,.tif,1.693368673324585
NORMAL/65/OS/004_Normal.tif,NORMAL-065,test,NORMAL,normal,OS,.tif,1.7539275884628296
NORMAL/65/OS/005_Normal.tif,NORMAL-065,test,NORMAL,normal,OS,.tif,1.7663944959640503
NORMAL/65/OS/006_Normal.tif,NORMAL-065,test,NORMAL,normal,OS,.tif,1.7651227712631226
NORMAL/65/OS/007_Normal.tif,NORMAL-065,test,NORMAL,normal,OS,.tif,1.815226435661316
NORMAL/65/OS/008_Normal.tif,NORMAL-065,test,NORMAL,normal,OS,.tif,1.776897668838501
NORMAL/65/OS/009_Normal.tif,NORMAL-065,test,NORMAL,normal,OS,.tif,1.7744115591049194
NORMAL/65/OS/010_Normal.tif,NORMAL-065,test,NORMAL,normal,OS,.tif,1.6789911985397339
NORMAL/65/OS/011_Normal.tif,NORMAL-065,test,NORMAL,normal,OS,.tif,1.7373985052108765
NORMAL/65/OS/012_Normal.tif,NORMAL-065,test,NORMAL,normal,OS,.tif,1.663475513458252
NORMAL/65/OS/013_Normal.tif,NORMAL-065,test,NORMAL,normal,OS,.tif,1.725677490234375
NORMAL/65/OS/014_Normal.tif,NORMAL-065,test,NORMAL,normal,OS,.tif,1.8691788911819458
NORMAL/65/OS/015_Normal.tif,NORMAL-065,test,NORMAL,normal,OS,.tif,1.8627800941467285
NORMAL/65/OS/016_Normal.tif,NORMAL-065,test,NORMAL,normal,OS,.tif,1.7978037595748901
NORMAL/65/OS/017_Normal.tif,NORMAL-065,test,NORMAL,normal,OS,.tif,1.710473656654358
NORMAL/65/OS/018_Normal.tif,NORMAL-065,test,NORMAL,normal,OS,.tif,1.6758736371994019
NORMAL/65/OS/019_Normal.tif,NORMAL-065,test,NORMAL,normal,OS,.tif,1.5730983018875122
NORMAL/65/OS/020_Normal.tif,NORMAL-065,test,NORMAL,normal,OS,.tif,1.6442629098892212
NORMAL/65/OS/021_Normal.tif,NORMAL-065,test,NORMAL,normal,OS,.tif,1.7489275932312012
NORMAL/65/OS/022_Normal.tif,NORMAL-065,test,NORMAL,normal,OS,.tif,1.7365375757217407
NORMAL/65/OS/023_Normal.tif,NORMAL-065,test,NORMAL,normal,OS,.tif,1.7204097509384155
NORMAL/65/OS/024_Normal.tif,NORMAL-065,test,NORMAL,normal,OS,.tif,1.7640430927276611
NORMAL/65/OS/025_Normal.tif,NORMAL-065,test,NORMAL,normal,OS,.tif,1.7581028938293457
NORMAL/65/OS/026_Normal.tif,NORMAL-065,test,NORMAL,normal,OS,.tif,1.7760089635849
NORMAL/65/OS/027_Normal.tif,NORMAL-065,test,NORMAL,normal,OS,.tif,1.81275475025177
NORMAL/65/OS/028_Normal.tif,NORMAL-065,test,NORMAL,normal,OS,.tif,1.7812663316726685
NORMAL/65/OS/029_Normal.tif,NORMAL-065,test,NORMAL,normal,OS,.tif,1.7721658945083618
NORMAL/65/OS/030_Normal.tif,NORMAL-065,test,NORMAL,normal,OS,.tif,1.7744520902633667
NORMAL/66/OD/000_Normal.tif,NORMAL-066,test,NORMAL,normal,OD,.tif,1.8275152444839478
NORMAL/66/OD/001_Normal.tif,NORMAL-066,test,NORMAL,normal,OD,.tif,1.7245349884033203
NORMAL/66/OD/002_Normal.tif,NORMAL-066,test,NORMAL,normal,OD,.tif,1.7117434740066528
NORMAL/66/OD/003_Normal.tif,NORMAL-066,test,NORMAL,normal,OD,.tif,1.8046373128890991
NORMAL/66/OD/004_Normal.tif,NORMAL-066,test,NORMAL,normal,OD,.tif,1.7334297895431519
NORMAL/66/OD/005_Normal.tif,NORMAL-066,test,NORMAL,normal,OD,.tif,1.660178303718567
NORMAL/66/OD/006_Normal.tif,NORMAL-066,test,NORMAL,normal,OD,.tif,1.6605312824249268
NORMAL/66/OD/007_Normal.tif,NORMAL-066,test,NORMAL,normal,OD,.tif,1.6631836891174316
NORMAL/66/OD/008_Normal.tif,NORMAL-066,test,NORMAL,normal,OD,.tif,1.6935166120529175
NORMAL/66/OD/009_Normal.tif,NORMAL-066,test,NORMAL,normal,OD,.tif,1.6753902435302734
NORMAL/66/OD/010_Normal.tif,NORMAL-066,test,NORMAL,normal,OD,.tif,1.6244313716888428
NORMAL/66/OD/011_Normal.tif,NORMAL-066,test,NORMAL,normal,OD,.tif,1.566960334777832
NORMAL/66/OD/012_Normal.tif,NORMAL-066,test,NORMAL,normal,OD,.tif,1.582283616065979
NORMAL/66/OD/013_Normal.tif,NORMAL-066,test,NORMAL,normal,OD,.tif,1.5820518732070923
NORMAL/66/OD/014_Normal.tif,NORMAL-066,test,NORMAL,normal,OD,.tif,1.6474168300628662
NORMAL/66/OD/015_Normal.tif,NORMAL-066,test,NORMAL,normal,OD,.tif,1.6066104173660278
NORMAL/66/OD/016_Normal.tif,NORMAL-066,test,NORMAL,normal,OD,.tif,1.8282219171524048
NORMAL/66/OD/017_Normal.tif,NORMAL-066,test,NORMAL,normal,OD,.tif,1.5705547332763672
NORMAL/66/OD/018_Normal.tif,NORMAL-066,test,NORMAL,normal,OD,.tif,1.503149390220642
NORMAL/66/OD/019_Normal.tif,NORMAL-066,test,NORMAL,normal,OD,.tif,1.5909295082092285
NORMAL/66/OD/020_Normal.tif,NORMAL-066,test,NORMAL,normal,OD,.tif,1.5322121381759644
NORMAL/66/OD/021_Normal.tif,NORMAL-066,test,NORMAL,normal,OD,.tif,1.673715591430664
NORMAL/66/OD/022_Normal.tif,NORMAL-066,test,NORMAL,normal,OD,.tif,1.6336042881011963
NORMAL/66/OD/023_Normal.tif,NORMAL-066,test,NORMAL,normal,OD,.tif,1.600593090057373
NORMAL/66/OD/024_Normal.tif,NORMAL-066,test,NORMAL,normal,OD,.tif,1.6025021076202393
NORMAL/66/OD/025_Normal.tif,NORMAL-066,test,NORMAL,normal,OD,.tif,1.7077034711837769
NORMAL/66/OD/026_Normal.tif,NORMAL-066,test,NORMAL,normal,OD,.tif,1.6238772869110107
NORMAL/66/OD/027_Normal.tif,NORMAL-066,test,NORMAL,normal,OD,.tif,1.646502137184143
NORMAL/66/OD/028_Normal.tif,NORMAL-066,test,NORMAL,normal,OD,.tif,1.665273666381836
NORMAL/66/OD/029_Normal.tif,NORMAL-066,test,NORMAL,normal,OD,.tif,1.7036662101745605
NORMAL/66/OD/030_Normal.tif,NORMAL-066,test,NORMAL,normal,OD,.tif,1.6922454833984375
NORMAL/66/OS/000_Normal.tif,NORMAL-066,test,NORMAL,normal,OS,.tif,1.8336941003799438
NORMAL/66/OS/001_Normal.tif,NORMAL-066,test,NORMAL,normal,OS,.tif,1.840301513671875
NORMAL/66/OS/002_Normal.tif,NORMAL-066,test,NORMAL,normal,OS,.tif,1.733239769935608
NORMAL/66/OS/003_Normal.tif,NORMAL-066,test,NORMAL,normal,OS,.tif,1.8826687335968018
NORMAL/66/OS/004_Normal.tif,NORMAL-066,test,NORMAL,normal,OS,.tif,1.8669819831848145
NORMAL/66/OS/005_Normal.tif,NORMAL-066,test,NORMAL,normal,OS,.tif,1.788027286529541
NORMAL/66/OS/006_Normal.tif,NORMAL-066,test,NORMAL,normal,OS,.tif,1.6806671619415283
NORMAL/66/OS/007_Normal.tif,NORMAL-066,test,NORMAL,normal,OS,.tif,1.7178256511688232
NORMAL/66/OS/008_Normal.tif,NORMAL-066,test,NORMAL,normal,OS,.tif,1.5872082710266113
NORMAL/66/OS/009_Normal.tif,NORMAL-066,test,NORMAL,normal,OS,.tif,1.6425907611846924
NORMAL/66/OS/010_Normal.tif,NORMAL-066,test,NORMAL,normal,OS,.tif,1.5473376512527466
NORMAL/66/OS/011_Normal.tif,NORMAL-066,test,NORMAL,normal,OS,.tif,1.6019320487976074
NORMAL/66/OS/012_Normal.tif,NORMAL-066,test,NORMAL,normal,OS,.tif,1.62253737449646
NORMAL/66/OS/013_Normal.tif,NORMAL-066,test,NORMAL,normal,OS,.tif,1.6049796342849731
NORMAL/66/OS/014_Normal.tif,NORMAL-066,test,NORMAL,normal,OS,.tif,1.5752438306808472
NORMAL/66/OS/015_Normal.tif,NORMAL-066,test,NORMAL,normal,OS,.tif,1.698575735092163
NORMAL/66/OS/016_Normal.tif,NORMAL-066,test,NORMAL,normal,OS,.tif,1.6942311525344849
NORMAL/66/OS/017_Normal.tif,NORMAL-066,test,NORMAL,normal,OS,.tif,1.6554824113845825
NORMAL/66/OS/018_Normal.tif,NORMAL-066,test,NORMAL,normal,OS,.tif,1.5636959075927734
NORMAL/66/OS/019_Normal.tif,NORMAL-066,test,NORMAL,normal,OS,.tif,1.591630458831787
NORMAL/66/OS/020_Normal.tif,NORMAL-066,test,NORMAL,normal,OS,.tif,1.5783016681671143
NORMAL/66/OS/021_Normal.tif,NORMAL-066,test,NORMAL,normal,OS,.tif,1.6046513319015503
NORMAL/66/OS/022_Normal.tif,NORMAL-066,test,NORMAL,normal,OS,.tif,1.62851881980896
NORMAL/66/OS/023_Normal.tif,NORMAL-066,test,NORMAL,normal,OS,.tif,1.647045373916626
NORMAL/66/OS/024_Normal.tif,NORMAL-066,test,NORMAL,normal,OS,.tif,1.793605923652649
NORMAL/66/OS/025_Normal.tif,NORMAL-066,test,NORMAL,normal,OS,.tif,1.787268042564392
NORMAL/66/OS/026_Normal.tif,NORMAL-066,test,NORMAL,normal,OS,.tif,1.7352699041366577
NORMAL/66/OS/027_Normal.tif,NORMAL-066,test,NORMAL,normal,OS,.tif,1.7711552381515503
NORMAL/66/OS/028_Normal.tif,NORMAL-066,test,NORMAL,normal,OS,.tif,1.7681361436843872
NORMAL/66/OS/029_Normal.tif,NORMAL-066,test,NORMAL,normal,OS,.tif,1.6749056577682495
NORMAL/66/OS/030_Normal.tif,NORMAL-066,test,NORMAL,normal,OS,.tif,1.7702609300613403
NORMAL/67/OD/000_Normal.tif,NORMAL-067,test,NORMAL,normal,OD,.tif,1.9763901233673096
NORMAL/67/OD/001_Normal.tif,NORMAL-067,test,NORMAL,normal,OD,.tif,1.9613381624221802
NORMAL/67/OD/002_Normal.tif,NORMAL-067,test,NORMAL,normal,OD,.tif,2.0923869609832764
NORMAL/67/OD/003_Normal.tif,NORMAL-067,test,NORMAL,normal,OD,.tif,1.9356437921524048
NORMAL/67/OD/004_Normal.tif,NORMAL-067,test,NORMAL,normal,OD,.tif,2.139456272125244
NORMAL/67/OD/005_Normal.tif,NORMAL-067,test,NORMAL,normal,OD,.tif,2.1589643955230713
NORMAL/67/OD/006_Normal.tif,NORMAL-067,test,NORMAL,normal,OD,.tif,2.0461504459381104
NORMAL/67/OD/007_Normal.tif,NORMAL-067,test,NORMAL,normal,OD,.tif,2.022369623184204
NORMAL/67/OD/008_Normal.tif,NORMAL-067,test,NORMAL,normal,OD,.tif,2.1826233863830566
NORMAL/67/OD/009_Normal.tif,NORMAL-067,test,NORMAL,normal,OD,.tif,2.239470958709717
NORMAL/67/OD/010_Normal.tif,NORMAL-067,test,NORMAL,normal,OD,.tif,2.1120738983154297
NORMAL/67/OD/011_Normal.tif,NORMAL-067,test,NORMAL,normal,OD,.tif,1.9727121591567993
NORMAL/67/OD/012_Normal.tif,NORMAL-067,test,NORMAL,normal,OD,.tif,1.9623764753341675
NORMAL/67/OD/013_Normal.tif,NORMAL-067,test,NORMAL,normal,OD,.tif,2.023198127746582
NORMAL/67/OD/014_Normal.tif,NORMAL-067,test,NORMAL,normal,OD,.tif,1.9972282648086548
NORMAL/67/OD/015_Normal.tif,NORMAL-067,test,NORMAL,normal,OD,.tif,2.0898447036743164
NORMAL/67/OD/016_Normal.tif,NORMAL-067,test,NORMAL,normal,OD,.tif,2.112884044647217
NORMAL/67/OD/017_Normal.tif,NORMAL-067,test,NORMAL,normal,OD,.tif,2.042152166366577
NORMAL/67/OD/018_Normal.tif,NORMAL-067,test,NORMAL,normal,OD,.tif,2.1360228061676025
NORMAL/67/OD/019_Normal.tif,NORMAL-067,test,NORMAL,normal,OD,.tif,2.077606201171875
NORMAL/67/OD/020_Normal.tif,NORMAL-067,test,NORMAL,normal,OD,.tif,2.1274573802948
NORMAL/67/OD/021_Normal.tif,NORMAL-067,test,NORMAL,normal,OD,.tif,2.0694384574890137
NORMAL/67/OD/022_Normal.tif,NORMAL-067,test,NORMAL,normal,OD,.tif,2.023653030395508
NORMAL/67/OD/023_Normal.tif,NORMAL-067,test,NORMAL,normal,OD,.tif,2.275880813598633
NORMAL/67/OD/024_Normal.tif,NORMAL-067,test,NORMAL,normal,OD,.tif,2.1397206783294678
NORMAL/67/OD/025_Normal.tif,NORMAL-067,test,NORMAL,normal,OD,.tif,2.192835569381714
NORMAL/67/OD/026_Normal.tif,NORMAL-067,test,NORMAL,normal,OD,.tif,2.1651341915130615
NORMAL/67/OD/027_Normal.tif,NORMAL-067,test,NORMAL,normal,OD,.tif,2.3678834438323975
NORMAL/67/OD/028_Normal.tif,NORMAL-067,test,NORMAL,normal,OD,.tif,2.335484027862549
NORMAL/67/OD/029_Normal.tif,NORMAL-067,test,NORMAL,normal,OD,.tif,2.274829149246216
NORMAL/67/OD/030_Normal.tif,NORMAL-067,test,NORMAL,normal,OD,.tif,2.3956873416900635
NORMAL/67/OS/000_Normal.tif,NORMAL-067,test,NORMAL,normal,OS,.tif,1.7103558778762817
NORMAL/67/OS/001_Normal.tif,NORMAL-067,test,NORMAL,normal,OS,.tif,1.8214725255966187
NORMAL/67/OS/002_Normal.tif,NORMAL-067,test,NORMAL,normal,OS,.tif,1.7155184745788574
NORMAL/67/OS/003_Normal.tif,NORMAL-067,test,NORMAL,normal,OS,.tif,1.7405387163162231
NORMAL/67/OS/004_Normal.tif,NORMAL-067,test,NORMAL,normal,OS,.tif,1.756203055381775
NORMAL/67/OS/005_Normal.tif,NORMAL-067,test,NORMAL,normal,OS,.tif,1.763791561126709
NORMAL/67/OS/006_Normal.tif,NORMAL-067,test,NORMAL,normal,OS,.tif,1.7082030773162842
NORMAL/67/OS/007_Normal.tif,NORMAL-067,test,NORMAL,normal,OS,.tif,1.6679433584213257
NORMAL/67/OS/008_Normal.tif,NORMAL-067,test,NORMAL,normal,OS,.tif,1.6781717538833618
NORMAL/67/OS/009_Normal.tif,NORMAL-067,test,NORMAL,normal,OS,.tif,1.660512089729309
NORMAL/67/OS/010_Normal.tif,NORMAL-067,test,NORMAL,normal,OS,.tif,1.5647481679916382
NORMAL/67/OS/011_Normal.tif,NORMAL-067,test,NORMAL,normal,OS,.tif,1.5584827661514282
NORMAL/67/OS/012_Normal.tif,NORMAL-067,test,NORMAL,normal,OS,.tif,1.6112357378005981
NORMAL/67/OS/013_Normal.tif,NORMAL-067,test,NORMAL,normal,OS,.tif,1.5149288177490234
NORMAL/67/OS/014_Normal.tif,NORMAL-067,test,NORMAL,normal,OS,.tif,1.741286039352417
NORMAL/67/OS/015_Normal.tif,NORMAL-067,test,NORMAL,normal,OS,.tif,1.7877402305603027
NORMAL/67/OS/016_Normal.tif,NORMAL-067,test,NORMAL,normal,OS,.tif,1.8199785947799683
NORMAL/67/OS/017_Normal.tif,NORMAL-067,test,NORMAL,normal,OS,.tif,1.7734652757644653
NORMAL/67/OS/018_Normal.tif,NORMAL-067,test,NORMAL,normal,OS,.tif,1.9208827018737793
NORMAL/67/OS/019_Normal.tif,NORMAL-067,test,NORMAL,normal,OS,.tif,1.6917728185653687
NORMAL/67/OS/020_Normal.tif,NORMAL-067,test,NORMAL,normal,OS,.tif,1.6718993186950684
NORMAL/67/OS/021_Normal.tif,NORMAL-067,test,NORMAL,normal,OS,.tif,1.6227054595947266
NORMAL/67/OS/022_Normal.tif,NORMAL-067,test,NORMAL,normal,OS,.tif,1.6386985778808594
NORMAL/67/OS/023_Normal.tif,NORMAL-067,test,NORMAL,normal,OS,.tif,1.6413687467575073
NORMAL/67/OS/024_Normal.tif,NORMAL-067,test,NORMAL,normal,OS,.tif,1.7523081302642822
NORMAL/67/OS/025_Normal.tif,NORMAL-067,test,NORMAL,normal,OS,.tif,1.6875462532043457
NORMAL/67/OS/026_Normal.tif,NORMAL-067,test,NORMAL,normal,OS,.tif,1.7538152933120728
NORMAL/67/OS/027_Normal.tif,NORMAL-067,test,NORMAL,normal,OS,.tif,1.713792085647583
NORMAL/67/OS/028_Normal.tif,NORMAL-067,test,NORMAL,normal,OS,.tif,1.7730562686920166
NORMAL/67/OS/029_Normal.tif,NORMAL-067,test,NORMAL,normal,OS,.tif,1.7892987728118896
NORMAL/67/OS/030_Normal.tif,NORMAL-067,test,NORMAL,normal,OS,.tif,1.7792224884033203
NORMAL/78/000_NOrmal.tif,NORMAL-078,test,NORMAL,normal,OS,.tif,1.8286887407302856
NORMAL/78/001_NOrmal.tif,NORMAL-078,test,NORMAL,normal,OS,.tif,1.8012160062789917
NORMAL/78/002_NOrmal.tif,NORMAL-078,test,NORMAL,normal,OS,.tif,1.9110450744628906
NORMAL/78/003_NOrmal.tif,NORMAL-078,test,NORMAL,normal,OS,.tif,1.9186127185821533
NORMAL/78/004_NOrmal.tif,NORMAL-078,test,NORMAL,normal,OS,.tif,1.7868272066116333
NORMAL/78/005_NOrmal.tif,NORMAL-078,test,NORMAL,normal,OS,.tif,1.8368922472000122
NORMAL/78/006_NOrmal.tif,NORMAL-078,test,NORMAL,normal,OS,.tif,1.8773159980773926
NORMAL/78/007_NOrmal.tif,NORMAL-078,test,NORMAL,normal,OS,.tif,1.8130583763122559
NORMAL/78/008_NOrmal.tif,NORMAL-078,test,NORMAL,normal,OS,.tif,1.965936303138733
NORMAL/78/009_NOrmal.tif,NORMAL-078,test,NORMAL,normal,OS,.tif,1.8811588287353516
NORMAL/78/010_NOrmal.tif,NORMAL-078,test,NORMAL,normal,OS,.tif,1.7802586555480957
NORMAL/78/011_NOrmal.tif,NORMAL-078,test,NORMAL,normal,OS,.tif,1.749184012413025
NORMAL/78/012_NOrmal.tif,NORMAL-078,test,NORMAL,normal,OS,.tif,1.8053239583969116
NORMAL/78/013_NOrmal.tif,NORMAL-078,test,NORMAL,normal,OS,.tif,1.6898305416107178
NORMAL/78/014_NOrmal.tif,NORMAL-078,test,NORMAL,normal,OS,.tif,1.7940911054611206
NORMAL/78/015_NOrmal.tif,NORMAL-078,test,NORMAL,normal,OS,.tif,1.8100454807281494
NORMAL/78/016_NOrmal.tif,NORMAL-078,test,NORMAL,normal,OS,.tif,1.8042820692062378
NORMAL/78/017_NOrmal.tif,NORMAL-078,test,NORMAL,normal,OS,.tif,1.9693305492401123
NORMAL/78/018_NOrmal.tif,NORMAL-078,test,NORMAL,normal,OS,.tif,2.037639617919922
NORMAL/78/019_NOrmal.tif,NORMAL-078,test,NORMAL,normal,OS,.tif,1.7558462619781494
NORMAL/78/020_NOrmal.tif,NORMAL-078,test,NORMAL,normal,OS,.tif,1.7557286024093628
NORMAL/78/021_NOrmal.tif,NORMAL-078,test,NORMAL,normal,OS,.tif,1.748591661453247
NORMAL/78/022_NOrmal.tif,NORMAL-078,test,NORMAL,normal,OS,.tif,1.7557876110076904
NORMAL/78/023_NOrmal.tif,NORMAL-078,test,NORMAL,normal,OS,.tif,1.7316293716430664
NORMAL/78/024_NOrmal.tif,NORMAL-078,test,NORMAL,normal,OS,.tif,1.9492566585540771
NORMAL/78/025_NOrmal.tif,NORMAL-078,test,NORMAL,normal,OS,.tif,1.8930610418319702
NORMAL/78/026_NOrmal.tif,NORMAL-078,test,NORMAL,normal,OS,.tif,1.8569345474243164
NORMAL/78/027_NOrmal.tif,NORMAL-078,test,NORMAL,normal,OS,.tif,1.949134111404419
NORMAL/78/028_NOrmal.tif,NORMAL-078,test,NORMAL,normal,OS,.tif,2.368555784225464
NORMAL/78/029_NOrmal.tif,NORMAL-078,test,NORMAL,normal,OS,.tif,2.1809287071228027
NORMAL/78/030_NOrmal.tif,NORMAL-078,test,NORMAL,normal,OS,.tif,2.082953929901123
NORMAL/98/OD/000_Normal.tif,NORMAL-098,test,NORMAL,normal,OD,.tif,1.8695038557052612
NORMAL/98/OD/001_Normal.tif,NORMAL-098,test,NORMAL,normal,OD,.tif,1.8273825645446777
NORMAL/98/OD/002_Normal.tif,NORMAL-098,test,NORMAL,normal,OD,.tif,1.9699761867523193
NORMAL/98/OD/003_Normal.tif,NORMAL-098,test,NORMAL,normal,OD,.tif,1.7473459243774414
NORMAL/98/OD/004_Normal.tif,NORMAL-098,test,NORMAL,normal,OD,.tif,1.908233880996704
NORMAL/98/OD/005_Normal.tif,NORMAL-098,test,NORMAL,normal,OD,.tif,1.9868017435073853
NORMAL/98/OD/006_Normal.tif,NORMAL-098,test,NORMAL,normal,OD,.tif,1.8793226480484009
NORMAL/98/OD/007_Normal.tif,NORMAL-098,test,NORMAL,normal,OD,.tif,1.926191806793213
NORMAL/98/OD/008_Normal.tif,NORMAL-098,test,NORMAL,normal,OD,.tif,1.9187829494476318
NORMAL/98/OD/009_Normal.tif,NORMAL-098,test,NORMAL,normal,OD,.tif,1.8043113946914673
NORMAL/98/OD/010_Normal.tif,NORMAL-098,test,NORMAL,normal,OD,.tif,1.7963467836380005
NORMAL/98/OD/011_Normal.tif,NORMAL-098,test,NORMAL,normal,OD,.tif,1.8565917015075684
NORMAL/98/OD/012_Normal.tif,NORMAL-098,test,NORMAL,normal,OD,.tif,1.8622857332229614
NORMAL/98/OD/013_Normal.tif,NORMAL-098,test,NORMAL,normal,OD,.tif,1.9274190664291382
NORMAL/98/OD/014_Normal.tif,NORMAL-098,test,NORMAL,normal,OD,.tif,1.866979718208313
NORMAL/98/OD/015_Normal.tif,NORMAL-098,test,NORMAL,normal,OD,.tif,2.0520453453063965
NORMAL/98/OD/016_Normal.tif,NORMAL-098,test,NORMAL,normal,OD,.tif,2.0154576301574707
NORMAL/98/OD/017_Normal.tif,NORMAL-098,test,NORMAL,normal,OD,.tif,1.9005451202392578
NORMAL/98/OD/018_Normal.tif,NORMAL-098,test,NORMAL,normal,OD,.tif,1.9286715984344482
NORMAL/98/OD/019_Normal.tif,NORMAL-098,test,NORMAL,normal,OD,.tif,1.8777488470077515
NORMAL/98/OD/020_Normal.tif,NORMAL-098,test,NORMAL,normal,OD,.tif,1.9229536056518555
NORMAL/98/OD/021_Normal.tif,NORMAL-098,test,NORMAL,normal,OD,.tif,1.9273508787155151
NORMAL/98/OD/022_Normal.tif,NORMAL-098,test,NORMAL,normal,OD,.tif,2.0564398765563965
NORMAL/98/OD/023_Normal.tif,NORMAL-098,test,NORMAL,normal,OD,.tif,2.1583807468414307
NORMAL/98/OD/024_Normal.tif,NORMAL-098,test,NORMAL,normal,OD,.tif,1.9645934104919434
NORMAL/98/OD/025_Normal.tif,NORMAL-098,test,NORMAL,normal,OD,.tif,1.8829067945480347
NORMAL/98/OD/026_Normal.tif,NORMAL-098,test,NORMAL,normal,OD,.tif,2.0974977016448975
NORMAL/98/OD/027_Normal.tif,NORMAL-098,test,NORMAL,normal,OD,.tif,1.9727741479873657
NORMAL/98/OD/028_Normal.tif,NORMAL-098,test,NORMAL,normal,OD,.tif,2.05536150932312
NORMAL/98/OD/029_Normal.tif,NORMAL-098,test,NORMAL,normal,OD,.tif,1.990508794784546
NORMAL/98/OD/030_Normal.tif,NORMAL-098,test,NORMAL,normal,OD,.tif,2.001210927963257
NORMAL/98/OS/000_Normal.tif,NORMAL-098,test,NORMAL,normal,OS,.tif,1.8025599718093872
NORMAL/98/OS/001_Normal.tif,NORMAL-098,test,NORMAL,normal,OS,.tif,1.6529593467712402
NORMAL/98/OS/002_Normal.tif,NORMAL-098,test,NORMAL,normal,OS,.tif,1.7774287462234497
NORMAL/98/OS/003_Normal.tif,NORMAL-098,test,NORMAL,normal,OS,.tif,1.748345971107483
NORMAL/98/OS/004_Normal.tif,NORMAL-098,test,NORMAL,normal,OS,.tif,1.7244045734405518
NORMAL/98/OS/005_Normal.tif,NORMAL-098,test,NORMAL,normal,OS,.tif,1.8502085208892822
NORMAL/98/OS/006_Normal.tif,NORMAL-098,test,NORMAL,normal,OS,.tif,1.704680323600769
NORMAL/98/OS/007_Normal.tif,NORMAL-098,test,NORMAL,normal,OS,.tif,1.6806992292404175
NORMAL/98/OS/008_Normal.tif,NORMAL-098,test,NORMAL,normal,OS,.tif,1.6691062450408936
NORMAL/98/OS/009_Normal.tif,NORMAL-098,test,NORMAL,normal,OS,.tif,1.6663384437561035
NORMAL/98/OS/010_Normal.tif,NORMAL-098,test,NORMAL,normal,OS,.tif,1.5987542867660522
NORMAL/98/OS/011_Normal.tif,NORMAL-098,test,NORMAL,normal,OS,.tif,1.6453933715820312
NORMAL/98/OS/012_Normal.tif,NORMAL-098,test,NORMAL,normal,OS,.tif,1.7301183938980103
NORMAL/98/OS/013_Normal.tif,NORMAL-098,test,NORMAL,normal,OS,.tif,1.8211573362350464
NORMAL/98/OS/014_Normal.tif,NORMAL-098,test,NORMAL,normal,OS,.tif,1.8685036897659302
NORMAL/98/OS/015_Normal.tif,NORMAL-098,test,NORMAL,normal,OS,.tif,1.894210696220398
NORMAL/98/OS/016_Normal.tif,NORMAL-098,test,NORMAL,normal,OS,.tif,1.8850253820419312
NORMAL/98/OS/017_Normal.tif,NORMAL-098,test,NORMAL,normal,OS,.tif,2.071685791015625
NORMAL/98/OS/018_Normal.tif,NORMAL-098,test,NORMAL,normal,OS,.tif,2.0932674407958984
NORMAL/98/OS/019_Normal.tif,NORMAL-098,test,NORMAL,normal,OS,.tif,2.0499401092529297
NORMAL/98/OS/020_Normal.tif,NORMAL-098,test,NORMAL,normal,OS,.tif,2.172776222229004
NORMAL/98/OS/021_Normal.tif,NORMAL-098,test,NORMAL,normal,OS,.tif,2.056565999984741
NORMAL/98/OS/022_Normal.tif,NORMAL-098,test,NORMAL,normal,OS,.tif,1.9893152713775635
NORMAL/98/OS/023_Normal.tif,NORMAL-098,test,NORMAL,normal,OS,.tif,1.993454098701477
NORMAL/98/OS/024_Normal.tif,NORMAL-098,test,NORMAL,normal,OS,.tif,1.9445751905441284
NORMAL/98/OS/025_Normal.tif,NORMAL-098,test,NORMAL,normal,OS,.tif,1.968664288520813
NORMAL/98/OS/026_Normal.tif,NORMAL-098,test,NORMAL,normal,OS,.tif,2.0569283962249756
NORMAL/98/OS/027_Normal.tif,NORMAL-098,test,NORMAL,normal,OS,.tif,1.9103319644927979
NORMAL/98/OS/028_Normal.tif,NORMAL-098,test,NORMAL,normal,OS,.tif,2.02673602104187
NORMAL/98/OS/029_Normal.tif,NORMAL-098,test,NORMAL,normal,OS,.tif,1.9938081502914429
NORMAL/98/OS/030_Normal.tif,NORMAL-098,test,NORMAL,normal,OS,.tif,2.022367000579834
NORMAL/104/OD/000_Normal.tif,NORMAL-104,test,NORMAL,normal,OD,.tif,1.679343819618225
NORMAL/104/OD/001_Normal.tif,NORMAL-104,test,NORMAL,normal,OD,.tif,1.5778403282165527
NORMAL/104/OD/002_Normal.tif,NORMAL-104,test,NORMAL,normal,OD,.tif,1.6730084419250488
NORMAL/104/OD/003_Normal.tif,NORMAL-104,test,NORMAL,normal,OD,.tif,1.5842102766036987
NORMAL/104/OD/004_Normal.tif,NORMAL-104,test,NORMAL,normal,OD,.tif,1.5034643411636353
NORMAL/104/OD/005_Normal.tif,NORMAL-104,test,NORMAL,normal,OD,.tif,1.5580657720565796
NORMAL/104/OD/006_Normal.tif,NORMAL-104,test,NORMAL,normal,OD,.tif,1.6029961109161377
NORMAL/104/OD/007_Normal.tif,NORMAL-104,test,NORMAL,normal,OD,.tif,1.5867024660110474
NORMAL/104/OD/008_Normal.tif,NORMAL-104,test,NORMAL,normal,OD,.tif,1.611628532409668
NORMAL/104/OD/009_Normal.tif,NORMAL-104,test,NORMAL,normal,OD,.tif,1.5444005727767944
NORMAL/104/OD/010_Normal.tif,NORMAL-104,test,NORMAL,normal,OD,.tif,1.5322890281677246
NORMAL/104/OD/011_Normal.tif,NORMAL-104,test,NORMAL,normal,OD,.tif,1.5495609045028687
NORMAL/104/OD/012_Normal.tif,NORMAL-104,test,NORMAL,normal,OD,.tif,1.5919530391693115
NORMAL/104/OD/013_Normal.tif,NORMAL-104,test,NORMAL,normal,OD,.tif,1.5424381494522095
NORMAL/104/OD/014_Normal.tif,NORMAL-104,test,NORMAL,normal,OD,.tif,1.623342752456665
NORMAL/104/OD/015_Normal.tif,NORMAL-104,test,NORMAL,normal,OD,.tif,1.6072537899017334
NORMAL/104/OD/016_Normal.tif,NORMAL-104,test,NORMAL,normal,OD,.tif,1.5978848934173584
NORMAL/104/OD/017_Normal.tif,NORMAL-104,test,NORMAL,normal,OD,.tif,1.6752063035964966
NORMAL/104/OD/018_Normal.tif,NORMAL-104,test,NORMAL,normal,OD,.tif,1.6684004068374634
NORMAL/104/OD/019_Normal.tif,NORMAL-104,test,NORMAL,normal,OD,.tif,1.5972661972045898
NORMAL/104/OD/020_Normal.tif,NORMAL-104,test,NORMAL,normal,OD,.tif,1.5385185480117798
NORMAL/104/OD/021_Normal.tif,NORMAL-104,test,NORMAL,normal,OD,.tif,1.624025821685791
NORMAL/104/OD/022_Normal.tif,NORMAL-104,test,NORMAL,normal,OD,.tif,1.6429884433746338
NORMAL/104/OD/023_Normal.tif,NORMAL-104,test,NORMAL,normal,OD,.tif,1.7015941143035889
NORMAL/104/OD/024_Normal.tif,NORMAL-104,test,NORMAL,normal,OD,.tif,1.678722858428955
NORMAL/104/OD/025_Normal.tif,NORMAL-104,test,NORMAL,normal,OD,.tif,1.6568143367767334
NORMAL/104/OD/026_Normal.tif,NORMAL-104,test,NORMAL,normal,OD,.tif,1.6132338047027588
NORMAL/104/OD/027_Normal.tif,NORMAL-104,test,NORMAL,normal,OD,.tif,1.7687652111053467
NORMAL/104/OD/028_Normal.tif,NORMAL-104,test,NORMAL,normal,OD,.tif,1.627838134765625
NORMAL/104/OD/029_Normal.tif,NORMAL-104,test,NORMAL,normal,OD,.tif,1.5942959785461426
NORMAL/104/OD/030_Normal.tif,NORMAL-104,test,NORMAL,normal,OD,.tif,1.6015955209732056
NORMAL/104/OS/000_Normal.tif,NORMAL-104,test,NORMAL,normal,OS,.tif,1.5698350667953491
NORMAL/104/OS/001_Normal.tif,NORMAL-104,test,NORMAL,normal,OS,.tif,1.6057201623916626
NORMAL/104/OS/002_Normal.tif,NORMAL-104,test,NORMAL,normal,OS,.tif,1.6514755487442017
NORMAL/104/OS/003_Normal.tif,NORMAL-104,test,NORMAL,normal,OS,.tif,1.5181386470794678
NORMAL/104/OS/004_Normal.tif,NORMAL-104,test,NORMAL,normal,OS,.tif,1.5697511434555054
NORMAL/104/OS/005_Normal.tif,NORMAL-104,test,NORMAL,normal,OS,.tif,1.5224868059158325
NORMAL/104/OS/006_Normal.tif,NORMAL-104,test,NORMAL,normal,OS,.tif,1.563102126121521
NORMAL/104/OS/007_Normal.tif,NORMAL-104,test,NORMAL,normal,OS,.tif,1.585994839668274
NORMAL/104/OS/008_Normal.tif,NORMAL-104,test,NORMAL,normal,OS,.tif,1.6662774085998535
NORMAL/104/OS/009_Normal.tif,NORMAL-104,test,NORMAL,normal,OS,.tif,1.5995746850967407
NORMAL/104/OS/010_Normal.tif,NORMAL-104,test,NORMAL,normal,OS,.tif,1.735471487045288
NORMAL/104/OS/011_Normal.tif,NORMAL-104,test,NORMAL,normal,OS,.tif,1.6033364534378052
NORMAL/104/OS/012_Normal.tif,NORMAL-104,test,NORMAL,normal,OS,.tif,1.6960068941116333
NORMAL/104/OS/013_Normal.tif,NORMAL-104,test,NORMAL,normal,OS,.tif,1.6106648445129395
NORMAL/104/OS/014_Normal.tif,NORMAL-104,test,NORMAL,normal,OS,.tif,1.7210447788238525
NORMAL/104/OS/015_Normal.tif,NORMAL-104,test,NORMAL,normal,OS,.tif,1.7539615631103516
NORMAL/104/OS/016_Normal.tif,NORMAL-104,test,NORMAL,normal,OS,.tif,1.8186898231506348
NORMAL/104/OS/017_Normal.tif,NORMAL-104,test,NORMAL,normal,OS,.tif,1.7459838390350342
NORMAL/104/OS/018_Normal.tif,NORMAL-104,test,NORMAL,normal,OS,.tif,1.8248281478881836
NORMAL/104/OS/019_Normal.tif,NORMAL-104,test,NORMAL,normal,OS,.tif,1.7575796842575073
NORMAL/104/OS/020_Normal.tif,NORMAL-104,test,NORMAL,normal,OS,.tif,1.7259700298309326
NORMAL/104/OS/021_Normal.tif,NORMAL-104,test,NORMAL,normal,OS,.tif,1.7535648345947266
NORMAL/104/OS/022_Normal.tif,NORMAL-104,test,NORMAL,normal,OS,.tif,1.720801830291748
NORMAL/104/OS/023_Normal.tif,NORMAL-104,test,NORMAL,normal,OS,.tif,1.6205317974090576
NORMAL/104/OS/024_Normal.tif,NORMAL-104,test,NORMAL,normal,OS,.tif,1.5965710878372192
NORMAL/104/OS/025_Normal.tif,NORMAL-104,test,NORMAL,normal,OS,.tif,1.6832282543182373
NORMAL/104/OS/026_Normal.tif,NORMAL-104,test,NORMAL,normal,OS,.tif,1.5967278480529785
NORMAL/104/OS/027_Normal.tif,NORMAL-104,test,NORMAL,normal,OS,.tif,1.710978388786316
NORMAL/104/OS/028_Normal.tif,NORMAL-104,test,NORMAL,normal,OS,.tif,1.6722328662872314
NORMAL/104/OS/029_Normal.tif,NORMAL-104,test,NORMAL,normal,OS,.tif,1.654438853263855
NORMAL/104/OS/030_Normal.tif,NORMAL-104,test,NORMAL,normal,OS,.tif,1.542702555656433
NORMAL/108/OD/000_Normal.tif,NORMAL-108,test,NORMAL,normal,OD,.tif,1.8538888692855835
NORMAL/108/OD/001_Normal.tif,NORMAL-108,test,NORMAL,normal,OD,.tif,1.6028258800506592
NORMAL/108/OD/002_Normal.tif,NORMAL-108,test,NORMAL,normal,OD,.tif,1.5292547941207886
NORMAL/108/OD/003_Normal.tif,NORMAL-108,test,NORMAL,normal,OD,.tif,1.6301528215408325
NORMAL/108/OD/004_Normal.tif,NORMAL-108,test,NORMAL,normal,OD,.tif,1.6455552577972412
NORMAL/108/OD/005_Normal.tif,NORMAL-108,test,NORMAL,normal,OD,.tif,1.7663812637329102
NORMAL/108/OD/006_Normal.tif,NORMAL-108,test,NORMAL,normal,OD,.tif,1.8447294235229492
NORMAL/108/OD/007_Normal.tif,NORMAL-108,test,NORMAL,normal,OD,.tif,1.8100261688232422
NORMAL/108/OD/008_Normal.tif,NORMAL-108,test,NORMAL,normal,OD,.tif,1.8369693756103516
NORMAL/108/OD/009_Normal.tif,NORMAL-108,test,NORMAL,normal,OD,.tif,1.908836007118225
NORMAL/108/OD/010_Normal.tif,NORMAL-108,test,NORMAL,normal,OD,.tif,1.8888936042785645
NORMAL/108/OD/011_Normal.tif,NORMAL-108,test,NORMAL,normal,OD,.tif,1.8682048320770264
NORMAL/108/OD/012_Normal.tif,NORMAL-108,test,NORMAL,normal,OD,.tif,1.8905075788497925
NORMAL/108/OD/013_Normal.tif,NORMAL-108,test,NORMAL,normal,OD,.tif,1.8912583589553833
NORMAL/108/OD/014_Normal.tif,NORMAL-108,test,NORMAL,normal,OD,.tif,1.9779653549194336
NORMAL/108/OD/015_Normal.tif,NORMAL-108,test,NORMAL,normal,OD,.tif,1.904091238975525
NORMAL/108/OD/016_Normal.tif,NORMAL-108,test,NORMAL,normal,OD,.tif,2.168236494064331
NORMAL/108/OD/017_Normal.tif,NORMAL-108,test,NORMAL,normal,OD,.tif,2.012281894683838
NORMAL/108/OD/018_Normal.tif,NORMAL-108,test,NORMAL,normal,OD,.tif,2.165958881378174
NORMAL/108/OD/019_Normal.tif,NORMAL-108,test,NORMAL,normal,OD,.tif,2.159602403640747
NORMAL/108/OD/020_Normal.tif,NORMAL-108,test,NORMAL,normal,OD,.tif,2.0887107849121094
NORMAL/108/OD/021_Normal.tif,NORMAL-108,test,NORMAL,normal,OD,.tif,2.047795057296753
NORMAL/108/OD/022_Normal.tif,NORMAL-108,test,NORMAL,normal,OD,.tif,1.8370883464813232
NORMAL/108/OD/023_Normal.tif,NORMAL-108,test,NORMAL,normal,OD,.tif,1.7965704202651978
NORMAL/108/OD/024_Normal.tif,NORMAL-108,test,NORMAL,normal,OD,.tif,1.7919690608978271
NORMAL/108/OD/025_Normal.tif,NORMAL-108,test,NORMAL,normal,OD,.tif,1.8476194143295288
NORMAL/108/OD/026_Normal.tif,NORMAL-108,test,NORMAL,normal,OD,.tif,1.8763474225997925
NORMAL/108/OD/027_Normal.tif,NORMAL-108,test,NORMAL,normal,OD,.tif,1.838499665260315
NORMAL/108/OD/028_Normal.tif,NORMAL-108,test,NORMAL,normal,OD,.tif,1.8140236139297485
NORMAL/108/OD/029_Normal.tif,NORMAL-108,test,NORMAL,normal,OD,.tif,1.8209714889526367
NORMAL/108/OD/030_Normal.tif,NORMAL-108,test,NORMAL,normal,OD,.tif,1.921467661857605
NORMAL/108/OS/000_Normal.tif,NORMAL-108,test,NORMAL,normal,OS,.tif,1.6774004697799683
NORMAL/108/OS/001_Normal.tif,NORMAL-108,test,NORMAL,normal,OS,.tif,1.543251872062683
NORMAL/108/OS/002_Normal.tif,NORMAL-108,test,NORMAL,normal,OS,.tif,1.6756938695907593
NORMAL/108/OS/003_Normal.tif,NORMAL-108,test,NORMAL,normal,OS,.tif,1.6084450483322144
NORMAL/108/OS/004_Normal.tif,NORMAL-108,test,NORMAL,normal,OS,.tif,1.6998772621154785
NORMAL/108/OS/005_Normal.tif,NORMAL-108,test,NORMAL,normal,OS,.tif,1.582717776298523
NORMAL/108/OS/006_Normal.tif,NORMAL-108,test,NORMAL,normal,OS,.tif,1.7948013544082642
NORMAL/108/OS/007_Normal.tif,NORMAL-108,test,NORMAL,normal,OS,.tif,1.699932336807251
NORMAL/108/OS/008_Normal.tif,NORMAL-108,test,NORMAL,normal,OS,.tif,1.8296198844909668
NORMAL/108/OS/009_Normal.tif,NORMAL-108,test,NORMAL,normal,OS,.tif,1.7891697883605957
NORMAL/108/OS/010_Normal.tif,NORMAL-108,test,NORMAL,normal,OS,.tif,1.670259952545166
NORMAL/108/OS/011_Normal.tif,NORMAL-108,test,NORMAL,normal,OS,.tif,1.7852588891983032
NORMAL/108/OS/012_Normal.tif,NORMAL-108,test,NORMAL,normal,OS,.tif,1.7385103702545166
NORMAL/108/OS/013_Normal.tif,NORMAL-108,test,NORMAL,normal,OS,.tif,1.9039007425308228
NORMAL/108/OS/014_Normal.tif,NORMAL-108,test,NORMAL,normal,OS,.tif,1.9296084642410278
NORMAL/108/OS/015_Normal.tif,NORMAL-108,test,NORMAL,normal,OS,.tif,2.170961380004883
NORMAL/108/OS/016_Normal.tif,NORMAL-108,test,NORMAL,normal,OS,.tif,2.108835458755493
NORMAL/108/OS/017_Normal.tif,NORMAL-108,test,NORMAL,normal,OS,.tif,2.0970335006713867
NORMAL/108/OS/018_Normal.tif,NORMAL-108,test,NORMAL,normal,OS,.tif,2.0032637119293213
NORMAL/108/OS/019_Normal.tif,NORMAL-108,test,NORMAL,normal,OS,.tif,1.8117412328720093
NORMAL/108/OS/020_Normal.tif,NORMAL-108,test,NORMAL,normal,OS,.tif,1.6907908916473389
NORMAL/108/OS/021_Normal.tif,NORMAL-108,test,NORMAL,normal,OS,.tif,1.7242854833602905
NORMAL/108/OS/022_Normal.tif,NORMAL-108,test,NORMAL,normal,OS,.tif,1.594719648361206
NORMAL/108/OS/023_Normal.tif,NORMAL-108,test,NORMAL,normal,OS,.tif,1.672386646270752
NORMAL/108/OS/024_Normal.tif,NORMAL-108,test,NORMAL,normal,OS,.tif,1.6543025970458984
NORMAL/108/OS/025_Normal.tif,NORMAL-108,test,NORMAL,normal,OS,.tif,1.5640830993652344
NORMAL/108/OS/026_Normal.tif,NORMAL-108,test,NORMAL,normal,OS,.tif,1.5721269845962524
NORMAL/108/OS/027_Normal.tif,NORMAL-108,test,NORMAL,normal,OS,.tif,1.4716938734054565
NORMAL/108/OS/028_Normal.tif,NORMAL-108,test,NORMAL,normal,OS,.tif,1.5503641366958618
NORMAL/108/OS/029_Normal.tif,NORMAL-108,test,NORMAL,normal,OS,.tif,1.5559803247451782
NORMAL/108/OS/030_Normal.tif,NORMAL-108,test,NORMAL,normal,OS,.tif,1.625099778175354
CNV/159/000_Drusen.tif,CNV-159,excluded,CNV,drusen,OD,.tif,2.1185874938964844
CNV/159/001_Drusen.tif,CNV-159,excluded,CNV,drusen,OD,.tif,2.186431884765625
CNV/159/002_CNV.tif,CNV-159,excluded,CNV,cnv,OD,.tif,2.2652008533477783
CNV/159/003_CNV.tif,CNV-159,excluded,CNV,cnv,OD,.tif,2.180081844329834
CNV/159/004_CNV.tif,CNV-159,excluded,CNV,cnv,OD,.tif,2.208008289337158
CNV/159/005_CNV.tif,CNV-159,excluded,CNV,cnv,OD,.tif,2.40706205368042
CNV/159/006_CNV.tif,CNV-159,excluded,CNV,cnv,OD,.tif,2.3730571269989014
CNV/159/007_CNV.tif,CNV-159,excluded,CNV,cnv,OD,.tif,2.1272616386413574
CNV/159/008_CNV.tif,CNV-159,excluded,CNV,cnv,OD,.tif,2.4263298511505127
CNV/159/009_CNV.tif,CNV-159,excluded,CNV,cnv,OD,.tif,2.469162702560425
CNV/159/010_CNV.tif,CNV-159,excluded,CNV,cnv,OD,.tif,2.465141534805298
CNV/159/011_CNV.tif,CNV-159,excluded,CNV,cnv,OD,.tif,2.6010284423828125
CNV/159/012_CNV.tif,CNV-159,excluded,CNV,cnv,OD,.tif,2.3425121307373047
CNV/159/013_CNV.tif,CNV-159,excluded,CNV,cnv,OD,.tif,2.4387624263763428
CNV/159/014_CNV.tif,CNV-159,excluded,CNV,cnv,OD,.tif,2.575890302658081
CNV/159/015_CNV.tif,CNV-159,excluded,CNV,cnv,OD,.tif,2.538015604019165
CNV/159/016_CNV.tif,CNV-159,excluded,CNV,cnv,OD,.tif,2.2966620922088623
CNV/159/017_CNV.tif,CNV-159,excluded,CNV,cnv,OD,.tif,2.3870632648468018
CNV/159/020_CNV.tif,CNV-159,excluded,CNV,cnv,OD,.tif,2.5218889713287354
CNV/159/021_CNV.tif,CNV-159,excluded,CNV,cnv,OD,.tif,2.385688304901123
CNV/159/022_CNV.tif,CNV-159,excluded,CNV,cnv,OD,.tif,2.3988144397735596
CNV/159/023_CNV.tif,CNV-159,excluded,CNV,cnv,OD,.tif,2.4457569122314453
CNV/159/024_CNV.tif,CNV-159,excluded,CNV,cnv,OD,.tif,2.469059705734253
CNV/159/025_CNV.tif,CNV-159,excluded,CNV,cnv,OD,.tif,2.2337570190429688
CNV/159/026_Drusen.tif,CNV-159,excluded,CNV,drusen,OD,.tif,2.2125964164733887
CNV/159/027_Drusen.tif,CNV-159,excluded,CNV,drusen,OD,.tif,2.2346949577331543
CNV/159/028_Drusen.tif,CNV-159,excluded,CNV,drusen,OD,.tif,2.1841635704040527
CNV/159/029_Drusen.tif,CNV-159,excluded,CNV,drusen,OD,.tif,2.198148488998413
CNV/159/030_Drusen.tif,CNV-159,excluded,CNV,drusen,OD,.tif,2.184882640838623
CNV/160/000_Drusen.tif,CNV-160,excluded,CNV,drusen,OD,.tif,2.3619704246520996
CNV/160/001_CNV.tif,CNV-160,excluded,CNV,cnv,OD,.tif,2.282829523086548
CNV/160/002_CNV.tif,CNV-160,excluded,CNV,cnv,OD,.tif,2.3402698040008545
CNV/160/003_CNV.tif,CNV-160,excluded,CNV,cnv,OD,.tif,2.4203450679779053
CNV/160/004_CNV.tif,CNV-160,excluded,CNV,cnv,OD,.tif,2.457767963409424
CNV/160/005_CNV.tif,CNV-160,excluded,CNV,cnv,OD,.tif,2.5030276775360107
CNV/160/006_CNV.tif,CNV-160,excluded,CNV,cnv,OD,.tif,2.453338623046875
CNV/160/007_CNV.tif,CNV-160,excluded,CNV,cnv,OD,.tif,2.5421955585479736
CNV/160/008_CNV.tif,CNV-160,excluded,CNV,cnv,OD,.tif,2.548835277557373
CNV/160/009_CNV.tif,CNV-160,excluded,CNV,cnv,OD,.tif,2.5841643810272217
CNV/160/010_CNV.tif,CNV-160,excluded,CNV,cnv,OD,.tif,2.536576747894287
CNV/160/011_CNV.tif,CNV-160,excluded,CNV,cnv,OD,.tif,2.711839199066162
CNV/160/012_CNV.tif,CNV-160,excluded,CNV,cnv,OD,.tif,2.8325352668762207
CNV/160/013_CNV.tif,CNV-160,excluded,CNV,cnv,OD,.tif,2.880311965942383
CNV/160/014_CNV.tif,CNV-160,excluded,CNV,cnv,OD,.tif,2.883073329925537
CNV/160/015_CNV.tif,CNV-160,excluded,CNV,cnv,OD,.tif,2.5253825187683105
CNV/160/016_CNV.tif,CNV-160,excluded,CNV,cnv,OD,.tif,2.6392667293548584
CNV/160/017_CNV.tif,CNV-160,excluded,CNV,cnv,OD,.tif,2.6935064792633057
CNV/160/018_CNV.tif,CNV-160,excluded,CNV,cnv,OD,.tif,2.6493947505950928
CNV/160/019_CNV.tif,CNV-160,excluded,CNV,cnv,OD,.tif,2.5029468536376953
CNV/160/020_CNV.tif,CNV-160,excluded,CNV,cnv,OD,.tif,2.5118789672851562
CNV/160/021_CNV.tif,CNV-160,excluded,CNV,cnv,OD,.tif,2.5743303298950195
CNV/160/022_CNV.tif,CNV-160,excluded,CNV,cnv,OD,.tif,2.4530489444732666
CNV/160/023_CNV.tif,CNV-160,excluded,CNV,cnv,OD,.tif,2.4319090843200684
CNV/160/024_Drusen.tif,CNV-160,excluded,CNV,drusen,OD,.tif,2.351045608520508
CNV/160/025_Drusen.tif,CNV-160,excluded,CNV,drusen,OD,.tif,2.3669753074645996
CNV/160/026_Drusen.tif,CNV-160,excluded,CNV,drusen,OD,.tif,2.2974772453308105
CNV/160/027_Drusen.tif,CNV-160,excluded,CNV,drusen,OD,.tif,2.2715141773223877
CNV/160/028_Drusen.tif,CNV-160,excluded,CNV,drusen,OD,.tif,2.2855312824249268
CNV/160/029_Drusen.tif,CNV-160,excluded,CNV,drusen,OD,.tif,2.3417041301727295
CNV/160/030_Drusen.tif,CNV-160,excluded,CNV,drusen,OD,.tif,2.418445348739624
CNV/161/000_Drusen.tif,CNV-161,excluded,CNV,drusen,OD,.tif,2.2301433086395264
CNV/161/001_Drusen.tif,CNV-161,excluded,CNV,drusen,OD,.tif,2.2639589309692383
CNV/161/002_CNV.tif,CNV-161,excluded,CNV,cnv,OD,.tif,2.3008196353912354
CNV/161/003_CNV.tif,CNV-161,excluded,CNV,cnv,OD,.tif,2.2521133422851562
CNV/161/004_CNV.tif,CNV-161,excluded,CNV,cnv,OD,.tif,2.2376933097839355
CNV/161/005_CNV.tif,CNV-161,excluded,CNV,cnv,OD,.tif,2.2184698581695557
CNV/161/006_CNV.tif,CNV-161,excluded,CNV,cnv,OD,.tif,2.2934701442718506
CNV/161/007_CNV.tif,CNV-161,excluded,CNV,cnv,OD,.tif,2.334333658218384
CNV/161/008_CNV.tif,CNV-161,excluded,CNV,cnv,OD,.tif,2.3363256454467773
CNV/161/009_CNV.tif,CNV-161,excluded,CNV,cnv,OD,.tif,2.3121941089630127
CNV/161/010_CNV.tif,CNV-161,excluded,CNV,cnv,OD,.tif,2.4334018230438232
CNV/161/011_CNV.tif,CNV-161,excluded,CNV,cnv,OD,.tif,2.4712042808532715
CNV/161/012_CNV.tif,CNV-161,excluded,CNV,cnv,OD,.tif,2.475727081298828
CNV/161/013_CNV.tif,CNV-161,excluded,CNV,cnv,OD,.tif,2.4421327114105225
CNV/161/014_CNV.tif,CNV-161,excluded,CNV,cnv,OD,.tif,2.441437244415283
CNV/161/015_CNV.tif,CNV-161,excluded,CNV,cnv,OD,.tif,2.5009067058563232
CNV/161/016_CNV.tif,CNV-161,excluded,CNV,cnv,OD,.tif,2.5342307090759277
CNV/161/017_CNV.tif,CNV-161,excluded,CNV,cnv,OD,.tif,2.5286033153533936
CNV/161/018_CNV.tif,CNV-161,excluded,CNV,cnv,OD,.tif,2.4748551845550537
CNV/161/019_CNV.tif,CNV-161,excluded,CNV,cnv,OD,.tif,2.3464272022247314
CNV/161/020_CNV.tif,CNV-161,excluded,CNV,cnv,OD,.tif,2.310861825942993
CNV/161/021_CNV.tif,CNV-161,excluded,CNV,cnv,OD,.tif,2.29872465133667
CNV/161/022_CNV.tif,CNV-161,excluded,CNV,cnv,OD,.tif,2.3743631839752197
CNV/161/023_Drusen.tif,CNV-161,excluded,CNV,drusen,OD,.tif,2.4193804264068604
CNV/161/024_Drusen.tif,CNV-161,excluded,CNV,drusen,OD,.tif,2.264773368835449
CNV/161/025_Drusen.tif,CNV-161,excluded,CNV,drusen,OD,.tif,2.2425742149353027
CNV/161/026_Drusen.tif,CNV-161,excluded,CNV,drusen,OD,.tif,2.228177785873413
CNV/161/027_Drusen.tif,CNV-161,excluded,CNV,drusen,OD,.tif,2.4199047088623047
CNV/161/028_Drusen.tif,CNV-161,excluded,CNV,drusen,OD,.tif,2.357649087905884
CNV/161/029_Drusen.tif,CNV-161,excluded,CNV,drusen,OD,.tif,2.393906831741333
CNV/161/030_Drusen.tif,CNV-161,excluded,CNV,drusen,OD,.tif,2.341766834259033
DRUSEN/157/000_Normal.tif,DRUSEN-157,excluded,DRUSEN,normal,OD,.tif,2.4484000205993652
DRUSEN/157/001_Normal.tif,DRUSEN-157,excluded,DRUSEN,normal,OD,.tif,2.502671718597412
DRUSEN/157/002_Normal.tif,DRUSEN-157,excluded,DRUSEN,normal,OD,.tif,2.530094861984253
DRUSEN/157/003_Normal.tif,DRUSEN-157,excluded,DRUSEN,normal,OD,.tif,2.5324318408966064
DRUSEN/157/004_Normal.tif,DRUSEN-157,excluded,DRUSEN,normal,OD,.tif,2.401345729827881
DRUSEN/157/005_Drusen.tif,DRUSEN-157,excluded,DRUSEN,drusen,OD,.tif,2.246873617172241
DRUSEN/157/006_Drusen.tif,DRUSEN-157,excluded,DRUSEN,drusen,OD,.tif,2.2782320976257324
DRUSEN/157/007_Drusen.tif,DRUSEN-157,excluded,DRUSEN,drusen,OD,.tif,2.3794779777526855
DRUSEN/157/008_Drusen.tif,DRUSEN-157,excluded,DRUSEN,drusen,OD,.tif,2.2972970008850098
DRUSEN/157/009_Drusen.tif,DRUSEN-157,excluded,DRUSEN,drusen,OD,.tif,2.359729528427124
DRUSEN/157/010_Drusen.tif,DRUSEN-157,excluded,DRUSEN,drusen,OD,.tif,2.408159017562866
DRUSEN/157/011_Drusen.tif,DRUSEN-157,excluded,DRUSEN,drusen,OD,.tif,2.387146234512329
DRUSEN/157/012_Drusen.tif,DRUSEN-157,excluded,DRUSEN,drusen,OD,.tif,2.3533918857574463
DRUSEN/157/013_Drusen.tif,DRUSEN-157,excluded,DRUSEN,drusen,OD,.tif,2.3651206493377686
DRUSEN/157/014_Drusen.tif,DRUSEN-157,excluded,DRUSEN,drusen,OD,.tif,2.369622230529785
DRUSEN/157/015_Drusen.tif,DRUSEN-157,excluded,DRUSEN,drusen,OD,.tif,2.3004238605499268
DRUSEN/157/016_Drusen.tif,DRUSEN-157,excluded,DRUSEN,drusen,OD,.tif,2.300168991088867
DRUSEN/157/017_Drusen.tif,DRUSEN-157,excluded,DRUSEN,drusen,OD,.tif,2.3114774227142334
DRUSEN/157/018_Drusen.tif,DRUSEN-157,excluded,DRUSEN,drusen,OD,.tif,2.2292795181274414
DRUSEN/157/019_Drusen.tif,DRUSEN-157,excluded,DRUSEN,drusen,OD,.tif,2.3309757709503174
DRUSEN/157/020_Drusen.tif,DRUSEN-157,excluded,DRUSEN,drusen,OD,.tif,2.2538349628448486
DRUSEN/157/021_Drusen.tif,DRUSEN-157,excluded,DRUSEN,drusen,OD,.tif,2.177475690841675
DRUSEN/157/022_Normal.tif,DRUSEN-157,excluded,DRUSEN,normal,OD,.tif,2.289562225341797
DRUSEN/157/023_Drusen.tif,DRUSEN-157,excluded,DRUSEN,drusen,OD,.tif,2.3316097259521484
DRUSEN/157/024_Drusen.tif,DRUSEN-157,excluded,DRUSEN,drusen,OD,.tif,2.404733180999756
DRUSEN/158/000_Drusen.tif,DRUSEN-158,excluded,DRUSEN,drusen,OD,.tif,2.461822509765625
DRUSEN/158/001_Normal.tif,DRUSEN-158,excluded,DRUSEN,normal,OD,.tif,2.4036245346069336
DRUSEN/158/002_Normal.tif,DRUSEN-158,excluded,DRUSEN,normal,OD,.tif,2.3771066665649414
DRUSEN/158/003_Normal.tif,DRUSEN-158,excluded,DRUSEN,normal,OD,.tif,2.42799973487854
DRUSEN/158/004_Normal.tif,DRUSEN-158,excluded,DRUSEN,normal,OD,.tif,2.2633163928985596
DRUSEN/158/005_Normal.tif,DRUSEN-158,excluded,DRUSEN,normal,OD,.tif,2.322542428970337
DRUSEN/158/006_Normal.tif,DRUSEN-158,excluded,DRUSEN,normal,OD,.tif,2.31451416015625
DRUSEN/158/007_Drusen.tif,DRUSEN-158,excluded,DRUSEN,drusen,OD,.tif,2.272709608078003
DRUSEN/158/008_Drusen.tif,DRUSEN-158,excluded,DRUSEN,drusen,OD,.tif,2.308523178100586
DRUSEN/158/009_Normal.tif,DRUSEN-158,excluded,DRUSEN,normal,OD,.tif,2.277034044265747
DRUSEN/158/010_Drusen.tif,DRUSEN-158,excluded,DRUSEN,drusen,OD,.tif,2.2946317195892334
DRUSEN/158/011_Drusen.tif,DRUSEN-158,excluded,DRUSEN,drusen,OD,.tif,2.2852540016174316
DRUSEN/158/012_Drusen.tif,DRUSEN-158,excluded,DRUSEN,drusen,OD,.tif,2.238849401473999
DRUSEN/158/013_Drusen.tif,DRUSEN-158,excluded,DRUSEN,drusen,OD,.tif,2.2654550075531006
DRUSEN/158/014_Drusen.tif,DRUSEN-158,excluded,DRUSEN,drusen,OD,.tif,2.3170173168182373
DRUSEN/158/015_Drusen.tif,DRUSEN-158,excluded,DRUSEN,drusen,OD,.tif,2.404512882232666
DRUSEN/158/016_Drusen.tif,DRUSEN-158,excluded,DRUSEN,drusen,OD,.tif,2.34728741645813
DRUSEN/158/017_Drusen.tif,DRUSEN-158,excluded,DRUSEN,drusen,OD,.tif,2.3213231563568115
DRUSEN/158/018_Drusen.tif,DRUSEN-158,excluded,DRUSEN,drusen,OD,.tif,2.4112985134124756
DRUSEN/158/019_Drusen.tif,DRUSEN-158,excluded,DRUSEN,drusen,OD,.tif,2.2912955284118652
DRUSEN/158/020_Drusen.tif,DRUSEN-158,excluded,DRUSEN,drusen,OD,.tif,2.271278142929077
DRUSEN/158/021_Drusen.tif,DRUSEN-158,excluded,DRUSEN,drusen,OD,.tif,2.292546033859253
DRUSEN/158/022_Drusen.tif,DRUSEN-158,excluded,DRUSEN,drusen,OD,.tif,2.3464243412017822
DRUSEN/158/023_Drusen.tif,DRUSEN-158,excluded,DRUSEN,drusen,OD,.tif,2.3204479217529297
DRUSEN/158/024_Drusen.tif,DRUSEN-158,excluded,DRUSEN,drusen,OD,.tif,2.38020920753479
DRUSEN/158/025_Drusen.tif,DRUSEN-158,excluded,DRUSEN,drusen,OD,.tif,2.397825002670288
DRUSEN/158/026_Drusen.tif,DRUSEN-158,excluded,DRUSEN,drusen,OD,.tif,2.4455816745758057
DRUSEN/158/027_Normal.tif,DRUSEN-158,excluded,DRUSEN,normal,OD,.tif,2.439823865890503
DRUSEN/158/028_Drusen.tif,DRUSEN-158,excluded,DRUSEN,drusen,OD,.tif,2.389904499053955
DRUSEN/158/029_Drusen.tif,DRUSEN-158,excluded,DRUSEN,drusen,OD,.tif,2.429551362991333
DRUSEN/158/030_Drusen.tif,DRUSEN-158,excluded,DRUSEN,drusen,OD,.tif,2.363236904144287
DRUSEN/159/000_DRusen.tif,DRUSEN-159,excluded,DRUSEN,drusen,OS,.tif,2.2207815647125244
DRUSEN/159/001_DRusen.tif,DRUSEN-159,excluded,DRUSEN,drusen,OS,.tif,2.1349740028381348
DRUSEN/159/002_DRusen.tif,DRUSEN-159,excluded,DRUSEN,drusen,OS,.tif,2.114556312561035
DRUSEN/159/003_DRusen.tif,DRUSEN-159,excluded,DRUSEN,drusen,OS,.tif,2.071547508239746
DRUSEN/159/004_DRusen.tif,DRUSEN-159,excluded,DRUSEN,drusen,OS,.tif,2.0445611476898193
DRUSEN/159/005_DRusen.tif,DRUSEN-159,excluded,DRUSEN,drusen,OS,.tif,2.036039352416992
DRUSEN/159/006_DRusen.tif,DRUSEN-159,excluded,DRUSEN,drusen,OS,.tif,2.0778250694274902
DRUSEN/159/007_DRusen.tif,DRUSEN-159,excluded,DRUSEN,drusen,OS,.tif,2.0917632579803467
DRUSEN/159/008_DRusen.tif,DRUSEN-159,excluded,DRUSEN,drusen,OS,.tif,2.038864850997925
DRUSEN/159/009_DRusen.tif,DRUSEN-159,excluded,DRUSEN,drusen,OS,.tif,2.075019359588623
DRUSEN/159/010_DRusen.tif,DRUSEN-159,excluded,DRUSEN,drusen,OS,.tif,2.0905330181121826
DRUSEN/159/011_DRusen.tif,DRUSEN-159,excluded,DRUSEN,drusen,OS,.tif,2.0219216346740723
DRUSEN/159/012_DRusen.tif,DRUSEN-159,excluded,DRUSEN,drusen,OS,.tif,2.089461088180542
DRUSEN/159/013_DRusen.tif,DRUSEN-159,excluded,DRUSEN,drusen,OS,.tif,2.0672624111175537
DRUSEN/159/014_DRusen.tif,DRUSEN-159,excluded,DRUSEN,drusen,OS,.tif,2.030474901199341
DRUSEN/159/015_DRusen.tif,DRUSEN-159,excluded,DRUSEN,drusen,OS,.tif,2.027780532836914
DRUSEN/159/016_DRusen.tif,DRUSEN-159,excluded,DRUSEN,drusen,OS,.tif,2.002976655960083
DRUSEN/159/017_DRusen.tif,DRUSEN-159,excluded,DRUSEN,drusen,OS,.tif,1.9732778072357178
DRUSEN/159/018_DRusen.tif,DRUSEN-159,excluded,DRUSEN,drusen,OS,.tif,1.9813023805618286
DRUSEN/159/019_DRusen.tif,DRUSEN-159,excluded,DRUSEN,drusen,OS,.tif,2.0815024375915527
DRUSEN/159/020_DRusen.tif,DRUSEN-159,excluded,DRUSEN,drusen,OS,.tif,1.989879846572876
DRUSEN/159/021_DRusen.tif,DRUSEN-159,excluded,DRUSEN,drusen,OS,.tif,1.8847215175628662
DRUSEN/159/022_DRusen.tif,DRUSEN-159,excluded,DRUSEN,drusen,OS,.tif,2.0971601009368896
DRUSEN/159/023_DRusen.tif,DRUSEN-159,excluded,DRUSEN,drusen,OS,.tif,2.0545413494110107
DRUSEN/159/024_DRusen.tif,DRUSEN-159,excluded,DRUSEN,drusen,OS,.tif,2.0340464115142822
DRUSEN/159/025_DRusen.tif,DRUSEN-159,excluded,DRUSEN,drusen,OS,.tif,2.082413673400879
DRUSEN/159/026_DRusen.tif,DRUSEN-159,excluded,DRUSEN,drusen,OS,.tif,2.07854962348938
DRUSEN/159/027_DRusen.tif,DRUSEN-159,excluded,DRUSEN,drusen,OS,.tif,2.090283155441284
DRUSEN/159/028_DRusen.tif,DRUSEN-159,excluded,DRUSEN,drusen,OS,.tif,2.0635852813720703
DRUSEN/159/029_DRusen.tif,DRUSEN-159,excluded,DRUSEN,drusen,OS,.tif,2.0887486934661865
DRUSEN/159/030_DRusen.tif,DRUSEN-159,excluded,DRUSEN,drusen,OS,.tif,2.143451452255249
DRUSEN/160/000_Normal.tif,DRUSEN-160,excluded,DRUSEN,normal,OS,.tif,2.723564624786377
DRUSEN/160/001_Normal.tif,DRUSEN-160,excluded,DRUSEN,normal,OS,.tif,2.610036611557007
DRUSEN/160/002_Normal.tif,DRUSEN-160,excluded,DRUSEN,normal,OS,.tif,2.681459665298462
DRUSEN/160/003_Normal.tif,DRUSEN-160,excluded,DRUSEN,normal,OS,.tif,2.606290102005005
DRUSEN/160/004_Normal.tif,DRUSEN-160,excluded,DRUSEN,normal,OS,.tif,2.5577588081359863
DRUSEN/160/005_Normal.tif,DRUSEN-160,excluded,DRUSEN,normal,OS,.tif,2.534071922302246
DRUSEN/160/006_Drusen.tif,DRUSEN-160,excluded,DRUSEN,drusen,OS,.tif,2.552633762359619
DRUSEN/160/007_Drusen.tif,DRUSEN-160,excluded,DRUSEN,drusen,OS,.tif,2.515498638153076
DRUSEN/160/008_Drusen.tif,DRUSEN-160,excluded,DRUSEN,drusen,OS,.tif,2.399357557296753
DRUSEN/160/009_Normal.tif,DRUSEN-160,excluded,DRUSEN,normal,OS,.tif,2.3558144569396973
DRUSEN/160/010_Drusen.tif,DRUSEN-160,excluded,DRUSEN,drusen,OS,.tif,2.3527016639709473
DRUSEN/160/011_Normal.tif,DRUSEN-160,excluded,DRUSEN,normal,OS,.tif,2.361865282058716
DRUSEN/160/012_Drusen.tif,DRUSEN-160,excluded,DRUSEN,drusen,OS,.tif,2.404247999191284
DRUSEN/160/013_Drusen.tif,DRUSEN-160,excluded,DRUSEN,drusen,OS,.tif,2.341325521469116
DRUSEN/160/014_Normal.tif,DRUSEN-160,excluded,DRUSEN,normal,OS,.tif,2.359663963317871
DRUSEN/160/015_Normal.tif,DRUSEN-160,excluded,DRUSEN,normal,OS,.tif,2.450079917907715
DRUSEN/160/016_Drusen.tif,DRUSEN-160,excluded,DRUSEN,drusen,OS,.tif,2.454428195953369
DRUSEN/160/017_Drusen.tif,DRUSEN-160,excluded,DRUSEN,drusen,OS,.tif,2.47892427444458
DRUSEN/160/018_Drusen.tif,DRUSEN-160,excluded,DRUSEN,drusen,OS,.tif,2.2949445247650146
DRUSEN/160/019_Drusen.tif,DRUSEN-160,excluded,DRUSEN,drusen,OS,.tif,2.387617826461792
DRUSEN/160/020_Drusen.tif,DRUSEN-160,excluded,DRUSEN,drusen,OS,.tif,2.3064470291137695
DRUSEN/160/021_Drusen.tif,DRUSEN-160,excluded,DRUSEN,drusen,OS,.tif,2.317657947540283
DRUSEN/160/022_Drusen.tif,DRUSEN-160,excluded,DRUSEN,drusen,OS,.tif,2.3190298080444336
DRUSEN/160/023_Drusen.tif,DRUSEN-160,excluded,DRUSEN,drusen,OS,.tif,2.3036720752716064
DRUSEN/160/024_Drusen.tif,DRUSEN-160,excluded,DRUSEN,drusen,OS,.tif,2.384843587875366
DRUSEN/160/025_Drusen.tif,DRUSEN-160,excluded,DRUSEN,drusen,OS,.tif,2.366783857345581
DRUSEN/160/026_Drusen.tif,DRUSEN-160,excluded,DRUSEN,drusen,OS,.tif,2.4461669921875
DRUSEN/160/027_Drusen.tif,DRUSEN-160,excluded,DRUSEN,drusen,OS,.tif,2.514054775238037
DRUSEN/160/028_Drusen.tif,DRUSEN-160,excluded,DRUSEN,drusen,OS,.tif,2.4992804527282715
DRUSEN/160/029_Drusen.tif,DRUSEN-160,excluded,DRUSEN,drusen,OS,.tif,2.44622540473938
