image_path,patient_id,split,class_folder,bscan_label,eye,ext,score
CNV/3/OD/000_CNV.jpg,CNV-003,val,CNV,cnv,OD,.jpg,0.00024541968014091253
CNV/3/OD/001_CNV.jpg,CNV-003,val,CNV,cnv,OD,.jpg,0.00027553149266168475
CNV/3/OD/002_CNV.jpg,CNV-003,val,CNV,cnv,OD,.jpg,0.0002773688465822488
CNV/3/OD/003_CNV.jpg,CNV-003,val,CNV,cnv,OD,.jpg,0.0003301690157968551
CNV/3/OD/004_CNV.jpg,CNV-003,val,CNV,cnv,OD,.jpg,0.00031473656417801976
CNV/3/OD/005_CNV.jpg,CNV-003,val,CNV,cnv,OD,.jpg,0.0003859211865346879
CNV/3/OD/006_CNV.jpg,CNV-003,val,CNV,cnv,OD,.jpg,0.0002828239812515676
CNV/3/OD/007_CNV.jpg,CNV-003,val,CNV,cnv,OD,.jpg,0.00034838420106098056
CNV/3/OD/008_CNV.jpg,CNV-003,val,CNV,cnv,OD,.jpg,0.00028458808083087206
CNV/3/OD/009_CNV.jpg,CNV-003,val,CNV,cnv,OD,.jpg,0.00024997739819809794
CNV/3/OD/010_CNV.jpg,CNV-003,val,CNV,cnv,OD,.jpg,0.0004013993893750012
CNV/3/OD/011_CNV.jpg,CNV-003,val,CNV,cnv,OD,.jpg,0.0003400893765501678
CNV/3/OD/012_CNV.jpg,CNV-003,val,CNV,cnv,OD,.jpg,0.0002904141438193619
CNV/3/OD/013_CNV.jpg,CNV-003,val,CNV,cnv,OD,.jpg,0.0003032855165656656
CNV/3/OD/014_CNV.jpg,CNV-003,val,CNV,cnv,OD,.jpg,0.00046569510595873
CNV/3/OD/015_CNV.jpg,CNV-003,val,CNV,cnv,OD,.jpg,0.00045335048343986273
CNV/3/OD/016_CNV.jpg,CNV-003,val,CNV,cnv,OD,.jpg,0.0006163666839711368
CNV/3/OD/017_CNV.jpg,CNV-003,val,CNV,cnv,OD,.jpg,0.00029589960468001664
CNV/3/OD/018_CNV.jpg,CNV-003,val,CNV,cnv,OD,.jpg,0.00039735520840622485
CNV/3/OD/019_CNV.jpg,CNV-003,val,CNV,cnv,OD,.jpg,0.00034891339601017535
CNV/3/OD/020_CNV.jpg,CNV-003,val,CNV,cnv,OD,.jpg,0.00026907838764600456
CNV/3/OD/021_CNV.jpg,CNV-003,val,CNV,cnv,OD,.jpg,0.00025436640135012567
CNV/3/OD/022_CNV.jpg,CNV-003,val,CNV,cnv,OD,.jpg,0.00023762167256791145
CNV/3/OD/023_CNV.jpg,CNV-003,val,CNV,cnv,OD,.jpg,0.00018634871230460703
CNV/3/OD/024_CNV.jpg,CNV-003,val,CNV,cnv,OD,.jpg,0.0002216308785136789
CNV/3/OD/025_CNV.jpg,CNV-003,val,CNV,cnv,OD,.jpg,0.0002287804672960192
CNV/3/OD/026_CNV.jpg,CNV-003,val,CNV,cnv,OD,.jpg,0.00018464185995981097
CNV/3/OD/027_CNV.jpg,CNV-003,val,CNV,cnv,OD,.jpg,0.00032629683846607804
CNV/3/OD/028_CNV.jpg,CNV-003,val,CNV,cnv,OD,.jpg,0.00019555889593902975
CNV/3/OD/029_CNV.jpg,CNV-003,val,CNV,cnv,OD,.jpg,0.00020446372218430042
CNV/3/OD/030_CNV.jpg,CNV-003,val,CNV,cnv,OD,.jpg,0.00024395626678597182
CNV/3/OS/000_CNV.jpg,CNV-003,val,CNV,cnv,OS,.jpg,0.00018392011406831443
CNV/3/OS/001_CNV.jpg,CNV-003,val,CNV,cnv,OS,.jpg,0.00031960298656485975
CNV/3/OS/002_CNV.jpg,CNV-003,val,CNV,cnv,OS,.jpg,0.00023983215214684606
CNV/3/OS/003_CNV.jpg,CNV-003,val,CNV,cnv,OS,.jpg,0.0003490172093734145
CNV/3/OS/004_CNV.jpg,CNV-003,val,CNV,cnv,OS,.jpg,0.00031102943466976285
CNV/3/OS/005_CNV.jpg,CNV-003,val,CNV,cnv,OS,.jpg,0.00038882644730620086
CNV/3/OS/006_CNV.jpg,CNV-003,val,CNV,cnv,OS,.jpg,0.00036968011409044266
CNV/3/OS/007_CNV.jpg,CNV-003,val,CNV,cnv,OS,.jpg,0.00038811686681583524
CNV/3/OS/008_CNV.jpg,CNV-003,val,CNV,cnv,OS,.jpg,0.00044115743367001414
CNV/3/OS/009_CNV.jpg,CNV-003,val,CNV,cnv,OS,.jpg,0.000309504073811695
CNV/3/OS/010_CNV.jpg,CNV-003,val,CNV,cnv,OS,.jpg,0.0005566815380007029
CNV/3/OS/011_CNV.jpg,CNV-003,val,CNV,cnv,OS,.jpg,0.0005920483963564038
CNV/3/OS/012_CNV.jpg,CNV-003,val,CNV,cnv,OS,.jpg,0.00047807383816689253
CNV/3/OS/013_CNV.jpg,CNV-003,val,CNV,cnv,OS,.jpg,0.0004278351552784443
CNV/3/OS/014_CNV.jpg,CNV-003,val,CNV,cnv,OS,.jpg,0.00049364916048944
CNV/3/OS/015_CNV.jpg,CNV-003,val,CNV,cnv,OS,.jpg,0.0004997283685952425
CNV/3/OS/016_CNV.jpg,CNV-003,val,CNV,cnv,OS,.jpg,0.0005293253343552351
CNV/3/OS/017_CNV.jpg,CNV-003,val,CNV,cnv,OS,.jpg,0.0005814531468786299
CNV/3/OS/018_CNV.jpg,CNV-003,val,CNV,cnv,OS,.jpg,0.00046489117085002363
CNV/3/OS/019_CNV.jpg,CNV-003,val,CNV,cnv,OS,.jpg,0.0003758545499294996
CNV/3/OS/020_CNV.jpg,CNV-003,val,CNV,cnv,OS,.jpg,0.000725560006685555
CNV/3/OS/021_CNV.jpg,CNV-003,val,CNV,cnv,OS,.jpg,0.0005774713354185224
CNV/3/OS/022_CNV.jpg,CNV-003,val,CNV,cnv,OS,.jpg,0.00031639152439311147
CNV/3/OS/023_CNV.jpg,CNV-003,val,CNV,cnv,OS,.jpg,0.0003900253213942051
CNV/3/OS/024_CNV.jpg,CNV-003,val,CNV,cnv,OS,.jpg,0.000582829350605607
CNV/3/OS/025_CNV.jpg,CNV-003,val,CNV,cnv,OS,.jpg,0.0005093173822388053
CNV/3/OS/026_CNV.jpg,CNV-003,val,CNV,cnv,OS,.jpg,0.000374162889784202
CNV/3/OS/027_CNV.jpg,CNV-003,val,CNV,cnv,OS,.jpg,0.0004346424830146134
CNV/3/OS/028_CNV.jpg,CNV-003,val,CNV,cnv,OS,.jpg,0.00024029321502894163
CNV/4/000_Drusen.jpg,CNV-004,val,CNV,drusen,OD,.jpg,0.00026999489637091756
CNV/4/001_Normal.jpg,CNV-004,val,CNV,normal,OD,.jpg,0.0002934307558462024
CNV/4/002_Normal.jpg,CNV-004,val,CNV,normal,OD,.jpg,0.0002875684294849634
CNV/4/003_Normal.jpg,CNV-004,val,CNV,normal,OD,.jpg,0.0002309099945705384
CNV/4/004_Normal.jpg,CNV-004,val,CNV,normal,OD,.jpg,0.0002315657038707286
CNV/4/005_Normal.jpg,CNV-004,val,CNV,normal,OD,.jpg,0.00021071078663226217
CNV/4/006_Normal.jpg,CNV-004,val,CNV,normal,OD,.jpg,0.00015974488633219153
CNV/4/007_Normal.jpg,CNV-004,val,CNV,normal,OD,.jpg,0.00032649957574903965
CNV/4/008_Normal.jpg,CNV-004,val,CNV,normal,OD,.jpg,0.00022749882191419601
CNV/4/009_Drusen.jpg,CNV-004,val,CNV,drusen,OD,.jpg,0.00022916524903848767
CNV/4/010_CNV.jpg,CNV-004,val,CNV,cnv,OD,.jpg,0.0002188205544371158
CNV/4/011_CNV.jpg,CNV-004,val,CNV,cnv,OD,.jpg,0.0002182717144023627
CNV/4/012_CNV.jpg,CNV-004,val,CNV,cnv,OD,.jpg,0.00027337478240951896
CNV/4/013_CNV.jpg,CNV-004,val,CNV,cnv,OD,.jpg,0.0002591742086224258
CNV/4/014_CNV.jpg,CNV-004,val,CNV,cnv,OD,.jpg,0.0002722390345297754
CNV/4/015_Drusen.jpg,CNV-004,val,CNV,drusen,OD,.jpg,0.00018483574967831373
CNV/4/016_Drusen.jpg,CNV-004,val,CNV,drusen,OD,.jpg,0.00021028654009569436
CNV/4/017_Drusen.jpg,CNV-004,val,CNV,drusen,OD,.jpg,0.000203745425096713
CNV/4/018_Drusen.jpg,CNV-004,val,CNV,drusen,OD,.jpg,0.00017144859884865582
CNV/4/019_Drusen.jpg,CNV-004,val,CNV,drusen,OD,.jpg,0.00021164605277590454
CNV/4/020_Drusen.jpg,CNV-004,val,CNV,drusen,OD,.jpg,0.00017964467406272888
CNV/4/021_Drusen.jpg,CNV-004,val,CNV,drusen,OD,.jpg,0.0002049248869298026
CNV/4/022_Drusen.jpg,CNV-004,val,CNV,drusen,OD,.jpg,0.00023757370945531875
CNV/4/023_Drusen.jpg,CNV-004,val,CNV,drusen,OD,.jpg,0.0002457574591971934
CNV/4/024_Normal.jpg,CNV-004,val,CNV,normal,OD,.jpg,0.00024157788720913231
CNV/4/025_Normal.jpg,CNV-004,val,CNV,normal,OD,.jpg,0.0002539196575526148
CNV/4/026_Drusen.jpg,CNV-004,val,CNV,drusen,OD,.jpg,0.00023747686645947397
CNV/4/027_Drusen.jpg,CNV-004,val,CNV,drusen,OD,.jpg,0.000308014452457428
CNV/4/028_Drusen.jpg,CNV-004,val,CNV,drusen,OD,.jpg,0.0001913661981234327
CNV/4/029_Drusen.jpg,CNV-004,val,CNV,drusen,OD,.jpg,0.00027439117548055947
CNV/4/030_Normal.jpg,CNV-004,val,CNV,normal,OD,.jpg,0.00023715899442322552
CNV/5/000_Normal.tif,CNV-005,val,CNV,normal,OD,.tif,0.00020450753800105304
CNV/5/001_Normal.tif,CNV-005,val,CNV,normal,OD,.tif,0.00029714597621932626
CNV/5/002_Normal.tif,CNV-005,val,CNV,normal,OD,.tif,0.0002222750918008387
CNV/5/003_Normal.tif,CNV-005,val,CNV,normal,OD,.tif,0.00026939105009660125
CNV/5/004_Normal.tif,CNV-005,val,CNV,normal,OD,.tif,0.00017191210645250976
CNV/5/005_Normal.tif,CNV-005,val,CNV,normal,OD,.tif,0.00021597440354526043
CNV/5/006_Drusen.tif,CNV-005,val,CNV,drusen,OD,.tif,0.00021492895029950887
CNV/5/007_Drusen.tif,CNV-005,val,CNV,drusen,OD,.tif,0.0001547529682284221
CNV/5/008_CNV.tif,CNV-005,val,CNV,cnv,OD,.tif,0.0002720330376178026
CNV/5/009_CNV.tif,CNV-005,val,CNV,cnv,OD,.tif,0.00039545760955661535
CNV/5/010_CNV.tif,CNV-005,val,CNV,cnv,OD,.tif,0.00025156248011626303
CNV/5/011_CNV.tif,CNV-005,val,CNV,cnv,OD,.tif,0.0005305571248754859
CNV/5/012_CNV.tif,CNV-005,val,CNV,cnv,OD,.tif,0.00044117652578279376
CNV/5/013_CNV.tif,CNV-005,val,CNV,cnv,OD,.tif,0.00036389712477102876
CNV/5/014_CNV.tif,CNV-005,val,CNV,cnv,OD,.tif,0.000304826011415571
CNV/5/015_CNV.tif,CNV-005,val,CNV,cnv,OD,.tif,0.00027326575946062803
CNV/5/016_CNV.tif,CNV-005,val,CNV,cnv,OD,.tif,0.0003096007276326418
CNV/5/017_CNV.tif,CNV-005,val,CNV,cnv,OD,.tif,0.00018164023640565574
CNV/5/018_CNV.tif,CNV-005,val,CNV,cnv,OD,.tif,0.00023641056031920016
CNV/5/019_CNV.tif,CNV-005,val,CNV,cnv,OD,.tif,0.00027272163424640894
CNV/5/020_Drusen.tif,CNV-005,val,CNV,drusen,OD,.tif,0.000161791656864807
CNV/5/021_Normal.tif,CNV-005,val,CNV,normal,OD,.tif,0.00023285105999093503
CNV/5/022_Normal.tif,CNV-005,val,CNV,normal,OD,.tif,0.00020222473540343344
CNV/5/023_Normal.tif,CNV-005,val,CNV,normal,OD,.tif,0.00026624894235283136
CNV/5/024_Normal.tif,CNV-005,val,CNV,normal,OD,.tif,0.00021935558470431715
CNV/5/025_Normal.tif,CNV-005,val,CNV,normal,OD,.tif,0.0003093397826887667
CNV/5/026_Normal.tif,CNV-005,val,CNV,normal,OD,.tif,0.0002426622959319502
CNV/5/027_Normal.tif,CNV-005,val,CNV,normal,OD,.tif,0.00024244804808404297
CNV/5/028_Normal.tif,CNV-005,val,CNV,normal,OD,.tif,0.00020474228949751705
CNV/5/029_Normal.tif,CNV-005,val,CNV,normal,OD,.tif,0.00033698295010253787
CNV/5/030_Normal.tif,CNV-005,val,CNV,normal,OD,.tif,0.00018084340263158083
CNV/8/000_Drusen.tif,CNV-008,val,CNV,drusen,OS,.tif,0.0004510086146183312
CNV/8/001_Drusen.tif,CNV-008,val,CNV,drusen,OS,.tif,0.00034265051363036036
CNV/8/002_Normal.tif,CNV-008,val,CNV,normal,OS,.tif,0.0002624909393489361
CNV/8/003_Normal.tif,CNV-008,val,CNV,normal,OS,.tif,0.00035397757892496884
CNV/8/004_Normal.tif,CNV-008,val,CNV,normal,OS,.tif,0.00035479487269185483
CNV/8/005_Normal.tif,CNV-008,val,CNV,normal,OS,.tif,0.00021703948732465506
CNV/8/006_Normal.tif,CNV-008,val,CNV,normal,OS,.tif,0.00033630398684181273
CNV/8/007_Drusen.tif,CNV-008,val,CNV,drusen,OS,.tif,0.000483198557049036
CNV/8/008_Drusen.tif,CNV-008,val,CNV,drusen,OS,.tif,0.0003806784516200423
CNV/8/009_Drusen.tif,CNV-008,val,CNV,drusen,OS,.tif,0.00022486847592517734
CNV/8/010_Drusen.tif,CNV-008,val,CNV,drusen,OS,.tif,0.00028448697412386537
CNV/8/011_Drusen.tif,CNV-008,val,CNV,drusen,OS,.tif,0.0002776205074042082
CNV/8/012_Drusen.tif,CNV-008,val,CNV,drusen,OS,.tif,0.0002841156383510679
CNV/8/013_CNV.tif,CNV-008,val,CNV,cnv,OS,.tif,0.00031852212850935757
CNV/8/014_Drusen.tif,CNV-008,val,CNV,drusen,OS,.tif,0.00025865883799269795
CNV/8/015_Drusen.tif,CNV-008,val,CNV,drusen,OS,.tif,0.00032038375502452254
CNV/8/016_Drusen.tif,CNV-008,val,CNV,drusen,OS,.tif,0.00042215888970531523
CNV/8/017_Drusen.tif,CNV-008,val,CNV,drusen,OS,.tif,0.00043596624163910747
CNV/8/018_Drusen.tif,CNV-008,val,CNV,drusen,OS,.tif,0.0003093600389547646
CNV/8/019_Drusen.tif,CNV-008,val,CNV,drusen,OS,.tif,0.0002197648282162845
CNV/8/020_Drusen.tif,CNV-008,val,CNV,drusen,OS,.tif,0.0002424117410555482
CNV/8/021_Drusen.tif,CNV-008,val,CNV,drusen,OS,.tif,0.0002548425691202283
CNV/8/022_CNV.tif,CNV-008,val,CNV,cnv,OS,.tif,0.0004007084062322974
CNV/8/023_CNV.tif,CNV-008,val,CNV,cnv,OS,.tif,0.00036444474244490266
CNV/8/024_CNV.tif,CNV-008,val,CNV,cnv,OS,.tif,0.00025209394516423345
CNV/8/025_CNV.tif,CNV-008,val,CNV,cnv,OS,.tif,0.0001765741762937978
CNV/8/026_CNV.tif,CNV-008,val,CNV,cnv,OS,.tif,0.000233712766203098
CNV/8/027_CNV.tif,CNV-008,val,CNV,cnv,OS,.tif,0.00033148209331557155
CNV/8/028_CNV.tif,CNV-008,val,CNV,cnv,OS,.tif,0.000256099971011281
CNV/8/029_Drusen.tif,CNV-008,val,CNV,drusen,OS,.tif,0.00023112725466489792
CNV/8/030_Drusen.tif,CNV-008,val,CNV,drusen,OS,.tif,0.00026294990675523877
CNV/9/000_Drusen.tif,CNV-009,val,CNV,drusen,OS,.tif,0.00034819869324564934
CNV/9/001_Drusen.tif,CNV-009,val,CNV,drusen,OS,.tif,0.0003809293848462403
CNV/9/002_Drusen.tif,CNV-009,val,CNV,drusen,OS,.tif,0.0003329102764837444
CNV/9/003_Drusen.tif,CNV-009,val,CNV,drusen,OS,.tif,0.00041877620969899
CNV/9/004_Drusen.tif,CNV-009,val,CNV,drusen,OS,.tif,0.0005612265667878091
CNV/9/005_Drusen.tif,CNV-009,val,CNV,drusen,OS,.tif,0.0004196501977276057
CNV/9/006_CNV.tif,CNV-009,val,CNV,cnv,OS,.tif,0.00026866557891480625
CNV/9/007_CNV.tif,CNV-009,val,CNV,cnv,OS,.tif,0.00023822208459023386
CNV/9/008_CNV.tif,CNV-009,val,CNV,cnv,OS,.tif,0.0003231898881494999
CNV/9/009_CNV.tif,CNV-009,val,CNV,cnv,OS,.tif,0.0003901674645021558
CNV/9/010_CNV.tif,CNV-009,val,CNV,cnv,OS,.tif,0.0003398848348297179
CNV/9/011_CNV.tif,CNV-009,val,CNV,cnv,OS,.tif,0.0010287807090207934
CNV/9/012_CNV.tif,CNV-009,val,CNV,cnv,OS,.tif,0.0005391505546867847
CNV/9/013_CNV.tif,CNV-009,val,CNV,cnv,OS,.tif,0.000866820802912116
CNV/9/014_CNV.tif,CNV-009,val,CNV,cnv,OS,.tif,0.0006819475092925131
CNV/9/015_CNV.tif,CNV-009,val,CNV,cnv,OS,.tif,0.0006526021752506495
CNV/9/016_CNV.tif,CNV-009,val,CNV,cnv,OS,.tif,0.0005496301455423236
CNV/9/017_CNV.tif,CNV-009,val,CNV,cnv,OS,.tif,0.0005062755080871284
CNV/9/018_CNV.tif,CNV-009,val,CNV,cnv,OS,.tif,0.00033196271397173405
CNV/9/019_CNV.tif,CNV-009,val,CNV,cnv,OS,.tif,0.00029284556512720883
CNV/9/020_Drusen.tif,CNV-009,val,CNV,drusen,OS,.tif,0.0003245349507778883
CNV/9/021_Drusen.tif,CNV-009,val,CNV,drusen,OS,.tif,0.00030329450964927673
CNV/9/022_Drusen.tif,CNV-009,val,CNV,drusen,OS,.tif,0.0002597756974864751
CNV/9/023_Drusen.tif,CNV-009,val,CNV,drusen,OS,.tif,0.00031930807745084167
CNV/9/024_Drusen.tif,CNV-009,val,CNV,drusen,OS,.tif,0.0002595238038338721
CNV/9/025_Drusen.tif,CNV-009,val,CNV,drusen,OS,.tif,0.0004027182294521481
CNV/9/026_Drusen.tif,CNV-009,val,CNV,drusen,OS,.tif,0.0002892604097723961
CNV/9/027_Drusen.tif,CNV-009,val,CNV,drusen,OS,.tif,0.0004104621475562453
CNV/9/028_Drusen.tif,CNV-009,val,CNV,drusen,OS,.tif,0.0002978026168420911
CNV/9/029_Drusen.tif,CNV-009,val,CNV,drusen,OS,.tif,0.0003491689858492464
CNV/9/030_Drusen.tif,CNV-009,val,CNV,drusen,OS,.tif,0.0002811906160786748
CNV/10/OD/000_Normal.tif,CNV-010,val,CNV,normal,OD,.tif,0.00033407571027055383
CNV/10/OD/001_Normal.tif,CNV-010,val,CNV,normal,OD,.tif,0.00016260577831417322
CNV/10/OD/002_Normal.tif,CNV-010,val,CNV,normal,OD,.tif,0.00022252733469940722
CNV/10/OD/003_Normal.tif,CNV-010,val,CNV,normal,OD,.tif,0.00038430956192314625
CNV/10/OD/004_Normal.tif,CNV-010,val,CNV,normal,OD,.tif,0.00025475502479821444
CNV/10/OD/005_Normal.tif,CNV-010,val,CNV,normal,OD,.tif,0.0002054979559034109
CNV/10/OD/006_Normal.tif,CNV-010,val,CNV,normal,OD,.tif,0.0002579588908702135
CNV/10/OD/007_Normal.tif,CNV-010,val,CNV,normal,OD,.tif,0.00018863337754737586
CNV/10/OD/008_Normal.tif,CNV-010,val,CNV,normal,OD,.tif,0.00028207796276547015
CNV/10/OD/009_Drusen.tif,CNV-010,val,CNV,drusen,OD,.tif,0.0002592303208075464
CNV/10/OD/010_Drusen.tif,CNV-010,val,CNV,drusen,OD,.tif,0.00027903536101803184
CNV/10/OD/011_Drusen.tif,CNV-010,val,CNV,drusen,OD,.tif,0.0001977012725546956
CNV/10/OD/012_Drusen.tif,CNV-010,val,CNV,drusen,OD,.tif,0.00022020575124770403
CNV/10/OD/013_Drusen.tif,CNV-010,val,CNV,drusen,OD,.tif,0.0001862303470261395
CNV/10/OD/014_Drusen.tif,CNV-010,val,CNV,drusen,OD,.tif,0.0002220773749286309
CNV/10/OD/015_Drusen.tif,CNV-010,val,CNV,drusen,OD,.tif,0.00031911180121824145
CNV/10/OD/016_Drusen.tif,CNV-010,val,CNV,drusen,OD,.tif,0.0003467450151219964
CNV/10/OD/017_Drusen.tif,CNV-010,val,CNV,drusen,OD,.tif,0.00027698479243554175
CNV/10/OD/018_Drusen.tif,CNV-010,val,CNV,drusen,OD,.tif,0.00020147982286289334
CNV/10/OD/019_Drusen.tif,CNV-010,val,CNV,drusen,OD,.tif,0.00023399927886202931
CNV/10/OD/020_CNV.tif,CNV-010,val,CNV,cnv,OD,.tif,0.00016409187810495496
CNV/10/OD/021_CNV.tif,CNV-010,val,CNV,cnv,OD,.tif,0.00019789075304288417
CNV/10/OD/022_CNV.tif,CNV-010,val,CNV,cnv,OD,.tif,0.0002088432665914297
CNV/10/OD/023_CNV.tif,CNV-010,val,CNV,cnv,OD,.tif,0.00036073540104553103
CNV/10/OD/024_CNV.tif,CNV-010,val,CNV,cnv,OD,.tif,0.0002229043748229742
CNV/10/OD/025_CNV.tif,CNV-010,val,CNV,cnv,OD,.tif,0.0002860733075067401
CNV/10/OD/026_CNV.tif,CNV-010,val,CNV,cnv,OD,.tif,0.0003218192723579705
CNV/10/OD/027_CNV.tif,CNV-010,val,CNV,cnv,OD,.tif,0.0002504063886590302
CNV/10/OD/028_CNV.tif,CNV-010,val,CNV,cnv,OD,.tif,0.0002062720013782382
CNV/10/OD/029_Drusen.tif,CNV-010,val,CNV,drusen,OD,.tif,0.00024415377993136644
CNV/10/OD/030_Normal.tif,CNV-010,val,CNV,normal,OD,.tif,0.0003008151543326676
CNV/10/OS/000_Normal.tif,CNV-010,val,CNV,normal,OS,.tif,0.00044131441973149776
CNV/10/OS/001_Normal.tif,CNV-010,val,CNV,normal,OS,.tif,0.0002014172641793266
CNV/10/OS/002_Normal.tif,CNV-010,val,CNV,normal,OS,.tif,0.0003317847440484911
CNV/10/OS/003_Normal.tif,CNV-010,val,CNV,normal,OS,.tif,0.00025957278558053076
CNV/10/OS/004_Normal.tif,CNV-010,val,CNV,normal,OS,.tif,0.00048434053314849734
CNV/10/OS/005_Normal.tif,CNV-010,val,CNV,normal,OS,.tif,0.00025340565480291843
CNV/10/OS/006_Normal.tif,CNV-010,val,CNV,normal,OS,.tif,0.00029566005105152726
CNV/10/OS/007_Normal.tif,CNV-010,val,CNV,normal,OS,.tif,0.00029732350958511233
CNV/10/OS/008_Normal.tif,CNV-010,val,CNV,normal,OS,.tif,0.0002616983838379383
CNV/10/OS/009_CNV.tif,CNV-010,val,CNV,cnv,OS,.tif,0.0004433964204508811
CNV/10/OS/010_CNV.tif,CNV-010,val,CNV,cnv,OS,.tif,0.000411484477808699
CNV/10/OS/011_CNV.tif,CNV-010,val,CNV,cnv,OS,.tif,0.0002631852403283119
CNV/10/OS/012_CNV.tif,CNV-010,val,CNV,cnv,OS,.tif,0.0002614943077787757
CNV/10/OS/013_CNV.tif,CNV-010,val,CNV,cnv,OS,.tif,0.0002576883416622877
CNV/10/OS/014_CNV.tif,CNV-010,val,CNV,cnv,OS,.tif,0.00031611043959856033
CNV/10/OS/015_CNV.tif,CNV-010,val,CNV,cnv,OS,.tif,0.00030217933817766607
CNV/10/OS/016_CNV.tif,CNV-010,val,CNV,cnv,OS,.tif,0.00024678671616129577
CNV/10/OS/017_CNV.tif,CNV-010,val,CNV,cnv,OS,.tif,0.00036766252014786005
CNV/10/OS/018_CNV.tif,CNV-010,val,CNV,cnv,OS,.tif,0.0003308440500404686
CNV/10/OS/019_CNV.tif,CNV-010,val,CNV,cnv,OS,.tif,0.00030736197368241847
CNV/10/OS/020_CNV.tif,CNV-010,val,CNV,cnv,OS,.tif,0.00026933461776934564
CNV/10/OS/021_CNV.tif,CNV-010,val,CNV,cnv,OS,.tif,0.0002451921463944018
CNV/10/OS/022_CNV.tif,CNV-010,val,CNV,cnv,OS,.tif,0.0004357692669145763
CNV/10/OS/023_Normal.tif,CNV-010,val,CNV,normal,OS,.tif,0.00022373635147232562
CNV/10/OS/024_Normal.tif,CNV-010,val,CNV,normal,OS,.tif,0.00030808517476543784
CNV/10/OS/025_Normal.tif,CNV-010,val,CNV,normal,OS,.tif,0.0003467457718215883
CNV/10/OS/026_Normal.tif,CNV-010,val,CNV,normal,OS,.tif,0.00031546055106446147
CNV/10/OS/027_Normal.tif,CNV-010,val,CNV,normal,OS,.tif,0.0001771000970620662
CNV/10/OS/028_Normal.tif,CNV-010,val,CNV,normal,OS,.tif,0.00036480522248893976
CNV/10/OS/029_Normal.tif,CNV-010,val,CNV,normal,OS,.tif,0.00042695613228715956
CNV/10/OS/030_Normal.tif,CNV-010,val,CNV,normal,OS,.tif,0.0002548937627580017
CNV/21/000_CNV.tif,CNV-021,val,CNV,cnv,OD,.tif,0.00040811276994645596
CNV/21/001_CNV.tif,CNV-021,val,CNV,cnv,OD,.tif,0.0003358584363013506
CNV/21/002_CNV.tif,CNV-021,val,CNV,cnv,OD,.tif,0.00045018622768111527
CNV/21/003_CNV.tif,CNV-021,val,CNV,cnv,OD,.tif,0.0003628717386163771
CNV/21/004_CNV.tif,CNV-021,val,CNV,cnv,OD,.tif,0.00033596204593777657
CNV/21/005_CNV.tif,CNV-021,val,CNV,cnv,OD,.tif,0.0004226675082463771
CNV/21/006_CNV.tif,CNV-021,val,CNV,cnv,OD,.tif,0.0003069829836022109
CNV/21/007_CNV.tif,CNV-021,val,CNV,cnv,OD,.tif,0.0003061983152292669
CNV/21/008_CNV.tif,CNV-021,val,CNV,cnv,OD,.tif,0.00034572824370115995
CNV/21/009_CNV.tif,CNV-021,val,CNV,cnv,OD,.tif,0.0004284156602807343
CNV/21/010_CNV.tif,CNV-021,val,CNV,cnv,OD,.tif,0.0003941974719054997
CNV/21/011_CNV.tif,CNV-021,val,CNV,cnv,OD,.tif,0.0003366279706824571
CNV/21/012_CNV.tif,CNV-021,val,CNV,cnv,OD,.tif,0.000397607363993302
CNV/21/013_CNV.tif,CNV-021,val,CNV,cnv,OD,.tif,0.000276055681752041
CNV/21/014_CNV.tif,CNV-021,val,CNV,cnv,OD,.tif,0.0002950766356661916
CNV/21/015_CNV.tif,CNV-021,val,CNV,cnv,OD,.tif,0.0002741728676483035
CNV/21/016_CNV.tif,CNV-021,val,CNV,cnv,OD,.tif,0.00025823403848335147
CNV/21/017_CNV.tif,CNV-021,val,CNV,cnv,OD,.tif,0.0002621675084810704
CNV/21/018_CNV.tif,CNV-021,val,CNV,cnv,OD,.tif,0.0003588910913094878
CNV/21/019_CNV.tif,CNV-021,val,CNV,cnv,OD,.tif,0.00026051595341414213
CNV/21/020_CNV.tif,CNV-021,val,CNV,cnv,OD,.tif,0.0004792700055986643
CNV/21/021_CNV.tif,CNV-021,val,CNV,cnv,OD,.tif,0.0004646021407097578
CNV/21/022_CNV.tif,CNV-021,val,CNV,cnv,OD,.tif,0.0007302231970243156
CNV/21/023_CNV.tif,CNV-021,val,CNV,cnv,OD,.tif,0.0004571694880723953
CNV/21/024_CNV.tif,CNV-021,val,CNV,cnv,OD,.tif,0.00036606265348382294
CNV/21/025_CNV.tif,CNV-021,val,CNV,cnv,OD,.tif,0.0002878058876376599
CNV/21/026_CNV.tif,CNV-021,val,CNV,cnv,OD,.tif,0.0003354937070980668
CNV/21/027_CNV.tif,CNV-021,val,CNV,cnv,OD,.tif,0.0002870298339985311
CNV/21/028_CNV.tif,CNV-021,val,CNV,cnv,OD,.tif,0.0002924417203757912
CNV/21/029_CNV.tif,CNV-021,val,CNV,cnv,OD,.tif,0.0005302816862240434
CNV/21/030_CNV.tif,CNV-021,val,CNV,cnv,OD,.tif,0.00025285116862505674
CNV/25/000_Normal.tif,CNV-025,val,CNV,normal,OS,.tif,0.00040989078115671873
CNV/25/001_Normal.tif,CNV-025,val,CNV,normal,OS,.tif,0.0002747114049270749
CNV/25/002_Normal.tif,CNV-025,val,CNV,normal,OS,.tif,0.0002714908914640546
CNV/25/003_Normal.tif,CNV-025,val,CNV,normal,OS,.tif,0.00021224390366114676
CNV/25/004_Normal.tif,CNV-025,val,CNV,normal,OS,.tif,0.00028271847986616194
CNV/25/005_Normal.tif,CNV-025,val,CNV,normal,OS,.tif,0.00032782109337858856
CNV/25/006_Normal.tif,CNV-025,val,CNV,normal,OS,.tif,0.0003329284372739494
CNV/25/007_Normal.tif,CNV-025,val,CNV,normal,OS,.tif,0.00030824687564745545
CNV/25/008_Normal.tif,CNV-025,val,CNV,normal,OS,.tif,0.0002500714035704732
CNV/25/009_Normal.tif,CNV-025,val,CNV,normal,OS,.tif,0.00031903121271170676
CNV/25/010_Normal.tif,CNV-025,val,CNV,normal,OS,.tif,0.0004149383748881519
CNV/25/011_Drusen.tif,CNV-025,val,CNV,drusen,OS,.tif,0.00027723395032808185
CNV/25/012_Drusen.tif,CNV-025,val,CNV,drusen,OS,.tif,0.0003826264292001724
CNV/25/013_Drusen.tif,CNV-025,val,CNV,drusen,OS,.tif,0.0002331955183763057
CNV/25/014_Drusen.tif,CNV-025,val,CNV,drusen,OS,.tif,0.00026862917002290487
CNV/25/015_Drusen.tif,CNV-025,val,CNV,drusen,OS,.tif,0.000282721797702834
CNV/25/016_CNV.tif,CNV-025,val,CNV,cnv,OS,.tif,0.0003541604382917285
CNV/25/017_CNV.tif,CNV-025,val,CNV,cnv,OS,.tif,0.00019876942678820342
CNV/25/018_CNV.tif,CNV-025,val,CNV,cnv,OS,.tif,0.00031869561644271016
CNV/25/019_CNV.tif,CNV-025,val,CNV,cnv,OS,.tif,0.0002746841055341065
CNV/25/020_CNV.tif,CNV-025,val,CNV,cnv,OS,.tif,0.00020999193657189608
CNV/25/021_CNV.tif,CNV-025,val,CNV,cnv,OS,.tif,0.0002682985214050859
CNV/25/022_Drusen.tif,CNV-025,val,CNV,drusen,OS,.tif,0.0002715237787924707
CNV/25/023_Drusen.tif,CNV-025,val,CNV,drusen,OS,.tif,0.000259950669715181
CNV/25/024_Normal.tif,CNV-025,val,CNV,normal,OS,.tif,0.00030926731415092945
CNV/25/025_Normal.tif,CNV-025,val,CNV,normal,OS,.tif,0.00023688265355303884
CNV/25/026_Normal.tif,CNV-025,val,CNV,normal,OS,.tif,0.00032334894058294594
CNV/25/027_Normal.tif,CNV-025,val,CNV,normal,OS,.tif,0.00022589559375774115
CNV/25/028_Normal.tif,CNV-025,val,CNV,normal,OS,.tif,0.00033885822631418705
CNV/25/029_Normal.tif,CNV-025,val,CNV,normal,OS,.tif,0.0002356015902478248
CNV/25/030_Normal.tif,CNV-025,val,CNV,normal,OS,.tif,0.0002185921766795218
CNV/26/000_Drusen.tif,CNV-026,val,CNV,drusen,OD,.tif,0.00031253788620233536
CNV/26/001_Drusen.tif,CNV-026,val,CNV,drusen,OD,.tif,0.0001830648980103433
CNV/26/002_Drusen.tif,CNV-026,val,CNV,drusen,OD,.tif,0.00021732188179157674
CNV/26/003_Drusen.tif,CNV-026,val,CNV,drusen,OD,.tif,0.0002886165748350322
CNV/26/004_Drusen.tif,CNV-026,val,CNV,drusen,OD,.tif,0.0002425334241706878
CNV/26/005_Drusen.tif,CNV-026,val,CNV,drusen,OD,.tif,0.00028128206031396985
CNV/26/006_Drusen.tif,CNV-026,val,CNV,drusen,OD,.tif,0.00036122638266533613
CNV/26/007_Drusen.tif,CNV-026,val,CNV,drusen,OD,.tif,0.00038001994835212827
CNV/26/008_Drusen.tif,CNV-026,val,CNV,drusen,OD,.tif,0.00030187860829755664
CNV/26/009_Drusen.tif,CNV-026,val,CNV,drusen,OD,.tif,0.00035611819475889206
CNV/26/010_Drusen.tif,CNV-026,val,CNV,drusen,OD,.tif,0.00024525774642825127
CNV/26/011_CNV.tif,CNV-026,val,CNV,cnv,OD,.tif,0.0002551375946495682
CNV/26/012_CNV.tif,CNV-026,val,CNV,cnv,OD,.tif,0.00032315548742190003
CNV/26/013_CNV.tif,CNV-026,val,CNV,cnv,OD,.tif,0.00027730007423087955
CNV/26/014_CNV.tif,CNV-026,val,CNV,cnv,OD,.tif,0.0002526532916817814
CNV/26/015_CNV.tif,CNV-026,val,CNV,cnv,OD,.tif,0.00031655188649892807
CNV/26/016_CNV.tif,CNV-026,val,CNV,cnv,OD,.tif,0.0003105546347796917
CNV/26/017_CNV.tif,CNV-026,val,CNV,cnv,OD,.tif,0.00021994428243488073
CNV/26/018_CNV.tif,CNV-026,val,CNV,cnv,OD,.tif,0.0003488064103294164
CNV/26/019_CNV.tif,CNV-026,val,CNV,cnv,OD,.tif,0.00028221600223332644
CNV/26/020_CNV.tif,CNV-026,val,CNV,cnv,OD,.tif,0.0002690008841454983
CNV/26/021_CNV.tif,CNV-026,val,CNV,cnv,OD,.tif,0.00030833331402391195
CNV/26/022_CNV.tif,CNV-026,val,CNV,cnv,OD,.tif,0.0002610758238006383
CNV/26/023_Drusen.tif,CNV-026,val,CNV,drusen,OD,.tif,0.00026968272868543863
CNV/26/024_Drusen.tif,CNV-026,val,CNV,drusen,OD,.tif,0.0003290321328677237
CNV/26/025_Drusen.tif,CNV-026,val,CNV,drusen,OD,.tif,0.00028218410443514585
CNV/26/026_Drusen.tif,CNV-026,val,CNV,drusen,OD,.tif,0.0003265058039687574
CNV/26/027_Drusen.tif,CNV-026,val,CNV,drusen,OD,.tif,0.0002927781315520406
CNV/26/028_Drusen.tif,CNV-026,val,CNV,drusen,OD,.tif,0.000302925385767594
CNV/26/029_Drusen.tif,CNV-026,val,CNV,drusen,OD,.tif,0.0003334492794238031
CNV/26/030_Drusen.tif,CNV-026,val,CNV,drusen,OD,.tif,0.00026177125982940197
CNV/34/000_Normal.tif,CNV-034,val,CNV,normal,OS,.tif,0.0005496763624250889
CNV/34/001_Normal.tif,CNV-034,val,CNV,normal,OS,.tif,0.0004066111578140408
CNV/34/002_Normal.tif,CNV-034,val,CNV,normal,OS,.tif,0.0004905969835817814
CNV/34/003_Normal.tif,CNV-034,val,CNV,normal,OS,.tif,0.0004294660175219178
CNV/34/004_Normal.tif,CNV-034,val,CNV,normal,OS,.tif,0.00020807904365938157
CNV/34/005_Normal.tif,CNV-034,val,CNV,normal,OS,.tif,0.00031608238350600004
CNV/34/006_Normal.tif,CNV-034,val,CNV,normal,OS,.tif,0.0002639046579133719
CNV/34/007_Normal.tif,CNV-034,val,CNV,normal,OS,.tif,0.0002207710058428347
CNV/34/008_Normal.tif,CNV-034,val,CNV,normal,OS,.tif,0.0002438832016196102
CNV/34/009_Normal.tif,CNV-034,val,CNV,normal,OS,.tif,0.00022761229774914682
CNV/34/010_Drusen.tif,CNV-034,val,CNV,drusen,OS,.tif,0.0002773452433757484
CNV/34/011_Drusen.tif,CNV-034,val,CNV,drusen,OS,.tif,0.0003519727033562958
CNV/34/012_CNV.tif,CNV-034,val,CNV,cnv,OS,.tif,0.0003111485857516527
CNV/34/013_CNV.tif,CNV-034,val,CNV,cnv,OS,.tif,0.00038357923040166497
CNV/34/014_CNV.tif,CNV-034,val,CNV,cnv,OS,.tif,0.0005567207699641585
CNV/34/015_CNV.tif,CNV-034,val,CNV,cnv,OS,.tif,0.0005987086333334446
CNV/34/016_CNV.tif,CNV-034,val,CNV,cnv,OS,.tif,0.00036656897282227874
CNV/34/017_CNV.tif,CNV-034,val,CNV,cnv,OS,.tif,0.00030779148801229894
CNV/34/018_CNV.tif,CNV-034,val,CNV,cnv,OS,.tif,0.00048700798652134836
CNV/34/019_CNV.tif,CNV-034,val,CNV,cnv,OS,.tif,0.0003824516024906188
CNV/34/020_Drusen.tif,CNV-034,val,CNV,drusen,OS,.tif,0.00023604570014867932
CNV/34/021_Drusen.tif,CNV-034,val,CNV,drusen,OS,.tif,0.0002674053539521992
CNV/34/022_Drusen.tif,CNV-034,val,CNV,drusen,OS,.tif,0.00018788257148116827
CNV/34/023_Drusen.tif,CNV-034,val,CNV,drusen,OS,.tif,0.00021777201618533581
CNV/34/024_Drusen.tif,CNV-034,val,CNV,drusen,OS,.tif,0.0002682117046788335
CNV/34/025_Drusen.tif,CNV-034,val,CNV,drusen,OS,.tif,0.0002654012059792876
CNV/34/026_Drusen.tif,CNV-034,val,CNV,drusen,OS,.tif,0.00019934377633035183
CNV/34/027_Normal.tif,CNV-034,val,CNV,normal,OS,.tif,0.00020968678290955722
CNV/34/028_Normal.tif,CNV-034,val,CNV,normal,OS,.tif,0.00033056948450393975
CNV/34/029_Normal.tif,CNV-034,val,CNV,normal,OS,.tif,0.0002215363783761859
CNV/34/030_Normal.tif,CNV-034,val,CNV,normal,OS,.tif,0.00021093571558594704
CNV/38/000_CNV.tif,CNV-038,val,CNV,cnv,OD,.tif,0.0003720625536516309
CNV/38/001_CNV.tif,CNV-038,val,CNV,cnv,OD,.tif,0.00016505274106748402
CNV/38/002_CNV.tif,CNV-038,val,CNV,cnv,OD,.tif,0.00029245554469525814
CNV/38/003_CNV.tif,CNV-038,val,CNV,cnv,OD,.tif,0.00018615281442180276
CNV/38/004_CNV.tif,CNV-038,val,CNV,cnv,OD,.tif,0.0003044020268134773
CNV/38/005_CNV.tif,CNV-038,val,CNV,cnv,OD,.tif,0.00022354157408699393
CNV/38/006_CNV.tif,CNV-038,val,CNV,cnv,OD,.tif,0.00019075629825238138
CNV/38/007_CNV.tif,CNV-038,val,CNV,cnv,OD,.tif,0.00025376316625624895
CNV/38/008_CNV.tif,CNV-038,val,CNV,cnv,OD,.tif,0.00030692556174471974
CNV/38/009_CNV.tif,CNV-038,val,CNV,cnv,OD,.tif,0.00030000839615240693
CNV/38/010_CNV.tif,CNV-038,val,CNV,cnv,OD,.tif,0.0003190904972143471
CNV/38/011_CNV.tif,CNV-038,val,CNV,cnv,OD,.tif,0.0003402614966034889
CNV/38/012_CNV.tif,CNV-038,val,CNV,cnv,OD,.tif,0.000557934632524848
CNV/38/013_CNV.tif,CNV-038,val,CNV,cnv,OD,.tif,0.0005147886113263667
CNV/38/014_CNV.tif,CNV-038,val,CNV,cnv,OD,.tif,0.0005457393126562238
CNV/38/015_CNV.tif,CNV-038,val,CNV,cnv,OD,.tif,0.00027012539794668555
CNV/38/016_CNV.tif,CNV-038,val,CNV,cnv,OD,.tif,0.0003439871361479163
CNV/38/017_CNV.tif,CNV-038,val,CNV,cnv,OD,.tif,0.00024591846158728004
CNV/38/018_CNV.tif,CNV-038,val,CNV,cnv,OD,.tif,0.0002743705699685961
CNV/38/019_CNV.tif,CNV-038,val,CNV,cnv,OD,.tif,0.00031598543864674866
CNV/38/020_CNV.tif,CNV-038,val,CNV,cnv,OD,.tif,0.00036831884062848985
CNV/38/021_CNV.tif,CNV-038,val,CNV,cnv,OD,.tif,0.00024909357307478786
CNV/38/022_CNV.tif,CNV-038,val,CNV,cnv,OD,.tif,0.0001298742718063295
CNV/38/023_CNV.tif,CNV-038,val,CNV,cnv,OD,.tif,0.00021609886607620865
CNV/38/024_Drusen.tif,CNV-038,val,CNV,drusen,OD,.tif,0.00027562648756429553
CNV/39/000_Normal.tif,CNV-039,val,CNV,normal,OD,.tif,0.0003059356240555644
CNV/39/001_Normal.tif,CNV-039,val,CNV,normal,OD,.tif,0.0003048853250220418
CNV/39/002_Normal.tif,CNV-039,val,CNV,normal,OD,.tif,0.00027406588196754456
CNV/39/003_Normal.tif,CNV-039,val,CNV,normal,OD,.tif,0.0001549746230011806
CNV/39/004_Normal.tif,CNV-039,val,CNV,normal,OD,.tif,0.00035861850483343005
CNV/39/005_Normal.tif,CNV-039,val,CNV,normal,OD,.tif,0.00028966247919015586
CNV/39/006_Normal.tif,CNV-039,val,CNV,normal,OD,.tif,0.0003112417471129447
CNV/39/007_Normal.tif,CNV-039,val,CNV,normal,OD,.tif,0.0002776605251710862
CNV/39/008_CNV.tif,CNV-039,val,CNV,cnv,OD,.tif,0.00023686111671850085
CNV/39/009_CNV.tif,CNV-039,val,CNV,cnv,OD,.tif,0.0003108144155703485
CNV/39/010_CNV.tif,CNV-039,val,CNV,cnv,OD,.tif,0.00021424723672680557
CNV/39/011_CNV.tif,CNV-039,val,CNV,cnv,OD,.tif,0.00023081933613866568
CNV/39/012_CNV.tif,CNV-039,val,CNV,cnv,OD,.tif,0.00024872945505194366
CNV/39/013_CNV.tif,CNV-039,val,CNV,cnv,OD,.tif,0.00034380683791823685
CNV/39/014_CNV.tif,CNV-039,val,CNV,cnv,OD,.tif,0.0003149242838844657
CNV/39/015_CNV.tif,CNV-039,val,CNV,cnv,OD,.tif,0.00026385809178464115
CNV/39/016_CNV.tif,CNV-039,val,CNV,cnv,OD,.tif,0.0003513125120662153
CNV/39/017_CNV.tif,CNV-039,val,CNV,cnv,OD,.tif,0.00031727278837934136
CNV/39/018_CNV.tif,CNV-039,val,CNV,cnv,OD,.tif,0.000380610057618469
CNV/39/019_CNV.tif,CNV-039,val,CNV,cnv,OD,.tif,0.0003278479853179306
CNV/39/020_CNV.tif,CNV-039,val,CNV,cnv,OD,.tif,0.0003037995775230229
CNV/39/021_Drusen.tif,CNV-039,val,CNV,drusen,OD,.tif,0.00020008529827464372
CNV/39/022_Drusen.tif,CNV-039,val,CNV,drusen,OD,.tif,0.0001966722629731521
CNV/39/023_Drusen.tif,CNV-039,val,CNV,drusen,OD,.tif,0.0002326494868611917
CNV/39/024_Normal.tif,CNV-039,val,CNV,normal,OD,.tif,0.00019798253197222948
CNV/39/025_Normal.tif,CNV-039,val,CNV,normal,OD,.tif,0.0002652317634783685
CNV/39/026_Normal.tif,CNV-039,val,CNV,normal,OD,.tif,0.00018793795607052743
CNV/39/027_Normal.tif,CNV-039,val,CNV,normal,OD,.tif,0.00022633469779975712
CNV/39/028_Drusen.tif,CNV-039,val,CNV,drusen,OD,.tif,0.00019346954650245607
CNV/39/029_Normal.tif,CNV-039,val,CNV,normal,OD,.tif,0.00029538964736275375
CNV/39/030_Normal.tif,CNV-039,val,CNV,normal,OD,.tif,0.0003022829187102616
CNV/47/000_Normal.tif,CNV-047,val,CNV,normal,OS,.tif,0.0003211754374206066
CNV/47/001_Normal.tif,CNV-047,val,CNV,normal,OS,.tif,0.0004990652669221163
CNV/47/002_Normal.tif,CNV-047,val,CNV,normal,OS,.tif,0.0002906399895437062
CNV/47/003_Normal.tif,CNV-047,val,CNV,normal,OS,.tif,0.0003882052260451019
CNV/47/004_Normal.tif,CNV-047,val,CNV,normal,OS,.tif,0.00039678526809439063
CNV/47/005_Drusen.tif,CNV-047,val,CNV,drusen,OS,.tif,0.0003250383597332984
CNV/47/006_Drusen.tif,CNV-047,val,CNV,drusen,OS,.tif,0.0002905554138123989
CNV/47/007_CNV.tif,CNV-047,val,CNV,cnv,OS,.tif,0.00031273573404178023
CNV/47/008_CNV.tif,CNV-047,val,CNV,cnv,OS,.tif,0.0003869777137879282
CNV/47/009_CNV.tif,CNV-047,val,CNV,cnv,OS,.tif,0.0004489051643759012
CNV/47/010_CNV.tif,CNV-047,val,CNV,cnv,OS,.tif,0.0005128831835463643
CNV/47/011_CNV.tif,CNV-047,val,CNV,cnv,OS,.tif,0.000287169823423028
CNV/47/012_CNV.tif,CNV-047,val,CNV,cnv,OS,.tif,0.00026869436260312796
CNV/47/013_CNV.tif,CNV-047,val,CNV,cnv,OS,.tif,0.0004507286357693374
CNV/47/014_CNV.tif,CNV-047,val,CNV,cnv,OS,.tif,0.0013818925945088267
CNV/47/015_CNV.tif,CNV-047,val,CNV,cnv,OS,.tif,0.0006744960555806756
CNV/47/016_CNV.tif,CNV-047,val,CNV,cnv,OS,.tif,0.0005765109672211111
CNV/47/017_CNV.tif,CNV-047,val,CNV,cnv,OS,.tif,0.0004701577126979828
CNV/47/018_CNV.tif,CNV-047,val,CNV,cnv,OS,.tif,0.0003803037106990814
CNV/47/019_CNV.tif,CNV-047,val,CNV,cnv,OS,.tif,0.0003897590795531869
CNV/47/020_CNV.tif,CNV-047,val,CNV,cnv,OS,.tif,0.00024907401530072093
CNV/47/021_CNV.tif,CNV-047,val,CNV,cnv,OS,.tif,0.0005813599564135075
CNV/47/022_CNV.tif,CNV-047,val,CNV,cnv,OS,.tif,0.0005142572917975485
CNV/47/023_CNV.tif,CNV-047,val,CNV,cnv,OS,.tif,0.0004221614799462259
CNV/47/024_Drusen.tif,CNV-047,val,CNV,drusen,OS,.tif,0.0006553953280672431
CNV/47/025_Normal.tif,CNV-047,val,CNV,normal,OS,.tif,0.0003530398244038224
CNV/47/026_Normal.tif,CNV-047,val,CNV,normal,OS,.tif,0.00035801943158730865
CNV/47/027_Normal.tif,CNV-047,val,CNV,normal,OS,.tif,0.00029795890441164374
CNV/47/028_Normal.tif,CNV-047,val,CNV,normal,OS,.tif,0.0002893467899411917
CNV/47/029_Normal.tif,CNV-047,val,CNV,normal,OS,.tif,0.00023344450164586306
CNV/47/030_Normal.tif,CNV-047,val,CNV,normal,OS,.tif,0.0002706883824430406
CNV/51/000_Drusen.tif,CNV-051,val,CNV,drusen,OD,.tif,0.00026699373847804964
CNV/51/001_Drusen.tif,CNV-051,val,CNV,drusen,OD,.tif,0.0004659049736801535
CNV/51/002_Drusen.tif,CNV-051,val,CNV,drusen,OD,.tif,0.00020788746769540012
CNV/51/003_Drusen.tif,CNV-051,val,CNV,drusen,OD,.tif,0.00036439410177990794
CNV/51/004_Drusen.tif,CNV-051,val,CNV,drusen,OD,.tif,0.00027488882187753916
CNV/51/005_Drusen.tif,CNV-051,val,CNV,drusen,OD,.tif,0.00018725960399024189
CNV/51/006_Drusen.tif,CNV-051,val,CNV,drusen,OD,.tif,0.00031502690399065614
CNV/51/007_Drusen.tif,CNV-051,val,CNV,drusen,OD,.tif,0.00019156650523655117
CNV/51/008_CNV.tif,CNV-051,val,CNV,cnv,OD,.tif,0.0003036587731912732
CNV/51/009_CNV.tif,CNV-051,val,CNV,cnv,OD,.tif,0.0003529836831148714
CNV/51/010_CNV.tif,CNV-051,val,CNV,cnv,OD,.tif,0.00031849226797930896
CNV/51/011_CNV.tif,CNV-051,val,CNV,cnv,OD,.tif,0.00026701626484282315
CNV/51/012_CNV.tif,CNV-051,val,CNV,cnv,OD,.tif,0.0003624466189648956
CNV/51/013_CNV.tif,CNV-051,val,CNV,cnv,OD,.tif,0.00033996428828686476
CNV/51/014_CNV.tif,CNV-051,val,CNV,cnv,OD,.tif,0.000485154363559559
CNV/51/015_CNV.tif,CNV-051,val,CNV,cnv,OD,.tif,0.00035723194014281034
CNV/51/016_CNV.tif,CNV-051,val,CNV,cnv,OD,.tif,0.0004458010371308774
CNV/51/017_CNV.tif,CNV-051,val,CNV,cnv,OD,.tif,0.0004063738451804966
CNV/51/018_CNV.tif,CNV-051,val,CNV,cnv,OD,.tif,0.0002747412072494626
CNV/51/019_CNV.tif,CNV-051,val,CNV,cnv,OD,.tif,0.0002938739489763975
CNV/51/020_CNV.tif,CNV-051,val,CNV,cnv,OD,.tif,0.0002331651485292241
CNV/51/021_CNV.tif,CNV-051,val,CNV,cnv,OD,.tif,0.00031241163378581405
CNV/51/022_CNV.tif,CNV-051,val,CNV,cnv,OD,.tif,0.0004058009944856167
CNV/51/023_CNV.tif,CNV-051,val,CNV,cnv,OD,.tif,0.0003472037788014859
CNV/51/024_CNV.tif,CNV-051,val,CNV,cnv,OD,.tif,0.00024079569266177714
CNV/51/025_CNV.tif,CNV-051,val,CNV,cnv,OD,.tif,0.00018882799486164004
CNV/51/026_CNV.tif,CNV-051,val,CNV,cnv,OD,.tif,0.00031227502040565014
CNV/51/027_CNV.tif,CNV-051,val,CNV,cnv,OD,.tif,0.0003091563412453979
CNV/51/028_CNV.tif,CNV-051,val,CNV,cnv,OD,.tif,0.00022561383957508951
CNV/51/029_Drusen.tif,CNV-051,val,CNV,drusen,OD,.tif,0.00027421629056334496
CNV/51/030_Drusen.tif,CNV-051,val,CNV,drusen,OD,.tif,0.0002305923553649336
CNV/53/OD/000_Normal.tif,CNV-053,val,CNV,normal,OD,.tif,0.00021207472309470177
CNV/53/OD/001_Drusen.tif,CNV-053,val,CNV,drusen,OD,.tif,0.0002128241176251322
CNV/53/OD/002_Drusen.tif,CNV-053,val,CNV,drusen,OD,.tif,0.0002159399737138301
CNV/53/OD/003_Drusen.tif,CNV-053,val,CNV,drusen,OD,.tif,0.000468833080958575
CNV/53/OD/004_Drusen.tif,CNV-053,val,CNV,drusen,OD,.tif,0.0002106375468429178
CNV/53/OD/005_Drusen.tif,CNV-053,val,CNV,drusen,OD,.tif,0.0001869058032752946
CNV/53/OD/006_Drusen.tif,CNV-053,val,CNV,drusen,OD,.tif,0.00018640243797563016
CNV/53/OD/007_Drusen.tif,CNV-053,val,CNV,drusen,OD,.tif,0.0001695967512205243
CNV/53/OD/008_Drusen.tif,CNV-053,val,CNV,drusen,OD,.tif,0.00015853012155275792
CNV/53/OD/009_CNV.tif,CNV-053,val,CNV,cnv,OD,.tif,0.00019978563068434596
CNV/53/OD/010_CNV.tif,CNV-053,val,CNV,cnv,OD,.tif,0.0001920336508192122
CNV/53/OD/011_CNV.tif,CNV-053,val,CNV,cnv,OD,.tif,0.00019703367433976382
CNV/53/OD/012_CNV.tif,CNV-053,val,CNV,cnv,OD,.tif,0.0004087221168447286
CNV/53/OD/013_CNV.tif,CNV-053,val,CNV,cnv,OD,.tif,0.0002973061054944992
CNV/53/OD/014_CNV.tif,CNV-053,val,CNV,cnv,OD,.tif,0.0002496933448128402
CNV/53/OD/015_CNV.tif,CNV-053,val,CNV,cnv,OD,.tif,0.00032132770866155624
CNV/53/OD/016_CNV.tif,CNV-053,val,CNV,cnv,OD,.tif,0.0002628241782076657
CNV/53/OD/017_CNV.tif,CNV-053,val,CNV,cnv,OD,.tif,0.00023290494573302567
CNV/53/OD/018_Drusen.tif,CNV-053,val,CNV,drusen,OD,.tif,0.0001990681339520961
CNV/53/OD/019_Drusen.tif,CNV-053,val,CNV,drusen,OD,.tif,0.0001948964927578345
CNV/53/OD/020_Drusen.tif,CNV-053,val,CNV,drusen,OD,.tif,0.00022995338076725602
CNV/53/OD/021_Drusen.tif,CNV-053,val,CNV,drusen,OD,.tif,0.00021257522166706622
CNV/53/OD/022_Drusen.tif,CNV-053,val,CNV,drusen,OD,.tif,0.00020720736938528717
CNV/53/OD/023_Drusen.tif,CNV-053,val,CNV,drusen,OD,.tif,0.00019246021111030132
CNV/53/OD/024_Drusen.tif,CNV-053,val,CNV,drusen,OD,.tif,0.0002063638821709901
CNV/53/OD/025_Drusen.tif,CNV-053,val,CNV,drusen,OD,.tif,0.000244500843109563
CNV/53/OD/026_Drusen.tif,CNV-053,val,CNV,drusen,OD,.tif,0.00018280652875546366
CNV/53/OD/027_Drusen.tif,CNV-053,val,CNV,drusen,OD,.tif,0.0001419580657966435
CNV/53/OD/028_Drusen.tif,CNV-053,val,CNV,drusen,OD,.tif,0.0002722054487094283
CNV/53/OD/029_Normal.tif,CNV-053,val,CNV,normal,OD,.tif,0.0002826746494974941
CNV/53/OD/030_Normal.tif,CNV-053,val,CNV,normal,OD,.tif,0.00026933327899314463
CNV/53/OS/000_Normal.tif,CNV-053,val,CNV,normal,OS,.tif,0.00026487221475690603
CNV/53/OS/001_Normal.tif,CNV-053,val,CNV,normal,OS,.tif,0.00030642360798083246
CNV/53/OS/002_Drusen.tif,CNV-053,val,CNV,drusen,OS,.tif,0.00028369080973789096
CNV/53/OS/003_Drusen.tif,CNV-053,val,CNV,drusen,OS,.tif,0.0003461852902546525
CNV/53/OS/004_Drusen.tif,CNV-053,val,CNV,drusen,OS,.tif,0.0002920539118349552
CNV/53/OS/005_Drusen.tif,CNV-053,val,CNV,drusen,OS,.tif,0.000315166253130883
CNV/53/OS/006_Drusen.tif,CNV-053,val,CNV,drusen,OS,.tif,0.00029489322332665324
CNV/53/OS/007_Drusen.tif,CNV-053,val,CNV,drusen,OS,.tif,0.00042007898446172476
CNV/53/OS/008_Drusen.tif,CNV-053,val,CNV,drusen,OS,.tif,0.0002474780776537955
CNV/53/OS/009_CNV.tif,CNV-053,val,CNV,cnv,OS,.tif,0.00027114199474453926
CNV/53/OS/010_CNV.tif,CNV-053,val,CNV,cnv,OS,.tif,0.00017368269618600607
CNV/53/OS/011_CNV.tif,CNV-053,val,CNV,cnv,OS,.tif,0.0001603298878762871
CNV/53/OS/012_CNV.tif,CNV-053,val,CNV,cnv,OS,.tif,0.00021422840654850006
CNV/53/OS/013_CNV.tif,CNV-053,val,CNV,cnv,OS,.tif,0.0002660226309671998
CNV/53/OS/014_CNV.tif,CNV-053,val,CNV,cnv,OS,.tif,0.00027403575950302184
CNV/53/OS/015_CNV.tif,CNV-053,val,CNV,cnv,OS,.tif,0.0002973155351355672
CNV/53/OS/016_CNV.tif,CNV-053,val,CNV,cnv,OS,.tif,0.00039324891986325383
CNV/53/OS/017_CNV.tif,CNV-053,val,CNV,cnv,OS,.tif,0.0003097625740338117
CNV/53/OS/018_CNV.tif,CNV-053,val,CNV,cnv,OS,.tif,0.0002660070895217359
CNV/53/OS/019_CNV.tif,CNV-053,val,CNV,cnv,OS,.tif,0.0002708217070903629
CNV/53/OS/020_Drusen.tif,CNV-053,val,CNV,drusen,OS,.tif,0.00018407724564895034
CNV/53/OS/021_Drusen.tif,CNV-053,val,CNV,drusen,OS,.tif,0.00022044737124815583
CNV/53/OS/022_Drusen.tif,CNV-053,val,CNV,drusen,OS,.tif,0.00019873151904903352
CNV/53/OS/023_Drusen.tif,CNV-053,val,CNV,drusen,OS,.tif,0.0002692702692002058
CNV/53/OS/024_Drusen.tif,CNV-053,val,CNV,drusen,OS,.tif,0.00032223970629274845
CNV/53/OS/025_Drusen.tif,CNV-053,val,CNV,drusen,OS,.tif,0.00026845914544537663
CNV/53/OS/026_Normal.tif,CNV-053,val,CNV,normal,OS,.tif,0.00023614682140760124
CNV/53/OS/027_Drusen.tif,CNV-053,val,CNV,drusen,OS,.tif,0.00028881453908979893
CNV/53/OS/028_Drusen.tif,CNV-053,val,CNV,drusen,OS,.tif,0.00024581438628956676
CNV/53/OS/029_Normal.tif,CNV-053,val,CNV,normal,OS,.tif,0.00026695054839365184
CNV/53/OS/030_Drusen.tif,CNV-053,val,CNV,drusen,OS,.tif,0.000318750215228647
CNV/57/000_Drusen.tif,CNV-057,val,CNV,drusen,OD,.tif,0.0003109502431470901
CNV/57/001_Drusen.tif,CNV-057,val,CNV,drusen,OD,.tif,0.00031276512891054153
CNV/57/002_CNV.tif,CNV-057,val,CNV,cnv,OD,.tif,0.00023522478295490146
CNV/57/003_CNV.tif,CNV-057,val,CNV,cnv,OD,.tif,0.0003448708448559046
CNV/57/004_CNV.tif,CNV-057,val,CNV,cnv,OD,.tif,0.0003598513430915773
CNV/57/005_CNV.tif,CNV-057,val,CNV,cnv,OD,.tif,0.0005327071994543076
CNV/57/006_CNV.tif,CNV-057,val,CNV,cnv,OD,.tif,0.00035628880141302943
CNV/57/007_CNV.tif,CNV-057,val,CNV,cnv,OD,.tif,0.0004481622017920017
CNV/57/008_CNV.tif,CNV-057,val,CNV,cnv,OD,.tif,0.00042682839557528496
CNV/57/009_CNV.tif,CNV-057,val,CNV,cnv,OD,.tif,0.00032061152160167694
CNV/57/010_CNV.tif,CNV-057,val,CNV,cnv,OD,.tif,0.00029036280466243625
CNV/57/011_CNV.tif,CNV-057,val,CNV,cnv,OD,.tif,0.00028507623937912285
CNV/57/012_CNV.tif,CNV-057,val,CNV,cnv,OD,.tif,0.0003977545420639217
CNV/57/013_CNV.tif,CNV-057,val,CNV,cnv,OD,.tif,0.00041311499080620706
CNV/57/014_CNV.tif,CNV-057,val,CNV,cnv,OD,.tif,0.00033203541534021497
CNV/57/015_CNV.tif,CNV-057,val,CNV,cnv,OD,.tif,0.0004026222159154713
CNV/57/016_CNV.tif,CNV-057,val,CNV,cnv,OD,.tif,0.0004541102680377662
CNV/57/017_CNV.tif,CNV-057,val,CNV,cnv,OD,.tif,0.000306631438434124
CNV/57/018_CNV.tif,CNV-057,val,CNV,cnv,OD,.tif,0.00034319632686674595
CNV/57/019_CNV.tif,CNV-057,val,CNV,cnv,OD,.tif,0.0005663896445184946
CNV/57/020_CNV.tif,CNV-057,val,CNV,cnv,OD,.tif,0.0002548394550103694
CNV/57/021_CNV.tif,CNV-057,val,CNV,cnv,OD,.tif,0.00029591278871521354
CNV/57/022_CNV.tif,CNV-057,val,CNV,cnv,OD,.tif,0.0002551152720116079
CNV/57/023_CNV.tif,CNV-057,val,CNV,cnv,OD,.tif,0.00037481484469026327
CNV/57/024_CNV.tif,CNV-057,val,CNV,cnv,OD,.tif,0.00023275494459085166
CNV/57/025_CNV.tif,CNV-057,val,CNV,cnv,OD,.tif,0.00027897395193576813
CNV/57/026_CNV.tif,CNV-057,val,CNV,cnv,OD,.tif,0.0003039918374270201
CNV/57/027_CNV.tif,CNV-057,val,CNV,cnv,OD,.tif,0.00026956386864185333
CNV/57/028_Drusen.tif,CNV-057,val,CNV,drusen,OD,.tif,0.00019504096417222172
CNV/57/029_Drusen.tif,CNV-057,val,CNV,drusen,OD,.tif,0.0002621590974740684
CNV/57/030_Drusen.tif,CNV-057,val,CNV,drusen,OD,.tif,0.000191883955267258
CNV/63/000_Normal.tif,CNV-063,val,CNV,normal,OS,.tif,0.00030139373848214746
CNV/63/001_Normal.tif,CNV-063,val,CNV,normal,OS,.tif,0.00029882683884352446
CNV/63/002_Normal.tif,CNV-063,val,CNV,normal,OS,.tif,0.0005381584633141756
CNV/63/003_Drusen.tif,CNV-063,val,CNV,drusen,OS,.tif,0.00039129419019445777
CNV/63/004_Drusen.tif,CNV-063,val,CNV,drusen,OS,.tif,0.0002691774279810488
CNV/63/005_Drusen.tif,CNV-063,val,CNV,drusen,OS,.tif,0.00032279983861371875
CNV/63/006_Drusen.tif,CNV-063,val,CNV,drusen,OS,.tif,0.00024178094463422894
CNV/63/007_Drusen.tif,CNV-063,val,CNV,drusen,OS,.tif,0.00021893766825087368
CNV/63/008_Drusen.tif,CNV-063,val,CNV,drusen,OS,.tif,0.0003277826472185552
CNV/63/009_Drusen.tif,CNV-063,val,CNV,drusen,OS,.tif,0.00029988313326612115
CNV/63/010_Drusen.tif,CNV-063,val,CNV,drusen,OS,.tif,0.0002792727609630674
CNV/63/011_Drusen.tif,CNV-063,val,CNV,drusen,OS,.tif,0.0003827508189715445
CNV/63/012_Drusen.tif,CNV-063,val,CNV,drusen,OS,.tif,0.0003887293569277972
CNV/63/013_Drusen.tif,CNV-063,val,CNV,drusen,OS,.tif,0.00034644821425899863
CNV/63/014_CNV.tif,CNV-063,val,CNV,cnv,OS,.tif,0.0003479400184005499
CNV/63/015_CNV.tif,CNV-063,val,CNV,cnv,OS,.tif,0.00031444296473637223
CNV/63/016_CNV.tif,CNV-063,val,CNV,cnv,OS,.tif,0.0002550817735027522
CNV/63/017_CNV.tif,CNV-063,val,CNV,cnv,OS,.tif,0.0007391803665086627
CNV/63/018_CNV.tif,CNV-063,val,CNV,cnv,OS,.tif,0.00040991901187226176
CNV/63/019_CNV.tif,CNV-063,val,CNV,cnv,OS,.tif,0.000344827160006389
CNV/63/020_CNV.tif,CNV-063,val,CNV,cnv,OS,.tif,0.0004120566591154784
CNV/63/021_CNV.tif,CNV-063,val,CNV,cnv,OS,.tif,0.000479349575471133
CNV/63/022_CNV.tif,CNV-063,val,CNV,cnv,OS,.tif,0.00038566990406252444
CNV/63/023_CNV.tif,CNV-063,val,CNV,cnv,OS,.tif,0.0003647471312433481
CNV/63/024_CNV.tif,CNV-063,val,CNV,cnv,OS,.tif,0.0002917722158599645
CNV/63/025_CNV.tif,CNV-063,val,CNV,cnv,OS,.tif,0.00035523748374544084
CNV/63/026_Drusen.tif,CNV-063,val,CNV,drusen,OS,.tif,0.00028537935577332973
CNV/63/027_Drusen.tif,CNV-063,val,CNV,drusen,OS,.tif,0.00029334143619053066
CNV/63/028_Drusen.tif,CNV-063,val,CNV,drusen,OS,.tif,0.00040822071605362
CNV/63/029_Drusen.tif,CNV-063,val,CNV,drusen,OS,.tif,0.00028330893837846816
CNV/63/030_Drusen.tif,CNV-063,val,CNV,drusen,OS,.tif,0.00031145510729402304
CNV/71/000_Normal.jpg,CNV-071,val,CNV,normal,OD,.jpg,0.00039028795436024666
CNV/71/001_Normal.jpg,CNV-071,val,CNV,normal,OD,.jpg,0.00019686800078488886
CNV/71/002_Normal.jpg,CNV-071,val,CNV,normal,OD,.jpg,0.00030729762511327863
CNV/71/003_Drusen.jpg,CNV-071,val,CNV,drusen,OD,.jpg,0.00025112531147897243
CNV/71/004_Drusen.jpg,CNV-071,val,CNV,drusen,OD,.jpg,0.00021840289991814643
CNV/71/005_Drusen.jpg,CNV-071,val,CNV,drusen,OD,.jpg,0.00023837637854740024
CNV/71/006_Drusen.jpg,CNV-071,val,CNV,drusen,OD,.jpg,0.0002965444582514465
CNV/71/007_Drusen.jpg,CNV-071,val,CNV,drusen,OD,.jpg,0.00033353420440107584
CNV/71/008_Drusen.jpg,CNV-071,val,CNV,drusen,OD,.jpg,0.0005157594569027424
CNV/71/009_Drusen.jpg,CNV-071,val,CNV,drusen,OD,.jpg,0.00019988484564237297
CNV/71/010_CNV.jpg,CNV-071,val,CNV,cnv,OD,.jpg,0.0002522653085179627
CNV/71/011_CNV.jpg,CNV-071,val,CNV,cnv,OD,.jpg,0.00030912982765585184
CNV/71/012_CNV.jpg,CNV-071,val,CNV,cnv,OD,.jpg,0.00023133421200327575
CNV/71/013_CNV.jpg,CNV-071,val,CNV,cnv,OD,.jpg,0.00029725427157245576
CNV/71/014_CNV.jpg,CNV-071,val,CNV,cnv,OD,.jpg,0.00020847923588007689
CNV/71/015_CNV.jpg,CNV-071,val,CNV,cnv,OD,.jpg,0.00023757325834594667
CNV/71/016_CNV.jpg,CNV-071,val,CNV,cnv,OD,.jpg,0.0001844332437030971
CNV/71/017_CNV.jpg,CNV-071,val,CNV,cnv,OD,.jpg,0.00022246327716857195
CNV/71/018_CNV.jpg,CNV-071,val,CNV,cnv,OD,.jpg,0.00039828187436796725
CNV/71/019_CNV.jpg,CNV-071,val,CNV,cnv,OD,.jpg,0.0002659494639374316
CNV/71/020_Normal.jpg,CNV-071,val,CNV,normal,OD,.jpg,0.00022999575594440103
CNV/71/021_Drusen.jpg,CNV-071,val,CNV,drusen,OD,.jpg,0.00027452147332951427
CNV/71/022_Drusen.jpg,CNV-071,val,CNV,drusen,OD,.jpg,0.00020503091218415648
CNV/71/023_Drusen.jpg,CNV-071,val,CNV,drusen,OD,.jpg,0.00025719768018461764
CNV/71/024_Drusen.jpg,CNV-071,val,CNV,drusen,OD,.jpg,0.00039143834146670997
CNV/71/025_Normal.jpg,CNV-071,val,CNV,normal,OD,.jpg,0.0002669878304004669
CNV/71/026_Normal.jpg,CNV-071,val,CNV,normal,OD,.jpg,0.0002585950423963368
CNV/71/027_Normal.jpg,CNV-071,val,CNV,normal,OD,.jpg,0.0003246137348469347
CNV/71/028_Normal.jpg,CNV-071,val,CNV,normal,OD,.jpg,0.00020539000979624689
CNV/71/029_Drusen.jpg,CNV-071,val,CNV,drusen,OD,.jpg,0.00021648016991093755
CNV/71/030_Drusen.jpg,CNV-071,val,CNV,drusen,OD,.jpg,0.0001839102478697896
CNV/82/000_Normal.jpg,CNV-082,val,CNV,normal,OS,.jpg,0.00043708269367925823
CNV/82/001_Normal.jpg,CNV-082,val,CNV,normal,OS,.jpg,0.00037184584653005004
CNV/82/002_Normal.jpg,CNV-082,val,CNV,normal,OS,.jpg,0.0003975094296038151
CNV/82/003_Normal.jpg,CNV-082,val,CNV,normal,OS,.jpg,0.0003868542262353003
CNV/82/004_CNV.jpg,CNV-082,val,CNV,cnv,OS,.jpg,0.00025971108698286116
CNV/82/005_CNV.jpg,CNV-082,val,CNV,cnv,OS,.jpg,0.00027869330369867384
CNV/82/006_CNV.jpg,CNV-082,val,CNV,cnv,OS,.jpg,0.00022716674720868468
CNV/82/007_CNV.jpg,CNV-082,val,CNV,cnv,OS,.jpg,0.00023440673248842359
CNV/82/008_CNV.jpg,CNV-082,val,CNV,cnv,OS,.jpg,0.00032474263571202755
CNV/82/009_CNV.jpg,CNV-082,val,CNV,cnv,OS,.jpg,0.00041469582356512547
CNV/82/010_CNV.jpg,CNV-082,val,CNV,cnv,OS,.jpg,0.00037414307007566094
CNV/82/011_CNV.jpg,CNV-082,val,CNV,cnv,OS,.jpg,0.0004820642643608153
CNV/82/012_CNV.jpg,CNV-082,val,CNV,cnv,OS,.jpg,0.0005029286839999259
CNV/82/013_CNV.jpg,CNV-082,val,CNV,cnv,OS,.jpg,0.0006070329109206796
CNV/82/014_CNV.jpg,CNV-082,val,CNV,cnv,OS,.jpg,0.00046777885290794075
CNV/82/015_CNV.jpg,CNV-082,val,CNV,cnv,OS,.jpg,0.000792207894846797
CNV/82/016_CNV.jpg,CNV-082,val,CNV,cnv,OS,.jpg,0.0005884889978915453
CNV/82/017_CNV.jpg,CNV-082,val,CNV,cnv,OS,.jpg,0.00041742780013009906
CNV/82/018_CNV.jpg,CNV-082,val,CNV,cnv,OS,.jpg,0.0008243691409006715
CNV/82/019_CNV.jpg,CNV-082,val,CNV,cnv,OS,.jpg,0.0004425139049999416
CNV/82/020_CNV.jpg,CNV-082,val,CNV,cnv,OS,.jpg,0.0005567410844378173
CNV/82/021_CNV.jpg,CNV-082,val,CNV,cnv,OS,.jpg,0.00033135933335870504
CNV/82/022_CNV.jpg,CNV-082,val,CNV,cnv,OS,.jpg,0.0003274005721323192
CNV/82/023_CNV.jpg,CNV-082,val,CNV,cnv,OS,.jpg,0.0002105699823005125
CNV/82/024_CNV.jpg,CNV-082,val,CNV,cnv,OS,.jpg,0.0002580801665317267
CNV/82/025_CNV.jpg,CNV-082,val,CNV,cnv,OS,.jpg,0.00018750986782833934
CNV/82/026_CNV.jpg,CNV-082,val,CNV,cnv,OS,.jpg,0.00024040808784775436
CNV/82/027_CNV.jpg,CNV-082,val,CNV,cnv,OS,.jpg,0.00024185338406823575
CNV/82/028_CNV.jpg,CNV-082,val,CNV,cnv,OS,.jpg,0.00039053321233950555
CNV/82/029_Drusen.jpg,CNV-082,val,CNV,drusen,OS,.jpg,0.00027305461117066443
CNV/82/030_Drusen.jpg,CNV-082,val,CNV,drusen,OS,.jpg,0.0002702855272218585
CNV/86/000_CNV.tif,CNV-086,val,CNV,cnv,OD,.tif,0.00045451035839505494
CNV/86/001_CNV.tif,CNV-086,val,CNV,cnv,OD,.tif,0.0004208546015433967
CNV/86/002_CNV.tif,CNV-086,val,CNV,cnv,OD,.tif,0.00046171003486961126
CNV/86/003_CNV.tif,CNV-086,val,CNV,cnv,OD,.tif,0.0004372039111331105
CNV/86/004_CNV.tif,CNV-086,val,CNV,cnv,OD,.tif,0.0004744270700030029
CNV/86/005_CNV.tif,CNV-086,val,CNV,cnv,OD,.tif,0.00034184090327471495
CNV/86/006_CNV.tif,CNV-086,val,CNV,cnv,OD,.tif,0.0004014918813481927
CNV/86/007_CNV.tif,CNV-086,val,CNV,cnv,OD,.tif,0.0004593404883053154
CNV/86/008_CNV.tif,CNV-086,val,CNV,cnv,OD,.tif,0.0005240823375061154
CNV/86/009_CNV.tif,CNV-086,val,CNV,cnv,OD,.tif,0.0005445958813652396
CNV/86/010_CNV.tif,CNV-086,val,CNV,cnv,OD,.tif,0.00041649240301921964
CNV/86/011_CNV.tif,CNV-086,val,CNV,cnv,OD,.tif,0.00040777341928333044
CNV/86/012_CNV.tif,CNV-086,val,CNV,cnv,OD,.tif,0.0003950947429984808
CNV/86/013_CNV.tif,CNV-086,val,CNV,cnv,OD,.tif,0.00031736429082229733
CNV/86/014_CNV.tif,CNV-086,val,CNV,cnv,OD,.tif,0.0004247529141139239
CNV/86/015_CNV.tif,CNV-086,val,CNV,cnv,OD,.tif,0.0004980956437066197
CNV/86/016_CNV.tif,CNV-086,val,CNV,cnv,OD,.tif,0.0003968396340496838
CNV/86/017_CNV.tif,CNV-086,val,CNV,cnv,OD,.tif,0.0005225083441473544
CNV/86/018_CNV.tif,CNV-086,val,CNV,cnv,OD,.tif,0.00042410328751429915
CNV/86/019_CNV.tif,CNV-086,val,CNV,cnv,OD,.tif,0.0004571984172798693
CNV/86/020_CNV.tif,CNV-086,val,CNV,cnv,OD,.tif,0.0004252793441992253
CNV/86/021_CNV.tif,CNV-086,val,CNV,cnv,OD,.tif,0.000368351029464975
CNV/86/022_CNV.tif,CNV-086,val,CNV,cnv,OD,.tif,0.0005818346980959177
CNV/86/023_CNV.tif,CNV-086,val,CNV,cnv,OD,.tif,0.000362387509085238
CNV/86/024_CNV.tif,CNV-086,val,CNV,cnv,OD,.tif,0.0003572370333131403
CNV/86/025_CNV.tif,CNV-086,val,CNV,cnv,OD,.tif,0.0003176476457156241
CNV/86/026_CNV.tif,CNV-086,val,CNV,cnv,OD,.tif,0.0003226751578040421
CNV/86/027_Normal.tif,CNV-086,val,CNV,normal,OD,.tif,0.00034991491702385247
CNV/86/028_Normal.tif,CNV-086,val,CNV,normal,OD,.tif,0.00032520806416869164
CNV/86/029_Normal.tif,CNV-086,val,CNV,normal,OD,.tif,0.000269778014626354
CNV/86/030_Normal.tif,CNV-086,val,CNV,normal,OD,.tif,0.00044420556514523923
CNV/93/000_CNV.jpg,CNV-093,val,CNV,cnv,OS,.jpg,0.00025512094725854695
CNV/93/001_CNV.jpg,CNV-093,val,CNV,cnv,OS,.jpg,0.00026168403564952314
CNV/93/002_CNV.jpg,CNV-093,val,CNV,cnv,OS,.jpg,0.00025258096866309643
CNV/93/003_CNV.jpg,CNV-093,val,CNV,cnv,OS,.jpg,0.00023359875194728374
CNV/93/004_CNV.jpg,CNV-093,val,CNV,cnv,OS,.jpg,0.0003531135735101998
CNV/93/005_CNV.jpg,CNV-093,val,CNV,cnv,OS,.jpg,0.00028734150691889226
CNV/93/006_CNV.jpg,CNV-093,val,CNV,cnv,OS,.jpg,0.00031440536258742213
CNV/93/007_CNV.jpg,CNV-093,val,CNV,cnv,OS,.jpg,0.0003582384088076651
CNV/93/008_CNV.jpg,CNV-093,val,CNV,cnv,OS,.jpg,0.0003130287805106491
CNV/93/009_CNV.jpg,CNV-093,val,CNV,cnv,OS,.jpg,0.00033737608464434743
CNV/93/010_CNV.jpg,CNV-093,val,CNV,cnv,OS,.jpg,0.0002560712455306202
CNV/93/011_CNV.jpg,CNV-093,val,CNV,cnv,OS,.jpg,0.0003133302670903504
CNV/93/012_CNV.jpg,CNV-093,val,CNV,cnv,OS,.jpg,0.00027804248384200037
CNV/93/013_CNV.jpg,CNV-093,val,CNV,cnv,OS,.jpg,0.0004671582137234509
CNV/93/014_CNV.jpg,CNV-093,val,CNV,cnv,OS,.jpg,0.00031945150112733245
CNV/93/015_CNV.jpg,CNV-093,val,CNV,cnv,OS,.jpg,0.00033958148560486734
CNV/93/016_CNV.jpg,CNV-093,val,CNV,cnv,OS,.jpg,0.0003380277776159346
CNV/93/017_CNV.jpg,CNV-093,val,CNV,cnv,OS,.jpg,0.0002078652905765921
CNV/93/018_CNV.jpg,CNV-093,val,CNV,cnv,OS,.jpg,0.00045992861851118505
CNV/93/019_CNV.jpg,CNV-093,val,CNV,cnv,OS,.jpg,0.00026730209356173873
CNV/93/020_CNV.jpg,CNV-093,val,CNV,cnv,OS,.jpg,0.0002463271957822144
CNV/93/021_Normal.jpg,CNV-093,val,CNV,normal,OS,.jpg,0.0003851942019537091
CNV/93/022_Normal.jpg,CNV-093,val,CNV,normal,OS,.jpg,0.00030969653744250536
CNV/93/023_Normal.jpg,CNV-093,val,CNV,normal,OS,.jpg,0.00023908296134322882
CNV/93/024_Normal.jpg,CNV-093,val,CNV,normal,OS,.jpg,0.00026720910682342947
CNV/94/000_Normal.tif,CNV-094,val,CNV,normal,OD,.tif,0.00024206479429267347
CNV/94/001_Normal.tif,CNV-094,val,CNV,normal,OD,.tif,0.00021567584190052003
CNV/94/002_Normal.tif,CNV-094,val,CNV,normal,OD,.tif,0.0002550576173234731
CNV/94/003_Normal.tif,CNV-094,val,CNV,normal,OD,.tif,0.000194605061551556
CNV/94/004_Normal.tif,CNV-094,val,CNV,normal,OD,.tif,0.000292510143481195
CNV/94/005_Normal.tif,CNV-094,val,CNV,normal,OD,.tif,0.00016691797645762563
CNV/94/006_Normal.tif,CNV-094,val,CNV,normal,OD,.tif,0.00023900982341729105
CNV/94/007_Drusen.tif,CNV-094,val,CNV,drusen,OD,.tif,0.0001184513748739846
CNV/94/008_Drusen.tif,CNV-094,val,CNV,drusen,OD,.tif,0.00021960408776067197
CNV/94/009_Drusen.tif,CNV-094,val,CNV,drusen,OD,.tif,0.00018969039956573397
CNV/94/010_Drusen.tif,CNV-094,val,CNV,drusen,OD,.tif,0.00019178209186065942
CNV/94/011_Drusen.tif,CNV-094,val,CNV,drusen,OD,.tif,0.0002539228298701346
CNV/94/012_Drusen.tif,CNV-094,val,CNV,drusen,OD,.tif,0.00022222023108042777
CNV/94/013_Drusen.tif,CNV-094,val,CNV,drusen,OD,.tif,0.0002021294494625181
CNV/94/014_Drusen.tif,CNV-094,val,CNV,drusen,OD,.tif,0.00019819015869870782
CNV/94/015_CNV.tif,CNV-094,val,CNV,cnv,OD,.tif,0.0001540124067105353
CNV/94/016_CNV.tif,CNV-094,val,CNV,cnv,OD,.tif,0.00024343180120922625
CNV/94/017_Drusen.tif,CNV-094,val,CNV,drusen,OD,.tif,0.0003344407887198031
CNV/94/018_Drusen.tif,CNV-094,val,CNV,drusen,OD,.tif,0.00024647009558975697
CNV/94/019_Drusen.tif,CNV-094,val,CNV,drusen,OD,.tif,0.0001605325232958421
CNV/94/020_Drusen.tif,CNV-094,val,CNV,drusen,OD,.tif,0.00017264005145989358
CNV/94/021_Drusen.tif,CNV-094,val,CNV,drusen,OD,.tif,0.00021088088396936655
CNV/94/022_Drusen.tif,CNV-094,val,CNV,drusen,OD,.tif,0.0002849393058568239
CNV/94/023_Drusen.tif,CNV-094,val,CNV,drusen,OD,.tif,0.0002316170430276543
CNV/94/024_Drusen.tif,CNV-094,val,CNV,drusen,OD,.tif,0.00026439985958859324
CNV/94/025_Drusen.tif,CNV-094,val,CNV,drusen,OD,.tif,0.0002306638634763658
CNV/94/026_Drusen.tif,CNV-094,val,CNV,drusen,OD,.tif,0.00017331959679722786
CNV/94/027_Drusen.tif,CNV-094,val,CNV,drusen,OD,.tif,0.00026687709032557905
CNV/94/028_Normal.tif,CNV-094,val,CNV,normal,OD,.tif,0.00023068711743690073
CNV/94/029_Normal.tif,CNV-094,val,CNV,normal,OD,.tif,0.00026099811657331884
CNV/94/030_Normal.tif,CNV-094,val,CNV,normal,OD,.tif,0.00020506090368144214
CNV/97/000_CNV.tif,CNV-097,val,CNV,cnv,OS,.tif,0.00028968980768695474
CNV/97/001_CNV.tif,CNV-097,val,CNV,cnv,OS,.tif,0.0002759577182587236
CNV/97/002_CNV.tif,CNV-097,val,CNV,cnv,OS,.tif,0.00032772449776530266
CNV/97/003_CNV.tif,CNV-097,val,CNV,cnv,OS,.tif,0.0002830270095728338
CNV/97/004_CNV.tif,CNV-097,val,CNV,cnv,OS,.tif,0.00038123404374346137
CNV/97/005_CNV.tif,CNV-097,val,CNV,cnv,OS,.tif,0.0004912795848213136
CNV/97/006_CNV.tif,CNV-097,val,CNV,cnv,OS,.tif,0.00028277531964704394
CNV/97/007_CNV.tif,CNV-097,val,CNV,cnv,OS,.tif,0.0004487165133468807
CNV/97/008_CNV.tif,CNV-097,val,CNV,cnv,OS,.tif,0.000468470505438745
CNV/97/009_CNV.tif,CNV-097,val,CNV,cnv,OS,.tif,0.00036549195647239685
CNV/97/010_CNV.tif,CNV-097,val,CNV,cnv,OS,.tif,0.00037882200558669865
CNV/97/011_CNV.tif,CNV-097,val,CNV,cnv,OS,.tif,0.0005113858496770263
CNV/97/012_CNV.tif,CNV-097,val,CNV,cnv,OS,.tif,0.00034772776416502893
CNV/97/013_CNV.tif,CNV-097,val,CNV,cnv,OS,.tif,0.0004863090580329299
CNV/97/014_CNV.tif,CNV-097,val,CNV,cnv,OS,.tif,0.0003838531847577542
CNV/97/015_CNV.tif,CNV-097,val,CNV,cnv,OS,.tif,0.0003569301625248045
CNV/97/016_CNV.tif,CNV-097,val,CNV,cnv,OS,.tif,0.00031607679557055235
CNV/97/017_CNV.tif,CNV-097,val,CNV,cnv,OS,.tif,0.00045466143637895584
CNV/97/018_CNV.tif,CNV-097,val,CNV,cnv,OS,.tif,0.0003989885444752872
CNV/97/019_CNV.tif,CNV-097,val,CNV,cnv,OS,.tif,0.00037849892396479845
CNV/97/020_CNV.tif,CNV-097,val,CNV,cnv,OS,.tif,0.00036267255200073123
CNV/97/021_Drusen.tif,CNV-097,val,CNV,drusen,OS,.tif,0.00024312298046424985
CNV/97/022_Drusen.tif,CNV-097,val,CNV,drusen,OS,.tif,0.000349859386915341
CNV/97/023_Drusen.tif,CNV-097,val,CNV,drusen,OS,.tif,0.0004880109045188874
CNV/97/024_Drusen.tif,CNV-097,val,CNV,drusen,OS,.tif,0.0002856749633792788
CNV/97/025_Drusen.tif,CNV-097,val,CNV,drusen,OS,.tif,0.00025257113156840205
CNV/97/026_Drusen.tif,CNV-097,val,CNV,drusen,OS,.tif,0.000254002952715382
CNV/97/027_Normal.tif,CNV-097,val,CNV,normal,OS,.tif,0.000280178792309016
CNV/97/028_Normal.tif,CNV-097,val,CNV,normal,OS,.tif,0.00032044423278421164
CNV/97/029_Normal.tif,CNV-097,val,CNV,normal,OS,.tif,0.00041104989941231906
CNV/97/030_Normal.tif,CNV-097,val,CNV,normal,OS,.tif,0.00026879890356212854
CNV/104/000_Normal.tif,CNV-104,val,CNV,normal,OD,.tif,0.000308330258121714
CNV/104/001_Normal.tif,CNV-104,val,CNV,normal,OD,.tif,0.0002482867275830358
CNV/104/002_Normal.tif,CNV-104,val,CNV,normal,OD,.tif,0.00023478787625208497
CNV/104/003_Drusen.tif,CNV-104,val,CNV,drusen,OD,.tif,0.00020243962353561074
CNV/104/004_Drusen.tif,CNV-104,val,CNV,drusen,OD,.tif,0.00019367520872037858
CNV/104/005_Drusen.tif,CNV-104,val,CNV,drusen,OD,.tif,0.00023846127442084253
CNV/104/006_Drusen.tif,CNV-104,val,CNV,drusen,OD,.tif,0.00033573166001588106
CNV/104/007_Drusen.tif,CNV-104,val,CNV,drusen,OD,.tif,0.00020081359252799302
CNV/104/008_Drusen.tif,CNV-104,val,CNV,drusen,OD,.tif,0.00021481400472112
CNV/104/009_Drusen.tif,CNV-104,val,CNV,drusen,OD,.tif,0.0002737981267273426
CNV/104/010_CNV.tif,CNV-104,val,CNV,cnv,OD,.tif,0.0003746895818039775
CNV/104/011_CNV.tif,CNV-104,val,CNV,cnv,OD,.tif,0.0005263134371489286
CNV/104/012_CNV.tif,CNV-104,val,CNV,cnv,OD,.tif,0.000421924953116104
CNV/104/013_CNV.tif,CNV-104,val,CNV,cnv,OD,.tif,0.0002844522532541305
CNV/104/014_CNV.tif,CNV-104,val,CNV,cnv,OD,.tif,0.0005739257903769612
CNV/104/015_CNV.tif,CNV-104,val,CNV,cnv,OD,.tif,0.00047056114999577403
CNV/104/016_CNV.tif,CNV-104,val,CNV,cnv,OD,.tif,0.0004885580274276435
CNV/104/017_CNV.tif,CNV-104,val,CNV,cnv,OD,.tif,0.00039118685526773334
CNV/104/018_CNV.tif,CNV-104,val,CNV,cnv,OD,.tif,0.00039031653432175517
CNV/104/019_CNV.tif,CNV-104,val,CNV,cnv,OD,.tif,0.0004502727242652327
CNV/104/020_CNV.tif,CNV-104,val,CNV,cnv,OD,.tif,0.00037830433575436473
CNV/104/021_CNV.tif,CNV-104,val,CNV,cnv,OD,.tif,0.0004499521746765822
CNV/104/022_CNV.tif,CNV-104,val,CNV,cnv,OD,.tif,0.0003402665606699884
CNV/104/023_CNV.tif,CNV-104,val,CNV,cnv,OD,.tif,0.0003019307623617351
CNV/104/024_CNV.tif,CNV-104,val,CNV,cnv,OD,.tif,0.0002776868350338191
CNV/104/025_CNV.tif,CNV-104,val,CNV,cnv,OD,.tif,0.0003078050503972918
CNV/104/026_CNV.tif,CNV-104,val,CNV,cnv,OD,.tif,0.0002505420125089586
CNV/104/027_Drusen.tif,CNV-104,val,CNV,drusen,OD,.tif,0.00032096588984131813
CNV/104/028_Drusen.tif,CNV-104,val,CNV,drusen,OD,.tif,0.000236760126426816
CNV/104/029_Drusen.tif,CNV-104,val,CNV,drusen,OD,.tif,0.00024063298769760877
CNV/104/030_Drusen.tif,CNV-104,val,CNV,drusen,OD,.tif,0.0002749997074715793
CNV/105/000_CNV.tif,CNV-105,val,CNV,cnv,OD,.tif,0.0004427814274094999
CNV/105/001_CNV.tif,CNV-105,val,CNV,cnv,OD,.tif,0.0004745041369460523
CNV/105/002_CNV.tif,CNV-105,val,CNV,cnv,OD,.tif,0.00035067321732640266
CNV/105/003_CNV.tif,CNV-105,val,CNV,cnv,OD,.tif,0.00039633666165173054
CNV/105/004_CNV.tif,CNV-105,val,CNV,cnv,OD,.tif,0.00039313131128437817
CNV/105/005_CNV.tif,CNV-105,val,CNV,cnv,OD,.tif,0.0002867142320610583
CNV/105/006_CNV.tif,CNV-105,val,CNV,cnv,OD,.tif,0.0003711801837198436
CNV/105/007_CNV.tif,CNV-105,val,CNV,cnv,OD,.tif,0.00030890811467543244
CNV/105/008_CNV.tif,CNV-105,val,CNV,cnv,OD,.tif,0.0003943112678825855
CNV/105/009_CNV.tif,CNV-105,val,CNV,cnv,OD,.tif,0.0003492549294605851
CNV/105/010_CNV.tif,CNV-105,val,CNV,cnv,OD,.tif,0.0003157710889354348
CNV/105/011_CNV.tif,CNV-105,val,CNV,cnv,OD,.tif,0.0004830838297493756
CNV/105/012_CNV.tif,CNV-105,val,CNV,cnv,OD,.tif,0.00044227769831195474
CNV/105/013_CNV.tif,CNV-105,val,CNV,cnv,OD,.tif,0.0003690337180159986
CNV/105/014_CNV.tif,CNV-105,val,CNV,cnv,OD,.tif,0.00043669523438438773
CNV/105/015_CNV.tif,CNV-105,val,CNV,cnv,OD,.tif,0.0003949252131860703
CNV/105/016_CNV.tif,CNV-105,val,CNV,cnv,OD,.tif,0.00034182588569819927
CNV/105/017_CNV.tif,CNV-105,val,CNV,cnv,OD,.tif,0.00032179581467062235
CNV/105/018_CNV.tif,CNV-105,val,CNV,cnv,OD,.tif,0.0002403765101917088
CNV/105/019_CNV.tif,CNV-105,val,CNV,cnv,OD,.tif,0.0003762750420719385
CNV/105/020_CNV.tif,CNV-105,val,CNV,cnv,OD,.tif,0.00030888646142557263
CNV/105/021_CNV.tif,CNV-105,val,CNV,cnv,OD,.tif,0.0004571444005705416
CNV/105/022_CNV.tif,CNV-105,val,CNV,cnv,OD,.tif,0.0002464001881889999
CNV/105/023_CNV.tif,CNV-105,val,CNV,cnv,OD,.tif,0.0001972744648810476
CNV/105/024_Normal.tif,CNV-105,val,CNV,normal,OD,.tif,0.0001804880448617041
CNV/105/025_Normal.tif,CNV-105,val,CNV,normal,OD,.tif,0.0002310532727278769
CNV/105/026_Normal.tif,CNV-105,val,CNV,normal,OD,.tif,0.00023511274775955826
CNV/105/027_Normal.tif,CNV-105,val,CNV,normal,OD,.tif,0.0002187914215028286
CNV/105/028_Normal.tif,CNV-105,val,CNV,normal,OD,.tif,0.00026906392304226756
CNV/105/029_Normal.tif,CNV-105,val,CNV,normal,OD,.tif,0.0002473128552082926
CNV/105/030_Normal.tif,CNV-105,val,CNV,normal,OD,.tif,0.0002533700899221003
CNV/112/000_CNV.tif,CNV-112,val,CNV,cnv,OD,.tif,0.0002553741214796901
CNV/112/001_CNV.tif,CNV-112,val,CNV,cnv,OD,.tif,0.0003064743068534881
CNV/112/002_CNV.tif,CNV-112,val,CNV,cnv,OD,.tif,0.00022875549620948732
CNV/112/003_CNV.tif,CNV-112,val,CNV,cnv,OD,.tif,0.0003477999707683921
CNV/112/004_CNV.tif,CNV-112,val,CNV,cnv,OD,.tif,0.0004314178368076682
CNV/112/005_CNV.tif,CNV-112,val,CNV,cnv,OD,.tif,0.0003915868583135307
CNV/112/006_CNV.tif,CNV-112,val,CNV,cnv,OD,.tif,0.0003211986040696502
CNV/112/007_CNV.tif,CNV-112,val,CNV,cnv,OD,.tif,0.00029337912565097213
CNV/112/008_CNV.tif,CNV-112,val,CNV,cnv,OD,.tif,0.0004329952644184232
CNV/112/009_CNV.tif,CNV-112,val,CNV,cnv,OD,.tif,0.00036204425850883126
CNV/112/010_CNV.tif,CNV-112,val,CNV,cnv,OD,.tif,0.0003171691205352545
CNV/112/011_CNV.tif,CNV-112,val,CNV,cnv,OD,.tif,0.0003431771765463054
CNV/112/012_CNV.tif,CNV-112,val,CNV,cnv,OD,.tif,0.00033013755455613136
CNV/112/013_CNV.tif,CNV-112,val,CNV,cnv,OD,.tif,0.00025200197705999017
CNV/112/014_CNV.tif,CNV-112,val,CNV,cnv,OD,.tif,0.0003102057962678373
CNV/112/015_CNV.tif,CNV-112,val,CNV,cnv,OD,.tif,0.00039401790127158165
CNV/112/016_CNV.tif,CNV-112,val,CNV,cnv,OD,.tif,0.00040215387707576156
CNV/112/017_CNV.tif,CNV-112,val,CNV,cnv,OD,.tif,0.00026197952684015036
CNV/112/018_CNV.tif,CNV-112,val,CNV,cnv,OD,.tif,0.00035928963916376233
CNV/112/019_CNV.tif,CNV-112,val,CNV,cnv,OD,.tif,0.0002579372376203537
CNV/112/020_CNV.tif,CNV-112,val,CNV,cnv,OD,.tif,0.00034949491964653134
CNV/112/021_CNV.tif,CNV-112,val,CNV,cnv,OD,.tif,0.0003454651159700006
CNV/112/022_Drusen.tif,CNV-112,val,CNV,drusen,OD,.tif,0.00035260754521004856
CNV/112/023_Drusen.tif,CNV-112,val,CNV,drusen,OD,.tif,0.00036146672209724784
CNV/112/024_Drusen.tif,CNV-112,val,CNV,drusen,OD,.tif,0.0003699163207784295
CNV/113/000_Drusen.tif,CNV-113,val,CNV,drusen,OS,.tif,0.00022832915419712663
CNV/113/001_Drusen.tif,CNV-113,val,CNV,drusen,OS,.tif,0.0003520058235153556
CNV/113/002_Drusen.tif,CNV-113,val,CNV,drusen,OS,.tif,0.0004509415302891284
CNV/113/003_Drusen.tif,CNV-113,val,CNV,drusen,OS,.tif,0.00026111913030035794
CNV/113/004_Drusen.tif,CNV-113,val,CNV,drusen,OS,.tif,0.00020714083802886307
CNV/113/005_Drusen.tif,CNV-113,val,CNV,drusen,OS,.tif,0.0002445248537696898
CNV/113/006_Drusen.tif,CNV-113,val,CNV,drusen,OS,.tif,0.0002482714771758765
CNV/113/007_Drusen.tif,CNV-113,val,CNV,drusen,OS,.tif,0.0004043180379085243
CNV/113/008_Drusen.tif,CNV-113,val,CNV,drusen,OS,.tif,0.0003484885673969984
CNV/113/009_Drusen.tif,CNV-113,val,CNV,drusen,OS,.tif,0.00021976217976771295
CNV/113/010_Drusen.tif,CNV-113,val,CNV,drusen,OS,.tif,0.00033825659193098545
CNV/113/011_Drusen.tif,CNV-113,val,CNV,drusen,OS,.tif,0.00030937764677219093
CNV/113/012_Drusen.tif,CNV-113,val,CNV,drusen,OS,.tif,0.00034329199115745723
CNV/113/013_CNV.tif,CNV-113,val,CNV,cnv,OS,.tif,0.0002852889592759311
CNV/113/014_CNV.tif,CNV-113,val,CNV,cnv,OS,.tif,0.0002847063879016787
CNV/113/015_CNV.tif,CNV-113,val,CNV,cnv,OS,.tif,0.00041710783261805773
CNV/113/016_CNV.tif,CNV-113,val,CNV,cnv,OS,.tif,0.00043248559813946486
CNV/113/017_CNV.tif,CNV-113,val,CNV,cnv,OS,.tif,0.0003901278250850737
CNV/113/018_CNV.tif,CNV-113,val,CNV,cnv,OS,.tif,0.0003116191946901381
CNV/113/019_Drusen.tif,CNV-113,val,CNV,drusen,OS,.tif,0.0003314313944429159
CNV/113/020_Drusen.tif,CNV-113,val,CNV,drusen,OS,.tif,0.00024278352793771774
CNV/113/021_Drusen.tif,CNV-113,val,CNV,drusen,OS,.tif,0.0004721311270259321
CNV/113/022_Drusen.tif,CNV-113,val,CNV,drusen,OS,.tif,0.00032553274650126696
CNV/113/023_Drusen.tif,CNV-113,val,CNV,drusen,OS,.tif,0.0002702365745790303
CNV/113/024_Drusen.tif,CNV-113,val,CNV,drusen,OS,.tif,0.0002942967403214425
CNV/113/025_Drusen.tif,CNV-113,val,CNV,drusen,OS,.tif,0.00022470734256785363
CNV/113/026_Drusen.tif,CNV-113,val,CNV,drusen,OS,.tif,0.000308401882648468
CNV/113/027_Drusen.tif,CNV-113,val,CNV,drusen,OS,.tif,0.00029954907950013876
CNV/113/028_Drusen.tif,CNV-113,val,CNV,drusen,OS,.tif,0.00028283739811740816
CNV/113/029_Drusen.tif,CNV-113,val,CNV,drusen,OS,.tif,0.00027355202473700047
CNV/113/030_Drusen.tif,CNV-113,val,CNV,drusen,OS,.tif,0.0002514830557629466
CNV/115/000_Normal.tif,CNV-115,val,CNV,normal,OD,.tif,0.00021759921219199896
CNV/115/001_Normal.tif,CNV-115,val,CNV,normal,OD,.tif,0.00017965398728847504
CNV/115/002_Normal.tif,CNV-115,val,CNV,normal,OD,.tif,0.00021501041192095727
CNV/115/003_Normal.tif,CNV-115,val,CNV,normal,OD,.tif,0.00022358277055900544
CNV/115/004_Normal.tif,CNV-115,val,CNV,normal,OD,.tif,0.00035673525417223573
CNV/115/005_Normal.tif,CNV-115,val,CNV,normal,OD,.tif,0.0002837310894392431
CNV/115/006_Normal.tif,CNV-115,val,CNV,normal,OD,.tif,0.00035994252539239824
CNV/115/007_Normal.tif,CNV-115,val,CNV,normal,OD,.tif,0.00035970675526186824
CNV/115/008_Normal.tif,CNV-115,val,CNV,normal,OD,.tif,0.00027624511858448386
CNV/115/009_Normal.tif,CNV-115,val,CNV,normal,OD,.tif,0.00024812319315969944
CNV/115/010_Normal.tif,CNV-115,val,CNV,normal,OD,.tif,0.00023509979655500501
CNV/115/011_Normal.tif,CNV-115,val,CNV,normal,OD,.tif,0.0003351194900460541
CNV/115/012_CNV.tif,CNV-115,val,CNV,cnv,OD,.tif,0.0003385616873856634
CNV/115/013_CNV.tif,CNV-115,val,CNV,cnv,OD,.tif,0.0002968907938338816
CNV/115/014_CNV.tif,CNV-115,val,CNV,cnv,OD,.tif,0.000491919694468379
CNV/115/015_CNV.tif,CNV-115,val,CNV,cnv,OD,.tif,0.0004083935054950416
CNV/115/016_CNV.tif,CNV-115,val,CNV,cnv,OD,.tif,0.0002938839315902442
CNV/115/017_CNV.tif,CNV-115,val,CNV,cnv,OD,.tif,0.0004341481253504753
CNV/115/018_CNV.tif,CNV-115,val,CNV,cnv,OD,.tif,0.00030647474341094494
CNV/115/019_CNV.tif,CNV-115,val,CNV,cnv,OD,.tif,0.0002630986273288727
CNV/115/020_Normal.tif,CNV-115,val,CNV,normal,OD,.tif,0.0003081886097788811
CNV/115/021_Normal.tif,CNV-115,val,CNV,normal,OD,.tif,0.00023455804330296814
CNV/115/022_Normal.tif,CNV-115,val,CNV,normal,OD,.tif,0.0002200833841925487
CNV/115/023_Normal.tif,CNV-115,val,CNV,normal,OD,.tif,0.0002791558508761227
CNV/115/024_Normal.tif,CNV-115,val,CNV,normal,OD,.tif,0.00024291122099384665
CNV/115/025_Normal.tif,CNV-115,val,CNV,normal,OD,.tif,0.00024326010316144675
CNV/115/026_Normal.tif,CNV-115,val,CNV,normal,OD,.tif,0.0004061324871145189
CNV/115/027_Normal.tif,CNV-115,val,CNV,normal,OD,.tif,0.0003113662824034691
CNV/115/028_Normal.tif,CNV-115,val,CNV,normal,OD,.tif,0.00021524837939068675
CNV/115/029_Drusen.tif,CNV-115,val,CNV,drusen,OD,.tif,0.0002240440371679142
CNV/115/030_Normal.tif,CNV-115,val,CNV,normal,OD,.tif,0.0003151518467348069
CNV/116/000_Drusen.tif,CNV-116,val,CNV,drusen,OD,.tif,0.00023923959815874696
CNV/116/001_Drusen.tif,CNV-116,val,CNV,drusen,OD,.tif,0.000263535650447011
CNV/116/002_Drusen.tif,CNV-116,val,CNV,drusen,OD,.tif,0.0003591935965232551
CNV/116/003_Drusen.tif,CNV-116,val,CNV,drusen,OD,.tif,0.00024376325018238276
CNV/116/004_Drusen.tif,CNV-116,val,CNV,drusen,OD,.tif,0.00022663833806291223
CNV/116/005_CNV.tif,CNV-116,val,CNV,cnv,OD,.tif,0.0002713387366384268
CNV/116/006_CNV.tif,CNV-116,val,CNV,cnv,OD,.tif,0.0002953537041321397
CNV/116/007_CNV.tif,CNV-116,val,CNV,cnv,OD,.tif,0.0002819357323460281
CNV/116/008_CNV.tif,CNV-116,val,CNV,cnv,OD,.tif,0.0003596674359869212
CNV/116/009_CNV.tif,CNV-116,val,CNV,cnv,OD,.tif,0.0003619964700192213
CNV/116/010_CNV.tif,CNV-116,val,CNV,cnv,OD,.tif,0.0004748114733956754
CNV/116/011_CNV.tif,CNV-116,val,CNV,cnv,OD,.tif,0.00035879091592505574
CNV/116/012_CNV.tif,CNV-116,val,CNV,cnv,OD,.tif,0.0003308448358438909
CNV/116/013_CNV.tif,CNV-116,val,CNV,cnv,OD,.tif,0.0002868486917577684
CNV/116/014_CNV.tif,CNV-116,val,CNV,cnv,OD,.tif,0.0002152259403374046
CNV/116/015_CNV.tif,CNV-116,val,CNV,cnv,OD,.tif,0.0002649789967108518
CNV/116/016_CNV.tif,CNV-116,val,CNV,cnv,OD,.tif,0.0003240907099097967
CNV/116/017_CNV.tif,CNV-116,val,CNV,cnv,OD,.tif,0.000285236252238974
CNV/116/018_CNV.tif,CNV-116,val,CNV,cnv,OD,.tif,0.00023711228277534246
CNV/116/019_CNV.tif,CNV-116,val,CNV,cnv,OD,.tif,0.0002585292677395046
CNV/116/020_CNV.tif,CNV-116,val,CNV,cnv,OD,.tif,0.00021438859403133392
CNV/116/021_CNV.tif,CNV-116,val,CNV,cnv,OD,.tif,0.00021259934874251485
CNV/116/022_CNV.tif,CNV-116,val,CNV,cnv,OD,.tif,0.00045091615174897015
CNV/116/023_CNV.tif,CNV-116,val,CNV,cnv,OD,.tif,0.0005154637037776411
CNV/116/024_Drusen.tif,CNV-116,val,CNV,drusen,OD,.tif,0.0004869888362009078
CNV/116/025_Drusen.tif,CNV-116,val,CNV,drusen,OD,.tif,0.0002962794678751379
CNV/116/026_Drusen.tif,CNV-116,val,CNV,drusen,OD,.tif,0.00026960723334923387
CNV/116/027_Drusen.tif,CNV-116,val,CNV,drusen,OD,.tif,0.00033402082044631243
CNV/116/028_Drusen.tif,CNV-116,val,CNV,drusen,OD,.tif,0.00031242604018189013
CNV/116/029_Drusen.tif,CNV-116,val,CNV,drusen,OD,.tif,0.00026932323817163706
CNV/116/030_Drusen.tif,CNV-116,val,CNV,drusen,OD,.tif,0.0003481029998511076
CNV/120/000_CNV.tif,CNV-120,val,CNV,cnv,OS,.tif,0.00026432637241669
CNV/120/001_CNV.tif,CNV-120,val,CNV,cnv,OS,.tif,0.00030242890352383256
CNV/120/002_CNV.tif,CNV-120,val,CNV,cnv,OS,.tif,0.00023837658227421343
CNV/120/003_CNV.tif,CNV-120,val,CNV,cnv,OS,.tif,0.0002070104528684169
CNV/120/004_CNV.tif,CNV-120,val,CNV,cnv,OS,.tif,0.00028171419398859143
CNV/120/005_CNV.tif,CNV-120,val,CNV,cnv,OS,.tif,0.0004325839690864086
CNV/120/006_CNV.tif,CNV-120,val,CNV,cnv,OS,.tif,0.00023648873320780694
CNV/120/007_CNV.tif,CNV-120,val,CNV,cnv,OS,.tif,0.00024376835790462792
CNV/120/008_CNV.tif,CNV-120,val,CNV,cnv,OS,.tif,0.00020893188775517046
CNV/120/009_CNV.tif,CNV-120,val,CNV,cnv,OS,.tif,0.0002483482821844518
CNV/120/010_CNV.tif,CNV-120,val,CNV,cnv,OS,.tif,0.0003602426440920681
CNV/120/011_CNV.tif,CNV-120,val,CNV,cnv,OS,.tif,0.0004127009306102991
CNV/120/012_CNV.tif,CNV-120,val,CNV,cnv,OS,.tif,0.00034458976006135345
CNV/120/013_CNV.tif,CNV-120,val,CNV,cnv,OS,.tif,0.00040317809907719493
CNV/120/014_CNV.tif,CNV-120,val,CNV,cnv,OS,.tif,0.00035361797199584544
CNV/120/015_CNV.tif,CNV-120,val,CNV,cnv,OS,.tif,0.0003806701861321926
CNV/120/016_CNV.tif,CNV-120,val,CNV,cnv,OS,.tif,0.00040872953832149506
CNV/120/017_CNV.tif,CNV-120,val,CNV,cnv,OS,.tif,0.0003450316726230085
CNV/120/018_CNV.tif,CNV-120,val,CNV,cnv,OS,.tif,0.0003564518119674176
CNV/120/019_CNV.tif,CNV-120,val,CNV,cnv,OS,.tif,0.00034975670860148966
CNV/120/020_CNV.tif,CNV-120,val,CNV,cnv,OS,.tif,0.000282908120425418
CNV/120/021_CNV.tif,CNV-120,val,CNV,cnv,OS,.tif,0.000343342951964587
CNV/120/022_CNV.tif,CNV-120,val,CNV,cnv,OS,.tif,0.00039381469832733274
CNV/120/023_CNV.tif,CNV-120,val,CNV,cnv,OS,.tif,0.00034037051955237985
CNV/120/024_CNV.tif,CNV-120,val,CNV,cnv,OS,.tif,0.0003544903302099556
CNV/122/000_NOrmal.tif,CNV-122,val,CNV,normal,OD,.tif,0.0003477388236206025
CNV/122/001_NOrmal.tif,CNV-122,val,CNV,normal,OD,.tif,0.0002824077964760363
CNV/122/002_NOrmal.tif,CNV-122,val,CNV,normal,OD,.tif,0.0004420098557602614
CNV/122/003_NOrmal.tif,CNV-122,val,CNV,normal,OD,.tif,0.0003038665745407343
CNV/122/004_NOrmal.tif,CNV-122,val,CNV,normal,OD,.tif,0.00020565168233588338
CNV/122/005_NOrmal.tif,CNV-122,val,CNV,normal,OD,.tif,0.0003031827218364924
CNV/122/006_NOrmal.tif,CNV-122,val,CNV,normal,OD,.tif,0.00034853233955800533
CNV/122/007_NOrmal.tif,CNV-122,val,CNV,normal,OD,.tif,0.0002066406887024641
CNV/122/008_NOrmal.tif,CNV-122,val,CNV,normal,OD,.tif,0.00020034679619129747
CNV/122/009_NOrmal.tif,CNV-122,val,CNV,normal,OD,.tif,0.0002002805849770084
CNV/122/010_NOrmal.tif,CNV-122,val,CNV,normal,OD,.tif,0.0003035220433957875
CNV/122/011_Drusen.tif,CNV-122,val,CNV,drusen,OD,.tif,0.0003337426751386374
CNV/122/012_CNV.tif,CNV-122,val,CNV,cnv,OD,.tif,0.00030309142312034965
CNV/122/013_CNV.tif,CNV-122,val,CNV,cnv,OD,.tif,0.0005402684328146279
CNV/122/014_CNV.tif,CNV-122,val,CNV,cnv,OD,.tif,0.0003910248342435807
CNV/122/015_CNV.tif,CNV-122,val,CNV,cnv,OD,.tif,0.00034265167778357863
CNV/122/016_CNV.tif,CNV-122,val,CNV,cnv,OD,.tif,0.00026421842630952597
CNV/122/017_CNV.tif,CNV-122,val,CNV,cnv,OD,.tif,0.0002326946414541453
CNV/122/018_CNV.tif,CNV-122,val,CNV,cnv,OD,.tif,0.00019506634271238
CNV/122/019_NOrmal.tif,CNV-122,val,CNV,normal,OD,.tif,0.0001833775022532791
CNV/122/020_NOrmal.tif,CNV-122,val,CNV,normal,OD,.tif,0.0002951234928332269
CNV/122/021_NOrmal.tif,CNV-122,val,CNV,normal,OD,.tif,0.00037127977702766657
CNV/122/022_NOrmal.tif,CNV-122,val,CNV,normal,OD,.tif,0.0003256141790188849
CNV/122/023_NOrmal.tif,CNV-122,val,CNV,normal,OD,.tif,0.00042724559898488224
CNV/122/024_NOrmal.tif,CNV-122,val,CNV,normal,OD,.tif,0.0003965478390455246
CNV/122/025_NOrmal.tif,CNV-122,val,CNV,normal,OD,.tif,0.00033475918462499976
CNV/122/026_NOrmal.tif,CNV-122,val,CNV,normal,OD,.tif,0.00028599757933989167
CNV/122/027_NOrmal.tif,CNV-122,val,CNV,normal,OD,.tif,0.0002710704575292766
CNV/122/028_NOrmal.tif,CNV-122,val,CNV,normal,OD,.tif,0.000337923236656934
CNV/122/029_NOrmal.tif,CNV-122,val,CNV,normal,OD,.tif,0.00022145791444927454
CNV/122/030_NOrmal.tif,CNV-122,val,CNV,normal,OD,.tif,0.0004390676040202379
CNV/127/000_CNV.tif,CNV-127,val,CNV,cnv,OD,.tif,0.00032535582431592047
CNV/127/001_CNV.tif,CNV-127,val,CNV,cnv,OD,.tif,0.00030757885542698205
CNV/127/002_CNV.tif,CNV-127,val,CNV,cnv,OD,.tif,0.0002564251481089741
CNV/127/003_CNV.tif,CNV-127,val,CNV,cnv,OD,.tif,0.0002930425980594009
CNV/127/004_CNV.tif,CNV-127,val,CNV,cnv,OD,.tif,0.00037292635533958673
CNV/127/005_CNV.tif,CNV-127,val,CNV,cnv,OD,.tif,0.0003450241929385811
CNV/127/006_CNV.tif,CNV-127,val,CNV,cnv,OD,.tif,0.0002895145444199443
CNV/127/007_CNV.tif,CNV-127,val,CNV,cnv,OD,.tif,0.0003372991341166198
CNV/127/008_CNV.tif,CNV-127,val,CNV,cnv,OD,.tif,0.00039981771260499954
CNV/127/009_CNV.tif,CNV-127,val,CNV,cnv,OD,.tif,0.00032675298280082643
CNV/127/010_CNV.tif,CNV-127,val,CNV,cnv,OD,.tif,0.0005267834640108049
CNV/127/011_CNV.tif,CNV-127,val,CNV,cnv,OD,.tif,0.0003987750969827175
CNV/127/012_CNV.tif,CNV-127,val,CNV,cnv,OD,.tif,0.00029111653566360474
CNV/127/013_CNV.tif,CNV-127,val,CNV,cnv,OD,.tif,0.0003205249668098986
CNV/127/014_CNV.tif,CNV-127,val,CNV,cnv,OD,.tif,0.0006163888610899448
CNV/127/015_CNV.tif,CNV-127,val,CNV,cnv,OD,.tif,0.0005665714852511883
CNV/127/016_CNV.tif,CNV-127,val,CNV,cnv,OD,.tif,0.0005240151076577604
CNV/127/017_CNV.tif,CNV-127,val,CNV,cnv,OD,.tif,0.0005589415086433291
CNV/127/018_CNV.tif,CNV-127,val,CNV,cnv,OD,.tif,0.0005377698107622564
CNV/127/019_CNV.tif,CNV-127,val,CNV,cnv,OD,.tif,0.00042200880125164986
CNV/127/020_CNV.tif,CNV-127,val,CNV,cnv,OD,.tif,0.0002254575229017064
CNV/127/021_CNV.tif,CNV-127,val,CNV,cnv,OD,.tif,0.00024941808078438044
CNV/127/022_CNV.tif,CNV-127,val,CNV,cnv,OD,.tif,0.00024250504793599248
CNV/127/023_CNV.tif,CNV-127,val,CNV,cnv,OD,.tif,0.0002335699973627925
CNV/127/024_CNV.tif,CNV-127,val,CNV,cnv,OD,.tif,0.0002384164254181087
CNV/127/025_CNV.tif,CNV-127,val,CNV,cnv,OD,.tif,0.0002860317472368479
CNV/127/026_CNV.tif,CNV-127,val,CNV,cnv,OD,.tif,0.0003721074899658561
CNV/127/027_CNV.tif,CNV-127,val,CNV,cnv,OD,.tif,0.0002989333006553352
CNV/127/028_CNV.tif,CNV-127,val,CNV,cnv,OD,.tif,0.00025387745699845254
CNV/127/029_CNV.tif,CNV-127,val,CNV,cnv,OD,.tif,0.00025244077551178634
CNV/127/030_CNV.tif,CNV-127,val,CNV,cnv,OD,.tif,0.00023838289780542254
CNV/128/000_Normal.tif,CNV-128,val,CNV,normal,OS,.tif,0.000295519654173404
CNV/128/001_Normal.tif,CNV-128,val,CNV,normal,OS,.tif,0.00030531155061908066
CNV/128/002_Normal.tif,CNV-128,val,CNV,normal,OS,.tif,0.0004604840651154518
CNV/128/003_Drusen.tif,CNV-128,val,CNV,drusen,OS,.tif,0.0005641335155814886
CNV/128/004_Drusen.tif,CNV-128,val,CNV,drusen,OS,.tif,0.00040015607373788953
CNV/128/005_Drusen.tif,CNV-128,val,CNV,drusen,OS,.tif,0.00037459610030055046
CNV/128/006_Drusen.tif,CNV-128,val,CNV,drusen,OS,.tif,0.00036133042885921896
CNV/128/007_Drusen.tif,CNV-128,val,CNV,drusen,OS,.tif,0.0003178141196258366
CNV/128/008_CNV.tif,CNV-128,val,CNV,cnv,OS,.tif,0.0003313806955702603
CNV/128/009_CNV.tif,CNV-128,val,CNV,cnv,OS,.tif,0.00030082144076004624
CNV/128/010_CNV.tif,CNV-128,val,CNV,cnv,OS,.tif,0.0002078896068269387
CNV/128/011_CNV.tif,CNV-128,val,CNV,cnv,OS,.tif,0.0003833792288787663
CNV/128/012_CNV.tif,CNV-128,val,CNV,cnv,OS,.tif,0.00034137151669710875
CNV/128/013_CNV.tif,CNV-128,val,CNV,cnv,OS,.tif,0.000567877315916121
CNV/128/014_CNV.tif,CNV-128,val,CNV,cnv,OS,.tif,0.00022565799008589238
CNV/128/015_CNV.tif,CNV-128,val,CNV,cnv,OS,.tif,0.00037489444366656244
CNV/128/016_CNV.tif,CNV-128,val,CNV,cnv,OS,.tif,0.0003806316526606679
CNV/128/017_CNV.tif,CNV-128,val,CNV,cnv,OS,.tif,0.0003943365882150829
CNV/128/018_CNV.tif,CNV-128,val,CNV,cnv,OS,.tif,0.00040034553967416286
CNV/128/019_CNV.tif,CNV-128,val,CNV,cnv,OS,.tif,0.00044379482278600335
CNV/128/020_CNV.tif,CNV-128,val,CNV,cnv,OS,.tif,0.0005089965416118503
CNV/128/021_CNV.tif,CNV-128,val,CNV,cnv,OS,.tif,0.0003269077278673649
CNV/128/022_CNV.tif,CNV-128,val,CNV,cnv,OS,.tif,0.0005104769370518625
CNV/128/023_CNV.tif,CNV-128,val,CNV,cnv,OS,.tif,0.0003787741297855973
CNV/128/024_CNV.tif,CNV-128,val,CNV,cnv,OS,.tif,0.00027984357438981533
CNV/128/025_CNV.tif,CNV-128,val,CNV,cnv,OS,.tif,0.0004037919861730188
CNV/128/026_CNV.tif,CNV-128,val,CNV,cnv,OS,.tif,0.00030819757375866175
CNV/128/027_CNV.tif,CNV-128,val,CNV,cnv,OS,.tif,0.00028879111050628126
CNV/128/028_CNV.tif,CNV-128,val,CNV,cnv,OS,.tif,0.000257384090218693
CNV/128/029_CNV.tif,CNV-128,val,CNV,cnv,OS,.tif,0.00028418589499779046
CNV/128/030_CNV.tif,CNV-128,val,CNV,cnv,OS,.tif,0.00016930914716795087
CNV/129/000_CNV.tif,CNV-129,val,CNV,cnv,OD,.tif,0.00026218604762107134
CNV/129/001_CNV.tif,CNV-129,val,CNV,cnv,OD,.tif,0.00027019670233130455
CNV/129/002_CNV.tif,CNV-129,val,CNV,cnv,OD,.tif,0.000320134568028152
CNV/129/003_CNV.tif,CNV-129,val,CNV,cnv,OD,.tif,0.00020268355729058385
CNV/129/004_CNV.tif,CNV-129,val,CNV,cnv,OD,.tif,0.00019658872042782605
CNV/129/005_CNV.tif,CNV-129,val,CNV,cnv,OD,.tif,0.0001917497138492763
CNV/129/006_CNV.tif,CNV-129,val,CNV,cnv,OD,.tif,0.0003550257533788681
CNV/129/007_CNV.tif,CNV-129,val,CNV,cnv,OD,.tif,0.00021270969591569155
CNV/129/008_CNV.tif,CNV-129,val,CNV,cnv,OD,.tif,0.00022213248303160071
CNV/129/009_CNV.tif,CNV-129,val,CNV,cnv,OD,.tif,0.0001922518713399768
CNV/129/010_CNV.tif,CNV-129,val,CNV,cnv,OD,.tif,0.00034778256667777896
CNV/129/011_CNV.tif,CNV-129,val,CNV,cnv,OD,.tif,0.0002223475748905912
CNV/129/012_CNV.tif,CNV-129,val,CNV,cnv,OD,.tif,0.00022867813822813332
CNV/129/013_CNV.tif,CNV-129,val,CNV,cnv,OD,.tif,0.0003502315375953913
CNV/129/014_CNV.tif,CNV-129,val,CNV,cnv,OD,.tif,0.00026211305521428585
CNV/129/015_CNV.tif,CNV-129,val,CNV,cnv,OD,.tif,0.00030141178285703063
CNV/129/016_CNV.tif,CNV-129,val,CNV,cnv,OD,.tif,0.00024364171258639544
CNV/129/017_CNV.tif,CNV-129,val,CNV,cnv,OD,.tif,0.0002795890031848103
CNV/129/018_CNV.tif,CNV-129,val,CNV,cnv,OD,.tif,0.0002559248241595924
CNV/129/019_CNV.tif,CNV-129,val,CNV,cnv,OD,.tif,0.00022096792235970497
CNV/129/020_CNV.tif,CNV-129,val,CNV,cnv,OD,.tif,0.0002400832308921963
CNV/129/021_CNV.tif,CNV-129,val,CNV,cnv,OD,.tif,0.00023927079746499658
CNV/129/022_CNV.tif,CNV-129,val,CNV,cnv,OD,.tif,0.00023569396580569446
CNV/129/023_CNV.tif,CNV-129,val,CNV,cnv,OD,.tif,0.00024041338474489748
CNV/129/024_CNV.tif,CNV-129,val,CNV,cnv,OD,.tif,0.00024559517623856664
CNV/129/025_CNV.tif,CNV-129,val,CNV,cnv,OD,.tif,0.00024944229517132044
CNV/129/026_CNV.tif,CNV-129,val,CNV,cnv,OD,.tif,0.000506602053064853
CNV/129/027_CNV.tif,CNV-129,val,CNV,cnv,OD,.tif,0.0002454255009070039
CNV/129/028_CNV.tif,CNV-129,val,CNV,cnv,OD,.tif,0.00041952735045924783
CNV/129/029_CNV.tif,CNV-129,val,CNV,cnv,OD,.tif,0.0003960750764235854
CNV/129/030_CNV.tif,CNV-129,val,CNV,cnv,OD,.tif,0.0002875257923733443
CNV/130/000_Drusen.tif,CNV-130,val,CNV,drusen,OS,.tif,0.0003040277224499732
CNV/130/001_Drusen.tif,CNV-130,val,CNV,drusen,OS,.tif,0.00021957888384349644
CNV/130/002_Drusen.tif,CNV-130,val,CNV,drusen,OS,.tif,0.0003351019404362887
CNV/130/003_CNV.tif,CNV-130,val,CNV,cnv,OS,.tif,0.00023558741668239236
CNV/130/004_CNV.tif,CNV-130,val,CNV,cnv,OS,.tif,0.000336060649715364
CNV/130/005_CNV.tif,CNV-130,val,CNV,cnv,OS,.tif,0.00037273712223395705
CNV/130/006_CNV.tif,CNV-130,val,CNV,cnv,OS,.tif,0.0003463404718786478
CNV/130/007_CNV.tif,CNV-130,val,CNV,cnv,OS,.tif,0.000397476862417534
CNV/130/008_CNV.tif,CNV-130,val,CNV,cnv,OS,.tif,0.0005962095456197858
CNV/130/009_CNV.tif,CNV-130,val,CNV,cnv,OS,.tif,0.0005090025952085853
CNV/130/010_CNV.tif,CNV-130,val,CNV,cnv,OS,.tif,0.0006148339016363025
CNV/130/011_CNV.tif,CNV-130,val,CNV,cnv,OS,.tif,0.00022481507039628923
CNV/130/012_CNV.tif,CNV-130,val,CNV,cnv,OS,.tif,0.0003299457021057606
CNV/130/013_CNV.tif,CNV-130,val,CNV,cnv,OS,.tif,0.00044599975808523595
CNV/130/014_CNV.tif,CNV-130,val,CNV,cnv,OS,.tif,0.0002626111381687224
CNV/130/015_CNV.tif,CNV-130,val,CNV,cnv,OS,.tif,0.0004357675788924098
CNV/130/016_CNV.tif,CNV-130,val,CNV,cnv,OS,.tif,0.000655392010230571
CNV/130/017_CNV.tif,CNV-130,val,CNV,cnv,OS,.tif,0.0003207949339412153
CNV/130/018_CNV.tif,CNV-130,val,CNV,cnv,OS,.tif,0.00047160813119262457
CNV/130/019_CNV.tif,CNV-130,val,CNV,cnv,OS,.tif,0.0008340759668499231
CNV/130/020_CNV.tif,CNV-130,val,CNV,cnv,OS,.tif,0.00032304212800227106
CNV/130/021_CNV.tif,CNV-130,val,CNV,cnv,OS,.tif,0.00044599699322134256
CNV/130/022_CNV.tif,CNV-130,val,CNV,cnv,OS,.tif,0.00032483349787071347
CNV/130/023_CNV.tif,CNV-130,val,CNV,cnv,OS,.tif,0.000306003843434155
CNV/130/024_CNV.tif,CNV-130,val,CNV,cnv,OS,.tif,0.000331374176312238
CNV/130/025_CNV.tif,CNV-130,val,CNV,cnv,OS,.tif,0.00019411089306231588
CNV/130/026_CNV.tif,CNV-130,val,CNV,cnv,OS,.tif,0.00021324542467482388
CNV/130/027_CNV.tif,CNV-130,val,CNV,cnv,OS,.tif,0.00021922492305748165
CNV/130/028_CNV.tif,CNV-130,val,CNV,cnv,OS,.tif,0.00024015526287257671
CNV/130/029_CNV.tif,CNV-130,val,CNV,cnv,OS,.tif,0.00018518039723858237
CNV/131/000_CNV.tif,CNV-131,val,CNV,cnv,OS,.tif,0.0004015990998595953
CNV/131/001_CNV.tif,CNV-131,val,CNV,cnv,OS,.tif,0.0004856703744735569
CNV/131/002_CNV.tif,CNV-131,val,CNV,cnv,OS,.tif,0.0006236781482584774
CNV/131/003_CNV.tif,CNV-131,val,CNV,cnv,OS,.tif,0.0005263982457108796
CNV/131/004_CNV.tif,CNV-131,val,CNV,cnv,OS,.tif,0.0003046526398975402
CNV/131/005_CNV.tif,CNV-131,val,CNV,cnv,OS,.tif,0.00039598497096449137
CNV/131/006_CNV.tif,CNV-131,val,CNV,cnv,OS,.tif,0.0003454496036283672
CNV/131/007_CNV.tif,CNV-131,val,CNV,cnv,OS,.tif,0.0003862788435071707
CNV/131/008_CNV.tif,CNV-131,val,CNV,cnv,OS,.tif,0.0003718237276189029
CNV/131/009_CNV.tif,CNV-131,val,CNV,cnv,OS,.tif,0.0003691966412588954
CNV/131/010_CNV.tif,CNV-131,val,CNV,cnv,OS,.tif,0.00039265534724108875
CNV/131/011_CNV.tif,CNV-131,val,CNV,cnv,OS,.tif,0.0005229483940638602
CNV/131/012_CNV.tif,CNV-131,val,CNV,cnv,OS,.tif,0.0005795560427941382
CNV/131/013_CNV.tif,CNV-131,val,CNV,cnv,OS,.tif,0.000614008167758584
CNV/131/014_CNV.tif,CNV-131,val,CNV,cnv,OS,.tif,0.0005162865272723138
CNV/131/015_CNV.tif,CNV-131,val,CNV,cnv,OS,.tif,0.0005405247211456299
CNV/131/016_CNV.tif,CNV-131,val,CNV,cnv,OS,.tif,0.0004393997078295797
CNV/131/017_CNV.tif,CNV-131,val,CNV,cnv,OS,.tif,0.0004008793330285698
CNV/131/018_CNV.tif,CNV-131,val,CNV,cnv,OS,.tif,0.000549965538084507
CNV/131/019_CNV.tif,CNV-131,val,CNV,cnv,OS,.tif,0.00048609240911900997
CNV/131/020_CNV.tif,CNV-131,val,CNV,cnv,OS,.tif,0.0006356507074087858
CNV/131/021_CNV.tif,CNV-131,val,CNV,cnv,OS,.tif,0.0009202150395140052
CNV/131/022_CNV.tif,CNV-131,val,CNV,cnv,OS,.tif,0.0005626113270409405
CNV/131/023_CNV.tif,CNV-131,val,CNV,cnv,OS,.tif,0.0004859516047872603
CNV/131/024_CNV.tif,CNV-131,val,CNV,cnv,OS,.tif,0.0004000812186859548
CNV/131/025_CNV.tif,CNV-131,val,CNV,cnv,OS,.tif,0.0005615919944830239
CNV/131/026_CNV.tif,CNV-131,val,CNV,cnv,OS,.tif,0.00047794944839552045
CNV/131/027_CNV.tif,CNV-131,val,CNV,cnv,OS,.tif,0.00046721281250938773
CNV/131/028_CNV.tif,CNV-131,val,CNV,cnv,OS,.tif,0.00034630473237484694
CNV/131/029_CNV.tif,CNV-131,val,CNV,cnv,OS,.tif,0.0005513068754225969
CNV/131/030_CNV.tif,CNV-131,val,CNV,cnv,OS,.tif,0.0005666752113029361
CNV/150/000_Drusen.tif,CNV-150,val,CNV,drusen,OS,.tif,0.0003800361300818622
CNV/150/001_Drusen.tif,CNV-150,val,CNV,drusen,OS,.tif,0.00041080021765083075
CNV/150/002_Drusen.tif,CNV-150,val,CNV,drusen,OS,.tif,0.00034490448888391256
CNV/150/003_Drusen.tif,CNV-150,val,CNV,drusen,OS,.tif,0.00023112614871934056
CNV/150/004_Drusen.tif,CNV-150,val,CNV,drusen,OS,.tif,0.0002587151830084622
CNV/150/005_Drusen.tif,CNV-150,val,CNV,drusen,OS,.tif,0.0002979985438287258
CNV/150/006_CNV.tif,CNV-150,val,CNV,cnv,OS,.tif,0.00034017357393167913
CNV/150/007_CNV.tif,CNV-150,val,CNV,cnv,OS,.tif,0.00031878839945420623
CNV/150/008_CNV.tif,CNV-150,val,CNV,cnv,OS,.tif,0.0002260709006804973
CNV/150/009_CNV.tif,CNV-150,val,CNV,cnv,OS,.tif,0.00039299321360886097
CNV/150/010_CNV.tif,CNV-150,val,CNV,cnv,OS,.tif,0.00047522783279418945
CNV/150/011_CNV.tif,CNV-150,val,CNV,cnv,OS,.tif,0.0007768204668536782
CNV/150/012_CNV.tif,CNV-150,val,CNV,cnv,OS,.tif,0.0003925575001630932
CNV/150/013_CNV.tif,CNV-150,val,CNV,cnv,OS,.tif,0.0005542467697523534
CNV/150/014_CNV.tif,CNV-150,val,CNV,cnv,OS,.tif,0.0004728755448013544
CNV/150/015_CNV.tif,CNV-150,val,CNV,cnv,OS,.tif,0.0004985348787158728
CNV/150/016_CNV.tif,CNV-150,val,CNV,cnv,OS,.tif,0.0005120012210682034
CNV/150/017_CNV.tif,CNV-150,val,CNV,cnv,OS,.tif,0.0004095011972822249
CNV/150/018_CNV.tif,CNV-150,val,CNV,cnv,OS,.tif,0.0006229809368960559
CNV/150/019_CNV.tif,CNV-150,val,CNV,cnv,OS,.tif,0.0005317673785611987
CNV/150/020_CNV.tif,CNV-150,val,CNV,cnv,OS,.tif,0.0003398515109438449
CNV/150/021_Drusen.tif,CNV-150,val,CNV,drusen,OS,.tif,0.00024120438320096582
CNV/150/022_Drusen.tif,CNV-150,val,CNV,drusen,OS,.tif,0.00019827322103083134
CNV/150/023_Drusen.tif,CNV-150,val,CNV,drusen,OS,.tif,0.0002045989822363481
CNV/150/024_Drusen.tif,CNV-150,val,CNV,drusen,OS,.tif,0.00020536968077067286
CNV/150/025_Drusen.tif,CNV-150,val,CNV,drusen,OS,.tif,0.00020900586969219148
CNV/150/026_Drusen.tif,CNV-150,val,CNV,drusen,OS,.tif,0.00025083066429942846
CNV/150/027_Drusen.tif,CNV-150,val,CNV,drusen,OS,.tif,0.00022534433810506016
CNV/150/028_Drusen.tif,CNV-150,val,CNV,drusen,OS,.tif,0.00039181276224553585
CNV/150/029_Drusen.tif,CNV-150,val,CNV,drusen,OS,.tif,0.00028403091710060835
CNV/150/030_Drusen.tif,CNV-150,val,CNV,drusen,OS,.tif,0.00028632604517042637
CNV/151/000_Drusen.tif,CNV-151,val,CNV,drusen,OD,.tif,0.00017058441881090403
CNV/151/001_Drusen.tif,CNV-151,val,CNV,drusen,OD,.tif,0.0002332855947315693
CNV/151/002_Drusen.tif,CNV-151,val,CNV,drusen,OD,.tif,0.00028857513098046184
CNV/151/003_Drusen.tif,CNV-151,val,CNV,drusen,OD,.tif,0.00024371416657231748
CNV/151/004_Drusen.tif,CNV-151,val,CNV,drusen,OD,.tif,0.00021658213518094271
CNV/151/005_Normal.tif,CNV-151,val,CNV,normal,OD,.tif,0.00038057751953601837
CNV/151/006_Normal.tif,CNV-151,val,CNV,normal,OD,.tif,0.00031124247470870614
CNV/151/007_CNV.tif,CNV-151,val,CNV,cnv,OD,.tif,0.00024034579109866172
CNV/151/008_CNV.tif,CNV-151,val,CNV,cnv,OD,.tif,0.00038984447019174695
CNV/151/009_CNV.tif,CNV-151,val,CNV,cnv,OD,.tif,0.0003830695350188762
CNV/151/010_CNV.tif,CNV-151,val,CNV,cnv,OD,.tif,0.000330801063682884
CNV/151/011_CNV.tif,CNV-151,val,CNV,cnv,OD,.tif,0.0004922450752928853
CNV/151/012_CNV.tif,CNV-151,val,CNV,cnv,OD,.tif,0.00030238035833463073
CNV/151/013_CNV.tif,CNV-151,val,CNV,cnv,OD,.tif,0.0005285377847030759
CNV/151/014_CNV.tif,CNV-151,val,CNV,cnv,OD,.tif,0.0003600041090976447
CNV/151/015_CNV.tif,CNV-151,val,CNV,cnv,OD,.tif,0.0003155963495373726
CNV/151/016_CNV.tif,CNV-151,val,CNV,cnv,OD,.tif,0.0004178849922027439
CNV/151/017_CNV.tif,CNV-151,val,CNV,cnv,OD,.tif,0.0003809744375757873
CNV/151/018_CNV.tif,CNV-151,val,CNV,cnv,OD,.tif,0.00030680751660838723
CNV/151/019_CNV.tif,CNV-151,val,CNV,cnv,OD,.tif,0.0005847975262440741
CNV/151/020_CNV.tif,CNV-151,val,CNV,cnv,OD,.tif,0.0003148638643324375
CNV/151/021_CNV.tif,CNV-151,val,CNV,cnv,OD,.tif,0.0003093380364589393
CNV/151/022_CNV.tif,CNV-151,val,CNV,cnv,OD,.tif,0.00030490278732031584
CNV/151/023_CNV.tif,CNV-151,val,CNV,cnv,OD,.tif,0.0002151981898350641
CNV/151/024_CNV.tif,CNV-151,val,CNV,cnv,OD,.tif,0.00022780787548981607
CNV/151/025_CNV.tif,CNV-151,val,CNV,cnv,OD,.tif,0.0002592990349512547
CNV/151/026_CNV.tif,CNV-151,val,CNV,cnv,OD,.tif,0.0003355490625835955
CNV/151/027_Drusen.tif,CNV-151,val,CNV,drusen,OD,.tif,0.0003515393764246255
CNV/151/028_Drusen.tif,CNV-151,val,CNV,drusen,OD,.tif,0.0002507071476429701
CNV/151/029_Drusen.tif,CNV-151,val,CNV,drusen,OD,.tif,0.00024628679966554046
CNV/151/030_Drusen.tif,CNV-151,val,CNV,drusen,OD,.tif,0.00019238688400946558
CNV/155/000_Normal.tif,CNV-155,val,CNV,normal,OD,.tif,0.0003031202359125018
CNV/155/001_Normal.tif,CNV-155,val,CNV,normal,OD,.tif,0.0002842078101821244
CNV/155/002_Normal.tif,CNV-155,val,CNV,normal,OD,.tif,0.00022518524201586843
CNV/155/003_Normal.tif,CNV-155,val,CNV,normal,OD,.tif,0.0001993213954847306
CNV/155/004_Normal.tif,CNV-155,val,CNV,normal,OD,.tif,0.0004952506860718131
CNV/155/005_Normal.tif,CNV-155,val,CNV,normal,OD,.tif,0.0002969648048747331
CNV/155/006_Normal.tif,CNV-155,val,CNV,normal,OD,.tif,0.00023786959354765713
CNV/155/007_Normal.tif,CNV-155,val,CNV,normal,OD,.tif,0.0003230360453017056
CNV/155/008_CNV.tif,CNV-155,val,CNV,cnv,OD,.tif,0.0002562586741987616
CNV/155/009_CNV.tif,CNV-155,val,CNV,cnv,OD,.tif,0.00024379832029808313
CNV/155/010_CNV.tif,CNV-155,val,CNV,cnv,OD,.tif,0.0003218684287276119
CNV/155/011_CNV.tif,CNV-155,val,CNV,cnv,OD,.tif,0.00035464251413941383
CNV/155/012_CNV.tif,CNV-155,val,CNV,cnv,OD,.tif,0.00033098674612119794
CNV/155/013_CNV.tif,CNV-155,val,CNV,cnv,OD,.tif,0.00036328198621049523
CNV/155/014_CNV.tif,CNV-155,val,CNV,cnv,OD,.tif,0.00042525085154920816
CNV/155/015_CNV.tif,CNV-155,val,CNV,cnv,OD,.tif,0.0004438753239810467
CNV/155/016_CNV.tif,CNV-155,val,CNV,cnv,OD,.tif,0.00029443070525303483
CNV/155/017_CNV.tif,CNV-155,val,CNV,cnv,OD,.tif,0.00043519213795661926
CNV/155/018_CNV.tif,CNV-155,val,CNV,cnv,OD,.tif,0.0005454760394059122
CNV/155/019_CNV.tif,CNV-155,val,CNV,cnv,OD,.tif,0.0003796023956965655
CNV/155/020_CNV.tif,CNV-155,val,CNV,cnv,OD,.tif,0.00034176575718447566
CNV/155/021_CNV.tif,CNV-155,val,CNV,cnv,OD,.tif,0.0002554546226747334
CNV/155/022_Drusen.tif,CNV-155,val,CNV,drusen,OD,.tif,0.0002343363012187183
CNV/155/023_Drusen.tif,CNV-155,val,CNV,drusen,OD,.tif,0.0002072711067739874
CNV/155/024_Normal.tif,CNV-155,val,CNV,normal,OD,.tif,0.00024006422609090805
CNV/155/025_Normal.tif,CNV-155,val,CNV,normal,OD,.tif,0.00021974382980260998
CNV/155/026_Normal.tif,CNV-155,val,CNV,normal,OD,.tif,0.00016637318185530603
CNV/155/027_Normal.tif,CNV-155,val,CNV,normal,OD,.tif,0.00027467781910672784
CNV/155/028_Normal.tif,CNV-155,val,CNV,normal,OD,.tif,0.00020226537890266627
CNV/155/029_Normal.tif,CNV-155,val,CNV,normal,OD,.tif,0.00030534889083355665
CNV/155/030_Normal.tif,CNV-155,val,CNV,normal,OD,.tif,0.00024422345450147986
CNV/158/000_Normal.tif,CNV-158,val,CNV,normal,OS,.tif,0.00020012901222798973
CNV/158/001_Normal.tif,CNV-158,val,CNV,normal,OS,.tif,0.0002463924465700984
CNV/158/002_Normal.tif,CNV-158,val,CNV,normal,OS,.tif,0.00021275936160236597
CNV/158/003_Normal.tif,CNV-158,val,CNV,normal,OS,.tif,0.00020876750932075083
CNV/158/004_Drusen.tif,CNV-158,val,CNV,drusen,OS,.tif,0.00020520991529338062
CNV/158/005_Drusen.tif,CNV-158,val,CNV,drusen,OS,.tif,0.00019441729818936437
CNV/158/006_Drusen.tif,CNV-158,val,CNV,drusen,OS,.tif,0.00020939740352332592
CNV/158/007_Drusen.tif,CNV-158,val,CNV,drusen,OS,.tif,0.00023067415168043226
CNV/158/008_Drusen.tif,CNV-158,val,CNV,drusen,OS,.tif,0.00017751532141119242
CNV/158/009_Drusen.tif,CNV-158,val,CNV,drusen,OS,.tif,0.00021958757133688778
CNV/158/010_CNV.tif,CNV-158,val,CNV,cnv,OS,.tif,0.0002756557078100741
CNV/158/011_CNV.tif,CNV-158,val,CNV,cnv,OS,.tif,0.0003058435395359993
CNV/158/012_CNV.tif,CNV-158,val,CNV,cnv,OS,.tif,0.00029429205460473895
CNV/158/013_CNV.tif,CNV-158,val,CNV,cnv,OS,.tif,0.00032987285521812737
CNV/158/014_CNV.tif,CNV-158,val,CNV,cnv,OS,.tif,0.0002580536238383502
CNV/158/015_CNV.tif,CNV-158,val,CNV,cnv,OS,.tif,0.00022699573310092092
CNV/158/016_CNV.tif,CNV-158,val,CNV,cnv,OS,.tif,0.0002845238777808845
CNV/158/017_CNV.tif,CNV-158,val,CNV,cnv,OS,.tif,0.00017036810459103435
CNV/158/018_CNV.tif,CNV-158,val,CNV,cnv,OS,.tif,0.0002393095928709954
CNV/158/019_Drusen.tif,CNV-158,val,CNV,drusen,OS,.tif,0.00029373151483014226
CNV/158/020_Drusen.tif,CNV-158,val,CNV,drusen,OS,.tif,0.00021296340855769813
CNV/158/021_Drusen.tif,CNV-158,val,CNV,drusen,OS,.tif,0.00019931583665311337
CNV/158/022_Drusen.tif,CNV-158,val,CNV,drusen,OS,.tif,0.0002996679104398936
CNV/158/023_Drusen.tif,CNV-158,val,CNV,drusen,OS,.tif,0.00025505886878818274
CNV/158/024_Drusen.tif,CNV-158,val,CNV,drusen,OS,.tif,0.0002887012087740004
CNV/158/025_Drusen.tif,CNV-158,val,CNV,drusen,OS,.tif,0.0002878779196180403
CNV/158/026_Drusen.tif,CNV-158,val,CNV,drusen,OS,.tif,0.0002586591290310025
CNV/158/027_Drusen.tif,CNV-158,val,CNV,drusen,OS,.tif,0.0002483524731360376
CNV/158/028_Drusen.tif,CNV-158,val,CNV,drusen,OS,.tif,0.00026944364071823657
CNV/158/029_Drusen.tif,CNV-158,val,CNV,drusen,OS,.tif,0.00022893009008839726
CNV/158/030_Drusen.tif,CNV-158,val,CNV,drusen,OS,.tif,0.0002503835130482912
DRUSEN/3/000_Drusen.jpg,DRUSEN-003,val,DRUSEN,drusen,OD,.jpg,0.00022931009880267084
DRUSEN/3/001_Drusen.jpg,DRUSEN-003,val,DRUSEN,drusen,OD,.jpg,0.00023592085926793516
DRUSEN/3/002_Drusen.jpg,DRUSEN-003,val,DRUSEN,drusen,OD,.jpg,0.0001925262185977772
DRUSEN/3/003_Drusen.jpg,DRUSEN-003,val,DRUSEN,drusen,OD,.jpg,0.00022560986690223217
DRUSEN/3/004_Drusen.jpg,DRUSEN-003,val,DRUSEN,drusen,OD,.jpg,0.00024555466370657086
DRUSEN/3/005_Drusen.jpg,DRUSEN-003,val,DRUSEN,drusen,OD,.jpg,0.00020754867000505328
DRUSEN/3/006_Drusen.jpg,DRUSEN-003,val,DRUSEN,drusen,OD,.jpg,0.00022802007151767612
DRUSEN/3/007_Drusen.jpg,DRUSEN-003,val,DRUSEN,drusen,OD,.jpg,0.00025916064623743296
DRUSEN/3/008_Drusen.jpg,DRUSEN-003,val,DRUSEN,drusen,OD,.jpg,0.00028459058376029134
DRUSEN/3/009_Drusen.jpg,DRUSEN-003,val,DRUSEN,drusen,OD,.jpg,0.0003133436548523605
DRUSEN/3/010_Drusen.jpg,DRUSEN-003,val,DRUSEN,drusen,OD,.jpg,0.0002665322390384972
DRUSEN/3/011_Drusen.jpg,DRUSEN-003,val,DRUSEN,drusen,OD,.jpg,0.00021973530238028616
DRUSEN/3/012_Drusen.jpg,DRUSEN-003,val,DRUSEN,drusen,OD,.jpg,0.0002388446155237034
DRUSEN/3/013_Drusen.jpg,DRUSEN-003,val,DRUSEN,drusen,OD,.jpg,0.0003236406482756138
DRUSEN/3/014_Drusen.jpg,DRUSEN-003,val,DRUSEN,drusen,OD,.jpg,0.0002972282818518579
DRUSEN/3/015_Drusen.jpg,DRUSEN-003,val,DRUSEN,drusen,OD,.jpg,0.00026246567722409964
DRUSEN/3/016_Drusen.jpg,DRUSEN-003,val,DRUSEN,drusen,OD,.jpg,0.0002445873979013413
DRUSEN/3/017_Drusen.jpg,DRUSEN-003,val,DRUSEN,drusen,OD,.jpg,0.0002490445040166378
DRUSEN/3/018_Drusen.jpg,DRUSEN-003,val,DRUSEN,drusen,OD,.jpg,0.00022278077085502446
DRUSEN/3/019_Drusen.jpg,DRUSEN-003,val,DRUSEN,drusen,OD,.jpg,0.00019696433446370065
DRUSEN/3/020_Drusen.jpg,DRUSEN-003,val,DRUSEN,drusen,OD,.jpg,0.0003431563964113593
DRUSEN/3/021_Drusen.jpg,DRUSEN-003,val,DRUSEN,drusen,OD,.jpg,0.00023944306303746998
DRUSEN/3/022_Drusen.jpg,DRUSEN-003,val,DRUSEN,drusen,OD,.jpg,0.00024109902733471245
DRUSEN/3/023_Drusen.jpg,DRUSEN-003,val,DRUSEN,drusen,OD,.jpg,0.00019078342302236706
DRUSEN/3/024_Drusen.jpg,DRUSEN-003,val,DRUSEN,drusen,OD,.jpg,0.00021137483417987823
DRUSEN/3/025_Drusen.jpg,DRUSEN-003,val,DRUSEN,drusen,OD,.jpg,0.0001850653934525326
DRUSEN/3/026_Drusen.jpg,DRUSEN-003,val,DRUSEN,drusen,OD,.jpg,0.00020636380941141397
DRUSEN/3/027_Drusen.jpg,DRUSEN-003,val,DRUSEN,drusen,OD,.jpg,0.0002569518983364105
DRUSEN/3/028_Drusen.jpg,DRUSEN-003,val,DRUSEN,drusen,OD,.jpg,0.0002540822606533766
DRUSEN/3/029_Drusen.jpg,DRUSEN-003,val,DRUSEN,drusen,OD,.jpg,0.00031781624420545995
DRUSEN/3/030_Drusen.jpg,DRUSEN-003,val,DRUSEN,drusen,OD,.jpg,0.0002783489180728793
DRUSEN/4/000_Normal.jpg,DRUSEN-004,val,DRUSEN,normal,OS,.jpg,0.00023321982007473707
DRUSEN/4/001_Normal.jpg,DRUSEN-004,val,DRUSEN,normal,OS,.jpg,0.00021453788212966174
DRUSEN/4/002_Normal.jpg,DRUSEN-004,val,DRUSEN,normal,OS,.jpg,0.00026779540348798037
DRUSEN/4/003_Normal.jpg,DRUSEN-004,val,DRUSEN,normal,OS,.jpg,0.0005091874627396464
DRUSEN/4/004_Normal.jpg,DRUSEN-004,val,DRUSEN,normal,OS,.jpg,0.0004063442465849221
DRUSEN/4/005_Normal.jpg,DRUSEN-004,val,DRUSEN,normal,OS,.jpg,0.00023979532124940306
DRUSEN/4/006_Normal.jpg,DRUSEN-004,val,DRUSEN,normal,OS,.jpg,0.00034435035195201635
DRUSEN/4/007_Normal.jpg,DRUSEN-004,val,DRUSEN,normal,OS,.jpg,0.0005190094816498458
DRUSEN/4/008_Normal.jpg,DRUSEN-004,val,DRUSEN,normal,OS,.jpg,0.0004803772026207298
DRUSEN/4/009_Normal.jpg,DRUSEN-004,val,DRUSEN,normal,OS,.jpg,0.0003069781232625246
DRUSEN/4/010_Normal.jpg,DRUSEN-004,val,DRUSEN,normal,OS,.jpg,0.00030493357917293906
DRUSEN/4/011_Drusen.jpg,DRUSEN-004,val,DRUSEN,drusen,OS,.jpg,0.00026629603235051036
DRUSEN/4/012_Normal.jpg,DRUSEN-004,val,DRUSEN,normal,OS,.jpg,0.0003861630684696138
DRUSEN/4/013_Normal.jpg,DRUSEN-004,val,DRUSEN,normal,OS,.jpg,0.0002907969173975289
DRUSEN/4/014_Normal.jpg,DRUSEN-004,val,DRUSEN,normal,OS,.jpg,0.0002668274682946503
DRUSEN/4/015_Drusen.jpg,DRUSEN-004,val,DRUSEN,drusen,OS,.jpg,0.0003135533770546317
DRUSEN/4/016_Normal.jpg,DRUSEN-004,val,DRUSEN,normal,OS,.jpg,0.00043102941708639264
DRUSEN/4/017_Drusen.jpg,DRUSEN-004,val,DRUSEN,drusen,OS,.jpg,0.0001876361493486911
DRUSEN/4/018_Normal.jpg,DRUSEN-004,val,DRUSEN,normal,OS,.jpg,0.00018981410539709032
DRUSEN/4/019_Normal.jpg,DRUSEN-004,val,DRUSEN,normal,OS,.jpg,0.000192267878446728
DRUSEN/4/020_Normal.jpg,DRUSEN-004,val,DRUSEN,normal,OS,.jpg,0.0002105433668475598
DRUSEN/4/021_Normal.jpg,DRUSEN-004,val,DRUSEN,normal,OS,.jpg,0.0004071395087521523
DRUSEN/4/022_Normal.jpg,DRUSEN-004,val,DRUSEN,normal,OS,.jpg,0.000493945786729455
DRUSEN/4/023_Normal.jpg,DRUSEN-004,val,DRUSEN,normal,OS,.jpg,0.00044234475353732705
DRUSEN/4/024_Normal.jpg,DRUSEN-004,val,DRUSEN,normal,OS,.jpg,0.00026461941888555884
DRUSEN/4/025_Normal.jpg,DRUSEN-004,val,DRUSEN,normal,OS,.jpg,0.0004507722915150225
DRUSEN/4/026_Normal.jpg,DRUSEN-004,val,DRUSEN,normal,OS,.jpg,0.0002498573740012944
DRUSEN/4/027_Normal.jpg,DRUSEN-004,val,DRUSEN,normal,OS,.jpg,0.0002757236361503601
DRUSEN/4/028_Normal.jpg,DRUSEN-004,val,DRUSEN,normal,OS,.jpg,0.0002537097898311913
DRUSEN/4/029_Normal.jpg,DRUSEN-004,val,DRUSEN,normal,OS,.jpg,0.0002747438265942037
DRUSEN/4/030_Normal.jpg,DRUSEN-004,val,DRUSEN,normal,OS,.jpg,0.00033041450660675764
DRUSEN/5/OD/000_Normal.jpg,DRUSEN-005,val,DRUSEN,normal,OD,.jpg,0.0003386056050658226
DRUSEN/5/OD/001_Normal.jpg,DRUSEN-005,val,DRUSEN,normal,OD,.jpg,0.0004338251310400665
DRUSEN/5/OD/002_Normal.jpg,DRUSEN-005,val,DRUSEN,normal,OD,.jpg,0.00028281795675866306
DRUSEN/5/OD/003_Normal.jpg,DRUSEN-005,val,DRUSEN,normal,OD,.jpg,0.0002607572532724589
DRUSEN/5/OD/004_Normal.jpg,DRUSEN-005,val,DRUSEN,normal,OD,.jpg,0.0003701869281940162
DRUSEN/5/OD/005_Normal.jpg,DRUSEN-005,val,DRUSEN,normal,OD,.jpg,0.00022441254986915737
DRUSEN/5/OD/006_Normal.jpg,DRUSEN-005,val,DRUSEN,normal,OD,.jpg,0.00017821596702560782
DRUSEN/5/OD/007_Drusen.jpg,DRUSEN-005,val,DRUSEN,drusen,OD,.jpg,0.0002994463429786265
DRUSEN/5/OD/008_Drusen.jpg,DRUSEN-005,val,DRUSEN,drusen,OD,.jpg,0.00024182074412237853
DRUSEN/5/OD/009_Drusen.jpg,DRUSEN-005,val,DRUSEN,drusen,OD,.jpg,0.0001682858564890921
DRUSEN/5/OD/010_Normal.jpg,DRUSEN-005,val,DRUSEN,normal,OD,.jpg,0.0002660407335497439
DRUSEN/5/OD/011_Drusen.jpg,DRUSEN-005,val,DRUSEN,drusen,OD,.jpg,0.00023186275211628526
DRUSEN/5/OD/012_Drusen.jpg,DRUSEN-005,val,DRUSEN,drusen,OD,.jpg,0.00023191625950857997
DRUSEN/5/OD/013_Drusen.jpg,DRUSEN-005,val,DRUSEN,drusen,OD,.jpg,0.00023191110813058913
DRUSEN/5/OD/014_Drusen.jpg,DRUSEN-005,val,DRUSEN,drusen,OD,.jpg,0.0003700156812556088
DRUSEN/5/OD/015_Drusen.jpg,DRUSEN-005,val,DRUSEN,drusen,OD,.jpg,0.00032481621019542217
DRUSEN/5/OD/016_Drusen.jpg,DRUSEN-005,val,DRUSEN,drusen,OD,.jpg,0.00021384641877375543
DRUSEN/5/OD/017_Drusen.jpg,DRUSEN-005,val,DRUSEN,drusen,OD,.jpg,0.0001660917914705351
DRUSEN/5/OD/018_Drusen.jpg,DRUSEN-005,val,DRUSEN,drusen,OD,.jpg,0.00024088828649837524
DRUSEN/5/OD/019_Normal.jpg,DRUSEN-005,val,DRUSEN,normal,OD,.jpg,0.00029229148640297353
DRUSEN/5/OD/020_Normal.jpg,DRUSEN-005,val,DRUSEN,normal,OD,.jpg,0.00020964935538358986
DRUSEN/5/OD/021_Normal.jpg,DRUSEN-005,val,DRUSEN,normal,OD,.jpg,0.00020198790298309177
DRUSEN/5/OD/022_Normal.jpg,DRUSEN-005,val,DRUSEN,normal,OD,.jpg,0.00026622891891747713
DRUSEN/5/OD/023_Normal.jpg,DRUSEN-005,val,DRUSEN,normal,OD,.jpg,0.00023015463375486434
DRUSEN/5/OD/024_Normal.jpg,DRUSEN-005,val,DRUSEN,normal,OD,.jpg,0.0003815925447270274
DRUSEN/5/OD/025_Normal.jpg,DRUSEN-005,val,DRUSEN,normal,OD,.jpg,0.0002649109810590744
DRUSEN/5/OD/026_Normal.jpg,DRUSEN-005,val,DRUSEN,normal,OD,.jpg,0.00038534769555553794
DRUSEN/5/OD/027_Normal.jpg,DRUSEN-005,val,DRUSEN,normal,OD,.jpg,0.0003279851225670427
DRUSEN/5/OD/028_Normal.jpg,DRUSEN-005,val,DRUSEN,normal,OD,.jpg,0.00029445052496157587
DRUSEN/5/OD/029_Normal.jpg,DRUSEN-005,val,DRUSEN,normal,OD,.jpg,0.0002957663091365248
DRUSEN/5/OD/030_Normal.jpg,DRUSEN-005,val,DRUSEN,normal,OD,.jpg,0.0002128993219230324
DRUSEN/5/OS/000_Normal.jpg,DRUSEN-005,val,DRUSEN,normal,OS,.jpg,0.000532614067196846
DRUSEN/5/OS/001_Normal.jpg,DRUSEN-005,val,DRUSEN,normal,OS,.jpg,0.0004643972497433424
DRUSEN/5/OS/002_Normal.jpg,DRUSEN-005,val,DRUSEN,normal,OS,.jpg,0.0004263089213054627
DRUSEN/5/OS/003_Normal.jpg,DRUSEN-005,val,DRUSEN,normal,OS,.jpg,0.00026417896151542664
DRUSEN/5/OS/004_Drusen.jpg,DRUSEN-005,val,DRUSEN,drusen,OS,.jpg,0.0003694001934491098
DRUSEN/5/OS/005_Normal.jpg,DRUSEN-005,val,DRUSEN,normal,OS,.jpg,0.0003569770196918398
DRUSEN/5/OS/006_Normal.jpg,DRUSEN-005,val,DRUSEN,normal,OS,.jpg,0.0002925306907854974
DRUSEN/5/OS/007_Drusen.jpg,DRUSEN-005,val,DRUSEN,drusen,OS,.jpg,0.00030898593831807375
DRUSEN/5/OS/008_Drusen.jpg,DRUSEN-005,val,DRUSEN,drusen,OS,.jpg,0.00024110467347782105
DRUSEN/5/OS/009_Normal.jpg,DRUSEN-005,val,DRUSEN,normal,OS,.jpg,0.0002470817416906357
DRUSEN/5/OS/010_Drusen.jpg,DRUSEN-005,val,DRUSEN,drusen,OS,.jpg,0.00037297632661648095
DRUSEN/5/OS/011_Drusen.jpg,DRUSEN-005,val,DRUSEN,drusen,OS,.jpg,0.00032479589572176337
DRUSEN/5/OS/012_Drusen.jpg,DRUSEN-005,val,DRUSEN,drusen,OS,.jpg,0.0002520582056604326
DRUSEN/5/OS/013_Drusen.jpg,DRUSEN-005,val,DRUSEN,drusen,OS,.jpg,0.0002264099894091487
DRUSEN/5/OS/014_Drusen.jpg,DRUSEN-005,val,DRUSEN,drusen,OS,.jpg,0.00025589540018700063
DRUSEN/5/OS/015_Drusen.jpg,DRUSEN-005,val,DRUSEN,drusen,OS,.jpg,0.00021704105893149972
DRUSEN/5/OS/016_Drusen.jpg,DRUSEN-005,val,DRUSEN,drusen,OS,.jpg,0.0002099237171933055
DRUSEN/5/OS/017_Drusen.jpg,DRUSEN-005,val,DRUSEN,drusen,OS,.jpg,0.0002690382534638047
DRUSEN/5/OS/018_Drusen.jpg,DRUSEN-005,val,DRUSEN,drusen,OS,.jpg,0.00020139937987551093
DRUSEN/5/OS/019_Normal.jpg,DRUSEN-005,val,DRUSEN,normal,OS,.jpg,0.00020738567400258034
DRUSEN/5/OS/020_Normal.jpg,DRUSEN-005,val,DRUSEN,normal,OS,.jpg,0.00024197700258810073
DRUSEN/5/OS/021_Normal.jpg,DRUSEN-005,val,DRUSEN,normal,OS,.jpg,0.000274798134341836
DRUSEN/5/OS/022_Normal.jpg,DRUSEN-005,val,DRUSEN,normal,OS,.jpg,0.00025972258299589157
DRUSEN/5/OS/023_Normal.jpg,DRUSEN-005,val,DRUSEN,normal,OS,.jpg,0.0003037377609871328
DRUSEN/5/OS/024_Normal.jpg,DRUSEN-005,val,DRUSEN,normal,OS,.jpg,0.00035146228037774563
DRUSEN/5/OS/025_Normal.jpg,DRUSEN-005,val,DRUSEN,normal,OS,.jpg,0.00032094595371745527
DRUSEN/5/OS/026_Normal.jpg,DRUSEN-005,val,DRUSEN,normal,OS,.jpg,0.00020901145762763917
DRUSEN/5/OS/027_Normal.jpg,DRUSEN-005,val,DRUSEN,normal,OS,.jpg,0.00032124941935762763
DRUSEN/5/OS/028_Normal.jpg,DRUSEN-005,val,DRUSEN,normal,OS,.jpg,0.0002846933784894645
DRUSEN/5/OS/029_Normal.jpg,DRUSEN-005,val,DRUSEN,normal,OS,.jpg,0.00029616575920954347
DRUSEN/5/OS/030_Normal.jpg,DRUSEN-005,val,DRUSEN,normal,OS,.jpg,0.0003658524074126035
DRUSEN/8/000_normal.jpg,DRUSEN-008,val,DRUSEN,normal,OS,.jpg,0.0002779087517410517
DRUSEN/8/001_Normal.jpg,DRUSEN-008,val,DRUSEN,normal,OS,.jpg,0.0003176571917720139
DRUSEN/8/002_normal.jpg,DRUSEN-008,val,DRUSEN,normal,OS,.jpg,0.00026445946423336864
DRUSEN/8/003_normal.jpg,DRUSEN-008,val,DRUSEN,normal,OS,.jpg,0.00030916481046006083
DRUSEN/8/004_Normal.jpg,DRUSEN-008,val,DRUSEN,normal,OS,.jpg,0.00021502647723536938
DRUSEN/8/005_Normal.jpg,DRUSEN-008,val,DRUSEN,normal,OS,.jpg,0.0002635049750097096
DRUSEN/8/006_Normal.jpg,DRUSEN-008,val,DRUSEN,normal,OS,.jpg,0.00032635731622576714
DRUSEN/8/007_Normal.jpg,DRUSEN-008,val,DRUSEN,normal,OS,.jpg,0.0002499413094483316
DRUSEN/8/008_Normal.jpg,DRUSEN-008,val,DRUSEN,normal,OS,.jpg,0.00022518858895637095
DRUSEN/8/009_Normal.jpg,DRUSEN-008,val,DRUSEN,normal,OS,.jpg,0.00019411815446801484
DRUSEN/8/010_Normal.jpg,DRUSEN-008,val,DRUSEN,normal,OS,.jpg,0.00025982968509197235
DRUSEN/8/011_Normal.jpg,DRUSEN-008,val,DRUSEN,normal,OS,.jpg,0.00032720837043598294
DRUSEN/8/012_Normal.jpg,DRUSEN-008,val,DRUSEN,normal,OS,.jpg,0.0004224166041240096
DRUSEN/8/013_Drusen.jpg,DRUSEN-008,val,DRUSEN,drusen,OS,.jpg,0.0004098521894775331
DRUSEN/8/014_Drusen.jpg,DRUSEN-008,val,DRUSEN,drusen,OS,.jpg,0.00045575661351904273
DRUSEN/8/015_Drusen.jpg,DRUSEN-008,val,DRUSEN,drusen,OS,.jpg,0.00040579529013484716
DRUSEN/8/016_Drusen.jpg,DRUSEN-008,val,DRUSEN,drusen,OS,.jpg,0.00045211485121399164
DRUSEN/8/017_Drusen.jpg,DRUSEN-008,val,DRUSEN,drusen,OS,.jpg,0.00046798374387435615
DRUSEN/8/018_Normal.jpg,DRUSEN-008,val,DRUSEN,normal,OS,.jpg,0.0005010695895180106
DRUSEN/8/019_Normal.jpg,DRUSEN-008,val,DRUSEN,normal,OS,.jpg,0.0003646672994364053
DRUSEN/8/020_Normal.jpg,DRUSEN-008,val,DRUSEN,normal,OS,.jpg,0.00032929459121078253
DRUSEN/8/021_Normal.jpg,DRUSEN-008,val,DRUSEN,normal,OS,.jpg,0.0003342073177918792
DRUSEN/8/022_Normal.jpg,DRUSEN-008,val,DRUSEN,normal,OS,.jpg,0.000347275024978444
DRUSEN/8/023_Normal.jpg,DRUSEN-008,val,DRUSEN,normal,OS,.jpg,0.00037827956839464605
DRUSEN/8/024_Normal.jpg,DRUSEN-008,val,DRUSEN,normal,OS,.jpg,0.00024392150226049125
DRUSEN/8/025_Normal.jpg,DRUSEN-008,val,DRUSEN,normal,OS,.jpg,0.0005502831190824509
DRUSEN/8/026_Normal.jpg,DRUSEN-008,val,DRUSEN,normal,OS,.jpg,0.0003591574204619974
DRUSEN/8/027_Normal.jpg,DRUSEN-008,val,DRUSEN,normal,OS,.jpg,0.0007102703675627708
DRUSEN/8/028_Normal.jpg,DRUSEN-008,val,DRUSEN,normal,OS,.jpg,0.0003832167712971568
DRUSEN/8/029_Normal.jpg,DRUSEN-008,val,DRUSEN,normal,OS,.jpg,0.00039733058656565845
DRUSEN/8/030_Normal.jpg,DRUSEN-008,val,DRUSEN,normal,OS,.jpg,0.0003262537647970021
DRUSEN/9/OD/000_Drusen.jpg,DRUSEN-009,val,DRUSEN,drusen,OD,.jpg,0.0002275349834235385
DRUSEN/9/OD/001_Drusen.jpg,DRUSEN-009,val,DRUSEN,drusen,OD,.jpg,0.00021191890118643641
DRUSEN/9/OD/002_Drusen.jpg,DRUSEN-009,val,DRUSEN,drusen,OD,.jpg,0.0002213635016232729
DRUSEN/9/OD/003_Drusen.jpg,DRUSEN-009,val,DRUSEN,drusen,OD,.jpg,0.0002038900274783373
DRUSEN/9/OD/004_Drusen.jpg,DRUSEN-009,val,DRUSEN,drusen,OD,.jpg,0.00016637171211186796
DRUSEN/9/OD/005_Drusen.jpg,DRUSEN-009,val,DRUSEN,drusen,OD,.jpg,0.00020314540597610176
DRUSEN/9/OD/006_Drusen.jpg,DRUSEN-009,val,DRUSEN,drusen,OD,.jpg,0.0002153771201847121
DRUSEN/9/OD/007_Drusen.jpg,DRUSEN-009,val,DRUSEN,drusen,OD,.jpg,0.0002541495196055621
DRUSEN/9/OD/008_Drusen.jpg,DRUSEN-009,val,DRUSEN,drusen,OD,.jpg,0.00018908499623648822
DRUSEN/9/OD/009_Drusen.jpg,DRUSEN-009,val,DRUSEN,drusen,OD,.jpg,0.0002479592803865671
DRUSEN/9/OD/010_Drusen.jpg,DRUSEN-009,val,DRUSEN,drusen,OD,.jpg,0.00023361784406006336
DRUSEN/9/OD/011_Drusen.jpg,DRUSEN-009,val,DRUSEN,drusen,OD,.jpg,0.0002495017251931131
DRUSEN/9/OD/012_Drusen.jpg,DRUSEN-009,val,DRUSEN,drusen,OD,.jpg,0.00032902578823268414
DRUSEN/9/OD/013_Drusen.jpg,DRUSEN-009,val,DRUSEN,drusen,OD,.jpg,0.00022989785065874457
DRUSEN/9/OD/014_Drusen.jpg,DRUSEN-009,val,DRUSEN,drusen,OD,.jpg,0.00027063232846558094
DRUSEN/9/OD/015_Drusen.jpg,DRUSEN-009,val,DRUSEN,drusen,OD,.jpg,0.0002335831377422437
DRUSEN/9/OD/016_Drusen.jpg,DRUSEN-009,val,DRUSEN,drusen,OD,.jpg,0.0002715929877012968
DRUSEN/9/OD/017_Drusen.jpg,DRUSEN-009,val,DRUSEN,drusen,OD,.jpg,0.0002116545510943979
DRUSEN/9/OD/018_Drusen.jpg,DRUSEN-009,val,DRUSEN,drusen,OD,.jpg,0.00013602973194792867
DRUSEN/9/OD/019_Drusen.jpg,DRUSEN-009,val,DRUSEN,drusen,OD,.jpg,0.00018401056877337396
DRUSEN/9/OD/020_Drusen.jpg,DRUSEN-009,val,DRUSEN,drusen,OD,.jpg,0.00023067090660333633
DRUSEN/9/OD/021_Drusen.jpg,DRUSEN-009,val,DRUSEN,drusen,OD,.jpg,0.0002518559340387583
DRUSEN/9/OD/022_Drusen.jpg,DRUSEN-009,val,DRUSEN,drusen,OD,.jpg,0.000270098855253309
DRUSEN/9/OD/023_Drusen.jpg,DRUSEN-009,val,DRUSEN,drusen,OD,.jpg,0.000392070971429348
DRUSEN/9/OD/024_Drusen.jpg,DRUSEN-009,val,DRUSEN,drusen,OD,.jpg,0.0002526078897062689
DRUSEN/9/OD/025_Drusen.jpg,DRUSEN-009,val,DRUSEN,drusen,OD,.jpg,0.0002995148242916912
DRUSEN/9/OD/026_Drusen.jpg,DRUSEN-009,val,DRUSEN,drusen,OD,.jpg,0.00029882992384955287
DRUSEN/9/OD/027_Drusen.jpg,DRUSEN-009,val,DRUSEN,drusen,OD,.jpg,0.0003269568260293454
DRUSEN/9/OD/028_Drusen.jpg,DRUSEN-009,val,DRUSEN,drusen,OD,.jpg,0.0002400553203187883
DRUSEN/9/OD/029_Drusen.jpg,DRUSEN-009,val,DRUSEN,drusen,OD,.jpg,0.0002222778566647321
DRUSEN/9/OD/030_Drusen.jpg,DRUSEN-009,val,DRUSEN,drusen,OD,.jpg,0.00022271499619819224
DRUSEN/9/OS/000_Drusen.jpg,DRUSEN-009,val,DRUSEN,drusen,OS,.jpg,0.0003118161694146693
DRUSEN/9/OS/001_Drusen.jpg,DRUSEN-009,val,DRUSEN,drusen,OS,.jpg,0.00026081452961079776
DRUSEN/9/OS/002_Drusen.jpg,DRUSEN-009,val,DRUSEN,drusen,OS,.jpg,0.0003183640365023166
DRUSEN/9/OS/003_Drusen.jpg,DRUSEN-009,val,DRUSEN,drusen,OS,.jpg,0.0002958869154099375
DRUSEN/9/OS/004_Normal.jpg,DRUSEN-009,val,DRUSEN,normal,OS,.jpg,0.00024404044961556792
DRUSEN/9/OS/005_Drusen.jpg,DRUSEN-009,val,DRUSEN,drusen,OS,.jpg,0.0003981571935582906
DRUSEN/9/OS/006_Drusen.jpg,DRUSEN-009,val,DRUSEN,drusen,OS,.jpg,0.00022129816352389753
DRUSEN/9/OS/007_Drusen.jpg,DRUSEN-009,val,DRUSEN,drusen,OS,.jpg,0.00035317044239491224
DRUSEN/9/OS/008_Drusen.jpg,DRUSEN-009,val,DRUSEN,drusen,OS,.jpg,0.0002394072653260082
DRUSEN/9/OS/009_Drusen.jpg,DRUSEN-009,val,DRUSEN,drusen,OS,.jpg,0.00036647485103458166
DRUSEN/9/OS/010_Drusen.jpg,DRUSEN-009,val,DRUSEN,drusen,OS,.jpg,0.0004900571657344699
DRUSEN/9/OS/011_Drusen.jpg,DRUSEN-009,val,DRUSEN,drusen,OS,.jpg,0.000272488861810416
DRUSEN/9/OS/012_Drusen.jpg,DRUSEN-009,val,DRUSEN,drusen,OS,.jpg,0.0004036306345369667
DRUSEN/9/OS/013_Drusen.jpg,DRUSEN-009,val,DRUSEN,drusen,OS,.jpg,0.00027734338073059916
DRUSEN/9/OS/014_Drusen.jpg,DRUSEN-009,val,DRUSEN,drusen,OS,.jpg,0.00021770974854007363
DRUSEN/9/OS/015_Drusen.jpg,DRUSEN-009,val,DRUSEN,drusen,OS,.jpg,0.00020769049297086895
DRUSEN/9/OS/016_Drusen.jpg,DRUSEN-009,val,DRUSEN,drusen,OS,.jpg,0.0003216362383682281
DRUSEN/9/OS/017_Drusen.jpg,DRUSEN-009,val,DRUSEN,drusen,OS,.jpg,0.00015722945681773126
DRUSEN/9/OS/018_Drusen.jpg,DRUSEN-009,val,DRUSEN,drusen,OS,.jpg,0.0002846535644493997
DRUSEN/9/OS/019_Drusen.jpg,DRUSEN-009,val,DRUSEN,drusen,OS,.jpg,0.00025903061032295227
DRUSEN/9/OS/020_Drusen.jpg,DRUSEN-009,val,DRUSEN,drusen,OS,.jpg,0.0002723808283917606
DRUSEN/9/OS/021_Drusen.jpg,DRUSEN-009,val,DRUSEN,drusen,OS,.jpg,0.00034345281892456114
DRUSEN/9/OS/022_Drusen.jpg,DRUSEN-009,val,DRUSEN,drusen,OS,.jpg,0.0004646869783755392
DRUSEN/9/OS/023_Drusen.jpg,DRUSEN-009,val,DRUSEN,drusen,OS,.jpg,0.00031229257001541555
DRUSEN/9/OS/024_Drusen.jpg,DRUSEN-009,val,DRUSEN,drusen,OS,.jpg,0.00024274681345559657
DRUSEN/9/OS/025_Drusen.jpg,DRUSEN-009,val,DRUSEN,drusen,OS,.jpg,0.000281415821518749
DRUSEN/9/OS/026_Drusen.jpg,DRUSEN-009,val,DRUSEN,drusen,OS,.jpg,0.00028853866388089955
DRUSEN/9/OS/027_Drusen.jpg,DRUSEN-009,val,DRUSEN,drusen,OS,.jpg,0.0003131143166683614
DRUSEN/9/OS/028_Drusen.jpg,DRUSEN-009,val,DRUSEN,drusen,OS,.jpg,0.0002483970602042973
DRUSEN/9/OS/029_Drusen.jpg,DRUSEN-009,val,DRUSEN,drusen,OS,.jpg,0.00030851695919409394
DRUSEN/9/OS/030_Drusen.jpg,DRUSEN-009,val,DRUSEN,drusen,OS,.jpg,0.0002611127565614879
DRUSEN/13/OD/000_Normal.jpg,DRUSEN-013,val,DRUSEN,normal,OD,.jpg,0.00020488817244768143
DRUSEN/13/OD/001_Normal.jpg,DRUSEN-013,val,DRUSEN,normal,OD,.jpg,0.0002612276002764702
DRUSEN/13/OD/002_Normal.jpg,DRUSEN-013,val,DRUSEN,normal,OD,.jpg,0.0002271926641697064
DRUSEN/13/OD/003_Normal.jpg,DRUSEN-013,val,DRUSEN,normal,OD,.jpg,0.00023017459898255765
DRUSEN/13/OD/004_Normal.jpg,DRUSEN-013,val,DRUSEN,normal,OD,.jpg,0.00020893877081107348
DRUSEN/13/OD/005_Normal.jpg,DRUSEN-013,val,DRUSEN,normal,OD,.jpg,0.0002056298399111256
DRUSEN/13/OD/006_Normal.jpg,DRUSEN-013,val,DRUSEN,normal,OD,.jpg,0.0002497421228326857
DRUSEN/13/OD/007_Normal.jpg,DRUSEN-013,val,DRUSEN,normal,OD,.jpg,0.00019804398471023887
DRUSEN/13/OD/008_Normal.jpg,DRUSEN-013,val,DRUSEN,normal,OD,.jpg,0.0002027629379881546
DRUSEN/13/OD/009_Normal.jpg,DRUSEN-013,val,DRUSEN,normal,OD,.jpg,0.00024176550505217165
DRUSEN/13/OD/010_Normal.jpg,DRUSEN-013,val,DRUSEN,normal,OD,.jpg,0.00038637372199445963
DRUSEN/13/OD/011_Normal.jpg,DRUSEN-013,val,DRUSEN,normal,OD,.jpg,0.00027609264361672103
DRUSEN/13/OD/012_Normal.jpg,DRUSEN-013,val,DRUSEN,normal,OD,.jpg,0.00022549767163582146
DRUSEN/13/OD/013_Drusen.jpg,DRUSEN-013,val,DRUSEN,drusen,OD,.jpg,0.00021274664322845638
DRUSEN/13/OD/014_Normal.jpg,DRUSEN-013,val,DRUSEN,normal,OD,.jpg,0.00038398627657443285
DRUSEN/13/OD/015_Normal.jpg,DRUSEN-013,val,DRUSEN,normal,OD,.jpg,0.00024562852922827005
DRUSEN/13/OD/016_Drusen.jpg,DRUSEN-013,val,DRUSEN,drusen,OD,.jpg,0.00038171670166775584
DRUSEN/13/OD/017_Drusen.jpg,DRUSEN-013,val,DRUSEN,drusen,OD,.jpg,0.00024718750501051545
DRUSEN/13/OD/018_Drusen.jpg,DRUSEN-013,val,DRUSEN,drusen,OD,.jpg,0.00029642804292961955
DRUSEN/13/OD/019_Drusen.jpg,DRUSEN-013,val,DRUSEN,drusen,OD,.jpg,0.00023464567493647337
DRUSEN/13/OD/020_Drusen.jpg,DRUSEN-013,val,DRUSEN,drusen,OD,.jpg,0.0003174548037350178
DRUSEN/13/OD/021_Drusen.jpg,DRUSEN-013,val,DRUSEN,drusen,OD,.jpg,0.0002664527273736894
DRUSEN/13/OD/022_Drusen.jpg,DRUSEN-013,val,DRUSEN,drusen,OD,.jpg,0.0002828086435329169
DRUSEN/13/OD/023_Drusen.jpg,DRUSEN-013,val,DRUSEN,drusen,OD,.jpg,0.00022714215447194874
DRUSEN/13/OD/024_Drusen.jpg,DRUSEN-013,val,DRUSEN,drusen,OD,.jpg,0.00025959621416404843
DRUSEN/13/OD/025_Normal.jpg,DRUSEN-013,val,DRUSEN,normal,OD,.jpg,0.00021599550382234156
DRUSEN/13/OD/026_Normal.jpg,DRUSEN-013,val,DRUSEN,normal,OD,.jpg,0.00020032175234518945
DRUSEN/13/OD/027_Normal.jpg,DRUSEN-013,val,DRUSEN,normal,OD,.jpg,0.0002312219876330346
DRUSEN/13/OD/028_Normal.jpg,DRUSEN-013,val,DRUSEN,normal,OD,.jpg,0.00029596808599308133
DRUSEN/13/OD/029_Normal.jpg,DRUSEN-013,val,DRUSEN,normal,OD,.jpg,0.000278821011306718
DRUSEN/13/OD/030_Normal.jpg,DRUSEN-013,val,DRUSEN,normal,OD,.jpg,0.00020935376232955605
DRUSEN/13/OS/000_Normal.jpg,DRUSEN-013,val,DRUSEN,normal,OS,.jpg,0.0003006644838023931
DRUSEN/13/OS/001_Normal.jpg,DRUSEN-013,val,DRUSEN,normal,OS,.jpg,0.0002790504368022084
DRUSEN/13/OS/002_Normal.jpg,DRUSEN-013,val,DRUSEN,normal,OS,.jpg,0.00022932705178391188
DRUSEN/13/OS/003_Normal.jpg,DRUSEN-013,val,DRUSEN,normal,OS,.jpg,0.0002485740405973047
DRUSEN/13/OS/004_Normal.jpg,DRUSEN-013,val,DRUSEN,normal,OS,.jpg,0.00019897305173799396
DRUSEN/13/OS/005_Normal.jpg,DRUSEN-013,val,DRUSEN,normal,OS,.jpg,0.0003105756768491119
DRUSEN/13/OS/006_Normal.jpg,DRUSEN-013,val,DRUSEN,normal,OS,.jpg,0.00021899057901464403
DRUSEN/13/OS/007_Normal.jpg,DRUSEN-013,val,DRUSEN,normal,OS,.jpg,0.0002494450018275529
DRUSEN/13/OS/008_Normal.jpg,DRUSEN-013,val,DRUSEN,normal,OS,.jpg,0.00022112751321401447
DRUSEN/13/OS/009_Normal.jpg,DRUSEN-013,val,DRUSEN,normal,OS,.jpg,0.0004583648405969143
DRUSEN/13/OS/010_Drusen.jpg,DRUSEN-013,val,DRUSEN,drusen,OS,.jpg,0.00029198158881627023
DRUSEN/13/OS/011_Drusen.jpg,DRUSEN-013,val,DRUSEN,drusen,OS,.jpg,0.00036300785723142326
DRUSEN/13/OS/012_Drusen.jpg,DRUSEN-013,val,DRUSEN,drusen,OS,.jpg,0.00025042006745934486
DRUSEN/13/OS/013_Drusen.jpg,DRUSEN-013,val,DRUSEN,drusen,OS,.jpg,0.0002262566122226417
DRUSEN/13/OS/014_Drusen.jpg,DRUSEN-013,val,DRUSEN,drusen,OS,.jpg,0.00024646177189424634
DRUSEN/13/OS/015_Drusen.jpg,DRUSEN-013,val,DRUSEN,drusen,OS,.jpg,0.0002854442282114178
DRUSEN/13/OS/016_Drusen.jpg,DRUSEN-013,val,DRUSEN,drusen,OS,.jpg,0.0005055763758718967
DRUSEN/13/OS/017_Drusen.jpg,DRUSEN-013,val,DRUSEN,drusen,OS,.jpg,0.0003816491807810962
DRUSEN/13/OS/018_Drusen.jpg,DRUSEN-013,val,DRUSEN,drusen,OS,.jpg,0.00029222300508990884
DRUSEN/13/OS/019_Drusen.jpg,DRUSEN-013,val,DRUSEN,drusen,OS,.jpg,0.0004509854770731181
DRUSEN/13/OS/020_Drusen.jpg,DRUSEN-013,val,DRUSEN,drusen,OS,.jpg,0.00025502918288111687
DRUSEN/13/OS/021_Drusen.jpg,DRUSEN-013,val,DRUSEN,drusen,OS,.jpg,0.0002502997522242367
DRUSEN/13/OS/022_Drusen.jpg,DRUSEN-013,val,DRUSEN,drusen,OS,.jpg,0.0002731893619056791
DRUSEN/13/OS/023_Drusen.jpg,DRUSEN-013,val,DRUSEN,drusen,OS,.jpg,0.00021188546088524163
DRUSEN/13/OS/024_Drusen.jpg,DRUSEN-013,val,DRUSEN,drusen,OS,.jpg,0.0003124945505987853
DRUSEN/13/OS/025_Normal.jpg,DRUSEN-013,val,DRUSEN,normal,OS,.jpg,0.00025663425913080573
DRUSEN/13/OS/026_Normal.jpg,DRUSEN-013,val,DRUSEN,normal,OS,.jpg,0.0002713241265155375
DRUSEN/13/OS/027_Normal.jpg,DRUSEN-013,val,DRUSEN,normal,OS,.jpg,0.0002480463299434632
DRUSEN/13/OS/028_Normal.jpg,DRUSEN-013,val,DRUSEN,normal,OS,.jpg,0.0001978922518901527
DRUSEN/13/OS/029_Normal.jpg,DRUSEN-013,val,DRUSEN,normal,OS,.jpg,0.0003165293310303241
DRUSEN/13/OS/030_Normal.jpg,DRUSEN-013,val,DRUSEN,normal,OS,.jpg,0.0002208238875027746
DRUSEN/21/000_Normal.tif,DRUSEN-021,val,DRUSEN,normal,OD,.tif,0.0003755670040845871
DRUSEN/21/001_Normal.tif,DRUSEN-021,val,DRUSEN,normal,OD,.tif,0.000367419037502259
DRUSEN/21/002_Normal.tif,DRUSEN-021,val,DRUSEN,normal,OD,.tif,0.0005376365152187645
DRUSEN/21/003_Normal.tif,DRUSEN-021,val,DRUSEN,normal,OD,.tif,0.0005814371397718787
DRUSEN/21/004_Drusen.tif,DRUSEN-021,val,DRUSEN,drusen,OD,.tif,0.0005311170825734735
DRUSEN/21/005_Drusen.tif,DRUSEN-021,val,DRUSEN,drusen,OD,.tif,0.00030472903745248914
DRUSEN/21/006_Drusen.tif,DRUSEN-021,val,DRUSEN,drusen,OD,.tif,0.0004011812270618975
DRUSEN/21/007_Drusen.tif,DRUSEN-021,val,DRUSEN,drusen,OD,.tif,0.00034392537781968713
DRUSEN/21/008_Drusen.tif,DRUSEN-021,val,DRUSEN,drusen,OD,.tif,0.00032115745125338435
DRUSEN/21/009_Drusen.tif,DRUSEN-021,val,DRUSEN,drusen,OD,.tif,0.0004665912128984928
DRUSEN/21/010_Drusen.tif,DRUSEN-021,val,DRUSEN,drusen,OD,.tif,0.00033712800359353423
DRUSEN/21/011_Drusen.tif,DRUSEN-021,val,DRUSEN,drusen,OD,.tif,0.00034269163734279573
DRUSEN/21/012_Drusen.tif,DRUSEN-021,val,DRUSEN,drusen,OD,.tif,0.0003325174329802394
DRUSEN/21/013_Drusen.tif,DRUSEN-021,val,DRUSEN,drusen,OD,.tif,0.0003804868320003152
DRUSEN/21/014_Drusen.tif,DRUSEN-021,val,DRUSEN,drusen,OD,.tif,0.0003760326071642339
DRUSEN/21/015_Normal.tif,DRUSEN-021,val,DRUSEN,normal,OD,.tif,0.00032676104456186295
DRUSEN/21/016_Normal.tif,DRUSEN-021,val,DRUSEN,normal,OD,.tif,0.0003373922372702509
DRUSEN/21/017_Drusen.tif,DRUSEN-021,val,DRUSEN,drusen,OD,.tif,0.0004136028583161533
DRUSEN/21/018_Drusen.tif,DRUSEN-021,val,DRUSEN,drusen,OD,.tif,0.0003558889729902148
DRUSEN/21/019_Drusen.tif,DRUSEN-021,val,DRUSEN,drusen,OD,.tif,0.00032833870500326157
DRUSEN/21/020_Normal.tif,DRUSEN-021,val,DRUSEN,normal,OD,.tif,0.00032933696638792753
DRUSEN/21/021_Normal.tif,DRUSEN-021,val,DRUSEN,normal,OD,.tif,0.00031569419661536813
DRUSEN/21/022_Normal.tif,DRUSEN-021,val,DRUSEN,normal,OD,.tif,0.00026104130665771663
DRUSEN/21/023_Normal.tif,DRUSEN-021,val,DRUSEN,normal,OD,.tif,0.00025784462923184037
DRUSEN/21/024_Normal.tif,DRUSEN-021,val,DRUSEN,normal,OD,.tif,0.00035549080348573625
DRUSEN/21/025_Normal.tif,DRUSEN-021,val,DRUSEN,normal,OD,.tif,0.0003124478389509022
DRUSEN/21/026_Normal.tif,DRUSEN-021,val,DRUSEN,normal,OD,.tif,0.00031161640072241426
DRUSEN/21/027_Normal.tif,DRUSEN-021,val,DRUSEN,normal,OD,.tif,0.00028237607330083847
DRUSEN/21/028_Normal.tif,DRUSEN-021,val,DRUSEN,normal,OD,.tif,0.00045051868073642254
DRUSEN/21/029_Normal.tif,DRUSEN-021,val,DRUSEN,normal,OD,.tif,0.0004279812565073371
DRUSEN/21/030_Normal.tif,DRUSEN-021,val,DRUSEN,normal,OD,.tif,0.0003897555870935321
DRUSEN/25/000_Normal.tif,DRUSEN-025,val,DRUSEN,normal,OS,.tif,0.0002653495466802269
DRUSEN/25/001_Normal.tif,DRUSEN-025,val,DRUSEN,normal,OS,.tif,0.00024477290571667254
DRUSEN/25/002_Normal.tif,DRUSEN-025,val,DRUSEN,normal,OS,.tif,0.0002545736206229776
DRUSEN/25/003_Normal.tif,DRUSEN-025,val,DRUSEN,normal,OS,.tif,0.00027218094328418374
DRUSEN/25/004_Normal.tif,DRUSEN-025,val,DRUSEN,normal,OS,.tif,0.00022845026978757232
DRUSEN/25/005_Drusen.tif,DRUSEN-025,val,DRUSEN,drusen,OS,.tif,0.0002564245369285345
DRUSEN/25/006_Normal.tif,DRUSEN-025,val,DRUSEN,normal,OS,.tif,0.0002928824978880584
DRUSEN/25/007_Normal.tif,DRUSEN-025,val,DRUSEN,normal,OS,.tif,0.00027068215422332287
DRUSEN/25/008_Normal.tif,DRUSEN-025,val,DRUSEN,normal,OS,.tif,0.0003456018748693168
DRUSEN/25/009_Normal.tif,DRUSEN-025,val,DRUSEN,normal,OS,.tif,0.00022741209249943495
DRUSEN/25/010_Normal.tif,DRUSEN-025,val,DRUSEN,normal,OS,.tif,0.0002566305920481682
DRUSEN/25/011_Normal.tif,DRUSEN-025,val,DRUSEN,normal,OS,.tif,0.00024517159909009933
DRUSEN/25/012_Normal.tif,DRUSEN-025,val,DRUSEN,normal,OS,.tif,0.00017736305017024279
DRUSEN/25/013_Normal.tif,DRUSEN-025,val,DRUSEN,normal,OS,.tif,0.0001980325032491237
DRUSEN/25/014_Normal.tif,DRUSEN-025,val,DRUSEN,normal,OS,.tif,0.00020342452626209706
DRUSEN/25/015_Drusen.tif,DRUSEN-025,val,DRUSEN,drusen,OS,.tif,0.00025440429453738034
DRUSEN/25/016_Normal.tif,DRUSEN-025,val,DRUSEN,normal,OS,.tif,0.0002926931483671069
DRUSEN/25/017_Normal.tif,DRUSEN-025,val,DRUSEN,normal,OS,.tif,0.000307006121147424
DRUSEN/25/018_Normal.tif,DRUSEN-025,val,DRUSEN,normal,OS,.tif,0.0004633468925021589
DRUSEN/25/019_Normal.tif,DRUSEN-025,val,DRUSEN,normal,OS,.tif,0.00041247165063396096
DRUSEN/25/020_Drusen.tif,DRUSEN-025,val,DRUSEN,drusen,OS,.tif,0.0002583049063105136
DRUSEN/25/021_Drusen.tif,DRUSEN-025,val,DRUSEN,drusen,OS,.tif,0.00026303459890186787
DRUSEN/25/022_Drusen.tif,DRUSEN-025,val,DRUSEN,drusen,OS,.tif,0.00032595882657915354
DRUSEN/25/023_Drusen.tif,DRUSEN-025,val,DRUSEN,drusen,OS,.tif,0.0002852989127859473
DRUSEN/25/024_Drusen.tif,DRUSEN-025,val,DRUSEN,drusen,OS,.tif,0.0002872328332159668
DRUSEN/25/025_Drusen.tif,DRUSEN-025,val,DRUSEN,drusen,OS,.tif,0.0002442394907120615
DRUSEN/25/026_Drusen.tif,DRUSEN-025,val,DRUSEN,drusen,OS,.tif,0.00026159826666116714
DRUSEN/25/027_Drusen.tif,DRUSEN-025,val,DRUSEN,drusen,OS,.tif,0.00021106970962136984
DRUSEN/25/028_Drusen.tif,DRUSEN-025,val,DRUSEN,drusen,OS,.tif,0.0001804982020985335
DRUSEN/25/029_Drusen.tif,DRUSEN-025,val,DRUSEN,drusen,OS,.tif,0.00020195418619550765
DRUSEN/25/030_Drusen.tif,DRUSEN-025,val,DRUSEN,drusen,OS,.tif,0.0003490897361189127
DRUSEN/26/000_Drusen.tif,DRUSEN-026,val,DRUSEN,drusen,OS,.tif,0.00025388336507603526
DRUSEN/26/001_Drusen.tif,DRUSEN-026,val,DRUSEN,drusen,OS,.tif,0.00047221253043971956
DRUSEN/26/002_Drusen.tif,DRUSEN-026,val,DRUSEN,drusen,OS,.tif,0.0003786784363910556
DRUSEN/26/003_Drusen.tif,DRUSEN-026,val,DRUSEN,drusen,OS,.tif,0.00022973044542595744
DRUSEN/26/004_Drusen.tif,DRUSEN-026,val,DRUSEN,drusen,OS,.tif,0.0002992364461533725
DRUSEN/26/005_Drusen.tif,DRUSEN-026,val,DRUSEN,drusen,OS,.tif,0.0003074859851039946
DRUSEN/26/006_Drusen.tif,DRUSEN-026,val,DRUSEN,drusen,OS,.tif,0.00024026166647672653
DRUSEN/26/007_Drusen.tif,DRUSEN-026,val,DRUSEN,drusen,OS,.tif,0.0002465576690156013
DRUSEN/26/008_Drusen.tif,DRUSEN-026,val,DRUSEN,drusen,OS,.tif,0.0003762928245123476
DRUSEN/26/009_Drusen.tif,DRUSEN-026,val,DRUSEN,drusen,OS,.tif,0.000415748858358711
DRUSEN/26/010_Drusen.tif,DRUSEN-026,val,DRUSEN,drusen,OS,.tif,0.0003248164430260658
DRUSEN/26/011_Drusen.tif,DRUSEN-026,val,DRUSEN,drusen,OS,.tif,0.0003318381495773792
DRUSEN/26/012_Drusen.tif,DRUSEN-026,val,DRUSEN,drusen,OS,.tif,0.0002841265231836587
DRUSEN/26/013_Drusen.tif,DRUSEN-026,val,DRUSEN,drusen,OS,.tif,0.0003238092758692801
DRUSEN/26/014_Drusen.tif,DRUSEN-026,val,DRUSEN,drusen,OS,.tif,0.0002912865311373025
DRUSEN/26/015_Drusen.tif,DRUSEN-026,val,DRUSEN,drusen,OS,.tif,0.0003753672353923321
DRUSEN/26/016_Drusen.tif,DRUSEN-026,val,DRUSEN,drusen,OS,.tif,0.00034672050969675183
DRUSEN/26/017_Drusen.tif,DRUSEN-026,val,DRUSEN,drusen,OS,.tif,0.0002925492008216679
DRUSEN/26/018_Drusen.tif,DRUSEN-026,val,DRUSEN,drusen,OS,.tif,0.00024427880998700857
DRUSEN/26/019_Drusen.tif,DRUSEN-026,val,DRUSEN,drusen,OS,.tif,0.00021470049978233874
DRUSEN/26/020_Drusen.tif,DRUSEN-026,val,DRUSEN,drusen,OS,.tif,0.00044011318823322654
DRUSEN/26/021_Drusen.tif,DRUSEN-026,val,DRUSEN,drusen,OS,.tif,0.00028818013379350305
DRUSEN/26/022_Drusen.tif,DRUSEN-026,val,DRUSEN,drusen,OS,.tif,0.00034897233126685023
DRUSEN/26/023_Drusen.tif,DRUSEN-026,val,DRUSEN,drusen,OS,.tif,0.00028995281900279224
DRUSEN/26/024_Drusen.tif,DRUSEN-026,val,DRUSEN,drusen,OS,.tif,0.0003605610691010952
DRUSEN/26/025_Drusen.tif,DRUSEN-026,val,DRUSEN,drusen,OS,.tif,0.00036000757245346904
DRUSEN/26/026_Drusen.tif,DRUSEN-026,val,DRUSEN,drusen,OS,.tif,0.0003244285471737385
DRUSEN/26/027_Drusen.tif,DRUSEN-026,val,DRUSEN,drusen,OS,.tif,0.00030811148462817073
DRUSEN/26/028_Drusen.tif,DRUSEN-026,val,DRUSEN,drusen,OS,.tif,0.00029300720780156553
DRUSEN/34/OD/000_Drusen.tif,DRUSEN-034,val,DRUSEN,drusen,OD,.tif,0.000360305595677346
DRUSEN/34/OD/001_Drusen.tif,DRUSEN-034,val,DRUSEN,drusen,OD,.tif,0.00024320976808667183
DRUSEN/34/OD/002_Drusen.tif,DRUSEN-034,val,DRUSEN,drusen,OD,.tif,0.00022613556939177215
DRUSEN/34/OD/003_Normal.tif,DRUSEN-034,val,DRUSEN,normal,OD,.tif,0.00021551539248321205
DRUSEN/34/OD/004_Drusen.tif,DRUSEN-034,val,DRUSEN,drusen,OD,.tif,0.0003975043073296547
DRUSEN/34/OD/005_Normal.tif,DRUSEN-034,val,DRUSEN,normal,OD,.tif,0.0003192711737938225
DRUSEN/34/OD/006_Drusen.tif,DRUSEN-034,val,DRUSEN,drusen,OD,.tif,0.0002081271231872961
DRUSEN/34/OD/007_Drusen.tif,DRUSEN-034,val,DRUSEN,drusen,OD,.tif,0.0002412543835816905
DRUSEN/34/OD/008_Normal.tif,DRUSEN-034,val,DRUSEN,normal,OD,.tif,0.00031501633930020034
DRUSEN/34/OD/009_Drusen.tif,DRUSEN-034,val,DRUSEN,drusen,OD,.tif,0.0004644263244699687
DRUSEN/34/OD/010_Normal.tif,DRUSEN-034,val,DRUSEN,normal,OD,.tif,0.00027888454496860504
DRUSEN/34/OD/011_Normal.tif,DRUSEN-034,val,DRUSEN,normal,OD,.tif,0.0003693808102980256
DRUSEN/34/OD/012_Drusen.tif,DRUSEN-034,val,DRUSEN,drusen,OD,.tif,0.00042624189518392086
DRUSEN/34/OD/013_Drusen.tif,DRUSEN-034,val,DRUSEN,drusen,OD,.tif,0.00041345570934936404
DRUSEN/34/OD/014_Drusen.tif,DRUSEN-034,val,DRUSEN,drusen,OD,.tif,0.0003271113964729011
DRUSEN/34/OD/015_Drusen.tif,DRUSEN-034,val,DRUSEN,drusen,OD,.tif,0.00047963066026568413
DRUSEN/34/OD/016_Drusen.tif,DRUSEN-034,val,DRUSEN,drusen,OD,.tif,0.00019115785835310817
DRUSEN/34/OD/017_Drusen.tif,DRUSEN-034,val,DRUSEN,drusen,OD,.tif,0.00039063856820575893
DRUSEN/34/OD/018_Drusen.tif,DRUSEN-034,val,DRUSEN,drusen,OD,.tif,0.000394040864193812
DRUSEN/34/OD/019_Drusen.tif,DRUSEN-034,val,DRUSEN,drusen,OD,.tif,0.00034716856316663325
DRUSEN/34/OD/020_Drusen.tif,DRUSEN-034,val,DRUSEN,drusen,OD,.tif,0.000443712982814759
DRUSEN/34/OD/021_Drusen.tif,DRUSEN-034,val,DRUSEN,drusen,OD,.tif,0.0005065333098173141
DRUSEN/34/OD/022_Drusen.tif,DRUSEN-034,val,DRUSEN,drusen,OD,.tif,0.0004460671334527433
DRUSEN/34/OD/023_Drusen.tif,DRUSEN-034,val,DRUSEN,drusen,OD,.tif,0.0003185624082107097
DRUSEN/34/OD/024_Normal.tif,DRUSEN-034,val,DRUSEN,normal,OD,.tif,0.00031313084764406085
DRUSEN/34/OD/025_Normal.tif,DRUSEN-034,val,DRUSEN,normal,OD,.tif,0.00027347757713869214
DRUSEN/34/OD/026_Normal.tif,DRUSEN-034,val,DRUSEN,normal,OD,.tif,0.00026415727916173637
DRUSEN/34/OD/027_Normal.tif,DRUSEN-034,val,DRUSEN,normal,OD,.tif,0.00022657058434560895
DRUSEN/34/OD/028_Normal.tif,DRUSEN-034,val,DRUSEN,normal,OD,.tif,0.00038537566433660686
DRUSEN/34/OD/029_Normal.tif,DRUSEN-034,val,DRUSEN,normal,OD,.tif,0.00029973461641930044
DRUSEN/34/OD/030_Drusen.tif,DRUSEN-034,val,DRUSEN,drusen,OD,.tif,0.00035717932041734457
DRUSEN/34/OS/000_Drusen.tif,DRUSEN-034,val,DRUSEN,drusen,OS,.tif,0.00038158975075930357
DRUSEN/34/OS/001_Drusen.tif,DRUSEN-034,val,DRUSEN,drusen,OS,.tif,0.00047874910524114966
DRUSEN/34/OS/002_Drusen.tif,DRUSEN-034,val,DRUSEN,drusen,OS,.tif,0.0003998875617980957
DRUSEN/34/OS/003_Normal.tif,DRUSEN-034,val,DRUSEN,normal,OS,.tif,0.00020702145411632955
DRUSEN/34/OS/004_Drusen.tif,DRUSEN-034,val,DRUSEN,drusen,OS,.tif,0.00031195240444503725
DRUSEN/34/OS/005_Drusen.tif,DRUSEN-034,val,DRUSEN,drusen,OS,.tif,0.0002910610055550933
DRUSEN/34/OS/006_Drusen.tif,DRUSEN-034,val,DRUSEN,drusen,OS,.tif,0.00030961097218096256
DRUSEN/34/OS/007_Normal.tif,DRUSEN-034,val,DRUSEN,normal,OS,.tif,0.00029076720238663256
DRUSEN/34/OS/008_Drusen.tif,DRUSEN-034,val,DRUSEN,drusen,OS,.tif,0.00028433691477403045
DRUSEN/34/OS/009_Normal.tif,DRUSEN-034,val,DRUSEN,normal,OS,.tif,0.0003014196699950844
DRUSEN/34/OS/010_Normal.tif,DRUSEN-034,val,DRUSEN,normal,OS,.tif,0.0004664813750423491
DRUSEN/34/OS/011_Normal.tif,DRUSEN-034,val,DRUSEN,normal,OS,.tif,0.0003021229640580714
DRUSEN/34/OS/012_Normal.tif,DRUSEN-034,val,DRUSEN,normal,OS,.tif,0.000307040405459702
DRUSEN/34/OS/013_Drusen.tif,DRUSEN-034,val,DRUSEN,drusen,OS,.tif,0.00028490443946793675
DRUSEN/34/OS/014_Drusen.tif,DRUSEN-034,val,DRUSEN,drusen,OS,.tif,0.0003866180486511439
DRUSEN/34/OS/015_Drusen.tif,DRUSEN-034,val,DRUSEN,drusen,OS,.tif,0.00037167093250900507
DRUSEN/34/OS/016_Drusen.tif,DRUSEN-034,val,DRUSEN,drusen,OS,.tif,0.00028997179470025003
DRUSEN/34/OS/017_Drusen.tif,DRUSEN-034,val,DRUSEN,drusen,OS,.tif,0.0003124697832390666
DRUSEN/34/OS/018_Drusen.tif,DRUSEN-034,val,DRUSEN,drusen,OS,.tif,0.0002813204191625118
DRUSEN/34/OS/019_Drusen.tif,DRUSEN-034,val,DRUSEN,drusen,OS,.tif,0.00036428915336728096
DRUSEN/34/OS/020_Drusen.tif,DRUSEN-034,val,DRUSEN,drusen,OS,.tif,0.00023113031056709588
DRUSEN/34/OS/021_Drusen.tif,DRUSEN-034,val,DRUSEN,drusen,OS,.tif,0.0003649590944405645
DRUSEN/34/OS/022_Drusen.tif,DRUSEN-034,val,DRUSEN,drusen,OS,.tif,0.0003913575492333621
DRUSEN/34/OS/023_Drusen.tif,DRUSEN-034,val,DRUSEN,drusen,OS,.tif,0.00035448442213237286
DRUSEN/34/OS/024_Drusen.tif,DRUSEN-034,val,DRUSEN,drusen,OS,.tif,0.00032128702150657773
DRUSEN/34/OS/025_Drusen.tif,DRUSEN-034,val,DRUSEN,drusen,OS,.tif,0.00032489135628566146
DRUSEN/34/OS/026_Drusen.tif,DRUSEN-034,val,DRUSEN,drusen,OS,.tif,0.0004137697396799922
DRUSEN/34/OS/027_Normal.tif,DRUSEN-034,val,DRUSEN,normal,OS,.tif,0.00030928547494113445
DRUSEN/34/OS/028_Normal.tif,DRUSEN-034,val,DRUSEN,normal,OS,.tif,0.0002129018394043669
DRUSEN/34/OS/029_Normal.tif,DRUSEN-034,val,DRUSEN,normal,OS,.tif,0.00020729293464682996
DRUSEN/34/OS/030_Normal.tif,DRUSEN-034,val,DRUSEN,normal,OS,.tif,0.0003122237976640463
DRUSEN/38/OD/000_Normal.jpg,DRUSEN-038,val,DRUSEN,normal,OD,.jpg,0.0001787753717508167
DRUSEN/38/OD/001_Normal.jpg,DRUSEN-038,val,DRUSEN,normal,OD,.jpg,0.0002667997032403946
DRUSEN/38/OD/002_Normal.jpg,DRUSEN-038,val,DRUSEN,normal,OD,.jpg,0.00023508143203798681
DRUSEN/38/OD/003_Normal.jpg,DRUSEN-038,val,DRUSEN,normal,OD,.jpg,0.00028377678245306015
DRUSEN/38/OD/004_Normal.jpg,DRUSEN-038,val,DRUSEN,normal,OD,.jpg,0.0002079352707369253
DRUSEN/38/OD/005_Normal.jpg,DRUSEN-038,val,DRUSEN,normal,OD,.jpg,0.0002569627540651709
DRUSEN/38/OD/006_Normal.jpg,DRUSEN-038,val,DRUSEN,normal,OD,.jpg,0.00023038683866616338
DRUSEN/38/OD/007_Normal.jpg,DRUSEN-038,val,DRUSEN,normal,OD,.jpg,0.00022106035612523556
DRUSEN/38/OD/008_Normal.jpg,DRUSEN-038,val,DRUSEN,normal,OD,.jpg,0.0001898825285024941
DRUSEN/38/OD/009_Drusen.jpg,DRUSEN-038,val,DRUSEN,drusen,OD,.jpg,0.00023610169591847807
DRUSEN/38/OD/010_Drusen.jpg,DRUSEN-038,val,DRUSEN,drusen,OD,.jpg,0.0002254003775306046
DRUSEN/38/OD/011_Drusen.jpg,DRUSEN-038,val,DRUSEN,drusen,OD,.jpg,0.00019663426792249084
DRUSEN/38/OD/012_Drusen.jpg,DRUSEN-038,val,DRUSEN,drusen,OD,.jpg,0.00020035041961818933
DRUSEN/38/OD/013_Drusen.jpg,DRUSEN-038,val,DRUSEN,drusen,OD,.jpg,0.00020525974105112255
DRUSEN/38/OD/014_Drusen.jpg,DRUSEN-038,val,DRUSEN,drusen,OD,.jpg,0.00014314689906314015
DRUSEN/38/OD/015_Drusen.jpg,DRUSEN-038,val,DRUSEN,drusen,OD,.jpg,0.00018517099670134485
DRUSEN/38/OD/016_Drusen.jpg,DRUSEN-038,val,DRUSEN,drusen,OD,.jpg,0.00014975832891650498
DRUSEN/38/OD/017_Drusen.jpg,DRUSEN-038,val,DRUSEN,drusen,OD,.jpg,0.00019989506108686328
DRUSEN/38/OD/018_Drusen.jpg,DRUSEN-038,val,DRUSEN,drusen,OD,.jpg,0.00017872131138574332
DRUSEN/38/OD/019_Drusen.jpg,DRUSEN-038,val,DRUSEN,drusen,OD,.jpg,0.0001771392853697762
DRUSEN/38/OD/020_Drusen.jpg,DRUSEN-038,val,DRUSEN,drusen,OD,.jpg,0.00022379803704097867
DRUSEN/38/OD/021_Normal.jpg,DRUSEN-038,val,DRUSEN,normal,OD,.jpg,0.0002354350290261209
DRUSEN/38/OD/022_Normal.jpg,DRUSEN-038,val,DRUSEN,normal,OD,.jpg,0.00021930763614363968
DRUSEN/38/OD/023_Normal.jpg,DRUSEN-038,val,DRUSEN,normal,OD,.jpg,0.00020390274585224688
DRUSEN/38/OD/024_Normal.jpg,DRUSEN-038,val,DRUSEN,normal,OD,.jpg,0.00029181555146351457
DRUSEN/38/OD/025_Normal.jpg,DRUSEN-038,val,DRUSEN,normal,OD,.jpg,0.0002605646150186658
DRUSEN/38/OD/026_Normal.jpg,DRUSEN-038,val,DRUSEN,normal,OD,.jpg,0.00018697950872592628
DRUSEN/38/OD/027_Normal.jpg,DRUSEN-038,val,DRUSEN,normal,OD,.jpg,0.00020345099619589746
DRUSEN/38/OD/028_Normal.jpg,DRUSEN-038,val,DRUSEN,normal,OD,.jpg,0.00017588396440260112
DRUSEN/38/OD/029_Normal.jpg,DRUSEN-038,val,DRUSEN,normal,OD,.jpg,0.00021803571144118905
DRUSEN/38/OD/030_Normal.jpg,DRUSEN-038,val,DRUSEN,normal,OD,.jpg,0.00023566497839055955
DRUSEN/38/OS/000_Normal.jpg,DRUSEN-038,val,DRUSEN,normal,OS,.jpg,0.00023629986390005797
DRUSEN/38/OS/001_Normal.jpg,DRUSEN-038,val,DRUSEN,normal,OS,.jpg,0.00032555987127125263
DRUSEN/38/OS/002_Normal.jpg,DRUSEN-038,val,DRUSEN,normal,OS,.jpg,0.0002179064613301307
DRUSEN/38/OS/003_Normal.jpg,DRUSEN-038,val,DRUSEN,normal,OS,.jpg,0.00027234392473474145
DRUSEN/38/OS/004_Normal.jpg,DRUSEN-038,val,DRUSEN,normal,OS,.jpg,0.00025356432888656855
DRUSEN/38/OS/005_Normal.jpg,DRUSEN-038,val,DRUSEN,normal,OS,.jpg,0.00019488332327455282
DRUSEN/38/OS/006_Normal.jpg,DRUSEN-038,val,DRUSEN,normal,OS,.jpg,0.0002533133374527097
DRUSEN/38/OS/007_Normal.jpg,DRUSEN-038,val,DRUSEN,normal,OS,.jpg,0.00023705039347987622
DRUSEN/38/OS/008_Normal.jpg,DRUSEN-038,val,DRUSEN,normal,OS,.jpg,0.000216245447518304
DRUSEN/38/OS/009_Normal.jpg,DRUSEN-038,val,DRUSEN,normal,OS,.jpg,0.0002162706950912252
DRUSEN/38/OS/010_Normal.jpg,DRUSEN-038,val,DRUSEN,normal,OS,.jpg,0.00023153242364060134
DRUSEN/38/OS/011_Drusen.jpg,DRUSEN-038,val,DRUSEN,drusen,OS,.jpg,0.00020120885164942592
DRUSEN/38/OS/012_Drusen.jpg,DRUSEN-038,val,DRUSEN,drusen,OS,.jpg,0.000450529798399657
DRUSEN/38/OS/013_Drusen.jpg,DRUSEN-038,val,DRUSEN,drusen,OS,.jpg,0.0002427508297841996
DRUSEN/38/OS/014_Drusen.jpg,DRUSEN-038,val,DRUSEN,drusen,OS,.jpg,0.00031746443710289896
DRUSEN/38/OS/015_Drusen.jpg,DRUSEN-038,val,DRUSEN,drusen,OS,.jpg,0.00030129734659567475
DRUSEN/38/OS/016_Drusen.jpg,DRUSEN-038,val,DRUSEN,drusen,OS,.jpg,0.00024186600057873875
DRUSEN/38/OS/017_Drusen.jpg,DRUSEN-038,val,DRUSEN,drusen,OS,.jpg,0.0003824487794190645
DRUSEN/38/OS/018_Drusen.jpg,DRUSEN-038,val,DRUSEN,drusen,OS,.jpg,0.0004207591700833291
DRUSEN/38/OS/019_Drusen.jpg,DRUSEN-038,val,DRUSEN,drusen,OS,.jpg,0.00022082205396145582
DRUSEN/38/OS/020_Drusen.jpg,DRUSEN-038,val,DRUSEN,drusen,OS,.jpg,0.00029541648109443486
DRUSEN/38/OS/021_Normal.jpg,DRUSEN-038,val,DRUSEN,normal,OS,.jpg,0.0001779143640305847
DRUSEN/38/OS/022_Normal.jpg,DRUSEN-038,val,DRUSEN,normal,OS,.jpg,0.00022051057021599263
DRUSEN/38/OS/023_Normal.jpg,DRUSEN-038,val,DRUSEN,normal,OS,.jpg,0.0003204394306521863
DRUSEN/38/OS/024_Normal.jpg,DRUSEN-038,val,DRUSEN,normal,OS,.jpg,0.00026149844052270055
DRUSEN/38/OS/025_Normal.jpg,DRUSEN-038,val,DRUSEN,normal,OS,.jpg,0.0002237294684164226
DRUSEN/38/OS/026_Normal.jpg,DRUSEN-038,val,DRUSEN,normal,OS,.jpg,0.00024319166550412774
DRUSEN/38/OS/027_Normal.jpg,DRUSEN-038,val,DRUSEN,normal,OS,.jpg,0.00020240680896677077
DRUSEN/38/OS/028_Normal.jpg,DRUSEN-038,val,DRUSEN,normal,OS,.jpg,0.00020395993487909436
DRUSEN/38/OS/029_Normal.jpg,DRUSEN-038,val,DRUSEN,normal,OS,.jpg,0.00018441525753587484
DRUSEN/38/OS/030_Normal.jpg,DRUSEN-038,val,DRUSEN,normal,OS,.jpg,0.00034473161213099957
DRUSEN/39/000_Normal.jpg,DRUSEN-039,val,DRUSEN,normal,OS,.jpg,0.0003294049820397049
DRUSEN/39/001_Drusen.jpg,DRUSEN-039,val,DRUSEN,drusen,OS,.jpg,0.00028669473249465227
DRUSEN/39/002_Drusen.jpg,DRUSEN-039,val,DRUSEN,drusen,OS,.jpg,0.000268431642325595
DRUSEN/39/003_Drusen.jpg,DRUSEN-039,val,DRUSEN,drusen,OS,.jpg,0.0002480265684425831
DRUSEN/39/004_Drusen.jpg,DRUSEN-039,val,DRUSEN,drusen,OS,.jpg,0.0003228866553399712
DRUSEN/39/005_Drusen.jpg,DRUSEN-039,val,DRUSEN,drusen,OS,.jpg,0.0003256839991081506
DRUSEN/39/006_Drusen.jpg,DRUSEN-039,val,DRUSEN,drusen,OS,.jpg,0.0005369154969230294
DRUSEN/39/007_Drusen.jpg,DRUSEN-039,val,DRUSEN,drusen,OS,.jpg,0.0003544348874129355
DRUSEN/39/008_Drusen.jpg,DRUSEN-039,val,DRUSEN,drusen,OS,.jpg,0.0003193481534253806
DRUSEN/39/009_Drusen.jpg,DRUSEN-039,val,DRUSEN,drusen,OS,.jpg,0.000336508615873754
DRUSEN/39/010_Drusen.jpg,DRUSEN-039,val,DRUSEN,drusen,OS,.jpg,0.0002786898985505104
DRUSEN/39/011_Drusen.jpg,DRUSEN-039,val,DRUSEN,drusen,OS,.jpg,0.0004016778839286417
DRUSEN/39/012_Drusen.jpg,DRUSEN-039,val,DRUSEN,drusen,OS,.jpg,0.0003127607051283121
DRUSEN/39/013_Drusen.jpg,DRUSEN-039,val,DRUSEN,drusen,OS,.jpg,0.0003699894587043673
DRUSEN/39/014_Drusen.jpg,DRUSEN-039,val,DRUSEN,drusen,OS,.jpg,0.0002456775982864201
DRUSEN/39/015_Drusen.jpg,DRUSEN-039,val,DRUSEN,drusen,OS,.jpg,0.00041343740304000676
DRUSEN/39/016_Drusen.jpg,DRUSEN-039,val,DRUSEN,drusen,OS,.jpg,0.00039262493373826146
DRUSEN/39/017_Drusen.jpg,DRUSEN-039,val,DRUSEN,drusen,OS,.jpg,0.0003332685155328363
DRUSEN/39/018_Drusen.jpg,DRUSEN-039,val,DRUSEN,drusen,OS,.jpg,0.00033577048452571034
DRUSEN/39/019_Drusen.jpg,DRUSEN-039,val,DRUSEN,drusen,OS,.jpg,0.0003170158597640693
DRUSEN/39/020_Drusen.jpg,DRUSEN-039,val,DRUSEN,drusen,OS,.jpg,0.00033877574605867267
DRUSEN/39/021_Drusen.jpg,DRUSEN-039,val,DRUSEN,drusen,OS,.jpg,0.0003473513061180711
DRUSEN/39/022_Drusen.jpg,DRUSEN-039,val,DRUSEN,drusen,OS,.jpg,0.00030217613675631583
DRUSEN/39/023_Drusen.jpg,DRUSEN-039,val,DRUSEN,drusen,OS,.jpg,0.00039008582825772464
DRUSEN/39/024_Drusen.jpg,DRUSEN-039,val,DRUSEN,drusen,OS,.jpg,0.00031434567063115537
DRUSEN/47/000_Normal.tif,DRUSEN-047,val,DRUSEN,normal,OS,.tif,0.000244289287365973
DRUSEN/47/001_Normal.tif,DRUSEN-047,val,DRUSEN,normal,OS,.tif,0.00022950350830797106
DRUSEN/47/002_Normal.tif,DRUSEN-047,val,DRUSEN,normal,OS,.tif,0.00020056773792020977
DRUSEN/47/003_Normal.tif,DRUSEN-047,val,DRUSEN,normal,OS,.tif,0.0003709102747961879
DRUSEN/47/004_Normal.tif,DRUSEN-047,val,DRUSEN,normal,OS,.tif,0.00025373196694999933
DRUSEN/47/005_Normal.tif,DRUSEN-047,val,DRUSEN,normal,OS,.tif,0.0002316296158824116
DRUSEN/47/006_Normal.tif,DRUSEN-047,val,DRUSEN,normal,OS,.tif,0.0002577677369117737
DRUSEN/47/007_Normal.tif,DRUSEN-047,val,DRUSEN,normal,OS,.tif,0.0002798179630190134
DRUSEN/47/008_Normal.tif,DRUSEN-047,val,DRUSEN,normal,OS,.tif,0.000324628985254094
DRUSEN/47/009_Normal.tif,DRUSEN-047,val,DRUSEN,normal,OS,.tif,0.0002698744065128267
DRUSEN/47/010_Normal.tif,DRUSEN-047,val,DRUSEN,normal,OS,.tif,0.0003174061421304941
DRUSEN/47/011_Normal.tif,DRUSEN-047,val,DRUSEN,normal,OS,.tif,0.0003438022977206856
DRUSEN/47/012_Normal.tif,DRUSEN-047,val,DRUSEN,normal,OS,.tif,0.00028206719434820116
DRUSEN/47/013_Normal.tif,DRUSEN-047,val,DRUSEN,normal,OS,.tif,0.00040243094554170966
DRUSEN/47/014_Drusen.tif,DRUSEN-047,val,DRUSEN,drusen,OS,.tif,0.00032640868448652327
DRUSEN/47/015_Drusen.tif,DRUSEN-047,val,DRUSEN,drusen,OS,.tif,0.0003646132245194167
DRUSEN/47/016_Drusen.tif,DRUSEN-047,val,DRUSEN,drusen,OS,.tif,0.0004352225223556161
DRUSEN/47/017_Drusen.tif,DRUSEN-047,val,DRUSEN,drusen,OS,.tif,0.0004229251644574106
DRUSEN/47/018_Normal.tif,DRUSEN-047,val,DRUSEN,normal,OS,.tif,0.0006464066100306809
DRUSEN/47/019_Drusen.tif,DRUSEN-047,val,DRUSEN,drusen,OS,.tif,0.0005785974208265543
DRUSEN/47/020_Normal.tif,DRUSEN-047,val,DRUSEN,normal,OS,.tif,0.00045588024659082294
DRUSEN/47/021_Normal.tif,DRUSEN-047,val,DRUSEN,normal,OS,.tif,0.0002679754688870162
DRUSEN/47/022_Normal.tif,DRUSEN-047,val,DRUSEN,normal,OS,.tif,0.00030102705932222307
DRUSEN/47/023_Normal.tif,DRUSEN-047,val,DRUSEN,normal,OS,.tif,0.00041980648529715836
DRUSEN/47/024_Normal.tif,DRUSEN-047,val,DRUSEN,normal,OS,.tif,0.0003407923795748502
DRUSEN/47/025_Normal.tif,DRUSEN-047,val,DRUSEN,normal,OS,.tif,0.00037598266499117017
DRUSEN/47/026_Normal.tif,DRUSEN-047,val,DRUSEN,normal,OS,.tif,0.000285568879917264
DRUSEN/47/027_Normal.tif,DRUSEN-047,val,DRUSEN,normal,OS,.tif,0.0003399762499611825
DRUSEN/47/028_Normal.tif,DRUSEN-047,val,DRUSEN,normal,OS,.tif,0.0002986057079397142
DRUSEN/47/029_Normal.tif,DRUSEN-047,val,DRUSEN,normal,OS,.tif,0.00033435210934840143
DRUSEN/47/030_Normal.tif,DRUSEN-047,val,DRUSEN,normal,OS,.tif,0.00031941215274855494
DRUSEN/51/000_Normal.tif,DRUSEN-051,val,DRUSEN,normal,OD,.tif,0.0004755584232043475
DRUSEN/51/001_Normal.tif,DRUSEN-051,val,DRUSEN,normal,OD,.tif,0.0003660980728454888
DRUSEN/51/002_Normal.tif,DRUSEN-051,val,DRUSEN,normal,OD,.tif,0.000302172644296661
DRUSEN/51/003_Drusen.tif,DRUSEN-051,val,DRUSEN,drusen,OD,.tif,0.00023251352831721306
DRUSEN/51/004_Drusen.tif,DRUSEN-051,val,DRUSEN,drusen,OD,.tif,0.0003715302445925772
DRUSEN/51/005_Drusen.tif,DRUSEN-051,val,DRUSEN,drusen,OD,.tif,0.00034011510433629155
DRUSEN/51/006_Drusen.tif,DRUSEN-051,val,DRUSEN,drusen,OD,.tif,0.000302777043543756
DRUSEN/51/007_Drusen.tif,DRUSEN-051,val,DRUSEN,drusen,OD,.tif,0.0003566271043382585
DRUSEN/51/008_Drusen.tif,DRUSEN-051,val,DRUSEN,drusen,OD,.tif,0.000294937432045117
DRUSEN/51/009_Drusen.tif,DRUSEN-051,val,DRUSEN,drusen,OD,.tif,0.0003625594254117459
DRUSEN/51/010_Drusen.tif,DRUSEN-051,val,DRUSEN,drusen,OD,.tif,0.0003305596183054149
DRUSEN/51/011_Drusen.tif,DRUSEN-051,val,DRUSEN,drusen,OD,.tif,0.0003484451735857874
DRUSEN/51/012_Drusen.tif,DRUSEN-051,val,DRUSEN,drusen,OD,.tif,0.0003329077153466642
DRUSEN/51/013_Drusen.tif,DRUSEN-051,val,DRUSEN,drusen,OD,.tif,0.0002544104354456067
DRUSEN/51/014_Drusen.tif,DRUSEN-051,val,DRUSEN,drusen,OD,.tif,0.0002419275406282395
DRUSEN/51/015_Drusen.tif,DRUSEN-051,val,DRUSEN,drusen,OD,.tif,0.0002536044339649379
DRUSEN/51/016_Drusen.tif,DRUSEN-051,val,DRUSEN,drusen,OD,.tif,0.0003473465330898762
DRUSEN/51/017_Drusen.tif,DRUSEN-051,val,DRUSEN,drusen,OD,.tif,0.0002932294737547636
DRUSEN/51/018_Drusen.tif,DRUSEN-051,val,DRUSEN,drusen,OD,.tif,0.00026501325191929936
DRUSEN/51/019_Drusen.tif,DRUSEN-051,val,DRUSEN,drusen,OD,.tif,0.00026118214009329677
DRUSEN/51/020_Drusen.tif,DRUSEN-051,val,DRUSEN,drusen,OD,.tif,0.00025034425198100507
DRUSEN/51/021_Drusen.tif,DRUSEN-051,val,DRUSEN,drusen,OD,.tif,0.00030370266176760197
DRUSEN/51/022_Drusen.tif,DRUSEN-051,val,DRUSEN,drusen,OD,.tif,0.00022597814677283168
DRUSEN/51/023_Drusen.tif,DRUSEN-051,val,DRUSEN,drusen,OD,.tif,0.00018337616347707808
DRUSEN/51/024_Drusen.tif,DRUSEN-051,val,DRUSEN,drusen,OD,.tif,0.0002708759275265038
DRUSEN/51/025_Drusen.tif,DRUSEN-051,val,DRUSEN,drusen,OD,.tif,0.0002983655722346157
DRUSEN/51/026_Drusen.tif,DRUSEN-051,val,DRUSEN,drusen,OD,.tif,0.0002263538772240281
DRUSEN/51/027_Drusen.tif,DRUSEN-051,val,DRUSEN,drusen,OD,.tif,0.00027987794601358473
DRUSEN/51/028_Drusen.tif,DRUSEN-051,val,DRUSEN,drusen,OD,.tif,0.00027554790722206235
DRUSEN/51/029_Drusen.tif,DRUSEN-051,val,DRUSEN,drusen,OD,.tif,0.00023391618742607534
DRUSEN/51/030_Drusen.tif,DRUSEN-051,val,DRUSEN,drusen,OD,.tif,0.0004172121116425842
DRUSEN/53/000_Drusen.tif,DRUSEN-053,val,DRUSEN,drusen,OS,.tif,0.00030588230583816767
DRUSEN/53/001_Normal.tif,DRUSEN-053,val,DRUSEN,normal,OS,.tif,0.0004021687782369554
DRUSEN/53/002_Normal.tif,DRUSEN-053,val,DRUSEN,normal,OS,.tif,0.00022444769274443388
DRUSEN/53/003_Normal.tif,DRUSEN-053,val,DRUSEN,normal,OS,.tif,0.00035313726402819157
DRUSEN/53/004_Normal.tif,DRUSEN-053,val,DRUSEN,normal,OS,.tif,0.00029072616598568857
DRUSEN/53/005_Normal.tif,DRUSEN-053,val,DRUSEN,normal,OS,.tif,0.00029539637034758925
DRUSEN/53/006_Normal.tif,DRUSEN-053,val,DRUSEN,normal,OS,.tif,0.00022628136503044516
DRUSEN/53/007_Normal.tif,DRUSEN-053,val,DRUSEN,normal,OS,.tif,0.0002196576097048819
DRUSEN/53/008_Normal.tif,DRUSEN-053,val,DRUSEN,normal,OS,.tif,0.00018577872833702713
DRUSEN/53/009_Normal.tif,DRUSEN-053,val,DRUSEN,normal,OS,.tif,0.00020628901256714016
DRUSEN/53/010_Normal.tif,DRUSEN-053,val,DRUSEN,normal,OS,.tif,0.00023281239555217326
DRUSEN/53/011_Normal.tif,DRUSEN-053,val,DRUSEN,normal,OS,.tif,0.00025816497509367764
DRUSEN/53/012_Normal.tif,DRUSEN-053,val,DRUSEN,normal,OS,.tif,0.0002542003057897091
DRUSEN/53/013_Drusen.tif,DRUSEN-053,val,DRUSEN,drusen,OS,.tif,0.0001901273790281266
DRUSEN/53/014_Drusen.tif,DRUSEN-053,val,DRUSEN,drusen,OS,.tif,0.00026253130636177957
DRUSEN/53/015_Drusen.tif,DRUSEN-053,val,DRUSEN,drusen,OS,.tif,0.0002936932141892612
DRUSEN/53/016_Drusen.tif,DRUSEN-053,val,DRUSEN,drusen,OS,.tif,0.00038402562495321035
DRUSEN/53/017_Drusen.tif,DRUSEN-053,val,DRUSEN,drusen,OS,.tif,0.0003459072613622993
DRUSEN/53/018_Drusen.tif,DRUSEN-053,val,DRUSEN,drusen,OS,.tif,0.00029418730991892517
DRUSEN/53/019_Drusen.tif,DRUSEN-053,val,DRUSEN,drusen,OS,.tif,0.0005698721506632864
DRUSEN/53/020_Drusen.tif,DRUSEN-053,val,DRUSEN,drusen,OS,.tif,0.000534713501110673
DRUSEN/53/021_Drusen.tif,DRUSEN-053,val,DRUSEN,drusen,OS,.tif,0.000286030990537256
DRUSEN/53/022_Drusen.tif,DRUSEN-053,val,DRUSEN,drusen,OS,.tif,0.0002910612092819065
DRUSEN/53/023_Drusen.tif,DRUSEN-053,val,DRUSEN,drusen,OS,.tif,0.00030033354414626956
DRUSEN/53/024_Drusen.tif,DRUSEN-053,val,DRUSEN,drusen,OS,.tif,0.00022979956702329218
DRUSEN/53/025_Drusen.tif,DRUSEN-053,val,DRUSEN,drusen,OS,.tif,0.0003083493502344936
DRUSEN/55/000_Normal.tif,DRUSEN-055,val,DRUSEN,normal,OD,.tif,0.00032889528665691614
DRUSEN/55/001_Normal.tif,DRUSEN-055,val,DRUSEN,normal,OD,.tif,0.00025896780425682664
DRUSEN/55/002_Normal.tif,DRUSEN-055,val,DRUSEN,normal,OD,.tif,0.0002671387046575546
DRUSEN/55/003_Normal.tif,DRUSEN-055,val,DRUSEN,normal,OD,.tif,0.00023205949401017278
DRUSEN/55/004_Normal.tif,DRUSEN-055,val,DRUSEN,normal,OD,.tif,0.00026045646518468857
DRUSEN/55/005_Normal.tif,DRUSEN-055,val,DRUSEN,normal,OD,.tif,0.00023170252097770572
DRUSEN/55/006_Normal.tif,DRUSEN-055,val,DRUSEN,normal,OD,.tif,0.0002020677347900346
DRUSEN/55/007_Normal.tif,DRUSEN-055,val,DRUSEN,normal,OD,.tif,0.00020583999867085367
DRUSEN/55/008_Normal.tif,DRUSEN-055,val,DRUSEN,normal,OD,.tif,0.00016806749044917524
DRUSEN/55/009_Normal.tif,DRUSEN-055,val,DRUSEN,normal,OD,.tif,0.00024437776301056147
DRUSEN/55/010_Drusen.tif,DRUSEN-055,val,DRUSEN,drusen,OD,.tif,0.00017755315639078617
DRUSEN/55/011_Drusen.tif,DRUSEN-055,val,DRUSEN,drusen,OD,.tif,0.00018352018378209323
DRUSEN/55/012_Drusen.tif,DRUSEN-055,val,DRUSEN,drusen,OD,.tif,0.0002644646156113595
DRUSEN/55/013_Drusen.tif,DRUSEN-055,val,DRUSEN,drusen,OD,.tif,0.0003493983531370759
DRUSEN/55/014_Normal.tif,DRUSEN-055,val,DRUSEN,normal,OD,.tif,0.00015261166845448315
DRUSEN/55/015_Normal.tif,DRUSEN-055,val,DRUSEN,normal,OD,.tif,0.00015060906298458576
DRUSEN/55/016_Normal.tif,DRUSEN-055,val,DRUSEN,normal,OD,.tif,0.00021732215827796608
DRUSEN/55/017_Normal.tif,DRUSEN-055,val,DRUSEN,normal,OD,.tif,0.00016165446140803397
DRUSEN/55/018_Normal.tif,DRUSEN-055,val,DRUSEN,normal,OD,.tif,0.00018589988758321851
DRUSEN/55/019_Normal.tif,DRUSEN-055,val,DRUSEN,normal,OD,.tif,0.00021496386034414172
DRUSEN/55/020_Normal.tif,DRUSEN-055,val,DRUSEN,normal,OD,.tif,0.00017776772438082844
DRUSEN/55/021_Normal.tif,DRUSEN-055,val,DRUSEN,normal,OD,.tif,0.00015516470011789352
DRUSEN/55/022_Normal.tif,DRUSEN-055,val,DRUSEN,normal,OD,.tif,0.00016758969286456704
DRUSEN/55/023_Normal.tif,DRUSEN-055,val,DRUSEN,normal,OD,.tif,0.00026648450875654817
DRUSEN/55/024_Normal.tif,DRUSEN-055,val,DRUSEN,normal,OD,.tif,0.0001877439208328724
DRUSEN/55/025_Normal.tif,DRUSEN-055,val,DRUSEN,normal,OD,.tif,0.00031251279870048165
DRUSEN/55/026_Normal.tif,DRUSEN-055,val,DRUSEN,normal,OD,.tif,0.00020056389621458948
DRUSEN/55/027_Normal.tif,DRUSEN-055,val,DRUSEN,normal,OD,.tif,0.00021720193035434932
DRUSEN/55/028_Normal.tif,DRUSEN-055,val,DRUSEN,normal,OD,.tif,0.00022955701570026577
DRUSEN/55/029_Normal.tif,DRUSEN-055,val,DRUSEN,normal,OD,.tif,0.00023362442152574658
DRUSEN/55/030_Normal.tif,DRUSEN-055,val,DRUSEN,normal,OD,.tif,0.00024797680089250207
DRUSEN/57/000_Normal.tif,DRUSEN-057,val,DRUSEN,normal,OS,.tif,0.0002053566713584587
DRUSEN/57/001_Normal.tif,DRUSEN-057,val,DRUSEN,normal,OS,.tif,0.0002725266385823488
DRUSEN/57/002_Normal.tif,DRUSEN-057,val,DRUSEN,normal,OS,.tif,0.00022698446991853416
DRUSEN/57/003_Normal.tif,DRUSEN-057,val,DRUSEN,normal,OS,.tif,0.00029757729498669505
DRUSEN/57/004_Drusen.tif,DRUSEN-057,val,DRUSEN,drusen,OS,.tif,0.00020636231056414545
DRUSEN/57/005_Normal.tif,DRUSEN-057,val,DRUSEN,normal,OS,.tif,0.00024641951313242316
DRUSEN/57/006_Normal.tif,DRUSEN-057,val,DRUSEN,normal,OS,.tif,0.00023381432401947677
DRUSEN/57/007_Normal.tif,DRUSEN-057,val,DRUSEN,normal,OS,.tif,0.0002778864582069218
DRUSEN/57/008_Normal.tif,DRUSEN-057,val,DRUSEN,normal,OS,.tif,0.00021986753563396633
DRUSEN/57/009_Normal.tif,DRUSEN-057,val,DRUSEN,normal,OS,.tif,0.00017820060020312667
DRUSEN/57/010_Normal.tif,DRUSEN-057,val,DRUSEN,normal,OS,.tif,0.00026410905411466956
DRUSEN/57/011_Drusen.tif,DRUSEN-057,val,DRUSEN,drusen,OS,.tif,0.00020484274136833847
DRUSEN/57/012_Normal.tif,DRUSEN-057,val,DRUSEN,normal,OS,.tif,0.00029225513571873307
DRUSEN/57/013_Drusen.tif,DRUSEN-057,val,DRUSEN,drusen,OS,.tif,0.00029403759981505573
DRUSEN/57/014_Drusen.tif,DRUSEN-057,val,DRUSEN,drusen,OS,.tif,0.0004000664921477437
DRUSEN/57/015_Drusen.tif,DRUSEN-057,val,DRUSEN,drusen,OS,.tif,0.0003144813235849142
DRUSEN/57/016_Drusen.tif,DRUSEN-057,val,DRUSEN,drusen,OS,.tif,0.00036483805160969496
DRUSEN/57/017_Drusen.tif,DRUSEN-057,val,DRUSEN,drusen,OS,.tif,0.0003135995357297361
DRUSEN/57/018_Drusen.tif,DRUSEN-057,val,DRUSEN,drusen,OS,.tif,0.00037534942384809256
DRUSEN/57/019_Drusen.tif,DRUSEN-057,val,DRUSEN,drusen,OS,.tif,0.0003325958678033203
DRUSEN/57/020_Drusen.tif,DRUSEN-057,val,DRUSEN,drusen,OS,.tif,0.00041772332042455673
DRUSEN/57/021_Normal.tif,DRUSEN-057,val,DRUSEN,normal,OS,.tif,0.0004346374189481139
DRUSEN/57/022_Normal.tif,DRUSEN-057,val,DRUSEN,normal,OS,.tif,0.0002806465490721166
DRUSEN/57/023_Normal.tif,DRUSEN-057,val,DRUSEN,normal,OS,.tif,0.00031327398028224707
DRUSEN/57/024_Normal.tif,DRUSEN-057,val,DRUSEN,normal,OS,.tif,0.0006053136894479394
DRUSEN/57/025_Normal.tif,DRUSEN-057,val,DRUSEN,normal,OS,.tif,0.00029978970997035503
DRUSEN/57/026_Normal.tif,DRUSEN-057,val,DRUSEN,normal,OS,.tif,0.0003504053456708789
DRUSEN/57/027_Normal.tif,DRUSEN-057,val,DRUSEN,normal,OS,.tif,0.0003360381815582514
DRUSEN/57/028_Normal.tif,DRUSEN-057,val,DRUSEN,normal,OS,.tif,0.0002747524995356798
DRUSEN/57/029_Normal.tif,DRUSEN-057,val,DRUSEN,normal,OS,.tif,0.0002615448902361095
DRUSEN/57/030_Normal.tif,DRUSEN-057,val,DRUSEN,normal,OS,.tif,0.0002779029600787908
DRUSEN/63/000_Normal.tif,DRUSEN-063,val,DRUSEN,normal,OD,.tif,0.00044247996993362904
DRUSEN/63/001_Normal.tif,DRUSEN-063,val,DRUSEN,normal,OD,.tif,0.00022667655139230192
DRUSEN/63/002_Normal.tif,DRUSEN-063,val,DRUSEN,normal,OD,.tif,0.00024078789283521473
DRUSEN/63/003_Normal.tif,DRUSEN-063,val,DRUSEN,normal,OD,.tif,0.00020026802667416632
DRUSEN/63/004_Drusen.tif,DRUSEN-063,val,DRUSEN,drusen,OD,.tif,0.00017562901484780014
DRUSEN/63/005_Drusen.tif,DRUSEN-063,val,DRUSEN,drusen,OD,.tif,0.0002571856020949781
DRUSEN/63/006_Drusen.tif,DRUSEN-063,val,DRUSEN,drusen,OD,.tif,0.00016889386461116374
DRUSEN/63/007_Drusen.tif,DRUSEN-063,val,DRUSEN,drusen,OD,.tif,0.0002502244897186756
DRUSEN/63/008_Drusen.tif,DRUSEN-063,val,DRUSEN,drusen,OD,.tif,0.0003016280825249851
DRUSEN/63/009_Drusen.tif,DRUSEN-063,val,DRUSEN,drusen,OD,.tif,0.00029382528737187386
DRUSEN/63/010_Drusen.tif,DRUSEN-063,val,DRUSEN,drusen,OD,.tif,0.0003060326271224767
DRUSEN/63/011_Drusen.tif,DRUSEN-063,val,DRUSEN,drusen,OD,.tif,0.0002910969196818769
DRUSEN/63/012_Drusen.tif,DRUSEN-063,val,DRUSEN,drusen,OD,.tif,0.0001878425682662055
DRUSEN/63/013_Drusen.tif,DRUSEN-063,val,DRUSEN,drusen,OD,.tif,0.000402056728489697
DRUSEN/63/014_Drusen.tif,DRUSEN-063,val,DRUSEN,drusen,OD,.tif,0.0002186962665291503
DRUSEN/63/015_Drusen.tif,DRUSEN-063,val,DRUSEN,drusen,OD,.tif,0.00023956879158504307
DRUSEN/63/016_Drusen.tif,DRUSEN-063,val,DRUSEN,drusen,OD,.tif,0.00024141046742442995
DRUSEN/63/017_Drusen.tif,DRUSEN-063,val,DRUSEN,drusen,OD,.tif,0.00022713685757480562
DRUSEN/63/018_Drusen.tif,DRUSEN-063,val,DRUSEN,drusen,OD,.tif,0.00018382901907898486
DRUSEN/63/019_Drusen.tif,DRUSEN-063,val,DRUSEN,drusen,OD,.tif,0.00018795591313391924
DRUSEN/63/020_Drusen.tif,DRUSEN-063,val,DRUSEN,drusen,OD,.tif,0.00012343499111011624
DRUSEN/63/021_Drusen.tif,DRUSEN-063,val,DRUSEN,drusen,OD,.tif,0.0002078152319882065
DRUSEN/63/022_Drusen.tif,DRUSEN-063,val,DRUSEN,drusen,OD,.tif,0.00020842549565713853
DRUSEN/63/023_Drusen.tif,DRUSEN-063,val,DRUSEN,drusen,OD,.tif,0.0002572534140199423
DRUSEN/63/024_Drusen.tif,DRUSEN-063,val,DRUSEN,drusen,OD,.tif,0.00019608865841291845
DRUSEN/63/025_Drusen.tif,DRUSEN-063,val,DRUSEN,drusen,OD,.tif,0.00014452454342972487
DRUSEN/63/026_Drusen.tif,DRUSEN-063,val,DRUSEN,drusen,OD,.tif,0.0002116059185937047
DRUSEN/67/000_Drusen.tif,DRUSEN-067,val,DRUSEN,drusen,OD,.tif,0.0001863189972937107
DRUSEN/67/001_Drusen.tif,DRUSEN-067,val,DRUSEN,drusen,OD,.tif,0.00017927950830198824
DRUSEN/67/002_Drusen.tif,DRUSEN-067,val,DRUSEN,drusen,OD,.tif,0.0002214309643022716
DRUSEN/67/003_Drusen.tif,DRUSEN-067,val,DRUSEN,drusen,OD,.tif,0.0002099419361911714
DRUSEN/67/004_Drusen.tif,DRUSEN-067,val,DRUSEN,drusen,OD,.tif,0.0001992557372432202
DRUSEN/67/005_Drusen.tif,DRUSEN-067,val,DRUSEN,drusen,OD,.tif,0.0002567759365774691
DRUSEN/67/006_Drusen.tif,DRUSEN-067,val,DRUSEN,drusen,OD,.tif,0.00030479615088552237
DRUSEN/67/007_Drusen.tif,DRUSEN-067,val,DRUSEN,drusen,OD,.tif,0.00029629754135385156
DRUSEN/67/008_Drusen.tif,DRUSEN-067,val,DRUSEN,drusen,OD,.tif,0.00022551613801624626
DRUSEN/67/009_Drusen.tif,DRUSEN-067,val,DRUSEN,drusen,OD,.tif,0.000380594574380666
DRUSEN/67/010_Drusen.tif,DRUSEN-067,val,DRUSEN,drusen,OD,.tif,0.00026505853747949004
DRUSEN/67/011_Drusen.tif,DRUSEN-067,val,DRUSEN,drusen,OD,.tif,0.00023607135517522693
DRUSEN/67/012_Drusen.tif,DRUSEN-067,val,DRUSEN,drusen,OD,.tif,0.0002986285835504532
DRUSEN/67/013_Drusen.tif,DRUSEN-067,val,DRUSEN,drusen,OD,.tif,0.0002841723617166281
DRUSEN/67/014_Drusen.tif,DRUSEN-067,val,DRUSEN,drusen,OD,.tif,0.0003058612928725779
DRUSEN/67/015_Drusen.tif,DRUSEN-067,val,DRUSEN,drusen,OD,.tif,0.00018829030159395188
DRUSEN/67/016_Drusen.tif,DRUSEN-067,val,DRUSEN,drusen,OD,.tif,0.00017659652803558856
DRUSEN/67/017_Drusen.tif,DRUSEN-067,val,DRUSEN,drusen,OD,.tif,0.0001817758020479232
DRUSEN/67/018_Drusen.tif,DRUSEN-067,val,DRUSEN,drusen,OD,.tif,0.00024105177726596594
DRUSEN/67/019_Drusen.tif,DRUSEN-067,val,DRUSEN,drusen,OD,.tif,0.0002797321940306574
DRUSEN/67/020_Drusen.tif,DRUSEN-067,val,DRUSEN,drusen,OD,.tif,0.000233842758461833
DRUSEN/67/021_Drusen.tif,DRUSEN-067,val,DRUSEN,drusen,OD,.tif,0.00028572199516929686
DRUSEN/67/022_Drusen.tif,DRUSEN-067,val,DRUSEN,drusen,OD,.tif,0.00021830576588399708
DRUSEN/67/023_Drusen.tif,DRUSEN-067,val,DRUSEN,drusen,OD,.tif,0.00029687435016967356
DRUSEN/67/024_Drusen.tif,DRUSEN-067,val,DRUSEN,drusen,OD,.tif,0.0002183720062021166
DRUSEN/67/025_Drusen.tif,DRUSEN-067,val,DRUSEN,drusen,OD,.tif,0.00028036683215759695
DRUSEN/67/026_Drusen.tif,DRUSEN-067,val,DRUSEN,drusen,OD,.tif,0.0001823833299567923
DRUSEN/67/027_Drusen.tif,DRUSEN-067,val,DRUSEN,drusen,OD,.tif,0.00018390931654721498
DRUSEN/67/028_Drusen.tif,DRUSEN-067,val,DRUSEN,drusen,OD,.tif,0.00021822244161739945
DRUSEN/67/029_Drusen.tif,DRUSEN-067,val,DRUSEN,drusen,OD,.tif,0.00029707845533266664
DRUSEN/67/030_Drusen.tif,DRUSEN-067,val,DRUSEN,drusen,OD,.tif,0.00020535141811706126
DRUSEN/69/000_Normal.tif,DRUSEN-069,val,DRUSEN,normal,OD,.tif,0.00036179248127155006
DRUSEN/69/001_Normal.tif,DRUSEN-069,val,DRUSEN,normal,OD,.tif,0.00046756997471675277
DRUSEN/69/002_Normal.tif,DRUSEN-069,val,DRUSEN,normal,OD,.tif,0.0004293956735637039
DRUSEN/69/003_Normal.tif,DRUSEN-069,val,DRUSEN,normal,OD,.tif,0.0004080592771060765
DRUSEN/69/004_Normal.tif,DRUSEN-069,val,DRUSEN,normal,OD,.tif,0.0003840734716504812
DRUSEN/69/005_Drusen.tif,DRUSEN-069,val,DRUSEN,drusen,OD,.tif,0.0004425492079462856
DRUSEN/69/006_Drusen.tif,DRUSEN-069,val,DRUSEN,drusen,OD,.tif,0.00046799349365755916
DRUSEN/69/007_Drusen.tif,DRUSEN-069,val,DRUSEN,drusen,OD,.tif,0.00034988479455932975
DRUSEN/69/008_Drusen.tif,DRUSEN-069,val,DRUSEN,drusen,OD,.tif,0.0003839264973066747
DRUSEN/69/009_Drusen.tif,DRUSEN-069,val,DRUSEN,drusen,OD,.tif,0.00033035941305570304
DRUSEN/69/010_Drusen.tif,DRUSEN-069,val,DRUSEN,drusen,OD,.tif,0.000306724919937551
DRUSEN/69/011_Drusen.tif,DRUSEN-069,val,DRUSEN,drusen,OD,.tif,0.00028741778805851936
DRUSEN/69/012_Drusen.tif,DRUSEN-069,val,DRUSEN,drusen,OD,.tif,0.0002360682119615376
DRUSEN/69/013_Drusen.tif,DRUSEN-069,val,DRUSEN,drusen,OD,.tif,0.0002769994898699224
DRUSEN/69/014_Drusen.tif,DRUSEN-069,val,DRUSEN,drusen,OD,.tif,0.0002822023816406727
DRUSEN/69/015_Drusen.tif,DRUSEN-069,val,DRUSEN,drusen,OD,.tif,0.0003472883254289627
DRUSEN/69/016_Drusen.tif,DRUSEN-069,val,DRUSEN,drusen,OD,.tif,0.0003093439154326916
DRUSEN/69/017_Drusen.tif,DRUSEN-069,val,DRUSEN,drusen,OD,.tif,0.00026134325889870524
DRUSEN/69/018_Drusen.tif,DRUSEN-069,val,DRUSEN,drusen,OD,.tif,0.0003351532795932144
DRUSEN/69/019_Drusen.tif,DRUSEN-069,val,DRUSEN,drusen,OD,.tif,0.00025937880855053663
DRUSEN/69/020_Drusen.tif,DRUSEN-069,val,DRUSEN,drusen,OD,.tif,0.0003008849162142724
DRUSEN/69/021_Drusen.tif,DRUSEN-069,val,DRUSEN,drusen,OD,.tif,0.00025786462356336415
DRUSEN/69/022_Drusen.tif,DRUSEN-069,val,DRUSEN,drusen,OD,.tif,0.0003453283861745149
DRUSEN/69/023_Drusen.tif,DRUSEN-069,val,DRUSEN,drusen,OD,.tif,0.0002497548412065953
DRUSEN/69/024_Drusen.tif,DRUSEN-069,val,DRUSEN,drusen,OD,.tif,0.0002588070055935532
DRUSEN/69/025_Drusen.tif,DRUSEN-069,val,DRUSEN,drusen,OD,.tif,0.0003625633253250271
DRUSEN/69/026_Drusen.tif,DRUSEN-069,val,DRUSEN,drusen,OD,.tif,0.0003228173009119928
DRUSEN/69/027_Drusen.tif,DRUSEN-069,val,DRUSEN,drusen,OD,.tif,0.00036568212090060115
DRUSEN/69/028_Drusen.tif,DRUSEN-069,val,DRUSEN,drusen,OD,.tif,0.00032648275373503566
DRUSEN/69/029_Drusen.tif,DRUSEN-069,val,DRUSEN,drusen,OD,.tif,0.0004247151664458215
DRUSEN/69/030_Drusen.tif,DRUSEN-069,val,DRUSEN,drusen,OD,.tif,0.00025143069797195494
DRUSEN/82/OD/000_Normal.tif,DRUSEN-082,val,DRUSEN,normal,OD,.tif,0.00031087681418284774
DRUSEN/82/OD/001_Normal.tif,DRUSEN-082,val,DRUSEN,normal,OD,.tif,0.00026643669116310775
DRUSEN/82/OD/002_Normal.tif,DRUSEN-082,val,DRUSEN,normal,OD,.tif,0.00021809586905874312
DRUSEN/82/OD/003_Normal.tif,DRUSEN-082,val,DRUSEN,normal,OD,.tif,0.00019421680190134794
DRUSEN/82/OD/004_Normal.tif,DRUSEN-082,val,DRUSEN,normal,OD,.tif,0.00023896037600934505
DRUSEN/82/OD/005_Normal.tif,DRUSEN-082,val,DRUSEN,normal,OD,.tif,0.0002560318389441818
DRUSEN/82/OD/006_Normal.tif,DRUSEN-082,val,DRUSEN,normal,OD,.tif,0.00024354310880880803
DRUSEN/82/OD/007_Normal.tif,DRUSEN-082,val,DRUSEN,normal,OD,.tif,0.0002172079257434234
DRUSEN/82/OD/008_Normal.tif,DRUSEN-082,val,DRUSEN,normal,OD,.tif,0.00020743778441101313
DRUSEN/82/OD/009_Normal.tif,DRUSEN-082,val,DRUSEN,normal,OD,.tif,0.00020743260392919183
DRUSEN/82/OD/010_Drusen.tif,DRUSEN-082,val,DRUSEN,drusen,OD,.tif,0.00016304192831739783
DRUSEN/82/OD/011_Drusen.tif,DRUSEN-082,val,DRUSEN,drusen,OD,.tif,0.00024962599854916334
DRUSEN/82/OD/012_Drusen.tif,DRUSEN-082,val,DRUSEN,drusen,OD,.tif,0.00022236068616621196
DRUSEN/82/OD/013_Drusen.tif,DRUSEN-082,val,DRUSEN,drusen,OD,.tif,0.000420373457018286
DRUSEN/82/OD/014_Drusen.tif,DRUSEN-082,val,DRUSEN,drusen,OD,.tif,0.00034067692467942834
DRUSEN/82/OD/015_Drusen.tif,DRUSEN-082,val,DRUSEN,drusen,OD,.tif,0.000249449978582561
DRUSEN/82/OD/016_Drusen.tif,DRUSEN-082,val,DRUSEN,drusen,OD,.tif,0.0003545645158737898
DRUSEN/82/OD/017_Drusen.tif,DRUSEN-082,val,DRUSEN,drusen,OD,.tif,0.0002493828651495278
DRUSEN/82/OD/018_Drusen.tif,DRUSEN-082,val,DRUSEN,drusen,OD,.tif,0.0002050259499810636
DRUSEN/82/OD/019_Drusen.tif,DRUSEN-082,val,DRUSEN,drusen,OD,.tif,0.0001710850337985903
DRUSEN/82/OD/020_Drusen.tif,DRUSEN-082,val,DRUSEN,drusen,OD,.tif,0.0001756317215040326
DRUSEN/82/OD/021_Drusen.tif,DRUSEN-082,val,DRUSEN,drusen,OD,.tif,0.00028101226780563593
DRUSEN/82/OD/022_Normal.tif,DRUSEN-082,val,DRUSEN,normal,OD,.tif,0.00026590691413730383
DRUSEN/82/OD/023_Normal.tif,DRUSEN-082,val,DRUSEN,normal,OD,.tif,0.00017978705000132322
DRUSEN/82/OD/024_Normal.tif,DRUSEN-082,val,DRUSEN,normal,OD,.tif,0.0003146948874928057
DRUSEN/82/OD/025_Normal.tif,DRUSEN-082,val,DRUSEN,normal,OD,.tif,0.00027935573598369956
DRUSEN/82/OD/026_Normal.tif,DRUSEN-082,val,DRUSEN,normal,OD,.tif,0.00027373863849788904
DRUSEN/82/OD/027_Normal.tif,DRUSEN-082,val,DRUSEN,normal,OD,.tif,0.00031817946000956
DRUSEN/82/OS/000_Normal.tif,DRUSEN-082,val,DRUSEN,normal,OS,.tif,0.0001879514311440289
DRUSEN/82/OS/001_Normal.tif,DRUSEN-082,val,DRUSEN,normal,OS,.tif,0.00028871221002191305
DRUSEN/82/OS/002_Normal.tif,DRUSEN-082,val,DRUSEN,normal,OS,.tif,0.00034388998756185174
DRUSEN/82/OS/003_Normal.tif,DRUSEN-082,val,DRUSEN,normal,OS,.tif,0.0002232005208497867
DRUSEN/82/OS/004_Normal.tif,DRUSEN-082,val,DRUSEN,normal,OS,.tif,0.00023318041348829865
DRUSEN/82/OS/005_Normal.tif,DRUSEN-082,val,DRUSEN,normal,OS,.tif,0.00024103312171064317
DRUSEN/82/OS/006_Normal.tif,DRUSEN-082,val,DRUSEN,normal,OS,.tif,0.0003410758508834988
DRUSEN/82/OS/007_Normal.tif,DRUSEN-082,val,DRUSEN,normal,OS,.tif,0.0002531840873416513
DRUSEN/82/OS/008_Normal.tif,DRUSEN-082,val,DRUSEN,normal,OS,.tif,0.0004578790394589305
DRUSEN/82/OS/009_Drusen.tif,DRUSEN-082,val,DRUSEN,drusen,OS,.tif,0.0003476564888842404
DRUSEN/82/OS/010_Normal.tif,DRUSEN-082,val,DRUSEN,normal,OS,.tif,0.00019629104644991457
DRUSEN/82/OS/011_Drusen.tif,DRUSEN-082,val,DRUSEN,drusen,OS,.tif,0.00034544378286227584
DRUSEN/82/OS/012_Drusen.tif,DRUSEN-082,val,DRUSEN,drusen,OS,.tif,0.0002453236375004053
DRUSEN/82/OS/013_Drusen.tif,DRUSEN-082,val,DRUSEN,drusen,OS,.tif,0.00044186192099004984
DRUSEN/82/OS/014_Drusen.tif,DRUSEN-082,val,DRUSEN,drusen,OS,.tif,0.0002241525216959417
DRUSEN/82/OS/015_Drusen.tif,DRUSEN-082,val,DRUSEN,drusen,OS,.tif,0.00022780355357099324
DRUSEN/82/OS/016_Drusen.tif,DRUSEN-082,val,DRUSEN,drusen,OS,.tif,0.00018551506218500435
DRUSEN/82/OS/017_Drusen.tif,DRUSEN-082,val,DRUSEN,drusen,OS,.tif,0.00017893794574774802
DRUSEN/82/OS/018_Drusen.tif,DRUSEN-082,val,DRUSEN,drusen,OS,.tif,0.0002163631288567558
DRUSEN/82/OS/019_Drusen.tif,DRUSEN-082,val,DRUSEN,drusen,OS,.tif,0.00019206025172024965
DRUSEN/82/OS/020_Drusen.tif,DRUSEN-082,val,DRUSEN,drusen,OS,.tif,0.0001828554377425462
DRUSEN/82/OS/021_Normal.tif,DRUSEN-082,val,DRUSEN,normal,OS,.tif,0.00020669355581048876
DRUSEN/82/OS/022_Normal.tif,DRUSEN-082,val,DRUSEN,normal,OS,.tif,0.0001829846587497741
DRUSEN/82/OS/023_Drusen.tif,DRUSEN-082,val,DRUSEN,drusen,OS,.tif,0.000239794360822998
DRUSEN/82/OS/024_Normal.tif,DRUSEN-082,val,DRUSEN,normal,OS,.tif,0.00016298695118166506
DRUSEN/82/OS/025_Normal.tif,DRUSEN-082,val,DRUSEN,normal,OS,.tif,0.00016665487783029675
DRUSEN/82/OS/026_Normal.tif,DRUSEN-082,val,DRUSEN,normal,OS,.tif,0.0003261457022745162
DRUSEN/82/OS/027_Normal.tif,DRUSEN-082,val,DRUSEN,normal,OS,.tif,0.0003640273353084922
DRUSEN/82/OS/028_Normal.tif,DRUSEN-082,val,DRUSEN,normal,OS,.tif,0.0002535831881687045
DRUSEN/82/OS/029_Normal.tif,DRUSEN-082,val,DRUSEN,normal,OS,.tif,0.00025075770099647343
DRUSEN/82/OS/030_Normal.tif,DRUSEN-082,val,DRUSEN,normal,OS,.tif,0.0003094078856520355
DRUSEN/89/000_Drusen.tif,DRUSEN-089,val,DRUSEN,drusen,OS,.tif,0.00025080746854655445
DRUSEN/89/001_Drusen.tif,DRUSEN-089,val,DRUSEN,drusen,OS,.tif,0.0002862414112314582
DRUSEN/89/002_Drusen.tif,DRUSEN-089,val,DRUSEN,drusen,OS,.tif,0.00023906881688162684
DRUSEN/89/003_Drusen.tif,DRUSEN-089,val,DRUSEN,drusen,OS,.tif,0.0001876574824564159
DRUSEN/89/004_Drusen.tif,DRUSEN-089,val,DRUSEN,drusen,OS,.tif,0.00023311006953008473
DRUSEN/89/005_Drusen.tif,DRUSEN-089,val,DRUSEN,drusen,OS,.tif,0.00023473851615563035
DRUSEN/89/006_Drusen.tif,DRUSEN-089,val,DRUSEN,drusen,OS,.tif,0.00017879890219774097
DRUSEN/89/007_Drusen.tif,DRUSEN-089,val,DRUSEN,drusen,OS,.tif,0.00017966414452530444
DRUSEN/89/008_Drusen.tif,DRUSEN-089,val,DRUSEN,drusen,OS,.tif,0.00021097603894304484
DRUSEN/89/009_Drusen.tif,DRUSEN-089,val,DRUSEN,drusen,OS,.tif,0.00020458651124499738
DRUSEN/89/010_Drusen.tif,DRUSEN-089,val,DRUSEN,drusen,OS,.tif,0.00019567031995393336
DRUSEN/89/011_Drusen.tif,DRUSEN-089,val,DRUSEN,drusen,OS,.tif,0.00014933708007447422
DRUSEN/89/012_Drusen.tif,DRUSEN-089,val,DRUSEN,drusen,OS,.tif,0.00016590539598837495
DRUSEN/89/013_Drusen.tif,DRUSEN-089,val,DRUSEN,drusen,OS,.tif,0.00020800835045520216
DRUSEN/89/014_Drusen.tif,DRUSEN-089,val,DRUSEN,drusen,OS,.tif,0.00018980688764713705
DRUSEN/89/015_Drusen.tif,DRUSEN-089,val,DRUSEN,drusen,OS,.tif,0.0001701551373116672
DRUSEN/89/016_Drusen.tif,DRUSEN-089,val,DRUSEN,drusen,OS,.tif,0.00020200523431412876
DRUSEN/89/017_Drusen.tif,DRUSEN-089,val,DRUSEN,drusen,OS,.tif,0.00031714135548099875
DRUSEN/89/018_Drusen.tif,DRUSEN-089,val,DRUSEN,drusen,OS,.tif,0.0002446756116114557
DRUSEN/89/019_Drusen.tif,DRUSEN-089,val,DRUSEN,drusen,OS,.tif,0.0001686699251877144
DRUSEN/89/020_Drusen.tif,DRUSEN-089,val,DRUSEN,drusen,OS,.tif,0.0002227630466222763
DRUSEN/89/021_Drusen.tif,DRUSEN-089,val,DRUSEN,drusen,OS,.tif,0.00021903123706579208
DRUSEN/89/022_Drusen.tif,DRUSEN-089,val,DRUSEN,drusen,OS,.tif,0.00024129360099323094
DRUSEN/89/023_Drusen.tif,DRUSEN-089,val,DRUSEN,drusen,OS,.tif,0.00033150415401905775
DRUSEN/89/024_Drusen.tif,DRUSEN-089,val,DRUSEN,drusen,OS,.tif,0.000275464728474617
DRUSEN/89/025_Drusen.tif,DRUSEN-089,val,DRUSEN,drusen,OS,.tif,0.00022237555822357535
DRUSEN/89/026_Drusen.tif,DRUSEN-089,val,DRUSEN,drusen,OS,.tif,0.000211602688068524
DRUSEN/89/027_Drusen.tif,DRUSEN-089,val,DRUSEN,drusen,OS,.tif,0.00024149043019860983
DRUSEN/89/028_Drusen.tif,DRUSEN-089,val,DRUSEN,drusen,OS,.tif,0.0002614636323414743
DRUSEN/89/029_Drusen.tif,DRUSEN-089,val,DRUSEN,drusen,OS,.tif,0.00019882812921423465
DRUSEN/89/030_Drusen.tif,DRUSEN-089,val,DRUSEN,drusen,OS,.tif,0.00024265913816634566
DRUSEN/91/000_Normal.tif,DRUSEN-091,val,DRUSEN,normal,OS,.tif,0.0004903009976260364
DRUSEN/91/001_Normal.tif,DRUSEN-091,val,DRUSEN,normal,OS,.tif,0.0005112184444442391
DRUSEN/91/002_Normal.tif,DRUSEN-091,val,DRUSEN,normal,OS,.tif,0.0006537280278280377
DRUSEN/91/003_Normal.tif,DRUSEN-091,val,DRUSEN,normal,OS,.tif,0.0005152610247023404
DRUSEN/91/004_Normal.tif,DRUSEN-091,val,DRUSEN,normal,OS,.tif,0.000393096444895491
DRUSEN/91/005_Normal.tif,DRUSEN-091,val,DRUSEN,normal,OS,.tif,0.0006077919970266521
DRUSEN/91/006_Normal.tif,DRUSEN-091,val,DRUSEN,normal,OS,.tif,0.000443341676145792
DRUSEN/91/007_Drusen.tif,DRUSEN-091,val,DRUSEN,drusen,OS,.tif,0.00044396892189979553
DRUSEN/91/008_Drusen.tif,DRUSEN-091,val,DRUSEN,drusen,OS,.tif,0.00035763983032666147
DRUSEN/91/009_Drusen.tif,DRUSEN-091,val,DRUSEN,drusen,OS,.tif,0.0005426487769000232
DRUSEN/91/010_Drusen.tif,DRUSEN-091,val,DRUSEN,drusen,OS,.tif,0.0003133408026769757
DRUSEN/91/011_Drusen.tif,DRUSEN-091,val,DRUSEN,drusen,OS,.tif,0.0004109935835003853
DRUSEN/91/012_Drusen.tif,DRUSEN-091,val,DRUSEN,drusen,OS,.tif,0.0002653846167959273
DRUSEN/91/013_Drusen.tif,DRUSEN-091,val,DRUSEN,drusen,OS,.tif,0.00029516767244786024
DRUSEN/91/014_Drusen.tif,DRUSEN-091,val,DRUSEN,drusen,OS,.tif,0.00022477305901702493
DRUSEN/91/015_Drusen.tif,DRUSEN-091,val,DRUSEN,drusen,OS,.tif,0.0002674574498087168
DRUSEN/91/016_Drusen.tif,DRUSEN-091,val,DRUSEN,drusen,OS,.tif,0.00033613425330258906
DRUSEN/91/017_Drusen.tif,DRUSEN-091,val,DRUSEN,drusen,OS,.tif,0.0002849018492270261
DRUSEN/91/018_Drusen.tif,DRUSEN-091,val,DRUSEN,drusen,OS,.tif,0.0003248911816626787
DRUSEN/91/019_Drusen.tif,DRUSEN-091,val,DRUSEN,drusen,OS,.tif,0.0005176368285901845
DRUSEN/91/020_Drusen.tif,DRUSEN-091,val,DRUSEN,drusen,OS,.tif,0.00034211226738989353
DRUSEN/91/021_Drusen.tif,DRUSEN-091,val,DRUSEN,drusen,OS,.tif,0.0002890426549129188
DRUSEN/91/022_Drusen.tif,DRUSEN-091,val,DRUSEN,drusen,OS,.tif,0.00022216755314730108
DRUSEN/91/023_Drusen.tif,DRUSEN-091,val,DRUSEN,drusen,OS,.tif,0.0002878422965295613
DRUSEN/91/024_Drusen.tif,DRUSEN-091,val,DRUSEN,drusen,OS,.tif,0.0002707172534428537
DRUSEN/91/025_Drusen.tif,DRUSEN-091,val,DRUSEN,drusen,OS,.tif,0.00040227422141470015
DRUSEN/91/026_Drusen.tif,DRUSEN-091,val,DRUSEN,drusen,OS,.tif,0.0003653296153061092
DRUSEN/91/027_Drusen.tif,DRUSEN-091,val,DRUSEN,drusen,OS,.tif,0.00033493549562990665
DRUSEN/91/028_Drusen.tif,DRUSEN-091,val,DRUSEN,drusen,OS,.tif,0.0003000887227244675
DRUSEN/91/029_Normal.tif,DRUSEN-091,val,DRUSEN,normal,OS,.tif,0.0003235285694245249
DRUSEN/91/030_Normal.tif,DRUSEN-091,val,DRUSEN,normal,OS,.tif,0.0002972168440464884
DRUSEN/94/000_Normal.tif,DRUSEN-094,val,DRUSEN,normal,OS,.tif,0.0002670013636816293
DRUSEN/94/001_Normal.tif,DRUSEN-094,val,DRUSEN,normal,OS,.tif,0.00027447298634797335
DRUSEN/94/002_Normal.tif,DRUSEN-094,val,DRUSEN,normal,OS,.tif,0.0002795040199998766
DRUSEN/94/003_Normal.tif,DRUSEN-094,val,DRUSEN,normal,OS,.tif,0.000347520544892177
DRUSEN/94/004_Normal.tif,DRUSEN-094,val,DRUSEN,normal,OS,.tif,0.0003844675375148654
DRUSEN/94/005_Drusen.tif,DRUSEN-094,val,DRUSEN,drusen,OS,.tif,0.00021518091671168804
DRUSEN/94/006_Normal.tif,DRUSEN-094,val,DRUSEN,normal,OS,.tif,0.0004343428008724004
DRUSEN/94/007_Drusen.tif,DRUSEN-094,val,DRUSEN,drusen,OS,.tif,0.00024705336545594037
DRUSEN/94/008_Drusen.tif,DRUSEN-094,val,DRUSEN,drusen,OS,.tif,0.00030496728140860796
DRUSEN/94/009_Drusen.tif,DRUSEN-094,val,DRUSEN,drusen,OS,.tif,0.0003072198887821287
DRUSEN/94/010_Drusen.tif,DRUSEN-094,val,DRUSEN,drusen,OS,.tif,0.00025323545560240746
DRUSEN/94/011_Drusen.tif,DRUSEN-094,val,DRUSEN,drusen,OS,.tif,0.00022504941443912685
DRUSEN/94/012_Drusen.tif,DRUSEN-094,val,DRUSEN,drusen,OS,.tif,0.00023916951613500714
DRUSEN/94/013_Drusen.tif,DRUSEN-094,val,DRUSEN,drusen,OS,.tif,0.0004061217769049108
DRUSEN/94/014_Drusen.tif,DRUSEN-094,val,DRUSEN,drusen,OS,.tif,0.00026759615866467357
DRUSEN/94/015_Drusen.tif,DRUSEN-094,val,DRUSEN,drusen,OS,.tif,0.00024135228886734694
DRUSEN/94/016_Drusen.tif,DRUSEN-094,val,DRUSEN,drusen,OS,.tif,0.0002891118638217449
DRUSEN/94/017_Drusen.tif,DRUSEN-094,val,DRUSEN,drusen,OS,.tif,0.00038220928399823606
DRUSEN/94/018_Drusen.tif,DRUSEN-094,val,DRUSEN,drusen,OS,.tif,0.0001990482269320637
DRUSEN/94/019_Drusen.tif,DRUSEN-094,val,DRUSEN,drusen,OS,.tif,0.0003272844187449664
DRUSEN/94/020_Drusen.tif,DRUSEN-094,val,DRUSEN,drusen,OS,.tif,0.0002522265713196248
DRUSEN/94/021_Drusen.tif,DRUSEN-094,val,DRUSEN,drusen,OS,.tif,0.00030566685018129647
DRUSEN/94/022_Drusen.tif,DRUSEN-094,val,DRUSEN,drusen,OS,.tif,0.00020887271966785192
DRUSEN/94/023_Drusen.tif,DRUSEN-094,val,DRUSEN,drusen,OS,.tif,0.0002430328750051558
DRUSEN/94/024_Drusen.tif,DRUSEN-094,val,DRUSEN,drusen,OS,.tif,0.00024294803733937442
DRUSEN/94/025_Drusen.tif,DRUSEN-094,val,DRUSEN,drusen,OS,.tif,0.0002962825237773359
DRUSEN/94/026_Drusen.tif,DRUSEN-094,val,DRUSEN,drusen,OS,.tif,0.00029420224018394947
DRUSEN/94/027_Drusen.tif,DRUSEN-094,val,DRUSEN,drusen,OS,.tif,0.0004914311575703323
DRUSEN/94/028_Drusen.tif,DRUSEN-094,val,DRUSEN,drusen,OS,.tif,0.0003186814137734473
DRUSEN/94/029_Normal.tif,DRUSEN-094,val,DRUSEN,normal,OS,.tif,0.0003119042667094618
DRUSEN/94/030_Normal.tif,DRUSEN-094,val,DRUSEN,normal,OS,.tif,0.00024289381690323353
DRUSEN/97/000_Normal.tif,DRUSEN-097,val,DRUSEN,normal,OS,.tif,0.00036495772656053305
DRUSEN/97/001_Normal.tif,DRUSEN-097,val,DRUSEN,normal,OS,.tif,0.0003040687006432563
DRUSEN/97/002_Drusen.tif,DRUSEN-097,val,DRUSEN,drusen,OS,.tif,0.00020856689661741257
DRUSEN/97/003_Drusen.tif,DRUSEN-097,val,DRUSEN,drusen,OS,.tif,0.00037690572207793593
DRUSEN/97/004_Drusen.tif,DRUSEN-097,val,DRUSEN,drusen,OS,.tif,0.00024261698126792908
DRUSEN/97/005_Drusen.tif,DRUSEN-097,val,DRUSEN,drusen,OS,.tif,0.00018451828509569168
DRUSEN/97/006_Drusen.tif,DRUSEN-097,val,DRUSEN,drusen,OS,.tif,0.00027341966051608324
DRUSEN/97/007_Drusen.tif,DRUSEN-097,val,DRUSEN,drusen,OS,.tif,0.00046168541302904487
DRUSEN/97/008_Drusen.tif,DRUSEN-097,val,DRUSEN,drusen,OS,.tif,0.00029777325107716024
DRUSEN/97/009_Drusen.tif,DRUSEN-097,val,DRUSEN,drusen,OS,.tif,0.0002533029473852366
DRUSEN/97/010_Drusen.tif,DRUSEN-097,val,DRUSEN,drusen,OS,.tif,0.00026342584169469774
DRUSEN/97/011_Drusen.tif,DRUSEN-097,val,DRUSEN,drusen,OS,.tif,0.00031429025693796575
DRUSEN/97/012_Drusen.tif,DRUSEN-097,val,DRUSEN,drusen,OS,.tif,0.0002954401425085962
DRUSEN/97/013_Drusen.tif,DRUSEN-097,val,DRUSEN,drusen,OS,.tif,0.0003177128091920167
DRUSEN/97/014_Drusen.tif,DRUSEN-097,val,DRUSEN,drusen,OS,.tif,0.00032229680800810456
DRUSEN/97/015_Drusen.tif,DRUSEN-097,val,DRUSEN,drusen,OS,.tif,0.00028172589372843504
DRUSEN/97/016_Drusen.tif,DRUSEN-097,val,DRUSEN,drusen,OS,.tif,0.00023966352455317974
DRUSEN/97/017_Drusen.tif,DRUSEN-097,val,DRUSEN,drusen,OS,.tif,0.00043166163959540427
DRUSEN/97/018_Drusen.tif,DRUSEN-097,val,DRUSEN,drusen,OS,.tif,0.0005382553790695965
DRUSEN/97/019_Drusen.tif,DRUSEN-097,val,DRUSEN,drusen,OS,.tif,0.00034312321804463863
DRUSEN/97/020_Drusen.tif,DRUSEN-097,val,DRUSEN,drusen,OS,.tif,0.0003425532195251435
DRUSEN/97/021_Drusen.tif,DRUSEN-097,val,DRUSEN,drusen,OS,.tif,0.0003641882794909179
DRUSEN/97/022_Drusen.tif,DRUSEN-097,val,DRUSEN,drusen,OS,.tif,0.000527694181073457
DRUSEN/97/023_Drusen.tif,DRUSEN-097,val,DRUSEN,drusen,OS,.tif,0.0003279011289123446
DRUSEN/97/024_Drusen.tif,DRUSEN-097,val,DRUSEN,drusen,OS,.tif,0.00031558264163322747
DRUSEN/97/025_Drusen.tif,DRUSEN-097,val,DRUSEN,drusen,OS,.tif,0.00025397035642527044
DRUSEN/97/026_Drusen.tif,DRUSEN-097,val,DRUSEN,drusen,OS,.tif,0.0002992544905282557
DRUSEN/97/027_Drusen.tif,DRUSEN-097,val,DRUSEN,drusen,OS,.tif,0.00029624660965055227
DRUSEN/97/028_Drusen.tif,DRUSEN-097,val,DRUSEN,drusen,OS,.tif,0.0003474467375781387
DRUSEN/97/029_Drusen.tif,DRUSEN-097,val,DRUSEN,drusen,OS,.tif,0.00025438409647904336
DRUSEN/97/030_Drusen.tif,DRUSEN-097,val,DRUSEN,drusen,OS,.tif,0.00022849680681247264
DRUSEN/102/000_Normal.jpg,DRUSEN-102,val,DRUSEN,normal,OS,.jpg,0.0002138350682798773
DRUSEN/102/001_Normal.jpg,DRUSEN-102,val,DRUSEN,normal,OS,.jpg,0.000480940769193694
DRUSEN/102/002_Normal.jpg,DRUSEN-102,val,DRUSEN,normal,OS,.jpg,0.000320605409797281
DRUSEN/102/003_Normal.jpg,DRUSEN-102,val,DRUSEN,normal,OS,.jpg,0.0001893569715321064
DRUSEN/102/004_Normal.jpg,DRUSEN-102,val,DRUSEN,normal,OS,.jpg,0.00017868322902359068
DRUSEN/102/005_Normal.jpg,DRUSEN-102,val,DRUSEN,normal,OS,.jpg,0.0002472447231411934
DRUSEN/102/006_Normal.jpg,DRUSEN-102,val,DRUSEN,normal,OS,.jpg,0.0002223985065938905
DRUSEN/102/007_Normal.jpg,DRUSEN-102,val,DRUSEN,normal,OS,.jpg,0.00021608445968013257
DRUSEN/102/008_Drusen.jpg,DRUSEN-102,val,DRUSEN,drusen,OS,.jpg,0.00023470861196983606
DRUSEN/102/009_Drusen.jpg,DRUSEN-102,val,DRUSEN,drusen,OS,.jpg,0.0002653351111803204
DRUSEN/102/010_Normal.jpg,DRUSEN-102,val,DRUSEN,normal,OS,.jpg,0.00022301170974969864
DRUSEN/102/011_Drusen.jpg,DRUSEN-102,val,DRUSEN,drusen,OS,.jpg,0.00023532670456916094
DRUSEN/102/012_Drusen.jpg,DRUSEN-102,val,DRUSEN,drusen,OS,.jpg,0.0002156450500478968
DRUSEN/102/013_Drusen.jpg,DRUSEN-102,val,DRUSEN,drusen,OS,.jpg,0.00020186365873087198
DRUSEN/102/014_Drusen.jpg,DRUSEN-102,val,DRUSEN,drusen,OS,.jpg,0.00023179805430117995
DRUSEN/102/015_Drusen.jpg,DRUSEN-102,val,DRUSEN,drusen,OS,.jpg,0.00036464742152020335
DRUSEN/102/016_Drusen.jpg,DRUSEN-102,val,DRUSEN,drusen,OS,.jpg,0.00034221477108076215
DRUSEN/102/017_Drusen.jpg,DRUSEN-102,val,DRUSEN,drusen,OS,.jpg,0.0003459335712250322
DRUSEN/102/018_Drusen.jpg,DRUSEN-102,val,DRUSEN,drusen,OS,.jpg,0.00018959122826345265
DRUSEN/102/019_Drusen.jpg,DRUSEN-102,val,DRUSEN,drusen,OS,.jpg,0.00020961773407179862
DRUSEN/102/020_Normal.jpg,DRUSEN-102,val,DRUSEN,normal,OS,.jpg,0.00022312099463306367
DRUSEN/102/021_Normal.jpg,DRUSEN-102,val,DRUSEN,normal,OS,.jpg,0.00028911183471791446
DRUSEN/102/022_Normal.jpg,DRUSEN-102,val,DRUSEN,normal,OS,.jpg,0.00022987222473602742
DRUSEN/102/023_Normal.jpg,DRUSEN-102,val,DRUSEN,normal,OS,.jpg,0.00026354845613241196
DRUSEN/102/024_Normal.jpg,DRUSEN-102,val,DRUSEN,normal,OS,.jpg,0.0002663883497007191
DRUSEN/102/025_Normal.jpg,DRUSEN-102,val,DRUSEN,normal,OS,.jpg,0.00027501361910253763
DRUSEN/102/026_Normal.jpg,DRUSEN-102,val,DRUSEN,normal,OS,.jpg,0.0002626834320835769
DRUSEN/102/027_Normal.jpg,DRUSEN-102,val,DRUSEN,normal,OS,.jpg,0.0002912203490268439
DRUSEN/102/028_Normal.jpg,DRUSEN-102,val,DRUSEN,normal,OS,.jpg,0.0003366759920027107
DRUSEN/102/029_Normal.jpg,DRUSEN-102,val,DRUSEN,normal,OS,.jpg,0.0002504098229110241
DRUSEN/102/030_Normal.jpg,DRUSEN-102,val,DRUSEN,normal,OS,.jpg,0.00026273762341588736
DRUSEN/108/000_Normal.tif,DRUSEN-108,val,DRUSEN,normal,OD,.tif,0.00021744366677012295
DRUSEN/108/001_Normal.tif,DRUSEN-108,val,DRUSEN,normal,OD,.tif,0.00022171606542542577
DRUSEN/108/002_Normal.tif,DRUSEN-108,val,DRUSEN,normal,OD,.tif,0.00021280106739141047
DRUSEN/108/003_Normal.tif,DRUSEN-108,val,DRUSEN,normal,OD,.tif,0.0002937748213298619
DRUSEN/108/004_Normal.tif,DRUSEN-108,val,DRUSEN,normal,OD,.tif,0.00028597863274626434
DRUSEN/108/005_Normal.tif,DRUSEN-108,val,DRUSEN,normal,OD,.tif,0.0003019467694684863
DRUSEN/108/006_Normal.tif,DRUSEN-108,val,DRUSEN,normal,OD,.tif,0.00026647449703887105
DRUSEN/108/007_Normal.tif,DRUSEN-108,val,DRUSEN,normal,OD,.tif,0.00026625479222275317
DRUSEN/108/008_Drusen.tif,DRUSEN-108,val,DRUSEN,drusen,OD,.tif,0.0002543827868066728
DRUSEN/108/009_Normal.tif,DRUSEN-108,val,DRUSEN,normal,OD,.tif,0.0002625760971568525
DRUSEN/108/010_Drusen.tif,DRUSEN-108,val,DRUSEN,drusen,OD,.tif,0.0003114656137768179
DRUSEN/108/011_Drusen.tif,DRUSEN-108,val,DRUSEN,drusen,OD,.tif,0.00025628897128626704
DRUSEN/108/012_Drusen.tif,DRUSEN-108,val,DRUSEN,drusen,OD,.tif,0.00033178040757775307
DRUSEN/108/013_Drusen.tif,DRUSEN-108,val,DRUSEN,drusen,OD,.tif,0.00033008199534378946
DRUSEN/108/014_Normal.tif,DRUSEN-108,val,DRUSEN,normal,OD,.tif,0.0002759644412435591
DRUSEN/108/015_Drusen.tif,DRUSEN-108,val,DRUSEN,drusen,OD,.tif,0.00045771480654366314
DRUSEN/108/016_Drusen.tif,DRUSEN-108,val,DRUSEN,drusen,OD,.tif,0.00034609108115546405
DRUSEN/108/017_Drusen.tif,DRUSEN-108,val,DRUSEN,drusen,OD,.tif,0.00025654101045802236
DRUSEN/108/018_Drusen.tif,DRUSEN-108,val,DRUSEN,drusen,OD,.tif,0.00027943315217271447
DRUSEN/108/019_Drusen.tif,DRUSEN-108,val,DRUSEN,drusen,OD,.tif,0.0003275076742284
DRUSEN/108/020_Drusen.tif,DRUSEN-108,val,DRUSEN,drusen,OD,.tif,0.00032077598734758794
DRUSEN/108/021_Drusen.tif,DRUSEN-108,val,DRUSEN,drusen,OD,.tif,0.0002942342543974519
DRUSEN/108/022_Drusen.tif,DRUSEN-108,val,DRUSEN,drusen,OD,.tif,0.00027132677496410906
DRUSEN/108/023_Drusen.tif,DRUSEN-108,val,DRUSEN,drusen,OD,.tif,0.00016907864483073354
DRUSEN/108/024_Normal.tif,DRUSEN-108,val,DRUSEN,normal,OD,.tif,0.00022034755966160446
DRUSEN/108/025_Normal.tif,DRUSEN-108,val,DRUSEN,normal,OD,.tif,0.0001915462635224685
DRUSEN/108/026_Normal.tif,DRUSEN-108,val,DRUSEN,normal,OD,.tif,0.00025345629546791315
DRUSEN/108/027_Normal.tif,DRUSEN-108,val,DRUSEN,normal,OD,.tif,0.00018542789621278644
DRUSEN/108/028_Normal.tif,DRUSEN-108,val,DRUSEN,normal,OD,.tif,0.00022174991318024695
DRUSEN/108/029_Drusen.tif,DRUSEN-108,val,DRUSEN,drusen,OD,.tif,0.0002382463135290891
DRUSEN/108/030_Drusen.tif,DRUSEN-108,val,DRUSEN,drusen,OD,.tif,0.00022345822071656585
DRUSEN/109/000_Drusen.jpg,DRUSEN-109,val,DRUSEN,drusen,OD,.jpg,0.00021889185882173479
DRUSEN/109/001_Drusen.jpg,DRUSEN-109,val,DRUSEN,drusen,OD,.jpg,0.000317816564347595
DRUSEN/109/002_Drusen.jpg,DRUSEN-109,val,DRUSEN,drusen,OD,.jpg,0.00025595008628442883
DRUSEN/109/003_Drusen.jpg,DRUSEN-109,val,DRUSEN,drusen,OD,.jpg,0.0004872968711424619
DRUSEN/109/004_Drusen.jpg,DRUSEN-109,val,DRUSEN,drusen,OD,.jpg,0.0004267204203642905
DRUSEN/109/005_Drusen.jpg,DRUSEN-109,val,DRUSEN,drusen,OD,.jpg,0.00021746719721704721
DRUSEN/109/006_Drusen.jpg,DRUSEN-109,val,DRUSEN,drusen,OD,.jpg,0.0001959293003892526
DRUSEN/109/007_Drusen.jpg,DRUSEN-109,val,DRUSEN,drusen,OD,.jpg,0.00022056797752156854
DRUSEN/109/008_Drusen.jpg,DRUSEN-109,val,DRUSEN,drusen,OD,.jpg,0.0003251330344937742
DRUSEN/109/009_Drusen.jpg,DRUSEN-109,val,DRUSEN,drusen,OD,.jpg,0.00020210666116327047
DRUSEN/109/010_Drusen.jpg,DRUSEN-109,val,DRUSEN,drusen,OD,.jpg,0.00031572263105772436
DRUSEN/109/011_Drusen.jpg,DRUSEN-109,val,DRUSEN,drusen,OD,.jpg,0.00036696484312415123
DRUSEN/109/012_Drusen.jpg,DRUSEN-109,val,DRUSEN,drusen,OD,.jpg,0.00042907247552648187
DRUSEN/109/013_Drusen.jpg,DRUSEN-109,val,DRUSEN,drusen,OD,.jpg,0.00019963417435064912
DRUSEN/109/014_Drusen.jpg,DRUSEN-109,val,DRUSEN,drusen,OD,.jpg,0.0001334858825430274
DRUSEN/109/015_Drusen.jpg,DRUSEN-109,val,DRUSEN,drusen,OD,.jpg,0.0001703693123999983
DRUSEN/109/016_Drusen.jpg,DRUSEN-109,val,DRUSEN,drusen,OD,.jpg,0.00021595926955342293
DRUSEN/109/017_Drusen.jpg,DRUSEN-109,val,DRUSEN,drusen,OD,.jpg,0.00013166213466320187
DRUSEN/109/018_Drusen.jpg,DRUSEN-109,val,DRUSEN,drusen,OD,.jpg,0.0001637758978176862
DRUSEN/109/019_Drusen.jpg,DRUSEN-109,val,DRUSEN,drusen,OD,.jpg,0.00020262051839381456
DRUSEN/109/020_Drusen.jpg,DRUSEN-109,val,DRUSEN,drusen,OD,.jpg,0.00021751697931904346
DRUSEN/109/021_Drusen.jpg,DRUSEN-109,val,DRUSEN,drusen,OD,.jpg,0.00017108573229052126
DRUSEN/109/022_Drusen.jpg,DRUSEN-109,val,DRUSEN,drusen,OD,.jpg,0.0002554117818363011
DRUSEN/109/023_Drusen.jpg,DRUSEN-109,val,DRUSEN,drusen,OD,.jpg,0.00027079274877905846
DRUSEN/109/024_Drusen.jpg,DRUSEN-109,val,DRUSEN,drusen,OD,.jpg,0.00023684022016823292
DRUSEN/109/025_Drusen.jpg,DRUSEN-109,val,DRUSEN,drusen,OD,.jpg,0.0002925776061601937
DRUSEN/109/026_Drusen.jpg,DRUSEN-109,val,DRUSEN,drusen,OD,.jpg,0.00028683897107839584
DRUSEN/109/027_Drusen.jpg,DRUSEN-109,val,DRUSEN,drusen,OD,.jpg,0.00038101448444649577
DRUSEN/109/028_Drusen.jpg,DRUSEN-109,val,DRUSEN,drusen,OD,.jpg,0.00029785794322378933
DRUSEN/109/029_Drusen.jpg,DRUSEN-109,val,DRUSEN,drusen,OD,.jpg,0.0002772951847873628
DRUSEN/109/030_Drusen.jpg,DRUSEN-109,val,DRUSEN,drusen,OD,.jpg,0.0003657467314042151
DRUSEN/112/000_Drusen.tif,DRUSEN-112,val,DRUSEN,drusen,OD,.tif,0.0002986411564052105
DRUSEN/112/001_Normal.tif,DRUSEN-112,val,DRUSEN,normal,OD,.tif,0.00020696051069535315
DRUSEN/112/002_Normal.tif,DRUSEN-112,val,DRUSEN,normal,OD,.tif,0.0002482495328877121
DRUSEN/112/003_Normal.tif,DRUSEN-112,val,DRUSEN,normal,OD,.tif,0.00028918261523358524
DRUSEN/112/004_Normal.tif,DRUSEN-112,val,DRUSEN,normal,OD,.tif,0.00024437037063762546
DRUSEN/112/005_Normal.tif,DRUSEN-112,val,DRUSEN,normal,OD,.tif,0.00021977146388962865
DRUSEN/112/006_Normal.tif,DRUSEN-112,val,DRUSEN,normal,OD,.tif,0.00019021202751901
DRUSEN/112/007_Drusen.tif,DRUSEN-112,val,DRUSEN,drusen,OD,.tif,0.0002556613180786371
DRUSEN/112/008_Drusen.tif,DRUSEN-112,val,DRUSEN,drusen,OD,.tif,0.0001777943834895268
DRUSEN/112/009_Drusen.tif,DRUSEN-112,val,DRUSEN,drusen,OD,.tif,0.00029082587570883334
DRUSEN/112/010_Drusen.tif,DRUSEN-112,val,DRUSEN,drusen,OD,.tif,0.00016299000708386302
DRUSEN/112/011_Drusen.tif,DRUSEN-112,val,DRUSEN,drusen,OD,.tif,0.00019540483481250703
DRUSEN/112/012_Drusen.tif,DRUSEN-112,val,DRUSEN,drusen,OD,.tif,0.00022124714450910687
DRUSEN/112/013_Drusen.tif,DRUSEN-112,val,DRUSEN,drusen,OD,.tif,0.0002153322275262326
DRUSEN/112/014_Drusen.tif,DRUSEN-112,val,DRUSEN,drusen,OD,.tif,0.0002602507593110204
DRUSEN/112/015_Drusen.tif,DRUSEN-112,val,DRUSEN,drusen,OD,.tif,0.0003740129468496889
DRUSEN/112/016_Drusen.tif,DRUSEN-112,val,DRUSEN,drusen,OD,.tif,0.00030319386860355735
DRUSEN/112/017_Drusen.tif,DRUSEN-112,val,DRUSEN,drusen,OD,.tif,0.0005061628762632608
DRUSEN/112/018_Drusen.tif,DRUSEN-112,val,DRUSEN,drusen,OD,.tif,0.00028768068295903504
DRUSEN/112/019_Drusen.tif,DRUSEN-112,val,DRUSEN,drusen,OD,.tif,0.00024128312361426651
DRUSEN/112/020_Drusen.tif,DRUSEN-112,val,DRUSEN,drusen,OD,.tif,0.00025139196077361703
DRUSEN/112/021_Drusen.tif,DRUSEN-112,val,DRUSEN,drusen,OD,.tif,0.00023752493143547326
DRUSEN/112/022_Drusen.tif,DRUSEN-112,val,DRUSEN,drusen,OD,.tif,0.0002222921757493168
DRUSEN/112/023_Drusen.tif,DRUSEN-112,val,DRUSEN,drusen,OD,.tif,0.00023273774422705173
DRUSEN/112/024_Normal.tif,DRUSEN-112,val,DRUSEN,normal,OD,.tif,0.00024282443337142467
DRUSEN/112/025_Normal.tif,DRUSEN-112,val,DRUSEN,normal,OD,.tif,0.0003064553311560303
DRUSEN/112/026_Normal.tif,DRUSEN-112,val,DRUSEN,normal,OD,.tif,0.00022947081015445292
DRUSEN/112/027_Normal.tif,DRUSEN-112,val,DRUSEN,normal,OD,.tif,0.000229042605496943
DRUSEN/112/028_Drusen.tif,DRUSEN-112,val,DRUSEN,drusen,OD,.tif,0.000274132180493325
DRUSEN/112/029_Normal.tif,DRUSEN-112,val,DRUSEN,normal,OD,.tif,0.0002341441868338734
DRUSEN/112/030_Normal.tif,DRUSEN-112,val,DRUSEN,normal,OD,.tif,0.00024687006953172386
DRUSEN/115/000_Drusen.tif,DRUSEN-115,val,DRUSEN,drusen,OD,.tif,0.00020901038078591228
DRUSEN/115/001_Normal.tif,DRUSEN-115,val,DRUSEN,normal,OD,.tif,0.00026019656797870994
DRUSEN/115/002_Normal.tif,DRUSEN-115,val,DRUSEN,normal,OD,.tif,0.00021839476539753377
DRUSEN/115/003_Normal.tif,DRUSEN-115,val,DRUSEN,normal,OD,.tif,0.00023037281061988324
DRUSEN/115/004_Normal.tif,DRUSEN-115,val,DRUSEN,normal,OD,.tif,0.0002093787188641727
DRUSEN/115/005_Normal.tif,DRUSEN-115,val,DRUSEN,normal,OD,.tif,0.0001670669880695641
DRUSEN/115/006_Normal.tif,DRUSEN-115,val,DRUSEN,normal,OD,.tif,0.00021172320703044534
DRUSEN/115/007_Normal.tif,DRUSEN-115,val,DRUSEN,normal,OD,.tif,0.00021523325995076448
DRUSEN/115/008_Normal.tif,DRUSEN-115,val,DRUSEN,normal,OD,.tif,0.0001797269214875996
DRUSEN/115/009_Normal.tif,DRUSEN-115,val,DRUSEN,normal,OD,.tif,0.00022926548263058066
DRUSEN/115/010_Normal.tif,DRUSEN-115,val,DRUSEN,normal,OD,.tif,0.0003191451251041144
DRUSEN/115/011_Normal.tif,DRUSEN-115,val,DRUSEN,normal,OD,.tif,0.000207929260795936
DRUSEN/115/012_Drusen.tif,DRUSEN-115,val,DRUSEN,drusen,OD,.tif,0.00019401847384870052
DRUSEN/115/013_Drusen.tif,DRUSEN-115,val,DRUSEN,drusen,OD,.tif,0.00017613677482586354
DRUSEN/115/014_Drusen.tif,DRUSEN-115,val,DRUSEN,drusen,OD,.tif,0.0001817926240619272
DRUSEN/115/015_Drusen.tif,DRUSEN-115,val,DRUSEN,drusen,OD,.tif,0.00017832597950473428
DRUSEN/115/016_Drusen.tif,DRUSEN-115,val,DRUSEN,drusen,OD,.tif,0.00021331105381250381
DRUSEN/115/017_Drusen.tif,DRUSEN-115,val,DRUSEN,drusen,OD,.tif,0.0001973250473383814
DRUSEN/115/018_Drusen.tif,DRUSEN-115,val,DRUSEN,drusen,OD,.tif,0.0002433721674606204
DRUSEN/115/019_Normal.tif,DRUSEN-115,val,DRUSEN,normal,OD,.tif,0.0001738767750794068
DRUSEN/115/020_Normal.tif,DRUSEN-115,val,DRUSEN,normal,OD,.tif,0.00015130046813283116
DRUSEN/115/021_Normal.tif,DRUSEN-115,val,DRUSEN,normal,OD,.tif,0.00019530115241650492
DRUSEN/115/022_Normal.tif,DRUSEN-115,val,DRUSEN,normal,OD,.tif,0.00019744527526199818
DRUSEN/115/023_Normal.tif,DRUSEN-115,val,DRUSEN,normal,OD,.tif,0.0001607953163329512
DRUSEN/115/024_Normal.tif,DRUSEN-115,val,DRUSEN,normal,OD,.tif,0.00018032858497463167
DRUSEN/115/025_Normal.tif,DRUSEN-115,val,DRUSEN,normal,OD,.tif,0.00024836426018737257
DRUSEN/115/026_Normal.tif,DRUSEN-115,val,DRUSEN,normal,OD,.tif,0.0004650072078220546
DRUSEN/115/027_Normal.tif,DRUSEN-115,val,DRUSEN,normal,OD,.tif,0.00022757533588446677
DRUSEN/115/028_Normal.tif,DRUSEN-115,val,DRUSEN,normal,OD,.tif,0.0002002071269089356
DRUSEN/115/029_Normal.tif,DRUSEN-115,val,DRUSEN,normal,OD,.tif,0.00015034245734568685
DRUSEN/115/030_Normal.tif,DRUSEN-115,val,DRUSEN,normal,OD,.tif,0.0001858222094597295
DRUSEN/116/OD/000_Normal.tif,DRUSEN-116,val,DRUSEN,normal,OD,.tif,0.0001861566270235926
DRUSEN/116/OD/001_Normal.tif,DRUSEN-116,val,DRUSEN,normal,OD,.tif,0.00020116771338507533
DRUSEN/116/OD/002_Normal.tif,DRUSEN-116,val,DRUSEN,normal,OD,.tif,0.0001837268064264208
DRUSEN/116/OD/003_Normal.tif,DRUSEN-116,val,DRUSEN,normal,OD,.tif,0.0002081186685245484
DRUSEN/116/OD/004_Normal.tif,DRUSEN-116,val,DRUSEN,normal,OD,.tif,0.0002706835512071848
DRUSEN/116/OD/005_Normal.tif,DRUSEN-116,val,DRUSEN,normal,OD,.tif,0.00021903662127442658
DRUSEN/116/OD/006_Normal.tif,DRUSEN-116,val,DRUSEN,normal,OD,.tif,0.00018246198305860162
DRUSEN/116/OD/007_Normal.tif,DRUSEN-116,val,DRUSEN,normal,OD,.tif,0.0001780170132406056
DRUSEN/116/OD/008_Drusen.tif,DRUSEN-116,val,DRUSEN,drusen,OD,.tif,0.00025985471438616514
DRUSEN/116/OD/009_Drusen.tif,DRUSEN-116,val,DRUSEN,drusen,OD,.tif,0.00024154888524208218
DRUSEN/116/OD/010_Normal.tif,DRUSEN-116,val,DRUSEN,normal,OD,.tif,0.0002663616032805294
DRUSEN/116/OD/011_Normal.tif,DRUSEN-116,val,DRUSEN,normal,OD,.tif,0.0002492695930413902
DRUSEN/116/OD/012_Drusen.tif,DRUSEN-116,val,DRUSEN,drusen,OD,.tif,0.0002779644855763763
DRUSEN/116/OD/013_Drusen.tif,DRUSEN-116,val,DRUSEN,drusen,OD,.tif,0.00025245980941690505
DRUSEN/116/OD/014_Drusen.tif,DRUSEN-116,val,DRUSEN,drusen,OD,.tif,0.0002832619065884501
DRUSEN/116/OD/015_Drusen.tif,DRUSEN-116,val,DRUSEN,drusen,OD,.tif,0.0003149908734485507
DRUSEN/116/OD/016_Drusen.tif,DRUSEN-116,val,DRUSEN,drusen,OD,.tif,0.0003517828299663961
DRUSEN/116/OD/017_Drusen.tif,DRUSEN-116,val,DRUSEN,drusen,OD,.tif,0.0002850755408871919
DRUSEN/116/OD/018_Drusen.tif,DRUSEN-116,val,DRUSEN,drusen,OD,.tif,0.00021557293075602502
DRUSEN/116/OD/019_Drusen.tif,DRUSEN-116,val,DRUSEN,drusen,OD,.tif,0.00026788952527567744
DRUSEN/116/OD/020_Drusen.tif,DRUSEN-116,val,DRUSEN,drusen,OD,.tif,0.0002492639468982816
DRUSEN/116/OD/021_Normal.tif,DRUSEN-116,val,DRUSEN,normal,OD,.tif,0.0002650469250511378
DRUSEN/116/OD/022_Normal.tif,DRUSEN-116,val,DRUSEN,normal,OD,.tif,0.00022925376833882183
DRUSEN/116/OD/023_Normal.tif,DRUSEN-116,val,DRUSEN,normal,OD,.tif,0.0002811707090586424
DRUSEN/116/OD/024_Normal.tif,DRUSEN-116,val,DRUSEN,normal,OD,.tif,0.00019090530986431986
DRUSEN/116/OD/025_Drusen.tif,DRUSEN-116,val,DRUSEN,drusen,OD,.tif,0.00014552855282090604
DRUSEN/116/OD/026_Normal.tif,DRUSEN-116,val,DRUSEN,normal,OD,.tif,0.00018220648053102195
DRUSEN/116/OD/027_Normal.tif,DRUSEN-116,val,DRUSEN,normal,OD,.tif,0.00017903043772093952
DRUSEN/116/OD/028_Normal.tif,DRUSEN-116,val,DRUSEN,normal,OD,.tif,0.0003477926948107779
DRUSEN/116/OD/029_Normal.tif,DRUSEN-116,val,DRUSEN,normal,OD,.tif,0.00027668674010783434
DRUSEN/116/OD/030_Normal.tif,DRUSEN-116,val,DRUSEN,normal,OD,.tif,0.00029358998290263116
DRUSEN/116/OS/000_Normal.tif,DRUSEN-116,val,DRUSEN,normal,OS,.tif,0.0003196014149580151
DRUSEN/116/OS/001_Normal.tif,DRUSEN-116,val,DRUSEN,normal,OS,.tif,0.00029925425769761205
DRUSEN/116/OS/002_Normal.tif,DRUSEN-116,val,DRUSEN,normal,OS,.tif,0.00027004172443412244
DRUSEN/116/OS/003_Normal.tif,DRUSEN-116,val,DRUSEN,normal,OS,.tif,0.0002169113140553236
DRUSEN/116/OS/004_Normal.tif,DRUSEN-116,val,DRUSEN,normal,OS,.tif,0.0002697119489312172
DRUSEN/116/OS/005_Normal.tif,DRUSEN-116,val,DRUSEN,normal,OS,.tif,0.00023828605480957776
DRUSEN/116/OS/006_Normal.tif,DRUSEN-116,val,DRUSEN,normal,OS,.tif,0.00021822642884217203
DRUSEN/116/OS/007_Drusen.tif,DRUSEN-116,val,DRUSEN,drusen,OS,.tif,0.0002693328424356878
DRUSEN/116/OS/008_Normal.tif,DRUSEN-116,val,DRUSEN,normal,OS,.tif,0.0002024514542426914
DRUSEN/116/OS/009_Drusen.tif,DRUSEN-116,val,DRUSEN,drusen,OS,.tif,0.00024542477331124246
DRUSEN/116/OS/010_Drusen.tif,DRUSEN-116,val,DRUSEN,drusen,OS,.tif,0.00024526898050680757
DRUSEN/116/OS/011_Normal.tif,DRUSEN-116,val,DRUSEN,normal,OS,.tif,0.0002601726446300745
DRUSEN/116/OS/012_Normal.tif,DRUSEN-116,val,DRUSEN,normal,OS,.tif,0.0003302163677290082
DRUSEN/116/OS/013_Normal.tif,DRUSEN-116,val,DRUSEN,normal,OS,.tif,0.0003942606854252517
DRUSEN/116/OS/014_Normal.tif,DRUSEN-116,val,DRUSEN,normal,OS,.tif,0.0003478856524452567
DRUSEN/116/OS/015_Drusen.tif,DRUSEN-116,val,DRUSEN,drusen,OS,.tif,0.00021913190721534193
DRUSEN/116/OS/016_Drusen.tif,DRUSEN-116,val,DRUSEN,drusen,OS,.tif,0.00021718413336202502
DRUSEN/116/OS/017_Drusen.tif,DRUSEN-116,val,DRUSEN,drusen,OS,.tif,0.0002665558713488281
DRUSEN/116/OS/018_Drusen.tif,DRUSEN-116,val,DRUSEN,drusen,OS,.tif,0.0003448912757448852
DRUSEN/116/OS/019_Normal.tif,DRUSEN-116,val,DRUSEN,normal,OS,.tif,0.0003785284061450511
DRUSEN/116/OS/020_Normal.tif,DRUSEN-116,val,DRUSEN,normal,OS,.tif,0.00030810601310804486
DRUSEN/116/OS/021_Normal.tif,DRUSEN-116,val,DRUSEN,normal,OS,.tif,0.00019521245849318802
DRUSEN/116/OS/022_Normal.tif,DRUSEN-116,val,DRUSEN,normal,OS,.tif,0.0002571890945546329
DRUSEN/116/OS/023_Normal.tif,DRUSEN-116,val,DRUSEN,normal,OS,.tif,0.0002832335594575852
DRUSEN/116/OS/024_Normal.tif,DRUSEN-116,val,DRUSEN,normal,OS,.tif,0.00039258127799257636
DRUSEN/116/OS/025_Normal.tif,DRUSEN-116,val,DRUSEN,normal,OS,.tif,0.00025173486210405827
DRUSEN/116/OS/026_Normal.tif,DRUSEN-116,val,DRUSEN,normal,OS,.tif,0.0002793006715364754
DRUSEN/116/OS/027_Normal.tif,DRUSEN-116,val,DRUSEN,normal,OS,.tif,0.00029467613785527647
DRUSEN/116/OS/028_Normal.tif,DRUSEN-116,val,DRUSEN,normal,OS,.tif,0.00020888957078568637
DRUSEN/116/OS/029_Normal.tif,DRUSEN-116,val,DRUSEN,normal,OS,.tif,0.00021235605527181178
DRUSEN/116/OS/030_Normal.tif,DRUSEN-116,val,DRUSEN,normal,OS,.tif,0.00034668942680582404
DRUSEN/118/000_Normal.tif,DRUSEN-118,val,DRUSEN,normal,OD,.tif,0.0002435700735077262
DRUSEN/118/001_Normal.tif,DRUSEN-118,val,DRUSEN,normal,OD,.tif,0.00023655110271647573
DRUSEN/118/002_Normal.tif,DRUSEN-118,val,DRUSEN,normal,OD,.tif,0.0002910553303081542
DRUSEN/118/003_Normal.tif,DRUSEN-118,val,DRUSEN,normal,OD,.tif,0.0002488953177817166
DRUSEN/118/004_Normal.tif,DRUSEN-118,val,DRUSEN,normal,OD,.tif,0.00022573534806724638
DRUSEN/118/005_Normal.tif,DRUSEN-118,val,DRUSEN,normal,OD,.tif,0.00028993809246458113
DRUSEN/118/006_Normal.tif,DRUSEN-118,val,DRUSEN,normal,OD,.tif,0.00017111773195210844
DRUSEN/118/007_Normal.tif,DRUSEN-118,val,DRUSEN,normal,OD,.tif,0.0001993389887502417
DRUSEN/118/008_Normal.tif,DRUSEN-118,val,DRUSEN,normal,OD,.tif,0.00019491813145577908
DRUSEN/118/009_Normal.tif,DRUSEN-118,val,DRUSEN,normal,OD,.tif,0.00018801947589963675
DRUSEN/118/010_Normal.tif,DRUSEN-118,val,DRUSEN,normal,OD,.tif,0.00018587333033792675
DRUSEN/118/011_Normal.tif,DRUSEN-118,val,DRUSEN,normal,OD,.tif,0.00021147969528101385
DRUSEN/118/012_Normal.tif,DRUSEN-118,val,DRUSEN,normal,OD,.tif,0.0002239604073110968
DRUSEN/118/013_Normal.tif,DRUSEN-118,val,DRUSEN,normal,OD,.tif,0.00021704379469156265
DRUSEN/118/014_Drusen.tif,DRUSEN-118,val,DRUSEN,drusen,OD,.tif,0.0002711661218199879
DRUSEN/118/015_Drusen.tif,DRUSEN-118,val,DRUSEN,drusen,OD,.tif,0.0002523231669329107
DRUSEN/118/016_Drusen.tif,DRUSEN-118,val,DRUSEN,drusen,OD,.tif,0.00028141087386757135
DRUSEN/118/017_Drusen.tif,DRUSEN-118,val,DRUSEN,drusen,OD,.tif,0.0002924064174294472
DRUSEN/118/018_Drusen.tif,DRUSEN-118,val,DRUSEN,drusen,OD,.tif,0.0002238770975964144
DRUSEN/118/019_Drusen.tif,DRUSEN-118,val,DRUSEN,drusen,OD,.tif,0.00028296204982325435
DRUSEN/118/020_Normal.tif,DRUSEN-118,val,DRUSEN,normal,OD,.tif,0.00025169565924443305
DRUSEN/118/021_Normal.tif,DRUSEN-118,val,DRUSEN,normal,OD,.tif,0.00020762759959325194
DRUSEN/118/022_Normal.tif,DRUSEN-118,val,DRUSEN,normal,OD,.tif,0.00028293620562180877
DRUSEN/118/023_Normal.tif,DRUSEN-118,val,DRUSEN,normal,OD,.tif,0.00020307584782131016
DRUSEN/118/024_Normal.tif,DRUSEN-118,val,DRUSEN,normal,OD,.tif,0.0003008488565683365
DRUSEN/118/025_Normal.tif,DRUSEN-118,val,DRUSEN,normal,OD,.tif,0.00029137288220226765
DRUSEN/118/026_Normal.tif,DRUSEN-118,val,DRUSEN,normal,OD,.tif,0.00025079940678551793
DRUSEN/118/027_Normal.tif,DRUSEN-118,val,DRUSEN,normal,OD,.tif,0.00027401201077736914
DRUSEN/118/028_Normal.tif,DRUSEN-118,val,DRUSEN,normal,OD,.tif,0.00037123271613381803
DRUSEN/118/029_Normal.tif,DRUSEN-118,val,DRUSEN,normal,OD,.tif,0.0003442157758399844
DRUSEN/118/030_Normal.tif,DRUSEN-118,val,DRUSEN,normal,OD,.tif,0.000273835874395445
DRUSEN/123/OD/000_Drusen.tif,DRUSEN-123,val,DRUSEN,drusen,OD,.tif,0.00031100172782316804
DRUSEN/123/OD/001_Drusen.tif,DRUSEN-123,val,DRUSEN,drusen,OD,.tif,0.00025616586208343506
DRUSEN/123/OD/002_Drusen.tif,DRUSEN-123,val,DRUSEN,drusen,OD,.tif,0.00022734460071660578
DRUSEN/123/OD/003_Drusen.tif,DRUSEN-123,val,DRUSEN,drusen,OD,.tif,0.00018446857575327158
DRUSEN/123/OD/004_Drusen.tif,DRUSEN-123,val,DRUSEN,drusen,OD,.tif,0.00025073939468711615
DRUSEN/123/OD/005_Drusen.tif,DRUSEN-123,val,DRUSEN,drusen,OD,.tif,0.0003370518097653985
DRUSEN/123/OD/006_Drusen.tif,DRUSEN-123,val,DRUSEN,drusen,OD,.tif,0.0002504570293240249
DRUSEN/123/OD/007_Drusen.tif,DRUSEN-123,val,DRUSEN,drusen,OD,.tif,0.00042633648263290524
DRUSEN/123/OD/008_Drusen.tif,DRUSEN-123,val,DRUSEN,drusen,OD,.tif,0.00040322885615751147
DRUSEN/123/OD/009_Drusen.tif,DRUSEN-123,val,DRUSEN,drusen,OD,.tif,0.0003215492470189929
DRUSEN/123/OD/010_Drusen.tif,DRUSEN-123,val,DRUSEN,drusen,OD,.tif,0.0003018990973941982
DRUSEN/123/OD/011_Drusen.tif,DRUSEN-123,val,DRUSEN,drusen,OD,.tif,0.0003473930701147765
DRUSEN/123/OD/012_Drusen.tif,DRUSEN-123,val,DRUSEN,drusen,OD,.tif,0.0002511825878173113
DRUSEN/123/OD/013_Drusen.tif,DRUSEN-123,val,DRUSEN,drusen,OD,.tif,0.0003659346548374742
DRUSEN/123/OD/014_Drusen.tif,DRUSEN-123,val,DRUSEN,drusen,OD,.tif,0.0003170721756760031
DRUSEN/123/OD/015_Drusen.tif,DRUSEN-123,val,DRUSEN,drusen,OD,.tif,0.00024438253603875637
DRUSEN/123/OD/016_Drusen.tif,DRUSEN-123,val,DRUSEN,drusen,OD,.tif,0.0002507344470359385
DRUSEN/123/OD/017_Drusen.tif,DRUSEN-123,val,DRUSEN,drusen,OD,.tif,0.0002716284361667931
DRUSEN/123/OD/018_Drusen.tif,DRUSEN-123,val,DRUSEN,drusen,OD,.tif,0.00024483707966282964
DRUSEN/123/OD/019_Drusen.tif,DRUSEN-123,val,DRUSEN,drusen,OD,.tif,0.00027724483516067266
DRUSEN/123/OD/020_Drusen.tif,DRUSEN-123,val,DRUSEN,drusen,OD,.tif,0.0002970868372358382
DRUSEN/123/OD/021_Drusen.tif,DRUSEN-123,val,DRUSEN,drusen,OD,.tif,0.0003346059238538146
DRUSEN/123/OD/022_Drusen.tif,DRUSEN-123,val,DRUSEN,drusen,OD,.tif,0.000328522059135139
DRUSEN/123/OD/023_Drusen.tif,DRUSEN-123,val,DRUSEN,drusen,OD,.tif,0.0003249051223974675
DRUSEN/123/OD/024_Drusen.tif,DRUSEN-123,val,DRUSEN,drusen,OD,.tif,0.0002794747706502676
DRUSEN/123/OS/000_Drusen.tif,DRUSEN-123,val,DRUSEN,drusen,OS,.tif,0.0003296294016763568
DRUSEN/123/OS/001_Drusen.tif,DRUSEN-123,val,DRUSEN,drusen,OS,.tif,0.00030483619775623083
DRUSEN/123/OS/002_Drusen.tif,DRUSEN-123,val,DRUSEN,drusen,OS,.tif,0.0003768867754843086
DRUSEN/123/OS/003_Drusen.tif,DRUSEN-123,val,DRUSEN,drusen,OS,.tif,0.00041742107714526355
DRUSEN/123/OS/004_Drusen.tif,DRUSEN-123,val,DRUSEN,drusen,OS,.tif,0.0003667277633212507
DRUSEN/123/OS/005_Drusen.tif,DRUSEN-123,val,DRUSEN,drusen,OS,.tif,0.0003913125838153064
DRUSEN/123/OS/006_Drusen.tif,DRUSEN-123,val,DRUSEN,drusen,OS,.tif,0.0004393151612021029
DRUSEN/123/OS/007_Drusen.tif,DRUSEN-123,val,DRUSEN,drusen,OS,.tif,0.0003437090490479022
DRUSEN/123/OS/008_Drusen.tif,DRUSEN-123,val,DRUSEN,drusen,OS,.tif,0.00041318280273117125
DRUSEN/123/OS/009_Drusen.tif,DRUSEN-123,val,DRUSEN,drusen,OS,.tif,0.0005839383229613304
DRUSEN/123/OS/010_Drusen.tif,DRUSEN-123,val,DRUSEN,drusen,OS,.tif,0.0006714423652738333
DRUSEN/123/OS/011_Drusen.tif,DRUSEN-123,val,DRUSEN,drusen,OS,.tif,0.0004393358249217272
DRUSEN/123/OS/012_Drusen.tif,DRUSEN-123,val,DRUSEN,drusen,OS,.tif,0.0003738749655894935
DRUSEN/123/OS/013_Drusen.tif,DRUSEN-123,val,DRUSEN,drusen,OS,.tif,0.0006340450490824878
DRUSEN/123/OS/014_Drusen.tif,DRUSEN-123,val,DRUSEN,drusen,OS,.tif,0.0007146929856389761
DRUSEN/123/OS/015_Drusen.tif,DRUSEN-123,val,DRUSEN,drusen,OS,.tif,0.00048218434676527977
DRUSEN/123/OS/016_Drusen.tif,DRUSEN-123,val,DRUSEN,drusen,OS,.tif,0.00044216495007276535
DRUSEN/123/OS/017_Drusen.tif,DRUSEN-123,val,DRUSEN,drusen,OS,.tif,0.0006507119396701455
DRUSEN/123/OS/018_Drusen.tif,DRUSEN-123,val,DRUSEN,drusen,OS,.tif,0.0005115675739943981
DRUSEN/123/OS/019_Drusen.tif,DRUSEN-123,val,DRUSEN,drusen,OS,.tif,0.0005214029806666076
DRUSEN/123/OS/020_Drusen.tif,DRUSEN-123,val,DRUSEN,drusen,OS,.tif,0.0004994063056074083
DRUSEN/123/OS/021_Drusen.tif,DRUSEN-123,val,DRUSEN,drusen,OS,.tif,0.0005395670887082815
DRUSEN/123/OS/022_Drusen.tif,DRUSEN-123,val,DRUSEN,drusen,OS,.tif,0.0002954452356789261
DRUSEN/123/OS/023_Drusen.tif,DRUSEN-123,val,DRUSEN,drusen,OS,.tif,0.0003487120848149061
DRUSEN/123/OS/024_Drusen.tif,DRUSEN-123,val,DRUSEN,drusen,OS,.tif,0.00037315275403670967
DRUSEN/123/OS/025_Drusen.tif,DRUSEN-123,val,DRUSEN,drusen,OS,.tif,0.00033749648719094694
DRUSEN/123/OS/026_Drusen.tif,DRUSEN-123,val,DRUSEN,drusen,OS,.tif,0.0002530511119402945
DRUSEN/123/OS/027_Drusen.tif,DRUSEN-123,val,DRUSEN,drusen,OS,.tif,0.00030611874535679817
DRUSEN/123/OS/028_Drusen.tif,DRUSEN-123,val,DRUSEN,drusen,OS,.tif,0.0003788703470490873
DRUSEN/123/OS/029_Drusen.tif,DRUSEN-123,val,DRUSEN,drusen,OS,.tif,0.0004012947902083397
DRUSEN/123/OS/030_Drusen.tif,DRUSEN-123,val,DRUSEN,drusen,OS,.tif,0.00028967487742193043
DRUSEN/124/000_Normal.tif,DRUSEN-124,val,DRUSEN,normal,OD,.tif,0.00024391822807956487
DRUSEN/124/001_Drusen.tif,DRUSEN-124,val,DRUSEN,drusen,OD,.tif,0.00023241856251843274
DRUSEN/124/002_Drusen.tif,DRUSEN-124,val,DRUSEN,drusen,OD,.tif,0.00027218906325288117
DRUSEN/124/003_Drusen.tif,DRUSEN-124,val,DRUSEN,drusen,OD,.tif,0.0002163468161597848
DRUSEN/124/004_Drusen.tif,DRUSEN-124,val,DRUSEN,drusen,OD,.tif,0.00021027524780947715
DRUSEN/124/005_Drusen.tif,DRUSEN-124,val,DRUSEN,drusen,OD,.tif,0.00037674253690056503
DRUSEN/124/006_Drusen.tif,DRUSEN-124,val,DRUSEN,drusen,OD,.tif,0.00035971886245533824
DRUSEN/124/007_Drusen.tif,DRUSEN-124,val,DRUSEN,drusen,OD,.tif,0.00017895254131872207
DRUSEN/124/008_Drusen.tif,DRUSEN-124,val,DRUSEN,drusen,OD,.tif,0.00017880916129797697
DRUSEN/124/009_Drusen.tif,DRUSEN-124,val,DRUSEN,drusen,OD,.tif,0.0002875407808460295
DRUSEN/124/010_Drusen.tif,DRUSEN-124,val,DRUSEN,drusen,OD,.tif,0.0002608077193144709
DRUSEN/124/011_Drusen.tif,DRUSEN-124,val,DRUSEN,drusen,OD,.tif,0.0003198724298272282
DRUSEN/124/012_Drusen.tif,DRUSEN-124,val,DRUSEN,drusen,OD,.tif,0.00021664195810444653
DRUSEN/124/013_Drusen.tif,DRUSEN-124,val,DRUSEN,drusen,OD,.tif,0.0004528011195361614
DRUSEN/124/014_Drusen.tif,DRUSEN-124,val,DRUSEN,drusen,OD,.tif,0.00028198776999488473
DRUSEN/124/015_Drusen.tif,DRUSEN-124,val,DRUSEN,drusen,OD,.tif,0.00029427476692944765
DRUSEN/124/016_Drusen.tif,DRUSEN-124,val,DRUSEN,drusen,OD,.tif,0.00023754069115966558
DRUSEN/124/017_Drusen.tif,DRUSEN-124,val,DRUSEN,drusen,OD,.tif,0.0002249333483632654
DRUSEN/124/018_Drusen.tif,DRUSEN-124,val,DRUSEN,drusen,OD,.tif,0.00018279094365425408
DRUSEN/124/019_Drusen.tif,DRUSEN-124,val,DRUSEN,drusen,OD,.tif,0.00027248196420259774
DRUSEN/124/020_Drusen.tif,DRUSEN-124,val,DRUSEN,drusen,OD,.tif,0.0002949785557575524
DRUSEN/124/021_Drusen.tif,DRUSEN-124,val,DRUSEN,drusen,OD,.tif,0.0002481967967469245
DRUSEN/124/022_Drusen.tif,DRUSEN-124,val,DRUSEN,drusen,OD,.tif,0.0002616897108964622
DRUSEN/124/023_Drusen.tif,DRUSEN-124,val,DRUSEN,drusen,OD,.tif,0.0003877505077980459
DRUSEN/124/024_Drusen.tif,DRUSEN-124,val,DRUSEN,drusen,OD,.tif,0.0003753589408006519
DRUSEN/124/025_Drusen.tif,DRUSEN-124,val,DRUSEN,drusen,OD,.tif,0.0002723165671341121
DRUSEN/124/026_Drusen.tif,DRUSEN-124,val,DRUSEN,drusen,OD,.tif,0.00029756934964098036
DRUSEN/124/027_Drusen.tif,DRUSEN-124,val,DRUSEN,drusen,OD,.tif,0.0002759410999715328
DRUSEN/124/028_Drusen.tif,DRUSEN-124,val,DRUSEN,drusen,OD,.tif,0.0005565982428379357
DRUSEN/124/029_Normal.tif,DRUSEN-124,val,DRUSEN,normal,OD,.tif,0.00021093894611112773
DRUSEN/124/030_Drusen.tif,DRUSEN-124,val,DRUSEN,drusen,OD,.tif,0.00026460157823748887
DRUSEN/125/000_Drusen.tif,DRUSEN-125,val,DRUSEN,drusen,OD,.tif,0.0002736250462476164
DRUSEN/125/001_Drusen.tif,DRUSEN-125,val,DRUSEN,drusen,OD,.tif,0.0003017840499524027
DRUSEN/125/002_Drusen.tif,DRUSEN-125,val,DRUSEN,drusen,OD,.tif,0.00027626665541902184
DRUSEN/125/003_Drusen.tif,DRUSEN-125,val,DRUSEN,drusen,OD,.tif,0.00027210672851651907
DRUSEN/125/004_Drusen.tif,DRUSEN-125,val,DRUSEN,drusen,OD,.tif,0.0004185261786915362
DRUSEN/125/005_Drusen.tif,DRUSEN-125,val,DRUSEN,drusen,OD,.tif,0.00027100552688352764
DRUSEN/125/006_Drusen.tif,DRUSEN-125,val,DRUSEN,drusen,OD,.tif,0.00041243666782975197
DRUSEN/125/007_Drusen.tif,DRUSEN-125,val,DRUSEN,drusen,OD,.tif,0.0002860932727344334
DRUSEN/125/008_Drusen.tif,DRUSEN-125,val,DRUSEN,drusen,OD,.tif,0.00021000782726332545
DRUSEN/125/009_Drusen.tif,DRUSEN-125,val,DRUSEN,drusen,OD,.tif,0.0002563188027124852
DRUSEN/125/010_Drusen.tif,DRUSEN-125,val,DRUSEN,drusen,OD,.tif,0.0003994392463937402
DRUSEN/125/011_Drusen.tif,DRUSEN-125,val,DRUSEN,drusen,OD,.tif,0.0003108185774181038
DRUSEN/125/012_Drusen.tif,DRUSEN-125,val,DRUSEN,drusen,OD,.tif,0.00045576540287584066
DRUSEN/125/013_Drusen.tif,DRUSEN-125,val,DRUSEN,drusen,OD,.tif,0.00042539351852610707
DRUSEN/125/014_Drusen.tif,DRUSEN-125,val,DRUSEN,drusen,OD,.tif,0.0003528025117702782
DRUSEN/125/015_Drusen.tif,DRUSEN-125,val,DRUSEN,drusen,OD,.tif,0.00040215341141447425
DRUSEN/125/016_Drusen.tif,DRUSEN-125,val,DRUSEN,drusen,OD,.tif,0.0002954305964522064
DRUSEN/125/017_Drusen.tif,DRUSEN-125,val,DRUSEN,drusen,OD,.tif,0.0004854676953982562
DRUSEN/125/018_Drusen.tif,DRUSEN-125,val,DRUSEN,drusen,OD,.tif,0.00026597926625981927
DRUSEN/125/019_Drusen.tif,DRUSEN-125,val,DRUSEN,drusen,OD,.tif,0.0003486377827357501
DRUSEN/125/020_Drusen.tif,DRUSEN-125,val,DRUSEN,drusen,OD,.tif,0.00035148876486346126
DRUSEN/125/021_Drusen.tif,DRUSEN-125,val,DRUSEN,drusen,OD,.tif,0.00039108574856072664
DRUSEN/125/022_Drusen.tif,DRUSEN-125,val,DRUSEN,drusen,OD,.tif,0.0003296224167570472
DRUSEN/125/023_Drusen.tif,DRUSEN-125,val,DRUSEN,drusen,OD,.tif,0.00027853643405251205
DRUSEN/125/024_Drusen.tif,DRUSEN-125,val,DRUSEN,drusen,OD,.tif,0.00033100100699812174
DRUSEN/125/025_Drusen.tif,DRUSEN-125,val,DRUSEN,drusen,OD,.tif,0.000282617867924273
DRUSEN/125/026_Drusen.tif,DRUSEN-125,val,DRUSEN,drusen,OD,.tif,0.0003665937692858279
DRUSEN/125/027_Drusen.tif,DRUSEN-125,val,DRUSEN,drusen,OD,.tif,0.000290623283945024
DRUSEN/125/028_Drusen.tif,DRUSEN-125,val,DRUSEN,drusen,OD,.tif,0.00032148658647201955
DRUSEN/125/029_Drusen.tif,DRUSEN-125,val,DRUSEN,drusen,OD,.tif,0.0003423049347475171
DRUSEN/125/030_Drusen.tif,DRUSEN-125,val,DRUSEN,drusen,OD,.tif,0.00037558964686468244
DRUSEN/135/000_Drusen.tif,DRUSEN-135,val,DRUSEN,drusen,OD,.tif,0.00031954344012774527
DRUSEN/135/001_Drusen.tif,DRUSEN-135,val,DRUSEN,drusen,OD,.tif,0.00022996898042038083
DRUSEN/135/002_Drusen.tif,DRUSEN-135,val,DRUSEN,drusen,OD,.tif,0.00025503995129838586
DRUSEN/135/003_Drusen.tif,DRUSEN-135,val,DRUSEN,drusen,OD,.tif,0.00015527097275480628
DRUSEN/135/004_Drusen.tif,DRUSEN-135,val,DRUSEN,drusen,OD,.tif,0.00020286267681512982
DRUSEN/135/005_Drusen.tif,DRUSEN-135,val,DRUSEN,drusen,OD,.tif,0.0002064379077637568
DRUSEN/135/006_Drusen.tif,DRUSEN-135,val,DRUSEN,drusen,OD,.tif,0.00021222431678324938
DRUSEN/135/007_Drusen.tif,DRUSEN-135,val,DRUSEN,drusen,OD,.tif,0.00021249563724268228
DRUSEN/135/008_Drusen.tif,DRUSEN-135,val,DRUSEN,drusen,OD,.tif,0.0002568750351201743
DRUSEN/135/009_Drusen.tif,DRUSEN-135,val,DRUSEN,drusen,OD,.tif,0.00023554150538984686
DRUSEN/135/010_Drusen.tif,DRUSEN-135,val,DRUSEN,drusen,OD,.tif,0.00019417560542933643
DRUSEN/135/011_Drusen.tif,DRUSEN-135,val,DRUSEN,drusen,OD,.tif,0.00021101359743624926
DRUSEN/135/012_Drusen.tif,DRUSEN-135,val,DRUSEN,drusen,OD,.tif,0.00023536445223726332
DRUSEN/135/013_Drusen.tif,DRUSEN-135,val,DRUSEN,drusen,OD,.tif,0.00029964663553982973
DRUSEN/135/014_Drusen.tif,DRUSEN-135,val,DRUSEN,drusen,OD,.tif,0.000273939804174006
DRUSEN/135/015_Drusen.tif,DRUSEN-135,val,DRUSEN,drusen,OD,.tif,0.00017470806778874248
DRUSEN/135/016_Drusen.tif,DRUSEN-135,val,DRUSEN,drusen,OD,.tif,0.00021526966884266585
DRUSEN/135/017_Drusen.tif,DRUSEN-135,val,DRUSEN,drusen,OD,.tif,0.00021315521735232323
DRUSEN/135/018_Drusen.tif,DRUSEN-135,val,DRUSEN,drusen,OD,.tif,0.00022249766334425658
DRUSEN/135/019_Drusen.tif,DRUSEN-135,val,DRUSEN,drusen,OD,.tif,0.00020146106544416398
DRUSEN/135/020_Drusen.tif,DRUSEN-135,val,DRUSEN,drusen,OD,.tif,0.00020281871547922492
DRUSEN/135/021_Drusen.tif,DRUSEN-135,val,DRUSEN,drusen,OD,.tif,0.00020087133452761918
DRUSEN/135/022_Drusen.tif,DRUSEN-135,val,DRUSEN,drusen,OD,.tif,0.0001825110666686669
DRUSEN/135/023_Drusen.tif,DRUSEN-135,val,DRUSEN,drusen,OD,.tif,0.00018906818877439946
DRUSEN/135/024_Drusen.tif,DRUSEN-135,val,DRUSEN,drusen,OD,.tif,0.00017603593005333096
DRUSEN/135/025_Drusen.tif,DRUSEN-135,val,DRUSEN,drusen,OD,.tif,0.00019161969248671085
DRUSEN/135/026_Drusen.tif,DRUSEN-135,val,DRUSEN,drusen,OD,.tif,0.0002960077836178243
DRUSEN/135/027_Drusen.tif,DRUSEN-135,val,DRUSEN,drusen,OD,.tif,0.0001927953417180106
DRUSEN/135/028_Drusen.tif,DRUSEN-135,val,DRUSEN,drusen,OD,.tif,0.0002644250344019383
DRUSEN/135/029_Drusen.tif,DRUSEN-135,val,DRUSEN,drusen,OD,.tif,0.00025084929075092077
DRUSEN/135/030_Drusen.tif,DRUSEN-135,val,DRUSEN,drusen,OD,.tif,0.000269236828899011
DRUSEN/148/000_Normal.tif,DRUSEN-148,val,DRUSEN,normal,OS,.tif,0.0007270178175531328
DRUSEN/148/001_Normal.tif,DRUSEN-148,val,DRUSEN,normal,OS,.tif,0.00031167984707280993
DRUSEN/148/002_Normal.tif,DRUSEN-148,val,DRUSEN,normal,OS,.tif,0.0002980576828122139
DRUSEN/148/003_Normal.tif,DRUSEN-148,val,DRUSEN,normal,OS,.tif,0.00023758222232572734
DRUSEN/148/004_Normal.tif,DRUSEN-148,val,DRUSEN,normal,OS,.tif,0.00020263901387806982
DRUSEN/148/005_Normal.tif,DRUSEN-148,val,DRUSEN,normal,OS,.tif,0.0003538173623383045
DRUSEN/148/006_Normal.tif,DRUSEN-148,val,DRUSEN,normal,OS,.tif,0.00019987468840554357
DRUSEN/148/007_Drusen.tif,DRUSEN-148,val,DRUSEN,drusen,OS,.tif,0.00025786246987991035
DRUSEN/148/008_Drusen.tif,DRUSEN-148,val,DRUSEN,drusen,OS,.tif,0.0003674003528431058
DRUSEN/148/009_Drusen.tif,DRUSEN-148,val,DRUSEN,drusen,OS,.tif,0.0003098566667176783
DRUSEN/148/010_Drusen.tif,DRUSEN-148,val,DRUSEN,drusen,OS,.tif,0.00020996859529986978
DRUSEN/148/011_Drusen.tif,DRUSEN-148,val,DRUSEN,drusen,OS,.tif,0.00032564031425863504
DRUSEN/148/012_Drusen.tif,DRUSEN-148,val,DRUSEN,drusen,OS,.tif,0.00025049253599718213
DRUSEN/148/013_Drusen.tif,DRUSEN-148,val,DRUSEN,drusen,OS,.tif,0.00036420373362489045
DRUSEN/148/014_Drusen.tif,DRUSEN-148,val,DRUSEN,drusen,OS,.tif,0.0003939835587516427
DRUSEN/148/015_Drusen.tif,DRUSEN-148,val,DRUSEN,drusen,OS,.tif,0.0002761738433036953
DRUSEN/148/016_Drusen.tif,DRUSEN-148,val,DRUSEN,drusen,OS,.tif,0.00034187384881079197
DRUSEN/148/017_Drusen.tif,DRUSEN-148,val,DRUSEN,drusen,OS,.tif,0.00048366416012868285
DRUSEN/148/018_Drusen.tif,DRUSEN-148,val,DRUSEN,drusen,OS,.tif,0.0003657905326690525
DRUSEN/148/019_Drusen.tif,DRUSEN-148,val,DRUSEN,drusen,OS,.tif,0.0002520538691896945
DRUSEN/148/020_Drusen.tif,DRUSEN-148,val,DRUSEN,drusen,OS,.tif,0.0002447119331918657
DRUSEN/148/021_Drusen.tif,DRUSEN-148,val,DRUSEN,drusen,OS,.tif,0.0002530330093577504
DRUSEN/148/022_Drusen.tif,DRUSEN-148,val,DRUSEN,drusen,OS,.tif,0.00022029750107321888
DRUSEN/148/023_Normal.tif,DRUSEN-148,val,DRUSEN,normal,OS,.tif,0.0004625654255505651
DRUSEN/148/024_Normal.tif,DRUSEN-148,val,DRUSEN,normal,OS,.tif,0.00033855705987662077
DRUSEN/148/025_Normal.tif,DRUSEN-148,val,DRUSEN,normal,OS,.tif,0.0004953808384016156
DRUSEN/148/026_Normal.tif,DRUSEN-148,val,DRUSEN,normal,OS,.tif,0.00037814161623828113
DRUSEN/148/027_Normal.tif,DRUSEN-148,val,DRUSEN,normal,OS,.tif,0.0003085405332967639
DRUSEN/148/028_Normal.tif,DRUSEN-148,val,DRUSEN,normal,OS,.tif,0.00028470446704886854
DRUSEN/148/029_Normal.tif,DRUSEN-148,val,DRUSEN,normal,OS,.tif,0.0003511934482958168
DRUSEN/148/030_Normal.tif,DRUSEN-148,val,DRUSEN,normal,OS,.tif,0.0003617384354583919
DRUSEN/149/OD/000_Normal.tif,DRUSEN-149,val,DRUSEN,normal,OD,.tif,0.00047472212463617325
DRUSEN/149/OD/001_Normal.tif,DRUSEN-149,val,DRUSEN,normal,OD,.tif,0.00033282136428169906
DRUSEN/149/OD/002_Drusen.tif,DRUSEN-149,val,DRUSEN,drusen,OD,.tif,0.0002459596435073763
DRUSEN/149/OD/003_Drusen.tif,DRUSEN-149,val,DRUSEN,drusen,OD,.tif,0.00020205281907692552
DRUSEN/149/OD/004_Drusen.tif,DRUSEN-149,val,DRUSEN,drusen,OD,.tif,0.000203953793970868
DRUSEN/149/OD/005_Drusen.tif,DRUSEN-149,val,DRUSEN,drusen,OD,.tif,0.00022841099416837096
DRUSEN/149/OD/006_Drusen.tif,DRUSEN-149,val,DRUSEN,drusen,OD,.tif,0.00030246947426348925
DRUSEN/149/OD/007_Drusen.tif,DRUSEN-149,val,DRUSEN,drusen,OD,.tif,0.0002887267910409719
DRUSEN/149/OD/008_Drusen.tif,DRUSEN-149,val,DRUSEN,drusen,OD,.tif,0.0004038674524053931
DRUSEN/149/OD/009_Drusen.tif,DRUSEN-149,val,DRUSEN,drusen,OD,.tif,0.0005895852227695286
DRUSEN/149/OD/010_Drusen.tif,DRUSEN-149,val,DRUSEN,drusen,OD,.tif,0.00033333449391648173
DRUSEN/149/OD/011_Drusen.tif,DRUSEN-149,val,DRUSEN,drusen,OD,.tif,0.0006249232683330774
DRUSEN/149/OD/012_Drusen.tif,DRUSEN-149,val,DRUSEN,drusen,OD,.tif,0.00037463681655935943
DRUSEN/149/OD/013_Drusen.tif,DRUSEN-149,val,DRUSEN,drusen,OD,.tif,0.0006080353632569313
DRUSEN/149/OD/014_Drusen.tif,DRUSEN-149,val,DRUSEN,drusen,OD,.tif,0.00025412507238797843
DRUSEN/149/OD/015_Drusen.tif,DRUSEN-149,val,DRUSEN,drusen,OD,.tif,0.0004011345445178449
DRUSEN/149/OD/016_Drusen.tif,DRUSEN-149,val,DRUSEN,drusen,OD,.tif,0.00038261746522039175
DRUSEN/149/OD/017_Drusen.tif,DRUSEN-149,val,DRUSEN,drusen,OD,.tif,0.0006712377071380615
DRUSEN/149/OD/018_Drusen.tif,DRUSEN-149,val,DRUSEN,drusen,OD,.tif,0.0004976720083504915
DRUSEN/149/OD/019_Drusen.tif,DRUSEN-149,val,DRUSEN,drusen,OD,.tif,0.00040546536911278963
DRUSEN/149/OD/020_Drusen.tif,DRUSEN-149,val,DRUSEN,drusen,OD,.tif,0.0002807275450322777
DRUSEN/149/OD/021_Drusen.tif,DRUSEN-149,val,DRUSEN,drusen,OD,.tif,0.0003105986979790032
DRUSEN/149/OD/022_Drusen.tif,DRUSEN-149,val,DRUSEN,drusen,OD,.tif,0.0003832849906757474
DRUSEN/149/OD/023_Drusen.tif,DRUSEN-149,val,DRUSEN,drusen,OD,.tif,0.00026414854801259935
DRUSEN/149/OD/024_Drusen.tif,DRUSEN-149,val,DRUSEN,drusen,OD,.tif,0.0003263172402512282
DRUSEN/149/OD/025_Drusen.tif,DRUSEN-149,val,DRUSEN,drusen,OD,.tif,0.0002793719177134335
DRUSEN/149/OD/026_Drusen.tif,DRUSEN-149,val,DRUSEN,drusen,OD,.tif,0.00027014914667233825
DRUSEN/149/OD/027_Drusen.tif,DRUSEN-149,val,DRUSEN,drusen,OD,.tif,0.0003699658263940364
DRUSEN/149/OD/028_Drusen.tif,DRUSEN-149,val,DRUSEN,drusen,OD,.tif,0.0002710086992010474
DRUSEN/149/OD/029_Drusen.tif,DRUSEN-149,val,DRUSEN,drusen,OD,.tif,0.00026656981208361685
DRUSEN/149/OD/030_Drusen.tif,DRUSEN-149,val,DRUSEN,drusen,OD,.tif,0.0002364545944146812
DRUSEN/149/OS/000_Normal.tif,DRUSEN-149,val,DRUSEN,normal,OS,.tif,0.00026460568187758327
DRUSEN/149/OS/001_Normal.tif,DRUSEN-149,val,DRUSEN,normal,OS,.tif,0.00029321672627702355
DRUSEN/149/OS/002_Normal.tif,DRUSEN-149,val,DRUSEN,normal,OS,.tif,0.00029200949938967824
DRUSEN/149/OS/003_Drusen.tif,DRUSEN-149,val,DRUSEN,drusen,OS,.tif,0.00031320768175646663
DRUSEN/149/OS/004_Drusen.tif,DRUSEN-149,val,DRUSEN,drusen,OS,.tif,0.0002793807361740619
DRUSEN/149/OS/005_Drusen.tif,DRUSEN-149,val,DRUSEN,drusen,OS,.tif,0.0002709994441829622
DRUSEN/149/OS/006_Drusen.tif,DRUSEN-149,val,DRUSEN,drusen,OS,.tif,0.00035611260682344437
DRUSEN/149/OS/007_Drusen.tif,DRUSEN-149,val,DRUSEN,drusen,OS,.tif,0.00024877075338736176
DRUSEN/149/OS/008_Drusen.tif,DRUSEN-149,val,DRUSEN,drusen,OS,.tif,0.0004310075892135501
DRUSEN/149/OS/009_Drusen.tif,DRUSEN-149,val,DRUSEN,drusen,OS,.tif,0.00025894789723679423
DRUSEN/149/OS/010_Drusen.tif,DRUSEN-149,val,DRUSEN,drusen,OS,.tif,0.00034714234061539173
DRUSEN/149/OS/011_Drusen.tif,DRUSEN-149,val,DRUSEN,drusen,OS,.tif,0.0003756274236366153
DRUSEN/149/OS/012_Drusen.tif,DRUSEN-149,val,DRUSEN,drusen,OS,.tif,0.0003046135534532368
DRUSEN/149/OS/013_Drusen.tif,DRUSEN-149,val,DRUSEN,drusen,OS,.tif,0.00033243565121665597
DRUSEN/149/OS/014_Drusen.tif,DRUSEN-149,val,DRUSEN,drusen,OS,.tif,0.00022890242689754814
DRUSEN/149/OS/015_Drusen.tif,DRUSEN-149,val,DRUSEN,drusen,OS,.tif,0.0003054036060348153
DRUSEN/149/OS/016_Drusen.tif,DRUSEN-149,val,DRUSEN,drusen,OS,.tif,0.0003670153091661632
DRUSEN/149/OS/017_Drusen.tif,DRUSEN-149,val,DRUSEN,drusen,OS,.tif,0.0003120651235803962
DRUSEN/149/OS/018_Drusen.tif,DRUSEN-149,val,DRUSEN,drusen,OS,.tif,0.0002777921035885811
DRUSEN/149/OS/019_Drusen.tif,DRUSEN-149,val,DRUSEN,drusen,OS,.tif,0.0002594745601527393
DRUSEN/149/OS/020_Drusen.tif,DRUSEN-149,val,DRUSEN,drusen,OS,.tif,0.0002965986495837569
DRUSEN/149/OS/021_Drusen.tif,DRUSEN-149,val,DRUSEN,drusen,OS,.tif,0.00028634234331548214
DRUSEN/149/OS/022_Drusen.tif,DRUSEN-149,val,DRUSEN,drusen,OS,.tif,0.00023218461137730628
DRUSEN/149/OS/023_Drusen.tif,DRUSEN-149,val,DRUSEN,drusen,OS,.tif,0.0003129953984171152
DRUSEN/149/OS/024_Drusen.tif,DRUSEN-149,val,DRUSEN,drusen,OS,.tif,0.000335502641974017
DRUSEN/149/OS/025_Drusen.tif,DRUSEN-149,val,DRUSEN,drusen,OS,.tif,0.0003092624538112432
DRUSEN/149/OS/026_Drusen.tif,DRUSEN-149,val,DRUSEN,drusen,OS,.tif,0.00033011764753609896
DRUSEN/149/OS/027_Drusen.tif,DRUSEN-149,val,DRUSEN,drusen,OS,.tif,0.00045386271085590124
DRUSEN/149/OS/028_Drusen.tif,DRUSEN-149,val,DRUSEN,drusen,OS,.tif,0.00037335650995373726
DRUSEN/149/OS/029_Drusen.tif,DRUSEN-149,val,DRUSEN,drusen,OS,.tif,0.00039078888949006796
DRUSEN/149/OS/030_Drusen.tif,DRUSEN-149,val,DRUSEN,drusen,OS,.tif,0.0005662061157636344
DRUSEN/151/OD/000_Drusen.tif,DRUSEN-151,val,DRUSEN,drusen,OD,.tif,0.0003348833997733891
DRUSEN/151/OD/001_Drusen.tif,DRUSEN-151,val,DRUSEN,drusen,OD,.tif,0.00034392339875921607
DRUSEN/151/OD/002_Drusen.tif,DRUSEN-151,val,DRUSEN,drusen,OD,.tif,0.0003541102050803602
DRUSEN/151/OD/003_Drusen.tif,DRUSEN-151,val,DRUSEN,drusen,OD,.tif,0.00039068073965609074
DRUSEN/151/OD/004_Normal.tif,DRUSEN-151,val,DRUSEN,normal,OD,.tif,0.00035849871346727014
DRUSEN/151/OD/005_Drusen.tif,DRUSEN-151,val,DRUSEN,drusen,OD,.tif,0.0004089570720680058
DRUSEN/151/OD/006_Drusen.tif,DRUSEN-151,val,DRUSEN,drusen,OD,.tif,0.0003043955366592854
DRUSEN/151/OD/007_Drusen.tif,DRUSEN-151,val,DRUSEN,drusen,OD,.tif,0.0003792985517065972
DRUSEN/151/OD/008_Drusen.tif,DRUSEN-151,val,DRUSEN,drusen,OD,.tif,0.0002857959771063179
DRUSEN/151/OD/009_Drusen.tif,DRUSEN-151,val,DRUSEN,drusen,OD,.tif,0.0002869890886358917
DRUSEN/151/OD/010_Drusen.tif,DRUSEN-151,val,DRUSEN,drusen,OD,.tif,0.0002926139859482646
DRUSEN/151/OD/011_Drusen.tif,DRUSEN-151,val,DRUSEN,drusen,OD,.tif,0.00029004341922700405
DRUSEN/151/OD/012_Drusen.tif,DRUSEN-151,val,DRUSEN,drusen,OD,.tif,0.00037051725666970015
DRUSEN/151/OD/013_Drusen.tif,DRUSEN-151,val,DRUSEN,drusen,OD,.tif,0.00032312492839992046
DRUSEN/151/OD/014_Drusen.tif,DRUSEN-151,val,DRUSEN,drusen,OD,.tif,0.00031761330319568515
DRUSEN/151/OD/015_Drusen.tif,DRUSEN-151,val,DRUSEN,drusen,OD,.tif,0.00034775317180901766
DRUSEN/151/OD/016_Drusen.tif,DRUSEN-151,val,DRUSEN,drusen,OD,.tif,0.0003093552077189088
DRUSEN/151/OD/017_Drusen.tif,DRUSEN-151,val,DRUSEN,drusen,OD,.tif,0.000305851805023849
DRUSEN/151/OD/018_Drusen.tif,DRUSEN-151,val,DRUSEN,drusen,OD,.tif,0.00028786450275219977
DRUSEN/151/OD/019_Drusen.tif,DRUSEN-151,val,DRUSEN,drusen,OD,.tif,0.00042680505430325866
DRUSEN/151/OD/020_Drusen.tif,DRUSEN-151,val,DRUSEN,drusen,OD,.tif,0.00023149827029556036
DRUSEN/151/OD/021_Drusen.tif,DRUSEN-151,val,DRUSEN,drusen,OD,.tif,0.0002490882179699838
DRUSEN/151/OD/022_Drusen.tif,DRUSEN-151,val,DRUSEN,drusen,OD,.tif,0.00024138511798810214
DRUSEN/151/OD/023_Drusen.tif,DRUSEN-151,val,DRUSEN,drusen,OD,.tif,0.00023066200083121657
DRUSEN/151/OD/024_Drusen.tif,DRUSEN-151,val,DRUSEN,drusen,OD,.tif,0.0003093302948400378
DRUSEN/151/OD/025_Drusen.tif,DRUSEN-151,val,DRUSEN,drusen,OD,.tif,0.00026096461806446314
DRUSEN/151/OD/026_Drusen.tif,DRUSEN-151,val,DRUSEN,drusen,OD,.tif,0.00028604897670447826
DRUSEN/151/OD/027_Drusen.tif,DRUSEN-151,val,DRUSEN,drusen,OD,.tif,0.0002959322591777891
DRUSEN/151/OD/028_Drusen.tif,DRUSEN-151,val,DRUSEN,drusen,OD,.tif,0.00041340524330735207
DRUSEN/151/OD/029_Drusen.tif,DRUSEN-151,val,DRUSEN,drusen,OD,.tif,0.00029077980434522033
DRUSEN/151/OD/030_Drusen.tif,DRUSEN-151,val,DRUSEN,drusen,OD,.tif,0.00029844121308997273
DRUSEN/151/OS/000_Normal.tif,DRUSEN-151,val,DRUSEN,normal,OS,.tif,0.0003173970617353916
DRUSEN/151/OS/001_Normal.tif,DRUSEN-151,val,DRUSEN,normal,OS,.tif,0.0005292248679324985
DRUSEN/151/OS/002_Normal.tif,DRUSEN-151,val,DRUSEN,normal,OS,.tif,0.0004175943322479725
DRUSEN/151/OS/003_Drusen.tif,DRUSEN-151,val,DRUSEN,drusen,OS,.tif,0.00037434278056025505
DRUSEN/151/OS/004_Drusen.tif,DRUSEN-151,val,DRUSEN,drusen,OS,.tif,0.0003157458850182593
DRUSEN/151/OS/005_Drusen.tif,DRUSEN-151,val,DRUSEN,drusen,OS,.tif,0.00028021776233799756
DRUSEN/151/OS/006_Drusen.tif,DRUSEN-151,val,DRUSEN,drusen,OS,.tif,0.00037181927473284304
DRUSEN/151/OS/007_Drusen.tif,DRUSEN-151,val,DRUSEN,drusen,OS,.tif,0.0002413707406958565
DRUSEN/151/OS/008_Drusen.tif,DRUSEN-151,val,DRUSEN,drusen,OS,.tif,0.0003077898290939629
DRUSEN/151/OS/009_Drusen.tif,DRUSEN-151,val,DRUSEN,drusen,OS,.tif,0.00040665434789843857
DRUSEN/151/OS/010_Drusen.tif,DRUSEN-151,val,DRUSEN,drusen,OS,.tif,0.00029962960979901254
DRUSEN/151/OS/011_Drusen.tif,DRUSEN-151,val,DRUSEN,drusen,OS,.tif,0.00041381438495591283
DRUSEN/151/OS/012_Drusen.tif,DRUSEN-151,val,DRUSEN,drusen,OS,.tif,0.00046914545237086713
DRUSEN/151/OS/013_Drusen.tif,DRUSEN-151,val,DRUSEN,drusen,OS,.tif,0.0005543701117858291
DRUSEN/151/OS/014_Drusen.tif,DRUSEN-151,val,DRUSEN,drusen,OS,.tif,0.0003463503671810031
DRUSEN/151/OS/015_Drusen.tif,DRUSEN-151,val,DRUSEN,drusen,OS,.tif,0.00037249273736961186
DRUSEN/151/OS/016_Drusen.tif,DRUSEN-151,val,DRUSEN,drusen,OS,.tif,0.0003480922314338386
DRUSEN/151/OS/017_Drusen.tif,DRUSEN-151,val,DRUSEN,drusen,OS,.tif,0.0004007247043773532
DRUSEN/151/OS/018_Drusen.tif,DRUSEN-151,val,DRUSEN,drusen,OS,.tif,0.00035106512950733304
DRUSEN/151/OS/019_Drusen.tif,DRUSEN-151,val,DRUSEN,drusen,OS,.tif,0.0002560928405728191
DRUSEN/151/OS/020_Drusen.tif,DRUSEN-151,val,DRUSEN,drusen,OS,.tif,0.0003200567152816802
DRUSEN/151/OS/021_Drusen.tif,DRUSEN-151,val,DRUSEN,drusen,OS,.tif,0.00036492652725428343
DRUSEN/151/OS/022_Drusen.tif,DRUSEN-151,val,DRUSEN,drusen,OS,.tif,0.000656577292829752
DRUSEN/151/OS/023_Drusen.tif,DRUSEN-151,val,DRUSEN,drusen,OS,.tif,0.0003930054954253137
DRUSEN/151/OS/024_Drusen.tif,DRUSEN-151,val,DRUSEN,drusen,OS,.tif,0.0004641141858883202
DRUSEN/151/OS/025_Drusen.tif,DRUSEN-151,val,DRUSEN,drusen,OS,.tif,0.00031283311545848846
DRUSEN/151/OS/026_Drusen.tif,DRUSEN-151,val,DRUSEN,drusen,OS,.tif,0.00032381992787122726
DRUSEN/151/OS/027_Drusen.tif,DRUSEN-151,val,DRUSEN,drusen,OS,.tif,0.000353344832547009
DRUSEN/151/OS/028_Drusen.tif,DRUSEN-151,val,DRUSEN,drusen,OS,.tif,0.00024048981140367687
DRUSEN/151/OS/029_Drusen.tif,DRUSEN-151,val,DRUSEN,drusen,OS,.tif,0.000276569917332381
DRUSEN/151/OS/030_Drusen.tif,DRUSEN-151,val,DRUSEN,drusen,OS,.tif,0.00031855094130150974
DRUSEN/153/OD/003_Normal.tif,DRUSEN-153,val,DRUSEN,normal,OD,.tif,0.00019145382975693792
DRUSEN/153/OD/004_Normal.tif,DRUSEN-153,val,DRUSEN,normal,OD,.tif,0.0001775722048478201
DRUSEN/153/OD/005_Normal.tif,DRUSEN-153,val,DRUSEN,normal,OD,.tif,0.00012697800411842763
DRUSEN/153/OD/006_Drusen.tif,DRUSEN-153,val,DRUSEN,drusen,OD,.tif,0.00018490914953872561
DRUSEN/153/OD/007_Drusen.tif,DRUSEN-153,val,DRUSEN,drusen,OD,.tif,0.0002468594757374376
DRUSEN/153/OD/008_Drusen.tif,DRUSEN-153,val,DRUSEN,drusen,OD,.tif,0.00026687653735280037
DRUSEN/153/OD/009_Drusen.tif,DRUSEN-153,val,DRUSEN,drusen,OD,.tif,0.0003149181720800698
DRUSEN/153/OD/010_Drusen.tif,DRUSEN-153,val,DRUSEN,drusen,OD,.tif,0.0002720727934502065
DRUSEN/153/OD/011_Drusen.tif,DRUSEN-153,val,DRUSEN,drusen,OD,.tif,0.00023131711350288242
DRUSEN/153/OD/012_Drusen.tif,DRUSEN-153,val,DRUSEN,drusen,OD,.tif,0.00021384608407970518
DRUSEN/153/OD/013_Drusen.tif,DRUSEN-153,val,DRUSEN,drusen,OD,.tif,0.0002480175462551415
DRUSEN/153/OD/014_Drusen.tif,DRUSEN-153,val,DRUSEN,drusen,OD,.tif,0.00033336476190015674
DRUSEN/153/OD/015_Drusen.tif,DRUSEN-153,val,DRUSEN,drusen,OD,.tif,0.0002265679358970374
DRUSEN/153/OD/016_Drusen.tif,DRUSEN-153,val,DRUSEN,drusen,OD,.tif,0.00024305177794303745
DRUSEN/153/OD/017_Drusen.tif,DRUSEN-153,val,DRUSEN,drusen,OD,.tif,0.00017881844541989267
DRUSEN/153/OD/018_Drusen.tif,DRUSEN-153,val,DRUSEN,drusen,OD,.tif,0.00022627761063631624
DRUSEN/153/OD/019_Drusen.tif,DRUSEN-153,val,DRUSEN,drusen,OD,.tif,0.00016355414118152112
DRUSEN/153/OD/020_Drusen.tif,DRUSEN-153,val,DRUSEN,drusen,OD,.tif,0.00022476832964457572
DRUSEN/153/OD/021_Drusen.tif,DRUSEN-153,val,DRUSEN,drusen,OD,.tif,0.0002723222132772207
DRUSEN/153/OD/022_Drusen.tif,DRUSEN-153,val,DRUSEN,drusen,OD,.tif,0.0002536483807489276
DRUSEN/153/OD/023_Normal.tif,DRUSEN-153,val,DRUSEN,normal,OD,.tif,0.0002158879942726344
DRUSEN/153/OD/024_Drusen.tif,DRUSEN-153,val,DRUSEN,drusen,OD,.tif,0.00022446922957897186
DRUSEN/153/OD/025_Normal.tif,DRUSEN-153,val,DRUSEN,normal,OD,.tif,0.00019460772455204278
DRUSEN/153/OD/026_Normal.tif,DRUSEN-153,val,DRUSEN,normal,OD,.tif,0.00023883867834229022
DRUSEN/153/OD/027_Normal.tif,DRUSEN-153,val,DRUSEN,normal,OD,.tif,0.00041021761717274785
DRUSEN/153/OD/028_Normal.tif,DRUSEN-153,val,DRUSEN,normal,OD,.tif,0.0003167137620039284
DRUSEN/153/OD/029_Normal.tif,DRUSEN-153,val,DRUSEN,normal,OD,.tif,0.0002903797721955925
DRUSEN/153/OD/030_Normal.tif,DRUSEN-153,val,DRUSEN,normal,OD,.tif,0.00024413102073594928
DRUSEN/153/OS/003_Drusen.tif,DRUSEN-153,val,DRUSEN,drusen,OS,.tif,0.000305990717606619
DRUSEN/153/OS/004_Normal.tif,DRUSEN-153,val,DRUSEN,normal,OS,.tif,0.00020173375378362834
DRUSEN/153/OS/005_Normal.tif,DRUSEN-153,val,DRUSEN,normal,OS,.tif,0.00019075949967373163
DRUSEN/153/OS/006_Drusen.tif,DRUSEN-153,val,DRUSEN,drusen,OS,.tif,0.0001947956916410476
DRUSEN/153/OS/007_Drusen.tif,DRUSEN-153,val,DRUSEN,drusen,OS,.tif,0.00039688125252723694
DRUSEN/153/OS/008_Drusen.tif,DRUSEN-153,val,DRUSEN,drusen,OS,.tif,0.00035716802813112736
DRUSEN/153/OS/009_Drusen.tif,DRUSEN-153,val,DRUSEN,drusen,OS,.tif,0.00033252054709009826
DRUSEN/153/OS/010_Drusen.tif,DRUSEN-153,val,DRUSEN,drusen,OS,.tif,0.0003377526591066271
DRUSEN/153/OS/011_Drusen.tif,DRUSEN-153,val,DRUSEN,drusen,OS,.tif,0.00022446070215664804
DRUSEN/153/OS/012_Drusen.tif,DRUSEN-153,val,DRUSEN,drusen,OS,.tif,0.0003630142891779542
DRUSEN/153/OS/013_Drusen.tif,DRUSEN-153,val,DRUSEN,drusen,OS,.tif,0.000283281144220382
DRUSEN/153/OS/014_Drusen.tif,DRUSEN-153,val,DRUSEN,drusen,OS,.tif,0.0002926127635873854
DRUSEN/153/OS/015_Drusen.tif,DRUSEN-153,val,DRUSEN,drusen,OS,.tif,0.00024986121570691466
DRUSEN/153/OS/016_Drusen.tif,DRUSEN-153,val,DRUSEN,drusen,OS,.tif,0.0002434475754853338
DRUSEN/153/OS/017_Drusen.tif,DRUSEN-153,val,DRUSEN,drusen,OS,.tif,0.00026697578141465783
DRUSEN/153/OS/018_Drusen.tif,DRUSEN-153,val,DRUSEN,drusen,OS,.tif,0.0002631837851367891
DRUSEN/153/OS/019_Drusen.tif,DRUSEN-153,val,DRUSEN,drusen,OS,.tif,0.00032838276820257306
DRUSEN/153/OS/020_Drusen.tif,DRUSEN-153,val,DRUSEN,drusen,OS,.tif,0.0003509076195769012
DRUSEN/153/OS/021_Drusen.tif,DRUSEN-153,val,DRUSEN,drusen,OS,.tif,0.00029847549740225077
DRUSEN/153/OS/022_Drusen.tif,DRUSEN-153,val,DRUSEN,drusen,OS,.tif,0.00021722317615058273
DRUSEN/153/OS/023_Drusen.tif,DRUSEN-153,val,DRUSEN,drusen,OS,.tif,0.00020714238053187728
DRUSEN/153/OS/024_Normal.tif,DRUSEN-153,val,DRUSEN,normal,OS,.tif,0.00022265451843850315
DRUSEN/153/OS/025_Normal.tif,DRUSEN-153,val,DRUSEN,normal,OS,.tif,0.00018921258742921054
DRUSEN/153/OS/026_Drusen.tif,DRUSEN-153,val,DRUSEN,drusen,OS,.tif,0.00020979528198949993
DRUSEN/153/OS/027_Drusen.tif,DRUSEN-153,val,DRUSEN,drusen,OS,.tif,0.00019937139586545527
DRUSEN/153/OS/028_Drusen.tif,DRUSEN-153,val,DRUSEN,drusen,OS,.tif,0.00016482248611282557
DRUSEN/153/OS/029_Drusen.tif,DRUSEN-153,val,DRUSEN,drusen,OS,.tif,0.0002531319041736424
DRUSEN/153/OS/030_Drusen.tif,DRUSEN-153,val,DRUSEN,drusen,OS,.tif,0.0002009532181546092
NORMAL/7/000_Normal.jpg,NORMAL-007,val,NORMAL,normal,OS,.jpg,0.0002890975447371602
NORMAL/7/001_Normal.jpg,NORMAL-007,val,NORMAL,normal,OS,.jpg,0.0003460124717094004
NORMAL/7/002_Normal.jpg,NORMAL-007,val,NORMAL,normal,OS,.jpg,0.0004039925115648657
NORMAL/7/003_Normal.jpg,NORMAL-007,val,NORMAL,normal,OS,.jpg,0.00044236506801098585
NORMAL/7/004_Normal.jpg,NORMAL-007,val,NORMAL,normal,OS,.jpg,0.0003062795731239021
NORMAL/7/005_Normal.jpg,NORMAL-007,val,NORMAL,normal,OS,.jpg,0.00042635409045033157
NORMAL/7/006_Normal.jpg,NORMAL-007,val,NORMAL,normal,OS,.jpg,0.0003854926326312125
NORMAL/7/007_Normal.jpg,NORMAL-007,val,NORMAL,normal,OS,.jpg,0.0004121995298191905
NORMAL/7/008_Normal.jpg,NORMAL-007,val,NORMAL,normal,OS,.jpg,0.0005302713252604008
NORMAL/7/009_Normal.jpg,NORMAL-007,val,NORMAL,normal,OS,.jpg,0.00039125652983784676
NORMAL/7/010_Normal.jpg,NORMAL-007,val,NORMAL,normal,OS,.jpg,0.0003837715194094926
NORMAL/7/011_Normal.jpg,NORMAL-007,val,NORMAL,normal,OS,.jpg,0.0005580284632742405
NORMAL/7/012_Normal.jpg,NORMAL-007,val,NORMAL,normal,OS,.jpg,0.0003724967536982149
NORMAL/7/013_Normal.jpg,NORMAL-007,val,NORMAL,normal,OS,.jpg,0.00026094596250914037
NORMAL/7/014_Normal.jpg,NORMAL-007,val,NORMAL,normal,OS,.jpg,0.0006133334245532751
NORMAL/7/015_Normal.jpg,NORMAL-007,val,NORMAL,normal,OS,.jpg,0.0002345870016142726
NORMAL/7/016_Normal.jpg,NORMAL-007,val,NORMAL,normal,OS,.jpg,0.0003095525607932359
NORMAL/7/017_Normal.jpg,NORMAL-007,val,NORMAL,normal,OS,.jpg,0.00046602668589912355
NORMAL/7/018_Normal.jpg,NORMAL-007,val,NORMAL,normal,OS,.jpg,0.0005859690718352795
NORMAL/7/019_Normal.jpg,NORMAL-007,val,NORMAL,normal,OS,.jpg,0.0004861868219450116
NORMAL/7/020_Normal.jpg,NORMAL-007,val,NORMAL,normal,OS,.jpg,0.00043472895049490035
NORMAL/7/021_Normal.jpg,NORMAL-007,val,NORMAL,normal,OS,.jpg,0.0003230481524951756
NORMAL/7/022_Normal.jpg,NORMAL-007,val,NORMAL,normal,OS,.jpg,0.00033081043511629105
NORMAL/7/023_Normal.jpg,NORMAL-007,val,NORMAL,normal,OS,.jpg,0.0004685239982791245
NORMAL/7/024_Normal.jpg,NORMAL-007,val,NORMAL,normal,OS,.jpg,0.0007843559142202139
NORMAL/7/025_Normal.jpg,NORMAL-007,val,NORMAL,normal,OS,.jpg,0.0005583118763752282
NORMAL/7/026_Normal.jpg,NORMAL-007,val,NORMAL,normal,OS,.jpg,0.000588943948969245
NORMAL/7/027_Normal.jpg,NORMAL-007,val,NORMAL,normal,OS,.jpg,0.00041889757267199457
NORMAL/7/028_Normal.jpg,NORMAL-007,val,NORMAL,normal,OS,.jpg,0.0003252558526583016
NORMAL/7/029_Normal.jpg,NORMAL-007,val,NORMAL,normal,OS,.jpg,0.00037385098403319716
NORMAL/7/030_Normal.jpg,NORMAL-007,val,NORMAL,normal,OS,.jpg,0.00048598318244330585
NORMAL/12/OD/000_Normal.jpg,NORMAL-012,val,NORMAL,normal,OD,.jpg,0.00025443764752708375
NORMAL/12/OD/001_Normal.jpg,NORMAL-012,val,NORMAL,normal,OD,.jpg,0.0002570856304373592
NORMAL/12/OD/002_Normal.jpg,NORMAL-012,val,NORMAL,normal,OD,.jpg,0.00018986330542247742
NORMAL/12/OD/003_Normal.jpg,NORMAL-012,val,NORMAL,normal,OD,.jpg,0.0002590952208265662
NORMAL/12/OD/004_Normal.jpg,NORMAL-012,val,NORMAL,normal,OD,.jpg,0.00025448412634432316
NORMAL/12/OD/005_Normal.jpg,NORMAL-012,val,NORMAL,normal,OD,.jpg,0.00030309538124129176
NORMAL/12/OD/006_Normal.jpg,NORMAL-012,val,NORMAL,normal,OD,.jpg,0.0002527507022023201
NORMAL/12/OD/007_Normal.jpg,NORMAL-012,val,NORMAL,normal,OD,.jpg,0.00023358018370345235
NORMAL/12/OD/008_Normal.jpg,NORMAL-012,val,NORMAL,normal,OD,.jpg,0.00020574260270223022
NORMAL/12/OD/009_Normal.jpg,NORMAL-012,val,NORMAL,normal,OD,.jpg,0.0002768599952105433
NORMAL/12/OD/010_Normal.jpg,NORMAL-012,val,NORMAL,normal,OD,.jpg,0.00024405730073340237
NORMAL/12/OD/011_Normal.jpg,NORMAL-012,val,NORMAL,normal,OD,.jpg,0.00029884534887969494
NORMAL/12/OD/012_Normal.jpg,NORMAL-012,val,NORMAL,normal,OD,.jpg,0.00021258174092508852
NORMAL/12/OD/013_Normal.jpg,NORMAL-012,val,NORMAL,normal,OD,.jpg,0.0002843748079612851
NORMAL/12/OD/014_Normal.jpg,NORMAL-012,val,NORMAL,normal,OD,.jpg,0.00022310612257570028
NORMAL/12/OD/015_Normal.jpg,NORMAL-012,val,NORMAL,normal,OD,.jpg,0.00022830603120382875
NORMAL/12/OD/016_Normal.jpg,NORMAL-012,val,NORMAL,normal,OD,.jpg,0.00032347458181902766
NORMAL/12/OD/017_Normal.jpg,NORMAL-012,val,NORMAL,normal,OD,.jpg,0.000425389182055369
NORMAL/12/OD/018_Normal.jpg,NORMAL-012,val,NORMAL,normal,OD,.jpg,0.00024709998979233205
NORMAL/12/OD/019_Normal.jpg,NORMAL-012,val,NORMAL,normal,OD,.jpg,0.00027883698930963874
NORMAL/12/OD/020_Normal.jpg,NORMAL-012,val,NORMAL,normal,OD,.jpg,0.0003310233587399125
NORMAL/12/OD/021_Normal.jpg,NORMAL-012,val,NORMAL,normal,OD,.jpg,0.00027886228053830564
NORMAL/12/OD/022_Normal.jpg,NORMAL-012,val,NORMAL,normal,OD,.jpg,0.0003389876219443977
NORMAL/12/OD/023_Normal.jpg,NORMAL-012,val,NORMAL,normal,OD,.jpg,0.00023647642228752375
NORMAL/12/OD/024_Normal.jpg,NORMAL-012,val,NORMAL,normal,OD,.jpg,0.00023328309180215
NORMAL/12/OD/025_Normal.jpg,NORMAL-012,val,NORMAL,normal,OD,.jpg,0.0002543787413742393
NORMAL/12/OD/026_Normal.jpg,NORMAL-012,val,NORMAL,normal,OD,.jpg,0.0002117934636771679
NORMAL/12/OD/027_Normal.jpg,NORMAL-012,val,NORMAL,normal,OD,.jpg,0.0002123190788552165
NORMAL/12/OD/028_Normal.jpg,NORMAL-012,val,NORMAL,normal,OD,.jpg,0.0002620357263367623
NORMAL/12/OD/029_Normal.jpg,NORMAL-012,val,NORMAL,normal,OD,.jpg,0.0002322537766303867
NORMAL/12/OD/030_Normal.jpg,NORMAL-012,val,NORMAL,normal,OD,.jpg,0.0003832340589724481
NORMAL/12/OS/000_Normal.jpg,NORMAL-012,val,NORMAL,normal,OS,.jpg,0.00026872294256463647
NORMAL/12/OS/001_Normal.jpg,NORMAL-012,val,NORMAL,normal,OS,.jpg,0.0002924641303252429
NORMAL/12/OS/002_Normal.jpg,NORMAL-012,val,NORMAL,normal,OS,.jpg,0.00017443399701733142
NORMAL/12/OS/003_Normal.jpg,NORMAL-012,val,NORMAL,normal,OS,.jpg,0.0002543611917644739
NORMAL/12/OS/004_Normal.jpg,NORMAL-012,val,NORMAL,normal,OS,.jpg,0.000199336267542094
NORMAL/12/OS/005_Normal.jpg,NORMAL-012,val,NORMAL,normal,OS,.jpg,0.00018245071987621486
NORMAL/12/OS/006_Normal.jpg,NORMAL-012,val,NORMAL,normal,OS,.jpg,0.00020206534827593714
NORMAL/12/OS/007_Normal.jpg,NORMAL-012,val,NORMAL,normal,OS,.jpg,0.0002728652907535434
NORMAL/12/OS/008_Normal.jpg,NORMAL-012,val,NORMAL,normal,OS,.jpg,0.00020148276234976947
NORMAL/12/OS/009_Normal.jpg,NORMAL-012,val,NORMAL,normal,OS,.jpg,0.00039418996311724186
NORMAL/12/OS/010_Normal.jpg,NORMAL-012,val,NORMAL,normal,OS,.jpg,0.00031168508576229215
NORMAL/12/OS/011_Normal.jpg,NORMAL-012,val,NORMAL,normal,OS,.jpg,0.000348214729456231
NORMAL/12/OS/012_Normal.jpg,NORMAL-012,val,NORMAL,normal,OS,.jpg,0.0002472672495059669
NORMAL/12/OS/013_Normal.jpg,NORMAL-012,val,NORMAL,normal,OS,.jpg,0.0002030698087764904
NORMAL/12/OS/014_Normal.jpg,NORMAL-012,val,NORMAL,normal,OS,.jpg,0.0002420302334940061
NORMAL/12/OS/015_Normal.jpg,NORMAL-012,val,NORMAL,normal,OS,.jpg,0.00022400065790861845
NORMAL/12/OS/016_Normal.jpg,NORMAL-012,val,NORMAL,normal,OS,.jpg,0.00042737287003546953
NORMAL/12/OS/017_Normal.jpg,NORMAL-012,val,NORMAL,normal,OS,.jpg,0.0003229682915844023
NORMAL/12/OS/018_Normal.jpg,NORMAL-012,val,NORMAL,normal,OS,.jpg,0.00039648465462960303
NORMAL/12/OS/019_Normal.jpg,NORMAL-012,val,NORMAL,normal,OS,.jpg,0.00024297171330545098
NORMAL/12/OS/020_Normal.jpg,NORMAL-012,val,NORMAL,normal,OS,.jpg,0.0002791956649161875
NORMAL/12/OS/021_Normal.jpg,NORMAL-012,val,NORMAL,normal,OS,.jpg,0.0002519024128559977
NORMAL/12/OS/022_Normal.jpg,NORMAL-012,val,NORMAL,normal,OS,.jpg,0.0002907278831116855
NORMAL/12/OS/023_Normal.jpg,NORMAL-012,val,NORMAL,normal,OS,.jpg,0.0002745963865891099
NORMAL/12/OS/024_Normal.jpg,NORMAL-012,val,NORMAL,normal,OS,.jpg,0.00027577474247664213
NORMAL/12/OS/025_Normal.jpg,NORMAL-012,val,NORMAL,normal,OS,.jpg,0.00016513672017026693
NORMAL/12/OS/026_Normal.jpg,NORMAL-012,val,NORMAL,normal,OS,.jpg,0.00023677438730373979
NORMAL/12/OS/027_Normal.jpg,NORMAL-012,val,NORMAL,normal,OS,.jpg,0.00022517525940202177
NORMAL/12/OS/028_Normal.jpg,NORMAL-012,val,NORMAL,normal,OS,.jpg,0.0002412455069134012
NORMAL/12/OS/029_Normal.jpg,NORMAL-012,val,NORMAL,normal,OS,.jpg,0.0002252905396744609
NORMAL/12/OS/030_Normal.jpg,NORMAL-012,val,NORMAL,normal,OS,.jpg,0.00021007031318731606
NORMAL/17/OD/000_normal.jpg,NORMAL-017,val,NORMAL,normal,OD,.jpg,0.0003178187180310488
NORMAL/17/OD/001_normal.jpg,NORMAL-017,val,NORMAL,normal,OD,.jpg,0.00027906373725272715
NORMAL/17/OD/002_normal.jpg,NORMAL-017,val,NORMAL,normal,OD,.jpg,0.00020064806449227035
NORMAL/17/OD/003_normal.jpg,NORMAL-017,val,NORMAL,normal,OD,.jpg,0.0002068641479127109
NORMAL/17/OD/004_normal.jpg,NORMAL-017,val,NORMAL,normal,OD,.jpg,0.000334865995682776
NORMAL/17/OD/005_normal.jpg,NORMAL-017,val,NORMAL,normal,OD,.jpg,0.00019350519869476557
NORMAL/17/OD/006_normal.jpg,NORMAL-017,val,NORMAL,normal,OD,.jpg,0.00026325666112825274
NORMAL/17/OD/007_normal.jpg,NORMAL-017,val,NORMAL,normal,OD,.jpg,0.0002334123128093779
NORMAL/17/OD/008_normal.jpg,NORMAL-017,val,NORMAL,normal,OD,.jpg,0.0003789565234910697
NORMAL/17/OD/009_normal.jpg,NORMAL-017,val,NORMAL,normal,OD,.jpg,0.0002562638546805829
NORMAL/17/OD/010_normal.jpg,NORMAL-017,val,NORMAL,normal,OD,.jpg,0.00022538393386639655
NORMAL/17/OD/011_normal.jpg,NORMAL-017,val,NORMAL,normal,OD,.jpg,0.0003114848514087498
NORMAL/17/OD/012_normal.jpg,NORMAL-017,val,NORMAL,normal,OD,.jpg,0.000279899628367275
NORMAL/17/OD/013_normal.jpg,NORMAL-017,val,NORMAL,normal,OD,.jpg,0.0001925977412611246
NORMAL/17/OD/014_normal.jpg,NORMAL-017,val,NORMAL,normal,OD,.jpg,0.00016948184929788113
NORMAL/17/OD/015_normal.jpg,NORMAL-017,val,NORMAL,normal,OD,.jpg,0.00022584130056202412
NORMAL/17/OD/016_normal.jpg,NORMAL-017,val,NORMAL,normal,OD,.jpg,0.00018943117174785584
NORMAL/17/OD/017_normal.jpg,NORMAL-017,val,NORMAL,normal,OD,.jpg,0.00021283977548591793
NORMAL/17/OD/018_normal.jpg,NORMAL-017,val,NORMAL,normal,OD,.jpg,0.0002535532112233341
NORMAL/17/OD/019_normal.jpg,NORMAL-017,val,NORMAL,normal,OD,.jpg,0.00024150572426151484
NORMAL/17/OD/020_normal.jpg,NORMAL-017,val,NORMAL,normal,OD,.jpg,0.0002209496742580086
NORMAL/17/OD/021_normal.jpg,NORMAL-017,val,NORMAL,normal,OD,.jpg,0.0002804562682285905
NORMAL/17/OD/022_normal.jpg,NORMAL-017,val,NORMAL,normal,OD,.jpg,0.00030770484590902925
NORMAL/17/OD/023_normal.jpg,NORMAL-017,val,NORMAL,normal,OD,.jpg,0.0002807856653816998
NORMAL/17/OD/024_normal.jpg,NORMAL-017,val,NORMAL,normal,OD,.jpg,0.00019733261433430016
NORMAL/17/OD/025_normal.jpg,NORMAL-017,val,NORMAL,normal,OD,.jpg,0.0001960677036549896
NORMAL/17/OD/026_normal.jpg,NORMAL-017,val,NORMAL,normal,OD,.jpg,0.00022523486404679716
NORMAL/17/OD/027_normal.jpg,NORMAL-017,val,NORMAL,normal,OD,.jpg,0.00022833574621472508
NORMAL/17/OD/028_normal.jpg,NORMAL-017,val,NORMAL,normal,OD,.jpg,0.00019796415290329605
NORMAL/17/OD/029_normal.jpg,NORMAL-017,val,NORMAL,normal,OD,.jpg,0.0002486734592821449
NORMAL/17/OD/030_normal.jpg,NORMAL-017,val,NORMAL,normal,OD,.jpg,0.00022874011483509094
NORMAL/17/OS/000_normal.jpg,NORMAL-017,val,NORMAL,normal,OS,.jpg,0.000255545717664063
NORMAL/17/OS/001_normal.jpg,NORMAL-017,val,NORMAL,normal,OS,.jpg,0.0005165663314983249
NORMAL/17/OS/002_normal.jpg,NORMAL-017,val,NORMAL,normal,OS,.jpg,0.0004634649376384914
NORMAL/17/OS/003_normal.jpg,NORMAL-017,val,NORMAL,normal,OS,.jpg,0.00025766564067453146
NORMAL/17/OS/004_normal.jpg,NORMAL-017,val,NORMAL,normal,OS,.jpg,0.00040020199958235025
NORMAL/17/OS/005_normal.jpg,NORMAL-017,val,NORMAL,normal,OS,.jpg,0.0002482514246366918
NORMAL/17/OS/006_normal.jpg,NORMAL-017,val,NORMAL,normal,OS,.jpg,0.0004205612058285624
NORMAL/17/OS/007_normal.jpg,NORMAL-017,val,NORMAL,normal,OS,.jpg,0.0002836979110725224
NORMAL/17/OS/008_normal.jpg,NORMAL-017,val,NORMAL,normal,OS,.jpg,0.0003851159999612719
NORMAL/17/OS/009_normal.jpg,NORMAL-017,val,NORMAL,normal,OS,.jpg,0.00032363925129175186
NORMAL/17/OS/010_normal.jpg,NORMAL-017,val,NORMAL,normal,OS,.jpg,0.0003436979604884982
NORMAL/17/OS/011_normal.jpg,NORMAL-017,val,NORMAL,normal,OS,.jpg,0.00029800308402627707
NORMAL/17/OS/012_normal.jpg,NORMAL-017,val,NORMAL,normal,OS,.jpg,0.00022963713854551315
NORMAL/17/OS/013_normal.jpg,NORMAL-017,val,NORMAL,normal,OS,.jpg,0.0002916576631832868
NORMAL/17/OS/014_normal.jpg,NORMAL-017,val,NORMAL,normal,OS,.jpg,0.0003496749559417367
NORMAL/17/OS/015_normal.jpg,NORMAL-017,val,NORMAL,normal,OS,.jpg,0.00028991085127927363
NORMAL/17/OS/016_normal.jpg,NORMAL-017,val,NORMAL,normal,OS,.jpg,0.0004225129378028214
NORMAL/17/OS/017_normal.jpg,NORMAL-017,val,NORMAL,normal,OS,.jpg,0.00038640337879769504
NORMAL/17/OS/018_normal.jpg,NORMAL-017,val,NORMAL,normal,OS,.jpg,0.0003562484635040164
NORMAL/17/OS/019_normal.jpg,NORMAL-017,val,NORMAL,normal,OS,.jpg,0.0003201220533810556
NORMAL/17/OS/020_normal.jpg,NORMAL-017,val,NORMAL,normal,OS,.jpg,0.00046752163325436413
NORMAL/17/OS/021_normal.jpg,NORMAL-017,val,NORMAL,normal,OS,.jpg,0.00022341143630910665
NORMAL/17/OS/022_normal.jpg,NORMAL-017,val,NORMAL,normal,OS,.jpg,0.00022314285160973668
NORMAL/17/OS/023_normal.jpg,NORMAL-017,val,NORMAL,normal,OS,.jpg,0.00024349422892555594
NORMAL/17/OS/024_normal.jpg,NORMAL-017,val,NORMAL,normal,OS,.jpg,0.00030756142223253846
NORMAL/17/OS/025_normal.jpg,NORMAL-017,val,NORMAL,normal,OS,.jpg,0.00035913119791075587
NORMAL/17/OS/026_normal.jpg,NORMAL-017,val,NORMAL,normal,OS,.jpg,0.00028022026526741683
NORMAL/17/OS/027_normal.jpg,NORMAL-017,val,NORMAL,normal,OS,.jpg,0.00022320552670862526
NORMAL/17/OS/028_normal.jpg,NORMAL-017,val,NORMAL,normal,OS,.jpg,0.00022307189647108316
NORMAL/17/OS/029_normal.jpg,NORMAL-017,val,NORMAL,normal,OS,.jpg,0.00038482312811538577
NORMAL/17/OS/030_normal.jpg,NORMAL-017,val,NORMAL,normal,OS,.jpg,0.00030948984203860164
NORMAL/31/000_Normal.tif,NORMAL-031,val,NORMAL,normal,OD,.tif,0.0002838140935637057
NORMAL/31/001_Normal.tif,NORMAL-031,val,NORMAL,normal,OD,.tif,0.00023430658620782197
NORMAL/31/002_Normal.tif,NORMAL-031,val,NORMAL,normal,OD,.tif,0.0002390955196460709
NORMAL/31/003_Normal.tif,NORMAL-031,val,NORMAL,normal,OD,.tif,0.0003022861492354423
NORMAL/31/004_Normal.tif,NORMAL-031,val,NORMAL,normal,OD,.tif,0.00022752919176127762
NORMAL/31/005_Normal.tif,NORMAL-031,val,NORMAL,normal,OD,.tif,0.0002380337828071788
NORMAL/31/006_Normal.tif,NORMAL-031,val,NORMAL,normal,OD,.tif,0.0002680056495591998
NORMAL/31/007_Normal.tif,NORMAL-031,val,NORMAL,normal,OD,.tif,0.00030771660385653377
NORMAL/31/008_Normal.tif,NORMAL-031,val,NORMAL,normal,OD,.tif,0.00047849956899881363
NORMAL/31/009_Normal.tif,NORMAL-031,val,NORMAL,normal,OD,.tif,0.0004865655500907451
NORMAL/31/010_Normal.tif,NORMAL-031,val,NORMAL,normal,OD,.tif,0.0006820214912295341
NORMAL/31/011_Normal.tif,NORMAL-031,val,NORMAL,normal,OD,.tif,0.000620261998847127
NORMAL/31/012_Normal.tif,NORMAL-031,val,NORMAL,normal,OD,.tif,0.000571048294659704
NORMAL/31/013_Normal.tif,NORMAL-031,val,NORMAL,normal,OD,.tif,0.00043586015817709267
NORMAL/31/014_Normal.tif,NORMAL-031,val,NORMAL,normal,OD,.tif,0.000337897683493793
NORMAL/31/015_Normal.tif,NORMAL-031,val,NORMAL,normal,OD,.tif,0.0003123587230220437
NORMAL/31/016_Normal.tif,NORMAL-031,val,NORMAL,normal,OD,.tif,0.0002628411166369915
NORMAL/31/017_Normal.tif,NORMAL-031,val,NORMAL,normal,OD,.tif,0.0003081756003666669
NORMAL/31/018_Normal.tif,NORMAL-031,val,NORMAL,normal,OD,.tif,0.00033445656299591064
NORMAL/31/019_Normal.tif,NORMAL-031,val,NORMAL,normal,OD,.tif,0.00019950518617406487
NORMAL/31/020_Normal.tif,NORMAL-031,val,NORMAL,normal,OD,.tif,0.00023877779312897474
NORMAL/31/021_Normal.tif,NORMAL-031,val,NORMAL,normal,OD,.tif,0.00026253738906234503
NORMAL/31/022_Normal.tif,NORMAL-031,val,NORMAL,normal,OD,.tif,0.00029731212998740375
NORMAL/31/023_Normal.tif,NORMAL-031,val,NORMAL,normal,OD,.tif,0.0002773446321953088
NORMAL/31/024_Normal.tif,NORMAL-031,val,NORMAL,normal,OD,.tif,0.0002814914332702756
NORMAL/31/025_Normal.tif,NORMAL-031,val,NORMAL,normal,OD,.tif,0.00028932667919434607
NORMAL/31/026_Normal.tif,NORMAL-031,val,NORMAL,normal,OD,.tif,0.000232773891184479
NORMAL/31/027_Normal.tif,NORMAL-031,val,NORMAL,normal,OD,.tif,0.0002444602141622454
NORMAL/31/028_Normal.tif,NORMAL-031,val,NORMAL,normal,OD,.tif,0.00024053473316598684
NORMAL/31/029_Normal.tif,NORMAL-031,val,NORMAL,normal,OD,.tif,0.0003405216266401112
NORMAL/31/030_Normal.tif,NORMAL-031,val,NORMAL,normal,OD,.tif,0.0003538462333381176
NORMAL/32/OD/000_Normal.jpg,NORMAL-032,val,NORMAL,normal,OD,.jpg,0.0003102874616160989
NORMAL/32/OD/001_Normal.jpg,NORMAL-032,val,NORMAL,normal,OD,.jpg,0.00023010421136859804
NORMAL/32/OD/002_Normal.jpg,NORMAL-032,val,NORMAL,normal,OD,.jpg,0.00031825178302824497
NORMAL/32/OD/003_Normal.jpg,NORMAL-032,val,NORMAL,normal,OD,.jpg,0.00027979942387901247
NORMAL/32/OD/004_Normal.jpg,NORMAL-032,val,NORMAL,normal,OD,.jpg,0.000292187585728243
NORMAL/32/OD/005_Normal.jpg,NORMAL-032,val,NORMAL,normal,OD,.jpg,0.0002730892156250775
NORMAL/32/OD/006_Normal.jpg,NORMAL-032,val,NORMAL,normal,OD,.jpg,0.0002230982354376465
NORMAL/32/OD/007_Normal.jpg,NORMAL-032,val,NORMAL,normal,OD,.jpg,0.0002802078961394727
NORMAL/32/OD/008_Normal.jpg,NORMAL-032,val,NORMAL,normal,OD,.jpg,0.00033660599729046226
NORMAL/32/OD/009_Normal.jpg,NORMAL-032,val,NORMAL,normal,OD,.jpg,0.00030151003738865256
NORMAL/32/OD/010_Normal.jpg,NORMAL-032,val,NORMAL,normal,OD,.jpg,0.0003124252543784678
NORMAL/32/OD/011_Normal.jpg,NORMAL-032,val,NORMAL,normal,OD,.jpg,0.0003906096681021154
NORMAL/32/OD/012_Normal.jpg,NORMAL-032,val,NORMAL,normal,OD,.jpg,0.00029057415667921305
NORMAL/32/OD/013_Normal.jpg,NORMAL-032,val,NORMAL,normal,OD,.jpg,0.0002553874219302088
NORMAL/32/OD/014_Normal.jpg,NORMAL-032,val,NORMAL,normal,OD,.jpg,0.00022357737179845572
NORMAL/32/OD/015_Normal.jpg,NORMAL-032,val,NORMAL,normal,OD,.jpg,0.00027884150040335953
NORMAL/32/OD/016_Normal.jpg,NORMAL-032,val,NORMAL,normal,OD,.jpg,0.0003153500147163868
NORMAL/32/OD/017_Normal.jpg,NORMAL-032,val,NORMAL,normal,OD,.jpg,0.00036534637911245227
NORMAL/32/OD/018_Normal.jpg,NORMAL-032,val,NORMAL,normal,OD,.jpg,0.00030071602668613195
NORMAL/32/OD/019_Normal.jpg,NORMAL-032,val,NORMAL,normal,OD,.jpg,0.0005172903183847666
NORMAL/32/OD/020_Normal.jpg,NORMAL-032,val,NORMAL,normal,OD,.jpg,0.00034085861989296973
NORMAL/32/OD/021_Normal.jpg,NORMAL-032,val,NORMAL,normal,OD,.jpg,0.0004292007361073047
NORMAL/32/OD/022_Normal.jpg,NORMAL-032,val,NORMAL,normal,OD,.jpg,0.0004896365571767092
NORMAL/32/OD/023_Normal.jpg,NORMAL-032,val,NORMAL,normal,OD,.jpg,0.00042173912515863776
NORMAL/32/OD/024_Normal.jpg,NORMAL-032,val,NORMAL,normal,OD,.jpg,0.0003370952617842704
NORMAL/32/OS/000_Normal.jpg,NORMAL-032,val,NORMAL,normal,OS,.jpg,0.00030308618443086743
NORMAL/32/OS/001_Normal.jpg,NORMAL-032,val,NORMAL,normal,OS,.jpg,0.00026973351486958563
NORMAL/32/OS/002_Normal.jpg,NORMAL-032,val,NORMAL,normal,OS,.jpg,0.00020477818907238543
NORMAL/32/OS/003_Normal.jpg,NORMAL-032,val,NORMAL,normal,OS,.jpg,0.00019411378889344633
NORMAL/32/OS/004_Normal.jpg,NORMAL-032,val,NORMAL,normal,OS,.jpg,0.0004513004096224904
NORMAL/32/OS/005_Normal.jpg,NORMAL-032,val,NORMAL,normal,OS,.jpg,0.0002098113182000816
NORMAL/32/OS/006_Normal.jpg,NORMAL-032,val,NORMAL,normal,OS,.jpg,0.00023546486045233905
NORMAL/32/OS/007_Normal.jpg,NORMAL-032,val,NORMAL,normal,OS,.jpg,0.00029970111791044474
NORMAL/32/OS/008_Normal.jpg,NORMAL-032,val,NORMAL,normal,OS,.jpg,0.00020913271873723716
NORMAL/32/OS/009_Normal.jpg,NORMAL-032,val,NORMAL,normal,OS,.jpg,0.00027608306845650077
NORMAL/32/OS/010_Normal.jpg,NORMAL-032,val,NORMAL,normal,OS,.jpg,0.000252013182034716
NORMAL/32/OS/011_Normal.jpg,NORMAL-032,val,NORMAL,normal,OS,.jpg,0.00022518352488987148
NORMAL/32/OS/012_Normal.jpg,NORMAL-032,val,NORMAL,normal,OS,.jpg,0.00034255190985277295
NORMAL/32/OS/013_Normal.jpg,NORMAL-032,val,NORMAL,normal,OS,.jpg,0.0002611110976431519
NORMAL/32/OS/014_Normal.jpg,NORMAL-032,val,NORMAL,normal,OS,.jpg,0.0002867289003916085
NORMAL/32/OS/015_Normal.jpg,NORMAL-032,val,NORMAL,normal,OS,.jpg,0.00023656763369217515
NORMAL/32/OS/016_Normal.jpg,NORMAL-032,val,NORMAL,normal,OS,.jpg,0.00020426575792953372
NORMAL/32/OS/017_Normal.jpg,NORMAL-032,val,NORMAL,normal,OS,.jpg,0.00025011051911860704
NORMAL/32/OS/018_Normal.jpg,NORMAL-032,val,NORMAL,normal,OS,.jpg,0.00023835459433030337
NORMAL/32/OS/019_Normal.jpg,NORMAL-032,val,NORMAL,normal,OS,.jpg,0.0002643637708388269
NORMAL/32/OS/020_Normal.jpg,NORMAL-032,val,NORMAL,normal,OS,.jpg,0.000256583618465811
NORMAL/32/OS/021_Normal.jpg,NORMAL-032,val,NORMAL,normal,OS,.jpg,0.0005114501109346747
NORMAL/32/OS/022_Normal.jpg,NORMAL-032,val,NORMAL,normal,OS,.jpg,0.000238870270550251
NORMAL/32/OS/023_Normal.jpg,NORMAL-032,val,NORMAL,normal,OS,.jpg,0.0003137936000712216
NORMAL/32/OS/024_Normal.jpg,NORMAL-032,val,NORMAL,normal,OS,.jpg,0.00029089421150274575
NORMAL/35/OD/000_Normal.jpg,NORMAL-035,val,NORMAL,normal,OD,.jpg,0.00027793896151706576
NORMAL/35/OD/001_Normal.jpg,NORMAL-035,val,NORMAL,normal,OD,.jpg,0.0002539123233873397
NORMAL/35/OD/002_Normal.jpg,NORMAL-035,val,NORMAL,normal,OD,.jpg,0.0002560523571446538
NORMAL/35/OD/003_Normal.jpg,NORMAL-035,val,NORMAL,normal,OD,.jpg,0.0002564234600868076
NORMAL/35/OD/004_Normal.jpg,NORMAL-035,val,NORMAL,normal,OD,.jpg,0.0003866619663313031
NORMAL/35/OD/005_Normal.jpg,NORMAL-035,val,NORMAL,normal,OD,.jpg,0.00018693895253818482
NORMAL/35/OD/006_Normal.jpg,NORMAL-035,val,NORMAL,normal,OD,.jpg,0.00022160893422551453
NORMAL/35/OD/007_Normal.jpg,NORMAL-035,val,NORMAL,normal,OD,.jpg,0.000306441739667207
NORMAL/35/OD/008_Normal.jpg,NORMAL-035,val,NORMAL,normal,OD,.jpg,0.00035256537375971675
NORMAL/35/OD/009_Normal.jpg,NORMAL-035,val,NORMAL,normal,OD,.jpg,0.00022987715783528984
NORMAL/35/OD/010_Normal.jpg,NORMAL-035,val,NORMAL,normal,OD,.jpg,0.0003218109777662903
NORMAL/35/OD/011_Normal.jpg,NORMAL-035,val,NORMAL,normal,OD,.jpg,0.00020870848675258458
NORMAL/35/OD/012_Normal.jpg,NORMAL-035,val,NORMAL,normal,OD,.jpg,0.00033007527235895395
NORMAL/35/OD/013_Normal.jpg,NORMAL-035,val,NORMAL,normal,OD,.jpg,0.0003026214544661343
NORMAL/35/OD/014_Normal.jpg,NORMAL-035,val,NORMAL,normal,OD,.jpg,0.0003078806621488184
NORMAL/35/OD/015_Normal.jpg,NORMAL-035,val,NORMAL,normal,OD,.jpg,0.0003442960442043841
NORMAL/35/OD/016_Normal.jpg,NORMAL-035,val,NORMAL,normal,OD,.jpg,0.00019338965648785233
NORMAL/35/OD/017_Normal.jpg,NORMAL-035,val,NORMAL,normal,OD,.jpg,0.00035943606053479016
NORMAL/35/OD/018_Normal.jpg,NORMAL-035,val,NORMAL,normal,OD,.jpg,0.0003095470601692796
NORMAL/35/OD/019_Normal.jpg,NORMAL-035,val,NORMAL,normal,OD,.jpg,0.0002936613163910806
NORMAL/35/OD/020_Normal.jpg,NORMAL-035,val,NORMAL,normal,OD,.jpg,0.0003272562171332538
NORMAL/35/OD/021_Normal.jpg,NORMAL-035,val,NORMAL,normal,OD,.jpg,0.000555924663785845
NORMAL/35/OD/022_Normal.jpg,NORMAL-035,val,NORMAL,normal,OD,.jpg,0.0002521710703149438
NORMAL/35/OD/023_Normal.jpg,NORMAL-035,val,NORMAL,normal,OD,.jpg,0.00037772630457766354
NORMAL/35/OD/024_Normal.jpg,NORMAL-035,val,NORMAL,normal,OD,.jpg,0.000413070636568591
NORMAL/35/OD/025_Normal.jpg,NORMAL-035,val,NORMAL,normal,OD,.jpg,0.00030771971796639264
NORMAL/35/OD/026_Normal.jpg,NORMAL-035,val,NORMAL,normal,OD,.jpg,0.00041701114969328046
NORMAL/35/OD/027_Normal.jpg,NORMAL-035,val,NORMAL,normal,OD,.jpg,0.00027820601826533675
NORMAL/35/OD/028_Normal.jpg,NORMAL-035,val,NORMAL,normal,OD,.jpg,0.0001915688771987334
NORMAL/35/OD/029_Normal.jpg,NORMAL-035,val,NORMAL,normal,OD,.jpg,0.00023632061493117362
NORMAL/35/OD/030_Normal.jpg,NORMAL-035,val,NORMAL,normal,OD,.jpg,0.0003243067767471075
NORMAL/35/OS/000_Normal.jpg,NORMAL-035,val,NORMAL,normal,OS,.jpg,0.00021517800632864237
NORMAL/35/OS/001_Normal.jpg,NORMAL-035,val,NORMAL,normal,OS,.jpg,0.0002934696094598621
NORMAL/35/OS/002_Normal.jpg,NORMAL-035,val,NORMAL,normal,OS,.jpg,0.0003441098378971219
NORMAL/35/OS/003_Normal.jpg,NORMAL-035,val,NORMAL,normal,OS,.jpg,0.00023829741985537112
NORMAL/35/OS/004_Normal.jpg,NORMAL-035,val,NORMAL,normal,OS,.jpg,0.0003662683011498302
NORMAL/35/OS/005_Normal.jpg,NORMAL-035,val,NORMAL,normal,OS,.jpg,0.0004046785761602223
NORMAL/35/OS/006_Normal.jpg,NORMAL-035,val,NORMAL,normal,OS,.jpg,0.0002335402532480657
NORMAL/35/OS/007_Normal.jpg,NORMAL-035,val,NORMAL,normal,OS,.jpg,0.00029924462432973087
NORMAL/35/OS/008_Normal.jpg,NORMAL-035,val,NORMAL,normal,OS,.jpg,0.00030185692594386637
NORMAL/35/OS/009_Normal.jpg,NORMAL-035,val,NORMAL,normal,OS,.jpg,0.00030665728263556957
NORMAL/35/OS/010_Normal.jpg,NORMAL-035,val,NORMAL,normal,OS,.jpg,0.0002843264664988965
NORMAL/35/OS/011_Normal.jpg,NORMAL-035,val,NORMAL,normal,OS,.jpg,0.0004095810290891677
NORMAL/35/OS/012_Normal.jpg,NORMAL-035,val,NORMAL,normal,OS,.jpg,0.000385678285965696
NORMAL/35/OS/013_Normal.jpg,NORMAL-035,val,NORMAL,normal,OS,.jpg,0.00039093621307983994
NORMAL/35/OS/014_Normal.jpg,NORMAL-035,val,NORMAL,normal,OS,.jpg,0.0005015921778976917
NORMAL/35/OS/015_Normal.jpg,NORMAL-035,val,NORMAL,normal,OS,.jpg,0.00030439242254942656
NORMAL/35/OS/016_Normal.jpg,NORMAL-035,val,NORMAL,normal,OS,.jpg,0.0004151743487454951
NORMAL/35/OS/017_Normal.jpg,NORMAL-035,val,NORMAL,normal,OS,.jpg,0.0002945483720395714
NORMAL/35/OS/018_Normal.jpg,NORMAL-035,val,NORMAL,normal,OS,.jpg,0.00021396717056632042
NORMAL/35/OS/019_Normal.jpg,NORMAL-035,val,NORMAL,normal,OS,.jpg,0.000668582390062511
NORMAL/35/OS/020_Normal.jpg,NORMAL-035,val,NORMAL,normal,OS,.jpg,0.00033474998781457543
NORMAL/35/OS/021_Normal.jpg,NORMAL-035,val,NORMAL,normal,OS,.jpg,0.00028147874400019646
NORMAL/35/OS/022_Normal.jpg,NORMAL-035,val,NORMAL,normal,OS,.jpg,0.0003922906762454659
NORMAL/35/OS/023_Normal.jpg,NORMAL-035,val,NORMAL,normal,OS,.jpg,0.0004771677195094526
NORMAL/35/OS/024_Normal.jpg,NORMAL-035,val,NORMAL,normal,OS,.jpg,0.00029225670732557774
NORMAL/35/OS/025_Normal.jpg,NORMAL-035,val,NORMAL,normal,OS,.jpg,0.00047564267879351974
NORMAL/35/OS/026_Normal.jpg,NORMAL-035,val,NORMAL,normal,OS,.jpg,0.0003089639649260789
NORMAL/35/OS/027_Normal.jpg,NORMAL-035,val,NORMAL,normal,OS,.jpg,0.0004402489576023072
NORMAL/35/OS/028_Normal.jpg,NORMAL-035,val,NORMAL,normal,OS,.jpg,0.0003400473215151578
NORMAL/35/OS/029_Normal.jpg,NORMAL-035,val,NORMAL,normal,OS,.jpg,0.00030998862348496914
NORMAL/35/OS/030_Normal.jpg,NORMAL-035,val,NORMAL,normal,OS,.jpg,0.00046120421029627323
NORMAL/45/000_Normal.tif,NORMAL-045,val,NORMAL,normal,OD,.tif,0.0003593257861211896
NORMAL/45/001_Normal.tif,NORMAL-045,val,NORMAL,normal,OD,.tif,0.00035005228710360825
NORMAL/45/002_Normal.tif,NORMAL-045,val,NORMAL,normal,OD,.tif,0.0002852632896974683
NORMAL/45/003_Normal.tif,NORMAL-045,val,NORMAL,normal,OD,.tif,0.0001982583198696375
NORMAL/45/004_Normal.tif,NORMAL-045,val,NORMAL,normal,OD,.tif,0.00024053355446085334
NORMAL/45/005_Normal.tif,NORMAL-045,val,NORMAL,normal,OD,.tif,0.0002301650238223374
NORMAL/45/006_Normal.tif,NORMAL-045,val,NORMAL,normal,OD,.tif,0.0002981502329930663
NORMAL/45/007_Normal.tif,NORMAL-045,val,NORMAL,normal,OD,.tif,0.00020946704898960888
NORMAL/45/008_Normal.tif,NORMAL-045,val,NORMAL,normal,OD,.tif,0.00018064635514747351
NORMAL/45/009_Normal.tif,NORMAL-045,val,NORMAL,normal,OD,.tif,0.00018031627405434847
NORMAL/45/010_Normal.tif,NORMAL-045,val,NORMAL,normal,OD,.tif,0.00023924530250951648
NORMAL/45/011_Normal.tif,NORMAL-045,val,NORMAL,normal,OD,.tif,0.00025322125293314457
NORMAL/45/012_Normal.tif,NORMAL-045,val,NORMAL,normal,OD,.tif,0.0002300367341376841
NORMAL/45/013_Normal.tif,NORMAL-045,val,NORMAL,normal,OD,.tif,0.0002745922247413546
NORMAL/45/014_Normal.tif,NORMAL-045,val,NORMAL,normal,OD,.tif,0.0003231197770219296
NORMAL/45/015_Normal.tif,NORMAL-045,val,NORMAL,normal,OD,.tif,0.00027414457872509956
NORMAL/45/016_Normal.tif,NORMAL-045,val,NORMAL,normal,OD,.tif,0.0002219608868472278
NORMAL/45/017_Normal.tif,NORMAL-045,val,NORMAL,normal,OD,.tif,0.0002604151959531009
NORMAL/45/018_Normal.tif,NORMAL-045,val,NORMAL,normal,OD,.tif,0.0002468816819600761
NORMAL/45/019_Normal.tif,NORMAL-045,val,NORMAL,normal,OD,.tif,0.0001969492295756936
NORMAL/45/020_Normal.tif,NORMAL-045,val,NORMAL,normal,OD,.tif,0.0001878254406619817
NORMAL/45/021_Normal.tif,NORMAL-045,val,NORMAL,normal,OD,.tif,0.00018024395103566349
NORMAL/45/022_Normal.tif,NORMAL-045,val,NORMAL,normal,OD,.tif,0.00022389439982362092
NORMAL/45/023_Normal.tif,NORMAL-045,val,NORMAL,normal,OD,.tif,0.00022517559409607202
NORMAL/45/024_Normal.tif,NORMAL-045,val,NORMAL,normal,OD,.tif,0.00018747123249340802
NORMAL/45/025_Normal.tif,NORMAL-045,val,NORMAL,normal,OD,.tif,0.00024052205844782293
NORMAL/45/026_Normal.tif,NORMAL-045,val,NORMAL,normal,OD,.tif,0.00018706107221078128
NORMAL/45/027_Normal.tif,NORMAL-045,val,NORMAL,normal,OD,.tif,0.00022734848607797176
NORMAL/45/028_Normal.tif,NORMAL-045,val,NORMAL,normal,OD,.tif,0.0002097306278301403
NORMAL/45/029_Normal.tif,NORMAL-045,val,NORMAL,normal,OD,.tif,0.0002634812262840569
NORMAL/45/030_Normal.tif,NORMAL-045,val,NORMAL,normal,OD,.tif,0.00021480279974639416
NORMAL/50/000_Normal.tif,NORMAL-050,val,NORMAL,normal,OD,.tif,0.00019519974011927843
NORMAL/50/001_Normal.tif,NORMAL-050,val,NORMAL,normal,OD,.tif,0.00020986748859286308
NORMAL/50/002_Normal.tif,NORMAL-050,val,NORMAL,normal,OD,.tif,0.0002499526599422097
NORMAL/50/003_Normal.tif,NORMAL-050,val,NORMAL,normal,OD,.tif,0.00022164291294757277
NORMAL/50/004_Normal.tif,NORMAL-050,val,NORMAL,normal,OD,.tif,0.00019588443683460355
NORMAL/50/005_Normal.tif,NORMAL-050,val,NORMAL,normal,OD,.tif,0.0001577524235472083
NORMAL/50/006_Normal.tif,NORMAL-050,val,NORMAL,normal,OD,.tif,0.000249910110142082
NORMAL/50/007_Normal.tif,NORMAL-050,val,NORMAL,normal,OD,.tif,0.0002441755495965481
NORMAL/50/008_Normal.tif,NORMAL-050,val,NORMAL,normal,OD,.tif,0.00021466842736117542
NORMAL/50/009_Normal.tif,NORMAL-050,val,NORMAL,normal,OD,.tif,0.00022838410222902894
NORMAL/50/010_Normal.tif,NORMAL-050,val,NORMAL,normal,OD,.tif,0.00020881652017123997
NORMAL/50/011_Normal.tif,NORMAL-050,val,NORMAL,normal,OD,.tif,0.00022386344789993018
NORMAL/50/012_Normal.tif,NORMAL-050,val,NORMAL,normal,OD,.tif,0.00015954674745444208
NORMAL/50/013_Normal.tif,NORMAL-050,val,NORMAL,normal,OD,.tif,0.00016227018204517663
NORMAL/50/014_Normal.tif,NORMAL-050,val,NORMAL,normal,OD,.tif,0.00016315899847541004
NORMAL/50/015_Normal.tif,NORMAL-050,val,NORMAL,normal,OD,.tif,0.00023790460545569658
NORMAL/50/016_Normal.tif,NORMAL-050,val,NORMAL,normal,OD,.tif,0.00030029803747311234
NORMAL/50/017_Normal.tif,NORMAL-050,val,NORMAL,normal,OD,.tif,0.00019195702043361962
NORMAL/50/018_Normal.tif,NORMAL-050,val,NORMAL,normal,OD,.tif,0.0002162374003091827
NORMAL/50/019_Normal.tif,NORMAL-050,val,NORMAL,normal,OD,.tif,0.00024168983509298414
NORMAL/50/020_Normal.tif,NORMAL-050,val,NORMAL,normal,OD,.tif,0.00021069883950985968
NORMAL/50/021_Normal.tif,NORMAL-050,val,NORMAL,normal,OD,.tif,0.0001615141809452325
NORMAL/50/022_Normal.tif,NORMAL-050,val,NORMAL,normal,OD,.tif,0.0002015055506490171
NORMAL/50/023_Normal.tif,NORMAL-050,val,NORMAL,normal,OD,.tif,0.00021726716659031808
NORMAL/50/024_Normal.tif,NORMAL-050,val,NORMAL,normal,OD,.tif,0.00021261905203573406
NORMAL/50/025_Normal.tif,NORMAL-050,val,NORMAL,normal,OD,.tif,0.00024288582790177315
NORMAL/50/026_Normal.tif,NORMAL-050,val,NORMAL,normal,OD,.tif,0.0002562259614933282
NORMAL/50/027_Normal.tif,NORMAL-050,val,NORMAL,normal,OD,.tif,0.00018930673832073808
NORMAL/50/028_Normal.tif,NORMAL-050,val,NORMAL,normal,OD,.tif,0.00023313485144171864
NORMAL/50/029_Normal.tif,NORMAL-050,val,NORMAL,normal,OD,.tif,0.0002683245111256838
NORMAL/50/030_Normal.tif,NORMAL-050,val,NORMAL,normal,OD,.tif,0.0003134793369099498
NORMAL/55/000_Normal.tif,NORMAL-055,val,NORMAL,normal,OD,.tif,0.00029020101646892726
NORMAL/55/001_Normal.tif,NORMAL-055,val,NORMAL,normal,OD,.tif,0.00025390132213942707
NORMAL/55/002_Normal.tif,NORMAL-055,val,NORMAL,normal,OD,.tif,0.00022722856374457479
NORMAL/55/003_Normal.tif,NORMAL-055,val,NORMAL,normal,OD,.tif,0.0002641808823682368
NORMAL/55/004_Normal.tif,NORMAL-055,val,NORMAL,normal,OD,.tif,0.00022179758525453508
NORMAL/55/005_Normal.tif,NORMAL-055,val,NORMAL,normal,OD,.tif,0.0002104828308802098
NORMAL/55/006_Normal.tif,NORMAL-055,val,NORMAL,normal,OD,.tif,0.00021747019491158426
NORMAL/55/007_Normal.tif,NORMAL-055,val,NORMAL,normal,OD,.tif,0.0002662168990354985
NORMAL/55/008_Normal.tif,NORMAL-055,val,NORMAL,normal,OD,.tif,0.00025193870533257723
NORMAL/55/009_Normal.tif,NORMAL-055,val,NORMAL,normal,OD,.tif,0.00022924650693312287
NORMAL/55/010_Normal.tif,NORMAL-055,val,NORMAL,normal,OD,.tif,0.00019237198284827173
NORMAL/55/011_Normal.tif,NORMAL-055,val,NORMAL,normal,OD,.tif,0.00022228373563848436
NORMAL/55/012_Normal.tif,NORMAL-055,val,NORMAL,normal,OD,.tif,0.0002245039795525372
NORMAL/55/013_Normal.tif,NORMAL-055,val,NORMAL,normal,OD,.tif,0.00027479231357574463
NORMAL/55/014_Normal.tif,NORMAL-055,val,NORMAL,normal,OD,.tif,0.00018661469221115112
NORMAL/55/015_Normal.tif,NORMAL-055,val,NORMAL,normal,OD,.tif,0.0002057781966868788
NORMAL/55/016_Normal.tif,NORMAL-055,val,NORMAL,normal,OD,.tif,0.0002505138691049069
NORMAL/55/017_Normal.tif,NORMAL-055,val,NORMAL,normal,OD,.tif,0.00023770035477355123
NORMAL/55/018_Normal.tif,NORMAL-055,val,NORMAL,normal,OD,.tif,0.0003290189488325268
NORMAL/55/019_Normal.tif,NORMAL-055,val,NORMAL,normal,OD,.tif,0.00029447133420035243
NORMAL/55/020_Normal.tif,NORMAL-055,val,NORMAL,normal,OD,.tif,0.00018933211686089635
NORMAL/55/021_Normal.tif,NORMAL-055,val,NORMAL,normal,OD,.tif,0.0002248408563900739
NORMAL/55/022_Normal.tif,NORMAL-055,val,NORMAL,normal,OD,.tif,0.00025065927184186876
NORMAL/55/023_Normal.tif,NORMAL-055,val,NORMAL,normal,OD,.tif,0.0002176898851757869
NORMAL/55/024_Normal.tif,NORMAL-055,val,NORMAL,normal,OD,.tif,0.00015655839524697512
NORMAL/55/025_Normal.tif,NORMAL-055,val,NORMAL,normal,OD,.tif,0.00024907151237130165
NORMAL/55/026_Normal.tif,NORMAL-055,val,NORMAL,normal,OD,.tif,0.0001712216908344999
NORMAL/55/027_Normal.tif,NORMAL-055,val,NORMAL,normal,OD,.tif,0.00025081197964027524
NORMAL/55/028_Normal.tif,NORMAL-055,val,NORMAL,normal,OD,.tif,0.00019073579460382462
NORMAL/55/029_Normal.tif,NORMAL-055,val,NORMAL,normal,OD,.tif,0.0002240311005152762
NORMAL/55/030_Normal.tif,NORMAL-055,val,NORMAL,normal,OD,.tif,0.00022700452245771885
NORMAL/59/000_Normal.tif,NORMAL-059,val,NORMAL,normal,OD,.tif,0.00023625761969015002
NORMAL/59/001_Normal.tif,NORMAL-059,val,NORMAL,normal,OD,.tif,0.00023619482817593962
NORMAL/59/002_Normal.tif,NORMAL-059,val,NORMAL,normal,OD,.tif,0.0003919962327927351
NORMAL/59/003_Normal.tif,NORMAL-059,val,NORMAL,normal,OD,.tif,0.0003708906297106296
NORMAL/59/004_Normal.tif,NORMAL-059,val,NORMAL,normal,OD,.tif,0.00022221988183446229
NORMAL/59/005_Normal.tif,NORMAL-059,val,NORMAL,normal,OD,.tif,0.00024001960991881788
NORMAL/59/006_Normal.tif,NORMAL-059,val,NORMAL,normal,OD,.tif,0.0004277631815057248
NORMAL/59/007_Normal.tif,NORMAL-059,val,NORMAL,normal,OD,.tif,0.0003821858554147184
NORMAL/59/008_Normal.tif,NORMAL-059,val,NORMAL,normal,OD,.tif,0.0003048120706807822
NORMAL/59/009_Normal.tif,NORMAL-059,val,NORMAL,normal,OD,.tif,0.0002602712484076619
NORMAL/59/010_Normal.tif,NORMAL-059,val,NORMAL,normal,OD,.tif,0.00026422771043144166
NORMAL/59/011_Normal.tif,NORMAL-059,val,NORMAL,normal,OD,.tif,0.00025343531160615385
NORMAL/59/012_Normal.tif,NORMAL-059,val,NORMAL,normal,OD,.tif,0.000280742475297302
NORMAL/59/013_Normal.tif,NORMAL-059,val,NORMAL,normal,OD,.tif,0.00025319488486275077
NORMAL/59/014_Normal.tif,NORMAL-059,val,NORMAL,normal,OD,.tif,0.00030946271726861596
NORMAL/59/015_Normal.tif,NORMAL-059,val,NORMAL,normal,OD,.tif,0.0002769480925053358
NORMAL/59/016_Normal.tif,NORMAL-059,val,NORMAL,normal,OD,.tif,0.0004568499862216413
NORMAL/59/017_Normal.tif,NORMAL-059,val,NORMAL,normal,OD,.tif,0.0003670312580652535
NORMAL/59/018_Normal.tif,NORMAL-059,val,NORMAL,normal,OD,.tif,0.00036684275255538523
NORMAL/59/019_Normal.tif,NORMAL-059,val,NORMAL,normal,OD,.tif,0.0003915621782653034
NORMAL/59/020_Normal.tif,NORMAL-059,val,NORMAL,normal,OD,.tif,0.00020496369688771665
NORMAL/59/021_Normal.tif,NORMAL-059,val,NORMAL,normal,OD,.tif,0.00019545861869119108
NORMAL/59/022_Normal.tif,NORMAL-059,val,NORMAL,normal,OD,.tif,0.0002736683236435056
NORMAL/59/023_Normal.tif,NORMAL-059,val,NORMAL,normal,OD,.tif,0.0002569677890278399
NORMAL/59/024_Normal.tif,NORMAL-059,val,NORMAL,normal,OD,.tif,0.00023433392925653607
NORMAL/59/025_Normal.tif,NORMAL-059,val,NORMAL,normal,OD,.tif,0.00025000263121910393
NORMAL/59/026_Normal.tif,NORMAL-059,val,NORMAL,normal,OD,.tif,0.00020796660101041198
NORMAL/59/027_Normal.tif,NORMAL-059,val,NORMAL,normal,OD,.tif,0.0002167256607208401
NORMAL/59/028_Normal.tif,NORMAL-059,val,NORMAL,normal,OD,.tif,0.000485677708638832
NORMAL/59/029_Normal.tif,NORMAL-059,val,NORMAL,normal,OD,.tif,0.0002456721558701247
NORMAL/59/030_Normal.tif,NORMAL-059,val,NORMAL,normal,OD,.tif,0.00028854282572865486
NORMAL/63/000_Normal.tif,NORMAL-063,val,NORMAL,normal,OS,.tif,0.00022861824254505336
NORMAL/63/001_Normal.tif,NORMAL-063,val,NORMAL,normal,OS,.tif,0.00031703460263088346
NORMAL/63/002_Normal.tif,NORMAL-063,val,NORMAL,normal,OS,.tif,0.0002718258183449507
NORMAL/63/003_Normal.tif,NORMAL-063,val,NORMAL,normal,OS,.tif,0.00025269045727327466
NORMAL/63/004_Normal.tif,NORMAL-063,val,NORMAL,normal,OS,.tif,0.0003522539045661688
NORMAL/63/005_Normal.tif,NORMAL-063,val,NORMAL,normal,OS,.tif,0.00039327191188931465
NORMAL/63/006_Normal.tif,NORMAL-063,val,NORMAL,normal,OS,.tif,0.0003078696900047362
NORMAL/63/007_Normal.tif,NORMAL-063,val,NORMAL,normal,OS,.tif,0.00032248167553916574
NORMAL/63/008_Normal.tif,NORMAL-063,val,NORMAL,normal,OS,.tif,0.0003030846710316837
NORMAL/63/009_Normal.tif,NORMAL-063,val,NORMAL,normal,OS,.tif,0.00030281057115644217
NORMAL/63/010_Normal.tif,NORMAL-063,val,NORMAL,normal,OS,.tif,0.00028878572629764676
NORMAL/63/011_Normal.tif,NORMAL-063,val,NORMAL,normal,OS,.tif,0.0003479505539871752
NORMAL/63/012_Normal.tif,NORMAL-063,val,NORMAL,normal,OS,.tif,0.00044677068945020437
NORMAL/63/013_Normal.tif,NORMAL-063,val,NORMAL,normal,OS,.tif,0.0002955787640530616
NORMAL/63/014_Normal.tif,NORMAL-063,val,NORMAL,normal,OS,.tif,0.00036871671909466386
NORMAL/63/015_Normal.tif,NORMAL-063,val,NORMAL,normal,OS,.tif,0.0003344674769323319
NORMAL/63/016_Normal.tif,NORMAL-063,val,NORMAL,normal,OS,.tif,0.00031882175244390965
NORMAL/63/017_Normal.tif,NORMAL-063,val,NORMAL,normal,OS,.tif,0.00031723338179290295
NORMAL/63/018_Normal.tif,NORMAL-063,val,NORMAL,normal,OS,.tif,0.00032632797956466675
NORMAL/63/019_Normal.tif,NORMAL-063,val,NORMAL,normal,OS,.tif,0.0003123624774161726
NORMAL/63/020_Normal.tif,NORMAL-063,val,NORMAL,normal,OS,.tif,0.0003690325829666108
NORMAL/63/021_Normal.tif,NORMAL-063,val,NORMAL,normal,OS,.tif,0.00036674068542197347
NORMAL/63/022_Normal.tif,NORMAL-063,val,NORMAL,normal,OS,.tif,0.000733282184228301
NORMAL/63/023_Normal.tif,NORMAL-063,val,NORMAL,normal,OS,.tif,0.0004983576363883913
NORMAL/63/024_Normal.tif,NORMAL-063,val,NORMAL,normal,OS,.tif,0.0004162838449701667
NORMAL/63/025_Normal.tif,NORMAL-063,val,NORMAL,normal,OS,.tif,0.0005001486279070377
NORMAL/63/026_Normal.tif,NORMAL-063,val,NORMAL,normal,OS,.tif,0.0004327943897806108
NORMAL/63/027_Normal.tif,NORMAL-063,val,NORMAL,normal,OS,.tif,0.0006042227032594383
NORMAL/63/028_Normal.tif,NORMAL-063,val,NORMAL,normal,OS,.tif,0.00046451445086859167
NORMAL/63/029_Normal.tif,NORMAL-063,val,NORMAL,normal,OS,.tif,0.00036921235732734203
NORMAL/63/030_Normal.tif,NORMAL-063,val,NORMAL,normal,OS,.tif,0.0004021648201160133
NORMAL/68/000_Normal.tif,NORMAL-068,val,NORMAL,normal,OD,.tif,0.00020242237951606512
NORMAL/68/001_Normal.tif,NORMAL-068,val,NORMAL,normal,OD,.tif,0.0002645206986926496
NORMAL/68/002_Normal.tif,NORMAL-068,val,NORMAL,normal,OD,.tif,0.0002456532383803278
NORMAL/68/003_Normal.tif,NORMAL-068,val,NORMAL,normal,OD,.tif,0.00021778421069029719
NORMAL/68/004_Normal.tif,NORMAL-068,val,NORMAL,normal,OD,.tif,0.00026393597363494337
NORMAL/68/005_Normal.tif,NORMAL-068,val,NORMAL,normal,OD,.tif,0.00026110507315024734
NORMAL/68/006_Normal.tif,NORMAL-068,val,NORMAL,normal,OD,.tif,0.0003252101596444845
NORMAL/68/007_Normal.tif,NORMAL-068,val,NORMAL,normal,OD,.tif,0.00015517714200541377
NORMAL/68/008_Normal.tif,NORMAL-068,val,NORMAL,normal,OD,.tif,0.00021173155982978642
NORMAL/68/009_Normal.tif,NORMAL-068,val,NORMAL,normal,OD,.tif,0.000222871545702219
NORMAL/68/010_Normal.tif,NORMAL-068,val,NORMAL,normal,OD,.tif,0.0002475786313880235
NORMAL/68/011_Normal.tif,NORMAL-068,val,NORMAL,normal,OD,.tif,0.0003028317878488451
NORMAL/68/012_Normal.tif,NORMAL-068,val,NORMAL,normal,OD,.tif,0.0002503208233974874
NORMAL/68/013_Normal.tif,NORMAL-068,val,NORMAL,normal,OD,.tif,0.0002210717211710289
NORMAL/68/014_Normal.tif,NORMAL-068,val,NORMAL,normal,OD,.tif,0.0004753168614115566
NORMAL/68/015_Normal.tif,NORMAL-068,val,NORMAL,normal,OD,.tif,0.0002693554852157831
NORMAL/68/016_Normal.tif,NORMAL-068,val,NORMAL,normal,OD,.tif,0.00031894590938463807
NORMAL/68/017_Normal.tif,NORMAL-068,val,NORMAL,normal,OD,.tif,0.00027050217613577843
NORMAL/68/018_Normal.tif,NORMAL-068,val,NORMAL,normal,OD,.tif,0.00023697996221017092
NORMAL/68/019_Normal.tif,NORMAL-068,val,NORMAL,normal,OD,.tif,0.00039724353700876236
NORMAL/68/020_Normal.tif,NORMAL-068,val,NORMAL,normal,OD,.tif,0.00022362479649018496
NORMAL/68/021_Normal.tif,NORMAL-068,val,NORMAL,normal,OD,.tif,0.00024357411894015968
NORMAL/68/022_Normal.tif,NORMAL-068,val,NORMAL,normal,OD,.tif,0.0002948466863017529
NORMAL/68/023_Normal.tif,NORMAL-068,val,NORMAL,normal,OD,.tif,0.00026866880943998694
NORMAL/68/024_Normal.tif,NORMAL-068,val,NORMAL,normal,OD,.tif,0.00019907712703570724
NORMAL/68/025_Normal.tif,NORMAL-068,val,NORMAL,normal,OD,.tif,0.0002524475858081132
NORMAL/68/026_Normal.tif,NORMAL-068,val,NORMAL,normal,OD,.tif,0.0002362868981435895
NORMAL/68/027_Normal.tif,NORMAL-068,val,NORMAL,normal,OD,.tif,0.00023414114548359066
NORMAL/68/028_Normal.tif,NORMAL-068,val,NORMAL,normal,OD,.tif,0.00029722764156758785
NORMAL/68/029_Normal.tif,NORMAL-068,val,NORMAL,normal,OD,.tif,0.00031755142845213413
NORMAL/68/030_Normal.tif,NORMAL-068,val,NORMAL,normal,OD,.tif,0.0003771803458221257
NORMAL/75/OD/000_Normal.tif,NORMAL-075,val,NORMAL,normal,OD,.tif,0.0002453862689435482
NORMAL/75/OD/001_Normal.tif,NORMAL-075,val,NORMAL,normal,OD,.tif,0.00023962768318597227
NORMAL/75/OD/002_Normal.tif,NORMAL-075,val,NORMAL,normal,OD,.tif,0.0002884696295950562
NORMAL/75/OD/003_Normal.tif,NORMAL-075,val,NORMAL,normal,OD,.tif,0.0002368813584325835
NORMAL/75/OD/004_Normal.tif,NORMAL-075,val,NORMAL,normal,OD,.tif,0.0003011845692526549
NORMAL/75/OD/005_Normal.tif,NORMAL-075,val,NORMAL,normal,OD,.tif,0.000264535570750013
NORMAL/75/OD/006_Normal.tif,NORMAL-075,val,NORMAL,normal,OD,.tif,0.0002124863676726818
NORMAL/75/OD/007_Normal.tif,NORMAL-075,val,NORMAL,normal,OD,.tif,0.00038673036033287644
NORMAL/75/OD/008_Normal.tif,NORMAL-075,val,NORMAL,normal,OD,.tif,0.0002526090247556567
NORMAL/75/OD/009_Normal.tif,NORMAL-075,val,NORMAL,normal,OD,.tif,0.0002947080647572875
NORMAL/75/OD/010_Normal.tif,NORMAL-075,val,NORMAL,normal,OD,.tif,0.0002500219561625272
NORMAL/75/OD/011_Normal.tif,NORMAL-075,val,NORMAL,normal,OD,.tif,0.0002268919488415122
NORMAL/75/OD/012_Normal.tif,NORMAL-075,val,NORMAL,normal,OD,.tif,0.00030894833616912365
NORMAL/75/OD/013_Normal.tif,NORMAL-075,val,NORMAL,normal,OD,.tif,0.00025655527133494616
NORMAL/75/OD/014_Normal.tif,NORMAL-075,val,NORMAL,normal,OD,.tif,0.00021514875697903335
NORMAL/75/OD/015_Normal.tif,NORMAL-075,val,NORMAL,normal,OD,.tif,0.00024236559693235904
NORMAL/75/OD/016_Normal.tif,NORMAL-075,val,NORMAL,normal,OD,.tif,0.0002666267391759902
NORMAL/75/OD/017_Normal.tif,NORMAL-075,val,NORMAL,normal,OD,.tif,0.000253993202932179
NORMAL/75/OD/018_Normal.tif,NORMAL-075,val,NORMAL,normal,OD,.tif,0.0002362407831242308
NORMAL/75/OD/019_Normal.tif,NORMAL-075,val,NORMAL,normal,OD,.tif,0.0002500166301615536
NORMAL/75/OD/020_Normal.tif,NORMAL-075,val,NORMAL,normal,OD,.tif,0.0005117363762110472
NORMAL/75/OD/021_Normal.tif,NORMAL-075,val,NORMAL,normal,OD,.tif,0.00033624234492890537
NORMAL/75/OD/022_Normal.tif,NORMAL-075,val,NORMAL,normal,OD,.tif,0.00028254406061023474
NORMAL/75/OD/023_Normal.tif,NORMAL-075,val,NORMAL,normal,OD,.tif,0.0002778738853521645
NORMAL/75/OD/024_Normal.tif,NORMAL-075,val,NORMAL,normal,OD,.tif,0.00026580283883959055
NORMAL/75/OD/025_Normal.tif,NORMAL-075,val,NORMAL,normal,OD,.tif,0.00026350715779699385
NORMAL/75/OD/026_Normal.tif,NORMAL-075,val,NORMAL,normal,OD,.tif,0.00027093361131846905
NORMAL/75/OD/027_Normal.tif,NORMAL-075,val,NORMAL,normal,OD,.tif,0.00033780327066779137
NORMAL/75/OD/028_Normal.tif,NORMAL-075,val,NORMAL,normal,OD,.tif,0.00039849558379501104
NORMAL/75/OD/029_Normal.tif,NORMAL-075,val,NORMAL,normal,OD,.tif,0.0003299303352832794
NORMAL/75/OD/030_Normal.tif,NORMAL-075,val,NORMAL,normal,OD,.tif,0.0001924156822497025
NORMAL/75/OS/000_Normal.tif,NORMAL-075,val,NORMAL,normal,OS,.tif,0.0004870026605203748
NORMAL/75/OS/001_Normal.tif,NORMAL-075,val,NORMAL,normal,OS,.tif,0.0003127141098957509
NORMAL/75/OS/002_Normal.tif,NORMAL-075,val,NORMAL,normal,OS,.tif,0.00022601614182349294
NORMAL/75/OS/003_Normal.tif,NORMAL-075,val,NORMAL,normal,OS,.tif,0.00024052274238783866
NORMAL/75/OS/004_Normal.tif,NORMAL-075,val,NORMAL,normal,OS,.tif,0.00023318557941820472
NORMAL/75/OS/005_Normal.tif,NORMAL-075,val,NORMAL,normal,OS,.tif,0.0002963404986076057
NORMAL/75/OS/006_Normal.tif,NORMAL-075,val,NORMAL,normal,OS,.tif,0.00033051351783797145
NORMAL/75/OS/007_Normal.tif,NORMAL-075,val,NORMAL,normal,OS,.tif,0.0003343124990351498
NORMAL/75/OS/008_Normal.tif,NORMAL-075,val,NORMAL,normal,OS,.tif,0.0002564449387136847
NORMAL/75/OS/009_Normal.tif,NORMAL-075,val,NORMAL,normal,OS,.tif,0.0002599089057184756
NORMAL/75/OS/010_Normal.tif,NORMAL-075,val,NORMAL,normal,OS,.tif,0.0002808296703733504
NORMAL/75/OS/011_Normal.tif,NORMAL-075,val,NORMAL,normal,OS,.tif,0.0003091349790338427
NORMAL/75/OS/012_Normal.tif,NORMAL-075,val,NORMAL,normal,OS,.tif,0.00020904262783005834
NORMAL/75/OS/013_Normal.tif,NORMAL-075,val,NORMAL,normal,OS,.tif,0.00029924933915026486
NORMAL/75/OS/014_Normal.tif,NORMAL-075,val,NORMAL,normal,OS,.tif,0.00025665972498245537
NORMAL/75/OS/015_Normal.tif,NORMAL-075,val,NORMAL,normal,OS,.tif,0.0003293673216830939
NORMAL/75/OS/016_Normal.tif,NORMAL-075,val,NORMAL,normal,OS,.tif,0.00043632215238176286
NORMAL/75/OS/017_Normal.tif,NORMAL-075,val,NORMAL,normal,OS,.tif,0.0005104730371385813
NORMAL/75/OS/018_Normal.tif,NORMAL-075,val,NORMAL,normal,OS,.tif,0.0003890156513080001
NORMAL/75/OS/019_Normal.tif,NORMAL-075,val,NORMAL,normal,OS,.tif,0.0002945709857158363
NORMAL/75/OS/020_Normal.tif,NORMAL-075,val,NORMAL,normal,OS,.tif,0.00019651868205983192
NORMAL/75/OS/021_Normal.tif,NORMAL-075,val,NORMAL,normal,OS,.tif,0.00021382489649113268
NORMAL/75/OS/022_Normal.tif,NORMAL-075,val,NORMAL,normal,OS,.tif,0.0001790056994650513
NORMAL/75/OS/023_Normal.tif,NORMAL-075,val,NORMAL,normal,OS,.tif,0.0002792311424855143
NORMAL/75/OS/024_Normal.tif,NORMAL-075,val,NORMAL,normal,OS,.tif,0.0003387901815585792
NORMAL/75/OS/025_Normal.tif,NORMAL-075,val,NORMAL,normal,OS,.tif,0.0002999441931024194
NORMAL/75/OS/026_Normal.tif,NORMAL-075,val,NORMAL,normal,OS,.tif,0.00031522937933914363
NORMAL/75/OS/027_Normal.tif,NORMAL-075,val,NORMAL,normal,OS,.tif,0.0002658577577676624
NORMAL/75/OS/028_Normal.tif,NORMAL-075,val,NORMAL,normal,OS,.tif,0.00021967261272948235
NORMAL/75/OS/029_Normal.tif,NORMAL-075,val,NORMAL,normal,OS,.tif,0.0003656930639408529
NORMAL/75/OS/030_Normal.tif,NORMAL-075,val,NORMAL,normal,OS,.tif,0.0003049880906473845
NORMAL/91/000_Normal.tif,NORMAL-091,val,NORMAL,normal,OS,.tif,0.00023385472013615072
NORMAL/91/001_Normal.tif,NORMAL-091,val,NORMAL,normal,OS,.tif,0.0002392106398474425
NORMAL/91/002_Normal.tif,NORMAL-091,val,NORMAL,normal,OS,.tif,0.00024802435655146837
NORMAL/91/003_Normal.tif,NORMAL-091,val,NORMAL,normal,OS,.tif,0.00021259451750665903
NORMAL/91/004_Normal.tif,NORMAL-091,val,NORMAL,normal,OS,.tif,0.00031567702535539865
NORMAL/91/005_Normal.tif,NORMAL-091,val,NORMAL,normal,OS,.tif,0.00041478482307866216
NORMAL/91/006_Normal.tif,NORMAL-091,val,NORMAL,normal,OS,.tif,0.00031756694079376757
NORMAL/91/007_Normal.tif,NORMAL-091,val,NORMAL,normal,OS,.tif,0.00021127487707417458
NORMAL/91/008_Normal.tif,NORMAL-091,val,NORMAL,normal,OS,.tif,0.00023921579122543335
NORMAL/91/009_Normal.tif,NORMAL-091,val,NORMAL,normal,OS,.tif,0.0002657243167050183
NORMAL/91/010_Normal.tif,NORMAL-091,val,NORMAL,normal,OS,.tif,0.000319755170494318
NORMAL/91/011_Normal.tif,NORMAL-091,val,NORMAL,normal,OS,.tif,0.0002460726536810398
NORMAL/91/012_Normal.tif,NORMAL-091,val,NORMAL,normal,OS,.tif,0.00024382630363106728
NORMAL/91/013_Normal.tif,NORMAL-091,val,NORMAL,normal,OS,.tif,0.00027537805726751685
NORMAL/91/014_Normal.tif,NORMAL-091,val,NORMAL,normal,OS,.tif,0.00022422822075895965
NORMAL/91/015_Normal.tif,NORMAL-091,val,NORMAL,normal,OS,.tif,0.00038573623169213533
NORMAL/91/016_Normal.tif,NORMAL-091,val,NORMAL,normal,OS,.tif,0.00024887308245524764
NORMAL/91/017_Normal.tif,NORMAL-091,val,NORMAL,normal,OS,.tif,0.00032602238934487104
NORMAL/91/018_Normal.tif,NORMAL-091,val,NORMAL,normal,OS,.tif,0.00017480389215052128
NORMAL/91/019_Normal.tif,NORMAL-091,val,NORMAL,normal,OS,.tif,0.00019627119763754308
NORMAL/91/020_Normal.tif,NORMAL-091,val,NORMAL,normal,OS,.tif,0.0001966729760169983
NORMAL/91/021_Normal.tif,NORMAL-091,val,NORMAL,normal,OS,.tif,0.0001837670715758577
NORMAL/91/022_Normal.tif,NORMAL-091,val,NORMAL,normal,OS,.tif,0.00025618349900469184
NORMAL/91/023_Normal.tif,NORMAL-091,val,NORMAL,normal,OS,.tif,0.00022948894184082747
NORMAL/91/024_Normal.tif,NORMAL-091,val,NORMAL,normal,OS,.tif,0.0002995242248289287
NORMAL/101/OD/000_Normal.tif,NORMAL-101,val,NORMAL,normal,OD,.tif,0.00015158840687945485
NORMAL/101/OD/001_Normal.tif,NORMAL-101,val,NORMAL,normal,OD,.tif,0.0001883638760773465
NORMAL/101/OD/002_Normal.tif,NORMAL-101,val,NORMAL,normal,OD,.tif,0.00016065980889834464
NORMAL/101/OD/003_Normal.tif,NORMAL-101,val,NORMAL,normal,OD,.tif,0.00017190803191624582
NORMAL/101/OD/004_Normal.tif,NORMAL-101,val,NORMAL,normal,OD,.tif,0.0002196159039158374
NORMAL/101/OD/005_Normal.tif,NORMAL-101,val,NORMAL,normal,OD,.tif,0.00018385591101832688
NORMAL/101/OD/006_Normal.tif,NORMAL-101,val,NORMAL,normal,OD,.tif,0.0002689823159016669
NORMAL/101/OD/007_Normal.tif,NORMAL-101,val,NORMAL,normal,OD,.tif,0.00024269708956126124
NORMAL/101/OD/008_Normal.tif,NORMAL-101,val,NORMAL,normal,OD,.tif,0.0002665729261934757
NORMAL/101/OD/009_Normal.tif,NORMAL-101,val,NORMAL,normal,OD,.tif,0.00019328243797644973
NORMAL/101/OD/010_Normal.tif,NORMAL-101,val,NORMAL,normal,OD,.tif,0.00016166717978194356
NORMAL/101/OD/011_Normal.tif,NORMAL-101,val,NORMAL,normal,OD,.tif,0.00025864277267828584
NORMAL/101/OD/012_Normal.tif,NORMAL-101,val,NORMAL,normal,OD,.tif,0.00019252969650551677
NORMAL/101/OD/013_Normal.tif,NORMAL-101,val,NORMAL,normal,OD,.tif,0.000172502885106951
NORMAL/101/OD/014_Normal.tif,NORMAL-101,val,NORMAL,normal,OD,.tif,0.0002621960884425789
NORMAL/101/OD/015_Normal.tif,NORMAL-101,val,NORMAL,normal,OD,.tif,0.0003142500063404441
NORMAL/101/OD/016_Normal.tif,NORMAL-101,val,NORMAL,normal,OD,.tif,0.0002773439045995474
NORMAL/101/OD/017_Normal.tif,NORMAL-101,val,NORMAL,normal,OD,.tif,0.00022109830752015114
NORMAL/101/OD/018_Normal.tif,NORMAL-101,val,NORMAL,normal,OD,.tif,0.0002443571574985981
NORMAL/101/OD/019_Normal.tif,NORMAL-101,val,NORMAL,normal,OD,.tif,0.0002340108185308054
NORMAL/101/OD/020_Normal.tif,NORMAL-101,val,NORMAL,normal,OD,.tif,0.00016103184316307306
NORMAL/101/OD/021_Normal.tif,NORMAL-101,val,NORMAL,normal,OD,.tif,0.00021306087728589773
NORMAL/101/OD/022_Normal.tif,NORMAL-101,val,NORMAL,normal,OD,.tif,0.0002295788290211931
NORMAL/101/OD/023_Normal.tif,NORMAL-101,val,NORMAL,normal,OD,.tif,0.00023742084158584476
NORMAL/101/OD/024_Normal.tif,NORMAL-101,val,NORMAL,normal,OD,.tif,0.00021241861395537853
NORMAL/101/OD/025_Normal.tif,NORMAL-101,val,NORMAL,normal,OD,.tif,0.0002478329697623849
NORMAL/101/OD/026_Normal.tif,NORMAL-101,val,NORMAL,normal,OD,.tif,0.00022449306561611593
NORMAL/101/OD/027_Normal.tif,NORMAL-101,val,NORMAL,normal,OD,.tif,0.00035719064180739224
NORMAL/101/OD/028_Normal.tif,NORMAL-101,val,NORMAL,normal,OD,.tif,0.00025838398141786456
NORMAL/101/OD/029_Normal.tif,NORMAL-101,val,NORMAL,normal,OD,.tif,0.00022882228950038552
NORMAL/101/OD/030_Normal.tif,NORMAL-101,val,NORMAL,normal,OD,.tif,0.0002513078215997666
NORMAL/101/OS/000_Normal.tif,NORMAL-101,val,NORMAL,normal,OS,.tif,0.00032919907243922353
NORMAL/101/OS/001_Normal.tif,NORMAL-101,val,NORMAL,normal,OS,.tif,0.00021366655710153282
NORMAL/101/OS/002_Normal.tif,NORMAL-101,val,NORMAL,normal,OS,.tif,0.00022234620701055974
NORMAL/101/OS/003_Normal.tif,NORMAL-101,val,NORMAL,normal,OS,.tif,0.00022396104759536684
NORMAL/101/OS/004_Normal.tif,NORMAL-101,val,NORMAL,normal,OS,.tif,0.00018376523803453892
NORMAL/101/OS/005_Normal.tif,NORMAL-101,val,NORMAL,normal,OS,.tif,0.00022112674196250737
NORMAL/101/OS/006_Normal.tif,NORMAL-101,val,NORMAL,normal,OS,.tif,0.00023027964925859123
NORMAL/101/OS/007_Normal.tif,NORMAL-101,val,NORMAL,normal,OS,.tif,0.00031932274578139186
NORMAL/101/OS/008_Normal.tif,NORMAL-101,val,NORMAL,normal,OS,.tif,0.00029293529223650694
NORMAL/101/OS/009_Normal.tif,NORMAL-101,val,NORMAL,normal,OS,.tif,0.000288190261926502
NORMAL/101/OS/010_Normal.tif,NORMAL-101,val,NORMAL,normal,OS,.tif,0.0002966963220387697
NORMAL/101/OS/011_Normal.tif,NORMAL-101,val,NORMAL,normal,OS,.tif,0.00020857762137893587
NORMAL/101/OS/012_Normal.tif,NORMAL-101,val,NORMAL,normal,OS,.tif,0.00024205043155234307
NORMAL/101/OS/013_Normal.tif,NORMAL-101,val,NORMAL,normal,OS,.tif,0.0002532459329813719
NORMAL/101/OS/014_Normal.tif,NORMAL-101,val,NORMAL,normal,OS,.tif,0.00024423166178166866
NORMAL/101/OS/015_Normal.tif,NORMAL-101,val,NORMAL,normal,OS,.tif,0.0002674071292858571
NORMAL/101/OS/016_Normal.tif,NORMAL-101,val,NORMAL,normal,OS,.tif,0.0002557197294663638
NORMAL/101/OS/017_Normal.tif,NORMAL-101,val,NORMAL,normal,OS,.tif,0.00022896520385984331
NORMAL/101/OS/018_Normal.tif,NORMAL-101,val,NORMAL,normal,OS,.tif,0.000278900028206408
NORMAL/101/OS/019_Normal.tif,NORMAL-101,val,NORMAL,normal,OS,.tif,0.00028827108326368034
NORMAL/101/OS/020_Normal.tif,NORMAL-101,val,NORMAL,normal,OS,.tif,0.00023862595844548196
NORMAL/101/OS/021_Normal.tif,NORMAL-101,val,NORMAL,normal,OS,.tif,0.00024223685613833368
NORMAL/101/OS/022_Normal.tif,NORMAL-101,val,NORMAL,normal,OS,.tif,0.00026481860550120473
NORMAL/101/OS/023_Normal.tif,NORMAL-101,val,NORMAL,normal,OS,.tif,0.0002499415713828057
NORMAL/101/OS/024_Normal.tif,NORMAL-101,val,NORMAL,normal,OS,.tif,0.00020428767311386764
NORMAL/101/OS/025_Normal.tif,NORMAL-101,val,NORMAL,normal,OS,.tif,0.0002496057713869959
NORMAL/101/OS/026_Normal.tif,NORMAL-101,val,NORMAL,normal,OS,.tif,0.0002838857180904597
NORMAL/101/OS/027_Normal.tif,NORMAL-101,val,NORMAL,normal,OS,.tif,0.00033294156310148537
NORMAL/101/OS/028_Normal.tif,NORMAL-101,val,NORMAL,normal,OS,.tif,0.0005730586708523333
NORMAL/101/OS/029_Normal.tif,NORMAL-101,val,NORMAL,normal,OS,.tif,0.00031332514481619
NORMAL/101/OS/030_Normal.tif,NORMAL-101,val,NORMAL,normal,OS,.tif,0.00024768756702542305
NORMAL/107/OD/000_Normal.tif,NORMAL-107,val,NORMAL,normal,OD,.tif,0.00035170555929653347
NORMAL/107/OD/001_Normal.tif,NORMAL-107,val,NORMAL,normal,OD,.tif,0.0002882587141357362
NORMAL/107/OD/002_Normal.tif,NORMAL-107,val,NORMAL,normal,OD,.tif,0.00034579652128741145
NORMAL/107/OD/003_Normal.tif,NORMAL-107,val,NORMAL,normal,OD,.tif,0.0003441034641582519
NORMAL/107/OD/004_Normal.tif,NORMAL-107,val,NORMAL,normal,OD,.tif,0.0003010753425769508
NORMAL/107/OD/005_Normal.tif,NORMAL-107,val,NORMAL,normal,OD,.tif,0.0002972022339235991
NORMAL/107/OD/006_Normal.tif,NORMAL-107,val,NORMAL,normal,OD,.tif,0.000370084831956774
NORMAL/107/OD/007_Normal.tif,NORMAL-107,val,NORMAL,normal,OD,.tif,0.0003265386912971735
NORMAL/107/OD/008_Normal.tif,NORMAL-107,val,NORMAL,normal,OD,.tif,0.00019283070287201554
NORMAL/107/OD/009_Normal.tif,NORMAL-107,val,NORMAL,normal,OD,.tif,0.0002946234308183193
NORMAL/107/OD/010_Normal.tif,NORMAL-107,val,NORMAL,normal,OD,.tif,0.0002978264819830656
NORMAL/107/OD/011_Normal.tif,NORMAL-107,val,NORMAL,normal,OD,.tif,0.0002731142449192703
NORMAL/107/OD/012_Normal.tif,NORMAL-107,val,NORMAL,normal,OD,.tif,0.00023832781880628318
NORMAL/107/OD/013_Normal.tif,NORMAL-107,val,NORMAL,normal,OD,.tif,0.00021671316062565893
NORMAL/107/OD/014_Normal.tif,NORMAL-107,val,NORMAL,normal,OD,.tif,0.0002678672899492085
NORMAL/107/OD/015_Normal.tif,NORMAL-107,val,NORMAL,normal,OD,.tif,0.00031218741787597537
NORMAL/107/OD/016_Normal.tif,NORMAL-107,val,NORMAL,normal,OD,.tif,0.00023696664720773697
NORMAL/107/OD/017_Normal.tif,NORMAL-107,val,NORMAL,normal,OD,.tif,0.0002875980280805379
NORMAL/107/OD/018_Normal.tif,NORMAL-107,val,NORMAL,normal,OD,.tif,0.0002943953440990299
NORMAL/107/OD/019_Normal.tif,NORMAL-107,val,NORMAL,normal,OD,.tif,0.0003453386016190052
NORMAL/107/OD/020_Normal.tif,NORMAL-107,val,NORMAL,normal,OD,.tif,0.00024175590078812093
NORMAL/107/OD/021_Normal.tif,NORMAL-107,val,NORMAL,normal,OD,.tif,0.00023589763441123068
NORMAL/107/OD/022_Normal.tif,NORMAL-107,val,NORMAL,normal,OD,.tif,0.00034415017580613494
NORMAL/107/OD/023_Normal.tif,NORMAL-107,val,NORMAL,normal,OD,.tif,0.0002453011693432927
NORMAL/107/OD/024_Normal.tif,NORMAL-107,val,NORMAL,normal,OD,.tif,0.00022371899103745818
NORMAL/107/OD/025_Normal.tif,NORMAL-107,val,NORMAL,normal,OD,.tif,0.000260715838521719
NORMAL/107/OD/026_Normal.tif,NORMAL-107,val,NORMAL,normal,OD,.tif,0.0002889938768930733
NORMAL/107/OD/027_Normal.tif,NORMAL-107,val,NORMAL,normal,OD,.tif,0.00022063727374188602
NORMAL/107/OD/028_Normal.tif,NORMAL-107,val,NORMAL,normal,OD,.tif,0.0002940757549367845
NORMAL/107/OD/029_Normal.tif,NORMAL-107,val,NORMAL,normal,OD,.tif,0.00030934554524719715
NORMAL/107/OD/030_Normal.tif,NORMAL-107,val,NORMAL,normal,OD,.tif,0.0002210077946074307
NORMAL/107/OS/000_Normal.tif,NORMAL-107,val,NORMAL,normal,OS,.tif,0.00022799993166700006
NORMAL/107/OS/001_Normal.tif,NORMAL-107,val,NORMAL,normal,OS,.tif,0.0002280679764226079
NORMAL/107/OS/002_Normal.tif,NORMAL-107,val,NORMAL,normal,OS,.tif,0.0002452281187288463
NORMAL/107/OS/003_Normal.tif,NORMAL-107,val,NORMAL,normal,OS,.tif,0.00021880587155465037
NORMAL/107/OS/004_Normal.tif,NORMAL-107,val,NORMAL,normal,OS,.tif,0.0002558578853495419
NORMAL/107/OS/005_Normal.tif,NORMAL-107,val,NORMAL,normal,OS,.tif,0.0003324449644424021
NORMAL/107/OS/006_Normal.tif,NORMAL-107,val,NORMAL,normal,OS,.tif,0.0003037982969544828
NORMAL/107/OS/007_Normal.tif,NORMAL-107,val,NORMAL,normal,OS,.tif,0.0002899434184655547
NORMAL/107/OS/008_Normal.tif,NORMAL-107,val,NORMAL,normal,OS,.tif,0.0002380270161665976
NORMAL/107/OS/009_Normal.tif,NORMAL-107,val,NORMAL,normal,OS,.tif,0.0003999382315669209
NORMAL/107/OS/010_Normal.tif,NORMAL-107,val,NORMAL,normal,OS,.tif,0.00027476661489345133
NORMAL/107/OS/011_Normal.tif,NORMAL-107,val,NORMAL,normal,OS,.tif,0.0003018498537130654
NORMAL/107/OS/012_Normal.tif,NORMAL-107,val,NORMAL,normal,OS,.tif,0.00021707473206333816
NORMAL/107/OS/013_Normal.tif,NORMAL-107,val,NORMAL,normal,OS,.tif,0.00021993300470057875
NORMAL/107/OS/014_Normal.tif,NORMAL-107,val,NORMAL,normal,OS,.tif,0.00020891653548460454
NORMAL/107/OS/015_Normal.tif,NORMAL-107,val,NORMAL,normal,OS,.tif,0.00019527715630829334
NORMAL/107/OS/016_Normal.tif,NORMAL-107,val,NORMAL,normal,OS,.tif,0.00027682268409989774
NORMAL/107/OS/017_Normal.tif,NORMAL-107,val,NORMAL,normal,OS,.tif,0.0003443286695983261
NORMAL/107/OS/018_Normal.tif,NORMAL-107,val,NORMAL,normal,OS,.tif,0.00022680411348119378
NORMAL/107/OS/019_Normal.tif,NORMAL-107,val,NORMAL,normal,OS,.tif,0.00035027647390961647
NORMAL/107/OS/020_Normal.tif,NORMAL-107,val,NORMAL,normal,OS,.tif,0.00042876560473814607
NORMAL/107/OS/021_Normal.tif,NORMAL-107,val,NORMAL,normal,OS,.tif,0.0002287138777319342
NORMAL/107/OS/022_Normal.tif,NORMAL-107,val,NORMAL,normal,OS,.tif,0.00017997898976318538
NORMAL/107/OS/023_Normal.tif,NORMAL-107,val,NORMAL,normal,OS,.tif,0.0002588460920378566
NORMAL/107/OS/024_Normal.tif,NORMAL-107,val,NORMAL,normal,OS,.tif,0.00019789875659625977
NORMAL/107/OS/025_Normal.tif,NORMAL-107,val,NORMAL,normal,OS,.tif,0.00018292386084794998
NORMAL/107/OS/026_Normal.tif,NORMAL-107,val,NORMAL,normal,OS,.tif,0.000246112555032596
NORMAL/107/OS/027_Normal.tif,NORMAL-107,val,NORMAL,normal,OS,.tif,0.0002633450203575194
NORMAL/107/OS/028_Normal.tif,NORMAL-107,val,NORMAL,normal,OS,.tif,0.00022522942163050175
NORMAL/107/OS/029_Normal.tif,NORMAL-107,val,NORMAL,normal,OS,.tif,0.00021544289484154433
NORMAL/107/OS/030_Normal.tif,NORMAL-107,val,NORMAL,normal,OS,.tif,0.00017360851052217185
NORMAL/109/OD/000_Normal.tif,NORMAL-109,val,NORMAL,normal,OD,.tif,0.0003278244403190911
NORMAL/109/OD/001_Normal.tif,NORMAL-109,val,NORMAL,normal,OD,.tif,0.0002770720748230815
NORMAL/109/OD/002_Normal.tif,NORMAL-109,val,NORMAL,normal,OD,.tif,0.00044661088031716645
NORMAL/109/OD/003_Normal.tif,NORMAL-109,val,NORMAL,normal,OD,.tif,0.00027260457864031196
NORMAL/109/OD/004_Normal.tif,NORMAL-109,val,NORMAL,normal,OD,.tif,0.0002521898131817579
NORMAL/109/OD/005_Normal.tif,NORMAL-109,val,NORMAL,normal,OD,.tif,0.0003494565899018198
NORMAL/109/OD/006_Normal.tif,NORMAL-109,val,NORMAL,normal,OD,.tif,0.00028009945526719093
NORMAL/109/OD/007_Normal.tif,NORMAL-109,val,NORMAL,normal,OD,.tif,0.00028600491350516677
NORMAL/109/OD/008_Normal.tif,NORMAL-109,val,NORMAL,normal,OD,.tif,0.00036425000871531665
NORMAL/109/OD/009_Normal.tif,NORMAL-109,val,NORMAL,normal,OD,.tif,0.0002891450421884656
NORMAL/109/OD/010_Normal.tif,NORMAL-109,val,NORMAL,normal,OD,.tif,0.00024953714455477893
NORMAL/109/OD/011_Normal.tif,NORMAL-109,val,NORMAL,normal,OD,.tif,0.0003023377794306725
NORMAL/109/OD/012_Normal.tif,NORMAL-109,val,NORMAL,normal,OD,.tif,0.0003877614508382976
NORMAL/109/OD/013_Normal.tif,NORMAL-109,val,NORMAL,normal,OD,.tif,0.00032834208104759455
NORMAL/109/OD/014_Normal.tif,NORMAL-109,val,NORMAL,normal,OD,.tif,0.0004538832581602037
NORMAL/109/OD/015_Normal.tif,NORMAL-109,val,NORMAL,normal,OD,.tif,0.00030014198273420334
NORMAL/109/OD/016_Normal.tif,NORMAL-109,val,NORMAL,normal,OD,.tif,0.00034985371166840196
NORMAL/109/OD/017_Normal.tif,NORMAL-109,val,NORMAL,normal,OD,.tif,0.00032597457175143063
NORMAL/109/OD/018_Normal.tif,NORMAL-109,val,NORMAL,normal,OD,.tif,0.00021545409981627017
NORMAL/109/OD/019_Normal.tif,NORMAL-109,val,NORMAL,normal,OD,.tif,0.0002795183099806309
NORMAL/109/OD/020_Normal.tif,NORMAL-109,val,NORMAL,normal,OD,.tif,0.00036809896118938923
NORMAL/109/OD/021_Normal.tif,NORMAL-109,val,NORMAL,normal,OD,.tif,0.00035422382643446326
NORMAL/109/OD/022_Normal.tif,NORMAL-109,val,NORMAL,normal,OD,.tif,0.00033122271997854114
NORMAL/109/OD/023_Normal.tif,NORMAL-109,val,NORMAL,normal,OD,.tif,0.0004192051710560918
NORMAL/109/OD/024_Normal.tif,NORMAL-109,val,NORMAL,normal,OD,.tif,0.0003894542751368135
NORMAL/109/OD/025_Normal.tif,NORMAL-109,val,NORMAL,normal,OD,.tif,0.0004076292971149087
NORMAL/109/OD/026_Normal.tif,NORMAL-109,val,NORMAL,normal,OD,.tif,0.00034124069497920573
NORMAL/109/OD/027_Normal.tif,NORMAL-109,val,NORMAL,normal,OD,.tif,0.0003115741419605911
NORMAL/109/OD/028_Normal.tif,NORMAL-109,val,NORMAL,normal,OD,.tif,0.0004037868930026889
NORMAL/109/OD/029_Normal.tif,NORMAL-109,val,NORMAL,normal,OD,.tif,0.00034000829327851534
NORMAL/109/OD/030_Normal.tif,NORMAL-109,val,NORMAL,normal,OD,.tif,0.00030449542100541294
NORMAL/109/OS/000_Normal.tif,NORMAL-109,val,NORMAL,normal,OS,.tif,0.00028212828328832984
NORMAL/109/OS/001_Normal.tif,NORMAL-109,val,NORMAL,normal,OS,.tif,0.00040336360689252615
NORMAL/109/OS/002_Normal.tif,NORMAL-109,val,NORMAL,normal,OS,.tif,0.0003087838413193822
NORMAL/109/OS/003_Normal.tif,NORMAL-109,val,NORMAL,normal,OS,.tif,0.00025223271222785115
NORMAL/109/OS/004_Normal.tif,NORMAL-109,val,NORMAL,normal,OS,.tif,0.00043518817983567715
NORMAL/109/OS/005_Normal.tif,NORMAL-109,val,NORMAL,normal,OS,.tif,0.0003304505371488631
NORMAL/109/OS/006_Normal.tif,NORMAL-109,val,NORMAL,normal,OS,.tif,0.0002857702784240246
NORMAL/109/OS/007_Normal.tif,NORMAL-109,val,NORMAL,normal,OS,.tif,0.00024325097911059856
NORMAL/109/OS/008_Normal.tif,NORMAL-109,val,NORMAL,normal,OS,.tif,0.0002291174459969625
NORMAL/109/OS/009_Normal.tif,NORMAL-109,val,NORMAL,normal,OS,.tif,0.0003311096515972167
NORMAL/109/OS/010_Normal.tif,NORMAL-109,val,NORMAL,normal,OS,.tif,0.0002370873116888106
NORMAL/109/OS/011_Normal.tif,NORMAL-109,val,NORMAL,normal,OS,.tif,0.000335980235831812
NORMAL/109/OS/012_Normal.tif,NORMAL-109,val,NORMAL,normal,OS,.tif,0.0002547654730733484
NORMAL/109/OS/013_Normal.tif,NORMAL-109,val,NORMAL,normal,OS,.tif,0.0004006626841146499
NORMAL/109/OS/014_Normal.tif,NORMAL-109,val,NORMAL,normal,OS,.tif,0.00024395839136559516
NORMAL/109/OS/015_Normal.tif,NORMAL-109,val,NORMAL,normal,OS,.tif,0.0002373010356677696
NORMAL/109/OS/016_Normal.tif,NORMAL-109,val,NORMAL,normal,OS,.tif,0.0003143369103781879
NORMAL/109/OS/017_Normal.tif,NORMAL-109,val,NORMAL,normal,OS,.tif,0.00044836499728262424
NORMAL/109/OS/018_Normal.tif,NORMAL-109,val,NORMAL,normal,OS,.tif,0.00038857030449435115
NORMAL/109/OS/019_Normal.tif,NORMAL-109,val,NORMAL,normal,OS,.tif,0.0004177616210654378
NORMAL/109/OS/020_Normal.tif,NORMAL-109,val,NORMAL,normal,OS,.tif,0.0003880577569361776
NORMAL/109/OS/021_Normal.tif,NORMAL-109,val,NORMAL,normal,OS,.tif,0.0003557505551725626
NORMAL/109/OS/022_Normal.tif,NORMAL-109,val,NORMAL,normal,OS,.tif,0.00025937630562111735
NORMAL/109/OS/023_Normal.tif,NORMAL-109,val,NORMAL,normal,OS,.tif,0.0002066603919956833
NORMAL/109/OS/024_Normal.tif,NORMAL-109,val,NORMAL,normal,OS,.tif,0.0003364535514265299
NORMAL/109/OS/025_Normal.tif,NORMAL-109,val,NORMAL,normal,OS,.tif,0.0003631680738180876
NORMAL/109/OS/026_Normal.tif,NORMAL-109,val,NORMAL,normal,OS,.tif,0.0005386919365264475
NORMAL/109/OS/027_Normal.tif,NORMAL-109,val,NORMAL,normal,OS,.tif,0.0003476901329122484
NORMAL/109/OS/028_Normal.tif,NORMAL-109,val,NORMAL,normal,OS,.tif,0.00040306977462023497
NORMAL/109/OS/029_Normal.tif,NORMAL-109,val,NORMAL,normal,OS,.tif,0.0003220618236809969
NORMAL/109/OS/030_Normal.tif,NORMAL-109,val,NORMAL,normal,OS,.tif,0.0002819878573063761
NORMAL/119/OD/000_Normal.tif,NORMAL-119,val,NORMAL,normal,OD,.tif,0.00020292382396291941
NORMAL/119/OD/001_Normal.tif,NORMAL-119,val,NORMAL,normal,OD,.tif,0.00020964918076060712
NORMAL/119/OD/002_Normal.tif,NORMAL-119,val,NORMAL,normal,OD,.tif,0.0003043083706870675
NORMAL/119/OD/003_Normal.tif,NORMAL-119,val,NORMAL,normal,OD,.tif,0.0002787166740745306
NORMAL/119/OD/004_Normal.tif,NORMAL-119,val,NORMAL,normal,OD,.tif,0.00024688191479071975
NORMAL/119/OD/005_Normal.tif,NORMAL-119,val,NORMAL,normal,OD,.tif,0.00022350196377374232
NORMAL/119/OD/006_Normal.tif,NORMAL-119,val,NORMAL,normal,OD,.tif,0.0001925304823089391
NORMAL/119/OD/007_Normal.tif,NORMAL-119,val,NORMAL,normal,OD,.tif,0.0001993478072108701
NORMAL/119/OD/008_Normal.tif,NORMAL-119,val,NORMAL,normal,OD,.tif,0.00019637854711618274
NORMAL/119/OD/009_Normal.tif,NORMAL-119,val,NORMAL,normal,OD,.tif,0.0003929255763068795
NORMAL/119/OD/010_Normal.tif,NORMAL-119,val,NORMAL,normal,OD,.tif,0.0002653665142133832
NORMAL/119/OD/011_Normal.tif,NORMAL-119,val,NORMAL,normal,OD,.tif,0.000170934566995129
NORMAL/119/OD/012_Normal.tif,NORMAL-119,val,NORMAL,normal,OD,.tif,0.00018296294729225338
NORMAL/119/OD/013_Normal.tif,NORMAL-119,val,NORMAL,normal,OD,.tif,0.00022510666167363524
NORMAL/119/OD/014_Normal.tif,NORMAL-119,val,NORMAL,normal,OD,.tif,0.0002702776400838047
NORMAL/119/OD/015_Normal.tif,NORMAL-119,val,NORMAL,normal,OD,.tif,0.00026492783217690885
NORMAL/119/OD/016_Normal.tif,NORMAL-119,val,NORMAL,normal,OD,.tif,0.00016813696129247546
NORMAL/119/OD/017_Normal.tif,NORMAL-119,val,NORMAL,normal,OD,.tif,0.00023426712141372263
NORMAL/119/OD/018_Normal.tif,NORMAL-119,val,NORMAL,normal,OD,.tif,0.00023014277394395322
NORMAL/119/OD/019_Normal.tif,NORMAL-119,val,NORMAL,normal,OD,.tif,0.00021782211842946708
NORMAL/119/OD/020_Normal.tif,NORMAL-119,val,NORMAL,normal,OD,.tif,0.00019213453924749047
NORMAL/119/OD/021_Normal.tif,NORMAL-119,val,NORMAL,normal,OD,.tif,0.00025085604283958673
NORMAL/119/OD/022_Normal.tif,NORMAL-119,val,NORMAL,normal,OD,.tif,0.00018381972040515393
NORMAL/119/OD/023_Normal.tif,NORMAL-119,val,NORMAL,normal,OD,.tif,0.00019785718177445233
NORMAL/119/OD/024_Normal.tif,NORMAL-119,val,NORMAL,normal,OD,.tif,0.00024309287255164236
NORMAL/119/OD/025_Normal.tif,NORMAL-119,val,NORMAL,normal,OD,.tif,0.00020022956596221775
NORMAL/119/OD/026_Normal.tif,NORMAL-119,val,NORMAL,normal,OD,.tif,0.0002622461470309645
NORMAL/119/OD/027_Normal.tif,NORMAL-119,val,NORMAL,normal,OD,.tif,0.0002777488261926919
NORMAL/119/OD/028_Normal.tif,NORMAL-119,val,NORMAL,normal,OD,.tif,0.00021777054644189775
NORMAL/119/OD/029_Normal.tif,NORMAL-119,val,NORMAL,normal,OD,.tif,0.00020836747717112303
NORMAL/119/OD/030_Normal.tif,NORMAL-119,val,NORMAL,normal,OD,.tif,0.00026775276637636125
NORMAL/119/OS/000_Normal.tif,NORMAL-119,val,NORMAL,normal,OS,.tif,0.0002152233209926635
NORMAL/119/OS/001_Normal.tif,NORMAL-119,val,NORMAL,normal,OS,.tif,0.00022869072563480586
NORMAL/119/OS/002_Normal.tif,NORMAL-119,val,NORMAL,normal,OS,.tif,0.0002017171063926071
NORMAL/119/OS/003_Normal.tif,NORMAL-119,val,NORMAL,normal,OS,.tif,0.0002020316751440987
NORMAL/119/OS/004_Normal.tif,NORMAL-119,val,NORMAL,normal,OS,.tif,0.00016791882808320224
NORMAL/119/OS/005_Normal.tif,NORMAL-119,val,NORMAL,normal,OS,.tif,0.00032798724714666605
NORMAL/119/OS/006_Normal.tif,NORMAL-119,val,NORMAL,normal,OS,.tif,0.0003474420518614352
NORMAL/119/OS/007_Normal.tif,NORMAL-119,val,NORMAL,normal,OS,.tif,0.0002965116873383522
NORMAL/119/OS/008_Normal.tif,NORMAL-119,val,NORMAL,normal,OS,.tif,0.00025495945010334253
NORMAL/119/OS/009_Normal.tif,NORMAL-119,val,NORMAL,normal,OS,.tif,0.00029676005942746997
NORMAL/119/OS/010_Normal.tif,NORMAL-119,val,NORMAL,normal,OS,.tif,0.00026727785007096827
NORMAL/119/OS/011_Normal.tif,NORMAL-119,val,NORMAL,normal,OS,.tif,0.00033475010422989726
NORMAL/119/OS/012_Normal.tif,NORMAL-119,val,NORMAL,normal,OS,.tif,0.0003034723049495369
NORMAL/119/OS/013_Normal.tif,NORMAL-119,val,NORMAL,normal,OS,.tif,0.0002367146371398121
NORMAL/119/OS/014_Normal.tif,NORMAL-119,val,NORMAL,normal,OS,.tif,0.0003453950339462608
NORMAL/119/OS/015_Normal.tif,NORMAL-119,val,NORMAL,normal,OS,.tif,0.0002649126690812409
NORMAL/119/OS/016_Normal.tif,NORMAL-119,val,NORMAL,normal,OS,.tif,0.00018979089509230107
NORMAL/119/OS/017_Normal.tif,NORMAL-119,val,NORMAL,normal,OS,.tif,0.0002189128426834941
NORMAL/119/OS/018_Normal.tif,NORMAL-119,val,NORMAL,normal,OS,.tif,0.0002025764260906726
NORMAL/119/OS/019_Normal.tif,NORMAL-119,val,NORMAL,normal,OS,.tif,0.00023858844360802323
NORMAL/119/OS/020_Normal.tif,NORMAL-119,val,NORMAL,normal,OS,.tif,0.00023968673485796899
NORMAL/119/OS/021_Normal.tif,NORMAL-119,val,NORMAL,normal,OS,.tif,0.00032700819429010153
NORMAL/119/OS/022_Normal.tif,NORMAL-119,val,NORMAL,normal,OS,.tif,0.00047909843851812184
NORMAL/119/OS/023_Normal.tif,NORMAL-119,val,NORMAL,normal,OS,.tif,0.00042363395914435387
NORMAL/119/OS/024_Normal.tif,NORMAL-119,val,NORMAL,normal,OS,.tif,0.0004784835618920624
NORMAL/119/OS/025_Normal.tif,NORMAL-119,val,NORMAL,normal,OS,.tif,0.0003056433633901179
NORMAL/119/OS/026_Normal.tif,NORMAL-119,val,NORMAL,normal,OS,.tif,0.00022814457770437002
NORMAL/119/OS/027_Normal.tif,NORMAL-119,val,NORMAL,normal,OS,.tif,0.00023961755505297333
NORMAL/119/OS/028_Normal.tif,NORMAL-119,val,NORMAL,normal,OS,.tif,0.00022038855240680277
NORMAL/119/OS/029_Normal.tif,NORMAL-119,val,NORMAL,normal,OS,.tif,0.0001597437949385494
NORMAL/119/OS/030_Normal.tif,NORMAL-119,val,NORMAL,normal,OS,.tif,0.00024373072665184736
CNV/1/000_Drusen.jpg,CNV-001,test,CNV,drusen,OS,.jpg,0.00027766486164182425
CNV/1/001_Drusen.jpg,CNV-001,test,CNV,drusen,OS,.jpg,0.00038061937084421515
CNV/1/002_Drusen.jpg,CNV-001,test,CNV,drusen,OS,.jpg,0.00019767595222219825
CNV/1/003_Normal.jpg,CNV-001,test,CNV,normal,OS,.jpg,0.0001863375073298812
CNV/1/004_Normal.jpg,CNV-001,test,CNV,normal,OS,.jpg,0.00022456534497905523
CNV/1/005_Drusen.jpg,CNV-001,test,CNV,drusen,OS,.jpg,0.0004693859664257616
CNV/1/006_Normal.jpg,CNV-001,test,CNV,normal,OS,.jpg,0.00048620643792673945
CNV/1/007_Normal.jpg,CNV-001,test,CNV,normal,OS,.jpg,0.0002557213883846998
CNV/1/008_Drusen.jpg,CNV-001,test,CNV,drusen,OS,.jpg,0.0002722279750742018
CNV/1/009_Drusen.jpg,CNV-001,test,CNV,drusen,OS,.jpg,0.0003639546048361808
CNV/1/010_Drusen.jpg,CNV-001,test,CNV,drusen,OS,.jpg,0.00035329628735780716
CNV/1/011_CNV.jpg,CNV-001,test,CNV,cnv,OS,.jpg,0.00046508468221873045
CNV/1/012_CNV.jpg,CNV-001,test,CNV,cnv,OS,.jpg,0.00027601816691458225
CNV/1/013_CNV.jpg,CNV-001,test,CNV,cnv,OS,.jpg,0.00023995722585823387
CNV/1/014_CNV.jpg,CNV-001,test,CNV,cnv,OS,.jpg,0.0002221398171968758
CNV/1/015_CNV.jpg,CNV-001,test,CNV,cnv,OS,.jpg,0.0002967931213788688
CNV/1/016_CNV.jpg,CNV-001,test,CNV,cnv,OS,.jpg,0.00026339953183196485
CNV/1/017_CNV.jpg,CNV-001,test,CNV,cnv,OS,.jpg,0.0003574672155082226
CNV/1/018_CNV.jpg,CNV-001,test,CNV,cnv,OS,.jpg,0.0002961229474749416
CNV/1/019_CNV.jpg,CNV-001,test,CNV,cnv,OS,.jpg,0.00022748605988454074
CNV/1/020_CNV.jpg,CNV-001,test,CNV,cnv,OS,.jpg,0.00018962472677230835
CNV/1/021_Drusen.jpg,CNV-001,test,CNV,drusen,OS,.jpg,0.0003258315264247358
CNV/1/022_Drusen.jpg,CNV-001,test,CNV,drusen,OS,.jpg,0.00030163367046043277
CNV/1/023_Normal.jpg,CNV-001,test,CNV,normal,OS,.jpg,0.00021321406529750675
CNV/1/024_Normal.jpg,CNV-001,test,CNV,normal,OS,.jpg,0.00021185950026847422
CNV/1/025_Normal.jpg,CNV-001,test,CNV,normal,OS,.jpg,0.00028801686130464077
CNV/1/026_Normal.jpg,CNV-001,test,CNV,normal,OS,.jpg,0.0003187744878232479
CNV/1/027_Normal.jpg,CNV-001,test,CNV,normal,OS,.jpg,0.0004024675872642547
CNV/1/028_Normal.jpg,CNV-001,test,CNV,normal,OS,.jpg,0.00020904824486933649
CNV/1/029_Normal.jpg,CNV-001,test,CNV,normal,OS,.jpg,0.00029840448405593634
CNV/1/030_Normal.jpg,CNV-001,test,CNV,normal,OS,.jpg,0.00026725855423137546
CNV/2/000_Normal.jpg,CNV-002,test,CNV,normal,OD,.jpg,0.00040081789484247565
CNV/2/001_CNV.jpg,CNV-002,test,CNV,cnv,OD,.jpg,0.0002836888306774199
CNV/2/002_CNV.jpg,CNV-002,test,CNV,cnv,OD,.jpg,0.00019988187705166638
CNV/2/003_CNV.jpg,CNV-002,test,CNV,cnv,OD,.jpg,0.0003710707533173263
CNV/2/004_CNV.jpg,CNV-002,test,CNV,cnv,OD,.jpg,0.0002856933861039579
CNV/2/005_CNV.jpg,CNV-002,test,CNV,cnv,OD,.jpg,0.0002392615715507418
CNV/2/006_CNV.jpg,CNV-002,test,CNV,cnv,OD,.jpg,0.0002556676045060158
CNV/2/007_CNV.jpg,CNV-002,test,CNV,cnv,OD,.jpg,0.00031194047187455
CNV/2/008_CNV.jpg,CNV-002,test,CNV,cnv,OD,.jpg,0.00035233452217653394
CNV/2/009_CNV.jpg,CNV-002,test,CNV,cnv,OD,.jpg,0.0003441449662204832
CNV/2/010_CNV.jpg,CNV-002,test,CNV,cnv,OD,.jpg,0.00028125816606916487
CNV/2/011_CNV.jpg,CNV-002,test,CNV,cnv,OD,.jpg,0.0002992898807860911
CNV/2/012_CNV.jpg,CNV-002,test,CNV,cnv,OD,.jpg,0.00035098782973363996
CNV/2/013_CNV.jpg,CNV-002,test,CNV,cnv,OD,.jpg,0.0003622969379648566
CNV/2/014_CNV.jpg,CNV-002,test,CNV,cnv,OD,.jpg,0.0004335526027716696
CNV/2/015_CNV.jpg,CNV-002,test,CNV,cnv,OD,.jpg,0.0003773143980652094
CNV/2/016_CNV.jpg,CNV-002,test,CNV,cnv,OD,.jpg,0.00036012951750308275
CNV/2/017_CNV.jpg,CNV-002,test,CNV,cnv,OD,.jpg,0.0003124843933619559
CNV/2/018_CNV.jpg,CNV-002,test,CNV,cnv,OD,.jpg,0.00020803502411581576
CNV/2/019_Drusen.jpg,CNV-002,test,CNV,drusen,OD,.jpg,0.0002491403720341623
CNV/2/020_Drusen.jpg,CNV-002,test,CNV,drusen,OD,.jpg,0.00026127437013201416
CNV/2/021_Drusen.jpg,CNV-002,test,CNV,drusen,OD,.jpg,0.00034835372935049236
CNV/2/022_Normal.jpg,CNV-002,test,CNV,normal,OD,.jpg,0.00042459473479539156
CNV/2/023_Normal.jpg,CNV-002,test,CNV,normal,OD,.jpg,0.00017829594435170293
CNV/2/024_Normal.jpg,CNV-002,test,CNV,normal,OD,.jpg,0.00027809489984065294
CNV/6/000_Normal.jpg,CNV-006,test,CNV,normal,OS,.jpg,0.0002782109077088535
CNV/6/001_Normal.jpg,CNV-006,test,CNV,normal,OS,.jpg,0.0003584582591429353
CNV/6/002_Normal.jpg,CNV-006,test,CNV,normal,OS,.jpg,0.00029423407977446914
CNV/6/003_Normal.jpg,CNV-006,test,CNV,normal,OS,.jpg,0.00027045555179938674
CNV/6/004_Normal.jpg,CNV-006,test,CNV,normal,OS,.jpg,0.00025623361580073833
CNV/6/005_Normal.jpg,CNV-006,test,CNV,normal,OS,.jpg,0.00027542884345166385
CNV/6/006_Normal.jpg,CNV-006,test,CNV,normal,OS,.jpg,0.0002484720025677234
CNV/6/007_Normal.jpg,CNV-006,test,CNV,normal,OS,.jpg,0.00021020081476308405
CNV/6/008_Normal.jpg,CNV-006,test,CNV,normal,OS,.jpg,0.0002907688030973077
CNV/6/009_Drusen.jpg,CNV-006,test,CNV,drusen,OS,.jpg,0.00034630202571861446
CNV/6/010_CNV.jpg,CNV-006,test,CNV,cnv,OS,.jpg,0.00014731397095602006
CNV/6/011_CNV.jpg,CNV-006,test,CNV,cnv,OS,.jpg,0.00023945860448293388
CNV/6/012_CNV.jpg,CNV-006,test,CNV,cnv,OS,.jpg,0.0004028365365229547
CNV/6/013_CNV.jpg,CNV-006,test,CNV,cnv,OS,.jpg,0.0003778594546020031
CNV/6/014_CNV.jpg,CNV-006,test,CNV,cnv,OS,.jpg,0.0003136400191579014
CNV/6/015_CNV.jpg,CNV-006,test,CNV,cnv,OS,.jpg,0.0002451132168062031
CNV/6/016_CNV.jpg,CNV-006,test,CNV,cnv,OS,.jpg,0.0003228243440389633
CNV/6/017_CNV.jpg,CNV-006,test,CNV,cnv,OS,.jpg,0.00022684814757667482
CNV/6/018_CNV.jpg,CNV-006,test,CNV,cnv,OS,.jpg,0.00031556072644889355
CNV/6/019_CNV.jpg,CNV-006,test,CNV,cnv,OS,.jpg,0.0003452450328040868
CNV/6/020_CNV.jpg,CNV-006,test,CNV,cnv,OS,.jpg,0.00023358347243629396
CNV/6/021_CNV.jpg,CNV-006,test,CNV,cnv,OS,.jpg,0.00021598456078208983
CNV/6/022_CNV.jpg,CNV-006,test,CNV,cnv,OS,.jpg,0.0002597118727862835
CNV/6/023_Normal.jpg,CNV-006,test,CNV,normal,OS,.jpg,0.00023307837545871735
CNV/6/024_Normal.jpg,CNV-006,test,CNV,normal,OS,.jpg,0.00028294214280322194
CNV/6/025_Normal.jpg,CNV-006,test,CNV,normal,OS,.jpg,0.00023445358965545893
CNV/6/026_Normal.jpg,CNV-006,test,CNV,normal,OS,.jpg,0.00045124697498977184
CNV/6/027_Normal.jpg,CNV-006,test,CNV,normal,OS,.jpg,0.00026751236873678863
CNV/6/028_Normal.jpg,CNV-006,test,CNV,normal,OS,.jpg,0.00028534894227050245
CNV/6/029_Normal.jpg,CNV-006,test,CNV,normal,OS,.jpg,0.0001736509002512321
CNV/6/030_Normal.jpg,CNV-006,test,CNV,normal,OS,.jpg,0.0005782904336228967
CNV/11/000_Normal.tif,CNV-011,test,CNV,normal,OD,.tif,0.00014912421465851367
CNV/11/001_Normal.tif,CNV-011,test,CNV,normal,OD,.tif,0.0001896839530672878
CNV/11/002_Normal.tif,CNV-011,test,CNV,normal,OD,.tif,0.00022112519945949316
CNV/11/003_Normal.tif,CNV-011,test,CNV,normal,OD,.tif,0.0002405032719252631
CNV/11/004_Drusen.tif,CNV-011,test,CNV,drusen,OD,.tif,0.00025933378492482007
CNV/11/005_Drusen.tif,CNV-011,test,CNV,drusen,OD,.tif,0.00023768290702719241
CNV/11/006_Drusen.tif,CNV-011,test,CNV,drusen,OD,.tif,0.0002111585345119238
CNV/11/007_CNV.tif,CNV-011,test,CNV,cnv,OD,.tif,0.0001744083856465295
CNV/11/008_CNV.tif,CNV-011,test,CNV,cnv,OD,.tif,0.00028836552519351244
CNV/11/009_CNV.tif,CNV-011,test,CNV,cnv,OD,.tif,0.0002882736152969301
CNV/11/010_CNV.tif,CNV-011,test,CNV,cnv,OD,.tif,0.00029187463223934174
CNV/11/011_CNV.tif,CNV-011,test,CNV,cnv,OD,.tif,0.0002023598353844136
CNV/11/012_CNV.tif,CNV-011,test,CNV,cnv,OD,.tif,0.00022842150065116584
CNV/11/013_CNV.tif,CNV-011,test,CNV,cnv,OD,.tif,0.00017308146925643086
CNV/11/014_CNV.tif,CNV-011,test,CNV,cnv,OD,.tif,0.0002671853289939463
CNV/11/015_CNV.tif,CNV-011,test,CNV,cnv,OD,.tif,0.00019749630882870406
CNV/11/016_CNV.tif,CNV-011,test,CNV,cnv,OD,.tif,0.0002700268814805895
CNV/11/017_CNV.tif,CNV-011,test,CNV,cnv,OD,.tif,0.0001907840050989762
CNV/11/018_CNV.tif,CNV-011,test,CNV,cnv,OD,.tif,0.0003298373194411397
CNV/11/019_CNV.tif,CNV-011,test,CNV,cnv,OD,.tif,0.00031620042864233255
CNV/11/020_CNV.tif,CNV-011,test,CNV,cnv,OD,.tif,0.00028697651578113437
CNV/11/021_CNV.tif,CNV-011,test,CNV,cnv,OD,.tif,0.0002832821337506175
CNV/11/022_CNV.tif,CNV-011,test,CNV,cnv,OD,.tif,0.00026009941939264536
CNV/11/023_CNV.tif,CNV-011,test,CNV,cnv,OD,.tif,0.00026117428205907345
CNV/11/024_CNV.tif,CNV-011,test,CNV,cnv,OD,.tif,0.00024237728212028742
CNV/11/025_CNV.tif,CNV-011,test,CNV,cnv,OD,.tif,0.00024538394063711166
CNV/11/026_CNV.tif,CNV-011,test,CNV,cnv,OD,.tif,0.0001897404290502891
CNV/11/027_CNV.tif,CNV-011,test,CNV,cnv,OD,.tif,0.00019168882863596082
CNV/11/028_CNV.tif,CNV-011,test,CNV,cnv,OD,.tif,0.00019297866674605757
CNV/11/029_CNV.tif,CNV-011,test,CNV,cnv,OD,.tif,0.00024629844119772315
CNV/11/030_CNV.tif,CNV-011,test,CNV,cnv,OD,.tif,0.00020382522779982537
CNV/12/000_CNV.tif,CNV-012,test,CNV,cnv,OS,.tif,0.00025901111075654626
CNV/12/001_CNV.tif,CNV-012,test,CNV,cnv,OS,.tif,0.00026732636615633965
CNV/12/002_CNV.tif,CNV-012,test,CNV,cnv,OS,.tif,0.0004428662359714508
CNV/12/003_CNV.tif,CNV-012,test,CNV,cnv,OS,.tif,0.0003246141131967306
CNV/12/004_CNV.tif,CNV-012,test,CNV,cnv,OS,.tif,0.00024271628353744745
CNV/12/005_CNV.tif,CNV-012,test,CNV,cnv,OS,.tif,0.0004103714309167117
CNV/12/006_CNV.tif,CNV-012,test,CNV,cnv,OS,.tif,0.0004693567752838135
CNV/12/007_CNV.tif,CNV-012,test,CNV,cnv,OS,.tif,0.00041741871973499656
CNV/12/008_CNV.tif,CNV-012,test,CNV,cnv,OS,.tif,0.0004965823027305305
CNV/12/009_CNV.tif,CNV-012,test,CNV,cnv,OS,.tif,0.0005583249730989337
CNV/12/010_CNV.tif,CNV-012,test,CNV,cnv,OS,.tif,0.0005717548774555326
CNV/12/011_CNV.tif,CNV-012,test,CNV,cnv,OS,.tif,0.0005815407494083047
CNV/12/012_CNV.tif,CNV-012,test,CNV,cnv,OS,.tif,0.000741316587664187
CNV/12/013_CNV.tif,CNV-012,test,CNV,cnv,OS,.tif,0.0009510560194030404
CNV/12/014_CNV.tif,CNV-012,test,CNV,cnv,OS,.tif,0.0007453699945472181
CNV/12/015_CNV.tif,CNV-012,test,CNV,cnv,OS,.tif,0.0005397313507273793
CNV/12/016_CNV.tif,CNV-012,test,CNV,cnv,OS,.tif,0.000634517171420157
CNV/12/017_CNV.tif,CNV-012,test,CNV,cnv,OS,.tif,0.0006130911642685533
CNV/12/018_CNV.tif,CNV-012,test,CNV,cnv,OS,.tif,0.000499588786624372
CNV/12/019_CNV.tif,CNV-012,test,CNV,cnv,OS,.tif,0.0005497578531503677
CNV/12/020_CNV.tif,CNV-012,test,CNV,cnv,OS,.tif,0.0006734890048392117
CNV/12/021_CNV.tif,CNV-012,test,CNV,cnv,OS,.tif,0.00042356422636657953
CNV/12/022_CNV.tif,CNV-012,test,CNV,cnv,OS,.tif,0.0004367288202047348
CNV/12/023_CNV.tif,CNV-012,test,CNV,cnv,OS,.tif,0.0003780618426389992
CNV/12/024_CNV.tif,CNV-012,test,CNV,cnv,OS,.tif,0.00032018544152379036
CNV/12/025_CNV.tif,CNV-012,test,CNV,cnv,OS,.tif,0.0002514180960133672
CNV/12/026_CNV.tif,CNV-012,test,CNV,cnv,OS,.tif,0.0002049615141004324
CNV/12/027_CNV.tif,CNV-012,test,CNV,cnv,OS,.tif,0.0001947969722095877
CNV/12/028_Drusen.tif,CNV-012,test,CNV,drusen,OS,.tif,0.0003452934033703059
CNV/12/029_Normal.tif,CNV-012,test,CNV,normal,OS,.tif,0.0002700590412132442
CNV/12/030_Normal.tif,CNV-012,test,CNV,normal,OS,.tif,0.0003498142759781331
CNV/13/000_Normal.tif,CNV-013,test,CNV,normal,OD,.tif,0.00026274408446624875
CNV/13/001_Normal.tif,CNV-013,test,CNV,normal,OD,.tif,0.0003071337123401463
CNV/13/002_Normal.tif,CNV-013,test,CNV,normal,OD,.tif,0.0003728944866452366
CNV/13/003_Normal.tif,CNV-013,test,CNV,normal,OD,.tif,0.0002821918169502169
CNV/13/004_Normal.tif,CNV-013,test,CNV,normal,OD,.tif,0.00027279177447780967
CNV/13/005_Normal.tif,CNV-013,test,CNV,normal,OD,.tif,0.00022231628827285022
CNV/13/006_Normal.tif,CNV-013,test,CNV,normal,OD,.tif,0.0002424735139356926
CNV/13/007_Normal.tif,CNV-013,test,CNV,normal,OD,.tif,0.00028773013036698103
CNV/13/008_Normal.tif,CNV-013,test,CNV,normal,OD,.tif,0.000244495109654963
CNV/13/009_Normal.tif,CNV-013,test,CNV,normal,OD,.tif,0.00022455114230979234
CNV/13/010_Normal.tif,CNV-013,test,CNV,normal,OD,.tif,0.0003555109433364123
CNV/13/011_Normal.tif,CNV-013,test,CNV,normal,OD,.tif,0.00029324935167096555
CNV/13/012_Normal.tif,CNV-013,test,CNV,normal,OD,.tif,0.0002573227393440902
CNV/13/013_Normal.tif,CNV-013,test,CNV,normal,OD,.tif,0.00023875597980804741
CNV/13/014_Normal.tif,CNV-013,test,CNV,normal,OD,.tif,0.00022505596280097961
CNV/13/015_CNV.tif,CNV-013,test,CNV,cnv,OD,.tif,0.0002453304477967322
CNV/13/016_CNV.tif,CNV-013,test,CNV,cnv,OD,.tif,0.0002638442674651742
CNV/13/017_CNV.tif,CNV-013,test,CNV,cnv,OD,.tif,0.0002767906116787344
CNV/13/018_CNV.tif,CNV-013,test,CNV,cnv,OD,.tif,0.00037097986205480993
CNV/13/019_CNV.tif,CNV-013,test,CNV,cnv,OD,.tif,0.0003023102763108909
CNV/13/020_Normal.tif,CNV-013,test,CNV,normal,OD,.tif,0.00030878488905727863
CNV/13/021_Normal.tif,CNV-013,test,CNV,normal,OD,.tif,0.0002530350466258824
CNV/13/022_Normal.tif,CNV-013,test,CNV,normal,OD,.tif,0.000252070021815598
CNV/13/023_Normal.tif,CNV-013,test,CNV,normal,OD,.tif,0.00021291221491992474
CNV/13/024_Normal.tif,CNV-013,test,CNV,normal,OD,.tif,0.00019409670494496822
CNV/13/025_Normal.tif,CNV-013,test,CNV,normal,OD,.tif,0.00031400442821905017
CNV/13/026_Normal.tif,CNV-013,test,CNV,normal,OD,.tif,0.00037772764335386455
CNV/13/027_Normal.tif,CNV-013,test,CNV,normal,OD,.tif,0.00030505406903102994
CNV/13/028_Normal.tif,CNV-013,test,CNV,normal,OD,.tif,0.00025158346397802234
CNV/13/029_Normal.tif,CNV-013,test,CNV,normal,OD,.tif,0.00023930981114972383
CNV/13/030_Normal.tif,CNV-013,test,CNV,normal,OD,.tif,0.00026637339033186436
CNV/14/000_CNV.tif,CNV-014,test,CNV,cnv,OS,.tif,0.00027325242990627885
CNV/14/001_CNV.tif,CNV-014,test,CNV,cnv,OS,.tif,0.0002540589193813503
CNV/14/002_CNV.tif,CNV-014,test,CNV,cnv,OS,.tif,0.000320469553116709
CNV/14/003_CNV.tif,CNV-014,test,CNV,cnv,OS,.tif,0.00021425395971164107
CNV/14/004_CNV.tif,CNV-014,test,CNV,cnv,OS,.tif,0.00019595200137700886
CNV/14/005_CNV.tif,CNV-014,test,CNV,cnv,OS,.tif,0.0002955470699816942
CNV/14/006_CNV.tif,CNV-014,test,CNV,cnv,OS,.tif,0.00037664989940822124
CNV/14/007_CNV.tif,CNV-014,test,CNV,cnv,OS,.tif,0.0002463716664351523
CNV/14/008_CNV.tif,CNV-014,test,CNV,cnv,OS,.tif,0.0003156654129270464
CNV/14/009_CNV.tif,CNV-014,test,CNV,cnv,OS,.tif,0.0003578654723241925
CNV/14/010_CNV.tif,CNV-014,test,CNV,cnv,OS,.tif,0.000352216768078506
CNV/14/011_CNV.tif,CNV-014,test,CNV,cnv,OS,.tif,0.00031449628295376897
CNV/14/012_CNV.tif,CNV-014,test,CNV,cnv,OS,.tif,0.0003470877418294549
CNV/14/013_CNV.tif,CNV-014,test,CNV,cnv,OS,.tif,0.00028836954152211547
CNV/14/014_CNV.tif,CNV-014,test,CNV,cnv,OS,.tif,0.0002620245795696974
CNV/14/015_CNV.tif,CNV-014,test,CNV,cnv,OS,.tif,0.0003233086899854243
CNV/14/016_CNV.tif,CNV-014,test,CNV,cnv,OS,.tif,0.0002752806758508086
CNV/14/017_CNV.tif,CNV-014,test,CNV,cnv,OS,.tif,0.0002274799917358905
CNV/14/018_CNV.tif,CNV-014,test,CNV,cnv,OS,.tif,0.0002660778700374067
CNV/14/019_CNV.tif,CNV-014,test,CNV,cnv,OS,.tif,0.0002975506358779967
CNV/14/020_CNV.tif,CNV-014,test,CNV,cnv,OS,.tif,0.00029158403049223125
CNV/14/021_CNV.tif,CNV-014,test,CNV,cnv,OS,.tif,0.0004182300472166389
CNV/14/022_CNV.tif,CNV-014,test,CNV,cnv,OS,.tif,0.000311176641844213
CNV/14/023_Drusen.tif,CNV-014,test,CNV,drusen,OS,.tif,0.00033857423113659024
CNV/14/024_Normal.tif,CNV-014,test,CNV,normal,OS,.tif,0.00035731957177631557
CNV/14/025_Normal.tif,CNV-014,test,CNV,normal,OS,.tif,0.0003729183226823807
CNV/14/026_Normal.tif,CNV-014,test,CNV,normal,OS,.tif,0.00041395187145099044
CNV/14/027_Normal.tif,CNV-014,test,CNV,normal,OS,.tif,0.00033754046307876706
CNV/14/028_Normal.tif,CNV-014,test,CNV,normal,OS,.tif,0.00024420718546025455
CNV/14/029_Normal.tif,CNV-014,test,CNV,normal,OS,.tif,0.00032125215511769056
CNV/14/030_Normal.tif,CNV-014,test,CNV,normal,OS,.tif,0.0003289641463197768
CNV/18/OD/000_CNV.tif,CNV-018,test,CNV,cnv,OD,.tif,0.00045207212679088116
CNV/18/OD/001_CNV.tif,CNV-018,test,CNV,cnv,OD,.tif,0.0003453328681644052
CNV/18/OD/002_CNV.tif,CNV-018,test,CNV,cnv,OD,.tif,0.0002729182015173137
CNV/18/OD/003_CNV.tif,CNV-018,test,CNV,cnv,OD,.tif,0.000391341105569154
CNV/18/OD/004_CNV.tif,CNV-018,test,CNV,cnv,OD,.tif,0.00047336763236671686
CNV/18/OD/005_CNV.tif,CNV-018,test,CNV,cnv,OD,.tif,0.000453255808679387
CNV/18/OD/006_CNV.tif,CNV-018,test,CNV,cnv,OD,.tif,0.00034957227762788534
CNV/18/OD/007_CNV.tif,CNV-018,test,CNV,cnv,OD,.tif,0.00033520589931868017
CNV/18/OD/008_CNV.tif,CNV-018,test,CNV,cnv,OD,.tif,0.0003886790364049375
CNV/18/OD/009_CNV.tif,CNV-018,test,CNV,cnv,OD,.tif,0.0005847176071256399
CNV/18/OD/010_CNV.tif,CNV-018,test,CNV,cnv,OD,.tif,0.0005679104360751808
CNV/18/OD/011_CNV.tif,CNV-018,test,CNV,cnv,OD,.tif,0.0003941698232665658
CNV/18/OD/012_CNV.tif,CNV-018,test,CNV,cnv,OD,.tif,0.0003911745152436197
CNV/18/OD/013_CNV.tif,CNV-018,test,CNV,cnv,OD,.tif,0.000628296984359622
CNV/18/OD/014_CNV.tif,CNV-018,test,CNV,cnv,OD,.tif,0.0005340379429981112
CNV/18/OD/015_CNV.tif,CNV-018,test,CNV,cnv,OD,.tif,0.0005684742354787886
CNV/18/OD/016_CNV.tif,CNV-018,test,CNV,cnv,OD,.tif,0.0006053952965885401
CNV/18/OD/017_CNV.tif,CNV-018,test,CNV,cnv,OD,.tif,0.0005063314456492662
CNV/18/OD/018_CNV.tif,CNV-018,test,CNV,cnv,OD,.tif,0.00031308887992054224
CNV/18/OD/019_CNV.tif,CNV-018,test,CNV,cnv,OD,.tif,0.0003800611011683941
CNV/18/OD/020_CNV.tif,CNV-018,test,CNV,cnv,OD,.tif,0.0003265398263465613
CNV/18/OD/021_CNV.tif,CNV-018,test,CNV,cnv,OD,.tif,0.00023905269335955381
CNV/18/OD/022_CNV.tif,CNV-018,test,CNV,cnv,OD,.tif,0.00031713212956674397
CNV/18/OD/023_CNV.tif,CNV-018,test,CNV,cnv,OD,.tif,0.00022703653667122126
CNV/18/OD/024_CNV.tif,CNV-018,test,CNV,cnv,OD,.tif,0.0003875205875374377
CNV/18/OD/025_CNV.tif,CNV-018,test,CNV,cnv,OD,.tif,0.00032309244852513075
CNV/18/OD/026_CNV.tif,CNV-018,test,CNV,cnv,OD,.tif,0.00031053507700562477
CNV/18/OD/027_CNV.tif,CNV-018,test,CNV,cnv,OD,.tif,0.0003392583748791367
CNV/18/OD/028_CNV.tif,CNV-018,test,CNV,cnv,OD,.tif,0.0002802408125717193
CNV/18/OD/029_CNV.tif,CNV-018,test,CNV,cnv,OD,.tif,0.00026775378501042724
CNV/18/OD/030_CNV.tif,CNV-018,test,CNV,cnv,OD,.tif,0.000263610971160233
CNV/18/OS/000_Drusen.tif,CNV-018,test,CNV,drusen,OS,.tif,0.00027020470588468015
CNV/18/OS/001_Drusen.tif,CNV-018,test,CNV,drusen,OS,.tif,0.00018307141726836562
CNV/18/OS/002_Drusen.tif,CNV-018,test,CNV,drusen,OS,.tif,0.00017898445366881788
CNV/18/OS/003_Drusen.tif,CNV-018,test,CNV,drusen,OS,.tif,0.00023177177354227751
CNV/18/OS/004_Drusen.tif,CNV-018,test,CNV,drusen,OS,.tif,0.00016923557268455625
CNV/18/OS/005_Drusen.tif,CNV-018,test,CNV,drusen,OS,.tif,0.00019896766752935946
CNV/18/OS/006_Drusen.tif,CNV-018,test,CNV,drusen,OS,.tif,0.00016114134632516652
CNV/18/OS/007_Drusen.tif,CNV-018,test,CNV,drusen,OS,.tif,0.00019895171863026917
CNV/18/OS/008_CNV.tif,CNV-018,test,CNV,cnv,OS,.tif,0.0002957326069008559
CNV/18/OS/009_CNV.tif,CNV-018,test,CNV,cnv,OS,.tif,0.0003028950886800885
CNV/18/OS/010_CNV.tif,CNV-018,test,CNV,cnv,OS,.tif,0.00023858016356825829
CNV/18/OS/011_Drusen.tif,CNV-018,test,CNV,drusen,OS,.tif,0.000316252582706511
CNV/18/OS/012_Drusen.tif,CNV-018,test,CNV,drusen,OS,.tif,0.000319676473736763
CNV/18/OS/013_Drusen.tif,CNV-018,test,CNV,drusen,OS,.tif,0.0002291149867232889
CNV/18/OS/014_Drusen.tif,CNV-018,test,CNV,drusen,OS,.tif,0.00028831243980675936
CNV/18/OS/015_Drusen.tif,CNV-018,test,CNV,drusen,OS,.tif,0.000414992799051106
CNV/18/OS/016_Drusen.tif,CNV-018,test,CNV,drusen,OS,.tif,0.0003526870859786868
CNV/18/OS/017_Drusen.tif,CNV-018,test,CNV,drusen,OS,.tif,0.00024804449640214443
CNV/18/OS/018_Drusen.tif,CNV-018,test,CNV,drusen,OS,.tif,0.0003499892191030085
CNV/18/OS/019_Drusen.tif,CNV-018,test,CNV,drusen,OS,.tif,0.00039630074752494693
CNV/18/OS/020_Drusen.tif,CNV-018,test,CNV,drusen,OS,.tif,0.00029429077403619885
CNV/18/OS/021_Drusen.tif,CNV-018,test,CNV,drusen,OS,.tif,0.00023511922336183488
CNV/18/OS/022_Drusen.tif,CNV-018,test,CNV,drusen,OS,.tif,0.00022744867601431906
CNV/18/OS/023_Drusen.tif,CNV-018,test,CNV,drusen,OS,.tif,0.0003344732103869319
CNV/18/OS/024_Drusen.tif,CNV-018,test,CNV,drusen,OS,.tif,0.00027162261540070176
CNV/18/OS/025_Drusen.tif,CNV-018,test,CNV,drusen,OS,.tif,0.00023536445223726332
CNV/18/OS/026_Drusen.tif,CNV-018,test,CNV,drusen,OS,.tif,0.00023379384947475046
CNV/18/OS/027_Drusen.tif,CNV-018,test,CNV,drusen,OS,.tif,0.00027163384947925806
CNV/18/OS/028_Drusen.tif,CNV-018,test,CNV,drusen,OS,.tif,0.0003071980318054557
CNV/18/OS/029_Drusen.tif,CNV-018,test,CNV,drusen,OS,.tif,0.0002953424700535834
CNV/18/OS/030_Drusen.tif,CNV-018,test,CNV,drusen,OS,.tif,0.0002834978513419628
CNV/19/000_CNV.jpg,CNV-019,test,CNV,cnv,OS,.jpg,0.0002969251945614815
CNV/19/001_CNV.jpg,CNV-019,test,CNV,cnv,OS,.jpg,0.00025045344955287874
CNV/19/002_CNV.jpg,CNV-019,test,CNV,cnv,OS,.jpg,0.0003203058149665594
CNV/19/003_CNV.jpg,CNV-019,test,CNV,cnv,OS,.jpg,0.00027627660892903805
CNV/19/004_CNV.jpg,CNV-019,test,CNV,cnv,OS,.jpg,0.000262315443251282
CNV/19/005_CNV.jpg,CNV-019,test,CNV,cnv,OS,.jpg,0.0002596563135739416
CNV/19/006_CNV.jpg,CNV-019,test,CNV,cnv,OS,.jpg,0.0002457484952174127
CNV/19/007_CNV.jpg,CNV-019,test,CNV,cnv,OS,.jpg,0.0002699080796446651
CNV/19/008_CNV.jpg,CNV-019,test,CNV,cnv,OS,.jpg,0.0002365567779634148
CNV/19/009_CNV.jpg,CNV-019,test,CNV,cnv,OS,.jpg,0.0002837692736648023
CNV/19/010_CNV.jpg,CNV-019,test,CNV,cnv,OS,.jpg,0.00037336430978029966
CNV/19/011_CNV.jpg,CNV-019,test,CNV,cnv,OS,.jpg,0.00032527552684769034
CNV/19/012_CNV.jpg,CNV-019,test,CNV,cnv,OS,.jpg,0.0003435657126829028
CNV/19/013_CNV.jpg,CNV-019,test,CNV,cnv,OS,.jpg,0.00026133080245926976
CNV/19/014_CNV.jpg,CNV-019,test,CNV,cnv,OS,.jpg,0.0003344702417962253
CNV/19/015_CNV.jpg,CNV-019,test,CNV,cnv,OS,.jpg,0.00024183481582440436
CNV/19/016_CNV.jpg,CNV-019,test,CNV,cnv,OS,.jpg,0.00027546810451895
CNV/19/017_CNV.jpg,CNV-019,test,CNV,cnv,OS,.jpg,0.000269704672973603
CNV/19/018_CNV.jpg,CNV-019,test,CNV,cnv,OS,.jpg,0.0003057641733903438
CNV/19/019_CNV.jpg,CNV-019,test,CNV,cnv,OS,.jpg,0.00025963870575651526
CNV/19/020_CNV.jpg,CNV-019,test,CNV,cnv,OS,.jpg,0.00023275992134585977
CNV/19/021_Normal.jpg,CNV-019,test,CNV,normal,OS,.jpg,0.00026743090711534023
CNV/19/022_Normal.jpg,CNV-019,test,CNV,normal,OS,.jpg,0.00032368951360695064
CNV/19/023_Normal.jpg,CNV-019,test,CNV,normal,OS,.jpg,0.0003009814245160669
CNV/19/024_Normal.jpg,CNV-019,test,CNV,normal,OS,.jpg,0.00028599007055163383
CNV/22/000_Normal.tif,CNV-022,test,CNV,normal,OS,.tif,0.00036179248127155006
CNV/22/001_Normal.tif,CNV-022,test,CNV,normal,OS,.tif,0.00046756997471675277
CNV/22/002_Normal.tif,CNV-022,test,CNV,normal,OS,.tif,0.0004293956735637039
CNV/22/003_Normal.tif,CNV-022,test,CNV,normal,OS,.tif,0.0004080592771060765
CNV/22/004_Normal.tif,CNV-022,test,CNV,normal,OS,.tif,0.0003840734716504812
CNV/22/005_Normal.tif,CNV-022,test,CNV,normal,OS,.tif,0.0004425492079462856
CNV/22/006_Normal.tif,CNV-022,test,CNV,normal,OS,.tif,0.00046799349365755916
CNV/22/007_Normal.tif,CNV-022,test,CNV,normal,OS,.tif,0.00034988479455932975
CNV/22/008_CNV.tif,CNV-022,test,CNV,cnv,OS,.tif,0.0003839264973066747
CNV/22/009_CNV.tif,CNV-022,test,CNV,cnv,OS,.tif,0.00033035941305570304
CNV/22/010_CNV.tif,CNV-022,test,CNV,cnv,OS,.tif,0.000306724919937551
CNV/22/011_CNV.tif,CNV-022,test,CNV,cnv,OS,.tif,0.00028741778805851936
CNV/22/012_CNV.tif,CNV-022,test,CNV,cnv,OS,.tif,0.0002360682119615376
CNV/22/013_CNV.tif,CNV-022,test,CNV,cnv,OS,.tif,0.0002769994898699224
CNV/22/014_CNV.tif,CNV-022,test,CNV,cnv,OS,.tif,0.0002822023816406727
CNV/22/015_CNV.tif,CNV-022,test,CNV,cnv,OS,.tif,0.0003472883254289627
CNV/22/016_CNV.tif,CNV-022,test,CNV,cnv,OS,.tif,0.0003093439154326916
CNV/22/017_CNV.tif,CNV-022,test,CNV,cnv,OS,.tif,0.00026134325889870524
CNV/22/018_CNV.tif,CNV-022,test,CNV,cnv,OS,.tif,0.0003351532795932144
CNV/22/019_CNV.tif,CNV-022,test,CNV,cnv,OS,.tif,0.00025937880855053663
CNV/22/020_CNV.tif,CNV-022,test,CNV,cnv,OS,.tif,0.0003008849162142724
CNV/22/021_CNV.tif,CNV-022,test,CNV,cnv,OS,.tif,0.00025786462356336415
CNV/22/022_CNV.tif,CNV-022,test,CNV,cnv,OS,.tif,0.0003453283861745149
CNV/22/023_CNV.tif,CNV-022,test,CNV,cnv,OS,.tif,0.0002497548412065953
CNV/22/024_CNV.tif,CNV-022,test,CNV,cnv,OS,.tif,0.0002588070055935532
CNV/22/025_CNV.tif,CNV-022,test,CNV,cnv,OS,.tif,0.0003625633253250271
CNV/22/026_CNV.tif,CNV-022,test,CNV,cnv,OS,.tif,0.0003228173009119928
CNV/22/027_Drusen.tif,CNV-022,test,CNV,drusen,OS,.tif,0.00036568212090060115
CNV/22/028_Drusen.tif,CNV-022,test,CNV,drusen,OS,.tif,0.00032648275373503566
CNV/22/029_Drusen.tif,CNV-022,test,CNV,drusen,OS,.tif,0.0004247151664458215
CNV/22/030_Drusen.tif,CNV-022,test,CNV,drusen,OS,.tif,0.00025143069797195494
CNV/24/000_Normal.tif,CNV-024,test,CNV,normal,OS,.tif,0.00026104546850547194
CNV/24/001_Normal.tif,CNV-024,test,CNV,normal,OS,.tif,0.0003062691248487681
CNV/24/002_Normal.tif,CNV-024,test,CNV,normal,OS,.tif,0.00023647406487725675
CNV/24/003_Normal.tif,CNV-024,test,CNV,normal,OS,.tif,0.0004026487295050174
CNV/24/004_Normal.tif,CNV-024,test,CNV,normal,OS,.tif,0.000242595502641052
CNV/24/005_Drusen.tif,CNV-024,test,CNV,drusen,OS,.tif,0.0002895750803872943
CNV/24/006_Drusen.tif,CNV-024,test,CNV,drusen,OS,.tif,0.0002779050264507532
CNV/24/007_Drusen.tif,CNV-024,test,CNV,drusen,OS,.tif,0.00024436216335743666
CNV/24/008_Drusen.tif,CNV-024,test,CNV,drusen,OS,.tif,0.00030932461959309876
CNV/24/009_Drusen.tif,CNV-024,test,CNV,drusen,OS,.tif,0.00030677556060254574
CNV/24/010_Drusen.tif,CNV-024,test,CNV,drusen,OS,.tif,0.0002351367293158546
CNV/24/011_Drusen.tif,CNV-024,test,CNV,drusen,OS,.tif,0.00042166883940808475
CNV/24/012_Drusen.tif,CNV-024,test,CNV,drusen,OS,.tif,0.00030764396069571376
CNV/24/013_CNV.tif,CNV-024,test,CNV,cnv,OS,.tif,0.00029830983839929104
CNV/24/014_CNV.tif,CNV-024,test,CNV,cnv,OS,.tif,0.00027073384262621403
CNV/24/015_CNV.tif,CNV-024,test,CNV,cnv,OS,.tif,0.00023775541922077537
CNV/24/016_CNV.tif,CNV-024,test,CNV,cnv,OS,.tif,0.00034785180469043553
CNV/24/017_CNV.tif,CNV-024,test,CNV,cnv,OS,.tif,0.00047505227848887444
CNV/24/018_CNV.tif,CNV-024,test,CNV,cnv,OS,.tif,0.00045994133688509464
CNV/24/019_Drusen.tif,CNV-024,test,CNV,drusen,OS,.tif,0.0002795975306071341
CNV/24/020_Drusen.tif,CNV-024,test,CNV,drusen,OS,.tif,0.0002526261960156262
CNV/24/021_Drusen.tif,CNV-024,test,CNV,drusen,OS,.tif,0.0003788497415371239
CNV/24/022_Drusen.tif,CNV-024,test,CNV,drusen,OS,.tif,0.0003462237073108554
CNV/24/023_Drusen.tif,CNV-024,test,CNV,drusen,OS,.tif,0.0004412801063153893
CNV/24/024_Drusen.tif,CNV-024,test,CNV,drusen,OS,.tif,0.00036070248461328447
CNV/24/025_Drusen.tif,CNV-024,test,CNV,drusen,OS,.tif,0.00027261616196483374
CNV/24/026_Drusen.tif,CNV-024,test,CNV,drusen,OS,.tif,0.00031209085136651993
CNV/24/027_Drusen.tif,CNV-024,test,CNV,drusen,OS,.tif,0.00030655210139229894
CNV/24/028_Drusen.tif,CNV-024,test,CNV,drusen,OS,.tif,0.0002040901017608121
CNV/24/029_Drusen.tif,CNV-024,test,CNV,drusen,OS,.tif,0.00023752440756652504
CNV/24/030_Drusen.tif,CNV-024,test,CNV,drusen,OS,.tif,0.0002748413535300642
CNV/27/000_Drusen.tif,CNV-027,test,CNV,drusen,OS,.tif,0.00014735608419869095
CNV/27/001_Drusen.tif,CNV-027,test,CNV,drusen,OS,.tif,0.0003175249439664185
CNV/27/002_Drusen.tif,CNV-027,test,CNV,drusen,OS,.tif,0.00020580363343469799
CNV/27/003_Drusen.tif,CNV-027,test,CNV,drusen,OS,.tif,0.0002766951220110059
CNV/27/004_Drusen.tif,CNV-027,test,CNV,drusen,OS,.tif,0.0002947885077446699
CNV/27/005_Drusen.tif,CNV-027,test,CNV,drusen,OS,.tif,0.00024092503008432686
CNV/27/006_Drusen.tif,CNV-027,test,CNV,drusen,OS,.tif,0.00030611924012191594
CNV/27/007_Drusen.tif,CNV-027,test,CNV,drusen,OS,.tif,0.0001837963063735515
CNV/27/008_Drusen.tif,CNV-027,test,CNV,drusen,OS,.tif,0.00029763084603473544
CNV/27/009_Drusen.tif,CNV-027,test,CNV,drusen,OS,.tif,0.00025186591665260494
CNV/27/010_Drusen.tif,CNV-027,test,CNV,drusen,OS,.tif,0.00026575394440442324
CNV/27/011_Drusen.tif,CNV-027,test,CNV,drusen,OS,.tif,0.0002556114050094038
CNV/27/012_CNV.tif,CNV-027,test,CNV,cnv,OS,.tif,0.0002769086859188974
CNV/27/013_CNV.tif,CNV-027,test,CNV,cnv,OS,.tif,0.00024081143783405423
CNV/27/014_CNV.tif,CNV-027,test,CNV,cnv,OS,.tif,0.0004933269810862839
CNV/27/015_CNV.tif,CNV-027,test,CNV,cnv,OS,.tif,0.00040426405030302703
CNV/27/016_CNV.tif,CNV-027,test,CNV,cnv,OS,.tif,0.00045595812844112515
CNV/27/017_CNV.tif,CNV-027,test,CNV,cnv,OS,.tif,0.0002844688424374908
CNV/27/018_CNV.tif,CNV-027,test,CNV,cnv,OS,.tif,0.000199111585970968
CNV/27/019_CNV.tif,CNV-027,test,CNV,cnv,OS,.tif,0.00031094453879632056
CNV/27/020_CNV.tif,CNV-027,test,CNV,cnv,OS,.tif,0.00037977914325892925
CNV/27/021_Drusen.tif,CNV-027,test,CNV,drusen,OS,.tif,0.0003866004408337176
CNV/27/022_Drusen.tif,CNV-027,test,CNV,drusen,OS,.tif,0.0003945707867387682
CNV/27/023_Drusen.tif,CNV-027,test,CNV,drusen,OS,.tif,0.0002887180889956653
CNV/27/024_Drusen.tif,CNV-027,test,CNV,drusen,OS,.tif,0.00026212522061541677
CNV/27/025_Drusen.tif,CNV-027,test,CNV,drusen,OS,.tif,0.0002318225451745093
CNV/27/026_Drusen.tif,CNV-027,test,CNV,drusen,OS,.tif,0.00026199937565252185
CNV/27/027_Drusen.tif,CNV-027,test,CNV,drusen,OS,.tif,0.0002590916701592505
CNV/27/028_Drusen.tif,CNV-027,test,CNV,drusen,OS,.tif,0.00028050964465364814
CNV/27/029_Drusen.tif,CNV-027,test,CNV,drusen,OS,.tif,0.00029209378408268094
CNV/27/030_Drusen.tif,CNV-027,test,CNV,drusen,OS,.tif,0.00047888862900435925
CNV/28/000_Normal.tif,CNV-028,test,CNV,normal,OS,.tif,0.00023188379418570548
CNV/28/001_Normal.tif,CNV-028,test,CNV,normal,OS,.tif,0.00036628107773140073
CNV/28/002_Normal.tif,CNV-028,test,CNV,normal,OS,.tif,0.00041160796536132693
CNV/28/003_CNV.tif,CNV-028,test,CNV,cnv,OS,.tif,0.0004476210742723197
CNV/28/004_CNV.tif,CNV-028,test,CNV,cnv,OS,.tif,0.00020647297787945718
CNV/28/005_CNV.tif,CNV-028,test,CNV,cnv,OS,.tif,0.00038490438601002097
CNV/28/006_CNV.tif,CNV-028,test,CNV,cnv,OS,.tif,0.0004428310494404286
CNV/28/007_CNV.tif,CNV-028,test,CNV,cnv,OS,.tif,0.0003350404731463641
CNV/28/008_CNV.tif,CNV-028,test,CNV,cnv,OS,.tif,0.00039540539728477597
CNV/28/009_CNV.tif,CNV-028,test,CNV,cnv,OS,.tif,0.0004886809037998319
CNV/28/010_CNV.tif,CNV-028,test,CNV,cnv,OS,.tif,0.0003434347454458475
CNV/28/011_CNV.tif,CNV-028,test,CNV,cnv,OS,.tif,0.0003824260493274778
CNV/28/012_CNV.tif,CNV-028,test,CNV,cnv,OS,.tif,0.00025189932784996927
CNV/28/013_CNV.tif,CNV-028,test,CNV,cnv,OS,.tif,0.00028292526258155704
CNV/28/014_CNV.tif,CNV-028,test,CNV,cnv,OS,.tif,0.0002894324716180563
CNV/28/015_CNV.tif,CNV-028,test,CNV,cnv,OS,.tif,0.0001974594488274306
CNV/28/016_CNV.tif,CNV-028,test,CNV,cnv,OS,.tif,0.000318795267958194
CNV/28/017_CNV.tif,CNV-028,test,CNV,cnv,OS,.tif,0.0002678948803804815
CNV/28/018_Drusen.tif,CNV-028,test,CNV,drusen,OS,.tif,0.0002938557299785316
CNV/28/019_Drusen.tif,CNV-028,test,CNV,drusen,OS,.tif,0.00027595157735049725
CNV/28/020_Drusen.tif,CNV-028,test,CNV,drusen,OS,.tif,0.00027762807440012693
CNV/28/021_Drusen.tif,CNV-028,test,CNV,drusen,OS,.tif,0.00035938346991315484
CNV/28/022_Drusen.tif,CNV-028,test,CNV,drusen,OS,.tif,0.00018190986884292215
CNV/28/023_Drusen.tif,CNV-028,test,CNV,drusen,OS,.tif,0.00021021938300691545
CNV/28/024_Drusen.tif,CNV-028,test,CNV,drusen,OS,.tif,0.00026170650380663574
CNV/28/025_Drusen.tif,CNV-028,test,CNV,drusen,OS,.tif,0.000292767072096467
CNV/28/026_Drusen.tif,CNV-028,test,CNV,drusen,OS,.tif,0.0002466415462549776
CNV/28/027_Drusen.tif,CNV-028,test,CNV,drusen,OS,.tif,0.00037792831426486373
CNV/28/028_Drusen.tif,CNV-028,test,CNV,drusen,OS,.tif,0.0004377617151476443
CNV/28/029_Drusen.tif,CNV-028,test,CNV,drusen,OS,.tif,0.00022023488418199122
CNV/28/030_Normal.tif,CNV-028,test,CNV,normal,OS,.tif,0.00032160975388251245
CNV/29/000_Drusen.tif,CNV-029,test,CNV,drusen,OD,.tif,0.0002702828496694565
CNV/29/001_Drusen.tif,CNV-029,test,CNV,drusen,OD,.tif,0.000322028121445328
CNV/29/002_Drusen.tif,CNV-029,test,CNV,drusen,OD,.tif,0.0003079947782680392
CNV/29/003_CNV.tif,CNV-029,test,CNV,cnv,OD,.tif,0.0003061742754653096
CNV/29/004_CNV.tif,CNV-029,test,CNV,cnv,OD,.tif,0.0003255771880503744
CNV/29/005_CNV.tif,CNV-029,test,CNV,cnv,OD,.tif,0.0003771023475565016
CNV/29/006_CNV.tif,CNV-029,test,CNV,cnv,OD,.tif,0.0003769267350435257
CNV/29/007_CNV.tif,CNV-029,test,CNV,cnv,OD,.tif,0.00036787058343179524
CNV/29/008_CNV.tif,CNV-029,test,CNV,cnv,OD,.tif,0.0003178123733960092
CNV/29/009_CNV.tif,CNV-029,test,CNV,cnv,OD,.tif,0.000540981360245496
CNV/29/010_CNV.tif,CNV-029,test,CNV,cnv,OD,.tif,0.0006164932856336236
CNV/29/011_CNV.tif,CNV-029,test,CNV,cnv,OD,.tif,0.0005831091548316181
CNV/29/012_CNV.tif,CNV-029,test,CNV,cnv,OD,.tif,0.0005958891706541181
CNV/29/013_CNV.tif,CNV-029,test,CNV,cnv,OD,.tif,0.0008260560571216047
CNV/29/014_CNV.tif,CNV-029,test,CNV,cnv,OD,.tif,0.0006872788071632385
CNV/29/015_CNV.tif,CNV-029,test,CNV,cnv,OD,.tif,0.000608098111115396
CNV/29/016_CNV.tif,CNV-029,test,CNV,cnv,OD,.tif,0.000674177601467818
CNV/29/017_CNV.tif,CNV-029,test,CNV,cnv,OD,.tif,0.00043736331281252205
CNV/29/018_CNV.tif,CNV-029,test,CNV,cnv,OD,.tif,0.0005520016420632601
CNV/29/019_CNV.tif,CNV-029,test,CNV,cnv,OD,.tif,0.0003827391774393618
CNV/29/020_CNV.tif,CNV-029,test,CNV,cnv,OD,.tif,0.0004385971697047353
CNV/29/021_CNV.tif,CNV-029,test,CNV,cnv,OD,.tif,0.00027572395629249513
CNV/29/022_CNV.tif,CNV-029,test,CNV,cnv,OD,.tif,0.00026023827376775444
CNV/29/023_Drusen.tif,CNV-029,test,CNV,drusen,OD,.tif,0.0002962136932183057
CNV/29/024_Drusen.tif,CNV-029,test,CNV,drusen,OD,.tif,0.0002938504912890494
CNV/29/025_Drusen.tif,CNV-029,test,CNV,drusen,OD,.tif,0.0002602027961984277
CNV/29/026_Drusen.tif,CNV-029,test,CNV,drusen,OD,.tif,0.00026881005032919347
CNV/29/027_Drusen.tif,CNV-029,test,CNV,drusen,OD,.tif,0.00031324615702033043
CNV/29/028_Drusen.tif,CNV-029,test,CNV,drusen,OD,.tif,0.0003063695039600134
CNV/29/029_Drusen.tif,CNV-029,test,CNV,drusen,OD,.tif,0.0003270267625339329
CNV/29/030_Drusen.tif,CNV-029,test,CNV,drusen,OD,.tif,0.00023848687123972923
CNV/30/000_CNV.tif,CNV-030,test,CNV,cnv,OD,.tif,0.00029214995447546244
CNV/30/001_CNV.tif,CNV-030,test,CNV,cnv,OD,.tif,0.0003102996852248907
CNV/30/002_CNV.tif,CNV-030,test,CNV,cnv,OD,.tif,0.00030657975003123283
CNV/30/003_CNV.tif,CNV-030,test,CNV,cnv,OD,.tif,0.000247693998971954
CNV/30/004_CNV.tif,CNV-030,test,CNV,cnv,OD,.tif,0.00024337659124284983
CNV/30/005_CNV.tif,CNV-030,test,CNV,cnv,OD,.tif,0.00025280669797211885
CNV/30/006_CNV.tif,CNV-030,test,CNV,cnv,OD,.tif,0.0002917087113019079
CNV/30/007_CNV.tif,CNV-030,test,CNV,cnv,OD,.tif,0.0003134758153464645
CNV/30/008_CNV.tif,CNV-030,test,CNV,cnv,OD,.tif,0.0003297597577329725
CNV/30/009_CNV.tif,CNV-030,test,CNV,cnv,OD,.tif,0.00035809125984087586
CNV/30/010_CNV.tif,CNV-030,test,CNV,cnv,OD,.tif,0.00046840280992910266
CNV/30/011_CNV.tif,CNV-030,test,CNV,cnv,OD,.tif,0.0003805289161391556
CNV/30/012_CNV.tif,CNV-030,test,CNV,cnv,OD,.tif,0.00039939788985066116
CNV/30/013_CNV.tif,CNV-030,test,CNV,cnv,OD,.tif,0.00042861909605562687
CNV/30/014_CNV.tif,CNV-030,test,CNV,cnv,OD,.tif,0.0004080637590959668
CNV/30/015_CNV.tif,CNV-030,test,CNV,cnv,OD,.tif,0.0003841474826913327
CNV/30/016_CNV.tif,CNV-030,test,CNV,cnv,OD,.tif,0.00034465649514459074
CNV/30/017_CNV.tif,CNV-030,test,CNV,cnv,OD,.tif,0.00025721307611092925
CNV/30/018_CNV.tif,CNV-030,test,CNV,cnv,OD,.tif,0.00029398861806839705
CNV/30/019_CNV.tif,CNV-030,test,CNV,cnv,OD,.tif,0.0003818142577074468
CNV/30/020_CNV.tif,CNV-030,test,CNV,cnv,OD,.tif,0.00026831880677491426
CNV/30/021_CNV.tif,CNV-030,test,CNV,cnv,OD,.tif,0.00024365582794416696
CNV/30/022_CNV.tif,CNV-030,test,CNV,cnv,OD,.tif,0.0002474181237630546
CNV/30/023_Drusen.tif,CNV-030,test,CNV,drusen,OD,.tif,0.00024627134553156793
CNV/30/024_Drusen.tif,CNV-030,test,CNV,drusen,OD,.tif,0.00030431224149651825
CNV/30/025_Drusen.tif,CNV-030,test,CNV,drusen,OD,.tif,0.0002659871825017035
CNV/30/026_Drusen.tif,CNV-030,test,CNV,drusen,OD,.tif,0.00021890437346883118
CNV/30/027_Drusen.tif,CNV-030,test,CNV,drusen,OD,.tif,0.00021381056285463274
CNV/30/028_Drusen.tif,CNV-030,test,CNV,drusen,OD,.tif,0.00023742741905152798
CNV/30/029_Drusen.tif,CNV-030,test,CNV,drusen,OD,.tif,0.00020343958749435842
CNV/30/030_Drusen.tif,CNV-030,test,CNV,drusen,OD,.tif,0.00014299884787760675
CNV/33/000_Drusen.tif,CNV-033,test,CNV,drusen,OS,.tif,0.00035957933869212866
CNV/33/001_Drusen.tif,CNV-033,test,CNV,drusen,OS,.tif,0.00032821527565829456
CNV/33/002_Drusen.tif,CNV-033,test,CNV,drusen,OS,.tif,0.0004286440380383283
CNV/33/003_Drusen.tif,CNV-033,test,CNV,drusen,OS,.tif,0.0002628874790389091
CNV/33/004_Drusen.tif,CNV-033,test,CNV,drusen,OS,.tif,0.00032019481295719743
CNV/33/005_Drusen.tif,CNV-033,test,CNV,drusen,OS,.tif,0.0002307972899870947
CNV/33/006_Drusen.tif,CNV-033,test,CNV,drusen,OS,.tif,0.00030628248350694776
CNV/33/007_Drusen.tif,CNV-033,test,CNV,drusen,OS,.tif,0.0003116958832833916
CNV/33/008_Drusen.tif,CNV-033,test,CNV,drusen,OS,.tif,0.00022649296442978084
CNV/33/009_CNV.tif,CNV-033,test,CNV,cnv,OS,.tif,0.0003130827681161463
CNV/33/010_CNV.tif,CNV-033,test,CNV,cnv,OS,.tif,0.0003496011486276984
CNV/33/011_CNV.tif,CNV-033,test,CNV,cnv,OS,.tif,0.0003473352699074894
CNV/33/012_CNV.tif,CNV-033,test,CNV,cnv,OS,.tif,0.0003725761198438704
CNV/33/013_CNV.tif,CNV-033,test,CNV,cnv,OS,.tif,0.0003854845417663455
CNV/33/014_CNV.tif,CNV-033,test,CNV,cnv,OS,.tif,0.000215604726690799
CNV/33/015_CNV.tif,CNV-033,test,CNV,cnv,OS,.tif,0.00028615747578442097
CNV/33/016_CNV.tif,CNV-033,test,CNV,cnv,OS,.tif,0.00026429808349348605
CNV/33/017_CNV.tif,CNV-033,test,CNV,cnv,OS,.tif,0.00027577695436775684
CNV/33/018_CNV.tif,CNV-033,test,CNV,cnv,OS,.tif,0.00034604454413056374
CNV/33/019_Drusen.tif,CNV-033,test,CNV,drusen,OS,.tif,0.00028713655774481595
CNV/33/020_Drusen.tif,CNV-033,test,CNV,drusen,OS,.tif,0.0004413396236486733
CNV/33/021_Drusen.tif,CNV-033,test,CNV,drusen,OS,.tif,0.0003565631341189146
CNV/33/022_Drusen.tif,CNV-033,test,CNV,drusen,OS,.tif,0.0004915485624223948
CNV/33/023_Drusen.tif,CNV-033,test,CNV,drusen,OS,.tif,0.00047165818978101015
CNV/33/024_Drusen.tif,CNV-033,test,CNV,drusen,OS,.tif,0.00031448318623006344
CNV/33/025_Drusen.tif,CNV-033,test,CNV,drusen,OS,.tif,0.00039447133895009756
CNV/33/026_Drusen.tif,CNV-033,test,CNV,drusen,OS,.tif,0.00048095008241944015
CNV/33/027_Drusen.tif,CNV-033,test,CNV,drusen,OS,.tif,0.0004212132189422846
CNV/33/028_Drusen.tif,CNV-033,test,CNV,drusen,OS,.tif,0.00030906242318451405
CNV/33/029_Drusen.tif,CNV-033,test,CNV,drusen,OS,.tif,0.000705825281329453
CNV/33/030_Drusen.tif,CNV-033,test,CNV,drusen,OS,.tif,0.0002915117365773767
CNV/40/000_Normal.tif,CNV-040,test,CNV,normal,OD,.tif,0.0001597050140844658
CNV/40/001_Normal.tif,CNV-040,test,CNV,normal,OD,.tif,0.00022209534654393792
CNV/40/002_Normal.tif,CNV-040,test,CNV,normal,OD,.tif,0.00016012441483326256
CNV/40/003_Drusen.tif,CNV-040,test,CNV,drusen,OD,.tif,0.0002069838810712099
CNV/40/004_Drusen.tif,CNV-040,test,CNV,drusen,OD,.tif,0.00021664713858626783
CNV/40/005_Drusen.tif,CNV-040,test,CNV,drusen,OD,.tif,0.00017726911755744368
CNV/40/006_Drusen.tif,CNV-040,test,CNV,drusen,OD,.tif,0.00014769317931495607
CNV/40/007_Drusen.tif,CNV-040,test,CNV,drusen,OD,.tif,0.00020010823209304363
CNV/40/008_Drusen.tif,CNV-040,test,CNV,drusen,OD,.tif,0.00027766605489887297
CNV/40/009_Drusen.tif,CNV-040,test,CNV,drusen,OD,.tif,0.00022242008708417416
CNV/40/010_Drusen.tif,CNV-040,test,CNV,drusen,OD,.tif,0.0001976964413188398
CNV/40/011_Drusen.tif,CNV-040,test,CNV,drusen,OD,.tif,0.0003195626486558467
CNV/40/012_Drusen.tif,CNV-040,test,CNV,drusen,OD,.tif,0.00023092763149179518
CNV/40/013_CNV.tif,CNV-040,test,CNV,cnv,OD,.tif,0.000246767740463838
CNV/40/014_CNV.tif,CNV-040,test,CNV,cnv,OD,.tif,0.00024125323398038745
CNV/40/015_CNV.tif,CNV-040,test,CNV,cnv,OD,.tif,0.00025290719349868596
CNV/40/016_CNV.tif,CNV-040,test,CNV,cnv,OD,.tif,0.0002772831358015537
CNV/40/017_CNV.tif,CNV-040,test,CNV,cnv,OD,.tif,0.000266048067715019
CNV/40/018_CNV.tif,CNV-040,test,CNV,cnv,OD,.tif,0.00021033317898400128
CNV/40/019_Drusen.tif,CNV-040,test,CNV,drusen,OD,.tif,0.00030126943602226675
CNV/40/020_Drusen.tif,CNV-040,test,CNV,drusen,OD,.tif,0.0002842276880983263
CNV/40/021_Drusen.tif,CNV-040,test,CNV,drusen,OD,.tif,0.0003104993957094848
CNV/40/022_Drusen.tif,CNV-040,test,CNV,drusen,OD,.tif,0.00034159215283580124
CNV/40/023_Drusen.tif,CNV-040,test,CNV,drusen,OD,.tif,0.00026446059928275645
CNV/40/024_Drusen.tif,CNV-040,test,CNV,drusen,OD,.tif,0.00024707079865038395
CNV/40/025_Drusen.tif,CNV-040,test,CNV,drusen,OD,.tif,0.00031690794276073575
CNV/40/026_Drusen.tif,CNV-040,test,CNV,drusen,OD,.tif,0.00026104881544597447
CNV/40/027_Drusen.tif,CNV-040,test,CNV,drusen,OD,.tif,0.00016480559133924544
CNV/40/028_Drusen.tif,CNV-040,test,CNV,drusen,OD,.tif,0.00021031551295891404
CNV/40/029_Drusen.tif,CNV-040,test,CNV,drusen,OD,.tif,0.00038209088961593807
CNV/40/030_Drusen.tif,CNV-040,test,CNV,drusen,OD,.tif,0.000338156009092927
CNV/41/000_Drusen.tif,CNV-041,test,CNV,drusen,OS,.tif,0.0003025756450369954
CNV/41/001_Normal.tif,CNV-041,test,CNV,normal,OS,.tif,0.00046437495620921254
CNV/41/002_Drusen.tif,CNV-041,test,CNV,drusen,OS,.tif,0.0002208617515861988
CNV/41/003_Normal.tif,CNV-041,test,CNV,normal,OS,.tif,0.00023160013370215893
CNV/41/004_Drusen.tif,CNV-041,test,CNV,drusen,OS,.tif,0.00027164467610418797
CNV/41/005_Normal.tif,CNV-041,test,CNV,normal,OS,.tif,0.0002919180551543832
CNV/41/006_Drusen.tif,CNV-041,test,CNV,drusen,OS,.tif,0.0003770930925384164
CNV/41/007_Drusen.tif,CNV-041,test,CNV,drusen,OS,.tif,0.00021732400637120008
CNV/41/008_Drusen.tif,CNV-041,test,CNV,drusen,OS,.tif,0.0002903016284108162
CNV/41/009_CNV.tif,CNV-041,test,CNV,cnv,OS,.tif,0.00023448893625754863
CNV/41/010_CNV.tif,CNV-041,test,CNV,cnv,OS,.tif,0.00029110355535522103
CNV/41/011_CNV.tif,CNV-041,test,CNV,cnv,OS,.tif,0.0004651466151699424
CNV/41/012_CNV.tif,CNV-041,test,CNV,cnv,OS,.tif,0.0005343269440345466
CNV/41/013_CNV.tif,CNV-041,test,CNV,cnv,OS,.tif,0.0004032847355119884
CNV/41/014_CNV.tif,CNV-041,test,CNV,cnv,OS,.tif,0.0004907806869596243
CNV/41/015_CNV.tif,CNV-041,test,CNV,cnv,OS,.tif,0.00039735971949994564
CNV/41/016_CNV.tif,CNV-041,test,CNV,cnv,OS,.tif,0.00036378225195221603
CNV/41/017_CNV.tif,CNV-041,test,CNV,cnv,OS,.tif,0.00038567441515624523
CNV/41/018_CNV.tif,CNV-041,test,CNV,cnv,OS,.tif,0.0007065403624437749
CNV/41/019_CNV.tif,CNV-041,test,CNV,cnv,OS,.tif,0.00045165730989538133
CNV/41/020_CNV.tif,CNV-041,test,CNV,cnv,OS,.tif,0.000655309297144413
CNV/41/021_CNV.tif,CNV-041,test,CNV,cnv,OS,.tif,0.000449557468527928
CNV/41/022_CNV.tif,CNV-041,test,CNV,cnv,OS,.tif,0.00044632857316173613
CNV/41/023_CNV.tif,CNV-041,test,CNV,cnv,OS,.tif,0.00042425194988027215
CNV/41/024_CNV.tif,CNV-041,test,CNV,cnv,OS,.tif,0.00032113821362145245
CNV/41/025_Drusen.tif,CNV-041,test,CNV,drusen,OS,.tif,0.00036718184128403664
CNV/41/026_Normal.tif,CNV-041,test,CNV,normal,OS,.tif,0.00035986461443826556
CNV/41/027_Normal.tif,CNV-041,test,CNV,normal,OS,.tif,0.00032359169563278556
CNV/41/028_Normal.tif,CNV-041,test,CNV,normal,OS,.tif,0.00021930324146524072
CNV/41/029_Normal.tif,CNV-041,test,CNV,normal,OS,.tif,0.000401904690079391
CNV/41/030_Normal.tif,CNV-041,test,CNV,normal,OS,.tif,0.0003158723993692547
CNV/43/000_Normal.tif,CNV-043,test,CNV,normal,OS,.tif,0.00042790392762981355
CNV/43/001_Normal.tif,CNV-043,test,CNV,normal,OS,.tif,0.00025387387722730637
CNV/43/002_Normal.tif,CNV-043,test,CNV,normal,OS,.tif,0.00047059787902981043
CNV/43/003_Normal.tif,CNV-043,test,CNV,normal,OS,.tif,0.00022205294226296246
CNV/43/004_Normal.tif,CNV-043,test,CNV,normal,OS,.tif,0.00019828075892291963
CNV/43/005_CNV.tif,CNV-043,test,CNV,cnv,OS,.tif,0.00016536438488401473
CNV/43/006_CNV.tif,CNV-043,test,CNV,cnv,OS,.tif,0.0003268365981057286
CNV/43/007_CNV.tif,CNV-043,test,CNV,cnv,OS,.tif,0.0002798560308292508
CNV/43/008_CNV.tif,CNV-043,test,CNV,cnv,OS,.tif,0.0004834905848838389
CNV/43/009_CNV.tif,CNV-043,test,CNV,cnv,OS,.tif,0.00026659906143322587
CNV/43/010_CNV.tif,CNV-043,test,CNV,cnv,OS,.tif,0.00020581309217959642
CNV/43/011_CNV.tif,CNV-043,test,CNV,cnv,OS,.tif,0.0003532312111929059
CNV/43/012_CNV.tif,CNV-043,test,CNV,cnv,OS,.tif,0.0002068177709588781
CNV/43/013_CNV.tif,CNV-043,test,CNV,cnv,OS,.tif,0.0002545264142099768
CNV/43/014_CNV.tif,CNV-043,test,CNV,cnv,OS,.tif,0.00031015754211694
CNV/43/015_CNV.tif,CNV-043,test,CNV,cnv,OS,.tif,0.00023968421737663448
CNV/43/016_CNV.tif,CNV-043,test,CNV,cnv,OS,.tif,0.00024384577409364283
CNV/43/017_CNV.tif,CNV-043,test,CNV,cnv,OS,.tif,0.00023081150720827281
CNV/43/018_CNV.tif,CNV-043,test,CNV,cnv,OS,.tif,0.0001682672300375998
CNV/43/019_Drusen.tif,CNV-043,test,CNV,drusen,OS,.tif,0.00026274562696926296
CNV/43/020_Drusen.tif,CNV-043,test,CNV,drusen,OS,.tif,0.00024059065617620945
CNV/43/021_Drusen.tif,CNV-043,test,CNV,drusen,OS,.tif,0.00026224018074572086
CNV/43/022_Drusen.tif,CNV-043,test,CNV,drusen,OS,.tif,0.00027130881790071726
CNV/43/023_Drusen.tif,CNV-043,test,CNV,drusen,OS,.tif,0.0002905501169152558
CNV/43/024_Normal.tif,CNV-043,test,CNV,normal,OS,.tif,0.0002647554501891136
CNV/44/000_NOrmal.tif,CNV-044,test,CNV,normal,OD,.tif,0.0002501552226021886
CNV/44/001_Drusen.tif,CNV-044,test,CNV,drusen,OD,.tif,0.00024801684776321054
CNV/44/002_NOrmal.tif,CNV-044,test,CNV,normal,OD,.tif,0.0003135682491119951
CNV/44/003_NOrmal.tif,CNV-044,test,CNV,normal,OD,.tif,0.00023639357823412865
CNV/44/004_Drusen.tif,CNV-044,test,CNV,drusen,OD,.tif,0.0001978707150556147
CNV/44/005_Drusen.tif,CNV-044,test,CNV,drusen,OD,.tif,0.0002553036902099848
CNV/44/006_Drusen.tif,CNV-044,test,CNV,drusen,OD,.tif,0.00025966670364141464
CNV/44/007_NOrmal.tif,CNV-044,test,CNV,normal,OD,.tif,0.000223107315832749
CNV/44/008_CNV.tif,CNV-044,test,CNV,cnv,OD,.tif,0.000236002859310247
CNV/44/009_CNV.tif,CNV-044,test,CNV,cnv,OD,.tif,0.00023085804423317313
CNV/44/010_CNV.tif,CNV-044,test,CNV,cnv,OD,.tif,0.00020894665794912726
CNV/44/011_CNV.tif,CNV-044,test,CNV,cnv,OD,.tif,0.00028552752337418497
CNV/44/012_CNV.tif,CNV-044,test,CNV,cnv,OD,.tif,0.00038535683415830135
CNV/44/013_CNV.tif,CNV-044,test,CNV,cnv,OD,.tif,0.0005352445878088474
CNV/44/014_CNV.tif,CNV-044,test,CNV,cnv,OD,.tif,0.0003701203968375921
CNV/44/015_CNV.tif,CNV-044,test,CNV,cnv,OD,.tif,0.0003883342142216861
CNV/44/016_CNV.tif,CNV-044,test,CNV,cnv,OD,.tif,0.00031872227555140853
CNV/44/017_CNV.tif,CNV-044,test,CNV,cnv,OD,.tif,0.0002922790008597076
CNV/44/018_CNV.tif,CNV-044,test,CNV,cnv,OD,.tif,0.00025013997219502926
CNV/44/019_CNV.tif,CNV-044,test,CNV,cnv,OD,.tif,0.00024899214622564614
CNV/44/020_NOrmal.tif,CNV-044,test,CNV,normal,OD,.tif,0.0001826397783588618
CNV/44/021_NOrmal.tif,CNV-044,test,CNV,normal,OD,.tif,0.00019554067694116384
CNV/44/022_NOrmal.tif,CNV-044,test,CNV,normal,OD,.tif,0.00023372293799184263
CNV/44/023_NOrmal.tif,CNV-044,test,CNV,normal,OD,.tif,0.0002724379883147776
CNV/44/024_NOrmal.tif,CNV-044,test,CNV,normal,OD,.tif,0.00023808695550542325
CNV/44/025_NOrmal.tif,CNV-044,test,CNV,normal,OD,.tif,0.00021075416589155793
CNV/44/026_NOrmal.tif,CNV-044,test,CNV,normal,OD,.tif,0.00024564508930779994
CNV/44/027_NOrmal.tif,CNV-044,test,CNV,normal,OD,.tif,0.00031521235359832644
CNV/44/028_NOrmal.tif,CNV-044,test,CNV,normal,OD,.tif,0.0003368138277437538
CNV/44/029_NOrmal.tif,CNV-044,test,CNV,normal,OD,.tif,0.0002044915163423866
CNV/44/030_NOrmal.tif,CNV-044,test,CNV,normal,OD,.tif,0.00027098337886855006
CNV/46/000_Drusen.tif,CNV-046,test,CNV,drusen,OS,.tif,0.00040195893961936235
CNV/46/001_Normal.tif,CNV-046,test,CNV,normal,OS,.tif,0.00030642093042843044
CNV/46/002_Drusen.tif,CNV-046,test,CNV,drusen,OS,.tif,0.0005972457001917064
CNV/46/003_Drusen.tif,CNV-046,test,CNV,drusen,OS,.tif,0.0004089360882062465
CNV/46/004_Drusen.tif,CNV-046,test,CNV,drusen,OS,.tif,0.0005310557316988707
CNV/46/005_Drusen.tif,CNV-046,test,CNV,drusen,OS,.tif,0.00038049297290854156
CNV/46/006_Normal.tif,CNV-046,test,CNV,normal,OS,.tif,0.00028001872124150395
CNV/46/007_Drusen.tif,CNV-046,test,CNV,drusen,OS,.tif,0.0002812815655488521
CNV/46/008_Drusen.tif,CNV-046,test,CNV,drusen,OS,.tif,0.00029244969482533634
CNV/46/009_Drusen.tif,CNV-046,test,CNV,drusen,OS,.tif,0.0006741716642864048
CNV/46/010_Drusen.tif,CNV-046,test,CNV,drusen,OS,.tif,0.000270404911134392
CNV/46/011_Drusen.tif,CNV-046,test,CNV,drusen,OS,.tif,0.0005264364881440997
CNV/46/012_CNV.tif,CNV-046,test,CNV,cnv,OS,.tif,0.0003380706184543669
CNV/46/013_CNV.tif,CNV-046,test,CNV,cnv,OS,.tif,0.0002698411699384451
CNV/46/014_CNV.tif,CNV-046,test,CNV,cnv,OS,.tif,0.0001944726100191474
CNV/46/015_CNV.tif,CNV-046,test,CNV,cnv,OS,.tif,0.0002261678164359182
CNV/46/016_Normal.tif,CNV-046,test,CNV,normal,OS,.tif,0.0003436451661400497
CNV/46/017_Normal.tif,CNV-046,test,CNV,normal,OS,.tif,0.0002924506552517414
CNV/46/018_Normal.tif,CNV-046,test,CNV,normal,OS,.tif,0.000347940600477159
CNV/46/019_Normal.tif,CNV-046,test,CNV,normal,OS,.tif,0.0003726576978806406
CNV/46/020_Normal.tif,CNV-046,test,CNV,normal,OS,.tif,0.0002707726671360433
CNV/46/021_Normal.tif,CNV-046,test,CNV,normal,OS,.tif,0.0004915853496640921
CNV/46/022_Normal.tif,CNV-046,test,CNV,normal,OS,.tif,0.00033724831882864237
CNV/46/023_Normal.tif,CNV-046,test,CNV,normal,OS,.tif,0.00020968355238437653
CNV/46/024_Drusen.tif,CNV-046,test,CNV,drusen,OS,.tif,0.00023834887542761862
CNV/46/025_Normal.tif,CNV-046,test,CNV,normal,OS,.tif,0.0002800548681989312
CNV/46/026_Normal.tif,CNV-046,test,CNV,normal,OS,.tif,0.0003099937457591295
CNV/46/027_Normal.tif,CNV-046,test,CNV,normal,OS,.tif,0.0003566507948562503
CNV/46/028_Normal.tif,CNV-046,test,CNV,normal,OS,.tif,0.0002239336317870766
CNV/46/029_Normal.tif,CNV-046,test,CNV,normal,OS,.tif,0.00028055725852027535
CNV/46/030_Normal.tif,CNV-046,test,CNV,normal,OS,.tif,0.0003201420186087489
CNV/49/000_CNV.tif,CNV-049,test,CNV,cnv,OS,.tif,0.00028342317091301084
CNV/49/001_CNV.tif,CNV-049,test,CNV,cnv,OS,.tif,0.00024365643912460655
CNV/49/002_CNV.tif,CNV-049,test,CNV,cnv,OS,.tif,0.0003675609768833965
CNV/49/003_CNV.tif,CNV-049,test,CNV,cnv,OS,.tif,0.00031233305344358087
CNV/49/004_CNV.tif,CNV-049,test,CNV,cnv,OS,.tif,0.00023632150259800255
CNV/49/005_CNV.tif,CNV-049,test,CNV,cnv,OS,.tif,0.00035204453160986304
CNV/49/006_CNV.tif,CNV-049,test,CNV,cnv,OS,.tif,0.00038205611053854227
CNV/49/007_CNV.tif,CNV-049,test,CNV,cnv,OS,.tif,0.00036840455140918493
CNV/49/008_CNV.tif,CNV-049,test,CNV,cnv,OS,.tif,0.00036574347177520394
CNV/49/009_CNV.tif,CNV-049,test,CNV,cnv,OS,.tif,0.0004158805822953582
CNV/49/010_CNV.tif,CNV-049,test,CNV,cnv,OS,.tif,0.0004435274749994278
CNV/49/011_CNV.tif,CNV-049,test,CNV,cnv,OS,.tif,0.0005105623276904225
CNV/49/012_CNV.tif,CNV-049,test,CNV,cnv,OS,.tif,0.00051364756654948
CNV/49/013_CNV.tif,CNV-049,test,CNV,cnv,OS,.tif,0.0005489056929945946
CNV/49/014_CNV.tif,CNV-049,test,CNV,cnv,OS,.tif,0.0005971138598397374
CNV/49/015_CNV.tif,CNV-049,test,CNV,cnv,OS,.tif,0.00043573114089667797
CNV/49/016_CNV.tif,CNV-049,test,CNV,cnv,OS,.tif,0.000460495037259534
CNV/49/017_CNV.tif,CNV-049,test,CNV,cnv,OS,.tif,0.00040343592991121113
CNV/49/018_CNV.tif,CNV-049,test,CNV,cnv,OS,.tif,0.0004975675255991518
CNV/49/019_CNV.tif,CNV-049,test,CNV,cnv,OS,.tif,0.0002556157996878028
CNV/49/020_CNV.tif,CNV-049,test,CNV,cnv,OS,.tif,0.0002563299785833806
CNV/49/021_CNV.tif,CNV-049,test,CNV,cnv,OS,.tif,0.0003212685987818986
CNV/49/022_CNV.tif,CNV-049,test,CNV,cnv,OS,.tif,0.00028128811391070485
CNV/49/023_CNV.tif,CNV-049,test,CNV,cnv,OS,.tif,0.00042303328518755734
CNV/49/024_CNV.tif,CNV-049,test,CNV,cnv,OS,.tif,0.0004123878024984151
CNV/49/025_Drusen.tif,CNV-049,test,CNV,drusen,OS,.tif,0.0003634238091763109
CNV/49/026_Drusen.tif,CNV-049,test,CNV,drusen,OS,.tif,0.0004258344997651875
CNV/49/027_Drusen.tif,CNV-049,test,CNV,drusen,OS,.tif,0.0004407345550134778
CNV/49/028_Drusen.tif,CNV-049,test,CNV,drusen,OS,.tif,0.0002910745679400861
CNV/49/029_Drusen.tif,CNV-049,test,CNV,drusen,OS,.tif,0.0004277645784895867
CNV/49/030_Drusen.tif,CNV-049,test,CNV,drusen,OS,.tif,0.0002384395629633218
CNV/52/OD/000_Normal.tif,CNV-052,test,CNV,normal,OD,.tif,0.0003349049366079271
CNV/52/OD/001_Normal.tif,CNV-052,test,CNV,normal,OD,.tif,0.0001866887032520026
CNV/52/OD/002_Normal.tif,CNV-052,test,CNV,normal,OD,.tif,0.00016509712440893054
CNV/52/OD/003_Normal.tif,CNV-052,test,CNV,normal,OD,.tif,0.00017176780966110528
CNV/52/OD/004_Normal.tif,CNV-052,test,CNV,normal,OD,.tif,0.00017933928756974638
CNV/52/OD/005_Normal.tif,CNV-052,test,CNV,normal,OD,.tif,0.0002487761666998267
CNV/52/OD/006_Normal.tif,CNV-052,test,CNV,normal,OD,.tif,0.0003286777646280825
CNV/52/OD/007_Normal.tif,CNV-052,test,CNV,normal,OD,.tif,0.0002887166338041425
CNV/52/OD/008_Drusen.tif,CNV-052,test,CNV,drusen,OD,.tif,0.00041486977715976536
CNV/52/OD/009_Drusen.tif,CNV-052,test,CNV,drusen,OD,.tif,0.000305278692394495
CNV/52/OD/010_Drusen.tif,CNV-052,test,CNV,drusen,OD,.tif,0.0002859078231267631
CNV/52/OD/011_CNV.tif,CNV-052,test,CNV,cnv,OD,.tif,0.0003604553930927068
CNV/52/OD/012_CNV.tif,CNV-052,test,CNV,cnv,OD,.tif,0.00029849493876099586
CNV/52/OD/013_CNV.tif,CNV-052,test,CNV,cnv,OD,.tif,0.0003474050317890942
CNV/52/OD/014_CNV.tif,CNV-052,test,CNV,cnv,OD,.tif,0.000419679912738502
CNV/52/OD/015_CNV.tif,CNV-052,test,CNV,cnv,OD,.tif,0.0002942862920463085
CNV/52/OD/016_Drusen.tif,CNV-052,test,CNV,drusen,OD,.tif,0.0001958853390533477
CNV/52/OD/017_Drusen.tif,CNV-052,test,CNV,drusen,OD,.tif,0.0002256434818264097
CNV/52/OD/018_Drusen.tif,CNV-052,test,CNV,drusen,OD,.tif,0.0002646745415404439
CNV/52/OD/019_Drusen.tif,CNV-052,test,CNV,drusen,OD,.tif,0.00037287577288225293
CNV/52/OD/020_Normal.tif,CNV-052,test,CNV,normal,OD,.tif,0.00023891775344964117
CNV/52/OD/021_Normal.tif,CNV-052,test,CNV,normal,OD,.tif,0.0002792682498693466
CNV/52/OD/022_Normal.tif,CNV-052,test,CNV,normal,OD,.tif,0.00031508749816566706
CNV/52/OD/023_Normal.tif,CNV-052,test,CNV,normal,OD,.tif,0.0003164596564602107
CNV/52/OD/024_Normal.tif,CNV-052,test,CNV,normal,OD,.tif,0.0001833525748224929
CNV/52/OD/025_Normal.tif,CNV-052,test,CNV,normal,OD,.tif,0.0002918501850217581
CNV/52/OD/026_Normal.tif,CNV-052,test,CNV,normal,OD,.tif,0.0003202941152267158
CNV/52/OD/027_Normal.tif,CNV-052,test,CNV,normal,OD,.tif,0.0002470818581059575
CNV/52/OD/028_Normal.tif,CNV-052,test,CNV,normal,OD,.tif,0.00020956722437404096
CNV/52/OD/029_Normal.tif,CNV-052,test,CNV,normal,OD,.tif,0.00021629576804116368
CNV/52/OD/030_Normal.tif,CNV-052,test,CNV,normal,OD,.tif,0.0003561977355275303
CNV/52/OS/000_Normal.tif,CNV-052,test,CNV,normal,OS,.tif,0.0002730674168560654
CNV/52/OS/001_Normal.tif,CNV-052,test,CNV,normal,OS,.tif,0.0003403322189114988
CNV/52/OS/002_Normal.tif,CNV-052,test,CNV,normal,OS,.tif,0.0003519745368976146
CNV/52/OS/003_Normal.tif,CNV-052,test,CNV,normal,OS,.tif,0.0002876484068110585
CNV/52/OS/004_Normal.tif,CNV-052,test,CNV,normal,OS,.tif,0.00034482654882594943
CNV/52/OS/005_Normal.tif,CNV-052,test,CNV,normal,OS,.tif,0.0002509243495296687
CNV/52/OS/006_Drusen.tif,CNV-052,test,CNV,drusen,OS,.tif,0.0002630969975143671
CNV/52/OS/007_CNV.tif,CNV-052,test,CNV,cnv,OS,.tif,0.00034295886871404946
CNV/52/OS/008_CNV.tif,CNV-052,test,CNV,cnv,OS,.tif,0.00044884884846396744
CNV/52/OS/009_CNV.tif,CNV-052,test,CNV,cnv,OS,.tif,0.00028766144532710314
CNV/52/OS/010_CNV.tif,CNV-052,test,CNV,cnv,OS,.tif,0.00025729238404892385
CNV/52/OS/011_CNV.tif,CNV-052,test,CNV,cnv,OS,.tif,0.0003916439018212259
CNV/52/OS/012_CNV.tif,CNV-052,test,CNV,cnv,OS,.tif,0.0006364884320646524
CNV/52/OS/013_CNV.tif,CNV-052,test,CNV,cnv,OS,.tif,0.0005192940006963909
CNV/52/OS/014_CNV.tif,CNV-052,test,CNV,cnv,OS,.tif,0.0006663735257461667
CNV/52/OS/015_CNV.tif,CNV-052,test,CNV,cnv,OS,.tif,0.0003836515825241804
CNV/52/OS/016_CNV.tif,CNV-052,test,CNV,cnv,OS,.tif,0.00029295068816281855
CNV/52/OS/017_CNV.tif,CNV-052,test,CNV,cnv,OS,.tif,0.0002651491668075323
CNV/52/OS/018_CNV.tif,CNV-052,test,CNV,cnv,OS,.tif,0.0002936142263934016
CNV/52/OS/019_CNV.tif,CNV-052,test,CNV,cnv,OS,.tif,0.00020924799900967628
CNV/52/OS/020_Normal.tif,CNV-052,test,CNV,normal,OS,.tif,0.00035909409052692354
CNV/52/OS/021_Normal.tif,CNV-052,test,CNV,normal,OS,.tif,0.00029685342451557517
CNV/52/OS/022_Normal.tif,CNV-052,test,CNV,normal,OS,.tif,0.00034260109532624483
CNV/52/OS/023_Normal.tif,CNV-052,test,CNV,normal,OS,.tif,0.0004523938987404108
CNV/52/OS/024_Normal.tif,CNV-052,test,CNV,normal,OS,.tif,0.00026611023349687457
CNV/52/OS/025_Normal.tif,CNV-052,test,CNV,normal,OS,.tif,0.0002745102974586189
CNV/52/OS/026_Normal.tif,CNV-052,test,CNV,normal,OS,.tif,0.00030200142646208405
CNV/52/OS/027_Normal.tif,CNV-052,test,CNV,normal,OS,.tif,0.00036054698284715414
CNV/52/OS/028_Normal.tif,CNV-052,test,CNV,normal,OS,.tif,0.00028103741351515055
CNV/52/OS/029_Normal.tif,CNV-052,test,CNV,normal,OS,.tif,0.00030314805917441845
CNV/52/OS/030_Normal.tif,CNV-052,test,CNV,normal,OS,.tif,0.00025378825375810266
CNV/54/OD/000_DRusen.tif,CNV-054,test,CNV,drusen,OD,.tif,0.00023101959959603846
CNV/54/OD/001_DRusen.tif,CNV-054,test,CNV,drusen,OD,.tif,0.0003681641537696123
CNV/54/OD/002_DRusen.tif,CNV-054,test,CNV,drusen,OD,.tif,0.0002832075406331569
CNV/54/OD/003_DRusen.tif,CNV-054,test,CNV,drusen,OD,.tif,0.0003464614856056869
CNV/54/OD/004_DRusen.tif,CNV-054,test,CNV,drusen,OD,.tif,0.0003166829701513052
CNV/54/OD/005_CNV.tif,CNV-054,test,CNV,cnv,OD,.tif,0.0003388440818525851
CNV/54/OD/006_CNV.tif,CNV-054,test,CNV,cnv,OD,.tif,0.00033573166001588106
CNV/54/OD/007_CNV.tif,CNV-054,test,CNV,cnv,OD,.tif,0.0003114952123723924
CNV/54/OD/008_CNV.tif,CNV-054,test,CNV,cnv,OD,.tif,0.00041780894389376044
CNV/54/OD/009_CNV.tif,CNV-054,test,CNV,cnv,OD,.tif,0.0005766141111962497
CNV/54/OD/010_CNV.tif,CNV-054,test,CNV,cnv,OD,.tif,0.00026452395832166076
CNV/54/OD/011_CNV.tif,CNV-054,test,CNV,cnv,OD,.tif,0.0003214023308828473
CNV/54/OD/012_CNV.tif,CNV-054,test,CNV,cnv,OD,.tif,0.0003162706852890551
CNV/54/OD/013_CNV.tif,CNV-054,test,CNV,cnv,OD,.tif,0.00024629593826830387
CNV/54/OD/014_CNV.tif,CNV-054,test,CNV,cnv,OD,.tif,0.0003629836137406528
CNV/54/OD/015_CNV.tif,CNV-054,test,CNV,cnv,OD,.tif,0.00030410982435569167
CNV/54/OD/016_CNV.tif,CNV-054,test,CNV,cnv,OD,.tif,0.0002294398145750165
CNV/54/OD/017_CNV.tif,CNV-054,test,CNV,cnv,OD,.tif,0.0002711604756768793
CNV/54/OD/018_CNV.tif,CNV-054,test,CNV,cnv,OD,.tif,0.00027945300098508596
CNV/54/OD/019_CNV.tif,CNV-054,test,CNV,cnv,OD,.tif,0.0002645441854838282
CNV/54/OD/020_CNV.tif,CNV-054,test,CNV,cnv,OD,.tif,0.0002922301646322012
CNV/54/OD/021_CNV.tif,CNV-054,test,CNV,cnv,OD,.tif,0.00027867534663528204
CNV/54/OD/022_CNV.tif,CNV-054,test,CNV,cnv,OD,.tif,0.00035634104278869927
CNV/54/OD/023_CNV.tif,CNV-054,test,CNV,cnv,OD,.tif,0.0002618673024699092
CNV/54/OD/024_CNV.tif,CNV-054,test,CNV,cnv,OD,.tif,0.0002556226390879601
CNV/54/OS/000_CNV.tif,CNV-054,test,CNV,cnv,OS,.tif,0.0004372120602056384
CNV/54/OS/001_CNV.tif,CNV-054,test,CNV,cnv,OS,.tif,0.00035775851574726403
CNV/54/OS/002_CNV.tif,CNV-054,test,CNV,cnv,OS,.tif,0.00030428689206019044
CNV/54/OS/003_CNV.tif,CNV-054,test,CNV,cnv,OS,.tif,0.0002583347959443927
CNV/54/OS/004_CNV.tif,CNV-054,test,CNV,cnv,OS,.tif,0.00044079398503527045
CNV/54/OS/005_CNV.tif,CNV-054,test,CNV,cnv,OS,.tif,0.00044184719445183873
CNV/54/OS/006_CNV.tif,CNV-054,test,CNV,cnv,OS,.tif,0.00038719616713933647
CNV/54/OS/007_CNV.tif,CNV-054,test,CNV,cnv,OS,.tif,0.0003547433007042855
CNV/54/OS/008_CNV.tif,CNV-054,test,CNV,cnv,OS,.tif,0.00034709786996245384
CNV/54/OS/009_CNV.tif,CNV-054,test,CNV,cnv,OS,.tif,0.0002585708280093968
CNV/54/OS/010_CNV.tif,CNV-054,test,CNV,cnv,OS,.tif,0.00043434154940769076
CNV/54/OS/011_CNV.tif,CNV-054,test,CNV,cnv,OS,.tif,0.0004416772862896323
CNV/54/OS/012_CNV.tif,CNV-054,test,CNV,cnv,OS,.tif,0.0003771779011003673
CNV/54/OS/013_CNV.tif,CNV-054,test,CNV,cnv,OS,.tif,0.0002913490170612931
CNV/54/OS/014_CNV.tif,CNV-054,test,CNV,cnv,OS,.tif,0.0003246356500312686
CNV/54/OS/015_CNV.tif,CNV-054,test,CNV,cnv,OS,.tif,0.0003354587825015187
CNV/54/OS/016_CNV.tif,CNV-054,test,CNV,cnv,OS,.tif,0.0003477804420981556
CNV/54/OS/017_Drusen.tif,CNV-054,test,CNV,drusen,OS,.tif,0.0002807999844662845
CNV/54/OS/018_Drusen.tif,CNV-054,test,CNV,drusen,OS,.tif,0.0002935736265499145
CNV/54/OS/019_Drusen.tif,CNV-054,test,CNV,drusen,OS,.tif,0.0002787025587167591
CNV/54/OS/020_Drusen.tif,CNV-054,test,CNV,drusen,OS,.tif,0.0002807040582410991
CNV/54/OS/021_Drusen.tif,CNV-054,test,CNV,drusen,OS,.tif,0.00029730843380093575
CNV/54/OS/022_Drusen.tif,CNV-054,test,CNV,drusen,OS,.tif,0.00036633803392760456
CNV/54/OS/023_Drusen.tif,CNV-054,test,CNV,drusen,OS,.tif,0.0002579930587671697
CNV/54/OS/024_Drusen.tif,CNV-054,test,CNV,drusen,OS,.tif,0.00036720928619615734
CNV/55/000_CNV.tif,CNV-055,test,CNV,cnv,OD,.tif,0.00023469520965591073
CNV/55/001_CNV.tif,CNV-055,test,CNV,cnv,OD,.tif,0.00020968884928151965
CNV/55/002_CNV.tif,CNV-055,test,CNV,cnv,OD,.tif,0.0002725538797676563
CNV/55/003_CNV.tif,CNV-055,test,CNV,cnv,OD,.tif,0.00047752997488714755
CNV/55/004_CNV.tif,CNV-055,test,CNV,cnv,OD,.tif,0.0004665253800339997
CNV/55/005_CNV.tif,CNV-055,test,CNV,cnv,OD,.tif,0.00037931225961074233
CNV/55/006_CNV.tif,CNV-055,test,CNV,cnv,OD,.tif,0.00033530656946823
CNV/55/007_CNV.tif,CNV-055,test,CNV,cnv,OD,.tif,0.0002760471252258867
CNV/55/008_CNV.tif,CNV-055,test,CNV,cnv,OD,.tif,0.0003190995776094496
CNV/55/009_CNV.tif,CNV-055,test,CNV,cnv,OD,.tif,0.00035260009462945163
CNV/55/010_CNV.tif,CNV-055,test,CNV,cnv,OD,.tif,0.00035629086778499186
CNV/55/011_CNV.tif,CNV-055,test,CNV,cnv,OD,.tif,0.00028237843071110547
CNV/55/012_CNV.tif,CNV-055,test,CNV,cnv,OD,.tif,0.00024432249483652413
CNV/55/013_CNV.tif,CNV-055,test,CNV,cnv,OD,.tif,0.00026172903017140925
CNV/55/014_CNV.tif,CNV-055,test,CNV,cnv,OD,.tif,0.00025640532840043306
CNV/55/015_CNV.tif,CNV-055,test,CNV,cnv,OD,.tif,0.000307546928524971
CNV/55/016_CNV.tif,CNV-055,test,CNV,cnv,OD,.tif,0.00021787657169625163
CNV/55/017_CNV.tif,CNV-055,test,CNV,cnv,OD,.tif,0.0002670825633686036
CNV/55/018_CNV.tif,CNV-055,test,CNV,cnv,OD,.tif,0.0002590009244158864
CNV/55/019_CNV.tif,CNV-055,test,CNV,cnv,OD,.tif,0.00034097227035090327
CNV/55/020_Drusen.tif,CNV-055,test,CNV,drusen,OD,.tif,0.00022433031699620187
CNV/55/021_NOrmal.tif,CNV-055,test,CNV,normal,OD,.tif,0.00019963733211625367
CNV/55/022_Drusen.tif,CNV-055,test,CNV,drusen,OD,.tif,0.00029477867064997554
CNV/55/023_Drusen.tif,CNV-055,test,CNV,drusen,OD,.tif,0.00025441712932661176
CNV/55/024_CNV.tif,CNV-055,test,CNV,cnv,OD,.tif,0.00032673910027369857
CNV/55/025_Drusen.tif,CNV-055,test,CNV,drusen,OD,.tif,0.0005555355455726385
CNV/55/026_Drusen.tif,CNV-055,test,CNV,drusen,OD,.tif,0.0002718163887038827
CNV/55/027_Drusen.tif,CNV-055,test,CNV,drusen,OD,.tif,0.0003690531593747437
CNV/55/028_Drusen.tif,CNV-055,test,CNV,drusen,OD,.tif,0.0003501079336274415
CNV/55/029_Drusen.tif,CNV-055,test,CNV,drusen,OD,.tif,0.00044957600766792893
CNV/55/030_CNV.tif,CNV-055,test,CNV,cnv,OD,.tif,0.00030786817660555243
CNV/56/000_Normal.tif,CNV-056,test,CNV,normal,OS,.tif,0.0002421745448373258
CNV/56/001_Normal.tif,CNV-056,test,CNV,normal,OS,.tif,0.000252445723162964
CNV/56/002_Normal.tif,CNV-056,test,CNV,normal,OS,.tif,0.00022573591559194028
CNV/56/003_Normal.tif,CNV-056,test,CNV,normal,OS,.tif,0.0003363603609614074
CNV/56/004_Normal.tif,CNV-056,test,CNV,normal,OS,.tif,0.0003135580336675048
CNV/56/005_Normal.tif,CNV-056,test,CNV,normal,OS,.tif,0.00032439164351671934
CNV/56/006_Normal.tif,CNV-056,test,CNV,normal,OS,.tif,0.0003038397408090532
CNV/56/007_Drusen.tif,CNV-056,test,CNV,drusen,OS,.tif,0.0002016373910009861
CNV/56/008_Drusen.tif,CNV-056,test,CNV,drusen,OS,.tif,0.0002843319089151919
CNV/56/009_Drusen.tif,CNV-056,test,CNV,drusen,OS,.tif,0.00020066843717359006
CNV/56/010_Drusen.tif,CNV-056,test,CNV,drusen,OS,.tif,0.0003271314490120858
CNV/56/011_Drusen.tif,CNV-056,test,CNV,drusen,OS,.tif,0.0003156803431920707
CNV/56/012_Drusen.tif,CNV-056,test,CNV,drusen,OS,.tif,0.000293791206786409
CNV/56/013_CNV.tif,CNV-056,test,CNV,cnv,OS,.tif,0.00030698985210619867
CNV/56/014_CNV.tif,CNV-056,test,CNV,cnv,OS,.tif,0.00023994171351660043
CNV/56/015_CNV.tif,CNV-056,test,CNV,cnv,OS,.tif,0.0002559211861807853
CNV/56/016_CNV.tif,CNV-056,test,CNV,cnv,OS,.tif,0.0003039513248950243
CNV/56/017_CNV.tif,CNV-056,test,CNV,cnv,OS,.tif,0.0004559384542517364
CNV/56/018_CNV.tif,CNV-056,test,CNV,cnv,OS,.tif,0.00035160547122359276
CNV/56/019_CNV.tif,CNV-056,test,CNV,cnv,OS,.tif,0.0003583472571335733
CNV/56/020_CNV.tif,CNV-056,test,CNV,cnv,OS,.tif,0.0002591316879261285
CNV/56/021_CNV.tif,CNV-056,test,CNV,cnv,OS,.tif,0.0002594830875750631
CNV/56/022_Drusen.tif,CNV-056,test,CNV,drusen,OS,.tif,0.00025692611234262586
CNV/56/023_Drusen.tif,CNV-056,test,CNV,drusen,OS,.tif,0.00029990935581736267
CNV/56/024_Drusen.tif,CNV-056,test,CNV,drusen,OS,.tif,0.00027764454716816545
CNV/56/025_Drusen.tif,CNV-056,test,CNV,drusen,OS,.tif,0.0003149903495796025
CNV/56/026_Drusen.tif,CNV-056,test,CNV,drusen,OS,.tif,0.00027170745306648314
CNV/56/027_Drusen.tif,CNV-056,test,CNV,drusen,OS,.tif,0.00023398148186970502
CNV/56/028_Drusen.tif,CNV-056,test,CNV,drusen,OS,.tif,0.00024996037245728076
CNV/56/029_Drusen.tif,CNV-056,test,CNV,drusen,OS,.tif,0.0002195808629039675
CNV/56/030_Drusen.tif,CNV-056,test,CNV,drusen,OS,.tif,0.0002595902478788048
CNV/58/000_Normal.tif,CNV-058,test,CNV,normal,OS,.tif,0.0003156025195494294
CNV/58/001_Normal.tif,CNV-058,test,CNV,normal,OS,.tif,0.00038829835830256343
CNV/58/002_Normal.tif,CNV-058,test,CNV,normal,OS,.tif,0.0005307465326040983
CNV/58/003_Normal.tif,CNV-058,test,CNV,normal,OS,.tif,0.00044012427679263055
CNV/58/004_Normal.tif,CNV-058,test,CNV,normal,OS,.tif,0.0003653152962215245
CNV/58/005_Drusen.tif,CNV-058,test,CNV,drusen,OS,.tif,0.0003910621162503958
CNV/58/006_Drusen.tif,CNV-058,test,CNV,drusen,OS,.tif,0.0004568351141642779
CNV/58/007_Drusen.tif,CNV-058,test,CNV,drusen,OS,.tif,0.0004336915444582701
CNV/58/008_CNV.tif,CNV-058,test,CNV,cnv,OS,.tif,0.000561324181035161
CNV/58/008_Drusen.tif,CNV-058,test,CNV,drusen,OS,.tif,0.0003129530814476311
CNV/58/009_CNV.tif,CNV-058,test,CNV,cnv,OS,.tif,0.0004617563681676984
CNV/58/009_Normal.tif,CNV-058,test,CNV,normal,OS,.tif,0.000228071105084382
CNV/58/010_CNV.tif,CNV-058,test,CNV,cnv,OS,.tif,0.00043226679554209113
CNV/58/010_Normal.tif,CNV-058,test,CNV,normal,OS,.tif,0.00021591290715150535
CNV/58/011_CNV.tif,CNV-058,test,CNV,cnv,OS,.tif,0.00043913660920225084
CNV/58/011_Drusen.tif,CNV-058,test,CNV,drusen,OS,.tif,0.00032097770599648356
CNV/58/012_CNV.tif,CNV-058,test,CNV,cnv,OS,.tif,0.00045410485472530127
CNV/58/012_Drusen.tif,CNV-058,test,CNV,drusen,OS,.tif,0.00035835313610732555
CNV/58/013_CNV.tif,CNV-058,test,CNV,cnv,OS,.tif,0.00034994352608919144
CNV/58/013_Drusen.tif,CNV-058,test,CNV,drusen,OS,.tif,0.00022634107153862715
CNV/58/014_CNV.tif,CNV-058,test,CNV,cnv,OS,.tif,0.0003964280185755342
CNV/58/015_CNV.tif,CNV-058,test,CNV,cnv,OS,.tif,0.0003191783034708351
CNV/58/016_CNV.tif,CNV-058,test,CNV,cnv,OS,.tif,0.0004220640694256872
CNV/58/017_CNV.tif,CNV-058,test,CNV,cnv,OS,.tif,0.0003854648384731263
CNV/58/018_CNV.tif,CNV-058,test,CNV,cnv,OS,.tif,0.0004682154976762831
CNV/58/019_CNV.tif,CNV-058,test,CNV,cnv,OS,.tif,0.00037417837302200496
CNV/58/020_CNV.tif,CNV-058,test,CNV,cnv,OS,.tif,0.00035064161056652665
CNV/58/020_Drusen.tif,CNV-058,test,CNV,drusen,OS,.tif,0.00036302220541983843
CNV/58/021_Normal.tif,CNV-058,test,CNV,normal,OS,.tif,0.00041652668733149767
CNV/58/022_Normal.tif,CNV-058,test,CNV,normal,OS,.tif,0.0003445667098276317
CNV/58/023_Normal.tif,CNV-058,test,CNV,normal,OS,.tif,0.00034429386141709983
CNV/58/024_Normal.tif,CNV-058,test,CNV,normal,OS,.tif,0.00035440013743937016
CNV/58/025_Normal.tif,CNV-058,test,CNV,normal,OS,.tif,0.00043744832510128617
CNV/58/026_Normal.tif,CNV-058,test,CNV,normal,OS,.tif,0.0004629268078133464
CNV/58/027_Normal.tif,CNV-058,test,CNV,normal,OS,.tif,0.0004902762593701482
CNV/58/028_Normal.tif,CNV-058,test,CNV,normal,OS,.tif,0.0005008808802813292
CNV/58/029_Normal.tif,CNV-058,test,CNV,normal,OS,.tif,0.0007776481797918677
CNV/58/030_Normal.tif,CNV-058,test,CNV,normal,OS,.tif,0.0005270785186439753
CNV/60/000_CNV.tif,CNV-060,test,CNV,cnv,OS,.tif,0.00028913142159581184
CNV/60/001_CNV.tif,CNV-060,test,CNV,cnv,OS,.tif,0.0002197093126596883
CNV/60/002_CNV.tif,CNV-060,test,CNV,cnv,OS,.tif,0.0002514770021662116
CNV/60/003_CNV.tif,CNV-060,test,CNV,cnv,OS,.tif,0.00024711116566322744
CNV/60/004_CNV.tif,CNV-060,test,CNV,cnv,OS,.tif,0.0002603104803711176
CNV/60/005_CNV.tif,CNV-060,test,CNV,cnv,OS,.tif,0.0003453186945989728
CNV/60/006_CNV.tif,CNV-060,test,CNV,cnv,OS,.tif,0.00031565764220431447
CNV/60/007_CNV.tif,CNV-060,test,CNV,cnv,OS,.tif,0.0003036739071831107
CNV/60/008_CNV.tif,CNV-060,test,CNV,cnv,OS,.tif,0.0003190831048414111
CNV/60/009_CNV.tif,CNV-060,test,CNV,cnv,OS,.tif,0.0003896289272233844
CNV/60/010_CNV.tif,CNV-060,test,CNV,cnv,OS,.tif,0.00037771021015942097
CNV/60/011_CNV.tif,CNV-060,test,CNV,cnv,OS,.tif,0.0007424808572977781
CNV/60/012_CNV.tif,CNV-060,test,CNV,cnv,OS,.tif,0.001048794947564602
CNV/60/013_CNV.tif,CNV-060,test,CNV,cnv,OS,.tif,0.0004682421567849815
CNV/60/014_CNV.tif,CNV-060,test,CNV,cnv,OS,.tif,0.000521888374350965
CNV/60/015_CNV.tif,CNV-060,test,CNV,cnv,OS,.tif,0.000520261179190129
CNV/60/016_CNV.tif,CNV-060,test,CNV,cnv,OS,.tif,0.0005711152916774154
CNV/60/017_CNV.tif,CNV-060,test,CNV,cnv,OS,.tif,0.00041750381933525205
CNV/60/018_CNV.tif,CNV-060,test,CNV,cnv,OS,.tif,0.00034635013435035944
CNV/60/019_CNV.tif,CNV-060,test,CNV,cnv,OS,.tif,0.00037230714224278927
CNV/60/020_CNV.tif,CNV-060,test,CNV,cnv,OS,.tif,0.00043073558481410146
CNV/60/021_CNV.tif,CNV-060,test,CNV,cnv,OS,.tif,0.0003253245959058404
CNV/60/022_CNV.tif,CNV-060,test,CNV,cnv,OS,.tif,0.00025164635735563934
CNV/60/023_CNV.tif,CNV-060,test,CNV,cnv,OS,.tif,0.00022252800408750772
CNV/60/024_CNV.tif,CNV-060,test,CNV,cnv,OS,.tif,0.0003303664561826736
CNV/60/025_CNV.tif,CNV-060,test,CNV,cnv,OS,.tif,0.0002908343158196658
CNV/60/026_CNV.tif,CNV-060,test,CNV,cnv,OS,.tif,0.00020447220595087856
CNV/60/027_CNV.tif,CNV-060,test,CNV,cnv,OS,.tif,0.00036116945557296276
CNV/60/028_CNV.tif,CNV-060,test,CNV,cnv,OS,.tif,0.00044599437387660146
CNV/60/029_CNV.tif,CNV-060,test,CNV,cnv,OS,.tif,0.00020991527708247304
CNV/60/030_CNV.tif,CNV-060,test,CNV,cnv,OS,.tif,0.00035799905890598893
CNV/62/000_CNV.tif,CNV-062,test,CNV,cnv,OD,.tif,0.0004487789701670408
CNV/62/001_CNV.tif,CNV-062,test,CNV,cnv,OD,.tif,0.00034146514371968806
CNV/62/002_CNV.tif,CNV-062,test,CNV,cnv,OD,.tif,0.0003068951773457229
CNV/62/003_CNV.tif,CNV-062,test,CNV,cnv,OD,.tif,0.00037956159212626517
CNV/62/004_CNV.tif,CNV-062,test,CNV,cnv,OD,.tif,0.00030721939401701093
CNV/62/005_CNV.tif,CNV-062,test,CNV,cnv,OD,.tif,0.0002580995496828109
CNV/62/006_CNV.tif,CNV-062,test,CNV,cnv,OD,.tif,0.00035698505234904587
CNV/62/007_CNV.tif,CNV-062,test,CNV,cnv,OD,.tif,0.0003266691928729415
CNV/62/008_CNV.tif,CNV-062,test,CNV,cnv,OD,.tif,0.00036686440580524504
CNV/62/009_CNV.tif,CNV-062,test,CNV,cnv,OD,.tif,0.0004231426864862442
CNV/62/010_CNV.tif,CNV-062,test,CNV,cnv,OD,.tif,0.00039297874900512397
CNV/62/011_CNV.tif,CNV-062,test,CNV,cnv,OD,.tif,0.0004520248039625585
CNV/62/012_CNV.tif,CNV-062,test,CNV,cnv,OD,.tif,0.00033709450508467853
CNV/62/013_CNV.tif,CNV-062,test,CNV,cnv,OD,.tif,0.000310819799778983
CNV/62/014_CNV.tif,CNV-062,test,CNV,cnv,OD,.tif,0.0003681525122374296
CNV/62/015_CNV.tif,CNV-062,test,CNV,cnv,OD,.tif,0.0004747477942146361
CNV/62/016_CNV.tif,CNV-062,test,CNV,cnv,OD,.tif,0.0005497296806424856
CNV/62/017_CNV.tif,CNV-062,test,CNV,cnv,OD,.tif,0.0003384408773854375
CNV/62/018_CNV.tif,CNV-062,test,CNV,cnv,OD,.tif,0.00027295242762193084
CNV/62/019_CNV.tif,CNV-062,test,CNV,cnv,OD,.tif,0.00039543589809909463
CNV/62/020_CNV.tif,CNV-062,test,CNV,cnv,OD,.tif,0.00030452810460701585
CNV/62/021_CNV.tif,CNV-062,test,CNV,cnv,OD,.tif,0.00031390375806950033
CNV/62/022_CNV.tif,CNV-062,test,CNV,cnv,OD,.tif,0.00024780939565971494
CNV/62/023_CNV.tif,CNV-062,test,CNV,cnv,OD,.tif,0.0002521598362363875
CNV/62/024_CNV.tif,CNV-062,test,CNV,cnv,OD,.tif,0.0002556911495048553
CNV/62/025_CNV.tif,CNV-062,test,CNV,cnv,OD,.tif,0.00031060451874509454
CNV/62/026_CNV.tif,CNV-062,test,CNV,cnv,OD,.tif,0.0002808936114888638
CNV/62/027_CNV.tif,CNV-062,test,CNV,cnv,OD,.tif,0.00026593159418553114
CNV/62/028_CNV.tif,CNV-062,test,CNV,cnv,OD,.tif,0.0003245533152949065
CNV/62/029_Drusen.tif,CNV-062,test,CNV,drusen,OD,.tif,0.0002534679078962654
CNV/62/030_Drusen.tif,CNV-062,test,CNV,drusen,OD,.tif,0.00024194549769163132
CNV/64/000_Drusen.tif,CNV-064,test,CNV,drusen,OS,.tif,0.00022615096531808376
CNV/64/001_Drusen.tif,CNV-064,test,CNV,drusen,OS,.tif,0.0002427543222438544
CNV/64/002_Drusen.tif,CNV-064,test,CNV,drusen,OS,.tif,0.00030815700301900506
CNV/64/003_Drusen.tif,CNV-064,test,CNV,drusen,OS,.tif,0.0003797413082793355
CNV/64/004_CNV.tif,CNV-064,test,CNV,cnv,OS,.tif,0.0002529009652789682
CNV/64/005_CNV.tif,CNV-064,test,CNV,cnv,OS,.tif,0.0002985287574119866
CNV/64/006_CNV.tif,CNV-064,test,CNV,cnv,OS,.tif,0.000428248371463269
CNV/64/007_CNV.tif,CNV-064,test,CNV,cnv,OS,.tif,0.0004034420708194375
CNV/64/008_CNV.tif,CNV-064,test,CNV,cnv,OS,.tif,0.00026494948542676866
CNV/64/009_CNV.tif,CNV-064,test,CNV,cnv,OS,.tif,0.0004957140190526843
CNV/64/010_CNV.tif,CNV-064,test,CNV,cnv,OS,.tif,0.000526423507835716
CNV/64/011_CNV.tif,CNV-064,test,CNV,cnv,OS,.tif,0.0004217929672449827
CNV/64/012_CNV.tif,CNV-064,test,CNV,cnv,OS,.tif,0.0005251619732007384
CNV/64/013_CNV.tif,CNV-064,test,CNV,cnv,OS,.tif,0.0003123112255707383
CNV/64/014_CNV.tif,CNV-064,test,CNV,cnv,OS,.tif,0.00035949551966041327
CNV/64/015_CNV.tif,CNV-064,test,CNV,cnv,OS,.tif,0.0003015464171767235
CNV/64/016_CNV.tif,CNV-064,test,CNV,cnv,OS,.tif,0.0004392428672872484
CNV/64/017_CNV.tif,CNV-064,test,CNV,cnv,OS,.tif,0.0002680078614503145
CNV/64/018_CNV.tif,CNV-064,test,CNV,cnv,OS,.tif,0.00024524307809770107
CNV/64/019_CNV.tif,CNV-064,test,CNV,cnv,OS,.tif,0.00029680359875783324
CNV/64/020_CNV.tif,CNV-064,test,CNV,cnv,OS,.tif,0.000294488447252661
CNV/64/021_CNV.tif,CNV-064,test,CNV,cnv,OS,.tif,0.00021731476590503007
CNV/64/022_CNV.tif,CNV-064,test,CNV,cnv,OS,.tif,0.00048312009312212467
CNV/64/023_CNV.tif,CNV-064,test,CNV,cnv,OS,.tif,0.0003497945435810834
CNV/64/024_CNV.tif,CNV-064,test,CNV,cnv,OS,.tif,0.0002526055322960019
CNV/64/025_CNV.tif,CNV-064,test,CNV,cnv,OS,.tif,0.00027479202253744006
CNV/64/026_CNV.tif,CNV-064,test,CNV,cnv,OS,.tif,0.0002525316667743027
CNV/64/027_CNV.tif,CNV-064,test,CNV,cnv,OS,.tif,0.00027291852165944874
CNV/64/028_CNV.tif,CNV-064,test,CNV,cnv,OS,.tif,0.00033733126474544406
CNV/64/029_CNV.tif,CNV-064,test,CNV,cnv,OS,.tif,0.0002603274770081043
CNV/64/030_CNV.tif,CNV-064,test,CNV,cnv,OS,.tif,0.0003489411319606006
CNV/66/000_Drusen.tif,CNV-066,test,CNV,drusen,OD,.tif,0.00026915239868685603
CNV/66/001_Drusen.tif,CNV-066,test,CNV,drusen,OD,.tif,0.0002675711875781417
CNV/66/002_Drusen.tif,CNV-066,test,CNV,drusen,OD,.tif,0.0002691880217753351
CNV/66/003_Drusen.tif,CNV-066,test,CNV,drusen,OD,.tif,0.00034357805270701647
CNV/66/004_Drusen.tif,CNV-066,test,CNV,drusen,OD,.tif,0.0004103872342966497
CNV/66/005_Drusen.tif,CNV-066,test,CNV,drusen,OD,.tif,0.0002697471936699003
CNV/66/006_Drusen.tif,CNV-066,test,CNV,drusen,OD,.tif,0.00031465262873098254
CNV/66/007_CNV.tif,CNV-066,test,CNV,cnv,OD,.tif,0.0002498971880413592
CNV/66/008_CNV.tif,CNV-066,test,CNV,cnv,OD,.tif,0.00025925016961991787
CNV/66/009_CNV.tif,CNV-066,test,CNV,cnv,OD,.tif,0.00031911590485833585
CNV/66/010_CNV.tif,CNV-066,test,CNV,cnv,OD,.tif,0.000285283662378788
CNV/66/011_CNV.tif,CNV-066,test,CNV,cnv,OD,.tif,0.00028553552692756057
CNV/66/012_CNV.tif,CNV-066,test,CNV,cnv,OD,.tif,0.0003217969788238406
CNV/66/013_CNV.tif,CNV-066,test,CNV,cnv,OD,.tif,0.00027091611991636455
CNV/66/014_CNV.tif,CNV-066,test,CNV,cnv,OD,.tif,0.0004158949595876038
CNV/66/015_CNV.tif,CNV-066,test,CNV,cnv,OD,.tif,0.0004940930521115661
CNV/66/016_CNV.tif,CNV-066,test,CNV,cnv,OD,.tif,0.0003315272042527795
CNV/66/017_CNV.tif,CNV-066,test,CNV,cnv,OD,.tif,0.00034289975883439183
CNV/66/018_CNV.tif,CNV-066,test,CNV,cnv,OD,.tif,0.0004496102046687156
CNV/66/019_CNV.tif,CNV-066,test,CNV,cnv,OD,.tif,0.0003290081804152578
CNV/66/020_CNV.tif,CNV-066,test,CNV,cnv,OD,.tif,0.000404198159230873
CNV/66/021_CNV.tif,CNV-066,test,CNV,cnv,OD,.tif,0.0003362964780535549
CNV/66/022_CNV.tif,CNV-066,test,CNV,cnv,OD,.tif,0.00037850625813007355
CNV/66/023_CNV.tif,CNV-066,test,CNV,cnv,OD,.tif,0.00040581729263067245
CNV/66/024_CNV.tif,CNV-066,test,CNV,cnv,OD,.tif,0.0002899810206145048
CNV/66/025_CNV.tif,CNV-066,test,CNV,cnv,OD,.tif,0.00030669907573610544
CNV/66/026_CNV.tif,CNV-066,test,CNV,cnv,OD,.tif,0.00031816877890378237
CNV/66/027_CNV.tif,CNV-066,test,CNV,cnv,OD,.tif,0.0003363472642377019
CNV/66/028_CNV.tif,CNV-066,test,CNV,cnv,OD,.tif,0.00030752731254324317
CNV/66/029_Drusen.tif,CNV-066,test,CNV,drusen,OD,.tif,0.000317118305247277
CNV/66/030_Drusen.tif,CNV-066,test,CNV,drusen,OD,.tif,0.00025671737967059016
CNV/67/000_CNV.jpg,CNV-067,test,CNV,cnv,OD,.jpg,0.0002770962892100215
CNV/67/001_CNV.jpg,CNV-067,test,CNV,cnv,OD,.jpg,0.00021087724599055946
CNV/67/002_CNV.jpg,CNV-067,test,CNV,cnv,OD,.jpg,0.00025444210041314363
CNV/67/003_CNV.jpg,CNV-067,test,CNV,cnv,OD,.jpg,0.00034299635444767773
CNV/67/004_CNV.jpg,CNV-067,test,CNV,cnv,OD,.jpg,0.0003480904852040112
CNV/67/005_CNV.jpg,CNV-067,test,CNV,cnv,OD,.jpg,0.00023763245553709567
CNV/67/006_CNV.jpg,CNV-067,test,CNV,cnv,OD,.jpg,0.0002851160825230181
CNV/67/007_CNV.jpg,CNV-067,test,CNV,cnv,OD,.jpg,0.0002875803620554507
CNV/67/008_CNV.jpg,CNV-067,test,CNV,cnv,OD,.jpg,0.0003029429935850203
CNV/67/009_CNV.jpg,CNV-067,test,CNV,cnv,OD,.jpg,0.0005841035163030028
CNV/67/010_CNV.jpg,CNV-067,test,CNV,cnv,OD,.jpg,0.0007169443415477872
CNV/67/011_CNV.jpg,CNV-067,test,CNV,cnv,OD,.jpg,0.0003121946065220982
CNV/67/012_CNV.jpg,CNV-067,test,CNV,cnv,OD,.jpg,0.0002592996461316943
CNV/67/013_CNV.jpg,CNV-067,test,CNV,cnv,OD,.jpg,0.00045261328341439366
CNV/67/014_CNV.jpg,CNV-067,test,CNV,cnv,OD,.jpg,0.00048754006274975836
CNV/67/015_CNV.jpg,CNV-067,test,CNV,cnv,OD,.jpg,0.00041896902257576585
CNV/67/016_CNV.jpg,CNV-067,test,CNV,cnv,OD,.jpg,0.0003110254474449903
CNV/67/017_CNV.jpg,CNV-067,test,CNV,cnv,OD,.jpg,0.000271636585239321
CNV/67/018_CNV.jpg,CNV-067,test,CNV,cnv,OD,.jpg,0.00024616517475806177
CNV/67/019_CNV.jpg,CNV-067,test,CNV,cnv,OD,.jpg,0.0003334000939503312
CNV/67/020_CNV.jpg,CNV-067,test,CNV,cnv,OD,.jpg,0.0003188085393048823
CNV/67/021_CNV.jpg,CNV-067,test,CNV,cnv,OD,.jpg,0.00025585730327293277
CNV/67/022_CNV.jpg,CNV-067,test,CNV,cnv,OD,.jpg,0.00029339909087866545
CNV/67/023_CNV.jpg,CNV-067,test,CNV,cnv,OD,.jpg,0.00033999414881691337
CNV/67/024_CNV.jpg,CNV-067,test,CNV,cnv,OD,.jpg,0.00033009087201207876
CNV/67/025_Drusen.jpg,CNV-067,test,CNV,drusen,OD,.jpg,0.0003609271952882409
CNV/67/026_Drusen.jpg,CNV-067,test,CNV,drusen,OD,.jpg,0.00028221451793797314
CNV/67/027_Drusen.jpg,CNV-067,test,CNV,drusen,OD,.jpg,0.0003947749501094222
CNV/67/028_Drusen.jpg,CNV-067,test,CNV,drusen,OD,.jpg,0.000445314624812454
CNV/67/029_Drusen.jpg,CNV-067,test,CNV,drusen,OD,.jpg,0.0002983911253977567
CNV/67/030_Drusen.jpg,CNV-067,test,CNV,drusen,OD,.jpg,0.0004023259971290827
CNV/68/OD/000_Drusen.tif,CNV-068,test,CNV,drusen,OD,.tif,0.00028336778632365167
CNV/68/OD/001_Drusen.tif,CNV-068,test,CNV,drusen,OD,.tif,0.00025247555458918214
CNV/68/OD/002_Drusen.tif,CNV-068,test,CNV,drusen,OD,.tif,0.000304700864944607
CNV/68/OD/003_CNV.tif,CNV-068,test,CNV,cnv,OD,.tif,0.00023386560496874154
CNV/68/OD/004_CNV.tif,CNV-068,test,CNV,cnv,OD,.tif,0.0003000259166583419
CNV/68/OD/005_CNV.tif,CNV-068,test,CNV,cnv,OD,.tif,0.0002992489608004689
CNV/68/OD/006_CNV.tif,CNV-068,test,CNV,cnv,OD,.tif,0.000328914204146713
CNV/68/OD/007_CNV.tif,CNV-068,test,CNV,cnv,OD,.tif,0.0002141969744116068
CNV/68/OD/008_CNV.tif,CNV-068,test,CNV,cnv,OD,.tif,0.0003582254284992814
CNV/68/OD/009_CNV.tif,CNV-068,test,CNV,cnv,OD,.tif,0.0002588155912235379
CNV/68/OD/010_CNV.tif,CNV-068,test,CNV,cnv,OD,.tif,0.00037293919012881815
CNV/68/OD/011_CNV.tif,CNV-068,test,CNV,cnv,OD,.tif,0.0002706274390220642
CNV/68/OD/012_CNV.tif,CNV-068,test,CNV,cnv,OD,.tif,0.00043946565710939467
CNV/68/OD/013_CNV.tif,CNV-068,test,CNV,cnv,OD,.tif,0.0005410364246927202
CNV/68/OD/014_CNV.tif,CNV-068,test,CNV,cnv,OD,.tif,0.0003871185181196779
CNV/68/OD/015_CNV.tif,CNV-068,test,CNV,cnv,OD,.tif,0.0003703166148625314
CNV/68/OD/016_CNV.tif,CNV-068,test,CNV,cnv,OD,.tif,0.00031643995316699147
CNV/68/OD/017_CNV.tif,CNV-068,test,CNV,cnv,OD,.tif,0.00029440890648402274
CNV/68/OD/018_CNV.tif,CNV-068,test,CNV,cnv,OD,.tif,0.0002522198192309588
CNV/68/OD/019_CNV.tif,CNV-068,test,CNV,cnv,OD,.tif,0.0002631984534673393
CNV/68/OD/020_Drusen.tif,CNV-068,test,CNV,drusen,OD,.tif,0.0002621094463393092
CNV/68/OD/021_Drusen.tif,CNV-068,test,CNV,drusen,OD,.tif,0.00027106920606456697
CNV/68/OD/022_Drusen.tif,CNV-068,test,CNV,drusen,OD,.tif,0.000301928143016994
CNV/68/OD/023_Drusen.tif,CNV-068,test,CNV,drusen,OD,.tif,0.00029881985392421484
CNV/68/OD/024_Drusen.tif,CNV-068,test,CNV,drusen,OD,.tif,0.00031090487027540803
CNV/68/OD/025_Drusen.tif,CNV-068,test,CNV,drusen,OD,.tif,0.00019809424702543765
CNV/68/OD/026_Drusen.tif,CNV-068,test,CNV,drusen,OD,.tif,0.00015479797730222344
CNV/68/OD/027_Drusen.tif,CNV-068,test,CNV,drusen,OD,.tif,0.00023764223442412913
CNV/68/OD/028_Drusen.tif,CNV-068,test,CNV,drusen,OD,.tif,0.00024337205104529858
CNV/68/OD/029_Drusen.tif,CNV-068,test,CNV,drusen,OD,.tif,0.00020771060371771455
CNV/68/OD/030_Drusen.tif,CNV-068,test,CNV,drusen,OD,.tif,0.00039270188426598907
CNV/68/OS/000_Drusen.tif,CNV-068,test,CNV,drusen,OS,.tif,0.0002994394162669778
CNV/68/OS/001_Drusen.tif,CNV-068,test,CNV,drusen,OS,.tif,0.0002795453183352947
CNV/68/OS/002_Drusen.tif,CNV-068,test,CNV,drusen,OS,.tif,0.0002542379661463201
CNV/68/OS/003_Drusen.tif,CNV-068,test,CNV,drusen,OS,.tif,0.00025586812989786267
CNV/68/OS/004_Drusen.tif,CNV-068,test,CNV,drusen,OS,.tif,0.00024092791136354208
CNV/68/OS/005_Drusen.tif,CNV-068,test,CNV,drusen,OS,.tif,0.00018925953190773726
CNV/68/OS/006_Normal.tif,CNV-068,test,CNV,normal,OS,.tif,0.0002933759824372828
CNV/68/OS/007_Normal.tif,CNV-068,test,CNV,normal,OS,.tif,0.0003264627302996814
CNV/68/OS/008_Normal.tif,CNV-068,test,CNV,normal,OS,.tif,0.00036895452649332583
CNV/68/OS/009_CNV.tif,CNV-068,test,CNV,cnv,OS,.tif,0.00029195932438597083
CNV/68/OS/010_CNV.tif,CNV-068,test,CNV,cnv,OS,.tif,0.0003388117183931172
CNV/68/OS/011_CNV.tif,CNV-068,test,CNV,cnv,OS,.tif,0.00018318588263355196
CNV/68/OS/012_CNV.tif,CNV-068,test,CNV,cnv,OS,.tif,0.000316186691634357
CNV/68/OS/013_CNV.tif,CNV-068,test,CNV,cnv,OS,.tif,0.00034154567401856184
CNV/68/OS/014_CNV.tif,CNV-068,test,CNV,cnv,OS,.tif,0.0002494214859325439
CNV/68/OS/015_CNV.tif,CNV-068,test,CNV,cnv,OS,.tif,0.0003572508576326072
CNV/68/OS/016_CNV.tif,CNV-068,test,CNV,cnv,OS,.tif,0.00031951552955433726
CNV/68/OS/017_CNV.tif,CNV-068,test,CNV,cnv,OS,.tif,0.0004986634012311697
CNV/68/OS/018_CNV.tif,CNV-068,test,CNV,cnv,OS,.tif,0.0004139722150284797
CNV/68/OS/019_CNV.tif,CNV-068,test,CNV,cnv,OS,.tif,0.00030065057217143476
CNV/68/OS/020_CNV.tif,CNV-068,test,CNV,cnv,OS,.tif,0.0004626419977284968
CNV/68/OS/021_CNV.tif,CNV-068,test,CNV,cnv,OS,.tif,0.00035665277391672134
CNV/68/OS/022_CNV.tif,CNV-068,test,CNV,cnv,OS,.tif,0.00022069484111852944
CNV/68/OS/023_CNV.tif,CNV-068,test,CNV,cnv,OS,.tif,0.00021880723943468183
CNV/68/OS/024_CNV.tif,CNV-068,test,CNV,cnv,OS,.tif,0.0005204611225053668
CNV/68/OS/025_CNV.tif,CNV-068,test,CNV,cnv,OS,.tif,0.0002791215665638447
CNV/68/OS/026_CNV.tif,CNV-068,test,CNV,cnv,OS,.tif,0.0003617337206378579
CNV/68/OS/027_CNV.tif,CNV-068,test,CNV,cnv,OS,.tif,0.00034527183743193746
CNV/68/OS/028_CNV.tif,CNV-068,test,CNV,cnv,OS,.tif,0.00039532751543447375
CNV/68/OS/029_CNV.tif,CNV-068,test,CNV,cnv,OS,.tif,0.0003653789171949029
CNV/68/OS/030_CNV.tif,CNV-068,test,CNV,cnv,OS,.tif,0.0003624403616413474
CNV/69/000_Drusen.tif,CNV-069,test,CNV,drusen,OS,.tif,0.0004720240831375122
CNV/69/001_Drusen.tif,CNV-069,test,CNV,drusen,OS,.tif,0.00029379664920270443
CNV/69/002_Drusen.tif,CNV-069,test,CNV,drusen,OS,.tif,0.00033157208235934377
CNV/69/003_Drusen.tif,CNV-069,test,CNV,drusen,OS,.tif,0.00030856585362926126
CNV/69/004_Drusen.tif,CNV-069,test,CNV,drusen,OS,.tif,0.0004849049146287143
CNV/69/005_Drusen.tif,CNV-069,test,CNV,drusen,OS,.tif,0.0005801208317279816
CNV/69/006_Drusen.tif,CNV-069,test,CNV,drusen,OS,.tif,0.00045376253547146916
CNV/69/007_CNV.tif,CNV-069,test,CNV,cnv,OS,.tif,0.0005294150905683637
CNV/69/008_CNV.tif,CNV-069,test,CNV,cnv,OS,.tif,0.0002647710498422384
CNV/69/009_CNV.tif,CNV-069,test,CNV,cnv,OS,.tif,0.0003474028781056404
CNV/69/010_CNV.tif,CNV-069,test,CNV,cnv,OS,.tif,0.0003655341570265591
CNV/69/011_CNV.tif,CNV-069,test,CNV,cnv,OS,.tif,0.00031762849539518356
CNV/69/012_CNV.tif,CNV-069,test,CNV,cnv,OS,.tif,0.0003609794657677412
CNV/69/013_CNV.tif,CNV-069,test,CNV,cnv,OS,.tif,0.0004503075033426285
CNV/69/014_CNV.tif,CNV-069,test,CNV,cnv,OS,.tif,0.0004158096562605351
CNV/69/015_CNV.tif,CNV-069,test,CNV,cnv,OS,.tif,0.0004933596355840564
CNV/69/016_CNV.tif,CNV-069,test,CNV,cnv,OS,.tif,0.0003220300131943077
CNV/69/017_CNV.tif,CNV-069,test,CNV,cnv,OS,.tif,0.0003535739379003644
CNV/69/018_CNV.tif,CNV-069,test,CNV,cnv,OS,.tif,0.0003337604575790465
CNV/69/019_CNV.tif,CNV-069,test,CNV,cnv,OS,.tif,0.00029402237851172686
CNV/69/020_CNV.tif,CNV-069,test,CNV,cnv,OS,.tif,0.0003333109198138118
CNV/69/021_CNV.tif,CNV-069,test,CNV,cnv,OS,.tif,0.0002598297141958028
CNV/69/022_CNV.tif,CNV-069,test,CNV,cnv,OS,.tif,0.0004207434831187129
CNV/69/023_CNV.tif,CNV-069,test,CNV,cnv,OS,.tif,0.0002292636490892619
CNV/69/024_Drusen.tif,CNV-069,test,CNV,drusen,OS,.tif,0.0003569848486222327
CNV/69/025_Drusen.tif,CNV-069,test,CNV,drusen,OS,.tif,0.0003656074986793101
CNV/69/026_Drusen.tif,CNV-069,test,CNV,drusen,OS,.tif,0.0004562934336718172
CNV/69/027_Drusen.tif,CNV-069,test,CNV,drusen,OS,.tif,0.00048644098569639027
CNV/69/028_Drusen.tif,CNV-069,test,CNV,drusen,OS,.tif,0.0003977640881203115
CNV/69/029_Drusen.tif,CNV-069,test,CNV,drusen,OS,.tif,0.000433571869507432
CNV/69/030_Drusen.tif,CNV-069,test,CNV,drusen,OS,.tif,0.0003775589866563678
CNV/70/000_Normal.tif,CNV-070,test,CNV,normal,OD,.tif,0.00022708681353833526
CNV/70/001_Normal.tif,CNV-070,test,CNV,normal,OD,.tif,0.0002327061229152605
CNV/70/002_Normal.tif,CNV-070,test,CNV,normal,OD,.tif,0.0002669844252523035
CNV/70/003_Normal.tif,CNV-070,test,CNV,normal,OD,.tif,0.0002588232746347785
CNV/70/004_Normal.tif,CNV-070,test,CNV,normal,OD,.tif,0.0002328194968868047
CNV/70/005_Normal.tif,CNV-070,test,CNV,normal,OD,.tif,0.0002140979777323082
CNV/70/006_Drusen.tif,CNV-070,test,CNV,drusen,OD,.tif,0.000286347494693473
CNV/70/007_Drusen.tif,CNV-070,test,CNV,drusen,OD,.tif,0.0001889751583803445
CNV/70/008_Drusen.tif,CNV-070,test,CNV,drusen,OD,.tif,0.00023140180564951152
CNV/70/009_Drusen.tif,CNV-070,test,CNV,drusen,OD,.tif,0.0001967250427696854
CNV/70/010_CNV.tif,CNV-070,test,CNV,cnv,OD,.tif,0.0002655524876900017
CNV/70/011_CNV.tif,CNV-070,test,CNV,cnv,OD,.tif,0.00029961668769828975
CNV/70/012_CNV.tif,CNV-070,test,CNV,cnv,OD,.tif,0.0002082436840282753
CNV/70/013_CNV.tif,CNV-070,test,CNV,cnv,OD,.tif,0.00021271430887281895
CNV/70/014_CNV.tif,CNV-070,test,CNV,cnv,OD,.tif,0.0002181814779760316
CNV/70/015_CNV.tif,CNV-070,test,CNV,cnv,OD,.tif,0.0002688837703317404
CNV/70/016_CNV.tif,CNV-070,test,CNV,cnv,OD,.tif,0.00024698046036064625
CNV/70/017_CNV.tif,CNV-070,test,CNV,cnv,OD,.tif,0.000288669194560498
CNV/70/018_CNV.tif,CNV-070,test,CNV,cnv,OD,.tif,0.0002789632126223296
CNV/70/019_CNV.tif,CNV-070,test,CNV,cnv,OD,.tif,0.00030785618582740426
CNV/70/020_CNV.tif,CNV-070,test,CNV,cnv,OD,.tif,0.0002327438269276172
CNV/70/021_CNV.tif,CNV-070,test,CNV,cnv,OD,.tif,0.0002499585098121315
CNV/70/022_CNV.tif,CNV-070,test,CNV,cnv,OD,.tif,0.00025129824643954635
CNV/70/023_Drusen.tif,CNV-070,test,CNV,drusen,OD,.tif,0.000275783590041101
CNV/70/024_Drusen.tif,CNV-070,test,CNV,drusen,OD,.tif,0.00021166822989471257
CNV/70/025_Drusen.tif,CNV-070,test,CNV,drusen,OD,.tif,0.00042881607078015804
CNV/70/026_Drusen.tif,CNV-070,test,CNV,drusen,OD,.tif,0.00019808972137980163
CNV/70/027_Drusen.tif,CNV-070,test,CNV,drusen,OD,.tif,0.00024263444356620312
CNV/70/028_Drusen.tif,CNV-070,test,CNV,drusen,OD,.tif,0.00033584481570869684
CNV/70/029_Drusen.tif,CNV-070,test,CNV,drusen,OD,.tif,0.0002368294371990487
CNV/70/030_Drusen.tif,CNV-070,test,CNV,drusen,OD,.tif,0.00021002479479648173
CNV/72/000_CNV.jpg,CNV-072,test,CNV,cnv,OS,.jpg,0.00028119966736994684
CNV/72/001_CNV.jpg,CNV-072,test,CNV,cnv,OS,.jpg,0.00025828680372796953
CNV/72/002_CNV.jpg,CNV-072,test,CNV,cnv,OS,.jpg,0.00029389443807303905
CNV/72/003_CNV.jpg,CNV-072,test,CNV,cnv,OS,.jpg,0.00024791600299067795
CNV/72/004_CNV.jpg,CNV-072,test,CNV,cnv,OS,.jpg,0.00020515282812993973
CNV/72/005_CNV.jpg,CNV-072,test,CNV,cnv,OS,.jpg,0.0003523283521644771
CNV/72/006_CNV.jpg,CNV-072,test,CNV,cnv,OS,.jpg,0.00032483154791407287
CNV/72/007_CNV.jpg,CNV-072,test,CNV,cnv,OS,.jpg,0.00041585229337215424
CNV/72/008_CNV.jpg,CNV-072,test,CNV,cnv,OS,.jpg,0.00016797351418063045
CNV/72/009_CNV.jpg,CNV-072,test,CNV,cnv,OS,.jpg,0.0002618471335154027
CNV/72/010_CNV.jpg,CNV-072,test,CNV,cnv,OS,.jpg,0.00017549743643030524
CNV/72/011_CNV.jpg,CNV-072,test,CNV,cnv,OS,.jpg,0.0003060081508010626
CNV/72/012_CNV.jpg,CNV-072,test,CNV,cnv,OS,.jpg,0.00028577493503689766
CNV/72/013_CNV.jpg,CNV-072,test,CNV,cnv,OS,.jpg,0.00022712041391059756
CNV/72/014_CNV.jpg,CNV-072,test,CNV,cnv,OS,.jpg,0.00022198079386726022
CNV/72/015_CNV.jpg,CNV-072,test,CNV,cnv,OS,.jpg,0.00023533738567493856
CNV/72/016_CNV.jpg,CNV-072,test,CNV,cnv,OS,.jpg,0.0002574800164438784
CNV/72/017_CNV.jpg,CNV-072,test,CNV,cnv,OS,.jpg,0.0003009443753398955
CNV/72/018_CNV.jpg,CNV-072,test,CNV,cnv,OS,.jpg,0.00036858743987977505
CNV/72/019_CNV.jpg,CNV-072,test,CNV,cnv,OS,.jpg,0.00023654628603253514
CNV/72/020_CNV.jpg,CNV-072,test,CNV,cnv,OS,.jpg,0.0005253886338323355
CNV/72/021_Drusen.jpg,CNV-072,test,CNV,drusen,OS,.jpg,0.00035598198883235455
CNV/72/022_Drusen.jpg,CNV-072,test,CNV,drusen,OS,.jpg,0.00027263248921371996
CNV/72/023_Drusen.jpg,CNV-072,test,CNV,drusen,OS,.jpg,0.00028492260025814176
CNV/72/024_Drusen.jpg,CNV-072,test,CNV,drusen,OS,.jpg,0.0003106455260422081
CNV/72/025_Drusen.jpg,CNV-072,test,CNV,drusen,OS,.jpg,0.00023113787756301463
CNV/72/026_Drusen.jpg,CNV-072,test,CNV,drusen,OS,.jpg,0.0002735829330049455
CNV/72/027_Normal.jpg,CNV-072,test,CNV,normal,OS,.jpg,0.0003138893807772547
CNV/72/028_Normal.jpg,CNV-072,test,CNV,normal,OS,.jpg,0.0005159257561899722
CNV/72/029_Normal.jpg,CNV-072,test,CNV,normal,OS,.jpg,0.0004154616326559335
CNV/72/030_Normal.jpg,CNV-072,test,CNV,normal,OS,.jpg,0.00032666450715623796
CNV/73/000_Normal.tif,CNV-073,test,CNV,normal,OD,.tif,0.00023626902839168906
CNV/73/001_Normal.tif,CNV-073,test,CNV,normal,OD,.tif,0.0002709409163799137
CNV/73/002_Normal.tif,CNV-073,test,CNV,normal,OD,.tif,0.00018891807121690363
CNV/73/003_Normal.tif,CNV-073,test,CNV,normal,OD,.tif,0.0002853014739230275
CNV/73/004_Normal.tif,CNV-073,test,CNV,normal,OD,.tif,0.00027472025249153376
CNV/73/005_Normal.tif,CNV-073,test,CNV,normal,OD,.tif,0.0003064677584916353
CNV/73/006_Normal.tif,CNV-073,test,CNV,normal,OD,.tif,0.00021173874847590923
CNV/73/007_CNV.tif,CNV-073,test,CNV,cnv,OD,.tif,0.00026226439513266087
CNV/73/008_CNV.tif,CNV-073,test,CNV,cnv,OD,.tif,0.0002899544488172978
CNV/73/009_CNV.tif,CNV-073,test,CNV,cnv,OD,.tif,0.00028682599077001214
CNV/73/010_CNV.tif,CNV-073,test,CNV,cnv,OD,.tif,0.00017292799020651728
CNV/73/011_CNV.tif,CNV-073,test,CNV,cnv,OD,.tif,0.00031290118931792676
CNV/73/012_CNV.tif,CNV-073,test,CNV,cnv,OD,.tif,0.0004674675001297146
CNV/73/013_CNV.tif,CNV-073,test,CNV,cnv,OD,.tif,0.00045496635721065104
CNV/73/014_CNV.tif,CNV-073,test,CNV,cnv,OD,.tif,0.0006780779222026467
CNV/73/015_CNV.tif,CNV-073,test,CNV,cnv,OD,.tif,0.0004197334637865424
CNV/73/016_CNV.tif,CNV-073,test,CNV,cnv,OD,.tif,0.0002883903798647225
CNV/73/017_CNV.tif,CNV-073,test,CNV,cnv,OD,.tif,0.0002196395944338292
CNV/73/018_CNV.tif,CNV-073,test,CNV,cnv,OD,.tif,0.0003225007967557758
CNV/73/019_CNV.tif,CNV-073,test,CNV,cnv,OD,.tif,0.00018488582281861454
CNV/73/020_CNV.tif,CNV-073,test,CNV,cnv,OD,.tif,0.00026342435739934444
CNV/73/021_CNV.tif,CNV-073,test,CNV,cnv,OD,.tif,0.0002262948255520314
CNV/73/022_CNV.tif,CNV-073,test,CNV,cnv,OD,.tif,0.0002635025593917817
CNV/73/023_CNV.tif,CNV-073,test,CNV,cnv,OD,.tif,0.00024040474090725183
CNV/73/024_CNV.tif,CNV-073,test,CNV,cnv,OD,.tif,0.00019612103642430156
CNV/73/025_Drusen.tif,CNV-073,test,CNV,drusen,OD,.tif,0.00021224225929472595
CNV/73/026_Drusen.tif,CNV-073,test,CNV,drusen,OD,.tif,0.0003510942915454507
CNV/73/027_Drusen.tif,CNV-073,test,CNV,drusen,OD,.tif,0.0003645982942543924
CNV/73/028_Drusen.tif,CNV-073,test,CNV,drusen,OD,.tif,0.0003211508155800402
CNV/73/029_Drusen.tif,CNV-073,test,CNV,drusen,OD,.tif,0.00024421076523140073
CNV/73/030_Normal.tif,CNV-073,test,CNV,normal,OD,.tif,0.0005375497858040035
CNV/74/000_CNV.tif,CNV-074,test,CNV,cnv,OS,.tif,0.00026947245351038873
CNV/74/001_CNV.tif,CNV-074,test,CNV,cnv,OS,.tif,0.00028096616733819246
CNV/74/002_CNV.tif,CNV-074,test,CNV,cnv,OS,.tif,0.0002577794948592782
CNV/74/003_CNV.tif,CNV-074,test,CNV,cnv,OS,.tif,0.0003626715624704957
CNV/74/004_CNV.tif,CNV-074,test,CNV,cnv,OS,.tif,0.0003803723375312984
CNV/74/005_CNV.tif,CNV-074,test,CNV,cnv,OS,.tif,0.0003585291269700974
CNV/74/006_CNV.tif,CNV-074,test,CNV,cnv,OS,.tif,0.00029843076481483877
CNV/74/007_CNV.tif,CNV-074,test,CNV,cnv,OS,.tif,0.00041281356243416667
CNV/74/008_CNV.tif,CNV-074,test,CNV,cnv,OS,.tif,0.0004611827025655657
CNV/74/009_CNV.tif,CNV-074,test,CNV,cnv,OS,.tif,0.00047461784561164677
CNV/74/010_CNV.tif,CNV-074,test,CNV,cnv,OS,.tif,0.0005576757248491049
CNV/74/011_CNV.tif,CNV-074,test,CNV,cnv,OS,.tif,0.0006193213630467653
CNV/74/012_CNV.tif,CNV-074,test,CNV,cnv,OS,.tif,0.0007605868740938604
CNV/74/013_CNV.tif,CNV-074,test,CNV,cnv,OS,.tif,0.0004891342832706869
CNV/74/014_CNV.tif,CNV-074,test,CNV,cnv,OS,.tif,0.0003478665603324771
CNV/74/015_CNV.tif,CNV-074,test,CNV,cnv,OS,.tif,0.0005316496826708317
CNV/74/016_CNV.tif,CNV-074,test,CNV,cnv,OS,.tif,0.00038146943552419543
CNV/74/017_CNV.tif,CNV-074,test,CNV,cnv,OS,.tif,0.0003702001995407045
CNV/74/018_CNV.tif,CNV-074,test,CNV,cnv,OS,.tif,0.0003212393494322896
CNV/74/019_CNV.tif,CNV-074,test,CNV,cnv,OS,.tif,0.0002846699208021164
CNV/74/020_CNV.tif,CNV-074,test,CNV,cnv,OS,.tif,0.00037645240081474185
CNV/74/021_CNV.tif,CNV-074,test,CNV,cnv,OS,.tif,0.0003782035782933235
CNV/74/022_CNV.tif,CNV-074,test,CNV,cnv,OS,.tif,0.0006058132275938988
CNV/74/023_CNV.tif,CNV-074,test,CNV,cnv,OS,.tif,0.0003276044153608382
CNV/74/024_CNV.tif,CNV-074,test,CNV,cnv,OS,.tif,0.0003975677536800504
CNV/74/025_CNV.tif,CNV-074,test,CNV,cnv,OS,.tif,0.0003837218973785639
CNV/74/026_CNV.tif,CNV-074,test,CNV,cnv,OS,.tif,0.00022933534637559205
CNV/74/027_CNV.tif,CNV-074,test,CNV,cnv,OS,.tif,0.00028090813430026174
CNV/74/028_CNV.tif,CNV-074,test,CNV,cnv,OS,.tif,0.0003838390693999827
CNV/74/029_CNV.tif,CNV-074,test,CNV,cnv,OS,.tif,0.0005203529726713896
CNV/74/030_CNV.tif,CNV-074,test,CNV,cnv,OS,.tif,0.0002864459529519081
CNV/75/000_Normal.tif,CNV-075,test,CNV,normal,OS,.tif,0.00039782404201105237
CNV/75/001_Normal.tif,CNV-075,test,CNV,normal,OS,.tif,0.00024885375751182437
CNV/75/002_Normal.tif,CNV-075,test,CNV,normal,OS,.tif,0.00025030545657500625
CNV/75/003_Normal.tif,CNV-075,test,CNV,normal,OS,.tif,0.0002835659252014011
CNV/75/004_Normal.tif,CNV-075,test,CNV,normal,OS,.tif,0.0002564931637607515
CNV/75/005_Normal.tif,CNV-075,test,CNV,normal,OS,.tif,0.00023727300867903978
CNV/75/006_Normal.tif,CNV-075,test,CNV,normal,OS,.tif,0.0002857839281205088
CNV/75/007_Normal.tif,CNV-075,test,CNV,normal,OS,.tif,0.0003380066773388535
CNV/75/008_Normal.tif,CNV-075,test,CNV,normal,OS,.tif,0.0005093754734843969
CNV/75/009_CNV.tif,CNV-075,test,CNV,cnv,OS,.tif,0.00019768797210417688
CNV/75/010_Drusen.tif,CNV-075,test,CNV,drusen,OS,.tif,0.0002867752918973565
CNV/75/011_CNV.tif,CNV-075,test,CNV,cnv,OS,.tif,0.00024757685605436563
CNV/75/012_CNV.tif,CNV-075,test,CNV,cnv,OS,.tif,0.0002643413608893752
CNV/75/013_CNV.tif,CNV-075,test,CNV,cnv,OS,.tif,0.0002868417650461197
CNV/75/014_CNV.tif,CNV-075,test,CNV,cnv,OS,.tif,0.0002296810271218419
CNV/75/015_CNV.tif,CNV-075,test,CNV,cnv,OS,.tif,0.0002323239459656179
CNV/75/016_CNV.tif,CNV-075,test,CNV,cnv,OS,.tif,0.0003058539004996419
CNV/75/017_CNV.tif,CNV-075,test,CNV,cnv,OS,.tif,0.00030862976564094424
CNV/75/018_CNV.tif,CNV-075,test,CNV,cnv,OS,.tif,0.00018252155859954655
CNV/75/019_CNV.tif,CNV-075,test,CNV,cnv,OS,.tif,0.00017101250705309212
CNV/75/020_Normal.tif,CNV-075,test,CNV,normal,OS,.tif,0.0002608522481750697
CNV/75/021_Normal.tif,CNV-075,test,CNV,normal,OS,.tif,0.0005036166403442621
CNV/75/022_Normal.tif,CNV-075,test,CNV,normal,OS,.tif,0.0003851870133075863
CNV/75/023_Drusen.tif,CNV-075,test,CNV,drusen,OS,.tif,0.00033642922062426805
CNV/75/024_Drusen.tif,CNV-075,test,CNV,drusen,OS,.tif,0.00045881455298513174
CNV/75/025_Drusen.tif,CNV-075,test,CNV,drusen,OS,.tif,0.00040442118188366294
CNV/75/026_Normal.tif,CNV-075,test,CNV,normal,OS,.tif,0.0003434595128055662
CNV/75/027_Drusen.tif,CNV-075,test,CNV,drusen,OS,.tif,0.0002928582835011184
CNV/75/028_Drusen.tif,CNV-075,test,CNV,drusen,OS,.tif,0.00022674562933389097
CNV/75/029_Normal.tif,CNV-075,test,CNV,normal,OS,.tif,0.0003833016089629382
CNV/75/030_Normal.tif,CNV-075,test,CNV,normal,OS,.tif,0.0003095665597356856
CNV/76/000_Normal.tif,CNV-076,test,CNV,normal,OS,.tif,0.00023750279797241092
CNV/76/001_Normal.tif,CNV-076,test,CNV,normal,OS,.tif,0.0004301545559428632
CNV/76/002_Normal.tif,CNV-076,test,CNV,normal,OS,.tif,0.00029838201589882374
CNV/76/003_Normal.tif,CNV-076,test,CNV,normal,OS,.tif,0.0005564466118812561
CNV/76/004_Normal.tif,CNV-076,test,CNV,normal,OS,.tif,0.00023324255016632378
CNV/76/005_Normal.tif,CNV-076,test,CNV,normal,OS,.tif,0.0003386220778338611
CNV/76/006_Normal.tif,CNV-076,test,CNV,normal,OS,.tif,0.0005427092546597123
CNV/76/007_CNV.tif,CNV-076,test,CNV,cnv,OS,.tif,0.00022552398149855435
CNV/76/008_CNV.tif,CNV-076,test,CNV,cnv,OS,.tif,0.0002710486587602645
CNV/76/009_CNV.tif,CNV-076,test,CNV,cnv,OS,.tif,0.00026896886993199587
CNV/76/010_CNV.tif,CNV-076,test,CNV,cnv,OS,.tif,0.0002541978610679507
CNV/76/011_CNV.tif,CNV-076,test,CNV,cnv,OS,.tif,0.00045820639934390783
CNV/76/012_CNV.tif,CNV-076,test,CNV,cnv,OS,.tif,0.0005883590201847255
CNV/76/013_CNV.tif,CNV-076,test,CNV,cnv,OS,.tif,0.0003437233390286565
CNV/76/014_CNV.tif,CNV-076,test,CNV,cnv,OS,.tif,0.0004026965470984578
CNV/76/015_CNV.tif,CNV-076,test,CNV,cnv,OS,.tif,0.00036642790655605495
CNV/76/016_CNV.tif,CNV-076,test,CNV,cnv,OS,.tif,0.0006114407442510128
CNV/76/017_CNV.tif,CNV-076,test,CNV,cnv,OS,.tif,0.0004749400250148028
CNV/76/018_CNV.tif,CNV-076,test,CNV,cnv,OS,.tif,0.0002881005057133734
CNV/76/019_CNV.tif,CNV-076,test,CNV,cnv,OS,.tif,0.000587021466344595
CNV/76/020_Drusen.tif,CNV-076,test,CNV,drusen,OS,.tif,0.0004510094877332449
CNV/76/021_Drusen.tif,CNV-076,test,CNV,drusen,OS,.tif,0.00036708300467580557
CNV/76/022_Normal.tif,CNV-076,test,CNV,normal,OS,.tif,0.00025103986263275146
CNV/76/023_Normal.tif,CNV-076,test,CNV,normal,OS,.tif,0.0002087119937641546
CNV/76/024_Normal.tif,CNV-076,test,CNV,normal,OS,.tif,0.0003171753487549722
CNV/76/025_Normal.tif,CNV-076,test,CNV,normal,OS,.tif,0.0002901831176131964
CNV/76/026_Normal.tif,CNV-076,test,CNV,normal,OS,.tif,0.00030470540514215827
CNV/76/027_Normal.tif,CNV-076,test,CNV,normal,OS,.tif,0.00047067797277122736
CNV/76/028_Normal.tif,CNV-076,test,CNV,normal,OS,.tif,0.00032739120069891214
CNV/76/029_Normal.tif,CNV-076,test,CNV,normal,OS,.tif,0.00027828995371237397
CNV/76/030_Normal.tif,CNV-076,test,CNV,normal,OS,.tif,0.00030448398320004344
CNV/77/000_Normal.tif,CNV-077,test,CNV,normal,OD,.tif,0.0002906112349592149
CNV/77/001_Normal.tif,CNV-077,test,CNV,normal,OD,.tif,0.0002477416128385812
CNV/77/002_Normal.tif,CNV-077,test,CNV,normal,OD,.tif,0.00022458232706412673
CNV/77/003_Normal.tif,CNV-077,test,CNV,normal,OD,.tif,0.0001874269510153681
CNV/77/004_Drusen.tif,CNV-077,test,CNV,drusen,OD,.tif,0.0001910357386805117
CNV/77/005_Drusen.tif,CNV-077,test,CNV,drusen,OD,.tif,0.0002193585387431085
CNV/77/006_Drusen.tif,CNV-077,test,CNV,drusen,OD,.tif,0.00016111177683342248
CNV/77/007_Drusen.tif,CNV-077,test,CNV,drusen,OD,.tif,0.00017187633784487844
CNV/77/008_Drusen.tif,CNV-077,test,CNV,drusen,OD,.tif,0.00018536148127168417
CNV/77/009_Drusen.tif,CNV-077,test,CNV,drusen,OD,.tif,0.00018912144878413528
CNV/77/010_Drusen.tif,CNV-077,test,CNV,drusen,OD,.tif,0.00019720851560123265
CNV/77/011_CNV.tif,CNV-077,test,CNV,cnv,OD,.tif,0.00027804356068372726
CNV/77/012_CNV.tif,CNV-077,test,CNV,cnv,OD,.tif,0.0002210628445027396
CNV/77/013_CNV.tif,CNV-077,test,CNV,cnv,OD,.tif,0.0002528272452764213
CNV/77/014_CNV.tif,CNV-077,test,CNV,cnv,OD,.tif,0.00021409384498838335
CNV/77/015_CNV.tif,CNV-077,test,CNV,cnv,OD,.tif,0.00016186102584470063
CNV/77/016_CNV.tif,CNV-077,test,CNV,cnv,OD,.tif,0.00031111834687180817
CNV/77/017_CNV.tif,CNV-077,test,CNV,cnv,OD,.tif,0.00024326254788320512
CNV/77/018_CNV.tif,CNV-077,test,CNV,cnv,OD,.tif,0.0002186400379287079
CNV/77/019_Drusen.tif,CNV-077,test,CNV,drusen,OD,.tif,0.00017835349717643112
CNV/77/020_Drusen.tif,CNV-077,test,CNV,drusen,OD,.tif,0.00018859838019125164
CNV/77/021_Drusen.tif,CNV-077,test,CNV,drusen,OD,.tif,0.00015890845679678023
CNV/77/022_Drusen.tif,CNV-077,test,CNV,drusen,OD,.tif,0.00025663484120741487
CNV/77/023_Drusen.tif,CNV-077,test,CNV,drusen,OD,.tif,0.00014399632345885038
CNV/77/024_Drusen.tif,CNV-077,test,CNV,drusen,OD,.tif,0.00018676187028177083
CNV/77/025_Drusen.tif,CNV-077,test,CNV,drusen,OD,.tif,0.00019431531836744398
CNV/77/026_Drusen.tif,CNV-077,test,CNV,drusen,OD,.tif,0.00021874732919968665
CNV/77/027_Drusen.tif,CNV-077,test,CNV,drusen,OD,.tif,0.00026215537218376994
CNV/77/028_Drusen.tif,CNV-077,test,CNV,drusen,OD,.tif,0.00019493623403832316
CNV/77/029_Drusen.tif,CNV-077,test,CNV,drusen,OD,.tif,0.0002628315123729408
CNV/77/030_Drusen.tif,CNV-077,test,CNV,drusen,OD,.tif,0.00027722050435841084
CNV/79/000_Normal.jpg,CNV-079,test,CNV,normal,OS,.jpg,0.0002379896614002064
CNV/79/001_Normal.jpg,CNV-079,test,CNV,normal,OS,.jpg,0.0002533087390474975
CNV/79/002_Normal.jpg,CNV-079,test,CNV,normal,OS,.jpg,0.0002684153150767088
CNV/79/003_Normal.jpg,CNV-079,test,CNV,normal,OS,.jpg,0.0002325931709492579
CNV/79/004_Normal.jpg,CNV-079,test,CNV,normal,OS,.jpg,0.0002431750763207674
CNV/79/005_Normal.jpg,CNV-079,test,CNV,normal,OS,.jpg,0.0002343641099287197
CNV/79/006_Drusen.jpg,CNV-079,test,CNV,drusen,OS,.jpg,0.0003070684033446014
CNV/79/007_Drusen.jpg,CNV-079,test,CNV,drusen,OS,.jpg,0.0002459741081111133
CNV/79/008_CNV.jpg,CNV-079,test,CNV,cnv,OS,.jpg,0.0003561213379725814
CNV/79/009_CNV.jpg,CNV-079,test,CNV,cnv,OS,.jpg,0.00030757556669414043
CNV/79/010_CNV.jpg,CNV-079,test,CNV,cnv,OS,.jpg,0.00021425620070658624
CNV/79/011_CNV.jpg,CNV-079,test,CNV,cnv,OS,.jpg,0.00022553870803676546
CNV/79/012_CNV.jpg,CNV-079,test,CNV,cnv,OS,.jpg,0.0003076184366364032
CNV/79/013_CNV.jpg,CNV-079,test,CNV,cnv,OS,.jpg,0.0002493180800229311
CNV/79/014_CNV.jpg,CNV-079,test,CNV,cnv,OS,.jpg,0.0003197218757122755
CNV/79/015_CNV.jpg,CNV-079,test,CNV,cnv,OS,.jpg,0.00022464198991656303
CNV/79/016_CNV.jpg,CNV-079,test,CNV,cnv,OS,.jpg,0.00020188964845146984
CNV/79/017_CNV.jpg,CNV-079,test,CNV,cnv,OS,.jpg,0.00023837186745367944
CNV/79/018_CNV.jpg,CNV-079,test,CNV,cnv,OS,.jpg,0.00040776797686703503
CNV/79/019_CNV.jpg,CNV-079,test,CNV,cnv,OS,.jpg,0.00021791763720102608
CNV/79/020_CNV.jpg,CNV-079,test,CNV,cnv,OS,.jpg,0.0002929457405116409
CNV/79/021_CNV.jpg,CNV-079,test,CNV,cnv,OS,.jpg,0.0002639463054947555
CNV/79/022_CNV.jpg,CNV-079,test,CNV,cnv,OS,.jpg,0.00032835567253641784
CNV/79/023_Drusen.jpg,CNV-079,test,CNV,drusen,OS,.jpg,0.00030734401661902666
CNV/79/024_Drusen.jpg,CNV-079,test,CNV,drusen,OS,.jpg,0.0002755221794359386
CNV/80/000_CNV.jpg,CNV-080,test,CNV,cnv,OS,.jpg,0.00023402298393193632
CNV/80/001_CNV.jpg,CNV-080,test,CNV,cnv,OS,.jpg,0.0002873810299206525
CNV/80/002_CNV.jpg,CNV-080,test,CNV,cnv,OS,.jpg,0.00047029752749949694
CNV/80/003_CNV.jpg,CNV-080,test,CNV,cnv,OS,.jpg,0.00019874198187608272
CNV/80/004_CNV.jpg,CNV-080,test,CNV,cnv,OS,.jpg,0.00032840343192219734
CNV/80/005_CNV.jpg,CNV-080,test,CNV,cnv,OS,.jpg,0.00026308896485716105
CNV/80/006_CNV.jpg,CNV-080,test,CNV,cnv,OS,.jpg,0.0003753633063752204
CNV/80/007_CNV.jpg,CNV-080,test,CNV,cnv,OS,.jpg,0.00031677226070314646
CNV/80/008_CNV.jpg,CNV-080,test,CNV,cnv,OS,.jpg,0.00030850438633933663
CNV/80/009_CNV.jpg,CNV-080,test,CNV,cnv,OS,.jpg,0.00040707210428081453
CNV/80/010_CNV.jpg,CNV-080,test,CNV,cnv,OS,.jpg,0.00035683243186213076
CNV/80/011_CNV.jpg,CNV-080,test,CNV,cnv,OS,.jpg,0.00042814842890948057
CNV/80/012_CNV.jpg,CNV-080,test,CNV,cnv,OS,.jpg,0.0004238271794747561
CNV/80/013_CNV.jpg,CNV-080,test,CNV,cnv,OS,.jpg,0.00042413087794557214
CNV/80/014_CNV.jpg,CNV-080,test,CNV,cnv,OS,.jpg,0.0006189658888615668
CNV/80/015_CNV.jpg,CNV-080,test,CNV,cnv,OS,.jpg,0.0005042460979893804
CNV/80/016_CNV.jpg,CNV-080,test,CNV,cnv,OS,.jpg,0.0003198223712388426
CNV/80/017_CNV.jpg,CNV-080,test,CNV,cnv,OS,.jpg,0.0003715447091963142
CNV/80/018_CNV.jpg,CNV-080,test,CNV,cnv,OS,.jpg,0.0003202183870598674
CNV/80/019_CNV.jpg,CNV-080,test,CNV,cnv,OS,.jpg,0.0005311342538334429
CNV/80/020_CNV.jpg,CNV-080,test,CNV,cnv,OS,.jpg,0.00031172437593340874
CNV/80/021_CNV.jpg,CNV-080,test,CNV,cnv,OS,.jpg,0.0002349928836338222
CNV/80/022_CNV.jpg,CNV-080,test,CNV,cnv,OS,.jpg,0.00038037323975004256
CNV/80/023_CNV.jpg,CNV-080,test,CNV,cnv,OS,.jpg,0.00036578025901690125
CNV/80/024_Drusen.jpg,CNV-080,test,CNV,drusen,OS,.jpg,0.00033512827940285206
CNV/80/025_Drusen.jpg,CNV-080,test,CNV,drusen,OS,.jpg,0.00033249781699851155
CNV/80/026_Normal.jpg,CNV-080,test,CNV,normal,OS,.jpg,0.00031551328720524907
CNV/80/027_Normal.jpg,CNV-080,test,CNV,normal,OS,.jpg,0.00026876720949076116
CNV/80/028_Normal.jpg,CNV-080,test,CNV,normal,OS,.jpg,0.0002788588753901422
CNV/80/029_Normal.jpg,CNV-080,test,CNV,normal,OS,.jpg,0.00031189178116619587
CNV/80/030_Normal.jpg,CNV-080,test,CNV,normal,OS,.jpg,0.0003267051069997251
CNV/81/000_CNV.tif,CNV-081,test,CNV,cnv,OD,.tif,0.000219700435991399
CNV/81/001_CNV.tif,CNV-081,test,CNV,cnv,OD,.tif,0.00028217938961461186
CNV/81/002_CNV.tif,CNV-081,test,CNV,cnv,OD,.tif,0.0003132335259579122
CNV/81/003_CNV.tif,CNV-081,test,CNV,cnv,OD,.tif,0.0004149530432187021
CNV/81/004_CNV.tif,CNV-081,test,CNV,cnv,OD,.tif,0.0004891525604762137
CNV/81/005_CNV.tif,CNV-081,test,CNV,cnv,OD,.tif,0.0004104066756553948
CNV/81/006_CNV.tif,CNV-081,test,CNV,cnv,OD,.tif,0.0006561590125784278
CNV/81/007_CNV.tif,CNV-081,test,CNV,cnv,OD,.tif,0.0003588578838389367
CNV/81/008_CNV.tif,CNV-081,test,CNV,cnv,OD,.tif,0.0003376555978320539
CNV/81/009_CNV.tif,CNV-081,test,CNV,cnv,OD,.tif,0.0003004309255629778
CNV/81/010_CNV.tif,CNV-081,test,CNV,cnv,OD,.tif,0.0004858881584368646
CNV/81/011_CNV.tif,CNV-081,test,CNV,cnv,OD,.tif,0.0004130923771299422
CNV/81/012_CNV.tif,CNV-081,test,CNV,cnv,OD,.tif,0.00043076759902760386
CNV/81/013_CNV.tif,CNV-081,test,CNV,cnv,OD,.tif,0.0003127599193248898
CNV/81/014_CNV.tif,CNV-081,test,CNV,cnv,OD,.tif,0.0004251047212164849
CNV/81/015_CNV.tif,CNV-081,test,CNV,cnv,OD,.tif,0.0004048631526529789
CNV/81/016_CNV.tif,CNV-081,test,CNV,cnv,OD,.tif,0.0005930306506343186
CNV/81/017_CNV.tif,CNV-081,test,CNV,cnv,OD,.tif,0.00030322090606205165
CNV/81/018_CNV.tif,CNV-081,test,CNV,cnv,OD,.tif,0.0004545282863546163
CNV/81/019_CNV.tif,CNV-081,test,CNV,cnv,OD,.tif,0.0003423139569349587
CNV/81/020_CNV.tif,CNV-081,test,CNV,cnv,OD,.tif,0.00037553865695372224
CNV/81/021_CNV.tif,CNV-081,test,CNV,cnv,OD,.tif,0.00033104149042628706
CNV/81/022_CNV.tif,CNV-081,test,CNV,cnv,OD,.tif,0.0005343424854800105
CNV/81/023_CNV.tif,CNV-081,test,CNV,cnv,OD,.tif,0.00029080730746500194
CNV/81/024_CNV.tif,CNV-081,test,CNV,cnv,OD,.tif,0.0003112160775344819
CNV/81/025_CNV.tif,CNV-081,test,CNV,cnv,OD,.tif,0.000259856809861958
CNV/81/026_CNV.tif,CNV-081,test,CNV,cnv,OD,.tif,0.0002972910297103226
CNV/81/027_Normal.tif,CNV-081,test,CNV,normal,OD,.tif,0.00035380004555918276
CNV/81/028_Normal.tif,CNV-081,test,CNV,normal,OD,.tif,0.0002211912942584604
CNV/81/029_Normal.tif,CNV-081,test,CNV,normal,OD,.tif,0.00024718575878068805
CNV/81/030_Normal.tif,CNV-081,test,CNV,normal,OD,.tif,0.00022034569701645523
CNV/83/000_Normal.jpg,CNV-083,test,CNV,normal,OS,.jpg,0.0003805643937084824
CNV/83/001_Normal.jpg,CNV-083,test,CNV,normal,OS,.jpg,0.0003192718722857535
CNV/83/002_CNV.jpg,CNV-083,test,CNV,cnv,OS,.jpg,0.00037239008815959096
CNV/83/003_CNV.jpg,CNV-083,test,CNV,cnv,OS,.jpg,0.0004042770597152412
CNV/83/004_CNV.jpg,CNV-083,test,CNV,cnv,OS,.jpg,0.0003450807125773281
CNV/83/005_CNV.jpg,CNV-083,test,CNV,cnv,OS,.jpg,0.0003680624649859965
CNV/83/006_CNV.jpg,CNV-083,test,CNV,cnv,OS,.jpg,0.0003060898743569851
CNV/83/007_CNV.jpg,CNV-083,test,CNV,cnv,OS,.jpg,0.0006111823604442179
CNV/83/008_CNV.jpg,CNV-083,test,CNV,cnv,OS,.jpg,0.0004274955135770142
CNV/83/009_CNV.jpg,CNV-083,test,CNV,cnv,OS,.jpg,0.0006725903367623687
CNV/83/010_CNV.jpg,CNV-083,test,CNV,cnv,OS,.jpg,0.0009042280726134777
CNV/83/011_CNV.jpg,CNV-083,test,CNV,cnv,OS,.jpg,0.0006955148419365287
CNV/83/012_CNV.jpg,CNV-083,test,CNV,cnv,OS,.jpg,0.0006430316716432571
CNV/83/013_CNV.jpg,CNV-083,test,CNV,cnv,OS,.jpg,0.0004924273234792054
CNV/83/014_CNV.jpg,CNV-083,test,CNV,cnv,OS,.jpg,0.0002894368371926248
CNV/83/015_CNV.jpg,CNV-083,test,CNV,cnv,OS,.jpg,0.0005022248951718211
CNV/83/016_CNV.jpg,CNV-083,test,CNV,cnv,OS,.jpg,0.0004335553094279021
CNV/83/017_CNV.jpg,CNV-083,test,CNV,cnv,OS,.jpg,0.0003643847885541618
CNV/83/018_CNV.jpg,CNV-083,test,CNV,cnv,OS,.jpg,0.0005990660283714533
CNV/83/019_CNV.jpg,CNV-083,test,CNV,cnv,OS,.jpg,0.0006035763653926551
CNV/83/020_CNV.jpg,CNV-083,test,CNV,cnv,OS,.jpg,0.0005065878503955901
CNV/83/021_CNV.jpg,CNV-083,test,CNV,cnv,OS,.jpg,0.0005654548294842243
CNV/83/022_CNV.jpg,CNV-083,test,CNV,cnv,OS,.jpg,0.0004990727757103741
CNV/83/023_CNV.jpg,CNV-083,test,CNV,cnv,OS,.jpg,0.0005682476912625134
CNV/83/024_CNV.jpg,CNV-083,test,CNV,cnv,OS,.jpg,0.00045261584455147386
CNV/84/000_CNV.jpg,CNV-084,test,CNV,cnv,OS,.jpg,0.0003054494154639542
CNV/84/001_CNV.jpg,CNV-084,test,CNV,cnv,OS,.jpg,0.0004263420996721834
CNV/84/002_CNV.jpg,CNV-084,test,CNV,cnv,OS,.jpg,0.00023444832186214626
CNV/84/003_CNV.jpg,CNV-084,test,CNV,cnv,OS,.jpg,0.00030705262906849384
CNV/84/004_CNV.jpg,CNV-084,test,CNV,cnv,OS,.jpg,0.00027988155488856137
CNV/84/005_CNV.jpg,CNV-084,test,CNV,cnv,OS,.jpg,0.0003678675275295973
CNV/84/006_CNV.jpg,CNV-084,test,CNV,cnv,OS,.jpg,0.00032325286883860826
CNV/84/007_CNV.jpg,CNV-084,test,CNV,cnv,OS,.jpg,0.00031436048448085785
CNV/84/008_CNV.jpg,CNV-084,test,CNV,cnv,OS,.jpg,0.0003045106423087418
CNV/84/009_CNV.jpg,CNV-084,test,CNV,cnv,OS,.jpg,0.0003331045154482126
CNV/84/010_CNV.jpg,CNV-084,test,CNV,cnv,OS,.jpg,0.0004342794418334961
CNV/84/011_CNV.jpg,CNV-084,test,CNV,cnv,OS,.jpg,0.0003893941466230899
CNV/84/012_CNV.jpg,CNV-084,test,CNV,cnv,OS,.jpg,0.0003053175169043243
CNV/84/013_CNV.jpg,CNV-084,test,CNV,cnv,OS,.jpg,0.0004601419495884329
CNV/84/014_CNV.jpg,CNV-084,test,CNV,cnv,OS,.jpg,0.0003713001497089863
CNV/84/015_CNV.jpg,CNV-084,test,CNV,cnv,OS,.jpg,0.0003890689986292273
CNV/84/016_CNV.jpg,CNV-084,test,CNV,cnv,OS,.jpg,0.00058437988627702
CNV/84/017_CNV.jpg,CNV-084,test,CNV,cnv,OS,.jpg,0.0005111000500619411
CNV/84/018_CNV.jpg,CNV-084,test,CNV,cnv,OS,.jpg,0.0002961655845865607
CNV/84/019_CNV.jpg,CNV-084,test,CNV,cnv,OS,.jpg,0.00027542022871784866
CNV/84/020_CNV.jpg,CNV-084,test,CNV,cnv,OS,.jpg,0.0003057207795791328
CNV/84/021_CNV.jpg,CNV-084,test,CNV,cnv,OS,.jpg,0.00034082989441230893
CNV/84/022_CNV.jpg,CNV-084,test,CNV,cnv,OS,.jpg,0.0002864110574591905
CNV/84/023_CNV.jpg,CNV-084,test,CNV,cnv,OS,.jpg,0.00031868269434198737
CNV/84/024_CNV.jpg,CNV-084,test,CNV,cnv,OS,.jpg,0.00024894424132071435
CNV/84/025_CNV.jpg,CNV-084,test,CNV,cnv,OS,.jpg,0.00030265492387115955
CNV/84/026_CNV.jpg,CNV-084,test,CNV,cnv,OS,.jpg,0.0002307772811036557
CNV/84/027_CNV.jpg,CNV-084,test,CNV,cnv,OS,.jpg,0.0003296381328254938
CNV/84/028_CNV.jpg,CNV-084,test,CNV,cnv,OS,.jpg,0.00048594275722280145
CNV/84/029_CNV.jpg,CNV-084,test,CNV,cnv,OS,.jpg,0.00034119957126677036
CNV/84/030_CNV.jpg,CNV-084,test,CNV,cnv,OS,.jpg,0.00041958241490647197
CNV/85/000_Drusen.jpg,CNV-085,test,CNV,drusen,OS,.jpg,0.00024721832596696913
CNV/85/001_Drusen.jpg,CNV-085,test,CNV,drusen,OS,.jpg,0.0003107048396486789
CNV/85/002_Drusen.jpg,CNV-085,test,CNV,drusen,OS,.jpg,0.0002799831563606858
CNV/85/003_Drusen.jpg,CNV-085,test,CNV,drusen,OS,.jpg,0.0003220202343072742
CNV/85/004_Drusen.jpg,CNV-085,test,CNV,drusen,OS,.jpg,0.0003144904621876776
CNV/85/005_Drusen.jpg,CNV-085,test,CNV,drusen,OS,.jpg,0.00035497097996994853
CNV/85/006_Drusen.jpg,CNV-085,test,CNV,drusen,OS,.jpg,0.0003080741735175252
CNV/85/007_Drusen.jpg,CNV-085,test,CNV,drusen,OS,.jpg,0.0004452774301171303
CNV/85/008_Drusen.jpg,CNV-085,test,CNV,drusen,OS,.jpg,0.0002846307761501521
CNV/85/009_Drusen.jpg,CNV-085,test,CNV,drusen,OS,.jpg,0.0003466426860541105
CNV/85/010_Drusen.jpg,CNV-085,test,CNV,drusen,OS,.jpg,0.0003244762774556875
CNV/85/011_CNV.jpg,CNV-085,test,CNV,cnv,OS,.jpg,0.0004029108094982803
CNV/85/012_CNV.jpg,CNV-085,test,CNV,cnv,OS,.jpg,0.000317262951284647
CNV/85/013_CNV.jpg,CNV-085,test,CNV,cnv,OS,.jpg,0.0005762504879385233
CNV/85/014_CNV.jpg,CNV-085,test,CNV,cnv,OS,.jpg,0.00036362692480906844
CNV/85/015_CNV.jpg,CNV-085,test,CNV,cnv,OS,.jpg,0.0003187900292687118
CNV/85/016_CNV.jpg,CNV-085,test,CNV,cnv,OS,.jpg,0.00025581708177924156
CNV/85/017_CNV.jpg,CNV-085,test,CNV,cnv,OS,.jpg,0.00015827063180040568
CNV/85/018_CNV.jpg,CNV-085,test,CNV,cnv,OS,.jpg,0.00019012749544344842
CNV/85/019_CNV.jpg,CNV-085,test,CNV,cnv,OS,.jpg,0.00017069352907128632
CNV/85/020_CNV.jpg,CNV-085,test,CNV,cnv,OS,.jpg,0.00026064211851917207
CNV/85/021_CNV.jpg,CNV-085,test,CNV,cnv,OS,.jpg,0.000732621003407985
CNV/85/022_CNV.jpg,CNV-085,test,CNV,cnv,OS,.jpg,0.0005433977348729968
CNV/85/023_Drusen.jpg,CNV-085,test,CNV,drusen,OS,.jpg,0.00044578383676707745
CNV/85/024_Drusen.jpg,CNV-085,test,CNV,drusen,OS,.jpg,0.0005039196694269776
CNV/85/025_Drusen.jpg,CNV-085,test,CNV,drusen,OS,.jpg,0.0004298354033380747
CNV/85/026_Drusen.jpg,CNV-085,test,CNV,drusen,OS,.jpg,0.0005331877036951482
CNV/85/027_Drusen.jpg,CNV-085,test,CNV,drusen,OS,.jpg,0.0003688944270834327
CNV/85/028_Drusen.jpg,CNV-085,test,CNV,drusen,OS,.jpg,0.0004952196613885462
CNV/85/029_Drusen.jpg,CNV-085,test,CNV,drusen,OS,.jpg,0.00029367816750891507
CNV/85/030_Drusen.jpg,CNV-085,test,CNV,drusen,OS,.jpg,0.00031195167684927583
CNV/87/000_Normal.tif,CNV-087,test,CNV,normal,OD,.tif,0.00025774913956411183
CNV/87/001_Normal.tif,CNV-087,test,CNV,normal,OD,.tif,0.0002820446388795972
CNV/87/002_Normal.tif,CNV-087,test,CNV,normal,OD,.tif,0.00021194363944232464
CNV/87/003_Normal.tif,CNV-087,test,CNV,normal,OD,.tif,0.00045437400694936514
CNV/87/004_Normal.tif,CNV-087,test,CNV,normal,OD,.tif,0.00022817589342594147
CNV/87/005_Normal.tif,CNV-087,test,CNV,normal,OD,.tif,0.00025045202346518636
CNV/87/006_Normal.tif,CNV-087,test,CNV,normal,OD,.tif,0.0002296220773132518
CNV/87/007_Normal.tif,CNV-087,test,CNV,normal,OD,.tif,0.000267698778770864
CNV/87/008_Normal.tif,CNV-087,test,CNV,normal,OD,.tif,0.0004304304311517626
CNV/87/009_Normal.tif,CNV-087,test,CNV,normal,OD,.tif,0.00029577669920399785
CNV/87/010_CNV.tif,CNV-087,test,CNV,cnv,OD,.tif,0.00019588401482906193
CNV/87/011_CNV.tif,CNV-087,test,CNV,cnv,OD,.tif,0.00025454870774410665
CNV/87/012_CNV.tif,CNV-087,test,CNV,cnv,OD,.tif,0.0003760311519727111
CNV/87/013_CNV.tif,CNV-087,test,CNV,cnv,OD,.tif,0.0003033164539374411
CNV/87/014_CNV.tif,CNV-087,test,CNV,cnv,OD,.tif,0.00033413025084882975
CNV/87/015_CNV.tif,CNV-087,test,CNV,cnv,OD,.tif,0.0002375358308199793
CNV/87/016_CNV.tif,CNV-087,test,CNV,cnv,OD,.tif,0.00034785925527103245
CNV/87/017_CNV.tif,CNV-087,test,CNV,cnv,OD,.tif,0.00020296216825954616
CNV/87/018_CNV.tif,CNV-087,test,CNV,cnv,OD,.tif,0.00024653464788571
CNV/87/019_CNV.tif,CNV-087,test,CNV,cnv,OD,.tif,0.0002510991180315614
CNV/87/020_Drusen.tif,CNV-087,test,CNV,drusen,OD,.tif,0.0001861071796156466
CNV/87/021_Drusen.tif,CNV-087,test,CNV,drusen,OD,.tif,0.00018453909433446825
CNV/87/022_Normal.tif,CNV-087,test,CNV,normal,OD,.tif,0.00021509556972887367
CNV/87/023_Normal.tif,CNV-087,test,CNV,normal,OD,.tif,0.00021622613712679595
CNV/87/024_Normal.tif,CNV-087,test,CNV,normal,OD,.tif,0.0002658504818100482
CNV/87/025_Normal.tif,CNV-087,test,CNV,normal,OD,.tif,0.0002496210508979857
CNV/87/026_Normal.tif,CNV-087,test,CNV,normal,OD,.tif,0.00019391511159483343
CNV/87/027_Normal.tif,CNV-087,test,CNV,normal,OD,.tif,0.000294286641292274
CNV/87/028_Normal.tif,CNV-087,test,CNV,normal,OD,.tif,0.0002720570773817599
CNV/87/029_Normal.tif,CNV-087,test,CNV,normal,OD,.tif,0.0003133749996777624
CNV/87/030_Normal.tif,CNV-087,test,CNV,normal,OD,.tif,0.0003009184147231281
CNV/88/000_Drusen.jpg,CNV-088,test,CNV,drusen,OD,.jpg,0.0002462026022840291
CNV/88/001_Drusen.jpg,CNV-088,test,CNV,drusen,OD,.jpg,0.0002134343230864033
CNV/88/002_Drusen.jpg,CNV-088,test,CNV,drusen,OD,.jpg,0.00023060305102262646
CNV/88/003_Drusen.jpg,CNV-088,test,CNV,drusen,OD,.jpg,0.00020069142919965088
CNV/88/004_CNV.jpg,CNV-088,test,CNV,cnv,OD,.jpg,0.00031641521491110325
CNV/88/005_CNV.jpg,CNV-088,test,CNV,cnv,OD,.jpg,0.00019946679822169244
CNV/88/006_CNV.jpg,CNV-088,test,CNV,cnv,OD,.jpg,0.00022325740428641438
CNV/88/007_CNV.jpg,CNV-088,test,CNV,cnv,OD,.jpg,0.00023060648527462035
CNV/88/008_CNV.jpg,CNV-088,test,CNV,cnv,OD,.jpg,0.0003372693026904017
CNV/88/009_CNV.jpg,CNV-088,test,CNV,cnv,OD,.jpg,0.00028872370603494346
CNV/88/010_CNV.jpg,CNV-088,test,CNV,cnv,OD,.jpg,0.0002657087752595544
CNV/88/011_CNV.jpg,CNV-088,test,CNV,cnv,OD,.jpg,0.00020924367709085345
CNV/88/012_CNV.jpg,CNV-088,test,CNV,cnv,OD,.jpg,0.00027291555306874216
CNV/88/013_CNV.jpg,CNV-088,test,CNV,cnv,OD,.jpg,0.0004137131618335843
CNV/88/014_CNV.jpg,CNV-088,test,CNV,cnv,OD,.jpg,0.00044199309195391834
CNV/88/015_CNV.jpg,CNV-088,test,CNV,cnv,OD,.jpg,0.00035496187047101557
CNV/88/016_CNV.jpg,CNV-088,test,CNV,cnv,OD,.jpg,0.00019165230332873762
CNV/88/017_CNV.jpg,CNV-088,test,CNV,cnv,OD,.jpg,0.00020905787823721766
CNV/88/018_CNV.jpg,CNV-088,test,CNV,cnv,OD,.jpg,0.00024443099391646683
CNV/88/019_CNV.jpg,CNV-088,test,CNV,cnv,OD,.jpg,0.0002114766393788159
CNV/88/020_CNV.jpg,CNV-088,test,CNV,cnv,OD,.jpg,0.00023063895059749484
CNV/88/021_Drusen.jpg,CNV-088,test,CNV,drusen,OD,.jpg,0.00022342093870975077
CNV/88/022_Drusen.jpg,CNV-088,test,CNV,drusen,OD,.jpg,0.00023165535822045058
CNV/88/023_Drusen.jpg,CNV-088,test,CNV,drusen,OD,.jpg,0.00018638517940416932
CNV/88/024_Drusen.jpg,CNV-088,test,CNV,drusen,OD,.jpg,0.0002759646449703723
CNV/89/000_Drusen.tif,CNV-089,test,CNV,drusen,OD,.tif,0.0004245146701578051
CNV/89/001_Drusen.tif,CNV-089,test,CNV,drusen,OD,.tif,0.00032608621404506266
CNV/89/002_Drusen.tif,CNV-089,test,CNV,drusen,OD,.tif,0.0002897914673667401
CNV/89/003_Drusen.tif,CNV-089,test,CNV,drusen,OD,.tif,0.00019192855688743293
CNV/89/004_Drusen.tif,CNV-089,test,CNV,drusen,OD,.tif,0.0002455225621815771
CNV/89/005_Drusen.tif,CNV-089,test,CNV,drusen,OD,.tif,0.00020011251035612077
CNV/89/006_Drusen.tif,CNV-089,test,CNV,drusen,OD,.tif,0.00022404514311347157
CNV/89/007_Drusen.tif,CNV-089,test,CNV,drusen,OD,.tif,0.00044528115540742874
CNV/89/008_Drusen.tif,CNV-089,test,CNV,drusen,OD,.tif,0.0003598941257223487
CNV/89/009_CNV.tif,CNV-089,test,CNV,cnv,OD,.tif,0.0003066404315177351
CNV/89/010_CNV.tif,CNV-089,test,CNV,cnv,OD,.tif,0.0002934844815172255
CNV/89/011_CNV.tif,CNV-089,test,CNV,cnv,OD,.tif,0.0003757411614060402
CNV/89/012_CNV.tif,CNV-089,test,CNV,cnv,OD,.tif,0.0003339744289405644
CNV/89/013_CNV.tif,CNV-089,test,CNV,cnv,OD,.tif,0.00041342226904816926
CNV/89/014_CNV.tif,CNV-089,test,CNV,cnv,OD,.tif,0.0003459573199506849
CNV/89/015_CNV.tif,CNV-089,test,CNV,cnv,OD,.tif,0.0004338201251812279
CNV/89/016_CNV.tif,CNV-089,test,CNV,cnv,OD,.tif,0.00044360687024891376
CNV/89/017_CNV.tif,CNV-089,test,CNV,cnv,OD,.tif,0.000515960156917572
CNV/89/018_CNV.tif,CNV-089,test,CNV,cnv,OD,.tif,0.0002765820827335119
CNV/89/019_CNV.tif,CNV-089,test,CNV,cnv,OD,.tif,0.00027060514548793435
CNV/89/020_CNV.tif,CNV-089,test,CNV,cnv,OD,.tif,0.0003079853777308017
CNV/89/021_CNV.tif,CNV-089,test,CNV,cnv,OD,.tif,0.0003524798958096653
CNV/89/022_CNV.tif,CNV-089,test,CNV,cnv,OD,.tif,0.00032588117755949497
CNV/89/023_Drusen.tif,CNV-089,test,CNV,drusen,OD,.tif,0.0003552357666194439
CNV/89/024_Drusen.tif,CNV-089,test,CNV,drusen,OD,.tif,0.00033677974715828896
CNV/89/025_Drusen.tif,CNV-089,test,CNV,drusen,OD,.tif,0.00043397932313382626
CNV/89/026_Drusen.tif,CNV-089,test,CNV,drusen,OD,.tif,0.0003071245737373829
CNV/89/027_Drusen.tif,CNV-089,test,CNV,drusen,OD,.tif,0.0002916043740697205
CNV/89/028_Drusen.tif,CNV-089,test,CNV,drusen,OD,.tif,0.0002647381043061614
CNV/89/029_Drusen.tif,CNV-089,test,CNV,drusen,OD,.tif,0.0003768726601265371
CNV/89/030_Drusen.tif,CNV-089,test,CNV,drusen,OD,.tif,0.0003675479383673519
CNV/90/000_Normal.tif,CNV-090,test,CNV,normal,OS,.tif,0.00040787539910525084
CNV/90/001_Normal.tif,CNV-090,test,CNV,normal,OS,.tif,0.00029004583484493196
CNV/90/002_CNV.tif,CNV-090,test,CNV,cnv,OS,.tif,0.0003504571213852614
CNV/90/003_CNV.tif,CNV-090,test,CNV,cnv,OS,.tif,0.0003979494795203209
CNV/90/004_CNV.tif,CNV-090,test,CNV,cnv,OS,.tif,0.00030668775434605777
CNV/90/005_CNV.tif,CNV-090,test,CNV,cnv,OS,.tif,0.00035838125040754676
CNV/90/006_CNV.tif,CNV-090,test,CNV,cnv,OS,.tif,0.00024574005510658026
CNV/90/007_CNV.tif,CNV-090,test,CNV,cnv,OS,.tif,0.00033624962088651955
CNV/90/008_CNV.tif,CNV-090,test,CNV,cnv,OS,.tif,0.0002747563412413001
CNV/90/009_CNV.tif,CNV-090,test,CNV,cnv,OS,.tif,0.0003960115718655288
CNV/90/010_CNV.tif,CNV-090,test,CNV,cnv,OS,.tif,0.00038362486520782113
CNV/90/011_CNV.tif,CNV-090,test,CNV,cnv,OS,.tif,0.00034001749008893967
CNV/90/012_CNV.tif,CNV-090,test,CNV,cnv,OS,.tif,0.0003394923696760088
CNV/90/013_CNV.tif,CNV-090,test,CNV,cnv,OS,.tif,0.0002892377960961312
CNV/90/014_CNV.tif,CNV-090,test,CNV,cnv,OS,.tif,0.0002785258402582258
CNV/90/015_CNV.tif,CNV-090,test,CNV,cnv,OS,.tif,0.00028804095927625895
CNV/90/016_CNV.tif,CNV-090,test,CNV,cnv,OS,.tif,0.00029596491367556155
CNV/90/017_CNV.tif,CNV-090,test,CNV,cnv,OS,.tif,0.00025975919561460614
CNV/90/018_CNV.tif,CNV-090,test,CNV,cnv,OS,.tif,0.00029104563873261213
CNV/90/019_CNV.tif,CNV-090,test,CNV,cnv,OS,.tif,0.000356773060047999
CNV/90/020_CNV.tif,CNV-090,test,CNV,cnv,OS,.tif,0.00027231243439018726
CNV/90/021_CNV.tif,CNV-090,test,CNV,cnv,OS,.tif,0.00020684472110588104
CNV/90/022_Drusen.tif,CNV-090,test,CNV,drusen,OS,.tif,0.0002922876155935228
CNV/90/023_Drusen.tif,CNV-090,test,CNV,drusen,OS,.tif,0.00027100040460936725
CNV/90/024_Drusen.tif,CNV-090,test,CNV,drusen,OS,.tif,0.0002860896638594568
CNV/90/025_Drusen.tif,CNV-090,test,CNV,drusen,OS,.tif,0.00021536622080020607
CNV/90/026_Normal.tif,CNV-090,test,CNV,normal,OS,.tif,0.0002360493381274864
CNV/90/027_Normal.tif,CNV-090,test,CNV,normal,OS,.tif,0.000331626069964841
CNV/90/028_Normal.tif,CNV-090,test,CNV,normal,OS,.tif,0.0001864590449258685
CNV/90/029_Normal.tif,CNV-090,test,CNV,normal,OS,.tif,0.0002931238850578666
CNV/90/030_Normal.tif,CNV-090,test,CNV,normal,OS,.tif,0.00027598312590271235
CNV/91/000_Normal.tif,CNV-091,test,CNV,normal,OS,.tif,0.00026026665000244975
CNV/91/001_Normal.tif,CNV-091,test,CNV,normal,OS,.tif,0.00023660127772018313
CNV/91/002_Normal.tif,CNV-091,test,CNV,normal,OS,.tif,0.0001893988373922184
CNV/91/003_Normal.tif,CNV-091,test,CNV,normal,OS,.tif,0.00022527301916852593
CNV/91/004_Normal.tif,CNV-091,test,CNV,normal,OS,.tif,0.0002801333903335035
CNV/91/005_Normal.tif,CNV-091,test,CNV,normal,OS,.tif,0.00020872574532404542
CNV/91/006_Normal.tif,CNV-091,test,CNV,normal,OS,.tif,0.0002637218567542732
CNV/91/007_Drusen.tif,CNV-091,test,CNV,drusen,OS,.tif,0.0002881165128201246
CNV/91/008_Drusen.tif,CNV-091,test,CNV,drusen,OS,.tif,0.000277815037406981
CNV/91/009_CNV.tif,CNV-091,test,CNV,cnv,OS,.tif,0.00023165538732428104
CNV/91/010_CNV.tif,CNV-091,test,CNV,cnv,OS,.tif,0.0002066902379738167
CNV/91/011_CNV.tif,CNV-091,test,CNV,cnv,OS,.tif,0.0002705059596337378
CNV/91/012_CNV.tif,CNV-091,test,CNV,cnv,OS,.tif,0.0002798287896439433
CNV/91/013_CNV.tif,CNV-091,test,CNV,cnv,OS,.tif,0.00032445392571389675
CNV/91/014_CNV.tif,CNV-091,test,CNV,cnv,OS,.tif,0.00025796605041250587
CNV/91/015_CNV.tif,CNV-091,test,CNV,cnv,OS,.tif,0.0004354095726739615
CNV/91/016_CNV.tif,CNV-091,test,CNV,cnv,OS,.tif,0.0006347206654027104
CNV/91/017_CNV.tif,CNV-091,test,CNV,cnv,OS,.tif,0.0005314094014465809
CNV/91/018_CNV.tif,CNV-091,test,CNV,cnv,OS,.tif,0.00036485629971139133
CNV/91/019_CNV.tif,CNV-091,test,CNV,cnv,OS,.tif,0.00028745917370542884
CNV/91/020_CNV.tif,CNV-091,test,CNV,cnv,OS,.tif,0.00034252970363013446
CNV/91/021_CNV.tif,CNV-091,test,CNV,cnv,OS,.tif,0.0002917780075222254
CNV/91/022_CNV.tif,CNV-091,test,CNV,cnv,OS,.tif,0.0002902554115280509
CNV/91/023_CNV.tif,CNV-091,test,CNV,cnv,OS,.tif,0.00025642086984589696
CNV/91/024_CNV.tif,CNV-091,test,CNV,cnv,OS,.tif,0.0002689594984985888
CNV/91/025_CNV.tif,CNV-091,test,CNV,cnv,OS,.tif,0.0004035917518194765
CNV/91/026_CNV.tif,CNV-091,test,CNV,cnv,OS,.tif,0.00034133868757635355
CNV/91/027_Drusen.tif,CNV-091,test,CNV,drusen,OS,.tif,0.0002813419559970498
CNV/91/028_Drusen.tif,CNV-091,test,CNV,drusen,OS,.tif,0.00040950963739305735
CNV/91/029_Drusen.tif,CNV-091,test,CNV,drusen,OS,.tif,0.0003891039523296058
CNV/91/030_Drusen.tif,CNV-091,test,CNV,drusen,OS,.tif,0.00034464203054085374
CNV/92/000_Normal.tif,CNV-092,test,CNV,normal,OS,.tif,0.00025340946740470827
CNV/92/001_Normal.tif,CNV-092,test,CNV,normal,OS,.tif,0.00031856884015724063
CNV/92/002_Normal.tif,CNV-092,test,CNV,normal,OS,.tif,0.00017545849550515413
CNV/92/003_Normal.tif,CNV-092,test,CNV,normal,OS,.tif,0.00024567614309489727
CNV/92/004_CNV.tif,CNV-092,test,CNV,cnv,OS,.tif,0.0003214961034245789
CNV/92/005_CNV.tif,CNV-092,test,CNV,cnv,OS,.tif,0.0002921716950368136
CNV/92/006_CNV.tif,CNV-092,test,CNV,cnv,OS,.tif,0.0003653857856988907
CNV/92/007_CNV.tif,CNV-092,test,CNV,cnv,OS,.tif,0.0006464396137744188
CNV/92/008_CNV.tif,CNV-092,test,CNV,cnv,OS,.tif,0.0002779928036034107
CNV/92/009_CNV.tif,CNV-092,test,CNV,cnv,OS,.tif,0.0003043122123926878
CNV/92/010_CNV.tif,CNV-092,test,CNV,cnv,OS,.tif,0.0003145492519252002
CNV/92/011_CNV.tif,CNV-092,test,CNV,cnv,OS,.tif,0.0004473545413929969
CNV/92/012_CNV.tif,CNV-092,test,CNV,cnv,OS,.tif,0.00041337189031764865
CNV/92/013_CNV.tif,CNV-092,test,CNV,cnv,OS,.tif,0.0003733940829988569
CNV/92/014_CNV.tif,CNV-092,test,CNV,cnv,OS,.tif,0.0005637030117213726
CNV/92/015_CNV.tif,CNV-092,test,CNV,cnv,OS,.tif,0.00028654356719926
CNV/92/016_CNV.tif,CNV-092,test,CNV,cnv,OS,.tif,0.0006514539709314704
CNV/92/017_CNV.tif,CNV-092,test,CNV,cnv,OS,.tif,0.0003160156775265932
CNV/92/018_CNV.tif,CNV-092,test,CNV,cnv,OS,.tif,0.0003636868204921484
CNV/92/019_CNV.tif,CNV-092,test,CNV,cnv,OS,.tif,0.00040438183350488544
CNV/92/020_CNV.tif,CNV-092,test,CNV,cnv,OS,.tif,0.0002673500566743314
CNV/92/021_CNV.tif,CNV-092,test,CNV,cnv,OS,.tif,0.0003186874673701823
CNV/92/022_Drusen.tif,CNV-092,test,CNV,drusen,OS,.tif,0.0002996650291606784
CNV/92/023_Drusen.tif,CNV-092,test,CNV,drusen,OS,.tif,0.000369923043763265
CNV/92/024_Normal.tif,CNV-092,test,CNV,normal,OS,.tif,0.0003357025852892548
CNV/92/025_Normal.tif,CNV-092,test,CNV,normal,OS,.tif,0.0004052598378621042
CNV/92/026_Normal.tif,CNV-092,test,CNV,normal,OS,.tif,0.0006853536469861865
CNV/92/027_Normal.tif,CNV-092,test,CNV,normal,OS,.tif,0.0004344440530985594
CNV/92/028_Normal.tif,CNV-092,test,CNV,normal,OS,.tif,0.0003201306099072099
CNV/92/029_Normal.tif,CNV-092,test,CNV,normal,OS,.tif,0.0004504959797486663
CNV/92/030_Normal.tif,CNV-092,test,CNV,normal,OS,.tif,0.00039778961217962205
CNV/95/000_CNV.tif,CNV-095,test,CNV,cnv,OS,.tif,0.0005163121968507767
CNV/95/001_CNV.tif,CNV-095,test,CNV,cnv,OS,.tif,0.00029561735573224723
CNV/95/002_CNV.tif,CNV-095,test,CNV,cnv,OS,.tif,0.0003900814917869866
CNV/95/003_CNV.tif,CNV-095,test,CNV,cnv,OS,.tif,0.00034152151783928275
CNV/95/004_CNV.tif,CNV-095,test,CNV,cnv,OS,.tif,0.00035358458990231156
CNV/95/005_CNV.tif,CNV-095,test,CNV,cnv,OS,.tif,0.00035214959643781185
CNV/95/006_CNV.tif,CNV-095,test,CNV,cnv,OS,.tif,0.00038048491114750504
CNV/95/007_CNV.tif,CNV-095,test,CNV,cnv,OS,.tif,0.0003299607487861067
CNV/95/008_CNV.tif,CNV-095,test,CNV,cnv,OS,.tif,0.00024626939557492733
CNV/95/009_CNV.tif,CNV-095,test,CNV,cnv,OS,.tif,0.00024262897204607725
CNV/95/010_CNV.tif,CNV-095,test,CNV,cnv,OS,.tif,0.0003898685681633651
CNV/95/011_CNV.tif,CNV-095,test,CNV,cnv,OS,.tif,0.00028633198235183954
CNV/95/012_CNV.tif,CNV-095,test,CNV,cnv,OS,.tif,0.000457212096080184
CNV/95/013_CNV.tif,CNV-095,test,CNV,cnv,OS,.tif,0.00037423131288960576
CNV/95/014_CNV.tif,CNV-095,test,CNV,cnv,OS,.tif,0.000312750693410635
CNV/95/015_CNV.tif,CNV-095,test,CNV,cnv,OS,.tif,0.000427062448579818
CNV/95/016_CNV.tif,CNV-095,test,CNV,cnv,OS,.tif,0.00024921505246311426
CNV/95/017_CNV.tif,CNV-095,test,CNV,cnv,OS,.tif,0.0003026161575689912
CNV/95/018_CNV.tif,CNV-095,test,CNV,cnv,OS,.tif,0.0004391228430904448
CNV/95/019_CNV.tif,CNV-095,test,CNV,cnv,OS,.tif,0.00034210647572763264
CNV/95/020_CNV.tif,CNV-095,test,CNV,cnv,OS,.tif,0.0003264224505983293
CNV/95/021_CNV.tif,CNV-095,test,CNV,cnv,OS,.tif,0.00046099291648715734
CNV/95/022_CNV.tif,CNV-095,test,CNV,cnv,OS,.tif,0.00030772085301578045
CNV/95/023_CNV.tif,CNV-095,test,CNV,cnv,OS,.tif,0.00029005450778640807
CNV/95/024_CNV.tif,CNV-095,test,CNV,cnv,OS,.tif,0.0002685788203962147
CNV/96/OD/000_Normal.tif,CNV-096,test,CNV,normal,OD,.tif,0.0002911211340688169
CNV/96/OD/001_Normal.tif,CNV-096,test,CNV,normal,OD,.tif,0.00028499113977886736
CNV/96/OD/002_Normal.tif,CNV-096,test,CNV,normal,OD,.tif,0.0002800780348479748
CNV/96/OD/003_Normal.tif,CNV-096,test,CNV,normal,OD,.tif,0.0002994563546963036
CNV/96/OD/004_Normal.tif,CNV-096,test,CNV,normal,OD,.tif,0.0003135411534458399
CNV/96/OD/005_CNV.tif,CNV-096,test,CNV,cnv,OD,.tif,0.0002875319041777402
CNV/96/OD/006_CNV.tif,CNV-096,test,CNV,cnv,OD,.tif,0.0003826225292868912
CNV/96/OD/007_CNV.tif,CNV-096,test,CNV,cnv,OD,.tif,0.0002860825043171644
CNV/96/OD/008_CNV.tif,CNV-096,test,CNV,cnv,OD,.tif,0.0003073152620345354
CNV/96/OD/009_CNV.tif,CNV-096,test,CNV,cnv,OD,.tif,0.0002169199869967997
CNV/96/OD/010_CNV.tif,CNV-096,test,CNV,cnv,OD,.tif,0.00025589746655896306
CNV/96/OD/011_CNV.tif,CNV-096,test,CNV,cnv,OD,.tif,0.00028938602190464735
CNV/96/OD/012_CNV.tif,CNV-096,test,CNV,cnv,OD,.tif,0.00036832827026955783
CNV/96/OD/013_CNV.tif,CNV-096,test,CNV,cnv,OD,.tif,0.0002835484337992966
CNV/96/OD/014_CNV.tif,CNV-096,test,CNV,cnv,OD,.tif,0.00031735425000078976
CNV/96/OD/015_CNV.tif,CNV-096,test,CNV,cnv,OD,.tif,0.00034790794597938657
CNV/96/OD/016_CNV.tif,CNV-096,test,CNV,cnv,OD,.tif,0.0006017786217853427
CNV/96/OD/017_CNV.tif,CNV-096,test,CNV,cnv,OD,.tif,0.00028055053553543985
CNV/96/OD/018_CNV.tif,CNV-096,test,CNV,cnv,OD,.tif,0.00035783214843831956
CNV/96/OD/019_CNV.tif,CNV-096,test,CNV,cnv,OD,.tif,0.00032088832813315094
CNV/96/OD/020_CNV.tif,CNV-096,test,CNV,cnv,OD,.tif,0.0002930175687652081
CNV/96/OD/021_CNV.tif,CNV-096,test,CNV,cnv,OD,.tif,0.0003143599024042487
CNV/96/OD/022_CNV.tif,CNV-096,test,CNV,cnv,OD,.tif,0.00027496443362906575
CNV/96/OD/023_CNV.tif,CNV-096,test,CNV,cnv,OD,.tif,0.0002984550083056092
CNV/96/OD/024_CNV.tif,CNV-096,test,CNV,cnv,OD,.tif,0.00026772799901664257
CNV/96/OD/025_CNV.tif,CNV-096,test,CNV,cnv,OD,.tif,0.0003220458165742457
CNV/96/OD/026_CNV.tif,CNV-096,test,CNV,cnv,OD,.tif,0.0004349086375441402
CNV/96/OD/027_CNV.tif,CNV-096,test,CNV,cnv,OD,.tif,0.000294342142296955
CNV/96/OD/028_CNV.tif,CNV-096,test,CNV,cnv,OD,.tif,0.00021236870088614523
CNV/96/OD/029_CNV.tif,CNV-096,test,CNV,cnv,OD,.tif,0.00025117630138993263
CNV/96/OD/030_Normal.tif,CNV-096,test,CNV,normal,OD,.tif,0.0002556558174546808
CNV/96/OS/000_Drusen.tif,CNV-096,test,CNV,drusen,OS,.tif,0.0003035804256796837
CNV/96/OS/001_Drusen.tif,CNV-096,test,CNV,drusen,OS,.tif,0.0002616315323393792
CNV/96/OS/002_Normal.tif,CNV-096,test,CNV,normal,OS,.tif,0.0002854412596207112
CNV/96/OS/003_Normal.tif,CNV-096,test,CNV,normal,OS,.tif,0.00033927959157153964
CNV/96/OS/004_Normal.tif,CNV-096,test,CNV,normal,OS,.tif,0.0003807108732871711
CNV/96/OS/005_Normal.tif,CNV-096,test,CNV,normal,OS,.tif,0.0002904076536651701
CNV/96/OS/006_Normal.tif,CNV-096,test,CNV,normal,OS,.tif,0.00019936208263970912
CNV/96/OS/007_CNV.tif,CNV-096,test,CNV,cnv,OS,.tif,0.00022588216233998537
CNV/96/OS/008_CNV.tif,CNV-096,test,CNV,cnv,OS,.tif,0.00022630233434028924
CNV/96/OS/009_CNV.tif,CNV-096,test,CNV,cnv,OS,.tif,0.0001721469743642956
CNV/96/OS/010_CNV.tif,CNV-096,test,CNV,cnv,OS,.tif,0.0002620309533085674
CNV/96/OS/011_CNV.tif,CNV-096,test,CNV,cnv,OS,.tif,0.0002597933344077319
CNV/96/OS/012_CNV.tif,CNV-096,test,CNV,cnv,OS,.tif,0.0002003515837714076
CNV/96/OS/013_CNV.tif,CNV-096,test,CNV,cnv,OS,.tif,0.00030614237766712904
CNV/96/OS/014_CNV.tif,CNV-096,test,CNV,cnv,OS,.tif,0.00025836078566499054
CNV/96/OS/015_CNV.tif,CNV-096,test,CNV,cnv,OS,.tif,0.00019943340157624334
CNV/96/OS/016_CNV.tif,CNV-096,test,CNV,cnv,OS,.tif,0.0002529650228098035
CNV/96/OS/017_CNV.tif,CNV-096,test,CNV,cnv,OS,.tif,0.00024166388902813196
CNV/96/OS/018_CNV.tif,CNV-096,test,CNV,cnv,OS,.tif,0.0004230671329423785
CNV/96/OS/019_CNV.tif,CNV-096,test,CNV,cnv,OS,.tif,0.0002918847603723407
CNV/96/OS/020_CNV.tif,CNV-096,test,CNV,cnv,OS,.tif,0.0003444775938987732
CNV/96/OS/021_CNV.tif,CNV-096,test,CNV,cnv,OS,.tif,0.0003014679823536426
CNV/96/OS/022_Drusen.tif,CNV-096,test,CNV,drusen,OS,.tif,0.00019328239432070404
CNV/96/OS/023_Drusen.tif,CNV-096,test,CNV,drusen,OS,.tif,0.0001801433099899441
CNV/96/OS/024_Normal.tif,CNV-096,test,CNV,normal,OS,.tif,0.0001990216551348567
CNV/96/OS/025_Normal.tif,CNV-096,test,CNV,normal,OS,.tif,0.0001783365587471053
CNV/96/OS/026_Normal.tif,CNV-096,test,CNV,normal,OS,.tif,0.00020398932974785566
CNV/96/OS/027_Normal.tif,CNV-096,test,CNV,normal,OS,.tif,0.00018569623352959752
CNV/96/OS/028_Normal.tif,CNV-096,test,CNV,normal,OS,.tif,0.0003809946938417852
CNV/96/OS/029_Normal.tif,CNV-096,test,CNV,normal,OS,.tif,0.0002836183412000537
CNV/96/OS/030_Normal.tif,CNV-096,test,CNV,normal,OS,.tif,0.0003470601513981819
CNV/99/000_CNV.tif,CNV-099,test,CNV,cnv,OS,.tif,0.0003045060730073601
CNV/99/001_CNV.tif,CNV-099,test,CNV,cnv,OS,.tif,0.00021880191343370825
CNV/99/002_CNV.tif,CNV-099,test,CNV,cnv,OS,.tif,0.00026701390743255615
CNV/99/003_CNV.tif,CNV-099,test,CNV,cnv,OS,.tif,0.0002813424216583371
CNV/99/004_CNV.tif,CNV-099,test,CNV,cnv,OS,.tif,0.0002348520647501573
CNV/99/005_CNV.tif,CNV-099,test,CNV,cnv,OS,.tif,0.0002922748390119523
CNV/99/006_CNV.tif,CNV-099,test,CNV,cnv,OS,.tif,0.0003556910087354481
CNV/99/007_CNV.tif,CNV-099,test,CNV,cnv,OS,.tif,0.00034714845241978765
CNV/99/008_CNV.tif,CNV-099,test,CNV,cnv,OS,.tif,0.0002315276360604912
CNV/99/009_CNV.tif,CNV-099,test,CNV,cnv,OS,.tif,0.00034817238338291645
CNV/99/010_CNV.tif,CNV-099,test,CNV,cnv,OS,.tif,0.00022996138432063162
CNV/99/011_CNV.tif,CNV-099,test,CNV,cnv,OS,.tif,0.000279634608887136
CNV/99/012_CNV.tif,CNV-099,test,CNV,cnv,OS,.tif,0.0004021932545583695
CNV/99/013_CNV.tif,CNV-099,test,CNV,cnv,OS,.tif,0.00044613060890696943
CNV/99/014_CNV.tif,CNV-099,test,CNV,cnv,OS,.tif,0.0003641299554146826
CNV/99/015_CNV.tif,CNV-099,test,CNV,cnv,OS,.tif,0.00028150572325102985
CNV/99/016_CNV.tif,CNV-099,test,CNV,cnv,OS,.tif,0.00035431794822216034
CNV/99/017_CNV.tif,CNV-099,test,CNV,cnv,OS,.tif,0.0003465508052613586
CNV/99/018_CNV.tif,CNV-099,test,CNV,cnv,OS,.tif,0.0002703590434975922
CNV/99/019_CNV.tif,CNV-099,test,CNV,cnv,OS,.tif,0.0003125848015770316
CNV/99/020_CNV.tif,CNV-099,test,CNV,cnv,OS,.tif,0.00024137462605722249
CNV/99/021_CNV.tif,CNV-099,test,CNV,cnv,OS,.tif,0.00031520487391389906
CNV/99/022_CNV.tif,CNV-099,test,CNV,cnv,OS,.tif,0.00024738817592151463
CNV/99/023_CNV.tif,CNV-099,test,CNV,cnv,OS,.tif,0.00022996713232714683
CNV/99/024_CNV.tif,CNV-099,test,CNV,cnv,OS,.tif,0.0002831048041116446
CNV/99/025_CNV.tif,CNV-099,test,CNV,cnv,OS,.tif,0.00033979618456214666
CNV/99/026_Drusen.tif,CNV-099,test,CNV,drusen,OS,.tif,0.00026410218561068177
CNV/99/027_Normal.tif,CNV-099,test,CNV,normal,OS,.tif,0.00025332215591333807
CNV/99/028_Normal.tif,CNV-099,test,CNV,normal,OS,.tif,0.0001932965242303908
CNV/99/029_Normal.tif,CNV-099,test,CNV,normal,OS,.tif,0.0002569694188423455
CNV/99/030_Normal.tif,CNV-099,test,CNV,normal,OS,.tif,0.00028146582189947367
CNV/100/000_Normal.tif,CNV-100,test,CNV,normal,OD,.tif,0.0007495757890865207
CNV/100/001_Normal.tif,CNV-100,test,CNV,normal,OD,.tif,0.00040459271986037493
CNV/100/002_Normal.tif,CNV-100,test,CNV,normal,OD,.tif,0.0011224874760955572
CNV/100/003_Normal.tif,CNV-100,test,CNV,normal,OD,.tif,0.0003453126992098987
CNV/100/004_Normal.tif,CNV-100,test,CNV,normal,OD,.tif,0.0002643967163749039
CNV/100/005_Normal.tif,CNV-100,test,CNV,normal,OD,.tif,0.00032079106313176453
CNV/100/006_Normal.tif,CNV-100,test,CNV,normal,OD,.tif,0.00034428376238793135
CNV/100/007_Normal.tif,CNV-100,test,CNV,normal,OD,.tif,0.0003306862781755626
CNV/100/008_Normal.tif,CNV-100,test,CNV,normal,OD,.tif,0.00029569811886176467
CNV/100/009_CNV.tif,CNV-100,test,CNV,cnv,OD,.tif,0.00039829552406445146
CNV/100/010_CNV.tif,CNV-100,test,CNV,cnv,OD,.tif,0.00030917985714040697
CNV/100/011_CNV.tif,CNV-100,test,CNV,cnv,OD,.tif,0.0003900188021361828
CNV/100/012_CNV.tif,CNV-100,test,CNV,cnv,OD,.tif,0.0002538612170610577
CNV/100/013_CNV.tif,CNV-100,test,CNV,cnv,OD,.tif,0.0003006354672834277
CNV/100/014_CNV.tif,CNV-100,test,CNV,cnv,OD,.tif,0.0003361116396263242
CNV/100/015_CNV.tif,CNV-100,test,CNV,cnv,OD,.tif,0.0002871660399250686
CNV/100/016_CNV.tif,CNV-100,test,CNV,cnv,OD,.tif,0.0003380217822268605
CNV/100/017_CNV.tif,CNV-100,test,CNV,cnv,OD,.tif,0.0002804034447763115
CNV/100/018_CNV.tif,CNV-100,test,CNV,cnv,OD,.tif,0.0002812298771459609
CNV/100/019_CNV.tif,CNV-100,test,CNV,cnv,OD,.tif,0.0002487117890268564
CNV/100/020_CNV.tif,CNV-100,test,CNV,cnv,OD,.tif,0.00027142110047861934
CNV/100/021_CNV.tif,CNV-100,test,CNV,cnv,OD,.tif,0.0002265516232000664
CNV/100/022_Drusen.tif,CNV-100,test,CNV,drusen,OD,.tif,0.0004504143726080656
CNV/100/023_Drusen.tif,CNV-100,test,CNV,drusen,OD,.tif,0.00033448159229010344
CNV/100/024_Drusen.tif,CNV-100,test,CNV,drusen,OD,.tif,0.0002639009617269039
CNV/100/025_Drusen.tif,CNV-100,test,CNV,drusen,OD,.tif,0.0003443294554017484
CNV/100/026_Drusen.tif,CNV-100,test,CNV,drusen,OD,.tif,0.000316376710543409
CNV/100/027_Normal.tif,CNV-100,test,CNV,normal,OD,.tif,0.00031503645004704595
CNV/100/028_Normal.tif,CNV-100,test,CNV,normal,OD,.tif,0.00030807143775746226
CNV/100/029_Normal.tif,CNV-100,test,CNV,normal,OD,.tif,0.00041446840623393655
CNV/100/030_Normal.tif,CNV-100,test,CNV,normal,OD,.tif,0.00040955402073450387
CNV/101/OD/000_CNV.tif,CNV-101,test,CNV,cnv,OD,.tif,0.00030289581627584994
CNV/101/OD/001_CNV.tif,CNV-101,test,CNV,cnv,OD,.tif,0.000386544008506462
CNV/101/OD/002_CNV.tif,CNV-101,test,CNV,cnv,OD,.tif,0.0002031933981925249
CNV/101/OD/003_CNV.tif,CNV-101,test,CNV,cnv,OD,.tif,0.0002421763347228989
CNV/101/OD/004_CNV.tif,CNV-101,test,CNV,cnv,OD,.tif,0.0003107055672444403
CNV/101/OD/005_CNV.tif,CNV-101,test,CNV,cnv,OD,.tif,0.00020784126536455005
CNV/101/OD/006_CNV.tif,CNV-101,test,CNV,cnv,OD,.tif,0.0001997336803469807
CNV/101/OD/007_CNV.tif,CNV-101,test,CNV,cnv,OD,.tif,0.00021835783263668418
CNV/101/OD/008_CNV.tif,CNV-101,test,CNV,cnv,OD,.tif,0.00017993091023527086
CNV/101/OD/009_CNV.tif,CNV-101,test,CNV,cnv,OD,.tif,0.0002998225681949407
CNV/101/OD/010_CNV.tif,CNV-101,test,CNV,cnv,OD,.tif,0.00032512593315914273
CNV/101/OD/011_CNV.tif,CNV-101,test,CNV,cnv,OD,.tif,0.0003313940833322704
CNV/101/OD/012_CNV.tif,CNV-101,test,CNV,cnv,OD,.tif,0.0003860189754050225
CNV/101/OD/013_CNV.tif,CNV-101,test,CNV,cnv,OD,.tif,0.0002488417085260153
CNV/101/OD/014_CNV.tif,CNV-101,test,CNV,cnv,OD,.tif,0.000277358980383724
CNV/101/OD/015_CNV.tif,CNV-101,test,CNV,cnv,OD,.tif,0.0004002645146101713
CNV/101/OD/016_CNV.tif,CNV-101,test,CNV,cnv,OD,.tif,0.00030078660347498953
CNV/101/OD/017_CNV.tif,CNV-101,test,CNV,cnv,OD,.tif,0.0002629737136885524
CNV/101/OD/018_CNV.tif,CNV-101,test,CNV,cnv,OD,.tif,0.00030183547642081976
CNV/101/OD/019_CNV.tif,CNV-101,test,CNV,cnv,OD,.tif,0.00025340955471619964
CNV/101/OD/020_CNV.tif,CNV-101,test,CNV,cnv,OD,.tif,0.0002801685477606952
CNV/101/OD/021_CNV.tif,CNV-101,test,CNV,cnv,OD,.tif,0.0002923274878412485
CNV/101/OD/022_CNV.tif,CNV-101,test,CNV,cnv,OD,.tif,0.00023630123178008944
CNV/101/OD/023_Drusen.tif,CNV-101,test,CNV,drusen,OD,.tif,0.00029994884971529245
CNV/101/OD/024_Drusen.tif,CNV-101,test,CNV,drusen,OD,.tif,0.00017546254093758762
CNV/101/OD/025_Drusen.tif,CNV-101,test,CNV,drusen,OD,.tif,0.00030847464222460985
CNV/101/OD/026_Normal.tif,CNV-101,test,CNV,normal,OD,.tif,0.00022696105588693172
CNV/101/OD/027_Normal.tif,CNV-101,test,CNV,normal,OD,.tif,0.00018967199139297009
CNV/101/OD/028_Normal.tif,CNV-101,test,CNV,normal,OD,.tif,0.00019399505981709808
CNV/101/OD/029_Normal.tif,CNV-101,test,CNV,normal,OD,.tif,0.0002505808079149574
CNV/101/OD/030_Normal.tif,CNV-101,test,CNV,normal,OD,.tif,0.00022884373902343214
CNV/101/OS/000_Normal.tif,CNV-101,test,CNV,normal,OS,.tif,0.0005615543341264129
CNV/101/OS/001_Normal.tif,CNV-101,test,CNV,normal,OS,.tif,0.0004473840817809105
CNV/101/OS/002_Normal.tif,CNV-101,test,CNV,normal,OS,.tif,0.0004767939099110663
CNV/101/OS/003_Normal.tif,CNV-101,test,CNV,normal,OS,.tif,0.00046336324885487556
CNV/101/OS/004_Normal.tif,CNV-101,test,CNV,normal,OS,.tif,0.00040490838000550866
CNV/101/OS/005_CNV.tif,CNV-101,test,CNV,cnv,OS,.tif,0.0004537388158496469
CNV/101/OS/006_CNV.tif,CNV-101,test,CNV,cnv,OS,.tif,0.0005704199429601431
CNV/101/OS/007_CNV.tif,CNV-101,test,CNV,cnv,OS,.tif,0.00028151916922070086
CNV/101/OS/008_CNV.tif,CNV-101,test,CNV,cnv,OS,.tif,0.00037698791129514575
CNV/101/OS/009_CNV.tif,CNV-101,test,CNV,cnv,OS,.tif,0.00024856755044311285
CNV/101/OS/010_CNV.tif,CNV-101,test,CNV,cnv,OS,.tif,0.0006856013787910342
CNV/101/OS/011_CNV.tif,CNV-101,test,CNV,cnv,OS,.tif,0.00038108276203274727
CNV/101/OS/012_CNV.tif,CNV-101,test,CNV,cnv,OS,.tif,0.000512530270498246
CNV/101/OS/013_CNV.tif,CNV-101,test,CNV,cnv,OS,.tif,0.0004368096706457436
CNV/101/OS/014_CNV.tif,CNV-101,test,CNV,cnv,OS,.tif,0.0002922266139648855
CNV/101/OS/015_CNV.tif,CNV-101,test,CNV,cnv,OS,.tif,0.00028377596754580736
CNV/101/OS/016_CNV.tif,CNV-101,test,CNV,cnv,OS,.tif,0.00023812081781215966
CNV/101/OS/017_CNV.tif,CNV-101,test,CNV,cnv,OS,.tif,0.0003788705507759005
CNV/101/OS/018_Drusen.tif,CNV-101,test,CNV,drusen,OS,.tif,0.0002628786605782807
CNV/101/OS/019_Drusen.tif,CNV-101,test,CNV,drusen,OS,.tif,0.00028682820266112685
CNV/101/OS/020_Drusen.tif,CNV-101,test,CNV,drusen,OS,.tif,0.00019982634694315493
CNV/101/OS/021_Normal.tif,CNV-101,test,CNV,normal,OS,.tif,0.00022675683430861682
CNV/101/OS/022_Normal.tif,CNV-101,test,CNV,normal,OS,.tif,0.0002706806408241391
CNV/101/OS/023_Normal.tif,CNV-101,test,CNV,normal,OS,.tif,0.0002870673779398203
CNV/101/OS/024_Normal.tif,CNV-101,test,CNV,normal,OS,.tif,0.0002303926448803395
CNV/101/OS/025_Drusen.tif,CNV-101,test,CNV,drusen,OS,.tif,0.00020614659297280014
CNV/101/OS/026_Normal.tif,CNV-101,test,CNV,normal,OS,.tif,0.00022832088870927691
CNV/101/OS/027_Normal.tif,CNV-101,test,CNV,normal,OS,.tif,0.0002847087453119457
CNV/101/OS/028_Normal.tif,CNV-101,test,CNV,normal,OS,.tif,0.0002421849494567141
CNV/101/OS/029_Normal.tif,CNV-101,test,CNV,normal,OS,.tif,0.00036190036917105317
CNV/101/OS/030_Normal.tif,CNV-101,test,CNV,normal,OS,.tif,0.00023250591766554862
CNV/102/000_Drusen.tif,CNV-102,test,CNV,drusen,OS,.tif,0.00027833308558911085
CNV/102/001_Drusen.tif,CNV-102,test,CNV,drusen,OS,.tif,0.0003535511496011168
CNV/102/002_Drusen.tif,CNV-102,test,CNV,drusen,OS,.tif,0.000254187936661765
CNV/102/003_Drusen.tif,CNV-102,test,CNV,drusen,OS,.tif,0.00025471815024502575
CNV/102/004_Drusen.tif,CNV-102,test,CNV,drusen,OS,.tif,0.000403693993575871
CNV/102/005_Drusen.tif,CNV-102,test,CNV,drusen,OS,.tif,0.00040282562258653343
CNV/102/006_CNV.tif,CNV-102,test,CNV,cnv,OS,.tif,0.00028997514164075255
CNV/102/007_CNV.tif,CNV-102,test,CNV,cnv,OS,.tif,0.0001931227743625641
CNV/102/008_CNV.tif,CNV-102,test,CNV,cnv,OS,.tif,0.0002246852236567065
CNV/102/009_CNV.tif,CNV-102,test,CNV,cnv,OS,.tif,0.0003701872774399817
CNV/102/010_CNV.tif,CNV-102,test,CNV,cnv,OS,.tif,0.0003455971018411219
CNV/102/011_CNV.tif,CNV-102,test,CNV,cnv,OS,.tif,0.00045409053564071655
CNV/102/012_CNV.tif,CNV-102,test,CNV,cnv,OS,.tif,0.00031761382706463337
CNV/102/013_CNV.tif,CNV-102,test,CNV,cnv,OS,.tif,0.00039659434696659446
CNV/102/014_CNV.tif,CNV-102,test,CNV,cnv,OS,.tif,0.0003568828688003123
CNV/102/015_CNV.tif,CNV-102,test,CNV,cnv,OS,.tif,0.000275145226623863
CNV/102/016_CNV.tif,CNV-102,test,CNV,cnv,OS,.tif,0.00033207685919478536
CNV/102/017_Drusen.tif,CNV-102,test,CNV,drusen,OS,.tif,0.00036842672852799296
CNV/102/018_Drusen.tif,CNV-102,test,CNV,drusen,OS,.tif,0.00028625348932109773
CNV/102/019_Drusen.tif,CNV-102,test,CNV,drusen,OS,.tif,0.0002445498830638826
CNV/102/020_Drusen.tif,CNV-102,test,CNV,drusen,OS,.tif,0.00023155698727350682
CNV/102/021_Drusen.tif,CNV-102,test,CNV,drusen,OS,.tif,0.00028284467407502234
CNV/102/022_Drusen.tif,CNV-102,test,CNV,drusen,OS,.tif,0.00022859490127302706
CNV/102/023_Drusen.tif,CNV-102,test,CNV,drusen,OS,.tif,0.000215799460420385
CNV/102/024_Drusen.tif,CNV-102,test,CNV,drusen,OS,.tif,0.00019018133752979338
CNV/102/025_Drusen.tif,CNV-102,test,CNV,drusen,OS,.tif,0.00029029868892394006
CNV/102/026_Drusen.tif,CNV-102,test,CNV,drusen,OS,.tif,0.0002905752044171095
CNV/102/027_Drusen.tif,CNV-102,test,CNV,drusen,OS,.tif,0.00026591020287014544
CNV/102/028_Drusen.tif,CNV-102,test,CNV,drusen,OS,.tif,0.00023848545970395207
CNV/102/029_Drusen.tif,CNV-102,test,CNV,drusen,OS,.tif,0.00035697134444490075
CNV/102/030_Drusen.tif,CNV-102,test,CNV,drusen,OS,.tif,0.0002701871271710843
CNV/106/000_CNV.tif,CNV-106,test,CNV,cnv,OD,.tif,0.000264606875134632
CNV/106/001_CNV.tif,CNV-106,test,CNV,cnv,OD,.tif,0.0003110107500106096
CNV/106/002_CNV.tif,CNV-106,test,CNV,cnv,OD,.tif,0.00027381250401958823
CNV/106/003_CNV.tif,CNV-106,test,CNV,cnv,OD,.tif,0.00019835555576719344
CNV/106/004_CNV.tif,CNV-106,test,CNV,cnv,OD,.tif,0.00029918193467892706
CNV/106/005_CNV.tif,CNV-106,test,CNV,cnv,OD,.tif,0.00033147080102935433
CNV/106/006_CNV.tif,CNV-106,test,CNV,cnv,OD,.tif,0.00026762712514027953
CNV/106/007_CNV.tif,CNV-106,test,CNV,cnv,OD,.tif,0.00027148978551849723
CNV/106/008_CNV.tif,CNV-106,test,CNV,cnv,OD,.tif,0.00026581587735563517
CNV/106/009_CNV.tif,CNV-106,test,CNV,cnv,OD,.tif,0.0002442559343762696
CNV/106/010_CNV.tif,CNV-106,test,CNV,cnv,OD,.tif,0.00034521822817623615
CNV/106/011_CNV.tif,CNV-106,test,CNV,cnv,OD,.tif,0.0002928849426098168
CNV/106/012_CNV.tif,CNV-106,test,CNV,cnv,OD,.tif,0.00039998991996981204
CNV/106/013_CNV.tif,CNV-106,test,CNV,cnv,OD,.tif,0.0003628377162385732
CNV/106/014_CNV.tif,CNV-106,test,CNV,cnv,OD,.tif,0.00042678724275901914
CNV/106/015_CNV.tif,CNV-106,test,CNV,cnv,OD,.tif,0.0003418441629037261
CNV/106/016_CNV.tif,CNV-106,test,CNV,cnv,OD,.tif,0.0003962923074141145
CNV/106/017_CNV.tif,CNV-106,test,CNV,cnv,OD,.tif,0.000476563029224053
CNV/106/018_CNV.tif,CNV-106,test,CNV,cnv,OD,.tif,0.00036029634065926075
CNV/106/019_CNV.tif,CNV-106,test,CNV,cnv,OD,.tif,0.00038888302515260875
CNV/106/020_CNV.tif,CNV-106,test,CNV,cnv,OD,.tif,0.0005176372360438108
CNV/106/021_CNV.tif,CNV-106,test,CNV,cnv,OD,.tif,0.00025783240562304854
CNV/106/022_CNV.tif,CNV-106,test,CNV,cnv,OD,.tif,0.0002628063957672566
CNV/106/023_CNV.tif,CNV-106,test,CNV,cnv,OD,.tif,0.0002066331508103758
CNV/106/024_CNV.tif,CNV-106,test,CNV,cnv,OD,.tif,0.00043032190296798944
CNV/106/025_CNV.tif,CNV-106,test,CNV,cnv,OD,.tif,0.0002464299323037267
CNV/106/026_CNV.tif,CNV-106,test,CNV,cnv,OD,.tif,0.0002992436056956649
CNV/106/027_CNV.tif,CNV-106,test,CNV,cnv,OD,.tif,0.0003937317815143615
CNV/106/028_Normal.tif,CNV-106,test,CNV,normal,OD,.tif,0.00023045898706186563
CNV/106/029_Normal.tif,CNV-106,test,CNV,normal,OD,.tif,0.00021206217934377491
CNV/106/030_Normal.tif,CNV-106,test,CNV,normal,OD,.tif,0.00023381103528663516
CNV/107/000_Drusen.tif,CNV-107,test,CNV,drusen,OD,.tif,0.0002863266854546964
CNV/107/001_Drusen.tif,CNV-107,test,CNV,drusen,OD,.tif,0.0001865428639575839
CNV/107/002_CNV.tif,CNV-107,test,CNV,cnv,OD,.tif,0.000263036519754678
CNV/107/003_CNV.tif,CNV-107,test,CNV,cnv,OD,.tif,0.00033282022923231125
CNV/107/004_CNV.tif,CNV-107,test,CNV,cnv,OD,.tif,0.00033745518885552883
CNV/107/005_CNV.tif,CNV-107,test,CNV,cnv,OD,.tif,0.0007177101215347648
CNV/107/006_CNV.tif,CNV-107,test,CNV,cnv,OD,.tif,0.0005891082109883428
CNV/107/007_CNV.tif,CNV-107,test,CNV,cnv,OD,.tif,0.0004952169838361442
CNV/107/008_CNV.tif,CNV-107,test,CNV,cnv,OD,.tif,0.00040528184035792947
CNV/107/009_CNV.tif,CNV-107,test,CNV,cnv,OD,.tif,0.0004945091786794364
CNV/107/010_CNV.tif,CNV-107,test,CNV,cnv,OD,.tif,0.00034506447263993323
CNV/107/011_CNV.tif,CNV-107,test,CNV,cnv,OD,.tif,0.0006007584161125124
CNV/107/012_CNV.tif,CNV-107,test,CNV,cnv,OD,.tif,0.00037289236206561327
CNV/107/013_CNV.tif,CNV-107,test,CNV,cnv,OD,.tif,0.00022563454695045948
CNV/107/014_CNV.tif,CNV-107,test,CNV,cnv,OD,.tif,0.000384114304324612
CNV/107/015_CNV.tif,CNV-107,test,CNV,cnv,OD,.tif,0.000380131124984473
CNV/107/016_CNV.tif,CNV-107,test,CNV,cnv,OD,.tif,0.00042279978515580297
CNV/107/017_CNV.tif,CNV-107,test,CNV,cnv,OD,.tif,0.0004105308325961232
CNV/107/018_CNV.tif,CNV-107,test,CNV,cnv,OD,.tif,0.000308614457026124
CNV/107/019_CNV.tif,CNV-107,test,CNV,cnv,OD,.tif,0.00022395850101020187
CNV/107/020_CNV.tif,CNV-107,test,CNV,cnv,OD,.tif,0.00028121861396357417
CNV/107/021_CNV.tif,CNV-107,test,CNV,cnv,OD,.tif,0.00043083721539005637
CNV/107/022_Drusen.tif,CNV-107,test,CNV,drusen,OD,.tif,0.0003858087584376335
CNV/107/023_Drusen.tif,CNV-107,test,CNV,drusen,OD,.tif,0.00022342364536598325
CNV/107/024_Drusen.tif,CNV-107,test,CNV,drusen,OD,.tif,0.00021119735902175307
CNV/107/025_Drusen.tif,CNV-107,test,CNV,drusen,OD,.tif,0.0003312811313662678
CNV/107/026_Drusen.tif,CNV-107,test,CNV,drusen,OD,.tif,0.0003315220819786191
CNV/107/027_Drusen.tif,CNV-107,test,CNV,drusen,OD,.tif,0.00027271913131698966
CNV/107/028_Drusen.tif,CNV-107,test,CNV,drusen,OD,.tif,0.00026711905957199633
CNV/107/029_Drusen.tif,CNV-107,test,CNV,drusen,OD,.tif,0.00040886091301217675
CNV/107/030_Drusen.tif,CNV-107,test,CNV,drusen,OD,.tif,0.000451127125415951
CNV/108/000_Drusen.tif,CNV-108,test,CNV,drusen,OD,.tif,0.0002876963990274817
CNV/108/001_Drusen.tif,CNV-108,test,CNV,drusen,OD,.tif,0.0003805270534940064
CNV/108/002_Drusen.tif,CNV-108,test,CNV,drusen,OD,.tif,0.00021590029064100236
CNV/108/003_Drusen.tif,CNV-108,test,CNV,drusen,OD,.tif,0.0002507321769371629
CNV/108/004_Drusen.tif,CNV-108,test,CNV,drusen,OD,.tif,0.00023863514070399106
CNV/108/005_Drusen.tif,CNV-108,test,CNV,drusen,OD,.tif,0.0002759492490440607
CNV/108/006_CNV.tif,CNV-108,test,CNV,cnv,OD,.tif,0.00024163175839930773
CNV/108/007_CNV.tif,CNV-108,test,CNV,cnv,OD,.tif,0.0002811176818795502
CNV/108/008_CNV.tif,CNV-108,test,CNV,cnv,OD,.tif,0.00044740299927070737
CNV/108/009_CNV.tif,CNV-108,test,CNV,cnv,OD,.tif,0.00040999625343829393
CNV/108/010_CNV.tif,CNV-108,test,CNV,cnv,OD,.tif,0.0003627109981607646
CNV/108/011_CNV.tif,CNV-108,test,CNV,cnv,OD,.tif,0.0003285959828644991
CNV/108/012_CNV.tif,CNV-108,test,CNV,cnv,OD,.tif,0.00039070946513675153
CNV/108/013_CNV.tif,CNV-108,test,CNV,cnv,OD,.tif,0.000319282291457057
CNV/108/014_CNV.tif,CNV-108,test,CNV,cnv,OD,.tif,0.00034555362071841955
CNV/108/015_CNV.tif,CNV-108,test,CNV,cnv,OD,.tif,0.00031391397351399064
CNV/108/016_CNV.tif,CNV-108,test,CNV,cnv,OD,.tif,0.0004154777270741761
CNV/108/017_CNV.tif,CNV-108,test,CNV,cnv,OD,.tif,0.0004280098364688456
CNV/108/018_CNV.tif,CNV-108,test,CNV,cnv,OD,.tif,0.00028169728466309607
CNV/108/019_CNV.tif,CNV-108,test,CNV,cnv,OD,.tif,0.0003389975754544139
CNV/108/020_CNV.tif,CNV-108,test,CNV,cnv,OD,.tif,0.00038804864743724465
CNV/108/021_CNV.tif,CNV-108,test,CNV,cnv,OD,.tif,0.00046866247430443764
CNV/108/022_CNV.tif,CNV-108,test,CNV,cnv,OD,.tif,0.0002255819272249937
CNV/108/023_Drusen.tif,CNV-108,test,CNV,drusen,OD,.tif,0.0002730883425101638
CNV/108/024_Drusen.tif,CNV-108,test,CNV,drusen,OD,.tif,0.0002705357037484646
CNV/108/025_Drusen.tif,CNV-108,test,CNV,drusen,OD,.tif,0.00038604490691795945
CNV/108/026_Drusen.tif,CNV-108,test,CNV,drusen,OD,.tif,0.0003009721403941512
CNV/108/027_Drusen.tif,CNV-108,test,CNV,drusen,OD,.tif,0.0002184016047976911
CNV/108/028_Drusen.tif,CNV-108,test,CNV,drusen,OD,.tif,0.00034256826620548964
CNV/108/029_Drusen.tif,CNV-108,test,CNV,drusen,OD,.tif,0.00023063653497956693
CNV/108/030_Drusen.tif,CNV-108,test,CNV,drusen,OD,.tif,0.00030849469476379454
CNV/109/000_Drusen.tif,CNV-109,test,CNV,drusen,OS,.tif,0.00018754569464363158
CNV/109/001_Drusen.tif,CNV-109,test,CNV,drusen,OS,.tif,0.00023282897018361837
CNV/109/002_Normal.tif,CNV-109,test,CNV,normal,OS,.tif,0.00022124862880446017
CNV/109/003_Drusen.tif,CNV-109,test,CNV,drusen,OS,.tif,0.00025849754456430674
CNV/109/004_Drusen.tif,CNV-109,test,CNV,drusen,OS,.tif,0.0002516703389119357
CNV/109/005_Drusen.tif,CNV-109,test,CNV,drusen,OS,.tif,0.0002313484437763691
CNV/109/006_Drusen.tif,CNV-109,test,CNV,drusen,OS,.tif,0.00019708648324012756
CNV/109/007_Drusen.tif,CNV-109,test,CNV,drusen,OS,.tif,0.000266094459220767
CNV/109/008_Drusen.tif,CNV-109,test,CNV,drusen,OS,.tif,0.0002824255789164454
CNV/109/009_Drusen.tif,CNV-109,test,CNV,drusen,OS,.tif,0.0002816383494064212
CNV/109/010_CNV.tif,CNV-109,test,CNV,cnv,OS,.tif,0.0003415672981645912
CNV/109/011_CNV.tif,CNV-109,test,CNV,cnv,OS,.tif,0.0003179157502017915
CNV/109/012_CNV.tif,CNV-109,test,CNV,cnv,OS,.tif,0.0002642507606651634
CNV/109/013_CNV.tif,CNV-109,test,CNV,cnv,OS,.tif,0.00023970974143594503
CNV/109/014_CNV.tif,CNV-109,test,CNV,cnv,OS,.tif,0.0002694308932404965
CNV/109/015_Drusen.tif,CNV-109,test,CNV,drusen,OS,.tif,0.00020876505004707724
CNV/109/016_Drusen.tif,CNV-109,test,CNV,drusen,OS,.tif,0.00019517421605996788
CNV/109/017_Drusen.tif,CNV-109,test,CNV,drusen,OS,.tif,0.00029560140683315694
CNV/109/018_Drusen.tif,CNV-109,test,CNV,drusen,OS,.tif,0.00023229391081258655
CNV/109/019_Drusen.tif,CNV-109,test,CNV,drusen,OS,.tif,0.0002052306808764115
CNV/109/020_Drusen.tif,CNV-109,test,CNV,drusen,OS,.tif,0.000302089232718572
CNV/109/021_Drusen.tif,CNV-109,test,CNV,drusen,OS,.tif,0.0003788410103879869
CNV/109/022_Drusen.tif,CNV-109,test,CNV,drusen,OS,.tif,0.00031473254784941673
CNV/109/023_Drusen.tif,CNV-109,test,CNV,drusen,OS,.tif,0.00028515246231108904
CNV/109/024_Drusen.tif,CNV-109,test,CNV,drusen,OS,.tif,0.0002683063503354788
CNV/109/025_Drusen.tif,CNV-109,test,CNV,drusen,OS,.tif,0.00029343401547521353
CNV/109/026_Drusen.tif,CNV-109,test,CNV,drusen,OS,.tif,0.0003131119010504335
CNV/109/027_Drusen.tif,CNV-109,test,CNV,drusen,OS,.tif,0.00030227741808630526
CNV/109/028_Drusen.tif,CNV-109,test,CNV,drusen,OS,.tif,0.0005200598388910294
CNV/109/029_Drusen.tif,CNV-109,test,CNV,drusen,OS,.tif,0.0004003008361905813
CNV/109/030_Drusen.tif,CNV-109,test,CNV,drusen,OS,.tif,0.0002355261822231114
CNV/117/000_Normal.tif,CNV-117,test,CNV,normal,OS,.tif,0.00020420023065526038
CNV/117/001_CNV.tif,CNV-117,test,CNV,cnv,OS,.tif,0.0002508809557184577
CNV/117/002_CNV.tif,CNV-117,test,CNV,cnv,OS,.tif,0.00014921047841198742
CNV/117/003_CNV.tif,CNV-117,test,CNV,cnv,OS,.tif,0.00021422677673399448
CNV/117/004_CNV.tif,CNV-117,test,CNV,cnv,OS,.tif,0.0002499897964298725
CNV/117/005_CNV.tif,CNV-117,test,CNV,cnv,OS,.tif,0.00022689448087476194
CNV/117/006_CNV.tif,CNV-117,test,CNV,cnv,OS,.tif,0.00021240816568024457
CNV/117/007_CNV.tif,CNV-117,test,CNV,cnv,OS,.tif,0.0003535255091264844
CNV/117/008_CNV.tif,CNV-117,test,CNV,cnv,OS,.tif,0.0005860381061211228
CNV/117/009_CNV.tif,CNV-117,test,CNV,cnv,OS,.tif,0.0006659850478172302
CNV/117/010_CNV.tif,CNV-117,test,CNV,cnv,OS,.tif,0.00047917288611643016
CNV/117/011_CNV.tif,CNV-117,test,CNV,cnv,OS,.tif,0.0005019038799218833
CNV/117/012_CNV.tif,CNV-117,test,CNV,cnv,OS,.tif,0.00042831519385799766
CNV/117/013_CNV.tif,CNV-117,test,CNV,cnv,OS,.tif,0.00030765600968152285
CNV/117/014_CNV.tif,CNV-117,test,CNV,cnv,OS,.tif,0.0003127537202090025
CNV/117/015_CNV.tif,CNV-117,test,CNV,cnv,OS,.tif,0.00038430263521149755
CNV/117/016_CNV.tif,CNV-117,test,CNV,cnv,OS,.tif,0.0002770054852589965
CNV/117/017_CNV.tif,CNV-117,test,CNV,cnv,OS,.tif,0.00019591553427744657
CNV/117/018_CNV.tif,CNV-117,test,CNV,cnv,OS,.tif,0.00022841292957309633
CNV/117/019_CNV.tif,CNV-117,test,CNV,cnv,OS,.tif,0.00020445711561478674
CNV/117/020_CNV.tif,CNV-117,test,CNV,cnv,OS,.tif,0.0002340066130273044
CNV/117/021_CNV.tif,CNV-117,test,CNV,cnv,OS,.tif,0.0002316804602742195
CNV/117/022_CNV.tif,CNV-117,test,CNV,cnv,OS,.tif,0.00031107349786907434
CNV/117/023_CNV.tif,CNV-117,test,CNV,cnv,OS,.tif,0.0002110072528012097
CNV/117/024_CNV.tif,CNV-117,test,CNV,cnv,OS,.tif,0.00032940859091468155
CNV/117/025_CNV.tif,CNV-117,test,CNV,cnv,OS,.tif,0.0002715864102356136
CNV/117/026_Drusen.tif,CNV-117,test,CNV,drusen,OS,.tif,0.0003463085740804672
CNV/117/027_Drusen.tif,CNV-117,test,CNV,drusen,OS,.tif,0.00023978581884875894
CNV/117/028_Drusen.tif,CNV-117,test,CNV,drusen,OS,.tif,0.00036174344131723046
CNV/117/029_Drusen.tif,CNV-117,test,CNV,drusen,OS,.tif,0.0002958030381705612
CNV/117/030_Drusen.tif,CNV-117,test,CNV,drusen,OS,.tif,0.00034171441802755
CNV/118/000_Normal.tif,CNV-118,test,CNV,normal,OD,.tif,0.0003418861888349056
CNV/118/001_Normal.tif,CNV-118,test,CNV,normal,OD,.tif,0.0003087826771661639
CNV/118/002_Normal.tif,CNV-118,test,CNV,normal,OD,.tif,0.00029783271020278335
CNV/118/003_Drusen.tif,CNV-118,test,CNV,drusen,OD,.tif,0.0003577651223167777
CNV/118/004_Drusen.tif,CNV-118,test,CNV,drusen,OD,.tif,0.00034600967774167657
CNV/118/005_Drusen.tif,CNV-118,test,CNV,drusen,OD,.tif,0.0002894817152991891
CNV/118/006_Normal.tif,CNV-118,test,CNV,normal,OD,.tif,0.0002537859254516661
CNV/118/007_Drusen.tif,CNV-118,test,CNV,drusen,OD,.tif,0.0003046385245397687
CNV/118/008_CNV.tif,CNV-118,test,CNV,cnv,OD,.tif,0.00027654122095555067
CNV/118/009_CNV.tif,CNV-118,test,CNV,cnv,OD,.tif,0.0003442398738116026
CNV/118/010_CNV.tif,CNV-118,test,CNV,cnv,OD,.tif,0.0002731829008553177
CNV/118/011_CNV.tif,CNV-118,test,CNV,cnv,OD,.tif,0.0002922131970990449
CNV/118/012_CNV.tif,CNV-118,test,CNV,cnv,OD,.tif,0.0003892761596944183
CNV/118/013_CNV.tif,CNV-118,test,CNV,cnv,OD,.tif,0.0004337188438512385
CNV/118/014_CNV.tif,CNV-118,test,CNV,cnv,OD,.tif,0.0005589800421148539
CNV/118/015_CNV.tif,CNV-118,test,CNV,cnv,OD,.tif,0.0004544836119748652
CNV/118/016_CNV.tif,CNV-118,test,CNV,cnv,OD,.tif,0.0005955095402896404
CNV/118/017_CNV.tif,CNV-118,test,CNV,cnv,OD,.tif,0.000537669868208468
CNV/118/018_CNV.tif,CNV-118,test,CNV,cnv,OD,.tif,0.000462179392343387
CNV/118/019_CNV.tif,CNV-118,test,CNV,cnv,OD,.tif,0.0005325564416125417
CNV/118/020_CNV.tif,CNV-118,test,CNV,cnv,OD,.tif,0.00043473788537085056
CNV/118/021_CNV.tif,CNV-118,test,CNV,cnv,OD,.tif,0.00029995504883117974
CNV/118/022_CNV.tif,CNV-118,test,CNV,cnv,OD,.tif,0.00024157518055289984
CNV/118/023_Drusen.tif,CNV-118,test,CNV,drusen,OD,.tif,0.0002868205774575472
CNV/118/024_Drusen.tif,CNV-118,test,CNV,drusen,OD,.tif,0.0003254897892475128
CNV/118/025_Drusen.tif,CNV-118,test,CNV,drusen,OD,.tif,0.0002443504345137626
CNV/118/026_Drusen.tif,CNV-118,test,CNV,drusen,OD,.tif,0.0003839548444375396
CNV/118/027_Drusen.tif,CNV-118,test,CNV,drusen,OD,.tif,0.0005556875839829445
CNV/118/028_Drusen.tif,CNV-118,test,CNV,drusen,OD,.tif,0.00035844207741320133
CNV/118/029_Drusen.tif,CNV-118,test,CNV,drusen,OD,.tif,0.00041217971011064947
CNV/118/030_Drusen.tif,CNV-118,test,CNV,drusen,OD,.tif,0.00020589036284945905
CNV/119/000_Normal.tif,CNV-119,test,CNV,normal,OS,.tif,0.0002563566667959094
CNV/119/001_Normal.tif,CNV-119,test,CNV,normal,OS,.tif,0.00022163300309330225
CNV/119/002_Normal.tif,CNV-119,test,CNV,normal,OS,.tif,0.00031419011065736413
CNV/119/003_Normal.tif,CNV-119,test,CNV,normal,OS,.tif,0.0002994748065248132
CNV/119/004_Normal.tif,CNV-119,test,CNV,normal,OS,.tif,0.0002129244094248861
CNV/119/005_Normal.tif,CNV-119,test,CNV,normal,OS,.tif,0.0002846977149602026
CNV/119/006_Normal.tif,CNV-119,test,CNV,normal,OS,.tif,0.0001632736239116639
CNV/119/007_Drusen.tif,CNV-119,test,CNV,drusen,OS,.tif,0.00025864227791316807
CNV/119/008_Drusen.tif,CNV-119,test,CNV,drusen,OS,.tif,0.000321518222335726
CNV/119/009_Drusen.tif,CNV-119,test,CNV,drusen,OS,.tif,0.00023515449720434844
CNV/119/010_Drusen.tif,CNV-119,test,CNV,drusen,OS,.tif,0.00016587138816248626
CNV/119/011_Drusen.tif,CNV-119,test,CNV,drusen,OS,.tif,0.0002168106148019433
CNV/119/012_Normal.tif,CNV-119,test,CNV,normal,OS,.tif,0.0002552052610553801
CNV/119/013_CNV.tif,CNV-119,test,CNV,cnv,OS,.tif,0.00021092413226142526
CNV/119/014_CNV.tif,CNV-119,test,CNV,cnv,OS,.tif,0.0003202063962817192
CNV/119/015_CNV.tif,CNV-119,test,CNV,cnv,OS,.tif,0.0002591803786344826
CNV/119/016_CNV.tif,CNV-119,test,CNV,cnv,OS,.tif,0.00043516975711099803
CNV/119/017_CNV.tif,CNV-119,test,CNV,cnv,OS,.tif,0.00032304448541253805
CNV/119/018_CNV.tif,CNV-119,test,CNV,cnv,OS,.tif,0.0003324256686028093
CNV/119/019_CNV.tif,CNV-119,test,CNV,cnv,OS,.tif,0.0005665376666001976
CNV/119/020_CNV.tif,CNV-119,test,CNV,cnv,OS,.tif,0.00031118199694901705
CNV/119/021_CNV.tif,CNV-119,test,CNV,cnv,OS,.tif,0.00042574931285344064
CNV/119/022_CNV.tif,CNV-119,test,CNV,cnv,OS,.tif,0.00022436307335738093
CNV/119/023_CNV.tif,CNV-119,test,CNV,cnv,OS,.tif,0.00022271607303991914
CNV/119/024_CNV.tif,CNV-119,test,CNV,cnv,OS,.tif,0.00021718672360293567
CNV/119/025_CNV.tif,CNV-119,test,CNV,cnv,OS,.tif,0.00019631904433481395
CNV/119/026_Drusen.tif,CNV-119,test,CNV,drusen,OS,.tif,0.0003311042091809213
CNV/119/027_Drusen.tif,CNV-119,test,CNV,drusen,OS,.tif,0.0002602900785859674
CNV/119/028_Normal.tif,CNV-119,test,CNV,normal,OS,.tif,0.00027174773276783526
CNV/119/029_Drusen.tif,CNV-119,test,CNV,drusen,OS,.tif,0.0003317402442917228
CNV/119/030_Normal.tif,CNV-119,test,CNV,normal,OS,.tif,0.00038319616578519344
CNV/121/000_CNV.tif,CNV-121,test,CNV,cnv,OD,.tif,0.0002867397852241993
CNV/121/001_CNV.tif,CNV-121,test,CNV,cnv,OD,.tif,0.0002509729820303619
CNV/121/002_CNV.tif,CNV-121,test,CNV,cnv,OD,.tif,0.00034715968649834394
CNV/121/003_CNV.tif,CNV-121,test,CNV,cnv,OD,.tif,0.00026124718715436757
CNV/121/004_CNV.tif,CNV-121,test,CNV,cnv,OD,.tif,0.0002744657685980201
CNV/121/005_CNV.tif,CNV-121,test,CNV,cnv,OD,.tif,0.00024540896993130445
CNV/121/006_CNV.tif,CNV-121,test,CNV,cnv,OD,.tif,0.00017660543380770832
CNV/121/007_CNV.tif,CNV-121,test,CNV,cnv,OD,.tif,0.00027410584152676165
CNV/121/008_CNV.tif,CNV-121,test,CNV,cnv,OD,.tif,0.00033130409428849816
CNV/121/009_CNV.tif,CNV-121,test,CNV,cnv,OD,.tif,0.00036143185570836067
CNV/121/010_CNV.tif,CNV-121,test,CNV,cnv,OD,.tif,0.0002837777428794652
CNV/121/011_CNV.tif,CNV-121,test,CNV,cnv,OD,.tif,0.00031276961090043187
CNV/121/012_CNV.tif,CNV-121,test,CNV,cnv,OD,.tif,0.00027989354566670954
CNV/121/013_CNV.tif,CNV-121,test,CNV,cnv,OD,.tif,0.0003634191816672683
CNV/121/014_CNV.tif,CNV-121,test,CNV,cnv,OD,.tif,0.0004102446255274117
CNV/121/015_CNV.tif,CNV-121,test,CNV,cnv,OD,.tif,0.0004157835792284459
CNV/121/016_CNV.tif,CNV-121,test,CNV,cnv,OD,.tif,0.000336520402925089
CNV/121/017_CNV.tif,CNV-121,test,CNV,cnv,OD,.tif,0.0003054402186535299
CNV/121/018_CNV.tif,CNV-121,test,CNV,cnv,OD,.tif,0.0004294171230867505
CNV/121/019_CNV.tif,CNV-121,test,CNV,cnv,OD,.tif,0.0003607062972150743
CNV/121/020_CNV.tif,CNV-121,test,CNV,cnv,OD,.tif,0.00034946936648339033
CNV/121/021_CNV.tif,CNV-121,test,CNV,cnv,OD,.tif,0.0003322892007417977
CNV/121/022_CNV.tif,CNV-121,test,CNV,cnv,OD,.tif,0.0003872057131957263
CNV/121/023_CNV.tif,CNV-121,test,CNV,cnv,OD,.tif,0.000263124646153301
CNV/121/024_CNV.tif,CNV-121,test,CNV,cnv,OD,.tif,0.0002754152228590101
CNV/121/025_CNV.tif,CNV-121,test,CNV,cnv,OD,.tif,0.00018108029325958341
CNV/121/026_Normal.tif,CNV-121,test,CNV,normal,OD,.tif,0.00019030197290703654
CNV/121/027_Normal.tif,CNV-121,test,CNV,normal,OD,.tif,0.0002011500473599881
CNV/121/028_Normal.tif,CNV-121,test,CNV,normal,OD,.tif,0.0001912951993290335
CNV/121/029_Normal.tif,CNV-121,test,CNV,normal,OD,.tif,0.0001908692647702992
CNV/121/030_Normal.tif,CNV-121,test,CNV,normal,OD,.tif,0.0002758511691354215
CNV/123/000_Normal.tif,CNV-123,test,CNV,normal,OS,.tif,0.00037967058597132564
CNV/123/001_Normal.tif,CNV-123,test,CNV,normal,OS,.tif,0.0002465530706103891
CNV/123/002_Normal.tif,CNV-123,test,CNV,normal,OS,.tif,0.0002669942914508283
CNV/123/003_Normal.tif,CNV-123,test,CNV,normal,OS,.tif,0.00021976744756102562
CNV/123/004_Drusen.tif,CNV-123,test,CNV,drusen,OS,.tif,0.0002758755290415138
CNV/123/005_Drusen.tif,CNV-123,test,CNV,drusen,OS,.tif,0.0002823593094944954
CNV/123/006_Normal.tif,CNV-123,test,CNV,normal,OS,.tif,0.0002062132116407156
CNV/123/007_Drusen.tif,CNV-123,test,CNV,drusen,OS,.tif,0.00023702369071543217
CNV/123/008_Normal.tif,CNV-123,test,CNV,normal,OS,.tif,0.0001998726074816659
CNV/123/009_Normal.tif,CNV-123,test,CNV,normal,OS,.tif,0.00027559103909879923
CNV/123/010_Drusen.tif,CNV-123,test,CNV,drusen,OS,.tif,0.00019593759498093277
CNV/123/011_CNV.tif,CNV-123,test,CNV,cnv,OS,.tif,0.00016907547251321375
CNV/123/012_CNV.tif,CNV-123,test,CNV,cnv,OS,.tif,0.00018534068658482283
CNV/123/013_CNV.tif,CNV-123,test,CNV,cnv,OS,.tif,0.000342586514307186
CNV/123/014_CNV.tif,CNV-123,test,CNV,cnv,OS,.tif,0.0002837843494489789
CNV/123/015_CNV.tif,CNV-123,test,CNV,cnv,OS,.tif,0.00041846849489957094
CNV/123/016_CNV.tif,CNV-123,test,CNV,cnv,OS,.tif,0.00021564890630543232
CNV/123/017_CNV.tif,CNV-123,test,CNV,cnv,OS,.tif,0.00036633783020079136
CNV/123/018_Drusen.tif,CNV-123,test,CNV,drusen,OS,.tif,0.0002028360904660076
CNV/123/019_Drusen.tif,CNV-123,test,CNV,drusen,OS,.tif,0.0002268005773657933
CNV/123/020_Normal.tif,CNV-123,test,CNV,normal,OS,.tif,0.0002452964545227587
CNV/123/021_Normal.tif,CNV-123,test,CNV,normal,OS,.tif,0.0002251688129035756
CNV/123/022_Normal.tif,CNV-123,test,CNV,normal,OS,.tif,0.00022104375238996
CNV/123/023_Normal.tif,CNV-123,test,CNV,normal,OS,.tif,0.000193260217201896
CNV/123/024_Normal.tif,CNV-123,test,CNV,normal,OS,.tif,0.0002469412866048515
CNV/123/025_Normal.tif,CNV-123,test,CNV,normal,OS,.tif,0.00022806301421951503
CNV/123/026_Normal.tif,CNV-123,test,CNV,normal,OS,.tif,0.00022970582358539104
CNV/123/027_Normal.tif,CNV-123,test,CNV,normal,OS,.tif,0.00018237809126731008
CNV/123/028_Normal.tif,CNV-123,test,CNV,normal,OS,.tif,0.00026796298334375024
CNV/123/029_Normal.tif,CNV-123,test,CNV,normal,OS,.tif,0.00029806929524056613
CNV/123/030_Normal.tif,CNV-123,test,CNV,normal,OS,.tif,0.0002884559507947415
CNV/124/000_Normal.tif,CNV-124,test,CNV,normal,OS,.tif,0.0002643945626914501
CNV/124/001_Normal.tif,CNV-124,test,CNV,normal,OS,.tif,0.00030757568310946226
CNV/124/002_Normal.tif,CNV-124,test,CNV,normal,OS,.tif,0.00030510136275552213
CNV/124/003_Drusen.tif,CNV-124,test,CNV,drusen,OS,.tif,0.0003300283569842577
CNV/124/004_CNV.tif,CNV-124,test,CNV,cnv,OS,.tif,0.00024706459953449667
CNV/124/005_CNV.tif,CNV-124,test,CNV,cnv,OS,.tif,0.0003505392814986408
CNV/124/006_CNV.tif,CNV-124,test,CNV,cnv,OS,.tif,0.0003010642540175468
CNV/124/007_CNV.tif,CNV-124,test,CNV,cnv,OS,.tif,0.0003359203692525625
CNV/124/008_CNV.tif,CNV-124,test,CNV,cnv,OS,.tif,0.00046307677985168993
CNV/124/009_CNV.tif,CNV-124,test,CNV,cnv,OS,.tif,0.0004332746029831469
CNV/124/010_CNV.tif,CNV-124,test,CNV,cnv,OS,.tif,0.0003669076832011342
CNV/124/011_CNV.tif,CNV-124,test,CNV,cnv,OS,.tif,0.000605788838583976
CNV/124/012_CNV.tif,CNV-124,test,CNV,cnv,OS,.tif,0.0004857830936089158
CNV/124/013_CNV.tif,CNV-124,test,CNV,cnv,OS,.tif,0.0005198788130655885
CNV/124/014_CNV.tif,CNV-124,test,CNV,cnv,OS,.tif,0.0005911253392696381
CNV/124/015_CNV.tif,CNV-124,test,CNV,cnv,OS,.tif,0.00042743870289996266
CNV/124/016_CNV.tif,CNV-124,test,CNV,cnv,OS,.tif,0.00024200373445637524
CNV/124/017_CNV.tif,CNV-124,test,CNV,cnv,OS,.tif,0.0004031323769595474
CNV/124/018_CNV.tif,CNV-124,test,CNV,cnv,OS,.tif,0.00027149278321303427
CNV/124/019_CNV.tif,CNV-124,test,CNV,cnv,OS,.tif,0.0003245669649913907
CNV/124/020_CNV.tif,CNV-124,test,CNV,cnv,OS,.tif,0.0002441421675030142
CNV/124/021_CNV.tif,CNV-124,test,CNV,cnv,OS,.tif,0.0003804874140769243
CNV/124/022_CNV.tif,CNV-124,test,CNV,cnv,OS,.tif,0.00026900882949121296
CNV/124/023_CNV.tif,CNV-124,test,CNV,cnv,OS,.tif,0.0002561911824159324
CNV/124/024_CNV.tif,CNV-124,test,CNV,cnv,OS,.tif,0.0003018301504198462
CNV/124/025_CNV.tif,CNV-124,test,CNV,cnv,OS,.tif,0.0002923609281424433
CNV/124/026_Drusen.tif,CNV-124,test,CNV,drusen,OS,.tif,0.00023975243675522506
CNV/124/027_Drusen.tif,CNV-124,test,CNV,drusen,OS,.tif,0.0003320362011436373
CNV/125/000_CNV.tif,CNV-125,test,CNV,cnv,OD,.tif,0.0002741822390817106
CNV/125/001_CNV.tif,CNV-125,test,CNV,cnv,OD,.tif,0.00030365693964995444
CNV/125/002_CNV.tif,CNV-125,test,CNV,cnv,OD,.tif,0.0002298699546372518
CNV/125/003_CNV.tif,CNV-125,test,CNV,cnv,OD,.tif,0.00029822351643815637
CNV/125/004_CNV.tif,CNV-125,test,CNV,cnv,OD,.tif,0.0003317843365948647
CNV/125/005_CNV.tif,CNV-125,test,CNV,cnv,OD,.tif,0.0005150443757884204
CNV/125/006_CNV.tif,CNV-125,test,CNV,cnv,OD,.tif,0.00031817523995414376
CNV/125/007_CNV.tif,CNV-125,test,CNV,cnv,OD,.tif,0.00034629556466825306
CNV/125/008_CNV.tif,CNV-125,test,CNV,cnv,OD,.tif,0.0006322608096525073
CNV/125/009_CNV.tif,CNV-125,test,CNV,cnv,OD,.tif,0.0005225799977779388
CNV/125/010_CNV.tif,CNV-125,test,CNV,cnv,OD,.tif,0.0003891907399520278
CNV/125/011_CNV.tif,CNV-125,test,CNV,cnv,OD,.tif,0.0005011138273403049
CNV/125/012_CNV.tif,CNV-125,test,CNV,cnv,OD,.tif,0.0004322568711359054
CNV/125/013_CNV.tif,CNV-125,test,CNV,cnv,OD,.tif,0.00028970648418180645
CNV/125/014_CNV.tif,CNV-125,test,CNV,cnv,OD,.tif,0.0005037630326114595
CNV/125/015_CNV.tif,CNV-125,test,CNV,cnv,OD,.tif,0.0006116724689491093
CNV/125/016_CNV.tif,CNV-125,test,CNV,cnv,OD,.tif,0.0003105732030235231
CNV/125/017_CNV.tif,CNV-125,test,CNV,cnv,OD,.tif,0.00035992637276649475
CNV/125/018_CNV.tif,CNV-125,test,CNV,cnv,OD,.tif,0.00028775198734365404
CNV/125/019_CNV.tif,CNV-125,test,CNV,cnv,OD,.tif,0.0003116598236374557
CNV/125/020_CNV.tif,CNV-125,test,CNV,cnv,OD,.tif,0.0002655569405760616
CNV/125/021_CNV.tif,CNV-125,test,CNV,cnv,OD,.tif,0.00024368151207454503
CNV/125/022_CNV.tif,CNV-125,test,CNV,cnv,OD,.tif,0.00034375142422504723
CNV/125/023_CNV.tif,CNV-125,test,CNV,cnv,OD,.tif,0.0003333188942633569
CNV/125/024_CNV.tif,CNV-125,test,CNV,cnv,OD,.tif,0.00028165936237201095
CNV/126/000_CNV.tif,CNV-126,test,CNV,cnv,OD,.tif,0.00028102274518460035
CNV/126/001_CNV.tif,CNV-126,test,CNV,cnv,OD,.tif,0.00038148288149386644
CNV/126/002_CNV.tif,CNV-126,test,CNV,cnv,OD,.tif,0.0002932491188403219
CNV/126/003_CNV.tif,CNV-126,test,CNV,cnv,OD,.tif,0.00028711717459373176
CNV/126/004_CNV.tif,CNV-126,test,CNV,cnv,OD,.tif,0.00024933661916293204
CNV/126/005_CNV.tif,CNV-126,test,CNV,cnv,OD,.tif,0.00030243094079196453
CNV/126/006_CNV.tif,CNV-126,test,CNV,cnv,OD,.tif,0.0003358509566169232
CNV/126/007_CNV.tif,CNV-126,test,CNV,cnv,OD,.tif,0.00023914490884635597
CNV/126/008_CNV.tif,CNV-126,test,CNV,cnv,OD,.tif,0.0004940415965393186
CNV/126/009_CNV.tif,CNV-126,test,CNV,cnv,OD,.tif,0.00031020562164485455
CNV/126/010_CNV.tif,CNV-126,test,CNV,cnv,OD,.tif,0.00029658261337317526
CNV/126/011_CNV.tif,CNV-126,test,CNV,cnv,OD,.tif,0.000491625745780766
CNV/126/012_CNV.tif,CNV-126,test,CNV,cnv,OD,.tif,0.0003321227850392461
CNV/126/013_CNV.tif,CNV-126,test,CNV,cnv,OD,.tif,0.0003190991119481623
CNV/126/014_CNV.tif,CNV-126,test,CNV,cnv,OD,.tif,0.0004190861072856933
CNV/126/015_CNV.tif,CNV-126,test,CNV,cnv,OD,.tif,0.00032545276917517185
CNV/126/016_CNV.tif,CNV-126,test,CNV,cnv,OD,.tif,0.00033497565891593695
CNV/126/017_CNV.tif,CNV-126,test,CNV,cnv,OD,.tif,0.00030340359080582857
CNV/126/018_CNV.tif,CNV-126,test,CNV,cnv,OD,.tif,0.00033686592360027134
CNV/126/019_CNV.tif,CNV-126,test,CNV,cnv,OD,.tif,0.0003597828617785126
CNV/126/020_CNV.tif,CNV-126,test,CNV,cnv,OD,.tif,0.00035805863444693387
CNV/126/021_CNV.tif,CNV-126,test,CNV,cnv,OD,.tif,0.00023984193103387952
CNV/126/022_CNV.tif,CNV-126,test,CNV,cnv,OD,.tif,0.00022145500406622887
CNV/126/023_CNV.tif,CNV-126,test,CNV,cnv,OD,.tif,0.0002182799216825515
CNV/126/024_CNV.tif,CNV-126,test,CNV,cnv,OD,.tif,0.00023482090909965336
CNV/126/025_CNV.tif,CNV-126,test,CNV,cnv,OD,.tif,0.0002634807606227696
CNV/126/026_CNV.tif,CNV-126,test,CNV,cnv,OD,.tif,0.0003276308998465538
CNV/126/027_CNV.tif,CNV-126,test,CNV,cnv,OD,.tif,0.00027055625105276704
CNV/126/028_Drusen.tif,CNV-126,test,CNV,drusen,OD,.tif,0.0002237487497041002
CNV/126/029_Drusen.tif,CNV-126,test,CNV,drusen,OD,.tif,0.00020403262169566005
CNV/126/030_Drusen.tif,CNV-126,test,CNV,drusen,OD,.tif,0.0002874736674129963
CNV/132/000_CNV.tif,CNV-132,test,CNV,cnv,OD,.tif,0.0004247125762049109
CNV/132/001_CNV.tif,CNV-132,test,CNV,cnv,OD,.tif,0.0003222940140403807
CNV/132/002_CNV.tif,CNV-132,test,CNV,cnv,OD,.tif,0.00034359749406576157
CNV/132/003_CNV.tif,CNV-132,test,CNV,cnv,OD,.tif,0.00030481646535918117
CNV/132/004_CNV.tif,CNV-132,test,CNV,cnv,OD,.tif,0.0003733328776434064
CNV/132/005_CNV.tif,CNV-132,test,CNV,cnv,OD,.tif,0.0003179203486070037
CNV/132/006_CNV.tif,CNV-132,test,CNV,cnv,OD,.tif,0.00019445079669822007
CNV/132/007_CNV.tif,CNV-132,test,CNV,cnv,OD,.tif,0.0003527906083036214
CNV/132/008_CNV.tif,CNV-132,test,CNV,cnv,OD,.tif,0.00043573928996920586
CNV/132/009_CNV.tif,CNV-132,test,CNV,cnv,OD,.tif,0.00043755656224675477
CNV/132/010_CNV.tif,CNV-132,test,CNV,cnv,OD,.tif,0.0005950776394456625
CNV/132/011_CNV.tif,CNV-132,test,CNV,cnv,OD,.tif,0.0005727598909288645
CNV/132/012_CNV.tif,CNV-132,test,CNV,cnv,OD,.tif,0.0005104428855702281
CNV/132/013_CNV.tif,CNV-132,test,CNV,cnv,OD,.tif,0.0008504058932885528
CNV/132/014_CNV.tif,CNV-132,test,CNV,cnv,OD,.tif,0.0005721221677958965
CNV/132/015_CNV.tif,CNV-132,test,CNV,cnv,OD,.tif,0.0003442854795139283
CNV/132/016_CNV.tif,CNV-132,test,CNV,cnv,OD,.tif,0.0005831046146340668
CNV/132/017_CNV.tif,CNV-132,test,CNV,cnv,OD,.tif,0.0002951993083115667
CNV/132/018_CNV.tif,CNV-132,test,CNV,cnv,OD,.tif,0.00042718410259112716
CNV/132/019_CNV.tif,CNV-132,test,CNV,cnv,OD,.tif,0.00020209589274600148
CNV/132/020_CNV.tif,CNV-132,test,CNV,cnv,OD,.tif,0.0002127530169673264
CNV/132/021_CNV.tif,CNV-132,test,CNV,cnv,OD,.tif,0.0002299778861925006
CNV/132/022_CNV.tif,CNV-132,test,CNV,cnv,OD,.tif,0.0002098174300044775
CNV/132/023_Drusen.tif,CNV-132,test,CNV,drusen,OD,.tif,0.0002485913864802569
CNV/132/024_Normal.tif,CNV-132,test,CNV,normal,OD,.tif,0.00023842467635404319
CNV/132/025_Drusen.tif,CNV-132,test,CNV,drusen,OD,.tif,0.0002098346594721079
CNV/132/026_Drusen.tif,CNV-132,test,CNV,drusen,OD,.tif,0.0002024611458182335
CNV/132/027_Drusen.tif,CNV-132,test,CNV,drusen,OD,.tif,0.0002466418663971126
CNV/132/028_Drusen.tif,CNV-132,test,CNV,drusen,OD,.tif,0.00026138420798815787
CNV/132/029_Normal.tif,CNV-132,test,CNV,normal,OD,.tif,0.0002892363991122693
CNV/132/030_Normal.tif,CNV-132,test,CNV,normal,OD,.tif,0.000276706472504884
CNV/134/000_CNV.tif,CNV-134,test,CNV,cnv,OS,.tif,0.00044629827607423067
CNV/134/001_CNV.tif,CNV-134,test,CNV,cnv,OS,.tif,0.00041575878276489675
CNV/134/002_CNV.tif,CNV-134,test,CNV,cnv,OS,.tif,0.000684622093103826
CNV/134/003_CNV.tif,CNV-134,test,CNV,cnv,OS,.tif,0.00038145127473399043
CNV/134/004_CNV.tif,CNV-134,test,CNV,cnv,OS,.tif,0.00032901548547670245
CNV/134/005_CNV.tif,CNV-134,test,CNV,cnv,OS,.tif,0.00037311637424863875
CNV/134/006_CNV.tif,CNV-134,test,CNV,cnv,OS,.tif,0.0003484241315163672
CNV/134/007_CNV.tif,CNV-134,test,CNV,cnv,OS,.tif,0.0008005496929399669
CNV/134/008_CNV.tif,CNV-134,test,CNV,cnv,OS,.tif,0.0005280633922666311
CNV/134/009_CNV.tif,CNV-134,test,CNV,cnv,OS,.tif,0.00044777657603845
CNV/134/010_CNV.tif,CNV-134,test,CNV,cnv,OS,.tif,0.0005785503890365362
CNV/134/011_CNV.tif,CNV-134,test,CNV,cnv,OS,.tif,0.0005268047680146992
CNV/134/012_CNV.tif,CNV-134,test,CNV,cnv,OS,.tif,0.0003636477922555059
CNV/134/013_CNV.tif,CNV-134,test,CNV,cnv,OS,.tif,0.00028592091985046864
CNV/134/014_CNV.tif,CNV-134,test,CNV,cnv,OS,.tif,0.0002870156313292682
CNV/134/015_CNV.tif,CNV-134,test,CNV,cnv,OS,.tif,0.00030877802055329084
CNV/134/016_CNV.tif,CNV-134,test,CNV,cnv,OS,.tif,0.0004152570036239922
CNV/134/017_CNV.tif,CNV-134,test,CNV,cnv,OS,.tif,0.00040023025940172374
CNV/134/018_CNV.tif,CNV-134,test,CNV,cnv,OS,.tif,0.00037035520654171705
CNV/134/019_CNV.tif,CNV-134,test,CNV,cnv,OS,.tif,0.0004349931550677866
CNV/134/020_CNV.tif,CNV-134,test,CNV,cnv,OS,.tif,0.0002699232427403331
CNV/134/021_CNV.tif,CNV-134,test,CNV,cnv,OS,.tif,0.00035341750481165946
CNV/134/022_CNV.tif,CNV-134,test,CNV,cnv,OS,.tif,0.0004500403010752052
CNV/134/023_CNV.tif,CNV-134,test,CNV,cnv,OS,.tif,0.0002558568958193064
CNV/134/024_CNV.tif,CNV-134,test,CNV,cnv,OS,.tif,0.0003786784363910556
CNV/134/025_CNV.tif,CNV-134,test,CNV,cnv,OS,.tif,0.0004191565094515681
CNV/134/026_CNV.tif,CNV-134,test,CNV,cnv,OS,.tif,0.0002509512996766716
CNV/134/027_CNV.tif,CNV-134,test,CNV,cnv,OS,.tif,0.00033943497692234814
CNV/134/028_Drusen.tif,CNV-134,test,CNV,drusen,OS,.tif,0.0003561605990398675
CNV/134/029_Drusen.tif,CNV-134,test,CNV,drusen,OS,.tif,0.0004377940495032817
CNV/134/030_Drusen.tif,CNV-134,test,CNV,drusen,OS,.tif,0.0003107429947704077
CNV/135/000_Drusen.tif,CNV-135,test,CNV,drusen,OS,.tif,0.0005015448550693691
CNV/135/001_Drusen.tif,CNV-135,test,CNV,drusen,OS,.tif,0.000263261201325804
CNV/135/002_Drusen.tif,CNV-135,test,CNV,drusen,OS,.tif,0.0002481942356098443
CNV/135/003_Drusen.tif,CNV-135,test,CNV,drusen,OS,.tif,0.00022611857275478542
CNV/135/004_Drusen.tif,CNV-135,test,CNV,drusen,OS,.tif,0.00021663264487870038
CNV/135/005_Drusen.tif,CNV-135,test,CNV,drusen,OS,.tif,0.00020084905554540455
CNV/135/006_Drusen.tif,CNV-135,test,CNV,drusen,OS,.tif,0.00021124968770891428
CNV/135/007_Drusen.tif,CNV-135,test,CNV,drusen,OS,.tif,0.0002694616268854588
CNV/135/008_Drusen.tif,CNV-135,test,CNV,drusen,OS,.tif,0.0002812218735925853
CNV/135/009_Drusen.tif,CNV-135,test,CNV,drusen,OS,.tif,0.00020773152937181294
CNV/135/010_Drusen.tif,CNV-135,test,CNV,drusen,OS,.tif,0.00032711855601519346
CNV/135/011_Drusen.tif,CNV-135,test,CNV,drusen,OS,.tif,0.00026791886193677783
CNV/135/012_CNV.tif,CNV-135,test,CNV,cnv,OS,.tif,0.0001751683885231614
CNV/135/013_CNV.tif,CNV-135,test,CNV,cnv,OS,.tif,0.00022499570332001895
CNV/135/014_CNV.tif,CNV-135,test,CNV,cnv,OS,.tif,0.0003195771714672446
CNV/135/015_CNV.tif,CNV-135,test,CNV,cnv,OS,.tif,0.00023033017350826412
CNV/135/016_CNV.tif,CNV-135,test,CNV,cnv,OS,.tif,0.00026692351093515754
CNV/135/017_CNV.tif,CNV-135,test,CNV,cnv,OS,.tif,0.0003817185643129051
CNV/135/018_CNV.tif,CNV-135,test,CNV,cnv,OS,.tif,0.0003739906824193895
CNV/135/019_CNV.tif,CNV-135,test,CNV,cnv,OS,.tif,0.0002691418631002307
CNV/135/020_CNV.tif,CNV-135,test,CNV,cnv,OS,.tif,0.0003577210009098053
CNV/135/021_CNV.tif,CNV-135,test,CNV,cnv,OS,.tif,0.0003461127635091543
CNV/135/022_Drusen.tif,CNV-135,test,CNV,drusen,OS,.tif,0.0003344182332511991
CNV/135/023_Drusen.tif,CNV-135,test,CNV,drusen,OS,.tif,0.00034920143662020564
CNV/135/024_Drusen.tif,CNV-135,test,CNV,drusen,OS,.tif,0.00019642550614662468
CNV/135/025_Drusen.tif,CNV-135,test,CNV,drusen,OS,.tif,0.00028383592143654823
CNV/135/026_Drusen.tif,CNV-135,test,CNV,drusen,OS,.tif,0.0002657888690009713
CNV/135/027_Drusen.tif,CNV-135,test,CNV,drusen,OS,.tif,0.00022804334003012627
CNV/135/028_Drusen.tif,CNV-135,test,CNV,drusen,OS,.tif,0.0003559391770977527
CNV/135/029_Drusen.tif,CNV-135,test,CNV,drusen,OS,.tif,0.0005790479481220245
CNV/135/030_Drusen.tif,CNV-135,test,CNV,drusen,OS,.tif,0.0002995806571561843
CNV/136/000_CNV.tif,CNV-136,test,CNV,cnv,OS,.tif,0.0002068898465950042
CNV/136/001_CNV.tif,CNV-136,test,CNV,cnv,OS,.tif,0.00025497155729681253
CNV/136/002_CNV.tif,CNV-136,test,CNV,cnv,OS,.tif,0.00022980428184382617
CNV/136/003_CNV.tif,CNV-136,test,CNV,cnv,OS,.tif,0.00025413359981030226
CNV/136/004_CNV.tif,CNV-136,test,CNV,cnv,OS,.tif,0.0003054504340980202
CNV/136/005_CNV.tif,CNV-136,test,CNV,cnv,OS,.tif,0.00025281644775532186
CNV/136/006_CNV.tif,CNV-136,test,CNV,cnv,OS,.tif,0.0002416113275103271
CNV/136/007_CNV.tif,CNV-136,test,CNV,cnv,OS,.tif,0.0004508066631387919
CNV/136/008_CNV.tif,CNV-136,test,CNV,cnv,OS,.tif,0.0004069156711921096
CNV/136/009_CNV.tif,CNV-136,test,CNV,cnv,OS,.tif,0.0003744354471564293
CNV/136/010_CNV.tif,CNV-136,test,CNV,cnv,OS,.tif,0.0005177514394745231
CNV/136/011_CNV.tif,CNV-136,test,CNV,cnv,OS,.tif,0.00036108348285779357
CNV/136/012_CNV.tif,CNV-136,test,CNV,cnv,OS,.tif,0.0004914802266284823
CNV/136/013_CNV.tif,CNV-136,test,CNV,cnv,OS,.tif,0.00043493224075064063
CNV/136/014_CNV.tif,CNV-136,test,CNV,cnv,OS,.tif,0.0005675257998518646
CNV/136/015_CNV.tif,CNV-136,test,CNV,cnv,OS,.tif,0.000398053671233356
CNV/136/016_CNV.tif,CNV-136,test,CNV,cnv,OS,.tif,0.0003405878960620612
CNV/136/017_CNV.tif,CNV-136,test,CNV,cnv,OS,.tif,0.0004147711442783475
CNV/136/018_CNV.tif,CNV-136,test,CNV,cnv,OS,.tif,0.0005961915012449026
CNV/136/019_CNV.tif,CNV-136,test,CNV,cnv,OS,.tif,0.0004430928092915565
CNV/136/020_CNV.tif,CNV-136,test,CNV,cnv,OS,.tif,0.00040900384192354977
CNV/136/021_CNV.tif,CNV-136,test,CNV,cnv,OS,.tif,0.00023703670012764633
CNV/136/022_CNV.tif,CNV-136,test,CNV,cnv,OS,.tif,0.00033881806302815676
CNV/136/023_CNV.tif,CNV-136,test,CNV,cnv,OS,.tif,0.0002492516068741679
CNV/136/024_CNV.tif,CNV-136,test,CNV,cnv,OS,.tif,0.000314056349452585
CNV/136/025_CNV.tif,CNV-136,test,CNV,cnv,OS,.tif,0.000342116312822327
CNV/136/026_CNV.tif,CNV-136,test,CNV,cnv,OS,.tif,0.00031072107958607376
CNV/136/027_CNV.tif,CNV-136,test,CNV,cnv,OS,.tif,0.00030598396551795304
CNV/136/028_CNV.tif,CNV-136,test,CNV,cnv,OS,.tif,0.00032908294815570116
CNV/136/029_CNV.tif,CNV-136,test,CNV,cnv,OS,.tif,0.00033048720797523856
CNV/136/030_CNV.tif,CNV-136,test,CNV,cnv,OS,.tif,0.000452073581982404
CNV/138/000_Normal.tif,CNV-138,test,CNV,normal,OD,.tif,0.00018069095676764846
CNV/138/001_Normal.tif,CNV-138,test,CNV,normal,OD,.tif,0.00016496400348842144
CNV/138/002_Normal.tif,CNV-138,test,CNV,normal,OD,.tif,0.00017211970407515764
CNV/138/003_Drusen.tif,CNV-138,test,CNV,drusen,OD,.tif,0.00025707640452310443
CNV/138/004_CNV.tif,CNV-138,test,CNV,cnv,OD,.tif,0.00019115132454317063
CNV/138/005_CNV.tif,CNV-138,test,CNV,cnv,OD,.tif,0.00031996617326512933
CNV/138/006_CNV.tif,CNV-138,test,CNV,cnv,OD,.tif,0.00030752274324186146
CNV/138/007_CNV.tif,CNV-138,test,CNV,cnv,OD,.tif,0.00027111597592011094
CNV/138/008_CNV.tif,CNV-138,test,CNV,cnv,OD,.tif,0.00033495103707537055
CNV/138/009_CNV.tif,CNV-138,test,CNV,cnv,OD,.tif,0.00021053881209809333
CNV/138/010_CNV.tif,CNV-138,test,CNV,cnv,OD,.tif,0.00020368394325487316
CNV/138/011_CNV.tif,CNV-138,test,CNV,cnv,OD,.tif,0.0004029113915748894
CNV/138/012_CNV.tif,CNV-138,test,CNV,cnv,OD,.tif,0.00035325123462826014
CNV/138/013_CNV.tif,CNV-138,test,CNV,cnv,OD,.tif,0.00042225056677125394
CNV/138/014_CNV.tif,CNV-138,test,CNV,cnv,OD,.tif,0.00046540831681340933
CNV/138/015_CNV.tif,CNV-138,test,CNV,cnv,OD,.tif,0.00037794053787365556
CNV/138/016_CNV.tif,CNV-138,test,CNV,cnv,OD,.tif,0.0003998118045274168
CNV/138/017_CNV.tif,CNV-138,test,CNV,cnv,OD,.tif,0.0003556058509275317
CNV/138/018_CNV.tif,CNV-138,test,CNV,cnv,OD,.tif,0.0003160007472615689
CNV/138/019_CNV.tif,CNV-138,test,CNV,cnv,OD,.tif,0.0003402943257242441
CNV/138/020_CNV.tif,CNV-138,test,CNV,cnv,OD,.tif,0.0003791413037106395
CNV/138/021_CNV.tif,CNV-138,test,CNV,cnv,OD,.tif,0.0004684540326707065
CNV/138/022_CNV.tif,CNV-138,test,CNV,cnv,OD,.tif,0.0007049165433272719
CNV/138/023_CNV.tif,CNV-138,test,CNV,cnv,OD,.tif,0.00035024795215576887
CNV/138/024_CNV.tif,CNV-138,test,CNV,cnv,OD,.tif,0.0002803272509481758
CNV/138/025_CNV.tif,CNV-138,test,CNV,cnv,OD,.tif,0.0002463052805978805
CNV/138/026_CNV.tif,CNV-138,test,CNV,cnv,OD,.tif,0.00041339878225699067
CNV/138/027_CNV.tif,CNV-138,test,CNV,cnv,OD,.tif,0.00024102861061692238
CNV/138/028_CNV.tif,CNV-138,test,CNV,cnv,OD,.tif,0.0002289702242705971
CNV/138/029_CNV.tif,CNV-138,test,CNV,cnv,OD,.tif,0.000287346716504544
CNV/138/030_Drusen.tif,CNV-138,test,CNV,drusen,OD,.tif,0.00029496653587557375
CNV/139/000_Normal.tif,CNV-139,test,CNV,normal,OD,.tif,0.0002212192048318684
CNV/139/001_Normal.tif,CNV-139,test,CNV,normal,OD,.tif,0.00025341397849842906
CNV/139/002_Normal.tif,CNV-139,test,CNV,normal,OD,.tif,0.0002484717406332493
CNV/139/003_Normal.tif,CNV-139,test,CNV,normal,OD,.tif,0.00017765929806046188
CNV/139/004_Normal.tif,CNV-139,test,CNV,normal,OD,.tif,0.00019877724116668105
CNV/139/005_Normal.tif,CNV-139,test,CNV,normal,OD,.tif,0.00023545967997051775
CNV/139/006_Normal.tif,CNV-139,test,CNV,normal,OD,.tif,0.0001966431736946106
CNV/139/007_Normal.tif,CNV-139,test,CNV,normal,OD,.tif,0.00016708816110622138
CNV/139/008_Drusen.tif,CNV-139,test,CNV,drusen,OD,.tif,0.0001830584224080667
CNV/139/009_CNV.tif,CNV-139,test,CNV,cnv,OD,.tif,0.000189762853551656
CNV/139/010_CNV.tif,CNV-139,test,CNV,cnv,OD,.tif,0.00035956542706117034
CNV/139/011_CNV.tif,CNV-139,test,CNV,cnv,OD,.tif,0.00029781064949929714
CNV/139/012_CNV.tif,CNV-139,test,CNV,cnv,OD,.tif,0.0004032569704577327
CNV/139/013_CNV.tif,CNV-139,test,CNV,cnv,OD,.tif,0.00024690863210707903
CNV/139/014_CNV.tif,CNV-139,test,CNV,cnv,OD,.tif,0.0002872186596505344
CNV/139/015_CNV.tif,CNV-139,test,CNV,cnv,OD,.tif,0.0002195246343035251
CNV/139/016_CNV.tif,CNV-139,test,CNV,cnv,OD,.tif,0.0002108950720867142
CNV/139/017_CNV.tif,CNV-139,test,CNV,cnv,OD,.tif,0.00022247036395128816
CNV/139/018_CNV.tif,CNV-139,test,CNV,cnv,OD,.tif,0.000271957105724141
CNV/139/019_Drusen.tif,CNV-139,test,CNV,drusen,OD,.tif,0.00031225060229189694
CNV/139/020_Normal.tif,CNV-139,test,CNV,normal,OD,.tif,0.00026997565873898566
CNV/139/021_Normal.tif,CNV-139,test,CNV,normal,OD,.tif,0.00019967039406765252
CNV/139/022_Drusen.tif,CNV-139,test,CNV,drusen,OD,.tif,0.00017981087148655206
CNV/139/023_Drusen.tif,CNV-139,test,CNV,drusen,OD,.tif,0.0002287316892761737
CNV/139/024_Drusen.tif,CNV-139,test,CNV,drusen,OD,.tif,0.0003096303844358772
CNV/139/025_Normal.tif,CNV-139,test,CNV,normal,OD,.tif,0.00023926520952954888
CNV/139/026_Drusen.tif,CNV-139,test,CNV,drusen,OD,.tif,0.00020461440726649016
CNV/139/027_Normal.tif,CNV-139,test,CNV,normal,OD,.tif,0.0002323849475942552
CNV/139/028_Normal.tif,CNV-139,test,CNV,normal,OD,.tif,0.0002107531763613224
CNV/139/029_Normal.tif,CNV-139,test,CNV,normal,OD,.tif,0.00021397754608187824
CNV/139/030_Normal.tif,CNV-139,test,CNV,normal,OD,.tif,0.00019204664567951113
CNV/143/000_Drusen.tif,CNV-143,test,CNV,drusen,OS,.tif,0.0002682725025806576
CNV/143/001_Drusen.tif,CNV-143,test,CNV,drusen,OS,.tif,0.00021523470059037209
CNV/143/002_Drusen.tif,CNV-143,test,CNV,drusen,OS,.tif,0.00020763257634826005
CNV/143/003_Drusen.tif,CNV-143,test,CNV,drusen,OS,.tif,0.00026896665804088116
CNV/143/004_Drusen.tif,CNV-143,test,CNV,drusen,OS,.tif,0.0002647582732606679
CNV/143/005_CNV.tif,CNV-143,test,CNV,cnv,OS,.tif,0.0002576299011707306
CNV/143/006_CNV.tif,CNV-143,test,CNV,cnv,OS,.tif,0.0003453161334618926
CNV/143/007_CNV.tif,CNV-143,test,CNV,cnv,OS,.tif,0.0004007623065263033
CNV/143/008_CNV.tif,CNV-143,test,CNV,cnv,OS,.tif,0.00028870574897155166
CNV/143/009_CNV.tif,CNV-143,test,CNV,cnv,OS,.tif,0.0002729102270677686
CNV/143/010_CNV.tif,CNV-143,test,CNV,cnv,OS,.tif,0.0005097013781778514
CNV/143/011_CNV.tif,CNV-143,test,CNV,cnv,OS,.tif,0.0004917948972433805
CNV/143/012_CNV.tif,CNV-143,test,CNV,cnv,OS,.tif,0.0004775365814566612
CNV/143/013_CNV.tif,CNV-143,test,CNV,cnv,OS,.tif,0.00042256980668753386
CNV/143/014_CNV.tif,CNV-143,test,CNV,cnv,OS,.tif,0.0005861450918018818
CNV/143/015_CNV.tif,CNV-143,test,CNV,cnv,OS,.tif,0.0007261740975081921
CNV/143/016_CNV.tif,CNV-143,test,CNV,cnv,OS,.tif,0.0006560575566254556
CNV/143/017_CNV.tif,CNV-143,test,CNV,cnv,OS,.tif,0.0005264924257062376
CNV/143/018_CNV.tif,CNV-143,test,CNV,cnv,OS,.tif,0.0004044816305395216
CNV/143/019_CNV.tif,CNV-143,test,CNV,cnv,OS,.tif,0.000477989437058568
CNV/143/020_CNV.tif,CNV-143,test,CNV,cnv,OS,.tif,0.00034206133568659425
CNV/143/021_CNV.tif,CNV-143,test,CNV,cnv,OS,.tif,0.0004884935915470123
CNV/143/022_CNV.tif,CNV-143,test,CNV,cnv,OS,.tif,0.0002882051048800349
CNV/143/023_CNV.tif,CNV-143,test,CNV,cnv,OS,.tif,0.00020286013022996485
CNV/143/024_CNV.tif,CNV-143,test,CNV,cnv,OS,.tif,0.00021325232228264213
CNV/143/025_CNV.tif,CNV-143,test,CNV,cnv,OS,.tif,0.0003000970173161477
CNV/143/026_CNV.tif,CNV-143,test,CNV,cnv,OS,.tif,0.00019926259119529277
CNV/143/027_CNV.tif,CNV-143,test,CNV,cnv,OS,.tif,0.00021793265477754176
CNV/143/028_CNV.tif,CNV-143,test,CNV,cnv,OS,.tif,0.0001733407989377156
CNV/143/029_CNV.tif,CNV-143,test,CNV,cnv,OS,.tif,0.00019362586317583919
CNV/143/030_Drusen.tif,CNV-143,test,CNV,drusen,OS,.tif,0.00017888160073198378
CNV/144/000_Drusen.tif,CNV-144,test,CNV,drusen,OD,.tif,0.00027400656836107373
CNV/144/001_Drusen.tif,CNV-144,test,CNV,drusen,OD,.tif,0.00025536344037391245
CNV/144/002_Drusen.tif,CNV-144,test,CNV,drusen,OD,.tif,0.00016465231601614505
CNV/144/003_CNV.tif,CNV-144,test,CNV,cnv,OD,.tif,0.00019839577726088464
CNV/144/004_CNV.tif,CNV-144,test,CNV,cnv,OD,.tif,0.0002331978757865727
CNV/144/005_CNV.tif,CNV-144,test,CNV,cnv,OD,.tif,0.00026421499205753207
CNV/144/006_CNV.tif,CNV-144,test,CNV,cnv,OD,.tif,0.00026254652766510844
CNV/144/007_CNV.tif,CNV-144,test,CNV,cnv,OD,.tif,0.0001989669253816828
CNV/144/008_CNV.tif,CNV-144,test,CNV,cnv,OD,.tif,0.00019565293041523546
CNV/144/009_CNV.tif,CNV-144,test,CNV,cnv,OD,.tif,0.00023615325335413218
CNV/144/010_CNV.tif,CNV-144,test,CNV,cnv,OD,.tif,0.00031365035101771355
CNV/144/011_CNV.tif,CNV-144,test,CNV,cnv,OD,.tif,0.0003694348852150142
CNV/144/012_CNV.tif,CNV-144,test,CNV,cnv,OD,.tif,0.0003510488895699382
CNV/144/013_CNV.tif,CNV-144,test,CNV,cnv,OD,.tif,0.00038421142380684614
CNV/144/014_CNV.tif,CNV-144,test,CNV,cnv,OD,.tif,0.0003164170775562525
CNV/144/015_CNV.tif,CNV-144,test,CNV,cnv,OD,.tif,0.0003390703641343862
CNV/144/016_CNV.tif,CNV-144,test,CNV,cnv,OD,.tif,0.0002931065973825753
CNV/144/017_CNV.tif,CNV-144,test,CNV,cnv,OD,.tif,0.00020218468853272498
CNV/144/018_CNV.tif,CNV-144,test,CNV,cnv,OD,.tif,0.0002449025632813573
CNV/144/019_CNV.tif,CNV-144,test,CNV,cnv,OD,.tif,0.00027141114696860313
CNV/144/020_CNV.tif,CNV-144,test,CNV,cnv,OD,.tif,0.00018489433568902314
CNV/144/021_Drusen.tif,CNV-144,test,CNV,drusen,OD,.tif,0.0002147781488019973
CNV/144/022_Drusen.tif,CNV-144,test,CNV,drusen,OD,.tif,0.00023783640062902123
CNV/144/023_Drusen.tif,CNV-144,test,CNV,drusen,OD,.tif,0.00027335205231793225
CNV/144/024_Drusen.tif,CNV-144,test,CNV,drusen,OD,.tif,0.0002938814868684858
CNV/144/025_Drusen.tif,CNV-144,test,CNV,drusen,OD,.tif,0.0003479182778391987
CNV/144/026_Drusen.tif,CNV-144,test,CNV,drusen,OD,.tif,0.00036017061211168766
CNV/144/027_Drusen.tif,CNV-144,test,CNV,drusen,OD,.tif,0.00021646718960255384
CNV/144/028_Drusen.tif,CNV-144,test,CNV,drusen,OD,.tif,0.0002342789521208033
CNV/144/029_Normal.tif,CNV-144,test,CNV,normal,OD,.tif,0.0002660389000084251
CNV/144/030_Drusen.tif,CNV-144,test,CNV,drusen,OD,.tif,0.00030938227428123355
CNV/145/000_CNV.tif,CNV-145,test,CNV,cnv,OS,.tif,0.0002868639421649277
CNV/145/001_CNV.tif,CNV-145,test,CNV,cnv,OS,.tif,0.00034186424454674125
CNV/145/002_CNV.tif,CNV-145,test,CNV,cnv,OS,.tif,0.0003537011507432908
CNV/145/003_CNV.tif,CNV-145,test,CNV,cnv,OS,.tif,0.00044831394916400313
CNV/145/004_CNV.tif,CNV-145,test,CNV,cnv,OS,.tif,0.0005039964453317225
CNV/145/005_CNV.tif,CNV-145,test,CNV,cnv,OS,.tif,0.0005821380764245987
CNV/145/006_CNV.tif,CNV-145,test,CNV,cnv,OS,.tif,0.0004249668854754418
CNV/145/007_CNV.tif,CNV-145,test,CNV,cnv,OS,.tif,0.0004186837177257985
CNV/145/008_CNV.tif,CNV-145,test,CNV,cnv,OS,.tif,0.0005356813780963421
CNV/145/009_CNV.tif,CNV-145,test,CNV,cnv,OS,.tif,0.00028981862124055624
CNV/145/010_CNV.tif,CNV-145,test,CNV,cnv,OS,.tif,0.00032134848879650235
CNV/145/011_CNV.tif,CNV-145,test,CNV,cnv,OS,.tif,0.00043966766679659486
CNV/145/012_CNV.tif,CNV-145,test,CNV,cnv,OS,.tif,0.0004900965141132474
CNV/145/013_CNV.tif,CNV-145,test,CNV,cnv,OS,.tif,0.00043782213469967246
CNV/145/014_CNV.tif,CNV-145,test,CNV,cnv,OS,.tif,0.0003417196567170322
CNV/145/015_CNV.tif,CNV-145,test,CNV,cnv,OS,.tif,0.0003413720696698874
CNV/145/016_CNV.tif,CNV-145,test,CNV,cnv,OS,.tif,0.000335370481479913
CNV/145/017_CNV.tif,CNV-145,test,CNV,cnv,OS,.tif,0.0003810042981058359
CNV/145/018_CNV.tif,CNV-145,test,CNV,cnv,OS,.tif,0.00043378351256251335
CNV/145/019_CNV.tif,CNV-145,test,CNV,cnv,OS,.tif,0.0002796532935462892
CNV/145/020_CNV.tif,CNV-145,test,CNV,cnv,OS,.tif,0.0004989735316485167
CNV/145/021_CNV.tif,CNV-145,test,CNV,cnv,OS,.tif,0.00026799298939295113
CNV/145/022_CNV.tif,CNV-145,test,CNV,cnv,OS,.tif,0.00031880385358817875
CNV/145/023_CNV.tif,CNV-145,test,CNV,cnv,OS,.tif,0.0003506179782561958
CNV/145/024_CNV.tif,CNV-145,test,CNV,cnv,OS,.tif,0.00029690260998904705
CNV/145/025_CNV.tif,CNV-145,test,CNV,cnv,OS,.tif,0.0002454850764479488
CNV/145/026_CNV.tif,CNV-145,test,CNV,cnv,OS,.tif,0.00023136730305850506
CNV/145/027_CNV.tif,CNV-145,test,CNV,cnv,OS,.tif,0.0003033082466572523
CNV/145/028_CNV.tif,CNV-145,test,CNV,cnv,OS,.tif,0.0004803878837265074
CNV/148/000_CNV.tif,CNV-148,test,CNV,cnv,OD,.tif,0.0005254378775134683
CNV/148/001_CNV.tif,CNV-148,test,CNV,cnv,OD,.tif,0.0003034916298929602
CNV/148/002_CNV.tif,CNV-148,test,CNV,cnv,OD,.tif,0.0004165865248069167
CNV/148/003_CNV.tif,CNV-148,test,CNV,cnv,OD,.tif,0.00037612736923620105
CNV/148/004_CNV.tif,CNV-148,test,CNV,cnv,OD,.tif,0.0003896194975823164
CNV/148/005_CNV.tif,CNV-148,test,CNV,cnv,OD,.tif,0.00048562054871581495
CNV/148/006_CNV.tif,CNV-148,test,CNV,cnv,OD,.tif,0.0004652771167457104
CNV/148/007_CNV.tif,CNV-148,test,CNV,cnv,OD,.tif,0.0004149888700339943
CNV/148/008_CNV.tif,CNV-148,test,CNV,cnv,OD,.tif,0.00037448928924277425
CNV/148/009_CNV.tif,CNV-148,test,CNV,cnv,OD,.tif,0.00042224256321787834
CNV/148/010_CNV.tif,CNV-148,test,CNV,cnv,OD,.tif,0.0003811043279711157
CNV/148/011_CNV.tif,CNV-148,test,CNV,cnv,OD,.tif,0.0005254097050055861
CNV/148/012_CNV.tif,CNV-148,test,CNV,cnv,OD,.tif,0.0004859234031755477
CNV/148/013_CNV.tif,CNV-148,test,CNV,cnv,OD,.tif,0.0005079209804534912
CNV/148/014_CNV.tif,CNV-148,test,CNV,cnv,OD,.tif,0.0005861285608261824
CNV/148/015_CNV.tif,CNV-148,test,CNV,cnv,OD,.tif,0.0005344828823581338
CNV/148/016_CNV.tif,CNV-148,test,CNV,cnv,OD,.tif,0.00040010741213336587
CNV/148/017_CNV.tif,CNV-148,test,CNV,cnv,OD,.tif,0.00044760204036720097
CNV/148/018_CNV.tif,CNV-148,test,CNV,cnv,OD,.tif,0.0004411550471559167
CNV/148/019_CNV.tif,CNV-148,test,CNV,cnv,OD,.tif,0.0004743399331346154
CNV/148/020_CNV.tif,CNV-148,test,CNV,cnv,OD,.tif,0.0003641100483946502
CNV/148/021_CNV.tif,CNV-148,test,CNV,cnv,OD,.tif,0.0003318431554362178
CNV/148/022_CNV.tif,CNV-148,test,CNV,cnv,OD,.tif,0.00039926153840497136
CNV/148/023_CNV.tif,CNV-148,test,CNV,cnv,OD,.tif,0.0003960424801334739
CNV/148/024_CNV.tif,CNV-148,test,CNV,cnv,OD,.tif,0.0003426531911827624
CNV/148/025_CNV.tif,CNV-148,test,CNV,cnv,OD,.tif,0.0005289946566335857
CNV/148/026_CNV.tif,CNV-148,test,CNV,cnv,OD,.tif,0.0002202000468969345
CNV/148/027_CNV.tif,CNV-148,test,CNV,cnv,OD,.tif,0.00042151458910666406
CNV/148/028_Normal.tif,CNV-148,test,CNV,normal,OD,.tif,0.00032258740975521505
CNV/148/029_Normal.tif,CNV-148,test,CNV,normal,OD,.tif,0.00026003230595961213
CNV/148/030_Normal.tif,CNV-148,test,CNV,normal,OD,.tif,0.0003813417279161513
CNV/149/000_Drusen.tif,CNV-149,test,CNV,drusen,OD,.tif,0.00025469710817560554
CNV/149/001_Drusen.tif,CNV-149,test,CNV,drusen,OD,.tif,0.0001999487867578864
CNV/149/002_CNV.tif,CNV-149,test,CNV,cnv,OD,.tif,0.0001469366834498942
CNV/149/003_CNV.tif,CNV-149,test,CNV,cnv,OD,.tif,0.0002175754343625158
CNV/149/004_CNV.tif,CNV-149,test,CNV,cnv,OD,.tif,0.00023567995231132954
CNV/149/005_CNV.tif,CNV-149,test,CNV,cnv,OD,.tif,0.0002924881118815392
CNV/149/006_CNV.tif,CNV-149,test,CNV,cnv,OD,.tif,0.0002883019333239645
CNV/149/007_CNV.tif,CNV-149,test,CNV,cnv,OD,.tif,0.000443287193775177
CNV/149/008_CNV.tif,CNV-149,test,CNV,cnv,OD,.tif,0.00028347730403766036
CNV/149/009_CNV.tif,CNV-149,test,CNV,cnv,OD,.tif,0.00029547439771704376
CNV/149/010_CNV.tif,CNV-149,test,CNV,cnv,OD,.tif,0.00030147453071549535
CNV/149/011_CNV.tif,CNV-149,test,CNV,cnv,OD,.tif,0.00028724997537210584
CNV/149/012_CNV.tif,CNV-149,test,CNV,cnv,OD,.tif,0.0002614632248878479
CNV/149/013_CNV.tif,CNV-149,test,CNV,cnv,OD,.tif,0.0003100592002738267
CNV/149/014_CNV.tif,CNV-149,test,CNV,cnv,OD,.tif,0.00031786179170012474
CNV/149/015_CNV.tif,CNV-149,test,CNV,cnv,OD,.tif,0.00023747747763991356
CNV/149/016_CNV.tif,CNV-149,test,CNV,cnv,OD,.tif,0.00032115483190864325
CNV/149/017_CNV.tif,CNV-149,test,CNV,cnv,OD,.tif,0.0004589797754306346
CNV/149/018_CNV.tif,CNV-149,test,CNV,cnv,OD,.tif,0.00032471612212248147
CNV/149/019_CNV.tif,CNV-149,test,CNV,cnv,OD,.tif,0.0004130644374527037
CNV/149/020_CNV.tif,CNV-149,test,CNV,cnv,OD,.tif,0.0004992568865418434
CNV/149/021_CNV.tif,CNV-149,test,CNV,cnv,OD,.tif,0.0005004016566090286
CNV/149/022_CNV.tif,CNV-149,test,CNV,cnv,OD,.tif,0.00037213717587292194
CNV/149/023_CNV.tif,CNV-149,test,CNV,cnv,OD,.tif,0.0003108601667918265
CNV/149/024_CNV.tif,CNV-149,test,CNV,cnv,OD,.tif,0.0002348670968785882
CNV/149/025_CNV.tif,CNV-149,test,CNV,cnv,OD,.tif,0.00018066729535348713
CNV/149/026_CNV.tif,CNV-149,test,CNV,cnv,OD,.tif,0.0002683268685359508
CNV/149/027_CNV.tif,CNV-149,test,CNV,cnv,OD,.tif,0.00023502986005041748
CNV/149/028_CNV.tif,CNV-149,test,CNV,cnv,OD,.tif,0.00022799457656219602
CNV/149/029_Normal.tif,CNV-149,test,CNV,normal,OD,.tif,0.00016371154924854636
CNV/149/030_Normal.tif,CNV-149,test,CNV,normal,OD,.tif,0.00014595937682315707
CNV/152/000_CNV.tif,CNV-152,test,CNV,cnv,OS,.tif,0.0003069921222049743
CNV/152/001_CNV.tif,CNV-152,test,CNV,cnv,OS,.tif,0.00024083587049972266
CNV/152/002_CNV.tif,CNV-152,test,CNV,cnv,OS,.tif,0.00024923781165853143
CNV/152/003_CNV.tif,CNV-152,test,CNV,cnv,OS,.tif,0.0004887577379122376
CNV/152/004_CNV.tif,CNV-152,test,CNV,cnv,OS,.tif,0.000321378989610821
CNV/152/005_CNV.tif,CNV-152,test,CNV,cnv,OS,.tif,0.0003573198046069592
CNV/152/006_CNV.tif,CNV-152,test,CNV,cnv,OS,.tif,0.0003824608866125345
CNV/152/007_CNV.tif,CNV-152,test,CNV,cnv,OS,.tif,0.0002476510126143694
CNV/152/008_CNV.tif,CNV-152,test,CNV,cnv,OS,.tif,0.0005181543529033661
CNV/152/009_CNV.tif,CNV-152,test,CNV,cnv,OS,.tif,0.00029435090254992247
CNV/152/010_CNV.tif,CNV-152,test,CNV,cnv,OS,.tif,0.00027832621708512306
CNV/152/011_CNV.tif,CNV-152,test,CNV,cnv,OS,.tif,0.0003201176587026566
CNV/152/012_CNV.tif,CNV-152,test,CNV,cnv,OS,.tif,0.000245118688326329
CNV/152/013_CNV.tif,CNV-152,test,CNV,cnv,OS,.tif,0.0002245092618977651
CNV/152/014_CNV.tif,CNV-152,test,CNV,cnv,OS,.tif,0.00033146265195682645
CNV/152/015_CNV.tif,CNV-152,test,CNV,cnv,OS,.tif,0.00021570015815086663
CNV/152/016_CNV.tif,CNV-152,test,CNV,cnv,OS,.tif,0.00030814402271062136
CNV/152/017_CNV.tif,CNV-152,test,CNV,cnv,OS,.tif,0.00035372725687921047
CNV/152/018_Normal.tif,CNV-152,test,CNV,normal,OS,.tif,0.0003628901904448867
CNV/152/019_Normal.tif,CNV-152,test,CNV,normal,OS,.tif,0.00027955195400863886
CNV/152/020_Drusen.tif,CNV-152,test,CNV,drusen,OS,.tif,0.0004657795070670545
CNV/152/021_Drusen.tif,CNV-152,test,CNV,drusen,OS,.tif,0.00032361759804189205
CNV/152/022_Normal.tif,CNV-152,test,CNV,normal,OS,.tif,0.0005135625833645463
CNV/152/023_Normal.tif,CNV-152,test,CNV,normal,OS,.tif,0.00024561601458117366
CNV/152/024_Normal.tif,CNV-152,test,CNV,normal,OS,.tif,0.0003619648050516844
CNV/152/025_Normal.tif,CNV-152,test,CNV,normal,OS,.tif,0.0002654135168995708
CNV/152/026_Normal.tif,CNV-152,test,CNV,normal,OS,.tif,0.0002484779106453061
CNV/152/027_Normal.tif,CNV-152,test,CNV,normal,OS,.tif,0.0003048514190595597
CNV/152/028_Normal.tif,CNV-152,test,CNV,normal,OS,.tif,0.00031213255715556443
CNV/152/029_Normal.tif,CNV-152,test,CNV,normal,OS,.tif,0.0002636118733789772
CNV/152/030_Normal.tif,CNV-152,test,CNV,normal,OS,.tif,0.00020956448861397803
CNV/153/000_CNV.tif,CNV-153,test,CNV,cnv,OS,.tif,0.0002709526161197573
CNV/153/001_CNV.tif,CNV-153,test,CNV,cnv,OS,.tif,0.00023177440743893385
CNV/153/002_CNV.tif,CNV-153,test,CNV,cnv,OS,.tif,0.00032075465423986316
CNV/153/003_CNV.tif,CNV-153,test,CNV,cnv,OS,.tif,0.0003285825077909976
CNV/153/004_CNV.tif,CNV-153,test,CNV,cnv,OS,.tif,0.0002443524426780641
CNV/153/005_CNV.tif,CNV-153,test,CNV,cnv,OS,.tif,0.00024092876992654055
CNV/153/006_CNV.tif,CNV-153,test,CNV,cnv,OS,.tif,0.00022253903443925083
CNV/153/007_CNV.tif,CNV-153,test,CNV,cnv,OS,.tif,0.0001566884748172015
CNV/153/008_CNV.tif,CNV-153,test,CNV,cnv,OS,.tif,0.00030322454404085875
CNV/153/009_CNV.tif,CNV-153,test,CNV,cnv,OS,.tif,0.00031868417863734066
CNV/153/010_CNV.tif,CNV-153,test,CNV,cnv,OS,.tif,0.0004315958940424025
CNV/153/011_CNV.tif,CNV-153,test,CNV,cnv,OS,.tif,0.0003576678573153913
CNV/153/012_CNV.tif,CNV-153,test,CNV,cnv,OS,.tif,0.00030418680398724973
CNV/153/013_CNV.tif,CNV-153,test,CNV,cnv,OS,.tif,0.00028643611585721374
CNV/153/014_CNV.tif,CNV-153,test,CNV,cnv,OS,.tif,0.00024514272809028625
CNV/153/015_CNV.tif,CNV-153,test,CNV,cnv,OS,.tif,0.00022461189655587077
CNV/153/016_CNV.tif,CNV-153,test,CNV,cnv,OS,.tif,0.0002966201864182949
CNV/153/017_CNV.tif,CNV-153,test,CNV,cnv,OS,.tif,0.00022681760310661048
CNV/153/018_CNV.tif,CNV-153,test,CNV,cnv,OS,.tif,0.00026677368441596627
CNV/153/019_CNV.tif,CNV-153,test,CNV,cnv,OS,.tif,0.0003363792784512043
CNV/153/020_CNV.tif,CNV-153,test,CNV,cnv,OS,.tif,0.0002898784587159753
CNV/153/021_CNV.tif,CNV-153,test,CNV,cnv,OS,.tif,0.00023862419766373932
CNV/153/022_CNV.tif,CNV-153,test,CNV,cnv,OS,.tif,0.0002873721532523632
CNV/153/023_CNV.tif,CNV-153,test,CNV,cnv,OS,.tif,0.000298875238513574
CNV/153/024_Drusen.tif,CNV-153,test,CNV,drusen,OS,.tif,0.00028257438680157065
CNV/153/025_Drusen.tif,CNV-153,test,CNV,drusen,OS,.tif,0.000316042045596987
CNV/153/026_Drusen.tif,CNV-153,test,CNV,drusen,OS,.tif,0.0006146302330307662
CNV/153/027_Drusen.tif,CNV-153,test,CNV,drusen,OS,.tif,0.00022915349109098315
CNV/153/028_Drusen.tif,CNV-153,test,CNV,drusen,OS,.tif,0.00023282987240236253
CNV/153/029_Drusen.tif,CNV-153,test,CNV,drusen,OS,.tif,0.00037653703475371003
CNV/153/030_Drusen.tif,CNV-153,test,CNV,drusen,OS,.tif,0.00027714783209376037
CNV/154/000_Drusen.tif,CNV-154,test,CNV,drusen,OS,.tif,0.000300367537420243
CNV/154/001_Drusen.tif,CNV-154,test,CNV,drusen,OS,.tif,0.0003637862391769886
CNV/154/002_Drusen.tif,CNV-154,test,CNV,drusen,OS,.tif,0.0002788950514513999
CNV/154/003_Drusen.tif,CNV-154,test,CNV,drusen,OS,.tif,0.0002626483328640461
CNV/154/004_Drusen.tif,CNV-154,test,CNV,drusen,OS,.tif,0.0002290829725097865
CNV/154/005_Drusen.tif,CNV-154,test,CNV,drusen,OS,.tif,0.0002577716950327158
CNV/154/006_Drusen.tif,CNV-154,test,CNV,drusen,OS,.tif,0.0003747249720618129
CNV/154/007_Drusen.tif,CNV-154,test,CNV,drusen,OS,.tif,0.0002649049274623394
CNV/154/008_Drusen.tif,CNV-154,test,CNV,drusen,OS,.tif,0.000321178522426635
CNV/154/009_Drusen.tif,CNV-154,test,CNV,drusen,OS,.tif,0.0003023178724106401
CNV/154/010_CNV.tif,CNV-154,test,CNV,cnv,OS,.tif,0.0004002451023552567
CNV/154/011_CNV.tif,CNV-154,test,CNV,cnv,OS,.tif,0.0002942161518149078
CNV/154/012_CNV.tif,CNV-154,test,CNV,cnv,OS,.tif,0.0003495544660836458
CNV/154/013_CNV.tif,CNV-154,test,CNV,cnv,OS,.tif,0.000336157507263124
CNV/154/014_CNV.tif,CNV-154,test,CNV,cnv,OS,.tif,0.00028515764279291034
CNV/154/015_CNV.tif,CNV-154,test,CNV,cnv,OS,.tif,0.000373302202206105
CNV/154/016_CNV.tif,CNV-154,test,CNV,cnv,OS,.tif,0.00028711670893244445
CNV/154/017_CNV.tif,CNV-154,test,CNV,cnv,OS,.tif,0.00024387241865042597
CNV/154/018_CNV.tif,CNV-154,test,CNV,cnv,OS,.tif,0.0003241196973249316
CNV/154/019_Drusen.tif,CNV-154,test,CNV,drusen,OS,.tif,0.00016508372209500521
CNV/154/020_Drusen.tif,CNV-154,test,CNV,drusen,OS,.tif,0.00026679865550249815
CNV/154/021_Drusen.tif,CNV-154,test,CNV,drusen,OS,.tif,0.00048050907207652926
CNV/154/022_Drusen.tif,CNV-154,test,CNV,drusen,OS,.tif,0.0002656257420312613
CNV/154/023_Drusen.tif,CNV-154,test,CNV,drusen,OS,.tif,0.000262525980360806
CNV/154/024_Drusen.tif,CNV-154,test,CNV,drusen,OS,.tif,0.0003695411724038422
CNV/154/025_Drusen.tif,CNV-154,test,CNV,drusen,OS,.tif,0.00025475482107140124
CNV/154/026_Drusen.tif,CNV-154,test,CNV,drusen,OS,.tif,0.00020834378665313125
CNV/154/027_Drusen.tif,CNV-154,test,CNV,drusen,OS,.tif,0.00035303126787766814
CNV/154/028_Drusen.tif,CNV-154,test,CNV,drusen,OS,.tif,0.00023476977366954088
CNV/154/029_Drusen.tif,CNV-154,test,CNV,drusen,OS,.tif,0.0002342728985240683
CNV/154/030_Drusen.tif,CNV-154,test,CNV,drusen,OS,.tif,0.00022483832435682416
CNV/157/000_Drusen.tif,CNV-157,test,CNV,drusen,OS,.tif,0.0003328134771436453
CNV/157/001_Drusen.tif,CNV-157,test,CNV,drusen,OS,.tif,0.0003390614001546055
CNV/157/002_Drusen.tif,CNV-157,test,CNV,drusen,OS,.tif,0.0001843669597292319
CNV/157/003_Drusen.tif,CNV-157,test,CNV,drusen,OS,.tif,0.00019166848505847156
CNV/157/004_Normal.tif,CNV-157,test,CNV,normal,OS,.tif,0.0002256237785331905
CNV/157/005_Drusen.tif,CNV-157,test,CNV,drusen,OS,.tif,0.00032247352646663785
CNV/157/006_CNV.tif,CNV-157,test,CNV,cnv,OS,.tif,0.0002758398768492043
CNV/157/007_CNV.tif,CNV-157,test,CNV,cnv,OS,.tif,0.0002206814824603498
CNV/157/008_CNV.tif,CNV-157,test,CNV,cnv,OS,.tif,0.00032042694510892034
CNV/157/009_CNV.tif,CNV-157,test,CNV,cnv,OS,.tif,0.00035686427145265043
CNV/157/010_CNV.tif,CNV-157,test,CNV,cnv,OS,.tif,0.0003602823708206415
CNV/157/011_CNV.tif,CNV-157,test,CNV,cnv,OS,.tif,0.00027049746131524444
CNV/157/012_CNV.tif,CNV-157,test,CNV,cnv,OS,.tif,0.000308414688333869
CNV/157/013_CNV.tif,CNV-157,test,CNV,cnv,OS,.tif,0.00029894395265728235
CNV/157/014_CNV.tif,CNV-157,test,CNV,cnv,OS,.tif,0.00040381329017691314
CNV/157/015_CNV.tif,CNV-157,test,CNV,cnv,OS,.tif,0.0004134955524932593
CNV/157/016_CNV.tif,CNV-157,test,CNV,cnv,OS,.tif,0.0003119401808362454
CNV/157/017_CNV.tif,CNV-157,test,CNV,cnv,OS,.tif,0.0002616327547002584
CNV/157/018_CNV.tif,CNV-157,test,CNV,cnv,OS,.tif,0.000247112795477733
CNV/157/019_CNV.tif,CNV-157,test,CNV,cnv,OS,.tif,0.00031460891477763653
CNV/157/020_Drusen.tif,CNV-157,test,CNV,drusen,OS,.tif,0.0002843855181708932
CNV/157/021_Drusen.tif,CNV-157,test,CNV,drusen,OS,.tif,0.0003860861761495471
CNV/157/022_Drusen.tif,CNV-157,test,CNV,drusen,OS,.tif,0.00018390617333352566
CNV/157/023_Drusen.tif,CNV-157,test,CNV,drusen,OS,.tif,0.00021124735940247774
CNV/157/024_Drusen.tif,CNV-157,test,CNV,drusen,OS,.tif,0.000254675280302763
DRUSEN/1/000_Normal.jpg,DRUSEN-001,test,DRUSEN,normal,OD,.jpg,0.00022928774706088006
DRUSEN/1/001_Normal.jpg,DRUSEN-001,test,DRUSEN,normal,OD,.jpg,0.00018345731950830668
DRUSEN/1/002_Normal.jpg,DRUSEN-001,test,DRUSEN,normal,OD,.jpg,0.0004827757948078215
DRUSEN/1/003_Normal.jpg,DRUSEN-001,test,DRUSEN,normal,OD,.jpg,0.00028350649517960846
DRUSEN/1/004_Drusen.jpg,DRUSEN-001,test,DRUSEN,drusen,OD,.jpg,0.0003473385877441615
DRUSEN/1/005_Drusen.jpg,DRUSEN-001,test,DRUSEN,drusen,OD,.jpg,0.00022507035464514047
DRUSEN/1/006_Normal.jpg,DRUSEN-001,test,DRUSEN,normal,OD,.jpg,0.0002774806634988636
DRUSEN/1/007_Normal.jpg,DRUSEN-001,test,DRUSEN,normal,OD,.jpg,0.00027785738348029554
DRUSEN/1/008_Normal.jpg,DRUSEN-001,test,DRUSEN,normal,OD,.jpg,0.0002589101204648614
DRUSEN/1/009_Normal.jpg,DRUSEN-001,test,DRUSEN,normal,OD,.jpg,0.00022085879754740745
DRUSEN/1/010_Normal.jpg,DRUSEN-001,test,DRUSEN,normal,OD,.jpg,0.00042956735705956817
DRUSEN/1/011_Drusen.jpg,DRUSEN-001,test,DRUSEN,drusen,OD,.jpg,0.0004590516909956932
DRUSEN/1/012_Normal.jpg,DRUSEN-001,test,DRUSEN,normal,OD,.jpg,0.0002846923307515681
DRUSEN/1/013_Normal.jpg,DRUSEN-001,test,DRUSEN,normal,OD,.jpg,0.00031586323166266084
DRUSEN/1/014_Normal.jpg,DRUSEN-001,test,DRUSEN,normal,OD,.jpg,0.00030151609098538756
DRUSEN/1/015_Normal.jpg,DRUSEN-001,test,DRUSEN,normal,OD,.jpg,0.0003320029645692557
DRUSEN/1/016_Normal.jpg,DRUSEN-001,test,DRUSEN,normal,OD,.jpg,0.00032489889417774975
DRUSEN/1/017_Normal.jpg,DRUSEN-001,test,DRUSEN,normal,OD,.jpg,0.00034993194276466966
DRUSEN/1/018_Normal.jpg,DRUSEN-001,test,DRUSEN,normal,OD,.jpg,0.0002896012447308749
DRUSEN/1/019_Normal.jpg,DRUSEN-001,test,DRUSEN,normal,OD,.jpg,0.00021357869263738394
DRUSEN/1/020_Drusen.jpg,DRUSEN-001,test,DRUSEN,drusen,OD,.jpg,0.000266962219029665
DRUSEN/1/021_Drusen.jpg,DRUSEN-001,test,DRUSEN,drusen,OD,.jpg,0.0003008634957950562
DRUSEN/1/022_Normal.jpg,DRUSEN-001,test,DRUSEN,normal,OD,.jpg,0.0002941979910247028
DRUSEN/1/023_Normal.jpg,DRUSEN-001,test,DRUSEN,normal,OD,.jpg,0.00027115136617794633
DRUSEN/1/024_Normal.jpg,DRUSEN-001,test,DRUSEN,normal,OD,.jpg,0.00032960486714728177
DRUSEN/2/000_Normal.jpg,DRUSEN-002,test,DRUSEN,normal,OD,.jpg,0.00021230935817584395
DRUSEN/2/001_Normal.jpg,DRUSEN-002,test,DRUSEN,normal,OD,.jpg,0.00021060561994090676
DRUSEN/2/002_Normal.jpg,DRUSEN-002,test,DRUSEN,normal,OD,.jpg,0.0003133626887574792
DRUSEN/2/003_Normal.jpg,DRUSEN-002,test,DRUSEN,normal,OD,.jpg,0.0002306227688677609
DRUSEN/2/004_Normal.jpg,DRUSEN-002,test,DRUSEN,normal,OD,.jpg,0.00023072035401128232
DRUSEN/2/005_Normal.jpg,DRUSEN-002,test,DRUSEN,normal,OD,.jpg,0.00024082447635009885
DRUSEN/2/006_Normal.jpg,DRUSEN-002,test,DRUSEN,normal,OD,.jpg,0.0001935489708557725
DRUSEN/2/007_Drusen.jpg,DRUSEN-002,test,DRUSEN,drusen,OD,.jpg,0.0001606203441042453
DRUSEN/2/008_Drusen.jpg,DRUSEN-002,test,DRUSEN,drusen,OD,.jpg,0.00030895572854205966
DRUSEN/2/009_Drusen.jpg,DRUSEN-002,test,DRUSEN,drusen,OD,.jpg,0.00019863586931023747
DRUSEN/2/010_Normal.jpg,DRUSEN-002,test,DRUSEN,normal,OD,.jpg,0.0002683799830265343
DRUSEN/2/011_Drusen.jpg,DRUSEN-002,test,DRUSEN,drusen,OD,.jpg,0.0002480784896761179
DRUSEN/2/012_Drusen.jpg,DRUSEN-002,test,DRUSEN,drusen,OD,.jpg,0.0002749711857177317
DRUSEN/2/013_Drusen.jpg,DRUSEN-002,test,DRUSEN,drusen,OD,.jpg,0.0003165195812471211
DRUSEN/2/014_Drusen.jpg,DRUSEN-002,test,DRUSEN,drusen,OD,.jpg,0.0001498889469075948
DRUSEN/2/015_Drusen.jpg,DRUSEN-002,test,DRUSEN,drusen,OD,.jpg,0.00018863388686440885
DRUSEN/2/016_Drusen.jpg,DRUSEN-002,test,DRUSEN,drusen,OD,.jpg,0.00016105978284031153
DRUSEN/2/017_Drusen.jpg,DRUSEN-002,test,DRUSEN,drusen,OD,.jpg,0.00015812081983312964
DRUSEN/2/018_Drusen.jpg,DRUSEN-002,test,DRUSEN,drusen,OD,.jpg,0.000200064096134156
DRUSEN/2/019_Drusen.jpg,DRUSEN-002,test,DRUSEN,drusen,OD,.jpg,0.0001687195326667279
DRUSEN/2/020_Drusen.jpg,DRUSEN-002,test,DRUSEN,drusen,OD,.jpg,0.00020473111362662166
DRUSEN/2/021_Normal.jpg,DRUSEN-002,test,DRUSEN,normal,OD,.jpg,0.00020215098629705608
DRUSEN/2/022_Drusen.jpg,DRUSEN-002,test,DRUSEN,drusen,OD,.jpg,0.00027561571914702654
DRUSEN/2/023_Normal.jpg,DRUSEN-002,test,DRUSEN,normal,OD,.jpg,0.0003088071243837476
DRUSEN/2/024_Normal.jpg,DRUSEN-002,test,DRUSEN,normal,OD,.jpg,0.00021919296705164015
DRUSEN/2/025_Normal.jpg,DRUSEN-002,test,DRUSEN,normal,OD,.jpg,0.00032552366610616446
DRUSEN/2/026_Normal.jpg,DRUSEN-002,test,DRUSEN,normal,OD,.jpg,0.0002640222664922476
DRUSEN/2/027_Normal.jpg,DRUSEN-002,test,DRUSEN,normal,OD,.jpg,0.00038237648550421
DRUSEN/2/028_Normal.jpg,DRUSEN-002,test,DRUSEN,normal,OD,.jpg,0.00025168457068502903
DRUSEN/2/029_Normal.jpg,DRUSEN-002,test,DRUSEN,normal,OD,.jpg,0.00030137260910123587
DRUSEN/2/030_Normal.jpg,DRUSEN-002,test,DRUSEN,normal,OD,.jpg,0.0002662828774191439
DRUSEN/6/OD/000_Normal.jpg,DRUSEN-006,test,DRUSEN,normal,OD,.jpg,0.0002703057252801955
DRUSEN/6/OD/001_Drusen.jpg,DRUSEN-006,test,DRUSEN,drusen,OD,.jpg,0.00019364626496098936
DRUSEN/6/OD/002_Drusen.jpg,DRUSEN-006,test,DRUSEN,drusen,OD,.jpg,0.00022032461129128933
DRUSEN/6/OD/003_Normal.jpg,DRUSEN-006,test,DRUSEN,normal,OD,.jpg,0.00014767679385840893
DRUSEN/6/OD/004_Normal.jpg,DRUSEN-006,test,DRUSEN,normal,OD,.jpg,0.00020470147137530148
DRUSEN/6/OD/005_Drusen.jpg,DRUSEN-006,test,DRUSEN,drusen,OD,.jpg,0.00018181916675530374
DRUSEN/6/OD/006_Drusen.jpg,DRUSEN-006,test,DRUSEN,drusen,OD,.jpg,0.00020332403073552996
DRUSEN/6/OD/007_Drusen.jpg,DRUSEN-006,test,DRUSEN,drusen,OD,.jpg,0.00033164178603328764
DRUSEN/6/OD/008_Drusen.jpg,DRUSEN-006,test,DRUSEN,drusen,OD,.jpg,0.0002375371113885194
DRUSEN/6/OD/009_Normal.jpg,DRUSEN-006,test,DRUSEN,normal,OD,.jpg,0.00031248858431354165
DRUSEN/6/OD/010_Drusen.jpg,DRUSEN-006,test,DRUSEN,drusen,OD,.jpg,0.0002564815222285688
DRUSEN/6/OD/011_Normal.jpg,DRUSEN-006,test,DRUSEN,normal,OD,.jpg,0.0002173245302401483
DRUSEN/6/OD/012_Normal.jpg,DRUSEN-006,test,DRUSEN,normal,OD,.jpg,0.0005005847197026014
DRUSEN/6/OD/013_Normal.jpg,DRUSEN-006,test,DRUSEN,normal,OD,.jpg,0.0003141691558994353
DRUSEN/6/OD/014_Normal.jpg,DRUSEN-006,test,DRUSEN,normal,OD,.jpg,0.00031539134215563536
DRUSEN/6/OD/015_Normal.jpg,DRUSEN-006,test,DRUSEN,normal,OD,.jpg,0.00019819247245322913
DRUSEN/6/OD/016_Drusen.jpg,DRUSEN-006,test,DRUSEN,drusen,OD,.jpg,0.0002596676640678197
DRUSEN/6/OD/017_Normal.jpg,DRUSEN-006,test,DRUSEN,normal,OD,.jpg,0.00036585438647307456
DRUSEN/6/OD/018_Normal.jpg,DRUSEN-006,test,DRUSEN,normal,OD,.jpg,0.0003665525291580707
DRUSEN/6/OD/019_Normal.jpg,DRUSEN-006,test,DRUSEN,normal,OD,.jpg,0.00032486586133018136
DRUSEN/6/OD/020_Normal.jpg,DRUSEN-006,test,DRUSEN,normal,OD,.jpg,0.00032478044158779085
DRUSEN/6/OD/021_Normal.jpg,DRUSEN-006,test,DRUSEN,normal,OD,.jpg,0.00034205865813419223
DRUSEN/6/OD/022_Normal.jpg,DRUSEN-006,test,DRUSEN,normal,OD,.jpg,0.00044383411295711994
DRUSEN/6/OD/023_Normal.jpg,DRUSEN-006,test,DRUSEN,normal,OD,.jpg,0.00039997033309191465
DRUSEN/6/OD/024_Drusen.jpg,DRUSEN-006,test,DRUSEN,drusen,OD,.jpg,0.0003182505606673658
DRUSEN/6/OD/025_Drusen.jpg,DRUSEN-006,test,DRUSEN,drusen,OD,.jpg,0.0005011444445699453
DRUSEN/6/OD/026_Drusen.jpg,DRUSEN-006,test,DRUSEN,drusen,OD,.jpg,0.00020766655507031828
DRUSEN/6/OD/027_Drusen.jpg,DRUSEN-006,test,DRUSEN,drusen,OD,.jpg,0.0002405533887213096
DRUSEN/6/OD/028_Drusen.jpg,DRUSEN-006,test,DRUSEN,drusen,OD,.jpg,0.00020875383052043617
DRUSEN/6/OD/029_Drusen.jpg,DRUSEN-006,test,DRUSEN,drusen,OD,.jpg,0.00023229955695569515
DRUSEN/6/OD/030_Drusen.jpg,DRUSEN-006,test,DRUSEN,drusen,OD,.jpg,0.000271178170805797
DRUSEN/6/OS/000_Drusen.jpg,DRUSEN-006,test,DRUSEN,drusen,OS,.jpg,0.00021935364929959178
DRUSEN/6/OS/001_Drusen.jpg,DRUSEN-006,test,DRUSEN,drusen,OS,.jpg,0.0003089170204475522
DRUSEN/6/OS/002_Drusen.jpg,DRUSEN-006,test,DRUSEN,drusen,OS,.jpg,0.00017173521337099373
DRUSEN/6/OS/003_Drusen.jpg,DRUSEN-006,test,DRUSEN,drusen,OS,.jpg,0.00018941800226457417
DRUSEN/6/OS/004_Drusen.jpg,DRUSEN-006,test,DRUSEN,drusen,OS,.jpg,0.00015823589637875557
DRUSEN/6/OS/005_Normal.jpg,DRUSEN-006,test,DRUSEN,normal,OS,.jpg,0.0002408740110695362
DRUSEN/6/OS/006_Normal.jpg,DRUSEN-006,test,DRUSEN,normal,OS,.jpg,0.0002634967095218599
DRUSEN/6/OS/007_Normal.jpg,DRUSEN-006,test,DRUSEN,normal,OS,.jpg,0.00022916050511412323
DRUSEN/6/OS/008_Normal.jpg,DRUSEN-006,test,DRUSEN,normal,OS,.jpg,0.00017540698172524571
DRUSEN/6/OS/009_Normal.jpg,DRUSEN-006,test,DRUSEN,normal,OS,.jpg,0.00016298150876536965
DRUSEN/6/OS/010_Normal.jpg,DRUSEN-006,test,DRUSEN,normal,OS,.jpg,0.00025419803569093347
DRUSEN/6/OS/011_Normal.jpg,DRUSEN-006,test,DRUSEN,normal,OS,.jpg,0.00024138239677995443
DRUSEN/6/OS/012_Normal.jpg,DRUSEN-006,test,DRUSEN,normal,OS,.jpg,0.00023069087183102965
DRUSEN/6/OS/013_Normal.jpg,DRUSEN-006,test,DRUSEN,normal,OS,.jpg,0.00022359189460985363
DRUSEN/6/OS/014_Normal.jpg,DRUSEN-006,test,DRUSEN,normal,OS,.jpg,0.00029938213992863894
DRUSEN/6/OS/015_Normal.jpg,DRUSEN-006,test,DRUSEN,normal,OS,.jpg,0.00031210939050652087
DRUSEN/6/OS/016_Normal.jpg,DRUSEN-006,test,DRUSEN,normal,OS,.jpg,0.00031317229149863124
DRUSEN/6/OS/017_Normal.jpg,DRUSEN-006,test,DRUSEN,normal,OS,.jpg,0.0002224014315288514
DRUSEN/6/OS/018_Normal.jpg,DRUSEN-006,test,DRUSEN,normal,OS,.jpg,0.0002468483289703727
DRUSEN/6/OS/019_Normal.jpg,DRUSEN-006,test,DRUSEN,normal,OS,.jpg,0.00031556328758597374
DRUSEN/6/OS/020_Normal.jpg,DRUSEN-006,test,DRUSEN,normal,OS,.jpg,0.00020887181744910777
DRUSEN/6/OS/021_Normal.jpg,DRUSEN-006,test,DRUSEN,normal,OS,.jpg,0.00030161417089402676
DRUSEN/6/OS/022_Drusen.jpg,DRUSEN-006,test,DRUSEN,drusen,OS,.jpg,0.00026821752544492483
DRUSEN/6/OS/023_Drusen.jpg,DRUSEN-006,test,DRUSEN,drusen,OS,.jpg,0.0003005228063557297
DRUSEN/6/OS/024_Normal.jpg,DRUSEN-006,test,DRUSEN,normal,OS,.jpg,0.0002524701994843781
DRUSEN/6/OS/025_Drusen.jpg,DRUSEN-006,test,DRUSEN,drusen,OS,.jpg,0.0002830533776432276
DRUSEN/6/OS/026_Drusen.jpg,DRUSEN-006,test,DRUSEN,drusen,OS,.jpg,0.00022674797219224274
DRUSEN/6/OS/027_Normal.jpg,DRUSEN-006,test,DRUSEN,normal,OS,.jpg,0.0003078584559261799
DRUSEN/6/OS/028_Drusen.jpg,DRUSEN-006,test,DRUSEN,drusen,OS,.jpg,0.0003832431393675506
DRUSEN/6/OS/029_Drusen.jpg,DRUSEN-006,test,DRUSEN,drusen,OS,.jpg,0.0003270080196671188
DRUSEN/6/OS/030_Drusen.jpg,DRUSEN-006,test,DRUSEN,drusen,OS,.jpg,0.0003305293503217399
DRUSEN/10/000_Normal.jpg,DRUSEN-010,test,DRUSEN,normal,OS,.jpg,0.0002688938402570784
DRUSEN/10/001_Normal.jpg,DRUSEN-010,test,DRUSEN,normal,OS,.jpg,0.00031463231425732374
DRUSEN/10/002_Normal.jpg,DRUSEN-010,test,DRUSEN,normal,OS,.jpg,0.0003843660233542323
DRUSEN/10/003_Normal.jpg,DRUSEN-010,test,DRUSEN,normal,OS,.jpg,0.0002739783376455307
DRUSEN/10/004_Normal.jpg,DRUSEN-010,test,DRUSEN,normal,OS,.jpg,0.0003409477067179978
DRUSEN/10/005_Normal.jpg,DRUSEN-010,test,DRUSEN,normal,OS,.jpg,0.000338585814461112
DRUSEN/10/006_Normal.jpg,DRUSEN-010,test,DRUSEN,normal,OS,.jpg,0.00023382851213682443
DRUSEN/10/007_Normal.jpg,DRUSEN-010,test,DRUSEN,normal,OS,.jpg,0.00018366333097219467
DRUSEN/10/008_Normal.jpg,DRUSEN-010,test,DRUSEN,normal,OS,.jpg,0.0002537935506552458
DRUSEN/10/009_Normal.jpg,DRUSEN-010,test,DRUSEN,normal,OS,.jpg,0.0003399067500140518
DRUSEN/10/010_Normal.jpg,DRUSEN-010,test,DRUSEN,normal,OS,.jpg,0.0003441043081693351
DRUSEN/10/011_Normal.jpg,DRUSEN-010,test,DRUSEN,normal,OS,.jpg,0.00045898358803242445
DRUSEN/10/012_Drusen.jpg,DRUSEN-010,test,DRUSEN,drusen,OS,.jpg,0.0003489471855573356
DRUSEN/10/013_Drusen.jpg,DRUSEN-010,test,DRUSEN,drusen,OS,.jpg,0.00036686609382741153
DRUSEN/10/014_Drusen.jpg,DRUSEN-010,test,DRUSEN,drusen,OS,.jpg,0.0002917730889748782
DRUSEN/10/015_Drusen.jpg,DRUSEN-010,test,DRUSEN,drusen,OS,.jpg,0.00034349210909567773
DRUSEN/10/016_Drusen.jpg,DRUSEN-010,test,DRUSEN,drusen,OS,.jpg,0.00022381212329491973
DRUSEN/10/017_Drusen.jpg,DRUSEN-010,test,DRUSEN,drusen,OS,.jpg,0.000338539422955364
DRUSEN/10/018_Drusen.jpg,DRUSEN-010,test,DRUSEN,drusen,OS,.jpg,0.0003263636026531458
DRUSEN/10/019_Drusen.jpg,DRUSEN-010,test,DRUSEN,drusen,OS,.jpg,0.0001717134437058121
DRUSEN/10/020_Normal.jpg,DRUSEN-010,test,DRUSEN,normal,OS,.jpg,0.00023003615206107497
DRUSEN/10/021_Drusen.jpg,DRUSEN-010,test,DRUSEN,drusen,OS,.jpg,0.0001934757165145129
DRUSEN/10/022_Drusen.jpg,DRUSEN-010,test,DRUSEN,drusen,OS,.jpg,0.00024394417414441705
DRUSEN/10/023_Drusen.jpg,DRUSEN-010,test,DRUSEN,drusen,OS,.jpg,0.0002617824648041278
DRUSEN/10/024_Drusen.jpg,DRUSEN-010,test,DRUSEN,drusen,OS,.jpg,0.0005302509525790811
DRUSEN/10/025_Drusen.jpg,DRUSEN-010,test,DRUSEN,drusen,OS,.jpg,0.00038845790550112724
DRUSEN/10/026_Drusen.jpg,DRUSEN-010,test,DRUSEN,drusen,OS,.jpg,0.0003393757506273687
DRUSEN/10/027_Drusen.jpg,DRUSEN-010,test,DRUSEN,drusen,OS,.jpg,0.00025266921147704124
DRUSEN/10/028_Drusen.jpg,DRUSEN-010,test,DRUSEN,drusen,OS,.jpg,0.00032288196962326765
DRUSEN/10/029_Normal.jpg,DRUSEN-010,test,DRUSEN,normal,OS,.jpg,0.0003755671204999089
DRUSEN/10/030_Normal.jpg,DRUSEN-010,test,DRUSEN,normal,OS,.jpg,0.00028667395235970616
DRUSEN/11/000_Normal.jpg,DRUSEN-011,test,DRUSEN,normal,OS,.jpg,0.00042288395343348384
DRUSEN/11/001_Normal.jpg,DRUSEN-011,test,DRUSEN,normal,OS,.jpg,0.0002677642914932221
DRUSEN/11/002_Normal.jpg,DRUSEN-011,test,DRUSEN,normal,OS,.jpg,0.0002656445431057364
DRUSEN/11/003_Normal.jpg,DRUSEN-011,test,DRUSEN,normal,OS,.jpg,0.00032974930945783854
DRUSEN/11/004_Normal.jpg,DRUSEN-011,test,DRUSEN,normal,OS,.jpg,0.0003900832962244749
DRUSEN/11/005_Normal.jpg,DRUSEN-011,test,DRUSEN,normal,OS,.jpg,0.0003199163475073874
DRUSEN/11/006_Normal.jpg,DRUSEN-011,test,DRUSEN,normal,OS,.jpg,0.00024422002024948597
DRUSEN/11/007_Normal.jpg,DRUSEN-011,test,DRUSEN,normal,OS,.jpg,0.00035546161234378815
DRUSEN/11/008_Normal.jpg,DRUSEN-011,test,DRUSEN,normal,OS,.jpg,0.00031566372490487993
DRUSEN/11/009_Normal.jpg,DRUSEN-011,test,DRUSEN,normal,OS,.jpg,0.00044651582720689476
DRUSEN/11/010_Normal.jpg,DRUSEN-011,test,DRUSEN,normal,OS,.jpg,0.00031673809280619025
DRUSEN/11/011_Drusen.jpg,DRUSEN-011,test,DRUSEN,drusen,OS,.jpg,0.0002829756122082472
DRUSEN/11/012_Drusen.jpg,DRUSEN-011,test,DRUSEN,drusen,OS,.jpg,0.0004455653252080083
DRUSEN/11/013_Normal.jpg,DRUSEN-011,test,DRUSEN,normal,OS,.jpg,0.000244250608375296
DRUSEN/11/014_Normal.jpg,DRUSEN-011,test,DRUSEN,normal,OS,.jpg,0.0002192497777286917
DRUSEN/11/015_Normal.jpg,DRUSEN-011,test,DRUSEN,normal,OS,.jpg,0.000243786460487172
DRUSEN/11/016_Normal.jpg,DRUSEN-011,test,DRUSEN,normal,OS,.jpg,0.0004072744050063193
DRUSEN/11/017_Normal.jpg,DRUSEN-011,test,DRUSEN,normal,OS,.jpg,0.0002846603747457266
DRUSEN/11/018_Normal.jpg,DRUSEN-011,test,DRUSEN,normal,OS,.jpg,0.00023881354718469083
DRUSEN/11/019_Normal.jpg,DRUSEN-011,test,DRUSEN,normal,OS,.jpg,0.00027658414910547435
DRUSEN/11/020_Normal.jpg,DRUSEN-011,test,DRUSEN,normal,OS,.jpg,0.0002948767214547843
DRUSEN/11/021_Normal.jpg,DRUSEN-011,test,DRUSEN,normal,OS,.jpg,0.00024253931769635528
DRUSEN/11/022_Normal.jpg,DRUSEN-011,test,DRUSEN,normal,OS,.jpg,0.00019937922479584813
DRUSEN/11/023_Normal.jpg,DRUSEN-011,test,DRUSEN,normal,OS,.jpg,0.00018963415641337633
DRUSEN/11/024_Normal.jpg,DRUSEN-011,test,DRUSEN,normal,OS,.jpg,0.00017850406584329903
DRUSEN/11/025_Normal.jpg,DRUSEN-011,test,DRUSEN,normal,OS,.jpg,0.000247555406531319
DRUSEN/11/026_Normal.jpg,DRUSEN-011,test,DRUSEN,normal,OS,.jpg,0.000312755408231169
DRUSEN/11/027_Normal.jpg,DRUSEN-011,test,DRUSEN,normal,OS,.jpg,0.00028158139321021736
DRUSEN/11/028_Normal.jpg,DRUSEN-011,test,DRUSEN,normal,OS,.jpg,0.00025369267677888274
DRUSEN/11/029_Normal.jpg,DRUSEN-011,test,DRUSEN,normal,OS,.jpg,0.0002284066576976329
DRUSEN/11/030_Normal.jpg,DRUSEN-011,test,DRUSEN,normal,OS,.jpg,0.00023857605992816389
DRUSEN/12/000_Normal.jpg,DRUSEN-012,test,DRUSEN,normal,OD,.jpg,0.000384834420401603
DRUSEN/12/001_Normal.jpg,DRUSEN-012,test,DRUSEN,normal,OD,.jpg,0.0003082281618844718
DRUSEN/12/002_Normal.jpg,DRUSEN-012,test,DRUSEN,normal,OD,.jpg,0.0004194171924609691
DRUSEN/12/003_Normal.jpg,DRUSEN-012,test,DRUSEN,normal,OD,.jpg,0.000338222918799147
DRUSEN/12/004_Normal.jpg,DRUSEN-012,test,DRUSEN,normal,OD,.jpg,0.0004596122307702899
DRUSEN/12/005_Normal.jpg,DRUSEN-012,test,DRUSEN,normal,OD,.jpg,0.00040953559800982475
DRUSEN/12/006_Normal.jpg,DRUSEN-012,test,DRUSEN,normal,OD,.jpg,0.000392922549508512
DRUSEN/12/007_Normal.jpg,DRUSEN-012,test,DRUSEN,normal,OD,.jpg,0.0003714615886565298
DRUSEN/12/008_Normal.jpg,DRUSEN-012,test,DRUSEN,normal,OD,.jpg,0.00044643651926890016
DRUSEN/12/009_Drusen.jpg,DRUSEN-012,test,DRUSEN,drusen,OD,.jpg,0.0003558277094271034
DRUSEN/12/010_Normal.jpg,DRUSEN-012,test,DRUSEN,normal,OD,.jpg,0.00032581223058514297
DRUSEN/12/011_Normal.jpg,DRUSEN-012,test,DRUSEN,normal,OD,.jpg,0.00030125625198706985
DRUSEN/12/012_Normal.jpg,DRUSEN-012,test,DRUSEN,normal,OD,.jpg,0.00048473876086063683
DRUSEN/12/013_Normal.jpg,DRUSEN-012,test,DRUSEN,normal,OD,.jpg,0.0002478822134435177
DRUSEN/12/014_Drusen.jpg,DRUSEN-012,test,DRUSEN,drusen,OD,.jpg,0.0001869926054496318
DRUSEN/12/015_Drusen.jpg,DRUSEN-012,test,DRUSEN,drusen,OD,.jpg,0.0003838386619463563
DRUSEN/12/016_Normal.jpg,DRUSEN-012,test,DRUSEN,normal,OD,.jpg,0.0002590553485788405
DRUSEN/12/017_Normal.jpg,DRUSEN-012,test,DRUSEN,normal,OD,.jpg,0.00030246764072217047
DRUSEN/12/018_Normal.jpg,DRUSEN-012,test,DRUSEN,normal,OD,.jpg,0.00033383199479430914
DRUSEN/12/019_Normal.jpg,DRUSEN-012,test,DRUSEN,normal,OD,.jpg,0.00030559964943677187
DRUSEN/12/020_Normal.jpg,DRUSEN-012,test,DRUSEN,normal,OD,.jpg,0.0003894562250934541
DRUSEN/12/021_Normal.jpg,DRUSEN-012,test,DRUSEN,normal,OD,.jpg,0.0003218107740394771
DRUSEN/12/022_Drusen.jpg,DRUSEN-012,test,DRUSEN,drusen,OD,.jpg,0.00025799369905143976
DRUSEN/12/023_Drusen.jpg,DRUSEN-012,test,DRUSEN,drusen,OD,.jpg,0.00025384104810655117
DRUSEN/12/024_Drusen.jpg,DRUSEN-012,test,DRUSEN,drusen,OD,.jpg,0.00030849172617308795
DRUSEN/12/025_Drusen.jpg,DRUSEN-012,test,DRUSEN,drusen,OD,.jpg,0.00036901445128023624
DRUSEN/12/026_Normal.jpg,DRUSEN-012,test,DRUSEN,normal,OD,.jpg,0.0002377620548941195
DRUSEN/12/027_Normal.jpg,DRUSEN-012,test,DRUSEN,normal,OD,.jpg,0.00030982791213318706
DRUSEN/12/028_Normal.jpg,DRUSEN-012,test,DRUSEN,normal,OD,.jpg,0.0003023539902642369
DRUSEN/12/029_Normal.jpg,DRUSEN-012,test,DRUSEN,normal,OD,.jpg,0.000463944481452927
DRUSEN/12/030_Normal.jpg,DRUSEN-012,test,DRUSEN,normal,OD,.jpg,0.0003043297620024532
DRUSEN/14/OD/000_Normal.jpg,DRUSEN-014,test,DRUSEN,normal,OD,.jpg,0.00023097947996575385
DRUSEN/14/OD/001_Drusen.jpg,DRUSEN-014,test,DRUSEN,drusen,OD,.jpg,0.00026198686100542545
DRUSEN/14/OD/002_Normal.jpg,DRUSEN-014,test,DRUSEN,normal,OD,.jpg,0.00023957589291967452
DRUSEN/14/OD/003_Normal.jpg,DRUSEN-014,test,DRUSEN,normal,OD,.jpg,0.00031714182114228606
DRUSEN/14/OD/004_Normal.jpg,DRUSEN-014,test,DRUSEN,normal,OD,.jpg,0.0002554329112172127
DRUSEN/14/OD/005_Normal.jpg,DRUSEN-014,test,DRUSEN,normal,OD,.jpg,0.0002424690464977175
DRUSEN/14/OD/006_Drusen.jpg,DRUSEN-014,test,DRUSEN,drusen,OD,.jpg,0.0002864842244889587
DRUSEN/14/OD/007_Drusen.jpg,DRUSEN-014,test,DRUSEN,drusen,OD,.jpg,0.0004549612640403211
DRUSEN/14/OD/008_Drusen.jpg,DRUSEN-014,test,DRUSEN,drusen,OD,.jpg,0.00024488638155162334
DRUSEN/14/OD/009_Drusen.jpg,DRUSEN-014,test,DRUSEN,drusen,OD,.jpg,0.00027253644657321274
DRUSEN/14/OD/010_Drusen.jpg,DRUSEN-014,test,DRUSEN,drusen,OD,.jpg,0.00020202022278681397
DRUSEN/14/OD/011_Drusen.jpg,DRUSEN-014,test,DRUSEN,drusen,OD,.jpg,0.00027173588750883937
DRUSEN/14/OD/012_Drusen.jpg,DRUSEN-014,test,DRUSEN,drusen,OD,.jpg,0.00023670769587624818
DRUSEN/14/OD/013_Drusen.jpg,DRUSEN-014,test,DRUSEN,drusen,OD,.jpg,0.00023842579685151577
DRUSEN/14/OD/014_Drusen.jpg,DRUSEN-014,test,DRUSEN,drusen,OD,.jpg,0.00022100453497841954
DRUSEN/14/OD/015_Drusen.jpg,DRUSEN-014,test,DRUSEN,drusen,OD,.jpg,0.00029567794990725815
DRUSEN/14/OD/016_Drusen.jpg,DRUSEN-014,test,DRUSEN,drusen,OD,.jpg,0.0002302076027262956
DRUSEN/14/OD/017_Drusen.jpg,DRUSEN-014,test,DRUSEN,drusen,OD,.jpg,0.00028364622266963124
DRUSEN/14/OD/018_Drusen.jpg,DRUSEN-014,test,DRUSEN,drusen,OD,.jpg,0.0002517126267775893
DRUSEN/14/OD/019_Drusen.jpg,DRUSEN-014,test,DRUSEN,drusen,OD,.jpg,0.00029622926376760006
DRUSEN/14/OD/020_Drusen.jpg,DRUSEN-014,test,DRUSEN,drusen,OD,.jpg,0.00024119512818288058
DRUSEN/14/OD/021_Drusen.jpg,DRUSEN-014,test,DRUSEN,drusen,OD,.jpg,0.00022661076218355447
DRUSEN/14/OD/022_Drusen.jpg,DRUSEN-014,test,DRUSEN,drusen,OD,.jpg,0.00022317771799862385
DRUSEN/14/OD/023_Drusen.jpg,DRUSEN-014,test,DRUSEN,drusen,OD,.jpg,0.00030664229416288435
DRUSEN/14/OD/024_Drusen.jpg,DRUSEN-014,test,DRUSEN,drusen,OD,.jpg,0.00041213713120669127
DRUSEN/14/OD/025_Drusen.jpg,DRUSEN-014,test,DRUSEN,drusen,OD,.jpg,0.00027146824868395925
DRUSEN/14/OD/026_Drusen.jpg,DRUSEN-014,test,DRUSEN,drusen,OD,.jpg,0.00029702845495194197
DRUSEN/14/OD/027_Drusen.jpg,DRUSEN-014,test,DRUSEN,drusen,OD,.jpg,0.00035349506651982665
DRUSEN/14/OD/028_Drusen.jpg,DRUSEN-014,test,DRUSEN,drusen,OD,.jpg,0.0003176699101459235
DRUSEN/14/OD/029_Drusen.jpg,DRUSEN-014,test,DRUSEN,drusen,OD,.jpg,0.00023793301079422235
DRUSEN/14/OD/030_Drusen.jpg,DRUSEN-014,test,DRUSEN,drusen,OD,.jpg,0.0002313737932126969
DRUSEN/14/OS/000_Normal.jpg,DRUSEN-014,test,DRUSEN,normal,OS,.jpg,0.0002838481159415096
DRUSEN/14/OS/001_Drusen.jpg,DRUSEN-014,test,DRUSEN,drusen,OS,.jpg,0.00029545690631493926
DRUSEN/14/OS/002_Normal.jpg,DRUSEN-014,test,DRUSEN,normal,OS,.jpg,0.0004398045130074024
DRUSEN/14/OS/003_Normal.jpg,DRUSEN-014,test,DRUSEN,normal,OS,.jpg,0.00036819285014644265
DRUSEN/14/OS/004_Normal.jpg,DRUSEN-014,test,DRUSEN,normal,OS,.jpg,0.0002224992640549317
DRUSEN/14/OS/005_Drusen.jpg,DRUSEN-014,test,DRUSEN,drusen,OS,.jpg,0.0002742144570220262
DRUSEN/14/OS/006_Drusen.jpg,DRUSEN-014,test,DRUSEN,drusen,OS,.jpg,0.000229104989557527
DRUSEN/14/OS/007_Drusen.jpg,DRUSEN-014,test,DRUSEN,drusen,OS,.jpg,0.00023877025523688644
DRUSEN/14/OS/008_Drusen.jpg,DRUSEN-014,test,DRUSEN,drusen,OS,.jpg,0.00021925030159763992
DRUSEN/14/OS/009_Drusen.jpg,DRUSEN-014,test,DRUSEN,drusen,OS,.jpg,0.00020503124687820673
DRUSEN/14/OS/010_Drusen.jpg,DRUSEN-014,test,DRUSEN,drusen,OS,.jpg,0.00019236889784224331
DRUSEN/14/OS/011_Drusen.jpg,DRUSEN-014,test,DRUSEN,drusen,OS,.jpg,0.00029828824335709214
DRUSEN/14/OS/012_Drusen.jpg,DRUSEN-014,test,DRUSEN,drusen,OS,.jpg,0.0003223478270228952
DRUSEN/14/OS/013_Drusen.jpg,DRUSEN-014,test,DRUSEN,drusen,OS,.jpg,0.00030594904092140496
DRUSEN/14/OS/014_Drusen.jpg,DRUSEN-014,test,DRUSEN,drusen,OS,.jpg,0.0002854600897990167
DRUSEN/14/OS/015_Drusen.jpg,DRUSEN-014,test,DRUSEN,drusen,OS,.jpg,0.000412314897403121
DRUSEN/14/OS/016_Drusen.jpg,DRUSEN-014,test,DRUSEN,drusen,OS,.jpg,0.00038592173950746655
DRUSEN/14/OS/017_Drusen.jpg,DRUSEN-014,test,DRUSEN,drusen,OS,.jpg,0.00033072318183258176
DRUSEN/14/OS/018_Drusen.jpg,DRUSEN-014,test,DRUSEN,drusen,OS,.jpg,0.00020438012143131346
DRUSEN/14/OS/019_Drusen.jpg,DRUSEN-014,test,DRUSEN,drusen,OS,.jpg,0.00020648677309509367
DRUSEN/14/OS/020_Drusen.jpg,DRUSEN-014,test,DRUSEN,drusen,OS,.jpg,0.0002599629224278033
DRUSEN/14/OS/021_Drusen.jpg,DRUSEN-014,test,DRUSEN,drusen,OS,.jpg,0.000256044149864465
DRUSEN/14/OS/022_Drusen.jpg,DRUSEN-014,test,DRUSEN,drusen,OS,.jpg,0.0002866281138267368
DRUSEN/14/OS/023_Drusen.jpg,DRUSEN-014,test,DRUSEN,drusen,OS,.jpg,0.0002515629748813808
DRUSEN/14/OS/024_Drusen.jpg,DRUSEN-014,test,DRUSEN,drusen,OS,.jpg,0.0002446459839120507
DRUSEN/14/OS/025_Drusen.jpg,DRUSEN-014,test,DRUSEN,drusen,OS,.jpg,0.0002424015401629731
DRUSEN/14/OS/026_Drusen.jpg,DRUSEN-014,test,DRUSEN,drusen,OS,.jpg,0.0004134334158152342
DRUSEN/14/OS/027_Drusen.jpg,DRUSEN-014,test,DRUSEN,drusen,OS,.jpg,0.0002960828715004027
DRUSEN/14/OS/028_Drusen.jpg,DRUSEN-014,test,DRUSEN,drusen,OS,.jpg,0.0002652929397299886
DRUSEN/14/OS/029_Normal.jpg,DRUSEN-014,test,DRUSEN,normal,OS,.jpg,0.00039089671918191016
DRUSEN/14/OS/030_Normal.jpg,DRUSEN-014,test,DRUSEN,normal,OS,.jpg,0.0005402206443250179
DRUSEN/18/OD/000_Normal.tif,DRUSEN-018,test,DRUSEN,normal,OD,.tif,0.00030780985252931714
DRUSEN/18/OD/001_Normal.tif,DRUSEN-018,test,DRUSEN,normal,OD,.tif,0.00019398955919314176
DRUSEN/18/OD/002_Normal.tif,DRUSEN-018,test,DRUSEN,normal,OD,.tif,0.0003053382388316095
DRUSEN/18/OD/003_Normal.tif,DRUSEN-018,test,DRUSEN,normal,OD,.tif,0.0002954747178591788
DRUSEN/18/OD/004_Normal.tif,DRUSEN-018,test,DRUSEN,normal,OD,.tif,0.00018589303363114595
DRUSEN/18/OD/005_Normal.tif,DRUSEN-018,test,DRUSEN,normal,OD,.tif,0.00028116125031374395
DRUSEN/18/OD/006_Normal.tif,DRUSEN-018,test,DRUSEN,normal,OD,.tif,0.00017790496349334717
DRUSEN/18/OD/007_Normal.tif,DRUSEN-018,test,DRUSEN,normal,OD,.tif,0.0002962652361020446
DRUSEN/18/OD/008_Normal.tif,DRUSEN-018,test,DRUSEN,normal,OD,.tif,0.0003281908866483718
DRUSEN/18/OD/009_Normal.tif,DRUSEN-018,test,DRUSEN,normal,OD,.tif,0.00023942810366861522
DRUSEN/18/OD/010_Normal.tif,DRUSEN-018,test,DRUSEN,normal,OD,.tif,0.00024686273536644876
DRUSEN/18/OD/011_Normal.tif,DRUSEN-018,test,DRUSEN,normal,OD,.tif,0.00021087209461256862
DRUSEN/18/OD/012_Normal.tif,DRUSEN-018,test,DRUSEN,normal,OD,.tif,0.0002935230149887502
DRUSEN/18/OD/013_Normal.tif,DRUSEN-018,test,DRUSEN,normal,OD,.tif,0.00025018255109898746
DRUSEN/18/OD/014_Drusen.tif,DRUSEN-018,test,DRUSEN,drusen,OD,.tif,0.00029997481033205986
DRUSEN/18/OD/015_Drusen.tif,DRUSEN-018,test,DRUSEN,drusen,OD,.tif,0.00040852942038327456
DRUSEN/18/OD/016_Drusen.tif,DRUSEN-018,test,DRUSEN,drusen,OD,.tif,0.000383030972443521
DRUSEN/18/OD/017_Drusen.tif,DRUSEN-018,test,DRUSEN,drusen,OD,.tif,0.0004508946731220931
DRUSEN/18/OD/018_Drusen.tif,DRUSEN-018,test,DRUSEN,drusen,OD,.tif,0.00023301491455640644
DRUSEN/18/OD/019_Normal.tif,DRUSEN-018,test,DRUSEN,normal,OD,.tif,0.0002441907417960465
DRUSEN/18/OD/020_Normal.tif,DRUSEN-018,test,DRUSEN,normal,OD,.tif,0.00032023750827647746
DRUSEN/18/OD/021_Normal.tif,DRUSEN-018,test,DRUSEN,normal,OD,.tif,0.0003924453048966825
DRUSEN/18/OD/022_Normal.tif,DRUSEN-018,test,DRUSEN,normal,OD,.tif,0.00027391029288992286
DRUSEN/18/OD/023_Normal.tif,DRUSEN-018,test,DRUSEN,normal,OD,.tif,0.0003260317025706172
DRUSEN/18/OD/024_Normal.tif,DRUSEN-018,test,DRUSEN,normal,OD,.tif,0.0002292342542205006
DRUSEN/18/OD/025_Normal.tif,DRUSEN-018,test,DRUSEN,normal,OD,.tif,0.00029594500665552914
DRUSEN/18/OD/026_Normal.tif,DRUSEN-018,test,DRUSEN,normal,OD,.tif,0.0003014078247360885
DRUSEN/18/OD/027_Normal.tif,DRUSEN-018,test,DRUSEN,normal,OD,.tif,0.00027180887991562486
DRUSEN/18/OD/028_Normal.tif,DRUSEN-018,test,DRUSEN,normal,OD,.tif,0.0002726418315432966
DRUSEN/18/OD/029_Normal.tif,DRUSEN-018,test,DRUSEN,normal,OD,.tif,0.0003203826490789652
DRUSEN/18/OD/030_Normal.tif,DRUSEN-018,test,DRUSEN,normal,OD,.tif,0.00025724770966917276
DRUSEN/18/OS/000_Normal.tif,DRUSEN-018,test,DRUSEN,normal,OS,.tif,0.00032892677700147033
DRUSEN/18/OS/001_Normal.tif,DRUSEN-018,test,DRUSEN,normal,OS,.tif,0.0004158775263931602
DRUSEN/18/OS/002_Normal.tif,DRUSEN-018,test,DRUSEN,normal,OS,.tif,0.0003210435388609767
DRUSEN/18/OS/003_Normal.tif,DRUSEN-018,test,DRUSEN,normal,OS,.tif,0.000447598984465003
DRUSEN/18/OS/004_Normal.tif,DRUSEN-018,test,DRUSEN,normal,OS,.tif,0.0002460163086652756
DRUSEN/18/OS/005_Normal.tif,DRUSEN-018,test,DRUSEN,normal,OS,.tif,0.0004259253910277039
DRUSEN/18/OS/006_Normal.tif,DRUSEN-018,test,DRUSEN,normal,OS,.tif,0.00023296594736166298
DRUSEN/18/OS/007_Normal.tif,DRUSEN-018,test,DRUSEN,normal,OS,.tif,0.0002122010919265449
DRUSEN/18/OS/008_Normal.tif,DRUSEN-018,test,DRUSEN,normal,OS,.tif,0.00021401283447630703
DRUSEN/18/OS/009_Normal.tif,DRUSEN-018,test,DRUSEN,normal,OS,.tif,0.00019628327572718263
DRUSEN/18/OS/010_Normal.tif,DRUSEN-018,test,DRUSEN,normal,OS,.tif,0.00043378458940424025
DRUSEN/18/OS/011_Normal.tif,DRUSEN-018,test,DRUSEN,normal,OS,.tif,0.0003637171466834843
DRUSEN/18/OS/012_Normal.tif,DRUSEN-018,test,DRUSEN,normal,OS,.tif,0.000291960226604715
DRUSEN/18/OS/013_Normal.tif,DRUSEN-018,test,DRUSEN,normal,OS,.tif,0.00023077381774783134
DRUSEN/18/OS/014_Drusen.tif,DRUSEN-018,test,DRUSEN,drusen,OS,.tif,0.0002364826505072415
DRUSEN/18/OS/015_Normal.tif,DRUSEN-018,test,DRUSEN,normal,OS,.tif,0.00028319103876128793
DRUSEN/18/OS/016_Normal.tif,DRUSEN-018,test,DRUSEN,normal,OS,.tif,0.0002876751823350787
DRUSEN/18/OS/017_Normal.tif,DRUSEN-018,test,DRUSEN,normal,OS,.tif,0.00036233922583051026
DRUSEN/18/OS/018_Normal.tif,DRUSEN-018,test,DRUSEN,normal,OS,.tif,0.0002902719425037503
DRUSEN/18/OS/019_Normal.tif,DRUSEN-018,test,DRUSEN,normal,OS,.tif,0.00023195389076136053
DRUSEN/18/OS/020_Normal.tif,DRUSEN-018,test,DRUSEN,normal,OS,.tif,0.00042125838808715343
DRUSEN/18/OS/021_Normal.tif,DRUSEN-018,test,DRUSEN,normal,OS,.tif,0.0001691107318038121
DRUSEN/18/OS/022_Normal.tif,DRUSEN-018,test,DRUSEN,normal,OS,.tif,0.00033021363196894526
DRUSEN/18/OS/023_Normal.tif,DRUSEN-018,test,DRUSEN,normal,OS,.tif,0.00022917830210644752
DRUSEN/18/OS/024_Normal.tif,DRUSEN-018,test,DRUSEN,normal,OS,.tif,0.0002797540510073304
DRUSEN/18/OS/025_Normal.tif,DRUSEN-018,test,DRUSEN,normal,OS,.tif,0.0002665166975930333
DRUSEN/18/OS/026_Normal.tif,DRUSEN-018,test,DRUSEN,normal,OS,.tif,0.00028604717226698995
DRUSEN/18/OS/027_Normal.tif,DRUSEN-018,test,DRUSEN,normal,OS,.tif,0.00022385563352145255
DRUSEN/18/OS/028_Normal.tif,DRUSEN-018,test,DRUSEN,normal,OS,.tif,0.00023464801779482514
DRUSEN/18/OS/029_Normal.tif,DRUSEN-018,test,DRUSEN,normal,OS,.tif,0.000261429522652179
DRUSEN/18/OS/030_Normal.tif,DRUSEN-018,test,DRUSEN,normal,OS,.tif,0.00036336734774522483
DRUSEN/19/000_Normal.tif,DRUSEN-019,test,DRUSEN,normal,OD,.tif,0.00026537099620327353
DRUSEN/19/001_Normal.tif,DRUSEN-019,test,DRUSEN,normal,OD,.tif,0.00021301554806996137
DRUSEN/19/002_Normal.tif,DRUSEN-019,test,DRUSEN,normal,OD,.tif,0.00015486399934161454
DRUSEN/19/003_Normal.tif,DRUSEN-019,test,DRUSEN,normal,OD,.tif,0.00017485732678323984
DRUSEN/19/004_Normal.tif,DRUSEN-019,test,DRUSEN,normal,OD,.tif,0.0002061393461190164
DRUSEN/19/005_Normal.tif,DRUSEN-019,test,DRUSEN,normal,OD,.tif,0.00023096954100765288
DRUSEN/19/006_Normal.tif,DRUSEN-019,test,DRUSEN,normal,OD,.tif,0.00018542744510341436
DRUSEN/19/007_Normal.tif,DRUSEN-019,test,DRUSEN,normal,OD,.tif,0.00021369391470216215
DRUSEN/19/008_Normal.tif,DRUSEN-019,test,DRUSEN,normal,OD,.tif,0.00020867347484454513
DRUSEN/19/009_Normal.tif,DRUSEN-019,test,DRUSEN,normal,OD,.tif,0.0002534439554437995
DRUSEN/19/010_Normal.tif,DRUSEN-019,test,DRUSEN,normal,OD,.tif,0.00019843762856908143
DRUSEN/19/011_Normal.tif,DRUSEN-019,test,DRUSEN,normal,OD,.tif,0.00017818916239775717
DRUSEN/19/012_Normal.tif,DRUSEN-019,test,DRUSEN,normal,OD,.tif,0.000238487366004847
DRUSEN/19/013_Normal.tif,DRUSEN-019,test,DRUSEN,normal,OD,.tif,0.00024061277508735657
DRUSEN/19/014_Drusen.tif,DRUSEN-019,test,DRUSEN,drusen,OD,.tif,0.00030366561259143054
DRUSEN/19/015_Drusen.tif,DRUSEN-019,test,DRUSEN,drusen,OD,.tif,0.00019172302563674748
DRUSEN/19/016_Normal.tif,DRUSEN-019,test,DRUSEN,normal,OD,.tif,0.000259013642789796
DRUSEN/19/017_Normal.tif,DRUSEN-019,test,DRUSEN,normal,OD,.tif,0.00037563720252364874
DRUSEN/19/018_Normal.tif,DRUSEN-019,test,DRUSEN,normal,OD,.tif,0.00026088859885931015
DRUSEN/19/019_Normal.tif,DRUSEN-019,test,DRUSEN,normal,OD,.tif,0.0002794261381495744
DRUSEN/19/020_Normal.tif,DRUSEN-019,test,DRUSEN,normal,OD,.tif,0.00022145581897348166
DRUSEN/19/021_Drusen.tif,DRUSEN-019,test,DRUSEN,drusen,OD,.tif,0.00021247719996608794
DRUSEN/19/022_Drusen.tif,DRUSEN-019,test,DRUSEN,drusen,OD,.tif,0.0002990936627611518
DRUSEN/19/023_Drusen.tif,DRUSEN-019,test,DRUSEN,drusen,OD,.tif,0.000260254368185997
DRUSEN/19/024_Drusen.tif,DRUSEN-019,test,DRUSEN,drusen,OD,.tif,0.00022652119514532387
DRUSEN/19/025_Drusen.tif,DRUSEN-019,test,DRUSEN,drusen,OD,.tif,0.00024356928770430386
DRUSEN/19/026_Drusen.tif,DRUSEN-019,test,DRUSEN,drusen,OD,.tif,0.0003539883764460683
DRUSEN/19/027_Drusen.tif,DRUSEN-019,test,DRUSEN,drusen,OD,.tif,0.00021523107716348022
DRUSEN/19/028_Drusen.tif,DRUSEN-019,test,DRUSEN,drusen,OD,.tif,0.00021449339692480862
DRUSEN/19/029_Normal.tif,DRUSEN-019,test,DRUSEN,normal,OD,.tif,0.00032121583353728056
DRUSEN/19/030_Normal.tif,DRUSEN-019,test,DRUSEN,normal,OD,.tif,0.0002486396115273237
DRUSEN/22/000_Normal.jpg,DRUSEN-022,test,DRUSEN,normal,OD,.jpg,0.00036275203456170857
DRUSEN/22/001_Normal.jpg,DRUSEN-022,test,DRUSEN,normal,OD,.jpg,0.00036741868825629354
DRUSEN/22/002_Drusen.jpg,DRUSEN-022,test,DRUSEN,drusen,OD,.jpg,0.0002978175471071154
DRUSEN/22/003_Drusen.jpg,DRUSEN-022,test,DRUSEN,drusen,OD,.jpg,0.00020858057541772723
DRUSEN/22/004_Drusen.jpg,DRUSEN-022,test,DRUSEN,drusen,OD,.jpg,0.00029992315103299916
DRUSEN/22/005_Drusen.jpg,DRUSEN-022,test,DRUSEN,drusen,OD,.jpg,0.00019625254208222032
DRUSEN/22/006_Drusen.jpg,DRUSEN-022,test,DRUSEN,drusen,OD,.jpg,0.0002548075863160193
DRUSEN/22/007_Drusen.jpg,DRUSEN-022,test,DRUSEN,drusen,OD,.jpg,0.00025686415028758347
DRUSEN/22/008_Drusen.jpg,DRUSEN-022,test,DRUSEN,drusen,OD,.jpg,0.00021310130250640213
DRUSEN/22/009_Drusen.jpg,DRUSEN-022,test,DRUSEN,drusen,OD,.jpg,0.00024167809169739485
DRUSEN/22/010_Drusen.jpg,DRUSEN-022,test,DRUSEN,drusen,OD,.jpg,0.00024815055076032877
DRUSEN/22/011_Drusen.jpg,DRUSEN-022,test,DRUSEN,drusen,OD,.jpg,0.0002099062839988619
DRUSEN/22/012_Drusen.jpg,DRUSEN-022,test,DRUSEN,drusen,OD,.jpg,0.0001867490354925394
DRUSEN/22/013_Drusen.jpg,DRUSEN-022,test,DRUSEN,drusen,OD,.jpg,0.00034756577224470675
DRUSEN/22/014_Drusen.jpg,DRUSEN-022,test,DRUSEN,drusen,OD,.jpg,0.00020156776008661836
DRUSEN/22/015_Drusen.jpg,DRUSEN-022,test,DRUSEN,drusen,OD,.jpg,0.00019775140390265733
DRUSEN/22/016_Drusen.jpg,DRUSEN-022,test,DRUSEN,drusen,OD,.jpg,0.0003191081923432648
DRUSEN/22/017_Drusen.jpg,DRUSEN-022,test,DRUSEN,drusen,OD,.jpg,0.00022238412930164486
DRUSEN/22/018_Drusen.jpg,DRUSEN-022,test,DRUSEN,drusen,OD,.jpg,0.0001819467724999413
DRUSEN/22/019_Drusen.jpg,DRUSEN-022,test,DRUSEN,drusen,OD,.jpg,0.0002670321555342525
DRUSEN/22/020_Drusen.jpg,DRUSEN-022,test,DRUSEN,drusen,OD,.jpg,0.0001936557819135487
DRUSEN/22/021_Drusen.jpg,DRUSEN-022,test,DRUSEN,drusen,OD,.jpg,0.00024104643671307713
DRUSEN/22/022_Drusen.jpg,DRUSEN-022,test,DRUSEN,drusen,OD,.jpg,0.0002237482985947281
DRUSEN/22/023_Drusen.jpg,DRUSEN-022,test,DRUSEN,drusen,OD,.jpg,0.00021133979316800833
DRUSEN/22/024_Drusen.jpg,DRUSEN-022,test,DRUSEN,drusen,OD,.jpg,0.00020303537894506007
DRUSEN/24/000_Normal.tif,DRUSEN-024,test,DRUSEN,normal,OS,.tif,0.00039470018236897886
DRUSEN/24/001_Normal.tif,DRUSEN-024,test,DRUSEN,normal,OS,.tif,0.0002821199013851583
DRUSEN/24/002_Normal.tif,DRUSEN-024,test,DRUSEN,normal,OS,.tif,0.00033708912087604403
DRUSEN/24/003_Normal.tif,DRUSEN-024,test,DRUSEN,normal,OS,.tif,0.0003632658044807613
DRUSEN/24/004_Normal.tif,DRUSEN-024,test,DRUSEN,normal,OS,.tif,0.0005449338350445032
DRUSEN/24/005_Normal.tif,DRUSEN-024,test,DRUSEN,normal,OS,.tif,0.00040440302109345794
DRUSEN/24/006_Normal.tif,DRUSEN-024,test,DRUSEN,normal,OS,.tif,0.0002602016902528703
DRUSEN/24/007_Drusen.tif,DRUSEN-024,test,DRUSEN,drusen,OS,.tif,0.00042665022192522883
DRUSEN/24/008_Drusen.tif,DRUSEN-024,test,DRUSEN,drusen,OS,.tif,0.0003542095946613699
DRUSEN/24/009_Drusen.tif,DRUSEN-024,test,DRUSEN,drusen,OS,.tif,0.0002968215849250555
DRUSEN/24/010_Drusen.tif,DRUSEN-024,test,DRUSEN,drusen,OS,.tif,0.0003602559445425868
DRUSEN/24/011_Drusen.tif,DRUSEN-024,test,DRUSEN,drusen,OS,.tif,0.00041109923040494323
DRUSEN/24/012_Drusen.tif,DRUSEN-024,test,DRUSEN,drusen,OS,.tif,0.00032559281680732965
DRUSEN/24/013_Drusen.tif,DRUSEN-024,test,DRUSEN,drusen,OS,.tif,0.0004792143008671701
DRUSEN/24/014_Drusen.tif,DRUSEN-024,test,DRUSEN,drusen,OS,.tif,0.0002946222957689315
DRUSEN/24/015_Drusen.tif,DRUSEN-024,test,DRUSEN,drusen,OS,.tif,0.00022979863570071757
DRUSEN/24/016_Drusen.tif,DRUSEN-024,test,DRUSEN,drusen,OS,.tif,0.00023446721024811268
DRUSEN/24/017_Drusen.tif,DRUSEN-024,test,DRUSEN,drusen,OS,.tif,0.0002558133564889431
DRUSEN/24/018_Drusen.tif,DRUSEN-024,test,DRUSEN,drusen,OS,.tif,0.00023439650249201804
DRUSEN/24/019_Drusen.tif,DRUSEN-024,test,DRUSEN,drusen,OS,.tif,0.0003206062247045338
DRUSEN/24/020_Drusen.tif,DRUSEN-024,test,DRUSEN,drusen,OS,.tif,0.00031058903550729156
DRUSEN/24/021_Drusen.tif,DRUSEN-024,test,DRUSEN,drusen,OS,.tif,0.0003729538293555379
DRUSEN/24/022_Drusen.tif,DRUSEN-024,test,DRUSEN,drusen,OS,.tif,0.00036127414205111563
DRUSEN/24/023_Drusen.tif,DRUSEN-024,test,DRUSEN,drusen,OS,.tif,0.000303264067042619
DRUSEN/24/024_Drusen.tif,DRUSEN-024,test,DRUSEN,drusen,OS,.tif,0.0003572797286324203
DRUSEN/24/025_Drusen.tif,DRUSEN-024,test,DRUSEN,drusen,OS,.tif,0.0005179711151868105
DRUSEN/24/026_Drusen.tif,DRUSEN-024,test,DRUSEN,drusen,OS,.tif,0.0005095870001241565
DRUSEN/24/027_Drusen.tif,DRUSEN-024,test,DRUSEN,drusen,OS,.tif,0.00036997246206738055
DRUSEN/24/028_Drusen.tif,DRUSEN-024,test,DRUSEN,drusen,OS,.tif,0.00037320470437407494
DRUSEN/24/029_Drusen.tif,DRUSEN-024,test,DRUSEN,drusen,OS,.tif,0.0003675224434118718
DRUSEN/24/030_Normal.tif,DRUSEN-024,test,DRUSEN,normal,OS,.tif,0.0003771224291995168
DRUSEN/27/OD/000_DRusen.tif,DRUSEN-027,test,DRUSEN,drusen,OD,.tif,0.00045106897596269846
DRUSEN/27/OD/001_DRusen.tif,DRUSEN-027,test,DRUSEN,drusen,OD,.tif,0.00020764264627359807
DRUSEN/27/OD/002_DRusen.tif,DRUSEN-027,test,DRUSEN,drusen,OD,.tif,0.0002964255108963698
DRUSEN/27/OD/003_DRusen.tif,DRUSEN-027,test,DRUSEN,drusen,OD,.tif,0.00022889734827913344
DRUSEN/27/OD/004_DRusen.tif,DRUSEN-027,test,DRUSEN,drusen,OD,.tif,0.0003151277778670192
DRUSEN/27/OD/005_DRusen.tif,DRUSEN-027,test,DRUSEN,drusen,OD,.tif,0.0002429246815154329
DRUSEN/27/OD/006_DRusen.tif,DRUSEN-027,test,DRUSEN,drusen,OD,.tif,0.00027652515564113855
DRUSEN/27/OD/007_DRusen.tif,DRUSEN-027,test,DRUSEN,drusen,OD,.tif,0.00025809870567172766
DRUSEN/27/OD/008_DRusen.tif,DRUSEN-027,test,DRUSEN,drusen,OD,.tif,0.0003078978625126183
DRUSEN/27/OD/009_DRusen.tif,DRUSEN-027,test,DRUSEN,drusen,OD,.tif,0.00026322435587644577
DRUSEN/27/OD/010_DRusen.tif,DRUSEN-027,test,DRUSEN,drusen,OD,.tif,0.00023481770767830312
DRUSEN/27/OD/011_DRusen.tif,DRUSEN-027,test,DRUSEN,drusen,OD,.tif,0.000278621882898733
DRUSEN/27/OD/012_DRusen.tif,DRUSEN-027,test,DRUSEN,drusen,OD,.tif,0.00027155797579325736
DRUSEN/27/OD/013_DRusen.tif,DRUSEN-027,test,DRUSEN,drusen,OD,.tif,0.00024716631742194295
DRUSEN/27/OD/014_DRusen.tif,DRUSEN-027,test,DRUSEN,drusen,OD,.tif,0.00021920220751781017
DRUSEN/27/OD/015_DRusen.tif,DRUSEN-027,test,DRUSEN,drusen,OD,.tif,0.0003137688909191638
DRUSEN/27/OD/016_DRusen.tif,DRUSEN-027,test,DRUSEN,drusen,OD,.tif,0.0002288876275997609
DRUSEN/27/OD/017_DRusen.tif,DRUSEN-027,test,DRUSEN,drusen,OD,.tif,0.0003695933264680207
DRUSEN/27/OD/018_DRusen.tif,DRUSEN-027,test,DRUSEN,drusen,OD,.tif,0.00018667994299903512
DRUSEN/27/OD/019_DRusen.tif,DRUSEN-027,test,DRUSEN,drusen,OD,.tif,0.00021694193128496408
DRUSEN/27/OD/020_DRusen.tif,DRUSEN-027,test,DRUSEN,drusen,OD,.tif,0.0002385327679803595
DRUSEN/27/OD/021_DRusen.tif,DRUSEN-027,test,DRUSEN,drusen,OD,.tif,0.00027257713372819126
DRUSEN/27/OD/022_DRusen.tif,DRUSEN-027,test,DRUSEN,drusen,OD,.tif,0.0002419917145743966
DRUSEN/27/OD/023_DRusen.tif,DRUSEN-027,test,DRUSEN,drusen,OD,.tif,0.00038325891364365816
DRUSEN/27/OD/024_DRusen.tif,DRUSEN-027,test,DRUSEN,drusen,OD,.tif,0.00024200721236411482
DRUSEN/27/OD/025_DRusen.tif,DRUSEN-027,test,DRUSEN,drusen,OD,.tif,0.00022186292335391045
DRUSEN/27/OD/026_DRusen.tif,DRUSEN-027,test,DRUSEN,drusen,OD,.tif,0.0001991332828765735
DRUSEN/27/OD/027_DRusen.tif,DRUSEN-027,test,DRUSEN,drusen,OD,.tif,0.00038245119503699243
DRUSEN/27/OD/028_DRusen.tif,DRUSEN-027,test,DRUSEN,drusen,OD,.tif,0.00031729222973808646
DRUSEN/27/OD/029_DRusen.tif,DRUSEN-027,test,DRUSEN,drusen,OD,.tif,0.00039411161560565233
DRUSEN/27/OD/030_DRusen.tif,DRUSEN-027,test,DRUSEN,drusen,OD,.tif,0.0002567890624050051
DRUSEN/27/OS/000_Drusen.tif,DRUSEN-027,test,DRUSEN,drusen,OS,.tif,0.0004240901325829327
DRUSEN/27/OS/001_Drusen.tif,DRUSEN-027,test,DRUSEN,drusen,OS,.tif,0.00036445859586820006
DRUSEN/27/OS/002_Drusen.tif,DRUSEN-027,test,DRUSEN,drusen,OS,.tif,0.0003674685722216964
DRUSEN/27/OS/003_Drusen.tif,DRUSEN-027,test,DRUSEN,drusen,OS,.tif,0.00039684149669483304
DRUSEN/27/OS/004_Drusen.tif,DRUSEN-027,test,DRUSEN,drusen,OS,.tif,0.0004615952493622899
DRUSEN/27/OS/005_Drusen.tif,DRUSEN-027,test,DRUSEN,drusen,OS,.tif,0.00045512011274695396
DRUSEN/27/OS/006_Drusen.tif,DRUSEN-027,test,DRUSEN,drusen,OS,.tif,0.000466303521534428
DRUSEN/27/OS/007_Drusen.tif,DRUSEN-027,test,DRUSEN,drusen,OS,.tif,0.00036961567820981145
DRUSEN/27/OS/008_Drusen.tif,DRUSEN-027,test,DRUSEN,drusen,OS,.tif,0.00020879070507362485
DRUSEN/27/OS/009_Drusen.tif,DRUSEN-027,test,DRUSEN,drusen,OS,.tif,0.00027526699705049396
DRUSEN/27/OS/010_Drusen.tif,DRUSEN-027,test,DRUSEN,drusen,OS,.tif,0.00026999122928828
DRUSEN/27/OS/011_Drusen.tif,DRUSEN-027,test,DRUSEN,drusen,OS,.tif,0.0002794693864416331
DRUSEN/27/OS/012_Drusen.tif,DRUSEN-027,test,DRUSEN,drusen,OS,.tif,0.00025082213687710464
DRUSEN/27/OS/013_Drusen.tif,DRUSEN-027,test,DRUSEN,drusen,OS,.tif,0.00025190203450620174
DRUSEN/27/OS/014_Drusen.tif,DRUSEN-027,test,DRUSEN,drusen,OS,.tif,0.00027653039433062077
DRUSEN/27/OS/015_Drusen.tif,DRUSEN-027,test,DRUSEN,drusen,OS,.tif,0.00035525098792277277
DRUSEN/27/OS/016_Drusen.tif,DRUSEN-027,test,DRUSEN,drusen,OS,.tif,0.00026662382879294455
DRUSEN/27/OS/017_Drusen.tif,DRUSEN-027,test,DRUSEN,drusen,OS,.tif,0.0003828449989669025
DRUSEN/27/OS/018_Drusen.tif,DRUSEN-027,test,DRUSEN,drusen,OS,.tif,0.00022191694006323814
DRUSEN/27/OS/019_Drusen.tif,DRUSEN-027,test,DRUSEN,drusen,OS,.tif,0.0001892527798190713
DRUSEN/27/OS/020_Drusen.tif,DRUSEN-027,test,DRUSEN,drusen,OS,.tif,0.0002628584043122828
DRUSEN/27/OS/021_Drusen.tif,DRUSEN-027,test,DRUSEN,drusen,OS,.tif,0.0003057640278711915
DRUSEN/27/OS/022_Drusen.tif,DRUSEN-027,test,DRUSEN,drusen,OS,.tif,0.0002622530737426132
DRUSEN/27/OS/023_Drusen.tif,DRUSEN-027,test,DRUSEN,drusen,OS,.tif,0.00038108453736640513
DRUSEN/27/OS/024_Drusen.tif,DRUSEN-027,test,DRUSEN,drusen,OS,.tif,0.00039951526559889317
DRUSEN/27/OS/025_Drusen.tif,DRUSEN-027,test,DRUSEN,drusen,OS,.tif,0.00033114623511210084
DRUSEN/27/OS/026_Drusen.tif,DRUSEN-027,test,DRUSEN,drusen,OS,.tif,0.00028077789465896785
DRUSEN/27/OS/027_Drusen.tif,DRUSEN-027,test,DRUSEN,drusen,OS,.tif,0.0006102791521698236
DRUSEN/27/OS/028_Drusen.tif,DRUSEN-027,test,DRUSEN,drusen,OS,.tif,0.0003513507544994354
DRUSEN/27/OS/029_Drusen.tif,DRUSEN-027,test,DRUSEN,drusen,OS,.tif,0.0004798078443855047
DRUSEN/27/OS/030_Drusen.tif,DRUSEN-027,test,DRUSEN,drusen,OS,.tif,0.00030463931034319103
DRUSEN/28/000_NOrmal.tif,DRUSEN-028,test,DRUSEN,normal,OD,.tif,0.0004048192349728197
DRUSEN/28/001_NOrmal.tif,DRUSEN-028,test,DRUSEN,normal,OD,.tif,0.0003919261507689953
DRUSEN/28/002_NOrmal.tif,DRUSEN-028,test,DRUSEN,normal,OD,.tif,0.0004433828580658883
DRUSEN/28/003_NOrmal.tif,DRUSEN-028,test,DRUSEN,normal,OD,.tif,0.0005531574133783579
DRUSEN/28/004_NOrmal.tif,DRUSEN-028,test,DRUSEN,normal,OD,.tif,0.0004270568897482008
DRUSEN/28/005_NOrmal.tif,DRUSEN-028,test,DRUSEN,normal,OD,.tif,0.0006947577930986881
DRUSEN/28/006_NOrmal.tif,DRUSEN-028,test,DRUSEN,normal,OD,.tif,0.00039385072886943817
DRUSEN/28/007_NOrmal.tif,DRUSEN-028,test,DRUSEN,normal,OD,.tif,0.0003791447961702943
DRUSEN/28/008_NOrmal.tif,DRUSEN-028,test,DRUSEN,normal,OD,.tif,0.0003270341258030385
DRUSEN/28/009_NOrmal.tif,DRUSEN-028,test,DRUSEN,normal,OD,.tif,0.0003857049741782248
DRUSEN/28/010_NOrmal.tif,DRUSEN-028,test,DRUSEN,normal,OD,.tif,0.00033813228947110474
DRUSEN/28/011_NOrmal.tif,DRUSEN-028,test,DRUSEN,normal,OD,.tif,0.00024730333825573325
DRUSEN/28/012_NOrmal.tif,DRUSEN-028,test,DRUSEN,normal,OD,.tif,0.0004282552981749177
DRUSEN/28/013_NOrmal.tif,DRUSEN-028,test,DRUSEN,normal,OD,.tif,0.0004067680856678635
DRUSEN/28/014_Drusen.tif,DRUSEN-028,test,DRUSEN,drusen,OD,.tif,0.00035356410080567
DRUSEN/28/015_Drusen.tif,DRUSEN-028,test,DRUSEN,drusen,OD,.tif,0.0003842419246211648
DRUSEN/28/016_Drusen.tif,DRUSEN-028,test,DRUSEN,drusen,OD,.tif,0.00032551659387536347
DRUSEN/28/017_NOrmal.tif,DRUSEN-028,test,DRUSEN,normal,OD,.tif,0.00035456259502097964
DRUSEN/28/018_NOrmal.tif,DRUSEN-028,test,DRUSEN,normal,OD,.tif,0.00043896023998968303
DRUSEN/28/019_NOrmal.tif,DRUSEN-028,test,DRUSEN,normal,OD,.tif,0.0003586087841540575
DRUSEN/28/020_NOrmal.tif,DRUSEN-028,test,DRUSEN,normal,OD,.tif,0.0003551779664121568
DRUSEN/28/021_NOrmal.tif,DRUSEN-028,test,DRUSEN,normal,OD,.tif,0.0003200948121957481
DRUSEN/28/022_NOrmal.tif,DRUSEN-028,test,DRUSEN,normal,OD,.tif,0.00031898796441964805
DRUSEN/28/023_Drusen.tif,DRUSEN-028,test,DRUSEN,drusen,OD,.tif,0.00033873034408316016
DRUSEN/28/024_Drusen.tif,DRUSEN-028,test,DRUSEN,drusen,OD,.tif,0.0003505733620841056
DRUSEN/28/025_Drusen.tif,DRUSEN-028,test,DRUSEN,drusen,OD,.tif,0.0003925347118638456
DRUSEN/28/026_NOrmal.tif,DRUSEN-028,test,DRUSEN,normal,OD,.tif,0.0004284750611986965
DRUSEN/28/027_NOrmal.tif,DRUSEN-028,test,DRUSEN,normal,OD,.tif,0.0003159505722578615
DRUSEN/28/028_NOrmal.tif,DRUSEN-028,test,DRUSEN,normal,OD,.tif,0.0006153705180622637
DRUSEN/28/029_NOrmal.tif,DRUSEN-028,test,DRUSEN,normal,OD,.tif,0.0006188596598803997
DRUSEN/28/030_NOrmal.tif,DRUSEN-028,test,DRUSEN,normal,OD,.tif,0.0006170610431581736
DRUSEN/29/OD/000_Normal.tif,DRUSEN-029,test,DRUSEN,normal,OD,.tif,0.0002708552055992186
DRUSEN/29/OD/001_Normal.tif,DRUSEN-029,test,DRUSEN,normal,OD,.tif,0.00023882572713773698
DRUSEN/29/OD/002_Normal.tif,DRUSEN-029,test,DRUSEN,normal,OD,.tif,0.0002124143356923014
DRUSEN/29/OD/003_Drusen.tif,DRUSEN-029,test,DRUSEN,drusen,OD,.tif,0.0002849117445293814
DRUSEN/29/OD/004_Drusen.tif,DRUSEN-029,test,DRUSEN,drusen,OD,.tif,0.00017829652642831206
DRUSEN/29/OD/005_Drusen.tif,DRUSEN-029,test,DRUSEN,drusen,OD,.tif,0.00016917745233513415
DRUSEN/29/OD/006_Normal.tif,DRUSEN-029,test,DRUSEN,normal,OD,.tif,0.00021433205984067172
DRUSEN/29/OD/007_Normal.tif,DRUSEN-029,test,DRUSEN,normal,OD,.tif,0.00025755862588994205
DRUSEN/29/OD/008_Normal.tif,DRUSEN-029,test,DRUSEN,normal,OD,.tif,0.0002999170101247728
DRUSEN/29/OD/009_Normal.tif,DRUSEN-029,test,DRUSEN,normal,OD,.tif,0.00021968537475913763
DRUSEN/29/OD/010_Normal.tif,DRUSEN-029,test,DRUSEN,normal,OD,.tif,0.00020471334573812783
DRUSEN/29/OD/011_Normal.tif,DRUSEN-029,test,DRUSEN,normal,OD,.tif,0.00018985399219673127
DRUSEN/29/OD/012_Normal.tif,DRUSEN-029,test,DRUSEN,normal,OD,.tif,0.00018976195133291185
DRUSEN/29/OD/013_Drusen.tif,DRUSEN-029,test,DRUSEN,drusen,OD,.tif,0.000167143065482378
DRUSEN/29/OD/014_Drusen.tif,DRUSEN-029,test,DRUSEN,drusen,OD,.tif,0.0002483348944224417
DRUSEN/29/OD/015_Drusen.tif,DRUSEN-029,test,DRUSEN,drusen,OD,.tif,0.00023024245456326753
DRUSEN/29/OD/016_Drusen.tif,DRUSEN-029,test,DRUSEN,drusen,OD,.tif,0.00020030004088766873
DRUSEN/29/OD/017_Normal.tif,DRUSEN-029,test,DRUSEN,normal,OD,.tif,0.00018790697504300624
DRUSEN/29/OD/018_Normal.tif,DRUSEN-029,test,DRUSEN,normal,OD,.tif,0.00021967568318359554
DRUSEN/29/OD/019_Normal.tif,DRUSEN-029,test,DRUSEN,normal,OD,.tif,0.00023963776766322553
DRUSEN/29/OD/020_Normal.tif,DRUSEN-029,test,DRUSEN,normal,OD,.tif,0.00019377871649339795
DRUSEN/29/OD/021_Normal.tif,DRUSEN-029,test,DRUSEN,normal,OD,.tif,0.00018584539066068828
DRUSEN/29/OD/022_Drusen.tif,DRUSEN-029,test,DRUSEN,drusen,OD,.tif,0.000195643660845235
DRUSEN/29/OD/023_Drusen.tif,DRUSEN-029,test,DRUSEN,drusen,OD,.tif,0.00021743064280599356
DRUSEN/29/OD/024_Drusen.tif,DRUSEN-029,test,DRUSEN,drusen,OD,.tif,0.0001779623271431774
DRUSEN/29/OD/025_Drusen.tif,DRUSEN-029,test,DRUSEN,drusen,OD,.tif,0.00020308056264184415
DRUSEN/29/OD/026_Normal.tif,DRUSEN-029,test,DRUSEN,normal,OD,.tif,0.00017725156794767827
DRUSEN/29/OD/027_Normal.tif,DRUSEN-029,test,DRUSEN,normal,OD,.tif,0.0002515354426577687
DRUSEN/29/OD/028_Normal.tif,DRUSEN-029,test,DRUSEN,normal,OD,.tif,0.00024500838480889797
DRUSEN/29/OD/029_Normal.tif,DRUSEN-029,test,DRUSEN,normal,OD,.tif,0.00028183235554024577
DRUSEN/29/OD/030_Normal.tif,DRUSEN-029,test,DRUSEN,normal,OD,.tif,0.00024326334823854268
DRUSEN/29/OS/000_Drusen.tif,DRUSEN-029,test,DRUSEN,drusen,OS,.tif,0.000226722244406119
DRUSEN/29/OS/001_Drusen.tif,DRUSEN-029,test,DRUSEN,drusen,OS,.tif,0.00029607710894197226
DRUSEN/29/OS/002_Drusen.tif,DRUSEN-029,test,DRUSEN,drusen,OS,.tif,0.00027930529904551804
DRUSEN/29/OS/003_Drusen.tif,DRUSEN-029,test,DRUSEN,drusen,OS,.tif,0.0003277181531302631
DRUSEN/29/OS/004_Normal.tif,DRUSEN-029,test,DRUSEN,normal,OS,.tif,0.00025916192680597305
DRUSEN/29/OS/005_Normal.tif,DRUSEN-029,test,DRUSEN,normal,OS,.tif,0.00032330560497939587
DRUSEN/29/OS/006_Normal.tif,DRUSEN-029,test,DRUSEN,normal,OS,.tif,0.00031511305132880807
DRUSEN/29/OS/007_Drusen.tif,DRUSEN-029,test,DRUSEN,drusen,OS,.tif,0.00026933522894978523
DRUSEN/29/OS/008_Drusen.tif,DRUSEN-029,test,DRUSEN,drusen,OS,.tif,0.0003171829739585519
DRUSEN/29/OS/009_Drusen.tif,DRUSEN-029,test,DRUSEN,drusen,OS,.tif,0.0004779637383762747
DRUSEN/29/OS/010_Drusen.tif,DRUSEN-029,test,DRUSEN,drusen,OS,.tif,0.0003839178243651986
DRUSEN/29/OS/011_Drusen.tif,DRUSEN-029,test,DRUSEN,drusen,OS,.tif,0.00031666268478147686
DRUSEN/29/OS/012_Drusen.tif,DRUSEN-029,test,DRUSEN,drusen,OS,.tif,0.00037323959986679256
DRUSEN/29/OS/013_Drusen.tif,DRUSEN-029,test,DRUSEN,drusen,OS,.tif,0.0004203541320748627
DRUSEN/29/OS/014_Drusen.tif,DRUSEN-029,test,DRUSEN,drusen,OS,.tif,0.00041273306123912334
DRUSEN/29/OS/015_Drusen.tif,DRUSEN-029,test,DRUSEN,drusen,OS,.tif,0.0003200171631760895
DRUSEN/29/OS/016_Drusen.tif,DRUSEN-029,test,DRUSEN,drusen,OS,.tif,0.0006055831909179688
DRUSEN/29/OS/017_Drusen.tif,DRUSEN-029,test,DRUSEN,drusen,OS,.tif,0.0008418733486905694
DRUSEN/29/OS/018_Drusen.tif,DRUSEN-029,test,DRUSEN,drusen,OS,.tif,0.0005284615326672792
DRUSEN/29/OS/019_Drusen.tif,DRUSEN-029,test,DRUSEN,drusen,OS,.tif,0.0002815689949784428
DRUSEN/29/OS/020_Drusen.tif,DRUSEN-029,test,DRUSEN,drusen,OS,.tif,0.00022995719336904585
DRUSEN/29/OS/021_Drusen.tif,DRUSEN-029,test,DRUSEN,drusen,OS,.tif,0.00024028774350881577
DRUSEN/29/OS/022_Drusen.tif,DRUSEN-029,test,DRUSEN,drusen,OS,.tif,0.00023151416098698974
DRUSEN/29/OS/023_Drusen.tif,DRUSEN-029,test,DRUSEN,drusen,OS,.tif,0.00027531891828402877
DRUSEN/29/OS/024_Drusen.tif,DRUSEN-029,test,DRUSEN,drusen,OS,.tif,0.0003942773910239339
DRUSEN/29/OS/025_Drusen.tif,DRUSEN-029,test,DRUSEN,drusen,OS,.tif,0.0002812088350765407
DRUSEN/29/OS/026_Drusen.tif,DRUSEN-029,test,DRUSEN,drusen,OS,.tif,0.0004483582160901278
DRUSEN/29/OS/027_Drusen.tif,DRUSEN-029,test,DRUSEN,drusen,OS,.tif,0.0003230338334105909
DRUSEN/29/OS/028_Drusen.tif,DRUSEN-029,test,DRUSEN,drusen,OS,.tif,0.0006962171173654497
DRUSEN/29/OS/029_Normal.tif,DRUSEN-029,test,DRUSEN,normal,OS,.tif,0.00046267424477264285
DRUSEN/29/OS/030_Normal.tif,DRUSEN-029,test,DRUSEN,normal,OS,.tif,0.0003010098298545927
DRUSEN/30/000_Normal.tif,DRUSEN-030,test,DRUSEN,normal,OD,.tif,0.00019060258637182415
DRUSEN/30/001_Normal.tif,DRUSEN-030,test,DRUSEN,normal,OD,.tif,0.00028803921304643154
DRUSEN/30/002_Normal.tif,DRUSEN-030,test,DRUSEN,normal,OD,.tif,0.0002264312788611278
DRUSEN/30/003_Normal.tif,DRUSEN-030,test,DRUSEN,normal,OD,.tif,0.0002534379018470645
DRUSEN/30/004_Normal.tif,DRUSEN-030,test,DRUSEN,normal,OD,.tif,0.00027023712755180895
DRUSEN/30/005_Normal.tif,DRUSEN-030,test,DRUSEN,normal,OD,.tif,0.0002574570244178176
DRUSEN/30/006_Normal.tif,DRUSEN-030,test,DRUSEN,normal,OD,.tif,0.00020501796097960323
DRUSEN/30/007_Normal.tif,DRUSEN-030,test,DRUSEN,normal,OD,.tif,0.00023482434335164726
DRUSEN/30/008_Normal.tif,DRUSEN-030,test,DRUSEN,normal,OD,.tif,0.0002386718988418579
DRUSEN/30/009_Normal.tif,DRUSEN-030,test,DRUSEN,normal,OD,.tif,0.00034468446392565966
DRUSEN/30/010_Normal.tif,DRUSEN-030,test,DRUSEN,normal,OD,.tif,0.00038535945350304246
DRUSEN/30/011_Normal.tif,DRUSEN-030,test,DRUSEN,normal,OD,.tif,0.0005887728184461594
DRUSEN/30/012_Drusen.tif,DRUSEN-030,test,DRUSEN,drusen,OD,.tif,0.00023941151448525488
DRUSEN/30/013_Drusen.tif,DRUSEN-030,test,DRUSEN,drusen,OD,.tif,0.0001927497796714306
DRUSEN/30/014_Drusen.tif,DRUSEN-030,test,DRUSEN,drusen,OD,.tif,0.00020958911045454443
DRUSEN/30/015_Drusen.tif,DRUSEN-030,test,DRUSEN,drusen,OD,.tif,0.0002159796713385731
DRUSEN/30/016_Normal.tif,DRUSEN-030,test,DRUSEN,normal,OD,.tif,0.0002367255510762334
DRUSEN/30/017_Drusen.tif,DRUSEN-030,test,DRUSEN,drusen,OD,.tif,0.0003588740364648402
DRUSEN/30/018_Drusen.tif,DRUSEN-030,test,DRUSEN,drusen,OD,.tif,0.00021674722665920854
DRUSEN/30/019_Normal.tif,DRUSEN-030,test,DRUSEN,normal,OD,.tif,0.00020218358258716762
DRUSEN/30/020_Normal.tif,DRUSEN-030,test,DRUSEN,normal,OD,.tif,0.0002279080217704177
DRUSEN/30/021_Drusen.tif,DRUSEN-030,test,DRUSEN,drusen,OD,.tif,0.00023612157383468002
DRUSEN/30/022_Drusen.tif,DRUSEN-030,test,DRUSEN,drusen,OD,.tif,0.00025797676062211394
DRUSEN/30/023_Normal.tif,DRUSEN-030,test,DRUSEN,normal,OD,.tif,0.00029316829750314355
DRUSEN/30/024_Normal.tif,DRUSEN-030,test,DRUSEN,normal,OD,.tif,0.0002981278230436146
DRUSEN/30/025_Normal.tif,DRUSEN-030,test,DRUSEN,normal,OD,.tif,0.00032999267568811774
DRUSEN/30/026_Normal.tif,DRUSEN-030,test,DRUSEN,normal,OD,.tif,0.00030672753928229213
DRUSEN/30/027_Normal.tif,DRUSEN-030,test,DRUSEN,normal,OD,.tif,0.0002665413776412606
DRUSEN/30/028_Normal.tif,DRUSEN-030,test,DRUSEN,normal,OD,.tif,0.00041524902917444706
DRUSEN/30/029_Normal.tif,DRUSEN-030,test,DRUSEN,normal,OD,.tif,0.00024647486861795187
DRUSEN/30/030_Normal.tif,DRUSEN-030,test,DRUSEN,normal,OD,.tif,0.0003226407279726118
DRUSEN/33/000_Normal.tif,DRUSEN-033,test,DRUSEN,normal,OS,.tif,0.00019928795518353581
DRUSEN/33/001_Normal.tif,DRUSEN-033,test,DRUSEN,normal,OS,.tif,0.00031159527134150267
DRUSEN/33/002_Normal.tif,DRUSEN-033,test,DRUSEN,normal,OS,.tif,0.0003238153294660151
DRUSEN/33/003_Normal.tif,DRUSEN-033,test,DRUSEN,normal,OS,.tif,0.00023483320546802133
DRUSEN/33/004_Drusen.tif,DRUSEN-033,test,DRUSEN,drusen,OS,.tif,0.0004010280827060342
DRUSEN/33/005_Normal.tif,DRUSEN-033,test,DRUSEN,normal,OS,.tif,0.0003519158635754138
DRUSEN/33/006_Normal.tif,DRUSEN-033,test,DRUSEN,normal,OS,.tif,0.0003782759595196694
DRUSEN/33/007_Normal.tif,DRUSEN-033,test,DRUSEN,normal,OS,.tif,0.0004222385468892753
DRUSEN/33/008_Normal.tif,DRUSEN-033,test,DRUSEN,normal,OS,.tif,0.0001648372272029519
DRUSEN/33/009_Normal.tif,DRUSEN-033,test,DRUSEN,normal,OS,.tif,0.000364561885362491
DRUSEN/33/010_Normal.tif,DRUSEN-033,test,DRUSEN,normal,OS,.tif,0.00027762752142734826
DRUSEN/33/011_Drusen.tif,DRUSEN-033,test,DRUSEN,drusen,OS,.tif,0.00022431387333199382
DRUSEN/33/012_Normal.tif,DRUSEN-033,test,DRUSEN,normal,OS,.tif,0.0001963578979484737
DRUSEN/33/013_Drusen.tif,DRUSEN-033,test,DRUSEN,drusen,OS,.tif,0.00029452290618792176
DRUSEN/33/014_Normal.tif,DRUSEN-033,test,DRUSEN,normal,OS,.tif,0.0002553878875914961
DRUSEN/33/015_Normal.tif,DRUSEN-033,test,DRUSEN,normal,OS,.tif,0.00025570899015292525
DRUSEN/33/016_Normal.tif,DRUSEN-033,test,DRUSEN,normal,OS,.tif,0.000196759618120268
DRUSEN/33/017_Normal.tif,DRUSEN-033,test,DRUSEN,normal,OS,.tif,0.00022214553609956056
DRUSEN/33/018_Normal.tif,DRUSEN-033,test,DRUSEN,normal,OS,.tif,0.0004714899987448007
DRUSEN/33/019_Normal.tif,DRUSEN-033,test,DRUSEN,normal,OS,.tif,0.00034900358878076077
DRUSEN/33/020_Normal.tif,DRUSEN-033,test,DRUSEN,normal,OS,.tif,0.00016791868256404996
DRUSEN/33/021_Normal.tif,DRUSEN-033,test,DRUSEN,normal,OS,.tif,0.0002372695307713002
DRUSEN/33/022_Normal.tif,DRUSEN-033,test,DRUSEN,normal,OS,.tif,0.00026996750966645777
DRUSEN/33/023_Normal.tif,DRUSEN-033,test,DRUSEN,normal,OS,.tif,0.00031336507527157664
DRUSEN/33/024_Drusen.tif,DRUSEN-033,test,DRUSEN,drusen,OS,.tif,0.0002567063784226775
DRUSEN/33/025_Normal.tif,DRUSEN-033,test,DRUSEN,normal,OS,.tif,0.00018937874119728804
DRUSEN/33/026_Drusen.tif,DRUSEN-033,test,DRUSEN,drusen,OS,.tif,0.0001755447156028822
DRUSEN/33/027_Normal.tif,DRUSEN-033,test,DRUSEN,normal,OS,.tif,0.0002306038950337097
DRUSEN/33/028_Normal.tif,DRUSEN-033,test,DRUSEN,normal,OS,.tif,0.0001741139276418835
DRUSEN/33/029_Normal.tif,DRUSEN-033,test,DRUSEN,normal,OS,.tif,0.00026466132840141654
DRUSEN/33/030_Normal.tif,DRUSEN-033,test,DRUSEN,normal,OS,.tif,0.00018632743740454316
DRUSEN/40/OD/000_Normal.jpg,DRUSEN-040,test,DRUSEN,normal,OD,.jpg,0.00022438110318034887
DRUSEN/40/OD/001_Normal.jpg,DRUSEN-040,test,DRUSEN,normal,OD,.jpg,0.00019175495253875852
DRUSEN/40/OD/002_Normal.jpg,DRUSEN-040,test,DRUSEN,normal,OD,.jpg,0.00018551439279690385
DRUSEN/40/OD/003_Normal.jpg,DRUSEN-040,test,DRUSEN,normal,OD,.jpg,0.0001829220709623769
DRUSEN/40/OD/004_Normal.jpg,DRUSEN-040,test,DRUSEN,normal,OD,.jpg,0.0003134152793791145
DRUSEN/40/OD/005_Normal.jpg,DRUSEN-040,test,DRUSEN,normal,OD,.jpg,0.00019855346181429923
DRUSEN/40/OD/006_Normal.jpg,DRUSEN-040,test,DRUSEN,normal,OD,.jpg,0.00021524931071326137
DRUSEN/40/OD/007_Normal.jpg,DRUSEN-040,test,DRUSEN,normal,OD,.jpg,0.00017717835726216435
DRUSEN/40/OD/008_Normal.jpg,DRUSEN-040,test,DRUSEN,normal,OD,.jpg,0.0002445999125484377
DRUSEN/40/OD/009_Normal.jpg,DRUSEN-040,test,DRUSEN,normal,OD,.jpg,0.00022432069818023592
DRUSEN/40/OD/010_Normal.jpg,DRUSEN-040,test,DRUSEN,normal,OD,.jpg,0.00022891536355018616
DRUSEN/40/OD/011_Drusen.jpg,DRUSEN-040,test,DRUSEN,drusen,OD,.jpg,0.00021996218129061162
DRUSEN/40/OD/012_drusen.jpg,DRUSEN-040,test,DRUSEN,drusen,OD,.jpg,0.00024382650735788047
DRUSEN/40/OD/013_drusen.jpg,DRUSEN-040,test,DRUSEN,drusen,OD,.jpg,0.00017420778749510646
DRUSEN/40/OD/014_Normal.jpg,DRUSEN-040,test,DRUSEN,normal,OD,.jpg,0.00022164499387145042
DRUSEN/40/OD/015_Normal.jpg,DRUSEN-040,test,DRUSEN,normal,OD,.jpg,0.00014373641170095652
DRUSEN/40/OD/016_drusen.jpg,DRUSEN-040,test,DRUSEN,drusen,OD,.jpg,0.00025927001843228936
DRUSEN/40/OD/017_drusen.jpg,DRUSEN-040,test,DRUSEN,drusen,OD,.jpg,0.00015199874178506434
DRUSEN/40/OD/018_Normal.jpg,DRUSEN-040,test,DRUSEN,normal,OD,.jpg,0.00017043499974533916
DRUSEN/40/OD/019_Drusen.jpg,DRUSEN-040,test,DRUSEN,drusen,OD,.jpg,0.00020684272749349475
DRUSEN/40/OD/020_Normal.jpg,DRUSEN-040,test,DRUSEN,normal,OD,.jpg,0.00013685380690731108
DRUSEN/40/OD/021_Normal.jpg,DRUSEN-040,test,DRUSEN,normal,OD,.jpg,0.00015925403567962348
DRUSEN/40/OD/022_Normal.jpg,DRUSEN-040,test,DRUSEN,normal,OD,.jpg,0.00014237224240787327
DRUSEN/40/OD/023_Normal.jpg,DRUSEN-040,test,DRUSEN,normal,OD,.jpg,0.00018882645235862583
DRUSEN/40/OD/024_Normal.jpg,DRUSEN-040,test,DRUSEN,normal,OD,.jpg,0.00024306800332851708
DRUSEN/40/OD/025_Normal.jpg,DRUSEN-040,test,DRUSEN,normal,OD,.jpg,0.0002381529484409839
DRUSEN/40/OD/026_Normal.jpg,DRUSEN-040,test,DRUSEN,normal,OD,.jpg,0.0002247822267236188
DRUSEN/40/OD/027_Normal.jpg,DRUSEN-040,test,DRUSEN,normal,OD,.jpg,0.00020392648002598435
DRUSEN/40/OD/028_Normal.jpg,DRUSEN-040,test,DRUSEN,normal,OD,.jpg,0.0002267069066874683
DRUSEN/40/OD/029_Normal.jpg,DRUSEN-040,test,DRUSEN,normal,OD,.jpg,0.0002483580610714853
DRUSEN/40/OD/030_Normal.jpg,DRUSEN-040,test,DRUSEN,normal,OD,.jpg,0.00020662523456849158
DRUSEN/40/OS/000_Normal.jpg,DRUSEN-040,test,DRUSEN,normal,OS,.jpg,0.00020094410865567625
DRUSEN/40/OS/001_Normal.jpg,DRUSEN-040,test,DRUSEN,normal,OS,.jpg,0.0003072299004998058
DRUSEN/40/OS/002_Normal.jpg,DRUSEN-040,test,DRUSEN,normal,OS,.jpg,0.00033425644505769014
DRUSEN/40/OS/003_Normal.jpg,DRUSEN-040,test,DRUSEN,normal,OS,.jpg,0.0002576611004769802
DRUSEN/40/OS/004_Normal.jpg,DRUSEN-040,test,DRUSEN,normal,OS,.jpg,0.00023018542560748756
DRUSEN/40/OS/005_Normal.jpg,DRUSEN-040,test,DRUSEN,normal,OS,.jpg,0.0002228951343568042
DRUSEN/40/OS/006_Normal.jpg,DRUSEN-040,test,DRUSEN,normal,OS,.jpg,0.00028413633117452264
DRUSEN/40/OS/007_Normal.jpg,DRUSEN-040,test,DRUSEN,normal,OS,.jpg,0.0002532776561565697
DRUSEN/40/OS/008_Normal.jpg,DRUSEN-040,test,DRUSEN,normal,OS,.jpg,0.00028250814648345113
DRUSEN/40/OS/009_Normal.jpg,DRUSEN-040,test,DRUSEN,normal,OS,.jpg,0.00034324772423133254
DRUSEN/40/OS/010_Normal.jpg,DRUSEN-040,test,DRUSEN,normal,OS,.jpg,0.000373956689145416
DRUSEN/40/OS/011_Normal.jpg,DRUSEN-040,test,DRUSEN,normal,OS,.jpg,0.0002441203105263412
DRUSEN/40/OS/012_Normal.jpg,DRUSEN-040,test,DRUSEN,normal,OS,.jpg,0.00033788109431043267
DRUSEN/40/OS/013_Normal.jpg,DRUSEN-040,test,DRUSEN,normal,OS,.jpg,0.0002968303160741925
DRUSEN/40/OS/014_Normal.jpg,DRUSEN-040,test,DRUSEN,normal,OS,.jpg,0.00019183807307854295
DRUSEN/40/OS/015_Normal.jpg,DRUSEN-040,test,DRUSEN,normal,OS,.jpg,0.00021759665105491877
DRUSEN/40/OS/016_Normal.jpg,DRUSEN-040,test,DRUSEN,normal,OS,.jpg,0.00035893096355721354
DRUSEN/40/OS/017_Normal.jpg,DRUSEN-040,test,DRUSEN,normal,OS,.jpg,0.0004295259714126587
DRUSEN/40/OS/018_Normal.jpg,DRUSEN-040,test,DRUSEN,normal,OS,.jpg,0.0005030106985941529
DRUSEN/40/OS/019_Normal.jpg,DRUSEN-040,test,DRUSEN,normal,OS,.jpg,0.00033288434497080743
DRUSEN/40/OS/020_Normal.jpg,DRUSEN-040,test,DRUSEN,normal,OS,.jpg,0.000335606571752578
DRUSEN/40/OS/021_Normal.jpg,DRUSEN-040,test,DRUSEN,normal,OS,.jpg,0.0002441144170006737
DRUSEN/40/OS/022_Normal.jpg,DRUSEN-040,test,DRUSEN,normal,OS,.jpg,0.00021206568635534495
DRUSEN/40/OS/023_Normal.jpg,DRUSEN-040,test,DRUSEN,normal,OS,.jpg,0.0003337284433655441
DRUSEN/40/OS/024_Drusen.jpg,DRUSEN-040,test,DRUSEN,drusen,OS,.jpg,0.00017202550952788442
DRUSEN/40/OS/025_Normal.jpg,DRUSEN-040,test,DRUSEN,normal,OS,.jpg,0.000206858865567483
DRUSEN/40/OS/026_Normal.jpg,DRUSEN-040,test,DRUSEN,normal,OS,.jpg,0.000303082779282704
DRUSEN/40/OS/027_Normal.jpg,DRUSEN-040,test,DRUSEN,normal,OS,.jpg,0.00032981543336063623
DRUSEN/40/OS/028_Normal.jpg,DRUSEN-040,test,DRUSEN,normal,OS,.jpg,0.00024227116955444217
DRUSEN/40/OS/029_Normal.jpg,DRUSEN-040,test,DRUSEN,normal,OS,.jpg,0.00029265222838148475
DRUSEN/40/OS/030_Normal.jpg,DRUSEN-040,test,DRUSEN,normal,OS,.jpg,0.0002694562135729939
DRUSEN/41/000_Normal.jpg,DRUSEN-041,test,DRUSEN,normal,OD,.jpg,0.0003179169143550098
DRUSEN/41/001_Normal.jpg,DRUSEN-041,test,DRUSEN,normal,OD,.jpg,0.0003126838419120759
DRUSEN/41/002_Normal.jpg,DRUSEN-041,test,DRUSEN,normal,OD,.jpg,0.0003102871123701334
DRUSEN/41/003_Normal.jpg,DRUSEN-041,test,DRUSEN,normal,OD,.jpg,0.0002619044971652329
DRUSEN/41/004_Normal.jpg,DRUSEN-041,test,DRUSEN,normal,OD,.jpg,0.00025199478841386735
DRUSEN/41/005_Normal.jpg,DRUSEN-041,test,DRUSEN,normal,OD,.jpg,0.00023492751643061638
DRUSEN/41/006_Normal.jpg,DRUSEN-041,test,DRUSEN,normal,OD,.jpg,0.0002780640497803688
DRUSEN/41/007_Normal.jpg,DRUSEN-041,test,DRUSEN,normal,OD,.jpg,0.00027402929845266044
DRUSEN/41/008_Normal.jpg,DRUSEN-041,test,DRUSEN,normal,OD,.jpg,0.00033765623811632395
DRUSEN/41/009_Drusen.jpg,DRUSEN-041,test,DRUSEN,drusen,OD,.jpg,0.0003159089246764779
DRUSEN/41/010_Drusen.jpg,DRUSEN-041,test,DRUSEN,drusen,OD,.jpg,0.00031643937109038234
DRUSEN/41/011_Drusen.jpg,DRUSEN-041,test,DRUSEN,drusen,OD,.jpg,0.00030239304760470986
DRUSEN/41/012_Drusen.jpg,DRUSEN-041,test,DRUSEN,drusen,OD,.jpg,0.0003377269022166729
DRUSEN/41/013_Drusen.jpg,DRUSEN-041,test,DRUSEN,drusen,OD,.jpg,0.0002814438776113093
DRUSEN/41/014_Drusen.jpg,DRUSEN-041,test,DRUSEN,drusen,OD,.jpg,0.0003108386881649494
DRUSEN/41/015_Drusen.jpg,DRUSEN-041,test,DRUSEN,drusen,OD,.jpg,0.00029224850004538894
DRUSEN/41/016_Drusen.jpg,DRUSEN-041,test,DRUSEN,drusen,OD,.jpg,0.00029198211268521845
DRUSEN/41/017_Drusen.jpg,DRUSEN-041,test,DRUSEN,drusen,OD,.jpg,0.00022278711549006402
DRUSEN/41/018_Drusen.jpg,DRUSEN-041,test,DRUSEN,drusen,OD,.jpg,0.00024708674754947424
DRUSEN/41/019_Drusen.jpg,DRUSEN-041,test,DRUSEN,drusen,OD,.jpg,0.00022392955725081265
DRUSEN/41/020_Drusen.jpg,DRUSEN-041,test,DRUSEN,drusen,OD,.jpg,0.00019508323748596013
DRUSEN/41/021_Drusen.jpg,DRUSEN-041,test,DRUSEN,drusen,OD,.jpg,0.00021772949548903853
DRUSEN/41/022_Drusen.jpg,DRUSEN-041,test,DRUSEN,drusen,OD,.jpg,0.00030584761407226324
DRUSEN/41/023_Drusen.jpg,DRUSEN-041,test,DRUSEN,drusen,OD,.jpg,0.00019447313388809562
DRUSEN/41/024_Drusen.jpg,DRUSEN-041,test,DRUSEN,drusen,OD,.jpg,0.00040255364729091525
DRUSEN/41/025_Drusen.jpg,DRUSEN-041,test,DRUSEN,drusen,OD,.jpg,0.0003112180274911225
DRUSEN/41/026_Normal.jpg,DRUSEN-041,test,DRUSEN,normal,OD,.jpg,0.00021777316578663886
DRUSEN/41/027_Normal.jpg,DRUSEN-041,test,DRUSEN,normal,OD,.jpg,0.00026269099907949567
DRUSEN/41/028_Normal.jpg,DRUSEN-041,test,DRUSEN,normal,OD,.jpg,0.00024694460444152355
DRUSEN/41/029_Normal.jpg,DRUSEN-041,test,DRUSEN,normal,OD,.jpg,0.00017826692783273757
DRUSEN/41/030_Normal.jpg,DRUSEN-041,test,DRUSEN,normal,OD,.jpg,0.00022744302987121046
DRUSEN/43/000_Normal.tif,DRUSEN-043,test,DRUSEN,normal,OD,.tif,0.00040640862425789237
DRUSEN/43/001_Normal.tif,DRUSEN-043,test,DRUSEN,normal,OD,.tif,0.0003707400755956769
DRUSEN/43/002_Normal.tif,DRUSEN-043,test,DRUSEN,normal,OD,.tif,0.00021084201580379158
DRUSEN/43/003_Normal.tif,DRUSEN-043,test,DRUSEN,normal,OD,.tif,0.00024676710017956793
DRUSEN/43/004_Normal.tif,DRUSEN-043,test,DRUSEN,normal,OD,.tif,0.0002731012646108866
DRUSEN/43/005_Normal.tif,DRUSEN-043,test,DRUSEN,normal,OD,.tif,0.0004222569696139544
DRUSEN/43/006_Normal.tif,DRUSEN-043,test,DRUSEN,normal,OD,.tif,0.00029311602702364326
DRUSEN/43/007_Normal.tif,DRUSEN-043,test,DRUSEN,normal,OD,.tif,0.00026531945331953466
DRUSEN/43/008_Normal.tif,DRUSEN-043,test,DRUSEN,normal,OD,.tif,0.00031354313250631094
DRUSEN/43/009_Normal.tif,DRUSEN-043,test,DRUSEN,normal,OD,.tif,0.0002754848974291235
DRUSEN/43/010_Normal.tif,DRUSEN-043,test,DRUSEN,normal,OD,.tif,0.00022479353356175125
DRUSEN/43/011_Normal.tif,DRUSEN-043,test,DRUSEN,normal,OD,.tif,0.00033051526406779885
DRUSEN/43/012_Normal.tif,DRUSEN-043,test,DRUSEN,normal,OD,.tif,0.00027020362904295325
DRUSEN/43/013_Drusen.tif,DRUSEN-043,test,DRUSEN,drusen,OD,.tif,0.0003394138184376061
DRUSEN/43/014_Drusen.tif,DRUSEN-043,test,DRUSEN,drusen,OD,.tif,0.00019932101713493466
DRUSEN/43/015_Normal.tif,DRUSEN-043,test,DRUSEN,normal,OD,.tif,0.0001766046043485403
DRUSEN/43/016_Normal.tif,DRUSEN-043,test,DRUSEN,normal,OD,.tif,0.00014826504047960043
DRUSEN/43/017_Normal.tif,DRUSEN-043,test,DRUSEN,normal,OD,.tif,0.00016189154121093452
DRUSEN/43/018_Normal.tif,DRUSEN-043,test,DRUSEN,normal,OD,.tif,0.0002675785799510777
DRUSEN/43/019_Normal.tif,DRUSEN-043,test,DRUSEN,normal,OD,.tif,0.0002425613347440958
DRUSEN/43/020_Normal.tif,DRUSEN-043,test,DRUSEN,normal,OD,.tif,0.00023619431885890663
DRUSEN/43/021_Normal.tif,DRUSEN-043,test,DRUSEN,normal,OD,.tif,0.00021072305389679968
DRUSEN/43/022_Normal.tif,DRUSEN-043,test,DRUSEN,normal,OD,.tif,0.00015663042722735554
DRUSEN/43/023_Normal.tif,DRUSEN-043,test,DRUSEN,normal,OD,.tif,0.0002649793750606477
DRUSEN/43/024_Normal.tif,DRUSEN-043,test,DRUSEN,normal,OD,.tif,0.00024459458654746413
DRUSEN/43/025_Normal.tif,DRUSEN-043,test,DRUSEN,normal,OD,.tif,0.00021682601072825491
DRUSEN/43/026_Normal.tif,DRUSEN-043,test,DRUSEN,normal,OD,.tif,0.00023648036585655063
DRUSEN/43/027_Normal.tif,DRUSEN-043,test,DRUSEN,normal,OD,.tif,0.00017682556062936783
DRUSEN/43/028_Normal.tif,DRUSEN-043,test,DRUSEN,normal,OD,.tif,0.0002603115572128445
DRUSEN/43/029_Normal.tif,DRUSEN-043,test,DRUSEN,normal,OD,.tif,0.00017655303236097097
DRUSEN/43/030_Normal.tif,DRUSEN-043,test,DRUSEN,normal,OD,.tif,0.000206994081963785
DRUSEN/44/000_Normal.tif,DRUSEN-044,test,DRUSEN,normal,OS,.tif,0.00035734198172576725
DRUSEN/44/001_Normal.tif,DRUSEN-044,test,DRUSEN,normal,OS,.tif,0.0003465281624812633
DRUSEN/44/002_Normal.tif,DRUSEN-044,test,DRUSEN,normal,OS,.tif,0.00031341740395873785
DRUSEN/44/003_Normal.tif,DRUSEN-044,test,DRUSEN,normal,OS,.tif,0.00018915484542958438
DRUSEN/44/004_Normal.tif,DRUSEN-044,test,DRUSEN,normal,OS,.tif,0.00024784525157883763
DRUSEN/44/005_Normal.tif,DRUSEN-044,test,DRUSEN,normal,OS,.tif,0.0002821193775162101
DRUSEN/44/006_Normal.tif,DRUSEN-044,test,DRUSEN,normal,OS,.tif,0.00022684092982672155
DRUSEN/44/007_Normal.tif,DRUSEN-044,test,DRUSEN,normal,OS,.tif,0.0003197522892151028
DRUSEN/44/008_Normal.tif,DRUSEN-044,test,DRUSEN,normal,OS,.tif,0.00019098131451755762
DRUSEN/44/009_Normal.tif,DRUSEN-044,test,DRUSEN,normal,OS,.tif,0.0002284583169966936
DRUSEN/44/010_Normal.tif,DRUSEN-044,test,DRUSEN,normal,OS,.tif,0.00032798940083011985
DRUSEN/44/011_Normal.tif,DRUSEN-044,test,DRUSEN,normal,OS,.tif,0.00020784750813618302
DRUSEN/44/012_Normal.tif,DRUSEN-044,test,DRUSEN,normal,OS,.tif,0.0002709935652092099
DRUSEN/44/013_Normal.tif,DRUSEN-044,test,DRUSEN,normal,OS,.tif,0.0002653652336448431
DRUSEN/44/014_Normal.tif,DRUSEN-044,test,DRUSEN,normal,OS,.tif,0.0004154127382207662
DRUSEN/44/015_Normal.tif,DRUSEN-044,test,DRUSEN,normal,OS,.tif,0.000259550753980875
DRUSEN/44/016_Normal.tif,DRUSEN-044,test,DRUSEN,normal,OS,.tif,0.00022485075169242918
DRUSEN/44/017_Drusen.tif,DRUSEN-044,test,DRUSEN,drusen,OS,.tif,0.0004362074541859329
DRUSEN/44/018_Normal.tif,DRUSEN-044,test,DRUSEN,normal,OS,.tif,0.0003900078881997615
DRUSEN/44/019_Normal.tif,DRUSEN-044,test,DRUSEN,normal,OS,.tif,0.0003787612949963659
DRUSEN/44/020_Normal.tif,DRUSEN-044,test,DRUSEN,normal,OS,.tif,0.000355311029125005
DRUSEN/44/021_Normal.tif,DRUSEN-044,test,DRUSEN,normal,OS,.tif,0.0002168877690564841
DRUSEN/44/022_Normal.tif,DRUSEN-044,test,DRUSEN,normal,OS,.tif,0.00025864981580525637
DRUSEN/44/023_Normal.tif,DRUSEN-044,test,DRUSEN,normal,OS,.tif,0.0002068526518996805
DRUSEN/44/024_Normal.tif,DRUSEN-044,test,DRUSEN,normal,OS,.tif,0.0002507051103748381
DRUSEN/44/025_Normal.tif,DRUSEN-044,test,DRUSEN,normal,OS,.tif,0.000308595976093784
DRUSEN/44/026_Normal.tif,DRUSEN-044,test,DRUSEN,normal,OS,.tif,0.0003357176319696009
DRUSEN/44/027_Normal.tif,DRUSEN-044,test,DRUSEN,normal,OS,.tif,0.0002431766188237816
DRUSEN/44/028_Normal.tif,DRUSEN-044,test,DRUSEN,normal,OS,.tif,0.00022942025680094957
DRUSEN/44/029_Normal.tif,DRUSEN-044,test,DRUSEN,normal,OS,.tif,0.00027087939088232815
DRUSEN/44/030_Normal.tif,DRUSEN-044,test,DRUSEN,normal,OS,.tif,0.000406139122787863
DRUSEN/46/000_Normal.tif,DRUSEN-046,test,DRUSEN,normal,OD,.tif,0.0002094364899676293
DRUSEN/46/001_Normal.tif,DRUSEN-046,test,DRUSEN,normal,OD,.tif,0.000278191058896482
DRUSEN/46/002_Normal.tif,DRUSEN-046,test,DRUSEN,normal,OD,.tif,0.00019691689522005618
DRUSEN/46/003_Normal.tif,DRUSEN-046,test,DRUSEN,normal,OD,.tif,0.00019463426724541932
DRUSEN/46/004_Normal.tif,DRUSEN-046,test,DRUSEN,normal,OD,.tif,0.00018737316713668406
DRUSEN/46/005_Normal.tif,DRUSEN-046,test,DRUSEN,normal,OD,.tif,0.00036703006480820477
DRUSEN/46/006_Normal.tif,DRUSEN-046,test,DRUSEN,normal,OD,.tif,0.00026535356300882995
DRUSEN/46/007_Normal.tif,DRUSEN-046,test,DRUSEN,normal,OD,.tif,0.00021834495419170707
DRUSEN/46/008_Normal.tif,DRUSEN-046,test,DRUSEN,normal,OD,.tif,0.00019494994194246829
DRUSEN/46/009_Normal.tif,DRUSEN-046,test,DRUSEN,normal,OD,.tif,0.00022509365226142108
DRUSEN/46/010_Normal.tif,DRUSEN-046,test,DRUSEN,normal,OD,.tif,0.00023602129658684134
DRUSEN/46/011_Drusen.tif,DRUSEN-046,test,DRUSEN,drusen,OD,.tif,0.0002345705433981493
DRUSEN/46/012_Drusen.tif,DRUSEN-046,test,DRUSEN,drusen,OD,.tif,0.00025325006572529674
DRUSEN/46/013_Drusen.tif,DRUSEN-046,test,DRUSEN,drusen,OD,.tif,0.0002596888807602227
DRUSEN/46/014_Drusen.tif,DRUSEN-046,test,DRUSEN,drusen,OD,.tif,0.0001950842997757718
DRUSEN/46/015_Drusen.tif,DRUSEN-046,test,DRUSEN,drusen,OD,.tif,0.0002275606238981709
DRUSEN/46/016_Drusen.tif,DRUSEN-046,test,DRUSEN,drusen,OD,.tif,0.00019260146655142307
DRUSEN/46/017_Drusen.tif,DRUSEN-046,test,DRUSEN,drusen,OD,.tif,0.00017226621275767684
DRUSEN/46/018_Drusen.tif,DRUSEN-046,test,DRUSEN,drusen,OD,.tif,0.0001784571068128571
DRUSEN/46/019_Drusen.tif,DRUSEN-046,test,DRUSEN,drusen,OD,.tif,0.0001794094278011471
DRUSEN/46/020_Drusen.tif,DRUSEN-046,test,DRUSEN,drusen,OD,.tif,0.00019649833848234266
DRUSEN/46/021_Normal.tif,DRUSEN-046,test,DRUSEN,normal,OD,.tif,0.00018715272017288953
DRUSEN/46/022_Normal.tif,DRUSEN-046,test,DRUSEN,normal,OD,.tif,0.00020284141646698117
DRUSEN/46/023_Normal.tif,DRUSEN-046,test,DRUSEN,normal,OD,.tif,0.00023861562658566982
DRUSEN/46/024_Normal.tif,DRUSEN-046,test,DRUSEN,normal,OD,.tif,0.00019358843564987183
DRUSEN/46/025_Normal.tif,DRUSEN-046,test,DRUSEN,normal,OD,.tif,0.00022242017439566553
DRUSEN/46/026_Normal.tif,DRUSEN-046,test,DRUSEN,normal,OD,.tif,0.00021944807667750865
DRUSEN/46/027_Normal.tif,DRUSEN-046,test,DRUSEN,normal,OD,.tif,0.0001627265301067382
DRUSEN/46/028_Normal.tif,DRUSEN-046,test,DRUSEN,normal,OD,.tif,0.00023705640342086554
DRUSEN/46/029_Normal.tif,DRUSEN-046,test,DRUSEN,normal,OD,.tif,0.0002398869110038504
DRUSEN/46/030_Normal.tif,DRUSEN-046,test,DRUSEN,normal,OD,.tif,0.00023049778246786445
DRUSEN/52/000_Drusen.tif,DRUSEN-052,test,DRUSEN,drusen,OD,.tif,0.0003256420895922929
DRUSEN/52/001_Drusen.tif,DRUSEN-052,test,DRUSEN,drusen,OD,.tif,0.0002118570846505463
DRUSEN/52/002_Drusen.tif,DRUSEN-052,test,DRUSEN,drusen,OD,.tif,0.00015160773182287812
DRUSEN/52/003_Drusen.tif,DRUSEN-052,test,DRUSEN,drusen,OD,.tif,0.00019968919514212757
DRUSEN/52/004_Drusen.tif,DRUSEN-052,test,DRUSEN,drusen,OD,.tif,0.00016689999029040337
DRUSEN/52/005_Drusen.tif,DRUSEN-052,test,DRUSEN,drusen,OD,.tif,0.00016976548067759722
DRUSEN/52/006_Drusen.tif,DRUSEN-052,test,DRUSEN,drusen,OD,.tif,0.00022742454893887043
DRUSEN/52/007_Drusen.tif,DRUSEN-052,test,DRUSEN,drusen,OD,.tif,0.0002101160935126245
DRUSEN/52/008_Drusen.tif,DRUSEN-052,test,DRUSEN,drusen,OD,.tif,0.00023140633129514754
DRUSEN/52/009_Drusen.tif,DRUSEN-052,test,DRUSEN,drusen,OD,.tif,0.00019236758816987276
DRUSEN/52/010_Drusen.tif,DRUSEN-052,test,DRUSEN,drusen,OD,.tif,0.0001612053602002561
DRUSEN/52/011_Drusen.tif,DRUSEN-052,test,DRUSEN,drusen,OD,.tif,0.00023400565260089934
DRUSEN/52/012_Drusen.tif,DRUSEN-052,test,DRUSEN,drusen,OD,.tif,0.00027398645761422813
DRUSEN/52/013_Drusen.tif,DRUSEN-052,test,DRUSEN,drusen,OD,.tif,0.0002302341745235026
DRUSEN/52/014_Drusen.tif,DRUSEN-052,test,DRUSEN,drusen,OD,.tif,0.00024095401749946177
DRUSEN/52/015_Drusen.tif,DRUSEN-052,test,DRUSEN,drusen,OD,.tif,0.0002463915734551847
DRUSEN/52/016_Drusen.tif,DRUSEN-052,test,DRUSEN,drusen,OD,.tif,0.00027763762045651674
DRUSEN/52/017_Drusen.tif,DRUSEN-052,test,DRUSEN,drusen,OD,.tif,0.0004196391673758626
DRUSEN/52/018_Drusen.tif,DRUSEN-052,test,DRUSEN,drusen,OD,.tif,0.00023969763424247503
DRUSEN/52/019_Drusen.tif,DRUSEN-052,test,DRUSEN,drusen,OD,.tif,0.00025966321118175983
DRUSEN/52/020_Drusen.tif,DRUSEN-052,test,DRUSEN,drusen,OD,.tif,0.00022685607837047428
DRUSEN/52/021_Drusen.tif,DRUSEN-052,test,DRUSEN,drusen,OD,.tif,0.0002000752283493057
DRUSEN/52/022_Drusen.tif,DRUSEN-052,test,DRUSEN,drusen,OD,.tif,0.00019825737399514765
DRUSEN/52/023_Drusen.tif,DRUSEN-052,test,DRUSEN,drusen,OD,.tif,0.0002683390921447426
DRUSEN/52/024_Drusen.tif,DRUSEN-052,test,DRUSEN,drusen,OD,.tif,0.00025357567938044667
DRUSEN/52/025_Drusen.tif,DRUSEN-052,test,DRUSEN,drusen,OD,.tif,0.00030494137899950147
DRUSEN/52/026_Drusen.tif,DRUSEN-052,test,DRUSEN,drusen,OD,.tif,0.00034164206590503454
DRUSEN/52/027_Drusen.tif,DRUSEN-052,test,DRUSEN,drusen,OD,.tif,0.00017397427291143686
DRUSEN/52/028_Drusen.tif,DRUSEN-052,test,DRUSEN,drusen,OD,.tif,0.0001407308445777744
DRUSEN/52/029_Drusen.tif,DRUSEN-052,test,DRUSEN,drusen,OD,.tif,0.00023281946778297424
DRUSEN/52/030_Drusen.tif,DRUSEN-052,test,DRUSEN,drusen,OD,.tif,0.0003158324980176985
DRUSEN/54/000_Normal.tif,DRUSEN-054,test,DRUSEN,normal,OD,.tif,0.0002675472351256758
DRUSEN/54/001_Normal.tif,DRUSEN-054,test,DRUSEN,normal,OD,.tif,0.00027077621780335903
DRUSEN/54/002_Normal.tif,DRUSEN-054,test,DRUSEN,normal,OD,.tif,0.00016532654990442097
DRUSEN/54/003_Normal.tif,DRUSEN-054,test,DRUSEN,normal,OD,.tif,0.000162073178216815
DRUSEN/54/004_Normal.tif,DRUSEN-054,test,DRUSEN,normal,OD,.tif,0.00025473302230238914
DRUSEN/54/005_Drusen.tif,DRUSEN-054,test,DRUSEN,drusen,OD,.tif,0.00017233355902135372
DRUSEN/54/006_Drusen.tif,DRUSEN-054,test,DRUSEN,drusen,OD,.tif,0.00017871260934043676
DRUSEN/54/007_Drusen.tif,DRUSEN-054,test,DRUSEN,drusen,OD,.tif,0.00015600987535435706
DRUSEN/54/008_Normal.tif,DRUSEN-054,test,DRUSEN,normal,OD,.tif,0.0002156443806597963
DRUSEN/54/009_Normal.tif,DRUSEN-054,test,DRUSEN,normal,OD,.tif,0.00017969822511076927
DRUSEN/54/010_Normal.tif,DRUSEN-054,test,DRUSEN,normal,OD,.tif,0.00017633434617891908
DRUSEN/54/011_Normal.tif,DRUSEN-054,test,DRUSEN,normal,OD,.tif,0.00021257017215248197
DRUSEN/54/012_Normal.tif,DRUSEN-054,test,DRUSEN,normal,OD,.tif,0.00016329828940797597
DRUSEN/54/013_Normal.tif,DRUSEN-054,test,DRUSEN,normal,OD,.tif,0.0002012591576203704
DRUSEN/54/014_Normal.tif,DRUSEN-054,test,DRUSEN,normal,OD,.tif,0.00017822897643782198
DRUSEN/54/015_Normal.tif,DRUSEN-054,test,DRUSEN,normal,OD,.tif,0.00017292657867074013
DRUSEN/54/016_Normal.tif,DRUSEN-054,test,DRUSEN,normal,OD,.tif,0.00022980982612352818
DRUSEN/54/017_Normal.tif,DRUSEN-054,test,DRUSEN,normal,OD,.tif,0.00021310587180778384
DRUSEN/54/018_Normal.tif,DRUSEN-054,test,DRUSEN,normal,OD,.tif,0.000238456588704139
DRUSEN/54/019_Normal.tif,DRUSEN-054,test,DRUSEN,normal,OD,.tif,0.00033615436404943466
DRUSEN/54/020_Normal.tif,DRUSEN-054,test,DRUSEN,normal,OD,.tif,0.00021443029982037842
DRUSEN/54/021_Normal.tif,DRUSEN-054,test,DRUSEN,normal,OD,.tif,0.0002347388945054263
DRUSEN/54/022_Normal.tif,DRUSEN-054,test,DRUSEN,normal,OD,.tif,0.00018920534057542682
DRUSEN/54/023_Normal.tif,DRUSEN-054,test,DRUSEN,normal,OD,.tif,0.00022548667038790882
DRUSEN/54/024_Normal.tif,DRUSEN-054,test,DRUSEN,normal,OD,.tif,0.00024496400146745145
DRUSEN/54/025_Normal.tif,DRUSEN-054,test,DRUSEN,normal,OD,.tif,0.00020217000565025955
DRUSEN/54/026_Normal.tif,DRUSEN-054,test,DRUSEN,normal,OD,.tif,0.0002113028895109892
DRUSEN/54/027_Normal.tif,DRUSEN-054,test,DRUSEN,normal,OD,.tif,0.00020901791867800057
DRUSEN/54/028_Normal.tif,DRUSEN-054,test,DRUSEN,normal,OD,.tif,0.00029968374292366207
DRUSEN/54/029_Normal.tif,DRUSEN-054,test,DRUSEN,normal,OD,.tif,0.00025831995299085975
DRUSEN/54/030_Normal.tif,DRUSEN-054,test,DRUSEN,normal,OD,.tif,0.0002229879901278764
DRUSEN/56/000_Drusen.tif,DRUSEN-056,test,DRUSEN,drusen,OD,.tif,0.00029241194715723395
DRUSEN/56/001_Normal.tif,DRUSEN-056,test,DRUSEN,normal,OD,.tif,0.000254077953286469
DRUSEN/56/002_Normal.tif,DRUSEN-056,test,DRUSEN,normal,OD,.tif,0.00020270960521884263
DRUSEN/56/003_Normal.tif,DRUSEN-056,test,DRUSEN,normal,OD,.tif,0.0002568393829278648
DRUSEN/56/004_Normal.tif,DRUSEN-056,test,DRUSEN,normal,OD,.tif,0.00023010272707324475
DRUSEN/56/005_Normal.tif,DRUSEN-056,test,DRUSEN,normal,OD,.tif,0.00023028413124848157
DRUSEN/56/006_Normal.tif,DRUSEN-056,test,DRUSEN,normal,OD,.tif,0.00022013438865542412
DRUSEN/56/007_Normal.tif,DRUSEN-056,test,DRUSEN,normal,OD,.tif,0.0003114483552053571
DRUSEN/56/008_Normal.tif,DRUSEN-056,test,DRUSEN,normal,OD,.tif,0.00016865400539245456
DRUSEN/56/009_Normal.tif,DRUSEN-056,test,DRUSEN,normal,OD,.tif,0.000249645730946213
DRUSEN/56/010_Normal.tif,DRUSEN-056,test,DRUSEN,normal,OD,.tif,0.00029307143995538354
DRUSEN/56/011_Drusen.tif,DRUSEN-056,test,DRUSEN,drusen,OD,.tif,0.00029195050592534244
DRUSEN/56/012_Drusen.tif,DRUSEN-056,test,DRUSEN,drusen,OD,.tif,0.0004121007223147899
DRUSEN/56/013_Drusen.tif,DRUSEN-056,test,DRUSEN,drusen,OD,.tif,0.00023097409575711936
DRUSEN/56/014_Drusen.tif,DRUSEN-056,test,DRUSEN,drusen,OD,.tif,0.00030343030812218785
DRUSEN/56/015_Drusen.tif,DRUSEN-056,test,DRUSEN,drusen,OD,.tif,0.00022971880389377475
DRUSEN/56/016_Drusen.tif,DRUSEN-056,test,DRUSEN,drusen,OD,.tif,0.00017907332221511751
DRUSEN/56/017_Drusen.tif,DRUSEN-056,test,DRUSEN,drusen,OD,.tif,0.00024128150835167617
DRUSEN/56/018_Drusen.tif,DRUSEN-056,test,DRUSEN,drusen,OD,.tif,0.0002174328255932778
DRUSEN/56/019_Drusen.tif,DRUSEN-056,test,DRUSEN,drusen,OD,.tif,0.00033939507557079196
DRUSEN/56/020_Normal.tif,DRUSEN-056,test,DRUSEN,normal,OD,.tif,0.0002578768180683255
DRUSEN/56/021_Normal.tif,DRUSEN-056,test,DRUSEN,normal,OD,.tif,0.00031127274269238114
DRUSEN/56/022_Normal.tif,DRUSEN-056,test,DRUSEN,normal,OD,.tif,0.00026235493714921176
DRUSEN/56/023_Normal.tif,DRUSEN-056,test,DRUSEN,normal,OD,.tif,0.00033719223574735224
DRUSEN/56/024_Normal.tif,DRUSEN-056,test,DRUSEN,normal,OD,.tif,0.00023515988141298294
DRUSEN/56/025_Normal.tif,DRUSEN-056,test,DRUSEN,normal,OD,.tif,0.00035805904190056026
DRUSEN/56/026_Normal.tif,DRUSEN-056,test,DRUSEN,normal,OD,.tif,0.000390552741009742
DRUSEN/56/027_Normal.tif,DRUSEN-056,test,DRUSEN,normal,OD,.tif,0.0003531256224960089
DRUSEN/56/028_Normal.tif,DRUSEN-056,test,DRUSEN,normal,OD,.tif,0.0002803629031404853
DRUSEN/56/029_Normal.tif,DRUSEN-056,test,DRUSEN,normal,OD,.tif,0.0002562229346949607
DRUSEN/56/030_Drusen.tif,DRUSEN-056,test,DRUSEN,drusen,OD,.tif,0.00024470489006489515
DRUSEN/58/000_Normal.tif,DRUSEN-058,test,DRUSEN,normal,OD,.tif,0.00024236954050138593
DRUSEN/58/001_Normal.tif,DRUSEN-058,test,DRUSEN,normal,OD,.tif,0.00024166361254174262
DRUSEN/58/002_Normal.tif,DRUSEN-058,test,DRUSEN,normal,OD,.tif,0.00024107962963171303
DRUSEN/58/003_Normal.tif,DRUSEN-058,test,DRUSEN,normal,OD,.tif,0.00028132821898907423
DRUSEN/58/004_Normal.tif,DRUSEN-058,test,DRUSEN,normal,OD,.tif,0.00025986245600506663
DRUSEN/58/005_Normal.tif,DRUSEN-058,test,DRUSEN,normal,OD,.tif,0.00023731167311780155
DRUSEN/58/006_Normal.tif,DRUSEN-058,test,DRUSEN,normal,OD,.tif,0.00025189394364133477
DRUSEN/58/007_Normal.tif,DRUSEN-058,test,DRUSEN,normal,OD,.tif,0.0003384085721336305
DRUSEN/58/008_Normal.tif,DRUSEN-058,test,DRUSEN,normal,OD,.tif,0.00030243012588471174
DRUSEN/58/009_Normal.tif,DRUSEN-058,test,DRUSEN,normal,OD,.tif,0.00027475686511024833
DRUSEN/58/010_Normal.tif,DRUSEN-058,test,DRUSEN,normal,OD,.tif,0.00027265201788395643
DRUSEN/58/011_Normal.tif,DRUSEN-058,test,DRUSEN,normal,OD,.tif,0.00022070178238209337
DRUSEN/58/012_Normal.tif,DRUSEN-058,test,DRUSEN,normal,OD,.tif,0.00023833508021198213
DRUSEN/58/013_Drusen.tif,DRUSEN-058,test,DRUSEN,drusen,OD,.tif,0.00032700563315302134
DRUSEN/58/014_Drusen.tif,DRUSEN-058,test,DRUSEN,drusen,OD,.tif,0.00032042525708675385
DRUSEN/58/015_Drusen.tif,DRUSEN-058,test,DRUSEN,drusen,OD,.tif,0.0002563000889495015
DRUSEN/58/016_Drusen.tif,DRUSEN-058,test,DRUSEN,drusen,OD,.tif,0.0002806052507366985
DRUSEN/58/017_Drusen.tif,DRUSEN-058,test,DRUSEN,drusen,OD,.tif,0.00022265675943344831
DRUSEN/58/018_Drusen.tif,DRUSEN-058,test,DRUSEN,drusen,OD,.tif,0.0002187515055993572
DRUSEN/58/019_Drusen.tif,DRUSEN-058,test,DRUSEN,drusen,OD,.tif,0.0002489970065653324
DRUSEN/58/020_Drusen.tif,DRUSEN-058,test,DRUSEN,drusen,OD,.tif,0.00025665160501375794
DRUSEN/58/021_Normal.tif,DRUSEN-058,test,DRUSEN,normal,OD,.tif,0.0001951695594470948
DRUSEN/58/022_Normal.tif,DRUSEN-058,test,DRUSEN,normal,OD,.tif,0.0003058629226870835
DRUSEN/58/023_Normal.tif,DRUSEN-058,test,DRUSEN,normal,OD,.tif,0.0003834828676190227
DRUSEN/58/024_Normal.tif,DRUSEN-058,test,DRUSEN,normal,OD,.tif,0.00017790943093132228
DRUSEN/58/025_Normal.tif,DRUSEN-058,test,DRUSEN,normal,OD,.tif,0.00024608412059023976
DRUSEN/58/026_Normal.tif,DRUSEN-058,test,DRUSEN,normal,OD,.tif,0.0002559830027166754
DRUSEN/58/027_Normal.tif,DRUSEN-058,test,DRUSEN,normal,OD,.tif,0.00021105918858665973
DRUSEN/58/028_Normal.tif,DRUSEN-058,test,DRUSEN,normal,OD,.tif,0.0002498083049431443
DRUSEN/58/029_Normal.tif,DRUSEN-058,test,DRUSEN,normal,OD,.tif,0.0002505586016923189
DRUSEN/58/030_Normal.tif,DRUSEN-058,test,DRUSEN,normal,OD,.tif,0.00033778868964873254
DRUSEN/60/000_Normal.tif,DRUSEN-060,test,DRUSEN,normal,OD,.tif,0.0002859861124306917
DRUSEN/60/001_Normal.tif,DRUSEN-060,test,DRUSEN,normal,OD,.tif,0.00022321828873828053
DRUSEN/60/002_Normal.tif,DRUSEN-060,test,DRUSEN,normal,OD,.tif,0.00031235243659466505
DRUSEN/60/003_Drusen.tif,DRUSEN-060,test,DRUSEN,drusen,OD,.tif,0.00019949051784351468
DRUSEN/60/004_Drusen.tif,DRUSEN-060,test,DRUSEN,drusen,OD,.tif,0.00018621227354742587
DRUSEN/60/005_Drusen.tif,DRUSEN-060,test,DRUSEN,drusen,OD,.tif,0.0002828348078764975
DRUSEN/60/006_Drusen.tif,DRUSEN-060,test,DRUSEN,drusen,OD,.tif,0.00021460882271640003
DRUSEN/60/007_Normal.tif,DRUSEN-060,test,DRUSEN,normal,OD,.tif,0.00020868585852440447
DRUSEN/60/008_Drusen.tif,DRUSEN-060,test,DRUSEN,drusen,OD,.tif,0.00015539216110482812
DRUSEN/60/009_Drusen.tif,DRUSEN-060,test,DRUSEN,drusen,OD,.tif,0.0001906344696180895
DRUSEN/60/010_Drusen.tif,DRUSEN-060,test,DRUSEN,drusen,OD,.tif,0.00018258577620144933
DRUSEN/60/011_Drusen.tif,DRUSEN-060,test,DRUSEN,drusen,OD,.tif,0.000237196683883667
DRUSEN/60/012_Drusen.tif,DRUSEN-060,test,DRUSEN,drusen,OD,.tif,0.0002466346777509898
DRUSEN/60/013_Drusen.tif,DRUSEN-060,test,DRUSEN,drusen,OD,.tif,0.00022249821631703526
DRUSEN/60/014_Drusen.tif,DRUSEN-060,test,DRUSEN,drusen,OD,.tif,0.00022241442638915032
DRUSEN/60/015_Drusen.tif,DRUSEN-060,test,DRUSEN,drusen,OD,.tif,0.00023154400696512312
DRUSEN/60/016_Drusen.tif,DRUSEN-060,test,DRUSEN,drusen,OD,.tif,0.00020061791292391717
DRUSEN/60/017_Drusen.tif,DRUSEN-060,test,DRUSEN,drusen,OD,.tif,0.00016197380318772048
DRUSEN/60/018_Drusen.tif,DRUSEN-060,test,DRUSEN,drusen,OD,.tif,0.00020771290292032063
DRUSEN/60/019_Drusen.tif,DRUSEN-060,test,DRUSEN,drusen,OD,.tif,0.0002141222357749939
DRUSEN/60/020_Drusen.tif,DRUSEN-060,test,DRUSEN,drusen,OD,.tif,0.0001753115648170933
DRUSEN/60/021_Drusen.tif,DRUSEN-060,test,DRUSEN,drusen,OD,.tif,0.0001529064029455185
DRUSEN/60/022_Drusen.tif,DRUSEN-060,test,DRUSEN,drusen,OD,.tif,0.00022103320225141943
DRUSEN/60/023_Drusen.tif,DRUSEN-060,test,DRUSEN,drusen,OD,.tif,0.00018255418399348855
DRUSEN/60/024_Drusen.tif,DRUSEN-060,test,DRUSEN,drusen,OD,.tif,0.00024418323300778866
DRUSEN/60/025_Drusen.tif,DRUSEN-060,test,DRUSEN,drusen,OD,.tif,0.00024411245249211788
DRUSEN/60/026_Normal.tif,DRUSEN-060,test,DRUSEN,normal,OD,.tif,0.0001823359343688935
DRUSEN/60/027_Normal.tif,DRUSEN-060,test,DRUSEN,normal,OD,.tif,0.00017389777349308133
DRUSEN/60/028_Normal.tif,DRUSEN-060,test,DRUSEN,normal,OD,.tif,0.00021677606855519116
DRUSEN/60/029_Normal.tif,DRUSEN-060,test,DRUSEN,normal,OD,.tif,0.0002039032697211951
DRUSEN/60/030_Normal.tif,DRUSEN-060,test,DRUSEN,normal,OD,.tif,0.00023630763462278992
DRUSEN/62/000_Normal.tif,DRUSEN-062,test,DRUSEN,normal,OS,.tif,0.00023404147941619158
DRUSEN/62/001_Normal.tif,DRUSEN-062,test,DRUSEN,normal,OS,.tif,0.0003780597762670368
DRUSEN/62/002_Normal.tif,DRUSEN-062,test,DRUSEN,normal,OS,.tif,0.00025906410883180797
DRUSEN/62/003_Drusen.tif,DRUSEN-062,test,DRUSEN,drusen,OS,.tif,0.00038449428393505514
DRUSEN/62/004_Drusen.tif,DRUSEN-062,test,DRUSEN,drusen,OS,.tif,0.00022401093156076968
DRUSEN/62/005_Drusen.tif,DRUSEN-062,test,DRUSEN,drusen,OS,.tif,0.0002535005332902074
DRUSEN/62/006_Drusen.tif,DRUSEN-062,test,DRUSEN,drusen,OS,.tif,0.00031668663723394275
DRUSEN/62/007_Drusen.tif,DRUSEN-062,test,DRUSEN,drusen,OS,.tif,0.0002596959820948541
DRUSEN/62/008_Drusen.tif,DRUSEN-062,test,DRUSEN,drusen,OS,.tif,0.0002613969845697284
DRUSEN/62/009_Drusen.tif,DRUSEN-062,test,DRUSEN,drusen,OS,.tif,0.000274577469099313
DRUSEN/62/010_Drusen.tif,DRUSEN-062,test,DRUSEN,drusen,OS,.tif,0.0002912383642978966
DRUSEN/62/011_Drusen.tif,DRUSEN-062,test,DRUSEN,drusen,OS,.tif,0.0002383598475717008
DRUSEN/62/012_Drusen.tif,DRUSEN-062,test,DRUSEN,drusen,OS,.tif,0.0003349397738929838
DRUSEN/62/013_Drusen.tif,DRUSEN-062,test,DRUSEN,drusen,OS,.tif,0.0002911947085522115
DRUSEN/62/014_Drusen.tif,DRUSEN-062,test,DRUSEN,drusen,OS,.tif,0.00023528120073024184
DRUSEN/62/015_Drusen.tif,DRUSEN-062,test,DRUSEN,drusen,OS,.tif,0.00025848083896562457
DRUSEN/62/016_Drusen.tif,DRUSEN-062,test,DRUSEN,drusen,OS,.tif,0.00025604022084735334
DRUSEN/62/017_Drusen.tif,DRUSEN-062,test,DRUSEN,drusen,OS,.tif,0.00027046428294852376
DRUSEN/62/018_Drusen.tif,DRUSEN-062,test,DRUSEN,drusen,OS,.tif,0.0001992026955122128
DRUSEN/62/019_Drusen.tif,DRUSEN-062,test,DRUSEN,drusen,OS,.tif,0.00018436161917634308
DRUSEN/62/020_Drusen.tif,DRUSEN-062,test,DRUSEN,drusen,OS,.tif,0.00020898829097859561
DRUSEN/62/021_Drusen.tif,DRUSEN-062,test,DRUSEN,drusen,OS,.tif,0.00026203837478533387
DRUSEN/62/022_Drusen.tif,DRUSEN-062,test,DRUSEN,drusen,OS,.tif,0.000243132293689996
DRUSEN/62/023_Drusen.tif,DRUSEN-062,test,DRUSEN,drusen,OS,.tif,0.00024757275241427124
DRUSEN/62/024_Drusen.tif,DRUSEN-062,test,DRUSEN,drusen,OS,.tif,0.00034603977110236883
DRUSEN/62/025_Drusen.tif,DRUSEN-062,test,DRUSEN,drusen,OS,.tif,0.00030408077873289585
DRUSEN/62/026_Drusen.tif,DRUSEN-062,test,DRUSEN,drusen,OS,.tif,0.00024277465126942843
DRUSEN/62/027_Drusen.tif,DRUSEN-062,test,DRUSEN,drusen,OS,.tif,0.0002909251779783517
DRUSEN/62/028_Drusen.tif,DRUSEN-062,test,DRUSEN,drusen,OS,.tif,0.00025873686536215246
DRUSEN/62/029_Drusen.tif,DRUSEN-062,test,DRUSEN,drusen,OS,.tif,0.00026078318478539586
DRUSEN/62/030_Drusen.tif,DRUSEN-062,test,DRUSEN,drusen,OS,.tif,0.00030142004834488034
DRUSEN/64/OD/000_Drusen.tif,DRUSEN-064,test,DRUSEN,drusen,OD,.tif,0.0003488849615678191
DRUSEN/64/OD/001_Drusen.tif,DRUSEN-064,test,DRUSEN,drusen,OD,.tif,0.00032964599085971713
DRUSEN/64/OD/002_Drusen.tif,DRUSEN-064,test,DRUSEN,drusen,OD,.tif,0.0003317530790809542
DRUSEN/64/OD/003_Drusen.tif,DRUSEN-064,test,DRUSEN,drusen,OD,.tif,0.0002511126222088933
DRUSEN/64/OD/004_Drusen.tif,DRUSEN-064,test,DRUSEN,drusen,OD,.tif,0.0002912599593400955
DRUSEN/64/OD/005_Drusen.tif,DRUSEN-064,test,DRUSEN,drusen,OD,.tif,0.00024126243079081178
DRUSEN/64/OD/006_Drusen.tif,DRUSEN-064,test,DRUSEN,drusen,OD,.tif,0.0004046921094413847
DRUSEN/64/OD/007_Drusen.tif,DRUSEN-064,test,DRUSEN,drusen,OD,.tif,0.0002756539615802467
DRUSEN/64/OD/008_Drusen.tif,DRUSEN-064,test,DRUSEN,drusen,OD,.tif,0.0002515188534744084
DRUSEN/64/OD/009_Drusen.tif,DRUSEN-064,test,DRUSEN,drusen,OD,.tif,0.00025367672787979245
DRUSEN/64/OD/010_Drusen.tif,DRUSEN-064,test,DRUSEN,drusen,OD,.tif,0.00030023488216102123
DRUSEN/64/OD/011_Drusen.tif,DRUSEN-064,test,DRUSEN,drusen,OD,.tif,0.00036314112367108464
DRUSEN/64/OD/012_Drusen.tif,DRUSEN-064,test,DRUSEN,drusen,OD,.tif,0.00036706472747027874
DRUSEN/64/OD/013_Drusen.tif,DRUSEN-064,test,DRUSEN,drusen,OD,.tif,0.00026773710851557553
DRUSEN/64/OD/014_Drusen.tif,DRUSEN-064,test,DRUSEN,drusen,OD,.tif,0.00034803542075678706
DRUSEN/64/OD/015_Drusen.tif,DRUSEN-064,test,DRUSEN,drusen,OD,.tif,0.00033257080940529704
DRUSEN/64/OD/016_Drusen.tif,DRUSEN-064,test,DRUSEN,drusen,OD,.tif,0.00035245041362941265
DRUSEN/64/OD/017_Drusen.tif,DRUSEN-064,test,DRUSEN,drusen,OD,.tif,0.00044742407044395804
DRUSEN/64/OD/018_Drusen.tif,DRUSEN-064,test,DRUSEN,drusen,OD,.tif,0.0003143459325656295
DRUSEN/64/OD/019_Drusen.tif,DRUSEN-064,test,DRUSEN,drusen,OD,.tif,0.00024879828561097383
DRUSEN/64/OD/020_Drusen.tif,DRUSEN-064,test,DRUSEN,drusen,OD,.tif,0.00019726427854038775
DRUSEN/64/OD/021_Drusen.tif,DRUSEN-064,test,DRUSEN,drusen,OD,.tif,0.00028091538115404546
DRUSEN/64/OD/022_Drusen.tif,DRUSEN-064,test,DRUSEN,drusen,OD,.tif,0.00030569787486456335
DRUSEN/64/OD/023_Drusen.tif,DRUSEN-064,test,DRUSEN,drusen,OD,.tif,0.0002764359232969582
DRUSEN/64/OD/024_Drusen.tif,DRUSEN-064,test,DRUSEN,drusen,OD,.tif,0.00028694875072687864
DRUSEN/64/OD/025_Drusen.tif,DRUSEN-064,test,DRUSEN,drusen,OD,.tif,0.00024455104721710086
DRUSEN/64/OD/026_Drusen.tif,DRUSEN-064,test,DRUSEN,drusen,OD,.tif,0.00021248534903861582
DRUSEN/64/OD/027_Drusen.tif,DRUSEN-064,test,DRUSEN,drusen,OD,.tif,0.0002010261086979881
DRUSEN/64/OD/028_Drusen.tif,DRUSEN-064,test,DRUSEN,drusen,OD,.tif,0.00022318732226267457
DRUSEN/64/OD/029_Drusen.tif,DRUSEN-064,test,DRUSEN,drusen,OD,.tif,0.0002757560578174889
DRUSEN/64/OD/030_Drusen.tif,DRUSEN-064,test,DRUSEN,drusen,OD,.tif,0.0002773161686491221
DRUSEN/64/OS/000_Drusen.tif,DRUSEN-064,test,DRUSEN,drusen,OS,.tif,0.0003095185966230929
DRUSEN/64/OS/001_Drusen.tif,DRUSEN-064,test,DRUSEN,drusen,OS,.tif,0.000361186801455915
DRUSEN/64/OS/002_Drusen.tif,DRUSEN-064,test,DRUSEN,drusen,OS,.tif,0.0002474797365721315
DRUSEN/64/OS/003_Drusen.tif,DRUSEN-064,test,DRUSEN,drusen,OS,.tif,0.00030234557925723493
DRUSEN/64/OS/004_Drusen.tif,DRUSEN-064,test,DRUSEN,drusen,OS,.tif,0.00020593719091266394
DRUSEN/64/OS/005_Drusen.tif,DRUSEN-064,test,DRUSEN,drusen,OS,.tif,0.0002842786198016256
DRUSEN/64/OS/006_Drusen.tif,DRUSEN-064,test,DRUSEN,drusen,OS,.tif,0.0002925369772128761
DRUSEN/64/OS/007_Drusen.tif,DRUSEN-064,test,DRUSEN,drusen,OS,.tif,0.0003182190703228116
DRUSEN/64/OS/008_Drusen.tif,DRUSEN-064,test,DRUSEN,drusen,OS,.tif,0.00028330011991783977
DRUSEN/64/OS/009_Drusen.tif,DRUSEN-064,test,DRUSEN,drusen,OS,.tif,0.00027167884400114417
DRUSEN/64/OS/010_Drusen.tif,DRUSEN-064,test,DRUSEN,drusen,OS,.tif,0.0002961808640975505
DRUSEN/64/OS/011_Drusen.tif,DRUSEN-064,test,DRUSEN,drusen,OS,.tif,0.0002866454015020281
DRUSEN/64/OS/012_Drusen.tif,DRUSEN-064,test,DRUSEN,drusen,OS,.tif,0.000265570473857224
DRUSEN/64/OS/013_Drusen.tif,DRUSEN-064,test,DRUSEN,drusen,OS,.tif,0.0002797718916554004
DRUSEN/64/OS/014_Drusen.tif,DRUSEN-064,test,DRUSEN,drusen,OS,.tif,0.00022085342789068818
DRUSEN/64/OS/015_Drusen.tif,DRUSEN-064,test,DRUSEN,drusen,OS,.tif,0.00023814378073439002
DRUSEN/64/OS/016_Drusen.tif,DRUSEN-064,test,DRUSEN,drusen,OS,.tif,0.00036651198752224445
DRUSEN/64/OS/017_Drusen.tif,DRUSEN-064,test,DRUSEN,drusen,OS,.tif,0.0003847021725960076
DRUSEN/64/OS/018_Drusen.tif,DRUSEN-064,test,DRUSEN,drusen,OS,.tif,0.00034594477619975805
DRUSEN/64/OS/019_Drusen.tif,DRUSEN-064,test,DRUSEN,drusen,OS,.tif,0.0002587844792287797
DRUSEN/64/OS/020_Drusen.tif,DRUSEN-064,test,DRUSEN,drusen,OS,.tif,0.00017740910698194057
DRUSEN/64/OS/021_Drusen.tif,DRUSEN-064,test,DRUSEN,drusen,OS,.tif,0.00024307466810569167
DRUSEN/64/OS/022_Drusen.tif,DRUSEN-064,test,DRUSEN,drusen,OS,.tif,0.0002915281802415848
DRUSEN/64/OS/023_Drusen.tif,DRUSEN-064,test,DRUSEN,drusen,OS,.tif,0.0002466099977027625
DRUSEN/64/OS/024_Drusen.tif,DRUSEN-064,test,DRUSEN,drusen,OS,.tif,0.0003155643353238702
DRUSEN/64/OS/025_Drusen.tif,DRUSEN-064,test,DRUSEN,drusen,OS,.tif,0.00022025607177056372
DRUSEN/64/OS/026_Drusen.tif,DRUSEN-064,test,DRUSEN,drusen,OS,.tif,0.0004155206843279302
DRUSEN/64/OS/027_Drusen.tif,DRUSEN-064,test,DRUSEN,drusen,OS,.tif,0.00033463805448263884
DRUSEN/64/OS/028_Drusen.tif,DRUSEN-064,test,DRUSEN,drusen,OS,.tif,0.0003189346462022513
DRUSEN/64/OS/029_Drusen.tif,DRUSEN-064,test,DRUSEN,drusen,OS,.tif,0.00026717467699199915
DRUSEN/64/OS/030_Drusen.tif,DRUSEN-064,test,DRUSEN,drusen,OS,.tif,0.00030368645093403757
DRUSEN/66/000_Normal.tif,DRUSEN-066,test,DRUSEN,normal,OS,.tif,0.0002776407927740365
DRUSEN/66/001_Normal.tif,DRUSEN-066,test,DRUSEN,normal,OS,.tif,0.0002981467987410724
DRUSEN/66/002_Normal.tif,DRUSEN-066,test,DRUSEN,normal,OS,.tif,0.00030056131072342396
DRUSEN/66/003_Normal.tif,DRUSEN-066,test,DRUSEN,normal,OS,.tif,0.0002746335812844336
DRUSEN/66/004_Normal.tif,DRUSEN-066,test,DRUSEN,normal,OS,.tif,0.0002367303823120892
DRUSEN/66/005_Drusen.tif,DRUSEN-066,test,DRUSEN,drusen,OS,.tif,0.0002271272096550092
DRUSEN/66/006_Drusen.tif,DRUSEN-066,test,DRUSEN,drusen,OS,.tif,0.00013060620403848588
DRUSEN/66/007_Drusen.tif,DRUSEN-066,test,DRUSEN,drusen,OS,.tif,0.00013599084923043847
DRUSEN/66/008_Drusen.tif,DRUSEN-066,test,DRUSEN,drusen,OS,.tif,0.0001819142489694059
DRUSEN/66/009_Drusen.tif,DRUSEN-066,test,DRUSEN,drusen,OS,.tif,0.0002504352596588433
DRUSEN/66/010_Drusen.tif,DRUSEN-066,test,DRUSEN,drusen,OS,.tif,0.0001600168034201488
DRUSEN/66/011_Drusen.tif,DRUSEN-066,test,DRUSEN,drusen,OS,.tif,0.00029447328415699303
DRUSEN/66/012_Drusen.tif,DRUSEN-066,test,DRUSEN,drusen,OS,.tif,0.00022682716371491551
DRUSEN/66/013_Drusen.tif,DRUSEN-066,test,DRUSEN,drusen,OS,.tif,0.0002630255476105958
DRUSEN/66/014_Drusen.tif,DRUSEN-066,test,DRUSEN,drusen,OS,.tif,0.00016468942339997739
DRUSEN/66/015_Drusen.tif,DRUSEN-066,test,DRUSEN,drusen,OS,.tif,0.00023288313241209835
DRUSEN/66/016_Drusen.tif,DRUSEN-066,test,DRUSEN,drusen,OS,.tif,0.0003044772311113775
DRUSEN/66/017_Drusen.tif,DRUSEN-066,test,DRUSEN,drusen,OS,.tif,0.00019027889356948435
DRUSEN/66/018_Drusen.tif,DRUSEN-066,test,DRUSEN,drusen,OS,.tif,0.00019694905495271087
DRUSEN/66/019_Drusen.tif,DRUSEN-066,test,DRUSEN,drusen,OS,.tif,0.00018925830954685807
DRUSEN/66/020_Drusen.tif,DRUSEN-066,test,DRUSEN,drusen,OS,.tif,0.00018135749269276857
DRUSEN/66/021_Drusen.tif,DRUSEN-066,test,DRUSEN,drusen,OS,.tif,0.0001610082108527422
DRUSEN/66/022_Drusen.tif,DRUSEN-066,test,DRUSEN,drusen,OS,.tif,0.00030923320446163416
DRUSEN/66/023_Drusen.tif,DRUSEN-066,test,DRUSEN,drusen,OS,.tif,0.0002154251851607114
DRUSEN/66/024_Drusen.tif,DRUSEN-066,test,DRUSEN,drusen,OS,.tif,0.00019277675892226398
DRUSEN/66/025_Drusen.tif,DRUSEN-066,test,DRUSEN,drusen,OS,.tif,0.000245943374466151
DRUSEN/66/026_Drusen.tif,DRUSEN-066,test,DRUSEN,drusen,OS,.tif,0.00019830194651149213
DRUSEN/66/027_Drusen.tif,DRUSEN-066,test,DRUSEN,drusen,OS,.tif,0.0003404364106245339
DRUSEN/66/028_Drusen.tif,DRUSEN-066,test,DRUSEN,drusen,OS,.tif,0.0002993219532072544
DRUSEN/66/029_Drusen.tif,DRUSEN-066,test,DRUSEN,drusen,OS,.tif,0.00029809371335431933
DRUSEN/66/030_Drusen.tif,DRUSEN-066,test,DRUSEN,drusen,OS,.tif,0.00020975439110770822
DRUSEN/68/000_Normal.tif,DRUSEN-068,test,DRUSEN,normal,OS,.tif,0.000171646912349388
DRUSEN/68/001_Normal.tif,DRUSEN-068,test,DRUSEN,normal,OS,.tif,0.0002231858525192365
DRUSEN/68/002_Normal.tif,DRUSEN-068,test,DRUSEN,normal,OS,.tif,0.00022109219571575522
DRUSEN/68/003_Normal.tif,DRUSEN-068,test,DRUSEN,normal,OS,.tif,0.00021924322936683893
DRUSEN/68/004_Normal.tif,DRUSEN-068,test,DRUSEN,normal,OS,.tif,0.00022315405658446252
DRUSEN/68/005_Normal.tif,DRUSEN-068,test,DRUSEN,normal,OS,.tif,0.0002160797594115138
DRUSEN/68/006_DRusen.tif,DRUSEN-068,test,DRUSEN,drusen,OS,.tif,0.00024864173610694706
DRUSEN/68/007_DRusen.tif,DRUSEN-068,test,DRUSEN,drusen,OS,.tif,0.00023001147201284766
DRUSEN/68/008_DRusen.tif,DRUSEN-068,test,DRUSEN,drusen,OS,.tif,0.0003758491948246956
DRUSEN/68/009_DRusen.tif,DRUSEN-068,test,DRUSEN,drusen,OS,.tif,0.00027065217727795243
DRUSEN/68/010_DRusen.tif,DRUSEN-068,test,DRUSEN,drusen,OS,.tif,0.0002894621284212917
DRUSEN/68/011_DRusen.tif,DRUSEN-068,test,DRUSEN,drusen,OS,.tif,0.0001895447203423828
DRUSEN/68/012_DRusen.tif,DRUSEN-068,test,DRUSEN,drusen,OS,.tif,0.0001730438380036503
DRUSEN/68/013_DRusen.tif,DRUSEN-068,test,DRUSEN,drusen,OS,.tif,0.00025459748576395214
DRUSEN/68/014_DRusen.tif,DRUSEN-068,test,DRUSEN,drusen,OS,.tif,0.00015804602298885584
DRUSEN/68/015_DRusen.tif,DRUSEN-068,test,DRUSEN,drusen,OS,.tif,0.0002398815704509616
DRUSEN/68/016_DRusen.tif,DRUSEN-068,test,DRUSEN,drusen,OS,.tif,0.0002460185787640512
DRUSEN/68/017_DRusen.tif,DRUSEN-068,test,DRUSEN,drusen,OS,.tif,0.00017822140944190323
DRUSEN/68/018_DRusen.tif,DRUSEN-068,test,DRUSEN,drusen,OS,.tif,0.00023875005717854947
DRUSEN/68/019_DRusen.tif,DRUSEN-068,test,DRUSEN,drusen,OS,.tif,0.00017253881378564984
DRUSEN/68/020_DRusen.tif,DRUSEN-068,test,DRUSEN,drusen,OS,.tif,0.00012810104817617685
DRUSEN/68/021_Normal.tif,DRUSEN-068,test,DRUSEN,normal,OS,.tif,0.00014654319966211915
DRUSEN/68/022_DRusen.tif,DRUSEN-068,test,DRUSEN,drusen,OS,.tif,0.00033120554871857166
DRUSEN/68/023_Normal.tif,DRUSEN-068,test,DRUSEN,normal,OS,.tif,0.0001735093246679753
DRUSEN/68/024_Normal.tif,DRUSEN-068,test,DRUSEN,normal,OS,.tif,0.00025609988369978964
DRUSEN/68/025_DRusen.tif,DRUSEN-068,test,DRUSEN,drusen,OS,.tif,0.0002273312711622566
DRUSEN/68/026_DRusen.tif,DRUSEN-068,test,DRUSEN,drusen,OS,.tif,0.0001689255004748702
DRUSEN/68/027_DRusen.tif,DRUSEN-068,test,DRUSEN,drusen,OS,.tif,0.0002219595480710268
DRUSEN/68/028_Normal.tif,DRUSEN-068,test,DRUSEN,normal,OS,.tif,0.00019493044237606227
DRUSEN/68/029_DRusen.tif,DRUSEN-068,test,DRUSEN,drusen,OS,.tif,0.00018565863138064742
DRUSEN/68/030_Normal.tif,DRUSEN-068,test,DRUSEN,normal,OS,.tif,0.0001958295761141926
DRUSEN/70/000_Drusen.tif,DRUSEN-070,test,DRUSEN,drusen,OS,.tif,0.0005104145966470242
DRUSEN/70/001_Drusen.tif,DRUSEN-070,test,DRUSEN,drusen,OS,.tif,0.0005150227225385606
DRUSEN/70/002_Drusen.tif,DRUSEN-070,test,DRUSEN,drusen,OS,.tif,0.0005068727768957615
DRUSEN/70/003_Drusen.tif,DRUSEN-070,test,DRUSEN,drusen,OS,.tif,0.00041072804015129805
DRUSEN/70/004_Drusen.tif,DRUSEN-070,test,DRUSEN,drusen,OS,.tif,0.00027018930995836854
DRUSEN/70/005_Drusen.tif,DRUSEN-070,test,DRUSEN,drusen,OS,.tif,0.00023652950767427683
DRUSEN/70/006_Drusen.tif,DRUSEN-070,test,DRUSEN,drusen,OS,.tif,0.00025098229525610805
DRUSEN/70/007_Drusen.tif,DRUSEN-070,test,DRUSEN,drusen,OS,.tif,0.0004362875479273498
DRUSEN/70/008_Drusen.tif,DRUSEN-070,test,DRUSEN,drusen,OS,.tif,0.0003069132217206061
DRUSEN/70/009_Drusen.tif,DRUSEN-070,test,DRUSEN,drusen,OS,.tif,0.0002917931997217238
DRUSEN/70/010_Drusen.tif,DRUSEN-070,test,DRUSEN,drusen,OS,.tif,0.0001818236050894484
DRUSEN/70/011_Drusen.tif,DRUSEN-070,test,DRUSEN,drusen,OS,.tif,0.00025397585704922676
DRUSEN/70/012_Drusen.tif,DRUSEN-070,test,DRUSEN,drusen,OS,.tif,0.0002725886588450521
DRUSEN/70/013_Drusen.tif,DRUSEN-070,test,DRUSEN,drusen,OS,.tif,0.0003066202043555677
DRUSEN/70/014_Drusen.tif,DRUSEN-070,test,DRUSEN,drusen,OS,.tif,0.00022767309565097094
DRUSEN/70/015_Drusen.tif,DRUSEN-070,test,DRUSEN,drusen,OS,.tif,0.00024612920242361724
DRUSEN/70/016_Drusen.tif,DRUSEN-070,test,DRUSEN,drusen,OS,.tif,0.0002498256217222661
DRUSEN/70/017_Drusen.tif,DRUSEN-070,test,DRUSEN,drusen,OS,.tif,0.0002878947416320443
DRUSEN/70/018_Drusen.tif,DRUSEN-070,test,DRUSEN,drusen,OS,.tif,0.000408633379265666
DRUSEN/70/019_Drusen.tif,DRUSEN-070,test,DRUSEN,drusen,OS,.tif,0.00021522109454963356
DRUSEN/70/020_Drusen.tif,DRUSEN-070,test,DRUSEN,drusen,OS,.tif,0.00019834692648146302
DRUSEN/70/021_Drusen.tif,DRUSEN-070,test,DRUSEN,drusen,OS,.tif,0.0002687140367925167
DRUSEN/70/022_Drusen.tif,DRUSEN-070,test,DRUSEN,drusen,OS,.tif,0.0002553276135586202
DRUSEN/70/023_Drusen.tif,DRUSEN-070,test,DRUSEN,drusen,OS,.tif,0.00037361617432907224
DRUSEN/70/024_Drusen.tif,DRUSEN-070,test,DRUSEN,drusen,OS,.tif,0.00031772415968589485
DRUSEN/71/OD/000_Drusen.tif,DRUSEN-071,test,DRUSEN,drusen,OD,.tif,0.0002538959088269621
DRUSEN/71/OD/001_Drusen.tif,DRUSEN-071,test,DRUSEN,drusen,OD,.tif,0.0001809214591048658
DRUSEN/71/OD/002_Drusen.tif,DRUSEN-071,test,DRUSEN,drusen,OD,.tif,0.00018741728854365647
DRUSEN/71/OD/003_Drusen.tif,DRUSEN-071,test,DRUSEN,drusen,OD,.tif,0.00015467542107217014
DRUSEN/71/OD/004_Drusen.tif,DRUSEN-071,test,DRUSEN,drusen,OD,.tif,0.00016974337631836534
DRUSEN/71/OD/005_Drusen.tif,DRUSEN-071,test,DRUSEN,drusen,OD,.tif,0.00016202016558963805
DRUSEN/71/OD/006_Drusen.tif,DRUSEN-071,test,DRUSEN,drusen,OD,.tif,0.00021402108541224152
DRUSEN/71/OD/007_Drusen.tif,DRUSEN-071,test,DRUSEN,drusen,OD,.tif,0.00016642228001728654
DRUSEN/71/OD/008_Drusen.tif,DRUSEN-071,test,DRUSEN,drusen,OD,.tif,0.00021716384799219668
DRUSEN/71/OD/009_Drusen.tif,DRUSEN-071,test,DRUSEN,drusen,OD,.tif,0.00023586672614328563
DRUSEN/71/OD/010_Drusen.tif,DRUSEN-071,test,DRUSEN,drusen,OD,.tif,0.00019806294585578144
DRUSEN/71/OD/011_Normal.tif,DRUSEN-071,test,DRUSEN,normal,OD,.tif,0.0002292302087880671
DRUSEN/71/OD/012_Normal.tif,DRUSEN-071,test,DRUSEN,normal,OD,.tif,0.0002122452133335173
DRUSEN/71/OD/013_Drusen.tif,DRUSEN-071,test,DRUSEN,drusen,OD,.tif,0.00018876485410146415
DRUSEN/71/OD/014_Drusen.tif,DRUSEN-071,test,DRUSEN,drusen,OD,.tif,0.00021590007236227393
DRUSEN/71/OD/015_Drusen.tif,DRUSEN-071,test,DRUSEN,drusen,OD,.tif,0.00020677260181400925
DRUSEN/71/OD/016_Drusen.tif,DRUSEN-071,test,DRUSEN,drusen,OD,.tif,0.00020697661966551095
DRUSEN/71/OD/017_Drusen.tif,DRUSEN-071,test,DRUSEN,drusen,OD,.tif,0.00023044089903123677
DRUSEN/71/OD/018_Drusen.tif,DRUSEN-071,test,DRUSEN,drusen,OD,.tif,0.00016708635666873306
DRUSEN/71/OD/019_Drusen.tif,DRUSEN-071,test,DRUSEN,drusen,OD,.tif,0.00019371506641618907
DRUSEN/71/OD/020_Drusen.tif,DRUSEN-071,test,DRUSEN,drusen,OD,.tif,0.0002439245581626892
DRUSEN/71/OD/021_Drusen.tif,DRUSEN-071,test,DRUSEN,drusen,OD,.tif,0.00033972205710597336
DRUSEN/71/OD/022_Drusen.tif,DRUSEN-071,test,DRUSEN,drusen,OD,.tif,0.00017574270896147937
DRUSEN/71/OD/023_Drusen.tif,DRUSEN-071,test,DRUSEN,drusen,OD,.tif,0.00026597679243423045
DRUSEN/71/OD/024_Drusen.tif,DRUSEN-071,test,DRUSEN,drusen,OD,.tif,0.00033608253579586744
DRUSEN/71/OD/025_Drusen.tif,DRUSEN-071,test,DRUSEN,drusen,OD,.tif,0.0002479522372595966
DRUSEN/71/OD/026_Drusen.tif,DRUSEN-071,test,DRUSEN,drusen,OD,.tif,0.00030909135239198804
DRUSEN/71/OD/027_Drusen.tif,DRUSEN-071,test,DRUSEN,drusen,OD,.tif,0.0001498609926784411
DRUSEN/71/OD/028_Drusen.tif,DRUSEN-071,test,DRUSEN,drusen,OD,.tif,0.00025184222613461316
DRUSEN/71/OD/029_Drusen.tif,DRUSEN-071,test,DRUSEN,drusen,OD,.tif,0.00016348398639820516
DRUSEN/71/OD/030_Drusen.tif,DRUSEN-071,test,DRUSEN,drusen,OD,.tif,0.00021286281116772443
DRUSEN/71/OS/000_Drusen.tif,DRUSEN-071,test,DRUSEN,drusen,OS,.tif,0.0003592951688915491
DRUSEN/71/OS/001_Drusen.tif,DRUSEN-071,test,DRUSEN,drusen,OS,.tif,0.0002973336377181113
DRUSEN/71/OS/002_Drusen.tif,DRUSEN-071,test,DRUSEN,drusen,OS,.tif,0.00028745195595547557
DRUSEN/71/OS/003_Drusen.tif,DRUSEN-071,test,DRUSEN,drusen,OS,.tif,0.000318565231282264
DRUSEN/71/OS/004_Drusen.tif,DRUSEN-071,test,DRUSEN,drusen,OS,.tif,0.00023774088185746223
DRUSEN/71/OS/005_Drusen.tif,DRUSEN-071,test,DRUSEN,drusen,OS,.tif,0.00021944860054645687
DRUSEN/71/OS/006_Drusen.tif,DRUSEN-071,test,DRUSEN,drusen,OS,.tif,0.00020990647317375988
DRUSEN/71/OS/007_Drusen.tif,DRUSEN-071,test,DRUSEN,drusen,OS,.tif,0.00027377705555409193
DRUSEN/71/OS/008_Drusen.tif,DRUSEN-071,test,DRUSEN,drusen,OS,.tif,0.00027149333618581295
DRUSEN/71/OS/009_Drusen.tif,DRUSEN-071,test,DRUSEN,drusen,OS,.tif,0.0002538158732932061
DRUSEN/71/OS/010_Drusen.tif,DRUSEN-071,test,DRUSEN,drusen,OS,.tif,0.00021943592582829297
DRUSEN/71/OS/011_Drusen.tif,DRUSEN-071,test,DRUSEN,drusen,OS,.tif,0.00017015157209243625
DRUSEN/71/OS/012_Drusen.tif,DRUSEN-071,test,DRUSEN,drusen,OS,.tif,0.0001604617282282561
DRUSEN/71/OS/013_Drusen.tif,DRUSEN-071,test,DRUSEN,drusen,OS,.tif,0.00019681236881297082
DRUSEN/71/OS/014_Drusen.tif,DRUSEN-071,test,DRUSEN,drusen,OS,.tif,0.00024924444733187556
DRUSEN/71/OS/015_Normal.tif,DRUSEN-071,test,DRUSEN,normal,OS,.tif,0.0002734254812821746
DRUSEN/71/OS/016_Drusen.tif,DRUSEN-071,test,DRUSEN,drusen,OS,.tif,0.0002501536800991744
DRUSEN/71/OS/017_Drusen.tif,DRUSEN-071,test,DRUSEN,drusen,OS,.tif,0.00019905634690076113
DRUSEN/71/OS/018_Drusen.tif,DRUSEN-071,test,DRUSEN,drusen,OS,.tif,0.00021338487567845732
DRUSEN/71/OS/019_Drusen.tif,DRUSEN-071,test,DRUSEN,drusen,OS,.tif,0.00020930609025526792
DRUSEN/71/OS/020_Drusen.tif,DRUSEN-071,test,DRUSEN,drusen,OS,.tif,0.0002703299396671355
DRUSEN/71/OS/021_Drusen.tif,DRUSEN-071,test,DRUSEN,drusen,OS,.tif,0.00028140179347246885
DRUSEN/71/OS/022_Drusen.tif,DRUSEN-071,test,DRUSEN,drusen,OS,.tif,0.00021668322733603418
DRUSEN/71/OS/023_Drusen.tif,DRUSEN-071,test,DRUSEN,drusen,OS,.tif,0.00025528587866574526
DRUSEN/71/OS/024_Drusen.tif,DRUSEN-071,test,DRUSEN,drusen,OS,.tif,0.00037591939326375723
DRUSEN/71/OS/025_Drusen.tif,DRUSEN-071,test,DRUSEN,drusen,OS,.tif,0.0005356771871447563
DRUSEN/71/OS/026_Drusen.tif,DRUSEN-071,test,DRUSEN,drusen,OS,.tif,0.0002872981131076813
DRUSEN/71/OS/027_Drusen.tif,DRUSEN-071,test,DRUSEN,drusen,OS,.tif,0.00022848788648843765
DRUSEN/71/OS/028_Drusen.tif,DRUSEN-071,test,DRUSEN,drusen,OS,.tif,0.00022696629457641393
DRUSEN/71/OS/029_Drusen.tif,DRUSEN-071,test,DRUSEN,drusen,OS,.tif,0.0001567889703437686
DRUSEN/71/OS/030_Drusen.tif,DRUSEN-071,test,DRUSEN,drusen,OS,.tif,0.0002195958950323984
DRUSEN/72/000_Drusen.tif,DRUSEN-072,test,DRUSEN,drusen,OS,.tif,0.00046971687697805464
DRUSEN/72/001_Drusen.tif,DRUSEN-072,test,DRUSEN,drusen,OS,.tif,0.0004551977035589516
DRUSEN/72/002_Drusen.tif,DRUSEN-072,test,DRUSEN,drusen,OS,.tif,0.0006115784635767341
DRUSEN/72/003_Drusen.tif,DRUSEN-072,test,DRUSEN,drusen,OS,.tif,0.00042758494964800775
DRUSEN/72/004_Drusen.tif,DRUSEN-072,test,DRUSEN,drusen,OS,.tif,0.0005699334433302283
DRUSEN/72/005_Drusen.tif,DRUSEN-072,test,DRUSEN,drusen,OS,.tif,0.0003863493329845369
DRUSEN/72/006_Drusen.tif,DRUSEN-072,test,DRUSEN,drusen,OS,.tif,0.0006591900018975139
DRUSEN/72/007_Drusen.tif,DRUSEN-072,test,DRUSEN,drusen,OS,.tif,0.0002527118194848299
DRUSEN/72/008_Drusen.tif,DRUSEN-072,test,DRUSEN,drusen,OS,.tif,0.0001799976162146777
DRUSEN/72/009_Drusen.tif,DRUSEN-072,test,DRUSEN,drusen,OS,.tif,0.00023969591711647809
DRUSEN/72/010_Drusen.tif,DRUSEN-072,test,DRUSEN,drusen,OS,.tif,0.00033001095289364457
DRUSEN/72/011_Drusen.tif,DRUSEN-072,test,DRUSEN,drusen,OS,.tif,0.0003732150362338871
DRUSEN/72/012_Drusen.tif,DRUSEN-072,test,DRUSEN,drusen,OS,.tif,0.0005511509953066707
DRUSEN/72/013_Drusen.tif,DRUSEN-072,test,DRUSEN,drusen,OS,.tif,0.000397806114051491
DRUSEN/72/014_Drusen.tif,DRUSEN-072,test,DRUSEN,drusen,OS,.tif,0.0004943041712976992
DRUSEN/72/015_Drusen.tif,DRUSEN-072,test,DRUSEN,drusen,OS,.tif,0.00029344807262532413
DRUSEN/72/016_Drusen.tif,DRUSEN-072,test,DRUSEN,drusen,OS,.tif,0.0002606772759463638
DRUSEN/72/017_Drusen.tif,DRUSEN-072,test,DRUSEN,drusen,OS,.tif,0.0002832965401466936
DRUSEN/72/018_Drusen.tif,DRUSEN-072,test,DRUSEN,drusen,OS,.tif,0.0002676939475350082
DRUSEN/72/019_Drusen.tif,DRUSEN-072,test,DRUSEN,drusen,OS,.tif,0.00022137322230264544
DRUSEN/72/020_Drusen.tif,DRUSEN-072,test,DRUSEN,drusen,OS,.tif,0.000335287069901824
DRUSEN/72/021_Drusen.tif,DRUSEN-072,test,DRUSEN,drusen,OS,.tif,0.0003207121044397354
DRUSEN/72/022_Drusen.tif,DRUSEN-072,test,DRUSEN,drusen,OS,.tif,0.0005590873770415783
DRUSEN/72/023_Drusen.tif,DRUSEN-072,test,DRUSEN,drusen,OS,.tif,0.0004322687163949013
DRUSEN/72/024_Drusen.tif,DRUSEN-072,test,DRUSEN,drusen,OS,.tif,0.00023770164989400655
DRUSEN/73/000_Drusen.tif,DRUSEN-073,test,DRUSEN,drusen,OD,.tif,0.0002311649441253394
DRUSEN/73/001_Drusen.tif,DRUSEN-073,test,DRUSEN,drusen,OD,.tif,0.00018907373305410147
DRUSEN/73/002_Drusen.tif,DRUSEN-073,test,DRUSEN,drusen,OD,.tif,0.0002649993111845106
DRUSEN/73/003_Drusen.tif,DRUSEN-073,test,DRUSEN,drusen,OD,.tif,0.0003122643392998725
DRUSEN/73/004_Drusen.tif,DRUSEN-073,test,DRUSEN,drusen,OD,.tif,0.00038705015322193503
DRUSEN/73/005_Drusen.tif,DRUSEN-073,test,DRUSEN,drusen,OD,.tif,0.0003284187987446785
DRUSEN/73/006_Drusen.tif,DRUSEN-073,test,DRUSEN,drusen,OD,.tif,0.00027641665656119585
DRUSEN/73/007_Drusen.tif,DRUSEN-073,test,DRUSEN,drusen,OD,.tif,0.00023800376220606267
DRUSEN/73/008_Drusen.tif,DRUSEN-073,test,DRUSEN,drusen,OD,.tif,0.0002067290188279003
DRUSEN/73/009_Drusen.tif,DRUSEN-073,test,DRUSEN,drusen,OD,.tif,0.00022130842262413353
DRUSEN/73/010_Drusen.tif,DRUSEN-073,test,DRUSEN,drusen,OD,.tif,0.0003046384663321078
DRUSEN/73/011_Drusen.tif,DRUSEN-073,test,DRUSEN,drusen,OD,.tif,0.00022592255845665932
DRUSEN/73/012_Drusen.tif,DRUSEN-073,test,DRUSEN,drusen,OD,.tif,0.00027415959630161524
DRUSEN/73/013_Drusen.tif,DRUSEN-073,test,DRUSEN,drusen,OD,.tif,0.00018577539594843984
DRUSEN/73/014_Drusen.tif,DRUSEN-073,test,DRUSEN,drusen,OD,.tif,0.00021496592671610415
DRUSEN/73/015_Drusen.tif,DRUSEN-073,test,DRUSEN,drusen,OD,.tif,0.00023934819910209626
DRUSEN/73/016_Drusen.tif,DRUSEN-073,test,DRUSEN,drusen,OD,.tif,0.0001886211393866688
DRUSEN/73/017_Drusen.tif,DRUSEN-073,test,DRUSEN,drusen,OD,.tif,0.00024035322712734342
DRUSEN/73/018_Drusen.tif,DRUSEN-073,test,DRUSEN,drusen,OD,.tif,0.00028018042212352157
DRUSEN/73/019_Drusen.tif,DRUSEN-073,test,DRUSEN,drusen,OD,.tif,0.000268829200649634
DRUSEN/73/020_Drusen.tif,DRUSEN-073,test,DRUSEN,drusen,OD,.tif,0.00020634688553400338
DRUSEN/73/021_Drusen.tif,DRUSEN-073,test,DRUSEN,drusen,OD,.tif,0.00024975553969852626
DRUSEN/73/022_Drusen.tif,DRUSEN-073,test,DRUSEN,drusen,OD,.tif,0.00022340707073453814
DRUSEN/73/023_Drusen.tif,DRUSEN-073,test,DRUSEN,drusen,OD,.tif,0.0001593643391970545
DRUSEN/73/024_Drusen.tif,DRUSEN-073,test,DRUSEN,drusen,OD,.tif,0.00019563455134630203
DRUSEN/73/025_Drusen.tif,DRUSEN-073,test,DRUSEN,drusen,OD,.tif,0.0001790327951312065
DRUSEN/73/026_Drusen.tif,DRUSEN-073,test,DRUSEN,drusen,OD,.tif,0.00025779486168175936
DRUSEN/73/027_Drusen.tif,DRUSEN-073,test,DRUSEN,drusen,OD,.tif,0.00022737352992407978
DRUSEN/73/028_Drusen.tif,DRUSEN-073,test,DRUSEN,drusen,OD,.tif,0.00018983161135111004
DRUSEN/73/029_Drusen.tif,DRUSEN-073,test,DRUSEN,drusen,OD,.tif,0.00024053198285400867
DRUSEN/73/030_Drusen.tif,DRUSEN-073,test,DRUSEN,drusen,OD,.tif,0.0002963299339171499
DRUSEN/74/000_Drusen.tif,DRUSEN-074,test,DRUSEN,drusen,OD,.tif,0.00024080307048279792
DRUSEN/74/001_Drusen.tif,DRUSEN-074,test,DRUSEN,drusen,OD,.tif,0.00027791355387307703
DRUSEN/74/002_Drusen.tif,DRUSEN-074,test,DRUSEN,drusen,OD,.tif,0.00027663103537634015
DRUSEN/74/003_Drusen.tif,DRUSEN-074,test,DRUSEN,drusen,OD,.tif,0.00023486584541387856
DRUSEN/74/004_Drusen.tif,DRUSEN-074,test,DRUSEN,drusen,OD,.tif,0.0002876116195693612
DRUSEN/74/005_Drusen.tif,DRUSEN-074,test,DRUSEN,drusen,OD,.tif,0.0002743157383520156
DRUSEN/74/006_Drusen.tif,DRUSEN-074,test,DRUSEN,drusen,OD,.tif,0.0003157299943268299
DRUSEN/74/007_Drusen.tif,DRUSEN-074,test,DRUSEN,drusen,OD,.tif,0.000322839681757614
DRUSEN/74/008_Drusen.tif,DRUSEN-074,test,DRUSEN,drusen,OD,.tif,0.00032614273368380964
DRUSEN/74/009_Drusen.tif,DRUSEN-074,test,DRUSEN,drusen,OD,.tif,0.0002519813133403659
DRUSEN/74/010_Drusen.tif,DRUSEN-074,test,DRUSEN,drusen,OD,.tif,0.0002508584293536842
DRUSEN/74/011_Drusen.tif,DRUSEN-074,test,DRUSEN,drusen,OD,.tif,0.0002318207116331905
DRUSEN/74/012_Drusen.tif,DRUSEN-074,test,DRUSEN,drusen,OD,.tif,0.00030918585252948105
DRUSEN/74/013_Drusen.tif,DRUSEN-074,test,DRUSEN,drusen,OD,.tif,0.0003578380565159023
DRUSEN/74/014_Drusen.tif,DRUSEN-074,test,DRUSEN,drusen,OD,.tif,0.0004684081068262458
DRUSEN/74/015_Drusen.tif,DRUSEN-074,test,DRUSEN,drusen,OD,.tif,0.00028821994783356786
DRUSEN/74/016_Drusen.tif,DRUSEN-074,test,DRUSEN,drusen,OD,.tif,0.00034554797457531095
DRUSEN/74/017_Drusen.tif,DRUSEN-074,test,DRUSEN,drusen,OD,.tif,0.00026971817715093493
DRUSEN/74/018_Drusen.tif,DRUSEN-074,test,DRUSEN,drusen,OD,.tif,0.0003019138821400702
DRUSEN/74/019_Drusen.tif,DRUSEN-074,test,DRUSEN,drusen,OD,.tif,0.00020407579722814262
DRUSEN/74/020_Drusen.tif,DRUSEN-074,test,DRUSEN,drusen,OD,.tif,0.0004282028239686042
DRUSEN/74/021_Drusen.tif,DRUSEN-074,test,DRUSEN,drusen,OD,.tif,0.0003165807283949107
DRUSEN/74/022_Drusen.tif,DRUSEN-074,test,DRUSEN,drusen,OD,.tif,0.00020666953059844673
DRUSEN/74/023_Drusen.tif,DRUSEN-074,test,DRUSEN,drusen,OD,.tif,0.0002845182316377759
DRUSEN/74/024_Drusen.tif,DRUSEN-074,test,DRUSEN,drusen,OD,.tif,0.00026301603065803647
DRUSEN/74/025_Drusen.tif,DRUSEN-074,test,DRUSEN,drusen,OD,.tif,0.00022631438332609832
DRUSEN/74/026_Drusen.tif,DRUSEN-074,test,DRUSEN,drusen,OD,.tif,0.00019999445066787302
DRUSEN/74/027_Drusen.tif,DRUSEN-074,test,DRUSEN,drusen,OD,.tif,0.0002706505183596164
DRUSEN/74/028_Drusen.tif,DRUSEN-074,test,DRUSEN,drusen,OD,.tif,0.00020110909827053547
DRUSEN/74/029_Drusen.tif,DRUSEN-074,test,DRUSEN,drusen,OD,.tif,0.00024703919189050794
DRUSEN/74/030_Drusen.tif,DRUSEN-074,test,DRUSEN,drusen,OD,.tif,0.00023966841399669647
DRUSEN/75/000_Drusen.tif,DRUSEN-075,test,DRUSEN,drusen,OD,.tif,0.00022906798403710127
DRUSEN/75/001_Drusen.tif,DRUSEN-075,test,DRUSEN,drusen,OD,.tif,0.0002779707428999245
DRUSEN/75/002_Drusen.tif,DRUSEN-075,test,DRUSEN,drusen,OD,.tif,0.0001813773124013096
DRUSEN/75/003_Drusen.tif,DRUSEN-075,test,DRUSEN,drusen,OD,.tif,0.0001940908987307921
DRUSEN/75/004_Drusen.tif,DRUSEN-075,test,DRUSEN,drusen,OD,.tif,0.0001663164875935763
DRUSEN/75/005_Drusen.tif,DRUSEN-075,test,DRUSEN,drusen,OD,.tif,0.00022564915707334876
DRUSEN/75/006_Drusen.tif,DRUSEN-075,test,DRUSEN,drusen,OD,.tif,0.00019796864944510162
DRUSEN/75/007_Drusen.tif,DRUSEN-075,test,DRUSEN,drusen,OD,.tif,0.0001999826927203685
DRUSEN/75/008_Drusen.tif,DRUSEN-075,test,DRUSEN,drusen,OD,.tif,0.0003061664756387472
DRUSEN/75/009_Drusen.tif,DRUSEN-075,test,DRUSEN,drusen,OD,.tif,0.0002502886054571718
DRUSEN/75/010_Drusen.tif,DRUSEN-075,test,DRUSEN,drusen,OD,.tif,0.0002543209702707827
DRUSEN/75/011_Drusen.tif,DRUSEN-075,test,DRUSEN,drusen,OD,.tif,0.0002506437595002353
DRUSEN/75/012_Drusen.tif,DRUSEN-075,test,DRUSEN,drusen,OD,.tif,0.00025185252889059484
DRUSEN/75/013_Drusen.tif,DRUSEN-075,test,DRUSEN,drusen,OD,.tif,0.0002846172428689897
DRUSEN/75/014_Drusen.tif,DRUSEN-075,test,DRUSEN,drusen,OD,.tif,0.00029678072314709425
DRUSEN/75/015_Drusen.tif,DRUSEN-075,test,DRUSEN,drusen,OD,.tif,0.00035350469988770783
DRUSEN/75/016_Drusen.tif,DRUSEN-075,test,DRUSEN,drusen,OD,.tif,0.0003730243188329041
DRUSEN/75/017_Drusen.tif,DRUSEN-075,test,DRUSEN,drusen,OD,.tif,0.00032439781352877617
DRUSEN/75/018_Drusen.tif,DRUSEN-075,test,DRUSEN,drusen,OD,.tif,0.00025106509565375745
DRUSEN/75/019_Drusen.tif,DRUSEN-075,test,DRUSEN,drusen,OD,.tif,0.00022478873142972589
DRUSEN/75/020_Drusen.tif,DRUSEN-075,test,DRUSEN,drusen,OD,.tif,0.000265996262896806
DRUSEN/75/021_Drusen.tif,DRUSEN-075,test,DRUSEN,drusen,OD,.tif,0.0002449208695907146
DRUSEN/75/022_Drusen.tif,DRUSEN-075,test,DRUSEN,drusen,OD,.tif,0.00024652277352288365
DRUSEN/75/023_Drusen.tif,DRUSEN-075,test,DRUSEN,drusen,OD,.tif,0.0002617809223011136
DRUSEN/75/024_Drusen.tif,DRUSEN-075,test,DRUSEN,drusen,OD,.tif,0.0002836196217685938
DRUSEN/75/025_Drusen.tif,DRUSEN-075,test,DRUSEN,drusen,OD,.tif,0.0002862247929442674
DRUSEN/75/026_Drusen.tif,DRUSEN-075,test,DRUSEN,drusen,OD,.tif,0.00016162460087798536
DRUSEN/75/027_Drusen.tif,DRUSEN-075,test,DRUSEN,drusen,OD,.tif,0.00019653441268019378
DRUSEN/75/028_Drusen.tif,DRUSEN-075,test,DRUSEN,drusen,OD,.tif,0.00019363476894795895
DRUSEN/75/029_Drusen.tif,DRUSEN-075,test,DRUSEN,drusen,OD,.tif,0.00024941551964730024
DRUSEN/75/030_Drusen.tif,DRUSEN-075,test,DRUSEN,drusen,OD,.tif,0.0002642449107952416
DRUSEN/76/000_Drusen.tif,DRUSEN-076,test,DRUSEN,drusen,OS,.tif,0.0005420614033937454
DRUSEN/76/001_Drusen.tif,DRUSEN-076,test,DRUSEN,drusen,OS,.tif,0.0003281399258412421
DRUSEN/76/002_Drusen.tif,DRUSEN-076,test,DRUSEN,drusen,OS,.tif,0.0002881600521504879
DRUSEN/76/003_Drusen.tif,DRUSEN-076,test,DRUSEN,drusen,OS,.tif,0.0005510847549885511
DRUSEN/76/004_Drusen.tif,DRUSEN-076,test,DRUSEN,drusen,OS,.tif,0.00039615941932424903
DRUSEN/76/005_Drusen.tif,DRUSEN-076,test,DRUSEN,drusen,OS,.tif,0.00030953483656048775
DRUSEN/76/006_Drusen.tif,DRUSEN-076,test,DRUSEN,drusen,OS,.tif,0.0003016582049895078
DRUSEN/76/007_Drusen.tif,DRUSEN-076,test,DRUSEN,drusen,OS,.tif,0.00033917283872142434
DRUSEN/76/008_Drusen.tif,DRUSEN-076,test,DRUSEN,drusen,OS,.tif,0.0002309037372469902
DRUSEN/76/009_Drusen.tif,DRUSEN-076,test,DRUSEN,drusen,OS,.tif,0.00025587674463167787
DRUSEN/76/010_Drusen.tif,DRUSEN-076,test,DRUSEN,drusen,OS,.tif,0.00022351261577568948
DRUSEN/76/011_Drusen.tif,DRUSEN-076,test,DRUSEN,drusen,OS,.tif,0.00036689237458631396
DRUSEN/76/012_Drusen.tif,DRUSEN-076,test,DRUSEN,drusen,OS,.tif,0.00019148099818266928
DRUSEN/76/013_Drusen.tif,DRUSEN-076,test,DRUSEN,drusen,OS,.tif,0.0003995673614554107
DRUSEN/76/014_Drusen.tif,DRUSEN-076,test,DRUSEN,drusen,OS,.tif,0.0002815054904203862
DRUSEN/76/015_Drusen.tif,DRUSEN-076,test,DRUSEN,drusen,OS,.tif,0.0004128876025788486
DRUSEN/76/016_Drusen.tif,DRUSEN-076,test,DRUSEN,drusen,OS,.tif,0.0007136314525268972
DRUSEN/76/017_Drusen.tif,DRUSEN-076,test,DRUSEN,drusen,OS,.tif,0.0005194050609134138
DRUSEN/76/018_Drusen.tif,DRUSEN-076,test,DRUSEN,drusen,OS,.tif,0.00031217941432259977
DRUSEN/76/019_Drusen.tif,DRUSEN-076,test,DRUSEN,drusen,OS,.tif,0.0004393297713249922
DRUSEN/76/020_Drusen.tif,DRUSEN-076,test,DRUSEN,drusen,OS,.tif,0.0002720545162446797
DRUSEN/76/021_Drusen.tif,DRUSEN-076,test,DRUSEN,drusen,OS,.tif,0.0003041928284801543
DRUSEN/76/022_Drusen.tif,DRUSEN-076,test,DRUSEN,drusen,OS,.tif,0.00034643462277017534
DRUSEN/76/023_Drusen.tif,DRUSEN-076,test,DRUSEN,drusen,OS,.tif,0.0003401020949240774
DRUSEN/76/024_Drusen.tif,DRUSEN-076,test,DRUSEN,drusen,OS,.tif,0.0003522826882544905
DRUSEN/76/025_Drusen.tif,DRUSEN-076,test,DRUSEN,drusen,OS,.tif,0.00022527112741954625
DRUSEN/76/026_Drusen.tif,DRUSEN-076,test,DRUSEN,drusen,OS,.tif,0.0003300387179479003
DRUSEN/76/027_Drusen.tif,DRUSEN-076,test,DRUSEN,drusen,OS,.tif,0.00032298252335749567
DRUSEN/76/028_Drusen.tif,DRUSEN-076,test,DRUSEN,drusen,OS,.tif,0.0002290056727360934
DRUSEN/76/029_Drusen.tif,DRUSEN-076,test,DRUSEN,drusen,OS,.tif,0.0003728013834916055
DRUSEN/76/030_Drusen.tif,DRUSEN-076,test,DRUSEN,drusen,OS,.tif,0.0003934678388759494
DRUSEN/77/000_Normal.tif,DRUSEN-077,test,DRUSEN,normal,OD,.tif,0.0004541029629763216
DRUSEN/77/001_Normal.tif,DRUSEN-077,test,DRUSEN,normal,OD,.tif,0.0004895800375379622
DRUSEN/77/002_Normal.tif,DRUSEN-077,test,DRUSEN,normal,OD,.tif,0.0004874879668932408
DRUSEN/77/003_Normal.tif,DRUSEN-077,test,DRUSEN,normal,OD,.tif,0.0006194432498887181
DRUSEN/77/004_Normal.tif,DRUSEN-077,test,DRUSEN,normal,OD,.tif,0.0006069710361771286
DRUSEN/77/005_Normal.tif,DRUSEN-077,test,DRUSEN,normal,OD,.tif,0.000549300923012197
DRUSEN/77/006_Normal.tif,DRUSEN-077,test,DRUSEN,normal,OD,.tif,0.00039739059866406024
DRUSEN/77/007_Normal.tif,DRUSEN-077,test,DRUSEN,normal,OD,.tif,0.00047614489449188113
DRUSEN/77/008_Normal.tif,DRUSEN-077,test,DRUSEN,normal,OD,.tif,0.0006363526335917413
DRUSEN/77/009_Drusen.tif,DRUSEN-077,test,DRUSEN,drusen,OD,.tif,0.0002299587504239753
DRUSEN/77/010_Drusen.tif,DRUSEN-077,test,DRUSEN,drusen,OD,.tif,0.0002711364650167525
DRUSEN/77/011_Drusen.tif,DRUSEN-077,test,DRUSEN,drusen,OD,.tif,0.00036722823278978467
DRUSEN/77/012_Drusen.tif,DRUSEN-077,test,DRUSEN,drusen,OD,.tif,0.0003042636380996555
DRUSEN/77/013_Drusen.tif,DRUSEN-077,test,DRUSEN,drusen,OD,.tif,0.00020809410489164293
DRUSEN/77/014_Drusen.tif,DRUSEN-077,test,DRUSEN,drusen,OD,.tif,0.0003333381609991193
DRUSEN/77/015_Drusen.tif,DRUSEN-077,test,DRUSEN,drusen,OD,.tif,0.00046093386481516063
DRUSEN/77/016_Drusen.tif,DRUSEN-077,test,DRUSEN,drusen,OD,.tif,0.0002630907401908189
DRUSEN/77/017_Drusen.tif,DRUSEN-077,test,DRUSEN,drusen,OD,.tif,0.00031244472484104335
DRUSEN/77/018_Drusen.tif,DRUSEN-077,test,DRUSEN,drusen,OD,.tif,0.00028096046298742294
DRUSEN/77/019_Drusen.tif,DRUSEN-077,test,DRUSEN,drusen,OD,.tif,0.00032803177600726485
DRUSEN/77/020_Drusen.tif,DRUSEN-077,test,DRUSEN,drusen,OD,.tif,0.0003991173580288887
DRUSEN/77/021_Drusen.tif,DRUSEN-077,test,DRUSEN,drusen,OD,.tif,0.0003285282291471958
DRUSEN/77/022_Drusen.tif,DRUSEN-077,test,DRUSEN,drusen,OD,.tif,0.00036682459176518023
DRUSEN/77/023_Drusen.tif,DRUSEN-077,test,DRUSEN,drusen,OD,.tif,0.00034839112777262926
DRUSEN/77/024_Drusen.tif,DRUSEN-077,test,DRUSEN,drusen,OD,.tif,0.0003618174232542515
DRUSEN/77/025_Drusen.tif,DRUSEN-077,test,DRUSEN,drusen,OD,.tif,0.0003146967792417854
DRUSEN/77/026_Drusen.tif,DRUSEN-077,test,DRUSEN,drusen,OD,.tif,0.00034431408857926726
DRUSEN/77/027_Drusen.tif,DRUSEN-077,test,DRUSEN,drusen,OD,.tif,0.00029766466468572617
DRUSEN/77/028_Drusen.tif,DRUSEN-077,test,DRUSEN,drusen,OD,.tif,0.0003207539557479322
DRUSEN/77/029_Drusen.tif,DRUSEN-077,test,DRUSEN,drusen,OD,.tif,0.0003374003281351179
DRUSEN/77/030_Normal.tif,DRUSEN-077,test,DRUSEN,normal,OD,.tif,0.0002509423648007214
DRUSEN/79/000_Drusen.tif,DRUSEN-079,test,DRUSEN,drusen,OD,.tif,0.00022021161566954106
DRUSEN/79/001_Drusen.tif,DRUSEN-079,test,DRUSEN,drusen,OD,.tif,0.0003198236518073827
DRUSEN/79/002_Drusen.tif,DRUSEN-079,test,DRUSEN,drusen,OD,.tif,0.0002959166304208338
DRUSEN/79/003_Drusen.tif,DRUSEN-079,test,DRUSEN,drusen,OD,.tif,0.0003779649850912392
DRUSEN/79/004_Drusen.tif,DRUSEN-079,test,DRUSEN,drusen,OD,.tif,0.00029945248388685286
DRUSEN/79/005_Drusen.tif,DRUSEN-079,test,DRUSEN,drusen,OD,.tif,0.00048800342483446
DRUSEN/79/006_Drusen.tif,DRUSEN-079,test,DRUSEN,drusen,OD,.tif,0.0002583862515166402
DRUSEN/79/007_Drusen.tif,DRUSEN-079,test,DRUSEN,drusen,OD,.tif,0.00024595679133199155
DRUSEN/79/008_Drusen.tif,DRUSEN-079,test,DRUSEN,drusen,OD,.tif,0.00021004769951105118
DRUSEN/79/009_Drusen.tif,DRUSEN-079,test,DRUSEN,drusen,OD,.tif,0.0003150079573970288
DRUSEN/79/010_Drusen.tif,DRUSEN-079,test,DRUSEN,drusen,OD,.tif,0.00020608394697774202
DRUSEN/79/011_Drusen.tif,DRUSEN-079,test,DRUSEN,drusen,OD,.tif,0.00021946680499240756
DRUSEN/79/012_Drusen.tif,DRUSEN-079,test,DRUSEN,drusen,OD,.tif,0.00022286683088168502
DRUSEN/79/013_Drusen.tif,DRUSEN-079,test,DRUSEN,drusen,OD,.tif,0.0002455703215673566
DRUSEN/79/014_Drusen.tif,DRUSEN-079,test,DRUSEN,drusen,OD,.tif,0.0003205315151717514
DRUSEN/79/015_Drusen.tif,DRUSEN-079,test,DRUSEN,drusen,OD,.tif,0.0002210581733379513
DRUSEN/79/016_Drusen.tif,DRUSEN-079,test,DRUSEN,drusen,OD,.tif,0.000367491360520944
DRUSEN/79/017_Drusen.tif,DRUSEN-079,test,DRUSEN,drusen,OD,.tif,0.00042161127203144133
DRUSEN/79/018_Drusen.tif,DRUSEN-079,test,DRUSEN,drusen,OD,.tif,0.0004101906670257449
DRUSEN/79/019_Drusen.tif,DRUSEN-079,test,DRUSEN,drusen,OD,.tif,0.0003952416009269655
DRUSEN/79/020_Drusen.tif,DRUSEN-079,test,DRUSEN,drusen,OD,.tif,0.0002869351883418858
DRUSEN/79/021_Drusen.tif,DRUSEN-079,test,DRUSEN,drusen,OD,.tif,0.0003246870473958552
DRUSEN/79/022_Drusen.tif,DRUSEN-079,test,DRUSEN,drusen,OD,.tif,0.00025401831953786314
DRUSEN/79/023_Drusen.tif,DRUSEN-079,test,DRUSEN,drusen,OD,.tif,0.0005605395417660475
DRUSEN/79/024_Drusen.tif,DRUSEN-079,test,DRUSEN,drusen,OD,.tif,0.0003048186772502959
DRUSEN/79/025_Drusen.tif,DRUSEN-079,test,DRUSEN,drusen,OD,.tif,0.0002715332666411996
DRUSEN/79/026_Drusen.tif,DRUSEN-079,test,DRUSEN,drusen,OD,.tif,0.00039501796709373593
DRUSEN/79/027_Drusen.tif,DRUSEN-079,test,DRUSEN,drusen,OD,.tif,0.00044673256343230605
DRUSEN/79/028_Drusen.tif,DRUSEN-079,test,DRUSEN,drusen,OD,.tif,0.0002696177689358592
DRUSEN/79/029_Drusen.tif,DRUSEN-079,test,DRUSEN,drusen,OD,.tif,0.00033492984948679805
DRUSEN/79/030_Drusen.tif,DRUSEN-079,test,DRUSEN,drusen,OD,.tif,0.000362482009222731
DRUSEN/80/000_Drusen.tif,DRUSEN-080,test,DRUSEN,drusen,OD,.tif,0.0004937020712532103
DRUSEN/80/001_Drusen.tif,DRUSEN-080,test,DRUSEN,drusen,OD,.tif,0.00046881093294359744
DRUSEN/80/002_Drusen.tif,DRUSEN-080,test,DRUSEN,drusen,OD,.tif,0.0005640911404043436
DRUSEN/80/003_Drusen.tif,DRUSEN-080,test,DRUSEN,drusen,OD,.tif,0.0003881637821905315
DRUSEN/80/004_Drusen.tif,DRUSEN-080,test,DRUSEN,drusen,OD,.tif,0.00035544473212212324
DRUSEN/80/005_Drusen.tif,DRUSEN-080,test,DRUSEN,drusen,OD,.tif,0.00046784995356574655
DRUSEN/80/006_Drusen.tif,DRUSEN-080,test,DRUSEN,drusen,OD,.tif,0.0003940133610740304
DRUSEN/80/007_Drusen.tif,DRUSEN-080,test,DRUSEN,drusen,OD,.tif,0.00040333770448341966
DRUSEN/80/008_Drusen.tif,DRUSEN-080,test,DRUSEN,drusen,OD,.tif,0.0003885126789100468
DRUSEN/80/009_Drusen.tif,DRUSEN-080,test,DRUSEN,drusen,OD,.tif,0.00031337825930677354
DRUSEN/80/010_Drusen.tif,DRUSEN-080,test,DRUSEN,drusen,OD,.tif,0.0003178201150149107
DRUSEN/80/011_Drusen.tif,DRUSEN-080,test,DRUSEN,drusen,OD,.tif,0.0002939364640042186
DRUSEN/80/012_Drusen.tif,DRUSEN-080,test,DRUSEN,drusen,OD,.tif,0.0002938897523563355
DRUSEN/80/013_Drusen.tif,DRUSEN-080,test,DRUSEN,drusen,OD,.tif,0.0002928836620412767
DRUSEN/80/014_Drusen.tif,DRUSEN-080,test,DRUSEN,drusen,OD,.tif,0.0002580362488515675
DRUSEN/80/015_Drusen.tif,DRUSEN-080,test,DRUSEN,drusen,OD,.tif,0.00028575467877089977
DRUSEN/80/016_Drusen.tif,DRUSEN-080,test,DRUSEN,drusen,OD,.tif,0.00029313552659004927
DRUSEN/80/017_Drusen.tif,DRUSEN-080,test,DRUSEN,drusen,OD,.tif,0.00028224237030372024
DRUSEN/80/018_Drusen.tif,DRUSEN-080,test,DRUSEN,drusen,OD,.tif,0.00041250704089179635
DRUSEN/80/019_Drusen.tif,DRUSEN-080,test,DRUSEN,drusen,OD,.tif,0.000445123907411471
DRUSEN/80/020_Drusen.tif,DRUSEN-080,test,DRUSEN,drusen,OD,.tif,0.00041804794454947114
DRUSEN/80/021_Drusen.tif,DRUSEN-080,test,DRUSEN,drusen,OD,.tif,0.0003134755534119904
DRUSEN/80/022_Drusen.tif,DRUSEN-080,test,DRUSEN,drusen,OD,.tif,0.0003362202551215887
DRUSEN/80/023_Drusen.tif,DRUSEN-080,test,DRUSEN,drusen,OD,.tif,0.00021333342010620981
DRUSEN/80/024_Drusen.tif,DRUSEN-080,test,DRUSEN,drusen,OD,.tif,0.00028320675482973456
DRUSEN/80/025_Drusen.tif,DRUSEN-080,test,DRUSEN,drusen,OD,.tif,0.00020221411250531673
DRUSEN/80/026_Drusen.tif,DRUSEN-080,test,DRUSEN,drusen,OD,.tif,0.00032635615207254887
DRUSEN/80/027_Drusen.tif,DRUSEN-080,test,DRUSEN,drusen,OD,.tif,0.000412678811699152
DRUSEN/80/028_Drusen.tif,DRUSEN-080,test,DRUSEN,drusen,OD,.tif,0.00030735513428226113
DRUSEN/80/029_Drusen.tif,DRUSEN-080,test,DRUSEN,drusen,OD,.tif,0.00021113014372531325
DRUSEN/80/030_Drusen.tif,DRUSEN-080,test,DRUSEN,drusen,OD,.tif,0.00032214264501817524
DRUSEN/81/000_Drusen.tif,DRUSEN-081,test,DRUSEN,drusen,OS,.tif,0.00024257399491034448
DRUSEN/81/001_Drusen.tif,DRUSEN-081,test,DRUSEN,drusen,OS,.tif,0.0002650941605679691
DRUSEN/81/002_Drusen.tif,DRUSEN-081,test,DRUSEN,drusen,OS,.tif,0.00025866919895634055
DRUSEN/81/003_Drusen.tif,DRUSEN-081,test,DRUSEN,drusen,OS,.tif,0.00024743087124079466
DRUSEN/81/004_Drusen.tif,DRUSEN-081,test,DRUSEN,drusen,OS,.tif,0.00024294655304402113
DRUSEN/81/005_Drusen.tif,DRUSEN-081,test,DRUSEN,drusen,OS,.tif,0.0002511345664970577
DRUSEN/81/006_Drusen.tif,DRUSEN-081,test,DRUSEN,drusen,OS,.tif,0.00025717777316458523
DRUSEN/81/007_Drusen.tif,DRUSEN-081,test,DRUSEN,drusen,OS,.tif,0.00020477875659707934
DRUSEN/81/008_Drusen.tif,DRUSEN-081,test,DRUSEN,drusen,OS,.tif,0.00019807188073173165
DRUSEN/81/009_Drusen.tif,DRUSEN-081,test,DRUSEN,drusen,OS,.tif,0.00020013173343613744
DRUSEN/81/010_Drusen.tif,DRUSEN-081,test,DRUSEN,drusen,OS,.tif,0.00014468355220742524
DRUSEN/81/011_Drusen.tif,DRUSEN-081,test,DRUSEN,drusen,OS,.tif,0.000391376088373363
DRUSEN/81/012_Drusen.tif,DRUSEN-081,test,DRUSEN,drusen,OS,.tif,0.0004329595831222832
DRUSEN/81/013_Drusen.tif,DRUSEN-081,test,DRUSEN,drusen,OS,.tif,0.00023521545517724007
DRUSEN/81/014_Drusen.tif,DRUSEN-081,test,DRUSEN,drusen,OS,.tif,0.0002997818519361317
DRUSEN/81/015_Drusen.tif,DRUSEN-081,test,DRUSEN,drusen,OS,.tif,0.00025539874332025647
DRUSEN/81/016_Drusen.tif,DRUSEN-081,test,DRUSEN,drusen,OS,.tif,0.00041545124258846045
DRUSEN/81/017_Drusen.tif,DRUSEN-081,test,DRUSEN,drusen,OS,.tif,0.0003714514896273613
DRUSEN/81/018_Drusen.tif,DRUSEN-081,test,DRUSEN,drusen,OS,.tif,0.0003869773936457932
DRUSEN/81/019_Drusen.tif,DRUSEN-081,test,DRUSEN,drusen,OS,.tif,0.000492801540531218
DRUSEN/81/020_Drusen.tif,DRUSEN-081,test,DRUSEN,drusen,OS,.tif,0.0002733995788730681
DRUSEN/81/021_Drusen.tif,DRUSEN-081,test,DRUSEN,drusen,OS,.tif,0.00030206108931452036
DRUSEN/81/022_Drusen.tif,DRUSEN-081,test,DRUSEN,drusen,OS,.tif,0.00036677526077255607
DRUSEN/81/023_Drusen.tif,DRUSEN-081,test,DRUSEN,drusen,OS,.tif,0.0003150876145809889
DRUSEN/81/024_Drusen.tif,DRUSEN-081,test,DRUSEN,drusen,OS,.tif,0.00038133858470246196
DRUSEN/81/025_Drusen.tif,DRUSEN-081,test,DRUSEN,drusen,OS,.tif,0.0002939690602943301
DRUSEN/81/026_Drusen.tif,DRUSEN-081,test,DRUSEN,drusen,OS,.tif,0.00030259325285442173
DRUSEN/81/027_Drusen.tif,DRUSEN-081,test,DRUSEN,drusen,OS,.tif,0.0004072383453603834
DRUSEN/81/028_Drusen.tif,DRUSEN-081,test,DRUSEN,drusen,OS,.tif,0.0002948621695395559
DRUSEN/81/029_Drusen.tif,DRUSEN-081,test,DRUSEN,drusen,OS,.tif,0.0003569344407878816
DRUSEN/81/030_Drusen.tif,DRUSEN-081,test,DRUSEN,drusen,OS,.tif,0.0003037873248104006
DRUSEN/83/000_Normal.jpg,DRUSEN-083,test,DRUSEN,normal,OD,.jpg,0.00036275203456170857
DRUSEN/83/001_Normal.jpg,DRUSEN-083,test,DRUSEN,normal,OD,.jpg,0.00036741868825629354
DRUSEN/83/002_Drusen.jpg,DRUSEN-083,test,DRUSEN,drusen,OD,.jpg,0.0002978175471071154
DRUSEN/83/003_Drusen.jpg,DRUSEN-083,test,DRUSEN,drusen,OD,.jpg,0.00020858057541772723
DRUSEN/83/004_Drusen.jpg,DRUSEN-083,test,DRUSEN,drusen,OD,.jpg,0.00029992315103299916
DRUSEN/83/005_Drusen.jpg,DRUSEN-083,test,DRUSEN,drusen,OD,.jpg,0.00019625254208222032
DRUSEN/83/006_Drusen.jpg,DRUSEN-083,test,DRUSEN,drusen,OD,.jpg,0.0002548075863160193
DRUSEN/83/007_Drusen.jpg,DRUSEN-083,test,DRUSEN,drusen,OD,.jpg,0.00025686415028758347
DRUSEN/83/008_Drusen.jpg,DRUSEN-083,test,DRUSEN,drusen,OD,.jpg,0.00021310130250640213
DRUSEN/83/009_Drusen.jpg,DRUSEN-083,test,DRUSEN,drusen,OD,.jpg,0.00024167809169739485
DRUSEN/83/010_Drusen.jpg,DRUSEN-083,test,DRUSEN,drusen,OD,.jpg,0.00024815055076032877
DRUSEN/83/011_Drusen.jpg,DRUSEN-083,test,DRUSEN,drusen,OD,.jpg,0.0002099062839988619
DRUSEN/83/012_Drusen.jpg,DRUSEN-083,test,DRUSEN,drusen,OD,.jpg,0.0001867490354925394
DRUSEN/83/013_Drusen.jpg,DRUSEN-083,test,DRUSEN,drusen,OD,.jpg,0.00034756577224470675
DRUSEN/83/014_Drusen.jpg,DRUSEN-083,test,DRUSEN,drusen,OD,.jpg,0.00020156776008661836
DRUSEN/83/015_Drusen.jpg,DRUSEN-083,test,DRUSEN,drusen,OD,.jpg,0.00019775140390265733
DRUSEN/83/016_Drusen.jpg,DRUSEN-083,test,DRUSEN,drusen,OD,.jpg,0.0003191081923432648
DRUSEN/83/017_Drusen.jpg,DRUSEN-083,test,DRUSEN,drusen,OD,.jpg,0.00022238412930164486
DRUSEN/83/018_Drusen.jpg,DRUSEN-083,test,DRUSEN,drusen,OD,.jpg,0.0001819467724999413
DRUSEN/83/019_Drusen.jpg,DRUSEN-083,test,DRUSEN,drusen,OD,.jpg,0.0002670321555342525
DRUSEN/83/020_Drusen.jpg,DRUSEN-083,test,DRUSEN,drusen,OD,.jpg,0.0001936557819135487
DRUSEN/83/021_Drusen.jpg,DRUSEN-083,test,DRUSEN,drusen,OD,.jpg,0.00024104643671307713
DRUSEN/83/022_Drusen.jpg,DRUSEN-083,test,DRUSEN,drusen,OD,.jpg,0.0002237482985947281
DRUSEN/83/023_Drusen.jpg,DRUSEN-083,test,DRUSEN,drusen,OD,.jpg,0.00021133979316800833
DRUSEN/83/024_Drusen.jpg,DRUSEN-083,test,DRUSEN,drusen,OD,.jpg,0.00020303537894506007
DRUSEN/84/000_Drusen.tif,DRUSEN-084,test,DRUSEN,drusen,OD,.tif,0.0004802033072337508
DRUSEN/84/001_Drusen.tif,DRUSEN-084,test,DRUSEN,drusen,OD,.tif,0.0002824249677360058
DRUSEN/84/002_Normal.tif,DRUSEN-084,test,DRUSEN,normal,OD,.tif,0.00026518560480326414
DRUSEN/84/003_Normal.tif,DRUSEN-084,test,DRUSEN,normal,OD,.tif,0.00022289107437245548
DRUSEN/84/004_Normal.tif,DRUSEN-084,test,DRUSEN,normal,OD,.tif,0.00024629582185298204
DRUSEN/84/005_Normal.tif,DRUSEN-084,test,DRUSEN,normal,OD,.tif,0.0002185524208471179
DRUSEN/84/006_Normal.tif,DRUSEN-084,test,DRUSEN,normal,OD,.tif,0.0002272652491228655
DRUSEN/84/007_Drusen.tif,DRUSEN-084,test,DRUSEN,drusen,OD,.tif,0.00028650497552007437
DRUSEN/84/008_Drusen.tif,DRUSEN-084,test,DRUSEN,drusen,OD,.tif,0.0001881289790617302
DRUSEN/84/009_Drusen.tif,DRUSEN-084,test,DRUSEN,drusen,OD,.tif,0.0002529551857151091
DRUSEN/84/010_Drusen.tif,DRUSEN-084,test,DRUSEN,drusen,OD,.tif,0.00032969785388559103
DRUSEN/84/011_Drusen.tif,DRUSEN-084,test,DRUSEN,drusen,OD,.tif,0.000284517474938184
DRUSEN/84/012_Drusen.tif,DRUSEN-084,test,DRUSEN,drusen,OD,.tif,0.00024017725081648678
DRUSEN/84/013_Drusen.tif,DRUSEN-084,test,DRUSEN,drusen,OD,.tif,0.00023858700296841562
DRUSEN/84/014_Drusen.tif,DRUSEN-084,test,DRUSEN,drusen,OD,.tif,0.00030326851992867887
DRUSEN/84/015_Drusen.tif,DRUSEN-084,test,DRUSEN,drusen,OD,.tif,0.0003602516371756792
DRUSEN/84/016_Drusen.tif,DRUSEN-084,test,DRUSEN,drusen,OD,.tif,0.00024851516354829073
DRUSEN/84/017_Drusen.tif,DRUSEN-084,test,DRUSEN,drusen,OD,.tif,0.00025692873168736696
DRUSEN/84/018_Drusen.tif,DRUSEN-084,test,DRUSEN,drusen,OD,.tif,0.0002083586441585794
DRUSEN/84/019_Drusen.tif,DRUSEN-084,test,DRUSEN,drusen,OD,.tif,0.00020119236432947218
DRUSEN/84/020_Drusen.tif,DRUSEN-084,test,DRUSEN,drusen,OD,.tif,0.00018503832689020783
DRUSEN/84/021_Drusen.tif,DRUSEN-084,test,DRUSEN,drusen,OD,.tif,0.00025663935230113566
DRUSEN/84/022_Drusen.tif,DRUSEN-084,test,DRUSEN,drusen,OD,.tif,0.000275036902166903
DRUSEN/84/023_Drusen.tif,DRUSEN-084,test,DRUSEN,drusen,OD,.tif,0.0002892587217502296
DRUSEN/84/024_Normal.tif,DRUSEN-084,test,DRUSEN,normal,OD,.tif,0.00033537804847583175
DRUSEN/84/025_Normal.tif,DRUSEN-084,test,DRUSEN,normal,OD,.tif,0.0002880233805626631
DRUSEN/84/026_Normal.tif,DRUSEN-084,test,DRUSEN,normal,OD,.tif,0.0002066097513306886
DRUSEN/84/027_Normal.tif,DRUSEN-084,test,DRUSEN,normal,OD,.tif,0.0002211668179370463
DRUSEN/84/028_Normal.tif,DRUSEN-084,test,DRUSEN,normal,OD,.tif,0.0002290386619279161
DRUSEN/84/029_Normal.tif,DRUSEN-084,test,DRUSEN,normal,OD,.tif,0.00022380957670975477
DRUSEN/84/030_Normal.tif,DRUSEN-084,test,DRUSEN,normal,OD,.tif,0.00020884297555312514
DRUSEN/85/000_Drusen.tif,DRUSEN-085,test,DRUSEN,drusen,OD,.tif,0.00023259394220076501
DRUSEN/85/001_Drusen.tif,DRUSEN-085,test,DRUSEN,drusen,OD,.tif,0.00024363346165046096
DRUSEN/85/002_Drusen.tif,DRUSEN-085,test,DRUSEN,drusen,OD,.tif,0.00025876867584884167
DRUSEN/85/003_Drusen.tif,DRUSEN-085,test,DRUSEN,drusen,OD,.tif,0.00021327973809093237
DRUSEN/85/004_Drusen.tif,DRUSEN-085,test,DRUSEN,drusen,OD,.tif,0.00027799414237961173
DRUSEN/85/005_Drusen.tif,DRUSEN-085,test,DRUSEN,drusen,OD,.tif,0.0002633339026942849
DRUSEN/85/006_Drusen.tif,DRUSEN-085,test,DRUSEN,drusen,OD,.tif,0.00019914095173589885
DRUSEN/85/007_Drusen.tif,DRUSEN-085,test,DRUSEN,drusen,OD,.tif,0.00016890058759599924
DRUSEN/85/008_Drusen.tif,DRUSEN-085,test,DRUSEN,drusen,OD,.tif,0.0002264521608594805
DRUSEN/85/009_Drusen.tif,DRUSEN-085,test,DRUSEN,drusen,OD,.tif,0.00019240041729062796
DRUSEN/85/010_Drusen.tif,DRUSEN-085,test,DRUSEN,drusen,OD,.tif,0.00030014687217772007
DRUSEN/85/011_Drusen.tif,DRUSEN-085,test,DRUSEN,drusen,OD,.tif,0.0002174312248826027
DRUSEN/85/012_Drusen.tif,DRUSEN-085,test,DRUSEN,drusen,OD,.tif,0.00025205957354046404
DRUSEN/85/013_Drusen.tif,DRUSEN-085,test,DRUSEN,drusen,OD,.tif,0.00022603513207286596
DRUSEN/85/014_Drusen.tif,DRUSEN-085,test,DRUSEN,drusen,OD,.tif,0.0003883418976329267
DRUSEN/85/015_Drusen.tif,DRUSEN-085,test,DRUSEN,drusen,OD,.tif,0.0003028202336281538
DRUSEN/85/016_Drusen.tif,DRUSEN-085,test,DRUSEN,drusen,OD,.tif,0.00019206962315365672
DRUSEN/85/017_Drusen.tif,DRUSEN-085,test,DRUSEN,drusen,OD,.tif,0.0002810442529153079
DRUSEN/85/018_Drusen.tif,DRUSEN-085,test,DRUSEN,drusen,OD,.tif,0.00022069900296628475
DRUSEN/85/019_Drusen.tif,DRUSEN-085,test,DRUSEN,drusen,OD,.tif,0.0002898915554396808
DRUSEN/85/020_Drusen.tif,DRUSEN-085,test,DRUSEN,drusen,OD,.tif,0.00018814037321135402
DRUSEN/85/021_Drusen.tif,DRUSEN-085,test,DRUSEN,drusen,OD,.tif,0.00020857551135122776
DRUSEN/85/022_Drusen.tif,DRUSEN-085,test,DRUSEN,drusen,OD,.tif,0.00018583147902972996
DRUSEN/85/023_Drusen.tif,DRUSEN-085,test,DRUSEN,drusen,OD,.tif,0.00021792315237689763
DRUSEN/85/024_Drusen.tif,DRUSEN-085,test,DRUSEN,drusen,OD,.tif,0.00022546664695255458
DRUSEN/85/025_Drusen.tif,DRUSEN-085,test,DRUSEN,drusen,OD,.tif,0.00019763621094170958
DRUSEN/85/026_Drusen.tif,DRUSEN-085,test,DRUSEN,drusen,OD,.tif,0.00030440703267231584
DRUSEN/85/027_Drusen.tif,DRUSEN-085,test,DRUSEN,drusen,OD,.tif,0.00021068297792226076
DRUSEN/85/028_Drusen.tif,DRUSEN-085,test,DRUSEN,drusen,OD,.tif,0.00022332103981170803
DRUSEN/85/029_Drusen.tif,DRUSEN-085,test,DRUSEN,drusen,OD,.tif,0.00029137590900063515
DRUSEN/85/030_Drusen.tif,DRUSEN-085,test,DRUSEN,drusen,OD,.tif,0.00024773087352514267
DRUSEN/86/OD/000_DRusen.tif,DRUSEN-086,test,DRUSEN,drusen,OD,.tif,0.0002327011025045067
DRUSEN/86/OD/001_DRusen.tif,DRUSEN-086,test,DRUSEN,drusen,OD,.tif,0.00016876545851118863
DRUSEN/86/OD/002_DRusen.tif,DRUSEN-086,test,DRUSEN,drusen,OD,.tif,0.00025269470643252134
DRUSEN/86/OD/003_DRusen.tif,DRUSEN-086,test,DRUSEN,drusen,OD,.tif,0.00023750553373247385
DRUSEN/86/OD/004_DRusen.tif,DRUSEN-086,test,DRUSEN,drusen,OD,.tif,0.00031696981750428677
DRUSEN/86/OD/005_DRusen.tif,DRUSEN-086,test,DRUSEN,drusen,OD,.tif,0.00024966319324448705
DRUSEN/86/OD/006_DRusen.tif,DRUSEN-086,test,DRUSEN,drusen,OD,.tif,0.00020559753465931863
DRUSEN/86/OD/007_DRusen.tif,DRUSEN-086,test,DRUSEN,drusen,OD,.tif,0.0002841093810275197
DRUSEN/86/OD/008_DRusen.tif,DRUSEN-086,test,DRUSEN,drusen,OD,.tif,0.0003129849792458117
DRUSEN/86/OD/009_DRusen.tif,DRUSEN-086,test,DRUSEN,drusen,OD,.tif,0.0002933140203822404
DRUSEN/86/OD/010_DRusen.tif,DRUSEN-086,test,DRUSEN,drusen,OD,.tif,0.00022912780696060508
DRUSEN/86/OD/011_DRusen.tif,DRUSEN-086,test,DRUSEN,drusen,OD,.tif,0.00028265430592000484
DRUSEN/86/OD/012_DRusen.tif,DRUSEN-086,test,DRUSEN,drusen,OD,.tif,0.0004691277863457799
DRUSEN/86/OD/013_DRusen.tif,DRUSEN-086,test,DRUSEN,drusen,OD,.tif,0.00016882416093721986
DRUSEN/86/OD/014_DRusen.tif,DRUSEN-086,test,DRUSEN,drusen,OD,.tif,0.0002428589214105159
DRUSEN/86/OD/015_DRusen.tif,DRUSEN-086,test,DRUSEN,drusen,OD,.tif,0.00024129475059453398
DRUSEN/86/OD/016_DRusen.tif,DRUSEN-086,test,DRUSEN,drusen,OD,.tif,0.00027012432110495865
DRUSEN/86/OD/017_DRusen.tif,DRUSEN-086,test,DRUSEN,drusen,OD,.tif,0.0001942639792105183
DRUSEN/86/OD/018_DRusen.tif,DRUSEN-086,test,DRUSEN,drusen,OD,.tif,0.00027186473016627133
DRUSEN/86/OD/019_DRusen.tif,DRUSEN-086,test,DRUSEN,drusen,OD,.tif,0.00019668338063638657
DRUSEN/86/OD/020_DRusen.tif,DRUSEN-086,test,DRUSEN,drusen,OD,.tif,0.00019897747552022338
DRUSEN/86/OD/021_DRusen.tif,DRUSEN-086,test,DRUSEN,drusen,OD,.tif,0.00024462834699079394
DRUSEN/86/OD/022_DRusen.tif,DRUSEN-086,test,DRUSEN,drusen,OD,.tif,0.0003728688752744347
DRUSEN/86/OD/023_DRusen.tif,DRUSEN-086,test,DRUSEN,drusen,OD,.tif,0.0002279540931340307
DRUSEN/86/OD/024_DRusen.tif,DRUSEN-086,test,DRUSEN,drusen,OD,.tif,0.00022332988737616688
DRUSEN/86/OD/025_DRusen.tif,DRUSEN-086,test,DRUSEN,drusen,OD,.tif,0.00024025965831242502
DRUSEN/86/OD/026_DRusen.tif,DRUSEN-086,test,DRUSEN,drusen,OD,.tif,0.00027098850114271045
DRUSEN/86/OD/027_DRusen.tif,DRUSEN-086,test,DRUSEN,drusen,OD,.tif,0.00028197705978527665
DRUSEN/86/OD/028_DRusen.tif,DRUSEN-086,test,DRUSEN,drusen,OD,.tif,0.0002640322782099247
DRUSEN/86/OD/029_DRusen.tif,DRUSEN-086,test,DRUSEN,drusen,OD,.tif,0.0002333891170565039
DRUSEN/86/OD/030_DRusen.tif,DRUSEN-086,test,DRUSEN,drusen,OD,.tif,0.00023212064115796238
DRUSEN/86/OS/000_Drusen.tif,DRUSEN-086,test,DRUSEN,drusen,OS,.tif,0.00031237219809554517
DRUSEN/86/OS/001_Drusen.tif,DRUSEN-086,test,DRUSEN,drusen,OS,.tif,0.0003603504737839103
DRUSEN/86/OS/002_Drusen.tif,DRUSEN-086,test,DRUSEN,drusen,OS,.tif,0.00032777906744740903
DRUSEN/86/OS/003_Drusen.tif,DRUSEN-086,test,DRUSEN,drusen,OS,.tif,0.00019584088295232505
DRUSEN/86/OS/004_Drusen.tif,DRUSEN-086,test,DRUSEN,drusen,OS,.tif,0.0002523084986023605
DRUSEN/86/OS/005_Drusen.tif,DRUSEN-086,test,DRUSEN,drusen,OS,.tif,0.00024214902077801526
DRUSEN/86/OS/006_Drusen.tif,DRUSEN-086,test,DRUSEN,drusen,OS,.tif,0.0003006237675435841
DRUSEN/86/OS/007_Drusen.tif,DRUSEN-086,test,DRUSEN,drusen,OS,.tif,0.00023801650968380272
DRUSEN/86/OS/008_Drusen.tif,DRUSEN-086,test,DRUSEN,drusen,OS,.tif,0.00023856907500885427
DRUSEN/86/OS/009_Drusen.tif,DRUSEN-086,test,DRUSEN,drusen,OS,.tif,0.000256876926869154
DRUSEN/86/OS/010_Drusen.tif,DRUSEN-086,test,DRUSEN,drusen,OS,.tif,0.000266900344286114
DRUSEN/86/OS/011_Drusen.tif,DRUSEN-086,test,DRUSEN,drusen,OS,.tif,0.00017281787586398423
DRUSEN/86/OS/012_Drusen.tif,DRUSEN-086,test,DRUSEN,drusen,OS,.tif,0.00029465017723850906
DRUSEN/86/OS/013_Drusen.tif,DRUSEN-086,test,DRUSEN,drusen,OS,.tif,0.00030976321431808174
DRUSEN/86/OS/014_Drusen.tif,DRUSEN-086,test,DRUSEN,drusen,OS,.tif,0.00039602379547432065
DRUSEN/86/OS/015_Drusen.tif,DRUSEN-086,test,DRUSEN,drusen,OS,.tif,0.00028689170721918344
DRUSEN/86/OS/016_Drusen.tif,DRUSEN-086,test,DRUSEN,drusen,OS,.tif,0.0002734044683165848
DRUSEN/86/OS/017_Drusen.tif,DRUSEN-086,test,DRUSEN,drusen,OS,.tif,0.0002702349447645247
DRUSEN/86/OS/018_Drusen.tif,DRUSEN-086,test,DRUSEN,drusen,OS,.tif,0.00023691463866271079
DRUSEN/86/OS/019_Drusen.tif,DRUSEN-086,test,DRUSEN,drusen,OS,.tif,0.00021262021618895233
DRUSEN/86/OS/020_Drusen.tif,DRUSEN-086,test,DRUSEN,drusen,OS,.tif,0.0002771472791209817
DRUSEN/86/OS/021_Drusen.tif,DRUSEN-086,test,DRUSEN,drusen,OS,.tif,0.00017973883950617164
DRUSEN/86/OS/022_Drusen.tif,DRUSEN-086,test,DRUSEN,drusen,OS,.tif,0.00023704726481810212
DRUSEN/86/OS/023_Drusen.tif,DRUSEN-086,test,DRUSEN,drusen,OS,.tif,0.00021577891311608255
DRUSEN/86/OS/024_Drusen.tif,DRUSEN-086,test,DRUSEN,drusen,OS,.tif,0.0002862085239030421
DRUSEN/86/OS/025_Drusen.tif,DRUSEN-086,test,DRUSEN,drusen,OS,.tif,0.0003165973466821015
DRUSEN/86/OS/026_Drusen.tif,DRUSEN-086,test,DRUSEN,drusen,OS,.tif,0.0003241559024900198
DRUSEN/86/OS/027_Drusen.tif,DRUSEN-086,test,DRUSEN,drusen,OS,.tif,0.00036493135849013925
DRUSEN/86/OS/028_Drusen.tif,DRUSEN-086,test,DRUSEN,drusen,OS,.tif,0.00024907238548621535
DRUSEN/86/OS/029_Drusen.tif,DRUSEN-086,test,DRUSEN,drusen,OS,.tif,0.00023806597164366394
DRUSEN/86/OS/030_Drusen.tif,DRUSEN-086,test,DRUSEN,drusen,OS,.tif,0.0002816821215674281
DRUSEN/87/000_Drusen.tif,DRUSEN-087,test,DRUSEN,drusen,OD,.tif,0.000266138871666044
DRUSEN/87/001_Drusen.tif,DRUSEN-087,test,DRUSEN,drusen,OD,.tif,0.0002735060406848788
DRUSEN/87/002_Drusen.tif,DRUSEN-087,test,DRUSEN,drusen,OD,.tif,0.00023253708786796778
DRUSEN/87/003_Drusen.tif,DRUSEN-087,test,DRUSEN,drusen,OD,.tif,0.00023147283354774117
DRUSEN/87/004_Drusen.tif,DRUSEN-087,test,DRUSEN,drusen,OD,.tif,0.0002536069951020181
DRUSEN/87/005_Drusen.tif,DRUSEN-087,test,DRUSEN,drusen,OD,.tif,0.00029640094726346433
DRUSEN/87/006_Drusen.tif,DRUSEN-087,test,DRUSEN,drusen,OD,.tif,0.0003355040098540485
DRUSEN/87/007_Drusen.tif,DRUSEN-087,test,DRUSEN,drusen,OD,.tif,0.00027502854936756194
DRUSEN/87/008_Drusen.tif,DRUSEN-087,test,DRUSEN,drusen,OD,.tif,0.00021740954252891243
DRUSEN/87/009_Drusen.tif,DRUSEN-087,test,DRUSEN,drusen,OD,.tif,0.00022031897970009595
DRUSEN/87/010_Drusen.tif,DRUSEN-087,test,DRUSEN,drusen,OD,.tif,0.000363868020940572
DRUSEN/87/011_Drusen.tif,DRUSEN-087,test,DRUSEN,drusen,OD,.tif,0.00037218997022137046
DRUSEN/87/012_Drusen.tif,DRUSEN-087,test,DRUSEN,drusen,OD,.tif,0.0005384725518524647
DRUSEN/87/013_Drusen.tif,DRUSEN-087,test,DRUSEN,drusen,OD,.tif,0.00020129646873101592
DRUSEN/87/014_Drusen.tif,DRUSEN-087,test,DRUSEN,drusen,OD,.tif,0.0002934670483227819
DRUSEN/87/015_Drusen.tif,DRUSEN-087,test,DRUSEN,drusen,OD,.tif,0.0002305484958924353
DRUSEN/87/016_Drusen.tif,DRUSEN-087,test,DRUSEN,drusen,OD,.tif,0.00021237081091385335
DRUSEN/87/017_Drusen.tif,DRUSEN-087,test,DRUSEN,drusen,OD,.tif,0.00036165991332381964
DRUSEN/87/018_Drusen.tif,DRUSEN-087,test,DRUSEN,drusen,OD,.tif,0.00022651618928648531
DRUSEN/87/019_Drusen.tif,DRUSEN-087,test,DRUSEN,drusen,OD,.tif,0.0001883810618892312
DRUSEN/87/020_Drusen.tif,DRUSEN-087,test,DRUSEN,drusen,OD,.tif,0.00024987460346892476
DRUSEN/87/021_Drusen.tif,DRUSEN-087,test,DRUSEN,drusen,OD,.tif,0.0002818500797729939
DRUSEN/87/022_Drusen.tif,DRUSEN-087,test,DRUSEN,drusen,OD,.tif,0.0002290030533913523
DRUSEN/87/023_Drusen.tif,DRUSEN-087,test,DRUSEN,drusen,OD,.tif,0.00023125983716454357
DRUSEN/87/024_Drusen.tif,DRUSEN-087,test,DRUSEN,drusen,OD,.tif,0.00018618574540596455
DRUSEN/87/025_Drusen.tif,DRUSEN-087,test,DRUSEN,drusen,OD,.tif,0.00024573231348767877
DRUSEN/87/026_Drusen.tif,DRUSEN-087,test,DRUSEN,drusen,OD,.tif,0.0002091183268930763
DRUSEN/87/027_Drusen.tif,DRUSEN-087,test,DRUSEN,drusen,OD,.tif,0.00018590400577522814
DRUSEN/87/028_Drusen.tif,DRUSEN-087,test,DRUSEN,drusen,OD,.tif,0.00021453270164784044
DRUSEN/87/029_Drusen.tif,DRUSEN-087,test,DRUSEN,drusen,OD,.tif,0.000174859567778185
DRUSEN/87/030_Drusen.tif,DRUSEN-087,test,DRUSEN,drusen,OD,.tif,0.00019433462875895202
DRUSEN/88/000_Drusen.tif,DRUSEN-088,test,DRUSEN,drusen,OD,.tif,0.00026249009533785284
DRUSEN/88/001_Drusen.tif,DRUSEN-088,test,DRUSEN,drusen,OD,.tif,0.000652680522762239
DRUSEN/88/002_Drusen.tif,DRUSEN-088,test,DRUSEN,drusen,OD,.tif,0.0004370042006485164
DRUSEN/88/003_Drusen.tif,DRUSEN-088,test,DRUSEN,drusen,OD,.tif,0.00046004512114450336
DRUSEN/88/004_Drusen.tif,DRUSEN-088,test,DRUSEN,drusen,OD,.tif,0.0004237044195178896
DRUSEN/88/005_Drusen.tif,DRUSEN-088,test,DRUSEN,drusen,OD,.tif,0.00047717965207993984
DRUSEN/88/006_Drusen.tif,DRUSEN-088,test,DRUSEN,drusen,OD,.tif,0.0004831479163840413
DRUSEN/88/007_Drusen.tif,DRUSEN-088,test,DRUSEN,drusen,OD,.tif,0.0005353978485800326
DRUSEN/88/008_Drusen.tif,DRUSEN-088,test,DRUSEN,drusen,OD,.tif,0.00041058126953430474
DRUSEN/88/009_Drusen.tif,DRUSEN-088,test,DRUSEN,drusen,OD,.tif,0.0004242425784468651
DRUSEN/88/010_Drusen.tif,DRUSEN-088,test,DRUSEN,drusen,OD,.tif,0.0004582191468216479
DRUSEN/88/011_Drusen.tif,DRUSEN-088,test,DRUSEN,drusen,OD,.tif,0.0005030567990615964
DRUSEN/88/012_Drusen.tif,DRUSEN-088,test,DRUSEN,drusen,OD,.tif,0.00042059909901581705
DRUSEN/88/013_Drusen.tif,DRUSEN-088,test,DRUSEN,drusen,OD,.tif,0.00043542671483010054
DRUSEN/88/014_Drusen.tif,DRUSEN-088,test,DRUSEN,drusen,OD,.tif,0.0006676891352981329
DRUSEN/88/015_Drusen.tif,DRUSEN-088,test,DRUSEN,drusen,OD,.tif,0.00047924750833772123
DRUSEN/88/016_Drusen.tif,DRUSEN-088,test,DRUSEN,drusen,OD,.tif,0.00038292596582323313
DRUSEN/88/017_Drusen.tif,DRUSEN-088,test,DRUSEN,drusen,OD,.tif,0.0003277271753177047
DRUSEN/88/018_Drusen.tif,DRUSEN-088,test,DRUSEN,drusen,OD,.tif,0.000554920407012105
DRUSEN/88/019_Drusen.tif,DRUSEN-088,test,DRUSEN,drusen,OD,.tif,0.0004667864996008575
DRUSEN/88/020_Drusen.tif,DRUSEN-088,test,DRUSEN,drusen,OD,.tif,0.00025775417452678084
DRUSEN/88/021_Drusen.tif,DRUSEN-088,test,DRUSEN,drusen,OD,.tif,0.0002883524866774678
DRUSEN/88/022_Drusen.tif,DRUSEN-088,test,DRUSEN,drusen,OD,.tif,0.00029063914553262293
DRUSEN/88/023_Drusen.tif,DRUSEN-088,test,DRUSEN,drusen,OD,.tif,0.0003654480678960681
DRUSEN/88/024_Drusen.tif,DRUSEN-088,test,DRUSEN,drusen,OD,.tif,0.00030663571669720113
DRUSEN/88/025_Drusen.tif,DRUSEN-088,test,DRUSEN,drusen,OD,.tif,0.00035212415968999267
DRUSEN/88/026_Drusen.tif,DRUSEN-088,test,DRUSEN,drusen,OD,.tif,0.00042849458986893296
DRUSEN/88/027_Drusen.tif,DRUSEN-088,test,DRUSEN,drusen,OD,.tif,0.0002454693603795022
DRUSEN/88/028_Drusen.tif,DRUSEN-088,test,DRUSEN,drusen,OD,.tif,0.00024500908330082893
DRUSEN/88/029_Drusen.tif,DRUSEN-088,test,DRUSEN,drusen,OD,.tif,0.00026985013391822577
DRUSEN/88/030_Drusen.tif,DRUSEN-088,test,DRUSEN,drusen,OD,.tif,0.00025781936710700393
DRUSEN/90/000_Normal.jpg,DRUSEN-090,test,DRUSEN,normal,OD,.jpg,0.00038951841997914016
DRUSEN/90/001_Normal.jpg,DRUSEN-090,test,DRUSEN,normal,OD,.jpg,0.00022417682339437306
DRUSEN/90/002_Normal.jpg,DRUSEN-090,test,DRUSEN,normal,OD,.jpg,0.00023898296058177948
DRUSEN/90/003_Normal.jpg,DRUSEN-090,test,DRUSEN,normal,OD,.jpg,0.00038371479604393244
DRUSEN/90/004_Normal.jpg,DRUSEN-090,test,DRUSEN,normal,OD,.jpg,0.0002062676940113306
DRUSEN/90/005_Normal.jpg,DRUSEN-090,test,DRUSEN,normal,OD,.jpg,0.0002662352635525167
DRUSEN/90/006_Normal.jpg,DRUSEN-090,test,DRUSEN,normal,OD,.jpg,0.0002303447836311534
DRUSEN/90/007_Normal.jpg,DRUSEN-090,test,DRUSEN,normal,OD,.jpg,0.00022267534222919494
DRUSEN/90/008_Normal.jpg,DRUSEN-090,test,DRUSEN,normal,OD,.jpg,0.00021064089378342032
DRUSEN/90/009_Normal.jpg,DRUSEN-090,test,DRUSEN,normal,OD,.jpg,0.00038929079892113805
DRUSEN/90/010_Normal.jpg,DRUSEN-090,test,DRUSEN,normal,OD,.jpg,0.00025453197304159403
DRUSEN/90/011_Normal.jpg,DRUSEN-090,test,DRUSEN,normal,OD,.jpg,0.00019522069487720728
DRUSEN/90/012_Drusen.jpg,DRUSEN-090,test,DRUSEN,drusen,OD,.jpg,0.0002861331740859896
DRUSEN/90/013_Drusen.jpg,DRUSEN-090,test,DRUSEN,drusen,OD,.jpg,0.0002709883265197277
DRUSEN/90/014_Drusen.jpg,DRUSEN-090,test,DRUSEN,drusen,OD,.jpg,0.0002890020841732621
DRUSEN/90/015_Drusen.jpg,DRUSEN-090,test,DRUSEN,drusen,OD,.jpg,0.00024050402862485498
DRUSEN/90/016_Drusen.jpg,DRUSEN-090,test,DRUSEN,drusen,OD,.jpg,0.00024795386707410216
DRUSEN/90/017_Drusen.jpg,DRUSEN-090,test,DRUSEN,drusen,OD,.jpg,0.00035368159296922386
DRUSEN/90/018_Drusen.jpg,DRUSEN-090,test,DRUSEN,drusen,OD,.jpg,0.000332588329911232
DRUSEN/90/019_Drusen.jpg,DRUSEN-090,test,DRUSEN,drusen,OD,.jpg,0.00018591043772175908
DRUSEN/90/020_Drusen.jpg,DRUSEN-090,test,DRUSEN,drusen,OD,.jpg,0.00022834105766378343
DRUSEN/90/021_Drusen.jpg,DRUSEN-090,test,DRUSEN,drusen,OD,.jpg,0.00021887398906983435
DRUSEN/90/022_Normal.jpg,DRUSEN-090,test,DRUSEN,normal,OD,.jpg,0.0002414581540506333
DRUSEN/90/023_Drusen.jpg,DRUSEN-090,test,DRUSEN,drusen,OD,.jpg,0.0003403550072107464
DRUSEN/90/024_Normal.jpg,DRUSEN-090,test,DRUSEN,normal,OD,.jpg,0.00037705106660723686
DRUSEN/90/025_Normal.jpg,DRUSEN-090,test,DRUSEN,normal,OD,.jpg,0.0002658442535903305
DRUSEN/90/026_Normal.jpg,DRUSEN-090,test,DRUSEN,normal,OD,.jpg,0.00027959118597209454
DRUSEN/90/027_Normal.jpg,DRUSEN-090,test,DRUSEN,normal,OD,.jpg,0.000233702507102862
DRUSEN/90/028_Normal.jpg,DRUSEN-090,test,DRUSEN,normal,OD,.jpg,0.00021603881032206118
DRUSEN/90/029_Normal.jpg,DRUSEN-090,test,DRUSEN,normal,OD,.jpg,0.00030180043540894985
DRUSEN/90/030_Normal.jpg,DRUSEN-090,test,DRUSEN,normal,OD,.jpg,0.0002806362172123045
DRUSEN/92/000_Normal.tif,DRUSEN-092,test,DRUSEN,normal,OD,.tif,0.00025825033662840724
DRUSEN/92/001_Normal.tif,DRUSEN-092,test,DRUSEN,normal,OD,.tif,0.0002295425219926983
DRUSEN/92/002_Normal.tif,DRUSEN-092,test,DRUSEN,normal,OD,.tif,0.00023564358707517385
DRUSEN/92/003_Drusen.tif,DRUSEN-092,test,DRUSEN,drusen,OD,.tif,0.00021146601648069918
DRUSEN/92/004_Drusen.tif,DRUSEN-092,test,DRUSEN,drusen,OD,.tif,0.00024906627368181944
DRUSEN/92/005_Drusen.tif,DRUSEN-092,test,DRUSEN,drusen,OD,.tif,0.00030114903347566724
DRUSEN/92/006_Drusen.tif,DRUSEN-092,test,DRUSEN,drusen,OD,.tif,0.0002733934670686722
DRUSEN/92/007_Drusen.tif,DRUSEN-092,test,DRUSEN,drusen,OD,.tif,0.0001867883838713169
DRUSEN/92/008_Drusen.tif,DRUSEN-092,test,DRUSEN,drusen,OD,.tif,0.000210747733945027
DRUSEN/92/009_Drusen.tif,DRUSEN-092,test,DRUSEN,drusen,OD,.tif,0.00026578822871670127
DRUSEN/92/010_Drusen.tif,DRUSEN-092,test,DRUSEN,drusen,OD,.tif,0.00021574742277152836
DRUSEN/92/011_Drusen.tif,DRUSEN-092,test,DRUSEN,drusen,OD,.tif,0.00025449172244407237
DRUSEN/92/012_Drusen.tif,DRUSEN-092,test,DRUSEN,drusen,OD,.tif,0.00019951659487560391
DRUSEN/92/013_Drusen.tif,DRUSEN-092,test,DRUSEN,drusen,OD,.tif,0.00026718166191130877
DRUSEN/92/014_Drusen.tif,DRUSEN-092,test,DRUSEN,drusen,OD,.tif,0.00026501662796363235
DRUSEN/92/015_Drusen.tif,DRUSEN-092,test,DRUSEN,drusen,OD,.tif,0.00024524261243641376
DRUSEN/92/016_Drusen.tif,DRUSEN-092,test,DRUSEN,drusen,OD,.tif,0.00031307293102145195
DRUSEN/92/017_Drusen.tif,DRUSEN-092,test,DRUSEN,drusen,OD,.tif,0.00025049978285096586
DRUSEN/92/018_Drusen.tif,DRUSEN-092,test,DRUSEN,drusen,OD,.tif,0.0003497310681268573
DRUSEN/92/019_Drusen.tif,DRUSEN-092,test,DRUSEN,drusen,OD,.tif,0.00021627102978527546
DRUSEN/92/020_Drusen.tif,DRUSEN-092,test,DRUSEN,drusen,OD,.tif,0.00021088813082315028
DRUSEN/92/021_Drusen.tif,DRUSEN-092,test,DRUSEN,drusen,OD,.tif,0.00020007163402624428
DRUSEN/92/022_Drusen.tif,DRUSEN-092,test,DRUSEN,drusen,OD,.tif,0.0003104016068391502
DRUSEN/92/023_Drusen.tif,DRUSEN-092,test,DRUSEN,drusen,OD,.tif,0.00024295919865835458
DRUSEN/92/024_Drusen.tif,DRUSEN-092,test,DRUSEN,drusen,OD,.tif,0.000268026371486485
DRUSEN/92/025_Drusen.tif,DRUSEN-092,test,DRUSEN,drusen,OD,.tif,0.0003178683400619775
DRUSEN/92/026_Drusen.tif,DRUSEN-092,test,DRUSEN,drusen,OD,.tif,0.00022820124286226928
DRUSEN/92/027_Drusen.tif,DRUSEN-092,test,DRUSEN,drusen,OD,.tif,0.00025995192117989063
DRUSEN/92/028_Drusen.tif,DRUSEN-092,test,DRUSEN,drusen,OD,.tif,0.00022985572286415845
DRUSEN/92/029_Drusen.tif,DRUSEN-092,test,DRUSEN,drusen,OD,.tif,0.00033207095111720264
DRUSEN/92/030_Normal.tif,DRUSEN-092,test,DRUSEN,normal,OD,.tif,0.00025401602033525705
DRUSEN/93/OD/000_Normal.tif,DRUSEN-093,test,DRUSEN,normal,OD,.tif,0.0001866654201876372
DRUSEN/93/OD/001_Normal.tif,DRUSEN-093,test,DRUSEN,normal,OD,.tif,0.00020689325174316764
DRUSEN/93/OD/002_Normal.tif,DRUSEN-093,test,DRUSEN,normal,OD,.tif,0.00029188839835114777
DRUSEN/93/OD/003_Normal.tif,DRUSEN-093,test,DRUSEN,normal,OD,.tif,0.00022114248713478446
DRUSEN/93/OD/004_Normal.tif,DRUSEN-093,test,DRUSEN,normal,OD,.tif,0.0002516633248887956
DRUSEN/93/OD/005_Normal.tif,DRUSEN-093,test,DRUSEN,normal,OD,.tif,0.00019851997785735875
DRUSEN/93/OD/006_Normal.tif,DRUSEN-093,test,DRUSEN,normal,OD,.tif,0.0002234435232821852
DRUSEN/93/OD/007_DRusen.tif,DRUSEN-093,test,DRUSEN,drusen,OD,.tif,0.00024396309163421392
DRUSEN/93/OD/008_DRusen.tif,DRUSEN-093,test,DRUSEN,drusen,OD,.tif,0.0002682521881069988
DRUSEN/93/OD/009_DRusen.tif,DRUSEN-093,test,DRUSEN,drusen,OD,.tif,0.0002460616815369576
DRUSEN/93/OD/010_DRusen.tif,DRUSEN-093,test,DRUSEN,drusen,OD,.tif,0.00022701863781549037
DRUSEN/93/OD/011_DRusen.tif,DRUSEN-093,test,DRUSEN,drusen,OD,.tif,0.00035311171086505055
DRUSEN/93/OD/012_DRusen.tif,DRUSEN-093,test,DRUSEN,drusen,OD,.tif,0.00023972698545549065
DRUSEN/93/OD/013_DRusen.tif,DRUSEN-093,test,DRUSEN,drusen,OD,.tif,0.00036960100987926126
DRUSEN/93/OD/014_DRusen.tif,DRUSEN-093,test,DRUSEN,drusen,OD,.tif,0.00020876676717307419
DRUSEN/93/OD/015_DRusen.tif,DRUSEN-093,test,DRUSEN,drusen,OD,.tif,0.00022520971833728254
DRUSEN/93/OD/016_DRusen.tif,DRUSEN-093,test,DRUSEN,drusen,OD,.tif,0.0002441618707962334
DRUSEN/93/OD/017_DRusen.tif,DRUSEN-093,test,DRUSEN,drusen,OD,.tif,0.00029467817512340844
DRUSEN/93/OD/018_DRusen.tif,DRUSEN-093,test,DRUSEN,drusen,OD,.tif,0.0002988290216308087
DRUSEN/93/OD/019_DRusen.tif,DRUSEN-093,test,DRUSEN,drusen,OD,.tif,0.0003251967718824744
DRUSEN/93/OD/020_DRusen.tif,DRUSEN-093,test,DRUSEN,drusen,OD,.tif,0.0003121403860859573
DRUSEN/93/OD/021_DRusen.tif,DRUSEN-093,test,DRUSEN,drusen,OD,.tif,0.0002126968465745449
DRUSEN/93/OD/022_DRusen.tif,DRUSEN-093,test,DRUSEN,drusen,OD,.tif,0.0002613145625218749
DRUSEN/93/OD/023_DRusen.tif,DRUSEN-093,test,DRUSEN,drusen,OD,.tif,0.00024113936524372548
DRUSEN/93/OD/024_Normal.tif,DRUSEN-093,test,DRUSEN,normal,OD,.tif,0.0002136422845069319
DRUSEN/93/OD/025_Normal.tif,DRUSEN-093,test,DRUSEN,normal,OD,.tif,0.00023859557404648513
DRUSEN/93/OD/026_Normal.tif,DRUSEN-093,test,DRUSEN,normal,OD,.tif,0.0002623602922540158
DRUSEN/93/OD/027_DRusen.tif,DRUSEN-093,test,DRUSEN,drusen,OD,.tif,0.00032447261037305
DRUSEN/93/OD/028_DRusen.tif,DRUSEN-093,test,DRUSEN,drusen,OD,.tif,0.00033368339063599706
DRUSEN/93/OD/029_DRusen.tif,DRUSEN-093,test,DRUSEN,drusen,OD,.tif,0.00027250219136476517
DRUSEN/93/OD/030_DRusen.tif,DRUSEN-093,test,DRUSEN,drusen,OD,.tif,0.0002746666723396629
DRUSEN/93/OS/000_Normal.tif,DRUSEN-093,test,DRUSEN,normal,OS,.tif,0.00044974283082410693
DRUSEN/93/OS/001_Normal.tif,DRUSEN-093,test,DRUSEN,normal,OS,.tif,0.0004363790212664753
DRUSEN/93/OS/002_Normal.tif,DRUSEN-093,test,DRUSEN,normal,OS,.tif,0.00025829512742348015
DRUSEN/93/OS/003_Drusen.tif,DRUSEN-093,test,DRUSEN,drusen,OS,.tif,0.00029428076231852174
DRUSEN/93/OS/004_Drusen.tif,DRUSEN-093,test,DRUSEN,drusen,OS,.tif,0.0003437381819821894
DRUSEN/93/OS/005_Drusen.tif,DRUSEN-093,test,DRUSEN,drusen,OS,.tif,0.00023106031585484743
DRUSEN/93/OS/006_Normal.tif,DRUSEN-093,test,DRUSEN,normal,OS,.tif,0.00023504762793891132
DRUSEN/93/OS/007_Drusen.tif,DRUSEN-093,test,DRUSEN,drusen,OS,.tif,0.00025474390713497996
DRUSEN/93/OS/008_Normal.tif,DRUSEN-093,test,DRUSEN,normal,OS,.tif,0.0003105830983258784
DRUSEN/93/OS/009_Drusen.tif,DRUSEN-093,test,DRUSEN,drusen,OS,.tif,0.0003598236944526434
DRUSEN/93/OS/010_Drusen.tif,DRUSEN-093,test,DRUSEN,drusen,OS,.tif,0.0002985680184792727
DRUSEN/93/OS/011_Drusen.tif,DRUSEN-093,test,DRUSEN,drusen,OS,.tif,0.0002981125726364553
DRUSEN/93/OS/012_Drusen.tif,DRUSEN-093,test,DRUSEN,drusen,OS,.tif,0.0005153834936209023
DRUSEN/93/OS/013_Drusen.tif,DRUSEN-093,test,DRUSEN,drusen,OS,.tif,0.0005520041449926794
DRUSEN/93/OS/014_Drusen.tif,DRUSEN-093,test,DRUSEN,drusen,OS,.tif,0.00035257465788163245
DRUSEN/93/OS/015_Drusen.tif,DRUSEN-093,test,DRUSEN,drusen,OS,.tif,0.0003787580644711852
DRUSEN/93/OS/016_Drusen.tif,DRUSEN-093,test,DRUSEN,drusen,OS,.tif,0.00032557628583163023
DRUSEN/93/OS/017_Drusen.tif,DRUSEN-093,test,DRUSEN,drusen,OS,.tif,0.00035547540755942464
DRUSEN/93/OS/018_Drusen.tif,DRUSEN-093,test,DRUSEN,drusen,OS,.tif,0.0003842263831757009
DRUSEN/93/OS/019_Drusen.tif,DRUSEN-093,test,DRUSEN,drusen,OS,.tif,0.0003741680702660233
DRUSEN/93/OS/020_Drusen.tif,DRUSEN-093,test,DRUSEN,drusen,OS,.tif,0.0004121282836422324
DRUSEN/93/OS/021_Drusen.tif,DRUSEN-093,test,DRUSEN,drusen,OS,.tif,0.0003921586903743446
DRUSEN/93/OS/022_Drusen.tif,DRUSEN-093,test,DRUSEN,drusen,OS,.tif,0.0004611902986653149
DRUSEN/93/OS/023_Drusen.tif,DRUSEN-093,test,DRUSEN,drusen,OS,.tif,0.00027518754359334707
DRUSEN/93/OS/024_Drusen.tif,DRUSEN-093,test,DRUSEN,drusen,OS,.tif,0.0003086024662479758
DRUSEN/93/OS/025_Drusen.tif,DRUSEN-093,test,DRUSEN,drusen,OS,.tif,0.00036689831176772714
DRUSEN/93/OS/026_Drusen.tif,DRUSEN-093,test,DRUSEN,drusen,OS,.tif,0.00036645890213549137
DRUSEN/93/OS/027_Drusen.tif,DRUSEN-093,test,DRUSEN,drusen,OS,.tif,0.00033054754021577537
DRUSEN/93/OS/028_Drusen.tif,DRUSEN-093,test,DRUSEN,drusen,OS,.tif,0.00043412408558651805
DRUSEN/93/OS/029_Drusen.tif,DRUSEN-093,test,DRUSEN,drusen,OS,.tif,0.000394002185203135
DRUSEN/93/OS/030_Drusen.tif,DRUSEN-093,test,DRUSEN,drusen,OS,.tif,0.0003893130924552679
DRUSEN/95/000_Drusen.tif,DRUSEN-095,test,DRUSEN,drusen,OD,.tif,0.0004298747517168522
DRUSEN/95/001_Drusen.tif,DRUSEN-095,test,DRUSEN,drusen,OD,.tif,0.0005872751935385168
DRUSEN/95/002_Drusen.tif,DRUSEN-095,test,DRUSEN,drusen,OD,.tif,0.00027330784359946847
DRUSEN/95/003_Drusen.tif,DRUSEN-095,test,DRUSEN,drusen,OD,.tif,0.00023903354303911328
DRUSEN/95/004_Drusen.tif,DRUSEN-095,test,DRUSEN,drusen,OD,.tif,0.0002958057157229632
DRUSEN/95/005_Drusen.tif,DRUSEN-095,test,DRUSEN,drusen,OD,.tif,0.00023864462855271995
DRUSEN/95/006_Drusen.tif,DRUSEN-095,test,DRUSEN,drusen,OD,.tif,0.0002853271143976599
DRUSEN/95/007_Drusen.tif,DRUSEN-095,test,DRUSEN,drusen,OD,.tif,0.0002654974232427776
DRUSEN/95/008_Drusen.tif,DRUSEN-095,test,DRUSEN,drusen,OD,.tif,0.00020957327797077596
DRUSEN/95/009_Drusen.tif,DRUSEN-095,test,DRUSEN,drusen,OD,.tif,0.00041806389344856143
DRUSEN/95/010_Drusen.tif,DRUSEN-095,test,DRUSEN,drusen,OD,.tif,0.00025501404888927937
DRUSEN/95/011_Drusen.tif,DRUSEN-095,test,DRUSEN,drusen,OD,.tif,0.00021825317526236176
DRUSEN/95/012_Drusen.tif,DRUSEN-095,test,DRUSEN,drusen,OD,.tif,0.0002850433811545372
DRUSEN/95/013_Drusen.tif,DRUSEN-095,test,DRUSEN,drusen,OD,.tif,0.0003289385058451444
DRUSEN/95/014_Drusen.tif,DRUSEN-095,test,DRUSEN,drusen,OD,.tif,0.0003005466132890433
DRUSEN/95/015_Drusen.tif,DRUSEN-095,test,DRUSEN,drusen,OD,.tif,0.0003254477051086724
DRUSEN/95/016_Drusen.tif,DRUSEN-095,test,DRUSEN,drusen,OD,.tif,0.00026642982265911996
DRUSEN/95/017_Drusen.tif,DRUSEN-095,test,DRUSEN,drusen,OD,.tif,0.0002513154176995158
DRUSEN/95/018_Drusen.tif,DRUSEN-095,test,DRUSEN,drusen,OD,.tif,0.00018946679483633488
DRUSEN/95/019_Drusen.tif,DRUSEN-095,test,DRUSEN,drusen,OD,.tif,0.00015012655057944357
DRUSEN/95/020_Drusen.tif,DRUSEN-095,test,DRUSEN,drusen,OD,.tif,0.00016459703329019248
DRUSEN/95/021_Drusen.tif,DRUSEN-095,test,DRUSEN,drusen,OD,.tif,0.00026485248235985637
DRUSEN/95/022_Drusen.tif,DRUSEN-095,test,DRUSEN,drusen,OD,.tif,0.0003569324326235801
DRUSEN/95/023_Drusen.tif,DRUSEN-095,test,DRUSEN,drusen,OD,.tif,0.00033327192068099976
DRUSEN/95/024_Drusen.tif,DRUSEN-095,test,DRUSEN,drusen,OD,.tif,0.00032698424183763564
DRUSEN/95/025_Drusen.tif,DRUSEN-095,test,DRUSEN,drusen,OD,.tif,0.00023212132509797812
DRUSEN/95/026_Drusen.tif,DRUSEN-095,test,DRUSEN,drusen,OD,.tif,0.00031822669552639127
DRUSEN/95/027_Drusen.tif,DRUSEN-095,test,DRUSEN,drusen,OD,.tif,0.00022516603348776698
DRUSEN/95/028_Drusen.tif,DRUSEN-095,test,DRUSEN,drusen,OD,.tif,0.00023011743905954063
DRUSEN/95/029_Drusen.tif,DRUSEN-095,test,DRUSEN,drusen,OD,.tif,0.00023056648205965757
DRUSEN/95/030_Drusen.tif,DRUSEN-095,test,DRUSEN,drusen,OD,.tif,0.00018599812756292522
DRUSEN/96/OD/000_Normal.tif,DRUSEN-096,test,DRUSEN,normal,OD,.tif,0.00015666602121200413
DRUSEN/96/OD/001_Normal.tif,DRUSEN-096,test,DRUSEN,normal,OD,.tif,0.00022374739637598395
DRUSEN/96/OD/002_Normal.tif,DRUSEN-096,test,DRUSEN,normal,OD,.tif,0.00017502211267128587
DRUSEN/96/OD/003_Normal.tif,DRUSEN-096,test,DRUSEN,normal,OD,.tif,0.000157901129568927
DRUSEN/96/OD/004_Normal.tif,DRUSEN-096,test,DRUSEN,normal,OD,.tif,0.00019957497715950012
DRUSEN/96/OD/005_Drusen.tif,DRUSEN-096,test,DRUSEN,drusen,OD,.tif,0.00018216759781353176
DRUSEN/96/OD/006_Drusen.tif,DRUSEN-096,test,DRUSEN,drusen,OD,.tif,0.00015323481056839228
DRUSEN/96/OD/007_Drusen.tif,DRUSEN-096,test,DRUSEN,drusen,OD,.tif,0.00021449571067932993
DRUSEN/96/OD/008_Drusen.tif,DRUSEN-096,test,DRUSEN,drusen,OD,.tif,0.00018864983576349914
DRUSEN/96/OD/009_Drusen.tif,DRUSEN-096,test,DRUSEN,drusen,OD,.tif,0.00016141225933097303
DRUSEN/96/OD/010_Drusen.tif,DRUSEN-096,test,DRUSEN,drusen,OD,.tif,0.00018793041817843914
DRUSEN/96/OD/011_Drusen.tif,DRUSEN-096,test,DRUSEN,drusen,OD,.tif,0.00032850634306669235
DRUSEN/96/OD/012_Drusen.tif,DRUSEN-096,test,DRUSEN,drusen,OD,.tif,0.0003395741805434227
DRUSEN/96/OD/013_Drusen.tif,DRUSEN-096,test,DRUSEN,drusen,OD,.tif,0.00028947563259862363
DRUSEN/96/OD/014_Drusen.tif,DRUSEN-096,test,DRUSEN,drusen,OD,.tif,0.0002629192313179374
DRUSEN/96/OD/015_Drusen.tif,DRUSEN-096,test,DRUSEN,drusen,OD,.tif,0.00023425876861438155
DRUSEN/96/OD/016_Drusen.tif,DRUSEN-096,test,DRUSEN,drusen,OD,.tif,0.0002510253107175231
DRUSEN/96/OD/017_Drusen.tif,DRUSEN-096,test,DRUSEN,drusen,OD,.tif,0.00018464385357219726
DRUSEN/96/OD/018_Drusen.tif,DRUSEN-096,test,DRUSEN,drusen,OD,.tif,0.00031325541203841567
DRUSEN/96/OD/019_Drusen.tif,DRUSEN-096,test,DRUSEN,drusen,OD,.tif,0.0002361659426242113
DRUSEN/96/OD/020_Drusen.tif,DRUSEN-096,test,DRUSEN,drusen,OD,.tif,0.00017453840700909495
DRUSEN/96/OD/021_Drusen.tif,DRUSEN-096,test,DRUSEN,drusen,OD,.tif,0.0002629012451507151
DRUSEN/96/OD/022_Drusen.tif,DRUSEN-096,test,DRUSEN,drusen,OD,.tif,0.00021713617024943233
DRUSEN/96/OD/023_Drusen.tif,DRUSEN-096,test,DRUSEN,drusen,OD,.tif,0.00033697206526994705
DRUSEN/96/OD/024_Drusen.tif,DRUSEN-096,test,DRUSEN,drusen,OD,.tif,0.00022589891159441322
DRUSEN/96/OD/025_Drusen.tif,DRUSEN-096,test,DRUSEN,drusen,OD,.tif,0.00025964342057704926
DRUSEN/96/OD/026_Drusen.tif,DRUSEN-096,test,DRUSEN,drusen,OD,.tif,0.00019342504674568772
DRUSEN/96/OD/027_Drusen.tif,DRUSEN-096,test,DRUSEN,drusen,OD,.tif,0.0002339670609217137
DRUSEN/96/OD/028_Drusen.tif,DRUSEN-096,test,DRUSEN,drusen,OD,.tif,0.00014427243149839342
DRUSEN/96/OD/029_Drusen.tif,DRUSEN-096,test,DRUSEN,drusen,OD,.tif,0.00019036982848774642
DRUSEN/96/OD/030_Drusen.tif,DRUSEN-096,test,DRUSEN,drusen,OD,.tif,9.064151527127251e-05
DRUSEN/96/OS/000_Normal.tif,DRUSEN-096,test,DRUSEN,normal,OS,.tif,0.0002508853795006871
DRUSEN/96/OS/001_Normal.tif,DRUSEN-096,test,DRUSEN,normal,OS,.tif,0.00032138320966623724
DRUSEN/96/OS/002_Normal.tif,DRUSEN-096,test,DRUSEN,normal,OS,.tif,0.000260665372479707
DRUSEN/96/OS/003_Normal.tif,DRUSEN-096,test,DRUSEN,normal,OS,.tif,0.00040107552194967866
DRUSEN/96/OS/004_Normal.tif,DRUSEN-096,test,DRUSEN,normal,OS,.tif,0.0002737154718488455
DRUSEN/96/OS/005_Normal.tif,DRUSEN-096,test,DRUSEN,normal,OS,.tif,0.00038123660488054156
DRUSEN/96/OS/006_Drusen.tif,DRUSEN-096,test,DRUSEN,drusen,OS,.tif,0.00026667906786315143
DRUSEN/96/OS/007_Drusen.tif,DRUSEN-096,test,DRUSEN,drusen,OS,.tif,0.000254211132414639
DRUSEN/96/OS/008_Drusen.tif,DRUSEN-096,test,DRUSEN,drusen,OS,.tif,0.00035645609023049474
DRUSEN/96/OS/009_Drusen.tif,DRUSEN-096,test,DRUSEN,drusen,OS,.tif,0.00029762371559627354
DRUSEN/96/OS/010_Drusen.tif,DRUSEN-096,test,DRUSEN,drusen,OS,.tif,0.00020846896222792566
DRUSEN/96/OS/011_Drusen.tif,DRUSEN-096,test,DRUSEN,drusen,OS,.tif,0.0004559290537144989
DRUSEN/96/OS/012_Drusen.tif,DRUSEN-096,test,DRUSEN,drusen,OS,.tif,0.0003898571594618261
DRUSEN/96/OS/013_Drusen.tif,DRUSEN-096,test,DRUSEN,drusen,OS,.tif,0.0002826221170835197
DRUSEN/96/OS/014_Drusen.tif,DRUSEN-096,test,DRUSEN,drusen,OS,.tif,0.00027944360044784844
DRUSEN/96/OS/015_Drusen.tif,DRUSEN-096,test,DRUSEN,drusen,OS,.tif,0.00023164163576439023
DRUSEN/96/OS/016_Drusen.tif,DRUSEN-096,test,DRUSEN,drusen,OS,.tif,0.0003355996741447598
DRUSEN/96/OS/017_Drusen.tif,DRUSEN-096,test,DRUSEN,drusen,OS,.tif,0.00033299418282695115
DRUSEN/96/OS/018_Drusen.tif,DRUSEN-096,test,DRUSEN,drusen,OS,.tif,0.00030081081786192954
DRUSEN/96/OS/019_Drusen.tif,DRUSEN-096,test,DRUSEN,drusen,OS,.tif,0.00033420664840377867
DRUSEN/96/OS/020_Drusen.tif,DRUSEN-096,test,DRUSEN,drusen,OS,.tif,0.0003541610494721681
DRUSEN/96/OS/021_Drusen.tif,DRUSEN-096,test,DRUSEN,drusen,OS,.tif,0.0002483422576915473
DRUSEN/96/OS/022_Drusen.tif,DRUSEN-096,test,DRUSEN,drusen,OS,.tif,0.00035665006726048887
DRUSEN/96/OS/023_Drusen.tif,DRUSEN-096,test,DRUSEN,drusen,OS,.tif,0.00025466392980888486
DRUSEN/96/OS/024_Drusen.tif,DRUSEN-096,test,DRUSEN,drusen,OS,.tif,0.00026840652571991086
DRUSEN/96/OS/025_Drusen.tif,DRUSEN-096,test,DRUSEN,drusen,OS,.tif,0.0004015467129647732
DRUSEN/96/OS/026_Drusen.tif,DRUSEN-096,test,DRUSEN,drusen,OS,.tif,0.00032308243680745363
DRUSEN/96/OS/027_Drusen.tif,DRUSEN-096,test,DRUSEN,drusen,OS,.tif,0.000321205094223842
DRUSEN/96/OS/028_Drusen.tif,DRUSEN-096,test,DRUSEN,drusen,OS,.tif,0.0002812985039781779
DRUSEN/96/OS/029_Drusen.tif,DRUSEN-096,test,DRUSEN,drusen,OS,.tif,0.00023194837558548898
DRUSEN/96/OS/030_Drusen.tif,DRUSEN-096,test,DRUSEN,drusen,OS,.tif,0.00022553885355591774
DRUSEN/99/000_Drusen.tif,DRUSEN-099,test,DRUSEN,drusen,OS,.tif,0.00026778984465636313
DRUSEN/99/001_Drusen.tif,DRUSEN-099,test,DRUSEN,drusen,OS,.tif,0.00036605389323085546
DRUSEN/99/002_Drusen.tif,DRUSEN-099,test,DRUSEN,drusen,OS,.tif,0.00039431132609024644
DRUSEN/99/003_Drusen.tif,DRUSEN-099,test,DRUSEN,drusen,OS,.tif,0.00027755528572015464
DRUSEN/99/004_Drusen.tif,DRUSEN-099,test,DRUSEN,drusen,OS,.tif,0.0003863732563331723
DRUSEN/99/005_Drusen.tif,DRUSEN-099,test,DRUSEN,drusen,OS,.tif,0.0002592692617326975
DRUSEN/99/006_Drusen.tif,DRUSEN-099,test,DRUSEN,drusen,OS,.tif,0.000462692987639457
DRUSEN/99/007_Drusen.tif,DRUSEN-099,test,DRUSEN,drusen,OS,.tif,0.0002755752648226917
DRUSEN/99/008_Drusen.tif,DRUSEN-099,test,DRUSEN,drusen,OS,.tif,0.0002562598674558103
DRUSEN/99/009_Drusen.tif,DRUSEN-099,test,DRUSEN,drusen,OS,.tif,0.0002828229917213321
DRUSEN/99/010_Drusen.tif,DRUSEN-099,test,DRUSEN,drusen,OS,.tif,0.0002680800680536777
DRUSEN/99/011_Drusen.tif,DRUSEN-099,test,DRUSEN,drusen,OS,.tif,0.0003522622282616794
DRUSEN/99/012_Drusen.tif,DRUSEN-099,test,DRUSEN,drusen,OS,.tif,0.0002511751954443753
DRUSEN/99/013_Drusen.tif,DRUSEN-099,test,DRUSEN,drusen,OS,.tif,0.00029421551153063774
DRUSEN/99/014_Drusen.tif,DRUSEN-099,test,DRUSEN,drusen,OS,.tif,0.00024785439018160105
DRUSEN/99/015_Drusen.tif,DRUSEN-099,test,DRUSEN,drusen,OS,.tif,0.00024716969346627593
DRUSEN/99/016_Drusen.tif,DRUSEN-099,test,DRUSEN,drusen,OS,.tif,0.00020346938981674612
DRUSEN/99/017_Drusen.tif,DRUSEN-099,test,DRUSEN,drusen,OS,.tif,0.00024940623552538455
DRUSEN/99/018_Drusen.tif,DRUSEN-099,test,DRUSEN,drusen,OS,.tif,0.0003960517351515591
DRUSEN/99/019_Drusen.tif,DRUSEN-099,test,DRUSEN,drusen,OS,.tif,0.0002783315139822662
DRUSEN/99/020_Drusen.tif,DRUSEN-099,test,DRUSEN,drusen,OS,.tif,0.0002191749808844179
DRUSEN/99/021_Drusen.tif,DRUSEN-099,test,DRUSEN,drusen,OS,.tif,0.0003441783774178475
DRUSEN/99/022_Drusen.tif,DRUSEN-099,test,DRUSEN,drusen,OS,.tif,0.00027701043291017413
DRUSEN/99/023_Drusen.tif,DRUSEN-099,test,DRUSEN,drusen,OS,.tif,0.00023320708714891225
DRUSEN/99/024_Drusen.tif,DRUSEN-099,test,DRUSEN,drusen,OS,.tif,0.0002864934504032135
DRUSEN/99/025_Drusen.tif,DRUSEN-099,test,DRUSEN,drusen,OS,.tif,0.00036964501487091184
DRUSEN/99/026_Drusen.tif,DRUSEN-099,test,DRUSEN,drusen,OS,.tif,0.0003746931324712932
DRUSEN/99/027_Drusen.tif,DRUSEN-099,test,DRUSEN,drusen,OS,.tif,0.0003163621877320111
DRUSEN/99/028_Drusen.tif,DRUSEN-099,test,DRUSEN,drusen,OS,.tif,0.0002416023053228855
DRUSEN/99/029_Drusen.tif,DRUSEN-099,test,DRUSEN,drusen,OS,.tif,0.0002735098823904991
DRUSEN/99/030_Drusen.tif,DRUSEN-099,test,DRUSEN,drusen,OS,.tif,0.0002559556160122156
DRUSEN/100/000_Normal.tif,DRUSEN-100,test,DRUSEN,normal,OS,.tif,0.00034787593176588416
DRUSEN/100/001_Normal.tif,DRUSEN-100,test,DRUSEN,normal,OS,.tif,0.0003500503080431372
DRUSEN/100/002_Normal.tif,DRUSEN-100,test,DRUSEN,normal,OS,.tif,0.00035935689811594784
DRUSEN/100/003_Normal.tif,DRUSEN-100,test,DRUSEN,normal,OS,.tif,0.00028724735602736473
DRUSEN/100/004_Drusen.tif,DRUSEN-100,test,DRUSEN,drusen,OS,.tif,0.0002126642211806029
DRUSEN/100/005_Drusen.tif,DRUSEN-100,test,DRUSEN,drusen,OS,.tif,0.00030173861887305975
DRUSEN/100/006_Drusen.tif,DRUSEN-100,test,DRUSEN,drusen,OS,.tif,0.00025045027723535895
DRUSEN/100/007_Drusen.tif,DRUSEN-100,test,DRUSEN,drusen,OS,.tif,0.0002853242040146142
DRUSEN/100/008_Drusen.tif,DRUSEN-100,test,DRUSEN,drusen,OS,.tif,0.00026366408565081656
DRUSEN/100/009_Drusen.tif,DRUSEN-100,test,DRUSEN,drusen,OS,.tif,0.00032069376902654767
DRUSEN/100/010_Drusen.tif,DRUSEN-100,test,DRUSEN,drusen,OS,.tif,0.00020773091819137335
DRUSEN/100/011_Drusen.tif,DRUSEN-100,test,DRUSEN,drusen,OS,.tif,0.00022771477233618498
DRUSEN/100/012_Drusen.tif,DRUSEN-100,test,DRUSEN,drusen,OS,.tif,0.000193850151845254
DRUSEN/100/013_Drusen.tif,DRUSEN-100,test,DRUSEN,drusen,OS,.tif,0.0002924785949289799
DRUSEN/100/014_Drusen.tif,DRUSEN-100,test,DRUSEN,drusen,OS,.tif,0.00013589710579253733
DRUSEN/100/015_Drusen.tif,DRUSEN-100,test,DRUSEN,drusen,OS,.tif,0.0003178248880431056
DRUSEN/100/016_Drusen.tif,DRUSEN-100,test,DRUSEN,drusen,OS,.tif,0.00023164923186413944
DRUSEN/100/017_Drusen.tif,DRUSEN-100,test,DRUSEN,drusen,OS,.tif,0.0007415377767756581
DRUSEN/100/018_Drusen.tif,DRUSEN-100,test,DRUSEN,drusen,OS,.tif,0.00048606746713630855
DRUSEN/100/019_Drusen.tif,DRUSEN-100,test,DRUSEN,drusen,OS,.tif,0.0004476244794204831
DRUSEN/100/020_Drusen.tif,DRUSEN-100,test,DRUSEN,drusen,OS,.tif,0.00027904700255021453
DRUSEN/100/021_Drusen.tif,DRUSEN-100,test,DRUSEN,drusen,OS,.tif,0.00026124180294573307
DRUSEN/100/022_Drusen.tif,DRUSEN-100,test,DRUSEN,drusen,OS,.tif,0.00023535492073278874
DRUSEN/100/023_Drusen.tif,DRUSEN-100,test,DRUSEN,drusen,OS,.tif,0.00018373123020865023
DRUSEN/100/024_Drusen.tif,DRUSEN-100,test,DRUSEN,drusen,OS,.tif,0.00022032191918697208
DRUSEN/100/025_Drusen.tif,DRUSEN-100,test,DRUSEN,drusen,OS,.tif,0.00027852170751430094
DRUSEN/100/026_Drusen.tif,DRUSEN-100,test,DRUSEN,drusen,OS,.tif,0.00023185339523479342
DRUSEN/100/027_Drusen.tif,DRUSEN-100,test,DRUSEN,drusen,OS,.tif,0.00026003672974184155
DRUSEN/100/028_Drusen.tif,DRUSEN-100,test,DRUSEN,drusen,OS,.tif,0.00022677634842693806
DRUSEN/100/029_Drusen.tif,DRUSEN-100,test,DRUSEN,drusen,OS,.tif,0.00015274567704182118
DRUSEN/100/030_Drusen.tif,DRUSEN-100,test,DRUSEN,drusen,OS,.tif,0.00019963530940003693
DRUSEN/101/000_Normal.jpg,DRUSEN-101,test,DRUSEN,normal,OD,.jpg,0.0002562563167884946
DRUSEN/101/001_Normal.jpg,DRUSEN-101,test,DRUSEN,normal,OD,.jpg,0.00019721194985322654
DRUSEN/101/002_Normal.jpg,DRUSEN-101,test,DRUSEN,normal,OD,.jpg,0.00025436977739445865
DRUSEN/101/003_Normal.jpg,DRUSEN-101,test,DRUSEN,normal,OD,.jpg,0.00023838166089262813
DRUSEN/101/004_Drusen.jpg,DRUSEN-101,test,DRUSEN,drusen,OD,.jpg,0.00021982000907883048
DRUSEN/101/005_Normal.jpg,DRUSEN-101,test,DRUSEN,normal,OD,.jpg,0.00023480124946217984
DRUSEN/101/006_Drusen.jpg,DRUSEN-101,test,DRUSEN,drusen,OD,.jpg,0.0002784210373647511
DRUSEN/101/007_Drusen.jpg,DRUSEN-101,test,DRUSEN,drusen,OD,.jpg,0.00026318186428397894
DRUSEN/101/008_Drusen.jpg,DRUSEN-101,test,DRUSEN,drusen,OD,.jpg,0.00017410467262379825
DRUSEN/101/009_Drusen.jpg,DRUSEN-101,test,DRUSEN,drusen,OD,.jpg,0.0001900698698591441
DRUSEN/101/010_Drusen.jpg,DRUSEN-101,test,DRUSEN,drusen,OD,.jpg,0.00018522547907195985
DRUSEN/101/011_Drusen.jpg,DRUSEN-101,test,DRUSEN,drusen,OD,.jpg,0.0001978806685656309
DRUSEN/101/012_Drusen.jpg,DRUSEN-101,test,DRUSEN,drusen,OD,.jpg,0.00022436509607359767
DRUSEN/101/013_Drusen.jpg,DRUSEN-101,test,DRUSEN,drusen,OD,.jpg,0.00025625881971791387
DRUSEN/101/014_Drusen.jpg,DRUSEN-101,test,DRUSEN,drusen,OD,.jpg,0.00020864208636339754
DRUSEN/101/015_Drusen.jpg,DRUSEN-101,test,DRUSEN,drusen,OD,.jpg,0.0002167615166399628
DRUSEN/101/016_Drusen.jpg,DRUSEN-101,test,DRUSEN,drusen,OD,.jpg,0.00019973995222244412
DRUSEN/101/017_Drusen.jpg,DRUSEN-101,test,DRUSEN,drusen,OD,.jpg,0.00015593029092997313
DRUSEN/101/018_Drusen.jpg,DRUSEN-101,test,DRUSEN,drusen,OD,.jpg,0.00019404961494728923
DRUSEN/101/019_Drusen.jpg,DRUSEN-101,test,DRUSEN,drusen,OD,.jpg,0.00016104952374007553
DRUSEN/101/020_Drusen.jpg,DRUSEN-101,test,DRUSEN,drusen,OD,.jpg,0.00023348108516074717
DRUSEN/101/021_Drusen.jpg,DRUSEN-101,test,DRUSEN,drusen,OD,.jpg,0.00020441763626877218
DRUSEN/101/022_Drusen.jpg,DRUSEN-101,test,DRUSEN,drusen,OD,.jpg,0.00024204004148487002
DRUSEN/101/023_Normal.jpg,DRUSEN-101,test,DRUSEN,normal,OD,.jpg,0.0002612079551909119
DRUSEN/101/024_Normal.jpg,DRUSEN-101,test,DRUSEN,normal,OD,.jpg,0.00026880414225161076
DRUSEN/101/025_Normal.jpg,DRUSEN-101,test,DRUSEN,normal,OD,.jpg,0.00018267874838784337
DRUSEN/101/026_Normal.jpg,DRUSEN-101,test,DRUSEN,normal,OD,.jpg,0.00023877901548985392
DRUSEN/101/027_Drusen.jpg,DRUSEN-101,test,DRUSEN,drusen,OD,.jpg,0.0002172749664168805
DRUSEN/101/028_Drusen.jpg,DRUSEN-101,test,DRUSEN,drusen,OD,.jpg,0.0002202889882028103
DRUSEN/101/029_Drusen.jpg,DRUSEN-101,test,DRUSEN,drusen,OD,.jpg,0.00017169187776744366
DRUSEN/101/030_Drusen.jpg,DRUSEN-101,test,DRUSEN,drusen,OD,.jpg,0.0003078983281739056
DRUSEN/104/OD/000_Normal.tif,DRUSEN-104,test,DRUSEN,normal,OD,.tif,0.0003810133785009384
DRUSEN/104/OD/001_Normal.tif,DRUSEN-104,test,DRUSEN,normal,OD,.tif,0.000327969784848392
DRUSEN/104/OD/002_Normal.tif,DRUSEN-104,test,DRUSEN,normal,OD,.tif,0.0002605539921205491
DRUSEN/104/OD/003_Normal.tif,DRUSEN-104,test,DRUSEN,normal,OD,.tif,0.00030201429035514593
DRUSEN/104/OD/004_Normal.tif,DRUSEN-104,test,DRUSEN,normal,OD,.tif,0.00027599098393693566
DRUSEN/104/OD/005_Normal.tif,DRUSEN-104,test,DRUSEN,normal,OD,.tif,0.00033750687725842
DRUSEN/104/OD/006_Normal.tif,DRUSEN-104,test,DRUSEN,normal,OD,.tif,0.0002766762627288699
DRUSEN/104/OD/007_Drusen.tif,DRUSEN-104,test,DRUSEN,drusen,OD,.tif,0.0002664471685420722
DRUSEN/104/OD/008_Drusen.tif,DRUSEN-104,test,DRUSEN,drusen,OD,.tif,0.00021558045409619808
DRUSEN/104/OD/009_Drusen.tif,DRUSEN-104,test,DRUSEN,drusen,OD,.tif,0.00019787030760198832
DRUSEN/104/OD/010_Drusen.tif,DRUSEN-104,test,DRUSEN,drusen,OD,.tif,0.000165349745657295
DRUSEN/104/OD/011_Drusen.tif,DRUSEN-104,test,DRUSEN,drusen,OD,.tif,0.00024936662521213293
DRUSEN/104/OD/012_Drusen.tif,DRUSEN-104,test,DRUSEN,drusen,OD,.tif,0.0003300089156255126
DRUSEN/104/OD/013_Drusen.tif,DRUSEN-104,test,DRUSEN,drusen,OD,.tif,0.0002578012063167989
DRUSEN/104/OD/014_Drusen.tif,DRUSEN-104,test,DRUSEN,drusen,OD,.tif,0.000271183205768466
DRUSEN/104/OD/015_Drusen.tif,DRUSEN-104,test,DRUSEN,drusen,OD,.tif,0.00029940169770270586
DRUSEN/104/OD/016_Drusen.tif,DRUSEN-104,test,DRUSEN,drusen,OD,.tif,0.0004017448518425226
DRUSEN/104/OD/017_Drusen.tif,DRUSEN-104,test,DRUSEN,drusen,OD,.tif,0.00035956184729002416
DRUSEN/104/OD/018_Drusen.tif,DRUSEN-104,test,DRUSEN,drusen,OD,.tif,0.00025858168373815715
DRUSEN/104/OD/019_Drusen.tif,DRUSEN-104,test,DRUSEN,drusen,OD,.tif,0.00021293063764460385
DRUSEN/104/OD/020_Drusen.tif,DRUSEN-104,test,DRUSEN,drusen,OD,.tif,0.00029314920539036393
DRUSEN/104/OD/021_Drusen.tif,DRUSEN-104,test,DRUSEN,drusen,OD,.tif,0.0002903356507886201
DRUSEN/104/OD/022_Drusen.tif,DRUSEN-104,test,DRUSEN,drusen,OD,.tif,0.00029425357934087515
DRUSEN/104/OD/023_Drusen.tif,DRUSEN-104,test,DRUSEN,drusen,OD,.tif,0.00036683562211692333
DRUSEN/104/OD/024_Drusen.tif,DRUSEN-104,test,DRUSEN,drusen,OD,.tif,0.0002747326507233083
DRUSEN/104/OD/025_Normal.tif,DRUSEN-104,test,DRUSEN,normal,OD,.tif,0.0002453556808177382
DRUSEN/104/OD/026_Normal.tif,DRUSEN-104,test,DRUSEN,normal,OD,.tif,0.0002482639392837882
DRUSEN/104/OD/027_Normal.tif,DRUSEN-104,test,DRUSEN,normal,OD,.tif,0.00022463029017671943
DRUSEN/104/OD/028_Normal.tif,DRUSEN-104,test,DRUSEN,normal,OD,.tif,0.0004266570904292166
DRUSEN/104/OD/029_Normal.tif,DRUSEN-104,test,DRUSEN,normal,OD,.tif,0.0003232625895179808
DRUSEN/104/OD/030_Normal.tif,DRUSEN-104,test,DRUSEN,normal,OD,.tif,0.000336469936883077
DRUSEN/104/OS/000_Drusen.tif,DRUSEN-104,test,DRUSEN,drusen,OS,.tif,0.00031281827250495553
DRUSEN/104/OS/001_Drusen.tif,DRUSEN-104,test,DRUSEN,drusen,OS,.tif,0.00022299791453406215
DRUSEN/104/OS/002_Normal.tif,DRUSEN-104,test,DRUSEN,normal,OS,.tif,0.00014048125012777746
DRUSEN/104/OS/003_Normal.tif,DRUSEN-104,test,DRUSEN,normal,OS,.tif,0.00028965494129806757
DRUSEN/104/OS/004_Normal.tif,DRUSEN-104,test,DRUSEN,normal,OS,.tif,0.0002514796215109527
DRUSEN/104/OS/005_Drusen.tif,DRUSEN-104,test,DRUSEN,drusen,OS,.tif,0.00020596911781467497
DRUSEN/104/OS/006_Drusen.tif,DRUSEN-104,test,DRUSEN,drusen,OS,.tif,0.00040401500882580876
DRUSEN/104/OS/007_Drusen.tif,DRUSEN-104,test,DRUSEN,drusen,OS,.tif,0.00023575368686579168
DRUSEN/104/OS/008_Drusen.tif,DRUSEN-104,test,DRUSEN,drusen,OS,.tif,0.0002631056122481823
DRUSEN/104/OS/009_Drusen.tif,DRUSEN-104,test,DRUSEN,drusen,OS,.tif,0.00032646115869283676
DRUSEN/104/OS/010_Drusen.tif,DRUSEN-104,test,DRUSEN,drusen,OS,.tif,0.00041615107329562306
DRUSEN/104/OS/011_Drusen.tif,DRUSEN-104,test,DRUSEN,drusen,OS,.tif,0.0003361493581905961
DRUSEN/104/OS/012_Drusen.tif,DRUSEN-104,test,DRUSEN,drusen,OS,.tif,0.00023926253197714686
DRUSEN/104/OS/013_Drusen.tif,DRUSEN-104,test,DRUSEN,drusen,OS,.tif,0.000432598521001637
DRUSEN/104/OS/014_Drusen.tif,DRUSEN-104,test,DRUSEN,drusen,OS,.tif,0.00039521249709650874
DRUSEN/104/OS/015_Drusen.tif,DRUSEN-104,test,DRUSEN,drusen,OS,.tif,0.00029930652817711234
DRUSEN/104/OS/016_Drusen.tif,DRUSEN-104,test,DRUSEN,drusen,OS,.tif,0.0003117731539532542
DRUSEN/104/OS/017_Drusen.tif,DRUSEN-104,test,DRUSEN,drusen,OS,.tif,0.0002734189329203218
DRUSEN/104/OS/018_Drusen.tif,DRUSEN-104,test,DRUSEN,drusen,OS,.tif,0.0002475036890245974
DRUSEN/104/OS/019_Drusen.tif,DRUSEN-104,test,DRUSEN,drusen,OS,.tif,0.00021062910673208535
DRUSEN/104/OS/020_Drusen.tif,DRUSEN-104,test,DRUSEN,drusen,OS,.tif,0.00032272504176944494
DRUSEN/104/OS/021_Drusen.tif,DRUSEN-104,test,DRUSEN,drusen,OS,.tif,0.00030667794635519385
DRUSEN/104/OS/022_Drusen.tif,DRUSEN-104,test,DRUSEN,drusen,OS,.tif,0.00035357335582375526
DRUSEN/104/OS/023_Drusen.tif,DRUSEN-104,test,DRUSEN,drusen,OS,.tif,0.00038661324651911855
DRUSEN/104/OS/024_Drusen.tif,DRUSEN-104,test,DRUSEN,drusen,OS,.tif,0.00034215967752970755
DRUSEN/104/OS/025_Drusen.tif,DRUSEN-104,test,DRUSEN,drusen,OS,.tif,0.00034443949698470533
DRUSEN/104/OS/026_Drusen.tif,DRUSEN-104,test,DRUSEN,drusen,OS,.tif,0.0003024697653017938
DRUSEN/104/OS/027_Drusen.tif,DRUSEN-104,test,DRUSEN,drusen,OS,.tif,0.00027875707019120455
DRUSEN/104/OS/028_Normal.tif,DRUSEN-104,test,DRUSEN,normal,OS,.tif,0.00030973670072853565
DRUSEN/104/OS/029_Drusen.tif,DRUSEN-104,test,DRUSEN,drusen,OS,.tif,0.00022246578009799123
DRUSEN/104/OS/030_Drusen.tif,DRUSEN-104,test,DRUSEN,drusen,OS,.tif,0.0003592566936276853
DRUSEN/105/000_Normal.tif,DRUSEN-105,test,DRUSEN,normal,OS,.tif,0.00020396968466229737
DRUSEN/105/001_Normal.tif,DRUSEN-105,test,DRUSEN,normal,OS,.tif,0.00024968371144495904
DRUSEN/105/002_Normal.tif,DRUSEN-105,test,DRUSEN,normal,OS,.tif,0.0002037435187958181
DRUSEN/105/003_Normal.tif,DRUSEN-105,test,DRUSEN,normal,OS,.tif,0.00018779790843836963
DRUSEN/105/004_Drusen.tif,DRUSEN-105,test,DRUSEN,drusen,OS,.tif,0.00016827040235511959
DRUSEN/105/005_Drusen.tif,DRUSEN-105,test,DRUSEN,drusen,OS,.tif,0.00028188296710141003
DRUSEN/105/006_Drusen.tif,DRUSEN-105,test,DRUSEN,drusen,OS,.tif,0.0003830411587841809
DRUSEN/105/007_Drusen.tif,DRUSEN-105,test,DRUSEN,drusen,OS,.tif,0.0003179606865160167
DRUSEN/105/008_Drusen.tif,DRUSEN-105,test,DRUSEN,drusen,OS,.tif,0.0002683716593310237
DRUSEN/105/009_Drusen.tif,DRUSEN-105,test,DRUSEN,drusen,OS,.tif,0.00024097292043734342
DRUSEN/105/010_Drusen.tif,DRUSEN-105,test,DRUSEN,drusen,OS,.tif,0.00021536147687584162
DRUSEN/105/011_Drusen.tif,DRUSEN-105,test,DRUSEN,drusen,OS,.tif,0.0002583902678452432
DRUSEN/105/012_Drusen.tif,DRUSEN-105,test,DRUSEN,drusen,OS,.tif,0.0002341074141440913
DRUSEN/105/013_Drusen.tif,DRUSEN-105,test,DRUSEN,drusen,OS,.tif,0.0003315553185530007
DRUSEN/105/014_Drusen.tif,DRUSEN-105,test,DRUSEN,drusen,OS,.tif,0.0003319337556604296
DRUSEN/105/015_Drusen.tif,DRUSEN-105,test,DRUSEN,drusen,OS,.tif,0.0005332126747816801
DRUSEN/105/016_Drusen.tif,DRUSEN-105,test,DRUSEN,drusen,OS,.tif,0.0004510693543124944
DRUSEN/105/017_Drusen.tif,DRUSEN-105,test,DRUSEN,drusen,OS,.tif,0.0002674837305676192
DRUSEN/105/018_Drusen.tif,DRUSEN-105,test,DRUSEN,drusen,OS,.tif,0.00022325621102936566
DRUSEN/105/019_Drusen.tif,DRUSEN-105,test,DRUSEN,drusen,OS,.tif,0.00024498975835740566
DRUSEN/105/020_Drusen.tif,DRUSEN-105,test,DRUSEN,drusen,OS,.tif,0.00024402880808338523
DRUSEN/105/021_Drusen.tif,DRUSEN-105,test,DRUSEN,drusen,OS,.tif,0.00028132536681368947
DRUSEN/105/022_Drusen.tif,DRUSEN-105,test,DRUSEN,drusen,OS,.tif,0.00032165442826226354
DRUSEN/105/023_Drusen.tif,DRUSEN-105,test,DRUSEN,drusen,OS,.tif,0.00030780764063820243
DRUSEN/105/024_Drusen.tif,DRUSEN-105,test,DRUSEN,drusen,OS,.tif,0.00034116042661480606
DRUSEN/106/OD/000_Drusen.tif,DRUSEN-106,test,DRUSEN,drusen,OD,.tif,0.00024167135416064411
DRUSEN/106/OD/001_Drusen.tif,DRUSEN-106,test,DRUSEN,drusen,OD,.tif,0.00022003633785061538
DRUSEN/106/OD/002_Drusen.tif,DRUSEN-106,test,DRUSEN,drusen,OD,.tif,0.00026890705339610577
DRUSEN/106/OD/003_Drusen.tif,DRUSEN-106,test,DRUSEN,drusen,OD,.tif,0.00020876355119980872
DRUSEN/106/OD/004_Normal.tif,DRUSEN-106,test,DRUSEN,normal,OD,.tif,0.000221433729166165
DRUSEN/106/OD/005_Normal.tif,DRUSEN-106,test,DRUSEN,normal,OD,.tif,0.00019769335631281137
DRUSEN/106/OD/006_Normal.tif,DRUSEN-106,test,DRUSEN,normal,OD,.tif,0.00028013013070449233
DRUSEN/106/OD/007_Normal.tif,DRUSEN-106,test,DRUSEN,normal,OD,.tif,0.0002770128776319325
DRUSEN/106/OD/008_Drusen.tif,DRUSEN-106,test,DRUSEN,drusen,OD,.tif,0.00016053116996772587
DRUSEN/106/OD/009_Drusen.tif,DRUSEN-106,test,DRUSEN,drusen,OD,.tif,0.00022568705026060343
DRUSEN/106/OD/010_Drusen.tif,DRUSEN-106,test,DRUSEN,drusen,OD,.tif,0.0002634656266309321
DRUSEN/106/OD/011_Normal.tif,DRUSEN-106,test,DRUSEN,normal,OD,.tif,0.00018198744510300457
DRUSEN/106/OD/012_Normal.tif,DRUSEN-106,test,DRUSEN,normal,OD,.tif,0.0002106753527186811
DRUSEN/106/OD/013_Normal.tif,DRUSEN-106,test,DRUSEN,normal,OD,.tif,0.0002294206788064912
DRUSEN/106/OD/014_Drusen.tif,DRUSEN-106,test,DRUSEN,drusen,OD,.tif,0.00024088751524686813
DRUSEN/106/OD/015_Drusen.tif,DRUSEN-106,test,DRUSEN,drusen,OD,.tif,0.00018928179633803666
DRUSEN/106/OD/016_Drusen.tif,DRUSEN-106,test,DRUSEN,drusen,OD,.tif,0.00020726918592117727
DRUSEN/106/OD/017_Drusen.tif,DRUSEN-106,test,DRUSEN,drusen,OD,.tif,0.00019354885444045067
DRUSEN/106/OD/018_Drusen.tif,DRUSEN-106,test,DRUSEN,drusen,OD,.tif,0.00017883023247122765
DRUSEN/106/OD/019_Drusen.tif,DRUSEN-106,test,DRUSEN,drusen,OD,.tif,0.00016751365910749882
DRUSEN/106/OD/020_Drusen.tif,DRUSEN-106,test,DRUSEN,drusen,OD,.tif,0.00017010164447128773
DRUSEN/106/OD/021_Drusen.tif,DRUSEN-106,test,DRUSEN,drusen,OD,.tif,0.0001829948159866035
DRUSEN/106/OD/022_Drusen.tif,DRUSEN-106,test,DRUSEN,drusen,OD,.tif,0.0003233613970223814
DRUSEN/106/OD/023_Drusen.tif,DRUSEN-106,test,DRUSEN,drusen,OD,.tif,0.00021149040549062192
DRUSEN/106/OD/024_Drusen.tif,DRUSEN-106,test,DRUSEN,drusen,OD,.tif,0.0002243404305772856
DRUSEN/106/OD/025_Drusen.tif,DRUSEN-106,test,DRUSEN,drusen,OD,.tif,0.0003356278466526419
DRUSEN/106/OD/026_Drusen.tif,DRUSEN-106,test,DRUSEN,drusen,OD,.tif,0.00015664970851503313
DRUSEN/106/OD/027_Drusen.tif,DRUSEN-106,test,DRUSEN,drusen,OD,.tif,0.00040881772292777896
DRUSEN/106/OD/028_Drusen.tif,DRUSEN-106,test,DRUSEN,drusen,OD,.tif,0.00025776069378480315
DRUSEN/106/OD/029_Drusen.tif,DRUSEN-106,test,DRUSEN,drusen,OD,.tif,0.00021355424541980028
DRUSEN/106/OD/030_Drusen.tif,DRUSEN-106,test,DRUSEN,drusen,OD,.tif,0.00029716151766479015
DRUSEN/106/OS/000_Drusen.tif,DRUSEN-106,test,DRUSEN,drusen,OS,.tif,0.00024978327564895153
DRUSEN/106/OS/001_Drusen.tif,DRUSEN-106,test,DRUSEN,drusen,OS,.tif,0.00026264687767252326
DRUSEN/106/OS/002_Drusen.tif,DRUSEN-106,test,DRUSEN,drusen,OS,.tif,0.00025430507957935333
DRUSEN/106/OS/003_Drusen.tif,DRUSEN-106,test,DRUSEN,drusen,OS,.tif,0.00027888332260772586
DRUSEN/106/OS/004_Normal.tif,DRUSEN-106,test,DRUSEN,normal,OS,.tif,0.0003374413645360619
DRUSEN/106/OS/005_Normal.tif,DRUSEN-106,test,DRUSEN,normal,OS,.tif,0.00026048196014016867
DRUSEN/106/OS/006_Drusen.tif,DRUSEN-106,test,DRUSEN,drusen,OS,.tif,0.00031072902493178844
DRUSEN/106/OS/007_Normal.tif,DRUSEN-106,test,DRUSEN,normal,OS,.tif,0.00025591248413547873
DRUSEN/106/OS/008_Drusen.tif,DRUSEN-106,test,DRUSEN,drusen,OS,.tif,0.00033451555646024644
DRUSEN/106/OS/009_Drusen.tif,DRUSEN-106,test,DRUSEN,drusen,OS,.tif,0.00025280151749029756
DRUSEN/106/OS/010_Drusen.tif,DRUSEN-106,test,DRUSEN,drusen,OS,.tif,0.0003550831461325288
DRUSEN/106/OS/011_Drusen.tif,DRUSEN-106,test,DRUSEN,drusen,OS,.tif,0.0002183249162044376
DRUSEN/106/OS/012_Drusen.tif,DRUSEN-106,test,DRUSEN,drusen,OS,.tif,0.00016043309005908668
DRUSEN/106/OS/013_Drusen.tif,DRUSEN-106,test,DRUSEN,drusen,OS,.tif,0.00019255882943980396
DRUSEN/106/OS/014_Drusen.tif,DRUSEN-106,test,DRUSEN,drusen,OS,.tif,0.0001571000029798597
DRUSEN/106/OS/015_Drusen.tif,DRUSEN-106,test,DRUSEN,drusen,OS,.tif,0.00017691653920337558
DRUSEN/106/OS/016_Drusen.tif,DRUSEN-106,test,DRUSEN,drusen,OS,.tif,0.00018424904556013644
DRUSEN/106/OS/017_Drusen.tif,DRUSEN-106,test,DRUSEN,drusen,OS,.tif,0.0002722620847634971
DRUSEN/106/OS/018_Drusen.tif,DRUSEN-106,test,DRUSEN,drusen,OS,.tif,0.0003143766080029309
DRUSEN/106/OS/019_Drusen.tif,DRUSEN-106,test,DRUSEN,drusen,OS,.tif,0.00028555787866935134
DRUSEN/106/OS/020_Drusen.tif,DRUSEN-106,test,DRUSEN,drusen,OS,.tif,0.0002855033380910754
DRUSEN/106/OS/021_Drusen.tif,DRUSEN-106,test,DRUSEN,drusen,OS,.tif,0.0003076608991250396
DRUSEN/106/OS/022_Drusen.tif,DRUSEN-106,test,DRUSEN,drusen,OS,.tif,0.00027412886265665293
DRUSEN/106/OS/023_Drusen.tif,DRUSEN-106,test,DRUSEN,drusen,OS,.tif,0.0002936043601948768
DRUSEN/106/OS/024_Drusen.tif,DRUSEN-106,test,DRUSEN,drusen,OS,.tif,0.0002970248169731349
DRUSEN/106/OS/025_Drusen.tif,DRUSEN-106,test,DRUSEN,drusen,OS,.tif,0.00024850250338204205
DRUSEN/106/OS/026_Drusen.tif,DRUSEN-106,test,DRUSEN,drusen,OS,.tif,0.0002503804280422628
DRUSEN/106/OS/027_Drusen.tif,DRUSEN-106,test,DRUSEN,drusen,OS,.tif,0.0002939334372058511
DRUSEN/106/OS/028_Drusen.tif,DRUSEN-106,test,DRUSEN,drusen,OS,.tif,0.0002875140926335007
DRUSEN/106/OS/029_Drusen.tif,DRUSEN-106,test,DRUSEN,drusen,OS,.tif,0.0003149336262140423
DRUSEN/106/OS/030_Drusen.tif,DRUSEN-106,test,DRUSEN,drusen,OS,.tif,0.0002612592070363462
DRUSEN/107/OD/000_Normal.tif,DRUSEN-107,test,DRUSEN,normal,OD,.tif,0.0001727987837512046
DRUSEN/107/OD/001_Normal.tif,DRUSEN-107,test,DRUSEN,normal,OD,.tif,0.00022466092195827514
DRUSEN/107/OD/002_Normal.tif,DRUSEN-107,test,DRUSEN,normal,OD,.tif,0.00019943213555961847
DRUSEN/107/OD/003_Normal.tif,DRUSEN-107,test,DRUSEN,normal,OD,.tif,0.00021836816449649632
DRUSEN/107/OD/004_Normal.tif,DRUSEN-107,test,DRUSEN,normal,OD,.tif,0.0002427439612802118
DRUSEN/107/OD/005_Normal.tif,DRUSEN-107,test,DRUSEN,normal,OD,.tif,0.00022170378360897303
DRUSEN/107/OD/006_Normal.tif,DRUSEN-107,test,DRUSEN,normal,OD,.tif,0.00017785141244530678
DRUSEN/107/OD/007_Normal.tif,DRUSEN-107,test,DRUSEN,normal,OD,.tif,0.00013524008681997657
DRUSEN/107/OD/008_Normal.tif,DRUSEN-107,test,DRUSEN,normal,OD,.tif,0.00019029295071959496
DRUSEN/107/OD/009_Normal.tif,DRUSEN-107,test,DRUSEN,normal,OD,.tif,0.0001726707414491102
DRUSEN/107/OD/010_Normal.tif,DRUSEN-107,test,DRUSEN,normal,OD,.tif,0.0001737329293973744
DRUSEN/107/OD/011_Normal.tif,DRUSEN-107,test,DRUSEN,normal,OD,.tif,0.00016609681188128889
DRUSEN/107/OD/012_Normal.tif,DRUSEN-107,test,DRUSEN,normal,OD,.tif,0.00021725900296587497
DRUSEN/107/OD/013_Normal.tif,DRUSEN-107,test,DRUSEN,normal,OD,.tif,0.00023419488570652902
DRUSEN/107/OD/014_Normal.tif,DRUSEN-107,test,DRUSEN,normal,OD,.tif,0.0002706260420382023
DRUSEN/107/OD/015_Normal.tif,DRUSEN-107,test,DRUSEN,normal,OD,.tif,0.00024340752861462533
DRUSEN/107/OD/016_Normal.tif,DRUSEN-107,test,DRUSEN,normal,OD,.tif,0.00020328664686530828
DRUSEN/107/OD/017_Normal.tif,DRUSEN-107,test,DRUSEN,normal,OD,.tif,0.00022805480693932623
DRUSEN/107/OD/018_Normal.tif,DRUSEN-107,test,DRUSEN,normal,OD,.tif,0.00016409470117650926
DRUSEN/107/OD/019_Normal.tif,DRUSEN-107,test,DRUSEN,normal,OD,.tif,0.0001827895175665617
DRUSEN/107/OD/020_Normal.tif,DRUSEN-107,test,DRUSEN,normal,OD,.tif,0.00018069380894303322
DRUSEN/107/OD/021_Normal.tif,DRUSEN-107,test,DRUSEN,normal,OD,.tif,0.00021948825451545417
DRUSEN/107/OD/022_Normal.tif,DRUSEN-107,test,DRUSEN,normal,OD,.tif,0.00020178212434984744
DRUSEN/107/OD/023_Normal.tif,DRUSEN-107,test,DRUSEN,normal,OD,.tif,0.00019603263353928924
DRUSEN/107/OD/024_Normal.tif,DRUSEN-107,test,DRUSEN,normal,OD,.tif,0.0001560715027153492
DRUSEN/107/OD/025_Drusen.tif,DRUSEN-107,test,DRUSEN,drusen,OD,.tif,0.00024058767303358763
DRUSEN/107/OD/026_Normal.tif,DRUSEN-107,test,DRUSEN,normal,OD,.tif,0.00017977040261030197
DRUSEN/107/OD/027_Drusen.tif,DRUSEN-107,test,DRUSEN,drusen,OD,.tif,0.00017894402844831347
DRUSEN/107/OD/028_Drusen.tif,DRUSEN-107,test,DRUSEN,drusen,OD,.tif,0.00018676793843042105
DRUSEN/107/OD/029_Normal.tif,DRUSEN-107,test,DRUSEN,normal,OD,.tif,0.0002081441052723676
DRUSEN/107/OD/030_Normal.tif,DRUSEN-107,test,DRUSEN,normal,OD,.tif,0.00021754414774477482
DRUSEN/107/OS/000_Normal.tif,DRUSEN-107,test,DRUSEN,normal,OS,.tif,0.0003037692222278565
DRUSEN/107/OS/001_Normal.tif,DRUSEN-107,test,DRUSEN,normal,OS,.tif,0.000249967270065099
DRUSEN/107/OS/002_Normal.tif,DRUSEN-107,test,DRUSEN,normal,OS,.tif,0.0004467751132324338
DRUSEN/107/OS/003_Normal.tif,DRUSEN-107,test,DRUSEN,normal,OS,.tif,0.0004270824429113418
DRUSEN/107/OS/004_Normal.tif,DRUSEN-107,test,DRUSEN,normal,OS,.tif,0.0003107814700342715
DRUSEN/107/OS/005_Normal.tif,DRUSEN-107,test,DRUSEN,normal,OS,.tif,0.00040017388528212905
DRUSEN/107/OS/006_Normal.tif,DRUSEN-107,test,DRUSEN,normal,OS,.tif,0.0003127424861304462
DRUSEN/107/OS/007_Normal.tif,DRUSEN-107,test,DRUSEN,normal,OS,.tif,0.0006516741123050451
DRUSEN/107/OS/008_Normal.tif,DRUSEN-107,test,DRUSEN,normal,OS,.tif,0.00025010263198055327
DRUSEN/107/OS/009_Normal.tif,DRUSEN-107,test,DRUSEN,normal,OS,.tif,0.0001987711584661156
DRUSEN/107/OS/010_Normal.tif,DRUSEN-107,test,DRUSEN,normal,OS,.tif,0.0002382579114055261
DRUSEN/107/OS/011_Normal.tif,DRUSEN-107,test,DRUSEN,normal,OS,.tif,0.00024760805536061525
DRUSEN/107/OS/012_Normal.tif,DRUSEN-107,test,DRUSEN,normal,OS,.tif,0.00018250453285872936
DRUSEN/107/OS/013_Normal.tif,DRUSEN-107,test,DRUSEN,normal,OS,.tif,0.00024248621775768697
DRUSEN/107/OS/014_Drusen.tif,DRUSEN-107,test,DRUSEN,drusen,OS,.tif,0.0002654533018358052
DRUSEN/107/OS/015_Drusen.tif,DRUSEN-107,test,DRUSEN,drusen,OS,.tif,0.0002732562134042382
DRUSEN/107/OS/016_Normal.tif,DRUSEN-107,test,DRUSEN,normal,OS,.tif,0.00029160859412513673
DRUSEN/107/OS/017_Normal.tif,DRUSEN-107,test,DRUSEN,normal,OS,.tif,0.00022841582540422678
DRUSEN/107/OS/018_Normal.tif,DRUSEN-107,test,DRUSEN,normal,OS,.tif,0.0003297724178992212
DRUSEN/107/OS/019_Normal.tif,DRUSEN-107,test,DRUSEN,normal,OS,.tif,0.0001863835204858333
DRUSEN/107/OS/020_Normal.tif,DRUSEN-107,test,DRUSEN,normal,OS,.tif,0.0001399828033754602
DRUSEN/107/OS/021_Normal.tif,DRUSEN-107,test,DRUSEN,normal,OS,.tif,0.00017432987806387246
DRUSEN/107/OS/022_Normal.tif,DRUSEN-107,test,DRUSEN,normal,OS,.tif,0.00022364879259839654
DRUSEN/107/OS/023_Drusen.tif,DRUSEN-107,test,DRUSEN,drusen,OS,.tif,0.0002144578320439905
DRUSEN/107/OS/024_Drusen.tif,DRUSEN-107,test,DRUSEN,drusen,OS,.tif,0.00029415200697258115
DRUSEN/107/OS/025_Drusen.tif,DRUSEN-107,test,DRUSEN,drusen,OS,.tif,0.0002501972485333681
DRUSEN/107/OS/026_Drusen.tif,DRUSEN-107,test,DRUSEN,drusen,OS,.tif,0.00031963043147698045
DRUSEN/107/OS/027_Normal.tif,DRUSEN-107,test,DRUSEN,normal,OS,.tif,0.00032325234496966004
DRUSEN/107/OS/028_Normal.tif,DRUSEN-107,test,DRUSEN,normal,OS,.tif,0.00023367574613075703
DRUSEN/107/OS/029_Normal.tif,DRUSEN-107,test,DRUSEN,normal,OS,.tif,0.00039735622704029083
DRUSEN/107/OS/030_Normal.tif,DRUSEN-107,test,DRUSEN,normal,OS,.tif,0.00029299024026840925
DRUSEN/113/OD/000_Drusen.tif,DRUSEN-113,test,DRUSEN,drusen,OD,.tif,0.00018813778297044337
DRUSEN/113/OD/001_Drusen.tif,DRUSEN-113,test,DRUSEN,drusen,OD,.tif,0.0002759932540357113
DRUSEN/113/OD/002_Drusen.tif,DRUSEN-113,test,DRUSEN,drusen,OD,.tif,0.0002442242403049022
DRUSEN/113/OD/003_Drusen.tif,DRUSEN-113,test,DRUSEN,drusen,OD,.tif,0.000345478329109028
DRUSEN/113/OD/004_Drusen.tif,DRUSEN-113,test,DRUSEN,drusen,OD,.tif,0.0001745273475535214
DRUSEN/113/OD/005_Drusen.tif,DRUSEN-113,test,DRUSEN,drusen,OD,.tif,0.00017719087190926075
DRUSEN/113/OD/006_Drusen.tif,DRUSEN-113,test,DRUSEN,drusen,OD,.tif,0.0001899268536362797
DRUSEN/113/OD/007_Drusen.tif,DRUSEN-113,test,DRUSEN,drusen,OD,.tif,0.00025450700195506215
DRUSEN/113/OD/008_Drusen.tif,DRUSEN-113,test,DRUSEN,drusen,OD,.tif,0.00022550699941348284
DRUSEN/113/OD/009_Drusen.tif,DRUSEN-113,test,DRUSEN,drusen,OD,.tif,0.0002460892719682306
DRUSEN/113/OD/010_Drusen.tif,DRUSEN-113,test,DRUSEN,drusen,OD,.tif,0.00018461096624378115
DRUSEN/113/OD/011_Drusen.tif,DRUSEN-113,test,DRUSEN,drusen,OD,.tif,0.00019930546113755554
DRUSEN/113/OD/012_Drusen.tif,DRUSEN-113,test,DRUSEN,drusen,OD,.tif,0.0002646776847541332
DRUSEN/113/OD/013_Drusen.tif,DRUSEN-113,test,DRUSEN,drusen,OD,.tif,0.00025308382464572787
DRUSEN/113/OD/014_Drusen.tif,DRUSEN-113,test,DRUSEN,drusen,OD,.tif,0.0001780846359906718
DRUSEN/113/OD/015_Drusen.tif,DRUSEN-113,test,DRUSEN,drusen,OD,.tif,0.0002911172923631966
DRUSEN/113/OD/016_Drusen.tif,DRUSEN-113,test,DRUSEN,drusen,OD,.tif,0.00020447009592317045
DRUSEN/113/OD/017_Drusen.tif,DRUSEN-113,test,DRUSEN,drusen,OD,.tif,0.00021679190103895962
DRUSEN/113/OD/018_Drusen.tif,DRUSEN-113,test,DRUSEN,drusen,OD,.tif,0.00018628645921126008
DRUSEN/113/OD/019_Drusen.tif,DRUSEN-113,test,DRUSEN,drusen,OD,.tif,0.00019147427519783378
DRUSEN/113/OD/020_Drusen.tif,DRUSEN-113,test,DRUSEN,drusen,OD,.tif,0.0002274177095387131
DRUSEN/113/OD/021_Drusen.tif,DRUSEN-113,test,DRUSEN,drusen,OD,.tif,0.0002043715212494135
DRUSEN/113/OD/022_Drusen.tif,DRUSEN-113,test,DRUSEN,drusen,OD,.tif,0.00019291249918751419
DRUSEN/113/OD/023_Drusen.tif,DRUSEN-113,test,DRUSEN,drusen,OD,.tif,0.00021858677791897207
DRUSEN/113/OD/024_Drusen.tif,DRUSEN-113,test,DRUSEN,drusen,OD,.tif,0.00020685591152869165
DRUSEN/113/OD/025_Drusen.tif,DRUSEN-113,test,DRUSEN,drusen,OD,.tif,0.00021478961571119726
DRUSEN/113/OD/026_Drusen.tif,DRUSEN-113,test,DRUSEN,drusen,OD,.tif,0.0002005997666856274
DRUSEN/113/OD/027_Drusen.tif,DRUSEN-113,test,DRUSEN,drusen,OD,.tif,0.0001946764241438359
DRUSEN/113/OD/028_Drusen.tif,DRUSEN-113,test,DRUSEN,drusen,OD,.tif,0.00024314914480783045
DRUSEN/113/OD/029_Drusen.tif,DRUSEN-113,test,DRUSEN,drusen,OD,.tif,0.00021180679323151708
DRUSEN/113/OD/030_Drusen.tif,DRUSEN-113,test,DRUSEN,drusen,OD,.tif,0.00033495225943624973
DRUSEN/113/OS/000_Drusen.tif,DRUSEN-113,test,DRUSEN,drusen,OS,.tif,0.00025042769266292453
DRUSEN/113/OS/001_Drusen.tif,DRUSEN-113,test,DRUSEN,drusen,OS,.tif,0.00024770788149908185
DRUSEN/113/OS/002_Drusen.tif,DRUSEN-113,test,DRUSEN,drusen,OS,.tif,0.000211353471968323
DRUSEN/113/OS/003_Drusen.tif,DRUSEN-113,test,DRUSEN,drusen,OS,.tif,0.00017685086640994996
DRUSEN/113/OS/004_Drusen.tif,DRUSEN-113,test,DRUSEN,drusen,OS,.tif,0.00020804400264751166
DRUSEN/113/OS/005_Drusen.tif,DRUSEN-113,test,DRUSEN,drusen,OS,.tif,0.00019324682943988591
DRUSEN/113/OS/006_Drusen.tif,DRUSEN-113,test,DRUSEN,drusen,OS,.tif,0.00024453160585835576
DRUSEN/113/OS/007_Drusen.tif,DRUSEN-113,test,DRUSEN,drusen,OS,.tif,0.0002642933395691216
DRUSEN/113/OS/008_Drusen.tif,DRUSEN-113,test,DRUSEN,drusen,OS,.tif,0.00018618835019879043
DRUSEN/113/OS/009_Drusen.tif,DRUSEN-113,test,DRUSEN,drusen,OS,.tif,0.00017873347678687423
DRUSEN/113/OS/010_Drusen.tif,DRUSEN-113,test,DRUSEN,drusen,OS,.tif,0.00021931336959823966
DRUSEN/113/OS/011_Drusen.tif,DRUSEN-113,test,DRUSEN,drusen,OS,.tif,0.0001879468618426472
DRUSEN/113/OS/012_Drusen.tif,DRUSEN-113,test,DRUSEN,drusen,OS,.tif,0.0001864214864326641
DRUSEN/113/OS/013_Drusen.tif,DRUSEN-113,test,DRUSEN,drusen,OS,.tif,0.000147939077578485
DRUSEN/113/OS/014_Drusen.tif,DRUSEN-113,test,DRUSEN,drusen,OS,.tif,0.00021650627604685724
DRUSEN/113/OS/015_Drusen.tif,DRUSEN-113,test,DRUSEN,drusen,OS,.tif,0.00018318166257813573
DRUSEN/113/OS/016_Drusen.tif,DRUSEN-113,test,DRUSEN,drusen,OS,.tif,0.00018319676746614277
DRUSEN/113/OS/017_Drusen.tif,DRUSEN-113,test,DRUSEN,drusen,OS,.tif,0.00018082879250869155
DRUSEN/113/OS/018_Drusen.tif,DRUSEN-113,test,DRUSEN,drusen,OS,.tif,0.00015120356692932546
DRUSEN/113/OS/019_Drusen.tif,DRUSEN-113,test,DRUSEN,drusen,OS,.tif,0.0002384566469117999
DRUSEN/113/OS/020_Drusen.tif,DRUSEN-113,test,DRUSEN,drusen,OS,.tif,0.00021274063328746706
DRUSEN/113/OS/021_Drusen.tif,DRUSEN-113,test,DRUSEN,drusen,OS,.tif,0.00019616895588114858
DRUSEN/113/OS/022_Drusen.tif,DRUSEN-113,test,DRUSEN,drusen,OS,.tif,0.00019829487428069115
DRUSEN/113/OS/023_Drusen.tif,DRUSEN-113,test,DRUSEN,drusen,OS,.tif,0.00016790104564279318
DRUSEN/113/OS/024_Drusen.tif,DRUSEN-113,test,DRUSEN,drusen,OS,.tif,0.00021993329573888332
DRUSEN/113/OS/025_Drusen.tif,DRUSEN-113,test,DRUSEN,drusen,OS,.tif,0.00024527573259547353
DRUSEN/113/OS/026_Drusen.tif,DRUSEN-113,test,DRUSEN,drusen,OS,.tif,0.0002259342436445877
DRUSEN/113/OS/027_Drusen.tif,DRUSEN-113,test,DRUSEN,drusen,OS,.tif,0.00023459410294890404
DRUSEN/113/OS/028_Drusen.tif,DRUSEN-113,test,DRUSEN,drusen,OS,.tif,0.00022976860054768622
DRUSEN/113/OS/029_Drusen.tif,DRUSEN-113,test,DRUSEN,drusen,OS,.tif,0.00019336059631314129
DRUSEN/113/OS/030_Drusen.tif,DRUSEN-113,test,DRUSEN,drusen,OS,.tif,0.0001915954489959404
DRUSEN/117/000_Normal.tif,DRUSEN-117,test,DRUSEN,normal,OS,.tif,0.00048514269292354584
DRUSEN/117/001_Normal.tif,DRUSEN-117,test,DRUSEN,normal,OS,.tif,0.0004580399254336953
DRUSEN/117/002_Normal.tif,DRUSEN-117,test,DRUSEN,normal,OS,.tif,0.0006221870426088572
DRUSEN/117/003_Normal.tif,DRUSEN-117,test,DRUSEN,normal,OS,.tif,0.0004679426783695817
DRUSEN/117/004_Normal.tif,DRUSEN-117,test,DRUSEN,normal,OS,.tif,0.0005771521246060729
DRUSEN/117/005_Normal.tif,DRUSEN-117,test,DRUSEN,normal,OS,.tif,0.00040720083052292466
DRUSEN/117/006_Drusen.tif,DRUSEN-117,test,DRUSEN,drusen,OS,.tif,0.0004945402033627033
DRUSEN/117/007_Drusen.tif,DRUSEN-117,test,DRUSEN,drusen,OS,.tif,0.0004491011204663664
DRUSEN/117/008_Drusen.tif,DRUSEN-117,test,DRUSEN,drusen,OS,.tif,0.00029778803582303226
DRUSEN/117/009_Drusen.tif,DRUSEN-117,test,DRUSEN,drusen,OS,.tif,0.000351599243003875
DRUSEN/117/010_Drusen.tif,DRUSEN-117,test,DRUSEN,drusen,OS,.tif,0.00041867559775710106
DRUSEN/117/011_Drusen.tif,DRUSEN-117,test,DRUSEN,drusen,OS,.tif,0.00021301025117281824
DRUSEN/117/012_Drusen.tif,DRUSEN-117,test,DRUSEN,drusen,OS,.tif,0.0004843753995373845
DRUSEN/117/013_Drusen.tif,DRUSEN-117,test,DRUSEN,drusen,OS,.tif,0.00030818418599665165
DRUSEN/117/014_Drusen.tif,DRUSEN-117,test,DRUSEN,drusen,OS,.tif,0.00039687828393653035
DRUSEN/117/015_Drusen.tif,DRUSEN-117,test,DRUSEN,drusen,OS,.tif,0.0004357013967819512
DRUSEN/117/016_Drusen.tif,DRUSEN-117,test,DRUSEN,drusen,OS,.tif,0.00029155376250855625
DRUSEN/117/017_Drusen.tif,DRUSEN-117,test,DRUSEN,drusen,OS,.tif,0.0004088900750502944
DRUSEN/117/018_Drusen.tif,DRUSEN-117,test,DRUSEN,drusen,OS,.tif,0.0004871189594268799
DRUSEN/117/019_Drusen.tif,DRUSEN-117,test,DRUSEN,drusen,OS,.tif,0.00028048065723851323
DRUSEN/117/020_Drusen.tif,DRUSEN-117,test,DRUSEN,drusen,OS,.tif,0.00046389398630708456
DRUSEN/117/021_Drusen.tif,DRUSEN-117,test,DRUSEN,drusen,OS,.tif,0.00027268583653494716
DRUSEN/117/022_Drusen.tif,DRUSEN-117,test,DRUSEN,drusen,OS,.tif,0.0003069473314099014
DRUSEN/117/023_Drusen.tif,DRUSEN-117,test,DRUSEN,drusen,OS,.tif,0.00027934485115110874
DRUSEN/117/024_Drusen.tif,DRUSEN-117,test,DRUSEN,drusen,OS,.tif,0.000254811136983335
DRUSEN/117/025_Drusen.tif,DRUSEN-117,test,DRUSEN,drusen,OS,.tif,0.0002605175250209868
DRUSEN/117/026_Drusen.tif,DRUSEN-117,test,DRUSEN,drusen,OS,.tif,0.00029485466075129807
DRUSEN/117/027_Drusen.tif,DRUSEN-117,test,DRUSEN,drusen,OS,.tif,0.00038767082151025534
DRUSEN/117/028_Drusen.tif,DRUSEN-117,test,DRUSEN,drusen,OS,.tif,0.00029581086710095406
DRUSEN/117/029_Drusen.tif,DRUSEN-117,test,DRUSEN,drusen,OS,.tif,0.0003130901022814214
DRUSEN/117/030_Drusen.tif,DRUSEN-117,test,DRUSEN,drusen,OS,.tif,0.00036469040787778795
DRUSEN/119/000_Drusen.tif,DRUSEN-119,test,DRUSEN,drusen,OS,.tif,0.0003037232381757349
DRUSEN/119/001_Drusen.tif,DRUSEN-119,test,DRUSEN,drusen,OS,.tif,0.0002020199317485094
DRUSEN/119/002_Drusen.tif,DRUSEN-119,test,DRUSEN,drusen,OS,.tif,0.00031700797262601554
DRUSEN/119/003_Drusen.tif,DRUSEN-119,test,DRUSEN,drusen,OS,.tif,0.00035388278774917126
DRUSEN/119/004_Drusen.tif,DRUSEN-119,test,DRUSEN,drusen,OS,.tif,0.00024043467419687659
DRUSEN/119/005_Drusen.tif,DRUSEN-119,test,DRUSEN,drusen,OS,.tif,0.0004358853620942682
DRUSEN/119/006_Drusen.tif,DRUSEN-119,test,DRUSEN,drusen,OS,.tif,0.00042041903361678123
DRUSEN/119/007_Drusen.tif,DRUSEN-119,test,DRUSEN,drusen,OS,.tif,0.0005073606153018773
DRUSEN/119/008_Drusen.tif,DRUSEN-119,test,DRUSEN,drusen,OS,.tif,0.0005066655576229095
DRUSEN/119/009_Drusen.tif,DRUSEN-119,test,DRUSEN,drusen,OS,.tif,0.00041113869519904256
DRUSEN/119/010_Drusen.tif,DRUSEN-119,test,DRUSEN,drusen,OS,.tif,0.0003012693487107754
DRUSEN/119/011_Drusen.tif,DRUSEN-119,test,DRUSEN,drusen,OS,.tif,0.0004440711927600205
DRUSEN/119/012_Drusen.tif,DRUSEN-119,test,DRUSEN,drusen,OS,.tif,0.00035561586264520884
DRUSEN/119/013_Drusen.tif,DRUSEN-119,test,DRUSEN,drusen,OS,.tif,0.000541183864697814
DRUSEN/119/014_Drusen.tif,DRUSEN-119,test,DRUSEN,drusen,OS,.tif,0.00038046203553676605
DRUSEN/119/015_Drusen.tif,DRUSEN-119,test,DRUSEN,drusen,OS,.tif,0.0003982828638982028
DRUSEN/119/016_Drusen.tif,DRUSEN-119,test,DRUSEN,drusen,OS,.tif,0.00040064152562990785
DRUSEN/119/017_Drusen.tif,DRUSEN-119,test,DRUSEN,drusen,OS,.tif,0.0003855251707136631
DRUSEN/119/018_Drusen.tif,DRUSEN-119,test,DRUSEN,drusen,OS,.tif,0.0002767405821941793
DRUSEN/119/019_Drusen.tif,DRUSEN-119,test,DRUSEN,drusen,OS,.tif,0.00024835675139911473
DRUSEN/119/020_Drusen.tif,DRUSEN-119,test,DRUSEN,drusen,OS,.tif,0.00027183713973499835
DRUSEN/119/021_Drusen.tif,DRUSEN-119,test,DRUSEN,drusen,OS,.tif,0.0003183626977261156
DRUSEN/119/022_Drusen.tif,DRUSEN-119,test,DRUSEN,drusen,OS,.tif,0.00024688211851753294
DRUSEN/119/023_Drusen.tif,DRUSEN-119,test,DRUSEN,drusen,OS,.tif,0.00031861764728091657
DRUSEN/119/024_Drusen.tif,DRUSEN-119,test,DRUSEN,drusen,OS,.tif,0.0003502285107970238
DRUSEN/119/025_Drusen.tif,DRUSEN-119,test,DRUSEN,drusen,OS,.tif,0.0004411772533785552
DRUSEN/119/026_Drusen.tif,DRUSEN-119,test,DRUSEN,drusen,OS,.tif,0.00040037769940681756
DRUSEN/119/027_Drusen.tif,DRUSEN-119,test,DRUSEN,drusen,OS,.tif,0.0002669659734237939
DRUSEN/119/028_Drusen.tif,DRUSEN-119,test,DRUSEN,drusen,OS,.tif,0.0002200532180722803
DRUSEN/119/029_Drusen.tif,DRUSEN-119,test,DRUSEN,drusen,OS,.tif,0.00024347490398213267
DRUSEN/119/030_Drusen.tif,DRUSEN-119,test,DRUSEN,drusen,OS,.tif,0.0002528172917664051
DRUSEN/121/000_Normal.jpg,DRUSEN-121,test,DRUSEN,normal,OD,.jpg,0.0003959007153753191
DRUSEN/121/001_Normal.jpg,DRUSEN-121,test,DRUSEN,normal,OD,.jpg,0.00029199704295024276
DRUSEN/121/002_Normal.jpg,DRUSEN-121,test,DRUSEN,normal,OD,.jpg,0.0004180974210612476
DRUSEN/121/003_Normal.jpg,DRUSEN-121,test,DRUSEN,normal,OD,.jpg,0.0002673430135473609
DRUSEN/121/004_Normal.jpg,DRUSEN-121,test,DRUSEN,normal,OD,.jpg,0.0004280871362425387
DRUSEN/121/005_Normal.jpg,DRUSEN-121,test,DRUSEN,normal,OD,.jpg,0.00035841920180246234
DRUSEN/121/006_Normal.jpg,DRUSEN-121,test,DRUSEN,normal,OD,.jpg,0.0003923221956938505
DRUSEN/121/007_Normal.jpg,DRUSEN-121,test,DRUSEN,normal,OD,.jpg,0.0003714922349900007
DRUSEN/121/008_Normal.jpg,DRUSEN-121,test,DRUSEN,normal,OD,.jpg,0.000277824787190184
DRUSEN/121/009_Normal.jpg,DRUSEN-121,test,DRUSEN,normal,OD,.jpg,0.00030534237157553434
DRUSEN/121/010_Normal.jpg,DRUSEN-121,test,DRUSEN,normal,OD,.jpg,0.00023910058371257037
DRUSEN/121/011_Normal.jpg,DRUSEN-121,test,DRUSEN,normal,OD,.jpg,0.0002137847477570176
DRUSEN/121/012_Normal.jpg,DRUSEN-121,test,DRUSEN,normal,OD,.jpg,0.0002592097735032439
DRUSEN/121/013_Normal.jpg,DRUSEN-121,test,DRUSEN,normal,OD,.jpg,0.00023993894865270704
DRUSEN/121/014_Normal.jpg,DRUSEN-121,test,DRUSEN,normal,OD,.jpg,0.000219608104089275
DRUSEN/121/015_Normal.jpg,DRUSEN-121,test,DRUSEN,normal,OD,.jpg,0.0003017608541995287
DRUSEN/121/016_Normal.jpg,DRUSEN-121,test,DRUSEN,normal,OD,.jpg,0.00027536757988855243
DRUSEN/121/017_Normal.jpg,DRUSEN-121,test,DRUSEN,normal,OD,.jpg,0.0002553206286393106
DRUSEN/121/018_Normal.jpg,DRUSEN-121,test,DRUSEN,normal,OD,.jpg,0.00030109102954156697
DRUSEN/121/019_Drusen.jpg,DRUSEN-121,test,DRUSEN,drusen,OD,.jpg,0.0001913410087581724
DRUSEN/121/020_Drusen.jpg,DRUSEN-121,test,DRUSEN,drusen,OD,.jpg,0.0002435697242617607
DRUSEN/121/021_Drusen.jpg,DRUSEN-121,test,DRUSEN,drusen,OD,.jpg,0.00048373325262218714
DRUSEN/121/022_Drusen.jpg,DRUSEN-121,test,DRUSEN,drusen,OD,.jpg,0.00031533767469227314
DRUSEN/121/023_Normal.jpg,DRUSEN-121,test,DRUSEN,normal,OD,.jpg,0.00031574361491948366
DRUSEN/121/024_Normal.jpg,DRUSEN-121,test,DRUSEN,normal,OD,.jpg,0.00039188869413919747
DRUSEN/121/025_Normal.jpg,DRUSEN-121,test,DRUSEN,normal,OD,.jpg,0.0002911047195084393
DRUSEN/121/026_Normal.jpg,DRUSEN-121,test,DRUSEN,normal,OD,.jpg,0.00027028980548493564
DRUSEN/121/027_Normal.jpg,DRUSEN-121,test,DRUSEN,normal,OD,.jpg,0.00029698567232117057
DRUSEN/121/028_Normal.jpg,DRUSEN-121,test,DRUSEN,normal,OD,.jpg,0.00031006266362965107
DRUSEN/121/029_Normal.jpg,DRUSEN-121,test,DRUSEN,normal,OD,.jpg,0.00024456813116557896
DRUSEN/121/030_Normal.jpg,DRUSEN-121,test,DRUSEN,normal,OD,.jpg,0.00025770446518436074
DRUSEN/122/000_Drusen.tif,DRUSEN-122,test,DRUSEN,drusen,OS,.tif,0.0001963283575605601
DRUSEN/122/001_Drusen.tif,DRUSEN-122,test,DRUSEN,drusen,OS,.tif,0.0001895746390800923
DRUSEN/122/002_Drusen.tif,DRUSEN-122,test,DRUSEN,drusen,OS,.tif,0.00018240584176965058
DRUSEN/122/003_Drusen.tif,DRUSEN-122,test,DRUSEN,drusen,OS,.tif,0.0002683124039322138
DRUSEN/122/004_Drusen.tif,DRUSEN-122,test,DRUSEN,drusen,OS,.tif,0.00025140942307189107
DRUSEN/122/005_Drusen.tif,DRUSEN-122,test,DRUSEN,drusen,OS,.tif,0.00017004917026497424
DRUSEN/122/006_Drusen.tif,DRUSEN-122,test,DRUSEN,drusen,OS,.tif,0.0002381566446274519
DRUSEN/122/007_Drusen.tif,DRUSEN-122,test,DRUSEN,drusen,OS,.tif,0.00030109769431874156
DRUSEN/122/008_Drusen.tif,DRUSEN-122,test,DRUSEN,drusen,OS,.tif,0.00019264731963630766
DRUSEN/122/009_Drusen.tif,DRUSEN-122,test,DRUSEN,drusen,OS,.tif,0.00023334880825132132
DRUSEN/122/010_Drusen.tif,DRUSEN-122,test,DRUSEN,drusen,OS,.tif,0.000302742759231478
DRUSEN/122/011_Drusen.tif,DRUSEN-122,test,DRUSEN,drusen,OS,.tif,0.00021436222596094012
DRUSEN/122/012_Drusen.tif,DRUSEN-122,test,DRUSEN,drusen,OS,.tif,0.00024366940488107502
DRUSEN/122/013_Drusen.tif,DRUSEN-122,test,DRUSEN,drusen,OS,.tif,0.000199462563614361
DRUSEN/122/014_Drusen.tif,DRUSEN-122,test,DRUSEN,drusen,OS,.tif,0.000248261378146708
DRUSEN/122/015_Drusen.tif,DRUSEN-122,test,DRUSEN,drusen,OS,.tif,0.00017872752505354583
DRUSEN/122/016_Drusen.tif,DRUSEN-122,test,DRUSEN,drusen,OS,.tif,0.00020109236356802285
DRUSEN/122/017_Drusen.tif,DRUSEN-122,test,DRUSEN,drusen,OS,.tif,0.00018931717204395682
DRUSEN/122/018_Drusen.tif,DRUSEN-122,test,DRUSEN,drusen,OS,.tif,0.00024017957912292331
DRUSEN/122/019_Drusen.tif,DRUSEN-122,test,DRUSEN,drusen,OS,.tif,0.00031254900386556983
DRUSEN/122/020_Drusen.tif,DRUSEN-122,test,DRUSEN,drusen,OS,.tif,0.00035407146788202226
DRUSEN/122/021_Drusen.tif,DRUSEN-122,test,DRUSEN,drusen,OS,.tif,0.0002315872989129275
DRUSEN/122/022_Drusen.tif,DRUSEN-122,test,DRUSEN,drusen,OS,.tif,0.0002775048487819731
DRUSEN/122/023_Drusen.tif,DRUSEN-122,test,DRUSEN,drusen,OS,.tif,0.00021352623298298568
DRUSEN/122/024_Drusen.tif,DRUSEN-122,test,DRUSEN,drusen,OS,.tif,0.000284684298094362
DRUSEN/122/025_Drusen.tif,DRUSEN-122,test,DRUSEN,drusen,OS,.tif,0.0002814719046000391
DRUSEN/122/026_Drusen.tif,DRUSEN-122,test,DRUSEN,drusen,OS,.tif,0.000308990478515625
DRUSEN/122/027_Drusen.tif,DRUSEN-122,test,DRUSEN,drusen,OS,.tif,0.0003016732516698539
DRUSEN/122/028_Drusen.tif,DRUSEN-122,test,DRUSEN,drusen,OS,.tif,0.000223626964725554
DRUSEN/122/029_Drusen.tif,DRUSEN-122,test,DRUSEN,drusen,OS,.tif,0.0006035297410562634
DRUSEN/122/030_Drusen.tif,DRUSEN-122,test,DRUSEN,drusen,OS,.tif,0.00042767400736920536
DRUSEN/126/000_Drusen.tif,DRUSEN-126,test,DRUSEN,drusen,OD,.tif,0.0003219702048227191
DRUSEN/126/001_Drusen.tif,DRUSEN-126,test,DRUSEN,drusen,OD,.tif,0.000431498687248677
DRUSEN/126/002_Drusen.tif,DRUSEN-126,test,DRUSEN,drusen,OD,.tif,0.00024788931477814913
DRUSEN/126/003_Drusen.tif,DRUSEN-126,test,DRUSEN,drusen,OD,.tif,0.0003148244577459991
DRUSEN/126/004_Drusen.tif,DRUSEN-126,test,DRUSEN,drusen,OD,.tif,0.00037690962199121714
DRUSEN/126/005_Drusen.tif,DRUSEN-126,test,DRUSEN,drusen,OD,.tif,0.00020105041039641947
DRUSEN/126/006_Drusen.tif,DRUSEN-126,test,DRUSEN,drusen,OD,.tif,0.00022566068219020963
DRUSEN/126/007_Drusen.tif,DRUSEN-126,test,DRUSEN,drusen,OD,.tif,0.00032567078596912324
DRUSEN/126/008_Drusen.tif,DRUSEN-126,test,DRUSEN,drusen,OD,.tif,0.00021647082758136094
DRUSEN/126/009_Drusen.tif,DRUSEN-126,test,DRUSEN,drusen,OD,.tif,0.00026308922679163516
DRUSEN/126/010_Drusen.tif,DRUSEN-126,test,DRUSEN,drusen,OD,.tif,0.000311607145704329
DRUSEN/126/011_Drusen.tif,DRUSEN-126,test,DRUSEN,drusen,OD,.tif,0.00024216932069975883
DRUSEN/126/012_Drusen.tif,DRUSEN-126,test,DRUSEN,drusen,OD,.tif,0.0003040476585738361
DRUSEN/126/013_Drusen.tif,DRUSEN-126,test,DRUSEN,drusen,OD,.tif,0.00021605388610623777
DRUSEN/126/014_Drusen.tif,DRUSEN-126,test,DRUSEN,drusen,OD,.tif,0.00025669654132798314
DRUSEN/126/015_Drusen.tif,DRUSEN-126,test,DRUSEN,drusen,OD,.tif,0.00022336818801704794
DRUSEN/126/016_Drusen.tif,DRUSEN-126,test,DRUSEN,drusen,OD,.tif,0.0002595169935375452
DRUSEN/126/017_Drusen.tif,DRUSEN-126,test,DRUSEN,drusen,OD,.tif,0.0002313776349183172
DRUSEN/126/018_Drusen.tif,DRUSEN-126,test,DRUSEN,drusen,OD,.tif,0.00021457199181895703
DRUSEN/126/019_Drusen.tif,DRUSEN-126,test,DRUSEN,drusen,OD,.tif,0.00017984805162996054
DRUSEN/126/020_Drusen.tif,DRUSEN-126,test,DRUSEN,drusen,OD,.tif,0.00022457371233031154
DRUSEN/126/021_Drusen.tif,DRUSEN-126,test,DRUSEN,drusen,OD,.tif,0.00023065964342094958
DRUSEN/126/022_Drusen.tif,DRUSEN-126,test,DRUSEN,drusen,OD,.tif,0.00017241312889382243
DRUSEN/126/023_Drusen.tif,DRUSEN-126,test,DRUSEN,drusen,OD,.tif,0.00030050150235183537
DRUSEN/126/024_Drusen.tif,DRUSEN-126,test,DRUSEN,drusen,OD,.tif,0.0002807722194120288
DRUSEN/126/025_Drusen.tif,DRUSEN-126,test,DRUSEN,drusen,OD,.tif,0.0001860970223788172
DRUSEN/126/026_Drusen.tif,DRUSEN-126,test,DRUSEN,drusen,OD,.tif,0.0004066028050146997
DRUSEN/126/027_Drusen.tif,DRUSEN-126,test,DRUSEN,drusen,OD,.tif,0.00021979212760925293
DRUSEN/126/028_Drusen.tif,DRUSEN-126,test,DRUSEN,drusen,OD,.tif,0.00019069903646595776
DRUSEN/126/029_Drusen.tif,DRUSEN-126,test,DRUSEN,drusen,OD,.tif,0.0002278012689203024
DRUSEN/126/030_Drusen.tif,DRUSEN-126,test,DRUSEN,drusen,OD,.tif,0.00028951442800462246
DRUSEN/127/000_Drusen.tif,DRUSEN-127,test,DRUSEN,drusen,OD,.tif,0.0002703003119677305
DRUSEN/127/001_Drusen.tif,DRUSEN-127,test,DRUSEN,drusen,OD,.tif,0.00030920468270778656
DRUSEN/127/002_Drusen.tif,DRUSEN-127,test,DRUSEN,drusen,OD,.tif,0.000295809208182618
DRUSEN/127/003_Drusen.tif,DRUSEN-127,test,DRUSEN,drusen,OD,.tif,0.0002400394296273589
DRUSEN/127/004_Drusen.tif,DRUSEN-127,test,DRUSEN,drusen,OD,.tif,0.0003088478115387261
DRUSEN/127/005_Drusen.tif,DRUSEN-127,test,DRUSEN,drusen,OD,.tif,0.00039841257967054844
DRUSEN/127/006_Drusen.tif,DRUSEN-127,test,DRUSEN,drusen,OD,.tif,0.0002984398161061108
DRUSEN/127/007_Drusen.tif,DRUSEN-127,test,DRUSEN,drusen,OD,.tif,0.0002320191852049902
DRUSEN/127/008_Drusen.tif,DRUSEN-127,test,DRUSEN,drusen,OD,.tif,0.00043295329669490457
DRUSEN/127/009_Drusen.tif,DRUSEN-127,test,DRUSEN,drusen,OD,.tif,0.0002896157675422728
DRUSEN/127/010_Drusen.tif,DRUSEN-127,test,DRUSEN,drusen,OD,.tif,0.0002696582523640245
DRUSEN/127/011_Drusen.tif,DRUSEN-127,test,DRUSEN,drusen,OD,.tif,0.0002247569791506976
DRUSEN/127/012_Drusen.tif,DRUSEN-127,test,DRUSEN,drusen,OD,.tif,0.00024414778454229236
DRUSEN/127/013_Drusen.tif,DRUSEN-127,test,DRUSEN,drusen,OD,.tif,0.0003245099796913564
DRUSEN/127/014_Drusen.tif,DRUSEN-127,test,DRUSEN,drusen,OD,.tif,0.00040255184285342693
DRUSEN/127/015_Drusen.tif,DRUSEN-127,test,DRUSEN,drusen,OD,.tif,0.0003036063280887902
DRUSEN/127/016_Drusen.tif,DRUSEN-127,test,DRUSEN,drusen,OD,.tif,0.00024572585243731737
DRUSEN/127/017_Drusen.tif,DRUSEN-127,test,DRUSEN,drusen,OD,.tif,0.00032868958078324795
DRUSEN/127/018_Drusen.tif,DRUSEN-127,test,DRUSEN,drusen,OD,.tif,0.00030500220600515604
DRUSEN/127/019_Drusen.tif,DRUSEN-127,test,DRUSEN,drusen,OD,.tif,0.0003344688448123634
DRUSEN/127/020_Drusen.tif,DRUSEN-127,test,DRUSEN,drusen,OD,.tif,0.0005019691307097673
DRUSEN/127/021_Drusen.tif,DRUSEN-127,test,DRUSEN,drusen,OD,.tif,0.0002452403132338077
DRUSEN/127/022_Drusen.tif,DRUSEN-127,test,DRUSEN,drusen,OD,.tif,0.00025845482014119625
DRUSEN/127/023_Drusen.tif,DRUSEN-127,test,DRUSEN,drusen,OD,.tif,0.0003563145291991532
DRUSEN/127/024_Drusen.tif,DRUSEN-127,test,DRUSEN,drusen,OD,.tif,0.0002394800103502348
DRUSEN/128/000_Drusen.tif,DRUSEN-128,test,DRUSEN,drusen,OD,.tif,0.0003450473886914551
DRUSEN/128/001_Drusen.tif,DRUSEN-128,test,DRUSEN,drusen,OD,.tif,0.0002683419152162969
DRUSEN/128/002_Drusen.tif,DRUSEN-128,test,DRUSEN,drusen,OD,.tif,0.00028158118948340416
DRUSEN/128/003_Drusen.tif,DRUSEN-128,test,DRUSEN,drusen,OD,.tif,0.00030632084235548973
DRUSEN/128/004_Drusen.tif,DRUSEN-128,test,DRUSEN,drusen,OD,.tif,0.00038364107604138553
DRUSEN/128/005_Drusen.tif,DRUSEN-128,test,DRUSEN,drusen,OD,.tif,0.00026894453912973404
DRUSEN/128/006_Drusen.tif,DRUSEN-128,test,DRUSEN,drusen,OD,.tif,0.00024878018302842975
DRUSEN/128/007_Drusen.tif,DRUSEN-128,test,DRUSEN,drusen,OD,.tif,0.0002570462820585817
DRUSEN/128/008_Drusen.tif,DRUSEN-128,test,DRUSEN,drusen,OD,.tif,0.00028418732108548284
DRUSEN/128/009_Drusen.tif,DRUSEN-128,test,DRUSEN,drusen,OD,.tif,0.00019733546650968492
DRUSEN/128/010_Drusen.tif,DRUSEN-128,test,DRUSEN,drusen,OD,.tif,0.00021921702136751264
DRUSEN/128/011_Drusen.tif,DRUSEN-128,test,DRUSEN,drusen,OD,.tif,0.00024177151499316096
DRUSEN/128/012_Drusen.tif,DRUSEN-128,test,DRUSEN,drusen,OD,.tif,0.0002511186175979674
DRUSEN/128/013_Drusen.tif,DRUSEN-128,test,DRUSEN,drusen,OD,.tif,0.00020394085731822997
DRUSEN/128/014_Drusen.tif,DRUSEN-128,test,DRUSEN,drusen,OD,.tif,0.0002566735493019223
DRUSEN/128/015_Drusen.tif,DRUSEN-128,test,DRUSEN,drusen,OD,.tif,0.00025705056032165885
DRUSEN/128/016_Drusen.tif,DRUSEN-128,test,DRUSEN,drusen,OD,.tif,0.0003239536308683455
DRUSEN/128/017_Drusen.tif,DRUSEN-128,test,DRUSEN,drusen,OD,.tif,0.00023030306329019368
DRUSEN/128/018_Drusen.tif,DRUSEN-128,test,DRUSEN,drusen,OD,.tif,0.0002820566587615758
DRUSEN/128/019_Drusen.tif,DRUSEN-128,test,DRUSEN,drusen,OD,.tif,0.00019283128494862467
DRUSEN/128/020_Drusen.tif,DRUSEN-128,test,DRUSEN,drusen,OD,.tif,0.00022161894594319165
DRUSEN/128/021_Drusen.tif,DRUSEN-128,test,DRUSEN,drusen,OD,.tif,0.0002539588895160705
DRUSEN/128/022_Drusen.tif,DRUSEN-128,test,DRUSEN,drusen,OD,.tif,0.00033047160832211375
DRUSEN/128/023_Drusen.tif,DRUSEN-128,test,DRUSEN,drusen,OD,.tif,0.0003330331528559327
DRUSEN/128/024_Drusen.tif,DRUSEN-128,test,DRUSEN,drusen,OD,.tif,0.0003924779302906245
DRUSEN/128/025_Drusen.tif,DRUSEN-128,test,DRUSEN,drusen,OD,.tif,0.00028815498808398843
DRUSEN/128/026_Drusen.tif,DRUSEN-128,test,DRUSEN,drusen,OD,.tif,0.00030544534092769027
DRUSEN/128/027_Drusen.tif,DRUSEN-128,test,DRUSEN,drusen,OD,.tif,0.0003969204262830317
DRUSEN/128/028_Drusen.tif,DRUSEN-128,test,DRUSEN,drusen,OD,.tif,0.00041569850873202085
DRUSEN/128/029_Drusen.tif,DRUSEN-128,test,DRUSEN,drusen,OD,.tif,0.00037675307248719037
DRUSEN/128/030_Drusen.tif,DRUSEN-128,test,DRUSEN,drusen,OD,.tif,0.0004000566841568798
DRUSEN/129/000_Normal.tif,DRUSEN-129,test,DRUSEN,normal,OD,.tif,0.000233705693972297
DRUSEN/129/001_Drusen.tif,DRUSEN-129,test,DRUSEN,drusen,OD,.tif,0.00035105040296912193
DRUSEN/129/002_Drusen.tif,DRUSEN-129,test,DRUSEN,drusen,OD,.tif,0.00023267828510142863
DRUSEN/129/003_Drusen.tif,DRUSEN-129,test,DRUSEN,drusen,OD,.tif,0.0003113476559519768
DRUSEN/129/004_Drusen.tif,DRUSEN-129,test,DRUSEN,drusen,OD,.tif,0.0004280838184058666
DRUSEN/129/005_Drusen.tif,DRUSEN-129,test,DRUSEN,drusen,OD,.tif,0.0002914832148235291
DRUSEN/129/006_Drusen.tif,DRUSEN-129,test,DRUSEN,drusen,OD,.tif,0.00024698631023056805
DRUSEN/129/007_Drusen.tif,DRUSEN-129,test,DRUSEN,drusen,OD,.tif,0.0002932609640993178
DRUSEN/129/008_Drusen.tif,DRUSEN-129,test,DRUSEN,drusen,OD,.tif,0.0002310012059751898
DRUSEN/129/009_Drusen.tif,DRUSEN-129,test,DRUSEN,drusen,OD,.tif,0.00022517539036925882
DRUSEN/129/010_Drusen.tif,DRUSEN-129,test,DRUSEN,drusen,OD,.tif,0.00023293218691833317
DRUSEN/129/011_Drusen.tif,DRUSEN-129,test,DRUSEN,drusen,OD,.tif,0.00020595183013938367
DRUSEN/129/012_Drusen.tif,DRUSEN-129,test,DRUSEN,drusen,OD,.tif,0.00019882673223037273
DRUSEN/129/013_Drusen.tif,DRUSEN-129,test,DRUSEN,drusen,OD,.tif,0.00024175710859708488
DRUSEN/129/014_Drusen.tif,DRUSEN-129,test,DRUSEN,drusen,OD,.tif,0.00039640048635192215
DRUSEN/129/015_Drusen.tif,DRUSEN-129,test,DRUSEN,drusen,OD,.tif,0.00026597618125379086
DRUSEN/129/016_Drusen.tif,DRUSEN-129,test,DRUSEN,drusen,OD,.tif,0.0003025813784915954
DRUSEN/129/017_Drusen.tif,DRUSEN-129,test,DRUSEN,drusen,OD,.tif,0.0003148235264234245
DRUSEN/129/018_Drusen.tif,DRUSEN-129,test,DRUSEN,drusen,OD,.tif,0.00021445765742100775
DRUSEN/129/019_Drusen.tif,DRUSEN-129,test,DRUSEN,drusen,OD,.tif,0.0002970078494399786
DRUSEN/129/020_Drusen.tif,DRUSEN-129,test,DRUSEN,drusen,OD,.tif,0.00029164121951907873
DRUSEN/129/021_Drusen.tif,DRUSEN-129,test,DRUSEN,drusen,OD,.tif,0.0003014299145434052
DRUSEN/129/022_Drusen.tif,DRUSEN-129,test,DRUSEN,drusen,OD,.tif,0.0002087470784317702
DRUSEN/129/023_Drusen.tif,DRUSEN-129,test,DRUSEN,drusen,OD,.tif,0.0002365053369430825
DRUSEN/129/024_Drusen.tif,DRUSEN-129,test,DRUSEN,drusen,OD,.tif,0.00021173986897338182
DRUSEN/129/025_Drusen.tif,DRUSEN-129,test,DRUSEN,drusen,OD,.tif,0.0003002451849170029
DRUSEN/129/026_Drusen.tif,DRUSEN-129,test,DRUSEN,drusen,OD,.tif,0.00023273524129763246
DRUSEN/129/027_Drusen.tif,DRUSEN-129,test,DRUSEN,drusen,OD,.tif,0.00018644839292392135
DRUSEN/129/028_Drusen.tif,DRUSEN-129,test,DRUSEN,drusen,OD,.tif,0.00019113675807602704
DRUSEN/129/029_Drusen.tif,DRUSEN-129,test,DRUSEN,drusen,OD,.tif,0.0003181373467668891
DRUSEN/129/030_Drusen.tif,DRUSEN-129,test,DRUSEN,drusen,OD,.tif,0.0002526612370274961
DRUSEN/130/000_Drusen.tif,DRUSEN-130,test,DRUSEN,drusen,OS,.tif,0.00018738119979389012
DRUSEN/130/001_Drusen.tif,DRUSEN-130,test,DRUSEN,drusen,OS,.tif,0.0002595186815597117
DRUSEN/130/002_Drusen.tif,DRUSEN-130,test,DRUSEN,drusen,OS,.tif,0.0005107790348120034
DRUSEN/130/003_Drusen.tif,DRUSEN-130,test,DRUSEN,drusen,OS,.tif,0.00041369698010385036
DRUSEN/130/004_Drusen.tif,DRUSEN-130,test,DRUSEN,drusen,OS,.tif,0.0003403296577744186
DRUSEN/130/005_Drusen.tif,DRUSEN-130,test,DRUSEN,drusen,OS,.tif,0.0003586473176255822
DRUSEN/130/006_Drusen.tif,DRUSEN-130,test,DRUSEN,drusen,OS,.tif,0.00033395958598703146
DRUSEN/130/007_Drusen.tif,DRUSEN-130,test,DRUSEN,drusen,OS,.tif,0.00039348608697764575
DRUSEN/130/008_Drusen.tif,DRUSEN-130,test,DRUSEN,drusen,OS,.tif,0.00037958298344165087
DRUSEN/130/009_Drusen.tif,DRUSEN-130,test,DRUSEN,drusen,OS,.tif,0.00034819060238078237
DRUSEN/130/010_Drusen.tif,DRUSEN-130,test,DRUSEN,drusen,OS,.tif,0.00026518135564401746
DRUSEN/130/011_Drusen.tif,DRUSEN-130,test,DRUSEN,drusen,OS,.tif,0.00034630423760972917
DRUSEN/130/012_Drusen.tif,DRUSEN-130,test,DRUSEN,drusen,OS,.tif,0.00021216433378867805
DRUSEN/130/013_Drusen.tif,DRUSEN-130,test,DRUSEN,drusen,OS,.tif,0.0002307763061253354
DRUSEN/130/014_Drusen.tif,DRUSEN-130,test,DRUSEN,drusen,OS,.tif,0.0002618599100969732
DRUSEN/130/015_Drusen.tif,DRUSEN-130,test,DRUSEN,drusen,OS,.tif,0.0002150473592337221
DRUSEN/130/016_Drusen.tif,DRUSEN-130,test,DRUSEN,drusen,OS,.tif,0.0002935378288384527
DRUSEN/130/017_Drusen.tif,DRUSEN-130,test,DRUSEN,drusen,OS,.tif,0.00027984962798655033
DRUSEN/130/018_Drusen.tif,DRUSEN-130,test,DRUSEN,drusen,OS,.tif,0.00023236710694618523
DRUSEN/130/019_Drusen.tif,DRUSEN-130,test,DRUSEN,drusen,OS,.tif,0.00031581439543515444
DRUSEN/130/020_Drusen.tif,DRUSEN-130,test,DRUSEN,drusen,OS,.tif,0.00036229027318768203
DRUSEN/130/021_Drusen.tif,DRUSEN-130,test,DRUSEN,drusen,OS,.tif,0.0004087025881744921
DRUSEN/130/022_Drusen.tif,DRUSEN-130,test,DRUSEN,drusen,OS,.tif,0.00028935150476172566
DRUSEN/130/023_Drusen.tif,DRUSEN-130,test,DRUSEN,drusen,OS,.tif,0.0004244949668645859
DRUSEN/130/024_Drusen.tif,DRUSEN-130,test,DRUSEN,drusen,OS,.tif,0.0002819570363499224
DRUSEN/131/000_Drusen.tif,DRUSEN-131,test,DRUSEN,drusen,OD,.tif,0.0004841518821194768
DRUSEN/131/001_Drusen.tif,DRUSEN-131,test,DRUSEN,drusen,OD,.tif,0.0003279728116467595
DRUSEN/131/002_Drusen.tif,DRUSEN-131,test,DRUSEN,drusen,OD,.tif,0.000199975969735533
DRUSEN/131/003_Drusen.tif,DRUSEN-131,test,DRUSEN,drusen,OD,.tif,0.0002758908085525036
DRUSEN/131/004_Drusen.tif,DRUSEN-131,test,DRUSEN,drusen,OD,.tif,0.00029335645376704633
DRUSEN/131/005_Drusen.tif,DRUSEN-131,test,DRUSEN,drusen,OD,.tif,0.00018698166240938008
DRUSEN/131/006_Drusen.tif,DRUSEN-131,test,DRUSEN,drusen,OD,.tif,0.0004912778967991471
DRUSEN/131/007_Drusen.tif,DRUSEN-131,test,DRUSEN,drusen,OD,.tif,0.00022762399748899043
DRUSEN/131/008_Drusen.tif,DRUSEN-131,test,DRUSEN,drusen,OD,.tif,0.0004316344275139272
DRUSEN/131/009_Drusen.tif,DRUSEN-131,test,DRUSEN,drusen,OD,.tif,0.0002637919969856739
DRUSEN/131/010_Drusen.tif,DRUSEN-131,test,DRUSEN,drusen,OD,.tif,0.0002136000694008544
DRUSEN/131/011_Drusen.tif,DRUSEN-131,test,DRUSEN,drusen,OD,.tif,0.0002464090066496283
DRUSEN/131/012_Drusen.tif,DRUSEN-131,test,DRUSEN,drusen,OD,.tif,0.00017278542509302497
DRUSEN/131/013_Drusen.tif,DRUSEN-131,test,DRUSEN,drusen,OD,.tif,0.0002460306277498603
DRUSEN/131/014_Drusen.tif,DRUSEN-131,test,DRUSEN,drusen,OD,.tif,0.00028645299607887864
DRUSEN/131/015_Drusen.tif,DRUSEN-131,test,DRUSEN,drusen,OD,.tif,0.00023355822486337274
DRUSEN/131/016_Drusen.tif,DRUSEN-131,test,DRUSEN,drusen,OD,.tif,0.00022018584422767162
DRUSEN/131/017_Drusen.tif,DRUSEN-131,test,DRUSEN,drusen,OD,.tif,0.00017593264055904
DRUSEN/131/018_Drusen.tif,DRUSEN-131,test,DRUSEN,drusen,OD,.tif,0.00027074292302131653
DRUSEN/131/019_Drusen.tif,DRUSEN-131,test,DRUSEN,drusen,OD,.tif,0.00019034461001865566
DRUSEN/131/020_Drusen.tif,DRUSEN-131,test,DRUSEN,drusen,OD,.tif,0.0002559567801654339
DRUSEN/131/021_Drusen.tif,DRUSEN-131,test,DRUSEN,drusen,OD,.tif,0.00023770098050590605
DRUSEN/131/022_Drusen.tif,DRUSEN-131,test,DRUSEN,drusen,OD,.tif,0.0002837266947608441
DRUSEN/131/023_Drusen.tif,DRUSEN-131,test,DRUSEN,drusen,OD,.tif,0.00016702068387530744
DRUSEN/131/024_Drusen.tif,DRUSEN-131,test,DRUSEN,drusen,OD,.tif,0.00025813106913119555
DRUSEN/131/025_Drusen.tif,DRUSEN-131,test,DRUSEN,drusen,OD,.tif,0.00023080485698301345
DRUSEN/131/026_Drusen.tif,DRUSEN-131,test,DRUSEN,drusen,OD,.tif,0.0003163680084981024
DRUSEN/131/027_Drusen.tif,DRUSEN-131,test,DRUSEN,drusen,OD,.tif,0.00036175723653286695
DRUSEN/131/028_Drusen.tif,DRUSEN-131,test,DRUSEN,drusen,OD,.tif,0.00022788537899032235
DRUSEN/131/029_Drusen.tif,DRUSEN-131,test,DRUSEN,drusen,OD,.tif,0.00022743850422557443
DRUSEN/131/030_Drusen.tif,DRUSEN-131,test,DRUSEN,drusen,OD,.tif,0.00027153929113410413
DRUSEN/132/000_Normal.tif,DRUSEN-132,test,DRUSEN,normal,OS,.tif,0.0003950825775973499
DRUSEN/132/001_Drusen.tif,DRUSEN-132,test,DRUSEN,drusen,OS,.tif,0.00024021946592256427
DRUSEN/132/002_Drusen.tif,DRUSEN-132,test,DRUSEN,drusen,OS,.tif,0.0003563248901627958
DRUSEN/132/003_Drusen.tif,DRUSEN-132,test,DRUSEN,drusen,OS,.tif,0.0004124032857362181
DRUSEN/132/004_Drusen.tif,DRUSEN-132,test,DRUSEN,drusen,OS,.tif,0.00034393841633573174
DRUSEN/132/005_Drusen.tif,DRUSEN-132,test,DRUSEN,drusen,OS,.tif,0.0004309083742555231
DRUSEN/132/006_Drusen.tif,DRUSEN-132,test,DRUSEN,drusen,OS,.tif,0.0003523681953083724
DRUSEN/132/007_Drusen.tif,DRUSEN-132,test,DRUSEN,drusen,OS,.tif,0.00032210967037826777
DRUSEN/132/008_Drusen.tif,DRUSEN-132,test,DRUSEN,drusen,OS,.tif,0.0002700585755519569
DRUSEN/132/009_Drusen.tif,DRUSEN-132,test,DRUSEN,drusen,OS,.tif,0.00028889771783724427
DRUSEN/132/010_Drusen.tif,DRUSEN-132,test,DRUSEN,drusen,OS,.tif,0.00021797178487759084
DRUSEN/132/011_Drusen.tif,DRUSEN-132,test,DRUSEN,drusen,OS,.tif,0.0002986023901030421
DRUSEN/132/012_Drusen.tif,DRUSEN-132,test,DRUSEN,drusen,OS,.tif,0.0002019592939177528
DRUSEN/132/013_Drusen.tif,DRUSEN-132,test,DRUSEN,drusen,OS,.tif,0.00032906827982515097
DRUSEN/132/014_Drusen.tif,DRUSEN-132,test,DRUSEN,drusen,OS,.tif,0.000207123055588454
DRUSEN/132/015_Drusen.tif,DRUSEN-132,test,DRUSEN,drusen,OS,.tif,0.0002513400395400822
DRUSEN/132/016_Drusen.tif,DRUSEN-132,test,DRUSEN,drusen,OS,.tif,0.00022056102170608938
DRUSEN/132/017_Drusen.tif,DRUSEN-132,test,DRUSEN,drusen,OS,.tif,0.00021481854491867125
DRUSEN/132/018_Drusen.tif,DRUSEN-132,test,DRUSEN,drusen,OS,.tif,0.00022597771021537483
DRUSEN/132/019_Drusen.tif,DRUSEN-132,test,DRUSEN,drusen,OS,.tif,0.00030175800202414393
DRUSEN/132/020_Drusen.tif,DRUSEN-132,test,DRUSEN,drusen,OS,.tif,0.0002327942638657987
DRUSEN/132/021_Drusen.tif,DRUSEN-132,test,DRUSEN,drusen,OS,.tif,0.00039517879486083984
DRUSEN/132/022_Drusen.tif,DRUSEN-132,test,DRUSEN,drusen,OS,.tif,0.0003184039087500423
DRUSEN/132/023_Drusen.tif,DRUSEN-132,test,DRUSEN,drusen,OS,.tif,0.00019817882275674492
DRUSEN/132/024_Drusen.tif,DRUSEN-132,test,DRUSEN,drusen,OS,.tif,0.0003501072933431715
DRUSEN/132/025_Drusen.tif,DRUSEN-132,test,DRUSEN,drusen,OS,.tif,0.00033393208286724985
DRUSEN/132/026_Drusen.tif,DRUSEN-132,test,DRUSEN,drusen,OS,.tif,0.0003193595912307501
DRUSEN/132/027_Drusen.tif,DRUSEN-132,test,DRUSEN,drusen,OS,.tif,0.0003383125294931233
DRUSEN/132/028_Drusen.tif,DRUSEN-132,test,DRUSEN,drusen,OS,.tif,0.00021012764773331583
DRUSEN/132/029_Drusen.tif,DRUSEN-132,test,DRUSEN,drusen,OS,.tif,0.00027129886439070106
DRUSEN/132/030_Drusen.tif,DRUSEN-132,test,DRUSEN,drusen,OS,.tif,0.0003401121066417545
DRUSEN/133/OD/000_Normal.tif,DRUSEN-133,test,DRUSEN,normal,OD,.tif,0.0002482363488525152
DRUSEN/133/OD/001_Normal.tif,DRUSEN-133,test,DRUSEN,normal,OD,.tif,0.0002626041532494128
DRUSEN/133/OD/002_Normal.tif,DRUSEN-133,test,DRUSEN,normal,OD,.tif,0.00032507418654859066
DRUSEN/133/OD/003_Normal.tif,DRUSEN-133,test,DRUSEN,normal,OD,.tif,0.0001759507431415841
DRUSEN/133/OD/004_Normal.tif,DRUSEN-133,test,DRUSEN,normal,OD,.tif,0.0002419817610643804
DRUSEN/133/OD/005_Normal.tif,DRUSEN-133,test,DRUSEN,normal,OD,.tif,0.0002092072827508673
DRUSEN/133/OD/006_Normal.tif,DRUSEN-133,test,DRUSEN,normal,OD,.tif,0.00024626828962937
DRUSEN/133/OD/007_Normal.tif,DRUSEN-133,test,DRUSEN,normal,OD,.tif,0.000310261151753366
DRUSEN/133/OD/008_Normal.tif,DRUSEN-133,test,DRUSEN,normal,OD,.tif,0.00026369543047621846
DRUSEN/133/OD/009_Drusen.tif,DRUSEN-133,test,DRUSEN,drusen,OD,.tif,0.00019903783686459064
DRUSEN/133/OD/010_Drusen.tif,DRUSEN-133,test,DRUSEN,drusen,OD,.tif,0.0003343474236316979
DRUSEN/133/OD/011_Drusen.tif,DRUSEN-133,test,DRUSEN,drusen,OD,.tif,0.0003691474557854235
DRUSEN/133/OD/012_Drusen.tif,DRUSEN-133,test,DRUSEN,drusen,OD,.tif,0.00023550415062345564
DRUSEN/133/OD/013_Drusen.tif,DRUSEN-133,test,DRUSEN,drusen,OD,.tif,0.00027126463828608394
DRUSEN/133/OD/014_Drusen.tif,DRUSEN-133,test,DRUSEN,drusen,OD,.tif,0.00031503773061558604
DRUSEN/133/OD/015_Drusen.tif,DRUSEN-133,test,DRUSEN,drusen,OD,.tif,0.00017312142881564796
DRUSEN/133/OD/016_Drusen.tif,DRUSEN-133,test,DRUSEN,drusen,OD,.tif,0.00015296033234335482
DRUSEN/133/OD/017_Drusen.tif,DRUSEN-133,test,DRUSEN,drusen,OD,.tif,0.0002230189274996519
DRUSEN/133/OD/018_Drusen.tif,DRUSEN-133,test,DRUSEN,drusen,OD,.tif,0.00021294434554874897
DRUSEN/133/OD/019_Drusen.tif,DRUSEN-133,test,DRUSEN,drusen,OD,.tif,0.0002582299057394266
DRUSEN/133/OD/020_Drusen.tif,DRUSEN-133,test,DRUSEN,drusen,OD,.tif,0.0002345477550989017
DRUSEN/133/OD/021_Drusen.tif,DRUSEN-133,test,DRUSEN,drusen,OD,.tif,0.00036933558294549584
DRUSEN/133/OD/022_Drusen.tif,DRUSEN-133,test,DRUSEN,drusen,OD,.tif,0.00025285696028731763
DRUSEN/133/OD/023_Drusen.tif,DRUSEN-133,test,DRUSEN,drusen,OD,.tif,0.0003044255718123168
DRUSEN/133/OD/024_Drusen.tif,DRUSEN-133,test,DRUSEN,drusen,OD,.tif,0.00029564811848104
DRUSEN/133/OD/025_Normal.tif,DRUSEN-133,test,DRUSEN,normal,OD,.tif,0.0002529202029109001
DRUSEN/133/OD/026_Normal.tif,DRUSEN-133,test,DRUSEN,normal,OD,.tif,0.00024385060532949865
DRUSEN/133/OD/027_Normal.tif,DRUSEN-133,test,DRUSEN,normal,OD,.tif,0.0002622008614707738
DRUSEN/133/OD/028_Normal.tif,DRUSEN-133,test,DRUSEN,normal,OD,.tif,0.0002534374943934381
DRUSEN/133/OD/029_Normal.tif,DRUSEN-133,test,DRUSEN,normal,OD,.tif,0.0003366253222338855
DRUSEN/133/OD/030_Normal.tif,DRUSEN-133,test,DRUSEN,normal,OD,.tif,0.00027342309476807714
DRUSEN/133/OS/000_Normal.tif,DRUSEN-133,test,DRUSEN,normal,OS,.tif,0.000297880033031106
DRUSEN/133/OS/001_Normal.tif,DRUSEN-133,test,DRUSEN,normal,OS,.tif,0.00026354315923526883
DRUSEN/133/OS/002_Normal.tif,DRUSEN-133,test,DRUSEN,normal,OS,.tif,0.0002796609769575298
DRUSEN/133/OS/003_Normal.tif,DRUSEN-133,test,DRUSEN,normal,OS,.tif,0.0003301598480902612
DRUSEN/133/OS/004_Normal.tif,DRUSEN-133,test,DRUSEN,normal,OS,.tif,0.00028917414601892233
DRUSEN/133/OS/005_Normal.tif,DRUSEN-133,test,DRUSEN,normal,OS,.tif,0.00033477763645350933
DRUSEN/133/OS/006_Normal.tif,DRUSEN-133,test,DRUSEN,normal,OS,.tif,0.0003168914117850363
DRUSEN/133/OS/007_Normal.tif,DRUSEN-133,test,DRUSEN,normal,OS,.tif,0.00032442115480080247
DRUSEN/133/OS/008_Drusen.tif,DRUSEN-133,test,DRUSEN,drusen,OS,.tif,0.0002699586912058294
DRUSEN/133/OS/009_Drusen.tif,DRUSEN-133,test,DRUSEN,drusen,OS,.tif,0.00032780360197648406
DRUSEN/133/OS/010_Drusen.tif,DRUSEN-133,test,DRUSEN,drusen,OS,.tif,0.000262353423750028
DRUSEN/133/OS/011_Drusen.tif,DRUSEN-133,test,DRUSEN,drusen,OS,.tif,0.00021081989689264446
DRUSEN/133/OS/012_Drusen.tif,DRUSEN-133,test,DRUSEN,drusen,OS,.tif,0.00017493955965619534
DRUSEN/133/OS/013_Drusen.tif,DRUSEN-133,test,DRUSEN,drusen,OS,.tif,0.00034406036138534546
DRUSEN/133/OS/014_Drusen.tif,DRUSEN-133,test,DRUSEN,drusen,OS,.tif,0.00023964079446159303
DRUSEN/133/OS/015_Drusen.tif,DRUSEN-133,test,DRUSEN,drusen,OS,.tif,0.00022041535703465343
DRUSEN/133/OS/016_Drusen.tif,DRUSEN-133,test,DRUSEN,drusen,OS,.tif,0.0008192991954274476
DRUSEN/133/OS/017_Drusen.tif,DRUSEN-133,test,DRUSEN,drusen,OS,.tif,0.000553663179744035
DRUSEN/133/OS/018_Drusen.tif,DRUSEN-133,test,DRUSEN,drusen,OS,.tif,0.00030311907175928354
DRUSEN/133/OS/019_Drusen.tif,DRUSEN-133,test,DRUSEN,drusen,OS,.tif,0.0003623776719905436
DRUSEN/133/OS/020_Drusen.tif,DRUSEN-133,test,DRUSEN,drusen,OS,.tif,0.0005210867384448647
DRUSEN/133/OS/021_Drusen.tif,DRUSEN-133,test,DRUSEN,drusen,OS,.tif,0.00043126294622197747
DRUSEN/133/OS/022_Drusen.tif,DRUSEN-133,test,DRUSEN,drusen,OS,.tif,0.00031331455102190375
DRUSEN/133/OS/023_Drusen.tif,DRUSEN-133,test,DRUSEN,drusen,OS,.tif,0.00024073994427453727
DRUSEN/133/OS/024_Drusen.tif,DRUSEN-133,test,DRUSEN,drusen,OS,.tif,0.0001854558358900249
DRUSEN/133/OS/025_Drusen.tif,DRUSEN-133,test,DRUSEN,drusen,OS,.tif,0.0002574024547357112
DRUSEN/133/OS/026_Drusen.tif,DRUSEN-133,test,DRUSEN,drusen,OS,.tif,0.0002537592372391373
DRUSEN/133/OS/027_Drusen.tif,DRUSEN-133,test,DRUSEN,drusen,OS,.tif,0.00023630601936019957
DRUSEN/133/OS/028_Normal.tif,DRUSEN-133,test,DRUSEN,normal,OS,.tif,0.0002520756097510457
DRUSEN/133/OS/029_Normal.tif,DRUSEN-133,test,DRUSEN,normal,OS,.tif,0.0003192370058968663
DRUSEN/133/OS/030_Normal.tif,DRUSEN-133,test,DRUSEN,normal,OS,.tif,0.00022519807680509984
DRUSEN/134/000_Drusen.tif,DRUSEN-134,test,DRUSEN,drusen,OS,.tif,0.000443791679572314
DRUSEN/134/001_Drusen.tif,DRUSEN-134,test,DRUSEN,drusen,OS,.tif,0.0003416780673433095
DRUSEN/134/002_Drusen.tif,DRUSEN-134,test,DRUSEN,drusen,OS,.tif,0.00041180927655659616
DRUSEN/134/003_Drusen.tif,DRUSEN-134,test,DRUSEN,drusen,OS,.tif,0.00047783032641746104
DRUSEN/134/004_Normal.tif,DRUSEN-134,test,DRUSEN,normal,OS,.tif,0.0003085907083004713
DRUSEN/134/005_Drusen.tif,DRUSEN-134,test,DRUSEN,drusen,OS,.tif,0.0003132654237560928
DRUSEN/134/006_Normal.tif,DRUSEN-134,test,DRUSEN,normal,OS,.tif,0.0003673648461699486
DRUSEN/134/007_Normal.tif,DRUSEN-134,test,DRUSEN,normal,OS,.tif,0.00034800253342837095
DRUSEN/134/008_Normal.tif,DRUSEN-134,test,DRUSEN,normal,OS,.tif,0.0004302196321077645
DRUSEN/134/009_Normal.tif,DRUSEN-134,test,DRUSEN,normal,OS,.tif,0.00039410515455529094
DRUSEN/134/010_Drusen.tif,DRUSEN-134,test,DRUSEN,drusen,OS,.tif,0.0002615553967189044
DRUSEN/134/011_Normal.tif,DRUSEN-134,test,DRUSEN,normal,OS,.tif,0.00036146806087344885
DRUSEN/134/012_Normal.tif,DRUSEN-134,test,DRUSEN,normal,OS,.tif,0.00018571295368019491
DRUSEN/134/013_Normal.tif,DRUSEN-134,test,DRUSEN,normal,OS,.tif,0.0005009549204260111
DRUSEN/134/014_Normal.tif,DRUSEN-134,test,DRUSEN,normal,OS,.tif,0.0003275825292803347
DRUSEN/134/015_Normal.tif,DRUSEN-134,test,DRUSEN,normal,OS,.tif,0.0005667491932399571
DRUSEN/134/016_Drusen.tif,DRUSEN-134,test,DRUSEN,drusen,OS,.tif,0.0005118977278470993
DRUSEN/134/017_Normal.tif,DRUSEN-134,test,DRUSEN,normal,OS,.tif,0.0003113000129815191
DRUSEN/134/018_Drusen.tif,DRUSEN-134,test,DRUSEN,drusen,OS,.tif,0.00037932273698970675
DRUSEN/134/019_Drusen.tif,DRUSEN-134,test,DRUSEN,drusen,OS,.tif,0.0002409900916973129
DRUSEN/134/020_Drusen.tif,DRUSEN-134,test,DRUSEN,drusen,OS,.tif,0.00022781990992370993
DRUSEN/134/021_Drusen.tif,DRUSEN-134,test,DRUSEN,drusen,OS,.tif,0.0003043804317712784
DRUSEN/134/022_Drusen.tif,DRUSEN-134,test,DRUSEN,drusen,OS,.tif,0.0003180700878147036
DRUSEN/134/023_Drusen.tif,DRUSEN-134,test,DRUSEN,drusen,OS,.tif,0.0002866455470211804
DRUSEN/134/024_Normal.tif,DRUSEN-134,test,DRUSEN,normal,OS,.tif,0.00034923898056149483
DRUSEN/134/025_Normal.tif,DRUSEN-134,test,DRUSEN,normal,OS,.tif,0.00029835483292117715
DRUSEN/134/026_Normal.tif,DRUSEN-134,test,DRUSEN,normal,OS,.tif,0.00031839244184084237
DRUSEN/136/OD/000_Normal.tif,DRUSEN-136,test,DRUSEN,normal,OD,.tif,0.000189188402146101
DRUSEN/136/OD/001_Normal.tif,DRUSEN-136,test,DRUSEN,normal,OD,.tif,0.0002217520377598703
DRUSEN/136/OD/002_Normal.tif,DRUSEN-136,test,DRUSEN,normal,OD,.tif,0.00019761710427701473
DRUSEN/136/OD/003_Normal.tif,DRUSEN-136,test,DRUSEN,normal,OD,.tif,0.00020525579748209566
DRUSEN/136/OD/004_Normal.tif,DRUSEN-136,test,DRUSEN,normal,OD,.tif,0.00017729453975334764
DRUSEN/136/OD/005_Normal.tif,DRUSEN-136,test,DRUSEN,normal,OD,.tif,0.00022011906548868865
DRUSEN/136/OD/006_Normal.tif,DRUSEN-136,test,DRUSEN,normal,OD,.tif,0.00034374554525129497
DRUSEN/136/OD/007_Normal.tif,DRUSEN-136,test,DRUSEN,normal,OD,.tif,0.00025268131867051125
DRUSEN/136/OD/008_Normal.tif,DRUSEN-136,test,DRUSEN,normal,OD,.tif,0.0003413138329051435
DRUSEN/136/OD/009_Normal.tif,DRUSEN-136,test,DRUSEN,normal,OD,.tif,0.0003866993938572705
DRUSEN/136/OD/010_Normal.tif,DRUSEN-136,test,DRUSEN,normal,OD,.tif,0.0004946758272126317
DRUSEN/136/OD/011_Drusen.tif,DRUSEN-136,test,DRUSEN,drusen,OD,.tif,0.0003432332305237651
DRUSEN/136/OD/012_Drusen.tif,DRUSEN-136,test,DRUSEN,drusen,OD,.tif,0.00019910561968572438
DRUSEN/136/OD/013_Drusen.tif,DRUSEN-136,test,DRUSEN,drusen,OD,.tif,0.00016590283485129476
DRUSEN/136/OD/014_Drusen.tif,DRUSEN-136,test,DRUSEN,drusen,OD,.tif,0.00025228862068615854
DRUSEN/136/OD/015_Drusen.tif,DRUSEN-136,test,DRUSEN,drusen,OD,.tif,0.00021667717373929918
DRUSEN/136/OD/016_Drusen.tif,DRUSEN-136,test,DRUSEN,drusen,OD,.tif,0.0002220681926701218
DRUSEN/136/OD/017_Drusen.tif,DRUSEN-136,test,DRUSEN,drusen,OD,.tif,0.0002599965373519808
DRUSEN/136/OD/018_Drusen.tif,DRUSEN-136,test,DRUSEN,drusen,OD,.tif,0.00028444488998502493
DRUSEN/136/OD/019_Drusen.tif,DRUSEN-136,test,DRUSEN,drusen,OD,.tif,0.00024425145238637924
DRUSEN/136/OD/020_Normal.tif,DRUSEN-136,test,DRUSEN,normal,OD,.tif,0.0002586188493296504
DRUSEN/136/OD/021_Normal.tif,DRUSEN-136,test,DRUSEN,normal,OD,.tif,0.00031062180642038584
DRUSEN/136/OD/022_Normal.tif,DRUSEN-136,test,DRUSEN,normal,OD,.tif,0.00033076375257223845
DRUSEN/136/OD/023_Normal.tif,DRUSEN-136,test,DRUSEN,normal,OD,.tif,0.0002824267139658332
DRUSEN/136/OD/024_Normal.tif,DRUSEN-136,test,DRUSEN,normal,OD,.tif,0.00032530465978197753
DRUSEN/136/OD/025_Normal.tif,DRUSEN-136,test,DRUSEN,normal,OD,.tif,0.0003737193765118718
DRUSEN/136/OD/026_Normal.tif,DRUSEN-136,test,DRUSEN,normal,OD,.tif,0.0003627365513239056
DRUSEN/136/OD/027_Normal.tif,DRUSEN-136,test,DRUSEN,normal,OD,.tif,0.0002303478540852666
DRUSEN/136/OD/028_Normal.tif,DRUSEN-136,test,DRUSEN,normal,OD,.tif,0.000337312463670969
DRUSEN/136/OD/029_Normal.tif,DRUSEN-136,test,DRUSEN,normal,OD,.tif,0.00020305754151195288
DRUSEN/136/OD/030_Normal.tif,DRUSEN-136,test,DRUSEN,normal,OD,.tif,0.00025124516105279326
DRUSEN/136/OS/000_Normal.tif,DRUSEN-136,test,DRUSEN,normal,OS,.tif,0.00028739566914737225
DRUSEN/136/OS/001_Normal.tif,DRUSEN-136,test,DRUSEN,normal,OS,.tif,0.0004081626539118588
DRUSEN/136/OS/002_Normal.tif,DRUSEN-136,test,DRUSEN,normal,OS,.tif,0.0002729690168052912
DRUSEN/136/OS/003_Normal.tif,DRUSEN-136,test,DRUSEN,normal,OS,.tif,0.00030177918961271644
DRUSEN/136/OS/004_Normal.tif,DRUSEN-136,test,DRUSEN,normal,OS,.tif,0.00034634117037057877
DRUSEN/136/OS/005_Normal.tif,DRUSEN-136,test,DRUSEN,normal,OS,.tif,0.00028416712302714586
DRUSEN/136/OS/006_Normal.tif,DRUSEN-136,test,DRUSEN,normal,OS,.tif,0.0005394475301727653
DRUSEN/136/OS/007_Normal.tif,DRUSEN-136,test,DRUSEN,normal,OS,.tif,0.0003314438508823514
DRUSEN/136/OS/008_Normal.tif,DRUSEN-136,test,DRUSEN,normal,OS,.tif,0.0003403235459700227
DRUSEN/136/OS/009_Normal.tif,DRUSEN-136,test,DRUSEN,normal,OS,.tif,0.00022293647634796798
DRUSEN/136/OS/010_Normal.tif,DRUSEN-136,test,DRUSEN,normal,OS,.tif,0.0002466820878908038
DRUSEN/136/OS/011_Drusen.tif,DRUSEN-136,test,DRUSEN,drusen,OS,.tif,0.0002613781252875924
DRUSEN/136/OS/012_Drusen.tif,DRUSEN-136,test,DRUSEN,drusen,OS,.tif,0.00023031416640151292
DRUSEN/136/OS/013_Drusen.tif,DRUSEN-136,test,DRUSEN,drusen,OS,.tif,0.00024122209288179874
DRUSEN/136/OS/014_Drusen.tif,DRUSEN-136,test,DRUSEN,drusen,OS,.tif,0.00035840936470776796
DRUSEN/136/OS/015_Drusen.tif,DRUSEN-136,test,DRUSEN,drusen,OS,.tif,0.0002490048354957253
DRUSEN/136/OS/016_Drusen.tif,DRUSEN-136,test,DRUSEN,drusen,OS,.tif,0.00040007109055295587
DRUSEN/136/OS/017_Drusen.tif,DRUSEN-136,test,DRUSEN,drusen,OS,.tif,0.0003009612555615604
DRUSEN/136/OS/018_Drusen.tif,DRUSEN-136,test,DRUSEN,drusen,OS,.tif,0.00029019819339737296
DRUSEN/136/OS/019_Drusen.tif,DRUSEN-136,test,DRUSEN,drusen,OS,.tif,0.00026537562371231616
DRUSEN/136/OS/020_Drusen.tif,DRUSEN-136,test,DRUSEN,drusen,OS,.tif,0.00025865263887681067
DRUSEN/136/OS/021_Drusen.tif,DRUSEN-136,test,DRUSEN,drusen,OS,.tif,0.0001550560409668833
DRUSEN/136/OS/022_Normal.tif,DRUSEN-136,test,DRUSEN,normal,OS,.tif,0.00027722440427169204
DRUSEN/136/OS/023_Normal.tif,DRUSEN-136,test,DRUSEN,normal,OS,.tif,0.0002283577632624656
DRUSEN/136/OS/024_Normal.tif,DRUSEN-136,test,DRUSEN,normal,OS,.tif,0.0002987774205394089
DRUSEN/136/OS/025_Normal.tif,DRUSEN-136,test,DRUSEN,normal,OS,.tif,0.00023509195307269692
DRUSEN/136/OS/026_Normal.tif,DRUSEN-136,test,DRUSEN,normal,OS,.tif,0.00022855652787256986
DRUSEN/136/OS/027_Normal.tif,DRUSEN-136,test,DRUSEN,normal,OS,.tif,0.00024749775184318423
DRUSEN/136/OS/028_Normal.tif,DRUSEN-136,test,DRUSEN,normal,OS,.tif,0.0002763473312370479
DRUSEN/136/OS/029_Normal.tif,DRUSEN-136,test,DRUSEN,normal,OS,.tif,0.00019631796749308705
DRUSEN/136/OS/030_Normal.tif,DRUSEN-136,test,DRUSEN,normal,OS,.tif,0.00033084367169067264
DRUSEN/138/000_Normal.tif,DRUSEN-138,test,DRUSEN,normal,OD,.tif,0.00033184827771037817
DRUSEN/138/001_Normal.tif,DRUSEN-138,test,DRUSEN,normal,OD,.tif,0.00021227558318059891
DRUSEN/138/002_Normal.tif,DRUSEN-138,test,DRUSEN,normal,OD,.tif,0.0002682035556063056
DRUSEN/138/003_Normal.tif,DRUSEN-138,test,DRUSEN,normal,OD,.tif,0.00025862583424896
DRUSEN/138/004_Normal.tif,DRUSEN-138,test,DRUSEN,normal,OD,.tif,0.0003918516158591956
DRUSEN/138/005_Normal.tif,DRUSEN-138,test,DRUSEN,normal,OD,.tif,0.0003602970973588526
DRUSEN/138/006_Normal.tif,DRUSEN-138,test,DRUSEN,normal,OD,.tif,0.00031736999517306685
DRUSEN/138/007_Normal.tif,DRUSEN-138,test,DRUSEN,normal,OD,.tif,0.00025429483503103256
DRUSEN/138/008_Normal.tif,DRUSEN-138,test,DRUSEN,normal,OD,.tif,0.0001899482449516654
DRUSEN/138/009_Normal.tif,DRUSEN-138,test,DRUSEN,normal,OD,.tif,0.00018141035980079323
DRUSEN/138/010_Normal.tif,DRUSEN-138,test,DRUSEN,normal,OD,.tif,0.00024809158639982343
DRUSEN/138/011_Normal.tif,DRUSEN-138,test,DRUSEN,normal,OD,.tif,0.00020076321379747242
DRUSEN/138/012_Drusen.tif,DRUSEN-138,test,DRUSEN,drusen,OD,.tif,0.0001819469325710088
DRUSEN/138/013_Drusen.tif,DRUSEN-138,test,DRUSEN,drusen,OD,.tif,0.0003382149152457714
DRUSEN/138/014_Drusen.tif,DRUSEN-138,test,DRUSEN,drusen,OD,.tif,0.00022876414004713297
DRUSEN/138/015_Drusen.tif,DRUSEN-138,test,DRUSEN,drusen,OD,.tif,0.00025541047216393054
DRUSEN/138/016_Drusen.tif,DRUSEN-138,test,DRUSEN,drusen,OD,.tif,0.00023989251349121332
DRUSEN/138/017_Drusen.tif,DRUSEN-138,test,DRUSEN,drusen,OD,.tif,0.0002849042066372931
DRUSEN/138/018_Drusen.tif,DRUSEN-138,test,DRUSEN,drusen,OD,.tif,0.0002229226374765858
DRUSEN/138/019_Normal.tif,DRUSEN-138,test,DRUSEN,normal,OD,.tif,0.00021593908604700118
DRUSEN/138/020_Normal.tif,DRUSEN-138,test,DRUSEN,normal,OD,.tif,0.0001952155289473012
DRUSEN/138/021_Normal.tif,DRUSEN-138,test,DRUSEN,normal,OD,.tif,0.0002736107271630317
DRUSEN/138/022_Normal.tif,DRUSEN-138,test,DRUSEN,normal,OD,.tif,0.00018539236043579876
DRUSEN/138/023_Normal.tif,DRUSEN-138,test,DRUSEN,normal,OD,.tif,0.00026989643811248243
DRUSEN/138/024_Drusen.tif,DRUSEN-138,test,DRUSEN,drusen,OD,.tif,0.00035054609179496765
DRUSEN/138/025_Drusen.tif,DRUSEN-138,test,DRUSEN,drusen,OD,.tif,0.00028041418408975005
DRUSEN/138/026_Drusen.tif,DRUSEN-138,test,DRUSEN,drusen,OD,.tif,0.00026485451962798834
DRUSEN/138/027_Drusen.tif,DRUSEN-138,test,DRUSEN,drusen,OD,.tif,0.00035425799433141947
DRUSEN/138/028_Normal.tif,DRUSEN-138,test,DRUSEN,normal,OD,.tif,0.0002902110281866044
DRUSEN/138/029_Normal.tif,DRUSEN-138,test,DRUSEN,normal,OD,.tif,0.00033026206074282527
DRUSEN/138/030_Normal.tif,DRUSEN-138,test,DRUSEN,normal,OD,.tif,0.0002806799893733114
DRUSEN/139/000_Drusen.tif,DRUSEN-139,test,DRUSEN,drusen,OD,.tif,0.00033053738297894597
DRUSEN/139/001_Drusen.tif,DRUSEN-139,test,DRUSEN,drusen,OD,.tif,0.00022581804660148919
DRUSEN/139/002_Drusen.tif,DRUSEN-139,test,DRUSEN,drusen,OD,.tif,0.00025735091185197234
DRUSEN/139/003_Drusen.tif,DRUSEN-139,test,DRUSEN,drusen,OD,.tif,0.00030906705069355667
DRUSEN/139/004_Drusen.tif,DRUSEN-139,test,DRUSEN,drusen,OD,.tif,0.0002886428264901042
DRUSEN/139/005_Drusen.tif,DRUSEN-139,test,DRUSEN,drusen,OD,.tif,0.0003225842956453562
DRUSEN/139/006_Drusen.tif,DRUSEN-139,test,DRUSEN,drusen,OD,.tif,0.0002788073616102338
DRUSEN/139/007_Drusen.tif,DRUSEN-139,test,DRUSEN,drusen,OD,.tif,0.00025832693791016936
DRUSEN/139/008_Drusen.tif,DRUSEN-139,test,DRUSEN,drusen,OD,.tif,0.0002542737638577819
DRUSEN/139/009_Drusen.tif,DRUSEN-139,test,DRUSEN,drusen,OD,.tif,0.0003598954062908888
DRUSEN/139/010_Drusen.tif,DRUSEN-139,test,DRUSEN,drusen,OD,.tif,0.0003177264879923314
DRUSEN/139/011_Drusen.tif,DRUSEN-139,test,DRUSEN,drusen,OD,.tif,0.00025787524646148086
DRUSEN/139/012_Drusen.tif,DRUSEN-139,test,DRUSEN,drusen,OD,.tif,0.0003434489481151104
DRUSEN/139/013_Drusen.tif,DRUSEN-139,test,DRUSEN,drusen,OD,.tif,0.00032622928847558796
DRUSEN/139/014_Drusen.tif,DRUSEN-139,test,DRUSEN,drusen,OD,.tif,0.0002492863277439028
DRUSEN/139/015_Drusen.tif,DRUSEN-139,test,DRUSEN,drusen,OD,.tif,0.0002572059747762978
DRUSEN/139/016_Drusen.tif,DRUSEN-139,test,DRUSEN,drusen,OD,.tif,0.00031165871769189835
DRUSEN/139/017_Drusen.tif,DRUSEN-139,test,DRUSEN,drusen,OD,.tif,0.0002396914060227573
DRUSEN/139/018_Drusen.tif,DRUSEN-139,test,DRUSEN,drusen,OD,.tif,0.00030764174880459905
DRUSEN/139/019_Drusen.tif,DRUSEN-139,test,DRUSEN,drusen,OD,.tif,0.00028641396784223616
DRUSEN/139/020_Drusen.tif,DRUSEN-139,test,DRUSEN,drusen,OD,.tif,0.0003441128064878285
DRUSEN/139/021_Drusen.tif,DRUSEN-139,test,DRUSEN,drusen,OD,.tif,0.00044713501119986176
DRUSEN/139/022_Drusen.tif,DRUSEN-139,test,DRUSEN,drusen,OD,.tif,0.00031661149114370346
DRUSEN/139/023_Drusen.tif,DRUSEN-139,test,DRUSEN,drusen,OD,.tif,0.00024387557641603053
DRUSEN/139/024_Drusen.tif,DRUSEN-139,test,DRUSEN,drusen,OD,.tif,0.00025969723355956376
DRUSEN/139/025_Drusen.tif,DRUSEN-139,test,DRUSEN,drusen,OD,.tif,0.0002980067511089146
DRUSEN/139/026_Drusen.tif,DRUSEN-139,test,DRUSEN,drusen,OD,.tif,0.00040712658665142953
DRUSEN/139/027_Drusen.tif,DRUSEN-139,test,DRUSEN,drusen,OD,.tif,0.0003776982775889337
DRUSEN/139/028_Drusen.tif,DRUSEN-139,test,DRUSEN,drusen,OD,.tif,0.00039237693999893963
DRUSEN/139/029_Drusen.tif,DRUSEN-139,test,DRUSEN,drusen,OD,.tif,0.00037848728243261576
DRUSEN/139/030_Drusen.tif,DRUSEN-139,test,DRUSEN,drusen,OD,.tif,0.0003014274116139859
DRUSEN/143/000_Normal.tif,DRUSEN-143,test,DRUSEN,normal,OS,.tif,0.0002692124107852578
DRUSEN/143/001_Normal.tif,DRUSEN-143,test,DRUSEN,normal,OS,.tif,0.0002981748548336327
DRUSEN/143/002_Normal.tif,DRUSEN-143,test,DRUSEN,normal,OS,.tif,0.0003398969420231879
DRUSEN/143/003_Normal.tif,DRUSEN-143,test,DRUSEN,normal,OS,.tif,0.00021927693160250783
DRUSEN/143/004_Normal.tif,DRUSEN-143,test,DRUSEN,normal,OS,.tif,0.0002371233276790008
DRUSEN/143/005_Normal.tif,DRUSEN-143,test,DRUSEN,normal,OS,.tif,0.00020181543368380517
DRUSEN/143/006_Normal.tif,DRUSEN-143,test,DRUSEN,normal,OS,.tif,0.00019435280410107225
DRUSEN/143/007_Normal.tif,DRUSEN-143,test,DRUSEN,normal,OS,.tif,0.00043130555422976613
DRUSEN/143/008_Normal.tif,DRUSEN-143,test,DRUSEN,normal,OS,.tif,0.0002292137360200286
DRUSEN/143/009_Normal.tif,DRUSEN-143,test,DRUSEN,normal,OS,.tif,0.00026508362498134375
DRUSEN/143/010_Normal.tif,DRUSEN-143,test,DRUSEN,normal,OS,.tif,0.0003017262788489461
DRUSEN/143/011_Normal.tif,DRUSEN-143,test,DRUSEN,normal,OS,.tif,0.0003513462725095451
DRUSEN/143/012_Normal.tif,DRUSEN-143,test,DRUSEN,normal,OS,.tif,0.000212427374208346
DRUSEN/143/013_Normal.tif,DRUSEN-143,test,DRUSEN,normal,OS,.tif,0.00025882391491904855
DRUSEN/143/014_Normal.tif,DRUSEN-143,test,DRUSEN,normal,OS,.tif,0.00031613599276170135
DRUSEN/143/015_Normal.tif,DRUSEN-143,test,DRUSEN,normal,OS,.tif,0.0002353768504690379
DRUSEN/143/016_Normal.tif,DRUSEN-143,test,DRUSEN,normal,OS,.tif,0.00030413008062168956
DRUSEN/143/017_Normal.tif,DRUSEN-143,test,DRUSEN,normal,OS,.tif,0.0003050196391995996
DRUSEN/143/018_Normal.tif,DRUSEN-143,test,DRUSEN,normal,OS,.tif,0.0003712028556037694
DRUSEN/143/019_Normal.tif,DRUSEN-143,test,DRUSEN,normal,OS,.tif,0.00020740058971568942
DRUSEN/143/020_Normal.tif,DRUSEN-143,test,DRUSEN,normal,OS,.tif,0.00030704494565725327
DRUSEN/143/021_Normal.tif,DRUSEN-143,test,DRUSEN,normal,OS,.tif,0.00022300402633845806
DRUSEN/143/022_Normal.tif,DRUSEN-143,test,DRUSEN,normal,OS,.tif,0.00018234232265967876
DRUSEN/143/023_Normal.tif,DRUSEN-143,test,DRUSEN,normal,OS,.tif,0.00021487585036084056
DRUSEN/143/024_Drusen.tif,DRUSEN-143,test,DRUSEN,drusen,OS,.tif,0.0002156687551178038
DRUSEN/143/025_Drusen.tif,DRUSEN-143,test,DRUSEN,drusen,OS,.tif,0.00022234354401007295
DRUSEN/143/026_Drusen.tif,DRUSEN-143,test,DRUSEN,drusen,OS,.tif,0.0001785436033969745
DRUSEN/143/027_Drusen.tif,DRUSEN-143,test,DRUSEN,drusen,OS,.tif,0.0001990637683775276
DRUSEN/143/028_Drusen.tif,DRUSEN-143,test,DRUSEN,drusen,OS,.tif,0.00017210766964126378
DRUSEN/143/029_Normal.tif,DRUSEN-143,test,DRUSEN,normal,OS,.tif,0.00020672977552749217
DRUSEN/143/030_Drusen.tif,DRUSEN-143,test,DRUSEN,drusen,OS,.tif,0.0002909103350248188
DRUSEN/146/000_Drusen.tif,DRUSEN-146,test,DRUSEN,drusen,OD,.tif,0.0002313155127922073
DRUSEN/146/001_Drusen.tif,DRUSEN-146,test,DRUSEN,drusen,OD,.tif,0.00020524224964901805
DRUSEN/146/002_Drusen.tif,DRUSEN-146,test,DRUSEN,drusen,OD,.tif,0.0002567127230577171
DRUSEN/146/003_Drusen.tif,DRUSEN-146,test,DRUSEN,drusen,OD,.tif,0.0001788788358680904
DRUSEN/146/004_Drusen.tif,DRUSEN-146,test,DRUSEN,drusen,OD,.tif,0.00023912724282126874
DRUSEN/146/005_Normal.tif,DRUSEN-146,test,DRUSEN,normal,OD,.tif,0.00018204274238087237
DRUSEN/146/006_Drusen.tif,DRUSEN-146,test,DRUSEN,drusen,OD,.tif,0.00015315029304474592
DRUSEN/146/007_Normal.tif,DRUSEN-146,test,DRUSEN,normal,OD,.tif,0.0001667769975028932
DRUSEN/146/008_Drusen.tif,DRUSEN-146,test,DRUSEN,drusen,OD,.tif,0.0002443974663037807
DRUSEN/146/009_Drusen.tif,DRUSEN-146,test,DRUSEN,drusen,OD,.tif,0.00019164741388522089
DRUSEN/146/010_Drusen.tif,DRUSEN-146,test,DRUSEN,drusen,OD,.tif,0.0001784967607818544
DRUSEN/146/011_Drusen.tif,DRUSEN-146,test,DRUSEN,drusen,OD,.tif,0.00017588146147318184
DRUSEN/146/012_Drusen.tif,DRUSEN-146,test,DRUSEN,drusen,OD,.tif,0.0002178083814214915
DRUSEN/146/013_Drusen.tif,DRUSEN-146,test,DRUSEN,drusen,OD,.tif,0.00017045722051989287
DRUSEN/146/014_Drusen.tif,DRUSEN-146,test,DRUSEN,drusen,OD,.tif,0.00023185047029983252
DRUSEN/146/015_Drusen.tif,DRUSEN-146,test,DRUSEN,drusen,OD,.tif,0.00024256246979348361
DRUSEN/146/016_Drusen.tif,DRUSEN-146,test,DRUSEN,drusen,OD,.tif,0.000334761047270149
DRUSEN/146/017_Drusen.tif,DRUSEN-146,test,DRUSEN,drusen,OD,.tif,0.0003421217552386224
DRUSEN/146/018_Drusen.tif,DRUSEN-146,test,DRUSEN,drusen,OD,.tif,0.0003191527212038636
DRUSEN/146/019_Drusen.tif,DRUSEN-146,test,DRUSEN,drusen,OD,.tif,0.000275246798992157
DRUSEN/146/020_Drusen.tif,DRUSEN-146,test,DRUSEN,drusen,OD,.tif,0.0002709092805162072
DRUSEN/146/021_Drusen.tif,DRUSEN-146,test,DRUSEN,drusen,OD,.tif,0.00031502958154305816
DRUSEN/146/022_Drusen.tif,DRUSEN-146,test,DRUSEN,drusen,OD,.tif,0.00024226304958574474
DRUSEN/146/023_Drusen.tif,DRUSEN-146,test,DRUSEN,drusen,OD,.tif,0.00021226676471997052
DRUSEN/146/024_Drusen.tif,DRUSEN-146,test,DRUSEN,drusen,OD,.tif,0.0003989863325841725
DRUSEN/146/025_Drusen.tif,DRUSEN-146,test,DRUSEN,drusen,OD,.tif,0.0002310488634975627
DRUSEN/146/026_Drusen.tif,DRUSEN-146,test,DRUSEN,drusen,OD,.tif,0.00025295879459008574
DRUSEN/146/027_Drusen.tif,DRUSEN-146,test,DRUSEN,drusen,OD,.tif,0.0002811028971336782
DRUSEN/146/028_Drusen.tif,DRUSEN-146,test,DRUSEN,drusen,OD,.tif,0.00025872106198221445
DRUSEN/146/029_Drusen.tif,DRUSEN-146,test,DRUSEN,drusen,OD,.tif,0.00023694125411566347
DRUSEN/146/030_Drusen.tif,DRUSEN-146,test,DRUSEN,drusen,OD,.tif,0.00019298399274703115
DRUSEN/147/000_Normal.tif,DRUSEN-147,test,DRUSEN,normal,OD,.tif,0.0002461062103975564
DRUSEN/147/001_Normal.tif,DRUSEN-147,test,DRUSEN,normal,OD,.tif,0.0002594177203718573
DRUSEN/147/002_Normal.tif,DRUSEN-147,test,DRUSEN,normal,OD,.tif,0.00022737162362318486
DRUSEN/147/003_Normal.tif,DRUSEN-147,test,DRUSEN,normal,OD,.tif,0.0002737221075221896
DRUSEN/147/004_Normal.tif,DRUSEN-147,test,DRUSEN,normal,OD,.tif,0.00023013124882709235
DRUSEN/147/005_Normal.tif,DRUSEN-147,test,DRUSEN,normal,OD,.tif,0.00018114387057721615
DRUSEN/147/006_Normal.tif,DRUSEN-147,test,DRUSEN,normal,OD,.tif,0.0002506838645786047
DRUSEN/147/007_Normal.tif,DRUSEN-147,test,DRUSEN,normal,OD,.tif,0.0002502680290490389
DRUSEN/147/008_Drusen.tif,DRUSEN-147,test,DRUSEN,drusen,OD,.tif,0.00017835099424701184
DRUSEN/147/009_Drusen.tif,DRUSEN-147,test,DRUSEN,drusen,OD,.tif,0.0002089938789140433
DRUSEN/147/010_Drusen.tif,DRUSEN-147,test,DRUSEN,drusen,OD,.tif,0.00021021801512688398
DRUSEN/147/011_Drusen.tif,DRUSEN-147,test,DRUSEN,drusen,OD,.tif,0.0002882258268073201
DRUSEN/147/012_Drusen.tif,DRUSEN-147,test,DRUSEN,drusen,OD,.tif,0.0002971244393847883
DRUSEN/147/013_Drusen.tif,DRUSEN-147,test,DRUSEN,drusen,OD,.tif,0.0002528863260522485
DRUSEN/147/014_Drusen.tif,DRUSEN-147,test,DRUSEN,drusen,OD,.tif,0.0002475987421348691
DRUSEN/147/015_Drusen.tif,DRUSEN-147,test,DRUSEN,drusen,OD,.tif,0.00031056225998327136
DRUSEN/147/016_Drusen.tif,DRUSEN-147,test,DRUSEN,drusen,OD,.tif,0.00025305000599473715
DRUSEN/147/017_Drusen.tif,DRUSEN-147,test,DRUSEN,drusen,OD,.tif,0.0002684480568859726
DRUSEN/147/018_Drusen.tif,DRUSEN-147,test,DRUSEN,drusen,OD,.tif,0.00018424373411107808
DRUSEN/147/019_Drusen.tif,DRUSEN-147,test,DRUSEN,drusen,OD,.tif,0.0001934524771058932
DRUSEN/147/020_Normal.tif,DRUSEN-147,test,DRUSEN,normal,OD,.tif,0.00019780754519160837
DRUSEN/147/021_Normal.tif,DRUSEN-147,test,DRUSEN,normal,OD,.tif,0.0002046773151960224
DRUSEN/147/022_Normal.tif,DRUSEN-147,test,DRUSEN,normal,OD,.tif,0.00027045031310990453
DRUSEN/147/023_Normal.tif,DRUSEN-147,test,DRUSEN,normal,OD,.tif,0.00022517990146297961
DRUSEN/147/024_Drusen.tif,DRUSEN-147,test,DRUSEN,drusen,OD,.tif,0.00025050752446986735
DRUSEN/147/025_Normal.tif,DRUSEN-147,test,DRUSEN,normal,OD,.tif,0.00022261055710259825
DRUSEN/147/026_Normal.tif,DRUSEN-147,test,DRUSEN,normal,OD,.tif,0.0001469295530114323
DRUSEN/147/027_Normal.tif,DRUSEN-147,test,DRUSEN,normal,OD,.tif,0.00022879902098793536
DRUSEN/147/028_Normal.tif,DRUSEN-147,test,DRUSEN,normal,OD,.tif,0.0002556258114054799
DRUSEN/147/029_Normal.tif,DRUSEN-147,test,DRUSEN,normal,OD,.tif,0.00018246102263219655
DRUSEN/147/030_Normal.tif,DRUSEN-147,test,DRUSEN,normal,OD,.tif,0.00019574182806536555
DRUSEN/150/000_Normal.tif,DRUSEN-150,test,DRUSEN,normal,OD,.tif,0.00021809582540299743
DRUSEN/150/001_Normal.tif,DRUSEN-150,test,DRUSEN,normal,OD,.tif,0.0002666634973138571
DRUSEN/150/002_Normal.tif,DRUSEN-150,test,DRUSEN,normal,OD,.tif,0.00024799551465548575
DRUSEN/150/003_Normal.tif,DRUSEN-150,test,DRUSEN,normal,OD,.tif,0.0002233054838143289
DRUSEN/150/004_Normal.tif,DRUSEN-150,test,DRUSEN,normal,OD,.tif,0.00026781135238707066
DRUSEN/150/005_Normal.tif,DRUSEN-150,test,DRUSEN,normal,OD,.tif,0.00025487400125712156
DRUSEN/150/006_Normal.tif,DRUSEN-150,test,DRUSEN,normal,OD,.tif,0.0002686224761418998
DRUSEN/150/007_Normal.tif,DRUSEN-150,test,DRUSEN,normal,OD,.tif,0.00016886986850295216
DRUSEN/150/008_Normal.tif,DRUSEN-150,test,DRUSEN,normal,OD,.tif,0.0001894982560770586
DRUSEN/150/010_Drusen.tif,DRUSEN-150,test,DRUSEN,drusen,OD,.tif,0.0001571746834088117
DRUSEN/150/011_Drusen.tif,DRUSEN-150,test,DRUSEN,drusen,OD,.tif,0.00031421377207152545
DRUSEN/150/012_Drusen.tif,DRUSEN-150,test,DRUSEN,drusen,OD,.tif,0.00017374797607772052
DRUSEN/150/013_Drusen.tif,DRUSEN-150,test,DRUSEN,drusen,OD,.tif,0.0001753653195919469
DRUSEN/150/014_Drusen.tif,DRUSEN-150,test,DRUSEN,drusen,OD,.tif,0.00024536592536605895
DRUSEN/150/015_Drusen.tif,DRUSEN-150,test,DRUSEN,drusen,OD,.tif,0.0002477394591551274
DRUSEN/150/016_Drusen.tif,DRUSEN-150,test,DRUSEN,drusen,OD,.tif,0.00016393793339375407
DRUSEN/150/017_Drusen.tif,DRUSEN-150,test,DRUSEN,drusen,OD,.tif,0.00016436247096862644
DRUSEN/150/018_Drusen.tif,DRUSEN-150,test,DRUSEN,drusen,OD,.tif,0.00019695376977324486
DRUSEN/150/019_Drusen.tif,DRUSEN-150,test,DRUSEN,drusen,OD,.tif,0.00018559888121671975
DRUSEN/150/020_Drusen.tif,DRUSEN-150,test,DRUSEN,drusen,OD,.tif,0.000294600788038224
DRUSEN/150/021_Normal.tif,DRUSEN-150,test,DRUSEN,normal,OD,.tif,0.00017823890084400773
DRUSEN/150/022_Normal.tif,DRUSEN-150,test,DRUSEN,normal,OD,.tif,0.0003654775791801512
DRUSEN/150/023_Normal.tif,DRUSEN-150,test,DRUSEN,normal,OD,.tif,0.00021348978043533862
DRUSEN/150/024_Normal.tif,DRUSEN-150,test,DRUSEN,normal,OD,.tif,0.00024268445849884301
DRUSEN/150/025_Normal.tif,DRUSEN-150,test,DRUSEN,normal,OD,.tif,0.00021761194511782378
DRUSEN/150/026_Normal.tif,DRUSEN-150,test,DRUSEN,normal,OD,.tif,0.00021558880689553916
DRUSEN/150/027_Normal.tif,DRUSEN-150,test,DRUSEN,normal,OD,.tif,0.0003038745780941099
DRUSEN/150/028_Normal.tif,DRUSEN-150,test,DRUSEN,normal,OD,.tif,0.0002987039915751666
DRUSEN/150/029_Normal.tif,DRUSEN-150,test,DRUSEN,normal,OD,.tif,0.0002882236149162054
DRUSEN/150/030_Normal.tif,DRUSEN-150,test,DRUSEN,normal,OD,.tif,0.0004001034831162542
DRUSEN/152/000_Normal.tif,DRUSEN-152,test,DRUSEN,normal,OD,.tif,0.00043135901796631515
DRUSEN/152/001_Normal.tif,DRUSEN-152,test,DRUSEN,normal,OD,.tif,0.00022326369071379304
DRUSEN/152/002_Normal.tif,DRUSEN-152,test,DRUSEN,normal,OD,.tif,0.00021857972024008632
DRUSEN/152/003_Normal.tif,DRUSEN-152,test,DRUSEN,normal,OD,.tif,0.00021731866581831127
DRUSEN/152/004_Normal.tif,DRUSEN-152,test,DRUSEN,normal,OD,.tif,0.00031339246197603643
DRUSEN/152/005_Normal.tif,DRUSEN-152,test,DRUSEN,normal,OD,.tif,0.00032328820088878274
DRUSEN/152/006_Normal.tif,DRUSEN-152,test,DRUSEN,normal,OD,.tif,0.000250376935582608
DRUSEN/152/007_Normal.tif,DRUSEN-152,test,DRUSEN,normal,OD,.tif,0.00024810770992189646
DRUSEN/152/008_Normal.tif,DRUSEN-152,test,DRUSEN,normal,OD,.tif,0.00022274327056948096
DRUSEN/152/009_Normal.tif,DRUSEN-152,test,DRUSEN,normal,OD,.tif,0.00027271450380794704
DRUSEN/152/010_Normal.tif,DRUSEN-152,test,DRUSEN,normal,OD,.tif,0.0002716821036301553
DRUSEN/152/011_Normal.tif,DRUSEN-152,test,DRUSEN,normal,OD,.tif,0.0003079801390413195
DRUSEN/152/012_Drusen.tif,DRUSEN-152,test,DRUSEN,drusen,OD,.tif,0.00027675210731104016
DRUSEN/152/013_Drusen.tif,DRUSEN-152,test,DRUSEN,drusen,OD,.tif,0.0003678943030536175
DRUSEN/152/014_Drusen.tif,DRUSEN-152,test,DRUSEN,drusen,OD,.tif,0.00018269356223754585
DRUSEN/152/015_Drusen.tif,DRUSEN-152,test,DRUSEN,drusen,OD,.tif,0.00014227333304006606
DRUSEN/152/016_Drusen.tif,DRUSEN-152,test,DRUSEN,drusen,OD,.tif,0.00017646218475420028
DRUSEN/152/017_Normal.tif,DRUSEN-152,test,DRUSEN,normal,OD,.tif,0.00020395252795424312
DRUSEN/152/018_Normal.tif,DRUSEN-152,test,DRUSEN,normal,OD,.tif,0.00027549656806513667
DRUSEN/152/019_Normal.tif,DRUSEN-152,test,DRUSEN,normal,OD,.tif,0.00030785007402300835
DRUSEN/152/020_Normal.tif,DRUSEN-152,test,DRUSEN,normal,OD,.tif,0.0002971921057906002
DRUSEN/152/021_Normal.tif,DRUSEN-152,test,DRUSEN,normal,OD,.tif,0.00021022596047259867
DRUSEN/152/022_Normal.tif,DRUSEN-152,test,DRUSEN,normal,OD,.tif,0.00035701016895473003
DRUSEN/152/023_Normal.tif,DRUSEN-152,test,DRUSEN,normal,OD,.tif,0.00028420588932931423
DRUSEN/152/024_Normal.tif,DRUSEN-152,test,DRUSEN,normal,OD,.tif,0.00022986989642959088
DRUSEN/152/025_Normal.tif,DRUSEN-152,test,DRUSEN,normal,OD,.tif,0.00022959787747822702
DRUSEN/152/026_Normal.tif,DRUSEN-152,test,DRUSEN,normal,OD,.tif,0.00024079678405541927
DRUSEN/152/027_Normal.tif,DRUSEN-152,test,DRUSEN,normal,OD,.tif,0.0002542560105212033
DRUSEN/152/028_Normal.tif,DRUSEN-152,test,DRUSEN,normal,OD,.tif,0.0002841660752892494
DRUSEN/152/029_Normal.tif,DRUSEN-152,test,DRUSEN,normal,OD,.tif,0.00019182125106453896
DRUSEN/152/030_Normal.tif,DRUSEN-152,test,DRUSEN,normal,OD,.tif,0.0002864093112293631
DRUSEN/154/000_Drusen.tif,DRUSEN-154,test,DRUSEN,drusen,OD,.tif,0.00022558134514838457
DRUSEN/154/001_Drusen.tif,DRUSEN-154,test,DRUSEN,drusen,OD,.tif,0.0001748115464579314
DRUSEN/154/002_Drusen.tif,DRUSEN-154,test,DRUSEN,drusen,OD,.tif,0.00019369997608009726
DRUSEN/154/003_Drusen.tif,DRUSEN-154,test,DRUSEN,drusen,OD,.tif,0.00016299085109494627
DRUSEN/154/004_Drusen.tif,DRUSEN-154,test,DRUSEN,drusen,OD,.tif,0.00019691149645950645
DRUSEN/154/005_Drusen.tif,DRUSEN-154,test,DRUSEN,drusen,OD,.tif,0.000245266332058236
DRUSEN/154/006_Drusen.tif,DRUSEN-154,test,DRUSEN,drusen,OD,.tif,0.00022673494822811335
DRUSEN/154/007_Drusen.tif,DRUSEN-154,test,DRUSEN,drusen,OD,.tif,0.0002209222875535488
DRUSEN/154/008_Drusen.tif,DRUSEN-154,test,DRUSEN,drusen,OD,.tif,0.00020476520876400173
DRUSEN/154/009_Drusen.tif,DRUSEN-154,test,DRUSEN,drusen,OD,.tif,0.00023655759287066758
DRUSEN/154/010_Drusen.tif,DRUSEN-154,test,DRUSEN,drusen,OD,.tif,0.00017657922580838203
DRUSEN/154/011_Drusen.tif,DRUSEN-154,test,DRUSEN,drusen,OD,.tif,0.00016368665092159063
DRUSEN/154/012_Drusen.tif,DRUSEN-154,test,DRUSEN,drusen,OD,.tif,0.0002407460124231875
DRUSEN/154/013_Drusen.tif,DRUSEN-154,test,DRUSEN,drusen,OD,.tif,0.00021953473333269358
DRUSEN/154/014_Drusen.tif,DRUSEN-154,test,DRUSEN,drusen,OD,.tif,0.00019508309196680784
DRUSEN/154/015_Drusen.tif,DRUSEN-154,test,DRUSEN,drusen,OD,.tif,0.0002497137465979904
DRUSEN/154/016_Drusen.tif,DRUSEN-154,test,DRUSEN,drusen,OD,.tif,0.0002964939922094345
DRUSEN/154/017_Drusen.tif,DRUSEN-154,test,DRUSEN,drusen,OD,.tif,0.00019355076074134558
DRUSEN/154/018_Drusen.tif,DRUSEN-154,test,DRUSEN,drusen,OD,.tif,0.00023219009744934738
DRUSEN/154/019_Drusen.tif,DRUSEN-154,test,DRUSEN,drusen,OD,.tif,0.00024383782874792814
DRUSEN/154/020_Drusen.tif,DRUSEN-154,test,DRUSEN,drusen,OD,.tif,0.00028524204390123487
DRUSEN/154/021_Drusen.tif,DRUSEN-154,test,DRUSEN,drusen,OD,.tif,0.00020297722949180752
DRUSEN/154/022_Drusen.tif,DRUSEN-154,test,DRUSEN,drusen,OD,.tif,0.00031249772291630507
DRUSEN/154/023_Drusen.tif,DRUSEN-154,test,DRUSEN,drusen,OD,.tif,0.00016921748465392739
DRUSEN/154/024_Drusen.tif,DRUSEN-154,test,DRUSEN,drusen,OD,.tif,0.000220782239921391
DRUSEN/154/025_Drusen.tif,DRUSEN-154,test,DRUSEN,drusen,OD,.tif,0.00034074619179591537
DRUSEN/154/026_Drusen.tif,DRUSEN-154,test,DRUSEN,drusen,OD,.tif,0.0002937493263743818
DRUSEN/154/027_Drusen.tif,DRUSEN-154,test,DRUSEN,drusen,OD,.tif,0.00020225901971571147
DRUSEN/154/028_Drusen.tif,DRUSEN-154,test,DRUSEN,drusen,OD,.tif,0.00024457444669678807
DRUSEN/154/029_Drusen.tif,DRUSEN-154,test,DRUSEN,drusen,OD,.tif,0.0002536941319704056
DRUSEN/154/030_Drusen.tif,DRUSEN-154,test,DRUSEN,drusen,OD,.tif,0.00022326846374198794
DRUSEN/155/000_Normal.tif,DRUSEN-155,test,DRUSEN,normal,OD,.tif,0.00027612957637757063
DRUSEN/155/001_Normal.tif,DRUSEN-155,test,DRUSEN,normal,OD,.tif,0.0002195067354477942
DRUSEN/155/002_Normal.tif,DRUSEN-155,test,DRUSEN,normal,OD,.tif,0.00023168374900706112
DRUSEN/155/003_Normal.tif,DRUSEN-155,test,DRUSEN,normal,OD,.tif,0.00023614414385519922
DRUSEN/155/004_Normal.tif,DRUSEN-155,test,DRUSEN,normal,OD,.tif,0.00018722988897934556
DRUSEN/155/005_Normal.tif,DRUSEN-155,test,DRUSEN,normal,OD,.tif,0.00022271642228588462
DRUSEN/155/006_Normal.tif,DRUSEN-155,test,DRUSEN,normal,OD,.tif,0.0002914125216193497
DRUSEN/155/007_Normal.tif,DRUSEN-155,test,DRUSEN,normal,OD,.tif,0.0002335897006560117
DRUSEN/155/008_Normal.tif,DRUSEN-155,test,DRUSEN,normal,OD,.tif,0.0002463297569192946
DRUSEN/155/009_Normal.tif,DRUSEN-155,test,DRUSEN,normal,OD,.tif,0.00030134551343508065
DRUSEN/155/010_Normal.tif,DRUSEN-155,test,DRUSEN,normal,OD,.tif,0.00022894855646882206
DRUSEN/155/011_Normal.tif,DRUSEN-155,test,DRUSEN,normal,OD,.tif,0.00024210427363868803
DRUSEN/155/012_Normal.tif,DRUSEN-155,test,DRUSEN,normal,OD,.tif,0.0002465764118824154
DRUSEN/155/013_Normal.tif,DRUSEN-155,test,DRUSEN,normal,OD,.tif,0.0004478349001146853
DRUSEN/155/014_Drusen.tif,DRUSEN-155,test,DRUSEN,drusen,OD,.tif,0.00019552296726033092
DRUSEN/155/015_Drusen.tif,DRUSEN-155,test,DRUSEN,drusen,OD,.tif,0.0002148961357306689
DRUSEN/155/016_Drusen.tif,DRUSEN-155,test,DRUSEN,drusen,OD,.tif,0.0002925387234427035
DRUSEN/155/017_Normal.tif,DRUSEN-155,test,DRUSEN,normal,OD,.tif,0.0003179757040925324
DRUSEN/155/018_Drusen.tif,DRUSEN-155,test,DRUSEN,drusen,OD,.tif,0.0001930178696056828
DRUSEN/155/019_Drusen.tif,DRUSEN-155,test,DRUSEN,drusen,OD,.tif,0.00026379514019936323
DRUSEN/155/020_Drusen.tif,DRUSEN-155,test,DRUSEN,drusen,OD,.tif,0.00023358457838185132
DRUSEN/155/021_Drusen.tif,DRUSEN-155,test,DRUSEN,drusen,OD,.tif,0.00018964560877066106
DRUSEN/155/022_Drusen.tif,DRUSEN-155,test,DRUSEN,drusen,OD,.tif,0.00031431965180672705
DRUSEN/155/023_Drusen.tif,DRUSEN-155,test,DRUSEN,drusen,OD,.tif,0.00019576516933739185
DRUSEN/155/024_Drusen.tif,DRUSEN-155,test,DRUSEN,drusen,OD,.tif,0.0002149424544768408
DRUSEN/155/025_Drusen.tif,DRUSEN-155,test,DRUSEN,drusen,OD,.tif,0.0002761870273388922
DRUSEN/155/026_Drusen.tif,DRUSEN-155,test,DRUSEN,drusen,OD,.tif,0.00020625079923775047
DRUSEN/155/027_Drusen.tif,DRUSEN-155,test,DRUSEN,drusen,OD,.tif,0.00018885012832470238
DRUSEN/155/028_Drusen.tif,DRUSEN-155,test,DRUSEN,drusen,OD,.tif,0.00015735375927761197
DRUSEN/155/029_Drusen.tif,DRUSEN-155,test,DRUSEN,drusen,OD,.tif,0.00023053301265463233
DRUSEN/155/030_Drusen.tif,DRUSEN-155,test,DRUSEN,drusen,OD,.tif,0.00022867378720548004
DRUSEN/156/000_Drusen.tif,DRUSEN-156,test,DRUSEN,drusen,OD,.tif,0.0002935213560704142
DRUSEN/156/001_Normal.tif,DRUSEN-156,test,DRUSEN,normal,OD,.tif,0.0001667936594458297
DRUSEN/156/002_Normal.tif,DRUSEN-156,test,DRUSEN,normal,OD,.tif,0.000141989003168419
DRUSEN/156/003_Normal.tif,DRUSEN-156,test,DRUSEN,normal,OD,.tif,0.00021705868130084127
DRUSEN/156/004_Drusen.tif,DRUSEN-156,test,DRUSEN,drusen,OD,.tif,0.0002471015031915158
DRUSEN/156/005_Drusen.tif,DRUSEN-156,test,DRUSEN,drusen,OD,.tif,0.00023023213725537062
DRUSEN/156/006_Drusen.tif,DRUSEN-156,test,DRUSEN,drusen,OD,.tif,0.00024203964858315885
DRUSEN/156/007_Drusen.tif,DRUSEN-156,test,DRUSEN,drusen,OD,.tif,0.0002433935005683452
DRUSEN/156/008_Drusen.tif,DRUSEN-156,test,DRUSEN,drusen,OD,.tif,0.0002439717936795205
DRUSEN/156/009_Drusen.tif,DRUSEN-156,test,DRUSEN,drusen,OD,.tif,0.0001896753383334726
DRUSEN/156/010_Drusen.tif,DRUSEN-156,test,DRUSEN,drusen,OD,.tif,0.0001436579186702147
DRUSEN/156/011_Drusen.tif,DRUSEN-156,test,DRUSEN,drusen,OD,.tif,0.0002302297652931884
DRUSEN/156/012_Drusen.tif,DRUSEN-156,test,DRUSEN,drusen,OD,.tif,0.00020891736494377255
DRUSEN/156/013_Drusen.tif,DRUSEN-156,test,DRUSEN,drusen,OD,.tif,0.00022472103592008352
DRUSEN/156/014_Drusen.tif,DRUSEN-156,test,DRUSEN,drusen,OD,.tif,0.00019795092521235347
DRUSEN/156/015_Drusen.tif,DRUSEN-156,test,DRUSEN,drusen,OD,.tif,0.00018701652879826725
DRUSEN/156/016_Drusen.tif,DRUSEN-156,test,DRUSEN,drusen,OD,.tif,0.00022822991013526917
DRUSEN/156/017_Drusen.tif,DRUSEN-156,test,DRUSEN,drusen,OD,.tif,0.0002904628054238856
DRUSEN/156/018_Drusen.tif,DRUSEN-156,test,DRUSEN,drusen,OD,.tif,0.0002453627821523696
DRUSEN/156/019_Drusen.tif,DRUSEN-156,test,DRUSEN,drusen,OD,.tif,0.00021983157785143703
DRUSEN/156/020_Drusen.tif,DRUSEN-156,test,DRUSEN,drusen,OD,.tif,0.00022859248565509915
DRUSEN/156/021_Drusen.tif,DRUSEN-156,test,DRUSEN,drusen,OD,.tif,0.00024501621373929083
DRUSEN/156/022_Drusen.tif,DRUSEN-156,test,DRUSEN,drusen,OD,.tif,0.00022951349092181772
DRUSEN/156/023_Drusen.tif,DRUSEN-156,test,DRUSEN,drusen,OD,.tif,0.0003341055125929415
DRUSEN/156/024_Drusen.tif,DRUSEN-156,test,DRUSEN,drusen,OD,.tif,0.0002610581577755511
DRUSEN/156/025_Drusen.tif,DRUSEN-156,test,DRUSEN,drusen,OD,.tif,0.0002569982607383281
DRUSEN/156/026_Drusen.tif,DRUSEN-156,test,DRUSEN,drusen,OD,.tif,0.0002628584625199437
DRUSEN/156/027_Drusen.tif,DRUSEN-156,test,DRUSEN,drusen,OD,.tif,0.0001769496884662658
DRUSEN/156/028_Drusen.tif,DRUSEN-156,test,DRUSEN,drusen,OD,.tif,0.00023119771503843367
DRUSEN/156/029_Drusen.tif,DRUSEN-156,test,DRUSEN,drusen,OD,.tif,0.00025439634919166565
DRUSEN/156/030_Drusen.tif,DRUSEN-156,test,DRUSEN,drusen,OD,.tif,0.000283128785667941
NORMAL/9/000_Normal.jpg,NORMAL-009,test,NORMAL,normal,OD,.jpg,0.0002778691123239696
NORMAL/9/001_Normal.jpg,NORMAL-009,test,NORMAL,normal,OD,.jpg,0.0002383873361395672
NORMAL/9/002_Normal.jpg,NORMAL-009,test,NORMAL,normal,OD,.jpg,0.00023564341245219111
NORMAL/9/003_Normal.jpg,NORMAL-009,test,NORMAL,normal,OD,.jpg,0.00024098920403048396
NORMAL/9/004_Normal.jpg,NORMAL-009,test,NORMAL,normal,OD,.jpg,0.00028929009567946196
NORMAL/9/005_Normal.jpg,NORMAL-009,test,NORMAL,normal,OD,.jpg,0.00022061081836000085
NORMAL/9/006_Normal.jpg,NORMAL-009,test,NORMAL,normal,OD,.jpg,0.00021181264310143888
NORMAL/9/007_Normal.jpg,NORMAL-009,test,NORMAL,normal,OD,.jpg,0.00019513542065396905
NORMAL/9/008_Normal.jpg,NORMAL-009,test,NORMAL,normal,OD,.jpg,0.0002844198024831712
NORMAL/9/009_Normal.jpg,NORMAL-009,test,NORMAL,normal,OD,.jpg,0.0003583584330044687
NORMAL/9/010_Normal.jpg,NORMAL-009,test,NORMAL,normal,OD,.jpg,0.0003594118752516806
NORMAL/9/011_Normal.jpg,NORMAL-009,test,NORMAL,normal,OD,.jpg,0.00037399830762296915
NORMAL/9/012_Normal.jpg,NORMAL-009,test,NORMAL,normal,OD,.jpg,0.0003051944077014923
NORMAL/9/013_Normal.jpg,NORMAL-009,test,NORMAL,normal,OD,.jpg,0.00015994416025932878
NORMAL/9/014_Normal.jpg,NORMAL-009,test,NORMAL,normal,OD,.jpg,0.0003744051209650934
NORMAL/9/015_Normal.jpg,NORMAL-009,test,NORMAL,normal,OD,.jpg,0.0003592399589251727
NORMAL/9/016_Normal.jpg,NORMAL-009,test,NORMAL,normal,OD,.jpg,0.00042409024899825454
NORMAL/9/017_Normal.jpg,NORMAL-009,test,NORMAL,normal,OD,.jpg,0.0003182273358106613
NORMAL/9/018_Normal.jpg,NORMAL-009,test,NORMAL,normal,OD,.jpg,0.0005346094258129597
NORMAL/9/019_Normal.jpg,NORMAL-009,test,NORMAL,normal,OD,.jpg,0.00021742706303484738
NORMAL/9/020_Normal.jpg,NORMAL-009,test,NORMAL,normal,OD,.jpg,0.00017860575462691486
NORMAL/9/021_Normal.jpg,NORMAL-009,test,NORMAL,normal,OD,.jpg,0.00023958063684403896
NORMAL/9/022_Normal.jpg,NORMAL-009,test,NORMAL,normal,OD,.jpg,0.00025859277229756117
NORMAL/9/023_Normal.jpg,NORMAL-009,test,NORMAL,normal,OD,.jpg,0.0002957847318612039
NORMAL/9/024_Normal.jpg,NORMAL-009,test,NORMAL,normal,OD,.jpg,0.000316605088301003
NORMAL/9/025_Normal.jpg,NORMAL-009,test,NORMAL,normal,OD,.jpg,0.00036426784936338663
NORMAL/9/026_Normal.jpg,NORMAL-009,test,NORMAL,normal,OD,.jpg,0.00025276243104599416
NORMAL/9/027_Normal.jpg,NORMAL-009,test,NORMAL,normal,OD,.jpg,0.00033554784022271633
NORMAL/9/028_Normal.jpg,NORMAL-009,test,NORMAL,normal,OD,.jpg,0.00034999282797798514
NORMAL/9/029_Normal.jpg,NORMAL-009,test,NORMAL,normal,OD,.jpg,0.0002498326066415757
NORMAL/9/030_Normal.jpg,NORMAL-009,test,NORMAL,normal,OD,.jpg,0.0002758121117949486
NORMAL/13/000_Normal.jpg,NORMAL-013,test,NORMAL,normal,OD,.jpg,0.0003308969608042389
NORMAL/13/001_Normal.jpg,NORMAL-013,test,NORMAL,normal,OD,.jpg,0.0002940105041489005
NORMAL/13/002_Normal.jpg,NORMAL-013,test,NORMAL,normal,OD,.jpg,0.00026161959976889193
NORMAL/13/003_Normal.jpg,NORMAL-013,test,NORMAL,normal,OD,.jpg,0.00023693899856880307
NORMAL/13/004_Normal.jpg,NORMAL-013,test,NORMAL,normal,OD,.jpg,0.00021323878900147974
NORMAL/13/005_Normal.jpg,NORMAL-013,test,NORMAL,normal,OD,.jpg,0.00016297187539748847
NORMAL/13/006_Normal.jpg,NORMAL-013,test,NORMAL,normal,OD,.jpg,0.00015677354531362653
NORMAL/13/007_Normal.jpg,NORMAL-013,test,NORMAL,normal,OD,.jpg,0.00022103567607700825
NORMAL/13/008_Normal.jpg,NORMAL-013,test,NORMAL,normal,OD,.jpg,0.0001796379074221477
NORMAL/13/009_Normal.jpg,NORMAL-013,test,NORMAL,normal,OD,.jpg,0.0001888755796244368
NORMAL/13/010_Normal.jpg,NORMAL-013,test,NORMAL,normal,OD,.jpg,0.0002017128572333604
NORMAL/13/011_Normal.jpg,NORMAL-013,test,NORMAL,normal,OD,.jpg,0.00022070104023441672
NORMAL/13/012_Normal.jpg,NORMAL-013,test,NORMAL,normal,OD,.jpg,0.00023418691125698388
NORMAL/13/013_Normal.jpg,NORMAL-013,test,NORMAL,normal,OD,.jpg,0.00018653087317943573
NORMAL/13/014_Normal.jpg,NORMAL-013,test,NORMAL,normal,OD,.jpg,0.0002659051970113069
NORMAL/13/015_Normal.jpg,NORMAL-013,test,NORMAL,normal,OD,.jpg,0.00019245679141022265
NORMAL/13/016_Normal.jpg,NORMAL-013,test,NORMAL,normal,OD,.jpg,0.00019412548863328993
NORMAL/13/017_Normal.jpg,NORMAL-013,test,NORMAL,normal,OD,.jpg,0.00019650073954835534
NORMAL/13/018_Normal.jpg,NORMAL-013,test,NORMAL,normal,OD,.jpg,0.0004528192803263664
NORMAL/13/019_Normal.jpg,NORMAL-013,test,NORMAL,normal,OD,.jpg,0.00022324029123410583
NORMAL/13/020_Normal.jpg,NORMAL-013,test,NORMAL,normal,OD,.jpg,0.0004280658904463053
NORMAL/13/021_Normal.jpg,NORMAL-013,test,NORMAL,normal,OD,.jpg,0.00016268623585347086
NORMAL/13/022_Normal.jpg,NORMAL-013,test,NORMAL,normal,OD,.jpg,0.00015711250307504088
NORMAL/13/023_Normal.jpg,NORMAL-013,test,NORMAL,normal,OD,.jpg,0.00022556784097105265
NORMAL/13/024_Normal.jpg,NORMAL-013,test,NORMAL,normal,OD,.jpg,0.00013348687207326293
NORMAL/13/025_Normal.jpg,NORMAL-013,test,NORMAL,normal,OD,.jpg,0.0001901863724924624
NORMAL/13/026_Normal.jpg,NORMAL-013,test,NORMAL,normal,OD,.jpg,0.0001709790521999821
NORMAL/13/027_Normal.jpg,NORMAL-013,test,NORMAL,normal,OD,.jpg,0.00019581132801249623
NORMAL/13/028_Normal.jpg,NORMAL-013,test,NORMAL,normal,OD,.jpg,0.00020946153381373733
NORMAL/13/029_Normal.jpg,NORMAL-013,test,NORMAL,normal,OD,.jpg,0.00016615864296909422
NORMAL/13/030_Normal.jpg,NORMAL-013,test,NORMAL,normal,OD,.jpg,0.0002485197619535029
NORMAL/14/OD/000_Normal.jpg,NORMAL-014,test,NORMAL,normal,OD,.jpg,0.00024935725377872586
NORMAL/14/OD/001_Normal.jpg,NORMAL-014,test,NORMAL,normal,OD,.jpg,0.0002508023171685636
NORMAL/14/OD/002_Normal.jpg,NORMAL-014,test,NORMAL,normal,OD,.jpg,0.0003088104131165892
NORMAL/14/OD/003_Normal.jpg,NORMAL-014,test,NORMAL,normal,OD,.jpg,0.00027198903262615204
NORMAL/14/OD/004_Normal.jpg,NORMAL-014,test,NORMAL,normal,OD,.jpg,0.000251911289524287
NORMAL/14/OD/005_Normal.jpg,NORMAL-014,test,NORMAL,normal,OD,.jpg,0.0003044024924747646
NORMAL/14/OD/006_Normal.jpg,NORMAL-014,test,NORMAL,normal,OD,.jpg,0.00032677140552550554
NORMAL/14/OD/007_Normal.jpg,NORMAL-014,test,NORMAL,normal,OD,.jpg,0.000292495999019593
NORMAL/14/OD/008_Normal.jpg,NORMAL-014,test,NORMAL,normal,OD,.jpg,0.0002699785109143704
NORMAL/14/OD/009_Normal.jpg,NORMAL-014,test,NORMAL,normal,OD,.jpg,0.00022061666822992265
NORMAL/14/OD/010_Normal.jpg,NORMAL-014,test,NORMAL,normal,OD,.jpg,0.00043520511826500297
NORMAL/14/OD/011_Normal.jpg,NORMAL-014,test,NORMAL,normal,OD,.jpg,0.0003093127452302724
NORMAL/14/OD/012_Normal.jpg,NORMAL-014,test,NORMAL,normal,OD,.jpg,0.0002765667450148612
NORMAL/14/OD/013_Normal.jpg,NORMAL-014,test,NORMAL,normal,OD,.jpg,0.000236677034990862
NORMAL/14/OD/014_Normal.jpg,NORMAL-014,test,NORMAL,normal,OD,.jpg,0.00023598034749738872
NORMAL/14/OD/015_Normal.jpg,NORMAL-014,test,NORMAL,normal,OD,.jpg,0.00030565113411284983
NORMAL/14/OD/016_Normal.jpg,NORMAL-014,test,NORMAL,normal,OD,.jpg,0.0002485558798070997
NORMAL/14/OD/017_Normal.jpg,NORMAL-014,test,NORMAL,normal,OD,.jpg,0.0002510647173039615
NORMAL/14/OD/018_Normal.jpg,NORMAL-014,test,NORMAL,normal,OD,.jpg,0.00023394273011945188
NORMAL/14/OD/019_Normal.jpg,NORMAL-014,test,NORMAL,normal,OD,.jpg,0.00041638678521849215
NORMAL/14/OD/020_Normal.jpg,NORMAL-014,test,NORMAL,normal,OD,.jpg,0.0001743072789395228
NORMAL/14/OD/021_Normal.jpg,NORMAL-014,test,NORMAL,normal,OD,.jpg,0.00014595570974051952
NORMAL/14/OD/022_Normal.jpg,NORMAL-014,test,NORMAL,normal,OD,.jpg,0.0002643795742187649
NORMAL/14/OD/023_Normal.jpg,NORMAL-014,test,NORMAL,normal,OD,.jpg,0.000371742295101285
NORMAL/14/OD/024_Normal.jpg,NORMAL-014,test,NORMAL,normal,OD,.jpg,0.00021942504099570215
NORMAL/14/OD/025_Normal.jpg,NORMAL-014,test,NORMAL,normal,OD,.jpg,0.00020382284128572792
NORMAL/14/OD/026_Normal.jpg,NORMAL-014,test,NORMAL,normal,OD,.jpg,0.0002279009495396167
NORMAL/14/OD/027_Normal.jpg,NORMAL-014,test,NORMAL,normal,OD,.jpg,0.00025798671413213015
NORMAL/14/OD/028_Normal.jpg,NORMAL-014,test,NORMAL,normal,OD,.jpg,0.00042391620809212327
NORMAL/14/OD/029_Normal.jpg,NORMAL-014,test,NORMAL,normal,OD,.jpg,0.0001973096514120698
NORMAL/14/OD/030_Normal.jpg,NORMAL-014,test,NORMAL,normal,OD,.jpg,0.00022373016690835357
NORMAL/14/OS/000_Normal.jpg,NORMAL-014,test,NORMAL,normal,OS,.jpg,0.000272811041213572
NORMAL/14/OS/001_Normal.jpg,NORMAL-014,test,NORMAL,normal,OS,.jpg,0.0003525871434248984
NORMAL/14/OS/002_Normal.jpg,NORMAL-014,test,NORMAL,normal,OS,.jpg,0.00022566535335499793
NORMAL/14/OS/003_Normal.jpg,NORMAL-014,test,NORMAL,normal,OS,.jpg,0.00037374679232016206
NORMAL/14/OS/004_Normal.jpg,NORMAL-014,test,NORMAL,normal,OS,.jpg,0.00020478290389291942
NORMAL/14/OS/005_Normal.jpg,NORMAL-014,test,NORMAL,normal,OS,.jpg,0.00019009920652024448
NORMAL/14/OS/006_Normal.jpg,NORMAL-014,test,NORMAL,normal,OS,.jpg,0.00029924180125817657
NORMAL/14/OS/007_Normal.jpg,NORMAL-014,test,NORMAL,normal,OS,.jpg,0.0002568948548287153
NORMAL/14/OS/008_Normal.jpg,NORMAL-014,test,NORMAL,normal,OS,.jpg,0.0002545719326008111
NORMAL/14/OS/009_Normal.jpg,NORMAL-014,test,NORMAL,normal,OS,.jpg,0.00020693664555437863
NORMAL/14/OS/010_Normal.jpg,NORMAL-014,test,NORMAL,normal,OS,.jpg,0.0001875814632512629
NORMAL/14/OS/011_Normal.jpg,NORMAL-014,test,NORMAL,normal,OS,.jpg,0.00023817777400836349
NORMAL/14/OS/012_Normal.jpg,NORMAL-014,test,NORMAL,normal,OS,.jpg,0.00027091597439721227
NORMAL/14/OS/013_Normal.jpg,NORMAL-014,test,NORMAL,normal,OS,.jpg,0.00040196668123826385
NORMAL/14/OS/014_Normal.jpg,NORMAL-014,test,NORMAL,normal,OS,.jpg,0.00034665927523747087
NORMAL/14/OS/015_Normal.jpg,NORMAL-014,test,NORMAL,normal,OS,.jpg,0.00030980081646703184
NORMAL/14/OS/016_Normal.jpg,NORMAL-014,test,NORMAL,normal,OS,.jpg,0.000295259989798069
NORMAL/14/OS/017_Normal.jpg,NORMAL-014,test,NORMAL,normal,OS,.jpg,0.0003458361024968326
NORMAL/14/OS/018_Normal.jpg,NORMAL-014,test,NORMAL,normal,OS,.jpg,0.0001943069219123572
NORMAL/14/OS/019_Normal.jpg,NORMAL-014,test,NORMAL,normal,OS,.jpg,0.00023456162307411432
NORMAL/14/OS/020_Normal.jpg,NORMAL-014,test,NORMAL,normal,OS,.jpg,0.00031968438997864723
NORMAL/14/OS/021_Normal.jpg,NORMAL-014,test,NORMAL,normal,OS,.jpg,0.0002388795546721667
NORMAL/14/OS/022_Normal.jpg,NORMAL-014,test,NORMAL,normal,OS,.jpg,0.0002989045751746744
NORMAL/14/OS/023_Normal.jpg,NORMAL-014,test,NORMAL,normal,OS,.jpg,0.00033717829501256347
NORMAL/14/OS/024_Normal.jpg,NORMAL-014,test,NORMAL,normal,OS,.jpg,0.00028102399664931
NORMAL/14/OS/025_Normal.jpg,NORMAL-014,test,NORMAL,normal,OS,.jpg,0.0004092817544005811
NORMAL/14/OS/026_Normal.jpg,NORMAL-014,test,NORMAL,normal,OS,.jpg,0.000263121270108968
NORMAL/14/OS/027_Normal.jpg,NORMAL-014,test,NORMAL,normal,OS,.jpg,0.00017386859690304846
NORMAL/14/OS/028_Normal.jpg,NORMAL-014,test,NORMAL,normal,OS,.jpg,0.00029691282543353736
NORMAL/14/OS/029_Normal.jpg,NORMAL-014,test,NORMAL,normal,OS,.jpg,0.0002790148719213903
NORMAL/14/OS/030_Normal.jpg,NORMAL-014,test,NORMAL,normal,OS,.jpg,0.00038191015482880175
NORMAL/15/OD/000_Normal.jpg,NORMAL-015,test,NORMAL,normal,OD,.jpg,0.0001646550081204623
NORMAL/15/OD/001_Normal.jpg,NORMAL-015,test,NORMAL,normal,OD,.jpg,0.0001593907072674483
NORMAL/15/OD/002_Normal.jpg,NORMAL-015,test,NORMAL,normal,OD,.jpg,0.00022671408078167588
NORMAL/15/OD/003_Normal.jpg,NORMAL-015,test,NORMAL,normal,OD,.jpg,0.0001935052714543417
NORMAL/15/OD/004_Normal.jpg,NORMAL-015,test,NORMAL,normal,OD,.jpg,0.00022980353969614953
NORMAL/15/OD/005_Normal.jpg,NORMAL-015,test,NORMAL,normal,OD,.jpg,0.00033442172571085393
NORMAL/15/OD/006_Normal.jpg,NORMAL-015,test,NORMAL,normal,OD,.jpg,0.00029810317209921777
NORMAL/15/OD/007_Normal.jpg,NORMAL-015,test,NORMAL,normal,OD,.jpg,0.0004045626556035131
NORMAL/15/OD/008_Normal.jpg,NORMAL-015,test,NORMAL,normal,OD,.jpg,0.00029818611801601946
NORMAL/15/OD/009_Normal.jpg,NORMAL-015,test,NORMAL,normal,OD,.jpg,0.00040764568257145584
NORMAL/15/OD/010_Normal.jpg,NORMAL-015,test,NORMAL,normal,OD,.jpg,0.0005106450407765806
NORMAL/15/OD/011_Normal.jpg,NORMAL-015,test,NORMAL,normal,OD,.jpg,0.0008394794422201812
NORMAL/15/OD/012_Normal.jpg,NORMAL-015,test,NORMAL,normal,OD,.jpg,0.00039536721305921674
NORMAL/15/OD/013_Normal.jpg,NORMAL-015,test,NORMAL,normal,OD,.jpg,0.0006474017864093184
NORMAL/15/OD/014_Normal.jpg,NORMAL-015,test,NORMAL,normal,OD,.jpg,0.00017657186253927648
NORMAL/15/OD/015_Normal.jpg,NORMAL-015,test,NORMAL,normal,OD,.jpg,0.00020530734036583453
NORMAL/15/OD/016_Normal.jpg,NORMAL-015,test,NORMAL,normal,OD,.jpg,0.0003679735818877816
NORMAL/15/OD/017_Normal.jpg,NORMAL-015,test,NORMAL,normal,OD,.jpg,0.00017343505169264972
NORMAL/15/OD/018_Normal.jpg,NORMAL-015,test,NORMAL,normal,OD,.jpg,0.00015208595141302794
NORMAL/15/OD/019_Normal.jpg,NORMAL-015,test,NORMAL,normal,OD,.jpg,0.0003119765315204859
NORMAL/15/OD/020_Normal.jpg,NORMAL-015,test,NORMAL,normal,OD,.jpg,0.00018844162696041167
NORMAL/15/OD/021_Normal.jpg,NORMAL-015,test,NORMAL,normal,OD,.jpg,0.0002777554909698665
NORMAL/15/OD/022_Normal.jpg,NORMAL-015,test,NORMAL,normal,OD,.jpg,0.00028366417973302305
NORMAL/15/OD/023_Normal.jpg,NORMAL-015,test,NORMAL,normal,OD,.jpg,0.0003112726553808898
NORMAL/15/OD/024_Normal.jpg,NORMAL-015,test,NORMAL,normal,OD,.jpg,0.00040593816083855927
NORMAL/15/OD/025_Normal.jpg,NORMAL-015,test,NORMAL,normal,OD,.jpg,0.00045002560364082456
NORMAL/15/OD/026_Normal.jpg,NORMAL-015,test,NORMAL,normal,OD,.jpg,0.0003614627639763057
NORMAL/15/OD/027_Normal.jpg,NORMAL-015,test,NORMAL,normal,OD,.jpg,0.00041090784361585975
NORMAL/15/OD/028_Normal.jpg,NORMAL-015,test,NORMAL,normal,OD,.jpg,0.0005414582556113601
NORMAL/15/OD/029_Normal.jpg,NORMAL-015,test,NORMAL,normal,OD,.jpg,0.00026264850748702884
NORMAL/15/OD/030_Normal.jpg,NORMAL-015,test,NORMAL,normal,OD,.jpg,0.0003183094668202102
NORMAL/15/OS/000_Normal.jpg,NORMAL-015,test,NORMAL,normal,OS,.jpg,0.0002290874399477616
NORMAL/15/OS/001_Normal.jpg,NORMAL-015,test,NORMAL,normal,OS,.jpg,0.0003156218444928527
NORMAL/15/OS/002_Normal.jpg,NORMAL-015,test,NORMAL,normal,OS,.jpg,0.000277250655926764
NORMAL/15/OS/003_Normal.jpg,NORMAL-015,test,NORMAL,normal,OS,.jpg,0.00025491646374575794
NORMAL/15/OS/004_Normal.jpg,NORMAL-015,test,NORMAL,normal,OS,.jpg,0.00028627007850445807
NORMAL/15/OS/005_Normal.jpg,NORMAL-015,test,NORMAL,normal,OS,.jpg,0.00020577006216626614
NORMAL/15/OS/006_Normal.jpg,NORMAL-015,test,NORMAL,normal,OS,.jpg,0.0002099031553370878
NORMAL/15/OS/007_Normal.jpg,NORMAL-015,test,NORMAL,normal,OS,.jpg,0.0003626653051469475
NORMAL/15/OS/008_Normal.jpg,NORMAL-015,test,NORMAL,normal,OS,.jpg,0.0002950762282125652
NORMAL/15/OS/009_Normal.jpg,NORMAL-015,test,NORMAL,normal,OS,.jpg,0.00022726970200892538
NORMAL/15/OS/010_Normal.jpg,NORMAL-015,test,NORMAL,normal,OS,.jpg,0.000303009117487818
NORMAL/15/OS/011_Normal.jpg,NORMAL-015,test,NORMAL,normal,OS,.jpg,0.0005703303031623363
NORMAL/15/OS/012_Normal.jpg,NORMAL-015,test,NORMAL,normal,OS,.jpg,0.00030278594931587577
NORMAL/15/OS/013_Normal.jpg,NORMAL-015,test,NORMAL,normal,OS,.jpg,0.0002918944228440523
NORMAL/15/OS/014_Normal.jpg,NORMAL-015,test,NORMAL,normal,OS,.jpg,0.00022781710140407085
NORMAL/15/OS/015_Normal.jpg,NORMAL-015,test,NORMAL,normal,OS,.jpg,0.00015971474931575358
NORMAL/15/OS/016_Normal.jpg,NORMAL-015,test,NORMAL,normal,OS,.jpg,0.0002537889522500336
NORMAL/15/OS/017_Normal.jpg,NORMAL-015,test,NORMAL,normal,OS,.jpg,0.0003156549937557429
NORMAL/15/OS/018_Normal.jpg,NORMAL-015,test,NORMAL,normal,OS,.jpg,0.00025829244987107813
NORMAL/15/OS/019_Normal.jpg,NORMAL-015,test,NORMAL,normal,OS,.jpg,0.00027364701963961124
NORMAL/15/OS/020_Normal.jpg,NORMAL-015,test,NORMAL,normal,OS,.jpg,0.0003905997145920992
NORMAL/15/OS/021_Normal.jpg,NORMAL-015,test,NORMAL,normal,OS,.jpg,0.0003346077573951334
NORMAL/15/OS/022_Normal.jpg,NORMAL-015,test,NORMAL,normal,OS,.jpg,0.0001858101604739204
NORMAL/15/OS/023_Normal.jpg,NORMAL-015,test,NORMAL,normal,OS,.jpg,0.00021023323643021286
NORMAL/15/OS/024_Normal.jpg,NORMAL-015,test,NORMAL,normal,OS,.jpg,0.0004979333025403321
NORMAL/15/OS/025_Normal.jpg,NORMAL-015,test,NORMAL,normal,OS,.jpg,0.00045217497972771525
NORMAL/15/OS/026_Normal.jpg,NORMAL-015,test,NORMAL,normal,OS,.jpg,0.00062835548305884
NORMAL/15/OS/027_Normal.jpg,NORMAL-015,test,NORMAL,normal,OS,.jpg,0.00030797894578427076
NORMAL/15/OS/028_Normal.jpg,NORMAL-015,test,NORMAL,normal,OS,.jpg,0.0003059621376451105
NORMAL/15/OS/029_Normal.jpg,NORMAL-015,test,NORMAL,normal,OS,.jpg,0.0003274700720794499
NORMAL/15/OS/030_Normal.jpg,NORMAL-015,test,NORMAL,normal,OS,.jpg,0.00029455398907884955
NORMAL/20/000_Normal.jpg,NORMAL-020,test,NORMAL,normal,OD,.jpg,0.00015755277127027512
NORMAL/20/001_Normal.jpg,NORMAL-020,test,NORMAL,normal,OD,.jpg,0.00020604611199814826
NORMAL/20/002_Normal.jpg,NORMAL-020,test,NORMAL,normal,OD,.jpg,0.0001799863384803757
NORMAL/20/003_Normal.jpg,NORMAL-020,test,NORMAL,normal,OD,.jpg,0.0002201715687988326
NORMAL/20/004_Normal.jpg,NORMAL-020,test,NORMAL,normal,OD,.jpg,0.00023203418822959065
NORMAL/20/005_Normal.jpg,NORMAL-020,test,NORMAL,normal,OD,.jpg,0.00027532706735655665
NORMAL/20/006_Normal.jpg,NORMAL-020,test,NORMAL,normal,OD,.jpg,0.0002600403968244791
NORMAL/20/007_Normal.jpg,NORMAL-020,test,NORMAL,normal,OD,.jpg,0.00022829629597254097
NORMAL/20/008_Normal.jpg,NORMAL-020,test,NORMAL,normal,OD,.jpg,0.0001976061030291021
NORMAL/20/009_Normal.jpg,NORMAL-020,test,NORMAL,normal,OD,.jpg,0.00028350530192255974
NORMAL/20/010_Normal.jpg,NORMAL-020,test,NORMAL,normal,OD,.jpg,0.0002631746174301952
NORMAL/20/011_Normal.jpg,NORMAL-020,test,NORMAL,normal,OD,.jpg,0.0003286176361143589
NORMAL/20/012_Normal.jpg,NORMAL-020,test,NORMAL,normal,OD,.jpg,0.00020366859098430723
NORMAL/20/013_Normal.jpg,NORMAL-020,test,NORMAL,normal,OD,.jpg,0.0002934047661256045
NORMAL/20/014_Normal.jpg,NORMAL-020,test,NORMAL,normal,OD,.jpg,0.00021240288333501667
NORMAL/20/015_Normal.jpg,NORMAL-020,test,NORMAL,normal,OD,.jpg,0.00023021620290819556
NORMAL/20/016_Normal.jpg,NORMAL-020,test,NORMAL,normal,OD,.jpg,0.0001914553577080369
NORMAL/20/017_Normal.jpg,NORMAL-020,test,NORMAL,normal,OD,.jpg,0.0003192235017195344
NORMAL/20/018_Normal.jpg,NORMAL-020,test,NORMAL,normal,OD,.jpg,0.00037120142951607704
NORMAL/20/019_Normal.jpg,NORMAL-020,test,NORMAL,normal,OD,.jpg,0.00019066856475546956
NORMAL/20/020_Normal.jpg,NORMAL-020,test,NORMAL,normal,OD,.jpg,0.00023204211902339011
NORMAL/20/021_Normal.jpg,NORMAL-020,test,NORMAL,normal,OD,.jpg,0.00031206116545945406
NORMAL/20/022_Normal.jpg,NORMAL-020,test,NORMAL,normal,OD,.jpg,0.00022194614575710148
NORMAL/20/023_Normal.jpg,NORMAL-020,test,NORMAL,normal,OD,.jpg,0.00030977214919403195
NORMAL/20/024_Normal.jpg,NORMAL-020,test,NORMAL,normal,OD,.jpg,0.00023852127196732908
NORMAL/20/025_Normal.jpg,NORMAL-020,test,NORMAL,normal,OD,.jpg,0.0003307993174530566
NORMAL/20/026_Normal.jpg,NORMAL-020,test,NORMAL,normal,OD,.jpg,0.0003186102258041501
NORMAL/20/027_Normal.jpg,NORMAL-020,test,NORMAL,normal,OD,.jpg,0.00022639025701209903
NORMAL/20/028_Normal.jpg,NORMAL-020,test,NORMAL,normal,OD,.jpg,0.00028829980874434114
NORMAL/20/029_Normal.jpg,NORMAL-020,test,NORMAL,normal,OD,.jpg,0.00026080379029735923
NORMAL/20/030_Normal.jpg,NORMAL-020,test,NORMAL,normal,OD,.jpg,0.00022862185142003
NORMAL/23/000_Normal.jpg,NORMAL-023,test,NORMAL,normal,OD,.jpg,0.000278628955129534
NORMAL/23/001_Normal.jpg,NORMAL-023,test,NORMAL,normal,OD,.jpg,0.00019428251835051924
NORMAL/23/002_Normal.jpg,NORMAL-023,test,NORMAL,normal,OD,.jpg,0.0002736519672907889
NORMAL/23/003_Normal.jpg,NORMAL-023,test,NORMAL,normal,OD,.jpg,0.0002810911391861737
NORMAL/23/004_Normal.jpg,NORMAL-023,test,NORMAL,normal,OD,.jpg,0.0002627133799251169
NORMAL/23/005_Normal.jpg,NORMAL-023,test,NORMAL,normal,OD,.jpg,0.0003616416943259537
NORMAL/23/006_Normal.jpg,NORMAL-023,test,NORMAL,normal,OD,.jpg,0.0002660455647855997
NORMAL/23/007_Normal.jpg,NORMAL-023,test,NORMAL,normal,OD,.jpg,0.00026714368141256273
NORMAL/23/008_Normal.jpg,NORMAL-023,test,NORMAL,normal,OD,.jpg,0.00028030184330418706
NORMAL/23/009_Normal.jpg,NORMAL-023,test,NORMAL,normal,OD,.jpg,0.0001687241456238553
NORMAL/23/010_Normal.jpg,NORMAL-023,test,NORMAL,normal,OD,.jpg,0.00022169019212014973
NORMAL/23/011_Normal.jpg,NORMAL-023,test,NORMAL,normal,OD,.jpg,0.000300481915473938
NORMAL/23/012_Normal.jpg,NORMAL-023,test,NORMAL,normal,OD,.jpg,0.00027571016107685864
NORMAL/23/013_Normal.jpg,NORMAL-023,test,NORMAL,normal,OD,.jpg,0.00023130349291022867
NORMAL/23/014_Normal.jpg,NORMAL-023,test,NORMAL,normal,OD,.jpg,0.0003301283286418766
NORMAL/23/015_Normal.jpg,NORMAL-023,test,NORMAL,normal,OD,.jpg,0.0002416070201434195
NORMAL/23/016_Normal.jpg,NORMAL-023,test,NORMAL,normal,OD,.jpg,0.0002089421614073217
NORMAL/23/017_Normal.jpg,NORMAL-023,test,NORMAL,normal,OD,.jpg,0.00029800779884681106
NORMAL/23/018_Normal.jpg,NORMAL-023,test,NORMAL,normal,OD,.jpg,0.00024658895563334227
NORMAL/23/019_Normal.jpg,NORMAL-023,test,NORMAL,normal,OD,.jpg,0.00023331277770921588
NORMAL/23/020_Normal.jpg,NORMAL-023,test,NORMAL,normal,OD,.jpg,0.0001575200876686722
NORMAL/23/021_Normal.jpg,NORMAL-023,test,NORMAL,normal,OD,.jpg,0.00018265005201101303
NORMAL/23/022_Normal.jpg,NORMAL-023,test,NORMAL,normal,OD,.jpg,0.0001680537243373692
NORMAL/23/023_Normal.jpg,NORMAL-023,test,NORMAL,normal,OD,.jpg,0.0002744270896073431
NORMAL/23/024_Normal.jpg,NORMAL-023,test,NORMAL,normal,OD,.jpg,0.0002879565872717649
NORMAL/23/025_Normal.jpg,NORMAL-023,test,NORMAL,normal,OD,.jpg,0.00021459130221046507
NORMAL/23/026_Normal.jpg,NORMAL-023,test,NORMAL,normal,OD,.jpg,0.00023447888088412583
NORMAL/23/027_Normal.jpg,NORMAL-023,test,NORMAL,normal,OD,.jpg,0.00022087032266426831
NORMAL/23/028_Normal.jpg,NORMAL-023,test,NORMAL,normal,OD,.jpg,0.0001971765886992216
NORMAL/23/029_Normal.jpg,NORMAL-023,test,NORMAL,normal,OD,.jpg,0.00020005852275062352
NORMAL/23/030_Normal.jpg,NORMAL-023,test,NORMAL,normal,OD,.jpg,0.00021532236132770777
NORMAL/36/000_Normal.jpg,NORMAL-036,test,NORMAL,normal,OS,.jpg,0.00022148358402773738
NORMAL/36/001_Normal.jpg,NORMAL-036,test,NORMAL,normal,OS,.jpg,0.0002505946031305939
NORMAL/36/002_Normal.jpg,NORMAL-036,test,NORMAL,normal,OS,.jpg,0.00019591566524468362
NORMAL/36/003_Normal.jpg,NORMAL-036,test,NORMAL,normal,OS,.jpg,0.0002636366989463568
NORMAL/36/004_Normal.jpg,NORMAL-036,test,NORMAL,normal,OS,.jpg,0.0002891856129281223
NORMAL/36/005_Normal.jpg,NORMAL-036,test,NORMAL,normal,OS,.jpg,0.00025846209609881043
NORMAL/36/006_Normal.jpg,NORMAL-036,test,NORMAL,normal,OS,.jpg,0.0002347116096643731
NORMAL/36/007_Normal.jpg,NORMAL-036,test,NORMAL,normal,OS,.jpg,0.00037556717870756984
NORMAL/36/008_Normal.jpg,NORMAL-036,test,NORMAL,normal,OS,.jpg,0.0002979038981720805
NORMAL/36/009_Normal.jpg,NORMAL-036,test,NORMAL,normal,OS,.jpg,0.00022486087982542813
NORMAL/36/010_Normal.jpg,NORMAL-036,test,NORMAL,normal,OS,.jpg,0.00020911687170155346
NORMAL/36/011_Normal.jpg,NORMAL-036,test,NORMAL,normal,OS,.jpg,0.0002579730353318155
NORMAL/36/012_Normal.jpg,NORMAL-036,test,NORMAL,normal,OS,.jpg,0.00024501109146513045
NORMAL/36/013_Normal.jpg,NORMAL-036,test,NORMAL,normal,OS,.jpg,0.0003339376416988671
NORMAL/36/014_Normal.jpg,NORMAL-036,test,NORMAL,normal,OS,.jpg,0.0003723226545844227
NORMAL/36/015_Normal.jpg,NORMAL-036,test,NORMAL,normal,OS,.jpg,0.00033120461739599705
NORMAL/36/016_Normal.jpg,NORMAL-036,test,NORMAL,normal,OS,.jpg,0.0002755130990408361
NORMAL/36/017_Normal.jpg,NORMAL-036,test,NORMAL,normal,OS,.jpg,0.00021341457613743842
NORMAL/36/018_Normal.jpg,NORMAL-036,test,NORMAL,normal,OS,.jpg,0.00027142942417412996
NORMAL/36/019_Normal.jpg,NORMAL-036,test,NORMAL,normal,OS,.jpg,0.00024089829821605235
NORMAL/36/020_Normal.jpg,NORMAL-036,test,NORMAL,normal,OS,.jpg,0.00021163532801438123
NORMAL/36/021_Normal.jpg,NORMAL-036,test,NORMAL,normal,OS,.jpg,0.00022326939506456256
NORMAL/36/022_Normal.jpg,NORMAL-036,test,NORMAL,normal,OS,.jpg,0.0002151766821043566
NORMAL/36/023_Normal.jpg,NORMAL-036,test,NORMAL,normal,OS,.jpg,0.0002005208225455135
NORMAL/36/024_Normal.jpg,NORMAL-036,test,NORMAL,normal,OS,.jpg,0.00030251345015130937
NORMAL/37/OD/000_Normal.jpg,NORMAL-037,test,NORMAL,normal,OD,.jpg,0.0002532122889533639
NORMAL/37/OD/001_Normal.jpg,NORMAL-037,test,NORMAL,normal,OD,.jpg,0.0001588009181432426
NORMAL/37/OD/002_Normal.jpg,NORMAL-037,test,NORMAL,normal,OD,.jpg,0.00018662860384210944
NORMAL/37/OD/003_Normal.jpg,NORMAL-037,test,NORMAL,normal,OD,.jpg,0.00015209760749712586
NORMAL/37/OD/004_Normal.jpg,NORMAL-037,test,NORMAL,normal,OD,.jpg,0.00015039592108223587
NORMAL/37/OD/005_Normal.jpg,NORMAL-037,test,NORMAL,normal,OD,.jpg,0.00014960022235754877
NORMAL/37/OD/006_Normal.jpg,NORMAL-037,test,NORMAL,normal,OD,.jpg,0.00015981483738869429
NORMAL/37/OD/007_Normal.jpg,NORMAL-037,test,NORMAL,normal,OD,.jpg,0.0001769879600033164
NORMAL/37/OD/008_Normal.jpg,NORMAL-037,test,NORMAL,normal,OD,.jpg,0.00015676769544370472
NORMAL/37/OD/009_Normal.jpg,NORMAL-037,test,NORMAL,normal,OD,.jpg,0.00020054270862601697
NORMAL/37/OD/010_Normal.jpg,NORMAL-037,test,NORMAL,normal,OD,.jpg,0.00016871755360625684
NORMAL/37/OD/011_Normal.jpg,NORMAL-037,test,NORMAL,normal,OD,.jpg,0.00031338349799625576
NORMAL/37/OD/012_Normal.jpg,NORMAL-037,test,NORMAL,normal,OD,.jpg,0.00014039609231986105
NORMAL/37/OD/013_Normal.jpg,NORMAL-037,test,NORMAL,normal,OD,.jpg,0.0002553989761509001
NORMAL/37/OD/014_Normal.jpg,NORMAL-037,test,NORMAL,normal,OD,.jpg,0.00021611731790471822
NORMAL/37/OD/015_Normal.jpg,NORMAL-037,test,NORMAL,normal,OD,.jpg,0.00018289826402906328
NORMAL/37/OD/016_Normal.jpg,NORMAL-037,test,NORMAL,normal,OD,.jpg,0.00022606641869060695
NORMAL/37/OD/017_Normal.jpg,NORMAL-037,test,NORMAL,normal,OD,.jpg,0.00030771386809647083
NORMAL/37/OD/018_Normal.jpg,NORMAL-037,test,NORMAL,normal,OD,.jpg,0.00020942153059877455
NORMAL/37/OD/019_Normal.jpg,NORMAL-037,test,NORMAL,normal,OD,.jpg,0.00019756925757974386
NORMAL/37/OD/020_Normal.jpg,NORMAL-037,test,NORMAL,normal,OD,.jpg,0.00021829800971318036
NORMAL/37/OD/021_Normal.jpg,NORMAL-037,test,NORMAL,normal,OD,.jpg,0.00013764548930339515
NORMAL/37/OD/022_Normal.jpg,NORMAL-037,test,NORMAL,normal,OD,.jpg,0.00015544783673249185
NORMAL/37/OD/023_Normal.jpg,NORMAL-037,test,NORMAL,normal,OD,.jpg,0.00013224946451373398
NORMAL/37/OD/024_Normal.jpg,NORMAL-037,test,NORMAL,normal,OD,.jpg,0.00021331357129383832
NORMAL/37/OD/025_Normal.jpg,NORMAL-037,test,NORMAL,normal,OD,.jpg,0.00018598692258819938
NORMAL/37/OD/026_Normal.jpg,NORMAL-037,test,NORMAL,normal,OD,.jpg,0.00013492273865267634
NORMAL/37/OD/027_Normal.jpg,NORMAL-037,test,NORMAL,normal,OD,.jpg,0.00018387046293355525
NORMAL/37/OD/028_Normal.jpg,NORMAL-037,test,NORMAL,normal,OD,.jpg,0.0001339578302577138
NORMAL/37/OD/029_Normal.jpg,NORMAL-037,test,NORMAL,normal,OD,.jpg,0.00017381153884343803
NORMAL/37/OD/030_Normal.jpg,NORMAL-037,test,NORMAL,normal,OD,.jpg,0.0002968670451082289
NORMAL/37/OS/000_Normal.jpg,NORMAL-037,test,NORMAL,normal,OS,.jpg,0.0002648754161782563
NORMAL/37/OS/001_Normal.jpg,NORMAL-037,test,NORMAL,normal,OS,.jpg,0.0002774342428892851
NORMAL/37/OS/002_Normal.jpg,NORMAL-037,test,NORMAL,normal,OS,.jpg,0.00028271129122003913
NORMAL/37/OS/003_Normal.jpg,NORMAL-037,test,NORMAL,normal,OS,.jpg,0.0003335913934279233
NORMAL/37/OS/004_Normal.jpg,NORMAL-037,test,NORMAL,normal,OS,.jpg,0.0002546534815337509
NORMAL/37/OS/005_Normal.jpg,NORMAL-037,test,NORMAL,normal,OS,.jpg,0.0002715119917411357
NORMAL/37/OS/006_Normal.jpg,NORMAL-037,test,NORMAL,normal,OS,.jpg,0.0003764907596632838
NORMAL/37/OS/007_Normal.jpg,NORMAL-037,test,NORMAL,normal,OS,.jpg,0.00033007634920068085
NORMAL/37/OS/008_Normal.jpg,NORMAL-037,test,NORMAL,normal,OS,.jpg,0.0002594945253804326
NORMAL/37/OS/009_Normal.jpg,NORMAL-037,test,NORMAL,normal,OS,.jpg,0.0003731769393198192
NORMAL/37/OS/010_Normal.jpg,NORMAL-037,test,NORMAL,normal,OS,.jpg,0.00024000472330953926
NORMAL/37/OS/011_Normal.jpg,NORMAL-037,test,NORMAL,normal,OS,.jpg,0.00018447716138325632
NORMAL/37/OS/012_Normal.jpg,NORMAL-037,test,NORMAL,normal,OS,.jpg,0.0002484896394889802
NORMAL/37/OS/013_Normal.jpg,NORMAL-037,test,NORMAL,normal,OS,.jpg,0.0002608300419524312
NORMAL/37/OS/014_Normal.jpg,NORMAL-037,test,NORMAL,normal,OS,.jpg,0.0002839826629497111
NORMAL/37/OS/015_Normal.jpg,NORMAL-037,test,NORMAL,normal,OS,.jpg,0.0002733377041295171
NORMAL/37/OS/016_Normal.jpg,NORMAL-037,test,NORMAL,normal,OS,.jpg,0.0002616210258565843
NORMAL/37/OS/017_Normal.jpg,NORMAL-037,test,NORMAL,normal,OS,.jpg,0.00021057117555756122
NORMAL/37/OS/018_Normal.jpg,NORMAL-037,test,NORMAL,normal,OS,.jpg,0.0003399483975954354
NORMAL/37/OS/019_Normal.jpg,NORMAL-037,test,NORMAL,normal,OS,.jpg,0.0002368433342780918
NORMAL/37/OS/020_Normal.jpg,NORMAL-037,test,NORMAL,normal,OS,.jpg,0.00029706480563618243
NORMAL/37/OS/021_Normal.jpg,NORMAL-037,test,NORMAL,normal,OS,.jpg,0.00020007439889013767
NORMAL/37/OS/022_Normal.jpg,NORMAL-037,test,NORMAL,normal,OS,.jpg,0.000212969709536992
NORMAL/37/OS/023_Normal.jpg,NORMAL-037,test,NORMAL,normal,OS,.jpg,0.0002469820319674909
NORMAL/37/OS/024_Normal.jpg,NORMAL-037,test,NORMAL,normal,OS,.jpg,0.00025093858130276203
NORMAL/37/OS/025_Normal.jpg,NORMAL-037,test,NORMAL,normal,OS,.jpg,0.00021527829812839627
NORMAL/37/OS/026_Normal.jpg,NORMAL-037,test,NORMAL,normal,OS,.jpg,0.00031158741330727935
NORMAL/37/OS/027_Normal.jpg,NORMAL-037,test,NORMAL,normal,OS,.jpg,0.0002524420851841569
NORMAL/37/OS/028_Normal.jpg,NORMAL-037,test,NORMAL,normal,OS,.jpg,0.0002907743910327554
NORMAL/37/OS/029_Normal.jpg,NORMAL-037,test,NORMAL,normal,OS,.jpg,0.00028887225198559463
NORMAL/37/OS/030_Normal.jpg,NORMAL-037,test,NORMAL,normal,OS,.jpg,0.0002519943518564105
NORMAL/42/000_Normal.tif,NORMAL-042,test,NORMAL,normal,OD,.tif,0.0002978402189910412
NORMAL/42/001_Normal.tif,NORMAL-042,test,NORMAL,normal,OD,.tif,0.00031998573103919625
NORMAL/42/002_Normal.tif,NORMAL-042,test,NORMAL,normal,OD,.tif,0.00025974406162276864
NORMAL/42/003_Normal.tif,NORMAL-042,test,NORMAL,normal,OD,.tif,0.00031081464840099216
NORMAL/42/004_Normal.tif,NORMAL-042,test,NORMAL,normal,OD,.tif,0.000269321259111166
NORMAL/42/005_Normal.tif,NORMAL-042,test,NORMAL,normal,OD,.tif,0.00024193798890337348
NORMAL/42/006_Normal.tif,NORMAL-042,test,NORMAL,normal,OD,.tif,0.0002432634064462036
NORMAL/42/007_Normal.tif,NORMAL-042,test,NORMAL,normal,OD,.tif,0.00027205952210351825
NORMAL/42/008_Normal.tif,NORMAL-042,test,NORMAL,normal,OD,.tif,0.0003163536894135177
NORMAL/42/009_Normal.tif,NORMAL-042,test,NORMAL,normal,OD,.tif,0.00022542729857377708
NORMAL/42/010_Normal.tif,NORMAL-042,test,NORMAL,normal,OD,.tif,0.0004199726099614054
NORMAL/42/011_Normal.tif,NORMAL-042,test,NORMAL,normal,OD,.tif,0.0003418706764932722
NORMAL/42/012_Normal.tif,NORMAL-042,test,NORMAL,normal,OD,.tif,0.000433955283369869
NORMAL/42/013_Normal.tif,NORMAL-042,test,NORMAL,normal,OD,.tif,0.000273906160145998
NORMAL/42/014_Normal.tif,NORMAL-042,test,NORMAL,normal,OD,.tif,0.0003738070372492075
NORMAL/42/015_Normal.tif,NORMAL-042,test,NORMAL,normal,OD,.tif,0.0003147820825688541
NORMAL/42/016_Normal.tif,NORMAL-042,test,NORMAL,normal,OD,.tif,0.0005914128851145506
NORMAL/42/017_Normal.tif,NORMAL-042,test,NORMAL,normal,OD,.tif,0.00045763980597257614
NORMAL/42/018_Normal.tif,NORMAL-042,test,NORMAL,normal,OD,.tif,0.00041579274693503976
NORMAL/42/019_Normal.tif,NORMAL-042,test,NORMAL,normal,OD,.tif,0.0003022693272214383
NORMAL/42/020_Normal.tif,NORMAL-042,test,NORMAL,normal,OD,.tif,0.0002139653079211712
NORMAL/42/021_Normal.tif,NORMAL-042,test,NORMAL,normal,OD,.tif,0.00046151340939104557
NORMAL/42/022_Normal.tif,NORMAL-042,test,NORMAL,normal,OD,.tif,0.00024146478972397745
NORMAL/42/023_Normal.tif,NORMAL-042,test,NORMAL,normal,OD,.tif,0.00023917612270452082
NORMAL/42/024_Normal.tif,NORMAL-042,test,NORMAL,normal,OD,.tif,0.00033407812588848174
NORMAL/42/025_Normal.tif,NORMAL-042,test,NORMAL,normal,OD,.tif,0.00029752851696684957
NORMAL/42/026_Normal.tif,NORMAL-042,test,NORMAL,normal,OD,.tif,0.0003364232834428549
NORMAL/42/027_Normal.tif,NORMAL-042,test,NORMAL,normal,OD,.tif,0.00027995178243145347
NORMAL/42/028_Normal.tif,NORMAL-042,test,NORMAL,normal,OD,.tif,0.00023305817740038037
NORMAL/42/029_Normal.tif,NORMAL-042,test,NORMAL,normal,OD,.tif,0.0003369354526512325
NORMAL/42/030_Normal.tif,NORMAL-042,test,NORMAL,normal,OD,.tif,0.00043956091394647956
NORMAL/48/000_Normal.tif,NORMAL-048,test,NORMAL,normal,OS,.tif,0.0003087951336055994
NORMAL/48/001_Normal.tif,NORMAL-048,test,NORMAL,normal,OS,.tif,0.0003018105635419488
NORMAL/48/002_Normal.tif,NORMAL-048,test,NORMAL,normal,OS,.tif,0.00025788950733840466
NORMAL/48/003_Normal.tif,NORMAL-048,test,NORMAL,normal,OS,.tif,0.0002528008772060275
NORMAL/48/004_Normal.tif,NORMAL-048,test,NORMAL,normal,OS,.tif,0.00039100932190194726
NORMAL/48/005_Normal.tif,NORMAL-048,test,NORMAL,normal,OS,.tif,0.0003599680494517088
NORMAL/48/006_Normal.tif,NORMAL-048,test,NORMAL,normal,OS,.tif,0.0003220036451239139
NORMAL/48/007_Normal.tif,NORMAL-048,test,NORMAL,normal,OS,.tif,0.0003101024776697159
NORMAL/48/008_Normal.tif,NORMAL-048,test,NORMAL,normal,OS,.tif,0.00039627321530133486
NORMAL/48/009_Normal.tif,NORMAL-048,test,NORMAL,normal,OS,.tif,0.00038853351725265384
NORMAL/48/010_Normal.tif,NORMAL-048,test,NORMAL,normal,OS,.tif,0.0003034114488400519
NORMAL/48/011_Normal.tif,NORMAL-048,test,NORMAL,normal,OS,.tif,0.00022313051158562303
NORMAL/48/012_Normal.tif,NORMAL-048,test,NORMAL,normal,OS,.tif,0.0005730428965762258
NORMAL/48/013_Normal.tif,NORMAL-048,test,NORMAL,normal,OS,.tif,0.00039528051274828613
NORMAL/48/014_Normal.tif,NORMAL-048,test,NORMAL,normal,OS,.tif,0.0004142229736316949
NORMAL/48/015_Normal.tif,NORMAL-048,test,NORMAL,normal,OS,.tif,0.000343929510563612
NORMAL/48/016_Normal.tif,NORMAL-048,test,NORMAL,normal,OS,.tif,0.0003091991238761693
NORMAL/48/017_Normal.tif,NORMAL-048,test,NORMAL,normal,OS,.tif,0.0004718800191767514
NORMAL/48/018_Normal.tif,NORMAL-048,test,NORMAL,normal,OS,.tif,0.000523777911439538
NORMAL/48/019_Normal.tif,NORMAL-048,test,NORMAL,normal,OS,.tif,0.0002290660049766302
NORMAL/48/020_Normal.tif,NORMAL-048,test,NORMAL,normal,OS,.tif,0.00029539159731939435
NORMAL/48/021_Normal.tif,NORMAL-048,test,NORMAL,normal,OS,.tif,0.000264540605712682
NORMAL/48/022_Normal.tif,NORMAL-048,test,NORMAL,normal,OS,.tif,0.00023353574215434492
NORMAL/48/023_Normal.tif,NORMAL-048,test,NORMAL,normal,OS,.tif,0.0002944149891845882
NORMAL/48/024_Normal.tif,NORMAL-048,test,NORMAL,normal,OS,.tif,0.0002602901076897979
NORMAL/48/025_Normal.tif,NORMAL-048,test,NORMAL,normal,OS,.tif,0.0002422171673970297
NORMAL/48/026_Normal.tif,NORMAL-048,test,NORMAL,normal,OS,.tif,0.0003045962075702846
NORMAL/48/027_Normal.tif,NORMAL-048,test,NORMAL,normal,OS,.tif,0.00028153927996754646
NORMAL/48/028_Normal.tif,NORMAL-048,test,NORMAL,normal,OS,.tif,0.0002593067183624953
NORMAL/48/029_Normal.tif,NORMAL-048,test,NORMAL,normal,OS,.tif,0.00029945094138383865
NORMAL/48/030_Normal.tif,NORMAL-048,test,NORMAL,normal,OS,.tif,0.0003081379982177168
NORMAL/54/OD/000_Normal.tif,NORMAL-054,test,NORMAL,normal,OD,.tif,0.00021926220506429672
NORMAL/54/OD/001_Normal.tif,NORMAL-054,test,NORMAL,normal,OD,.tif,0.00018087623175233603
NORMAL/54/OD/002_Normal.tif,NORMAL-054,test,NORMAL,normal,OD,.tif,0.00028415885753929615
NORMAL/54/OD/003_Normal.tif,NORMAL-054,test,NORMAL,normal,OD,.tif,0.00029588298639282584
NORMAL/54/OD/004_Normal.tif,NORMAL-054,test,NORMAL,normal,OD,.tif,0.0002554253733251244
NORMAL/54/OD/005_Normal.tif,NORMAL-054,test,NORMAL,normal,OD,.tif,0.0001927959092427045
NORMAL/54/OD/006_Normal.tif,NORMAL-054,test,NORMAL,normal,OD,.tif,0.0001998628576984629
NORMAL/54/OD/007_Normal.tif,NORMAL-054,test,NORMAL,normal,OD,.tif,0.0002739019400905818
NORMAL/54/OD/008_Normal.tif,NORMAL-054,test,NORMAL,normal,OD,.tif,0.00019198691006749868
NORMAL/54/OD/009_Normal.tif,NORMAL-054,test,NORMAL,normal,OD,.tif,0.0002502582501620054
NORMAL/54/OD/010_Normal.tif,NORMAL-054,test,NORMAL,normal,OD,.tif,0.00027493236120790243
NORMAL/54/OD/011_Normal.tif,NORMAL-054,test,NORMAL,normal,OD,.tif,0.00019623564730864018
NORMAL/54/OD/012_Normal.tif,NORMAL-054,test,NORMAL,normal,OD,.tif,0.0002276453742524609
NORMAL/54/OD/013_Normal.tif,NORMAL-054,test,NORMAL,normal,OD,.tif,0.0003423152957111597
NORMAL/54/OD/014_Normal.tif,NORMAL-054,test,NORMAL,normal,OD,.tif,0.0002442051190882921
NORMAL/54/OD/015_Normal.tif,NORMAL-054,test,NORMAL,normal,OD,.tif,0.0002165331388823688
NORMAL/54/OD/016_Normal.tif,NORMAL-054,test,NORMAL,normal,OD,.tif,0.0002817524364218116
NORMAL/54/OD/017_Normal.tif,NORMAL-054,test,NORMAL,normal,OD,.tif,0.00020618850248865783
NORMAL/54/OD/018_Normal.tif,NORMAL-054,test,NORMAL,normal,OD,.tif,0.00018681847723200917
NORMAL/54/OD/019_Normal.tif,NORMAL-054,test,NORMAL,normal,OD,.tif,0.00022385225747711957
NORMAL/54/OD/020_Normal.tif,NORMAL-054,test,NORMAL,normal,OD,.tif,0.0002659379970282316
NORMAL/54/OD/021_Normal.tif,NORMAL-054,test,NORMAL,normal,OD,.tif,0.00032736390130594373
NORMAL/54/OD/022_Normal.tif,NORMAL-054,test,NORMAL,normal,OD,.tif,0.0002829639124684036
NORMAL/54/OD/023_Normal.tif,NORMAL-054,test,NORMAL,normal,OD,.tif,0.000356545380782336
NORMAL/54/OD/024_Normal.tif,NORMAL-054,test,NORMAL,normal,OD,.tif,0.00022006248764228076
NORMAL/54/OS/000_Normal.tif,NORMAL-054,test,NORMAL,normal,OS,.tif,0.00022298851399682462
NORMAL/54/OS/001_Normal.tif,NORMAL-054,test,NORMAL,normal,OS,.tif,0.00027605664217844605
NORMAL/54/OS/002_Normal.tif,NORMAL-054,test,NORMAL,normal,OS,.tif,0.00026083970442414284
NORMAL/54/OS/003_Normal.tif,NORMAL-054,test,NORMAL,normal,OS,.tif,0.0002612543466966599
NORMAL/54/OS/004_Normal.tif,NORMAL-054,test,NORMAL,normal,OS,.tif,0.000270733202341944
NORMAL/54/OS/005_Normal.tif,NORMAL-054,test,NORMAL,normal,OS,.tif,0.0002504174190107733
NORMAL/54/OS/006_Normal.tif,NORMAL-054,test,NORMAL,normal,OS,.tif,0.00021287408890202641
NORMAL/54/OS/007_Normal.tif,NORMAL-054,test,NORMAL,normal,OS,.tif,0.00023078099184203893
NORMAL/54/OS/008_Normal.tif,NORMAL-054,test,NORMAL,normal,OS,.tif,0.00023710333334747702
NORMAL/54/OS/009_Normal.tif,NORMAL-054,test,NORMAL,normal,OS,.tif,0.0002540495479479432
NORMAL/54/OS/010_Normal.tif,NORMAL-054,test,NORMAL,normal,OS,.tif,0.00020054735068697482
NORMAL/54/OS/011_Normal.tif,NORMAL-054,test,NORMAL,normal,OS,.tif,0.00017457109061069787
NORMAL/54/OS/012_Normal.tif,NORMAL-054,test,NORMAL,normal,OS,.tif,0.00016889674589037895
NORMAL/54/OS/013_Normal.tif,NORMAL-054,test,NORMAL,normal,OS,.tif,0.00021385378204286098
NORMAL/54/OS/014_Normal.tif,NORMAL-054,test,NORMAL,normal,OS,.tif,0.000221251102630049
NORMAL/54/OS/015_Normal.tif,NORMAL-054,test,NORMAL,normal,OS,.tif,0.0002149807842215523
NORMAL/54/OS/016_Normal.tif,NORMAL-054,test,NORMAL,normal,OS,.tif,0.00032948050647974014
NORMAL/54/OS/017_Normal.tif,NORMAL-054,test,NORMAL,normal,OS,.tif,0.00020888162543997169
NORMAL/54/OS/018_Normal.tif,NORMAL-054,test,NORMAL,normal,OS,.tif,0.00021392764756456017
NORMAL/54/OS/019_Normal.tif,NORMAL-054,test,NORMAL,normal,OS,.tif,0.0001687776093604043
NORMAL/54/OS/020_Normal.tif,NORMAL-054,test,NORMAL,normal,OS,.tif,0.0002114537201123312
NORMAL/54/OS/021_Normal.tif,NORMAL-054,test,NORMAL,normal,OS,.tif,0.0001924546668305993
NORMAL/54/OS/022_Normal.tif,NORMAL-054,test,NORMAL,normal,OS,.tif,0.00020636287808883935
NORMAL/54/OS/023_Normal.tif,NORMAL-054,test,NORMAL,normal,OS,.tif,0.0002298931940458715
NORMAL/54/OS/024_Normal.tif,NORMAL-054,test,NORMAL,normal,OS,.tif,0.00021738148643635213
NORMAL/65/OD/000_Normal.tif,NORMAL-065,test,NORMAL,normal,OD,.tif,0.0002356724871788174
NORMAL/65/OD/001_Normal.tif,NORMAL-065,test,NORMAL,normal,OD,.tif,0.00019582535605877638
NORMAL/65/OD/002_Normal.tif,NORMAL-065,test,NORMAL,normal,OD,.tif,0.00015763389819767326
NORMAL/65/OD/003_Normal.tif,NORMAL-065,test,NORMAL,normal,OD,.tif,0.00021090047084726393
NORMAL/65/OD/004_Normal.tif,NORMAL-065,test,NORMAL,normal,OD,.tif,0.00021552536054514349
NORMAL/65/OD/005_Normal.tif,NORMAL-065,test,NORMAL,normal,OD,.tif,0.00022148560674395412
NORMAL/65/OD/006_Normal.tif,NORMAL-065,test,NORMAL,normal,OD,.tif,0.000304246146697551
NORMAL/65/OD/007_Normal.tif,NORMAL-065,test,NORMAL,normal,OD,.tif,0.00040297984378412366
NORMAL/65/OD/008_Normal.tif,NORMAL-065,test,NORMAL,normal,OD,.tif,0.00022099059424363077
NORMAL/65/OD/009_Normal.tif,NORMAL-065,test,NORMAL,normal,OD,.tif,0.00019794244144577533
NORMAL/65/OD/010_Normal.tif,NORMAL-065,test,NORMAL,normal,OD,.tif,0.0002340992068639025
NORMAL/65/OD/011_Normal.tif,NORMAL-065,test,NORMAL,normal,OD,.tif,0.0005375675391405821
NORMAL/65/OD/012_Normal.tif,NORMAL-065,test,NORMAL,normal,OD,.tif,0.0004538358189165592
NORMAL/65/OD/013_Normal.tif,NORMAL-065,test,NORMAL,normal,OD,.tif,0.00048138367128558457
NORMAL/65/OD/014_Normal.tif,NORMAL-065,test,NORMAL,normal,OD,.tif,0.0003850125940516591
NORMAL/65/OD/015_Normal.tif,NORMAL-065,test,NORMAL,normal,OD,.tif,0.00026947626611217856
NORMAL/65/OD/016_Normal.tif,NORMAL-065,test,NORMAL,normal,OD,.tif,0.0002568397903814912
NORMAL/65/OD/017_Normal.tif,NORMAL-065,test,NORMAL,normal,OD,.tif,0.00024134367413353175
NORMAL/65/OD/018_Normal.tif,NORMAL-065,test,NORMAL,normal,OD,.tif,0.00026619533309713006
NORMAL/65/OD/019_Normal.tif,NORMAL-065,test,NORMAL,normal,OD,.tif,0.00019801055896095932
NORMAL/65/OD/020_Normal.tif,NORMAL-065,test,NORMAL,normal,OD,.tif,0.00017175590619444847
NORMAL/65/OD/021_Normal.tif,NORMAL-065,test,NORMAL,normal,OD,.tif,0.00037742615677416325
NORMAL/65/OD/022_Normal.tif,NORMAL-065,test,NORMAL,normal,OD,.tif,0.00039479980478063226
NORMAL/65/OD/023_Normal.tif,NORMAL-065,test,NORMAL,normal,OD,.tif,0.0002589684445410967
NORMAL/65/OD/024_Normal.tif,NORMAL-065,test,NORMAL,normal,OD,.tif,0.00029170088237151504
NORMAL/65/OD/025_Normal.tif,NORMAL-065,test,NORMAL,normal,OD,.tif,0.0002555155660957098
NORMAL/65/OD/026_Normal.tif,NORMAL-065,test,NORMAL,normal,OD,.tif,0.0001797335862647742
NORMAL/65/OD/027_Normal.tif,NORMAL-065,test,NORMAL,normal,OD,.tif,0.00024396726803388447
NORMAL/65/OD/028_Normal.tif,NORMAL-065,test,NORMAL,normal,OD,.tif,0.00013058827607892454
NORMAL/65/OD/029_Normal.tif,NORMAL-065,test,NORMAL,normal,OD,.tif,0.0002421904355287552
NORMAL/65/OD/030_Normal.tif,NORMAL-065,test,NORMAL,normal,OD,.tif,0.00021425122395157814
NORMAL/65/OS/000_Normal.tif,NORMAL-065,test,NORMAL,normal,OS,.tif,0.0002387959393672645
NORMAL/65/OS/001_Normal.tif,NORMAL-065,test,NORMAL,normal,OS,.tif,0.00026434138999320567
NORMAL/65/OS/002_Normal.tif,NORMAL-065,test,NORMAL,normal,OS,.tif,0.00038396529271267354
NORMAL/65/OS/003_Normal.tif,NORMAL-065,test,NORMAL,normal,OS,.tif,0.00041109646554104984
NORMAL/65/OS/004_Normal.tif,NORMAL-065,test,NORMAL,normal,OS,.tif,0.0003091467369813472
NORMAL/65/OS/005_Normal.tif,NORMAL-065,test,NORMAL,normal,OS,.tif,0.000256053579505533
NORMAL/65/OS/006_Normal.tif,NORMAL-065,test,NORMAL,normal,OS,.tif,0.00023052892356645316
NORMAL/65/OS/007_Normal.tif,NORMAL-065,test,NORMAL,normal,OS,.tif,0.0003256608033552766
NORMAL/65/OS/008_Normal.tif,NORMAL-065,test,NORMAL,normal,OS,.tif,0.0004002346540801227
NORMAL/65/OS/009_Normal.tif,NORMAL-065,test,NORMAL,normal,OS,.tif,0.00034657580545172095
NORMAL/65/OS/010_Normal.tif,NORMAL-065,test,NORMAL,normal,OS,.tif,0.00023741785844322294
NORMAL/65/OS/011_Normal.tif,NORMAL-065,test,NORMAL,normal,OS,.tif,0.0002623234177008271
NORMAL/65/OS/012_Normal.tif,NORMAL-065,test,NORMAL,normal,OS,.tif,0.00030938826967030764
NORMAL/65/OS/013_Normal.tif,NORMAL-065,test,NORMAL,normal,OS,.tif,0.0003400897840037942
NORMAL/65/OS/014_Normal.tif,NORMAL-065,test,NORMAL,normal,OS,.tif,0.000290961324935779
NORMAL/65/OS/015_Normal.tif,NORMAL-065,test,NORMAL,normal,OS,.tif,0.00030578073346987367
NORMAL/65/OS/016_Normal.tif,NORMAL-065,test,NORMAL,normal,OS,.tif,0.00030001148115843534
NORMAL/65/OS/017_Normal.tif,NORMAL-065,test,NORMAL,normal,OS,.tif,0.000229055222007446
NORMAL/65/OS/018_Normal.tif,NORMAL-065,test,NORMAL,normal,OS,.tif,0.0002182645257562399
NORMAL/65/OS/019_Normal.tif,NORMAL-065,test,NORMAL,normal,OS,.tif,0.0002526624593883753
NORMAL/65/OS/020_Normal.tif,NORMAL-065,test,NORMAL,normal,OS,.tif,0.00022928645194042474
NORMAL/65/OS/021_Normal.tif,NORMAL-065,test,NORMAL,normal,OS,.tif,0.00023852968297433108
NORMAL/65/OS/022_Normal.tif,NORMAL-065,test,NORMAL,normal,OS,.tif,0.0002007881412282586
NORMAL/65/OS/023_Normal.tif,NORMAL-065,test,NORMAL,normal,OS,.tif,0.00026756187435239553
NORMAL/65/OS/024_Normal.tif,NORMAL-065,test,NORMAL,normal,OS,.tif,0.00024497380945831537
NORMAL/65/OS/025_Normal.tif,NORMAL-065,test,NORMAL,normal,OS,.tif,0.0003049742663279176
NORMAL/65/OS/026_Normal.tif,NORMAL-065,test,NORMAL,normal,OS,.tif,0.00030132068786770105
NORMAL/65/OS/027_Normal.tif,NORMAL-065,test,NORMAL,normal,OS,.tif,0.00028239371022209525
NORMAL/65/OS/028_Normal.tif,NORMAL-065,test,NORMAL,normal,OS,.tif,0.00024196499725803733
NORMAL/65/OS/029_Normal.tif,NORMAL-065,test,NORMAL,normal,OS,.tif,0.0002322984510101378
NORMAL/65/OS/030_Normal.tif,NORMAL-065,test,NORMAL,normal,OS,.tif,0.00019292619253974408
NORMAL/66/OD/000_Normal.tif,NORMAL-066,test,NORMAL,normal,OD,.tif,0.0003759911342058331
NORMAL/66/OD/001_Normal.tif,NORMAL-066,test,NORMAL,normal,OD,.tif,0.00020527245942503214
NORMAL/66/OD/002_Normal.tif,NORMAL-066,test,NORMAL,normal,OD,.tif,0.0002845224516931921
NORMAL/66/OD/003_Normal.tif,NORMAL-066,test,NORMAL,normal,OD,.tif,0.0002714844886213541
NORMAL/66/OD/004_Normal.tif,NORMAL-066,test,NORMAL,normal,OD,.tif,0.0002129778586095199
NORMAL/66/OD/005_Normal.tif,NORMAL-066,test,NORMAL,normal,OD,.tif,0.00023485423298552632
NORMAL/66/OD/006_Normal.tif,NORMAL-066,test,NORMAL,normal,OD,.tif,0.00018427254690323025
NORMAL/66/OD/007_Normal.tif,NORMAL-066,test,NORMAL,normal,OD,.tif,0.00019573114695958793
NORMAL/66/OD/008_Normal.tif,NORMAL-066,test,NORMAL,normal,OD,.tif,0.0002034016652032733
NORMAL/66/OD/009_Normal.tif,NORMAL-066,test,NORMAL,normal,OD,.tif,0.000292113603791222
NORMAL/66/OD/010_Normal.tif,NORMAL-066,test,NORMAL,normal,OD,.tif,0.0001869627449195832
NORMAL/66/OD/011_Normal.tif,NORMAL-066,test,NORMAL,normal,OD,.tif,0.00020155363017693162
NORMAL/66/OD/012_Normal.tif,NORMAL-066,test,NORMAL,normal,OD,.tif,0.00022186330170370638
NORMAL/66/OD/013_Normal.tif,NORMAL-066,test,NORMAL,normal,OD,.tif,0.00018696801271289587
NORMAL/66/OD/014_Normal.tif,NORMAL-066,test,NORMAL,normal,OD,.tif,0.00022458715829998255
NORMAL/66/OD/015_Normal.tif,NORMAL-066,test,NORMAL,normal,OD,.tif,0.00023174969828687608
NORMAL/66/OD/016_Normal.tif,NORMAL-066,test,NORMAL,normal,OD,.tif,0.00044906744733452797
NORMAL/66/OD/017_Normal.tif,NORMAL-066,test,NORMAL,normal,OD,.tif,0.00017387588741257787
NORMAL/66/OD/018_Normal.tif,NORMAL-066,test,NORMAL,normal,OD,.tif,0.0002227811492048204
NORMAL/66/OD/019_Normal.tif,NORMAL-066,test,NORMAL,normal,OD,.tif,0.0002107609179802239
NORMAL/66/OD/020_Normal.tif,NORMAL-066,test,NORMAL,normal,OD,.tif,0.00018721315427683294
NORMAL/66/OD/021_Normal.tif,NORMAL-066,test,NORMAL,normal,OD,.tif,0.00023706673528067768
NORMAL/66/OD/022_Normal.tif,NORMAL-066,test,NORMAL,normal,OD,.tif,0.000265917566139251
NORMAL/66/OD/023_Normal.tif,NORMAL-066,test,NORMAL,normal,OD,.tif,0.00023033855541143566
NORMAL/66/OD/024_Normal.tif,NORMAL-066,test,NORMAL,normal,OD,.tif,0.00024177222803700715
NORMAL/66/OD/025_Normal.tif,NORMAL-066,test,NORMAL,normal,OD,.tif,0.00024290625879075378
NORMAL/66/OD/026_Normal.tif,NORMAL-066,test,NORMAL,normal,OD,.tif,0.0003475986304692924
NORMAL/66/OD/027_Normal.tif,NORMAL-066,test,NORMAL,normal,OD,.tif,0.00027327885618433356
NORMAL/66/OD/028_Normal.tif,NORMAL-066,test,NORMAL,normal,OD,.tif,0.00026439427165314555
NORMAL/66/OD/029_Normal.tif,NORMAL-066,test,NORMAL,normal,OD,.tif,0.00029715796699747443
NORMAL/66/OD/030_Normal.tif,NORMAL-066,test,NORMAL,normal,OD,.tif,0.0004580390523187816
NORMAL/66/OS/000_Normal.tif,NORMAL-066,test,NORMAL,normal,OS,.tif,0.0002979608252644539
NORMAL/66/OS/001_Normal.tif,NORMAL-066,test,NORMAL,normal,OS,.tif,0.0003285511920694262
NORMAL/66/OS/002_Normal.tif,NORMAL-066,test,NORMAL,normal,OS,.tif,0.00020063645206391811
NORMAL/66/OS/003_Normal.tif,NORMAL-066,test,NORMAL,normal,OS,.tif,0.00026249256916344166
NORMAL/66/OS/004_Normal.tif,NORMAL-066,test,NORMAL,normal,OS,.tif,0.0002394402981735766
NORMAL/66/OS/005_Normal.tif,NORMAL-066,test,NORMAL,normal,OS,.tif,0.00031645598937757313
NORMAL/66/OS/006_Normal.tif,NORMAL-066,test,NORMAL,normal,OS,.tif,0.00019997861818410456
NORMAL/66/OS/007_Normal.tif,NORMAL-066,test,NORMAL,normal,OS,.tif,0.0002996431430801749
NORMAL/66/OS/008_Normal.tif,NORMAL-066,test,NORMAL,normal,OS,.tif,0.0002474971697665751
NORMAL/66/OS/009_Normal.tif,NORMAL-066,test,NORMAL,normal,OS,.tif,0.00022594092297367752
NORMAL/66/OS/010_Normal.tif,NORMAL-066,test,NORMAL,normal,OS,.tif,0.0002585039474070072
NORMAL/66/OS/011_Normal.tif,NORMAL-066,test,NORMAL,normal,OS,.tif,0.0002668803499545902
NORMAL/66/OS/012_Normal.tif,NORMAL-066,test,NORMAL,normal,OS,.tif,0.00023085005523171276
NORMAL/66/OS/013_Normal.tif,NORMAL-066,test,NORMAL,normal,OS,.tif,0.0002200586604885757
NORMAL/66/OS/014_Normal.tif,NORMAL-066,test,NORMAL,normal,OS,.tif,0.00017970263434108347
NORMAL/66/OS/015_Normal.tif,NORMAL-066,test,NORMAL,normal,OS,.tif,0.0004314087564125657
NORMAL/66/OS/016_Normal.tif,NORMAL-066,test,NORMAL,normal,OS,.tif,0.00026101700495928526
NORMAL/66/OS/017_Normal.tif,NORMAL-066,test,NORMAL,normal,OS,.tif,0.00034778041299432516
NORMAL/66/OS/018_Normal.tif,NORMAL-066,test,NORMAL,normal,OS,.tif,0.00024638144532218575
NORMAL/66/OS/019_Normal.tif,NORMAL-066,test,NORMAL,normal,OS,.tif,0.0003378032997716218
NORMAL/66/OS/020_Normal.tif,NORMAL-066,test,NORMAL,normal,OS,.tif,0.00029937608633190393
NORMAL/66/OS/021_Normal.tif,NORMAL-066,test,NORMAL,normal,OS,.tif,0.00018898909911513329
NORMAL/66/OS/022_Normal.tif,NORMAL-066,test,NORMAL,normal,OS,.tif,0.00024428567849099636
NORMAL/66/OS/023_Normal.tif,NORMAL-066,test,NORMAL,normal,OS,.tif,0.0004015545127913356
NORMAL/66/OS/024_Normal.tif,NORMAL-066,test,NORMAL,normal,OS,.tif,0.0003878184943459928
NORMAL/66/OS/025_Normal.tif,NORMAL-066,test,NORMAL,normal,OS,.tif,0.0003461675369180739
NORMAL/66/OS/026_Normal.tif,NORMAL-066,test,NORMAL,normal,OS,.tif,0.00026039007934741676
NORMAL/66/OS/027_Normal.tif,NORMAL-066,test,NORMAL,normal,OS,.tif,0.00042542198207229376
NORMAL/66/OS/028_Normal.tif,NORMAL-066,test,NORMAL,normal,OS,.tif,0.00043588801054283977
NORMAL/66/OS/029_Normal.tif,NORMAL-066,test,NORMAL,normal,OS,.tif,0.0003116074367426336
NORMAL/66/OS/030_Normal.tif,NORMAL-066,test,NORMAL,normal,OS,.tif,0.0002654301351867616
NORMAL/67/OD/000_Normal.tif,NORMAL-067,test,NORMAL,normal,OD,.tif,0.0003213188028894365
NORMAL/67/OD/001_Normal.tif,NORMAL-067,test,NORMAL,normal,OD,.tif,0.00027196426526643336
NORMAL/67/OD/002_Normal.tif,NORMAL-067,test,NORMAL,normal,OD,.tif,0.00020681755268014967
NORMAL/67/OD/003_Normal.tif,NORMAL-067,test,NORMAL,normal,OD,.tif,0.00026302054175175726
NORMAL/67/OD/004_Normal.tif,NORMAL-067,test,NORMAL,normal,OD,.tif,0.00020524574210867286
NORMAL/67/OD/005_Normal.tif,NORMAL-067,test,NORMAL,normal,OD,.tif,0.00022737809922546148
NORMAL/67/OD/006_Normal.tif,NORMAL-067,test,NORMAL,normal,OD,.tif,0.00019411160610616207
NORMAL/67/OD/007_Normal.tif,NORMAL-067,test,NORMAL,normal,OD,.tif,0.00017091038171201944
NORMAL/67/OD/008_Normal.tif,NORMAL-067,test,NORMAL,normal,OD,.tif,0.00041941239032894373
NORMAL/67/OD/009_Normal.tif,NORMAL-067,test,NORMAL,normal,OD,.tif,0.00038230809150263667
NORMAL/67/OD/010_Normal.tif,NORMAL-067,test,NORMAL,normal,OD,.tif,0.0004730089276563376
NORMAL/67/OD/011_Normal.tif,NORMAL-067,test,NORMAL,normal,OD,.tif,0.0003349538892507553
NORMAL/67/OD/012_Normal.tif,NORMAL-067,test,NORMAL,normal,OD,.tif,0.00034128077095374465
NORMAL/67/OD/013_Normal.tif,NORMAL-067,test,NORMAL,normal,OD,.tif,0.0005259240278974175
NORMAL/67/OD/014_Normal.tif,NORMAL-067,test,NORMAL,normal,OD,.tif,0.0003398194967303425
NORMAL/67/OD/015_Normal.tif,NORMAL-067,test,NORMAL,normal,OD,.tif,0.00040587669354863465
NORMAL/67/OD/016_Normal.tif,NORMAL-067,test,NORMAL,normal,OD,.tif,0.00036408979212865233
NORMAL/67/OD/017_Normal.tif,NORMAL-067,test,NORMAL,normal,OD,.tif,0.0005776695907115936
NORMAL/67/OD/018_Normal.tif,NORMAL-067,test,NORMAL,normal,OD,.tif,0.0005135234678164124
NORMAL/67/OD/019_Normal.tif,NORMAL-067,test,NORMAL,normal,OD,.tif,0.00038980855606496334
NORMAL/67/OD/020_Normal.tif,NORMAL-067,test,NORMAL,normal,OD,.tif,0.0002545887546148151
NORMAL/67/OD/021_Normal.tif,NORMAL-067,test,NORMAL,normal,OD,.tif,0.00028674094937741756
NORMAL/67/OD/022_Normal.tif,NORMAL-067,test,NORMAL,normal,OD,.tif,0.0005037986556999385
NORMAL/67/OD/023_Normal.tif,NORMAL-067,test,NORMAL,normal,OD,.tif,0.00027469306951388717
NORMAL/67/OD/024_Normal.tif,NORMAL-067,test,NORMAL,normal,OD,.tif,0.0004009287804365158
NORMAL/67/OD/025_Normal.tif,NORMAL-067,test,NORMAL,normal,OD,.tif,0.00027230114210397005
NORMAL/67/OD/026_Normal.tif,NORMAL-067,test,NORMAL,normal,OD,.tif,0.00025641568936407566
NORMAL/67/OD/027_Normal.tif,NORMAL-067,test,NORMAL,normal,OD,.tif,0.0003434490645304322
NORMAL/67/OD/028_Normal.tif,NORMAL-067,test,NORMAL,normal,OD,.tif,0.00032110241590999067
NORMAL/67/OD/029_Normal.tif,NORMAL-067,test,NORMAL,normal,OD,.tif,0.0003052846877835691
NORMAL/67/OD/030_Normal.tif,NORMAL-067,test,NORMAL,normal,OD,.tif,0.00027551379753276706
NORMAL/67/OS/000_Normal.tif,NORMAL-067,test,NORMAL,normal,OS,.tif,0.0002532900543883443
NORMAL/67/OS/001_Normal.tif,NORMAL-067,test,NORMAL,normal,OS,.tif,0.00028594565810635686
NORMAL/67/OS/002_Normal.tif,NORMAL-067,test,NORMAL,normal,OS,.tif,0.00037980213528499007
NORMAL/67/OS/003_Normal.tif,NORMAL-067,test,NORMAL,normal,OS,.tif,0.00021716763149015605
NORMAL/67/OS/004_Normal.tif,NORMAL-067,test,NORMAL,normal,OS,.tif,0.00024074841348920017
NORMAL/67/OS/005_Normal.tif,NORMAL-067,test,NORMAL,normal,OS,.tif,0.00030711531871929765
NORMAL/67/OS/006_Normal.tif,NORMAL-067,test,NORMAL,normal,OS,.tif,0.0002664378844201565
NORMAL/67/OS/007_Normal.tif,NORMAL-067,test,NORMAL,normal,OS,.tif,0.00023061827232595533
NORMAL/67/OS/008_Normal.tif,NORMAL-067,test,NORMAL,normal,OS,.tif,0.00025239039678126574
NORMAL/67/OS/009_Normal.tif,NORMAL-067,test,NORMAL,normal,OS,.tif,0.00018000544514507055
NORMAL/67/OS/010_Normal.tif,NORMAL-067,test,NORMAL,normal,OS,.tif,0.0002326744288438931
NORMAL/67/OS/011_Normal.tif,NORMAL-067,test,NORMAL,normal,OS,.tif,0.0002067180903395638
NORMAL/67/OS/012_Normal.tif,NORMAL-067,test,NORMAL,normal,OS,.tif,0.000216254178667441
NORMAL/67/OS/013_Normal.tif,NORMAL-067,test,NORMAL,normal,OS,.tif,0.00020417374616954476
NORMAL/67/OS/014_Normal.tif,NORMAL-067,test,NORMAL,normal,OS,.tif,0.00018508906941860914
NORMAL/67/OS/015_Normal.tif,NORMAL-067,test,NORMAL,normal,OS,.tif,0.00019276991952210665
NORMAL/67/OS/016_Normal.tif,NORMAL-067,test,NORMAL,normal,OS,.tif,0.0005300396587699652
NORMAL/67/OS/017_Normal.tif,NORMAL-067,test,NORMAL,normal,OS,.tif,0.00043283659033477306
NORMAL/67/OS/018_Normal.tif,NORMAL-067,test,NORMAL,normal,OS,.tif,0.0005612613749690354
NORMAL/67/OS/019_Normal.tif,NORMAL-067,test,NORMAL,normal,OS,.tif,0.0002807621203828603
NORMAL/67/OS/020_Normal.tif,NORMAL-067,test,NORMAL,normal,OS,.tif,0.00022588706633541733
NORMAL/67/OS/021_Normal.tif,NORMAL-067,test,NORMAL,normal,OS,.tif,0.0002649672096595168
NORMAL/67/OS/022_Normal.tif,NORMAL-067,test,NORMAL,normal,OS,.tif,0.00022625898418482393
NORMAL/67/OS/023_Normal.tif,NORMAL-067,test,NORMAL,normal,OS,.tif,0.00025714992079883814
NORMAL/67/OS/024_Normal.tif,NORMAL-067,test,NORMAL,normal,OS,.tif,0.00031035233405418694
NORMAL/67/OS/025_Normal.tif,NORMAL-067,test,NORMAL,normal,OS,.tif,0.00027598949964158237
NORMAL/67/OS/026_Normal.tif,NORMAL-067,test,NORMAL,normal,OS,.tif,0.00022506889945361763
NORMAL/67/OS/027_Normal.tif,NORMAL-067,test,NORMAL,normal,OS,.tif,0.00022758085106033832
NORMAL/67/OS/028_Normal.tif,NORMAL-067,test,NORMAL,normal,OS,.tif,0.00023440737277269363
NORMAL/67/OS/029_Normal.tif,NORMAL-067,test,NORMAL,normal,OS,.tif,0.0001986986317206174
NORMAL/67/OS/030_Normal.tif,NORMAL-067,test,NORMAL,normal,OS,.tif,0.000210339596378617
NORMAL/78/000_NOrmal.tif,NORMAL-078,test,NORMAL,normal,OS,.tif,0.00023123627761378884
NORMAL/78/001_NOrmal.tif,NORMAL-078,test,NORMAL,normal,OS,.tif,0.00026575959054753184
NORMAL/78/002_NOrmal.tif,NORMAL-078,test,NORMAL,normal,OS,.tif,0.00031821525772102177
NORMAL/78/003_NOrmal.tif,NORMAL-078,test,NORMAL,normal,OS,.tif,0.00032528230804018676
NORMAL/78/004_NOrmal.tif,NORMAL-078,test,NORMAL,normal,OS,.tif,0.00043389323400333524
NORMAL/78/005_NOrmal.tif,NORMAL-078,test,NORMAL,normal,OS,.tif,0.0003857343108393252
NORMAL/78/006_NOrmal.tif,NORMAL-078,test,NORMAL,normal,OS,.tif,0.00036236605956219137
NORMAL/78/007_NOrmal.tif,NORMAL-078,test,NORMAL,normal,OS,.tif,0.0003602520446293056
NORMAL/78/008_NOrmal.tif,NORMAL-078,test,NORMAL,normal,OS,.tif,0.00032263435423374176
NORMAL/78/009_NOrmal.tif,NORMAL-078,test,NORMAL,normal,OS,.tif,0.0002263458736706525
NORMAL/78/010_NOrmal.tif,NORMAL-078,test,NORMAL,normal,OS,.tif,0.00041039905045181513
NORMAL/78/011_NOrmal.tif,NORMAL-078,test,NORMAL,normal,OS,.tif,0.0003622592776082456
NORMAL/78/012_NOrmal.tif,NORMAL-078,test,NORMAL,normal,OS,.tif,0.00023619782587047666
NORMAL/78/013_NOrmal.tif,NORMAL-078,test,NORMAL,normal,OS,.tif,0.0002583655877970159
NORMAL/78/014_NOrmal.tif,NORMAL-078,test,NORMAL,normal,OS,.tif,0.00026075736968778074
NORMAL/78/015_NOrmal.tif,NORMAL-078,test,NORMAL,normal,OS,.tif,0.00021861922868993133
NORMAL/78/016_NOrmal.tif,NORMAL-078,test,NORMAL,normal,OS,.tif,0.0004851138510275632
NORMAL/78/017_NOrmal.tif,NORMAL-078,test,NORMAL,normal,OS,.tif,0.0005575724062509835
NORMAL/78/018_NOrmal.tif,NORMAL-078,test,NORMAL,normal,OS,.tif,0.000699199503287673
NORMAL/78/019_NOrmal.tif,NORMAL-078,test,NORMAL,normal,OS,.tif,0.00027226272504776716
NORMAL/78/020_NOrmal.tif,NORMAL-078,test,NORMAL,normal,OS,.tif,0.0003102918853983283
NORMAL/78/021_NOrmal.tif,NORMAL-078,test,NORMAL,normal,OS,.tif,0.00028242002008482814
NORMAL/78/022_NOrmal.tif,NORMAL-078,test,NORMAL,normal,OS,.tif,0.00030955858528614044
NORMAL/78/023_NOrmal.tif,NORMAL-078,test,NORMAL,normal,OS,.tif,0.0002826681302394718
NORMAL/78/024_NOrmal.tif,NORMAL-078,test,NORMAL,normal,OS,.tif,0.0002400365483481437
NORMAL/78/025_NOrmal.tif,NORMAL-078,test,NORMAL,normal,OS,.tif,0.00024397301604039967
NORMAL/78/026_NOrmal.tif,NORMAL-078,test,NORMAL,normal,OS,.tif,0.00022897790768183768
NORMAL/78/027_NOrmal.tif,NORMAL-078,test,NORMAL,normal,OS,.tif,0.0002772954758256674
NORMAL/78/028_NOrmal.tif,NORMAL-078,test,NORMAL,normal,OS,.tif,0.00025578815257176757
NORMAL/78/029_NOrmal.tif,NORMAL-078,test,NORMAL,normal,OS,.tif,0.0002511281636543572
NORMAL/78/030_NOrmal.tif,NORMAL-078,test,NORMAL,normal,OS,.tif,0.0002592242381069809
NORMAL/98/OD/000_Normal.tif,NORMAL-098,test,NORMAL,normal,OD,.tif,0.00042197215952910483
NORMAL/98/OD/001_Normal.tif,NORMAL-098,test,NORMAL,normal,OD,.tif,0.000460915791336447
NORMAL/98/OD/002_Normal.tif,NORMAL-098,test,NORMAL,normal,OD,.tif,0.0006578549509868026
NORMAL/98/OD/003_Normal.tif,NORMAL-098,test,NORMAL,normal,OD,.tif,0.0002511116617824882
NORMAL/98/OD/004_Normal.tif,NORMAL-098,test,NORMAL,normal,OD,.tif,0.0004916292382404208
NORMAL/98/OD/005_Normal.tif,NORMAL-098,test,NORMAL,normal,OD,.tif,0.0002565842878539115
NORMAL/98/OD/006_Normal.tif,NORMAL-098,test,NORMAL,normal,OD,.tif,0.0003537898592185229
NORMAL/98/OD/007_Normal.tif,NORMAL-098,test,NORMAL,normal,OD,.tif,0.00039377191569656134
NORMAL/98/OD/008_Normal.tif,NORMAL-098,test,NORMAL,normal,OD,.tif,0.0004965035477653146
NORMAL/98/OD/009_Normal.tif,NORMAL-098,test,NORMAL,normal,OD,.tif,0.00038190907798707485
NORMAL/98/OD/010_Normal.tif,NORMAL-098,test,NORMAL,normal,OD,.tif,0.00030610919930040836
NORMAL/98/OD/011_Normal.tif,NORMAL-098,test,NORMAL,normal,OD,.tif,0.00022915410227142274
NORMAL/98/OD/012_Normal.tif,NORMAL-098,test,NORMAL,normal,OD,.tif,0.0003690485027618706
NORMAL/98/OD/013_Normal.tif,NORMAL-098,test,NORMAL,normal,OD,.tif,0.0004956100019626319
NORMAL/98/OD/014_Normal.tif,NORMAL-098,test,NORMAL,normal,OD,.tif,0.0003838608681689948
NORMAL/98/OD/015_Normal.tif,NORMAL-098,test,NORMAL,normal,OD,.tif,0.00048708985559642315
NORMAL/98/OD/016_Normal.tif,NORMAL-098,test,NORMAL,normal,OD,.tif,0.000568471965380013
NORMAL/98/OD/017_Normal.tif,NORMAL-098,test,NORMAL,normal,OD,.tif,0.00043227660353295505
NORMAL/98/OD/018_Normal.tif,NORMAL-098,test,NORMAL,normal,OD,.tif,0.00032465168624185026
NORMAL/98/OD/019_Normal.tif,NORMAL-098,test,NORMAL,normal,OD,.tif,0.00033057411201298237
NORMAL/98/OD/020_Normal.tif,NORMAL-098,test,NORMAL,normal,OD,.tif,0.0002694936702027917
NORMAL/98/OD/021_Normal.tif,NORMAL-098,test,NORMAL,normal,OD,.tif,0.00039216812001541257
NORMAL/98/OD/022_Normal.tif,NORMAL-098,test,NORMAL,normal,OD,.tif,0.0005065695149824023
NORMAL/98/OD/023_Normal.tif,NORMAL-098,test,NORMAL,normal,OD,.tif,0.0003699616063386202
NORMAL/98/OD/024_Normal.tif,NORMAL-098,test,NORMAL,normal,OD,.tif,0.00044145522406324744
NORMAL/98/OD/025_Normal.tif,NORMAL-098,test,NORMAL,normal,OD,.tif,0.0002796244516503066
NORMAL/98/OD/026_Normal.tif,NORMAL-098,test,NORMAL,normal,OD,.tif,0.0002511485363356769
NORMAL/98/OD/027_Normal.tif,NORMAL-098,test,NORMAL,normal,OD,.tif,0.0002172748208977282
NORMAL/98/OD/028_Normal.tif,NORMAL-098,test,NORMAL,normal,OD,.tif,0.00023231304658111185
NORMAL/98/OD/029_Normal.tif,NORMAL-098,test,NORMAL,normal,OD,.tif,0.0003181610954925418
NORMAL/98/OD/030_Normal.tif,NORMAL-098,test,NORMAL,normal,OD,.tif,0.00024797837249934673
NORMAL/98/OS/000_Normal.tif,NORMAL-098,test,NORMAL,normal,OS,.tif,0.0005864317063242197
NORMAL/98/OS/001_Normal.tif,NORMAL-098,test,NORMAL,normal,OS,.tif,0.00025868124794214964
NORMAL/98/OS/002_Normal.tif,NORMAL-098,test,NORMAL,normal,OS,.tif,0.00023425891413353384
NORMAL/98/OS/003_Normal.tif,NORMAL-098,test,NORMAL,normal,OS,.tif,0.0003153157886117697
NORMAL/98/OS/004_Normal.tif,NORMAL-098,test,NORMAL,normal,OS,.tif,0.0005442989058792591
NORMAL/98/OS/005_Normal.tif,NORMAL-098,test,NORMAL,normal,OS,.tif,0.0005209521623328328
NORMAL/98/OS/006_Normal.tif,NORMAL-098,test,NORMAL,normal,OS,.tif,0.0002567259653005749
NORMAL/98/OS/007_Normal.tif,NORMAL-098,test,NORMAL,normal,OS,.tif,0.00023236275592353195
NORMAL/98/OS/008_Normal.tif,NORMAL-098,test,NORMAL,normal,OS,.tif,0.00023621397849638015
NORMAL/98/OS/009_Normal.tif,NORMAL-098,test,NORMAL,normal,OS,.tif,0.0002040603430941701
NORMAL/98/OS/010_Normal.tif,NORMAL-098,test,NORMAL,normal,OS,.tif,0.000259563559666276
NORMAL/98/OS/011_Normal.tif,NORMAL-098,test,NORMAL,normal,OS,.tif,0.00023479828087147325
NORMAL/98/OS/012_Normal.tif,NORMAL-098,test,NORMAL,normal,OS,.tif,0.00023506161232944578
NORMAL/98/OS/013_Normal.tif,NORMAL-098,test,NORMAL,normal,OS,.tif,0.00045440770918503404
NORMAL/98/OS/014_Normal.tif,NORMAL-098,test,NORMAL,normal,OS,.tif,0.00036682310746982694
NORMAL/98/OS/015_Normal.tif,NORMAL-098,test,NORMAL,normal,OS,.tif,0.00044471846194937825
NORMAL/98/OS/016_Normal.tif,NORMAL-098,test,NORMAL,normal,OS,.tif,0.00034335098462179303
NORMAL/98/OS/017_Normal.tif,NORMAL-098,test,NORMAL,normal,OS,.tif,0.0003747713635675609
NORMAL/98/OS/018_Normal.tif,NORMAL-098,test,NORMAL,normal,OS,.tif,0.0003605832753237337
NORMAL/98/OS/019_Normal.tif,NORMAL-098,test,NORMAL,normal,OS,.tif,0.00048114414676092565
NORMAL/98/OS/020_Normal.tif,NORMAL-098,test,NORMAL,normal,OS,.tif,0.00048094504745677114
NORMAL/98/OS/021_Normal.tif,NORMAL-098,test,NORMAL,normal,OS,.tif,0.0004345499910414219
NORMAL/98/OS/022_Normal.tif,NORMAL-098,test,NORMAL,normal,OS,.tif,0.0003370607737451792
NORMAL/98/OS/023_Normal.tif,NORMAL-098,test,NORMAL,normal,OS,.tif,0.0003530137473717332
NORMAL/98/OS/024_Normal.tif,NORMAL-098,test,NORMAL,normal,OS,.tif,0.0003556354786269367
NORMAL/98/OS/025_Normal.tif,NORMAL-098,test,NORMAL,normal,OS,.tif,0.0002560527063906193
NORMAL/98/OS/026_Normal.tif,NORMAL-098,test,NORMAL,normal,OS,.tif,0.0003258536453358829
NORMAL/98/OS/027_Normal.tif,NORMAL-098,test,NORMAL,normal,OS,.tif,0.00031344511080533266
NORMAL/98/OS/028_Normal.tif,NORMAL-098,test,NORMAL,normal,OS,.tif,0.00030138558940961957
NORMAL/98/OS/029_Normal.tif,NORMAL-098,test,NORMAL,normal,OS,.tif,0.00022393508697859943
NORMAL/98/OS/030_Normal.tif,NORMAL-098,test,NORMAL,normal,OS,.tif,0.0002432439650874585
NORMAL/104/OD/000_Normal.tif,NORMAL-104,test,NORMAL,normal,OD,.tif,0.0003487876383587718
NORMAL/104/OD/001_Normal.tif,NORMAL-104,test,NORMAL,normal,OD,.tif,0.000258132116869092
NORMAL/104/OD/002_Normal.tif,NORMAL-104,test,NORMAL,normal,OD,.tif,0.0002627770300023258
NORMAL/104/OD/003_Normal.tif,NORMAL-104,test,NORMAL,normal,OD,.tif,0.0001843638310674578
NORMAL/104/OD/004_Normal.tif,NORMAL-104,test,NORMAL,normal,OD,.tif,0.00017130622291006148
NORMAL/104/OD/005_Normal.tif,NORMAL-104,test,NORMAL,normal,OD,.tif,0.00025618067593313754
NORMAL/104/OD/006_Normal.tif,NORMAL-104,test,NORMAL,normal,OD,.tif,0.00021089939400553703
NORMAL/104/OD/007_Normal.tif,NORMAL-104,test,NORMAL,normal,OD,.tif,0.0002779209753498435
NORMAL/104/OD/008_Normal.tif,NORMAL-104,test,NORMAL,normal,OD,.tif,0.0003245812258683145
NORMAL/104/OD/009_Normal.tif,NORMAL-104,test,NORMAL,normal,OD,.tif,0.0001764213666319847
NORMAL/104/OD/010_Normal.tif,NORMAL-104,test,NORMAL,normal,OD,.tif,0.0001998335646931082
NORMAL/104/OD/011_Normal.tif,NORMAL-104,test,NORMAL,normal,OD,.tif,0.0002870713360607624
NORMAL/104/OD/012_Normal.tif,NORMAL-104,test,NORMAL,normal,OD,.tif,0.00020789788686670363
NORMAL/104/OD/013_Normal.tif,NORMAL-104,test,NORMAL,normal,OD,.tif,0.00022693586652167141
NORMAL/104/OD/014_Normal.tif,NORMAL-104,test,NORMAL,normal,OD,.tif,0.0002417603536741808
NORMAL/104/OD/015_Normal.tif,NORMAL-104,test,NORMAL,normal,OD,.tif,0.0002650434907991439
NORMAL/104/OD/016_Normal.tif,NORMAL-104,test,NORMAL,normal,OD,.tif,0.00022921484196558595
NORMAL/104/OD/017_Normal.tif,NORMAL-104,test,NORMAL,normal,OD,.tif,0.0003482928150333464
NORMAL/104/OD/018_Normal.tif,NORMAL-104,test,NORMAL,normal,OD,.tif,0.00020657433196902275
NORMAL/104/OD/019_Normal.tif,NORMAL-104,test,NORMAL,normal,OD,.tif,0.00022954204177949578
NORMAL/104/OD/020_Normal.tif,NORMAL-104,test,NORMAL,normal,OD,.tif,0.00017852486053016037
NORMAL/104/OD/021_Normal.tif,NORMAL-104,test,NORMAL,normal,OD,.tif,0.00018720740627031773
NORMAL/104/OD/022_Normal.tif,NORMAL-104,test,NORMAL,normal,OD,.tif,0.00021861607092432678
NORMAL/104/OD/023_Normal.tif,NORMAL-104,test,NORMAL,normal,OD,.tif,0.00023505065473727882
NORMAL/104/OD/024_Normal.tif,NORMAL-104,test,NORMAL,normal,OD,.tif,0.00027732871240004897
NORMAL/104/OD/025_Normal.tif,NORMAL-104,test,NORMAL,normal,OD,.tif,0.00029168001492507756
NORMAL/104/OD/026_Normal.tif,NORMAL-104,test,NORMAL,normal,OD,.tif,0.00021593712153844535
NORMAL/104/OD/027_Normal.tif,NORMAL-104,test,NORMAL,normal,OD,.tif,0.00020061444956809282
NORMAL/104/OD/028_Normal.tif,NORMAL-104,test,NORMAL,normal,OD,.tif,0.0003713988116942346
NORMAL/104/OD/029_Normal.tif,NORMAL-104,test,NORMAL,normal,OD,.tif,0.00040189368883147836
NORMAL/104/OD/030_Normal.tif,NORMAL-104,test,NORMAL,normal,OD,.tif,0.0003342035342939198
NORMAL/104/OS/000_Normal.tif,NORMAL-104,test,NORMAL,normal,OS,.tif,0.0002727214596234262
NORMAL/104/OS/001_Normal.tif,NORMAL-104,test,NORMAL,normal,OS,.tif,0.0003114040591754019
NORMAL/104/OS/002_Normal.tif,NORMAL-104,test,NORMAL,normal,OS,.tif,0.00020773173309862614
NORMAL/104/OS/003_Normal.tif,NORMAL-104,test,NORMAL,normal,OS,.tif,0.00020005837723147124
NORMAL/104/OS/004_Normal.tif,NORMAL-104,test,NORMAL,normal,OS,.tif,0.00019014916324522346
NORMAL/104/OS/005_Normal.tif,NORMAL-104,test,NORMAL,normal,OS,.tif,0.0003627786645665765
NORMAL/104/OS/006_Normal.tif,NORMAL-104,test,NORMAL,normal,OS,.tif,0.0002185288758482784
NORMAL/104/OS/007_Normal.tif,NORMAL-104,test,NORMAL,normal,OS,.tif,0.00028141390066593885
NORMAL/104/OS/008_Normal.tif,NORMAL-104,test,NORMAL,normal,OS,.tif,0.00027727807173505425
NORMAL/104/OS/009_Normal.tif,NORMAL-104,test,NORMAL,normal,OS,.tif,0.00023131558555178344
NORMAL/104/OS/010_Normal.tif,NORMAL-104,test,NORMAL,normal,OS,.tif,0.00030700140632689
NORMAL/104/OS/011_Normal.tif,NORMAL-104,test,NORMAL,normal,OS,.tif,0.00021697310148738325
NORMAL/104/OS/012_Normal.tif,NORMAL-104,test,NORMAL,normal,OS,.tif,0.0002395978372078389
NORMAL/104/OS/013_Normal.tif,NORMAL-104,test,NORMAL,normal,OS,.tif,0.0003562933998182416
NORMAL/104/OS/014_Normal.tif,NORMAL-104,test,NORMAL,normal,OS,.tif,0.00022794831602368504
NORMAL/104/OS/015_Normal.tif,NORMAL-104,test,NORMAL,normal,OS,.tif,0.0003523119376040995
NORMAL/104/OS/016_Normal.tif,NORMAL-104,test,NORMAL,normal,OS,.tif,0.0002286497037857771
NORMAL/104/OS/017_Normal.tif,NORMAL-104,test,NORMAL,normal,OS,.tif,0.00036582571920007467
NORMAL/104/OS/018_Normal.tif,NORMAL-104,test,NORMAL,normal,OS,.tif,0.0002947869652416557
NORMAL/104/OS/019_Normal.tif,NORMAL-104,test,NORMAL,normal,OS,.tif,0.0003701549721881747
NORMAL/104/OS/020_Normal.tif,NORMAL-104,test,NORMAL,normal,OS,.tif,0.00018378577078692615
NORMAL/104/OS/021_Normal.tif,NORMAL-104,test,NORMAL,normal,OS,.tif,0.0001894159649964422
NORMAL/104/OS/022_Normal.tif,NORMAL-104,test,NORMAL,normal,OS,.tif,0.00018340916722081602
NORMAL/104/OS/023_Normal.tif,NORMAL-104,test,NORMAL,normal,OS,.tif,0.00022024475038051605
NORMAL/104/OS/024_Normal.tif,NORMAL-104,test,NORMAL,normal,OS,.tif,0.00023096414224710315
NORMAL/104/OS/025_Normal.tif,NORMAL-104,test,NORMAL,normal,OS,.tif,0.0001991553872358054
NORMAL/104/OS/026_Normal.tif,NORMAL-104,test,NORMAL,normal,OS,.tif,0.00034817232517525554
NORMAL/104/OS/027_Normal.tif,NORMAL-104,test,NORMAL,normal,OS,.tif,0.00019355901167728007
NORMAL/104/OS/028_Normal.tif,NORMAL-104,test,NORMAL,normal,OS,.tif,0.00024334987392649055
NORMAL/104/OS/029_Normal.tif,NORMAL-104,test,NORMAL,normal,OS,.tif,0.00021911640942562371
NORMAL/104/OS/030_Normal.tif,NORMAL-104,test,NORMAL,normal,OS,.tif,0.00019295276433695108
NORMAL/108/OD/000_Normal.tif,NORMAL-108,test,NORMAL,normal,OD,.tif,0.00033299217466264963
NORMAL/108/OD/001_Normal.tif,NORMAL-108,test,NORMAL,normal,OD,.tif,0.00026807122048921883
NORMAL/108/OD/002_Normal.tif,NORMAL-108,test,NORMAL,normal,OD,.tif,0.00020980338740628213
NORMAL/108/OD/003_Normal.tif,NORMAL-108,test,NORMAL,normal,OD,.tif,0.0002292370772920549
NORMAL/108/OD/004_Normal.tif,NORMAL-108,test,NORMAL,normal,OD,.tif,0.0002302765497006476
NORMAL/108/OD/005_Normal.tif,NORMAL-108,test,NORMAL,normal,OD,.tif,0.0002623600303195417
NORMAL/108/OD/006_Normal.tif,NORMAL-108,test,NORMAL,normal,OD,.tif,0.0003306184080429375
NORMAL/108/OD/007_Normal.tif,NORMAL-108,test,NORMAL,normal,OD,.tif,0.00022754112433176488
NORMAL/108/OD/008_Normal.tif,NORMAL-108,test,NORMAL,normal,OD,.tif,0.0004510310245677829
NORMAL/108/OD/009_Normal.tif,NORMAL-108,test,NORMAL,normal,OD,.tif,0.0002634142292663455
NORMAL/108/OD/010_Normal.tif,NORMAL-108,test,NORMAL,normal,OD,.tif,0.00042475207010284066
NORMAL/108/OD/011_Normal.tif,NORMAL-108,test,NORMAL,normal,OD,.tif,0.0002802107483148575
NORMAL/108/OD/012_Normal.tif,NORMAL-108,test,NORMAL,normal,OD,.tif,0.0002829866425599903
NORMAL/108/OD/013_Normal.tif,NORMAL-108,test,NORMAL,normal,OD,.tif,0.00017001428932417184
NORMAL/108/OD/014_Normal.tif,NORMAL-108,test,NORMAL,normal,OD,.tif,0.00023647848865948617
NORMAL/108/OD/015_Normal.tif,NORMAL-108,test,NORMAL,normal,OD,.tif,0.00017321838822681457
NORMAL/108/OD/016_Normal.tif,NORMAL-108,test,NORMAL,normal,OD,.tif,0.00027883672737516463
NORMAL/108/OD/017_Normal.tif,NORMAL-108,test,NORMAL,normal,OD,.tif,0.00028421313618309796
NORMAL/108/OD/018_Normal.tif,NORMAL-108,test,NORMAL,normal,OD,.tif,0.0003718570224009454
NORMAL/108/OD/019_Normal.tif,NORMAL-108,test,NORMAL,normal,OD,.tif,0.00021785421995446086
NORMAL/108/OD/020_Normal.tif,NORMAL-108,test,NORMAL,normal,OD,.tif,0.00029143510619178414
NORMAL/108/OD/021_Normal.tif,NORMAL-108,test,NORMAL,normal,OD,.tif,0.00020456532365642488
NORMAL/108/OD/022_Normal.tif,NORMAL-108,test,NORMAL,normal,OD,.tif,0.000217327760765329
NORMAL/108/OD/023_Normal.tif,NORMAL-108,test,NORMAL,normal,OD,.tif,0.00017799944907892495
NORMAL/108/OD/024_Normal.tif,NORMAL-108,test,NORMAL,normal,OD,.tif,0.00015561297186650336
NORMAL/108/OD/025_Normal.tif,NORMAL-108,test,NORMAL,normal,OD,.tif,0.00017020168888848275
NORMAL/108/OD/026_Normal.tif,NORMAL-108,test,NORMAL,normal,OD,.tif,0.00018560679745860398
NORMAL/108/OD/027_Normal.tif,NORMAL-108,test,NORMAL,normal,OD,.tif,0.00020842126104980707
NORMAL/108/OD/028_Normal.tif,NORMAL-108,test,NORMAL,normal,OD,.tif,0.00019838157459162176
NORMAL/108/OD/029_Normal.tif,NORMAL-108,test,NORMAL,normal,OD,.tif,0.00026745477225631475
NORMAL/108/OD/030_Normal.tif,NORMAL-108,test,NORMAL,normal,OD,.tif,0.00016299428534694016
NORMAL/108/OS/000_Normal.tif,NORMAL-108,test,NORMAL,normal,OS,.tif,0.00047468257253058255
NORMAL/108/OS/001_Normal.tif,NORMAL-108,test,NORMAL,normal,OS,.tif,0.00028587557608261704
NORMAL/108/OS/002_Normal.tif,NORMAL-108,test,NORMAL,normal,OS,.tif,0.0002743133227340877
NORMAL/108/OS/003_Normal.tif,NORMAL-108,test,NORMAL,normal,OS,.tif,0.0003766866575460881
NORMAL/108/OS/004_Normal.tif,NORMAL-108,test,NORMAL,normal,OS,.tif,0.0002717774477787316
NORMAL/108/OS/005_Normal.tif,NORMAL-108,test,NORMAL,normal,OS,.tif,0.00022848049411550164
NORMAL/108/OS/006_Normal.tif,NORMAL-108,test,NORMAL,normal,OS,.tif,0.0002636786666698754
NORMAL/108/OS/007_Normal.tif,NORMAL-108,test,NORMAL,normal,OS,.tif,0.00021731443121097982
NORMAL/108/OS/008_Normal.tif,NORMAL-108,test,NORMAL,normal,OS,.tif,0.00027834114735014737
NORMAL/108/OS/009_Normal.tif,NORMAL-108,test,NORMAL,normal,OS,.tif,0.0003580244956538081
NORMAL/108/OS/010_Normal.tif,NORMAL-108,test,NORMAL,normal,OS,.tif,0.0002746343961916864
NORMAL/108/OS/011_Normal.tif,NORMAL-108,test,NORMAL,normal,OS,.tif,0.000310731353238225
NORMAL/108/OS/012_Normal.tif,NORMAL-108,test,NORMAL,normal,OS,.tif,0.00032640830613672733
NORMAL/108/OS/013_Normal.tif,NORMAL-108,test,NORMAL,normal,OS,.tif,0.0004129631270188838
NORMAL/108/OS/014_Normal.tif,NORMAL-108,test,NORMAL,normal,OS,.tif,0.000360810081474483
NORMAL/108/OS/015_Normal.tif,NORMAL-108,test,NORMAL,normal,OS,.tif,0.0003320645191706717
NORMAL/108/OS/016_Normal.tif,NORMAL-108,test,NORMAL,normal,OS,.tif,0.00024300959194079041
NORMAL/108/OS/017_Normal.tif,NORMAL-108,test,NORMAL,normal,OS,.tif,0.00024131368263624609
NORMAL/108/OS/018_Normal.tif,NORMAL-108,test,NORMAL,normal,OS,.tif,0.0002887265000026673
NORMAL/108/OS/019_Normal.tif,NORMAL-108,test,NORMAL,normal,OS,.tif,0.00021527944772969931
NORMAL/108/OS/020_Normal.tif,NORMAL-108,test,NORMAL,normal,OS,.tif,0.0001348728546872735
NORMAL/108/OS/021_Normal.tif,NORMAL-108,test,NORMAL,normal,OS,.tif,0.00020484600099734962
NORMAL/108/OS/022_Normal.tif,NORMAL-108,test,NORMAL,normal,OS,.tif,0.00026330986293032765
NORMAL/108/OS/023_Normal.tif,NORMAL-108,test,NORMAL,normal,OS,.tif,0.00017850537551566958
NORMAL/108/OS/024_Normal.tif,NORMAL-108,test,NORMAL,normal,OS,.tif,0.00021121290046721697
NORMAL/108/OS/025_Normal.tif,NORMAL-108,test,NORMAL,normal,OS,.tif,0.0002892868942581117
NORMAL/108/OS/026_Normal.tif,NORMAL-108,test,NORMAL,normal,OS,.tif,0.00028428039513528347
NORMAL/108/OS/027_Normal.tif,NORMAL-108,test,NORMAL,normal,OS,.tif,0.0003609150880947709
NORMAL/108/OS/028_Normal.tif,NORMAL-108,test,NORMAL,normal,OS,.tif,0.0005203158361837268
NORMAL/108/OS/029_Normal.tif,NORMAL-108,test,NORMAL,normal,OS,.tif,0.0003917152644135058
NORMAL/108/OS/030_Normal.tif,NORMAL-108,test,NORMAL,normal,OS,.tif,0.00021698189084418118
CNV/159/000_Drusen.tif,CNV-159,excluded,CNV,drusen,OD,.tif,0.0006257898057810962
CNV/159/001_Drusen.tif,CNV-159,excluded,CNV,drusen,OD,.tif,0.0007313075475394726
CNV/159/002_CNV.tif,CNV-159,excluded,CNV,cnv,OD,.tif,0.000692018133122474
CNV/159/003_CNV.tif,CNV-159,excluded,CNV,cnv,OD,.tif,0.0007401399197988212
CNV/159/004_CNV.tif,CNV-159,excluded,CNV,cnv,OD,.tif,0.0009203669615089893
CNV/159/005_CNV.tif,CNV-159,excluded,CNV,cnv,OD,.tif,0.0007714120438322425
CNV/159/006_CNV.tif,CNV-159,excluded,CNV,cnv,OD,.tif,0.0008725358638912439
CNV/159/007_CNV.tif,CNV-159,excluded,CNV,cnv,OD,.tif,0.0008603049209341407
CNV/159/008_CNV.tif,CNV-159,excluded,CNV,cnv,OD,.tif,0.0009199542691931129
CNV/159/009_CNV.tif,CNV-159,excluded,CNV,cnv,OD,.tif,0.0010150147136300802
CNV/159/010_CNV.tif,CNV-159,excluded,CNV,cnv,OD,.tif,0.0008588160271756351
CNV/159/011_CNV.tif,CNV-159,excluded,CNV,cnv,OD,.tif,0.0006757467053830624
CNV/159/012_CNV.tif,CNV-159,excluded,CNV,cnv,OD,.tif,0.0007536173798143864
CNV/159/013_CNV.tif,CNV-159,excluded,CNV,cnv,OD,.tif,0.0007500047795474529
CNV/159/014_CNV.tif,CNV-159,excluded,CNV,cnv,OD,.tif,0.0009385936427861452
CNV/159/015_CNV.tif,CNV-159,excluded,CNV,cnv,OD,.tif,0.0010410097893327475
CNV/159/016_CNV.tif,CNV-159,excluded,CNV,cnv,OD,.tif,0.0008657911093905568
CNV/159/017_CNV.tif,CNV-159,excluded,CNV,cnv,OD,.tif,0.000809529097750783
CNV/159/020_CNV.tif,CNV-159,excluded,CNV,cnv,OD,.tif,0.0009687895071692765
CNV/159/021_CNV.tif,CNV-159,excluded,CNV,cnv,OD,.tif,0.0007941905641928315
CNV/159/022_CNV.tif,CNV-159,excluded,CNV,cnv,OD,.tif,0.0007384097552858293
CNV/159/023_CNV.tif,CNV-159,excluded,CNV,cnv,OD,.tif,0.0007265829481184483
CNV/159/024_CNV.tif,CNV-159,excluded,CNV,cnv,OD,.tif,0.0007947339327074587
CNV/159/025_CNV.tif,CNV-159,excluded,CNV,cnv,OD,.tif,0.0006461123703047633
CNV/159/026_Drusen.tif,CNV-159,excluded,CNV,drusen,OD,.tif,0.0006439764401875436
CNV/159/027_Drusen.tif,CNV-159,excluded,CNV,drusen,OD,.tif,0.0006512293475680053
CNV/159/028_Drusen.tif,CNV-159,excluded,CNV,drusen,OD,.tif,0.0006457575364038348
CNV/159/029_Drusen.tif,CNV-159,excluded,CNV,drusen,OD,.tif,0.000623648171313107
CNV/159/030_Drusen.tif,CNV-159,excluded,CNV,drusen,OD,.tif,0.0006667384877800941
CNV/160/000_Drusen.tif,CNV-160,excluded,CNV,drusen,OD,.tif,0.001012630295008421
CNV/160/001_CNV.tif,CNV-160,excluded,CNV,cnv,OD,.tif,0.0008485077996738255
CNV/160/002_CNV.tif,CNV-160,excluded,CNV,cnv,OD,.tif,0.0008475796785205603
CNV/160/003_CNV.tif,CNV-160,excluded,CNV,cnv,OD,.tif,0.0008473605266772211
CNV/160/004_CNV.tif,CNV-160,excluded,CNV,cnv,OD,.tif,0.0008621730376034975
CNV/160/005_CNV.tif,CNV-160,excluded,CNV,cnv,OD,.tif,0.0009397303219884634
CNV/160/006_CNV.tif,CNV-160,excluded,CNV,cnv,OD,.tif,0.0008615853730589151
CNV/160/007_CNV.tif,CNV-160,excluded,CNV,cnv,OD,.tif,0.0010215302463620901
CNV/160/008_CNV.tif,CNV-160,excluded,CNV,cnv,OD,.tif,0.0008271500701084733
CNV/160/009_CNV.tif,CNV-160,excluded,CNV,cnv,OD,.tif,0.0008023694390431046
CNV/160/010_CNV.tif,CNV-160,excluded,CNV,cnv,OD,.tif,0.0007429411052726209
CNV/160/011_CNV.tif,CNV-160,excluded,CNV,cnv,OD,.tif,0.000998571515083313
CNV/160/012_CNV.tif,CNV-160,excluded,CNV,cnv,OD,.tif,0.0013306993059813976
CNV/160/013_CNV.tif,CNV-160,excluded,CNV,cnv,OD,.tif,0.0009741717949509621
CNV/160/014_CNV.tif,CNV-160,excluded,CNV,cnv,OD,.tif,0.0012250245781615376
CNV/160/015_CNV.tif,CNV-160,excluded,CNV,cnv,OD,.tif,0.000886080670170486
CNV/160/016_CNV.tif,CNV-160,excluded,CNV,cnv,OD,.tif,0.0008382465457543731
CNV/160/017_CNV.tif,CNV-160,excluded,CNV,cnv,OD,.tif,0.0012284917756915092
CNV/160/018_CNV.tif,CNV-160,excluded,CNV,cnv,OD,.tif,0.0009337128722108901
CNV/160/019_CNV.tif,CNV-160,excluded,CNV,cnv,OD,.tif,0.0009888306958600879
CNV/160/020_CNV.tif,CNV-160,excluded,CNV,cnv,OD,.tif,0.0010654719080775976
CNV/160/021_CNV.tif,CNV-160,excluded,CNV,cnv,OD,.tif,0.0009295823983848095
CNV/160/022_CNV.tif,CNV-160,excluded,CNV,cnv,OD,.tif,0.0009199136984534562
CNV/160/023_CNV.tif,CNV-160,excluded,CNV,cnv,OD,.tif,0.0009499101433902979
CNV/160/024_Drusen.tif,CNV-160,excluded,CNV,drusen,OD,.tif,0.0010467194952070713
CNV/160/025_Drusen.tif,CNV-160,excluded,CNV,drusen,OD,.tif,0.0009823283180594444
CNV/160/026_Drusen.tif,CNV-160,excluded,CNV,drusen,OD,.tif,0.0009980411268770695
CNV/160/027_Drusen.tif,CNV-160,excluded,CNV,drusen,OD,.tif,0.0010570064187049866
CNV/160/028_Drusen.tif,CNV-160,excluded,CNV,drusen,OD,.tif,0.0010093136224895716
CNV/160/029_Drusen.tif,CNV-160,excluded,CNV,drusen,OD,.tif,0.0009574232972227037
CNV/160/030_Drusen.tif,CNV-160,excluded,CNV,drusen,OD,.tif,0.0009699165821075439
CNV/161/000_Drusen.tif,CNV-161,excluded,CNV,drusen,OD,.tif,0.0009383059223182499
CNV/161/001_Drusen.tif,CNV-161,excluded,CNV,drusen,OD,.tif,0.0009610275155864656
CNV/161/002_CNV.tif,CNV-161,excluded,CNV,cnv,OD,.tif,0.0010446556843817234
CNV/161/003_CNV.tif,CNV-161,excluded,CNV,cnv,OD,.tif,0.0011823003878816962
CNV/161/004_CNV.tif,CNV-161,excluded,CNV,cnv,OD,.tif,0.000947571184951812
CNV/161/005_CNV.tif,CNV-161,excluded,CNV,cnv,OD,.tif,0.0008501196280121803
CNV/161/006_CNV.tif,CNV-161,excluded,CNV,cnv,OD,.tif,0.0008712162962183356
CNV/161/007_CNV.tif,CNV-161,excluded,CNV,cnv,OD,.tif,0.0009420097339898348
CNV/161/008_CNV.tif,CNV-161,excluded,CNV,cnv,OD,.tif,0.000954381306655705
CNV/161/009_CNV.tif,CNV-161,excluded,CNV,cnv,OD,.tif,0.00097775855101645
CNV/161/010_CNV.tif,CNV-161,excluded,CNV,cnv,OD,.tif,0.0010127737186849117
CNV/161/011_CNV.tif,CNV-161,excluded,CNV,cnv,OD,.tif,0.0008539601694792509
CNV/161/012_CNV.tif,CNV-161,excluded,CNV,cnv,OD,.tif,0.0008095365483313799
CNV/161/013_CNV.tif,CNV-161,excluded,CNV,cnv,OD,.tif,0.000847729854285717
CNV/161/014_CNV.tif,CNV-161,excluded,CNV,cnv,OD,.tif,0.0007824000203981996
CNV/161/015_CNV.tif,CNV-161,excluded,CNV,cnv,OD,.tif,0.0008610807126387954
CNV/161/016_CNV.tif,CNV-161,excluded,CNV,cnv,OD,.tif,0.0007920943899080157
CNV/161/017_CNV.tif,CNV-161,excluded,CNV,cnv,OD,.tif,0.0008110599592328072
CNV/161/018_CNV.tif,CNV-161,excluded,CNV,cnv,OD,.tif,0.0008599462453275919
CNV/161/019_CNV.tif,CNV-161,excluded,CNV,cnv,OD,.tif,0.0008631625096313655
CNV/161/020_CNV.tif,CNV-161,excluded,CNV,cnv,OD,.tif,0.0010555983753874898
CNV/161/021_CNV.tif,CNV-161,excluded,CNV,cnv,OD,.tif,0.0008039226522669196
CNV/161/022_CNV.tif,CNV-161,excluded,CNV,cnv,OD,.tif,0.001025346340611577
CNV/161/023_Drusen.tif,CNV-161,excluded,CNV,drusen,OD,.tif,0.001152717275545001
CNV/161/024_Drusen.tif,CNV-161,excluded,CNV,drusen,OD,.tif,0.0007748008938506246
CNV/161/025_Drusen.tif,CNV-161,excluded,CNV,drusen,OD,.tif,0.0008259590249508619
CNV/161/026_Drusen.tif,CNV-161,excluded,CNV,drusen,OD,.tif,0.0007703508017584682
CNV/161/027_Drusen.tif,CNV-161,excluded,CNV,drusen,OD,.tif,0.0008071117335930467
CNV/161/028_Drusen.tif,CNV-161,excluded,CNV,drusen,OD,.tif,0.000799788162112236
CNV/161/029_Drusen.tif,CNV-161,excluded,CNV,drusen,OD,.tif,0.0008276375010609627
CNV/161/030_Drusen.tif,CNV-161,excluded,CNV,drusen,OD,.tif,0.0007837823359295726
DRUSEN/157/000_Normal.tif,DRUSEN-157,excluded,DRUSEN,normal,OD,.tif,0.0007859106990508735
DRUSEN/157/001_Normal.tif,DRUSEN-157,excluded,DRUSEN,normal,OD,.tif,0.0007607090519741178
DRUSEN/157/002_Normal.tif,DRUSEN-157,excluded,DRUSEN,normal,OD,.tif,0.0008421276579611003
DRUSEN/157/003_Normal.tif,DRUSEN-157,excluded,DRUSEN,normal,OD,.tif,0.0008551779319532216
DRUSEN/157/004_Normal.tif,DRUSEN-157,excluded,DRUSEN,normal,OD,.tif,0.0007846250664442778
DRUSEN/157/005_Drusen.tif,DRUSEN-157,excluded,DRUSEN,drusen,OD,.tif,0.0008446661522611976
DRUSEN/157/006_Drusen.tif,DRUSEN-157,excluded,DRUSEN,drusen,OD,.tif,0.0009061457240022719
DRUSEN/157/007_Drusen.tif,DRUSEN-157,excluded,DRUSEN,drusen,OD,.tif,0.0010054950835183263
DRUSEN/157/008_Drusen.tif,DRUSEN-157,excluded,DRUSEN,drusen,OD,.tif,0.0008980672573670745
DRUSEN/157/009_Drusen.tif,DRUSEN-157,excluded,DRUSEN,drusen,OD,.tif,0.0010032006539404392
DRUSEN/157/010_Drusen.tif,DRUSEN-157,excluded,DRUSEN,drusen,OD,.tif,0.0008352497825399041
DRUSEN/157/011_Drusen.tif,DRUSEN-157,excluded,DRUSEN,drusen,OD,.tif,0.0009299393859691918
DRUSEN/157/012_Drusen.tif,DRUSEN-157,excluded,DRUSEN,drusen,OD,.tif,0.001072138431482017
DRUSEN/157/013_Drusen.tif,DRUSEN-157,excluded,DRUSEN,drusen,OD,.tif,0.0009539675083942711
DRUSEN/157/014_Drusen.tif,DRUSEN-157,excluded,DRUSEN,drusen,OD,.tif,0.0010194138158112764
DRUSEN/157/015_Drusen.tif,DRUSEN-157,excluded,DRUSEN,drusen,OD,.tif,0.0008317709434777498
DRUSEN/157/016_Drusen.tif,DRUSEN-157,excluded,DRUSEN,drusen,OD,.tif,0.0008247783407568932
DRUSEN/157/017_Drusen.tif,DRUSEN-157,excluded,DRUSEN,drusen,OD,.tif,0.0008334239246323705
DRUSEN/157/018_Drusen.tif,DRUSEN-157,excluded,DRUSEN,drusen,OD,.tif,0.0008239975431933999
DRUSEN/157/019_Drusen.tif,DRUSEN-157,excluded,DRUSEN,drusen,OD,.tif,0.0009348783642053604
DRUSEN/157/020_Drusen.tif,DRUSEN-157,excluded,DRUSEN,drusen,OD,.tif,0.0009001842117868364
DRUSEN/157/021_Drusen.tif,DRUSEN-157,excluded,DRUSEN,drusen,OD,.tif,0.0009733791230246425
DRUSEN/157/022_Normal.tif,DRUSEN-157,excluded,DRUSEN,normal,OD,.tif,0.0009532116819173098
DRUSEN/157/023_Drusen.tif,DRUSEN-157,excluded,DRUSEN,drusen,OD,.tif,0.0008771165739744902
DRUSEN/157/024_Drusen.tif,DRUSEN-157,excluded,DRUSEN,drusen,OD,.tif,0.0009552765404805541
DRUSEN/158/000_Drusen.tif,DRUSEN-158,excluded,DRUSEN,drusen,OD,.tif,0.001132582314312458
DRUSEN/158/001_Normal.tif,DRUSEN-158,excluded,DRUSEN,normal,OD,.tif,0.000905617605894804
DRUSEN/158/002_Normal.tif,DRUSEN-158,excluded,DRUSEN,normal,OD,.tif,0.000966265273746103
DRUSEN/158/003_Normal.tif,DRUSEN-158,excluded,DRUSEN,normal,OD,.tif,0.001142770517617464
DRUSEN/158/004_Normal.tif,DRUSEN-158,excluded,DRUSEN,normal,OD,.tif,0.0010838459711521864
DRUSEN/158/005_Normal.tif,DRUSEN-158,excluded,DRUSEN,normal,OD,.tif,0.0010745283216238022
DRUSEN/158/006_Normal.tif,DRUSEN-158,excluded,DRUSEN,normal,OD,.tif,0.001021106611005962
DRUSEN/158/007_Drusen.tif,DRUSEN-158,excluded,DRUSEN,drusen,OD,.tif,0.0009543175110593438
DRUSEN/158/008_Drusen.tif,DRUSEN-158,excluded,DRUSEN,drusen,OD,.tif,0.001001929398626089
DRUSEN/158/009_Normal.tif,DRUSEN-158,excluded,DRUSEN,normal,OD,.tif,0.0010418483288958669
DRUSEN/158/010_Drusen.tif,DRUSEN-158,excluded,DRUSEN,drusen,OD,.tif,0.001033208565786481
DRUSEN/158/011_Drusen.tif,DRUSEN-158,excluded,DRUSEN,drusen,OD,.tif,0.0010014786384999752
DRUSEN/158/012_Drusen.tif,DRUSEN-158,excluded,DRUSEN,drusen,OD,.tif,0.0009027270134538412
DRUSEN/158/013_Drusen.tif,DRUSEN-158,excluded,DRUSEN,drusen,OD,.tif,0.001001932192593813
DRUSEN/158/014_Drusen.tif,DRUSEN-158,excluded,DRUSEN,drusen,OD,.tif,0.0008834239561110735
DRUSEN/158/015_Drusen.tif,DRUSEN-158,excluded,DRUSEN,drusen,OD,.tif,0.0007955599576234818
DRUSEN/158/016_Drusen.tif,DRUSEN-158,excluded,DRUSEN,drusen,OD,.tif,0.0008369851275347173
DRUSEN/158/017_Drusen.tif,DRUSEN-158,excluded,DRUSEN,drusen,OD,.tif,0.0008946199086494744
DRUSEN/158/018_Drusen.tif,DRUSEN-158,excluded,DRUSEN,drusen,OD,.tif,0.0009078836883418262
DRUSEN/158/019_Drusen.tif,DRUSEN-158,excluded,DRUSEN,drusen,OD,.tif,0.0009537048172205687
DRUSEN/158/020_Drusen.tif,DRUSEN-158,excluded,DRUSEN,drusen,OD,.tif,0.000960446079261601
DRUSEN/158/021_Drusen.tif,DRUSEN-158,excluded,DRUSEN,drusen,OD,.tif,0.0009993095882236958
DRUSEN/158/022_Drusen.tif,DRUSEN-158,excluded,DRUSEN,drusen,OD,.tif,0.0009811387863010168
DRUSEN/158/023_Drusen.tif,DRUSEN-158,excluded,DRUSEN,drusen,OD,.tif,0.0009610331035219133
DRUSEN/158/024_Drusen.tif,DRUSEN-158,excluded,DRUSEN,drusen,OD,.tif,0.000982753117568791
DRUSEN/158/025_Drusen.tif,DRUSEN-158,excluded,DRUSEN,drusen,OD,.tif,0.0010107768466696143
DRUSEN/158/026_Drusen.tif,DRUSEN-158,excluded,DRUSEN,drusen,OD,.tif,0.001105926581658423
DRUSEN/158/027_Normal.tif,DRUSEN-158,excluded,DRUSEN,normal,OD,.tif,0.0010815691202878952
DRUSEN/158/028_Drusen.tif,DRUSEN-158,excluded,DRUSEN,drusen,OD,.tif,0.0009989591781049967
DRUSEN/158/029_Drusen.tif,DRUSEN-158,excluded,DRUSEN,drusen,OD,.tif,0.0010450349655002356
DRUSEN/158/030_Drusen.tif,DRUSEN-158,excluded,DRUSEN,drusen,OD,.tif,0.0008774991147220135
DRUSEN/159/000_DRusen.tif,DRUSEN-159,excluded,DRUSEN,drusen,OS,.tif,0.0009899153374135494
DRUSEN/159/001_DRusen.tif,DRUSEN-159,excluded,DRUSEN,drusen,OS,.tif,0.00099973997566849
DRUSEN/159/002_DRusen.tif,DRUSEN-159,excluded,DRUSEN,drusen,OS,.tif,0.0010054046288132668
DRUSEN/159/003_DRusen.tif,DRUSEN-159,excluded,DRUSEN,drusen,OS,.tif,0.001053953543305397
DRUSEN/159/004_DRusen.tif,DRUSEN-159,excluded,DRUSEN,drusen,OS,.tif,0.0009422965231351554
DRUSEN/159/005_DRusen.tif,DRUSEN-159,excluded,DRUSEN,drusen,OS,.tif,0.00104305031709373
DRUSEN/159/006_DRusen.tif,DRUSEN-159,excluded,DRUSEN,drusen,OS,.tif,0.0009807528695091605
DRUSEN/159/007_DRusen.tif,DRUSEN-159,excluded,DRUSEN,drusen,OS,.tif,0.0010592530015856028
DRUSEN/159/008_DRusen.tif,DRUSEN-159,excluded,DRUSEN,drusen,OS,.tif,0.0010970467701554298
DRUSEN/159/009_DRusen.tif,DRUSEN-159,excluded,DRUSEN,drusen,OS,.tif,0.0010001506889238954
DRUSEN/159/010_DRusen.tif,DRUSEN-159,excluded,DRUSEN,drusen,OS,.tif,0.0010172247420996428
DRUSEN/159/011_DRusen.tif,DRUSEN-159,excluded,DRUSEN,drusen,OS,.tif,0.0009974000276997685
DRUSEN/159/012_DRusen.tif,DRUSEN-159,excluded,DRUSEN,drusen,OS,.tif,0.001003531739115715
DRUSEN/159/013_DRusen.tif,DRUSEN-159,excluded,DRUSEN,drusen,OS,.tif,0.0009701804374344647
DRUSEN/159/014_DRusen.tif,DRUSEN-159,excluded,DRUSEN,drusen,OS,.tif,0.0009803439024835825
DRUSEN/159/015_DRusen.tif,DRUSEN-159,excluded,DRUSEN,drusen,OS,.tif,0.0010074857855215669
DRUSEN/159/016_DRusen.tif,DRUSEN-159,excluded,DRUSEN,drusen,OS,.tif,0.0010202610865235329
DRUSEN/159/017_DRusen.tif,DRUSEN-159,excluded,DRUSEN,drusen,OS,.tif,0.0009874707320705056
DRUSEN/159/018_DRusen.tif,DRUSEN-159,excluded,DRUSEN,drusen,OS,.tif,0.0010501433862373233
DRUSEN/159/019_DRusen.tif,DRUSEN-159,excluded,DRUSEN,drusen,OS,.tif,0.0009816900128498673
DRUSEN/159/020_DRusen.tif,DRUSEN-159,excluded,DRUSEN,drusen,OS,.tif,0.0009181336499750614
DRUSEN/159/021_DRusen.tif,DRUSEN-159,excluded,DRUSEN,drusen,OS,.tif,0.001019020564854145
DRUSEN/159/022_DRusen.tif,DRUSEN-159,excluded,DRUSEN,drusen,OS,.tif,0.0009389811311848462
DRUSEN/159/023_DRusen.tif,DRUSEN-159,excluded,DRUSEN,drusen,OS,.tif,0.0010576187632977962
DRUSEN/159/024_DRusen.tif,DRUSEN-159,excluded,DRUSEN,drusen,OS,.tif,0.0010395885910838842
DRUSEN/159/025_DRusen.tif,DRUSEN-159,excluded,DRUSEN,drusen,OS,.tif,0.0010334727121517062
DRUSEN/159/026_DRusen.tif,DRUSEN-159,excluded,DRUSEN,drusen,OS,.tif,0.0010322085581719875
DRUSEN/159/027_DRusen.tif,DRUSEN-159,excluded,DRUSEN,drusen,OS,.tif,0.0010523436358198524
DRUSEN/159/028_DRusen.tif,DRUSEN-159,excluded,DRUSEN,drusen,OS,.tif,0.0010736616095528007
DRUSEN/159/029_DRusen.tif,DRUSEN-159,excluded,DRUSEN,drusen,OS,.tif,0.0011119965929538012
DRUSEN/159/030_DRusen.tif,DRUSEN-159,excluded,DRUSEN,drusen,OS,.tif,0.0009562742197886109
DRUSEN/160/000_Normal.tif,DRUSEN-160,excluded,DRUSEN,normal,OS,.tif,0.0010049515403807163
DRUSEN/160/001_Normal.tif,DRUSEN-160,excluded,DRUSEN,normal,OS,.tif,0.0010250849882140756
DRUSEN/160/002_Normal.tif,DRUSEN-160,excluded,DRUSEN,normal,OS,.tif,0.0009653565939515829
DRUSEN/160/003_Normal.tif,DRUSEN-160,excluded,DRUSEN,normal,OS,.tif,0.0009311088360846043
DRUSEN/160/004_Normal.tif,DRUSEN-160,excluded,DRUSEN,normal,OS,.tif,0.0009883996099233627
DRUSEN/160/005_Normal.tif,DRUSEN-160,excluded,DRUSEN,normal,OS,.tif,0.0010606012074276805
DRUSEN/160/006_Drusen.tif,DRUSEN-160,excluded,DRUSEN,drusen,OS,.tif,0.0011144616873934865
DRUSEN/160/007_Drusen.tif,DRUSEN-160,excluded,DRUSEN,drusen,OS,.tif,0.000931312795728445
DRUSEN/160/008_Drusen.tif,DRUSEN-160,excluded,DRUSEN,drusen,OS,.tif,0.0009801741689443588
DRUSEN/160/009_Normal.tif,DRUSEN-160,excluded,DRUSEN,normal,OS,.tif,0.0009432180668227375
DRUSEN/160/010_Drusen.tif,DRUSEN-160,excluded,DRUSEN,drusen,OS,.tif,0.0010541765950620174
DRUSEN/160/011_Normal.tif,DRUSEN-160,excluded,DRUSEN,normal,OS,.tif,0.0009461571462452412
DRUSEN/160/012_Drusen.tif,DRUSEN-160,excluded,DRUSEN,drusen,OS,.tif,0.0010485225357115269
DRUSEN/160/013_Drusen.tif,DRUSEN-160,excluded,DRUSEN,drusen,OS,.tif,0.000995847163721919
DRUSEN/160/014_Normal.tif,DRUSEN-160,excluded,DRUSEN,normal,OS,.tif,0.0010673713404685259
DRUSEN/160/015_Normal.tif,DRUSEN-160,excluded,DRUSEN,normal,OS,.tif,0.0012065117480233312
DRUSEN/160/016_Drusen.tif,DRUSEN-160,excluded,DRUSEN,drusen,OS,.tif,0.0013158527435734868
DRUSEN/160/017_Drusen.tif,DRUSEN-160,excluded,DRUSEN,drusen,OS,.tif,0.0011619130382314324
DRUSEN/160/018_Drusen.tif,DRUSEN-160,excluded,DRUSEN,drusen,OS,.tif,0.0010076615726575255
DRUSEN/160/019_Drusen.tif,DRUSEN-160,excluded,DRUSEN,drusen,OS,.tif,0.0009514461271464825
DRUSEN/160/020_Drusen.tif,DRUSEN-160,excluded,DRUSEN,drusen,OS,.tif,0.0009342395351268351
DRUSEN/160/021_Drusen.tif,DRUSEN-160,excluded,DRUSEN,drusen,OS,.tif,0.0010730659123510122
DRUSEN/160/022_Drusen.tif,DRUSEN-160,excluded,DRUSEN,drusen,OS,.tif,0.0011809214483946562
DRUSEN/160/023_Drusen.tif,DRUSEN-160,excluded,DRUSEN,drusen,OS,.tif,0.0009132159757427871
DRUSEN/160/024_Drusen.tif,DRUSEN-160,excluded,DRUSEN,drusen,OS,.tif,0.0010681634303182364
DRUSEN/160/025_Drusen.tif,DRUSEN-160,excluded,DRUSEN,drusen,OS,.tif,0.0009985653450712562
DRUSEN/160/026_Drusen.tif,DRUSEN-160,excluded,DRUSEN,drusen,OS,.tif,0.001016919850371778
DRUSEN/160/027_Drusen.tif,DRUSEN-160,excluded,DRUSEN,drusen,OS,.tif,0.0008992599323391914
DRUSEN/160/028_Drusen.tif,DRUSEN-160,excluded,DRUSEN,drusen,OS,.tif,0.0009242015075869858
DRUSEN/160/029_Drusen.tif,DRUSEN-160,excluded,DRUSEN,drusen,OS,.tif,0.0008619303116574883
